subject_frame_id,subject_name,sar_frame,split,posthoc_evaluation_label,single_feature_energy_confusion,metric_shape_confusion,observable_structure_evaluable,observable_structure_confusion,temporal_physical_evaluable,temporal_physical_confusion,full_physical_confusion,vehicle_local_background_normalized_energy,subject_local_background_normalized_energy,vehicle_higher_on_local_background_normalized_energy,not_evaluable_gate_count,not_evaluable_gates
vehicle_body_axis_reference_sar000315,vehicle_body_axis_reference,315,calibration,vehicle,false,false,true,false,true,false,false,0.971196,0.971196,false,0,
matched_ordinary_background_sar000315,matched_ordinary_background,315,calibration,negative,true,true,true,true,false,false,false,0.971196,0.962975,true,2,G9_TEMPORAL_PATTERN_CONSISTENT;G10_BACKGROUND_FIXEDNESS_EXPLANATION_REJECTED
matched_strong_scatterer_background_sar000315,matched_strong_scatterer_background,315,calibration,negative,true,true,true,true,false,false,false,0.971196,1.096248,false,2,G9_TEMPORAL_PATTERN_CONSISTENT;G10_BACKGROUND_FIXEDNESS_EXPLANATION_REJECTED
matched_linear_structure_background_sar000315,matched_linear_structure_background,315,calibration,negative,true,true,true,true,false,false,false,0.971196,1.040095,false,2,G9_TEMPORAL_PATTERN_CONSISTENT;G10_BACKGROUND_FIXEDNESS_EXPLANATION_REJECTED
fixed_known_non_vehicle_N005_sar000315,fixed_known_non_vehicle_N005,315,calibration,negative,true,true,true,false,true,false,false,0.971196,0.946845,true,0,
fixed_strong_scatterer_sar000315,fixed_strong_scatterer,315,calibration,negative,true,true,true,false,true,false,false,0.971196,0.946654,true,0,
fixed_linear_structure_sar000315,fixed_linear_structure,315,calibration,negative,true,true,true,true,true,false,false,0.971196,1.037025,false,0,
vehicle_body_axis_reference_sar000317,vehicle_body_axis_reference,317,calibration,vehicle,false,false,true,false,true,false,false,0.985253,0.985253,false,0,
matched_ordinary_background_sar000317,matched_ordinary_background,317,calibration,negative,true,true,true,false,false,false,false,0.985253,0.970611,true,2,G9_TEMPORAL_PATTERN_CONSISTENT;G10_BACKGROUND_FIXEDNESS_EXPLANATION_REJECTED
matched_strong_scatterer_background_sar000317,matched_strong_scatterer_background,317,calibration,negative,true,true,true,true,false,false,false,0.985253,1.104199,false,2,G9_TEMPORAL_PATTERN_CONSISTENT;G10_BACKGROUND_FIXEDNESS_EXPLANATION_REJECTED
matched_linear_structure_background_sar000317,matched_linear_structure_background,317,calibration,negative,true,true,true,true,false,false,false,0.985253,1.035717,false,2,G9_TEMPORAL_PATTERN_CONSISTENT;G10_BACKGROUND_FIXEDNESS_EXPLANATION_REJECTED
fixed_known_non_vehicle_N005_sar000317,fixed_known_non_vehicle_N005,317,calibration,negative,true,true,true,false,true,false,false,0.985253,0.950414,true,0,
fixed_strong_scatterer_sar000317,fixed_strong_scatterer,317,calibration,negative,true,true,true,false,true,false,false,0.985253,0.95359,true,0,
fixed_linear_structure_sar000317,fixed_linear_structure,317,calibration,negative,true,true,true,false,true,false,false,0.985253,1.029389,false,0,
vehicle_body_axis_reference_sar000319,vehicle_body_axis_reference,319,calibration,vehicle,false,false,true,false,true,false,false,1.014229,1.014229,false,0,
matched_ordinary_background_sar000319,matched_ordinary_background,319,calibration,negative,true,true,true,false,false,false,false,1.014229,0.988499,true,2,G9_TEMPORAL_PATTERN_CONSISTENT;G10_BACKGROUND_FIXEDNESS_EXPLANATION_REJECTED
matched_strong_scatterer_background_sar000319,matched_strong_scatterer_background,319,calibration,negative,true,true,true,true,false,false,false,1.014229,1.110546,false,2,G9_TEMPORAL_PATTERN_CONSISTENT;G10_BACKGROUND_FIXEDNESS_EXPLANATION_REJECTED
matched_linear_structure_background_sar000319,matched_linear_structure_background,319,calibration,negative,true,true,true,false,false,false,false,1.014229,1.011501,true,2,G9_TEMPORAL_PATTERN_CONSISTENT;G10_BACKGROUND_FIXEDNESS_EXPLANATION_REJECTED
fixed_known_non_vehicle_N005_sar000319,fixed_known_non_vehicle_N005,319,calibration,negative,true,true,true,false,true,false,false,1.014229,0.968611,true,0,
fixed_strong_scatterer_sar000319,fixed_strong_scatterer,319,calibration,negative,true,true,true,false,true,false,false,1.014229,0.967842,true,0,
fixed_linear_structure_sar000319,fixed_linear_structure,319,calibration,negative,true,true,true,false,true,false,false,1.014229,1.034759,false,0,
vehicle_body_axis_reference_sar000321,vehicle_body_axis_reference,321,calibration,vehicle,false,false,true,false,true,false,false,1.023947,1.023947,false,0,
matched_ordinary_background_sar000321,matched_ordinary_background,321,calibration,negative,true,true,true,false,false,false,false,1.023947,0.982592,true,2,G9_TEMPORAL_PATTERN_CONSISTENT;G10_BACKGROUND_FIXEDNESS_EXPLANATION_REJECTED
matched_strong_scatterer_background_sar000321,matched_strong_scatterer_background,321,calibration,negative,true,true,true,true,false,false,false,1.023947,1.132824,false,2,G9_TEMPORAL_PATTERN_CONSISTENT;G10_BACKGROUND_FIXEDNESS_EXPLANATION_REJECTED
matched_linear_structure_background_sar000321,matched_linear_structure_background,321,calibration,negative,true,true,true,true,false,false,false,1.023947,1.017408,true,2,G9_TEMPORAL_PATTERN_CONSISTENT;G10_BACKGROUND_FIXEDNESS_EXPLANATION_REJECTED
fixed_known_non_vehicle_N005_sar000321,fixed_known_non_vehicle_N005,321,calibration,negative,true,true,true,false,true,false,false,1.023947,0.970902,true,0,
fixed_strong_scatterer_sar000321,fixed_strong_scatterer,321,calibration,negative,true,true,true,false,true,false,false,1.023947,0.969537,true,0,
fixed_linear_structure_sar000321,fixed_linear_structure,321,calibration,negative,true,true,true,false,true,false,false,1.023947,1.02144,true,0,
vehicle_body_axis_reference_sar000323,vehicle_body_axis_reference,323,calibration,vehicle,false,false,true,false,true,false,false,1.024214,1.024214,false,0,
matched_ordinary_background_sar000323,matched_ordinary_background,323,calibration,negative,true,true,true,false,false,false,false,1.024214,0.981498,true,2,G9_TEMPORAL_PATTERN_CONSISTENT;G10_BACKGROUND_FIXEDNESS_EXPLANATION_REJECTED
matched_strong_scatterer_background_sar000323,matched_strong_scatterer_background,323,calibration,negative,true,true,true,true,false,false,false,1.024214,1.109148,false,2,G9_TEMPORAL_PATTERN_CONSISTENT;G10_BACKGROUND_FIXEDNESS_EXPLANATION_REJECTED
matched_linear_structure_background_sar000323,matched_linear_structure_background,323,calibration,negative,true,true,true,false,false,false,false,1.024214,1.02064,true,2,G9_TEMPORAL_PATTERN_CONSISTENT;G10_BACKGROUND_FIXEDNESS_EXPLANATION_REJECTED
fixed_known_non_vehicle_N005_sar000323,fixed_known_non_vehicle_N005,323,calibration,negative,true,true,true,false,true,false,false,1.024214,0.968302,true,0,
fixed_strong_scatterer_sar000323,fixed_strong_scatterer,323,calibration,negative,true,true,true,false,true,false,false,1.024214,0.973549,true,0,
fixed_linear_structure_sar000323,fixed_linear_structure,323,calibration,negative,true,true,true,false,true,false,false,1.024214,1.018502,true,0,
vehicle_body_axis_reference_sar000325,vehicle_body_axis_reference,325,calibration,vehicle,false,false,false,false,true,false,false,1.021528,1.021528,false,1,G8_AXIS_RELATION_STRUCTURE_COMPATIBLE
matched_ordinary_background_sar000325,matched_ordinary_background,325,calibration,negative,true,true,false,false,false,false,false,1.021528,0.986125,true,3,G8_AXIS_RELATION_STRUCTURE_COMPATIBLE;G9_TEMPORAL_PATTERN_CONSISTENT;G10_BACKGROUND_FIXEDNESS_EXPLANATION_REJECTED
matched_strong_scatterer_background_sar000325,matched_strong_scatterer_background,325,calibration,negative,true,true,false,false,false,false,false,1.021528,1.147795,false,3,G8_AXIS_RELATION_STRUCTURE_COMPATIBLE;G9_TEMPORAL_PATTERN_CONSISTENT;G10_BACKGROUND_FIXEDNESS_EXPLANATION_REJECTED
matched_linear_structure_background_sar000325,matched_linear_structure_background,325,calibration,negative,true,true,false,false,false,false,false,1.021528,1.002086,true,3,G8_AXIS_RELATION_STRUCTURE_COMPATIBLE;G9_TEMPORAL_PATTERN_CONSISTENT;G10_BACKGROUND_FIXEDNESS_EXPLANATION_REJECTED
fixed_known_non_vehicle_N005_sar000325,fixed_known_non_vehicle_N005,325,calibration,negative,true,true,false,false,true,false,false,1.021528,0.992042,true,1,G8_AXIS_RELATION_STRUCTURE_COMPATIBLE
fixed_strong_scatterer_sar000325,fixed_strong_scatterer,325,calibration,negative,true,true,false,false,true,false,false,1.021528,0.997914,true,1,G8_AXIS_RELATION_STRUCTURE_COMPATIBLE
fixed_linear_structure_sar000325,fixed_linear_structure,325,calibration,negative,true,true,false,false,true,false,false,1.021528,1.041576,false,1,G8_AXIS_RELATION_STRUCTURE_COMPATIBLE
vehicle_body_axis_reference_sar000327,vehicle_body_axis_reference,327,calibration,vehicle,false,false,true,false,true,false,false,1.042276,1.042276,false,0,
matched_ordinary_background_sar000327,matched_ordinary_background,327,calibration,negative,true,true,true,false,false,false,false,1.042276,0.987258,true,2,G9_TEMPORAL_PATTERN_CONSISTENT;G10_BACKGROUND_FIXEDNESS_EXPLANATION_REJECTED
matched_strong_scatterer_background_sar000327,matched_strong_scatterer_background,327,calibration,negative,true,true,true,true,false,false,false,1.042276,1.190491,false,2,G9_TEMPORAL_PATTERN_CONSISTENT;G10_BACKGROUND_FIXEDNESS_EXPLANATION_REJECTED
matched_linear_structure_background_sar000327,matched_linear_structure_background,327,calibration,negative,true,true,true,false,false,false,false,1.042276,1.07795,false,2,G9_TEMPORAL_PATTERN_CONSISTENT;G10_BACKGROUND_FIXEDNESS_EXPLANATION_REJECTED
fixed_known_non_vehicle_N005_sar000327,fixed_known_non_vehicle_N005,327,calibration,negative,true,true,true,false,true,false,false,1.042276,0.977407,true,0,
fixed_strong_scatterer_sar000327,fixed_strong_scatterer,327,calibration,negative,true,true,true,false,true,false,false,1.042276,0.976371,true,0,
fixed_linear_structure_sar000327,fixed_linear_structure,327,calibration,negative,true,true,true,false,true,false,false,1.042276,1.012742,true,0,
vehicle_body_axis_reference_sar000331,vehicle_body_axis_reference,331,calibration,vehicle,false,false,false,false,true,false,false,1.049163,1.049163,false,1,G8_AXIS_RELATION_STRUCTURE_COMPATIBLE
matched_ordinary_background_sar000331,matched_ordinary_background,331,calibration,negative,true,true,false,false,false,false,false,1.049163,0.967924,true,3,G8_AXIS_RELATION_STRUCTURE_COMPATIBLE;G9_TEMPORAL_PATTERN_CONSISTENT;G10_BACKGROUND_FIXEDNESS_EXPLANATION_REJECTED
matched_strong_scatterer_background_sar000331,matched_strong_scatterer_background,331,calibration,negative,true,true,false,false,false,false,false,1.049163,1.194685,false,3,G8_AXIS_RELATION_STRUCTURE_COMPATIBLE;G9_TEMPORAL_PATTERN_CONSISTENT;G10_BACKGROUND_FIXEDNESS_EXPLANATION_REJECTED
matched_linear_structure_background_sar000331,matched_linear_structure_background,331,calibration,negative,true,true,false,false,false,false,false,1.049163,1.11166,false,3,G8_AXIS_RELATION_STRUCTURE_COMPATIBLE;G9_TEMPORAL_PATTERN_CONSISTENT;G10_BACKGROUND_FIXEDNESS_EXPLANATION_REJECTED
fixed_known_non_vehicle_N005_sar000331,fixed_known_non_vehicle_N005,331,calibration,negative,true,true,false,false,true,false,false,1.049163,0.983507,true,1,G8_AXIS_RELATION_STRUCTURE_COMPATIBLE
fixed_strong_scatterer_sar000331,fixed_strong_scatterer,331,calibration,negative,true,true,false,false,true,false,false,1.049163,0.988111,true,1,G8_AXIS_RELATION_STRUCTURE_COMPATIBLE
fixed_linear_structure_sar000331,fixed_linear_structure,331,calibration,negative,true,true,false,false,true,false,false,1.049163,1.011889,true,1,G8_AXIS_RELATION_STRUCTURE_COMPATIBLE
vehicle_body_axis_reference_sar000332,vehicle_body_axis_reference,332,calibration,vehicle,false,false,false,false,true,false,false,1.005163,1.005163,false,1,G8_AXIS_RELATION_STRUCTURE_COMPATIBLE
matched_ordinary_background_sar000332,matched_ordinary_background,332,calibration,negative,true,true,false,false,false,false,false,1.005163,0.992396,true,3,G8_AXIS_RELATION_STRUCTURE_COMPATIBLE;G9_TEMPORAL_PATTERN_CONSISTENT;G10_BACKGROUND_FIXEDNESS_EXPLANATION_REJECTED
matched_strong_scatterer_background_sar000332,matched_strong_scatterer_background,332,calibration,negative,true,true,false,false,false,false,false,1.005163,1.146944,false,3,G8_AXIS_RELATION_STRUCTURE_COMPATIBLE;G9_TEMPORAL_PATTERN_CONSISTENT;G10_BACKGROUND_FIXEDNESS_EXPLANATION_REJECTED
matched_linear_structure_background_sar000332,matched_linear_structure_background,332,calibration,negative,true,true,false,false,false,false,false,1.005163,1.075059,false,3,G8_AXIS_RELATION_STRUCTURE_COMPATIBLE;G9_TEMPORAL_PATTERN_CONSISTENT;G10_BACKGROUND_FIXEDNESS_EXPLANATION_REJECTED
fixed_known_non_vehicle_N005_sar000332,fixed_known_non_vehicle_N005,332,calibration,negative,true,true,false,false,true,false,false,1.005163,0.963005,true,1,G8_AXIS_RELATION_STRUCTURE_COMPATIBLE
fixed_strong_scatterer_sar000332,fixed_strong_scatterer,332,calibration,negative,true,true,false,false,true,false,false,1.005163,0.976081,true,1,G8_AXIS_RELATION_STRUCTURE_COMPATIBLE
fixed_linear_structure_sar000332,fixed_linear_structure,332,calibration,negative,true,true,false,false,true,false,false,1.005163,1.007604,false,1,G8_AXIS_RELATION_STRUCTURE_COMPATIBLE
vehicle_body_axis_reference_sar000333,vehicle_body_axis_reference,333,calibration,vehicle,false,false,false,false,true,false,false,1.017857,1.017857,false,1,G8_AXIS_RELATION_STRUCTURE_COMPATIBLE
matched_ordinary_background_sar000333,matched_ordinary_background,333,calibration,negative,true,true,false,false,false,false,false,1.017857,0.973863,true,3,G8_AXIS_RELATION_STRUCTURE_COMPATIBLE;G9_TEMPORAL_PATTERN_CONSISTENT;G10_BACKGROUND_FIXEDNESS_EXPLANATION_REJECTED
matched_strong_scatterer_background_sar000333,matched_strong_scatterer_background,333,calibration,negative,true,true,false,false,false,false,false,1.017857,1.085735,false,3,G8_AXIS_RELATION_STRUCTURE_COMPATIBLE;G9_TEMPORAL_PATTERN_CONSISTENT;G10_BACKGROUND_FIXEDNESS_EXPLANATION_REJECTED
matched_linear_structure_background_sar000333,matched_linear_structure_background,333,calibration,negative,true,true,false,false,false,false,false,1.017857,1.092133,false,3,G8_AXIS_RELATION_STRUCTURE_COMPATIBLE;G9_TEMPORAL_PATTERN_CONSISTENT;G10_BACKGROUND_FIXEDNESS_EXPLANATION_REJECTED
fixed_known_non_vehicle_N005_sar000333,fixed_known_non_vehicle_N005,333,calibration,negative,true,true,false,false,true,false,false,1.017857,0.976532,true,1,G8_AXIS_RELATION_STRUCTURE_COMPATIBLE
fixed_strong_scatterer_sar000333,fixed_strong_scatterer,333,calibration,negative,true,true,false,false,true,false,false,1.017857,0.987595,true,1,G8_AXIS_RELATION_STRUCTURE_COMPATIBLE
fixed_linear_structure_sar000333,fixed_linear_structure,333,calibration,negative,true,true,false,false,true,false,false,1.017857,1.012405,true,1,G8_AXIS_RELATION_STRUCTURE_COMPATIBLE
vehicle_body_axis_reference_sar000334,vehicle_body_axis_reference,334,calibration,vehicle,false,false,false,false,true,false,false,0.990105,0.990105,false,1,G8_AXIS_RELATION_STRUCTURE_COMPATIBLE
matched_ordinary_background_sar000334,matched_ordinary_background,334,calibration,negative,true,true,false,false,false,false,false,0.990105,1.018405,false,3,G8_AXIS_RELATION_STRUCTURE_COMPATIBLE;G9_TEMPORAL_PATTERN_CONSISTENT;G10_BACKGROUND_FIXEDNESS_EXPLANATION_REJECTED
matched_strong_scatterer_background_sar000334,matched_strong_scatterer_background,334,calibration,negative,true,true,false,false,false,false,false,0.990105,1.074408,false,3,G8_AXIS_RELATION_STRUCTURE_COMPATIBLE;G9_TEMPORAL_PATTERN_CONSISTENT;G10_BACKGROUND_FIXEDNESS_EXPLANATION_REJECTED
matched_linear_structure_background_sar000334,matched_linear_structure_background,334,calibration,negative,true,true,false,false,false,false,false,0.990105,1.074123,false,3,G8_AXIS_RELATION_STRUCTURE_COMPATIBLE;G9_TEMPORAL_PATTERN_CONSISTENT;G10_BACKGROUND_FIXEDNESS_EXPLANATION_REJECTED
fixed_known_non_vehicle_N005_sar000334,fixed_known_non_vehicle_N005,334,calibration,negative,true,true,false,false,true,false,false,0.990105,0.956393,true,1,G8_AXIS_RELATION_STRUCTURE_COMPATIBLE
fixed_strong_scatterer_sar000334,fixed_strong_scatterer,334,calibration,negative,true,true,false,false,true,false,false,0.990105,0.966815,true,1,G8_AXIS_RELATION_STRUCTURE_COMPATIBLE
fixed_linear_structure_sar000334,fixed_linear_structure,334,calibration,negative,true,true,false,false,true,false,false,0.990105,0.981595,true,1,G8_AXIS_RELATION_STRUCTURE_COMPATIBLE
vehicle_body_axis_reference_sar000335,vehicle_body_axis_reference,335,calibration,vehicle,false,false,false,false,true,false,false,1.02592,1.02592,false,1,G8_AXIS_RELATION_STRUCTURE_COMPATIBLE
matched_ordinary_background_sar000335,matched_ordinary_background,335,calibration,negative,false,false,false,false,false,false,false,1.02592,0.882095,true,3,G8_AXIS_RELATION_STRUCTURE_COMPATIBLE;G9_TEMPORAL_PATTERN_CONSISTENT;G10_BACKGROUND_FIXEDNESS_EXPLANATION_REJECTED
matched_strong_scatterer_background_sar000335,matched_strong_scatterer_background,335,calibration,negative,true,true,false,false,false,false,false,1.02592,1.112225,false,3,G8_AXIS_RELATION_STRUCTURE_COMPATIBLE;G9_TEMPORAL_PATTERN_CONSISTENT;G10_BACKGROUND_FIXEDNESS_EXPLANATION_REJECTED
matched_linear_structure_background_sar000335,matched_linear_structure_background,335,calibration,negative,true,true,false,false,false,false,false,1.02592,1.066439,false,3,G8_AXIS_RELATION_STRUCTURE_COMPATIBLE;G9_TEMPORAL_PATTERN_CONSISTENT;G10_BACKGROUND_FIXEDNESS_EXPLANATION_REJECTED
fixed_known_non_vehicle_N005_sar000335,fixed_known_non_vehicle_N005,335,calibration,negative,true,true,false,false,true,false,false,1.02592,0.979668,true,1,G8_AXIS_RELATION_STRUCTURE_COMPATIBLE
fixed_strong_scatterer_sar000335,fixed_strong_scatterer,335,calibration,negative,true,true,false,false,true,false,false,1.02592,0.997051,true,1,G8_AXIS_RELATION_STRUCTURE_COMPATIBLE
fixed_linear_structure_sar000335,fixed_linear_structure,335,calibration,negative,true,true,false,false,true,false,false,1.02592,1.002949,true,1,G8_AXIS_RELATION_STRUCTURE_COMPATIBLE
vehicle_body_axis_reference_sar000336,vehicle_body_axis_reference,336,calibration,vehicle,false,false,false,false,true,false,false,1.022396,1.022396,false,1,G8_AXIS_RELATION_STRUCTURE_COMPATIBLE
matched_ordinary_background_sar000336,matched_ordinary_background,336,calibration,negative,true,true,false,false,false,false,false,1.022396,0.995841,true,3,G8_AXIS_RELATION_STRUCTURE_COMPATIBLE;G9_TEMPORAL_PATTERN_CONSISTENT;G10_BACKGROUND_FIXEDNESS_EXPLANATION_REJECTED
matched_strong_scatterer_background_sar000336,matched_strong_scatterer_background,336,calibration,negative,true,true,false,false,false,false,false,1.022396,1.122987,false,3,G8_AXIS_RELATION_STRUCTURE_COMPATIBLE;G9_TEMPORAL_PATTERN_CONSISTENT;G10_BACKGROUND_FIXEDNESS_EXPLANATION_REJECTED
matched_linear_structure_background_sar000336,matched_linear_structure_background,336,calibration,negative,true,true,false,false,false,false,false,1.022396,1.051581,false,3,G8_AXIS_RELATION_STRUCTURE_COMPATIBLE;G9_TEMPORAL_PATTERN_CONSISTENT;G10_BACKGROUND_FIXEDNESS_EXPLANATION_REJECTED
fixed_known_non_vehicle_N005_sar000336,fixed_known_non_vehicle_N005,336,calibration,negative,true,true,false,false,true,false,false,1.022396,0.977628,true,1,G8_AXIS_RELATION_STRUCTURE_COMPATIBLE
fixed_strong_scatterer_sar000336,fixed_strong_scatterer,336,calibration,negative,true,true,false,false,true,false,false,1.022396,0.999431,true,1,G8_AXIS_RELATION_STRUCTURE_COMPATIBLE
fixed_linear_structure_sar000336,fixed_linear_structure,336,calibration,negative,true,true,false,false,true,false,false,1.022396,1.001068,true,1,G8_AXIS_RELATION_STRUCTURE_COMPATIBLE
vehicle_body_axis_reference_sar000337,vehicle_body_axis_reference,337,calibration,vehicle,false,false,true,false,true,false,false,1.081235,1.081235,false,0,
matched_ordinary_background_sar000337,matched_ordinary_background,337,calibration,negative,true,true,true,false,false,false,false,1.081235,0.963647,true,2,G9_TEMPORAL_PATTERN_CONSISTENT;G10_BACKGROUND_FIXEDNESS_EXPLANATION_REJECTED
matched_strong_scatterer_background_sar000337,matched_strong_scatterer_background,337,calibration,negative,true,true,true,true,false,false,false,1.081235,1.177773,false,2,G9_TEMPORAL_PATTERN_CONSISTENT;G10_BACKGROUND_FIXEDNESS_EXPLANATION_REJECTED
matched_linear_structure_background_sar000337,matched_linear_structure_background,337,calibration,negative,true,true,true,true,false,false,false,1.081235,1.170638,false,2,G9_TEMPORAL_PATTERN_CONSISTENT;G10_BACKGROUND_FIXEDNESS_EXPLANATION_REJECTED
fixed_known_non_vehicle_N005_sar000337,fixed_known_non_vehicle_N005,337,calibration,negative,true,true,true,true,true,false,false,1.081235,0.997764,true,0,
fixed_strong_scatterer_sar000337,fixed_strong_scatterer,337,calibration,negative,true,true,true,false,true,false,false,1.081235,1.000056,true,0,
fixed_linear_structure_sar000337,fixed_linear_structure,337,calibration,negative,true,true,true,false,true,false,false,1.081235,0.999944,true,0,
vehicle_body_axis_reference_sar000338,vehicle_body_axis_reference,338,calibration,vehicle,false,false,true,false,true,false,false,1.063673,1.063673,false,0,
matched_ordinary_background_sar000338,matched_ordinary_background,338,calibration,negative,true,true,true,false,false,false,false,1.063673,0.973312,true,2,G9_TEMPORAL_PATTERN_CONSISTENT;G10_BACKGROUND_FIXEDNESS_EXPLANATION_REJECTED
matched_strong_scatterer_background_sar000338,matched_strong_scatterer_background,338,calibration,negative,true,true,true,true,false,false,false,1.063673,1.149997,false,2,G9_TEMPORAL_PATTERN_CONSISTENT;G10_BACKGROUND_FIXEDNESS_EXPLANATION_REJECTED
matched_linear_structure_background_sar000338,matched_linear_structure_background,338,calibration,negative,true,true,true,true,false,false,false,1.063673,1.148688,false,2,G9_TEMPORAL_PATTERN_CONSISTENT;G10_BACKGROUND_FIXEDNESS_EXPLANATION_REJECTED
fixed_known_non_vehicle_N005_sar000338,fixed_known_non_vehicle_N005,338,calibration,negative,true,true,true,true,true,false,false,1.063673,0.999895,true,0,
fixed_strong_scatterer_sar000338,fixed_strong_scatterer,338,calibration,negative,true,true,true,true,true,false,false,1.063673,1.000105,true,0,
fixed_linear_structure_sar000338,fixed_linear_structure,338,calibration,negative,true,true,true,false,true,false,false,1.063673,0.984309,true,0,
vehicle_body_axis_reference_sar000339,vehicle_body_axis_reference,339,calibration,vehicle,false,false,true,false,true,false,false,1.066208,1.066208,false,0,
matched_ordinary_background_sar000339,matched_ordinary_background,339,calibration,negative,true,true,true,false,false,false,false,1.066208,0.965877,true,2,G9_TEMPORAL_PATTERN_CONSISTENT;G10_BACKGROUND_FIXEDNESS_EXPLANATION_REJECTED
matched_strong_scatterer_background_sar000339,matched_strong_scatterer_background,339,calibration,negative,true,true,true,true,false,false,false,1.066208,1.145311,false,2,G9_TEMPORAL_PATTERN_CONSISTENT;G10_BACKGROUND_FIXEDNESS_EXPLANATION_REJECTED
matched_linear_structure_background_sar000339,matched_linear_structure_background,339,calibration,negative,true,true,true,true,false,false,false,1.066208,1.146724,false,2,G9_TEMPORAL_PATTERN_CONSISTENT;G10_BACKGROUND_FIXEDNESS_EXPLANATION_REJECTED
fixed_known_non_vehicle_N005_sar000339,fixed_known_non_vehicle_N005,339,calibration,negative,true,true,true,true,true,false,false,1.066208,1.001958,true,0,
fixed_strong_scatterer_sar000339,fixed_strong_scatterer,339,calibration,negative,true,true,true,true,true,false,false,1.066208,0.998042,true,0,
fixed_linear_structure_sar000339,fixed_linear_structure,339,calibration,negative,true,true,true,false,true,false,false,1.066208,0.976597,true,0,
vehicle_body_axis_reference_sar000340,vehicle_body_axis_reference,340,calibration,vehicle,false,false,false,false,true,false,false,0.994692,0.994692,false,1,G8_AXIS_RELATION_STRUCTURE_COMPATIBLE
matched_ordinary_background_sar000340,matched_ordinary_background,340,calibration,negative,true,true,false,false,false,false,false,0.994692,1.008776,false,3,G8_AXIS_RELATION_STRUCTURE_COMPATIBLE;G9_TEMPORAL_PATTERN_CONSISTENT;G10_BACKGROUND_FIXEDNESS_EXPLANATION_REJECTED
matched_strong_scatterer_background_sar000340,matched_strong_scatterer_background,340,calibration,negative,true,true,false,false,false,false,false,0.994692,1.137899,false,3,G8_AXIS_RELATION_STRUCTURE_COMPATIBLE;G9_TEMPORAL_PATTERN_CONSISTENT;G10_BACKGROUND_FIXEDNESS_EXPLANATION_REJECTED
matched_linear_structure_background_sar000340,matched_linear_structure_background,340,calibration,negative,true,true,false,false,false,false,false,0.994692,1.030556,false,3,G8_AXIS_RELATION_STRUCTURE_COMPATIBLE;G9_TEMPORAL_PATTERN_CONSISTENT;G10_BACKGROUND_FIXEDNESS_EXPLANATION_REJECTED
fixed_known_non_vehicle_N005_sar000340,fixed_known_non_vehicle_N005,340,calibration,negative,true,true,false,false,true,false,false,0.994692,0.978405,true,1,G8_AXIS_RELATION_STRUCTURE_COMPATIBLE
fixed_strong_scatterer_sar000340,fixed_strong_scatterer,340,calibration,negative,true,true,false,false,true,false,false,0.994692,0.991224,true,1,G8_AXIS_RELATION_STRUCTURE_COMPATIBLE
fixed_linear_structure_sar000340,fixed_linear_structure,340,calibration,negative,true,true,false,false,true,false,false,0.994692,0.965893,true,1,G8_AXIS_RELATION_STRUCTURE_COMPATIBLE
vehicle_body_axis_reference_sar000341,vehicle_body_axis_reference,341,calibration,vehicle,false,false,false,false,true,false,false,1.015466,1.015466,false,1,G8_AXIS_RELATION_STRUCTURE_COMPATIBLE
matched_ordinary_background_sar000341,matched_ordinary_background,341,calibration,negative,true,true,false,false,false,false,false,1.015466,0.996685,true,3,G8_AXIS_RELATION_STRUCTURE_COMPATIBLE;G9_TEMPORAL_PATTERN_CONSISTENT;G10_BACKGROUND_FIXEDNESS_EXPLANATION_REJECTED
matched_strong_scatterer_background_sar000341,matched_strong_scatterer_background,341,calibration,negative,true,true,false,false,false,false,false,1.015466,1.150313,false,3,G8_AXIS_RELATION_STRUCTURE_COMPATIBLE;G9_TEMPORAL_PATTERN_CONSISTENT;G10_BACKGROUND_FIXEDNESS_EXPLANATION_REJECTED
matched_linear_structure_background_sar000341,matched_linear_structure_background,341,calibration,negative,true,true,false,false,false,false,false,1.015466,1.042,false,3,G8_AXIS_RELATION_STRUCTURE_COMPATIBLE;G9_TEMPORAL_PATTERN_CONSISTENT;G10_BACKGROUND_FIXEDNESS_EXPLANATION_REJECTED
fixed_known_non_vehicle_N005_sar000341,fixed_known_non_vehicle_N005,341,calibration,negative,true,true,false,false,true,false,false,1.015466,0.988393,true,1,G8_AXIS_RELATION_STRUCTURE_COMPATIBLE
fixed_strong_scatterer_sar000341,fixed_strong_scatterer,341,calibration,negative,true,true,false,false,true,false,false,1.015466,1.003315,true,1,G8_AXIS_RELATION_STRUCTURE_COMPATIBLE
fixed_linear_structure_sar000341,fixed_linear_structure,341,calibration,negative,true,true,false,false,true,false,false,1.015466,0.990373,true,1,G8_AXIS_RELATION_STRUCTURE_COMPATIBLE
vehicle_body_axis_reference_sar000342,vehicle_body_axis_reference,342,calibration,vehicle,false,false,true,false,true,false,false,1.09107,1.09107,false,0,
matched_ordinary_background_sar000342,matched_ordinary_background,342,calibration,negative,true,true,true,false,false,false,false,1.09107,0.991677,true,2,G9_TEMPORAL_PATTERN_CONSISTENT;G10_BACKGROUND_FIXEDNESS_EXPLANATION_REJECTED
matched_strong_scatterer_background_sar000342,matched_strong_scatterer_background,342,calibration,negative,true,true,true,true,false,false,false,1.09107,1.153159,false,2,G9_TEMPORAL_PATTERN_CONSISTENT;G10_BACKGROUND_FIXEDNESS_EXPLANATION_REJECTED
matched_linear_structure_background_sar000342,matched_linear_structure_background,342,calibration,negative,true,true,true,true,false,false,false,1.09107,1.156989,false,2,G9_TEMPORAL_PATTERN_CONSISTENT;G10_BACKGROUND_FIXEDNESS_EXPLANATION_REJECTED
fixed_known_non_vehicle_N005_sar000342,fixed_known_non_vehicle_N005,342,calibration,negative,true,true,true,true,true,false,false,1.09107,1.004009,true,0,
fixed_strong_scatterer_sar000342,fixed_strong_scatterer,342,calibration,negative,true,true,true,false,true,false,false,1.09107,0.995991,true,0,
fixed_linear_structure_sar000342,fixed_linear_structure,342,calibration,negative,true,true,true,false,true,false,false,1.09107,0.985586,true,0,
vehicle_body_axis_reference_sar000343,vehicle_body_axis_reference,343,calibration,vehicle,false,false,true,false,true,false,false,1.089096,1.089096,false,0,
matched_ordinary_background_sar000343,matched_ordinary_background,343,calibration,negative,true,true,true,false,false,false,false,1.089096,0.988232,true,2,G9_TEMPORAL_PATTERN_CONSISTENT;G10_BACKGROUND_FIXEDNESS_EXPLANATION_REJECTED
matched_strong_scatterer_background_sar000343,matched_strong_scatterer_background,343,calibration,negative,true,true,true,true,false,false,false,1.089096,1.150953,false,2,G9_TEMPORAL_PATTERN_CONSISTENT;G10_BACKGROUND_FIXEDNESS_EXPLANATION_REJECTED
matched_linear_structure_background_sar000343,matched_linear_structure_background,343,calibration,negative,true,true,true,false,false,false,false,1.089096,1.147463,false,2,G9_TEMPORAL_PATTERN_CONSISTENT;G10_BACKGROUND_FIXEDNESS_EXPLANATION_REJECTED
fixed_known_non_vehicle_N005_sar000343,fixed_known_non_vehicle_N005,343,calibration,negative,true,true,true,false,true,false,false,1.089096,1.004423,true,0,
fixed_strong_scatterer_sar000343,fixed_strong_scatterer,343,calibration,negative,true,true,true,false,true,false,false,1.089096,0.995577,true,0,
fixed_linear_structure_sar000343,fixed_linear_structure,343,calibration,negative,true,true,true,false,true,false,false,1.089096,0.99181,true,0,
vehicle_body_axis_reference_sar000344,vehicle_body_axis_reference,344,calibration,vehicle,false,false,true,false,true,false,false,1.110001,1.110001,false,0,
matched_ordinary_background_sar000344,matched_ordinary_background,344,calibration,negative,true,true,true,false,false,false,false,1.110001,0.989965,true,2,G9_TEMPORAL_PATTERN_CONSISTENT;G10_BACKGROUND_FIXEDNESS_EXPLANATION_REJECTED
matched_strong_scatterer_background_sar000344,matched_strong_scatterer_background,344,calibration,negative,true,true,true,true,false,false,false,1.110001,1.166543,false,2,G9_TEMPORAL_PATTERN_CONSISTENT;G10_BACKGROUND_FIXEDNESS_EXPLANATION_REJECTED
matched_linear_structure_background_sar000344,matched_linear_structure_background,344,calibration,negative,true,true,true,false,false,false,false,1.110001,1.159474,false,2,G9_TEMPORAL_PATTERN_CONSISTENT;G10_BACKGROUND_FIXEDNESS_EXPLANATION_REJECTED
fixed_known_non_vehicle_N005_sar000344,fixed_known_non_vehicle_N005,344,calibration,negative,true,true,true,false,true,false,false,1.110001,1.002311,true,0,
fixed_strong_scatterer_sar000344,fixed_strong_scatterer,344,calibration,negative,true,true,true,false,true,false,false,1.110001,0.993725,true,0,
fixed_linear_structure_sar000344,fixed_linear_structure,344,calibration,negative,true,true,true,false,true,false,false,1.110001,0.997689,true,0,
vehicle_body_axis_reference_sar000345,vehicle_body_axis_reference,345,calibration,vehicle,false,false,true,false,true,false,false,1.114589,1.114589,false,0,
matched_ordinary_background_sar000345,matched_ordinary_background,345,calibration,negative,true,true,true,false,false,false,false,1.114589,0.993366,true,2,G9_TEMPORAL_PATTERN_CONSISTENT;G10_BACKGROUND_FIXEDNESS_EXPLANATION_REJECTED
matched_strong_scatterer_background_sar000345,matched_strong_scatterer_background,345,calibration,negative,true,true,true,true,false,false,false,1.114589,1.174921,false,2,G9_TEMPORAL_PATTERN_CONSISTENT;G10_BACKGROUND_FIXEDNESS_EXPLANATION_REJECTED
matched_linear_structure_background_sar000345,matched_linear_structure_background,345,calibration,negative,true,true,true,false,false,false,false,1.114589,1.174212,false,2,G9_TEMPORAL_PATTERN_CONSISTENT;G10_BACKGROUND_FIXEDNESS_EXPLANATION_REJECTED
fixed_known_non_vehicle_N005_sar000345,fixed_known_non_vehicle_N005,345,calibration,negative,true,true,true,false,true,false,false,1.114589,1.000358,true,0,
fixed_strong_scatterer_sar000345,fixed_strong_scatterer,345,calibration,negative,true,true,true,false,true,false,false,1.114589,0.990308,true,0,
fixed_linear_structure_sar000345,fixed_linear_structure,345,calibration,negative,true,true,true,false,true,false,false,1.114589,0.999642,true,0,
vehicle_body_axis_reference_sar000346,vehicle_body_axis_reference,346,calibration,vehicle,false,false,true,false,true,false,false,1.115941,1.115941,false,0,
matched_ordinary_background_sar000346,matched_ordinary_background,346,calibration,negative,true,true,true,false,false,false,false,1.115941,0.997442,true,2,G9_TEMPORAL_PATTERN_CONSISTENT;G10_BACKGROUND_FIXEDNESS_EXPLANATION_REJECTED
matched_strong_scatterer_background_sar000346,matched_strong_scatterer_background,346,calibration,negative,true,true,true,true,false,false,false,1.115941,1.184472,false,2,G9_TEMPORAL_PATTERN_CONSISTENT;G10_BACKGROUND_FIXEDNESS_EXPLANATION_REJECTED
matched_linear_structure_background_sar000346,matched_linear_structure_background,346,calibration,negative,true,true,true,false,false,false,false,1.115941,1.187867,false,2,G9_TEMPORAL_PATTERN_CONSISTENT;G10_BACKGROUND_FIXEDNESS_EXPLANATION_REJECTED
fixed_known_non_vehicle_N005_sar000346,fixed_known_non_vehicle_N005,346,calibration,negative,true,true,true,false,true,false,false,1.115941,0.997363,true,0,
fixed_strong_scatterer_sar000346,fixed_strong_scatterer,346,calibration,negative,true,true,true,false,true,false,false,1.115941,0.984209,true,0,
fixed_linear_structure_sar000346,fixed_linear_structure,346,calibration,negative,true,true,true,false,true,false,false,1.115941,1.002558,true,0,
vehicle_body_axis_reference_sar000347,vehicle_body_axis_reference,347,calibration,vehicle,false,false,true,false,true,false,false,1.11865,1.11865,false,0,
matched_ordinary_background_sar000347,matched_ordinary_background,347,calibration,negative,true,true,true,false,false,false,false,1.11865,0.992321,true,2,G9_TEMPORAL_PATTERN_CONSISTENT;G10_BACKGROUND_FIXEDNESS_EXPLANATION_REJECTED
matched_strong_scatterer_background_sar000347,matched_strong_scatterer_background,347,calibration,negative,true,true,true,false,false,false,false,1.11865,1.182143,false,2,G9_TEMPORAL_PATTERN_CONSISTENT;G10_BACKGROUND_FIXEDNESS_EXPLANATION_REJECTED
matched_linear_structure_background_sar000347,matched_linear_structure_background,347,calibration,negative,true,true,true,false,false,false,false,1.11865,1.182143,false,2,G9_TEMPORAL_PATTERN_CONSISTENT;G10_BACKGROUND_FIXEDNESS_EXPLANATION_REJECTED
fixed_known_non_vehicle_N005_sar000347,fixed_known_non_vehicle_N005,347,calibration,negative,true,true,true,false,true,false,false,1.11865,0.994526,true,0,
fixed_strong_scatterer_sar000347,fixed_strong_scatterer,347,calibration,negative,true,true,true,false,true,false,false,1.11865,0.983589,true,0,
fixed_linear_structure_sar000347,fixed_linear_structure,347,calibration,negative,true,true,true,false,true,false,false,1.11865,1.005474,true,0,
vehicle_body_axis_reference_sar000348,vehicle_body_axis_reference,348,calibration,vehicle,false,false,true,false,true,false,false,1.127281,1.127281,false,0,
matched_ordinary_background_sar000348,matched_ordinary_background,348,calibration,negative,true,true,true,false,false,false,false,1.127281,0.96114,true,2,G9_TEMPORAL_PATTERN_CONSISTENT;G10_BACKGROUND_FIXEDNESS_EXPLANATION_REJECTED
matched_strong_scatterer_background_sar000348,matched_strong_scatterer_background,348,calibration,negative,true,true,true,false,false,false,false,1.127281,1.183069,false,2,G9_TEMPORAL_PATTERN_CONSISTENT;G10_BACKGROUND_FIXEDNESS_EXPLANATION_REJECTED
matched_linear_structure_background_sar000348,matched_linear_structure_background,348,calibration,negative,true,true,true,false,false,false,false,1.127281,1.183069,false,2,G9_TEMPORAL_PATTERN_CONSISTENT;G10_BACKGROUND_FIXEDNESS_EXPLANATION_REJECTED
fixed_known_non_vehicle_N005_sar000348,fixed_known_non_vehicle_N005,348,calibration,negative,true,true,true,false,true,false,false,1.127281,0.990613,true,0,
fixed_strong_scatterer_sar000348,fixed_strong_scatterer,348,calibration,negative,true,true,true,false,true,false,false,1.127281,0.980047,true,0,
fixed_linear_structure_sar000348,fixed_linear_structure,348,calibration,negative,true,true,true,false,true,false,false,1.127281,1.009387,true,0,
vehicle_body_axis_reference_sar000349,vehicle_body_axis_reference,349,calibration,vehicle,false,false,true,false,true,false,false,1.128586,1.128586,false,0,
matched_ordinary_background_sar000349,matched_ordinary_background,349,calibration,negative,true,true,true,false,false,false,false,1.128586,0.993789,true,2,G9_TEMPORAL_PATTERN_CONSISTENT;G10_BACKGROUND_FIXEDNESS_EXPLANATION_REJECTED
matched_strong_scatterer_background_sar000349,matched_strong_scatterer_background,349,calibration,negative,true,true,true,true,false,false,false,1.128586,1.178223,false,2,G9_TEMPORAL_PATTERN_CONSISTENT;G10_BACKGROUND_FIXEDNESS_EXPLANATION_REJECTED
matched_linear_structure_background_sar000349,matched_linear_structure_background,349,calibration,negative,true,true,true,false,false,false,false,1.128586,1.168307,false,2,G9_TEMPORAL_PATTERN_CONSISTENT;G10_BACKGROUND_FIXEDNESS_EXPLANATION_REJECTED
fixed_known_non_vehicle_N005_sar000349,fixed_known_non_vehicle_N005,349,calibration,negative,true,true,true,true,true,false,false,1.128586,0.995206,true,0,
fixed_strong_scatterer_sar000349,fixed_strong_scatterer,349,calibration,negative,true,true,true,false,true,false,false,1.128586,0.982144,true,0,
fixed_linear_structure_sar000349,fixed_linear_structure,349,calibration,negative,true,true,true,false,true,false,false,1.128586,1.004794,true,0,
vehicle_body_axis_reference_sar000350,vehicle_body_axis_reference,350,calibration,vehicle,false,false,true,false,true,false,false,1.029642,1.029642,false,0,
matched_ordinary_background_sar000350,matched_ordinary_background,350,calibration,negative,true,true,true,false,false,false,false,1.029642,0.985838,true,2,G9_TEMPORAL_PATTERN_CONSISTENT;G10_BACKGROUND_FIXEDNESS_EXPLANATION_REJECTED
matched_strong_scatterer_background_sar000350,matched_strong_scatterer_background,350,calibration,negative,true,true,true,false,false,false,false,1.029642,1.095204,false,2,G9_TEMPORAL_PATTERN_CONSISTENT;G10_BACKGROUND_FIXEDNESS_EXPLANATION_REJECTED
matched_linear_structure_background_sar000350,matched_linear_structure_background,350,calibration,negative,true,true,true,false,false,false,false,1.029642,1.136462,false,2,G9_TEMPORAL_PATTERN_CONSISTENT;G10_BACKGROUND_FIXEDNESS_EXPLANATION_REJECTED
fixed_known_non_vehicle_N005_sar000350,fixed_known_non_vehicle_N005,350,calibration,negative,true,true,true,false,true,false,false,1.029642,0.981811,true,0,
fixed_strong_scatterer_sar000350,fixed_strong_scatterer,350,calibration,negative,true,true,true,false,true,false,false,1.029642,0.987029,true,0,
fixed_linear_structure_sar000350,fixed_linear_structure,350,calibration,negative,true,true,true,false,true,false,false,1.029642,1.012971,true,0,
vehicle_body_axis_reference_sar000351,vehicle_body_axis_reference,351,calibration,vehicle,false,false,false,false,true,false,false,1.032107,1.032107,false,1,G8_AXIS_RELATION_STRUCTURE_COMPATIBLE
matched_ordinary_background_sar000351,matched_ordinary_background,351,calibration,negative,true,true,false,false,false,false,false,1.032107,0.97546,true,3,G8_AXIS_RELATION_STRUCTURE_COMPATIBLE;G9_TEMPORAL_PATTERN_CONSISTENT;G10_BACKGROUND_FIXEDNESS_EXPLANATION_REJECTED
matched_strong_scatterer_background_sar000351,matched_strong_scatterer_background,351,calibration,negative,true,true,false,false,false,false,false,1.032107,1.110497,false,3,G8_AXIS_RELATION_STRUCTURE_COMPATIBLE;G9_TEMPORAL_PATTERN_CONSISTENT;G10_BACKGROUND_FIXEDNESS_EXPLANATION_REJECTED
matched_linear_structure_background_sar000351,matched_linear_structure_background,351,calibration,negative,true,true,false,false,false,false,false,1.032107,1.110497,false,3,G8_AXIS_RELATION_STRUCTURE_COMPATIBLE;G9_TEMPORAL_PATTERN_CONSISTENT;G10_BACKGROUND_FIXEDNESS_EXPLANATION_REJECTED
fixed_known_non_vehicle_N005_sar000351,fixed_known_non_vehicle_N005,351,calibration,negative,true,true,false,false,true,false,false,1.032107,0.979833,true,1,G8_AXIS_RELATION_STRUCTURE_COMPATIBLE
fixed_strong_scatterer_sar000351,fixed_strong_scatterer,351,calibration,negative,true,true,false,false,true,false,false,1.032107,0.982577,true,1,G8_AXIS_RELATION_STRUCTURE_COMPATIBLE
fixed_linear_structure_sar000351,fixed_linear_structure,351,calibration,negative,true,true,false,false,true,false,false,1.032107,1.017423,true,1,G8_AXIS_RELATION_STRUCTURE_COMPATIBLE
vehicle_body_axis_reference_sar000352,vehicle_body_axis_reference,352,calibration,vehicle,false,false,false,false,true,false,false,1.031385,1.031385,false,1,G8_AXIS_RELATION_STRUCTURE_COMPATIBLE
matched_ordinary_background_sar000352,matched_ordinary_background,352,calibration,negative,true,true,false,false,false,false,false,1.031385,0.955745,true,3,G8_AXIS_RELATION_STRUCTURE_COMPATIBLE;G9_TEMPORAL_PATTERN_CONSISTENT;G10_BACKGROUND_FIXEDNESS_EXPLANATION_REJECTED
matched_strong_scatterer_background_sar000352,matched_strong_scatterer_background,352,calibration,negative,true,true,false,false,false,false,false,1.031385,1.150558,false,3,G8_AXIS_RELATION_STRUCTURE_COMPATIBLE;G9_TEMPORAL_PATTERN_CONSISTENT;G10_BACKGROUND_FIXEDNESS_EXPLANATION_REJECTED
matched_linear_structure_background_sar000352,matched_linear_structure_background,352,calibration,negative,true,true,false,false,false,false,false,1.031385,1.102282,false,3,G8_AXIS_RELATION_STRUCTURE_COMPATIBLE;G9_TEMPORAL_PATTERN_CONSISTENT;G10_BACKGROUND_FIXEDNESS_EXPLANATION_REJECTED
fixed_known_non_vehicle_N005_sar000352,fixed_known_non_vehicle_N005,352,calibration,negative,true,true,false,false,true,false,false,1.031385,0.975027,true,1,G8_AXIS_RELATION_STRUCTURE_COMPATIBLE
fixed_strong_scatterer_sar000352,fixed_strong_scatterer,352,calibration,negative,true,true,false,false,true,false,false,1.031385,0.977253,true,1,G8_AXIS_RELATION_STRUCTURE_COMPATIBLE
fixed_linear_structure_sar000352,fixed_linear_structure,352,calibration,negative,true,true,false,false,true,false,false,1.031385,1.022747,true,1,G8_AXIS_RELATION_STRUCTURE_COMPATIBLE
vehicle_body_axis_reference_sar000353,vehicle_body_axis_reference,353,calibration,vehicle,false,false,true,false,true,false,false,1.139899,1.139899,false,0,
matched_ordinary_background_sar000353,matched_ordinary_background,353,calibration,negative,true,true,true,false,false,false,false,1.139899,0.949457,true,2,G9_TEMPORAL_PATTERN_CONSISTENT;G10_BACKGROUND_FIXEDNESS_EXPLANATION_REJECTED
matched_strong_scatterer_background_sar000353,matched_strong_scatterer_background,353,calibration,negative,true,true,true,false,false,false,false,1.139899,1.142856,false,2,G9_TEMPORAL_PATTERN_CONSISTENT;G10_BACKGROUND_FIXEDNESS_EXPLANATION_REJECTED
matched_linear_structure_background_sar000353,matched_linear_structure_background,353,calibration,negative,true,true,true,false,false,false,false,1.139899,1.128299,true,2,G9_TEMPORAL_PATTERN_CONSISTENT;G10_BACKGROUND_FIXEDNESS_EXPLANATION_REJECTED
fixed_known_non_vehicle_N005_sar000353,fixed_known_non_vehicle_N005,353,calibration,negative,true,true,true,false,true,false,false,1.139899,0.979974,true,0,
fixed_strong_scatterer_sar000353,fixed_strong_scatterer,353,calibration,negative,true,true,true,false,true,false,false,1.139899,0.968403,true,0,
fixed_linear_structure_sar000353,fixed_linear_structure,353,calibration,negative,true,true,true,false,true,false,false,1.139899,1.020026,true,0,
vehicle_body_axis_reference_sar000354,vehicle_body_axis_reference,354,calibration,vehicle,false,false,true,false,true,false,false,1.129696,1.129696,false,0,
matched_ordinary_background_sar000354,matched_ordinary_background,354,calibration,negative,true,true,true,false,false,false,false,1.129696,0.969633,true,2,G9_TEMPORAL_PATTERN_CONSISTENT;G10_BACKGROUND_FIXEDNESS_EXPLANATION_REJECTED
matched_strong_scatterer_background_sar000354,matched_strong_scatterer_background,354,calibration,negative,true,true,true,false,false,false,false,1.129696,1.111793,true,2,G9_TEMPORAL_PATTERN_CONSISTENT;G10_BACKGROUND_FIXEDNESS_EXPLANATION_REJECTED
matched_linear_structure_background_sar000354,matched_linear_structure_background,354,calibration,negative,true,true,true,false,false,false,false,1.129696,1.11682,true,2,G9_TEMPORAL_PATTERN_CONSISTENT;G10_BACKGROUND_FIXEDNESS_EXPLANATION_REJECTED
fixed_known_non_vehicle_N005_sar000354,fixed_known_non_vehicle_N005,354,calibration,negative,true,true,true,false,true,false,false,1.129696,0.977559,true,0,
fixed_strong_scatterer_sar000354,fixed_strong_scatterer,354,calibration,negative,true,true,true,false,true,false,false,1.129696,0.961633,true,0,
fixed_linear_structure_sar000354,fixed_linear_structure,354,calibration,negative,true,true,true,false,true,false,false,1.129696,1.022441,true,0,
vehicle_body_axis_reference_sar000355,vehicle_body_axis_reference,355,calibration,vehicle,false,false,true,false,true,false,false,1.121186,1.121186,false,0,
matched_ordinary_background_sar000355,matched_ordinary_background,355,calibration,negative,true,true,true,false,false,false,false,1.121186,0.972362,true,2,G9_TEMPORAL_PATTERN_CONSISTENT;G10_BACKGROUND_FIXEDNESS_EXPLANATION_REJECTED
matched_strong_scatterer_background_sar000355,matched_strong_scatterer_background,355,calibration,negative,true,true,true,false,false,false,false,1.121186,1.104217,true,2,G9_TEMPORAL_PATTERN_CONSISTENT;G10_BACKGROUND_FIXEDNESS_EXPLANATION_REJECTED
matched_linear_structure_background_sar000355,matched_linear_structure_background,355,calibration,negative,true,true,true,false,false,false,false,1.121186,1.104069,true,2,G9_TEMPORAL_PATTERN_CONSISTENT;G10_BACKGROUND_FIXEDNESS_EXPLANATION_REJECTED
fixed_known_non_vehicle_N005_sar000355,fixed_known_non_vehicle_N005,355,calibration,negative,true,true,true,false,true,false,false,1.121186,0.970058,true,0,
fixed_strong_scatterer_sar000355,fixed_strong_scatterer,355,calibration,negative,true,true,true,false,true,false,false,1.121186,0.954887,true,0,
fixed_linear_structure_sar000355,fixed_linear_structure,355,calibration,negative,true,true,true,false,true,false,false,1.121186,1.027638,true,0,
vehicle_body_axis_reference_sar000356,vehicle_body_axis_reference,356,calibration,vehicle,false,false,true,false,true,false,false,1.118813,1.118813,false,0,
matched_ordinary_background_sar000356,matched_ordinary_background,356,calibration,negative,true,true,true,false,false,false,false,1.118813,0.957179,true,2,G9_TEMPORAL_PATTERN_CONSISTENT;G10_BACKGROUND_FIXEDNESS_EXPLANATION_REJECTED
matched_strong_scatterer_background_sar000356,matched_strong_scatterer_background,356,calibration,negative,true,true,true,false,false,false,false,1.118813,1.094044,true,2,G9_TEMPORAL_PATTERN_CONSISTENT;G10_BACKGROUND_FIXEDNESS_EXPLANATION_REJECTED
matched_linear_structure_background_sar000356,matched_linear_structure_background,356,calibration,negative,true,true,true,false,false,false,false,1.118813,1.093894,true,2,G9_TEMPORAL_PATTERN_CONSISTENT;G10_BACKGROUND_FIXEDNESS_EXPLANATION_REJECTED
fixed_known_non_vehicle_N005_sar000356,fixed_known_non_vehicle_N005,356,calibration,negative,true,true,true,false,true,false,false,1.118813,0.966616,true,0,
fixed_strong_scatterer_sar000356,fixed_strong_scatterer,356,calibration,negative,true,true,true,false,true,false,false,1.118813,0.951959,true,0,
fixed_linear_structure_sar000356,fixed_linear_structure,356,calibration,negative,true,false,true,false,true,false,false,1.118813,1.033384,true,0,
vehicle_body_axis_reference_sar000357,vehicle_body_axis_reference,357,calibration,vehicle,false,false,true,false,true,false,false,1.119061,1.119061,false,0,
matched_ordinary_background_sar000357,matched_ordinary_background,357,calibration,negative,true,true,true,false,false,false,false,1.119061,0.935261,true,2,G9_TEMPORAL_PATTERN_CONSISTENT;G10_BACKGROUND_FIXEDNESS_EXPLANATION_REJECTED
matched_strong_scatterer_background_sar000357,matched_strong_scatterer_background,357,calibration,negative,true,true,true,false,false,false,false,1.119061,1.095339,true,2,G9_TEMPORAL_PATTERN_CONSISTENT;G10_BACKGROUND_FIXEDNESS_EXPLANATION_REJECTED
matched_linear_structure_background_sar000357,matched_linear_structure_background,357,calibration,negative,true,true,true,false,false,false,false,1.119061,1.093313,true,2,G9_TEMPORAL_PATTERN_CONSISTENT;G10_BACKGROUND_FIXEDNESS_EXPLANATION_REJECTED
fixed_known_non_vehicle_N005_sar000357,fixed_known_non_vehicle_N005,357,calibration,negative,true,true,true,false,true,false,false,1.119061,0.961974,true,0,
fixed_strong_scatterer_sar000357,fixed_strong_scatterer,357,calibration,negative,true,true,true,false,true,false,false,1.119061,0.94801,true,0,
fixed_linear_structure_sar000357,fixed_linear_structure,357,calibration,negative,true,false,true,false,true,false,false,1.119061,1.038026,true,0,
vehicle_body_axis_reference_sar000358,vehicle_body_axis_reference,358,calibration,vehicle,false,false,true,false,true,false,false,1.127605,1.127605,false,0,
matched_ordinary_background_sar000358,matched_ordinary_background,358,calibration,negative,true,true,true,false,false,false,false,1.127605,0.93256,true,2,G9_TEMPORAL_PATTERN_CONSISTENT;G10_BACKGROUND_FIXEDNESS_EXPLANATION_REJECTED
matched_strong_scatterer_background_sar000358,matched_strong_scatterer_background,358,calibration,negative,true,true,true,false,false,false,false,1.127605,1.086996,true,2,G9_TEMPORAL_PATTERN_CONSISTENT;G10_BACKGROUND_FIXEDNESS_EXPLANATION_REJECTED
matched_linear_structure_background_sar000358,matched_linear_structure_background,358,calibration,negative,true,true,true,false,false,false,false,1.127605,1.082148,true,2,G9_TEMPORAL_PATTERN_CONSISTENT;G10_BACKGROUND_FIXEDNESS_EXPLANATION_REJECTED
fixed_known_non_vehicle_N005_sar000358,fixed_known_non_vehicle_N005,358,calibration,negative,true,true,true,false,true,false,false,1.127605,0.961322,true,0,
fixed_strong_scatterer_sar000358,fixed_strong_scatterer,358,calibration,negative,true,true,true,false,true,false,false,1.127605,0.947044,true,0,
fixed_linear_structure_sar000358,fixed_linear_structure,358,calibration,negative,true,false,true,false,true,false,false,1.127605,1.038678,true,0,
vehicle_body_axis_reference_sar000359,vehicle_body_axis_reference,359,calibration,vehicle,false,false,true,false,true,false,false,1.132183,1.132183,false,0,
matched_ordinary_background_sar000359,matched_ordinary_background,359,calibration,negative,true,true,true,false,false,false,false,1.132183,0.968029,true,2,G9_TEMPORAL_PATTERN_CONSISTENT;G10_BACKGROUND_FIXEDNESS_EXPLANATION_REJECTED
matched_strong_scatterer_background_sar000359,matched_strong_scatterer_background,359,calibration,negative,true,true,true,false,false,false,false,1.132183,1.077366,true,2,G9_TEMPORAL_PATTERN_CONSISTENT;G10_BACKGROUND_FIXEDNESS_EXPLANATION_REJECTED
matched_linear_structure_background_sar000359,matched_linear_structure_background,359,calibration,negative,true,true,true,false,false,false,false,1.132183,1.067669,true,2,G9_TEMPORAL_PATTERN_CONSISTENT;G10_BACKGROUND_FIXEDNESS_EXPLANATION_REJECTED
fixed_known_non_vehicle_N005_sar000359,fixed_known_non_vehicle_N005,359,calibration,negative,true,true,true,false,true,false,false,1.132183,0.961581,true,0,
fixed_strong_scatterer_sar000359,fixed_strong_scatterer,359,calibration,negative,true,true,true,true,true,false,false,1.132183,0.95052,true,0,
fixed_linear_structure_sar000359,fixed_linear_structure,359,calibration,negative,true,false,true,false,true,false,false,1.132183,1.031971,true,0,
vehicle_body_axis_reference_sar000360,vehicle_body_axis_reference,360,calibration,vehicle,false,false,true,false,true,false,false,1.144715,1.144715,false,0,
matched_ordinary_background_sar000360,matched_ordinary_background,360,calibration,negative,true,true,true,false,false,false,false,1.144715,0.94265,true,2,G9_TEMPORAL_PATTERN_CONSISTENT;G10_BACKGROUND_FIXEDNESS_EXPLANATION_REJECTED
matched_strong_scatterer_background_sar000360,matched_strong_scatterer_background,360,calibration,negative,true,true,true,true,false,false,false,1.144715,1.083409,true,2,G9_TEMPORAL_PATTERN_CONSISTENT;G10_BACKGROUND_FIXEDNESS_EXPLANATION_REJECTED
matched_linear_structure_background_sar000360,matched_linear_structure_background,360,calibration,negative,true,true,true,false,false,false,false,1.144715,1.015652,true,2,G9_TEMPORAL_PATTERN_CONSISTENT;G10_BACKGROUND_FIXEDNESS_EXPLANATION_REJECTED
fixed_known_non_vehicle_N005_sar000360,fixed_known_non_vehicle_N005,360,calibration,negative,true,true,true,false,true,false,false,1.144715,0.984348,true,0,
fixed_strong_scatterer_sar000360,fixed_strong_scatterer,360,calibration,negative,true,true,true,true,true,false,false,1.144715,0.968832,true,0,
fixed_linear_structure_sar000360,fixed_linear_structure,360,calibration,negative,true,false,true,false,true,false,false,1.144715,1.043795,true,0,
vehicle_body_axis_reference_sar000361,vehicle_body_axis_reference,361,guard,vehicle,false,false,true,false,true,false,false,1.14352,1.14352,false,0,
matched_ordinary_background_sar000361,matched_ordinary_background,361,guard,negative,true,true,true,false,false,false,false,1.14352,0.971118,true,2,G9_TEMPORAL_PATTERN_CONSISTENT;G10_BACKGROUND_FIXEDNESS_EXPLANATION_REJECTED
matched_strong_scatterer_background_sar000361,matched_strong_scatterer_background,361,guard,negative,true,true,true,true,false,false,false,1.14352,1.042597,true,2,G9_TEMPORAL_PATTERN_CONSISTENT;G10_BACKGROUND_FIXEDNESS_EXPLANATION_REJECTED
matched_linear_structure_background_sar000361,matched_linear_structure_background,361,guard,negative,true,true,true,false,false,false,false,1.14352,1.045859,true,2,G9_TEMPORAL_PATTERN_CONSISTENT;G10_BACKGROUND_FIXEDNESS_EXPLANATION_REJECTED
fixed_known_non_vehicle_N005_sar000361,fixed_known_non_vehicle_N005,361,guard,negative,true,true,true,false,true,false,false,1.14352,0.971866,true,0,
fixed_strong_scatterer_sar000361,fixed_strong_scatterer,361,guard,negative,true,true,true,true,true,false,false,1.14352,0.954866,true,0,
fixed_linear_structure_sar000361,fixed_linear_structure,361,guard,negative,true,false,true,false,true,false,false,1.14352,1.028134,true,0,
vehicle_body_axis_reference_sar000362,vehicle_body_axis_reference,362,guard,vehicle,false,false,true,false,true,false,false,1.196315,1.196315,false,0,
matched_ordinary_background_sar000362,matched_ordinary_background,362,guard,negative,true,true,true,false,false,false,false,1.196315,0.973788,true,2,G9_TEMPORAL_PATTERN_CONSISTENT;G10_BACKGROUND_FIXEDNESS_EXPLANATION_REJECTED
matched_strong_scatterer_background_sar000362,matched_strong_scatterer_background,362,guard,negative,true,true,true,true,false,false,false,1.196315,1.09581,true,2,G9_TEMPORAL_PATTERN_CONSISTENT;G10_BACKGROUND_FIXEDNESS_EXPLANATION_REJECTED
matched_linear_structure_background_sar000362,matched_linear_structure_background,362,guard,negative,true,true,true,false,false,false,false,1.196315,0.963294,true,2,G9_TEMPORAL_PATTERN_CONSISTENT;G10_BACKGROUND_FIXEDNESS_EXPLANATION_REJECTED
fixed_known_non_vehicle_N005_sar000362,fixed_known_non_vehicle_N005,362,guard,negative,true,true,true,false,true,false,false,1.196315,1.016616,true,0,
fixed_strong_scatterer_sar000362,fixed_strong_scatterer,362,guard,negative,true,true,true,false,true,false,false,1.196315,0.983384,true,0,
fixed_linear_structure_sar000362,fixed_linear_structure,362,guard,negative,true,false,true,false,true,false,false,1.196315,1.076058,true,0,
vehicle_body_axis_reference_sar000363,vehicle_body_axis_reference,363,guard,vehicle,false,false,true,false,true,false,false,1.213851,1.213851,false,0,
matched_ordinary_background_sar000363,matched_ordinary_background,363,guard,negative,true,true,true,false,false,false,false,1.213851,0.989725,true,2,G9_TEMPORAL_PATTERN_CONSISTENT;G10_BACKGROUND_FIXEDNESS_EXPLANATION_REJECTED
matched_strong_scatterer_background_sar000363,matched_strong_scatterer_background,363,guard,negative,true,true,true,true,false,false,false,1.213851,1.120755,true,2,G9_TEMPORAL_PATTERN_CONSISTENT;G10_BACKGROUND_FIXEDNESS_EXPLANATION_REJECTED
matched_linear_structure_background_sar000363,matched_linear_structure_background,363,guard,negative,true,true,true,false,false,false,false,1.213851,0.977211,true,2,G9_TEMPORAL_PATTERN_CONSISTENT;G10_BACKGROUND_FIXEDNESS_EXPLANATION_REJECTED
fixed_known_non_vehicle_N005_sar000363,fixed_known_non_vehicle_N005,363,guard,negative,true,true,true,false,true,false,false,1.213851,1.010275,true,0,
fixed_strong_scatterer_sar000363,fixed_strong_scatterer,363,guard,negative,true,true,true,false,true,false,false,1.213851,0.988866,true,0,
fixed_linear_structure_sar000363,fixed_linear_structure,363,guard,negative,true,false,true,false,true,false,false,1.213851,1.095076,true,0,
vehicle_body_axis_reference_sar000364,vehicle_body_axis_reference,364,guard,vehicle,false,false,true,false,true,false,false,1.225553,1.225553,false,0,
matched_ordinary_background_sar000364,matched_ordinary_background,364,guard,negative,true,true,true,false,false,false,false,1.225553,0.958429,true,2,G9_TEMPORAL_PATTERN_CONSISTENT;G10_BACKGROUND_FIXEDNESS_EXPLANATION_REJECTED
matched_strong_scatterer_background_sar000364,matched_strong_scatterer_background,364,guard,negative,true,true,true,true,false,false,false,1.225553,1.103085,true,2,G9_TEMPORAL_PATTERN_CONSISTENT;G10_BACKGROUND_FIXEDNESS_EXPLANATION_REJECTED
matched_linear_structure_background_sar000364,matched_linear_structure_background,364,guard,negative,true,true,true,false,false,false,false,1.225553,1.031595,true,2,G9_TEMPORAL_PATTERN_CONSISTENT;G10_BACKGROUND_FIXEDNESS_EXPLANATION_REJECTED
fixed_known_non_vehicle_N005_sar000364,fixed_known_non_vehicle_N005,364,guard,negative,true,true,true,false,true,false,false,1.225553,0.968405,true,0,
fixed_strong_scatterer_sar000364,fixed_strong_scatterer,364,guard,negative,true,true,true,false,true,false,false,1.225553,0.962035,true,0,
fixed_linear_structure_sar000364,fixed_linear_structure,364,guard,negative,true,false,true,false,true,false,false,1.225553,1.074895,true,0,
vehicle_body_axis_reference_sar000365,vehicle_body_axis_reference,365,guard,vehicle,false,false,true,false,true,false,false,1.267933,1.267933,false,0,
matched_ordinary_background_sar000365,matched_ordinary_background,365,guard,negative,true,false,true,false,false,false,false,1.267933,1.00366,true,2,G9_TEMPORAL_PATTERN_CONSISTENT;G10_BACKGROUND_FIXEDNESS_EXPLANATION_REJECTED
matched_strong_scatterer_background_sar000365,matched_strong_scatterer_background,365,guard,negative,true,true,true,true,false,false,false,1.267933,1.136517,true,2,G9_TEMPORAL_PATTERN_CONSISTENT;G10_BACKGROUND_FIXEDNESS_EXPLANATION_REJECTED
matched_linear_structure_background_sar000365,matched_linear_structure_background,365,guard,negative,true,true,true,false,false,false,false,1.267933,0.983573,true,2,G9_TEMPORAL_PATTERN_CONSISTENT;G10_BACKGROUND_FIXEDNESS_EXPLANATION_REJECTED
fixed_known_non_vehicle_N005_sar000365,fixed_known_non_vehicle_N005,365,guard,negative,true,true,true,false,true,false,false,1.267933,0.99634,true,0,
fixed_strong_scatterer_sar000365,fixed_strong_scatterer,365,guard,negative,true,true,true,false,true,false,false,1.267933,0.98965,true,0,
fixed_linear_structure_sar000365,fixed_linear_structure,365,guard,negative,true,false,true,false,true,false,false,1.267933,1.109129,true,0,
vehicle_body_axis_reference_sar000366,vehicle_body_axis_reference,366,guard,vehicle,false,false,true,false,true,false,false,1.273048,1.273048,false,0,
matched_ordinary_background_sar000366,matched_ordinary_background,366,guard,negative,true,true,true,false,false,false,false,1.273048,1.006328,true,2,G9_TEMPORAL_PATTERN_CONSISTENT;G10_BACKGROUND_FIXEDNESS_EXPLANATION_REJECTED
matched_strong_scatterer_background_sar000366,matched_strong_scatterer_background,366,guard,negative,true,true,true,true,false,false,false,1.273048,1.099327,true,2,G9_TEMPORAL_PATTERN_CONSISTENT;G10_BACKGROUND_FIXEDNESS_EXPLANATION_REJECTED
matched_linear_structure_background_sar000366,matched_linear_structure_background,366,guard,negative,true,true,true,false,false,false,false,1.273048,0.979758,true,2,G9_TEMPORAL_PATTERN_CONSISTENT;G10_BACKGROUND_FIXEDNESS_EXPLANATION_REJECTED
fixed_known_non_vehicle_N005_sar000366,fixed_known_non_vehicle_N005,366,guard,negative,true,true,true,false,true,false,false,1.273048,0.993672,true,0,
fixed_strong_scatterer_sar000366,fixed_strong_scatterer,366,guard,negative,true,true,true,false,true,false,false,1.273048,0.987581,true,0,
fixed_linear_structure_sar000366,fixed_linear_structure,366,guard,negative,true,false,true,false,true,false,false,1.273048,1.102513,true,0,
vehicle_body_axis_reference_sar000367,vehicle_body_axis_reference,367,guard,vehicle,false,false,true,false,true,false,false,1.279474,1.279474,false,0,
matched_ordinary_background_sar000367,matched_ordinary_background,367,guard,negative,true,true,true,false,false,false,false,1.279474,1.004309,true,2,G9_TEMPORAL_PATTERN_CONSISTENT;G10_BACKGROUND_FIXEDNESS_EXPLANATION_REJECTED
matched_strong_scatterer_background_sar000367,matched_strong_scatterer_background,367,guard,negative,true,true,true,true,false,false,false,1.279474,1.099373,true,2,G9_TEMPORAL_PATTERN_CONSISTENT;G10_BACKGROUND_FIXEDNESS_EXPLANATION_REJECTED
matched_linear_structure_background_sar000367,matched_linear_structure_background,367,guard,negative,true,true,true,false,false,false,false,1.279474,0.988661,true,2,G9_TEMPORAL_PATTERN_CONSISTENT;G10_BACKGROUND_FIXEDNESS_EXPLANATION_REJECTED
fixed_known_non_vehicle_N005_sar000367,fixed_known_non_vehicle_N005,367,guard,negative,true,true,true,false,true,false,false,1.279474,0.995691,true,0,
fixed_strong_scatterer_sar000367,fixed_strong_scatterer,367,guard,negative,true,true,true,false,true,false,false,1.279474,0.990528,true,0,
fixed_linear_structure_sar000367,fixed_linear_structure,367,guard,negative,true,false,true,false,true,false,false,1.279474,1.10141,true,0,
vehicle_body_axis_reference_sar000368,vehicle_body_axis_reference,368,guard,vehicle,false,false,false,false,true,false,false,1.175398,1.175398,false,1,G8_AXIS_RELATION_STRUCTURE_COMPATIBLE
matched_ordinary_background_sar000368,matched_ordinary_background,368,guard,negative,true,true,false,false,false,false,false,1.175398,0.927606,true,3,G8_AXIS_RELATION_STRUCTURE_COMPATIBLE;G9_TEMPORAL_PATTERN_CONSISTENT;G10_BACKGROUND_FIXEDNESS_EXPLANATION_REJECTED
matched_strong_scatterer_background_sar000368,matched_strong_scatterer_background,368,guard,negative,true,true,false,false,false,false,false,1.175398,1.07262,true,3,G8_AXIS_RELATION_STRUCTURE_COMPATIBLE;G9_TEMPORAL_PATTERN_CONSISTENT;G10_BACKGROUND_FIXEDNESS_EXPLANATION_REJECTED
matched_linear_structure_background_sar000368,matched_linear_structure_background,368,guard,negative,true,true,false,false,false,false,false,1.175398,1.0815,true,3,G8_AXIS_RELATION_STRUCTURE_COMPATIBLE;G9_TEMPORAL_PATTERN_CONSISTENT;G10_BACKGROUND_FIXEDNESS_EXPLANATION_REJECTED
fixed_known_non_vehicle_N005_sar000368,fixed_known_non_vehicle_N005,368,guard,negative,true,true,false,false,true,false,false,1.175398,0.985329,true,1,G8_AXIS_RELATION_STRUCTURE_COMPATIBLE
fixed_strong_scatterer_sar000368,fixed_strong_scatterer,368,guard,negative,true,true,false,false,true,false,false,1.175398,1.004205,true,1,G8_AXIS_RELATION_STRUCTURE_COMPATIBLE
fixed_linear_structure_sar000368,fixed_linear_structure,368,guard,negative,true,true,false,false,true,false,false,1.175398,0.995795,true,1,G8_AXIS_RELATION_STRUCTURE_COMPATIBLE
vehicle_body_axis_reference_sar000369,vehicle_body_axis_reference,369,guard,vehicle,false,false,false,false,true,false,false,1.16507,1.16507,false,1,G8_AXIS_RELATION_STRUCTURE_COMPATIBLE
matched_ordinary_background_sar000369,matched_ordinary_background,369,guard,negative,true,true,false,false,false,false,false,1.16507,0.924455,true,3,G8_AXIS_RELATION_STRUCTURE_COMPATIBLE;G9_TEMPORAL_PATTERN_CONSISTENT;G10_BACKGROUND_FIXEDNESS_EXPLANATION_REJECTED
matched_strong_scatterer_background_sar000369,matched_strong_scatterer_background,369,guard,negative,true,true,false,false,false,false,false,1.16507,1.064755,true,3,G8_AXIS_RELATION_STRUCTURE_COMPATIBLE;G9_TEMPORAL_PATTERN_CONSISTENT;G10_BACKGROUND_FIXEDNESS_EXPLANATION_REJECTED
matched_linear_structure_background_sar000369,matched_linear_structure_background,369,guard,negative,true,true,false,false,false,false,false,1.16507,1.073675,true,3,G8_AXIS_RELATION_STRUCTURE_COMPATIBLE;G9_TEMPORAL_PATTERN_CONSISTENT;G10_BACKGROUND_FIXEDNESS_EXPLANATION_REJECTED
fixed_known_non_vehicle_N005_sar000369,fixed_known_non_vehicle_N005,369,guard,negative,true,true,false,false,true,false,false,1.16507,0.98873,true,1,G8_AXIS_RELATION_STRUCTURE_COMPATIBLE
fixed_strong_scatterer_sar000369,fixed_strong_scatterer,369,guard,negative,true,true,false,false,true,false,false,1.16507,1.009579,true,1,G8_AXIS_RELATION_STRUCTURE_COMPATIBLE
fixed_linear_structure_sar000369,fixed_linear_structure,369,guard,negative,true,true,false,false,true,false,false,1.16507,0.990421,true,1,G8_AXIS_RELATION_STRUCTURE_COMPATIBLE
vehicle_body_axis_reference_sar000370,vehicle_body_axis_reference,370,guard,vehicle,false,false,false,false,true,false,false,1.240554,1.240554,false,1,G8_AXIS_RELATION_STRUCTURE_COMPATIBLE
matched_ordinary_background_sar000370,matched_ordinary_background,370,guard,negative,true,true,false,false,false,false,false,1.240554,1.013905,true,3,G8_AXIS_RELATION_STRUCTURE_COMPATIBLE;G9_TEMPORAL_PATTERN_CONSISTENT;G10_BACKGROUND_FIXEDNESS_EXPLANATION_REJECTED
matched_strong_scatterer_background_sar000370,matched_strong_scatterer_background,370,guard,negative,true,true,false,false,false,false,false,1.240554,1.058145,true,3,G8_AXIS_RELATION_STRUCTURE_COMPATIBLE;G9_TEMPORAL_PATTERN_CONSISTENT;G10_BACKGROUND_FIXEDNESS_EXPLANATION_REJECTED
matched_linear_structure_background_sar000370,matched_linear_structure_background,370,guard,negative,true,true,false,false,false,false,false,1.240554,0.967941,true,3,G8_AXIS_RELATION_STRUCTURE_COMPATIBLE;G9_TEMPORAL_PATTERN_CONSISTENT;G10_BACKGROUND_FIXEDNESS_EXPLANATION_REJECTED
fixed_known_non_vehicle_N005_sar000370,fixed_known_non_vehicle_N005,370,guard,negative,true,true,false,false,true,false,false,1.240554,0.985162,true,1,G8_AXIS_RELATION_STRUCTURE_COMPATIBLE
fixed_strong_scatterer_sar000370,fixed_strong_scatterer,370,guard,negative,true,true,false,false,true,false,false,1.240554,0.986095,true,1,G8_AXIS_RELATION_STRUCTURE_COMPATIBLE
fixed_linear_structure_sar000370,fixed_linear_structure,370,guard,negative,true,false,false,false,true,false,false,1.240554,1.061922,true,1,G8_AXIS_RELATION_STRUCTURE_COMPATIBLE
vehicle_body_axis_reference_sar000371,vehicle_body_axis_reference,371,posthoc_diagnosis,vehicle,false,false,false,false,true,false,false,1.25395,1.25395,false,1,G8_AXIS_RELATION_STRUCTURE_COMPATIBLE
matched_ordinary_background_sar000371,matched_ordinary_background,371,posthoc_diagnosis,negative,true,true,false,false,false,false,false,1.25395,0.995552,true,3,G8_AXIS_RELATION_STRUCTURE_COMPATIBLE;G9_TEMPORAL_PATTERN_CONSISTENT;G10_BACKGROUND_FIXEDNESS_EXPLANATION_REJECTED
matched_strong_scatterer_background_sar000371,matched_strong_scatterer_background,371,posthoc_diagnosis,negative,true,true,false,false,false,false,false,1.25395,1.049784,true,3,G8_AXIS_RELATION_STRUCTURE_COMPATIBLE;G9_TEMPORAL_PATTERN_CONSISTENT;G10_BACKGROUND_FIXEDNESS_EXPLANATION_REJECTED
matched_linear_structure_background_sar000371,matched_linear_structure_background,371,posthoc_diagnosis,negative,true,true,false,false,false,false,false,1.25395,0.995552,true,3,G8_AXIS_RELATION_STRUCTURE_COMPATIBLE;G9_TEMPORAL_PATTERN_CONSISTENT;G10_BACKGROUND_FIXEDNESS_EXPLANATION_REJECTED
fixed_known_non_vehicle_N005_sar000371,fixed_known_non_vehicle_N005,371,posthoc_diagnosis,negative,true,true,false,false,true,false,false,1.25395,0.997888,true,1,G8_AXIS_RELATION_STRUCTURE_COMPATIBLE
fixed_strong_scatterer_sar000371,fixed_strong_scatterer,371,posthoc_diagnosis,negative,true,true,false,false,true,false,false,1.25395,1.002112,true,1,G8_AXIS_RELATION_STRUCTURE_COMPATIBLE
fixed_linear_structure_sar000371,fixed_linear_structure,371,posthoc_diagnosis,negative,true,true,false,false,true,false,false,1.25395,1.057748,true,1,G8_AXIS_RELATION_STRUCTURE_COMPATIBLE
vehicle_body_axis_reference_sar000372,vehicle_body_axis_reference,372,posthoc_diagnosis,vehicle,false,false,false,false,true,false,false,1.239426,1.239426,false,1,G8_AXIS_RELATION_STRUCTURE_COMPATIBLE
matched_ordinary_background_sar000372,matched_ordinary_background,372,posthoc_diagnosis,negative,true,true,false,false,false,false,false,1.239426,1,true,3,G8_AXIS_RELATION_STRUCTURE_COMPATIBLE;G9_TEMPORAL_PATTERN_CONSISTENT;G10_BACKGROUND_FIXEDNESS_EXPLANATION_REJECTED
matched_strong_scatterer_background_sar000372,matched_strong_scatterer_background,372,posthoc_diagnosis,negative,true,true,false,false,false,false,false,1.239426,1,true,3,G8_AXIS_RELATION_STRUCTURE_COMPATIBLE;G9_TEMPORAL_PATTERN_CONSISTENT;G10_BACKGROUND_FIXEDNESS_EXPLANATION_REJECTED
matched_linear_structure_background_sar000372,matched_linear_structure_background,372,posthoc_diagnosis,negative,true,true,false,false,false,false,false,1.239426,0.989707,true,3,G8_AXIS_RELATION_STRUCTURE_COMPATIBLE;G9_TEMPORAL_PATTERN_CONSISTENT;G10_BACKGROUND_FIXEDNESS_EXPLANATION_REJECTED
fixed_known_non_vehicle_N005_sar000372,fixed_known_non_vehicle_N005,372,posthoc_diagnosis,negative,true,true,false,false,true,false,false,1.239426,0.995448,true,1,G8_AXIS_RELATION_STRUCTURE_COMPATIBLE
fixed_strong_scatterer_sar000372,fixed_strong_scatterer,372,posthoc_diagnosis,negative,true,true,false,false,true,false,false,1.239426,1.003834,true,1,G8_AXIS_RELATION_STRUCTURE_COMPATIBLE
fixed_linear_structure_sar000372,fixed_linear_structure,372,posthoc_diagnosis,negative,true,true,false,false,true,false,false,1.239426,1.019484,true,1,G8_AXIS_RELATION_STRUCTURE_COMPATIBLE
vehicle_body_axis_reference_sar000373,vehicle_body_axis_reference,373,posthoc_diagnosis,vehicle,false,false,false,false,true,false,false,1.242513,1.242513,false,1,G8_AXIS_RELATION_STRUCTURE_COMPATIBLE
matched_ordinary_background_sar000373,matched_ordinary_background,373,posthoc_diagnosis,negative,true,true,false,false,false,false,false,1.242513,0.992507,true,3,G8_AXIS_RELATION_STRUCTURE_COMPATIBLE;G9_TEMPORAL_PATTERN_CONSISTENT;G10_BACKGROUND_FIXEDNESS_EXPLANATION_REJECTED
matched_strong_scatterer_background_sar000373,matched_strong_scatterer_background,373,posthoc_diagnosis,negative,true,true,false,false,false,false,false,1.242513,0.992507,true,3,G8_AXIS_RELATION_STRUCTURE_COMPATIBLE;G9_TEMPORAL_PATTERN_CONSISTENT;G10_BACKGROUND_FIXEDNESS_EXPLANATION_REJECTED
matched_linear_structure_background_sar000373,matched_linear_structure_background,373,posthoc_diagnosis,negative,true,true,false,false,false,false,false,1.242513,0.987176,true,3,G8_AXIS_RELATION_STRUCTURE_COMPATIBLE;G9_TEMPORAL_PATTERN_CONSISTENT;G10_BACKGROUND_FIXEDNESS_EXPLANATION_REJECTED
fixed_known_non_vehicle_N005_sar000373,fixed_known_non_vehicle_N005,373,posthoc_diagnosis,negative,true,true,false,false,true,false,false,1.242513,1.007493,true,1,G8_AXIS_RELATION_STRUCTURE_COMPATIBLE
fixed_strong_scatterer_sar000373,fixed_strong_scatterer,373,posthoc_diagnosis,negative,true,true,false,false,true,false,false,1.242513,1.018372,true,1,G8_AXIS_RELATION_STRUCTURE_COMPATIBLE
fixed_linear_structure_sar000373,fixed_linear_structure,373,posthoc_diagnosis,negative,true,true,false,false,true,false,false,1.242513,1.013414,true,1,G8_AXIS_RELATION_STRUCTURE_COMPATIBLE
vehicle_body_axis_reference_sar000374,vehicle_body_axis_reference,374,posthoc_diagnosis,vehicle,false,false,false,false,true,false,false,1.24199,1.24199,false,1,G8_AXIS_RELATION_STRUCTURE_COMPATIBLE
matched_ordinary_background_sar000374,matched_ordinary_background,374,posthoc_diagnosis,negative,true,true,false,false,false,false,false,1.24199,0.990466,true,3,G8_AXIS_RELATION_STRUCTURE_COMPATIBLE;G9_TEMPORAL_PATTERN_CONSISTENT;G10_BACKGROUND_FIXEDNESS_EXPLANATION_REJECTED
matched_strong_scatterer_background_sar000374,matched_strong_scatterer_background,374,posthoc_diagnosis,negative,true,true,false,false,false,false,false,1.24199,0.993602,true,3,G8_AXIS_RELATION_STRUCTURE_COMPATIBLE;G9_TEMPORAL_PATTERN_CONSISTENT;G10_BACKGROUND_FIXEDNESS_EXPLANATION_REJECTED
matched_linear_structure_background_sar000374,matched_linear_structure_background,374,posthoc_diagnosis,negative,true,true,false,false,false,false,false,1.24199,0.990466,true,3,G8_AXIS_RELATION_STRUCTURE_COMPATIBLE;G9_TEMPORAL_PATTERN_CONSISTENT;G10_BACKGROUND_FIXEDNESS_EXPLANATION_REJECTED
fixed_known_non_vehicle_N005_sar000374,fixed_known_non_vehicle_N005,374,posthoc_diagnosis,negative,true,true,false,false,true,false,false,1.24199,1.016522,true,1,G8_AXIS_RELATION_STRUCTURE_COMPATIBLE
fixed_strong_scatterer_sar000374,fixed_strong_scatterer,374,posthoc_diagnosis,negative,true,true,false,false,true,false,false,1.24199,1.045225,true,1,G8_AXIS_RELATION_STRUCTURE_COMPATIBLE
fixed_linear_structure_sar000374,fixed_linear_structure,374,posthoc_diagnosis,negative,true,true,false,false,true,false,false,1.24199,1.006398,true,1,G8_AXIS_RELATION_STRUCTURE_COMPATIBLE
vehicle_body_axis_reference_sar000375,vehicle_body_axis_reference,375,posthoc_diagnosis,vehicle,false,false,false,false,true,false,false,1.100921,1.100921,false,1,G8_AXIS_RELATION_STRUCTURE_COMPATIBLE
matched_ordinary_background_sar000375,matched_ordinary_background,375,posthoc_diagnosis,negative,true,true,false,false,false,false,false,1.100921,0.973521,true,3,G8_AXIS_RELATION_STRUCTURE_COMPATIBLE;G9_TEMPORAL_PATTERN_CONSISTENT;G10_BACKGROUND_FIXEDNESS_EXPLANATION_REJECTED
matched_strong_scatterer_background_sar000375,matched_strong_scatterer_background,375,posthoc_diagnosis,negative,true,true,false,false,false,false,false,1.100921,1,true,3,G8_AXIS_RELATION_STRUCTURE_COMPATIBLE;G9_TEMPORAL_PATTERN_CONSISTENT;G10_BACKGROUND_FIXEDNESS_EXPLANATION_REJECTED
matched_linear_structure_background_sar000375,matched_linear_structure_background,375,posthoc_diagnosis,negative,true,true,false,false,false,false,false,1.100921,1,true,3,G8_AXIS_RELATION_STRUCTURE_COMPATIBLE;G9_TEMPORAL_PATTERN_CONSISTENT;G10_BACKGROUND_FIXEDNESS_EXPLANATION_REJECTED
fixed_known_non_vehicle_N005_sar000375,fixed_known_non_vehicle_N005,375,posthoc_diagnosis,negative,true,true,false,false,true,false,false,1.100921,1.022861,true,1,G8_AXIS_RELATION_STRUCTURE_COMPATIBLE
fixed_strong_scatterer_sar000375,fixed_strong_scatterer,375,posthoc_diagnosis,negative,true,true,false,false,true,false,false,1.100921,1.019379,true,1,G8_AXIS_RELATION_STRUCTURE_COMPATIBLE
fixed_linear_structure_sar000375,fixed_linear_structure,375,posthoc_diagnosis,negative,true,true,false,false,true,false,false,1.100921,0.975652,true,1,G8_AXIS_RELATION_STRUCTURE_COMPATIBLE
vehicle_body_axis_reference_sar000376,vehicle_body_axis_reference,376,posthoc_diagnosis,vehicle,false,false,false,false,true,false,false,1.095526,1.095526,false,1,G8_AXIS_RELATION_STRUCTURE_COMPATIBLE
matched_ordinary_background_sar000376,matched_ordinary_background,376,posthoc_diagnosis,negative,true,true,false,false,false,false,false,1.095526,0.972437,true,3,G8_AXIS_RELATION_STRUCTURE_COMPATIBLE;G9_TEMPORAL_PATTERN_CONSISTENT;G10_BACKGROUND_FIXEDNESS_EXPLANATION_REJECTED
matched_strong_scatterer_background_sar000376,matched_strong_scatterer_background,376,posthoc_diagnosis,negative,true,true,false,false,false,false,false,1.095526,1,true,3,G8_AXIS_RELATION_STRUCTURE_COMPATIBLE;G9_TEMPORAL_PATTERN_CONSISTENT;G10_BACKGROUND_FIXEDNESS_EXPLANATION_REJECTED
matched_linear_structure_background_sar000376,matched_linear_structure_background,376,posthoc_diagnosis,negative,true,true,false,false,false,false,false,1.095526,1,true,3,G8_AXIS_RELATION_STRUCTURE_COMPATIBLE;G9_TEMPORAL_PATTERN_CONSISTENT;G10_BACKGROUND_FIXEDNESS_EXPLANATION_REJECTED
fixed_known_non_vehicle_N005_sar000376,fixed_known_non_vehicle_N005,376,posthoc_diagnosis,negative,true,true,false,false,true,false,false,1.095526,1.017842,true,1,G8_AXIS_RELATION_STRUCTURE_COMPATIBLE
fixed_strong_scatterer_sar000376,fixed_strong_scatterer,376,posthoc_diagnosis,negative,true,true,false,false,true,false,false,1.095526,1.019156,true,1,G8_AXIS_RELATION_STRUCTURE_COMPATIBLE
fixed_linear_structure_sar000376,fixed_linear_structure,376,posthoc_diagnosis,negative,true,true,false,false,true,false,false,1.095526,0.97952,true,1,G8_AXIS_RELATION_STRUCTURE_COMPATIBLE
vehicle_body_axis_reference_sar000377,vehicle_body_axis_reference,377,posthoc_diagnosis,vehicle,false,false,false,false,true,false,false,1.062708,1.062708,false,1,G8_AXIS_RELATION_STRUCTURE_COMPATIBLE
matched_ordinary_background_sar000377,matched_ordinary_background,377,posthoc_diagnosis,negative,true,true,false,false,false,false,false,1.062708,0.975543,true,3,G8_AXIS_RELATION_STRUCTURE_COMPATIBLE;G9_TEMPORAL_PATTERN_CONSISTENT;G10_BACKGROUND_FIXEDNESS_EXPLANATION_REJECTED
matched_strong_scatterer_background_sar000377,matched_strong_scatterer_background,377,posthoc_diagnosis,negative,true,true,false,false,false,false,false,1.062708,1,true,3,G8_AXIS_RELATION_STRUCTURE_COMPATIBLE;G9_TEMPORAL_PATTERN_CONSISTENT;G10_BACKGROUND_FIXEDNESS_EXPLANATION_REJECTED
matched_linear_structure_background_sar000377,matched_linear_structure_background,377,posthoc_diagnosis,negative,true,true,false,false,false,false,false,1.062708,1,true,3,G8_AXIS_RELATION_STRUCTURE_COMPATIBLE;G9_TEMPORAL_PATTERN_CONSISTENT;G10_BACKGROUND_FIXEDNESS_EXPLANATION_REJECTED
fixed_known_non_vehicle_N005_sar000377,fixed_known_non_vehicle_N005,377,posthoc_diagnosis,negative,true,true,false,false,true,false,false,1.062708,1.010823,true,1,G8_AXIS_RELATION_STRUCTURE_COMPATIBLE
fixed_strong_scatterer_sar000377,fixed_strong_scatterer,377,posthoc_diagnosis,negative,true,true,false,false,true,false,false,1.062708,1.022247,true,1,G8_AXIS_RELATION_STRUCTURE_COMPATIBLE
fixed_linear_structure_sar000377,fixed_linear_structure,377,posthoc_diagnosis,negative,true,true,false,false,true,false,false,1.062708,0.990076,true,1,G8_AXIS_RELATION_STRUCTURE_COMPATIBLE
vehicle_body_axis_reference_sar000378,vehicle_body_axis_reference,378,posthoc_diagnosis,vehicle,false,false,false,false,true,false,false,1.07995,1.07995,false,1,G8_AXIS_RELATION_STRUCTURE_COMPATIBLE
matched_ordinary_background_sar000378,matched_ordinary_background,378,posthoc_diagnosis,negative,true,true,false,false,false,false,false,1.07995,0.988761,true,3,G8_AXIS_RELATION_STRUCTURE_COMPATIBLE;G9_TEMPORAL_PATTERN_CONSISTENT;G10_BACKGROUND_FIXEDNESS_EXPLANATION_REJECTED
matched_strong_scatterer_background_sar000378,matched_strong_scatterer_background,378,posthoc_diagnosis,negative,true,true,false,false,false,false,false,1.07995,0.988761,true,3,G8_AXIS_RELATION_STRUCTURE_COMPATIBLE;G9_TEMPORAL_PATTERN_CONSISTENT;G10_BACKGROUND_FIXEDNESS_EXPLANATION_REJECTED
matched_linear_structure_background_sar000378,matched_linear_structure_background,378,posthoc_diagnosis,negative,true,true,false,false,false,false,false,1.07995,0.985131,true,3,G8_AXIS_RELATION_STRUCTURE_COMPATIBLE;G9_TEMPORAL_PATTERN_CONSISTENT;G10_BACKGROUND_FIXEDNESS_EXPLANATION_REJECTED
fixed_known_non_vehicle_N005_sar000378,fixed_known_non_vehicle_N005,378,posthoc_diagnosis,negative,true,true,false,false,true,false,false,1.07995,1.024103,true,1,G8_AXIS_RELATION_STRUCTURE_COMPATIBLE
fixed_strong_scatterer_sar000378,fixed_strong_scatterer,378,posthoc_diagnosis,negative,true,true,false,false,true,false,false,1.07995,1.044822,true,1,G8_AXIS_RELATION_STRUCTURE_COMPATIBLE
fixed_linear_structure_sar000378,fixed_linear_structure,378,posthoc_diagnosis,negative,true,true,false,false,true,false,false,1.07995,1.011239,true,1,G8_AXIS_RELATION_STRUCTURE_COMPATIBLE
vehicle_body_axis_reference_sar000379,vehicle_body_axis_reference,379,posthoc_diagnosis,vehicle,false,false,false,false,true,false,false,1.084269,1.084269,false,1,G8_AXIS_RELATION_STRUCTURE_COMPATIBLE
matched_ordinary_background_sar000379,matched_ordinary_background,379,posthoc_diagnosis,negative,true,true,false,false,false,false,false,1.084269,0.98657,true,3,G8_AXIS_RELATION_STRUCTURE_COMPATIBLE;G9_TEMPORAL_PATTERN_CONSISTENT;G10_BACKGROUND_FIXEDNESS_EXPLANATION_REJECTED
matched_strong_scatterer_background_sar000379,matched_strong_scatterer_background,379,posthoc_diagnosis,negative,true,true,false,false,false,false,false,1.084269,0.98657,true,3,G8_AXIS_RELATION_STRUCTURE_COMPATIBLE;G9_TEMPORAL_PATTERN_CONSISTENT;G10_BACKGROUND_FIXEDNESS_EXPLANATION_REJECTED
matched_linear_structure_background_sar000379,matched_linear_structure_background,379,posthoc_diagnosis,negative,true,true,false,false,false,false,false,1.084269,0.98657,true,3,G8_AXIS_RELATION_STRUCTURE_COMPATIBLE;G9_TEMPORAL_PATTERN_CONSISTENT;G10_BACKGROUND_FIXEDNESS_EXPLANATION_REJECTED
fixed_known_non_vehicle_N005_sar000379,fixed_known_non_vehicle_N005,379,posthoc_diagnosis,negative,true,true,false,false,true,false,false,1.084269,1.025897,true,1,G8_AXIS_RELATION_STRUCTURE_COMPATIBLE
fixed_strong_scatterer_sar000379,fixed_strong_scatterer,379,posthoc_diagnosis,negative,true,true,false,false,true,false,false,1.084269,1.061246,true,1,G8_AXIS_RELATION_STRUCTURE_COMPATIBLE
fixed_linear_structure_sar000379,fixed_linear_structure,379,posthoc_diagnosis,negative,true,true,false,false,true,false,false,1.084269,1.01343,true,1,G8_AXIS_RELATION_STRUCTURE_COMPATIBLE
vehicle_body_axis_reference_sar000380,vehicle_body_axis_reference,380,posthoc_diagnosis,vehicle,false,false,false,false,true,false,false,1.076707,1.076707,false,1,G8_AXIS_RELATION_STRUCTURE_COMPATIBLE
matched_ordinary_background_sar000380,matched_ordinary_background,380,posthoc_diagnosis,negative,true,true,false,false,false,false,false,1.076707,0.981278,true,3,G8_AXIS_RELATION_STRUCTURE_COMPATIBLE;G9_TEMPORAL_PATTERN_CONSISTENT;G10_BACKGROUND_FIXEDNESS_EXPLANATION_REJECTED
matched_strong_scatterer_background_sar000380,matched_strong_scatterer_background,380,posthoc_diagnosis,negative,true,true,false,false,false,false,false,1.076707,0.981278,true,3,G8_AXIS_RELATION_STRUCTURE_COMPATIBLE;G9_TEMPORAL_PATTERN_CONSISTENT;G10_BACKGROUND_FIXEDNESS_EXPLANATION_REJECTED
matched_linear_structure_background_sar000380,matched_linear_structure_background,380,posthoc_diagnosis,negative,true,true,false,false,false,false,false,1.076707,0.981278,true,3,G8_AXIS_RELATION_STRUCTURE_COMPATIBLE;G9_TEMPORAL_PATTERN_CONSISTENT;G10_BACKGROUND_FIXEDNESS_EXPLANATION_REJECTED
fixed_known_non_vehicle_N005_sar000380,fixed_known_non_vehicle_N005,380,posthoc_diagnosis,negative,true,true,false,false,true,false,false,1.076707,1.021763,true,1,G8_AXIS_RELATION_STRUCTURE_COMPATIBLE
fixed_strong_scatterer_sar000380,fixed_strong_scatterer,380,posthoc_diagnosis,negative,true,true,false,false,true,false,false,1.076707,1.068142,true,1,G8_AXIS_RELATION_STRUCTURE_COMPATIBLE
fixed_linear_structure_sar000380,fixed_linear_structure,380,posthoc_diagnosis,negative,true,true,false,false,true,false,false,1.076707,1.018722,true,1,G8_AXIS_RELATION_STRUCTURE_COMPATIBLE
vehicle_body_axis_reference_sar000381,vehicle_body_axis_reference,381,posthoc_diagnosis,vehicle,false,false,false,false,true,false,false,1.051583,1.051583,false,1,G8_AXIS_RELATION_STRUCTURE_COMPATIBLE
matched_ordinary_background_sar000381,matched_ordinary_background,381,posthoc_diagnosis,negative,true,true,false,false,false,false,false,1.051583,0.994889,true,3,G8_AXIS_RELATION_STRUCTURE_COMPATIBLE;G9_TEMPORAL_PATTERN_CONSISTENT;G10_BACKGROUND_FIXEDNESS_EXPLANATION_REJECTED
matched_strong_scatterer_background_sar000381,matched_strong_scatterer_background,381,posthoc_diagnosis,negative,true,true,false,false,false,false,false,1.051583,1.005227,true,3,G8_AXIS_RELATION_STRUCTURE_COMPATIBLE;G9_TEMPORAL_PATTERN_CONSISTENT;G10_BACKGROUND_FIXEDNESS_EXPLANATION_REJECTED
matched_linear_structure_background_sar000381,matched_linear_structure_background,381,posthoc_diagnosis,negative,true,true,false,false,false,false,false,1.051583,1.001364,true,3,G8_AXIS_RELATION_STRUCTURE_COMPATIBLE;G9_TEMPORAL_PATTERN_CONSISTENT;G10_BACKGROUND_FIXEDNESS_EXPLANATION_REJECTED
fixed_known_non_vehicle_N005_sar000381,fixed_known_non_vehicle_N005,381,posthoc_diagnosis,negative,true,true,false,false,true,false,false,1.051583,0.998109,true,1,G8_AXIS_RELATION_STRUCTURE_COMPATIBLE
fixed_strong_scatterer_sar000381,fixed_strong_scatterer,381,posthoc_diagnosis,negative,true,false,false,false,true,false,false,1.051583,1.072399,false,1,G8_AXIS_RELATION_STRUCTURE_COMPATIBLE
fixed_linear_structure_sar000381,fixed_linear_structure,381,posthoc_diagnosis,negative,true,true,false,false,true,false,false,1.051583,0.998636,true,1,G8_AXIS_RELATION_STRUCTURE_COMPATIBLE
vehicle_body_axis_reference_sar000382,vehicle_body_axis_reference,382,posthoc_diagnosis,vehicle,false,false,false,false,true,false,false,1.042234,1.042234,false,1,G8_AXIS_RELATION_STRUCTURE_COMPATIBLE
matched_ordinary_background_sar000382,matched_ordinary_background,382,posthoc_diagnosis,negative,true,true,false,false,false,false,false,1.042234,0.959424,true,3,G8_AXIS_RELATION_STRUCTURE_COMPATIBLE;G9_TEMPORAL_PATTERN_CONSISTENT;G10_BACKGROUND_FIXEDNESS_EXPLANATION_REJECTED
matched_strong_scatterer_background_sar000382,matched_strong_scatterer_background,382,posthoc_diagnosis,negative,true,true,false,false,false,false,false,1.042234,1.00749,true,3,G8_AXIS_RELATION_STRUCTURE_COMPATIBLE;G9_TEMPORAL_PATTERN_CONSISTENT;G10_BACKGROUND_FIXEDNESS_EXPLANATION_REJECTED
matched_linear_structure_background_sar000382,matched_linear_structure_background,382,posthoc_diagnosis,negative,true,true,false,false,false,false,false,1.042234,1.000904,true,3,G8_AXIS_RELATION_STRUCTURE_COMPATIBLE;G9_TEMPORAL_PATTERN_CONSISTENT;G10_BACKGROUND_FIXEDNESS_EXPLANATION_REJECTED
fixed_known_non_vehicle_N005_sar000382,fixed_known_non_vehicle_N005,382,posthoc_diagnosis,negative,true,true,false,false,true,false,false,1.042234,0.999096,true,1,G8_AXIS_RELATION_STRUCTURE_COMPATIBLE
fixed_strong_scatterer_sar000382,fixed_strong_scatterer,382,posthoc_diagnosis,negative,true,false,false,false,true,false,false,1.042234,1.07714,false,1,G8_AXIS_RELATION_STRUCTURE_COMPATIBLE
fixed_linear_structure_sar000382,fixed_linear_structure,382,posthoc_diagnosis,negative,true,true,false,false,true,false,false,1.042234,0.987956,true,1,G8_AXIS_RELATION_STRUCTURE_COMPATIBLE
vehicle_body_axis_reference_sar000383,vehicle_body_axis_reference,383,posthoc_diagnosis,vehicle,false,false,false,false,true,false,false,1.075283,1.075283,false,1,G8_AXIS_RELATION_STRUCTURE_COMPATIBLE
matched_ordinary_background_sar000383,matched_ordinary_background,383,posthoc_diagnosis,negative,true,true,false,false,false,false,false,1.075283,0.986149,true,3,G8_AXIS_RELATION_STRUCTURE_COMPATIBLE;G9_TEMPORAL_PATTERN_CONSISTENT;G10_BACKGROUND_FIXEDNESS_EXPLANATION_REJECTED
matched_strong_scatterer_background_sar000383,matched_strong_scatterer_background,383,posthoc_diagnosis,negative,true,true,false,false,false,false,false,1.075283,0.986149,true,3,G8_AXIS_RELATION_STRUCTURE_COMPATIBLE;G9_TEMPORAL_PATTERN_CONSISTENT;G10_BACKGROUND_FIXEDNESS_EXPLANATION_REJECTED
matched_linear_structure_background_sar000383,matched_linear_structure_background,383,posthoc_diagnosis,negative,true,true,false,false,false,false,false,1.075283,0.985973,true,3,G8_AXIS_RELATION_STRUCTURE_COMPATIBLE;G9_TEMPORAL_PATTERN_CONSISTENT;G10_BACKGROUND_FIXEDNESS_EXPLANATION_REJECTED
fixed_known_non_vehicle_N005_sar000383,fixed_known_non_vehicle_N005,383,posthoc_diagnosis,negative,true,true,false,false,true,false,false,1.075283,1.026709,true,1,G8_AXIS_RELATION_STRUCTURE_COMPATIBLE
fixed_strong_scatterer_sar000383,fixed_strong_scatterer,383,posthoc_diagnosis,negative,true,false,false,false,true,false,false,1.075283,1.110209,false,1,G8_AXIS_RELATION_STRUCTURE_COMPATIBLE
fixed_linear_structure_sar000383,fixed_linear_structure,383,posthoc_diagnosis,negative,true,true,false,false,true,false,false,1.075283,1.013851,true,1,G8_AXIS_RELATION_STRUCTURE_COMPATIBLE
vehicle_body_axis_reference_sar000384,vehicle_body_axis_reference,384,posthoc_diagnosis,vehicle,false,false,false,false,true,false,false,1.067957,1.067957,false,1,G8_AXIS_RELATION_STRUCTURE_COMPATIBLE
matched_ordinary_background_sar000384,matched_ordinary_background,384,posthoc_diagnosis,negative,true,true,false,false,false,false,false,1.067957,0.986807,true,3,G8_AXIS_RELATION_STRUCTURE_COMPATIBLE;G9_TEMPORAL_PATTERN_CONSISTENT;G10_BACKGROUND_FIXEDNESS_EXPLANATION_REJECTED
matched_strong_scatterer_background_sar000384,matched_strong_scatterer_background,384,posthoc_diagnosis,negative,true,true,false,false,false,false,false,1.067957,0.986807,true,3,G8_AXIS_RELATION_STRUCTURE_COMPATIBLE;G9_TEMPORAL_PATTERN_CONSISTENT;G10_BACKGROUND_FIXEDNESS_EXPLANATION_REJECTED
matched_linear_structure_background_sar000384,matched_linear_structure_background,384,posthoc_diagnosis,negative,true,true,false,false,false,false,false,1.067957,0.978425,true,3,G8_AXIS_RELATION_STRUCTURE_COMPATIBLE;G9_TEMPORAL_PATTERN_CONSISTENT;G10_BACKGROUND_FIXEDNESS_EXPLANATION_REJECTED
fixed_known_non_vehicle_N005_sar000384,fixed_known_non_vehicle_N005,384,posthoc_diagnosis,negative,true,true,false,false,true,false,false,1.067957,1.019833,true,1,G8_AXIS_RELATION_STRUCTURE_COMPATIBLE
fixed_strong_scatterer_sar000384,fixed_strong_scatterer,384,posthoc_diagnosis,negative,true,true,false,false,true,false,false,1.067957,1.103085,false,1,G8_AXIS_RELATION_STRUCTURE_COMPATIBLE
fixed_linear_structure_sar000384,fixed_linear_structure,384,posthoc_diagnosis,negative,true,true,false,false,true,false,false,1.067957,1.013193,true,1,G8_AXIS_RELATION_STRUCTURE_COMPATIBLE
vehicle_body_axis_reference_sar000385,vehicle_body_axis_reference,385,posthoc_diagnosis,vehicle,false,false,false,false,true,false,false,1.104458,1.104458,false,1,G8_AXIS_RELATION_STRUCTURE_COMPATIBLE
matched_ordinary_background_sar000385,matched_ordinary_background,385,posthoc_diagnosis,negative,true,true,false,false,false,false,false,1.104458,0.929194,true,3,G8_AXIS_RELATION_STRUCTURE_COMPATIBLE;G9_TEMPORAL_PATTERN_CONSISTENT;G10_BACKGROUND_FIXEDNESS_EXPLANATION_REJECTED
matched_strong_scatterer_background_sar000385,matched_strong_scatterer_background,385,posthoc_diagnosis,negative,true,true,false,false,false,false,false,1.104458,1.002672,true,3,G8_AXIS_RELATION_STRUCTURE_COMPATIBLE;G9_TEMPORAL_PATTERN_CONSISTENT;G10_BACKGROUND_FIXEDNESS_EXPLANATION_REJECTED
matched_linear_structure_background_sar000385,matched_linear_structure_background,385,posthoc_diagnosis,negative,true,true,false,false,false,false,false,1.104458,1.002672,true,3,G8_AXIS_RELATION_STRUCTURE_COMPATIBLE;G9_TEMPORAL_PATTERN_CONSISTENT;G10_BACKGROUND_FIXEDNESS_EXPLANATION_REJECTED
fixed_known_non_vehicle_N005_sar000385,fixed_known_non_vehicle_N005,385,posthoc_diagnosis,negative,true,false,false,false,true,false,false,1.104458,0.997328,true,1,G8_AXIS_RELATION_STRUCTURE_COMPATIBLE
fixed_strong_scatterer_sar000385,fixed_strong_scatterer,385,posthoc_diagnosis,negative,true,false,false,false,true,false,false,1.104458,1.023067,true,1,G8_AXIS_RELATION_STRUCTURE_COMPATIBLE
fixed_linear_structure_sar000385,fixed_linear_structure,385,posthoc_diagnosis,negative,true,true,false,false,true,false,false,1.104458,0.962676,true,1,G8_AXIS_RELATION_STRUCTURE_COMPATIBLE
vehicle_body_axis_reference_sar000386,vehicle_body_axis_reference,386,posthoc_diagnosis,vehicle,false,false,false,false,true,false,false,1.102437,1.102437,false,1,G8_AXIS_RELATION_STRUCTURE_COMPATIBLE
matched_ordinary_background_sar000386,matched_ordinary_background,386,posthoc_diagnosis,negative,true,true,false,false,false,false,false,1.102437,0.960641,true,3,G8_AXIS_RELATION_STRUCTURE_COMPATIBLE;G9_TEMPORAL_PATTERN_CONSISTENT;G10_BACKGROUND_FIXEDNESS_EXPLANATION_REJECTED
matched_strong_scatterer_background_sar000386,matched_strong_scatterer_background,386,posthoc_diagnosis,negative,true,true,false,false,false,false,false,1.102437,1,true,3,G8_AXIS_RELATION_STRUCTURE_COMPATIBLE;G9_TEMPORAL_PATTERN_CONSISTENT;G10_BACKGROUND_FIXEDNESS_EXPLANATION_REJECTED
matched_linear_structure_background_sar000386,matched_linear_structure_background,386,posthoc_diagnosis,negative,true,true,false,false,false,false,false,1.102437,1,true,3,G8_AXIS_RELATION_STRUCTURE_COMPATIBLE;G9_TEMPORAL_PATTERN_CONSISTENT;G10_BACKGROUND_FIXEDNESS_EXPLANATION_REJECTED
fixed_known_non_vehicle_N005_sar000386,fixed_known_non_vehicle_N005,386,posthoc_diagnosis,negative,true,false,false,false,true,false,false,1.102437,1.003517,true,1,G8_AXIS_RELATION_STRUCTURE_COMPATIBLE
fixed_strong_scatterer_sar000386,fixed_strong_scatterer,386,posthoc_diagnosis,negative,true,false,false,false,true,false,false,1.102437,1.016681,true,1,G8_AXIS_RELATION_STRUCTURE_COMPATIBLE
fixed_linear_structure_sar000386,fixed_linear_structure,386,posthoc_diagnosis,negative,true,true,false,false,true,false,false,1.102437,0.960557,true,1,G8_AXIS_RELATION_STRUCTURE_COMPATIBLE
vehicle_body_axis_reference_sar000387,vehicle_body_axis_reference,387,posthoc_diagnosis,vehicle,false,false,false,false,true,false,false,1.121685,1.121685,false,1,G8_AXIS_RELATION_STRUCTURE_COMPATIBLE
matched_ordinary_background_sar000387,matched_ordinary_background,387,posthoc_diagnosis,negative,true,true,false,false,false,false,false,1.121685,0.942097,true,3,G8_AXIS_RELATION_STRUCTURE_COMPATIBLE;G9_TEMPORAL_PATTERN_CONSISTENT;G10_BACKGROUND_FIXEDNESS_EXPLANATION_REJECTED
matched_strong_scatterer_background_sar000387,matched_strong_scatterer_background,387,posthoc_diagnosis,negative,true,true,false,false,false,false,false,1.121685,1.01991,true,3,G8_AXIS_RELATION_STRUCTURE_COMPATIBLE;G9_TEMPORAL_PATTERN_CONSISTENT;G10_BACKGROUND_FIXEDNESS_EXPLANATION_REJECTED
matched_linear_structure_background_sar000387,matched_linear_structure_background,387,posthoc_diagnosis,negative,true,true,false,false,false,false,false,1.121685,0.98009,true,3,G8_AXIS_RELATION_STRUCTURE_COMPATIBLE;G9_TEMPORAL_PATTERN_CONSISTENT;G10_BACKGROUND_FIXEDNESS_EXPLANATION_REJECTED
fixed_known_non_vehicle_N005_sar000387,fixed_known_non_vehicle_N005,387,posthoc_diagnosis,negative,true,false,false,false,true,false,false,1.121685,1.02219,true,1,G8_AXIS_RELATION_STRUCTURE_COMPATIBLE
fixed_strong_scatterer_sar000387,fixed_strong_scatterer,387,posthoc_diagnosis,negative,true,false,false,false,true,false,false,1.121685,1.03125,true,1,G8_AXIS_RELATION_STRUCTURE_COMPATIBLE
fixed_linear_structure_sar000387,fixed_linear_structure,387,posthoc_diagnosis,negative,true,true,false,false,true,false,false,1.121685,0.979587,true,1,G8_AXIS_RELATION_STRUCTURE_COMPATIBLE
vehicle_body_axis_reference_sar000388,vehicle_body_axis_reference,388,posthoc_diagnosis,vehicle,false,false,false,false,true,false,false,1.061035,1.061035,false,1,G8_AXIS_RELATION_STRUCTURE_COMPATIBLE
matched_ordinary_background_sar000388,matched_ordinary_background,388,posthoc_diagnosis,negative,true,true,false,false,false,false,false,1.061035,0.988219,true,3,G8_AXIS_RELATION_STRUCTURE_COMPATIBLE;G9_TEMPORAL_PATTERN_CONSISTENT;G10_BACKGROUND_FIXEDNESS_EXPLANATION_REJECTED
matched_strong_scatterer_background_sar000388,matched_strong_scatterer_background,388,posthoc_diagnosis,negative,true,true,false,false,false,false,false,1.061035,0.993871,true,3,G8_AXIS_RELATION_STRUCTURE_COMPATIBLE;G9_TEMPORAL_PATTERN_CONSISTENT;G10_BACKGROUND_FIXEDNESS_EXPLANATION_REJECTED
matched_linear_structure_background_sar000388,matched_linear_structure_background,388,posthoc_diagnosis,negative,true,true,false,false,false,false,false,1.061035,0.993871,true,3,G8_AXIS_RELATION_STRUCTURE_COMPATIBLE;G9_TEMPORAL_PATTERN_CONSISTENT;G10_BACKGROUND_FIXEDNESS_EXPLANATION_REJECTED
fixed_known_non_vehicle_N005_sar000388,fixed_known_non_vehicle_N005,388,posthoc_diagnosis,negative,true,true,false,false,true,false,false,1.061035,1.020136,true,1,G8_AXIS_RELATION_STRUCTURE_COMPATIBLE
fixed_strong_scatterer_sar000388,fixed_strong_scatterer,388,posthoc_diagnosis,negative,true,true,false,false,true,false,false,1.061035,1.090244,false,1,G8_AXIS_RELATION_STRUCTURE_COMPATIBLE
fixed_linear_structure_sar000388,fixed_linear_structure,388,posthoc_diagnosis,negative,true,true,false,false,true,false,false,1.061035,1.006129,true,1,G8_AXIS_RELATION_STRUCTURE_COMPATIBLE
vehicle_body_axis_reference_sar000389,vehicle_body_axis_reference,389,posthoc_diagnosis,vehicle,false,false,false,false,true,false,false,1.055638,1.055638,false,1,G8_AXIS_RELATION_STRUCTURE_COMPATIBLE
matched_ordinary_background_sar000389,matched_ordinary_background,389,posthoc_diagnosis,negative,true,true,false,false,false,false,false,1.055638,0.990373,true,3,G8_AXIS_RELATION_STRUCTURE_COMPATIBLE;G9_TEMPORAL_PATTERN_CONSISTENT;G10_BACKGROUND_FIXEDNESS_EXPLANATION_REJECTED
matched_strong_scatterer_background_sar000389,matched_strong_scatterer_background,389,posthoc_diagnosis,negative,true,true,false,false,false,false,false,1.055638,0.996322,true,3,G8_AXIS_RELATION_STRUCTURE_COMPATIBLE;G9_TEMPORAL_PATTERN_CONSISTENT;G10_BACKGROUND_FIXEDNESS_EXPLANATION_REJECTED
matched_linear_structure_background_sar000389,matched_linear_structure_background,389,posthoc_diagnosis,negative,true,true,false,false,false,false,false,1.055638,0.990373,true,3,G8_AXIS_RELATION_STRUCTURE_COMPATIBLE;G9_TEMPORAL_PATTERN_CONSISTENT;G10_BACKGROUND_FIXEDNESS_EXPLANATION_REJECTED
fixed_known_non_vehicle_N005_sar000389,fixed_known_non_vehicle_N005,389,posthoc_diagnosis,negative,true,true,false,false,true,false,false,1.055638,1.018019,true,1,G8_AXIS_RELATION_STRUCTURE_COMPATIBLE
fixed_strong_scatterer_sar000389,fixed_strong_scatterer,389,posthoc_diagnosis,negative,true,true,false,false,true,false,false,1.055638,1.070746,false,1,G8_AXIS_RELATION_STRUCTURE_COMPATIBLE
fixed_linear_structure_sar000389,fixed_linear_structure,389,posthoc_diagnosis,negative,true,true,false,false,true,false,false,1.055638,1.003678,true,1,G8_AXIS_RELATION_STRUCTURE_COMPATIBLE
vehicle_body_axis_reference_sar000390,vehicle_body_axis_reference,390,posthoc_diagnosis,vehicle,false,false,false,false,true,false,false,1.051059,1.051059,false,1,G8_AXIS_RELATION_STRUCTURE_COMPATIBLE
matched_ordinary_background_sar000390,matched_ordinary_background,390,posthoc_diagnosis,negative,true,true,false,false,false,false,false,1.051059,0.987063,true,3,G8_AXIS_RELATION_STRUCTURE_COMPATIBLE;G9_TEMPORAL_PATTERN_CONSISTENT;G10_BACKGROUND_FIXEDNESS_EXPLANATION_REJECTED
matched_strong_scatterer_background_sar000390,matched_strong_scatterer_background,390,posthoc_diagnosis,negative,true,true,false,false,false,false,false,1.051059,0.99385,true,3,G8_AXIS_RELATION_STRUCTURE_COMPATIBLE;G9_TEMPORAL_PATTERN_CONSISTENT;G10_BACKGROUND_FIXEDNESS_EXPLANATION_REJECTED
matched_linear_structure_background_sar000390,matched_linear_structure_background,390,posthoc_diagnosis,negative,true,true,false,false,false,false,false,1.051059,0.987063,true,3,G8_AXIS_RELATION_STRUCTURE_COMPATIBLE;G9_TEMPORAL_PATTERN_CONSISTENT;G10_BACKGROUND_FIXEDNESS_EXPLANATION_REJECTED
fixed_known_non_vehicle_N005_sar000390,fixed_known_non_vehicle_N005,390,posthoc_diagnosis,negative,true,false,false,false,true,false,false,1.051059,1.03556,true,1,G8_AXIS_RELATION_STRUCTURE_COMPATIBLE
fixed_strong_scatterer_sar000390,fixed_strong_scatterer,390,posthoc_diagnosis,negative,true,true,false,false,true,false,false,1.051059,1.06148,false,1,G8_AXIS_RELATION_STRUCTURE_COMPATIBLE
fixed_linear_structure_sar000390,fixed_linear_structure,390,posthoc_diagnosis,negative,true,true,false,false,true,false,false,1.051059,1.00615,true,1,G8_AXIS_RELATION_STRUCTURE_COMPATIBLE
vehicle_body_axis_reference_sar000391,vehicle_body_axis_reference,391,posthoc_diagnosis,vehicle,false,false,false,false,true,false,false,1.03795,1.03795,false,1,G8_AXIS_RELATION_STRUCTURE_COMPATIBLE
matched_ordinary_background_sar000391,matched_ordinary_background,391,posthoc_diagnosis,negative,true,true,false,false,false,false,false,1.03795,0.978971,true,3,G8_AXIS_RELATION_STRUCTURE_COMPATIBLE;G9_TEMPORAL_PATTERN_CONSISTENT;G10_BACKGROUND_FIXEDNESS_EXPLANATION_REJECTED
matched_strong_scatterer_background_sar000391,matched_strong_scatterer_background,391,posthoc_diagnosis,negative,true,true,false,false,false,false,false,1.03795,0.990078,true,3,G8_AXIS_RELATION_STRUCTURE_COMPATIBLE;G9_TEMPORAL_PATTERN_CONSISTENT;G10_BACKGROUND_FIXEDNESS_EXPLANATION_REJECTED
matched_linear_structure_background_sar000391,matched_linear_structure_background,391,posthoc_diagnosis,negative,true,true,false,false,false,false,false,1.03795,0.992985,true,3,G8_AXIS_RELATION_STRUCTURE_COMPATIBLE;G9_TEMPORAL_PATTERN_CONSISTENT;G10_BACKGROUND_FIXEDNESS_EXPLANATION_REJECTED
fixed_known_non_vehicle_N005_sar000391,fixed_known_non_vehicle_N005,391,posthoc_diagnosis,negative,true,false,false,false,true,false,false,1.03795,1.042281,false,1,G8_AXIS_RELATION_STRUCTURE_COMPATIBLE
fixed_strong_scatterer_sar000391,fixed_strong_scatterer,391,posthoc_diagnosis,negative,true,true,false,false,true,false,false,1.03795,1.038197,false,1,G8_AXIS_RELATION_STRUCTURE_COMPATIBLE
fixed_linear_structure_sar000391,fixed_linear_structure,391,posthoc_diagnosis,negative,true,true,false,false,true,false,false,1.03795,1.007015,true,1,G8_AXIS_RELATION_STRUCTURE_COMPATIBLE
vehicle_body_axis_reference_sar000392,vehicle_body_axis_reference,392,posthoc_diagnosis,vehicle,false,false,false,false,true,false,false,1.099506,1.099506,false,1,G8_AXIS_RELATION_STRUCTURE_COMPATIBLE
matched_ordinary_background_sar000392,matched_ordinary_background,392,posthoc_diagnosis,negative,true,true,false,false,false,false,false,1.099506,0.964934,true,3,G8_AXIS_RELATION_STRUCTURE_COMPATIBLE;G9_TEMPORAL_PATTERN_CONSISTENT;G10_BACKGROUND_FIXEDNESS_EXPLANATION_REJECTED
matched_strong_scatterer_background_sar000392,matched_strong_scatterer_background,392,posthoc_diagnosis,negative,true,true,false,false,false,false,false,1.099506,0.997827,true,3,G8_AXIS_RELATION_STRUCTURE_COMPATIBLE;G9_TEMPORAL_PATTERN_CONSISTENT;G10_BACKGROUND_FIXEDNESS_EXPLANATION_REJECTED
matched_linear_structure_background_sar000392,matched_linear_structure_background,392,posthoc_diagnosis,negative,true,true,false,false,false,false,false,1.099506,0.962391,true,3,G8_AXIS_RELATION_STRUCTURE_COMPATIBLE;G9_TEMPORAL_PATTERN_CONSISTENT;G10_BACKGROUND_FIXEDNESS_EXPLANATION_REJECTED
fixed_known_non_vehicle_N005_sar000392,fixed_known_non_vehicle_N005,392,posthoc_diagnosis,negative,true,false,false,false,true,false,false,1.099506,1.017638,true,1,G8_AXIS_RELATION_STRUCTURE_COMPATIBLE
fixed_strong_scatterer_sar000392,fixed_strong_scatterer,392,posthoc_diagnosis,negative,true,false,false,false,true,false,false,1.099506,1.02368,true,1,G8_AXIS_RELATION_STRUCTURE_COMPATIBLE
fixed_linear_structure_sar000392,fixed_linear_structure,392,posthoc_diagnosis,negative,true,true,false,false,true,false,false,1.099506,1.002173,true,1,G8_AXIS_RELATION_STRUCTURE_COMPATIBLE
vehicle_body_axis_reference_sar000393,vehicle_body_axis_reference,393,posthoc_diagnosis,vehicle,false,false,false,false,true,false,false,1.030383,1.030383,false,1,G8_AXIS_RELATION_STRUCTURE_COMPATIBLE
matched_ordinary_background_sar000393,matched_ordinary_background,393,posthoc_diagnosis,negative,true,true,false,false,false,false,false,1.030383,0.957763,true,3,G8_AXIS_RELATION_STRUCTURE_COMPATIBLE;G9_TEMPORAL_PATTERN_CONSISTENT;G10_BACKGROUND_FIXEDNESS_EXPLANATION_REJECTED
matched_strong_scatterer_background_sar000393,matched_strong_scatterer_background,393,posthoc_diagnosis,negative,true,true,false,false,false,false,false,1.030383,0.99779,true,3,G8_AXIS_RELATION_STRUCTURE_COMPATIBLE;G9_TEMPORAL_PATTERN_CONSISTENT;G10_BACKGROUND_FIXEDNESS_EXPLANATION_REJECTED
matched_linear_structure_background_sar000393,matched_linear_structure_background,393,posthoc_diagnosis,negative,true,true,false,false,false,false,false,1.030383,0.95357,true,3,G8_AXIS_RELATION_STRUCTURE_COMPATIBLE;G9_TEMPORAL_PATTERN_CONSISTENT;G10_BACKGROUND_FIXEDNESS_EXPLANATION_REJECTED
fixed_known_non_vehicle_N005_sar000393,fixed_known_non_vehicle_N005,393,posthoc_diagnosis,negative,true,true,false,false,true,false,false,1.030383,1.066524,false,1,G8_AXIS_RELATION_STRUCTURE_COMPATIBLE
fixed_strong_scatterer_sar000393,fixed_strong_scatterer,393,posthoc_diagnosis,negative,true,true,false,false,true,false,false,1.030383,1.00221,true,1,G8_AXIS_RELATION_STRUCTURE_COMPATIBLE
fixed_linear_structure_sar000393,fixed_linear_structure,393,posthoc_diagnosis,negative,true,true,false,false,true,false,false,1.030383,1.004644,true,1,G8_AXIS_RELATION_STRUCTURE_COMPATIBLE
vehicle_body_axis_reference_sar000394,vehicle_body_axis_reference,394,posthoc_diagnosis,vehicle,false,false,false,false,true,false,false,1.105036,1.105036,false,1,G8_AXIS_RELATION_STRUCTURE_COMPATIBLE
matched_ordinary_background_sar000394,matched_ordinary_background,394,posthoc_diagnosis,negative,true,true,false,false,false,false,false,1.105036,0.975772,true,3,G8_AXIS_RELATION_STRUCTURE_COMPATIBLE;G9_TEMPORAL_PATTERN_CONSISTENT;G10_BACKGROUND_FIXEDNESS_EXPLANATION_REJECTED
matched_strong_scatterer_background_sar000394,matched_strong_scatterer_background,394,posthoc_diagnosis,negative,true,true,false,false,false,false,false,1.105036,1.000356,true,3,G8_AXIS_RELATION_STRUCTURE_COMPATIBLE;G9_TEMPORAL_PATTERN_CONSISTENT;G10_BACKGROUND_FIXEDNESS_EXPLANATION_REJECTED
matched_linear_structure_background_sar000394,matched_linear_structure_background,394,posthoc_diagnosis,negative,true,true,false,false,false,false,false,1.105036,0.973958,true,3,G8_AXIS_RELATION_STRUCTURE_COMPATIBLE;G9_TEMPORAL_PATTERN_CONSISTENT;G10_BACKGROUND_FIXEDNESS_EXPLANATION_REJECTED
fixed_known_non_vehicle_N005_sar000394,fixed_known_non_vehicle_N005,394,posthoc_diagnosis,negative,true,false,false,false,true,false,false,1.105036,1.043248,true,1,G8_AXIS_RELATION_STRUCTURE_COMPATIBLE
fixed_strong_scatterer_sar000394,fixed_strong_scatterer,394,posthoc_diagnosis,negative,true,false,false,false,true,false,false,1.105036,1.037794,true,1,G8_AXIS_RELATION_STRUCTURE_COMPATIBLE
fixed_linear_structure_sar000394,fixed_linear_structure,394,posthoc_diagnosis,negative,true,true,false,false,true,false,false,1.105036,0.999644,true,1,G8_AXIS_RELATION_STRUCTURE_COMPATIBLE
