component_id,sar_frame,extraction_roi,extraction_threshold,candidate_pixels,cap_triggered,frame_observation_complete,semantic_state,bbox,centroid_x,centroid_y,pixel_area,integrated_energy,peak_energy,axis1_px,axis2_px,aspect_ratio,orientation_deg,compactness,max_sar_frame_read,gt_file_opened,evaluation_file_opened,future_frame_read
D1R1OBS_000361_0001,361,"918,812,1263,1068",57,7141,false,true,unresolved_response,"964,812,971,819",966.901502,815.359159,25,1665,93,9.733468,5.739303,1.695932,136.979397,0.390625,361,false,false,false
D1R1OBS_000361_0002,361,"918,812,1263,1068",57,7141,false,true,unresolved_response,"1031,812,1036,815",1032.97772,812.942333,12,763,74,6.582889,3.643025,1.806985,154.636576,0.5,361,false,false,false
D1R1OBS_000361_0003,361,"918,812,1263,1068",57,7141,false,true,unresolved_response,"1222,812,1226,815",1223.659008,813.52237,13,827,81,4.760952,3.829708,1.243163,-168.690068,0.65,361,false,false,false
D1R1OBS_000361_0004,361,"918,812,1263,1068",57,7141,false,true,unresolved_response,"1246,812,1251,815",1248.136416,812.978035,14,865,75,6.097521,3.763096,1.620347,170.644131,0.583333,361,false,false,false
D1R1OBS_000361_0005,361,"918,812,1263,1068",57,7141,false,true,unresolved_response,"1218,813,1222,817",1219.479365,815.188889,10,630,69,6.807021,2.678726,2.541142,46.431203,0.4,361,false,false,false
D1R1OBS_000361_0006,361,"918,812,1263,1068",57,7141,false,true,unresolved_response,"1022,815,1031,818",1026.683453,816.624301,20,1251,78,9.968124,3.625159,2.749707,-169.82677,0.5,361,false,false,false
D1R1OBS_000361_0007,361,"918,812,1263,1068",57,7141,false,true,unresolved_response,"1192,815,1201,821",1196.911542,817.885525,34,2114,80,12.412266,5.718579,2.170516,-163.238991,0.485714,361,false,false,false
D1R1OBS_000361_0008,361,"918,812,1263,1068",57,7141,false,true,unresolved_response,"1132,816,1141,822",1136.89083,818.678311,22,1374,75,10.591674,4.8873,2.167183,-158.604658,0.314286,361,false,false,false
D1R1OBS_000361_0009,361,"918,812,1263,1068",57,7141,false,true,unresolved_response,"950,817,954,821",951.902284,818.714467,13,788,66,6.846318,2.952571,2.318765,135.154019,0.52,361,false,false,false
D1R1OBS_000361_0010,361,"918,812,1263,1068",57,7141,false,true,unresolved_response,"936,818,941,820",937.986231,819.003442,10,581,61,7.060575,2.652766,2.66159,-177.618179,0.555556,361,false,false,false
D1R1OBS_000361_0011,361,"918,812,1263,1068",57,7141,false,true,unresolved_response,"954,818,963,823",959.193377,820.394441,27,1691,78,9.809885,5.900872,1.662447,-168.878172,0.45,361,false,false,false
D1R1OBS_000361_0012,361,"918,812,1263,1068",57,7141,false,true,unresolved_response,"1150,819,1153,823",1151.360584,821.30365,11,685,69,6.954499,2.683018,2.592043,61.002692,0.55,361,false,false,false
D1R1OBS_000361_0013,361,"918,812,1263,1068",57,7141,false,true,unresolved_response,"1180,821,1184,823",1182.273913,822.008696,11,690,68,5.215362,2.879394,1.811271,-164.744881,0.733333,361,false,false,false
D1R1OBS_000361_0014,361,"918,812,1263,1068",57,7141,false,true,unresolved_response,"1191,822,1193,828",1192.286136,824.740413,11,678,67,9.048416,2.260087,4.00357,81.743964,0.52381,361,false,false,false
D1R1OBS_000361_0015,361,"918,812,1263,1068",57,7141,false,true,unresolved_response,"1250,822,1256,826",1252.362911,824.304088,16,1003,75,8.528457,3.999843,2.132198,-153.704251,0.457143,361,false,false,false
D1R1OBS_000361_0016,361,"918,812,1263,1068",57,7141,false,true,unresolved_response,"1151,824,1166,831",1159.202847,827.762278,43,2810,86,15.522154,6.744313,2.301518,-179.483152,0.335938,361,false,false,false
D1R1OBS_000361_0017,361,"918,812,1263,1068",57,7141,false,true,unresolved_response,"1017,825,1022,830",1019.675985,827.29352,13,787,67,6.759832,5.06846,1.333705,-142.730609,0.361111,361,false,false,false
D1R1OBS_000361_0018,361,"918,812,1263,1068",57,7141,false,true,unresolved_response,"1158,829,1173,842",1167.002793,834.270497,79,5013,83,15.386435,11.961921,1.286285,178.479079,0.352679,361,false,false,false
D1R1OBS_000361_0019,361,"918,812,1263,1068",57,7141,false,true,unresolved_response,"1023,831,1027,835",1024.704412,832.929412,11,680,72,6.32391,3.391029,1.864894,58.020908,0.44,361,false,false,false
D1R1OBS_000361_0020,361,"918,812,1263,1068",57,7141,false,true,unresolved_response,"1066,831,1071,835",1068.713985,833.305994,15,951,73,8.051211,2.607116,3.088167,146.599295,0.5,361,false,false,false
D1R1OBS_000361_0021,361,"918,812,1263,1068",57,7141,false,true,unresolved_response,"1175,832,1186,837",1181.751465,834.933594,33,2048,74,12.18007,5.371965,2.26734,156.446677,0.458333,361,false,false,false
D1R1OBS_000361_0022,361,"918,812,1263,1068",57,7141,false,true,unresolved_response,"1203,832,1207,837",1204.938462,834.273626,15,910,68,7.124232,3.921563,1.816682,56.404856,0.5,361,false,false,false
D1R1OBS_000361_0023,361,"918,812,1263,1068",57,7141,false,true,unresolved_response,"1151,833,1159,841",1153.856153,837.437897,28,1731,78,9.09623,8.623174,1.054859,64.476757,0.345679,361,false,false,false
D1R1OBS_000361_0024,361,"918,812,1263,1068",57,7141,false,true,unresolved_response,"1188,833,1202,842",1196.237764,836.30222,57,3739,79,14.972645,9.342835,1.60258,-157.910944,0.38,361,false,false,false
D1R1OBS_000361_0025,361,"918,812,1263,1068",57,7141,false,true,unresolved_response,"1242,833,1248,836",1244.821646,834.085366,11,656,64,7.637685,3.120655,2.447462,162.251097,0.392857,361,false,false,false
D1R1OBS_000361_0026,361,"918,812,1263,1068",57,7141,false,true,unresolved_response,"1220,835,1243,846",1231.455075,841.304881,138,9794,108,22.511256,9.945825,2.263387,-171.039281,0.479167,361,false,false,false
D1R1OBS_000361_0027,361,"918,812,1263,1068",57,7141,false,true,unresolved_response,"1198,838,1225,857",1211.80763,849.340411,178,11821,97,25.924274,16.822177,1.541077,178.211954,0.317857,361,false,false,false
D1R1OBS_000361_0028,361,"918,812,1263,1068",57,7141,false,true,unresolved_response,"1142,839,1148,843",1144.464332,840.856031,13,771,65,8.182847,3.777801,2.166035,155.131278,0.371429,361,false,false,false
D1R1OBS_000361_0029,361,"918,812,1263,1068",57,7141,false,true,unresolved_response,"984,841,988,845",985.881471,842.47139,12,734,68,7.073298,3.01993,2.342206,137.720166,0.48,361,false,false,false
D1R1OBS_000361_0030,361,"918,812,1263,1068",57,7141,false,true,unresolved_response,"1157,842,1164,845",1160.121137,843.697157,13,809,69,10.231218,3.094931,3.305798,-156.232448,0.40625,361,false,false,false
D1R1OBS_000361_0031,361,"918,812,1263,1068",57,7141,false,true,unresolved_response,"1039,848,1043,855",1041.005952,851.598214,17,1008,68,8.407473,3.928364,2.140197,66.809823,0.425,361,false,false,false
D1R1OBS_000361_0032,361,"918,812,1263,1068",57,7141,false,true,unresolved_response,"1174,848,1186,854",1180.165,851.92375,27,1600,66,14.910047,5.088775,2.929988,-159.108691,0.296703,361,false,false,false
D1R1OBS_000361_0033,361,"918,812,1263,1068",57,7141,false,true,unresolved_response,"1101,849,1105,853",1103.043919,850.809122,17,1184,88,5.338378,4.469039,1.194525,166.010263,0.68,361,false,false,false
D1R1OBS_000361_0034,361,"918,812,1263,1068",57,7141,false,true,unresolved_response,"1152,851,1158,856",1155.034803,853.62297,14,862,67,10.212202,3.019522,3.382059,-138.60846,0.333333,361,false,false,false
D1R1OBS_000361_0035,361,"918,812,1263,1068",57,7141,false,true,unresolved_response,"1227,851,1232,854",1229.363885,852.150479,12,731,66,6.833743,3.511447,1.946133,-167.033763,0.5,361,false,false,false
D1R1OBS_000361_0036,361,"918,812,1263,1068",57,7141,false,true,unresolved_response,"1239,853,1245,857",1242.551925,854.746791,14,857,73,7.789495,4.51428,1.725523,155.110839,0.4,361,false,false,false
D1R1OBS_000361_0037,361,"918,812,1263,1068",57,7141,false,true,unresolved_response,"1018,854,1026,860",1021.947368,857.265757,25,1539,72,9.603934,5.48736,1.750192,166.079493,0.396825,361,false,false,false
D1R1OBS_000361_0038,361,"918,812,1263,1068",57,7141,false,true,unresolved_response,"1165,855,1169,860",1167.304214,857.213772,16,973,69,6.505489,4.473471,1.454237,55.598657,0.533333,361,false,false,false
D1R1OBS_000361_0039,361,"918,812,1263,1068",57,7141,false,true,unresolved_response,"1228,857,1232,860",1230.097458,858.276483,15,944,69,5.443121,3.694404,1.473342,-152.451248,0.75,361,false,false,false
D1R1OBS_000361_0040,361,"918,812,1263,1068",57,7141,false,true,unresolved_response,"1251,857,1257,861",1253.445302,858.667954,13,777,67,8.504225,4.583829,1.855267,170.673874,0.371429,361,false,false,false
D1R1OBS_000361_0041,361,"918,812,1263,1068",57,7141,false,true,unresolved_response,"1205,859,1209,862",1206.854305,860.451656,12,755,76,5.148081,3.897977,1.320706,164.518122,0.6,361,false,false,false
D1R1OBS_000361_0042,361,"918,812,1263,1068",57,7141,false,true,unresolved_response,"1222,862,1226,865",1223.916525,863.388416,10,587,61,6.288308,2.3313,2.69734,148.14897,0.5,361,false,false,false
D1R1OBS_000361_0043,361,"918,812,1263,1068",57,7141,false,true,unresolved_response,"1181,866,1194,871",1187.762485,868.544632,39,2543,85,16.635026,4.50093,3.695908,-177.178303,0.464286,361,false,false,false
D1R1OBS_000361_0044,361,"918,812,1263,1068",57,7141,false,true,unresolved_response,"1212,878,1216,883",1213.86674,880.690529,15,908,66,6.080993,4.624221,1.315031,118.07733,0.5,361,false,false,false
D1R1OBS_000361_0045,361,"918,812,1263,1068",57,7141,false,true,unresolved_response,"965,884,968,888",966.386824,886.113176,10,592,66,5.488111,3.854661,1.42376,85.982145,0.5,361,false,false,false
D1R1OBS_000361_0046,361,"918,812,1263,1068",57,7141,false,true,unresolved_response,"1210,885,1217,892",1213.330606,888.106383,20,1222,73,8.783543,5.998851,1.464204,48.082725,0.3125,361,false,false,false
D1R1OBS_000361_0047,361,"918,812,1263,1068",57,7141,false,true,unresolved_response,"1204,890,1210,893",1207.603416,891.351992,15,1054,98,7.471109,3.041249,2.456592,-169.952384,0.535714,361,false,false,false
D1R1OBS_000361_0048,361,"918,812,1263,1068",57,7141,false,true,unresolved_response,"1219,890,1226,892",1222.401566,890.9217,13,894,88,8.123442,2.451467,3.313707,-161.741404,0.541667,361,false,false,false
D1R1OBS_000361_0049,361,"918,812,1263,1068",57,7141,false,true,unresolved_response,"957,894,997,912",974.35844,905.263538,273,18282,108,41.939678,15.712752,2.669149,-174.875075,0.350449,361,false,false,false
D1R1OBS_000361_0050,361,"918,812,1263,1068",57,7141,false,true,unresolved_response,"1235,898,1238,903",1236.908629,900.318105,10,591,65,7.153969,3.820799,1.872375,100.538747,0.416667,361,false,false,false
D1R1OBS_000361_0051,361,"918,812,1263,1068",57,7141,false,true,unresolved_response,"925,903,932,913",928.504706,907.874716,47,3081,87,11.910259,7.213894,1.651017,104.414498,0.534091,361,false,false,false
D1R1OBS_000361_0052,361,"918,812,1263,1068",57,7141,false,true,unresolved_response,"918,904,925,911",921.491676,907.498335,29,1802,80,7.644215,7.412509,1.031259,-155.897392,0.453125,361,false,false,false
D1R1OBS_000361_0053,361,"918,812,1263,1068",57,7141,false,true,unresolved_response,"935,905,939,908",936.785235,906.286913,10,596,65,6.447061,2.771254,2.326405,-153.555191,0.5,361,false,false,false
D1R1OBS_000361_0054,361,"918,812,1263,1068",57,7141,false,true,same_motion_candidate,"1082,923,1089,926",1085.620399,924.209356,21,1304,72,9.500046,3.271317,2.904043,172.136601,0.65625,361,false,false,false
D1R1OBS_000361_0055,361,"918,812,1263,1068",57,7141,false,true,same_motion_candidate,"1092,926,1102,930",1096.313211,928.416131,30,2021,96,12.098106,4.259293,2.840402,-166.818541,0.545455,361,false,false,false
D1R1OBS_000361_0056,361,"918,812,1263,1068",57,7141,false,true,same_motion_candidate,"1155,941,1156,948",1155.535525,944.597031,15,943,74,9.402582,2.0589,4.566798,91.037513,0.9375,361,false,false,false
D1R1OBS_000361_0057,361,"918,812,1263,1068",57,7141,false,true,motion_shell_candidate,"1015,946,1170,993",1094.077215,966.648064,2232,169346,199,165.502625,27.31318,6.059442,176.524583,0.298077,361,false,false,false
D1R1OBS_000361_0058,361,"918,812,1263,1068",57,7141,false,true,same_motion_candidate,"1138,947,1144,953",1141.115768,949.694611,23,1503,79,6.643551,5.446614,1.219758,161.139371,0.469388,361,false,false,false
D1R1OBS_000361_0059,361,"918,812,1263,1068",57,7141,false,true,unresolved_response,"1009,958,1011,962",1010.167963,960.18507,10,643,74,5.308235,3.084078,1.721174,81.127664,0.666667,361,false,false,false
D1R1OBS_000361_0060,361,"918,812,1263,1068",57,7141,false,true,unresolved_response,"1155,966,1159,971",1156.622771,968.772291,12,729,67,7.645776,3.841124,1.990505,53.714931,0.4,361,false,false,false
D1R1OBS_000361_0061,361,"918,812,1263,1068",57,7141,false,true,same_motion_candidate,"1168,968,1174,972",1170.608163,970.132653,16,980,69,8.488459,5.460103,1.554633,167.688218,0.457143,361,false,false,false
D1R1OBS_000361_0062,361,"918,812,1263,1068",57,7141,false,true,unresolved_response,"919,976,928,984",923.13118,980.068979,40,2508,81,12.238608,6.512398,1.879278,150.465453,0.444444,361,false,false,false
D1R1OBS_000361_0063,361,"918,812,1263,1068",57,7141,false,true,unresolved_response,"1250,981,1263,987",1256.924104,984.279153,47,3070,90,14.53629,5.963555,2.437521,-175.815863,0.479592,361,false,false,false
D1R1OBS_000361_0064,361,"918,812,1263,1068",57,7141,false,true,unresolved_response,"1221,984,1238,990",1228.874883,987.18218,61,4276,94,19.227172,5.23826,3.670526,-164.344161,0.484127,361,false,false,false
D1R1OBS_000361_0065,361,"918,812,1263,1068",57,7141,false,true,unresolved_response,"1177,993,1182,997",1179.771255,995.445344,16,988,69,7.390924,3.536604,2.089836,146.212266,0.533333,361,false,false,false
D1R1OBS_000361_0066,361,"918,812,1263,1068",57,7141,false,true,unresolved_response,"1175,1004,1183,1016",1177.686997,1009.888545,48,3230,105,12.21074,7.331847,1.665439,89.684615,0.410256,361,false,false,false
D1R1OBS_000361_0067,361,"918,812,1263,1068",57,7141,false,true,unresolved_response,"1109,1005,1114,1007",1111.689415,1006.164345,11,718,78,6.848814,2.7901,2.454684,169.771843,0.611111,361,false,false,false
D1R1OBS_000361_0068,361,"918,812,1263,1068",57,7141,false,true,unresolved_response,"1177,1013,1235,1049",1200.94086,1031.59038,757,56611,182,56.878632,26.816545,2.121028,-167.903775,0.34677,361,false,false,false
D1R1OBS_000361_0069,361,"918,812,1263,1068",57,7141,false,true,unresolved_response,"1246,1028,1262,1040",1253.648454,1034.454381,111,7760,130,17.542444,11.716999,1.497179,179.448478,0.502262,361,false,false,false
D1R1OBS_000362_0001,362,"937,819,1263,1056",59,5625,false,true,background_recurrence_candidate,"964,819,970,822",967.013457,820.354079,18,1189,79,7.330809,4.534302,1.616745,176.196712,0.642857,362,false,false,false
D1R1OBS_000362_0002,362,"937,819,1263,1056",59,5625,false,true,background_recurrence_candidate,"1141,819,1147,823",1144.050598,820.298068,17,1087,75,6.709379,5.814444,1.153916,154.517756,0.485714,362,false,false,false
D1R1OBS_000362_0003,362,"937,819,1263,1056",59,5625,false,true,background_recurrence_candidate,"1186,819,1189,823",1187.64774,821.530707,14,863,67,5.8958,4.220305,1.397008,116.505616,0.7,362,false,false,false
D1R1OBS_000362_0004,362,"937,819,1263,1056",59,5625,false,true,background_recurrence_candidate,"1195,819,1199,822",1196.902375,820.527704,12,758,68,5.519132,3.995425,1.381363,177.12087,0.6,362,false,false,false
D1R1OBS_000362_0005,362,"937,819,1263,1056",59,5625,false,true,unresolved_response,"1162,826,1173,831",1166.723901,828.68315,32,2184,88,12.949468,4.497848,2.879036,-169.205198,0.444444,362,false,false,false
D1R1OBS_000362_0006,362,"937,819,1263,1056",59,5625,false,true,background_recurrence_candidate,"1176,830,1193,839",1184.260381,834.383391,50,3203,75,17.70597,7.429497,2.383199,-166.601189,0.277778,362,false,false,false
D1R1OBS_000362_0007,362,"937,819,1263,1056",59,5625,false,true,background_recurrence_candidate,"1074,832,1080,834",1076.552758,832.853717,13,834,78,7.918897,2.765873,2.863073,167.433523,0.619048,362,false,false,false
D1R1OBS_000362_0008,362,"937,819,1263,1056",59,5625,false,true,background_recurrence_candidate,"1163,832,1171,840",1167.801339,835.850446,27,1792,91,11.02468,6.641449,1.659981,127.912345,0.333333,362,false,false,false
D1R1OBS_000362_0009,362,"937,819,1263,1056",59,5625,false,true,background_recurrence_candidate,"1197,832,1210,838",1203.2,834.749278,47,3115,85,15.406129,6.342809,2.428913,173.106048,0.479592,362,false,false,false
D1R1OBS_000362_0010,362,"937,819,1263,1056",59,5625,false,true,background_recurrence_candidate,"1157,834,1163,841",1160.104331,837.826772,16,1016,69,11.073754,3.755704,2.948516,123.213527,0.285714,362,false,false,false
D1R1OBS_000362_0011,362,"937,819,1263,1056",59,5625,false,true,unresolved_response,"1172,835,1175,842",1173.041549,838.01983,17,1059,69,8.778638,3.984557,2.203165,97.579249,0.53125,362,false,false,false
D1R1OBS_000362_0012,362,"937,819,1263,1056",59,5625,false,true,background_recurrence_candidate,"1226,837,1245,846",1237.355074,841.385617,114,8218,111,19.265469,9.014415,2.137185,178.914235,0.57,362,false,false,false
D1R1OBS_000362_0013,362,"937,819,1263,1056",59,5625,false,true,unresolved_response,"1215,838,1220,841",1217.7936,839.4176,10,625,72,6.904458,2.379451,2.901702,-151.97953,0.416667,362,false,false,false
D1R1OBS_000362_0014,362,"937,819,1263,1056",59,5625,false,true,unresolved_response,"1204,839,1207,842",1205.274709,840.479651,11,688,69,5.334403,3.820823,1.39614,154.517756,0.6875,362,false,false,false
D1R1OBS_000362_0015,362,"937,819,1263,1056",59,5625,false,true,background_recurrence_candidate,"1246,841,1250,846",1247.701346,843.605875,13,817,72,6.823816,4.150953,1.643915,126.669566,0.433333,362,false,false,false
D1R1OBS_000362_0016,362,"937,819,1263,1056",59,5625,false,true,unresolved_response,"1168,843,1177,845",1171.875,844.28588,14,864,69,11.928722,2.26587,5.264523,175.501277,0.466667,362,false,false,false
D1R1OBS_000362_0017,362,"937,819,1263,1056",59,5625,false,true,unresolved_response,"1217,844,1224,848",1220.42324,846.280746,18,1179,76,9.078252,4.707494,1.928468,-159.8935,0.45,362,false,false,false
D1R1OBS_000362_0018,362,"937,819,1263,1056",59,5625,false,true,background_recurrence_candidate,"1207,847,1225,862",1214.261864,852.686969,94,6469,93,17.692222,13.724591,1.289089,-169.083829,0.309211,362,false,false,false
D1R1OBS_000362_0019,362,"937,819,1263,1056",59,5625,false,true,background_recurrence_candidate,"1106,849,1111,852",1108.986854,850.695004,16,1141,91,6.659775,3.694239,1.802746,162.361312,0.666667,362,false,false,false
D1R1OBS_000362_0020,362,"937,819,1263,1056",59,5625,false,true,background_recurrence_candidate,"1225,850,1233,855",1228.883146,852.411236,21,1335,71,9.57652,5.084502,1.883473,-156.749981,0.388889,362,false,false,false
D1R1OBS_000362_0021,362,"937,819,1263,1056",59,5625,false,true,background_recurrence_candidate,"1028,856,1033,858",1030.268072,857.024096,10,664,74,7.243222,2.145321,3.376288,166.765062,0.555556,362,false,false,false
D1R1OBS_000362_0022,362,"937,819,1263,1056",59,5625,false,true,background_recurrence_candidate,"1253,864,1259,866",1256.050955,865.264968,12,785,69,7.965089,2.272317,3.505272,172.403795,0.571429,362,false,false,false
D1R1OBS_000362_0023,362,"937,819,1263,1056",59,5625,false,true,background_recurrence_candidate,"1188,865,1200,873",1192.890823,869.068553,42,2757,86,13.085719,8.000418,1.635629,171.22999,0.358974,362,false,false,false
D1R1OBS_000362_0024,362,"937,819,1263,1056",59,5625,false,true,background_recurrence_candidate,"969,884,975,893",972.715247,887.967862,22,1338,66,12.506915,3.810617,3.282123,64.190138,0.314286,362,false,false,false
D1R1OBS_000362_0025,362,"937,819,1263,1056",59,5625,false,true,background_recurrence_candidate,"1226,889,1235,893",1230.340188,891.186839,25,1702,85,10.774815,4.321655,2.493215,-170.494866,0.5,362,false,false,false
D1R1OBS_000362_0026,362,"937,819,1263,1056",59,5625,false,true,background_recurrence_candidate,"1211,890,1215,892",1213.383784,891.308108,10,740,87,5.350112,2.69952,1.981876,-179.522579,0.666667,362,false,false,false
D1R1OBS_000362_0027,362,"937,819,1263,1056",59,5625,false,true,background_recurrence_candidate,"962,895,1004,912",981.991024,905.90241,290,20166,125,46.219987,14.693891,3.145524,-177.209006,0.374677,362,false,false,false
D1R1OBS_000362_0028,362,"937,819,1263,1056",59,5625,false,true,background_recurrence_candidate,"941,904,945,907",943.249235,905.82263,10,654,72,6.185236,2.557901,2.41809,-144.826912,0.5,362,false,false,false
D1R1OBS_000362_0029,362,"937,819,1263,1056",59,5625,false,true,unresolved_response,"954,904,958,907",955.692418,905.353362,11,699,73,5.847813,3.430265,1.70477,163.051917,0.55,362,false,false,false
D1R1OBS_000362_0030,362,"937,819,1263,1056",59,5625,false,true,reappearance_candidate,"1124,916,1128,924",1126.282744,919.726611,15,962,73,10.5584,4.575941,2.307372,95.040299,0.333333,362,false,false,false
D1R1OBS_000362_0031,362,"937,819,1263,1056",59,5625,false,true,motion_shell_candidate,"1063,922,1069,925",1065.609047,923.885299,10,619,65,8.24544,2.998416,2.749932,-166.37001,0.357143,362,false,false,false
D1R1OBS_000362_0032,362,"937,819,1263,1056",59,5625,false,true,same_motion_supported,"1088,923,1096,927",1091.539877,924.638718,22,1467,82,9.502351,4.084566,2.326404,169.52479,0.488889,362,false,false,false
D1R1OBS_000362_0033,362,"937,819,1263,1056",59,5625,false,true,same_motion_supported,"1097,926,1103,930",1099.880993,928.256849,17,1168,90,6.955546,3.892273,1.787014,-159.94138,0.485714,362,false,false,false
D1R1OBS_000362_0034,362,"937,819,1263,1056",59,5625,false,true,same_motion_candidate,"1018,950,1169,987",1099.474098,966.68168,2131,168560,190,163.982638,25.553975,6.417109,177.127506,0.36894,362,false,false,false
D1R1OBS_000362_0035,362,"937,819,1263,1056",59,5625,false,true,same_motion_supported,"1165,958,1172,965",1169.115899,960.796434,21,1346,72,10.506023,4.703054,2.233873,-143.975033,0.328125,362,false,false,false
D1R1OBS_000362_0036,362,"937,819,1263,1056",59,5625,false,true,background_recurrence_candidate,"1259,983,1263,987",1261.144698,984.451933,15,1009,78,6.824237,3.911068,1.744852,-146.470995,0.6,362,false,false,false
D1R1OBS_000362_0037,362,"937,819,1263,1056",59,5625,false,true,background_recurrence_candidate,"1225,984,1242,990",1233.767793,987.009685,63,4440,97,19.232436,5.248727,3.66421,-167.696943,0.5,362,false,false,false
D1R1OBS_000362_0038,362,"937,819,1263,1056",59,5625,false,true,background_recurrence_candidate,"1183,993,1190,1001",1186.810855,996.823465,29,1824,79,9.092466,6.59952,1.377747,104.922556,0.402778,362,false,false,false
D1R1OBS_000362_0039,362,"937,819,1263,1056",59,5625,false,true,background_recurrence_candidate,"1181,1004,1187,1014",1183.863446,1009.442512,45,3105,97,11.178691,6.119227,1.826814,86.973621,0.584416,362,false,false,false
D1R1OBS_000362_0040,362,"937,819,1263,1056",59,5625,false,true,background_recurrence_candidate,"1184,1013,1241,1046",1207.601511,1032.209526,729,55196,161,59.420418,24.385236,2.436738,-167.572187,0.369675,362,false,false,false
D1R1OBS_000362_0041,362,"937,819,1263,1056",59,5625,false,true,background_recurrence_candidate,"1252,1030,1263,1039",1257.884607,1034.916177,61,4593,135,13.210046,8.447048,1.563865,-162.220717,0.508333,362,false,false,false
D1R1OBS_000363_0001,363,"951,823,1264,1047",60,5196,false,true,unresolved_response,"969,828,972,833",970.482533,829.768559,14,916,79,7.258376,4.304041,1.686409,97.304233,0.583333,363,false,false,false
D1R1OBS_000363_0002,363,"951,823,1264,1047",60,5196,false,true,unresolved_response,"1170,828,1179,830",1174.041549,829.136922,15,1059,86,11.721494,2.254502,5.199151,173.950317,0.5,363,false,false,false
D1R1OBS_000363_0003,363,"951,823,1264,1047",60,5196,false,true,static_background_candidate,"1203,831,1216,838",1208.708145,834.989442,40,2652,83,14.298661,6.598337,2.16701,177.330212,0.357143,363,false,false,false
D1R1OBS_000363_0004,363,"951,823,1264,1047",60,5196,false,true,unresolved_response,"1082,832,1088,835",1085.148198,833.578104,12,749,68,7.868161,2.418598,3.253191,-159.1215,0.428571,363,false,false,false
D1R1OBS_000363_0005,363,"951,823,1264,1047",60,5196,false,true,unresolved_response,"1181,832,1188,834",1185.352,832.664,15,1000,76,9.305455,2.861723,3.251697,-169.761078,0.625,363,false,false,false
D1R1OBS_000363_0006,363,"951,823,1264,1047",60,5196,false,true,unresolved_response,"1174,833,1179,835",1176.111406,833.777188,11,754,83,5.89939,2.972131,1.984902,-175.163322,0.611111,363,false,false,false
D1R1OBS_000363_0007,363,"951,823,1264,1047",60,5196,false,true,background_recurrence_candidate,"1191,833,1195,837",1192.721088,835.201361,11,735,73,5.568792,4.086276,1.362804,63.784296,0.44,363,false,false,false
D1R1OBS_000363_0008,363,"951,823,1264,1047",60,5196,false,true,static_background_candidate,"1234,833,1256,848",1245.003264,840.96526,116,8578,104,21.350623,10.902309,1.958358,163.803411,0.315217,363,false,false,false
D1R1OBS_000363_0009,363,"951,823,1264,1047",60,5196,false,true,static_background_candidate,"1168,835,1172,839",1169.702015,837.271474,14,943,81,6.922319,2.858217,2.421901,47.792251,0.56,363,false,false,false
D1R1OBS_000363_0010,363,"951,823,1264,1047",60,5196,false,true,static_background_candidate,"1181,835,1186,839",1183.22646,836.569726,13,839,73,6.24845,4.912877,1.271852,-162.826951,0.433333,363,false,false,false
D1R1OBS_000363_0011,363,"951,823,1264,1047",60,5196,false,true,background_recurrence_candidate,"1170,843,1181,846",1175.106849,844.642009,17,1095,78,12.958327,3.119106,4.1545,170.674726,0.354167,363,false,false,false
D1R1OBS_000363_0012,363,"951,823,1264,1047",60,5196,false,true,static_background_candidate,"1231,845,1234,848",1232.694136,846.605388,10,631,69,5.734884,2.666667,2.150581,138.366461,0.625,363,false,false,false
D1R1OBS_000363_0013,363,"951,823,1264,1047",60,5196,false,true,static_background_candidate,"1213,848,1238,855",1224.327084,851.764689,102,7148,97,27.0528,7.311841,3.699862,-179.498242,0.490385,363,false,false,false
D1R1OBS_000363_0014,363,"951,823,1264,1047",60,5196,false,true,static_background_candidate,"1112,850,1119,853",1115.723577,851.152993,20,1353,82,8.72649,3.729817,2.339656,165.425639,0.625,363,false,false,false
D1R1OBS_000363_0015,363,"951,823,1264,1047",60,5196,false,true,background_recurrence_candidate,"1240,850,1246,853",1243.201439,851.359712,11,695,69,8.588172,3.119971,2.752645,-173.83443,0.392857,363,false,false,false
D1R1OBS_000363_0016,363,"951,823,1264,1047",60,5196,false,true,background_recurrence_candidate,"1030,854,1040,860",1035.011898,857.292088,26,1681,73,13.593072,4.099242,3.315996,159.946166,0.337662,363,false,false,false
D1R1OBS_000363_0017,363,"951,823,1264,1047",60,5196,false,true,unresolved_response,"1192,863,1209,874",1200.594122,868.289045,62,4117,88,19.516899,9.872064,1.976983,178.459133,0.287037,363,false,false,false
D1R1OBS_000363_0018,363,"951,823,1264,1047",60,5196,false,true,static_background_candidate,"977,884,980,889",978.607477,886.587227,10,642,71,7.617916,1.958067,3.890528,54.574069,0.416667,363,false,false,false
D1R1OBS_000363_0019,363,"951,823,1264,1047",60,5196,false,true,unresolved_response,"1229,889,1241,893",1235.433167,891.064892,26,1803,88,13.876343,2.692615,5.153481,-166.181347,0.4,363,false,false,false
D1R1OBS_000363_0020,363,"951,823,1264,1047",60,5196,false,true,unresolved_response,"970,890,1010,912",989.537367,905.422054,282,20232,140,43.681351,17.37959,2.513371,-176.019706,0.299046,363,false,false,false
D1R1OBS_000363_0021,363,"951,823,1264,1047",60,5196,false,true,static_background_candidate,"1220,890,1224,892",1221.481959,891.20232,11,776,87,5.51362,2.929474,1.882119,-171.869898,0.733333,363,false,false,false
D1R1OBS_000363_0022,363,"951,823,1264,1047",60,5196,false,true,background_recurrence_candidate,"960,904,963,908",961.434416,905.837545,12,831,81,4.460205,3.982982,1.119815,93.455614,0.6,363,false,false,false
D1R1OBS_000363_0023,363,"951,823,1264,1047",60,5196,false,true,reappearance_provisionally_supported,"1119,918,1135,924",1126.922369,921.380952,38,2499,79,18.964878,4.266109,4.445474,162.837737,0.319328,363,false,false,false
D1R1OBS_000363_0024,363,"951,823,1264,1047",60,5196,false,true,same_motion_candidate,"1087,922,1101,927",1094.890536,925.106043,38,2631,86,18.056493,3.802379,4.748736,174.380943,0.422222,363,false,false,false
D1R1OBS_000363_0025,363,"951,823,1264,1047",60,5196,false,true,same_motion_supported,"1102,927,1108,929",1105.533069,927.825397,11,756,79,7.546062,3.292229,2.292083,-170.039334,0.52381,363,false,false,false
D1R1OBS_000363_0026,363,"951,823,1264,1047",60,5196,false,true,same_motion_supported,"1110,927,1114,930",1112.57293,928.930355,11,761,80,5.213692,3.719623,1.401672,169.795059,0.55,363,false,false,false
D1R1OBS_000363_0027,363,"951,823,1264,1047",60,5196,false,true,same_motion_supported,"1025,948,1172,986",1106.530194,966.890865,2187,180400,210,157.305572,26.652514,5.902091,177.498367,0.378898,363,false,false,false
D1R1OBS_000363_0028,363,"951,823,1264,1047",60,5196,false,true,same_motion_supported,"1172,956,1177,962",1174.377566,959.629765,21,1364,73,8.023315,5.324493,1.506869,128.584439,0.5,363,false,false,false
D1R1OBS_000363_0029,363,"951,823,1264,1047",60,5196,false,true,reappearance_candidate,"1178,958,1183,963",1179.933284,960.515938,20,1349,78,6.452391,6.180471,1.043997,-140.654966,0.555556,363,false,false,false
D1R1OBS_000363_0030,363,"951,823,1264,1047",60,5196,false,true,unresolved_response,"1176,967,1182,973",1178.858115,969.483965,16,1029,75,8.989455,5.058626,1.777055,-148.653752,0.326531,363,false,false,false
D1R1OBS_000363_0031,363,"951,823,1264,1047",60,5196,false,true,unresolved_response,"1187,968,1193,972",1190.527964,969.587248,14,894,69,7.880658,4.502095,1.750442,-157.542567,0.4,363,false,false,false
D1R1OBS_000363_0032,363,"951,823,1264,1047",60,5196,false,true,static_background_candidate,"1232,984,1242,988",1236.98573,986.328211,38,2733,98,11.839131,4.669443,2.535448,-178.743618,0.690909,363,false,false,false
D1R1OBS_000363_0033,363,"951,823,1264,1047",60,5196,false,true,unresolved_response,"1247,988,1253,990",1249.727735,989.1743,12,786,71,7.839929,2.869231,2.732415,-179.217109,0.571429,363,false,false,false
D1R1OBS_000363_0034,363,"951,823,1264,1047",60,5196,false,true,unresolved_response,"1190,995,1196,1000",1193.716611,997.590909,26,1782,85,7.057719,6.09547,1.157863,173.022418,0.619048,363,false,false,false
D1R1OBS_000363_0035,363,"951,823,1264,1047",60,5196,false,true,static_background_candidate,"1186,1004,1194,1020",1190.153396,1009.770881,45,3077,90,15.811823,6.958926,2.272164,76.380565,0.294118,363,false,false,false
D1R1OBS_000363_0036,363,"951,823,1264,1047",60,5196,false,true,unresolved_response,"1122,1005,1126,1008",1123.879756,1006.48554,10,657,72,5.57291,3.246948,1.716354,167.161592,0.5,363,false,false,false
D1R1OBS_000363_0037,363,"951,823,1264,1047",60,5196,false,true,static_background_candidate,"1191,1013,1248,1047",1213.670399,1031.904287,699,53859,175,57.190532,24.829041,2.303373,-167.446386,0.344335,363,false,false,false
D1R1OBS_000363_0038,363,"951,823,1264,1047",60,5196,false,true,static_background_candidate,"1259,1031,1264,1038",1261.717099,1034.67147,30,2082,91,8.21882,5.643872,1.456238,58.929453,0.625,363,false,false,false
D1R1OBS_000363_0039,363,"951,823,1264,1047",60,5196,false,true,unresolved_response,"1188,1035,1194,1037",1191.477714,1035.603429,13,875,75,8.751359,2.547674,3.435039,-176.385499,0.619048,363,false,false,false
D1R1OBS_000364_0001,364,"965,828,1267,1041",60,4840,false,true,unresolved_response,"1175,828,1180,830",1177.557377,828.744536,11,732,82,7.455524,2.582577,2.886854,178.807028,0.611111,364,false,false,false
D1R1OBS_000364_0002,364,"965,828,1267,1041",60,4840,false,true,static_background_candidate,"1187,831,1195,837",1190.280083,834.008299,29,1928,74,10.04671,6.10173,1.646535,-153.084046,0.460317,364,false,false,false
D1R1OBS_000364_0003,364,"965,828,1267,1041",60,4840,false,true,static_background_candidate,"1181,833,1185,836",1182.48017,834.749292,11,706,73,6.840962,3.373878,2.027626,-147.124602,0.55,364,false,false,false
D1R1OBS_000364_0004,364,"965,828,1267,1041",60,4840,false,true,unresolved_response,"1212,833,1229,837",1220.218281,834.65166,33,2199,81,19.345669,3.616411,5.349411,-172.237945,0.366667,364,false,false,false
D1R1OBS_000364_0005,364,"965,828,1267,1041",60,4840,false,true,static_background_candidate,"1167,835,1179,841",1173.579466,838.268167,34,2133,68,12.897368,5.657182,2.279822,174.430318,0.373626,364,false,false,false
D1R1OBS_000364_0006,364,"965,828,1267,1041",60,4840,false,true,background_recurrence_candidate,"1212,836,1215,839",1213.506569,837.035036,10,685,78,5.232378,3.771236,1.387444,125.537678,0.625,364,false,false,false
D1R1OBS_000364_0007,364,"965,828,1267,1041",60,4840,false,true,static_background_candidate,"1239,836,1259,846",1250.510134,841.044809,97,7253,107,20.063818,8.786699,2.283431,178.54515,0.419913,364,false,false,false
D1R1OBS_000364_0008,364,"965,828,1267,1041",60,4840,false,true,static_background_candidate,"1220,846,1241,856",1230.922155,851.575847,109,7759,100,23.299938,8.766447,2.657854,174.5393,0.450413,364,false,false,false
D1R1OBS_000364_0009,364,"965,828,1267,1041",60,4840,false,true,background_recurrence_candidate,"1181,855,1185,858",1183.376414,856.201939,10,619,65,6.389215,3.537127,1.806329,-147.638861,0.5,364,false,false,false
D1R1OBS_000364_0010,364,"965,828,1267,1041",60,4840,false,true,background_recurrence_candidate,"1224,859,1230,861",1227.087774,859.594044,10,638,67,7.865537,2.108185,3.730952,165.963757,0.47619,364,false,false,false
D1R1OBS_000364_0011,364,"965,828,1267,1041",60,4840,false,true,background_recurrence_candidate,"1208,865,1217,871",1213.08593,868.030217,32,2118,83,11.046611,4.901098,2.253905,-154.396907,0.457143,364,false,false,false
D1R1OBS_000364_0012,364,"965,828,1267,1041",60,4840,false,true,unresolved_response,"984,892,1022,912",999.710213,904.506244,242,17537,136,38.485369,16.103597,2.389862,-165.479218,0.295482,364,false,false,false
D1R1OBS_000364_0013,364,"965,828,1267,1041",60,4840,false,true,static_background_candidate,"978,903,980,910",978.6661,906.470688,18,1177,74,9.530138,2.743977,3.473111,90,0.75,364,false,false,false
D1R1OBS_000364_0014,364,"965,828,1267,1041",60,4840,false,true,static_background_candidate,"967,904,969,907",967.951185,905.53696,10,717,82,4.618802,2.828427,1.632993,116.565051,0.833333,364,false,false,false
D1R1OBS_000364_0015,364,"965,828,1267,1041",60,4840,false,true,unresolved_response,"982,907,986,910",983.583162,908.63655,14,974,81,4.915544,4.001657,1.228377,169.902833,0.7,364,false,false,false
D1R1OBS_000364_0016,364,"965,828,1267,1041",60,4840,false,true,reappeared_supported,"1129,919,1134,924",1131.322047,921.936042,20,1329,75,8.212594,4.295118,1.912076,-144.217474,0.555556,364,false,false,false
D1R1OBS_000364_0017,364,"965,828,1267,1041",60,4840,false,true,same_motion_supported,"1123,922,1127,924",1124.732044,923.100829,11,724,73,5.097217,3.311168,1.539401,175.542537,0.733333,364,false,false,false
D1R1OBS_000364_0018,364,"965,828,1267,1041",60,4840,false,true,motion_shell_candidate,"1105,923,1111,925",1107.992823,924.072967,13,836,73,6.567993,2.959544,2.219258,173.272079,0.619048,364,false,false,false
D1R1OBS_000364_0019,364,"965,828,1267,1041",60,4840,false,true,same_motion_supported,"1089,924,1099,927",1094.179866,925.886801,31,2235,86,11.348145,3.830021,2.962946,174.480564,0.704545,364,false,false,false
D1R1OBS_000364_0020,364,"965,828,1267,1041",60,4840,false,true,same_motion_supported,"1118,927,1122,930",1119.887133,928.837472,13,886,85,5.470524,3.300587,1.65744,150.217118,0.65,364,false,false,false
D1R1OBS_000364_0021,364,"965,828,1267,1041",60,4840,false,true,same_motion_supported,"1040,949,1220,992",1119.401584,967.92438,2265,187754,202,153.828378,28.497734,5.397916,178.537015,0.284405,364,false,false,false
D1R1OBS_000364_0022,364,"965,828,1267,1041",60,4840,false,true,unresolved_response,"1032,954,1043,975",1036.968478,962.604703,87,5869,86,23.817226,8.090761,2.943756,67.950821,0.329545,364,false,false,false
D1R1OBS_000364_0023,364,"965,828,1267,1041",60,4840,false,true,reappearance_candidate,"1057,958,1062,961",1059.022117,960.00316,10,633,69,7.502522,3.850102,1.948655,-150.481878,0.416667,364,false,false,false
D1R1OBS_000364_0024,364,"965,828,1267,1041",60,4840,false,true,same_motion_supported,"1183,958,1191,964",1186.682346,960.980631,26,1807,90,8.035182,6.654703,1.207444,166.344233,0.412698,364,false,false,false
D1R1OBS_000364_0025,364,"965,828,1267,1041",60,4840,false,true,unresolved_response,"1224,978,1229,980",1225.993661,978.987322,10,631,67,6.538756,2.649989,2.467465,-177.144703,0.555556,364,false,false,false
D1R1OBS_000364_0026,364,"965,828,1267,1041",60,4840,false,true,unresolved_response,"1046,979,1062,986",1054.092852,982.984848,39,2574,74,20.698309,2.956452,7.001063,163.006573,0.286765,364,false,false,false
D1R1OBS_000364_0027,364,"965,828,1267,1041",60,4840,false,true,unresolved_response,"1241,983,1248,989",1244.461318,985.813276,30,2094,87,8.644049,6.183586,1.397902,178.237056,0.535714,364,false,false,false
D1R1OBS_000364_0028,364,"965,828,1267,1041",60,4840,false,true,background_recurrence_candidate,"1250,985,1254,989",1252.159714,987.061979,13,839,72,6.54835,3.733581,1.753906,-136.015457,0.52,364,false,false,false
D1R1OBS_000364_0029,364,"965,828,1267,1041",60,4840,false,true,unresolved_response,"1036,986,1042,989",1039.260065,987.20457,14,919,74,8.331564,2.787804,2.988576,163.494917,0.5,364,false,false,false
D1R1OBS_000364_0030,364,"965,828,1267,1041",60,4840,false,true,static_background_candidate,"1256,988,1261,990",1258.434272,988.712441,13,852,73,6.869531,2.968088,2.314463,175.696763,0.722222,364,false,false,false
D1R1OBS_000364_0031,364,"965,828,1267,1041",60,4840,false,true,unresolved_response,"1011,995,1015,998",1012.90219,996.639416,11,685,66,6.240736,2.860155,2.181957,155.006833,0.55,364,false,false,false
D1R1OBS_000364_0032,364,"965,828,1267,1041",60,4840,false,true,background_recurrence_candidate,"1196,995,1208,1001",1201.299199,998.120659,34,2246,80,12.303557,5.167637,2.380886,-162.813244,0.373626,364,false,false,false
D1R1OBS_000364_0033,364,"965,828,1267,1041",60,4840,false,true,background_recurrence_candidate,"1128,1005,1131,1009",1129.597523,1006.585139,10,646,72,5.971835,3.46145,1.725241,69.326111,0.5,364,false,false,false
D1R1OBS_000364_0034,364,"965,828,1267,1041",60,4840,false,true,unresolved_response,"1194,1007,1203,1013",1198.434879,1009.671634,27,1812,88,10.046304,5.24233,1.916382,-162.045138,0.385714,364,false,false,false
D1R1OBS_000364_0035,364,"965,828,1267,1041",60,4840,false,true,unresolved_response,"1199,1012,1244,1041",1218.223012,1032.019607,561,43760,201,46.487401,24.162693,1.923933,-168.165943,0.406522,364,false,false,false
D1R1OBS_000364_0036,364,"965,828,1267,1041",60,4840,false,true,unresolved_response,"1197,1016,1202,1019",1199.706223,1016.921852,11,691,65,6.47292,4.176931,1.549683,178.977296,0.458333,364,false,false,false
D1R1OBS_000364_0037,364,"965,828,1267,1041",60,4840,false,true,static_background_candidate,"1245,1029,1253,1041",1249.257673,1035.346181,41,2802,82,11.210995,8.331628,1.345595,78.767246,0.350427,364,false,false,false
D1R1OBS_000364_0038,364,"965,828,1267,1041",60,4840,false,true,background_recurrence_candidate,"1193,1034,1199,1036",1196.37224,1034.724501,14,951,76,7.939637,2.444002,3.248621,-168.000831,0.666667,364,false,false,false
D1R1OBS_000365_0001,365,"976,830,1272,1038",62,4445,false,true,static_background_candidate,"1192,831,1199,836",1195.798711,833.709885,21,1396,74,8.689271,5.737213,1.514546,158.514943,0.4375,365,false,false,false
D1R1OBS_000365_0002,365,"976,830,1272,1038",62,4445,false,true,unresolved_response,"1186,833,1190,837",1188.402567,834.922987,13,857,73,5.958849,3.893429,1.530489,52.298288,0.52,365,false,false,false
D1R1OBS_000365_0003,365,"976,830,1272,1038",62,4445,false,true,unresolved_response,"1218,833,1235,838",1225.438865,834.997817,40,2748,86,19.486139,4.880431,3.992708,177.287975,0.37037,365,false,false,false
D1R1OBS_000365_0004,365,"976,830,1272,1038",62,4445,false,true,unresolved_response,"1244,837,1267,845",1258.065418,841.302207,98,7475,108,21.979063,7.931493,2.771113,-175.500388,0.453704,365,false,false,false
D1R1OBS_000365_0005,365,"976,830,1272,1038",62,4445,false,true,static_background_supported,"1177,839,1183,841",1180.190526,839.808421,14,950,78,7.403034,3.046802,2.429772,-171.464906,0.666667,365,false,false,false
D1R1OBS_000365_0006,365,"976,830,1272,1038",62,4445,false,true,static_background_candidate,"1230,849,1247,856",1237.931633,852.74589,84,6509,109,16.899909,6.991148,2.417329,-179.803376,0.583333,365,false,false,false
D1R1OBS_000365_0007,365,"976,830,1272,1038",62,4445,false,true,unresolved_response,"1125,850,1130,852",1127.407609,850.625,11,736,79,7.667768,2.636434,2.908386,175.480259,0.611111,365,false,false,false
D1R1OBS_000365_0008,365,"976,830,1272,1038",62,4445,false,true,background_recurrence_candidate,"1217,866,1225,871",1221.01183,868.776814,19,1268,74,8.896024,4.630935,1.920999,-153.379196,0.351852,365,false,false,false
D1R1OBS_000365_0009,365,"976,830,1272,1038",62,4445,false,true,background_recurrence_candidate,"985,895,1008,911",997.790275,903.5649,139,9584,90,23.10626,13.910584,1.661056,155.813493,0.340686,365,false,false,false
D1R1OBS_000365_0010,365,"976,830,1272,1038",62,4445,false,true,background_recurrence_candidate,"990,898,994,902",991.94958,899.637455,12,833,85,6.281373,3.064774,2.049539,135.34653,0.48,365,false,false,false
D1R1OBS_000365_0011,365,"976,830,1272,1038",62,4445,false,true,unresolved_response,"1007,901,1028,911",1015.845375,906.128107,102,7806,125,22.819632,7.946371,2.871705,168.935457,0.421488,365,false,false,false
D1R1OBS_000365_0012,365,"976,830,1272,1038",62,4445,false,true,same_motion_supported,"1129,921,1144,924",1135.707105,922.62929,30,2069,78,17.53664,3.472992,5.049432,177.396651,0.46875,365,false,false,false
D1R1OBS_000365_0013,365,"976,830,1272,1038",62,4445,false,true,same_motion_supported,"1090,924,1106,928",1098.46603,926.233296,49,3562,90,17.495773,4.172304,4.193312,172.113352,0.576471,365,false,false,false
D1R1OBS_000365_0014,365,"976,830,1272,1038",62,4445,false,true,same_motion_candidate,"1119,926,1123,929",1120.970105,926.986547,10,669,78,5.267182,3.86309,1.363463,-151.845034,0.5,365,false,false,false
D1R1OBS_000365_0015,365,"976,830,1272,1038",62,4445,false,true,same_motion_supported,"1124,927,1130,932",1126.642373,929.138136,17,1180,80,6.471675,5.144936,1.257873,-179.781318,0.404762,365,false,false,false
D1R1OBS_000365_0016,365,"976,830,1272,1038",62,4445,false,true,same_motion_supported,"1039,948,1211,995",1123.015044,967.767027,2361,201607,234,155.215563,30.223313,5.135624,177.856316,0.284321,365,false,false,false
D1R1OBS_000365_0017,365,"976,830,1272,1038",62,4445,false,true,same_motion_supported,"1186,956,1198,964",1192.647125,960.670687,49,3565,90,11.803848,7.7838,1.516463,-162.285825,0.418803,365,false,false,false
D1R1OBS_000365_0018,365,"976,830,1272,1038",62,4445,false,true,background_recurrence_candidate,"1228,978,1232,980",1229.916279,978.711628,10,645,68,5.569157,2.513529,2.215672,-168.563167,0.666667,365,false,false,false
D1R1OBS_000365_0019,365,"976,830,1272,1038",62,4445,false,true,static_background_candidate,"1247,983,1256,988",1251.150711,985.585928,36,2601,97,11.02122,5.772898,1.909131,178.901873,0.6,365,false,false,false
D1R1OBS_000365_0020,365,"976,830,1272,1038",62,4445,false,true,static_background_candidate,"1258,985,1264,990",1261.005128,988.207326,20,1365,74,8.30634,4.426533,1.876489,-155.703217,0.47619,365,false,false,false
D1R1OBS_000365_0021,365,"976,830,1272,1038",62,4445,false,true,background_recurrence_candidate,"1042,986,1050,989",1045.711289,987.390609,15,1001,75,10.149065,3.172245,3.199332,174.326611,0.416667,365,false,false,false
D1R1OBS_000365_0022,365,"976,830,1272,1038",62,4445,false,true,unresolved_response,"1204,994,1212,1000",1208.48552,997.465158,32,2210,81,10.591657,6.607232,1.60304,164.580566,0.507937,365,false,false,false
D1R1OBS_000365_0023,365,"976,830,1272,1038",62,4445,false,true,background_recurrence_candidate,"1201,1007,1206,1010",1203.776709,1009.120726,13,936,86,7.292728,3.615595,2.01702,168.881652,0.541667,365,false,false,false
D1R1OBS_000365_0024,365,"976,830,1272,1038",62,4445,false,true,background_recurrence_candidate,"1201,1015,1262,1038",1226.844928,1031.465357,536,42967,220,57.650203,20.703208,2.784602,-171.106844,0.360215,365,false,false,false
D1R1OBS_000366_0001,366,"986,831,1282,1039",61,4743,false,true,static_background_candidate,"1201,831,1203,836",1202.001546,833.088099,10,647,68,7.173232,3.254102,2.204366,87.504333,0.555556,366,false,false,false
D1R1OBS_000366_0002,366,"986,831,1282,1039",61,4743,false,true,background_recurrence_candidate,"1226,832,1236,837",1230.992343,834.729454,29,1959,81,10.128104,5.594053,1.810513,-176.203725,0.439394,366,false,false,false
D1R1OBS_000366_0003,366,"986,831,1282,1039",61,4743,false,true,background_recurrence_candidate,"1257,836,1275,845",1266.18716,841.24443,82,6059,103,18.482594,7.976584,2.317106,170.948173,0.431579,366,false,false,false
D1R1OBS_000366_0004,366,"986,831,1282,1039",61,4743,false,true,static_background_candidate,"1234,845,1252,856",1244.455732,851.48878,100,7353,104,18.314394,9.644318,1.898983,162.310539,0.438596,366,false,false,false
D1R1OBS_000366_0005,366,"986,831,1282,1039",61,4743,false,true,unresolved_response,"1049,850,1051,854",1049.817931,852.031724,11,725,76,5.302735,2.820236,1.880245,103.282526,0.733333,366,false,false,false
D1R1OBS_000366_0006,366,"986,831,1282,1039",61,4743,false,true,static_background_candidate,"1227,868,1232,874",1229.403789,869.866401,15,1003,75,7.367988,6.327446,1.164449,102.323385,0.357143,366,false,false,false
D1R1OBS_000366_0007,366,"986,831,1282,1039",61,4743,false,true,unresolved_response,"1235,868,1238,874",1236.926009,869.959641,14,892,68,7.52679,3.984333,1.889097,88.269622,0.5,366,false,false,false
D1R1OBS_000366_0008,366,"986,831,1282,1039",61,4743,false,true,static_background_candidate,"997,894,1016,911",1005.959907,902.741232,159,11149,90,19.206364,16.149003,1.189322,166.173936,0.441667,366,false,false,false
D1R1OBS_000366_0009,366,"986,831,1282,1039",61,4743,false,true,background_recurrence_candidate,"1014,901,1036,913",1024.961733,905.879921,118,9094,118,22.172733,9.445081,2.347543,168.609698,0.394649,366,false,false,false
D1R1OBS_000366_0010,366,"986,831,1282,1039",61,4743,false,true,static_background_candidate,"993,905,995,909",993.697917,907.372024,10,672,79,5.350112,2.69952,1.981876,90.477421,0.666667,366,false,false,false
D1R1OBS_000366_0011,366,"986,831,1282,1039",61,4743,false,true,same_motion_supported,"1140,921,1144,923",1142.099388,922.200306,10,654,74,5.760196,2.61154,2.20567,-159.825092,0.666667,366,false,false,false
D1R1OBS_000366_0012,366,"986,831,1282,1039",61,4743,false,true,same_motion_supported,"1097,924,1105,928",1101.3916,926.901174,22,1619,88,10.818674,3.413052,3.169795,165.622647,0.488889,366,false,false,false
D1R1OBS_000366_0013,366,"986,831,1282,1039",61,4743,false,true,same_motion_supported,"1126,925,1137,932",1131.604309,928.717288,28,1903,89,14.735048,5.566344,2.647168,-158.704958,0.291667,366,false,false,false
D1R1OBS_000366_0014,366,"986,831,1282,1039",61,4743,false,true,same_motion_supported,"1131,945,1137,948",1133.845183,946.620413,13,872,73,7.418694,3.160477,2.347334,-147.815799,0.464286,366,false,false,false
D1R1OBS_000366_0015,366,"986,831,1282,1039",61,4743,false,true,same_motion_supported,"1048,950,1191,992",1126.212867,967.643862,2314,196508,218,148.660494,29.703536,5.004808,177.124252,0.373708,366,false,false,false
D1R1OBS_000366_0016,366,"986,831,1282,1039",61,4743,false,true,reappearance_candidate,"1078,956,1082,961",1079.817518,957.984489,16,1096,82,6.569581,4.61598,1.423226,141.254924,0.533333,366,false,false,false
D1R1OBS_000366_0017,366,"986,831,1282,1039",61,4743,false,true,same_motion_supported,"1196,956,1206,965",1201.288068,960.954319,56,4006,94,11.458365,9.546028,1.200328,162.513703,0.509091,366,false,false,false
D1R1OBS_000366_0018,366,"986,831,1282,1039",61,4743,false,true,reappearance_candidate,"1192,970,1223,976",1206.748882,973.518469,86,6037,82,35.293776,3.802622,9.281432,-172.732471,0.383929,366,false,false,false
D1R1OBS_000366_0019,366,"986,831,1282,1039",61,4743,false,true,static_background_supported,"1243,980,1265,988",1255.632987,984.005052,50,3365,86,23.443541,5.593908,4.190905,-161.329486,0.241546,366,false,false,false
D1R1OBS_000366_0020,366,"986,831,1282,1039",61,4743,false,true,unresolved_response,"1264,986,1271,990",1267.436931,988.46749,22,1538,81,8.541148,4.378355,1.950766,-176.300203,0.55,366,false,false,false
D1R1OBS_000366_0021,366,"986,831,1282,1039",61,4743,false,true,unresolved_response,"1030,993,1036,996",1032.799435,994.179379,11,708,72,8.046363,2.773517,2.901141,163.641164,0.392857,366,false,false,false
D1R1OBS_000366_0022,366,"986,831,1282,1039",61,4743,false,true,background_recurrence_candidate,"1214,993,1219,1000",1216.582105,997.661579,27,1900,89,7.943631,6.361264,1.24875,125.23518,0.5625,366,false,false,false
D1R1OBS_000366_0023,366,"986,831,1282,1039",61,4743,false,true,unresolved_response,"1210,1007,1218,1011",1213.443878,1008.90625,23,1568,85,10.30062,5.087378,2.024741,-177.331222,0.511111,366,false,false,false
D1R1OBS_000366_0024,366,"986,831,1282,1039",61,4743,false,true,unresolved_response,"1203,1013,1267,1039",1233.25246,1032.312141,567,45425,197,57.413018,21.511096,2.668995,-173.32386,0.323077,366,false,false,false
D1R1OBS_000367_0001,367,"993,833,1289,1041",61,4792,false,true,static_background_candidate,"1234,833,1243,837",1237.586909,834.930693,27,1818,85,11.036525,4.100755,2.69134,-174.379185,0.54,367,false,false,false
D1R1OBS_000367_0002,367,"993,833,1289,1041",61,4792,false,true,unresolved_response,"1267,836,1283,846",1275.254051,841.696677,83,6109,97,17.123122,8.581495,1.995354,176.398609,0.44385,367,false,false,false
D1R1OBS_000367_0003,367,"993,833,1289,1041",61,4792,false,true,static_background_supported,"1243,844,1255,857",1249.680433,851.385917,81,5908,110,14.24447,11.17178,1.27504,148.395133,0.445055,367,false,false,false
D1R1OBS_000367_0004,367,"993,833,1289,1041",61,4792,false,true,unresolved_response,"1214,848,1219,852",1216.958726,850.705189,13,848,71,6.210836,4.72743,1.313787,178.550712,0.433333,367,false,false,false
D1R1OBS_000367_0005,367,"993,833,1289,1041",61,4792,false,true,unresolved_response,"1257,849,1262,854",1259.412274,851.944404,20,1385,85,7.917148,5.379574,1.471706,150.972376,0.555556,367,false,false,false
D1R1OBS_000367_0006,367,"993,833,1289,1041",61,4792,false,true,unresolved_response,"1083,852,1090,855",1086.56978,853.660021,15,953,68,8.789604,3.265986,2.691256,0,0.46875,367,false,false,false
D1R1OBS_000367_0007,367,"993,833,1289,1041",61,4792,false,true,static_background_candidate,"1208,853,1211,857",1209.306154,855.718462,10,650,71,5.871581,3.957003,1.483846,56.101739,0.5,367,false,false,false
D1R1OBS_000367_0008,367,"993,833,1289,1041",61,4792,false,true,unresolved_response,"1242,864,1244,870",1243.333761,867.332478,12,779,67,8.902564,2.654692,3.35352,101.043586,0.571429,367,false,false,false
D1R1OBS_000367_0009,367,"993,833,1289,1041",61,4792,false,true,background_recurrence_candidate,"1232,868,1239,871",1235.63317,869.330882,18,1224,79,7.666828,3.87941,1.976287,-179.177798,0.5625,367,false,false,false
D1R1OBS_000367_0010,367,"993,833,1289,1041",61,4792,false,true,static_background_candidate,"1004,894,1046,912",1024.472658,904.78731,324,23499,112,41.825051,13.69019,3.055111,-178.043884,0.396573,367,false,false,false
D1R1OBS_000367_0011,367,"993,833,1289,1041",61,4792,false,true,static_background_candidate,"1000,896,1009,906",1004.277302,899.860814,28,1868,78,14.87319,5.793161,2.56737,128.481865,0.254545,367,false,false,false
D1R1OBS_000367_0012,367,"993,833,1289,1041",61,4792,false,true,same_motion_supported,"1148,917,1152,919",1150.060888,918.085655,14,969,78,5.972842,3.304326,1.807583,176.942248,0.933333,367,false,false,false
D1R1OBS_000367_0013,367,"993,833,1289,1041",61,4792,false,true,reappearance_candidate,"1167,917,1173,919",1169.48121,917.895509,15,1091,82,7.576729,3.104964,2.440199,-173.735596,0.714286,367,false,false,false
D1R1OBS_000367_0014,367,"993,833,1289,1041",61,4792,false,true,same_motion_supported,"1132,925,1137,929",1134.539936,927.448349,14,939,75,7.80251,4.070797,1.916704,-135.056841,0.466667,367,false,false,false
D1R1OBS_000367_0015,367,"993,833,1289,1041",61,4792,false,true,same_motion_supported,"1104,926,1112,928",1107.962665,926.995608,20,1366,81,9.141534,3.14069,2.910677,176.719658,0.740741,367,false,false,false
D1R1OBS_000367_0016,367,"993,833,1289,1041",61,4792,false,true,motion_shell_candidate,"1120,931,1124,933",1121.614221,932.310136,10,661,73,5.734884,2.666667,2.150581,-175.236358,0.666667,367,false,false,false
D1R1OBS_000367_0017,367,"993,833,1289,1041",61,4792,false,true,same_motion_supported,"1126,931,1131,933",1129.003058,931.810398,10,654,69,6.644222,2.911449,2.282101,-168.250717,0.555556,367,false,false,false
D1R1OBS_000367_0018,367,"993,833,1289,1041",61,4792,false,true,same_motion_supported,"1054,950,1199,989",1133.164908,967.556223,2289,193568,227,146.563919,28.379381,5.164451,177.702293,0.391952,367,false,false,false
D1R1OBS_000367_0019,367,"993,833,1289,1041",61,4792,false,true,reappearance_provisionally_supported,"1085,956,1092,959",1088.209358,957.467883,18,1261,86,7.326764,4.230866,1.731741,168.83498,0.5625,367,false,false,false
D1R1OBS_000367_0020,367,"993,833,1289,1041",61,4792,false,true,same_motion_supported,"1202,957,1218,967",1209.3454,961.2898,72,5000,90,15.02428,8.870232,1.693787,-170.51276,0.385027,367,false,false,false
D1R1OBS_000367_0021,367,"993,833,1289,1041",61,4792,false,true,reappearance_provisionally_supported,"1218,968,1221,976",1219.381485,971.917599,15,983,74,9.051635,4.387352,2.06312,83.252133,0.416667,367,false,false,false
D1R1OBS_000367_0022,367,"993,833,1289,1041",61,4792,false,true,unresolved_response,"1208,970,1212,976",1210.207865,973.414607,14,890,72,8.282354,4.444576,1.863475,103.951316,0.4,367,false,false,false
D1R1OBS_000367_0023,367,"993,833,1289,1041",61,4792,false,true,unresolved_response,"1199,972,1207,976",1202.584197,973.914508,12,772,68,11.066544,2.299822,4.811913,-154.181807,0.266667,367,false,false,false
D1R1OBS_000367_0024,367,"993,833,1289,1041",61,4792,false,true,unresolved_response,"1064,979,1070,984",1067.405475,981.925577,18,1169,72,8.089608,5.261408,1.537537,154.323709,0.428571,367,false,false,false
D1R1OBS_000367_0025,367,"993,833,1289,1041",61,4792,false,true,unresolved_response,"1154,980,1161,982",1158.165094,980.778302,13,848,73,8.843014,2.299628,3.84541,175.467595,0.541667,367,false,false,false
D1R1OBS_000367_0026,367,"993,833,1289,1041",61,4792,false,true,unresolved_response,"1268,984,1280,991",1273.194829,988.799631,32,2166,86,15.065082,5.745525,2.622055,-162.625,0.307692,367,false,false,false
D1R1OBS_000367_0027,367,"993,833,1289,1041",61,4792,false,true,static_background_supported,"1261,985,1265,989",1263.365417,986.687394,17,1174,79,6.220001,4.08942,1.520998,-140.715151,0.68,367,false,false,false
D1R1OBS_000367_0028,367,"993,833,1289,1041",61,4792,false,true,unresolved_response,"1131,986,1134,992",1132.800205,989.018443,15,976,72,8.57293,3.717413,2.306155,85.593549,0.535714,367,false,false,false
D1R1OBS_000367_0029,367,"993,833,1289,1041",61,4792,false,true,static_background_candidate,"1220,994,1225,1000",1222.264621,997.532137,24,1727,87,7.447362,5.481245,1.358699,137.354692,0.571429,367,false,false,false
D1R1OBS_000367_0030,367,"993,833,1289,1041",61,4792,false,true,background_recurrence_candidate,"1214,1003,1221,1016",1217.739975,1009.383216,37,2419,83,13.921911,6.83615,2.036513,101.72279,0.330357,367,false,false,false
D1R1OBS_000367_0031,367,"993,833,1289,1041",61,4792,false,true,unresolved_response,"1222,1007,1225,1011",1223.597059,1008.995588,10,680,75,5.019644,3.824317,1.31256,99.826912,0.5,367,false,false,false
D1R1OBS_000367_0032,367,"993,833,1289,1041",61,4792,false,true,background_recurrence_candidate,"1219,1014,1275,1041",1240.081679,1032.427465,587,46205,168,53.123682,22.615122,2.349034,-169.08081,0.367794,367,false,false,false
D1R1OBS_000367_0033,367,"993,833,1289,1041",61,4792,false,true,static_background_supported,"1257,1029,1266,1034",1260.39031,1031.574306,26,1837,100,10.022387,5.525416,1.81387,176.318648,0.433333,367,false,false,false
D1R1OBS_000367_0034,367,"993,833,1289,1041",61,4792,false,true,unresolved_response,"1284,1032,1289,1034",1287.061617,1032.858793,12,779,76,6.769973,2.992549,2.262276,-165.875132,0.666667,367,false,false,false
D1R1OBS_000368_0001,368,"1000,832,1296,1040",61,4665,false,true,static_background_supported,"1234,832,1239,838",1236.51272,835.229941,16,1022,68,8.106027,4.548881,1.781983,116.836587,0.380952,368,false,false,false
D1R1OBS_000368_0002,368,"1000,832,1296,1040",61,4665,false,true,static_background_supported,"1241,833,1247,838",1243.690706,834.875093,20,1345,80,6.680967,5.929094,1.126811,164.496303,0.47619,368,false,false,false
D1R1OBS_000368_0003,368,"1000,832,1296,1040",61,4665,false,true,unresolved_response,"1249,833,1255,836",1251.877005,835.079144,14,935,76,7.663286,3.667406,2.089566,-179.777497,0.5,368,false,false,false
D1R1OBS_000368_0004,368,"1000,832,1296,1040",61,4665,false,true,background_recurrence_candidate,"1273,835,1289,846",1281.167854,841.288281,85,6178,97,15.285516,10.260367,1.489763,174.454486,0.416667,368,false,false,false
D1R1OBS_000368_0005,368,"1000,832,1296,1040",61,4665,false,true,background_recurrence_candidate,"1249,846,1268,855",1257.542145,851.557437,77,5493,94,21.572098,8.040611,2.682893,-178.084511,0.385,368,false,false,false
D1R1OBS_000368_0006,368,"1000,832,1296,1040",61,4665,false,true,unresolved_response,"1063,850,1067,853",1064.484985,851.400901,10,666,71,5.217748,4.128169,1.263938,157.85366,0.5,368,false,false,false
D1R1OBS_000368_0007,368,"1000,832,1296,1040",61,4665,false,true,unresolved_response,"1274,857,1281,859",1277.051088,858.199622,15,1057,81,9.093676,2.384535,3.813605,-166.970989,0.625,368,false,false,false
D1R1OBS_000368_0008,368,"1000,832,1296,1040",61,4665,false,true,static_background_candidate,"1236,866,1246,873",1241.100905,869.045701,33,2210,83,11.611217,6.527165,1.778906,-166.081708,0.375,368,false,false,false
D1R1OBS_000368_0009,368,"1000,832,1296,1040",61,4665,false,true,unresolved_response,"1253,872,1260,879",1255.769847,874.980335,21,1373,72,11.2524,5.332083,2.11032,122.930727,0.328125,368,false,false,false
D1R1OBS_000368_0010,368,"1000,832,1296,1040",61,4665,false,true,static_background_candidate,"1007,894,1056,913",1029.821565,904.395734,400,29770,128,51.707633,16.380305,3.156695,-177.77886,0.4,368,false,false,false
D1R1OBS_000368_0011,368,"1000,832,1296,1040",61,4665,false,true,same_motion_supported,"1154,917,1161,919",1157.13628,918.26151,16,1086,78,8.751378,2.854244,3.066093,-171.620976,0.666667,368,false,false,false
D1R1OBS_000368_0012,368,"1000,832,1296,1040",61,4665,false,true,reappearance_provisionally_supported,"1170,917,1182,920",1176.564434,918.336259,30,2165,93,11.652818,4.220407,2.761065,-173.293821,0.576923,368,false,false,false
D1R1OBS_000368_0013,368,"1000,832,1296,1040",61,4665,false,true,same_motion_supported,"1124,931,1139,936",1131.633925,932.883642,37,2647,90,13.969462,5.614339,2.488176,177.599666,0.385417,368,false,false,false
D1R1OBS_000368_0014,368,"1000,832,1296,1040",61,4665,false,true,same_motion_supported,"1131,939,1137,940",1133.881463,939.498108,12,793,74,8.937885,2.087255,4.282125,179.448263,0.857143,368,false,false,false
D1R1OBS_000368_0015,368,"1000,832,1296,1040",61,4665,false,true,same_motion_supported,"1131,943,1137,944",1133.664671,943.392216,10,668,74,8.855918,2.058978,4.301122,178.901339,0.714286,368,false,false,false
D1R1OBS_000368_0016,368,"1000,832,1296,1040",61,4665,false,true,same_motion_supported,"1060,946,1205,992",1136.038043,967.586904,2242,186078,199,145.038789,29.840551,4.86046,178.550771,0.326727,368,false,false,false
D1R1OBS_000368_0017,368,"1000,832,1296,1040",61,4665,false,true,unresolved_response,"1076,955,1078,959",1076.84796,957.227441,12,809,75,5.07081,3.33697,1.519585,88.092963,0.8,368,false,false,false
D1R1OBS_000368_0018,368,"1000,832,1296,1040",61,4665,false,true,same_motion_supported,"1210,957,1224,965",1216.365892,961.460956,55,3829,93,14.738656,7.057266,2.088437,-171.069368,0.407407,368,false,false,false
D1R1OBS_000368_0019,368,"1000,832,1296,1040",61,4665,false,true,reappeared_supported,"1216,970,1221,973",1218.898917,971.299639,13,831,69,6.68566,3.300257,2.0258,161.321689,0.541667,368,false,false,false
D1R1OBS_000368_0020,368,"1000,832,1296,1040",61,4665,false,true,unresolved_response,"1080,978,1083,981",1081.015106,979.595166,10,662,71,4.316506,3.752185,1.150398,154.329904,0.625,368,false,false,false
D1R1OBS_000368_0021,368,"1000,832,1296,1040",61,4665,false,true,background_recurrence_candidate,"1074,979,1077,982",1075.209581,980.80988,10,668,78,4.844241,3.265986,1.48324,135,0.625,368,false,false,false
D1R1OBS_000368_0022,368,"1000,832,1296,1040",61,4665,false,true,background_recurrence_candidate,"1267,986,1274,991",1270.415686,987.486275,16,1020,67,10.189733,4.207454,2.421829,-150.645405,0.333333,368,false,false,false
D1R1OBS_000368_0023,368,"1000,832,1296,1040",61,4665,false,true,unresolved_response,"1275,987,1282,991",1278.630925,988.860917,19,1287,79,9.236994,3.394118,2.721471,-162.429603,0.475,368,false,false,false
D1R1OBS_000368_0024,368,"1000,832,1296,1040",61,4665,false,true,unresolved_response,"1228,997,1231,999",1229.586727,997.883861,10,663,75,4.700627,3.495028,1.344947,175.862054,0.833333,368,false,false,false
D1R1OBS_000368_0025,368,"1000,832,1296,1040",61,4665,false,true,background_recurrence_candidate,"1226,1007,1231,1011",1228.631699,1009.077537,13,877,73,7.193458,4.500462,1.598382,156.576195,0.433333,368,false,false,false
D1R1OBS_000368_0026,368,"1000,832,1296,1040",61,4665,false,true,static_background_supported,"1223,1011,1281,1040",1247.061641,1031.314021,596,45911,143,55.351343,25.195647,2.196861,-169.051257,0.336723,368,false,false,false
D1R1OBS_000368_0027,368,"1000,832,1296,1040",61,4665,false,true,unresolved_response,"1262,1018,1267,1021",1264.286396,1019.614558,13,838,68,7.208505,3.439814,2.095609,175.292913,0.541667,368,false,false,false
D1R1OBS_000369_0001,369,"1007,834,1303,1041",64,4727,false,true,static_background_supported,"1246,834,1253,838",1249.260923,835.510769,23,1625,79,9.271214,4.176578,2.219811,159.314994,0.575,369,false,false,false
D1R1OBS_000369_0002,369,"1007,834,1303,1041",64,4727,false,true,static_background_candidate,"1255,834,1263,836",1258.452181,835.173658,17,1192,81,9.098817,2.81379,3.233652,-169.358432,0.62963,369,false,false,false
D1R1OBS_000369_0003,369,"1007,834,1303,1041",64,4727,false,true,static_background_candidate,"1278,835,1296,846",1287.148063,841.313121,95,6943,100,17.267796,10.085599,1.712124,178.073497,0.416667,369,false,false,false
D1R1OBS_000369_0004,369,"1007,834,1303,1041",64,4727,false,true,static_background_candidate,"1255,846,1270,856",1262.442763,851.377542,82,5949,98,15.636742,9.541332,1.638843,-170.74399,0.465909,369,false,false,false
D1R1OBS_000369_0005,369,"1007,834,1303,1041",64,4727,false,true,background_recurrence_candidate,"1281,856,1284,859",1282.519952,857.859734,11,827,86,4.443909,3.582387,1.240488,-142.310437,0.6875,369,false,false,false
D1R1OBS_000369_0006,369,"1007,834,1303,1041",64,4727,false,true,background_recurrence_candidate,"1246,867,1252,872",1248.627465,869.152113,20,1420,91,7.380553,5.114588,1.44304,-150.533022,0.47619,369,false,false,false
D1R1OBS_000369_0007,369,"1007,834,1303,1041",64,4727,false,true,unresolved_response,"1009,884,1062,915",1036.142224,904.195248,468,37209,154,53.978254,19.798689,2.726355,-174.927357,0.270833,369,false,false,false
D1R1OBS_000369_0008,369,"1007,834,1303,1041",64,4727,false,true,same_motion_supported,"1178,917,1187,920",1182.756784,918.15105,25,1953,103,10.051175,3.560976,2.82259,-168.823102,0.625,369,false,false,false
D1R1OBS_000369_0009,369,"1007,834,1303,1041",64,4727,false,true,same_motion_supported,"1115,919,1119,921",1117.324363,919.79745,10,706,79,5.738927,2.375393,2.415991,-156.576195,0.666667,369,false,false,false
D1R1OBS_000369_0010,369,"1007,834,1303,1041",64,4727,false,true,same_motion_supported,"1130,931,1141,937",1135.9,933.533893,40,2980,94,11.500323,6.311487,1.822126,179.80925,0.47619,369,false,false,false
D1R1OBS_000369_0011,369,"1007,834,1303,1041",64,4727,false,true,same_motion_supported,"1133,943,1143,945",1137.921769,943.586735,17,1176,79,14.035746,2.46103,5.703201,-178.976036,0.515152,369,false,false,false
D1R1OBS_000369_0012,369,"1007,834,1303,1041",64,4727,false,true,reappearance_candidate,"1132,946,1142,948",1137.210021,947.378174,21,1457,75,12.451953,2.357626,5.281564,179.722583,0.636364,369,false,false,false
D1R1OBS_000369_0013,369,"1007,834,1303,1041",64,4727,false,true,same_motion_supported,"1067,950,1206,985",1140.059167,967.706163,2074,180726,201,144.701693,26.447834,5.471212,177.692676,0.411508,369,false,false,false
D1R1OBS_000369_0014,369,"1007,834,1303,1041",64,4727,false,true,unresolved_response,"1205,954,1209,959",1207.668478,956.503106,18,1288,88,6.414021,5.225398,1.22747,61.875063,0.6,369,false,false,false
D1R1OBS_000369_0015,369,"1007,834,1303,1041",64,4727,false,true,same_motion_supported,"1218,955,1227,964",1222.934311,960.200122,46,3273,91,10.27578,8.209376,1.251713,153.717847,0.46,369,false,false,false
D1R1OBS_000369_0016,369,"1007,834,1303,1041",64,4727,false,true,reappearance_candidate,"1093,956,1102,963",1098.061658,958.879839,45,3487,108,10.59826,7.234047,1.465053,168.209174,0.5625,369,false,false,false
D1R1OBS_000369_0017,369,"1007,834,1303,1041",64,4727,false,true,same_motion_supported,"1212,974,1218,977",1215.136621,975.772029,18,1237,76,7.663266,3.248906,2.358722,-168.902961,0.642857,369,false,false,false
D1R1OBS_000369_0018,369,"1007,834,1303,1041",64,4727,false,true,static_background_candidate,"1063,978,1068,983",1065.322347,979.676045,18,1244,76,7.04075,5.568034,1.264495,144.447061,0.5,369,false,false,false
D1R1OBS_000369_0019,369,"1007,834,1303,1041",64,4727,false,true,unresolved_response,"1049,981,1056,983",1052.555556,981.852608,13,882,72,8.618993,2.635096,3.270846,174.379261,0.541667,369,false,false,false
D1R1OBS_000369_0020,369,"1007,834,1303,1041",64,4727,false,true,unresolved_response,"1134,987,1146,988",1139.528714,987.60362,22,1602,83,13.943569,1.995947,6.985941,-178.916121,0.846154,369,false,false,false
D1R1OBS_000369_0021,369,"1007,834,1303,1041",64,4727,false,true,unresolved_response,"1135,990,1146,992",1140.069405,991.384561,20,1412,85,13.325027,2.339921,5.694649,-177.810862,0.555556,369,false,false,false
D1R1OBS_000369_0022,369,"1007,834,1303,1041",64,4727,false,true,unresolved_response,"1136,994,1143,996",1139.110381,994.913272,11,761,76,9.60308,2.157216,4.451609,-179.809651,0.458333,369,false,false,false
D1R1OBS_000369_0023,369,"1007,834,1303,1041",64,4727,false,true,background_recurrence_candidate,"1234,995,1242,1000",1238.262097,997.538018,25,1736,86,8.962044,5.086102,1.762066,-165.047508,0.462963,369,false,false,false
D1R1OBS_000369_0024,369,"1007,834,1303,1041",64,4727,false,true,unresolved_response,"1234,1008,1238,1012",1236.148741,1009.905034,13,874,74,6.731802,3.391659,1.984811,53.283038,0.52,369,false,false,false
D1R1OBS_000369_0025,369,"1007,834,1303,1041",64,4727,false,true,unresolved_response,"1251,1010,1256,1017",1253.795676,1013.794979,21,1434,78,8.697673,5.208784,1.669809,110.334804,0.4375,369,false,false,false
D1R1OBS_000369_0026,369,"1007,834,1303,1041",64,4727,false,true,static_background_supported,"1231,1013,1287,1041",1253.657316,1031.252664,601,48800,152,56.628919,21.255764,2.664168,-168.278001,0.363581,369,false,false,false
D1R1OBS_000370_0001,370,"1012,835,1308,1043",65,4484,false,true,static_background_supported,"1235,835,1247,838",1241.749386,836.100737,18,1221,75,14.976043,2.924847,5.120282,171.777408,0.346154,370,false,false,false
D1R1OBS_000370_0002,370,"1012,835,1308,1043",65,4484,false,true,unresolved_response,"1250,835,1255,838",1252.572833,836.188561,16,1119,78,6.43078,4.079836,1.576235,-169.07059,0.666667,370,false,false,false
D1R1OBS_000370_0003,370,"1012,835,1308,1043",65,4484,false,true,static_background_candidate,"1266,835,1270,837",1267.919075,835.904624,10,692,78,5.694619,3.143633,1.811477,-161.022885,0.666667,370,false,false,false
D1R1OBS_000370_0004,370,"1012,835,1308,1043",65,4484,false,true,unresolved_response,"1283,837,1301,846",1293.332343,841.550933,79,6057,105,17.445609,8.873665,1.965998,176.628478,0.415789,370,false,false,false
D1R1OBS_000370_0005,370,"1012,835,1308,1043",65,4484,false,true,static_background_candidate,"1264,850,1274,856",1269.117347,852.453401,38,2940,93,11.599237,5.926141,1.9573,-178.070497,0.493506,370,false,false,false
D1R1OBS_000370_0006,370,"1012,835,1308,1043",65,4484,false,true,static_background_candidate,"1287,856,1291,860",1288.899225,858.080103,11,774,76,6.664999,3.112376,2.141451,-145.811598,0.44,370,false,false,false
D1R1OBS_000370_0007,370,"1012,835,1308,1043",65,4484,false,true,unresolved_response,"1248,864,1251,869",1249.193922,866.295224,10,691,73,5.982008,3.668791,1.630512,92.741795,0.416667,370,false,false,false
D1R1OBS_000370_0008,370,"1012,835,1308,1043",65,4484,false,true,static_background_candidate,"1253,867,1259,871",1254.881262,868.733766,14,1078,97,7.767877,4.473448,1.736441,-176.871283,0.4,370,false,false,false
D1R1OBS_000370_0009,370,"1012,835,1308,1043",65,4484,false,true,unresolved_response,"1251,875,1255,879",1252.714092,877.46477,11,738,74,5.476848,4.4112,1.241578,86.829904,0.44,370,false,false,false
D1R1OBS_000370_0010,370,"1012,835,1308,1043",65,4484,false,true,background_recurrence_candidate,"1020,888,1067,915",1042.792394,904.279463,475,38549,170,52.318187,19.29525,2.711454,-173.093544,0.353423,370,false,false,false
D1R1OBS_000370_0011,370,"1012,835,1308,1043",65,4484,false,true,same_motion_supported,"1122,918,1136,921",1127.567988,919.161228,34,2574,98,16.164039,3.298591,4.900286,173.90442,0.566667,370,false,false,false
D1R1OBS_000370_0012,370,"1012,835,1308,1043",65,4484,false,true,same_motion_supported,"1171,921,1176,923",1173.576058,921.767777,15,1111,82,6.739633,3.096268,2.176696,-178.903383,0.833333,370,false,false,false
D1R1OBS_000370_0013,370,"1012,835,1308,1043",65,4484,false,true,same_motion_supported,"1132,928,1145,936",1138.083544,932.487523,38,2765,86,14.074828,6.813837,2.065625,-159.727329,0.301587,370,false,false,false
D1R1OBS_000370_0014,370,"1012,835,1308,1043",65,4484,false,true,same_motion_supported,"1132,940,1141,941",1136.685452,940.08519,11,763,75,11.882152,1.166153,10.189189,-178.509269,0.55,370,false,false,false
D1R1OBS_000370_0015,370,"1012,835,1308,1043",65,4484,false,true,reappearance_provisionally_supported,"1132,943,1142,945",1136.687291,943.717391,17,1196,78,12.709967,2.348521,5.411903,179.459945,0.515152,370,false,false,false
D1R1OBS_000370_0016,370,"1012,835,1308,1043",65,4484,false,true,reappearance_candidate,"1198,948,1201,952",1199.236905,949.835714,12,840,78,4.756889,3.881878,1.225409,127.090403,0.6,370,false,false,false
D1R1OBS_000370_0017,370,"1012,835,1308,1043",65,4484,false,true,reappearance_provisionally_supported,"1097,950,1109,963",1104.378676,957.862773,65,4999,109,13.775633,10.773597,1.278648,151.560571,0.357143,370,false,false,false
D1R1OBS_000370_0018,370,"1012,835,1308,1043",65,4484,false,true,same_motion_supported,"1078,950,1215,989",1144.883959,968.321919,2010,175628,209,142.239529,27.77265,5.121568,177.23715,0.36413,370,false,false,false
D1R1OBS_000370_0019,370,"1012,835,1308,1043",65,4484,false,true,reappearance_candidate,"1183,953,1187,957",1185.065434,954.802276,10,703,79,7.417139,2.513839,2.950523,-142.728464,0.4,370,false,false,false
D1R1OBS_000370_0020,370,"1012,835,1308,1043",65,4484,false,true,same_motion_supported,"1227,955,1234,966",1229.577062,961.0833,33,2485,95,9.744035,7.714165,1.263135,60.519689,0.34375,370,false,false,false
D1R1OBS_000370_0021,370,"1012,835,1308,1043",65,4484,false,true,background_recurrence_candidate,"1073,957,1078,962",1075.264849,959.337877,15,1027,76,7.818302,4.632993,1.687527,136.321273,0.416667,370,false,false,false
D1R1OBS_000370_0022,370,"1012,835,1308,1043",65,4484,false,true,same_motion_supported,"1220,974,1226,978",1222.596004,975.915649,13,901,72,9.246305,3.241271,2.852678,-159.274341,0.371429,370,false,false,false
D1R1OBS_000370_0023,370,"1012,835,1308,1043",65,4484,false,true,static_background_candidate,"1060,979,1067,982",1063.616667,980.9,10,660,68,9.176399,3.755637,2.443367,164.08202,0.3125,370,false,false,false
D1R1OBS_000370_0024,370,"1012,835,1308,1043",65,4484,false,true,unresolved_response,"1134,991,1138,996",1136.111883,993.296296,18,1296,79,8.139564,4.691368,1.735009,76.959734,0.6,370,false,false,false
D1R1OBS_000370_0025,370,"1012,835,1308,1043",65,4484,false,true,unresolved_response,"1140,991,1145,992",1142.542538,991.474198,10,717,80,6.367663,1.97416,3.225505,172.981878,0.833333,370,false,false,false
D1R1OBS_000370_0026,370,"1012,835,1308,1043",65,4484,false,true,unresolved_response,"1242,996,1248,1001",1244.434683,998.237307,24,1753,86,7.77515,5.991232,1.297755,153.759557,0.571429,370,false,false,false
D1R1OBS_000370_0027,370,"1012,835,1308,1043",65,4484,false,true,background_recurrence_candidate,"1235,1006,1240,1010",1237.412429,1007.793785,10,708,76,7.10582,4.130724,1.720236,-160.955614,0.333333,370,false,false,false
D1R1OBS_000370_0028,370,"1012,835,1308,1043",65,4484,false,true,unresolved_response,"1242,1007,1245,1013",1243.753514,1010.217297,13,925,78,7.210323,3.936803,1.831517,114.437337,0.464286,370,false,false,false
D1R1OBS_000370_0029,370,"1012,835,1308,1043",65,4484,false,true,unresolved_response,"1257,1008,1261,1017",1259.524725,1013.03228,21,1456,80,9.716452,5.15568,1.884611,90.675836,0.42,370,false,false,false
D1R1OBS_000370_0030,370,"1012,835,1308,1043",65,4484,false,true,background_recurrence_candidate,"1251,1014,1255,1018",1252.893064,1016.018786,10,692,78,7.439645,3.715809,2.00216,-154.808601,0.4,370,false,false,false
D1R1OBS_000370_0031,370,"1012,835,1308,1043",65,4484,false,true,static_background_supported,"1237,1015,1293,1041",1259.288625,1031.236044,538,43780,166,55.828571,20.476165,2.726515,-167.8628,0.349578,370,false,false,false
D1R1OBS_000371_0001,371,"1016,836,1312,1044",66,4369,false,true,background_recurrence_candidate,"1292,838,1308,846",1300.001339,841.8114,68,5228,101,15.648604,7.916767,1.976641,177.518765,0.444444,371,false,false,false
D1R1OBS_000371_0002,371,"1016,836,1312,1044",66,4369,false,true,static_background_supported,"1264,840,1269,842",1266.873973,841.19863,10,730,81,7.285596,2.437685,2.988735,-163.035101,0.555556,371,false,false,false
D1R1OBS_000371_0003,371,"1016,836,1312,1044",66,4369,false,true,static_background_candidate,"1276,844,1283,850",1279.212529,846.988876,24,1708,82,7.844635,6.100436,1.285914,-150.452604,0.428571,371,false,false,false
D1R1OBS_000371_0004,371,"1016,836,1312,1044",66,4369,false,true,static_background_supported,"1269,850,1272,854",1270.822917,852.183333,12,960,98,5.740187,3.910585,1.467859,67.778126,0.6,371,false,false,false
D1R1OBS_000371_0005,371,"1016,836,1312,1044",66,4369,false,true,static_background_candidate,"1273,850,1290,856",1279.243347,852.845938,38,2856,100,19.872879,5.080753,3.911405,-167.838326,0.301587,371,false,false,false
D1R1OBS_000371_0006,371,"1016,836,1312,1044",66,4369,false,true,unresolved_response,"1111,851,1114,855",1112.63144,852.922061,11,757,76,5.388784,4.253032,1.267045,64.805344,0.55,371,false,false,false
D1R1OBS_000371_0007,371,"1016,836,1312,1044",66,4369,false,true,static_background_candidate,"1253,864,1256,867",1254.502882,865.475504,10,694,74,4.618802,4,1.154701,135,0.625,371,false,false,false
D1R1OBS_000371_0008,371,"1016,836,1312,1044",66,4369,false,true,unresolved_response,"1258,867,1264,870",1260.585714,868.62619,16,1260,101,7.888664,3.449974,2.286587,-166.445939,0.571429,371,false,false,false
D1R1OBS_000371_0009,371,"1016,836,1312,1044",66,4369,false,true,unresolved_response,"1270,871,1277,884",1273.746392,877.000361,39,2772,86,14.257606,6.254393,2.279615,80.775376,0.348214,371,false,false,false
D1R1OBS_000371_0010,371,"1016,836,1312,1044",66,4369,false,true,unresolved_response,"1037,883,1039,886",1037.789683,884.519841,10,756,88,4.320494,3.155243,1.369306,90,0.833333,371,false,false,false
D1R1OBS_000371_0011,371,"1016,836,1312,1044",66,4369,false,true,unresolved_response,"1024,890,1080,914",1050.473165,904.326701,495,41867,182,53.941948,18.53824,2.909766,-174.390287,0.347368,371,false,false,false
D1R1OBS_000371_0012,371,"1016,836,1312,1044",66,4369,false,true,same_motion_supported,"1129,918,1140,922",1134.476157,919.423562,36,2852,102,12.334574,5.010262,2.461862,-179.157995,0.6,371,false,false,false
D1R1OBS_000371_0013,371,"1016,836,1312,1044",66,4369,false,true,same_motion_supported,"1178,919,1183,923",1180.389325,921.22449,17,1274,86,6.488332,4.526565,1.43339,162.376212,0.566667,371,false,false,false
D1R1OBS_000371_0014,371,"1016,836,1312,1044",66,4369,false,true,same_motion_supported,"1137,932,1141,937",1139.434258,934.714113,12,829,78,6.657967,4.927224,1.351261,97.354152,0.4,371,false,false,false
D1R1OBS_000371_0015,371,"1016,836,1312,1044",66,4369,false,true,same_motion_supported,"1136,943,1144,944",1140.024423,943.90095,10,737,82,10.327956,1.264911,8.164966,0,0.555556,371,false,false,false
D1R1OBS_000371_0016,371,"1016,836,1312,1044",66,4369,false,true,reappearance_provisionally_supported,"1204,948,1207,952",1205.840426,949.928723,12,940,91,5.957693,2.998457,1.986919,115.936104,0.6,371,false,false,false
D1R1OBS_000371_0017,371,"1016,836,1312,1044",66,4369,false,true,same_motion_supported,"1079,950,1221,989",1150.175945,968.628265,1947,174759,210,138.876358,26.346758,5.271099,175.330032,0.340385,371,false,false,false
D1R1OBS_000371_0018,371,"1016,836,1312,1044",66,4369,false,true,reappeared_supported,"1103,951,1116,961",1110.819006,957.665418,64,5072,107,14.620907,8.749996,1.670962,151.630863,0.415584,371,false,false,false
D1R1OBS_000371_0019,371,"1016,836,1312,1044",66,4369,false,true,unresolved_response,"1081,955,1098,962",1089.359571,958.774853,52,3913,95,17.679238,6.967252,2.537476,-174.231538,0.361111,371,false,false,false
D1R1OBS_000371_0020,371,"1016,836,1312,1044",66,4369,false,true,same_motion_supported,"1230,958,1242,964",1235.203219,960.958662,42,3169,91,12.733143,5.430967,2.344544,-168.154055,0.461538,371,false,false,false
D1R1OBS_000371_0021,371,"1016,836,1312,1044",66,4369,false,true,same_motion_supported,"1206,972,1218,976",1212.159296,973.220668,31,2216,82,13.960487,3.877072,3.600781,-174.379428,0.476923,371,false,false,false
D1R1OBS_000371_0022,371,"1016,836,1312,1044",66,4369,false,true,unresolved_response,"1302,989,1305,991",1303.619946,989.946092,10,742,86,5.068017,3.490254,1.452048,-175.454862,0.833333,371,false,false,false
D1R1OBS_000371_0023,371,"1016,836,1312,1044",66,4369,false,true,background_recurrence_candidate,"1134,990,1146,993",1139.703746,991.594779,24,1762,86,15.499601,2.614349,5.928666,-179.715381,0.461538,371,false,false,false
D1R1OBS_000371_0024,371,"1016,836,1312,1044",66,4369,false,true,background_recurrence_candidate,"1246,992,1255,1001",1250.261143,996.813143,48,3500,88,10.083658,9.75374,1.033825,-155.896691,0.48,371,false,false,false
D1R1OBS_000371_0025,371,"1016,836,1312,1044",66,4369,false,true,background_recurrence_candidate,"1135,995,1144,996",1139.784884,995.464286,17,1204,80,12.211313,2.044004,5.974213,-178.860271,0.85,371,false,false,false
D1R1OBS_000371_0026,371,"1016,836,1312,1044",66,4369,false,true,unresolved_response,"1135,998,1146,1000",1140.674147,999.067325,16,1114,78,12.654364,2.206143,5.735967,-177.092073,0.444444,371,false,false,false
D1R1OBS_000371_0027,371,"1016,836,1312,1044",66,4369,false,true,static_background_candidate,"1245,1006,1252,1011",1248.250748,1008.235189,23,1671,83,8.593953,4.883797,1.759687,167.706058,0.479167,371,false,false,false
D1R1OBS_000371_0028,371,"1016,836,1312,1044",66,4369,false,true,background_recurrence_candidate,"1263,1011,1269,1017",1266.109229,1014.290432,17,1181,80,9.082413,5.177247,1.754294,50.049568,0.346939,371,false,false,false
D1R1OBS_000371_0029,371,"1016,836,1312,1044",66,4369,false,true,static_background_supported,"1244,1017,1284,1041",1260.626054,1030.651103,441,37246,174,38.547289,20.227269,1.905709,-162.260914,0.430244,371,false,false,false
D1R1OBS_000371_0030,371,"1016,836,1312,1044",66,4369,false,true,background_recurrence_candidate,"1283,1028,1296,1040",1288.971343,1034.098532,73,5653,110,17.018909,10.650414,1.597957,-142.22986,0.401099,371,false,false,false
D1R1OBS_000372_0001,372,"1019,835,1315,1043",69,4757,false,true,unresolved_response,"1301,836,1313,846",1306.868185,841.651412,56,4567,102,12.170257,9.371644,1.298626,159.584221,0.391608,372,false,false,false
D1R1OBS_000372_0002,372,"1019,835,1315,1043",69,4757,false,true,static_background_supported,"1276,844,1289,855",1281.878097,850.052424,69,5570,109,16.049762,8.482529,1.892096,147.735564,0.410714,372,false,false,false
D1R1OBS_000372_0003,372,"1019,835,1315,1043",69,4757,false,true,static_background_candidate,"1291,848,1298,852",1294.228374,850.188581,16,1156,79,8.9321,3.95191,2.260199,161.916286,0.4,372,false,false,false
D1R1OBS_000372_0004,372,"1019,835,1315,1043",69,4757,false,true,static_background_supported,"1259,864,1262,867",1260.489032,865.390968,10,775,85,4.927462,3.052887,1.614034,112.740733,0.625,372,false,false,false
D1R1OBS_000372_0005,372,"1019,835,1315,1043",69,4757,false,true,unresolved_response,"1264,867,1274,870",1267.966667,868.43285,26,2070,102,12.3856,3.959798,3.127836,174.685454,0.590909,372,false,false,false
D1R1OBS_000372_0006,372,"1019,835,1315,1043",69,4757,false,true,unresolved_response,"1281,867,1286,870",1282.705739,868.178266,11,819,85,7.10143,3.174711,2.236874,-158.668653,0.458333,372,false,false,false
D1R1OBS_000372_0007,372,"1019,835,1315,1043",69,4757,false,true,background_recurrence_candidate,"1276,870,1284,879",1279.592879,874.666796,34,2584,89,11.319834,8.05974,1.404491,126.569863,0.377778,372,false,false,false
D1R1OBS_000372_0008,372,"1019,835,1315,1043",69,4757,false,true,background_recurrence_candidate,"1043,882,1047,886",1044.445518,884.422671,14,1138,101,5.426033,4.536534,1.196075,108.264428,0.56,372,false,false,false
D1R1OBS_000372_0009,372,"1019,835,1315,1043",69,4757,false,true,unresolved_response,"1284,886,1287,889",1285.802778,887.915278,10,720,76,4.860767,4.046349,1.201272,108.013687,0.625,372,false,false,false
D1R1OBS_000372_0010,372,"1019,835,1315,1043",69,4757,false,true,background_recurrence_candidate,"1030,891,1095,913",1058.508622,904.149635,570,50857,185,58.753253,18.690413,3.143497,-176.629471,0.375494,372,false,false,false
D1R1OBS_000372_0011,372,"1019,835,1315,1043",69,4757,false,true,static_background_supported,"1019,902,1023,906",1021.144847,904.053853,14,1077,86,5.637335,4.813056,1.171259,-172.910968,0.56,372,false,false,false
D1R1OBS_000372_0012,372,"1019,835,1315,1043",69,4757,false,true,same_motion_supported,"1136,918,1145,922",1140.201063,919.656032,36,3009,103,10.181524,5.375435,1.894084,179.474499,0.72,372,false,false,false
D1R1OBS_000372_0013,372,"1019,835,1315,1043",69,4757,false,true,same_motion_supported,"1183,921,1190,923",1186.246305,922.081281,11,812,81,9.889205,2.519737,3.924698,172.628219,0.458333,372,false,false,false
D1R1OBS_000372_0014,372,"1019,835,1315,1043",69,4757,false,true,same_motion_supported,"1137,943,1146,944",1140.892748,943.776302,13,979,82,11.504571,1.618399,7.108612,-176.594804,0.65,372,false,false,false
D1R1OBS_000372_0015,372,"1019,835,1315,1043",69,4757,false,true,same_motion_supported,"1131,947,1146,948",1139.186431,947.569555,23,1754,87,18.685023,2.00206,9.332897,-179.012895,0.71875,372,false,false,false
D1R1OBS_000372_0016,372,"1019,835,1315,1043",69,4757,false,true,reappeared_supported,"1211,948,1214,952",1212.384944,949.917023,15,1169,87,5.500044,4.009155,1.371871,122.268327,0.75,372,false,false,false
D1R1OBS_000372_0017,372,"1019,835,1315,1043",69,4757,false,true,same_motion_supported,"1083,950,1227,989",1151.121238,968.002075,2263,210091,231,146.912147,30.250274,4.856556,177.011404,0.390172,372,false,false,false
D1R1OBS_000372_0018,372,"1019,835,1315,1043",69,4757,false,true,same_motion_supported,"1236,957,1248,963",1241.58025,960.37482,52,4162,95,13.635981,6.619797,2.059879,-174.359583,0.571429,372,false,false,false
D1R1OBS_000372_0019,372,"1019,835,1315,1043",69,4757,false,true,background_recurrence_candidate,"1308,989,1312,992",1310.061372,990.161252,11,831,89,4.821873,3.58082,1.346584,-150.070693,0.55,372,false,false,false
D1R1OBS_000372_0020,372,"1019,835,1315,1043",69,4757,false,true,static_background_candidate,"1132,991,1149,993",1141.773726,991.615708,28,2139,87,19.977138,2.240488,8.916423,178.9874,0.518519,372,false,false,false
D1R1OBS_000372_0021,372,"1019,835,1315,1043",69,4757,false,true,static_background_candidate,"1251,993,1260,1001",1255.712673,997.228356,42,3188,83,11.573669,8.215252,1.408803,-158.599122,0.466667,372,false,false,false
D1R1OBS_000372_0022,372,"1019,835,1315,1043",69,4757,false,true,static_background_candidate,"1137,995,1143,996",1140.521448,995.587131,10,746,82,8.320032,1.867666,4.454776,173.752403,0.714286,372,false,false,false
D1R1OBS_000372_0023,372,"1019,835,1315,1043",69,4757,false,true,unresolved_response,"1137,1003,1149,1003",1143.02,1003,13,950,85,15.577762,0,15577761.927397,0,1,372,false,false,false
D1R1OBS_000372_0024,372,"1019,835,1315,1043",69,4757,false,true,static_background_candidate,"1249,1005,1259,1012",1254.659138,1008.441279,37,2878,97,12.190506,6.798999,1.792985,176.088958,0.420455,372,false,false,false
D1R1OBS_000372_0025,372,"1019,835,1315,1043",69,4757,false,true,unresolved_response,"1251,1013,1289,1040",1267.636539,1029.478506,471,40871,164,38.204957,25.324776,1.5086,-162.708696,0.431319,372,false,false,false
D1R1OBS_000372_0026,372,"1019,835,1315,1043",69,4757,false,true,static_background_candidate,"1288,1026,1305,1041",1294.961798,1033.75893,90,7251,110,20.508193,10.431694,1.96595,-141.746296,0.3125,372,false,false,false
D1R1OBS_000373_0001,373,"1024,836,1320,1043",62,4369,false,true,background_recurrence_candidate,"1307,836,1318,846",1313.337101,841.239805,63,4512,91,11.560974,9.649505,1.19809,-171.293289,0.477273,373,false,false,false
D1R1OBS_000373_0002,373,"1024,836,1320,1043",62,4369,false,true,static_background_supported,"1279,846,1295,855",1286.506565,850.63895,65,4570,95,16.168995,8.406621,1.923364,164.349726,0.382353,373,false,false,false
D1R1OBS_000373_0003,373,"1024,836,1320,1043",62,4369,false,true,unresolved_response,"1306,856,1310,860",1308.25625,857.91875,12,800,72,5.150219,3.987416,1.291618,-148.574841,0.48,373,false,false,false
D1R1OBS_000373_0004,373,"1024,836,1320,1043",62,4369,false,true,background_recurrence_candidate,"1265,864,1276,871",1271.408163,867.919898,27,1960,97,14.378281,4.305973,3.339148,-153.879067,0.28125,373,false,false,false
D1R1OBS_000373_0005,373,"1024,836,1320,1043",62,4369,false,true,background_recurrence_candidate,"1280,869,1284,872",1282.142643,870.279279,10,666,75,6.966641,2.564571,2.716494,143.372875,0.5,373,false,false,false
D1R1OBS_000373_0006,373,"1024,836,1320,1043",62,4369,false,true,static_background_candidate,"1282,877,1287,879",1284.26162,878.193891,11,753,75,6.982728,2.313137,3.018727,163.101717,0.611111,373,false,false,false
D1R1OBS_000373_0007,373,"1024,836,1320,1043",62,4369,false,true,background_recurrence_candidate,"1284,882,1292,885",1287.24,883.310588,13,850,71,10.692963,3.124596,3.422191,-167.898938,0.361111,373,false,false,false
D1R1OBS_000373_0008,373,"1024,836,1320,1043",62,4369,false,true,unresolved_response,"1038,891,1092,917",1064.70557,904.091787,526,41847,170,53.165515,18.443542,2.882609,-171.210772,0.354209,373,false,false,false
D1R1OBS_000373_0009,373,"1024,836,1320,1043",62,4369,false,true,static_background_supported,"1024,901,1030,905",1026.631309,903.63302,17,1169,80,7.090621,4.685979,1.513157,-175.699308,0.485714,373,false,false,false
D1R1OBS_000373_0010,373,"1024,836,1320,1043",62,4369,false,true,same_motion_supported,"1140,947,1145,948",1142.495677,947.626801,10,694,75,7.83156,2.065591,3.791438,0,0.833333,373,false,false,false
D1R1OBS_000373_0011,373,"1024,836,1320,1043",62,4369,false,true,same_motion_supported,"1095,951,1237,989",1155.533687,968.106554,2082,173405,217,147.780488,28.758573,5.138659,177.112456,0.373319,373,false,false,false
D1R1OBS_000373_0012,373,"1024,836,1320,1043",62,4369,false,true,same_motion_supported,"1241,956,1254,963",1248.172326,960.043294,49,3534,94,14.684617,6.067206,2.420326,172.325797,0.4375,373,false,false,false
D1R1OBS_000373_0013,373,"1024,836,1320,1043",62,4369,false,true,unresolved_response,"1090,976,1094,980",1092.099407,978.197329,10,674,72,7.069845,4.692259,1.506704,163.862178,0.4,373,false,false,false
D1R1OBS_000373_0014,373,"1024,836,1320,1043",62,4369,false,true,static_background_candidate,"1307,987,1311,989",1309.474443,988.21232,11,763,82,5.51362,2.929474,1.882119,171.869898,0.733333,373,false,false,false
D1R1OBS_000373_0015,373,"1024,836,1320,1043",62,4369,false,true,static_background_candidate,"1136,991,1149,992",1142.561441,991.658192,20,1416,81,16.125421,1.90629,8.459061,178.409041,0.714286,373,false,false,false
D1R1OBS_000373_0016,373,"1024,836,1320,1043",62,4369,false,true,unresolved_response,"1258,991,1266,1002",1262.841296,996.844972,44,2993,80,11.4948,9.628876,1.193784,69.187314,0.407407,373,false,false,false
D1R1OBS_000373_0017,373,"1024,836,1320,1043",62,4369,false,true,static_background_candidate,"1141,995,1148,996",1144.337165,995.41507,12,783,67,8.757122,2.039927,4.292861,178.083408,0.75,373,false,false,false
D1R1OBS_000373_0018,373,"1024,836,1320,1043",62,4369,false,true,static_background_supported,"1255,1006,1265,1011",1260.140259,1008.671382,35,2474,85,10.904966,5.687021,1.917518,-170.360436,0.530303,373,false,false,false
D1R1OBS_000373_0019,373,"1024,836,1320,1043",62,4369,false,true,background_recurrence_candidate,"1257,1014,1296,1041",1273.183879,1029.852993,459,35420,147,40.095291,22.19631,1.806394,-160.047142,0.409821,373,false,false,false
D1R1OBS_000373_0020,373,"1024,836,1320,1043",62,4369,false,true,static_background_candidate,"1294,1027,1302,1033",1298.028295,1029.947133,37,2686,90,8.173846,7.376549,1.108085,173.789785,0.587302,373,false,false,false
D1R1OBS_000373_0021,373,"1024,836,1320,1043",62,4369,false,true,unresolved_response,"1298,1034,1302,1040",1299.902707,1037.199707,19,1367,86,8.344716,4.785785,1.743646,98.618841,0.542857,373,false,false,false
D1R1OBS_000373_0022,373,"1024,836,1320,1043",62,4369,false,true,unresolved_response,"1303,1034,1311,1042",1307.002633,1037.215903,27,1899,86,9.129278,6.47818,1.409235,-139.404275,0.333333,373,false,false,false
D1R1OBS_000374_0001,374,"1028,838,1324,1045",59,4775,false,true,static_background_candidate,"1315,838,1324,846",1319.700203,841.890752,55,3936,93,10.031979,8.358495,1.200213,50.33632,0.611111,374,false,false,false
D1R1OBS_000374_0002,374,"1028,838,1324,1045",59,4775,false,true,static_background_candidate,"1293,843,1298,848",1295.645669,845.688976,12,762,69,8.661564,3.358621,2.578905,128.404695,0.333333,374,false,false,false
D1R1OBS_000374_0003,374,"1028,838,1324,1045",59,4775,false,true,unresolved_response,"1287,849,1303,857",1294.498469,852.813663,63,4245,85,19.503227,5.921742,3.293495,-166.163623,0.411765,374,false,false,false
D1R1OBS_000374_0004,374,"1028,838,1324,1045",59,4775,false,true,unresolved_response,"1304,849,1309,852",1306.700815,850.857974,13,859,80,6.902105,2.996053,2.303733,-150.664346,0.541667,374,false,false,false
D1R1OBS_000374_0005,374,"1028,838,1324,1045",59,4775,false,true,background_recurrence_candidate,"1112,854,1116,855",1114.014658,854.509772,10,614,69,5.962848,2.108185,2.828427,0,1,374,false,false,false
D1R1OBS_000374_0006,374,"1028,838,1324,1045",59,4775,false,true,background_recurrence_candidate,"1311,857,1316,858",1313.712885,857.470588,11,714,75,6.723649,2.060846,3.262567,-176.942248,0.916667,374,false,false,false
D1R1OBS_000374_0007,374,"1028,838,1324,1045",59,4775,false,true,unresolved_response,"1292,860,1300,864",1295.981635,861.817536,27,1688,76,9.288807,4.535092,2.048207,-161.064251,0.6,374,false,false,false
D1R1OBS_000374_0008,374,"1028,838,1324,1045",59,4775,false,true,static_background_candidate,"1270,865,1275,868",1272.898527,866.700491,10,611,64,7.969384,2.412935,3.302776,144.720017,0.416667,374,false,false,false
D1R1OBS_000374_0009,374,"1028,838,1324,1045",59,4775,false,true,static_background_candidate,"1278,867,1283,871",1279.870343,868.829359,19,1342,89,5.673542,4.816921,1.177836,150.686503,0.633333,374,false,false,false
D1R1OBS_000374_0010,374,"1028,838,1324,1045",59,4775,false,true,unresolved_response,"1292,870,1295,874",1293.011594,872.182609,11,690,74,5.236564,3.224373,1.624056,54.991553,0.55,374,false,false,false
D1R1OBS_000374_0011,374,"1028,838,1324,1045",59,4775,false,true,static_background_candidate,"1292,879,1299,886",1295.265207,882.556367,20,1233,68,7.640342,6.704588,1.139569,161.708829,0.3125,374,false,false,false
D1R1OBS_000374_0012,374,"1028,838,1324,1045",59,4775,false,true,unresolved_response,"1055,882,1061,886",1058.336703,883.955677,19,1286,83,6.762373,4.848719,1.394672,-166.609573,0.542857,374,false,false,false
D1R1OBS_000374_0013,374,"1028,838,1324,1045",59,4775,false,true,background_recurrence_candidate,"1045,892,1102,915",1070.550238,904.345826,547,41891,168,54.140882,19.073387,2.838556,-174.473757,0.39296,374,false,false,false
D1R1OBS_000374_0014,374,"1028,838,1324,1045",59,4775,false,true,static_background_supported,"1028,902,1032,907",1029.703833,904.304007,18,1148,74,5.889189,4.827461,1.219935,71.32808,0.6,374,false,false,false
D1R1OBS_000374_0015,374,"1028,838,1324,1045",59,4775,false,true,static_background_candidate,"1034,902,1040,907",1036.844978,904.30131,21,1374,81,6.729634,4.95,1.359522,-177.792593,0.5,374,false,false,false
D1R1OBS_000374_0016,374,"1028,838,1324,1045",59,4775,false,true,same_motion_supported,"1140,929,1143,934",1141.650655,931.759825,11,687,69,7.434968,3.617304,2.055389,96.778596,0.458333,374,false,false,false
D1R1OBS_000374_0017,374,"1028,838,1324,1045",59,4775,false,true,reappearance_candidate,"1140,944,1149,949",1143.476301,947.091686,19,1287,79,10.007966,6.521555,1.534598,-170.03229,0.316667,374,false,false,false
D1R1OBS_000374_0018,374,"1028,838,1324,1045",59,4775,false,true,same_motion_supported,"1096,951,1244,989",1158.16549,967.882488,2073,165073,223,154.89631,28.808582,5.376742,177.400162,0.356737,374,false,false,false
D1R1OBS_000374_0019,374,"1028,838,1324,1045",59,4775,false,true,same_motion_supported,"1245,956,1263,966",1254.59225,960.510031,75,5084,97,19.16299,8.171584,2.345077,-172.504367,0.358852,374,false,false,false
D1R1OBS_000374_0020,374,"1028,838,1324,1045",59,4775,false,true,motion_shell_candidate,"1191,957,1194,961",1192.124542,958.68254,12,819,80,5.508346,4.085147,1.348384,98.252181,0.6,374,false,false,false
D1R1OBS_000374_0021,374,"1028,838,1324,1045",59,4775,false,true,motion_shell_candidate,"1181,972,1185,976",1183.613782,974.418269,10,624,72,7.869746,3.762443,2.091659,132.866053,0.4,374,false,false,false
D1R1OBS_000374_0022,374,"1028,838,1324,1045",59,4775,false,true,unresolved_response,"1133,987,1139,989",1136.008578,987.845588,13,816,67,7.1636,2.634245,2.719412,-173.046111,0.619048,374,false,false,false
D1R1OBS_000374_0023,374,"1028,838,1324,1045",59,4775,false,true,unresolved_response,"1147,987,1151,989",1148.706215,987.824859,11,708,73,5.091385,2.997815,1.698366,-177.536445,0.733333,374,false,false,false
D1R1OBS_000374_0024,374,"1028,838,1324,1045",59,4775,false,true,background_recurrence_candidate,"1264,987,1274,1003",1269.348911,996.735013,62,4087,88,15.795814,9.435379,1.674105,92.046844,0.331551,374,false,false,false
D1R1OBS_000374_0025,374,"1028,838,1324,1045",59,4775,false,true,static_background_candidate,"1313,987,1318,990",1315.64898,988.352381,11,735,75,5.860906,3.492168,1.6783,-165.034244,0.458333,374,false,false,false
D1R1OBS_000374_0026,374,"1028,838,1324,1045",59,4775,false,true,static_background_supported,"1134,991,1151,993",1142.988058,991.757009,29,1926,79,19.228351,2.298976,8.363876,179.43926,0.537037,374,false,false,false
D1R1OBS_000374_0027,374,"1028,838,1324,1045",59,4775,false,true,static_background_supported,"1139,995,1145,996",1142.388039,995.535466,11,719,73,8.96555,2.067235,4.336976,178.027407,0.785714,374,false,false,false
D1R1OBS_000374_0028,374,"1028,838,1324,1045",59,4775,false,true,static_background_candidate,"1260,1004,1265,1014",1262.513706,1008.835526,28,1824,74,10.928288,6.103259,1.790566,72.815276,0.424242,374,false,false,false
D1R1OBS_000374_0029,374,"1028,838,1324,1045",59,4775,false,true,unresolved_response,"1267,1005,1273,1011",1268.882911,1008.816983,26,1896,103,7.746578,6.21287,1.24686,-149.136993,0.530612,374,false,false,false
D1R1OBS_000374_0030,374,"1028,838,1324,1045",59,4775,false,true,unresolved_response,"1275,1014,1281,1017",1278.196248,1015.636364,11,693,75,7.508561,3.333531,2.252435,153.582237,0.392857,374,false,false,false
D1R1OBS_000374_0031,374,"1028,838,1324,1045",59,4775,false,true,unresolved_response,"1264,1017,1317,1041",1282.466497,1030.427819,536,39325,137,53.23678,20.454221,2.602728,-166.982901,0.397037,374,false,false,false
D1R1OBS_000374_0032,374,"1028,838,1324,1045",59,4775,false,true,background_recurrence_candidate,"1313,1039,1316,1044",1314.986784,1041.434655,11,681,68,8.03035,2.660284,3.018607,66.781387,0.458333,374,false,false,false
D1R1OBS_000375_0001,375,"1033,835,1329,1043",57,4558,false,true,static_background_supported,"1280,835,1291,837",1285.702314,835.918699,25,1599,75,13.419604,2.996816,4.477954,177.828042,0.694444,375,false,false,false
D1R1OBS_000375_0002,375,"1033,835,1329,1043",57,4558,false,true,unresolved_response,"1321,837,1329,846",1325.560417,841.676164,55,3931,93,10.639138,8.24372,1.290575,57.41569,0.611111,375,false,false,false
D1R1OBS_000375_0003,375,"1033,835,1329,1043",57,4558,false,true,static_background_supported,"1290,846,1315,857",1302.642379,851.784439,98,6272,87,26.444919,9.170186,2.883793,-177.380243,0.314103,375,false,false,false
D1R1OBS_000375_0004,375,"1033,835,1329,1043",57,4558,false,true,static_background_candidate,"1318,856,1320,860",1318.818047,857.597633,10,676,80,5.072301,3.134855,1.618034,95.152423,0.666667,375,false,false,false
D1R1OBS_000375_0005,375,"1033,835,1329,1043",57,4558,false,true,background_recurrence_candidate,"1299,860,1304,864",1301.186441,861.930085,15,944,72,7.849314,3.281649,2.391881,-143.810186,0.5,375,false,false,false
D1R1OBS_000375_0006,375,"1033,835,1329,1043",57,4558,false,true,static_background_candidate,"1282,866,1289,871",1285.511873,868.408311,24,1516,78,8.728912,5.022588,1.737931,-148.880029,0.5,375,false,false,false
D1R1OBS_000375_0007,375,"1033,835,1329,1043",57,4558,false,true,background_recurrence_candidate,"1294,876,1298,880",1296.388128,877.820396,11,657,66,6.145494,4.829474,1.272498,62.165109,0.44,375,false,false,false
D1R1OBS_000375_0008,375,"1033,835,1329,1043",57,4558,false,true,unresolved_response,"1298,879,1306,883",1302.21288,881.657424,18,1118,71,10.586879,4.424718,2.392667,163.990443,0.4,375,false,false,false
D1R1OBS_000375_0009,375,"1033,835,1329,1043",57,4558,false,true,background_recurrence_candidate,"1061,882,1067,887",1064.005942,884.545455,25,1683,88,7.854408,5.134356,1.529775,-173.411931,0.595238,375,false,false,false
D1R1OBS_000375_0010,375,"1033,835,1329,1043",57,4558,false,true,static_background_candidate,"1050,893,1105,915",1075.859913,904.098501,564,41096,142,54.34348,18.50386,2.936873,-175.170341,0.437888,375,false,false,false
D1R1OBS_000375_0011,375,"1033,835,1329,1043",57,4558,false,true,static_background_candidate,"1035,900,1045,907",1040.000412,904.09061,37,2428,81,14.168899,6.430895,2.203255,171.571802,0.420455,375,false,false,false
D1R1OBS_000375_0012,375,"1033,835,1329,1043",57,4558,false,true,reappearance_candidate,"1207,917,1210,922",1208.088481,919.487479,10,599,68,7.545765,2.448421,3.08189,125.213437,0.416667,375,false,false,false
D1R1OBS_000375_0013,375,"1033,835,1329,1043",57,4558,false,true,reappearance_candidate,"1225,917,1229,921",1227.023652,919.229896,17,1057,72,6.245943,4.903776,1.273701,153.344861,0.68,375,false,false,false
D1R1OBS_000375_0014,375,"1033,835,1329,1043",57,4558,false,true,same_motion_supported,"1158,923,1165,925",1161.325603,924.178108,17,1078,74,7.876376,3.156374,2.495388,-174.332341,0.708333,375,false,false,false
D1R1OBS_000375_0015,375,"1033,835,1329,1043",57,4558,false,true,same_motion_supported,"1098,949,1247,989",1164.33209,968.221425,1978,149116,213,155.16514,27.02777,5.740952,177.086429,0.321626,375,false,false,false
D1R1OBS_000375_0016,375,"1033,835,1329,1043",57,4558,false,true,reappearance_provisionally_supported,"1143,951,1153,952",1148.045781,951.449731,18,1114,69,11.688658,1.994136,5.861516,-177.739155,0.818182,375,false,false,false
D1R1OBS_000375_0017,375,"1033,835,1329,1043",57,4558,false,true,reappearance_candidate,"1146,954,1153,956",1149.747417,955.216992,13,871,81,9.077276,2.367079,3.834801,-177.548275,0.541667,375,false,false,false
D1R1OBS_000375_0018,375,"1033,835,1329,1043",57,4558,false,true,unresolved_response,"1281,957,1283,962",1281.994048,959.462798,11,672,67,7.219015,2.578654,2.799529,104.758759,0.611111,375,false,false,false
D1R1OBS_000375_0019,375,"1033,835,1329,1043",57,4558,false,true,unresolved_response,"1105,958,1107,962",1105.810771,960.240175,11,687,69,5.091385,2.997815,1.698366,92.463555,0.733333,375,false,false,false
D1R1OBS_000375_0020,375,"1033,835,1329,1043",57,4558,false,true,same_motion_supported,"1256,958,1272,964",1262.68706,961.149555,64,4266,87,17.565776,6.058827,2.899204,-178.088317,0.537815,375,false,false,false
D1R1OBS_000375_0021,375,"1033,835,1329,1043",57,4558,false,true,static_background_supported,"1139,991,1152,992",1146.324643,991.740118,19,1189,71,16.002377,1.708237,9.367773,177.84856,0.678571,375,false,false,false
D1R1OBS_000375_0022,375,"1033,835,1329,1043",57,4558,false,true,unresolved_response,"1269,992,1279,1013",1274.206769,1002.884661,90,5939,90,23.467412,10.001956,2.346282,93.097827,0.371901,375,false,false,false
D1R1OBS_000375_0023,375,"1033,835,1329,1043",57,4558,false,true,static_background_supported,"1144,995,1152,996",1148.209501,995.571255,14,821,61,10.093026,1.926979,5.237746,175.88052,0.777778,375,false,false,false
D1R1OBS_000375_0024,375,"1033,835,1329,1043",57,4558,false,true,background_recurrence_candidate,"1267,1017,1309,1041",1284.595608,1029.700492,463,33151,126,38.70366,21.033963,1.840055,-162.316665,0.430698,375,false,false,false
D1R1OBS_000375_0025,375,"1033,835,1329,1043",57,4558,false,true,unresolved_response,"1309,1026,1314,1033",1311.200454,1029.996025,26,1761,80,8.235534,5.857064,1.406086,114.509952,0.541667,375,false,false,false
D1R1OBS_000375_0026,375,"1033,835,1329,1043",57,4558,false,true,static_background_candidate,"1311,1034,1314,1040",1312.656798,1037.149123,14,912,79,8.030788,4.026131,1.994666,108.727051,0.5,375,false,false,false
D1R1OBS_000375_0027,375,"1033,835,1329,1043",57,4558,false,true,unresolved_response,"1316,1034,1319,1036",1317.183471,1034.894215,10,605,67,4.320494,3.265986,1.322876,153.434949,0.833333,375,false,false,false
D1R1OBS_000376_0001,376,"1041,834,1337,1041",54,4441,false,true,unresolved_response,"1285,834,1299,838",1292.085119,835.577302,29,1727,72,16.698415,4.636584,3.601447,-177.033386,0.386667,376,false,false,false
D1R1OBS_000376_0002,376,"1041,834,1337,1041",54,4441,false,true,background_recurrence_candidate,"1322,835,1337,845",1330.413807,840.942673,79,4954,86,14.276625,10.355204,1.378691,-177.642354,0.448864,376,false,false,false
D1R1OBS_000376_0003,376,"1041,834,1337,1041",54,4441,false,true,static_background_candidate,"1301,848,1325,856",1309.999808,852.433346,85,5206,87,25.421231,6.596806,3.853566,-176.992977,0.377778,376,false,false,false
D1R1OBS_000376_0004,376,"1041,834,1337,1041",54,4441,false,true,static_background_supported,"1296,849,1300,852",1298.194492,850.803787,10,581,64,5.853823,3.24542,1.803718,139.307824,0.5,376,false,false,false
D1R1OBS_000376_0005,376,"1041,834,1337,1041",54,4441,false,true,unresolved_response,"1321,856,1326,858",1324.337784,856.881175,12,749,76,6.475561,3.210846,2.016777,-170.608904,0.666667,376,false,false,false
D1R1OBS_000376_0006,376,"1041,834,1337,1041",54,4441,false,true,static_background_candidate,"1305,858,1307,862",1305.717466,860.621575,10,584,67,5.702251,2.735751,2.084346,68.507299,0.666667,376,false,false,false
D1R1OBS_000376_0007,376,"1041,834,1337,1041",54,4441,false,true,static_background_candidate,"1290,867,1298,874",1293.771469,869.894251,25,1409,64,12.933267,4.434403,2.916575,-141.887574,0.347222,376,false,false,false
D1R1OBS_000376_0008,376,"1041,834,1337,1041",54,4441,false,true,unresolved_response,"1308,876,1312,883",1310.084233,879.139309,16,926,64,9.92172,3.330587,2.97897,63.295012,0.4,376,false,false,false
D1R1OBS_000376_0009,376,"1041,834,1337,1041",54,4441,false,true,background_recurrence_candidate,"1304,882,1310,887",1307.955556,884.314286,11,630,64,10.297908,2.774626,3.711458,-143.869108,0.261905,376,false,false,false
D1R1OBS_000376_0010,376,"1041,834,1337,1041",54,4441,false,true,static_background_candidate,"1066,884,1076,887",1070.639241,885.250863,27,1738,87,11.272636,4.234444,2.662129,176.979214,0.613636,376,false,false,false
D1R1OBS_000376_0011,376,"1041,834,1337,1041",54,4441,false,true,unresolved_response,"1055,891,1110,912",1080.72493,903.379049,519,35969,118,54.361219,17.756743,3.061441,-176.388262,0.421266,376,false,false,false
D1R1OBS_000376_0012,376,"1041,834,1337,1041",54,4441,false,true,static_background_supported,"1041,903,1053,907",1046.532822,904.654305,38,2346,75,13.963435,4.967434,2.810995,176.472633,0.584615,376,false,false,false
D1R1OBS_000376_0013,376,"1041,834,1337,1041",54,4441,false,true,reappearance_provisionally_supported,"1231,917,1236,921",1233.025455,919.059394,14,825,65,5.98736,4.12149,1.452717,164.266228,0.466667,376,false,false,false
D1R1OBS_000376_0014,376,"1041,834,1337,1041",54,4441,false,true,same_motion_supported,"1167,922,1171,925",1168.972618,924.041621,14,913,80,5.203549,3.843076,1.354006,0,0.7,376,false,false,false
D1R1OBS_000376_0015,376,"1041,834,1337,1041",54,4441,false,true,same_motion_supported,"1106,951,1248,985",1168.568885,968.084944,1869,133076,165,157.313703,25.345524,6.206765,177.683661,0.373427,376,false,false,false
D1R1OBS_000376_0016,376,"1041,834,1337,1041",54,4441,false,true,reappearance_candidate,"1249,953,1254,960",1250.982812,956.727344,21,1280,76,8.760166,6.195426,1.413973,108.787766,0.4375,376,false,false,false
D1R1OBS_000376_0017,376,"1041,834,1337,1041",54,4441,false,true,reappeared_supported,"1159,955,1164,959",1161.697406,956.817003,12,694,64,7.336088,3.265986,2.246209,-147.994617,0.4,376,false,false,false
D1R1OBS_000376_0018,376,"1041,834,1337,1041",54,4441,false,true,same_motion_supported,"1261,956,1272,965",1266.737422,960.470974,54,3359,83,13.76168,7.947052,1.731671,-155.82404,0.45,376,false,false,false
D1R1OBS_000376_0019,376,"1041,834,1337,1041",54,4441,false,true,background_recurrence_candidate,"1280,964,1282,971",1280.704797,967.457565,14,813,61,9.688184,2.225371,4.353515,83.833915,0.583333,376,false,false,false
D1R1OBS_000376_0020,376,"1041,834,1337,1041",54,4441,false,true,reappearance_candidate,"1187,974,1195,976",1191.266267,974.696062,18,1168,69,9.703979,2.597656,3.735667,-176.046419,0.666667,376,false,false,false
D1R1OBS_000376_0021,376,"1041,834,1337,1041",54,4441,false,true,reappearance_candidate,"1199,974,1206,978",1202.828114,975.804079,22,1373,74,8.869536,3.765611,2.355404,-174.927387,0.55,376,false,false,false
D1R1OBS_000376_0022,376,"1041,834,1337,1041",54,4441,false,true,unresolved_response,"1095,976,1102,980",1098.655639,978.368421,22,1330,68,9.508027,4.23396,2.245658,172.63658,0.55,376,false,false,false
D1R1OBS_000376_0023,376,"1041,834,1337,1041",54,4441,false,true,background_recurrence_candidate,"1083,979,1090,983",1086.227313,981.00793,19,1135,66,8.321689,4.136672,2.011687,163.468669,0.475,376,false,false,false
D1R1OBS_000376_0024,376,"1041,834,1337,1041",54,4441,false,true,unresolved_response,"1234,980,1240,982",1236.708399,981.272583,11,631,62,7.949655,2.141214,3.712687,-169.072892,0.52381,376,false,false,false
D1R1OBS_000376_0025,376,"1041,834,1337,1041",54,4441,false,true,unresolved_response,"1072,981,1079,984",1075.934985,983.188854,17,969,59,8.931973,3.103485,2.878047,168.394396,0.53125,376,false,false,false
D1R1OBS_000376_0026,376,"1041,834,1337,1041",54,4441,false,true,unresolved_response,"1248,983,1251,985",1249.402852,984.215686,10,561,59,4.733906,3.096794,1.528648,-170.279983,0.833333,376,false,false,false
D1R1OBS_000376_0027,376,"1041,834,1337,1041",54,4441,false,true,background_recurrence_candidate,"1274,992,1288,1001",1281.447339,996.746602,57,3532,80,13.134425,9.173798,1.431733,-173.668608,0.38,376,false,false,false
D1R1OBS_000376_0028,376,"1041,834,1337,1041",54,4441,false,true,background_recurrence_candidate,"1275,1002,1285,1012",1279.993759,1008.216345,54,3365,83,11.93684,9.394062,1.270679,-156.307463,0.446281,376,false,false,false
D1R1OBS_000376_0029,376,"1041,834,1337,1041",54,4441,false,true,static_background_supported,"1273,1013,1313,1041",1290.954056,1029.038975,490,33432,115,39.692647,22.737452,1.745695,-160.941036,0.412111,376,false,false,false
D1R1OBS_000376_0030,376,"1041,834,1337,1041",54,4441,false,true,unresolved_response,"1315,1027,1320,1035",1317.187202,1030.42614,24,1469,72,9.086633,4.762298,1.908035,123.864988,0.444444,376,false,false,false
D1R1OBS_000376_0031,376,"1041,834,1337,1041",54,4441,false,true,static_background_candidate,"1317,1033,1320,1040",1318.454241,1036.412946,15,896,69,8.764547,3.045974,2.87742,111.036845,0.46875,376,false,false,false
D1R1OBS_000377_0001,377,"1049,834,1345,1042",51,4474,false,true,background_recurrence_candidate,"1292,834,1296,837",1294.329942,835.238372,12,688,64,5.660122,3.596208,1.573914,-161.237869,0.6,377,false,false,false
D1R1OBS_000377_0002,377,"1049,834,1345,1042",51,4474,false,true,unresolved_response,"1298,834,1305,836",1301.237037,835.138272,15,810,60,9.627549,2.940005,3.274671,177.242901,0.625,377,false,false,false
D1R1OBS_000377_0003,377,"1049,834,1345,1042",51,4474,false,true,static_background_candidate,"1330,835,1345,845",1337.367259,840.171323,86,5119,75,14.912039,10.439345,1.428446,-165.476834,0.488636,377,false,false,false
D1R1OBS_000377_0004,377,"1049,834,1345,1042",51,4474,false,true,static_background_candidate,"1313,837,1319,841",1316.503165,839.179325,17,948,65,7.836736,3.819107,2.051981,-147.960653,0.485714,377,false,false,false
D1R1OBS_000377_0005,377,"1049,834,1345,1042",51,4474,false,true,unresolved_response,"1303,846,1321,856",1310.963091,851.668061,71,4064,78,18.754958,7.896337,2.375147,-168.375346,0.339713,377,false,false,false
D1R1OBS_000377_0006,377,"1049,834,1345,1042",51,4474,false,true,unresolved_response,"1320,846,1325,851",1322.161565,848.173469,11,588,57,10.142157,2.823653,3.591857,45.96628,0.305556,377,false,false,false
D1R1OBS_000377_0007,377,"1049,834,1345,1042",51,4474,false,true,background_recurrence_candidate,"1327,855,1332,858",1330.025862,856.598522,14,812,76,7.300587,3.337812,2.187237,-173.981828,0.583333,377,false,false,false
D1R1OBS_000377_0008,377,"1049,834,1345,1042",51,4474,false,true,static_background_supported,"1306,857,1311,860",1309.008621,858.372414,11,580,57,6.748091,3.120256,2.162672,160.633741,0.458333,377,false,false,false
D1R1OBS_000377_0009,377,"1049,834,1345,1042",51,4474,false,true,static_background_candidate,"1293,866,1296,869",1294.664407,867.649153,11,590,60,4.835884,3.218645,1.50246,-149.713728,0.6875,377,false,false,false
D1R1OBS_000377_0010,377,"1049,834,1345,1042",51,4474,false,true,unresolved_response,"1306,869,1311,873",1308.465138,870.897248,20,1090,61,6.422653,4.657993,1.378846,-177.776991,0.666667,377,false,false,false
D1R1OBS_000377_0011,377,"1049,834,1345,1042",51,4474,false,true,unresolved_response,"1073,883,1081,889",1076.294149,885.614128,32,1897,80,10.410952,5.185198,2.007821,155.51403,0.507937,377,false,false,false
D1R1OBS_000377_0012,377,"1049,834,1345,1042",51,4474,false,true,background_recurrence_candidate,"1049,891,1114,912",1083.03407,903.026714,566,36572,109,59.995889,17.581912,3.412364,-176.448713,0.389807,377,false,false,false
D1R1OBS_000377_0013,377,"1049,834,1345,1042",51,4474,false,true,same_motion_supported,"1171,922,1178,926",1174.259548,924.186282,21,1283,85,8.268099,3.901217,2.119364,176.748261,0.525,377,false,false,false
D1R1OBS_000377_0014,377,"1049,834,1345,1042",51,4474,false,true,unresolved_response,"1278,931,1283,933",1280.633094,932.102518,10,556,65,6.126519,2.728286,2.245556,-168.156237,0.555556,377,false,false,false
D1R1OBS_000377_0015,377,"1049,834,1345,1042",51,4474,false,true,same_motion_supported,"1112,949,1261,982",1179.750442,966.340839,1763,114799,140,168.277491,22.854667,7.362938,177.648498,0.345686,377,false,false,false
D1R1OBS_000377_0016,377,"1049,834,1345,1042",51,4474,false,true,same_motion_supported,"1157,955,1163,959",1159.940798,956.10296,14,777,60,8.665552,4.915379,1.762947,177.42517,0.4,377,false,false,false
D1R1OBS_000377_0017,377,"1049,834,1345,1042",51,4474,false,true,reappearance_candidate,"1165,955,1173,960",1167.742275,956.698882,27,1521,68,8.459725,5.870395,1.441083,170.537678,0.5,377,false,false,false
D1R1OBS_000377_0018,377,"1049,834,1345,1042",51,4474,false,true,unresolved_response,"1115,956,1118,962",1116.929448,958.911043,12,652,61,6.836748,3.755977,1.820232,103.472874,0.428571,377,false,false,false
D1R1OBS_000377_0019,377,"1049,834,1345,1042",51,4474,false,true,same_motion_supported,"1267,957,1281,965",1274.03702,960.693233,69,4241,87,14.424839,7.803581,1.84849,-176.133201,0.511111,377,false,false,false
D1R1OBS_000377_0020,377,"1049,834,1345,1042",51,4474,false,true,unresolved_response,"1149,980,1156,982",1152.240809,981.110294,10,544,60,8.887409,2.137644,4.157572,-174.90879,0.416667,377,false,false,false
D1R1OBS_000377_0021,377,"1049,834,1345,1042",51,4474,false,true,unresolved_response,"1283,994,1294,1002",1288.873621,997.52608,57,3355,80,11.8412,7.589501,1.560208,-163.0383,0.527778,377,false,false,false
D1R1OBS_000377_0022,377,"1049,834,1345,1042",51,4474,false,true,static_background_candidate,"1277,1005,1291,1013",1285.36883,1008.634896,55,3221,78,15.53948,7.548941,2.058498,-165.155159,0.407407,377,false,false,false
D1R1OBS_000377_0023,377,"1049,834,1345,1042",51,4474,false,true,static_background_supported,"1281,1013,1319,1040",1297.404225,1028.727308,515,33140,111,42.091218,22.093089,1.905176,-161.436248,0.471612,377,false,false,false
D1R1OBS_000377_0024,377,"1049,834,1345,1042",51,4474,false,true,unresolved_response,"1320,1027,1326,1034",1323.443808,1031.149606,25,1397,68,8.320322,6.096905,1.36468,59.369898,0.446429,377,false,false,false
D1R1OBS_000377_0025,377,"1049,834,1345,1042",51,4474,false,true,unresolved_response,"1330,1034,1334,1039",1332.13403,1036.685814,21,1149,60,6.697944,4.829909,1.386764,103.237197,0.7,377,false,false,false
D1R1OBS_000377_0026,377,"1049,834,1345,1042",51,4474,false,true,unresolved_response,"1323,1036,1325,1039",1323.846416,1037.491468,10,586,72,4.320494,3.155243,1.369306,90,0.833333,377,false,false,false
D1R1OBS_000378_0001,378,"1055,835,1351,1042",54.75,4325,false,true,static_background_candidate,"1332,835,1348,844",1340.954062,839.770312,84,5551,82,16.411659,9.238596,1.776424,-178.34325,0.494118,378,false,false,false
D1R1OBS_000378_0002,378,"1055,835,1351,1042",54.75,4325,false,true,static_background_supported,"1315,842,1321,846",1317.589909,843.918499,13,773,66,7.724642,3.511396,2.199878,-152.292621,0.371429,378,false,false,false
D1R1OBS_000378_0003,378,"1055,835,1351,1042",54.75,4325,false,true,static_background_supported,"1309,847,1321,855",1315.035287,851.311304,53,3344,82,13.018909,7.751962,1.679434,-171.445059,0.452991,378,false,false,false
D1R1OBS_000378_0004,378,"1055,835,1351,1042",54.75,4325,false,true,static_background_candidate,"1327,848,1331,850",1328.759178,849.113069,11,681,71,5.450383,2.690497,2.02579,-155.66275,0.733333,378,false,false,false
D1R1OBS_000378_0005,378,"1055,835,1351,1042",54.75,4325,false,true,unresolved_response,"1336,854,1338,858",1336.886513,856.101974,10,608,67,5.302733,2.661019,1.992745,60.232772,0.666667,378,false,false,false
D1R1OBS_000378_0006,378,"1055,835,1351,1042",54.75,4325,false,true,background_recurrence_candidate,"1309,869,1318,873",1313.541962,870.811931,17,989,62,11.079358,3.99421,2.773855,-176.010819,0.34,378,false,false,false
D1R1OBS_000378_0007,378,"1055,835,1351,1042",54.75,4325,false,true,background_recurrence_candidate,"1079,884,1087,889",1082.257898,885.756462,27,1741,81,10.329795,4.79395,2.154757,151.624404,0.5,378,false,false,false
D1R1OBS_000378_0008,378,"1055,835,1351,1042",54.75,4325,false,true,static_background_candidate,"1055,890,1121,912",1091.211137,902.64763,640,43531,112,63.741068,20.005745,3.186138,179.114691,0.415315,378,false,false,false
D1R1OBS_000378_0009,378,"1055,835,1351,1042",54.75,4325,false,true,same_motion_supported,"1177,923,1183,925",1180.081907,924.300733,13,818,72,7.565333,3.003689,2.51868,179.512423,0.619048,378,false,false,false
D1R1OBS_000378_0010,378,"1055,835,1351,1042",54.75,4325,false,true,unresolved_response,"1143,947,1150,949",1146.345092,947.923313,11,652,68,8.818774,2.78505,3.166469,177.855423,0.458333,378,false,false,false
D1R1OBS_000378_0011,378,"1055,835,1351,1042",54.75,4325,false,true,same_motion_supported,"1120,947,1269,982",1183.547811,966.479284,1711,121865,171,172.66385,23.799237,7.255016,178.127296,0.316852,378,false,false,false
D1R1OBS_000378_0012,378,"1055,835,1351,1042",54.75,4325,false,true,unresolved_response,"1155,953,1160,959",1157.123928,956.915157,17,1049,78,7.862772,4.734144,1.660865,64.410038,0.404762,378,false,false,false
D1R1OBS_000378_0013,378,"1055,835,1351,1042",54.75,4325,false,true,same_motion_supported,"1164,955,1168,959",1166.016607,956.613286,13,843,78,6.133628,3.751122,1.635145,116.215704,0.52,378,false,false,false
D1R1OBS_000378_0014,378,"1055,835,1351,1042",54.75,4325,false,true,reappearance_provisionally_supported,"1172,955,1176,959",1173.572816,956.586839,15,927,73,5.259006,4.140393,1.270171,45,0.6,378,false,false,false
D1R1OBS_000378_0015,378,"1055,835,1351,1042",54.75,4325,false,true,same_motion_supported,"1271,957,1287,969",1279.618967,961.181596,81,5325,107,15.062528,11.256132,1.338162,-173.675859,0.366516,378,false,false,false
D1R1OBS_000378_0016,378,"1055,835,1351,1042",54.75,4325,false,true,background_recurrence_candidate,"1145,984,1148,989",1147.034115,986.02452,15,938,72,7.724953,3.812431,2.026254,79.620109,0.625,378,false,false,false
D1R1OBS_000378_0017,378,"1055,835,1351,1042",54.75,4325,false,true,background_recurrence_candidate,"1290,994,1302,1002",1295.720154,997.442239,58,3627,78,13.954548,7.688439,1.815004,-159.794051,0.495726,378,false,false,false
D1R1OBS_000378_0018,378,"1055,835,1351,1042",54.75,4325,false,true,unresolved_response,"1289,1005,1297,1013",1293.343233,1008.86084,37,2357,79,10.278008,7.068674,1.454022,47.115914,0.45679,378,false,false,false
D1R1OBS_000378_0019,378,"1055,835,1351,1042",54.75,4325,false,true,static_background_candidate,"1284,1006,1288,1009",1285.929167,1007.101389,12,720,69,5.315731,3.890622,1.366293,-166.243999,0.6,378,false,false,false
D1R1OBS_000378_0020,378,"1055,835,1351,1042",54.75,4325,false,true,unresolved_response,"1283,1013,1333,1039",1305.591345,1028.688183,561,38497,124,50.560594,21.983054,2.29998,-165.40597,0.407407,378,false,false,false
D1R1OBS_000378_0021,378,"1055,835,1351,1042",54.75,4325,false,true,background_recurrence_candidate,"1335,1033,1341,1039",1338.496942,1036.402141,21,1308,72,8.276156,5.697159,1.452681,49.930309,0.428571,378,false,false,false
D1R1OBS_000379_0001,379,"1060,835,1356,1043",53,4389,false,true,unresolved_response,"1304,835,1314,837",1309.342991,835.535514,19,1070,65,11.071779,2.750956,4.024703,-177.620115,0.575758,379,false,false,false
D1R1OBS_000379_0002,379,"1060,835,1356,1043",53,4389,false,true,unresolved_response,"1337,835,1355,844",1347.421266,839.737138,104,6414,81,19.134362,8.973542,2.132309,-170.310184,0.547368,379,false,false,false
D1R1OBS_000379_0003,379,"1060,835,1356,1043",53,4389,false,true,static_background_supported,"1312,839,1318,843",1315.876433,840.340127,14,785,64,8.437178,3.694482,2.283724,-155.362368,0.4,379,false,false,false
D1R1OBS_000379_0004,379,"1060,835,1356,1043",53,4389,false,true,unresolved_response,"1321,843,1331,850",1326.233196,846.026749,25,1458,65,13.644496,3.831589,3.561054,-147.609097,0.284091,379,false,false,false
D1R1OBS_000379_0005,379,"1060,835,1356,1043",53,4389,false,true,static_background_candidate,"1318,848,1327,855",1322.206068,851.762748,39,2373,83,11.568844,6.065092,1.907447,163.064812,0.4875,379,false,false,false
D1R1OBS_000379_0006,379,"1060,835,1356,1043",53,4389,false,true,static_background_supported,"1333,848,1338,851",1335.069444,849.150253,13,792,78,6.427052,3.19064,2.014346,-155.362079,0.541667,379,false,false,false
D1R1OBS_000379_0007,379,"1060,835,1356,1043",53,4389,false,true,static_background_candidate,"1315,869,1321,874",1317.888367,871.188014,15,851,62,10.080831,3.449733,2.922206,-149.697429,0.357143,379,false,false,false
D1R1OBS_000379_0008,379,"1060,835,1356,1043",53,4389,false,true,unresolved_response,"1088,883,1094,888",1090.654332,885.380866,18,1108,76,7.776881,5.295563,1.468565,-135.969961,0.428571,379,false,false,false
D1R1OBS_000379_0009,379,"1060,835,1356,1043",53,4389,false,true,unresolved_response,"1347,883,1351,885",1348.65917,883.915225,10,578,69,5.35721,2.938305,1.823232,-176.437492,0.666667,379,false,false,false
D1R1OBS_000379_0010,379,"1060,835,1356,1043",53,4389,false,true,unresolved_response,"1077,890,1127,914",1101.628271,903.952673,525,35160,118,54.122338,18.829163,2.874389,175.240128,0.411765,379,false,false,false
D1R1OBS_000379_0011,379,"1060,835,1356,1043",53,4389,false,true,unresolved_response,"1098,892,1104,897",1100.513433,894.793035,18,1005,64,8.454434,4.719553,1.791363,-137.958292,0.428571,379,false,false,false
D1R1OBS_000379_0012,379,"1060,835,1356,1043",53,4389,false,true,static_background_candidate,"1062,901,1071,907",1066.394286,904.601319,37,2275,78,10.84884,6.324267,1.71543,-175.472704,0.528571,379,false,false,false
D1R1OBS_000379_0013,379,"1060,835,1356,1043",53,4389,false,true,unresolved_response,"1073,906,1075,910",1074.299373,908.188088,11,638,62,6.151864,3.140647,1.958789,91.788167,0.733333,379,false,false,false
D1R1OBS_000379_0014,379,"1060,835,1356,1043",53,4389,false,true,reappearance_candidate,"1250,916,1255,920",1252.345646,917.133245,13,758,64,6.619463,4.560493,1.45148,136.788167,0.433333,379,false,false,false
D1R1OBS_000379_0015,379,"1060,835,1356,1043",53,4389,false,true,unresolved_response,"1282,940,1288,944",1284.888722,942.589474,12,665,61,7.127826,5.514184,1.292635,178.296778,0.342857,379,false,false,false
D1R1OBS_000379_0016,379,"1060,835,1356,1043",53,4389,false,true,unresolved_response,"1153,944,1157,949",1154.253023,946.466047,19,1075,66,6.026625,4.766627,1.264338,95.152423,0.633333,379,false,false,false
D1R1OBS_000379_0017,379,"1060,835,1356,1043",53,4389,false,true,same_motion_supported,"1129,949,1273,986",1190.290462,966.855773,1655,114514,161,173.322169,23.788206,7.286055,178.045458,0.300363,379,false,false,false
D1R1OBS_000379_0018,379,"1060,835,1356,1043",53,4389,false,true,unresolved_response,"1151,951,1158,953",1154.203222,951.91202,14,807,66,8.940638,2.901145,3.081762,-177.74393,0.583333,379,false,false,false
D1R1OBS_000379_0019,379,"1060,835,1356,1043",53,4389,false,true,reappearance_candidate,"1225,953,1237,960",1231.412729,957.369387,42,2561,83,12.568692,6.81275,1.844878,-177.860123,0.403846,379,false,false,false
D1R1OBS_000379_0020,379,"1060,835,1356,1043",53,4389,false,true,same_motion_supported,"1171,954,1174,958",1172.347011,956.263775,14,853,72,5.104161,3.985173,1.280788,78.823401,0.7,379,false,false,false
D1R1OBS_000379_0021,379,"1060,835,1356,1043",53,4389,false,true,same_motion_supported,"1279,954,1296,967",1287.769803,960.872245,107,6716,104,16.764075,12.765446,1.313239,177.654959,0.424603,379,false,false,false
D1R1OBS_000379_0022,379,"1060,835,1356,1043",53,4389,false,true,static_background_candidate,"1295,993,1308,1000",1301.234009,996.732449,63,3846,76,14.651454,7.421722,1.974131,-172.757871,0.5625,379,false,false,false
D1R1OBS_000379_0023,379,"1060,835,1356,1043",53,4389,false,true,background_recurrence_candidate,"1295,1005,1303,1011",1298.476085,1007.616475,36,2258,75,9.05684,6.052076,1.496485,-157.590658,0.571429,379,false,false,false
D1R1OBS_000379_0024,379,"1060,835,1356,1043",53,4389,false,true,background_recurrence_candidate,"1289,1014,1341,1040",1311.918413,1028.545885,519,33976,124,52.467778,21.040148,2.493698,-165.577628,0.362683,379,false,false,false
D1R1OBS_000379_0025,379,"1060,835,1356,1043",53,4389,false,true,static_background_candidate,"1342,1031,1347,1039",1345.211701,1035.577201,28,1658,68,8.853886,5.624984,1.574029,74.947396,0.518519,379,false,false,false
D1R1OBS_000380_0001,380,"1066,834,1362,1042",55,4646,false,true,static_background_supported,"1313,834,1319,837",1315.835005,835.208751,18,1097,69,8.037768,4.22514,1.902367,-176.918356,0.642857,380,false,false,false
D1R1OBS_000380_0002,380,"1066,834,1362,1042",55,4646,false,true,background_recurrence_candidate,"1345,836,1362,844",1353.906487,840.038505,81,5272,83,18.324227,8.410487,2.178736,-170.235096,0.5,380,false,false,false
D1R1OBS_000380_0003,380,"1066,834,1362,1042",55,4646,false,true,static_background_supported,"1327,843,1333,846",1330.350606,844.375965,15,907,71,6.966462,4.303025,1.618968,-168.018756,0.535714,380,false,false,false
D1R1OBS_000380_0004,380,"1066,834,1362,1042",55,4646,false,true,unresolved_response,"1334,846,1339,850",1336.158428,848.17237,13,789,71,5.749559,4.410827,1.30351,-146.542567,0.433333,380,false,false,false
D1R1OBS_000380_0005,380,"1066,834,1362,1042",55,4646,false,true,unresolved_response,"1340,847,1347,852",1343.340459,849.665083,20,1263,75,8.969415,4.048667,2.2154,-155.848045,0.416667,380,false,false,false
D1R1OBS_000380_0006,380,"1066,834,1362,1042",55,4646,false,true,static_background_supported,"1323,848,1333,854",1328.326463,851.267206,43,2717,76,12.84912,5.720976,2.245966,164.525356,0.558442,380,false,false,false
D1R1OBS_000380_0007,380,"1066,834,1362,1042",55,4646,false,true,unresolved_response,"1337,853,1343,855",1340.071533,854.160584,12,685,59,7.565749,2.758247,2.742955,-173.507936,0.571429,380,false,false,false
D1R1OBS_000380_0008,380,"1066,834,1362,1042",55,4646,false,true,unresolved_response,"1337,857,1342,861",1339.445498,859.00158,11,633,61,6.85503,3.431065,1.997931,135.946693,0.366667,380,false,false,false
D1R1OBS_000380_0009,380,"1066,834,1362,1042",55,4646,false,true,unresolved_response,"1330,859,1333,861",1331.683305,860.197935,10,581,61,4.78704,2.924194,1.637046,161.777779,0.833333,380,false,false,false
D1R1OBS_000380_0010,380,"1066,834,1362,1042",55,4646,false,true,background_recurrence_candidate,"1077,890,1138,914",1107.411731,903.223956,625,43696,123,61.148255,20.001979,3.05711,175.019373,0.403226,380,false,false,false
D1R1OBS_000380_0011,380,"1066,834,1362,1042",55,4646,false,true,static_background_supported,"1066,903,1075,907",1070.54716,904.74963,32,2025,75,10.528897,4.829053,2.180323,-176.017809,0.64,380,false,false,false
D1R1OBS_000380_0012,380,"1066,834,1362,1042",55,4646,false,true,reappearance_candidate,"1232,916,1236,919",1233.828652,917.810393,12,712,66,6.239452,3.530323,1.767388,165.778536,0.6,380,false,false,false
D1R1OBS_000380_0013,380,"1066,834,1362,1042",55,4646,false,true,reappearance_candidate,"1177,920,1181,924",1178.944801,922.250321,13,779,68,6.160304,4.596475,1.340224,-153.784296,0.52,380,false,false,false
D1R1OBS_000380_0014,380,"1066,834,1362,1042",55,4646,false,true,same_motion_supported,"1159,942,1162,948",1160.751046,945.570084,16,956,68,7.950108,3.53965,2.246015,105.171624,0.571429,380,false,false,false
D1R1OBS_000380_0015,380,"1066,834,1362,1042",55,4646,false,true,reappearance_provisionally_supported,"1248,947,1253,950",1250.379822,948.540059,11,674,66,7.512104,2.530741,2.968341,-162.831536,0.458333,380,false,false,false
D1R1OBS_000380_0016,380,"1066,834,1362,1042",55,4646,false,true,same_motion_supported,"1132,949,1279,982",1196.08018,966.61452,1757,126777,164,176.047319,23.58426,7.464611,178.490283,0.349165,380,false,false,false
D1R1OBS_000380_0017,380,"1066,834,1362,1042",55,4646,false,true,reappearance_candidate,"1230,952,1241,960",1236.490043,957.157895,45,2812,83,12.31966,7.684677,1.603146,176.787443,0.416667,380,false,false,false
D1R1OBS_000380_0018,380,"1066,834,1362,1042",55,4646,false,true,same_motion_supported,"1282,957,1302,966",1293.408634,960.928516,98,6463,112,20.161862,8.944534,2.254099,-173.325856,0.466667,380,false,false,false
D1R1OBS_000380_0019,380,"1066,834,1362,1042",55,4646,false,true,unresolved_response,"1129,967,1132,971",1130.184049,968.961656,11,652,67,5.201946,3.494636,1.488552,117.687922,0.55,380,false,false,false
D1R1OBS_000380_0020,380,"1066,834,1362,1042",55,4646,false,true,unresolved_response,"1309,968,1312,972",1310.403448,969.758621,10,580,67,6.488734,3.351068,1.936318,93.971736,0.5,380,false,false,false
D1R1OBS_000380_0021,380,"1066,834,1362,1042",55,4646,false,true,unresolved_response,"1122,969,1127,971",1124.498276,970.210345,10,580,62,7.438852,2.973425,2.501779,171.09428,0.555556,380,false,false,false
D1R1OBS_000380_0022,380,"1066,834,1362,1042",55,4646,false,true,unresolved_response,"1301,994,1313,1000",1307.076627,996.995331,57,3641,81,13.360233,6.3111,2.116942,-174.416116,0.626374,380,false,false,false
D1R1OBS_000380_0023,380,"1066,834,1362,1042",55,4646,false,true,unresolved_response,"1301,1001,1309,1010",1305.246611,1006.228163,41,2656,82,10.62141,7.428704,1.42978,111.443513,0.455556,380,false,false,false
D1R1OBS_000380_0024,380,"1066,834,1362,1042",55,4646,false,true,static_background_candidate,"1298,1010,1301,1016",1299.684547,1013.001277,13,783,66,8.68302,3.691992,2.351852,96.233444,0.464286,380,false,false,false
D1R1OBS_000380_0025,380,"1066,834,1362,1042",55,4646,false,true,background_recurrence_candidate,"1300,1013,1354,1041",1321.379853,1029.186451,568,38557,119,57.536253,21.625851,2.660531,-166.767823,0.356113,380,false,false,false
D1R1OBS_000380_0026,380,"1066,834,1362,1042",55,4646,false,true,static_background_supported,"1295,1020,1300,1026",1297.725398,1023.058107,18,1067,69,7.493253,4.84075,1.547953,116.07054,0.428571,380,false,false,false
D1R1OBS_000380_0027,380,"1066,834,1362,1042",55,4646,false,true,unresolved_response,"1351,1028,1355,1032",1352.808799,1029.783418,10,591,67,6.486669,4.116473,1.575783,147.557417,0.4,380,false,false,false
D1R1OBS_000381_0001,381,"1070,832,1366,1039",58,4552,false,true,static_background_supported,"1314,832,1327,836",1321.172876,834.247802,37,2389,74,15.43419,5.215668,2.959197,179.210588,0.528571,381,false,false,false
D1R1OBS_000381_0002,381,"1070,832,1366,1039",58,4552,false,true,unresolved_response,"1353,836,1366,845",1361.27712,840.58136,78,5236,83,12.873456,10.06243,1.279359,-175.679657,0.557143,381,false,false,false
D1R1OBS_000381_0003,381,"1070,832,1366,1039",58,4552,false,true,static_background_supported,"1326,839,1332,841",1329.20875,839.9275,13,800,69,7.51216,3.034548,2.475545,178.755224,0.619048,381,false,false,false
D1R1OBS_000381_0004,381,"1070,832,1366,1039",58,4552,false,true,background_recurrence_candidate,"1331,845,1343,854",1336.857269,850.381989,51,3398,89,15.07432,6.654924,2.265138,149.62407,0.392308,381,false,false,false
D1R1OBS_000381_0005,381,"1070,832,1366,1039",58,4552,false,true,unresolved_response,"1348,848,1352,851",1349.856243,849.782791,13,953,88,6.221507,2.875275,2.163796,-154.902786,0.65,381,false,false,false
D1R1OBS_000381_0006,381,"1070,832,1366,1039",58,4552,false,true,background_recurrence_candidate,"1343,853,1347,856",1345.236246,854.074434,10,618,68,6.125779,2.455685,2.494529,146.110906,0.5,381,false,false,false
D1R1OBS_000381_0007,381,"1070,832,1366,1039",58,4552,false,true,unresolved_response,"1355,855,1359,859",1356.852439,856.935366,13,820,71,5.613841,3.460053,1.622472,55.45399,0.52,381,false,false,false
D1R1OBS_000381_0008,381,"1070,832,1366,1039",58,4552,false,true,unresolved_response,"1321,868,1327,871",1323.56772,869.188488,14,886,75,8.348002,3.318759,2.515399,-170.103793,0.5,381,false,false,false
D1R1OBS_000381_0009,381,"1070,832,1366,1039",58,4552,false,true,background_recurrence_candidate,"1090,879,1095,881",1092.758887,880.227202,10,647,75,5.980976,2.522154,2.371376,-177.920179,0.555556,381,false,false,false
D1R1OBS_000381_0010,381,"1070,832,1366,1039",58,4552,false,true,background_recurrence_candidate,"1345,882,1355,886",1349.759109,884.183198,16,988,69,11.940986,4.100349,2.912188,166.235301,0.290909,381,false,false,false
D1R1OBS_000381_0011,381,"1070,832,1366,1039",58,4552,false,true,unresolved_response,"1131,884,1134,886",1132.630404,885.103208,11,717,74,4.55826,3.21707,1.416898,164.929307,0.916667,381,false,false,false
D1R1OBS_000381_0012,381,"1070,832,1366,1039",58,4552,false,true,static_background_candidate,"1087,889,1145,915",1114.398676,903.216281,660,48044,137,59.677036,20.362072,2.930794,174.49794,0.414313,381,false,false,false
D1R1OBS_000381_0013,381,"1070,832,1366,1039",58,4552,false,true,static_background_supported,"1070,902,1086,908",1076.723375,904.751037,55,3615,83,18.149434,5.718779,3.173655,177.745353,0.462185,381,false,false,false
D1R1OBS_000381_0014,381,"1070,832,1366,1039",58,4552,false,true,reappearance_candidate,"1266,916,1270,918",1267.859736,916.79538,10,606,66,5.760196,2.61154,2.20567,-159.825092,0.666667,381,false,false,false
D1R1OBS_000381_0015,381,"1070,832,1366,1039",58,4552,false,true,reappearance_provisionally_supported,"1237,917,1243,918",1240.211852,917.463704,11,675,67,7.393905,1.874031,3.945455,-172.58676,0.785714,381,false,false,false
D1R1OBS_000381_0016,381,"1070,832,1366,1039",58,4552,false,true,reappearance_provisionally_supported,"1183,920,1186,923",1184.51148,921.517857,12,784,72,5.30174,3.116045,1.701432,125.782526,0.75,381,false,false,false
D1R1OBS_000381_0017,381,"1070,832,1366,1039",58,4552,false,true,motion_shell_candidate,"1210,924,1213,926",1211.208333,925.170977,10,696,82,4.78704,2.924194,1.637046,-161.777779,0.833333,381,false,false,false
D1R1OBS_000381_0018,381,"1070,832,1366,1039",58,4552,false,true,reappeared_supported,"1254,947,1260,950",1257.335859,948.626263,13,792,65,8.358487,2.695162,3.101293,-163.858001,0.464286,381,false,false,false
D1R1OBS_000381_0019,381,"1070,832,1366,1039",58,4552,false,true,unresolved_response,"1282,947,1284,951",1282.902755,949.327391,10,617,68,6.326506,2.824062,2.240215,98.714931,0.666667,381,false,false,false
D1R1OBS_000381_0020,381,"1070,832,1366,1039",58,4552,false,true,same_motion_supported,"1140,950,1285,985",1202.5925,966.807786,1709,126432,175,173.787449,23.998559,7.241579,178.463931,0.325152,381,false,false,false
D1R1OBS_000381_0021,381,"1070,832,1366,1039",58,4552,false,true,reappearance_provisionally_supported,"1238,953,1250,961",1244.914716,957.744546,40,2521,81,12.106391,7.565062,1.600303,-177.318813,0.34188,381,false,false,false
D1R1OBS_000381_0022,381,"1070,832,1366,1039",58,4552,false,true,same_motion_supported,"1289,955,1308,967",1300.765563,960.919903,100,7004,121,19.280614,10.144221,1.90065,-173.91134,0.384615,381,false,false,false
D1R1OBS_000381_0023,381,"1070,832,1366,1039",58,4552,false,true,background_recurrence_candidate,"1307,992,1321,1011",1313.413372,1000.890845,115,7613,87,21.066685,12.875989,1.636122,104.979541,0.383333,381,false,false,false
D1R1OBS_000381_0024,381,"1070,832,1366,1039",58,4552,false,true,static_background_candidate,"1304,1012,1347,1039",1323.073515,1027.779032,505,35530,133,44.12536,22.374039,1.972168,-158.838137,0.409903,381,false,false,false
D1R1OBS_000381_0025,381,"1070,832,1366,1039",58,4552,false,true,background_recurrence_candidate,"1343,1025,1361,1039",1352.061123,1031.994635,81,5219,79,23.43677,7.345229,3.190747,-145.459371,0.284211,381,false,false,false
D1R1OBS_000382_0001,382,"1077,831,1373,1038",58,4735,false,true,static_background_supported,"1327,831,1339,841",1332.288896,836.101729,47,3008,75,15.535541,6.545464,2.373482,-137.903544,0.328671,382,false,false,false
D1R1OBS_000382_0002,382,"1077,831,1373,1038",58,4735,false,true,static_background_supported,"1322,833,1325,836",1323.928458,834.532591,10,629,73,5.611396,3.672875,1.527794,111.098774,0.625,382,false,false,false
D1R1OBS_000382_0003,382,"1077,831,1373,1038",58,4735,false,true,background_recurrence_candidate,"1360,836,1373,846",1367.427777,840.431079,84,5753,85,14.62623,10.693936,1.367712,-165.77856,0.545455,382,false,false,false
D1R1OBS_000382_0004,382,"1077,831,1373,1038",58,4735,false,true,static_background_candidate,"1336,841,1362,854",1347.74493,849.460393,96,6312,88,24.079146,12.135347,1.984216,172.542704,0.253968,382,false,false,false
D1R1OBS_000382_0005,382,"1077,831,1373,1038",58,4735,false,true,unresolved_response,"1177,843,1181,846",1179.081433,844.698697,10,614,66,6.238824,2.349791,2.655055,-148.964489,0.5,382,false,false,false
D1R1OBS_000382_0006,382,"1077,831,1373,1038",58,4735,false,true,unresolved_response,"1113,848,1119,850",1116.322795,848.507488,10,601,65,8.929322,2.582094,3.458171,-172.237945,0.47619,382,false,false,false
D1R1OBS_000382_0007,382,"1077,831,1373,1038",58,4735,false,true,background_recurrence_candidate,"1362,856,1366,859",1363.885593,857.617232,11,708,73,5.737081,2.795206,2.052472,-151.108273,0.55,382,false,false,false
D1R1OBS_000382_0008,382,"1077,831,1373,1038",58,4735,false,true,unresolved_response,"1139,861,1148,864",1143.238504,863.129384,20,1283,73,9.388526,3.820003,2.457728,-175.786515,0.5,382,false,false,false
D1R1OBS_000382_0009,382,"1077,831,1373,1038",58,4735,false,true,background_recurrence_candidate,"1325,868,1332,870",1328.755102,868.995465,14,882,73,8.371062,2.699623,3.100827,-177.751424,0.583333,382,false,false,false
D1R1OBS_000382_0010,382,"1077,831,1373,1038",58,4735,false,true,unresolved_response,"1338,874,1343,879",1341.092915,876.938444,14,861,69,8.371422,3.312738,2.52704,137.388898,0.388889,382,false,false,false
D1R1OBS_000382_0011,382,"1077,831,1373,1038",58,4735,false,true,background_recurrence_candidate,"1135,884,1140,887",1137.695912,885.254237,15,1003,86,6.763381,3.118228,2.168982,163.894536,0.625,382,false,false,false
D1R1OBS_000382_0012,382,"1077,831,1373,1038",58,4735,false,true,unresolved_response,"1093,889,1146,916",1119.357518,903.168713,637,46985,137,56.019976,20.965073,2.672062,172.819766,0.421296,382,false,false,false
D1R1OBS_000382_0013,382,"1077,831,1373,1038",58,4735,false,true,unresolved_response,"1340,891,1342,895",1340.893964,892.791191,10,613,66,5.467025,2.560485,2.135152,72.307285,0.666667,382,false,false,false
D1R1OBS_000382_0014,382,"1077,831,1373,1038",58,4735,false,true,unresolved_response,"1077,902,1083,907",1080.023009,904.423009,26,1695,82,8.340275,5.968363,1.397414,173.460643,0.619048,382,false,false,false
D1R1OBS_000382_0015,382,"1077,831,1373,1038",58,4735,false,true,static_background_candidate,"1085,902,1093,907",1088.064109,904.572254,29,1903,85,10.454131,4.930234,2.120413,166.170848,0.537037,382,false,false,false
D1R1OBS_000382_0016,382,"1077,831,1373,1038",58,4735,false,true,reappearance_provisionally_supported,"1253,917,1257,922",1255.22659,919.623121,14,865,68,6.272378,5.390072,1.163691,125.008447,0.466667,382,false,false,false
D1R1OBS_000382_0017,382,"1077,831,1373,1038",58,4735,false,true,reappeared_supported,"1248,918,1252,922",1250.077597,919.826033,13,799,65,6.901857,4.455508,1.549062,92.329127,0.52,382,false,false,false
D1R1OBS_000382_0018,382,"1077,831,1373,1038",58,4735,false,true,unresolved_response,"1187,920,1194,923",1190.747873,921.8314,20,1293,81,8.398796,4.223644,1.988519,-179.084312,0.625,382,false,false,false
D1R1OBS_000382_0019,382,"1077,831,1373,1038",58,4735,false,true,reappeared_supported,"1198,922,1202,925",1199.610822,923.360042,15,961,78,4.987437,4.126771,1.208557,-165.472698,0.75,382,false,false,false
D1R1OBS_000382_0020,382,"1077,831,1373,1038",58,4735,false,true,same_motion_candidate,"1211,924,1224,927",1218.454993,925.209051,31,2033,82,14.526208,3.056463,4.75262,-170.686693,0.553571,382,false,false,false
D1R1OBS_000382_0021,382,"1077,831,1373,1038",58,4735,false,true,unresolved_response,"1318,930,1320,937",1318.997655,933.568581,14,853,69,9.011682,2.605682,3.458473,101.692611,0.583333,382,false,false,false
D1R1OBS_000382_0022,382,"1077,831,1373,1038",58,4735,false,true,unresolved_response,"1313,932,1315,936",1314.276295,933.346939,10,637,71,5.702251,2.735751,2.084346,68.507299,0.666667,382,false,false,false
D1R1OBS_000382_0023,382,"1077,831,1373,1038",58,4735,false,true,same_motion_supported,"1281,946,1285,948",1283.43454,947.206128,11,718,80,6.06293,2.886483,2.100456,171.060652,0.733333,382,false,false,false
D1R1OBS_000382_0024,382,"1077,831,1373,1038",58,4735,false,true,unresolved_response,"1288,947,1290,951",1288.901929,949.138264,10,622,68,6.169373,2.793832,2.208212,99.96279,0.666667,382,false,false,false
D1R1OBS_000382_0025,382,"1077,831,1373,1038",58,4735,false,true,same_motion_supported,"1138,951,1292,985",1210.600955,966.750769,1702,124194,176,177.980315,24.280435,7.330195,178.143381,0.313733,382,false,false,false
D1R1OBS_000382_0026,382,"1077,831,1373,1038",58,4735,false,true,same_motion_supported,"1296,956,1315,965",1306.4316,960.55694,102,6981,104,19.060676,9.2519,2.06019,-166.133922,0.51,382,false,false,false
D1R1OBS_000382_0027,382,"1077,831,1373,1038",58,4735,false,true,unresolved_response,"1199,974,1203,978",1200.601685,975.619735,13,831,68,7.100737,2.907116,2.442537,125.738248,0.52,382,false,false,false
D1R1OBS_000382_0028,382,"1077,831,1373,1038",58,4735,false,true,unresolved_response,"1316,994,1327,1012",1320.983755,1001.334115,90,5971,81,21.485458,9.194694,2.336723,103.561531,0.394737,382,false,false,false
D1R1OBS_000382_0029,382,"1077,831,1373,1038",58,4735,false,true,static_background_candidate,"1309,1014,1363,1038",1332.312,1028.611584,565,39625,121,53.510693,21.112661,2.534531,-167.353792,0.410909,382,false,false,false
D1R1OBS_000383_0001,383,"1085,830,1381,1038",57,4457,false,true,unresolved_response,"1288,830,1295,836",1291.30207,833.000647,25,1546,72,9.735133,5.494287,1.771865,-142.000909,0.446429,383,false,false,false
D1R1OBS_000383_0002,383,"1085,830,1381,1038",57,4457,false,true,static_background_supported,"1333,831,1343,837",1337.96128,834.763036,32,1937,69,10.235776,6.322248,1.619009,-179.187006,0.415584,383,false,false,false
D1R1OBS_000383_0003,383,"1085,830,1381,1038",57,4457,false,true,unresolved_response,"1367,835,1381,845",1374.326037,840.576346,87,5665,83,14.747958,9.788624,1.506643,-168.367387,0.527273,383,false,false,false
D1R1OBS_000383_0004,383,"1085,830,1381,1038",57,4457,false,true,static_background_candidate,"1350,842,1367,853",1357.998164,847.826027,70,4357,78,19.871433,7.930433,2.505719,-154.00007,0.324074,383,false,false,false
D1R1OBS_000383_0005,383,"1085,830,1381,1038",57,4457,false,true,unresolved_response,"1125,845,1130,847",1127.816485,845.729393,11,643,62,6.114582,2.668517,2.291379,-162.391204,0.611111,383,false,false,false
D1R1OBS_000383_0006,383,"1085,830,1381,1038",57,4457,false,true,static_background_candidate,"1343,847,1353,854",1348.8744,851.2176,39,2500,83,11.589437,6.464744,1.792714,164.802481,0.443182,383,false,false,false
D1R1OBS_000383_0007,383,"1085,830,1381,1038",57,4457,false,true,unresolved_response,"1169,852,1174,859",1172.166443,855.753691,25,1490,65,9.475002,5.492814,1.724981,91.949666,0.520833,383,false,false,false
D1R1OBS_000383_0008,383,"1085,830,1381,1038",57,4457,false,true,static_background_candidate,"1367,855,1372,859",1369.325786,856.998742,13,795,69,7.400759,2.754585,2.686706,-151.015893,0.433333,383,false,false,false
D1R1OBS_000383_0009,383,"1085,830,1381,1038",57,4457,false,true,background_recurrence_candidate,"1147,860,1154,867",1150.326508,863.433315,27,1807,96,8.801259,5.570266,1.580043,46.632035,0.421875,383,false,false,false
D1R1OBS_000383_0010,383,"1085,830,1381,1038",57,4457,false,true,static_background_candidate,"1331,867,1339,870",1334.761589,868.610375,15,906,68,10.618572,2.999718,3.539857,-172.073536,0.416667,383,false,false,false
D1R1OBS_000383_0011,383,"1085,830,1381,1038",57,4457,false,true,background_recurrence_candidate,"1347,873,1350,879",1348.117962,876.058981,12,746,73,7.254566,3.335992,2.174635,109.774224,0.428571,383,false,false,false
D1R1OBS_000383_0012,383,"1085,830,1381,1038",57,4457,false,true,unresolved_response,"1117,883,1120,887",1118.341435,884.763889,14,864,73,4.937569,4.6757,1.056006,147.38757,0.7,383,false,false,false
D1R1OBS_000383_0013,383,"1085,830,1381,1038",57,4457,false,true,background_recurrence_candidate,"1091,884,1157,915",1126.969448,902.108866,764,54792,140,63.062605,22.252587,2.833945,171.129646,0.356343,383,false,false,false
D1R1OBS_000383_0014,383,"1085,830,1381,1038",57,4457,false,true,static_background_supported,"1085,902,1090,906",1087.284434,904.371781,14,893,76,7.242879,3.410075,2.123965,-155.36086,0.466667,383,false,false,false
D1R1OBS_000383_0015,383,"1085,830,1381,1038",57,4457,false,true,same_motion_supported,"1256,917,1260,921",1257.873072,918.763938,14,843,67,6.466999,3.857618,1.676423,126.16684,0.56,383,false,false,false
D1R1OBS_000383_0016,383,"1085,830,1381,1038",57,4457,false,true,unresolved_response,"1193,920,1201,923",1197.039797,921.908552,19,1181,73,9.543987,3.413085,2.796293,174.980373,0.527778,383,false,false,false
D1R1OBS_000383_0017,383,"1085,830,1381,1038",57,4457,false,true,same_motion_supported,"1202,921,1209,925",1205.447148,923.165779,20,1315,81,7.607428,4.567701,1.665483,-168.409264,0.5,383,false,false,false
D1R1OBS_000383_0018,383,"1085,830,1381,1038",57,4457,false,true,same_motion_supported,"1220,924,1226,927",1223.58419,925.191304,19,1265,80,7.558156,3.480523,2.171558,-164.691743,0.678571,383,false,false,false
D1R1OBS_000383_0019,383,"1085,830,1381,1038",57,4457,false,true,unresolved_response,"1157,929,1162,934",1159.737174,932.120758,21,1267,72,7.240733,5.066263,1.429206,160.504503,0.583333,383,false,false,false
D1R1OBS_000383_0020,383,"1085,830,1381,1038",57,4457,false,true,background_recurrence_candidate,"1322,932,1327,936",1324.645161,934.162826,11,651,64,8.188856,2.614107,3.132564,150.078414,0.366667,383,false,false,false
D1R1OBS_000383_0021,383,"1085,830,1381,1038",57,4457,false,true,unresolved_response,"1152,944,1156,951",1153.485243,947.426215,18,1152,81,7.31488,4.756391,1.537906,74.285217,0.45,383,false,false,false
D1R1OBS_000383_0022,383,"1085,830,1381,1038",57,4457,false,true,reappearance_candidate,"1211,949,1299,977",1257.573538,965.671895,818,55726,112,90.545081,19.163634,4.724839,175.224484,0.316931,383,false,false,false
D1R1OBS_000383_0023,383,"1085,830,1381,1038",57,4457,false,true,reappearance_candidate,"1144,953,1210,984",1177.103316,968.595401,775,57232,145,62.806806,24.01011,2.615848,-173.976079,0.361474,383,false,false,false
D1R1OBS_000383_0024,383,"1085,830,1381,1038",57,4457,false,true,same_motion_supported,"1304,956,1324,967",1314.446392,961.05147,108,7247,97,19.751773,9.25249,2.134752,-166.110926,0.428571,383,false,false,false
D1R1OBS_000383_0025,383,"1085,830,1381,1038",57,4457,false,true,background_recurrence_candidate,"1322,992,1334,1005",1327.367835,997.834532,68,4309,82,12.646703,12.252013,1.032214,121.47024,0.373626,383,false,false,false
D1R1OBS_000383_0026,383,"1085,830,1381,1038",57,4457,false,true,unresolved_response,"1322,1009,1328,1012",1325.279898,1009.979644,19,1179,69,7.938327,3.863221,2.054847,-171.399462,0.678571,383,false,false,false
D1R1OBS_000383_0027,383,"1085,830,1381,1038",57,4457,false,true,unresolved_response,"1319,1014,1361,1038",1335.945192,1027.873083,412,28554,115,41.303136,20.561028,2.008807,-165.437305,0.383256,383,false,false,false
D1R1OBS_000383_0028,383,"1085,830,1381,1038",57,4457,false,true,static_background_candidate,"1357,1025,1365,1035",1361.450168,1029.428145,40,2679,93,9.474587,8.590179,1.102956,88.30705,0.40404,383,false,false,false
D1R1OBS_000383_0029,383,"1085,830,1381,1038",57,4457,false,true,static_background_candidate,"1336,1032,1344,1038",1339.340062,1035.715839,38,2576,88,9.868057,5.716746,1.726167,-151.239847,0.603175,383,false,false,false
D1R1OBS_000384_0001,384,"1091,833,1387,1040",54,4802,false,true,background_recurrence_candidate,"1296,833,1300,836",1298.12,834.226154,10,650,73,5.845813,2.413809,2.421821,-140.972089,0.5,384,false,false,false
D1R1OBS_000384_0002,384,"1091,833,1387,1040",54,4802,false,true,static_background_supported,"1323,833,1328,840",1325.072383,836.737194,16,898,62,7.402351,5.710097,1.296362,97.665304,0.333333,384,false,false,false
D1R1OBS_000384_0003,384,"1091,833,1387,1040",54,4802,false,true,static_background_candidate,"1338,833,1353,837",1345.593523,834.348409,30,1791,66,17.410575,4.261367,4.085678,179.419429,0.375,384,false,false,false
D1R1OBS_000384_0004,384,"1091,833,1387,1040",54,4802,false,true,unresolved_response,"1374,834,1387,845",1380.219621,840.006666,91,5851,83,14.121409,11.027669,1.280543,-156.306393,0.541667,384,false,false,false
D1R1OBS_000384_0005,384,"1091,833,1387,1040",54,4802,false,true,static_background_candidate,"1355,840,1361,846",1358.185398,843.363413,20,1219,75,7.601869,4.721843,1.609937,133.640078,0.408163,384,false,false,false
D1R1OBS_000384_0006,384,"1091,833,1387,1040",54,4802,false,true,unresolved_response,"1359,846,1362,849",1360.208772,847.487719,10,570,62,5.344464,2.677693,1.995921,132.855423,0.625,384,false,false,false
D1R1OBS_000384_0007,384,"1091,833,1387,1040",54,4802,false,true,unresolved_response,"1365,846,1373,852",1368.433022,849.456386,30,1926,85,10.649302,5.517721,1.930018,-146.344128,0.47619,384,false,false,false
D1R1OBS_000384_0008,384,"1091,833,1387,1040",54,4802,false,true,static_background_supported,"1349,849,1360,854",1354.70604,850.981208,25,1490,74,11.874983,4.833023,2.457051,-175.764154,0.347222,384,false,false,false
D1R1OBS_000384_0009,384,"1091,833,1387,1040",54,4802,false,true,background_recurrence_candidate,"1176,852,1181,859",1178.676154,855.194181,26,1581,68,9.394843,5.185335,1.81181,98.03267,0.541667,384,false,false,false
D1R1OBS_000384_0010,384,"1091,833,1387,1040",54,4802,false,true,unresolved_response,"1154,860,1160,867",1156.829162,863.428727,28,1838,105,7.563543,6.486389,1.166064,82.544614,0.5,384,false,false,false
D1R1OBS_000384_0011,384,"1091,833,1387,1040",54,4802,false,true,static_background_candidate,"1347,868,1355,873",1351.103129,870.516802,15,863,64,12.684878,3.981932,3.185609,-152.062059,0.277778,384,false,false,false
D1R1OBS_000384_0012,384,"1091,833,1387,1040",54,4802,false,true,unresolved_response,"1360,875,1364,878",1362.097529,876.211964,13,769,66,5.023844,3.706124,1.355552,178.466757,0.65,384,false,false,false
D1R1OBS_000384_0013,384,"1091,833,1387,1040",54,4802,false,true,unresolved_response,"1377,882,1380,889",1378.435233,885.312176,14,772,59,9.450001,2.655019,3.559297,76.388832,0.4375,384,false,false,false
D1R1OBS_000384_0014,384,"1091,833,1387,1040",54,4802,false,true,background_recurrence_candidate,"1123,883,1127,886",1124.508966,884.642759,12,725,75,5.360022,3.393021,1.57972,151.173722,0.6,384,false,false,false
D1R1OBS_000384_0015,384,"1091,833,1387,1040",54,4802,false,true,unresolved_response,"1122,888,1126,892",1123.867698,889.939863,10,582,65,7.302967,2.599145,2.809757,135,0.4,384,false,false,false
D1R1OBS_000384_0016,384,"1091,833,1387,1040",54,4802,false,true,unresolved_response,"1108,888,1163,914",1134.632385,902.387009,732,52389,132,57.63683,21.096889,2.732006,172.070628,0.484127,384,false,false,false
D1R1OBS_000384_0017,384,"1091,833,1387,1040",54,4802,false,true,unresolved_response,"1091,901,1103,907",1097.533971,904.4469,48,3032,81,16.939973,6.449619,2.626507,-176.019147,0.527473,384,false,false,false
D1R1OBS_000384_0018,384,"1091,833,1387,1040",54,4802,false,true,same_motion_supported,"1260,916,1267,920",1263.573099,918.239766,20,1197,71,7.785187,5.086755,1.530482,164.291802,0.5,384,false,false,false
D1R1OBS_000384_0019,384,"1091,833,1387,1040",54,4802,false,true,same_motion_supported,"1200,921,1215,925",1207.934907,922.729349,42,2627,76,17.734,4.157752,4.265285,-173.330304,0.525,384,false,false,false
D1R1OBS_000384_0020,384,"1091,833,1387,1040",54,4802,false,true,same_motion_supported,"1229,924,1232,926",1230.226929,925.166415,10,661,85,4.78704,2.924194,1.637046,-161.777779,0.833333,384,false,false,false
D1R1OBS_000384_0021,384,"1091,833,1387,1040",54,4802,false,true,background_recurrence_candidate,"1314,926,1321,929",1317.176185,927.196841,14,823,66,9.306046,4.202529,2.214392,179.342383,0.4375,384,false,false,false
D1R1OBS_000384_0022,384,"1091,833,1387,1040",54,4802,false,true,background_recurrence_candidate,"1161,929,1169,936",1165.585286,932.663543,34,2134,80,8.158518,7.141435,1.14242,140.387237,0.472222,384,false,false,false
D1R1OBS_000384_0023,384,"1091,833,1387,1040",54,4802,false,true,background_recurrence_candidate,"1157,944,1161,951",1159.248574,947.710676,19,1227,79,7.363493,4.406404,1.671089,79.442539,0.475,384,false,false,false
D1R1OBS_000384_0024,384,"1091,833,1387,1040",54,4802,false,true,unresolved_response,"1196,944,1200,947",1197.765487,945.744838,12,678,61,4.86328,3.85927,1.260155,-177.618179,0.6,384,false,false,false
D1R1OBS_000384_0025,384,"1091,833,1387,1040",54,4802,false,true,reappearance_candidate,"1160,948,1305,980",1228.058002,966.382903,1515,103342,129,174.767566,22.653411,7.714846,178.191978,0.314446,384,false,false,false
D1R1OBS_000384_0026,384,"1091,833,1387,1040",54,4802,false,true,reappearance_provisionally_supported,"1192,952,1194,956",1192.788756,954.570698,10,587,62,5.669844,3.243383,1.748127,68.16611,0.666667,384,false,false,false
D1R1OBS_000384_0027,384,"1091,833,1387,1040",54,4802,false,true,reappearance_candidate,"1204,954,1211,956",1207.431456,954.739639,16,941,67,9.179886,2.475822,3.707814,-172.48391,0.666667,384,false,false,false
D1R1OBS_000384_0028,384,"1091,833,1387,1040",54,4802,false,true,reappearance_candidate,"1261,955,1267,961",1263.931902,957.572393,27,1630,78,7.903817,6.175246,1.27992,145.711382,0.55102,384,false,false,false
D1R1OBS_000384_0029,384,"1091,833,1387,1040",54,4802,false,true,same_motion_supported,"1313,957,1329,966",1321.231353,960.714418,84,5403,94,17.313509,8.727614,1.983762,-179.887087,0.494118,384,false,false,false
D1R1OBS_000384_0030,384,"1091,833,1387,1040",54,4802,false,true,static_background_candidate,"1328,991,1341,1004",1333.864073,997.315778,75,4576,75,14.138426,12.522832,1.129012,71.600331,0.382653,384,false,false,false
D1R1OBS_000384_0031,384,"1091,833,1387,1040",54,4802,false,true,unresolved_response,"1327,1006,1332,1011",1329.329143,1008.765714,15,875,64,7.655022,4.406777,1.737102,-143.829888,0.416667,384,false,false,false
D1R1OBS_000384_0032,384,"1091,833,1387,1040",54,4802,false,true,unresolved_response,"1321,1010,1325,1018",1323.171053,1012.949393,17,988,66,11.836136,3.791632,3.121647,102.718994,0.377778,384,false,false,false
D1R1OBS_000384_0033,384,"1091,833,1387,1040",54,4802,false,true,static_background_supported,"1323,1012,1364,1039",1341.130751,1026.967239,459,30646,110,42.275692,22.841001,1.850869,-159.375425,0.390306,384,false,false,false
D1R1OBS_000384_0034,384,"1091,833,1387,1040",54,4802,false,true,static_background_candidate,"1354,1025,1358,1028",1356.545455,1026.20202,10,594,64,5.101983,3.641244,1.401165,171.91775,0.5,384,false,false,false
D1R1OBS_000384_0035,384,"1091,833,1387,1040",54,4802,false,true,unresolved_response,"1363,1026,1372,1035",1367.221934,1030.323824,41,2699,89,10.184892,7.848236,1.29773,59.077602,0.41,384,false,false,false
D1R1OBS_000384_0036,384,"1091,833,1387,1040",54,4802,false,true,unresolved_response,"1377,1027,1381,1036",1378.815004,1031.613984,23,1373,69,10.278797,3.134422,3.279328,105.82233,0.46,384,false,false,false
D1R1OBS_000385_0001,385,"1096,833,1392,1041",53,4622,false,true,static_background_supported,"1328,833,1332,838",1330.37448,835.037448,13,721,61,7.387269,4.640131,1.592039,69.892265,0.433333,385,false,false,false
D1R1OBS_000385_0002,385,"1096,833,1392,1041",53,4622,false,true,static_background_candidate,"1349,833,1353,838",1350.533333,835.561616,17,990,66,7.539706,3.675019,2.05161,60.161803,0.566667,385,false,false,false
D1R1OBS_000385_0003,385,"1096,833,1392,1041",53,4622,false,true,unresolved_response,"1198,835,1203,837",1200.04644,836.441176,11,646,68,6.352976,2.656667,2.391333,-172.921184,0.611111,385,false,false,false
D1R1OBS_000385_0004,385,"1096,833,1392,1041",53,4622,false,true,background_recurrence_candidate,"1380,835,1392,844",1385.666591,839.398726,71,4394,79,12.274726,9.111246,1.347206,172.317921,0.546154,385,false,false,false
D1R1OBS_000385_0005,385,"1096,833,1392,1041",53,4622,false,true,background_recurrence_candidate,"1171,844,1178,847",1174.291759,846.063474,16,898,62,8.253899,3.652372,2.259873,-174.741566,0.5,385,false,false,false
D1R1OBS_000385_0006,385,"1096,833,1392,1041",53,4622,false,true,unresolved_response,"1222,844,1229,846",1226.46256,844.914251,14,828,69,9.237131,2.896498,3.189068,177.574683,0.583333,385,false,false,false
D1R1OBS_000385_0007,385,"1096,833,1392,1041",53,4622,false,true,unresolved_response,"1362,844,1378,852",1370.909777,848.247684,48,2915,85,18.535042,5.794202,3.198895,-160.778399,0.313725,385,false,false,false
D1R1OBS_000385_0008,385,"1096,833,1392,1041",53,4622,false,true,static_background_candidate,"1355,849,1363,854",1359.549755,851.01876,21,1226,66,8.887582,4.854202,1.830905,160.7931,0.388889,385,false,false,false
D1R1OBS_000385_0009,385,"1096,833,1392,1041",53,4622,false,true,static_background_candidate,"1181,852,1189,857",1184.798387,854.475806,15,868,66,10.604835,2.971989,3.568262,151.985234,0.277778,385,false,false,false
D1R1OBS_000385_0010,385,"1096,833,1392,1041",53,4622,false,true,background_recurrence_candidate,"1160,862,1167,867",1163.242305,864.204977,24,1527,90,7.589931,5.215797,1.455182,171.974778,0.5,385,false,false,false
D1R1OBS_000385_0011,385,"1096,833,1392,1041",53,4622,false,true,background_recurrence_candidate,"1366,875,1371,878",1368.452991,876.078348,12,702,65,5.585588,3.492155,1.599467,-168.352718,0.5,385,false,false,false
D1R1OBS_000385_0012,385,"1096,833,1392,1041",53,4622,false,true,background_recurrence_candidate,"1096,889,1171,915",1137.011692,903.032934,867,59786,136,72.294021,20.322302,3.557374,173.904546,0.422515,385,false,false,false
D1R1OBS_000385_0013,385,"1096,833,1392,1041",53,4622,false,true,unresolved_response,"1146,891,1152,894",1148.837518,892.745938,12,677,62,7.672184,2.815222,2.72525,-163.570946,0.428571,385,false,false,false
D1R1OBS_000385_0014,385,"1096,833,1392,1041",53,4622,false,true,same_motion_supported,"1269,916,1272,921",1270.348783,918.309386,14,863,75,5.638269,3.937846,1.431816,102.452384,0.583333,385,false,false,false
D1R1OBS_000385_0015,385,"1096,833,1392,1041",53,4622,false,true,same_motion_supported,"1205,921,1212,924",1208.879639,922.10331,17,997,66,8.47146,3.429837,2.469931,-179.775315,0.53125,385,false,false,false
D1R1OBS_000385_0016,385,"1096,833,1392,1041",53,4622,false,true,same_motion_supported,"1233,924,1238,926",1235.354974,925.023037,15,955,80,6.680166,2.925121,2.283723,-167.637789,0.833333,385,false,false,false
D1R1OBS_000385_0017,385,"1096,833,1392,1041",53,4622,false,true,static_background_candidate,"1167,930,1176,935",1171.793837,933.040365,34,2304,87,9.434791,5.070349,1.860777,-168.742189,0.566667,385,false,false,false
D1R1OBS_000385_0018,385,"1096,833,1392,1041",53,4622,false,true,static_background_candidate,"1163,945,1168,951",1165.826753,947.876712,20,1241,78,6.775384,5.012559,1.351682,64.085134,0.47619,385,false,false,false
D1R1OBS_000385_0019,385,"1096,833,1392,1041",53,4622,false,true,reappearance_provisionally_supported,"1166,950,1313,980",1231.782577,965.99227,1590,105044,115,177.389545,22.672086,7.824139,178.68157,0.346556,385,false,false,false
D1R1OBS_000385_0020,385,"1096,833,1392,1041",53,4622,false,true,reappearance_provisionally_supported,"1303,953,1307,956",1305.021314,954.737123,10,563,66,5.605015,3.380569,1.658009,-157.319827,0.5,385,false,false,false
D1R1OBS_000385_0021,385,"1096,833,1392,1041",53,4622,false,true,reappeared_supported,"1198,954,1203,957",1200.834131,955.663477,11,627,64,6.980351,2.442461,2.857917,-154.877831,0.458333,385,false,false,false
D1R1OBS_000385_0022,385,"1096,833,1392,1041",53,4622,false,true,same_motion_supported,"1320,955,1336,965",1328.100341,960.379286,90,5571,89,16.279576,8.984833,1.811895,-177.752162,0.481283,385,false,false,false
D1R1OBS_000385_0023,385,"1096,833,1392,1041",53,4622,false,true,unresolved_response,"1335,992,1345,1001",1340.070676,996.224117,56,3226,68,12.201744,8.780766,1.389599,-146.053164,0.509091,385,false,false,false
D1R1OBS_000385_0024,385,"1096,833,1392,1041",53,4622,false,true,static_background_supported,"1330,1007,1370,1040",1347.620225,1026.716314,485,30784,97,45.048101,24.515722,1.837519,-154.379889,0.34792,385,false,false,false
D1R1OBS_000385_0025,385,"1096,833,1392,1041",53,4622,false,true,background_recurrence_candidate,"1326,1008,1334,1018",1330.30946,1012.690005,32,1871,68,11.085598,6.440534,1.721223,113.009724,0.323232,385,false,false,false
D1R1OBS_000385_0026,385,"1096,833,1392,1041",53,4622,false,true,background_recurrence_candidate,"1372,1027,1379,1033",1374.722741,1029.77036,35,2247,86,7.83254,6.774338,1.156207,165.42429,0.625,385,false,false,false
D1R1OBS_000385_0027,385,"1096,833,1392,1041",53,4622,false,true,unresolved_response,"1383,1029,1388,1035",1385.083744,1032.268473,21,1218,71,8.472349,5.207163,1.627056,112.119893,0.5,385,false,false,false
D1R1OBS_000386_0001,386,"1103,833,1399,1040",58,4758,false,true,static_background_supported,"1354,833,1360,839",1356.791254,835.966997,19,1212,72,8.820115,3.839736,2.297063,50.604941,0.387755,386,false,false,false
D1R1OBS_000386_0002,386,"1103,833,1399,1040",58,4758,false,true,static_background_candidate,"1383,834,1399,844",1391.5249,839.50578,70,4498,82,14.687873,9.192384,1.597831,-157.217227,0.374332,386,false,false,false
D1R1OBS_000386_0003,386,"1103,833,1399,1040",58,4758,false,true,background_recurrence_candidate,"1231,843,1235,845",1232.772554,844.270648,12,787,72,6.030227,2.828427,2.132007,-168.690068,0.8,386,false,false,false
D1R1OBS_000386_0004,386,"1103,833,1399,1040",58,4758,false,true,background_recurrence_candidate,"1367,843,1373,849",1369.688803,846.138996,20,1295,74,10.025189,3.098525,3.235471,-136.500117,0.408163,386,false,false,false
D1R1OBS_000386_0005,386,"1103,833,1399,1040",58,4758,false,true,unresolved_response,"1376,845,1383,851",1379.219828,848.418103,21,1392,81,9.504385,3.926708,2.420446,-141.883858,0.375,386,false,false,false
D1R1OBS_000386_0006,386,"1103,833,1399,1040",58,4758,false,true,static_background_supported,"1357,848,1363,852",1361.003827,849.563776,12,784,75,9.482243,2.979085,3.182938,-151.238883,0.342857,386,false,false,false
D1R1OBS_000386_0007,386,"1103,833,1399,1040",58,4758,false,true,unresolved_response,"1365,848,1371,854",1367.867239,851.288639,24,1514,72,7.264722,5.514727,1.317331,-156.186797,0.489796,386,false,false,false
D1R1OBS_000386_0008,386,"1103,833,1399,1040",58,4758,false,true,unresolved_response,"1188,850,1192,857",1189.322488,854.036364,17,1045,67,7.804002,5.160132,1.512365,67.778126,0.425,386,false,false,false
D1R1OBS_000386_0009,386,"1103,833,1399,1040",58,4758,false,true,static_background_candidate,"1168,862,1173,865",1169.961394,863.63936,16,1062,80,6.196773,3.829708,1.61808,0,0.666667,386,false,false,false
D1R1OBS_000386_0010,386,"1103,833,1399,1040",58,4758,false,true,unresolved_response,"1361,869,1364,873",1362.357686,870.91172,11,657,61,5.419578,3.81516,1.420538,66.70443,0.55,386,false,false,false
D1R1OBS_000386_0011,386,"1103,833,1399,1040",58,4758,false,true,static_background_candidate,"1365,877,1373,880",1369.457643,878.251381,17,1086,76,9.610234,3.580485,2.684059,-176.857981,0.472222,386,false,false,false
D1R1OBS_000386_0012,386,"1103,833,1399,1040",58,4758,false,true,static_background_candidate,"1123,878,1127,882",1124.737401,880.014589,12,754,75,5.48113,4.10686,1.334628,148.989737,0.48,386,false,false,false
D1R1OBS_000386_0013,386,"1103,833,1399,1040",58,4758,false,true,static_background_candidate,"1134,882,1139,888",1136.535607,885.175527,16,997,72,9.116623,4.237199,2.151568,46.52488,0.380952,386,false,false,false
D1R1OBS_000386_0014,386,"1103,833,1399,1040",58,4758,false,true,static_background_candidate,"1103,892,1180,919",1141.826686,903.593277,909,67975,150,78.289653,19.311443,4.054055,174.877223,0.416209,386,false,false,false
D1R1OBS_000386_0015,386,"1103,833,1399,1040",58,4758,false,true,unresolved_response,"1275,895,1280,900",1277.085884,897.472853,16,1013,69,6.705242,4.565056,1.468819,127.059931,0.444444,386,false,false,false
D1R1OBS_000386_0016,386,"1103,833,1399,1040",58,4758,false,true,reappearance_candidate,"1280,900,1285,902",1282.34787,901.024341,16,986,67,7.00476,3.224903,2.172084,175.236358,0.888889,386,false,false,false
D1R1OBS_000386_0017,386,"1103,833,1399,1040",58,4758,false,true,unresolved_response,"1189,914,1193,922",1191.270816,917.325484,19,1189,76,9.667297,3.883476,2.489341,103.374296,0.422222,386,false,false,false
D1R1OBS_000386_0018,386,"1103,833,1399,1040",58,4758,false,true,same_motion_supported,"1271,915,1278,921",1275.020026,917.989018,24,1548,78,8.176419,6.063775,1.348404,159.825092,0.428571,386,false,false,false
D1R1OBS_000386_0019,386,"1103,833,1399,1040",58,4758,false,true,same_motion_supported,"1214,920,1218,923",1216.078376,921.320113,16,1059,76,5.501515,3.864367,1.423652,161.565051,0.8,386,false,false,false
D1R1OBS_000386_0020,386,"1103,833,1399,1040",58,4758,false,true,same_motion_supported,"1239,924,1243,926",1241.126797,924.811765,10,765,96,5.007394,2.795513,1.791225,-159.379278,0.666667,386,false,false,false
D1R1OBS_000386_0021,386,"1103,833,1399,1040",58,4758,false,true,unresolved_response,"1174,929,1183,936",1178.264577,932.938558,45,3190,91,10.046966,6.778746,1.482128,171.533442,0.5625,386,false,false,false
D1R1OBS_000386_0022,386,"1103,833,1399,1040",58,4758,false,true,unresolved_response,"1170,945,1175,948",1172.846154,946.790724,14,884,78,6.274438,3.523017,1.780984,173.593726,0.583333,386,false,false,false
D1R1OBS_000386_0023,386,"1103,833,1399,1040",58,4758,false,true,reappeared_supported,"1305,945,1310,951",1307.190252,947.634434,20,1272,76,6.98935,5.73737,1.218215,73.868915,0.47619,386,false,false,false
D1R1OBS_000386_0024,386,"1103,833,1399,1040",58,4758,false,true,reappeared_supported,"1171,950,1321,979",1239.024917,965.512055,1633,117671,130,178.550766,22.846356,7.815284,178.278562,0.360486,386,false,false,false
D1R1OBS_000386_0025,386,"1103,833,1399,1040",58,4758,false,true,same_motion_supported,"1321,950,1343,965",1333.352481,959.19206,121,8060,97,22.734866,11.772813,1.931133,-163.918951,0.328804,386,false,false,false
D1R1OBS_000386_0026,386,"1103,833,1399,1040",58,4758,false,true,unresolved_response,"1195,953,1200,959",1196.848739,956.390756,15,952,79,8.530059,5.037006,1.693478,135,0.357143,386,false,false,false
D1R1OBS_000386_0027,386,"1103,833,1399,1040",58,4758,false,true,same_motion_supported,"1207,955,1210,960",1209.097245,957.188006,10,617,67,6.511548,3.438308,1.893823,68.795933,0.416667,386,false,false,false
D1R1OBS_000386_0028,386,"1103,833,1399,1040",58,4758,false,true,unresolved_response,"1202,958,1206,961",1204.723502,959.425499,10,651,71,5.95503,3.899268,1.527217,-156.255224,0.5,386,false,false,false
D1R1OBS_000386_0029,386,"1103,833,1399,1040",58,4758,false,true,unresolved_response,"1135,961,1140,963",1137.695312,961.8125,10,640,72,5.980976,2.522154,2.371376,177.920179,0.555556,386,false,false,false
D1R1OBS_000386_0030,386,"1103,833,1399,1040",58,4758,false,true,unresolved_response,"1341,971,1345,976",1343.094221,972.898241,13,796,66,6.002106,4.446301,1.34991,84.912245,0.433333,386,false,false,false
D1R1OBS_000386_0031,386,"1103,833,1399,1040",58,4758,false,true,unresolved_response,"1382,983,1385,986",1383.535766,984.373723,11,685,67,5.145689,3.279977,1.568818,-154.495497,0.6875,386,false,false,false
D1R1OBS_000386_0032,386,"1103,833,1399,1040",58,4758,false,true,background_recurrence_candidate,"1341,991,1350,999",1344.236559,995.921659,31,1953,73,11.900921,6.830224,1.742391,46.183467,0.344444,386,false,false,false
D1R1OBS_000386_0033,386,"1103,833,1399,1040",58,4758,false,true,unresolved_response,"1341,1001,1345,1005",1343.167656,1003.562315,11,674,65,6.484947,3.595453,1.803652,136.431203,0.44,386,false,false,false
D1R1OBS_000386_0034,386,"1103,833,1399,1040",58,4758,false,true,static_background_supported,"1333,1005,1385,1038",1353.959927,1026.1942,511,35036,108,56.098959,24.340446,2.304763,-158.604575,0.283574,386,false,false,false
D1R1OBS_000387_0001,387,"1110,831,1406,1038",53,4685,false,true,static_background_supported,"1354,831,1362,837",1358.803289,833.626675,28,1642,66,9.248413,6.051908,1.528181,-175.016118,0.444444,387,false,false,false
D1R1OBS_000387_0002,387,"1110,831,1406,1038",53,4685,false,true,unresolved_response,"1170,833,1176,834",1173.415267,833.338931,11,655,66,8.456871,1.95622,4.323068,-176.544386,0.785714,387,false,false,false
D1R1OBS_000387_0003,387,"1110,831,1406,1038",53,4685,false,true,unresolved_response,"1211,835,1215,837",1212.56392,836.284091,11,704,80,6.133343,2.888899,2.123073,-166.717474,0.733333,387,false,false,false
D1R1OBS_000387_0004,387,"1110,831,1406,1038",53,4685,false,true,unresolved_response,"1389,835,1403,843",1396.415536,839.933006,57,3463,72,13.418419,8.04537,1.667844,-171.758431,0.422222,387,false,false,false
D1R1OBS_000387_0005,387,"1110,831,1406,1038",53,4685,false,true,unresolved_response,"1372,842,1377,847",1374.615942,844.278986,14,828,65,8.19496,3.039447,2.6962,-137.656266,0.388889,387,false,false,false
D1R1OBS_000387_0006,387,"1110,831,1406,1038",53,4685,false,true,static_background_candidate,"1383,847,1389,853",1385.817195,848.923077,18,1105,76,9.607279,3.592048,2.674597,-137.645041,0.367347,387,false,false,false
D1R1OBS_000387_0007,387,"1110,831,1406,1038",53,4685,false,true,static_background_candidate,"1368,849,1374,852",1370.57363,850.748288,20,1168,65,7.631177,3.600713,2.119352,-167.92136,0.714286,387,false,false,false
D1R1OBS_000387_0008,387,"1110,831,1406,1038",53,4685,false,true,static_background_candidate,"1171,862,1176,865",1173.790323,863.569892,13,744,66,7.02209,2.956608,2.375049,-162.753199,0.541667,387,false,false,false
D1R1OBS_000387_0009,387,"1110,831,1406,1038",53,4685,false,true,static_background_candidate,"1367,870,1373,878",1369.912297,873.35367,19,1049,62,10.536282,5.276417,1.996863,74.755789,0.301587,387,false,false,false
D1R1OBS_000387_0010,387,"1110,831,1406,1038",53,4685,false,true,unresolved_response,"1374,876,1377,880",1375.22864,878.209386,14,831,69,4.766282,4.18883,1.137855,98.909444,0.7,387,false,false,false
D1R1OBS_000387_0011,387,"1110,831,1406,1038",53,4685,false,true,static_background_candidate,"1126,878,1133,882",1129.437713,879.931741,20,1172,72,7.524043,4.622524,1.627691,174.21079,0.5,387,false,false,false
D1R1OBS_000387_0012,387,"1110,831,1406,1038",53,4685,false,true,background_recurrence_candidate,"1378,879,1382,882",1380.60531,881.19646,10,565,61,5.973433,3.246586,1.839912,149.369898,0.5,387,false,false,false
D1R1OBS_000387_0013,387,"1110,831,1406,1038",53,4685,false,true,static_background_candidate,"1140,881,1145,888",1142.415385,884.553846,20,1170,66,8.574768,4.71835,1.817324,63.039636,0.416667,387,false,false,false
D1R1OBS_000387_0014,387,"1110,831,1406,1038",53,4685,false,true,static_background_candidate,"1110,891,1187,915",1146.525412,903.750938,970,67429,153,77.152615,20.358303,3.789737,175.868182,0.497436,387,false,false,false
D1R1OBS_000387_0015,387,"1110,831,1406,1038",53,4685,false,true,same_motion_supported,"1280,893,1292,902",1285.262279,898.290851,53,3115,73,15.528959,6.641629,2.338125,-145.212227,0.407692,387,false,false,false
D1R1OBS_000387_0016,387,"1110,831,1406,1038",53,4685,false,true,unresolved_response,"1196,913,1199,918",1197.595579,915.752926,13,769,71,5.969814,3.486574,1.712229,109.486235,0.541667,387,false,false,false
D1R1OBS_000387_0017,387,"1110,831,1406,1038",53,4685,false,true,unresolved_response,"1329,917,1335,920",1332.123779,918.656352,11,614,60,8.727341,1.720694,5.07199,-151.087163,0.392857,387,false,false,false
D1R1OBS_000387_0018,387,"1110,831,1406,1038",53,4685,false,true,unresolved_response,"1221,920,1225,922",1222.799151,921.154173,12,707,69,5.07081,3.33697,1.519585,-178.092963,0.8,387,false,false,false
D1R1OBS_000387_0019,387,"1110,831,1406,1038",53,4685,false,true,same_motion_supported,"1229,922,1235,924",1231.704301,923.295699,13,744,65,8.822447,2.503396,3.524192,-177.945491,0.619048,387,false,false,false
D1R1OBS_000387_0020,387,"1110,831,1406,1038",53,4685,false,true,same_motion_supported,"1245,923,1250,926",1247.5,924.537975,14,948,89,6.579466,3.815335,1.724479,-156.632148,0.583333,387,false,false,false
D1R1OBS_000387_0021,387,"1110,831,1406,1038",53,4685,false,true,background_recurrence_candidate,"1177,929,1190,936",1184.18322,932.595937,44,2658,81,11.920195,6.366359,1.872372,-175.110012,0.392857,387,false,false,false
D1R1OBS_000387_0022,387,"1110,831,1406,1038",53,4685,false,true,same_motion_supported,"1312,945,1316,949",1313.917822,946.89604,17,1010,71,5.811137,4.664772,1.24575,178.877129,0.68,387,false,false,false
D1R1OBS_000387_0023,387,"1110,831,1406,1038",53,4685,false,true,same_motion_supported,"1205,948,1210,956",1207.052221,951.908028,23,1283,62,9.254006,5.960985,1.552429,71.217909,0.425926,387,false,false,false
D1R1OBS_000387_0024,387,"1110,831,1406,1038",53,4685,false,true,same_motion_supported,"1174,952,1327,977",1246.291609,965.178794,1562,102274,117,180.252813,21.869311,8.242272,178.683133,0.39011,387,false,false,false
D1R1OBS_000387_0025,387,"1110,831,1406,1038",53,4685,false,true,same_motion_supported,"1330,954,1350,965",1340.32598,959.759804,98,6120,91,19.171252,10.003925,1.916373,-178.148631,0.388889,387,false,false,false
D1R1OBS_000387_0026,387,"1110,831,1406,1038",53,4685,false,true,background_recurrence_candidate,"1349,970,1352,976",1350.158052,973.06163,18,1006,61,7.302903,4.296331,1.6998,81.094937,0.642857,387,false,false,false
D1R1OBS_000387_0027,387,"1110,831,1406,1038",53,4685,false,true,static_background_candidate,"1347,990,1357,1003",1351.482815,996.326023,53,3055,66,15.301953,8.523409,1.795285,55.650954,0.344156,387,false,false,false
D1R1OBS_000387_0028,387,"1110,831,1406,1038",53,4685,false,true,static_background_supported,"1341,1001,1367,1037",1353.70082,1020.894289,421,25844,95,38.293562,22.344649,1.713769,61.742415,0.421421,387,false,false,false
D1R1OBS_000387_0029,387,"1110,831,1406,1038",53,4685,false,true,unresolved_response,"1369,1013,1373,1016",1371.237261,1014.157643,11,628,67,6.651513,3.614756,1.8401,-155.039692,0.55,387,false,false,false
D1R1OBS_000387_0030,387,"1110,831,1406,1038",53,4685,false,true,static_background_candidate,"1368,1024,1389,1038",1378.33032,1032.3127,137,8740,103,23.544777,12.713571,1.85194,173.003148,0.415152,387,false,false,false
D1R1OBS_000387_0031,387,"1110,831,1406,1038",53,4685,false,true,background_recurrence_candidate,"1365,1033,1367,1037",1366.141399,1034.731778,11,686,76,5.203764,3.141065,1.656688,105.232772,0.733333,387,false,false,false
D1R1OBS_000388_0001,388,"1117,829,1413,1036",68,4761,false,true,unresolved_response,"1189,830,1193,832",1190.875321,830.826478,10,778,95,5.007394,2.795513,1.791225,159.379278,0.666667,388,false,false,false
D1R1OBS_000388_0002,388,"1117,829,1413,1036",68,4761,false,true,unresolved_response,"1363,831,1370,836",1366.028138,833.477445,29,2239,90,8.071838,6.10484,1.322203,178.825568,0.604167,388,false,false,false
D1R1OBS_000388_0003,388,"1117,829,1413,1036",68,4761,false,true,background_recurrence_candidate,"1394,835,1410,844",1403.011854,839.337226,73,5652,94,15.906679,9.551929,1.665284,-174.0042,0.429412,388,false,false,false
D1R1OBS_000388_0004,388,"1117,829,1413,1036",68,4761,false,true,unresolved_response,"1157,840,1162,843",1158.843858,841.56946,12,871,79,6.68646,3.378234,1.979277,167.510454,0.5,388,false,false,false
D1R1OBS_000388_0005,388,"1117,829,1413,1036",68,4761,false,true,static_background_supported,"1378,840,1383,844",1380.040541,842.406445,13,962,87,6.227119,4.749349,1.311152,173.421229,0.433333,388,false,false,false
D1R1OBS_000388_0006,388,"1117,829,1413,1036",68,4761,false,true,static_background_supported,"1345,842,1356,846",1350.819374,844.420976,19,1373,81,13.053896,3.842577,3.397172,179.379938,0.316667,388,false,false,false
D1R1OBS_000388_0007,388,"1117,829,1413,1036",68,4761,false,true,static_background_candidate,"1373,847,1377,851",1375.161549,849.325768,10,749,86,6.342274,3.003333,2.111745,140.750992,0.4,388,false,false,false
D1R1OBS_000388_0008,388,"1117,829,1413,1036",68,4761,false,true,unresolved_response,"1377,848,1386,853",1381.345483,850.593106,32,2524,98,10.784007,5.073209,2.125677,-168.187648,0.533333,388,false,false,false
D1R1OBS_000388_0009,388,"1117,829,1413,1036",68,4761,false,true,unresolved_response,"1202,853,1205,857",1203.65651,854.789474,10,722,81,4.714045,4.462187,1.056443,146.309932,0.5,388,false,false,false
D1R1OBS_000388_0010,388,"1117,829,1413,1036",68,4761,false,true,static_background_supported,"1177,861,1183,865",1180.573944,863.56338,15,1136,89,7.478008,3.785105,1.975641,-157.796859,0.428571,388,false,false,false
D1R1OBS_000388_0011,388,"1117,829,1413,1036",68,4761,false,true,unresolved_response,"1373,864,1380,869",1376.542931,867.036427,16,1153,78,8.592676,5.029835,1.708341,160.203019,0.333333,388,false,false,false
D1R1OBS_000388_0012,388,"1117,829,1413,1036",68,4761,false,true,static_background_candidate,"1376,874,1383,879",1379.778283,876.820546,20,1538,90,10.701187,4.135898,2.587391,-155.800316,0.416667,388,false,false,false
D1R1OBS_000388_0013,388,"1117,829,1413,1036",68,4761,false,true,static_background_supported,"1134,879,1136,882",1134.934732,880.356643,11,858,90,4.55826,3.21707,1.416898,105.070693,0.916667,388,false,false,false
D1R1OBS_000388_0014,388,"1117,829,1413,1036",68,4761,false,true,background_recurrence_candidate,"1146,881,1155,887",1149.577301,884.038923,35,2749,97,11.491385,6.779739,1.69496,178.056652,0.5,388,false,false,false
D1R1OBS_000388_0015,388,"1117,829,1413,1036",68,4761,false,true,unresolved_response,"1117,888,1189,920",1152.292158,904.038443,973,91721,227,70.040176,24.430059,2.866967,174.010585,0.403902,388,false,false,false
D1R1OBS_000388_0016,388,"1117,829,1413,1036",68,4761,false,true,same_motion_supported,"1287,894,1298,902",1292.872672,898.028367,58,4618,100,13.336175,7.192456,1.854189,-152.986854,0.537037,388,false,false,false
D1R1OBS_000388_0017,388,"1117,829,1413,1036",68,4761,false,true,unresolved_response,"1184,907,1189,909",1186.753604,908.220183,10,763,83,7.10216,2.432053,2.920232,-174.008543,0.555556,388,false,false,false
D1R1OBS_000388_0018,388,"1117,829,1413,1036",68,4761,false,true,unresolved_response,"1202,914,1204,918",1203.115127,916.105756,10,747,91,4.81636,2.906393,1.65716,97.688126,0.666667,388,false,false,false
D1R1OBS_000388_0019,388,"1117,829,1413,1036",68,4761,false,true,background_recurrence_candidate,"1334,916,1341,921",1337.896639,918.582118,21,1577,88,9.771804,4.657553,2.098055,-152.156768,0.4375,388,false,false,false
D1R1OBS_000388_0020,388,"1117,829,1413,1036",68,4761,false,true,same_motion_supported,"1251,923,1257,926",1254.223022,924.459124,18,1529,121,6.570759,3.902609,1.683684,-174.607851,0.642857,388,false,false,false
D1R1OBS_000388_0021,388,"1117,829,1413,1036",68,4761,false,true,static_background_candidate,"1184,929,1194,935",1189.61932,932.607156,35,2795,103,11.547209,5.471987,2.110241,-176.60199,0.454545,388,false,false,false
D1R1OBS_000388_0022,388,"1117,829,1413,1036",68,4761,false,true,unresolved_response,"1181,945,1190,951",1184.861894,947.292119,19,1383,79,12.159543,4.247382,2.862833,157.266383,0.271429,388,false,false,false
D1R1OBS_000388_0023,388,"1117,829,1413,1036",68,4761,false,true,same_motion_supported,"1318,945,1323,949",1320.719234,946.771194,14,1097,87,7.346503,3.394614,2.164165,-149.291024,0.466667,388,false,false,false
D1R1OBS_000388_0024,388,"1117,829,1413,1036",68,4761,false,true,same_motion_supported,"1213,948,1216,953",1214.473625,951.217733,12,891,82,6.341082,4.352264,1.456962,68.423805,0.5,388,false,false,false
D1R1OBS_000388_0025,388,"1117,829,1413,1036",68,4761,false,true,unresolved_response,"1341,949,1347,955",1343.674901,952.295455,14,1012,80,9.14491,3.862651,2.367521,-140.345854,0.285714,388,false,false,false
D1R1OBS_000388_0026,388,"1117,829,1413,1036",68,4761,false,true,same_motion_supported,"1180,951,1329,976",1252.69409,965.014837,1515,127047,152,178.134195,21.430268,8.312271,178.782583,0.388462,388,false,false,false
D1R1OBS_000388_0027,388,"1117,829,1413,1036",68,4761,false,true,reappearance_candidate,"1277,955,1281,959",1279.096624,957.004657,12,859,75,6.698822,3.425178,1.955759,149.313592,0.48,388,false,false,false
D1R1OBS_000388_0028,388,"1117,829,1413,1036",68,4761,false,true,same_motion_supported,"1340,955,1356,964",1347.310327,960.007376,92,7592,140,17.644342,8.8078,2.003263,173.557959,0.541176,388,false,false,false
D1R1OBS_000388_0029,388,"1117,829,1413,1036",68,4761,false,true,unresolved_response,"1405,959,1411,962",1407.414322,960.926684,15,1173,93,7.518553,2.869366,2.620284,-158.394955,0.535714,388,false,false,false
D1R1OBS_000388_0030,388,"1117,829,1413,1036",68,4761,false,true,unresolved_response,"1355,969,1358,973",1356.473103,970.968276,10,725,78,5.734884,3.265986,1.755942,63.434949,0.5,388,false,false,false
D1R1OBS_000388_0031,388,"1117,829,1413,1036",68,4761,false,true,unresolved_response,"1351,991,1362,1001",1357.65251,996.326898,50,3885,95,10.940059,8.482299,1.289752,-147.356912,0.378788,388,false,false,false
D1R1OBS_000388_0032,388,"1117,829,1413,1036",68,4761,false,true,static_background_candidate,"1348,1001,1389,1036",1363.509883,1023.395653,458,37591,128,51.210812,23.381488,2.190229,-140.832257,0.30291,388,false,false,false
D1R1OBS_000388_0033,388,"1117,829,1413,1036",68,4761,false,true,unresolved_response,"1360,1008,1363,1012",1361.450719,1009.915811,13,974,86,4.972173,3.934796,1.263642,-136.272402,0.65,388,false,false,false
D1R1OBS_000388_0034,388,"1117,829,1413,1036",68,4761,false,true,background_recurrence_candidate,"1374,1014,1378,1022",1375.939238,1017.915551,14,971,75,10.846036,2.779593,3.902023,113.893983,0.311111,388,false,false,false
D1R1OBS_000388_0035,388,"1117,829,1413,1036",68,4761,false,true,unresolved_response,"1390,1025,1394,1033",1392.157175,1028.469248,23,1756,97,8.374692,4.966181,1.686344,83.938708,0.511111,388,false,false,false
D1R1OBS_000388_0036,388,"1117,829,1413,1036",68,4761,false,true,unresolved_response,"1399,1032,1405,1036",1402.209862,1033.659404,12,872,80,9.520595,2.417256,3.938597,147.696461,0.342857,388,false,false,false
D1R1OBS_000389_0001,389,"1125,828,1421,1035",59,4469,false,true,background_recurrence_candidate,"1195,829,1199,833",1197.40479,830.840719,13,835,73,5.554524,4.262968,1.302971,-175.34503,0.52,389,false,false,false
D1R1OBS_000389_0002,389,"1125,828,1421,1035",59,4469,false,true,background_recurrence_candidate,"1371,831,1375,836",1373.129972,833.301847,21,1408,79,6.543957,4.43315,1.476141,47.452228,0.7,389,false,false,false
D1R1OBS_000389_0003,389,"1125,828,1421,1035",59,4469,false,true,static_background_supported,"1352,832,1358,836",1354.928246,834.57631,14,878,68,7.482636,3.656883,2.046179,-154.191465,0.4,389,false,false,false
D1R1OBS_000389_0004,389,"1125,828,1421,1035",59,4469,false,true,static_background_candidate,"1403,837,1415,844",1408.662908,840.460733,37,2483,82,15.459998,4.724596,3.272237,-160.032148,0.355769,389,false,false,false
D1R1OBS_000389_0005,389,"1125,828,1421,1035",59,4469,false,true,background_recurrence_candidate,"1163,840,1167,844",1164.711864,841.752282,12,767,71,6.297593,4.116599,1.529805,168.701828,0.48,389,false,false,false
D1R1OBS_000389_0006,389,"1125,828,1421,1035",59,4469,false,true,static_background_supported,"1359,844,1373,850",1366.352508,847.303728,33,2173,76,17.438284,2.907183,5.998343,-156.023071,0.314286,389,false,false,false
D1R1OBS_000389_0007,389,"1125,828,1421,1035",59,4469,false,true,static_background_supported,"1379,846,1392,852",1385.567236,849.778975,40,2692,87,14.78269,5.076369,2.91206,166.212313,0.408163,389,false,false,false
D1R1OBS_000389_0008,389,"1125,828,1421,1035",59,4469,false,true,background_recurrence_candidate,"1207,853,1211,858",1208.772067,855.510615,14,895,73,7.999524,2.686338,2.977854,121.360386,0.466667,389,false,false,false
D1R1OBS_000389_0009,389,"1125,828,1421,1035",59,4469,false,true,background_recurrence_candidate,"1378,865,1386,869",1381.884762,867.781905,17,1050,72,10.811325,3.99234,2.708017,169.874379,0.377778,389,false,false,false
D1R1OBS_000389_0010,389,"1125,828,1421,1035",59,4469,false,true,static_background_candidate,"1151,881,1161,886",1156.012938,883.987479,36,2396,89,10.923696,6.656171,1.641138,-178.942682,0.545455,389,false,false,false
D1R1OBS_000389_0011,389,"1125,828,1421,1035",59,4469,false,true,background_recurrence_candidate,"1125,888,1197,919",1158.329083,903.981888,1019,81715,188,72.43534,24.048142,3.012097,173.020818,0.436216,389,false,false,false
D1R1OBS_000389_0012,389,"1125,828,1421,1035",59,4469,false,true,same_motion_supported,"1297,894,1306,905",1301.645253,899.33727,63,4234,96,12.607929,8.096176,1.55727,-135.105526,0.525,389,false,false,false
D1R1OBS_000389_0013,389,"1125,828,1421,1035",59,4469,false,true,background_recurrence_candidate,"1194,907,1198,909",1195.817664,908.356125,11,702,69,6.19914,2.581003,2.401833,-172.027302,0.733333,389,false,false,false
D1R1OBS_000389_0014,389,"1125,828,1421,1035",59,4469,false,true,unresolved_response,"1200,908,1208,911",1203.900353,909.385362,18,1134,71,9.656977,2.905537,3.323646,-173.080398,0.5,389,false,false,false
D1R1OBS_000389_0015,389,"1125,828,1421,1035",59,4469,false,true,unresolved_response,"1342,916,1349,922",1345.82017,919.301944,24,1646,83,8.55278,4.195662,2.038482,-147.386526,0.428571,389,false,false,false
D1R1OBS_000389_0016,389,"1125,828,1421,1035",59,4469,false,true,same_motion_supported,"1231,920,1240,923",1235.750649,921.754113,17,1155,75,11.709175,3.002142,3.900274,-172.739376,0.425,389,false,false,false
D1R1OBS_000389_0017,389,"1125,828,1421,1035",59,4469,false,true,reappearance_candidate,"1259,923,1262,926",1260.327638,924.438191,13,995,100,4.898979,3.707235,1.321465,53.130102,0.8125,389,false,false,false
D1R1OBS_000389_0018,389,"1125,828,1421,1035",59,4469,false,true,unresolved_response,"1190,929,1200,935",1196.027313,932.456991,36,2453,93,11.755847,5.899426,1.99271,-177.520006,0.467532,389,false,false,false
D1R1OBS_000389_0019,389,"1125,828,1421,1035",59,4469,false,true,same_motion_supported,"1187,948,1331,977",1257.548627,965.069375,1408,100469,125,173.79694,21.475568,8.092775,178.773971,0.323678,389,false,false,false
D1R1OBS_000389_0020,389,"1125,828,1421,1035",59,4469,false,true,same_motion_supported,"1329,952,1336,959",1333.138996,956.137452,20,1295,74,9.299974,5.974944,1.556496,125.316869,0.3125,389,false,false,false
D1R1OBS_000389_0021,389,"1125,828,1421,1035",59,4469,false,true,same_motion_supported,"1347,956,1361,964",1353.942895,960.240592,74,5341,116,14.322927,8.086628,1.771187,173.17935,0.548148,389,false,false,false
D1R1OBS_000389_0022,389,"1125,828,1421,1035",59,4469,false,true,background_recurrence_candidate,"1410,959,1416,963",1413.542137,960.927889,17,1151,86,8.412278,2.879653,2.921282,-146.882648,0.485714,389,false,false,false
D1R1OBS_000389_0023,389,"1125,828,1421,1035",59,4469,false,true,background_recurrence_candidate,"1360,990,1370,1000",1364.687886,995.524387,65,4367,83,11.373928,9.415368,1.208017,-141.318411,0.53719,389,false,false,false
D1R1OBS_000389_0024,389,"1125,828,1421,1035",59,4469,false,true,static_background_candidate,"1353,1002,1394,1035",1370.175135,1023.05978,458,32101,107,47.504061,23.484872,2.022752,-138.883014,0.320728,389,false,false,false
D1R1OBS_000389_0025,389,"1125,828,1421,1035",59,4469,false,true,unresolved_response,"1383,1011,1386,1016",1384.496038,1013.459588,10,631,73,6.488113,3.075703,2.109473,104.678877,0.416667,389,false,false,false
D1R1OBS_000390_0001,390,"1132,828,1428,1036",52,4857,false,true,unresolved_response,"1203,828,1206,833",1204.449111,830.416801,11,619,61,6.901,3.900328,1.769338,104.202623,0.458333,390,false,false,false
D1R1OBS_000390_0002,390,"1132,828,1428,1036",52,4857,false,true,unresolved_response,"1378,831,1382,835",1379.933515,833.433515,19,1098,65,5.453916,4.999165,1.090965,161.903396,0.76,390,false,false,false
D1R1OBS_000390_0003,390,"1132,828,1428,1036",52,4857,false,true,static_background_candidate,"1194,832,1198,834",1196.126677,833.086438,12,671,65,5.112655,3.101344,1.648529,-170.583124,0.8,390,false,false,false
D1R1OBS_000390_0004,390,"1132,828,1428,1036",52,4857,false,true,static_background_supported,"1358,834,1364,836",1360.851449,834.789855,10,552,60,8.253052,2.72813,3.025168,-168.257411,0.47619,390,false,false,false
D1R1OBS_000390_0005,390,"1132,828,1428,1036",52,4857,false,true,static_background_candidate,"1230,836,1236,837",1232.957655,836.532573,11,614,62,8.207469,2.049657,4.004313,-177.092187,0.785714,390,false,false,false
D1R1OBS_000390_0006,390,"1132,828,1428,1036",52,4857,false,true,unresolved_response,"1412,837,1417,841",1414.625502,839.536145,17,996,73,6.795115,4.022357,1.689337,-148.785069,0.566667,390,false,false,false
D1R1OBS_000390_0007,390,"1132,828,1428,1036",52,4857,false,true,unresolved_response,"1419,840,1422,844",1420.132701,842.066351,14,844,71,5.594484,3.36736,1.661386,66.875379,0.7,390,false,false,false
D1R1OBS_000390_0008,390,"1132,828,1428,1036",52,4857,false,true,static_background_supported,"1370,845,1398,855",1385.0338,849.951049,101,6006,75,31.787612,9.196987,3.456307,-174.892523,0.316614,390,false,false,false
D1R1OBS_000390_0009,390,"1132,828,1428,1036",52,4857,false,true,static_background_candidate,"1214,852,1219,858",1216.049941,854.750297,15,841,67,8.497941,3.806542,2.232457,122.089504,0.357143,390,false,false,false
D1R1OBS_000390_0010,390,"1132,828,1428,1036",52,4857,false,true,background_recurrence_candidate,"1192,860,1196,865",1194.217877,862.43352,16,895,64,6.020205,5.503677,1.093851,52.796405,0.533333,390,false,false,false
D1R1OBS_000390_0011,390,"1132,828,1428,1036",52,4857,false,true,unresolved_response,"1391,874,1398,879",1394.290076,876.555725,12,655,60,11.590503,2.165767,5.351686,-143.395799,0.25,390,false,false,false
D1R1OBS_000390_0012,390,"1132,828,1428,1036",52,4857,false,true,static_background_candidate,"1146,878,1157,882",1151.002039,880.376427,40,2452,73,12.565918,4.362459,2.880467,-176.904906,0.666667,390,false,false,false
D1R1OBS_000390_0013,390,"1132,828,1428,1036",52,4857,false,true,unresolved_response,"1158,881,1168,886",1162.90671,883.817785,32,1833,68,11.292229,5.997452,1.882838,-162.986978,0.484848,390,false,false,false
D1R1OBS_000390_0014,390,"1132,828,1428,1036",52,4857,false,true,static_background_candidate,"1132,888,1209,919",1163.145499,905.115101,1236,89217,160,79.688366,25.398488,3.137524,175.159586,0.495192,390,false,false,false
D1R1OBS_000390_0015,390,"1132,828,1428,1036",52,4857,false,true,static_background_supported,"1136,892,1147,893",1141.552174,892.647826,17,920,57,13.355472,1.936236,6.897646,178.416509,0.708333,390,false,false,false
D1R1OBS_000390_0016,390,"1132,828,1428,1036",52,4857,false,true,same_motion_supported,"1304,894,1319,905",1309.867969,900.123845,64,3787,74,17.379493,7.404473,2.347161,-145.16866,0.333333,390,false,false,false
D1R1OBS_000390_0017,390,"1132,828,1428,1036",52,4857,false,true,background_recurrence_candidate,"1211,909,1215,911",1212.915771,910.293907,10,558,60,6.458404,2.507791,2.575336,-170.327835,0.666667,390,false,false,false
D1R1OBS_000390_0018,390,"1132,828,1428,1036",52,4857,false,true,reappearance_candidate,"1305,916,1310,920",1307.259322,918.191525,11,590,60,8.629493,2.289312,3.769471,147.690266,0.366667,390,false,false,false
D1R1OBS_000390_0019,390,"1132,828,1428,1036",52,4857,false,true,background_recurrence_candidate,"1350,916,1355,921",1352.284732,919.125172,25,1454,71,7.270227,5.291232,1.374014,-145.695265,0.694444,390,false,false,false
D1R1OBS_000390_0020,390,"1132,828,1428,1036",52,4857,false,true,unresolved_response,"1156,918,1168,919",1161.927815,918.627526,19,1039,62,15.836095,1.953099,8.108188,178.762295,0.730769,390,false,false,false
D1R1OBS_000390_0021,390,"1132,828,1428,1036",52,4857,false,true,same_motion_supported,"1239,920,1247,923",1242.928571,921.817568,18,1036,67,11.001693,2.687785,4.093219,-168.478472,0.5,390,false,false,false
D1R1OBS_000390_0022,390,"1132,828,1428,1036",52,4857,false,true,unresolved_response,"1136,921,1144,923",1140.334577,922.266169,14,804,65,10.468055,2.400103,4.361503,-177.376431,0.518519,390,false,false,false
D1R1OBS_000390_0023,390,"1132,828,1428,1036",52,4857,false,true,reappearance_provisionally_supported,"1265,923,1270,926",1267.101338,924.452199,17,1046,74,6.738833,3.646095,1.848233,-156.906346,0.708333,390,false,false,false
D1R1OBS_000390_0024,390,"1132,828,1428,1036",52,4857,false,true,unresolved_response,"1138,925,1144,926",1140.441989,925.707182,10,543,58,8.313803,1.697259,4.898371,-173.485403,0.714286,390,false,false,false
D1R1OBS_000390_0025,390,"1132,828,1428,1036",52,4857,false,true,background_recurrence_candidate,"1198,926,1208,936",1203.74207,932.231788,49,2869,79,10.322151,9.287407,1.111414,144.448305,0.404959,390,false,false,false
D1R1OBS_000390_0026,390,"1132,828,1428,1036",52,4857,false,true,reappearance_candidate,"1249,944,1253,946",1250.603252,944.765854,10,615,71,5.436104,3.004422,1.809368,-167.716414,0.666667,390,false,false,false
D1R1OBS_000390_0027,390,"1132,828,1428,1036",52,4857,false,true,unresolved_response,"1194,946,1197,951",1195.995575,948.49705,12,678,65,7.639207,3.16325,2.414987,113.109438,0.5,390,false,false,false
D1R1OBS_000390_0028,390,"1132,828,1428,1036",52,4857,false,true,same_motion_supported,"1195,949,1337,976",1265.218969,964.973521,1355,85615,100,175.740734,21.538355,8.159431,178.614059,0.338412,390,false,false,false
D1R1OBS_000390_0029,390,"1132,828,1428,1036",52,4857,false,true,same_motion_supported,"1338,952,1342,956",1340.297297,954.198198,10,555,62,7.365645,3.573444,2.061217,138.075191,0.4,390,false,false,false
D1R1OBS_000390_0030,390,"1132,828,1428,1036",52,4857,false,true,unresolved_response,"1352,953,1358,956",1354.850769,954.236923,12,650,59,7.791662,3.847747,2.024993,177.272662,0.428571,390,false,false,false
D1R1OBS_000390_0031,390,"1132,828,1428,1036",52,4857,false,true,same_motion_supported,"1352,955,1368,965",1360.633216,960.457184,80,4823,89,16.466071,9.208975,1.788046,178.284747,0.427807,390,false,false,false
D1R1OBS_000390_0032,390,"1132,828,1428,1036",52,4857,false,true,static_background_candidate,"1418,958,1423,962",1420.448947,960.582658,20,1234,76,6.579427,4.342639,1.515076,-163.264518,0.666667,390,false,false,false
D1R1OBS_000390_0033,390,"1132,828,1428,1036",52,4857,false,true,static_background_candidate,"1366,989,1378,1000",1370.955483,994.977867,67,3976,76,13.239115,10.085945,1.31263,-148.222018,0.429487,390,false,false,false
D1R1OBS_000390_0034,390,"1132,828,1428,1036",52,4857,false,true,static_background_candidate,"1360,1003,1390,1036",1372.446327,1020.642864,352,21370,89,35.142631,22.155969,1.586147,67.357468,0.333966,390,false,false,false
D1R1OBS_000390_0035,390,"1132,828,1428,1036",52,4857,false,true,background_recurrence_candidate,"1390,1012,1393,1016",1391.5919,1014.44081,12,642,58,5.302944,3.516196,1.508148,78.690068,0.6,390,false,false,false
D1R1OBS_000390_0036,390,"1132,828,1428,1036",52,4857,false,true,background_recurrence_candidate,"1387,1025,1400,1036",1393.900396,1032.277045,74,4548,78,13.870268,10.448404,1.327501,-166.080838,0.440476,390,false,false,false
D1R1OBS_000390_0037,390,"1132,828,1428,1036",52,4857,false,true,background_recurrence_candidate,"1405,1027,1409,1031",1406.229752,1028.297521,11,605,59,7.042727,2.929474,2.404093,135,0.44,390,false,false,false
D1R1OBS_000390_0038,390,"1132,828,1428,1036",52,4857,false,true,static_background_candidate,"1379,1031,1388,1036",1383.618029,1034.363165,26,1542,69,9.603024,5.303447,1.810713,-168.563959,0.433333,390,false,false,false
D1R1OBS_000391_0001,391,"1139,828,1435,1035",69,4469,false,true,static_background_supported,"1357,828,1365,832",1360.703507,829.845909,13,941,78,11.318259,2.417793,4.681236,-152.685024,0.288889,391,false,false,false
D1R1OBS_000391_0002,391,"1139,828,1435,1035",69,4469,false,true,background_recurrence_candidate,"1418,837,1429,844",1423.437877,840.722275,39,3147,100,12.526679,6.04928,2.070772,-156.078056,0.40625,391,false,false,false
D1R1OBS_000391_0003,391,"1139,828,1435,1035",69,4469,false,true,unresolved_response,"1381,847,1409,862",1395.41663,852.747374,111,9140,109,28.362544,12.386482,2.289798,-158.208743,0.239224,391,false,false,false
D1R1OBS_000391_0004,391,"1139,828,1435,1035",69,4469,false,true,unresolved_response,"1218,852,1224,858",1221.417085,854.548367,21,1592,87,8.246686,5.739735,1.436771,47.805744,0.428571,391,false,false,false
D1R1OBS_000391_0005,391,"1139,828,1435,1035",69,4469,false,true,unresolved_response,"1157,856,1161,858",1159.411832,857.192264,11,879,93,5.51362,2.929474,1.882119,171.869898,0.733333,391,false,false,false
D1R1OBS_000391_0006,391,"1139,828,1435,1035",69,4469,false,true,unresolved_response,"1200,861,1204,865",1202.120278,863.182903,13,1006,89,5.403781,4.240122,1.27444,99.051882,0.52,391,false,false,false
D1R1OBS_000391_0007,391,"1139,828,1435,1035",69,4469,false,true,unresolved_response,"1399,866,1402,871",1400.841379,868.42069,12,870,78,7.327923,3.74955,1.954347,90.350415,0.5,391,false,false,false
D1R1OBS_000391_0008,391,"1139,828,1435,1035",69,4469,false,true,unresolved_response,"1154,878,1165,883",1157.849904,880.260477,41,3651,133,12.357076,5.376121,2.298511,-176.277872,0.569444,391,false,false,false
D1R1OBS_000391_0009,391,"1139,828,1435,1035",69,4469,false,true,unresolved_response,"1404,878,1407,883",1405.447451,880.475546,13,961,81,6.485487,3.03653,2.135821,96.497308,0.541667,391,false,false,false
D1R1OBS_000391_0010,391,"1139,828,1435,1035",69,4469,false,true,background_recurrence_candidate,"1164,884,1173,886",1168.493454,884.753273,13,993,86,11.158674,2.352717,4.742888,164.772236,0.433333,391,false,false,false
D1R1OBS_000391_0011,391,"1139,828,1435,1035",69,4469,false,true,static_background_candidate,"1139,890,1211,923",1164.102989,905.165459,988,96991,223,82.042284,24.488947,3.350176,173.396659,0.398066,391,false,false,false
D1R1OBS_000391_0012,391,"1139,828,1435,1035",69,4469,false,true,unresolved_response,"1167,893,1186,901",1176.284227,895.7587,51,3937,90,18.809534,5.511545,3.412752,-164.775287,0.283333,391,false,false,false
D1R1OBS_000391_0013,391,"1139,828,1435,1035",69,4469,false,true,same_motion_supported,"1312,897,1321,904",1316.245039,900.682194,44,3628,104,11.429343,5.784002,1.976027,-143.404545,0.55,391,false,false,false
D1R1OBS_000391_0014,391,"1139,828,1435,1035",69,4469,false,true,unresolved_response,"1219,908,1231,913",1224.772109,910.764031,31,2352,87,13.440442,3.69127,3.641143,-166.179004,0.397436,391,false,false,false
D1R1OBS_000391_0015,391,"1139,828,1435,1035",69,4469,false,true,static_background_candidate,"1188,910,1197,911",1192.578362,910.786653,13,989,82,12.06037,1.749371,6.894118,179.380906,0.65,391,false,false,false
D1R1OBS_000391_0016,391,"1139,828,1435,1035",69,4469,false,true,background_recurrence_candidate,"1140,921,1148,923",1144.495463,922.069873,14,1102,88,9.110029,2.462177,3.699989,179.607139,0.518519,391,false,false,false
D1R1OBS_000391_0017,391,"1139,828,1435,1035",69,4469,false,true,same_motion_supported,"1249,921,1253,924",1251.331281,922.535714,11,812,86,6.517315,3.280391,1.986749,179.47441,0.55,391,false,false,false
D1R1OBS_000391_0018,391,"1139,828,1435,1035",69,4469,false,true,reappeared_supported,"1269,923,1276,926",1272.780811,924.628619,16,1209,87,9.700907,3.350482,2.895376,-168.243367,0.5,391,false,false,false
D1R1OBS_000391_0019,391,"1139,828,1435,1035",69,4469,false,true,background_recurrence_candidate,"1148,925,1151,930",1150.037304,927.09988,11,831,87,8.036902,3.696316,2.1743,65.531387,0.458333,391,false,false,false
D1R1OBS_000391_0020,391,"1139,828,1435,1035",69,4469,false,true,unresolved_response,"1205,927,1214,937",1210.193127,932.312924,50,4132,119,9.74135,9.227243,1.055716,73.069832,0.454545,391,false,false,false
D1R1OBS_000391_0021,391,"1139,828,1435,1035",69,4469,false,true,reappearance_candidate,"1255,942,1257,946",1256.039643,944.436075,12,1009,105,5.258069,3.391788,1.550235,95.190903,0.8,391,false,false,false
D1R1OBS_000391_0022,391,"1139,828,1435,1035",69,4469,false,true,background_recurrence_candidate,"1201,946,1204,951",1202.301181,948.645669,13,1016,90,7.28694,3.683365,1.978338,98.136048,0.541667,391,false,false,false
D1R1OBS_000391_0023,391,"1139,828,1435,1035",69,4469,false,true,reappearance_provisionally_supported,"1230,947,1237,954",1233.521118,950.430101,23,1681,81,9.526869,5.69495,1.672863,-138.612592,0.359375,391,false,false,false
D1R1OBS_000391_0024,391,"1139,828,1435,1035",69,4469,false,true,unresolved_response,"1202,951,1239,976",1220.521403,965.935246,433,36770,133,37.253599,20.199882,1.844248,-159.795494,0.438259,391,false,false,false
D1R1OBS_000391_0025,391,"1139,828,1435,1035",69,4469,false,true,reappearance_candidate,"1273,953,1338,974",1307.972079,964.054164,643,54833,131,68.065264,17.485638,3.892638,176.136098,0.442837,391,false,false,false
D1R1OBS_000391_0026,391,"1139,828,1435,1035",69,4469,false,true,same_motion_supported,"1344,955,1348,961",1346.204318,957.704703,17,1297,82,9.156823,4.019029,2.278367,115.250206,0.485714,391,false,false,false
D1R1OBS_000391_0027,391,"1139,828,1435,1035",69,4469,false,true,same_motion_supported,"1367,955,1373,962",1370.391363,958.478408,19,1482,93,9.361903,3.824106,2.448128,51.40376,0.339286,391,false,false,false
D1R1OBS_000391_0028,391,"1139,828,1435,1035",69,4469,false,true,unresolved_response,"1360,957,1371,964",1364.299367,961.068038,41,3160,97,12.975646,5.77492,2.246896,-151.388011,0.427083,391,false,false,false
D1R1OBS_000391_0029,391,"1139,828,1435,1035",69,4469,false,true,unresolved_response,"1424,958,1430,962",1426.26,960.0855,24,2000,107,7.130868,4.695666,1.518606,-161.570818,0.685714,391,false,false,false
D1R1OBS_000391_0030,391,"1139,828,1435,1035",69,4469,false,true,same_motion_supported,"1240,963,1272,976",1255.426602,968.949714,188,15014,101,33.458341,11.574122,2.890789,174.175582,0.406926,391,false,false,false
D1R1OBS_000391_0031,391,"1139,828,1435,1035",69,4469,false,true,unresolved_response,"1371,989,1383,999",1377.268753,994.750311,61,4826,104,15.028144,8.331369,1.803802,-140.519627,0.426573,391,false,false,false
D1R1OBS_000391_0032,391,"1139,828,1435,1035",69,4469,false,true,static_background_supported,"1367,1002,1393,1035",1378.444594,1021.467206,313,25340,117,35.03791,19.584674,1.789047,68.362067,0.340959,391,false,false,false
D1R1OBS_000391_0033,391,"1139,828,1435,1035",69,4469,false,true,static_background_candidate,"1387,1018,1395,1022",1390.544093,1020.225458,16,1202,83,10.898509,3.486522,3.125897,-163.989714,0.355556,391,false,false,false
D1R1OBS_000391_0034,391,"1139,828,1435,1035",69,4469,false,true,static_background_candidate,"1388,1030,1407,1035",1398.401523,1032.939259,75,6042,107,22.567957,5.705103,3.955749,177.274841,0.625,391,false,false,false
D1R1OBS_000392_0001,392,"1144,829,1440,1036",64,4344,false,true,static_background_candidate,"1364,829,1369,831",1366.883184,829.876765,11,779,80,6.761407,2.278697,2.967225,-157.64542,0.611111,392,false,false,false
D1R1OBS_000392_0002,392,"1144,829,1440,1036",64,4344,false,true,unresolved_response,"1388,831,1395,835",1391.795092,832.923926,22,1630,90,8.754354,3.974189,2.202803,161.281321,0.55,392,false,false,false
D1R1OBS_000392_0003,392,"1144,829,1440,1036",64,4344,false,true,static_background_candidate,"1424,839,1435,845",1429.404499,841.14683,33,2445,93,14.319491,3.678032,3.893248,-154.71997,0.392857,392,false,false,false
D1R1OBS_000392_0004,392,"1144,829,1440,1036",64,4344,false,true,unresolved_response,"1402,848,1412,853",1406.958298,850.334468,33,2350,82,11.544614,5.053718,2.28438,-171.638801,0.5,392,false,false,false
D1R1OBS_000392_0005,392,"1144,829,1440,1036",64,4344,false,true,unresolved_response,"1395,851,1423,866",1407.170438,857.50329,80,6231,98,32.40574,3.562416,9.096562,-152.457993,0.172414,392,false,false,false
D1R1OBS_000392_0006,392,"1144,829,1440,1036",64,4344,false,true,background_recurrence_candidate,"1226,853,1230,857",1228.120856,854.648128,13,935,87,5.829463,4.034076,1.445055,-144.112538,0.52,392,false,false,false
D1R1OBS_000392_0007,392,"1144,829,1440,1036",64,4344,false,true,background_recurrence_candidate,"1163,856,1167,858",1165.098765,857.351852,11,810,85,5.799579,2.66311,2.177747,175.268839,0.733333,392,false,false,false
D1R1OBS_000392_0008,392,"1144,829,1440,1036",64,4344,false,true,background_recurrence_candidate,"1206,861,1210,865",1207.887273,863.126061,12,825,80,5.762996,4,1.440749,135,0.48,392,false,false,false
D1R1OBS_000392_0009,392,"1144,829,1440,1036",64,4344,false,true,background_recurrence_candidate,"1406,875,1410,879",1407.771084,877.625411,13,913,80,5.827725,4.307022,1.353075,148.453047,0.52,392,false,false,false
D1R1OBS_000392_0010,392,"1144,829,1440,1036",64,4344,false,true,static_background_candidate,"1150,878,1175,887",1162.469235,880.792861,87,6696,132,23.796867,8.564704,2.778481,-176.984855,0.334615,392,false,false,false
D1R1OBS_000392_0011,392,"1144,829,1440,1036",64,4344,false,true,unresolved_response,"1412,880,1417,886",1413.990504,883.302411,20,1369,76,7.824651,4.254545,1.839128,60.385938,0.47619,392,false,false,false
D1R1OBS_000392_0012,392,"1144,829,1440,1036",64,4344,false,true,unresolved_response,"1170,882,1178,886",1174.208917,884.219285,26,1929,96,8.879767,4.038913,2.198554,170.704077,0.577778,392,false,false,false
D1R1OBS_000392_0013,392,"1144,829,1440,1036",64,4344,false,true,unresolved_response,"1144,892,1218,919",1170.192184,905.179734,1037,91886,188,79.905047,24.179042,3.304724,174.242806,0.49381,392,false,false,false
D1R1OBS_000392_0014,392,"1144,829,1440,1036",64,4344,false,true,same_motion_supported,"1318,896,1332,904",1323.904698,900.128291,41,3001,89,17.218439,4.523489,3.806451,-156.097474,0.303704,392,false,false,false
D1R1OBS_000392_0015,392,"1144,829,1440,1036",64,4344,false,true,unresolved_response,"1226,908,1235,918",1230.498899,911.822817,38,2726,93,11.559335,9.722932,1.188873,105.220085,0.345455,392,false,false,false
D1R1OBS_000392_0016,392,"1144,829,1440,1036",64,4344,false,true,same_motion_supported,"1254,920,1259,924",1256.034056,922.065015,14,969,76,7.403976,4.20816,1.759433,-172.306967,0.466667,392,false,false,false
D1R1OBS_000392_0017,392,"1144,829,1440,1036",64,4344,false,true,reappearance_provisionally_supported,"1278,923,1283,926",1279.863102,924.459893,13,935,86,6.789279,3.179752,2.13516,-165.69477,0.541667,392,false,false,false
D1R1OBS_000392_0018,392,"1144,829,1440,1036",64,4344,false,true,background_recurrence_candidate,"1212,927,1222,937",1216.941191,931.70996,54,3996,112,10.178948,9.838837,1.034568,132.196199,0.446281,392,false,false,false
D1R1OBS_000392_0019,392,"1144,829,1440,1036",64,4344,false,true,same_motion_supported,"1258,942,1267,947",1262.462796,944.363021,24,1774,96,11.59746,2.917776,3.97476,-158.01268,0.4,392,false,false,false
D1R1OBS_000392_0020,392,"1144,829,1440,1036",64,4344,false,true,unresolved_response,"1206,945,1213,954",1209.635002,948.649509,31,2137,80,9.277824,7.82905,1.185051,73.276308,0.3875,392,false,false,false
D1R1OBS_000392_0021,392,"1144,829,1440,1036",64,4344,false,true,reappeared_supported,"1237,947,1243,953",1240.256062,950.136606,24,1691,83,8.569887,6.058214,1.41459,-152.747821,0.489796,392,false,false,false
D1R1OBS_000392_0022,392,"1144,829,1440,1036",64,4344,false,true,reappearance_provisionally_supported,"1248,953,1347,976",1301.807564,965.102248,825,62769,126,112.907047,15.900885,7.100677,174.693006,0.34375,392,false,false,false
D1R1OBS_000392_0023,392,"1144,829,1440,1036",64,4344,false,true,background_recurrence_candidate,"1211,955,1247,975",1228.035526,966.236594,402,31442,128,39.10657,19.932022,1.961997,-169.689187,0.517375,392,false,false,false
D1R1OBS_000392_0024,392,"1144,829,1440,1036",64,4344,false,true,same_motion_supported,"1350,955,1356,962",1352.618406,958.417508,25,1782,85,9.532522,5.978659,1.594425,102.935446,0.446429,392,false,false,false
D1R1OBS_000392_0025,392,"1144,829,1440,1036",64,4344,false,true,same_motion_supported,"1366,957,1380,964",1372.656079,960.226105,48,3463,91,16.400654,6.41232,2.557679,171.352137,0.4,392,false,false,false
D1R1OBS_000392_0026,392,"1144,829,1440,1036",64,4344,false,true,background_recurrence_candidate,"1430,958,1436,963",1432.40745,959.973066,23,1745,94,7.998065,4.653968,1.718547,-150.371723,0.547619,392,false,false,false
D1R1OBS_000392_0027,392,"1144,829,1440,1036",64,4344,false,true,unresolved_response,"1380,970,1384,972",1381.619403,970.58806,10,670,72,5.853237,2.504585,2.337009,166.391944,0.666667,392,false,false,false
D1R1OBS_000392_0028,392,"1144,829,1440,1036",64,4344,false,true,background_recurrence_candidate,"1377,989,1387,1001",1382.649881,995.298807,57,4190,96,13.779743,7.070245,1.948977,55.381825,0.398601,392,false,false,false
D1R1OBS_000392_0029,392,"1144,829,1440,1036",64,4344,false,true,unresolved_response,"1379,1005,1387,1010",1383.812042,1006.918848,27,1910,82,8.759031,5.756468,1.521598,-179.550541,0.5,392,false,false,false
D1R1OBS_000392_0030,392,"1144,829,1440,1036",64,4344,false,true,static_background_supported,"1375,1009,1379,1013",1376.898776,1011.240267,13,899,78,5.063697,4.320494,1.172018,-165.963757,0.52,392,false,false,false
D1R1OBS_000392_0031,392,"1144,829,1440,1036",64,4344,false,true,static_background_candidate,"1374,1015,1413,1036",1391.746305,1026.909375,340,25302,110,41.33729,19.244852,2.147966,-158.45107,0.386364,392,false,false,false
D1R1OBS_000392_0032,392,"1144,829,1440,1036",64,4344,false,true,static_background_candidate,"1403,1024,1408,1028",1405.649208,1025.890378,12,821,74,8.041595,2.730196,2.945428,45.182082,0.4,392,false,false,false
D1R1OBS_000393_0001,393,"1150,827,1446,1034",55,4788,false,true,static_background_candidate,"1371,829,1375,830",1373.033926,829.510501,10,619,71,5.962848,2.108185,2.828427,0,1,393,false,false,false
D1R1OBS_000393_0002,393,"1150,827,1446,1034",55,4788,false,true,background_recurrence_candidate,"1378,829,1384,834",1380.626682,832.119955,15,892,68,6.841204,5.982341,1.143566,142.210387,0.357143,393,false,false,false
D1R1OBS_000393_0003,393,"1150,827,1446,1034",55,4788,false,true,background_recurrence_candidate,"1394,831,1401,835",1397.524086,832.965177,26,1723,80,9.834593,4.182841,2.351175,159.869276,0.65,393,false,false,false
D1R1OBS_000393_0004,393,"1150,827,1446,1034",55,4788,false,true,static_background_candidate,"1429,836,1435,842",1431.803244,839.229901,22,1418,78,10.093167,2.950942,3.42032,-137.484409,0.44898,393,false,false,false
D1R1OBS_000393_0005,393,"1150,827,1446,1034",55,4788,false,true,unresolved_response,"1437,837,1442,845",1439.524107,840.978446,29,1763,72,10.985146,5.31903,2.065254,73.056672,0.537037,393,false,false,false
D1R1OBS_000393_0006,393,"1150,827,1446,1034",55,4788,false,true,background_recurrence_candidate,"1407,847,1418,852",1412.846427,850.263051,33,1973,74,12.143145,5.521179,2.199375,-179.799616,0.458333,393,false,false,false
D1R1OBS_000393_0007,393,"1150,827,1446,1034",55,4788,false,true,static_background_candidate,"1232,854,1237,857",1234.429648,854.802764,13,796,72,5.577385,3.931523,1.418632,174.713238,0.541667,393,false,false,false
D1R1OBS_000393_0008,393,"1150,827,1446,1034",55,4788,false,true,unresolved_response,"1408,855,1432,867",1419.062796,860.447601,72,4857,93,28.335762,4.342004,6.525964,-152.090689,0.221538,393,false,false,false
D1R1OBS_000393_0009,393,"1150,827,1446,1034",55,4788,false,true,static_background_candidate,"1165,877,1174,887",1168.901346,880.880632,52,3862,125,10.190608,9.013184,1.130634,133.409237,0.472727,393,false,false,false
D1R1OBS_000393_0010,393,"1150,827,1446,1034",55,4788,false,true,static_background_candidate,"1414,877,1419,881",1416.345528,878.863144,12,738,72,6.920463,4.656495,1.486196,-178.674655,0.4,393,false,false,false
D1R1OBS_000393_0011,393,"1150,827,1446,1034",55,4788,false,true,unresolved_response,"1177,880,1186,887",1181.605466,883.729152,44,2854,90,10.727781,7.913467,1.355636,-175.520889,0.55,393,false,false,false
D1R1OBS_000393_0012,393,"1150,827,1446,1034",55,4788,false,true,unresolved_response,"1428,880,1434,886",1431.237143,883.081429,24,1400,64,7.730279,6.590235,1.17299,140.734765,0.489796,393,false,false,false
D1R1OBS_000393_0013,393,"1150,827,1446,1034",55,4788,false,true,unresolved_response,"1420,882,1424,886",1421.549595,883.744939,16,988,67,5.577509,4.819204,1.157351,155.957594,0.64,393,false,false,false
D1R1OBS_000393_0014,393,"1150,827,1446,1034",55,4788,false,true,background_recurrence_candidate,"1150,892,1223,920",1176.098845,905.267507,1038,79923,163,75.22314,22.624025,3.324923,175.79046,0.483691,393,false,false,false
D1R1OBS_000393_0015,393,"1150,827,1446,1034",55,4788,false,true,same_motion_supported,"1328,898,1336,903",1331.466667,900.504981,20,1305,86,9.625051,4.67811,2.057466,-160.883087,0.37037,393,false,false,false
D1R1OBS_000393_0016,393,"1150,827,1446,1034",55,4788,false,true,unresolved_response,"1236,909,1242,916",1238.714614,911.611623,27,1738,86,9.597797,5.42304,1.769819,-142.068629,0.482143,393,false,false,false
D1R1OBS_000393_0017,393,"1150,827,1446,1034",55,4788,false,true,unresolved_response,"1371,917,1376,925",1373.850746,920.678483,26,1608,79,8.951032,4.423951,2.023312,64.082538,0.481481,393,false,false,false
D1R1OBS_000393_0018,393,"1150,827,1446,1034",55,4788,false,true,same_motion_supported,"1284,923,1289,926",1286.147638,924.330709,15,1016,85,7.331892,3.247786,2.257505,-166.356006,0.625,393,false,false,false
D1R1OBS_000393_0019,393,"1150,827,1446,1034",55,4788,false,true,static_background_candidate,"1218,930,1227,938",1222.9868,932.6032,39,2500,89,10.38802,7.2008,1.44262,-153.61812,0.433333,393,false,false,false
D1R1OBS_000393_0020,393,"1150,827,1446,1034",55,4788,false,true,same_motion_supported,"1263,942,1271,947",1267.833145,944.037768,26,1774,96,10.75171,3.880617,2.770618,-157.777741,0.481481,393,false,false,false
D1R1OBS_000393_0021,393,"1150,827,1446,1034",55,4788,false,true,background_recurrence_candidate,"1212,945,1219,956",1216.055179,950.018393,35,2066,66,13.018832,6.604488,1.97121,83.725639,0.364583,393,false,false,false
D1R1OBS_000393_0022,393,"1150,827,1446,1034",55,4788,false,true,same_motion_supported,"1213,947,1353,977",1275.556328,965.311,1387,92733,125,166.243009,21.128814,7.868071,179.18083,0.317319,393,false,false,false
D1R1OBS_000393_0023,393,"1150,827,1446,1034",55,4788,false,true,reappeared_supported,"1315,953,1324,959",1319.875053,956.089188,36,2377,86,9.590305,5.974605,1.605178,-164.413916,0.514286,393,false,false,false
D1R1OBS_000393_0024,393,"1150,827,1446,1034",55,4788,false,true,same_motion_supported,"1354,953,1361,961",1358.387683,958.045161,27,1705,79,10.487696,5.741062,1.826787,122.801874,0.375,393,false,false,false
D1R1OBS_000393_0025,393,"1150,827,1446,1034",55,4788,false,true,same_motion_supported,"1374,953,1390,964",1381.245997,958.759412,75,4622,76,16.697843,10.463978,1.595745,167.23142,0.367647,393,false,false,false
D1R1OBS_000393_0026,393,"1150,827,1446,1034",55,4788,false,true,static_background_candidate,"1435,956,1442,961",1437.564,958.958667,24,1500,73,9.310493,5.02561,1.852609,-154.262348,0.5,393,false,false,false
D1R1OBS_000393_0027,393,"1150,827,1446,1034",55,4788,false,true,static_background_candidate,"1413,960,1416,964",1414.340054,962.19086,12,744,69,5.863158,3.121633,1.878234,-140.101987,0.6,393,false,false,false
D1R1OBS_000393_0028,393,"1150,827,1446,1034",55,4788,false,true,unresolved_response,"1394,987,1396,993",1394.689384,989.847969,13,763,64,7.472317,2.472487,3.022186,94.031623,0.619048,393,false,false,false
D1R1OBS_000393_0029,393,"1150,827,1446,1034",55,4788,false,true,static_background_candidate,"1386,989,1394,1000",1389.244316,995.23007,51,3299,83,12.581505,7.199063,1.747659,64.286662,0.472222,393,false,false,false
D1R1OBS_000393_0030,393,"1150,827,1446,1034",55,4788,false,true,unresolved_response,"1395,995,1400,999",1397.207672,997.452381,13,756,65,5.802536,4.937798,1.175126,158.394955,0.433333,393,false,false,false
D1R1OBS_000393_0031,393,"1150,827,1446,1034",55,4788,false,true,background_recurrence_candidate,"1385,1003,1394,1011",1389.424545,1006.965742,38,2306,73,10.999614,7.906906,1.39114,-151.696584,0.422222,393,false,false,false
D1R1OBS_000393_0032,393,"1150,827,1446,1034",55,4788,false,true,static_background_supported,"1380,1009,1419,1034",1397.098662,1025.77023,354,23393,108,39.810577,18.49403,2.152618,-154.427801,0.340385,393,false,false,false
D1R1OBS_000394_0001,394,"1160,827,1456,1035",60,4615,false,true,static_background_candidate,"1378,827,1383,832",1380.525478,829.79087,14,942,78,8.913156,3.384782,2.633303,-137.670997,0.388889,394,false,false,false
D1R1OBS_000394_0002,394,"1160,827,1456,1035",60,4615,false,true,static_background_candidate,"1400,831,1409,835",1404.14928,833.126801,26,1735,76,11.356673,4.882448,2.32602,173.450407,0.52,394,false,false,false
D1R1OBS_000394_0003,394,"1160,827,1456,1035",60,4615,false,true,background_recurrence_candidate,"1436,834,1446,843",1441.507692,838.667133,43,2860,78,11.364052,6.75411,1.682539,150.764335,0.390909,394,false,false,false
D1R1OBS_000394_0004,394,"1160,827,1456,1035",60,4615,false,true,static_background_candidate,"1411,846,1416,852",1412.968008,849.149639,15,969,75,7.580268,4.202779,1.803632,56.613698,0.357143,394,false,false,false
D1R1OBS_000394_0005,394,"1160,827,1456,1035",60,4615,false,true,static_background_supported,"1426,847,1433,850",1429.351562,848.253906,12,768,68,9.725183,2.379758,4.086627,-158.300938,0.375,394,false,false,false
D1R1OBS_000394_0006,394,"1160,827,1456,1035",60,4615,false,true,unresolved_response,"1418,848,1422,851",1419.693901,849.481013,13,869,74,4.760952,3.829708,1.243163,168.690068,0.65,394,false,false,false
D1R1OBS_000394_0007,394,"1160,827,1456,1035",60,4615,false,true,unresolved_response,"1178,855,1182,858",1179.974967,856.243742,12,759,68,6.701188,3.693174,1.814479,151.567805,0.6,394,false,false,false
D1R1OBS_000394_0008,394,"1160,827,1456,1035",60,4615,false,true,unresolved_response,"1427,858,1437,868",1431.645904,863.483074,41,2954,95,14.59813,4.235388,3.446704,-144.163131,0.338843,394,false,false,false
D1R1OBS_000394_0009,394,"1160,827,1456,1035",60,4615,false,true,unresolved_response,"1449,864,1453,867",1450.339572,865.581551,12,748,66,5.67309,4.082222,1.389706,-158.291177,0.6,394,false,false,false
D1R1OBS_000394_0010,394,"1160,827,1456,1035",60,4615,false,true,background_recurrence_candidate,"1417,868,1421,873",1418.986842,870.092105,14,912,73,8.118298,3.869412,2.09807,72.277145,0.466667,394,false,false,false
D1R1OBS_000394_0011,394,"1160,827,1456,1035",60,4615,false,true,background_recurrence_candidate,"1418,876,1427,882",1422.903662,878.528451,26,1775,82,11.340303,5.846286,1.939745,-154.701979,0.371429,394,false,false,false
D1R1OBS_000394_0012,394,"1160,827,1456,1035",60,4615,false,true,background_recurrence_candidate,"1167,877,1193,888",1179.742643,881.883541,112,8020,122,31.006846,7.739081,4.006528,-168.271029,0.345679,394,false,false,false
D1R1OBS_000394_0013,394,"1160,827,1456,1035",60,4615,false,true,static_background_supported,"1161,879,1165,881",1162.96139,879.749035,12,777,71,6.030227,2.994945,2.013468,176.185925,0.8,394,false,false,false
D1R1OBS_000394_0014,394,"1160,827,1456,1035",60,4615,false,true,unresolved_response,"1438,880,1440,886",1438.883758,883.152866,19,1256,74,8.363447,3.214569,2.601732,87.1626,0.904762,394,false,false,false
D1R1OBS_000394_0015,394,"1160,827,1456,1035",60,4615,false,true,background_recurrence_candidate,"1433,881,1436,885",1434.711246,882.773556,10,658,75,4.804458,3.455344,1.390443,118.028206,0.5,394,false,false,false
D1R1OBS_000394_0016,394,"1160,827,1456,1035",60,4615,false,true,unresolved_response,"1193,884,1202,890",1197.956164,887.690868,33,2190,76,10.651436,5.432919,1.960537,157.814478,0.471429,394,false,false,false
D1R1OBS_000394_0017,394,"1160,827,1456,1035",60,4615,false,true,static_background_candidate,"1160,892,1229,919",1188.58357,905.138529,985,79341,183,71.594584,23.066247,3.103868,177.634317,0.502551,394,false,false,false
D1R1OBS_000394_0018,394,"1160,827,1456,1035",60,4615,false,true,same_motion_supported,"1335,899,1342,902",1338.290896,900.662162,21,1406,81,8.598271,3.801405,2.261866,-169.21514,0.65625,394,false,false,false
D1R1OBS_000394_0019,394,"1160,827,1456,1035",60,4615,false,true,unresolved_response,"1234,914,1241,919",1237.089479,916.60472,16,1017,78,8.013411,4.039626,1.983701,-157.725569,0.333333,394,false,false,false
D1R1OBS_000394_0020,394,"1160,827,1456,1035",60,4615,false,true,background_recurrence_candidate,"1375,918,1382,927",1378.384853,921.651468,38,2588,85,11.463368,6.117346,1.873912,128.890603,0.475,394,false,false,false
D1R1OBS_000394_0021,394,"1160,827,1456,1035",60,4615,false,true,same_motion_supported,"1290,922,1293,925",1291.696347,923.953196,12,876,94,4.558097,3.677878,1.239328,145.278023,0.75,394,false,false,false
D1R1OBS_000394_0022,394,"1160,827,1456,1035",60,4615,false,true,unresolved_response,"1224,929,1233,935",1228.929909,931.683988,25,1655,76,10.3956,4.55904,2.280217,-158.069416,0.357143,394,false,false,false
D1R1OBS_000394_0023,394,"1160,827,1456,1035",60,4615,false,true,same_motion_supported,"1271,942,1282,947",1276.5625,944.564453,28,2048,107,13.220701,3.394104,3.895196,-160.987922,0.388889,394,false,false,false
D1R1OBS_000394_0024,394,"1160,827,1456,1035",60,4615,false,true,same_motion_supported,"1218,948,1361,978",1281.877122,965.618224,1353,98927,145,166.505976,20.546315,8.103934,179.123832,0.303091,394,false,false,false
D1R1OBS_000394_0025,394,"1160,827,1456,1035",60,4615,false,true,same_motion_supported,"1379,952,1394,966",1386.47107,958.417391,90,5980,78,16.819092,12.32723,1.364385,165.90205,0.375,394,false,false,false
D1R1OBS_000394_0026,394,"1160,827,1456,1035",60,4615,false,true,same_motion_supported,"1323,954,1329,959",1326.358664,956.5711,24,1737,96,7.194187,5.234797,1.374301,172.692432,0.571429,394,false,false,false
D1R1OBS_000394_0027,394,"1160,827,1456,1035",60,4615,false,true,unresolved_response,"1441,956,1448,961",1444.480757,958.302674,22,1533,87,8.432769,4.779656,1.764305,-154.339535,0.458333,394,false,false,false
D1R1OBS_000394_0028,394,"1160,827,1456,1035",60,4615,false,true,same_motion_supported,"1361,957,1366,961",1363.390278,959.45625,22,1440,80,7.207592,4.809664,1.498565,-163.384144,0.733333,394,false,false,false
D1R1OBS_000394_0029,394,"1160,827,1456,1035",60,4615,false,true,background_recurrence_candidate,"1390,985,1403,1001",1395.930317,994.494344,64,4420,89,19.820842,8.342095,2.376003,52.72166,0.268908,394,false,false,false
D1R1OBS_000394_0030,394,"1160,827,1456,1035",60,4615,false,true,static_background_candidate,"1388,1004,1399,1012",1392.561671,1007.638173,39,2562,83,13.957771,7.322791,1.906073,149.780063,0.361111,394,false,false,false
D1R1OBS_000394_0031,394,"1160,827,1456,1035",60,4615,false,true,unresolved_response,"1404,1012,1413,1019",1408.050764,1015.586496,31,2029,73,12.570861,4.831273,2.601977,-138.794903,0.3875,394,false,false,false
D1R1OBS_000394_0032,394,"1160,827,1456,1035",60,4615,false,true,static_background_candidate,"1389,1014,1426,1035",1405.660613,1027.226104,359,25988,130,40.493434,17.300995,2.340526,-161.97845,0.429426,394,false,false,false
D1R1OBS_000394_0033,394,"1160,827,1456,1035",60,4615,false,true,unresolved_response,"1427,1026,1433,1031",1429.999019,1027.872424,16,1019,71,7.305745,5.029191,1.452668,177.821512,0.380952,394,false,false,false
