association_id,sar_frame,response_track_id,component_id,previous_response_x,previous_response_y,predicted_response_x,predicted_response_y,observed_response_x,observed_response_y,target_displacement_x,target_displacement_y,response_self_displacement_x,response_self_displacement_y,relative_to_target_x,relative_to_target_y,response_residual_px,motion_residual_px,relative_position_residual_px,shape_change_px,orientation_change_deg,energy_change,background_conflict,background_track_id,consecutive_support_frames,missing_frames,evidence_state,same_motion_supported
ASSOC_000361_RT_D1_0001,361,RT_D1_0001,D1OBS_000361_0058,1122.220378,964.789132,1133.031888,960.448928,1141.115768,949.694611,9.037,-1.9795,18.89539,-15.094521,50.518768,9.847111,16.407061,16.407061,16.407061,1053,14.197267,-91764,false,,2,0,temporally_supported_response,false
ASSOC_000361_RT_D1_0002,361,RT_D1_0002,D1OBS_000361_0057,1045.155284,969.246505,1061.371572,967.155596,1094.077215,966.648064,9.037,-1.9795,48.921931,-2.598441,3.480215,26.800564,39.889733,39.889733,39.889733,1346,355.449459,100820,false,,2,0,temporally_supported_response,false
ASSOC_000361_RT_D1_0003,361,RT_D1_0003,D1OBS_000361_0056,1135.320969,949.817105,1146.369929,947.254302,1155.535525,944.597031,9.037,-1.9795,20.214556,-5.220074,64.938525,4.749531,11.63783,11.63783,11.63783,12,259.635838,-998,false,,2,0,temporally_supported_response,false
ASSOC_000361_RT_D1_0004,361,RT_D1_0004,D1OBS_000361_0055,1086.381968,928.355816,1095.579932,926.743483,1096.313211,928.416131,9.037,-1.9795,9.931243,0.060315,5.716211,-11.431369,2.227221,2.227221,2.227221,10,5.602311,568,false,,2,0,temporally_supported_response,false
ASSOC_000361_RT_D1_0005,361,RT_D1_0005,D1OBS_000361_0061,1159.598679,961.170107,1168.990726,961.160175,1170.608163,970.132653,9.037,-1.9795,11.009484,8.962546,80.011163,30.285153,11.118411,11.118411,11.118411,1,93.3908,-231,false,,2,0,temporally_supported_response,false
ASSOC_000361_RT_D1_0006,361,RT_D1_0006,D1OBS_000361_0059,1035.20218,958.231913,1038.106361,956.960291,1010.167963,960.18507,9.037,-1.9795,-25.034217,1.953157,-80.429037,20.33757,34.297429,34.297429,34.297429,5,67.924855,-366,false,,2,0,temporally_supported_response,false
ASSOC_000361_RT_D1_0007,361,RT_D1_0007,D1OBS_000361_0060,1115.145046,947.239019,1130.021376,949.491818,1156.622771,968.772291,9.037,-1.9795,41.477725,21.533272,66.025771,28.924791,40.065585,40.065585,40.065585,3,91.803825,-250,false,,2,0,temporally_supported_response,false
ASSOC_000361_RT_D1_0008,361,RT_D1_0008,D1OBS_000361_0054,1111.181714,919.841143,1113.991017,919.004231,1085.620399,924.209356,9.037,-1.9795,-25.561315,4.368213,-4.976601,-15.638144,35.1758,35.1758,35.1758,8,31.839218,429,false,,2,0,temporally_supported_response,false
ASSOC_000361_RT_D1_0009,361,RT_D1_0009,D1OBS_000361_0065,1149.133102,944.731481,1162.05831,952.236786,1179.771255,995.445344,9.037,-1.9795,30.638153,50.713863,89.174255,55.597844,56.949103,56.949103,56.949103,4,54.486844,124,false,,2,0,temporally_supported_response,false
ASSOC_000362_RT_D1_0001,362,RT_D1_0001,D1OBS_000362_0038,1141.115768,949.694611,1151.919537,964.149279,1181.347079,964.101947,9.778769,-0.73476,40.231311,14.407337,78.322135,20.543706,35.887293,34.009416,35.887293,9,12.319134,-630,false,,3,0,same_motion_supported,true
ASSOC_000362_RT_D1_0002,362,RT_D1_0002,D1OBS_000362_0037,1094.077215,966.648064,1078.518213,970.104034,1100.014502,966.63132,9.778769,-0.73476,5.937287,-0.016744,-3.010442,23.073079,26.554865,3.908008,26.554865,36,0.578902,7390,false,,3,0,same_motion_supported,true
ASSOC_000362_RT_D1_0003,362,RT_D1_0003,D1OBS_000362_0039,1155.535525,944.597031,1163.313338,954.563425,1183.883789,970.956055,9.778769,-0.73476,28.348264,26.359024,80.858845,27.397814,32.077153,32.846602,32.077153,2,42.917407,81,false,,3,0,same_motion_supported,true
ASSOC_000362_RT_D1_0004,362,RT_D1_0004,D1OBS_000362_0036,1096.313211,928.416131,1106.791641,930.089055,1101.251014,928.425507,9.778769,-0.73476,4.937803,0.009377,-1.77393,-15.132734,7.054847,4.897825,7.054847,4,0.221713,-296,false,,3,0,same_motion_supported,true
ASSOC_000362_RT_D1_0005,362,RT_D1_0005,D1OBS_000362_0042,1170.608163,970.132653,1182.379987,970.627313,1186.759319,996.850897,9.778769,-0.73476,16.151156,26.718244,83.734375,53.292656,32.422858,28.18288,32.422858,19,93.201751,1193,false,,3,0,same_motion_supported,true
ASSOC_000362_RT_D1_0006,362,RT_D1_0006,D1OBS_000362_0034,1010.167963,960.18507,1053.445624,954.214158,1066.708299,924.799507,9.778769,-0.73476,56.540336,-35.385563,-36.316645,-18.758734,39.349262,58.200707,39.349262,10,226.631372,574,false,,3,0,same_motion_supported,true
ASSOC_000362_RT_D1_0007,362,RT_D1_0007,D1OBS_000362_0044,1156.622771,968.772291,1137.986261,962.755735,1117.654545,1006.275758,9.778769,-0.73476,-38.968225,37.503467,14.629601,62.717517,58.579393,61.955076,58.579393,2,113.786245,-69,false,,3,0,same_motion_supported,true
ASSOC_000362_RT_D1_0008,362,RT_D1_0008,D1OBS_000362_0033,1085.620399,924.209356,1126.332343,922.154881,1125.937749,919.603352,9.778769,-0.73476,40.317351,-4.606004,22.912805,-23.954889,3.14861,30.782974,3.14861,1,79.881718,-51,false,,3,0,same_motion_supported,true
ASSOC_000362_RT_D1_0011,362,RT_D1_0011,D1OBS_000362_0035,1093.361702,929.012766,1110.610794,929.640682,1091.405246,924.614426,9.778769,-0.73476,-1.956456,-4.39834,-11.619698,-18.943815,24.210199,12.293792,24.210199,13,7.776252,820,false,,1,0,temporally_supported_response,false
ASSOC_000363_RT_D1_0001,363,RT_D1_0001,D1OBS_000363_0029,1181.347079,964.101947,1167.798904,967.539297,1178.858115,969.483965,10.58223,0.074156,-2.488964,5.382018,62.381435,22.962584,13.693763,14.107783,13.693763,2,322.112256,156,false,,4,0,same_motion_supported,true
ASSOC_000363_RT_D1_0002,363,RT_D1_0002,D1OBS_000363_0027,1100.014502,966.63132,1094.530946,971.949004,1106.197712,966.855122,10.58223,0.074156,6.18321,0.223802,-10.278967,20.333741,15.524781,4.401565,15.524781,35,0.283957,10587,false,,4,0,same_motion_supported,true
ASSOC_000363_RT_D1_0003,363,RT_D1_0003,D1OBS_000363_0028,1183.883789,970.956055,1176.826299,957.969382,1177.105216,959.986663,10.58223,0.074156,-6.778573,-10.969392,60.628537,13.465282,2.483502,20.575651,2.483502,35,310.085413,2350,false,,4,0,same_motion_supported,true
ASSOC_000363_RT_D1_0004,363,RT_D1_0004,D1OBS_000363_0025,1101.251014,928.425507,1121.610766,930.877908,1127.839987,920.972828,10.58223,0.074156,26.588972,-7.452679,11.363307,-25.548553,14.269533,17.688104,14.269533,20,329.497907,1256,false,,4,0,same_motion_supported,true
ASSOC_000363_RT_D1_0005,363,RT_D1_0005,D1OBS_000363_0030,1186.759319,996.850897,1194.536161,972.914603,1188.634162,969.835733,10.58223,0.074156,1.874843,-27.015164,72.157483,23.314352,8.118053,28.454347,8.118053,11,251.064188,-645,false,,4,0,same_motion_supported,true
ASSOC_000363_RT_D1_0006,363,RT_D1_0006,D1OBS_000363_0026,1066.708299,924.799507,1072.757715,951.613944,1099.454894,926.26978,10.58223,0.074156,32.746595,1.470273,-17.021785,-20.2516,44.891733,22.208292,44.891733,49,26.861075,3472,false,,4,0,same_motion_supported,true
ASSOC_000363_RT_D1_0007,363,RT_D1_0007,D1OBS_000363_0036,1117.654545,1006.275758,1146.447556,973.057562,1123.713326,1006.489362,10.58223,0.074156,6.05878,0.213604,7.236647,59.967981,49.304057,4.525599,49.304057,4,2.262684,233,false,,4,0,same_motion_supported,true
ASSOC_000363_RT_D1_0009,363,RT_D1_0009,D1OBS_000363_0034,1179.771255,995.445344,1189.036961,965.852658,1194.043389,997.477284,10.58223,0.074156,14.272134,2.03194,77.56671,50.955904,39.046893,4.177118,39.046893,13,14.786484,971,false,,1,0,temporally_supported_response,false
ASSOC_000364_RT_D1_0001,364,RT_D1_0001,D1OBS_000364_0022,1178.858115,969.483965,1182.231785,968.314931,1186.565916,961.04448,11.216443,0.576719,7.707802,-8.439485,56.607751,12.151513,10.322301,9.674838,10.322301,11,309.727999,837,false,,5,0,same_motion_supported,true
ASSOC_000364_RT_D1_0002,364,RT_D1_0002,D1OBS_000364_0020,1106.197712,966.855122,1109.449078,973.172724,1115.9938,967.943552,11.216443,0.576719,9.796088,1.08843,-13.964365,19.050585,10.216108,1.50972,10.216108,196,1.48186,15271,false,,5,0,same_motion_supported,true
ASSOC_000364_RT_D1_0003,364,RT_D1_0003,D1OBS_000364_0032,1177.105216,959.986663,1192.436094,967.113325,1202.131724,997.965172,11.216443,0.576719,25.026508,37.97851,72.173558,49.072205,39.438385,39.869937,39.438385,7,11.114445,-474,false,,5,0,same_motion_supported,true
ASSOC_000364_RT_D1_0004,364,RT_D1_0004,D1OBS_000364_0015,1127.839987,920.972828,1134.785089,931.084813,1133.385792,921.223483,11.216443,0.576719,5.545805,0.250655,3.427626,-27.669484,12.14648,5.680004,12.14648,15,3.212336,-954,false,,5,0,same_motion_supported,true
ASSOC_000364_RT_D1_0005,364,RT_D1_0005,D1OBS_000364_0035,1188.634162,969.835733,1206.330937,981.494004,1198.647032,1009.774045,11.216443,0.576719,10.012869,39.938312,68.688866,60.881078,35.738223,39.37999,35.738223,9,7.822533,645,false,,5,0,same_motion_supported,true
ASSOC_000364_RT_D1_0006,364,RT_D1_0006,D1OBS_000364_0018,1099.454894,926.26978,1087.701369,948.929255,1094.362355,925.895108,11.216443,0.576719,-5.09254,-0.374673,-35.595811,-22.99786,29.241366,16.336709,29.241366,35,347.983934,-2277,false,,5,0,same_motion_supported,true
ASSOC_000364_RT_D1_0007,364,RT_D1_0007,D1OBS_000364_0034,1123.713326,1006.489362,1154.484949,981.027479,1129.684083,1006.530984,11.216443,0.576719,5.970757,0.041623,-0.274083,57.638017,43.382966,5.272907,43.382966,1,107.036123,-70,false,,5,0,same_motion_supported,true
ASSOC_000364_RT_D1_0008,364,RT_D1_0008,D1OBS_000364_0016,1125.937749,919.603352,1148.129531,926.699627,1124.732044,923.100829,11.216443,0.576719,-1.205705,3.497477,-5.226121,-25.792139,28.869069,12.760901,28.869069,9,83.287653,-529,false,,1,0,temporally_supported_response,false
ASSOC_000364_RT_D1_0009,364,RT_D1_0009,D1OBS_000364_0037,1194.043389,997.477284,1202.044727,976.990921,1199.886667,1016.928,11.216443,0.576719,5.843277,19.450716,69.928501,68.035033,48.774809,19.623931,48.774809,17,18.762524,-1209,false,,2,0,temporally_supported_response,false
ASSOC_000364_RT_D1_0011,364,RT_D1_0011,D1OBS_000364_0019,1091.405246,924.614426,1134.365777,933.87058,1119.887133,928.837472,11.216443,0.576719,28.481887,4.223046,-10.071033,-20.055496,18.693308,17.646282,18.693308,10,21.556442,-639,false,,1,0,temporally_supported_response,false
ASSOC_000365_RT_D1_0001,365,RT_D1_0001,D1OBS_000365_0015,1186.565916,961.04448,1190.280694,971.994394,1192.781114,960.544626,10.403479,1.805242,6.215198,-0.499854,55.322911,5.458833,14.292208,4.780708,14.292208,42,340.439325,2963,false,,6,0,same_motion_supported,true
ASSOC_000365_RT_D1_0002,365,RT_D1_0002,D1OBS_000365_0014,1115.9938,967.943552,1118.076972,977.26708,1123.214987,967.707381,10.403479,1.805242,7.221187,-0.236171,-14.243215,12.621588,13.235333,3.780787,13.235333,141,0.560869,16312,false,,6,0,same_motion_supported,true
ASSOC_000365_RT_D1_0003,365,RT_D1_0003,D1OBS_000365_0023,1202.131724,997.965172,1201.586463,977.669799,1209.104643,997.548637,10.403479,1.805242,6.972918,-0.416536,71.64644,42.462843,25.918327,4.08718,25.918327,5,341.362746,-186,false,,6,0,same_motion_supported,true
ASSOC_000365_RT_D1_0004,365,RT_D1_0004,D1OBS_000365_0013,1133.385792,921.223483,1139.617324,937.5868,1127.464,938.9952,10.403479,1.805242,-5.921792,17.771717,-9.994203,-16.090593,14.920315,22.835122,14.920315,21,165.669989,-1402,false,,6,0,same_motion_supported,true
ASSOC_000365_RT_D1_0005,365,RT_D1_0005,D1OBS_000365_0025,1198.647032,1009.774045,1212.119035,991.497074,1204.320204,1008.85485,10.403479,1.805242,5.673172,-0.919195,66.862002,53.769057,23.206461,5.458787,23.206461,13,340.513698,-802,false,,6,0,same_motion_supported,true
ASSOC_000365_RT_D1_0006,365,RT_D1_0006,D1OBS_000365_0011,1094.362355,925.895108,1095.76864,949.920622,1098.352702,926.225088,10.403479,1.805242,3.990347,0.32998,-39.105501,-28.860705,29.068313,6.580628,29.068313,17,3.7127,1271,false,,6,0,same_motion_supported,true
ASSOC_000365_RT_D1_0008,365,RT_D1_0008,D1OBS_000365_0010,1124.732044,923.100829,1152.055511,930.957106,1135.773693,922.140523,10.403479,1.805242,11.041649,-0.960306,-1.68451,-32.945271,22.580075,2.838224,22.580075,25,4.208926,1724,false,,2,0,temporally_supported_response,false
ASSOC_000365_RT_D1_0009,365,RT_D1_0009,D1OBS_000365_0026,1199.886667,1016.928,1212.000473,988.074749,1223.187592,1010.355982,10.403479,1.805242,23.300926,-6.572018,85.72939,55.270189,30.404887,15.379292,30.404887,1,33.813707,-73,false,,3,0,same_motion_supported,true
ASSOC_000365_RT_D1_0011,365,RT_D1_0011,D1OBS_000365_0012,1119.887133,928.837472,1138.904256,937.95653,1125.412716,928.35854,10.403479,1.805242,5.525583,-0.478932,-12.045486,-26.727253,20.191788,5.386215,20.191788,27,314.432694,1772,false,,2,0,temporally_supported_response,false
ASSOC_000366_RT_D1_0001,366,RT_D1_0001,D1OBS_000366_0019,1192.781114,960.544626,1199.228251,971.344255,1200.565604,960.999133,10.020778,1.764883,7.78449,0.454506,54.453411,4.292598,12.720983,2.591924,12.720983,3,0.088633,-218,false,,7,0,same_motion_supported,true
ASSOC_000366_RT_D1_0002,366,RT_D1_0002,D1OBS_000366_0017,1123.214987,967.707381,1126.95272,976.895051,1127.962943,967.816878,10.020778,1.764883,4.747956,0.109496,-18.14925,11.110343,11.13928,5.526568,11.13928,109,0.206779,-8309,false,,7,0,same_motion_supported,true
ASSOC_000366_RT_D1_0003,366,RT_D1_0003,D1OBS_000366_0024,1209.104643,997.548637,1211.381951,982.597327,1216.582105,997.661579,10.020778,1.764883,7.477463,0.112942,70.469912,40.955044,19.434804,3.032715,19.434804,13,51.111519,-814,false,,7,0,same_motion_supported,true
ASSOC_000366_RT_D1_0004,366,RT_D1_0004,D1OBS_000366_0016,1127.464,938.9952,1145.676541,940.306596,1133.855908,945.313401,10.020778,1.764883,6.391908,6.318201,-12.256286,-11.393134,15.655206,5.822491,15.655206,11,72.62451,763,false,,7,0,same_motion_supported,true
ASSOC_000366_RT_D1_0005,366,RT_D1_0005,D1OBS_000366_0026,1204.320204,1008.85485,1219.498764,995.962443,1213.69379,1008.921306,10.020778,1.764883,9.373586,0.066456,67.581597,52.214771,17.316637,1.817557,17.316637,8,350.312804,497,false,,7,0,same_motion_supported,true
ASSOC_000366_RT_D1_0006,366,RT_D1_0006,D1OBS_000366_0014,1098.352702,926.225088,1103.873912,947.061692,1101.374194,926.654301,10.020778,1.764883,3.021492,0.429213,-44.738,-30.052234,25.07307,7.125589,25.07307,25,7.072605,-1823,false,,7,0,same_motion_supported,true
ASSOC_000366_RT_D1_0007,366,RT_D1_0007,D1OBS_000366_0021,1129.684083,1006.530984,1165.522902,987.918191,1142.216339,983.71407,10.020778,1.764883,12.532256,-22.816915,-3.895855,27.007535,28.881348,24.709761,28.881348,3,235.262029,-162,false,,1,0,temporally_supported_response,false
ASSOC_000366_RT_D1_0008,366,RT_D1_0008,D1OBS_000366_0013,1135.773693,922.140523,1158.475399,930.944488,1148.297821,923.503632,10.020778,1.764883,12.524128,1.363109,2.185627,-33.202903,15.375018,2.535386,15.375018,23,11.061395,-1622,false,,3,0,same_motion_supported,true
ASSOC_000366_RT_D1_0009,366,RT_D1_0009,D1OBS_000366_0027,1223.187592,1010.355982,1222.962936,997.54772,1233.47931,1033.318985,10.020778,1.764883,10.291718,22.963003,87.367117,76.61245,45.469616,21.199852,45.469616,704,317.209442,54592,false,,4,0,same_motion_supported,true
ASSOC_000366_RT_D1_0011,366,RT_D1_0011,D1OBS_000366_0012,1125.412716,928.35854,1146.575652,936.449418,1142.099388,922.200306,10.020778,1.764883,16.686672,-6.158234,-4.012805,-34.506229,18.214228,10.354223,18.214228,30,4.390484,-2004,false,,3,0,same_motion_supported,true
ASSOC_000366_RT_D1_0012,366,RT_D1_0012,D1OBS_000366_0015,1110.530649,925.273438,1127.574435,932.298136,1131.627781,928.704399,10.020778,1.764883,21.097131,3.430962,-14.484413,-28.002135,6.606172,11.200956,6.606172,4,1.760713,359,false,,1,0,temporally_supported_response,false
ASSOC_000367_RT_D1_0001,367,RT_D1_0001,D1OBS_000367_0020,1200.565604,960.999133,1207.23145,973.123049,1210.480198,973.365347,9.423434,1.756291,9.914594,12.366214,57.077944,14.933205,3.972891,10.621285,3.972891,50,287.344248,-3601,false,,8,0,same_motion_supported,true
ASSOC_000367_RT_D1_0002,367,RT_D1_0002,D1OBS_000367_0016,1127.962943,967.816878,1134.001958,976.640634,1132.904883,967.620524,9.423434,1.756291,4.94194,-0.196354,-20.49737,9.188382,11.081197,4.888416,11.081197,123,0.37808,-9749,false,,8,0,same_motion_supported,true
ASSOC_000367_RT_D1_0003,367,RT_D1_0003,D1OBS_000367_0019,1216.582105,997.661579,1218.803903,982.110546,1219.404742,972.031889,9.423434,1.756291,2.822637,-25.62969,66.002489,13.599747,12.312867,28.170241,12.312867,8,44.920061,-677,false,,8,0,same_motion_supported,true
ASSOC_000367_RT_D1_0004,367,RT_D1_0004,D1OBS_000367_0012,1133.855908,945.313401,1149.78147,939.542709,1135.271429,928.201681,9.423434,1.756291,1.415521,-17.11172,-18.130825,-30.230461,22.458907,20.497037,22.458907,3,27.253373,-198,false,,8,0,same_motion_supported,true
ASSOC_000367_RT_D1_0005,367,RT_D1_0005,D1OBS_000367_0027,1213.69379,1008.921306,1225.974467,997.659986,1222.264621,997.532137,9.423434,1.756291,8.570831,-11.38917,68.862367,39.099995,4.526889,13.173081,4.526889,4,315.908986,-141,false,,8,0,same_motion_supported,true
ASSOC_000367_RT_D1_0006,367,RT_D1_0006,D1OBS_000367_0014,1101.374194,926.654301,1113.005858,945.846723,1121.396671,932.450763,9.423434,1.756291,20.022478,5.796462,-32.005582,-25.981379,19.276685,11.342959,19.276685,15,6.389381,-1139,false,,8,0,same_motion_supported,true
ASSOC_000367_RT_D1_0007,367,RT_D1_0007,D1OBS_000367_0023,1142.216339,983.71407,1170.198171,988.06254,1158.286344,980.859031,9.423434,1.756291,16.070005,-2.855039,4.88409,22.426889,16.976301,8.089578,16.976301,4,350.179934,247,false,,2,0,temporally_supported_response,false
ASSOC_000367_RT_D1_0008,367,RT_D1_0008,D1OBS_000367_0011,1148.297821,923.503632,1166.434294,930.01067,1169.48121,917.895509,9.423434,1.756291,21.183389,-5.608123,16.078956,-40.536633,15.234671,13.875559,15.234671,2,342.425664,265,false,,4,0,same_motion_supported,true
ASSOC_000367_RT_D1_0009,367,RT_D1_0009,D1OBS_000367_0029,1233.47931,1033.318985,1229.052307,1000.969453,1223.5825,1008.69625,9.423434,1.756291,-9.89681,-24.622735,70.180246,50.264108,11.544999,32.697475,11.544999,703,264.498854,-54469,false,,5,0,same_motion_supported,true
ASSOC_000367_RT_D1_0011,367,RT_D1_0011,D1OBS_000367_0010,1142.099388,922.200306,1153.180844,934.558938,1150.060888,918.085655,9.423434,1.756291,7.961499,-4.11465,-3.341366,-40.346487,20.446503,6.050224,20.446503,4,336.767341,315,false,,4,0,same_motion_supported,true
ASSOC_000367_RT_D1_0012,367,RT_D1_0012,D1OBS_000367_0015,1131.627781,928.704399,1134.044499,933.672816,1130.30896,932.07415,9.423434,1.756291,-1.318821,3.369751,-23.093294,-26.357992,4.955181,10.862747,4.955181,15,8.650381,-1052,false,,2,0,temporally_supported_response,false
ASSOC_000367_RT_D1_0013,367,RT_D1_0013,D1OBS_000367_0013,1132.430894,922.918699,1134.004462,925.06754,1107.962665,926.995608,9.423434,1.756291,-24.46823,4.076908,-45.439589,-31.436534,31.845213,33.971019,31.845213,8,56.303465,628,false,,2,0,temporally_supported_response,false
ASSOC_000368_RT_D1_0001,368,RT_D1_0001,D1OBS_000368_0017,1210.480198,973.365347,1213.886629,970.054609,1218.976261,971.364985,8.573482,0.637959,8.496063,-2.000361,60.036065,16.288927,6.409281,2.639456,6.409281,0,69.752086,1,false,,9,0,same_motion_supported,true
ASSOC_000368_RT_D1_0002,368,RT_D1_0002,D1OBS_000368_0014,1132.904883,967.620524,1138.974046,972.200664,1136.396264,967.26296,8.573482,0.637959,3.49138,-0.357564,-22.543932,12.186902,6.79279,5.17869,6.79279,9,0.495185,-3974,false,,9,0,same_motion_supported,true
ASSOC_000368_RT_D1_0003,368,RT_D1_0003,D1OBS_000368_0018,1219.404742,972.031889,1224.76576,977.603268,1226.696927,972.358939,8.573482,0.637959,7.292185,0.32705,67.756732,17.282881,6.81536,1.318479,6.81536,8,222.728359,-507,false,,9,0,same_motion_supported,true
ASSOC_000368_RT_D1_0004,368,RT_D1_0004,D1OBS_000368_0011,1135.271429,928.201681,1152.996322,934.861072,1142.413352,928.822443,8.573482,0.637959,7.141924,0.620763,-16.526844,-26.253615,14.859259,1.431662,14.859259,7,134.461333,-486,false,,9,0,same_motion_supported,true
ASSOC_000368_RT_D1_0005,368,RT_D1_0005,D1OBS_000368_0024,1222.264621,997.532137,1231.182152,994.897623,1229.677647,997.602353,8.573482,0.637959,7.413026,0.070216,70.737451,42.526295,3.774405,1.291894,3.774405,11,34.353019,-877,false,,9,0,same_motion_supported,true
ASSOC_000368_RT_D1_0006,368,RT_D1_0006,D1OBS_000368_0013,1121.396671,932.450763,1121.318741,941.958338,1133.960141,939.533411,8.573482,0.637959,12.563469,7.082649,-24.980055,-15.542646,15.697412,7.579843,15.697412,2,171.223228,132,false,,9,0,same_motion_supported,true
ASSOC_000368_RT_D1_0008,368,RT_D1_0008,D1OBS_000368_0010,1169.48121,917.895509,1172.786384,925.160509,1176.495281,918.354157,8.573482,0.637959,7.014071,0.458649,17.555085,-36.721901,9.45278,1.569687,9.45278,16,0.129868,1134,false,,5,0,same_motion_supported,true
ASSOC_000368_RT_D1_0009,368,RT_D1_0009,D1OBS_000368_0025,1223.5825,1008.69625,1232.934004,999.985908,1225.388889,1010.794143,8.573482,0.637959,1.806389,2.097893,66.448693,55.718085,16.074758,6.922786,16.074758,24,43.759792,1522,false,,6,0,same_motion_supported,true
ASSOC_000368_RT_D1_0011,368,RT_D1_0011,D1OBS_000368_0009,1150.060888,918.085655,1158.45836,928.859773,1157.271973,918.185738,8.573482,0.637959,7.211086,0.100083,-1.668222,-36.89032,13.097274,1.46473,13.097274,4,349.871075,237,false,,5,0,same_motion_supported,true
ASSOC_000368_RT_D1_0012,368,RT_D1_0012,D1OBS_000368_0012,1130.30896,932.07415,1138.177985,930.767975,1131.779906,932.823636,8.573482,0.637959,1.470946,0.749485,-27.16029,-22.252422,8.195372,7.103412,8.195372,24,344.35059,1796,false,,3,0,same_motion_supported,true
ASSOC_000369_RT_D1_0001,369,RT_D1_0001,D1OBS_000369_0018,1218.976261,971.364985,1222.645581,969.502779,1225.820175,971.062865,8.461615,0.30278,6.843914,-0.30212,58.81789,16.881095,4.313682,1.727096,4.313682,6,98.015663,-327,false,,10,0,same_motion_supported,true
ASSOC_000369_RT_D1_0002,369,RT_D1_0002,D1OBS_000369_0014,1136.396264,967.26296,1145.799117,970.635303,1140.163809,967.578193,8.461615,0.30278,3.767546,0.315233,-26.838477,13.396423,7.818454,4.694086,7.818454,223,0.484864,-8539,false,,10,0,same_motion_supported,true
ASSOC_000369_RT_D1_0003,369,RT_D1_0003,D1OBS_000369_0019,1226.696927,972.358939,1232.867385,975.687958,1233.04749,971.036635,8.461615,0.30278,6.350562,-1.322304,66.045204,16.854865,5.676596,2.664102,5.676596,0,203.192638,21,false,,10,0,same_motion_supported,true
ASSOC_000369_RT_D1_0004,369,RT_D1_0004,D1OBS_000369_0008,1142.413352,928.822443,1161.889466,931.142777,1165.675378,918.277854,8.461615,0.30278,23.262026,-10.544589,-1.326907,-35.903916,16.354171,18.349866,16.354171,0,5.142298,23,false,,10,0,same_motion_supported,true
ASSOC_000369_RT_D1_0005,369,RT_D1_0005,D1OBS_000369_0025,1229.677647,997.602353,1239.076311,994.657122,1238.31129,997.635484,8.461615,0.30278,8.633643,0.033131,71.309005,43.453714,3.750054,0.31985,3.750054,14,272.34218,1010,false,,10,0,same_motion_supported,true
ASSOC_000369_RT_D1_0006,369,RT_D1_0006,D1OBS_000369_0012,1133.960141,939.533411,1130.9182,941.518133,1137.921769,943.586735,8.461615,0.30278,3.961628,4.053323,-29.080517,-10.595035,8.905703,5.858025,8.905703,4,178.976036,323,false,,10,0,same_motion_supported,true
ASSOC_000369_RT_D1_0007,369,RT_D1_0007,D1OBS_000369_0020,1158.286344,980.859031,1189.420762,982.349719,1215.034642,975.687452,8.461615,0.30278,56.748298,-5.171579,48.032356,21.505682,32.275782,48.596012,32.275782,5,343.344739,391,false,,1,0,temporally_supported_response,false
ASSOC_000369_RT_D1_0008,369,RT_D1_0008,D1OBS_000369_0009,1176.495281,918.354157,1181.160086,923.164653,1182.579653,918.146402,8.461615,0.30278,6.084372,-0.207755,15.577367,-36.035368,6.359965,2.431447,6.359965,5,3.273024,-210,false,,6,0,same_motion_supported,true
ASSOC_000369_RT_D1_0009,369,RT_D1_0009,D1OBS_000369_0026,1225.388889,1010.794143,1240.123571,1001.038035,1236.148741,1009.905034,8.461615,0.30278,10.759853,-0.889109,69.146456,55.723264,11.850179,2.588917,11.850179,23,83.713732,-1448,false,,7,0,same_motion_supported,true
ASSOC_000369_RT_D1_0011,369,RT_D1_0011,D1OBS_000369_0011,1157.271973,918.185738,1161.020524,928.974245,1135.965304,933.569703,8.461615,0.30278,-21.30667,15.383965,-31.036982,-20.612067,31.064839,33.37054,31.064839,26,5.959741,2022,false,,6,0,same_motion_supported,true
ASSOC_000369_RT_D1_0012,369,RT_D1_0012,D1OBS_000369_0013,1131.779906,932.823636,1144.614665,933.024495,1137.210021,947.378174,8.461615,0.30278,5.430115,14.554539,-29.792265,-6.803596,19.69642,14.570608,19.69642,18,2.740972,-1310,false,,4,0,same_motion_supported,true
ASSOC_000369_RT_D1_0013,369,RT_D1_0013,D1OBS_000369_0010,1107.962665,926.995608,1142.120295,920.636563,1117.136719,919.813802,8.461615,0.30278,9.174054,-7.181806,-49.865567,-34.367968,30.484293,7.518417,30.484293,9,339.639811,-598,false,,1,0,temporally_supported_response,false
ASSOC_000370_RT_D1_0001,370,RT_D1_0001,D1OBS_000370_0020,1225.820175,971.062865,1228.010095,971.008652,1222.584062,976.050534,8.044673,0.323854,-3.236113,4.987669,49.026182,21.469646,9.032825,12.206855,9.032825,5,239.884736,345,false,,11,0,same_motion_supported,true
ASSOC_000370_RT_D1_0002,370,RT_D1_0002,D1OBS_000370_0015,1140.163809,967.578193,1150.792412,970.492894,1143.675272,968.025936,8.044673,0.323854,3.511462,0.447743,-29.882609,13.445047,9.186058,4.534904,9.186058,15,0.090828,1054,false,,11,0,same_motion_supported,true
ASSOC_000370_RT_D1_0003,370,RT_D1_0003,D1OBS_000370_0019,1233.04749,971.036635,1239.363741,974.880219,1239.093878,969.382313,8.044673,0.323854,6.046388,-1.654322,65.535997,14.801424,6.712836,2.811819,6.712836,0,7.958274,-2,false,,11,0,same_motion_supported,true
ASSOC_000370_RT_D1_0004,370,RT_D1_0004,D1OBS_000370_0010,1165.675378,918.277854,1169.36864,929.782554,1173.576058,921.767777,8.044673,0.323854,7.900679,3.489923,0.018177,-32.813112,11.039046,3.169341,11.039046,4,353.593555,384,false,,11,0,same_motion_supported,true
ASSOC_000370_RT_D1_0005,370,RT_D1_0005,D1OBS_000370_0025,1238.31129,997.635484,1245.395621,995.397812,1244.319215,996.953857,8.044673,0.323854,6.007925,-0.681627,70.761335,42.372968,2.307402,2.271418,2.307402,14,239.666759,1044,false,,11,0,same_motion_supported,true
ASSOC_000370_RT_D1_0006,370,RT_D1_0006,D1OBS_000370_0012,1137.921769,943.586735,1137.340027,941.585278,1136.73064,940.072952,8.044673,0.323854,-1.191129,-3.513783,-36.827241,-14.507937,1.988397,10.001375,1.988397,4,356.890818,-285,false,,11,0,same_motion_supported,true
ASSOC_000370_RT_D1_0007,370,RT_D1_0007,D1OBS_000370_0016,1215.034642,975.687452,1193.981369,977.721426,1184.89309,954.818774,8.044673,0.323854,-30.141552,-20.868677,11.33521,0.237886,30.048748,43.672774,30.048748,8,18.831159,-532,false,,2,0,temporally_supported_response,false
ASSOC_000370_RT_D1_0008,370,RT_D1_0008,D1OBS_000370_0014,1182.579653,918.146402,1189.773739,928.320302,1199.149336,949.988938,8.044673,0.323854,16.569684,31.842536,25.591456,-4.591951,28.79267,32.651234,28.79267,13,293.939994,-1111,false,,7,0,same_motion_supported,true
ASSOC_000370_RT_D1_0009,370,RT_D1_0009,D1OBS_000370_0027,1236.148741,1009.905034,1246.181808,1003.064127,1243.916071,1010.475893,8.044673,0.323854,7.76733,0.570859,70.358191,55.895004,9.45164,0.37139,9.45164,3,32.875348,246,false,,8,0,same_motion_supported,true
ASSOC_000370_RT_D1_0011,370,RT_D1_0011,D1OBS_000370_0011,1135.965304,933.569703,1162.246999,929.912631,1137.969902,932.369293,8.044673,0.323854,2.004598,-1.200409,-35.587978,-22.211596,29.757413,6.229437,29.757413,3,23.498314,-271,false,,7,0,same_motion_supported,true
ASSOC_000370_RT_D1_0012,370,RT_D1_0012,D1OBS_000370_0013,1137.210021,947.378174,1148.417563,935.527954,1135.877502,945.114395,8.044673,0.323854,-1.332518,-2.26378,-37.680378,-9.466494,19.249488,9.72767,19.249488,9,19.733664,641,false,,5,0,same_motion_supported,true
ASSOC_000370_RT_D1_0013,370,RT_D1_0013,D1OBS_000370_0009,1117.136719,919.813802,1144.878354,920.693209,1127.578469,919.133055,8.044673,0.323854,10.44175,-0.680747,-45.979412,-35.447833,21.183039,2.599076,21.183039,24,336.774946,1870,false,,2,0,temporally_supported_response,false
ASSOC_000370_RT_D1_0014,370,RT_D1_0014,D1OBS_000370_0017,1207.476005,955.922179,1216.839285,957.044718,1229.629851,960.340299,8.044673,0.323854,22.153846,4.41812,56.07197,5.75941,16.107694,14.691213,16.107694,19,6.713547,1473,false,,2,0,temporally_supported_response,false
ASSOC_000371_RT_D1_0001,371,RT_D1_0001,D1OBS_000371_0020,1222.584062,976.050534,1232.997602,969.959809,1235.195211,960.979994,7.270393,0.454772,12.611148,-15.070541,57.132226,5.476769,11.274162,16.418252,11.274162,29,9.345778,2270,false,,12,0,same_motion_supported,true
ASSOC_000371_RT_D1_0002,371,RT_D1_0002,D1OBS_000371_0016,1143.675272,968.025936,1154.367605,970.870257,1150.131337,968.387601,7.270393,0.454772,6.456066,0.361665,-27.931648,12.884377,5.987984,0.819632,5.987984,156,2.321792,-7514,false,,12,0,same_motion_supported,true
ASSOC_000371_RT_D1_0003,371,RT_D1_0003,D1OBS_000371_0026,1239.093878,969.382313,1244.987677,979.563771,1250.084576,996.698201,7.270393,0.454772,10.990698,27.315888,72.021591,41.194976,21.800534,27.117526,21.800534,43,206.143335,3155,false,,12,0,same_motion_supported,true
ASSOC_000371_RT_D1_0004,371,RT_D1_0004,D1OBS_000371_0012,1173.576058,921.767777,1175.123651,928.966411,1180.817673,921.046671,7.270393,0.454772,7.241615,-0.721106,2.754688,-34.456554,11.89535,1.17623,11.89535,7,328.782396,496,false,,12,0,same_motion_supported,true
ASSOC_000371_RT_D1_0005,371,RT_D1_0005,D1OBS_000371_0029,1244.319215,996.953857,1249.580983,998.487785,1248.124375,1008.362576,7.270393,0.454772,3.80516,11.40872,70.06139,52.859352,12.172736,11.488986,12.172736,16,92.983462,-1103,false,,12,0,same_motion_supported,true
ASSOC_000371_RT_D1_0006,371,RT_D1_0006,D1OBS_000371_0015,1136.73064,940.072952,1141.517404,942.758414,1140.024423,943.90095,7.270393,0.454772,3.293784,3.827998,-38.038562,-11.602275,2.292676,5.214602,2.292676,3,177.914782,-154,false,,12,0,same_motion_supported,true
ASSOC_000371_RT_D1_0007,371,RT_D1_0007,D1OBS_000371_0021,1184.89309,954.818774,1200.925496,977.680943,1212.0366,973.294766,7.270393,0.454772,27.14351,18.475991,33.973615,17.791541,14.567693,26.827321,14.567693,25,27.055047,1774,false,,3,0,same_motion_supported,true
ASSOC_000371_RT_D1_0008,371,RT_D1_0008,D1OBS_000371_0017,1199.149336,949.988938,1196.350144,932.990247,1205.78607,950.062687,7.270393,0.454772,6.636733,0.073749,27.723085,-5.440538,23.788457,0.739394,23.788457,0,8.25034,101,false,,8,0,same_motion_supported,true
ASSOC_000371_RT_D1_0009,371,RT_D1_0009,D1OBS_000371_0031,1243.916071,1010.475893,1253.217545,1008.836397,1264.745981,1030.930541,7.270393,0.454772,20.829909,20.454648,86.682996,75.427317,30.391459,24.163103,30.391459,556,255.557938,45656,false,,9,0,same_motion_supported,true
ASSOC_000371_RT_D1_0011,371,RT_D1_0011,D1OBS_000371_0013,1137.969902,932.369293,1161.894925,930.176104,1139.767777,927.174617,7.270393,0.454772,1.797875,-5.194676,-38.295208,-28.328607,27.231454,7.865412,27.231454,25,274.939373,-1846,false,,8,0,same_motion_supported,true
ASSOC_000371_RT_D1_0012,371,RT_D1_0012,D1OBS_000371_0014,1135.877502,945.114395,1150.479869,936.181855,1139.351562,934.958984,7.270393,0.454772,3.47406,-10.15541,-38.711423,-20.54424,13.652798,11.2689,13.652798,15,81.11343,-1074,false,,6,0,same_motion_supported,true
ASSOC_000371_RT_D1_0013,371,RT_D1_0013,D1OBS_000371_0011,1127.578469,919.133055,1146.713858,921.242988,1134.552347,919.545783,7.270393,0.454772,6.973878,0.412727,-43.510638,-35.957442,14.974839,0.299481,14.974839,4,351.218732,409,false,,3,0,same_motion_supported,true
ASSOC_000372_RT_D1_0001,372,RT_D1_0001,D1OBS_000372_0016,1235.195211,960.979994,1240.061923,970.814956,1241.58025,960.37482,7.152407,1.043672,6.385039,-0.605174,56.786236,1.724711,12.865812,1.818666,12.865812,8,4.756029,863,false,,13,0,same_motion_supported,true
ASSOC_000372_RT_D1_0002,372,RT_D1_0002,D1OBS_000372_0015,1150.131337,968.387601,1159.338908,972.910848,1151.322381,967.871068,7.152407,1.043672,1.191043,-0.516533,-33.471634,9.220959,11.547699,6.16215,11.547699,295,1.61037,34115,false,,13,0,same_motion_supported,true
ASSOC_000372_RT_D1_0004,372,RT_D1_0004,D1OBS_000372_0011,1180.817673,921.046671,1182.651724,930.279611,1186.2827,921.92616,7.152407,1.043672,5.465028,0.87949,1.488686,-36.723949,11.107884,1.695348,11.107884,9,22.67425,-659,false,,13,0,same_motion_supported,true
ASSOC_000372_RT_D1_0005,372,RT_D1_0005,D1OBS_000372_0024,1248.124375,1008.362576,1259.088981,1006.757479,1271.739615,1030.094723,7.152407,1.043672,23.61524,21.732147,86.945601,71.444614,32.372606,26.439324,32.372606,567,331.351105,48440,false,,13,0,same_motion_supported,true
ASSOC_000372_RT_D1_0006,372,RT_D1_0006,D1OBS_000372_0012,1140.024423,943.90095,1146.92441,945.52208,1140.892748,943.776302,7.152407,1.043672,0.868324,-0.124647,-43.901267,-14.873807,7.657593,6.391765,7.657593,3,176.594804,242,false,,13,0,same_motion_supported,true
ASSOC_000372_RT_D1_0007,372,RT_D1_0007,D1OBS_000372_0014,1212.0366,973.294766,1208.513727,975.244914,1212.418755,949.811641,7.152407,1.043672,0.382155,-23.483125,27.624741,-8.838468,31.379653,25.444057,31.379653,20,292.70472,-1304,false,,4,0,same_motion_supported,true
ASSOC_000372_RT_D1_0008,372,RT_D1_0008,D1OBS_000372_0010,1205.78607,950.062687,1203.879649,933.05316,1207.51715,919.003958,7.152407,1.043672,1.731081,-31.058729,22.723136,-39.646152,17.698122,32.556948,17.698122,3,257.115336,-247,false,,9,0,same_motion_supported,true
ASSOC_000372_RT_D1_0011,372,RT_D1_0011,D1OBS_000372_0009,1139.767777,927.174617,1163.544851,930.884774,1140.397601,919.777355,7.152407,1.043672,0.629824,-7.397262,-44.396413,-38.872754,31.310128,10.667401,31.310128,26,291.038856,2307,false,,9,0,same_motion_supported,true
ASSOC_000372_RT_D1_0012,372,RT_D1_0012,D1OBS_000372_0013,1139.351562,934.958984,1154.018985,940.80826,1139.478046,947.548299,7.152407,1.043672,0.126484,12.589314,-45.315968,-11.101811,19.545209,13.515379,19.545209,9,258.449212,798,false,,7,0,same_motion_supported,true
ASSOC_000373_RT_D1_0001,373,RT_D1_0001,D1OBS_000373_0013,1241.58025,960.37482,1245.538111,966.558307,1248.016411,960.075219,6.66673,0.195533,6.436161,-0.299601,58.290226,4.258641,8.464189,0.546187,8.464189,1,346.882013,-506,false,,14,0,same_motion_supported,true
ASSOC_000373_RT_D1_0002,373,RT_D1_0002,D1OBS_000373_0012,1151.322381,967.871068,1162.772649,969.688674,1155.946467,967.918194,6.66673,0.195533,4.624087,0.047125,-33.779718,12.101616,8.600057,2.048028,8.600057,131,0.217379,-34195,false,,14,0,same_motion_supported,true
ASSOC_000373_RT_D1_0005,373,RT_D1_0005,D1OBS_000373_0020,1271.739615,1030.094723,1267.276233,1005.987451,1282.104938,1015.38786,6.66673,0.195533,10.365323,-14.706863,92.378753,59.571283,21.41132,15.354511,21.41132,577,30.08001,-49269,false,,14,0,same_motion_supported,true
ASSOC_000373_RT_D1_0006,373,RT_D1_0006,D1OBS_000373_0011,1140.892748,943.776302,1150.341736,943.579005,1143.440774,947.635535,6.66673,0.195533,2.548027,3.859233,-46.285411,-8.181042,9.762094,5.512387,9.762094,0,2.196215,-101,false,,14,0,same_motion_supported,true
ASSOC_000373_RT_D1_0009,373,RT_D1_0009,D1OBS_000373_0022,1264.745981,1030.930541,1270.854904,1012.874141,1298.070513,1029.840812,6.66673,0.195533,33.324532,-1.089729,108.344327,74.024235,39.111133,26.688767,39.111133,533,325.264308,-43968,false,,1,0,temporally_supported_response,false
ASSOC_000374_RT_D1_0001,374,RT_D1_0001,D1OBS_000374_0015,1248.016411,960.075219,1255.684119,967.810011,1254.671928,960.482122,7.476426,0.778443,6.655517,0.406904,54.577547,1.805281,9.021298,0.901073,9.021298,27,345.372644,1602,false,,15,0,same_motion_supported,true
ASSOC_000374_RT_D1_0002,374,RT_D1_0002,D1OBS_000374_0014,1155.946467,967.918194,1170.541243,971.712148,1158.698611,967.900101,7.476426,0.778443,2.752144,-0.018093,-41.39577,9.223259,15.172008,4.790961,15.172008,23,0.190002,-6689,false,,15,0,same_motion_supported,true
ASSOC_000374_RT_D1_0003,374,RT_D1_0003,D1OBS_000374_0023,1250.084576,996.698201,1269.05171,988.642779,1278.311496,1015.545117,7.476426,0.778443,28.22692,18.846917,78.217114,56.868276,34.696771,27.514591,34.696771,41,299.034859,-3081,false,,1,0,temporally_supported_response,false
ASSOC_000374_RT_D1_0004,374,RT_D1_0004,D1OBS_000374_0011,1186.2827,921.92616,1198.4934,928.366818,1200.959361,919.531205,7.476426,0.778443,14.676661,-2.394956,0.86498,-39.145637,11.186925,7.868535,11.186925,2,318.691212,-259,false,,1,0,temporally_supported_response,false
ASSOC_000374_RT_D1_0006,374,RT_D1_0006,D1OBS_000374_0013,1143.440774,947.635535,1157.607878,946.556704,1143.476301,947.091686,7.476426,0.778443,0.035527,-0.543849,-56.61808,-11.585155,17.245975,7.557475,17.245975,6,8.758728,409,false,,15,0,same_motion_supported,true
ASSOC_000374_RT_D1_0011,374,RT_D1_0011,D1OBS_000374_0012,1140.397601,919.777355,1172.380121,931.00152,1142.928013,931.411581,7.476426,0.778443,2.530412,11.634225,-57.166369,-27.265261,35.920686,11.92942,35.920686,21,335.609997,-2140,false,,1,0,temporally_supported_response,false
ASSOC_000375_RT_D1_0001,375,RT_D1_0001,D1OBS_000375_0017,1254.671928,960.482122,1258.922161,967.877623,1261.341057,960.814265,6.433128,0.962119,6.669129,0.332143,58.539611,0.519318,9.104954,0.672731,9.104954,8,2.461122,266,false,,16,0,same_motion_supported,true
ASSOC_000375_RT_D1_0002,375,RT_D1_0002,D1OBS_000375_0015,1158.698611,967.900101,1171.650569,972.367263,1164.371979,967.980309,6.433128,0.962119,5.673367,0.080209,-38.429468,7.685363,10.363934,1.164046,10.363934,122,0.281257,-17976,false,,16,0,same_motion_supported,true
ASSOC_000375_RT_D1_0003,375,RT_D1_0003,D1OBS_000375_0021,1278.311496,1015.545117,1272.302178,992.508342,1274.777685,1002.746761,6.433128,0.962119,-3.533811,-12.798356,71.976239,42.451815,12.845658,16.990896,12.845658,99,52.018286,6370,false,,2,0,temporally_supported_response,false
ASSOC_000375_RT_D1_0004,375,RT_D1_0004,D1OBS_000375_0011,1200.959361,919.531205,1202.440308,928.095383,1208.088481,919.487479,6.433128,0.962119,7.129119,-0.043726,5.287035,-40.807468,12.555521,1.223163,12.555521,1,271.351386,-90,false,,2,0,temporally_supported_response,false
ASSOC_000375_RT_D1_0005,375,RT_D1_0005,D1OBS_000375_0023,1282.104938,1015.38786,1282.792094,1010.691276,1293.910384,1011.71835,6.433128,0.962119,11.805446,-3.66951,91.108938,51.423403,13.61662,7.093221,13.61662,3,228.575171,-269,false,,1,0,temporally_supported_response,false
ASSOC_000375_RT_D1_0006,375,RT_D1_0006,D1OBS_000375_0016,1143.476301,947.091686,1158.106494,948.764295,1148.045781,951.449731,6.433128,0.962119,4.569479,4.358045,-54.755665,-8.845216,12.698718,3.873693,12.698718,1,7.706864,-173,false,,16,0,same_motion_supported,true
ASSOC_000375_RT_D1_0007,375,RT_D1_0007,D1OBS_000375_0019,1212.418755,949.811641,1219.389645,976.545465,1186.901639,974.977049,6.433128,0.962119,-25.517116,25.165408,-15.899807,14.682103,39.665662,40.082631,39.665662,6,281.788651,-627,false,,1,0,temporally_supported_response,false
ASSOC_000375_RT_D1_0008,375,RT_D1_0008,D1OBS_000375_0012,1207.51715,919.003958,1222.811263,931.935288,1227.021422,919.349614,6.433128,0.962119,19.504272,0.345657,24.219976,-40.945332,16.184385,13.085673,16.184385,9,280.766051,409,false,,1,0,temporally_supported_response,false
ASSOC_000375_RT_D1_0011,375,RT_D1_0011,D1OBS_000375_0013,1142.928013,931.411581,1172.610101,931.100152,1161.325603,924.178108,6.433128,0.962119,18.39759,-7.233473,-41.475843,-36.116839,16.14436,14.502279,16.14436,4,338.452601,-200,false,,2,0,temporally_supported_response,false
ASSOC_000375_RT_D1_0012,375,RT_D1_0012,D1OBS_000375_0014,1139.478046,947.548299,1166.87311,943.13447,1143.396934,946.238501,6.433128,0.962119,3.918887,-1.309798,-59.404513,-14.056446,28.878653,3.38866,28.878653,14,260.992764,-1235,false,,1,0,temporally_supported_response,false
ASSOC_000375_RT_D1_0014,375,RT_D1_0014,D1OBS_000375_0018,1229.629851,960.340299,1252.546866,962.1655,1281.994048,959.462798,6.433128,0.962119,52.364197,-0.877501,79.192601,-0.832149,36.062134,45.967894,36.062134,30,26.21329,-2343,false,,1,0,temporally_supported_response,false
ASSOC_000376_RT_D1_0001,376,RT_D1_0001,D1OBS_000376_0016,1261.341057,960.814265,1263.759308,965.661622,1266.61193,960.446338,5.947029,0.517335,5.270873,-0.367927,59.599522,1.222573,7.249345,1.113946,7.249345,14,7.965706,-1182,false,,17,0,same_motion_supported,true
ASSOC_000376_RT_D1_0002,376,RT_D1_0002,D1OBS_000376_0013,1164.371979,967.980309,1174.620917,970.708995,1168.969236,968.034493,5.947029,0.517335,4.597258,0.054184,-38.043171,8.810728,7.625069,1.427022,7.625069,141,0.327446,-18232,false,,17,0,same_motion_supported,true
ASSOC_000376_RT_D1_0003,376,RT_D1_0003,D1OBS_000376_0027,1274.777685,1002.746761,1277.414573,992.37251,1281.5211,996.633547,5.947029,0.517335,6.743416,-6.113214,74.508693,37.409782,7.216793,6.678204,7.216793,51,267.251536,-3435,false,,3,0,same_motion_supported,true
ASSOC_000376_RT_D1_0004,376,RT_D1_0004,D1OBS_000376_0010,1208.088481,919.487479,1211.398346,925.56816,1233.023918,918.93508,5.947029,0.517335,24.935437,-0.552399,26.01151,-40.288685,27.585331,19.018516,27.585331,5,34.07473,279,false,,3,0,same_motion_supported,true
ASSOC_000376_RT_D1_0005,376,RT_D1_0005,D1OBS_000376_0028,1293.910384,1011.71835,1285.567822,1009.324329,1279.029537,1007.976952,5.947029,0.517335,-14.880847,-3.741398,72.017129,48.753188,8.141064,21.258816,8.141064,62,255.185447,3766,false,,2,0,temporally_supported_response,false
ASSOC_000376_RT_D1_0006,376,RT_D1_0006,D1OBS_000376_0015,1148.045781,951.449731,1162.319132,949.279416,1162.326772,956.505906,5.947029,0.517335,14.280991,5.056175,-44.685636,-2.717859,8.812797,9.489783,8.812797,0,16.096256,-98,false,,17,0,same_motion_supported,true
ASSOC_000376_RT_D1_0007,376,RT_D1_0007,D1OBS_000376_0019,1186.901639,974.977049,1219.861558,975.533646,1202.828114,975.804079,5.947029,0.517335,15.926474,0.827029,-4.184294,16.580314,20.775111,9.984249,20.775111,12,11.920471,763,false,,2,0,temporally_supported_response,false
ASSOC_000376_RT_D1_0008,376,RT_D1_0008,D1OBS_000376_0014,1227.021422,919.349614,1231.354752,935.481704,1251.091823,956.517426,5.947029,0.517335,24.070401,37.167812,44.079415,-2.706338,35.177243,40.8866,35.177243,6,26.06936,325,false,,2,0,temporally_supported_response,false
ASSOC_000376_RT_D1_0009,376,RT_D1_0009,D1OBS_000376_0029,1298.070513,1029.840812,1289.001624,1018.546723,1292.921668,1028.866854,5.947029,0.517335,-5.148845,-0.973958,85.90926,69.643089,13.462876,11.195641,13.462876,546,321.4018,36014,false,,1,0,temporally_supported_response,false
ASSOC_000376_RT_D1_0011,376,RT_D1_0011,D1OBS_000376_0011,1161.325603,924.178108,1175.272799,928.949582,1168.219598,924.032371,5.947029,0.517335,6.893995,-0.145737,-38.79281,-35.191394,10.485437,1.156031,10.485437,1,174.332341,65,false,,3,0,same_motion_supported,true
ASSOC_000376_RT_D1_0014,376,RT_D1_0014,D1OBS_000376_0017,1281.994048,959.462798,1261.007394,962.176006,1280.36653,967.103696,5.947029,0.517335,-1.627518,7.640898,73.354122,7.879931,24.361515,10.398025,24.361515,6,27.689897,302,false,,2,0,temporally_supported_response,false
ASSOC_000377_RT_D1_0001,377,RT_D1_0001,D1OBS_000377_0019,1266.61193,960.446338,1272.638162,966.874988,1273.774378,960.619747,6.533807,0.969957,7.162448,0.173409,58.132529,-1.190484,7.753165,1.014731,7.753165,10,11.835288,560,false,,18,0,same_motion_supported,true
ASSOC_000377_RT_D1_0002,377,RT_D1_0002,D1OBS_000377_0015,1168.969236,968.034493,1182.59835,972.028968,1179.62809,966.259386,6.533807,0.969957,10.658854,-1.775107,-36.013759,4.449154,7.913735,4.954936,7.913735,97,0.087894,-18186,false,,18,0,same_motion_supported,true
ASSOC_000377_RT_D1_0003,377,RT_D1_0003,D1OBS_000377_0022,1281.5211,996.633547,1286.453688,995.375703,1288.31998,997.274124,6.533807,0.969957,6.798879,0.640577,72.678131,35.463893,3.246526,0.422794,3.246526,8,8.042652,225,false,,4,0,same_motion_supported,true
ASSOC_000377_RT_D1_0004,377,RT_D1_0004,D1OBS_000377_0009,1233.023918,918.93508,1223.376316,926.543751,1238.630724,919.205318,6.533807,0.969957,5.606806,0.270238,22.988875,-42.604914,20.643628,1.161438,20.643628,2,53.457792,-201,false,,4,0,same_motion_supported,true
ASSOC_000377_RT_D1_0005,377,RT_D1_0005,D1OBS_000377_0023,1279.029537,1007.976952,1292.610753,1011.301053,1285.38332,1008.523336,6.533807,0.969957,6.353783,0.546384,69.741471,46.713105,9.442483,0.460243,9.442483,11,2.676351,-848,false,,3,0,same_motion_supported,true
ASSOC_000377_RT_D1_0006,377,RT_D1_0006,D1OBS_000377_0017,1162.326772,956.505906,1170.418719,952.728062,1168.004935,956.655768,6.533807,0.969957,5.678164,0.149863,-47.636914,-5.154463,5.6221,1.185192,5.6221,11,331.048618,605,false,,18,0,same_motion_supported,true
ASSOC_000377_RT_D1_0008,377,RT_D1_0008,D1OBS_000377_0014,1251.091823,956.517426,1245.799857,938.995977,1272.293436,943.222651,6.533807,0.969957,21.201613,-13.294775,56.651588,-18.58758,32.717822,20.46038,32.717822,10,264.351946,-715,false,,3,0,same_motion_supported,true
ASSOC_000377_RT_D1_0009,377,RT_D1_0009,D1OBS_000377_0024,1292.921668,1028.866854,1297.597022,1022.523014,1297.441938,1028.854435,6.533807,0.969957,4.52027,-0.012419,81.800089,67.044203,7.723561,2.2404,7.723561,27,3.230739,-3532,false,,2,0,temporally_supported_response,false
ASSOC_000377_RT_D1_0011,377,RT_D1_0011,D1OBS_000377_0011,1168.219598,924.032371,1183.859076,930.35956,1183.662441,925,6.533807,0.969957,15.442843,0.967629,-31.979408,-36.810232,6.540446,8.909037,6.540446,6,155.15705,-512,false,,4,0,same_motion_supported,true
ASSOC_000377_RT_D1_0012,377,RT_D1_0012,D1OBS_000377_0010,1143.396934,946.238501,1178.662878,940.975322,1173.876655,924.236237,6.533807,0.969957,30.479721,-22.002264,-41.765194,-37.573995,21.231595,33.183276,21.231595,14,96.65564,848,false,,1,0,temporally_supported_response,false
ASSOC_000377_RT_D1_0013,377,RT_D1_0013,D1OBS_000377_0016,1134.552347,919.545783,1179.940226,932.686529,1160.11219,956.0863,6.533807,0.969957,25.559843,36.540517,-55.529659,-5.723932,37.403461,40.339246,37.403461,22,350.029497,-2120,false,,1,0,temporally_supported_response,false
ASSOC_000377_RT_D1_0014,377,RT_D1_0014,D1OBS_000377_0012,1280.36653,967.103696,1271.616162,958.883681,1280.633094,932.102518,6.533807,0.969957,0.266564,-35.001178,64.991245,-29.707714,34.461433,36.513024,34.461433,7,245.225099,-418,false,,3,0,same_motion_supported,true
ASSOC_000378_RT_D1_0001,378,RT_D1_0001,D1OBS_000378_0016,1273.774378,960.619747,1280.35016,964.775033,1280.440742,960.970758,6.787186,0.481089,6.666364,0.351011,57.10678,0.425396,4.640675,0.177534,4.640675,31,344.063722,2211,false,,19,0,same_motion_supported,true
ASSOC_000378_RT_D1_0002,378,RT_D1_0002,D1OBS_000378_0015,1179.62809,966.259386,1189.029183,969.908066,1183.283351,966.008364,6.787186,0.481089,3.655261,-0.251022,-40.050612,5.463002,8.468568,3.216356,8.468568,111,0.781768,16542,false,,19,0,same_motion_supported,true
ASSOC_000378_RT_D1_0003,378,RT_D1_0003,D1OBS_000378_0022,1288.31998,997.274124,1294.437658,994.703331,1295.767227,997.402484,6.787186,0.481089,7.447247,0.128359,72.433264,36.857122,3.66933,0.748397,3.66933,2,6.961099,138,false,,5,0,same_motion_supported,true
ASSOC_000378_RT_D1_0004,378,RT_D1_0004,D1OBS_000378_0012,1238.630724,919.205318,1233.682425,924.197435,1245.590627,919.270848,6.787186,0.481089,6.959903,0.06553,22.256665,-41.274514,15.715938,0.450022,15.715938,13,22.04138,774,false,,5,0,same_motion_supported,true
ASSOC_000378_RT_D1_0005,378,RT_D1_0005,D1OBS_000378_0024,1285.38332,1008.523336,1299.047532,1009.87289,1293.328782,1009.128997,6.787186,0.481089,7.945462,0.605661,69.994819,48.583636,7.032841,1.164956,7.032841,18,207.646554,-838,false,,4,0,same_motion_supported,true
ASSOC_000378_RT_D1_0006,378,RT_D1_0006,D1OBS_000378_0018,1168.004935,956.655768,1177.28323,952.430774,1173.513043,956.838647,6.787186,0.481089,5.508108,0.182879,-49.820919,-3.706714,7.073555,1.313381,7.073555,12,99.618758,-586,false,,19,0,same_motion_supported,true
ASSOC_000378_RT_D1_0007,378,RT_D1_0007,D1OBS_000378_0019,1202.828114,975.804079,1231.979011,973.227424,1212.82699,956.700692,6.787186,0.481089,9.998876,-19.103387,-10.506973,-3.84467,30.849869,19.846073,30.849869,12,246.705166,-795,false,,1,0,temporally_supported_response,false
ASSOC_000378_RT_D1_0008,378,RT_D1_0008,D1OBS_000378_0014,1272.293436,943.222651,1258.768833,938.992273,1282.807873,944.737582,6.787186,0.481089,10.514436,1.514931,59.47391,-15.80778,30.141546,3.867974,30.141546,4,272.012356,290,false,,4,0,same_motion_supported,true
ASSOC_000378_RT_D1_0009,378,RT_D1_0009,D1OBS_000378_0023,1297.441938,1028.854435,1301.806864,1018.684519,1285.943182,1006.960227,6.787186,0.481089,-11.498756,-21.894207,62.609219,46.414866,24.056108,28.896879,24.056108,543,220.981243,-34410,false,,3,0,same_motion_supported,true
ASSOC_000378_RT_D1_0011,378,RT_D1_0011,D1OBS_000378_0013,1183.662441,925,1189.474703,928.225568,1180.015152,924.266234,6.787186,0.481089,-3.647289,-0.733766,-43.318811,-36.279128,12.505765,10.504958,12.505765,3,155.15705,293,false,,5,0,same_motion_supported,true
ASSOC_000378_RT_D1_0012,378,RT_D1_0012,D1OBS_000378_0017,1173.876655,924.236237,1182.630183,942.80312,1165.661611,956.891943,6.787186,0.481089,-8.215044,32.655706,-57.672351,-3.653419,26.896461,35.500323,26.896461,7,37.663175,-380,false,,2,0,temporally_supported_response,false
ASSOC_000379_RT_D1_0001,379,RT_D1_0001,D1OBS_000379_0016,1280.440742,960.970758,1284.837082,963.298226,1287.954219,960.82699,6.134324,0.171464,7.513476,-0.143768,60.817583,1.215969,4.851076,1.41472,4.851076,9,341.597997,401,false,,20,0,same_motion_supported,true
ASSOC_000379_RT_D1_0002,379,RT_D1_0002,D1OBS_000379_0013,1183.283351,966.008364,1192.63339,968.533055,1191.729265,966.525558,6.134324,0.171464,8.445915,0.517194,-35.40737,6.914537,2.685001,2.337302,2.685001,174,0.781723,-13886,false,,20,0,same_motion_supported,true
ASSOC_000379_RT_D1_0003,379,RT_D1_0003,D1OBS_000379_0021,1295.767227,997.402484,1296.83773,995.682631,1290.448105,1004.400329,6.134324,0.171464,-5.319121,6.997846,63.31147,44.789309,13.181205,13.333451,13.181205,56,267.490916,-3500,false,,6,0,same_motion_supported,true
ASSOC_000379_RT_D1_0004,379,RT_D1_0004,D1OBS_000379_0010,1245.590627,919.270848,1240.118656,922.18635,1252.115974,917.281182,6.134324,0.171464,6.525347,-1.989666,24.979338,-42.329839,15.806511,2.196219,15.806511,10,48.050584,-537,false,,6,0,same_motion_supported,true
ASSOC_000379_RT_D1_0006,379,RT_D1_0006,D1OBS_000379_0015,1173.513043,956.838647,1179.512903,952.354555,1172.347011,956.263775,6.134324,0.171464,-1.166033,-0.574872,-54.789625,-3.347246,9.954687,7.338408,9.954687,3,9.036441,-182,false,,20,0,same_motion_supported,true
ASSOC_000379_RT_D1_0008,379,RT_D1_0008,D1OBS_000379_0011,1282.807873,944.737582,1266.590247,938.949752,1284.897843,943.012486,6.134324,0.171464,2.089971,-1.725096,57.761208,-16.598535,22.869476,4.46696,22.869476,3,34.140415,-186,false,,5,0,same_motion_supported,true
ASSOC_000379_RT_D1_0011,379,RT_D1_0011,D1OBS_000379_0017,1180.015152,924.266234,1188.104687,932.804132,1164.540217,957.918478,6.134324,0.171464,-15.474934,33.652244,-62.596418,-1.692543,41.998247,39.848748,41.998247,1,179.677221,-4,false,,6,0,same_motion_supported,true
ASSOC_000379_RT_D1_0012,379,RT_D1_0012,D1OBS_000379_0012,1165.661611,956.891943,1180.660286,942.665071,1154.36302,946.292621,6.134324,0.171464,-11.298592,-10.599322,-72.773616,-13.3184,32.37352,20.491862,32.37352,4,36.07663,124,false,,3,0,same_motion_supported,true
ASSOC_000379_RT_D1_0013,379,RT_D1_0013,D1OBS_000379_0014,1160.11219,956.0863,1184.81131,934.325024,1154.636663,951.807903,6.134324,0.171464,-5.475527,-4.278396,-72.499972,-7.803117,42.528648,12.433418,42.528648,1,4.607823,-16,false,,1,0,temporally_supported_response,false
ASSOC_000380_RT_D1_0001,380,RT_D1_0001,D1OBS_000380_0015,1287.954219,960.82699,1287.159632,966.627695,1293.19903,960.500741,5.010497,1.156483,5.244811,-0.326248,65.065566,-3.784691,10.491626,1.501132,10.491626,7,3.743931,-93,false,,21,0,same_motion_supported,true
ASSOC_000380_RT_D1_0002,380,RT_D1_0002,D1OBS_000380_0012,1191.729265,966.525558,1194.182608,971.969266,1196.69905,966.328577,5.010497,1.156483,4.969784,-0.19698,-31.434414,2.043146,7.532386,1.354076,7.532386,73,0.703963,10704,false,,21,0,same_motion_supported,true
ASSOC_000380_RT_D1_0003,380,RT_D1_0003,D1OBS_000380_0021,1290.448105,1004.400329,1299.204495,1001.443273,1305.445318,1006.391661,5.010497,1.156483,14.997212,1.991331,77.311855,42.106229,9.712893,10.02155,9.712893,35,2.153451,2319,false,,7,0,same_motion_supported,true
ASSOC_000380_RT_D1_0004,380,RT_D1_0004,D1OBS_000380_0008,1252.115974,917.281182,1239.831623,925.23619,1233.982927,917.835366,5.010497,1.156483,-18.133047,0.554184,5.849464,-46.450066,11.503526,23.15138,11.503526,2,41.990877,-94,false,,7,0,same_motion_supported,true
ASSOC_000380_RT_D1_0005,380,RT_D1_0005,D1OBS_000380_0022,1293.328782,1009.128997,1303.074094,1013.490207,1299.55293,1012.931002,5.010497,1.156483,6.224148,3.802004,71.419467,48.64557,4.347917,2.910624,4.347917,27,43.242085,-1725,false,,1,0,temporally_supported_response,false
ASSOC_000380_RT_D1_0006,380,RT_D1_0006,D1OBS_000380_0011,1172.347011,956.263775,1176.977049,954.925416,1160.883721,945.342576,5.010497,1.156483,-11.46329,-10.921199,-67.249742,-18.942856,22.84189,20.426846,22.84189,5,24.897343,265,false,,21,0,same_motion_supported,true
ASSOC_000380_RT_D1_0007,380,RT_D1_0007,D1OBS_000380_0014,1212.82699,956.700692,1236.777635,973.406083,1236.773641,957.181878,5.010497,1.156483,23.946651,0.481186,8.640178,-7.103554,19.785616,18.948192,19.785616,39,104.561331,2457,false,,1,0,temporally_supported_response,false
ASSOC_000380_RT_D1_0008,380,RT_D1_0008,D1OBS_000380_0013,1284.897843,943.012486,1264.489769,944.509024,1250.379822,948.540059,5.010497,1.156483,-34.518021,5.527574,22.246359,-15.745372,17.895686,39.769463,17.895686,5,317.31093,-207,false,,6,0,same_motion_supported,true
ASSOC_000380_RT_D1_0009,380,RT_D1_0009,D1OBS_000380_0024,1285.943182,1006.960227,1304.998124,1022.606654,1297.671695,1023.436063,5.010497,1.156483,11.728514,16.475836,69.538232,59.150632,8.991741,16.727651,8.991741,9,57.361433,512,false,,1,0,temporally_supported_response,false
ASSOC_000380_RT_D1_0011,380,RT_D1_0011,D1OBS_000380_0009,1164.540217,957.918478,1187.285347,934.719377,1179.01169,922.149841,5.010497,1.156483,14.471472,-35.768638,-49.121774,-42.135591,18.351395,38.117904,18.351395,0,14.061045,21,false,,7,0,same_motion_supported,true
ASSOC_000380_RT_D1_0014,380,RT_D1_0014,D1OBS_000380_0017,1280.633094,932.102518,1288.840997,962.870834,1310.403448,969.758621,5.010497,1.156483,29.770355,37.656103,82.269985,5.473189,27.604673,44.105247,27.604673,0,262.127973,24,false,,1,0,temporally_supported_response,false
ASSOC_000381_RT_D1_0001,381,RT_D1_0001,D1OBS_000381_0021,1293.19903,960.500741,1292.585527,963.973144,1300.986298,960.932952,4.697974,0.468804,7.787268,0.432211,69.271011,-1.365288,10.895079,3.08951,10.895079,6,3.105941,96,false,,22,0,same_motion_supported,true
ASSOC_000381_RT_D1_0002,381,RT_D1_0002,D1OBS_000381_0019,1196.69905,966.328577,1198.963586,969.334721,1204.426405,966.385665,4.697974,0.468804,7.727355,0.057088,-27.288882,4.087425,7.570737,3.05723,7.570737,18,0.294815,1963,false,,22,0,same_motion_supported,true
ASSOC_000381_RT_D1_0003,381,RT_D1_0003,D1OBS_000381_0023,1305.445318,1006.391661,1304.629562,999.687069,1313.026561,1000.739346,4.697974,0.468804,7.581243,-5.652315,81.311275,38.441106,10.320336,6.766191,10.320336,84,6.299595,5545,false,,8,0,same_motion_supported,true
ASSOC_000381_RT_D1_0004,381,RT_D1_0004,D1OBS_000381_0010,1233.982927,917.835366,1242.83419,922.229178,1240.195355,917.583333,4.697974,0.468804,6.212428,-0.252033,8.480069,-44.714907,6.515817,1.677253,6.515817,2,346.364748,-88,false,,8,0,same_motion_supported,true
ASSOC_000381_RT_D1_0006,381,RT_D1_0006,D1OBS_000381_0012,1160.883721,945.342576,1181.251902,947.27624,1184.409037,921.482759,4.697974,0.468804,23.525316,-23.859817,-47.30625,-40.815481,31.69022,30.762812,31.69022,6,25.544491,-277,false,,22,0,same_motion_supported,true
ASSOC_000381_RT_D1_0008,381,RT_D1_0008,D1OBS_000381_0018,1250.379822,948.540059,1270.772003,943.709572,1283.073871,949.120383,4.697974,0.468804,32.694049,0.580324,51.358585,-13.177857,16.389303,27.996297,16.389303,1,263.509922,57,false,,7,0,same_motion_supported,true
ASSOC_000381_RT_D1_0011,381,RT_D1_0011,D1OBS_000381_0014,1179.01169,922.149841,1190.968681,930.967264,1191.431118,922.927066,4.697974,0.468804,12.419429,0.777226,-40.284168,-39.371174,9.821323,7.727611,9.821323,6,14.123615,-324,false,,8,0,same_motion_supported,true
ASSOC_000381_RT_D1_0012,381,RT_D1_0012,D1OBS_000381_0016,1154.36302,946.292621,1178.05956,942.938231,1145.353508,931.940853,4.697974,0.468804,-9.009512,-14.351768,-86.361779,-30.357387,42.079854,20.187733,42.079854,9,58.581032,-452,false,,1,0,temporally_supported_response,false
ASSOC_000381_RT_D1_0014,381,RT_D1_0014,D1OBS_000381_0020,1310.403448,969.758621,1292.29544,959.527205,1291.715152,953.347879,4.697974,0.468804,-18.688297,-16.410742,59.999865,-8.950361,7.568919,28.841581,7.568919,4,260.096721,245,false,,2,0,temporally_supported_response,false
ASSOC_000382_RT_D1_0001,382,RT_D1_0001,D1OBS_000382_0028,1300.986298,960.932952,1297.121673,958.589275,1295.519608,953.073529,4.739503,-0.546611,-5.46669,-7.859423,58.916502,-5.051614,7.004509,12.55562,7.004509,99,323.376335,-6905,false,,23,0,same_motion_supported,true
ASSOC_000382_RT_D1_0002,382,RT_D1_0002,D1OBS_000382_0026,1204.426405,966.385665,1205.140291,965.405569,1211.011878,966.516873,4.739503,-0.546611,6.585473,0.131207,-25.591228,8.391729,7.287596,1.96648,7.287596,28,0.136656,-3602,false,,23,0,same_motion_supported,true
ASSOC_000382_RT_D1_0003,382,RT_D1_0003,D1OBS_000382_0032,1313.026561,1000.739346,1311.561626,996.605762,1320.874293,1001.579468,4.739503,-0.546611,7.847732,0.840122,84.271187,43.454324,12.875157,3.403545,12.875157,21,0.24952,-1399,false,,9,0,same_motion_supported,true
ASSOC_000382_RT_D1_0004,382,RT_D1_0004,D1OBS_000382_0016,1240.195355,917.583333,1248.573972,918.338689,1252.455135,919.626122,4.739503,-0.546611,12.259779,2.042788,15.852029,-38.499022,4.986732,7.953587,4.986732,21,351.81109,1274,false,,9,0,same_motion_supported,true
ASSOC_000382_RT_D1_0006,382,RT_D1_0006,D1OBS_000382_0023,1184.409037,921.482759,1183.609844,943.520942,1172.084848,945.424242,4.739503,-0.546611,-12.324188,23.941484,-64.518258,-12.700901,14.245243,29.846882,14.245243,2,57.505524,-181,false,,23,0,same_motion_supported,true
ASSOC_000382_RT_D1_0007,382,RT_D1_0007,D1OBS_000382_0024,1236.773641,957.181878,1252.075516,963.649165,1283.181935,947.264516,4.739503,-0.546611,46.408295,-9.917362,46.578829,-10.860628,42.875282,42.709474,42.875282,37,7.085131,-2260,false,,1,0,temporally_supported_response,false
ASSOC_000382_RT_D1_0008,382,RT_D1_0008,D1OBS_000382_0027,1283.073871,949.120383,1278.043401,941.264797,1288.901929,949.138264,4.739503,-0.546611,5.828058,0.017881,52.298823,-8.98688,16.356887,1.226215,16.356887,2,0.715596,-109,false,,8,0,same_motion_supported,true
ASSOC_000382_RT_D1_0011,382,RT_D1_0011,D1OBS_000382_0019,1191.431118,922.927066,1196.532278,926.176025,1199.610822,923.360042,4.739503,-0.546611,8.179704,0.432975,-36.992284,-34.765102,5.08804,3.57695,5.08804,5,13.980137,344,false,,9,0,same_motion_supported,true
ASSOC_000382_RT_D1_0012,382,RT_D1_0012,D1OBS_000382_0017,1145.353508,931.940853,1184.360984,935.733544,1190.800741,921.922963,4.739503,-0.546611,45.447233,-10.01789,-45.802365,-36.202181,18.583166,41.795028,18.583166,9,339.443842,623,false,,2,0,temporally_supported_response,false
ASSOC_000382_RT_D1_0013,382,RT_D1_0013,D1OBS_000382_0020,1154.636663,951.807903,1187.046462,932.586684,1154.103789,931.436573,4.739503,-0.546611,-0.532874,-20.37133,-82.499317,-26.688571,40.198468,20.513835,40.198468,6,73.783266,-304,false,,1,0,temporally_supported_response,false
ASSOC_000382_RT_D1_0014,382,RT_D1_0014,D1OBS_000382_0029,1291.715152,953.347879,1299.071322,956.416565,1307.672496,961.256643,4.739503,-0.546611,15.957345,7.908764,71.06939,3.131499,12.035946,14.047539,12.035946,119,6.38497,7981,false,,3,0,same_motion_supported,true
ASSOC_000382_RT_D1_0015,382,RT_D1_0015,D1OBS_000382_0030,1191.266267,974.696062,1217.264407,973.994009,1200.898305,975.800598,4.739503,-0.546611,9.632038,1.104537,-35.704801,17.675454,20.079891,5.163641,20.079891,2,300.399903,-165,false,,1,0,temporally_supported_response,false
ASSOC_000383_RT_D1_0001,383,RT_D1_0001,D1OBS_000383_0022,1295.519608,953.073529,1305.116918,957.687305,1314.501104,961.24454,5.001084,-0.795158,18.981496,8.17101,71.962697,4.802223,12.238756,16.608556,12.238756,114,310.706993,7538,false,,24,0,same_motion_supported,true
ASSOC_000383_RT_D1_0002,383,RT_D1_0002,D1OBS_000383_0021,1211.011878,966.516873,1212.090256,964.312095,1216.71261,966.996921,5.001084,-0.795158,5.700732,0.480049,-25.825798,10.554604,6.518912,1.454531,6.518912,134,0.164272,-12902,false,,24,0,same_motion_supported,true
ASSOC_000383_RT_D1_0003,383,RT_D1_0003,D1OBS_000383_0023,1320.874293,1001.579468,1319.266883,995.507151,1327.330017,998.168575,5.001084,-0.795158,6.455724,-3.410893,84.791609,41.726258,10.354894,2.992999,10.354894,23,13.169933,-1745,false,,10,0,same_motion_supported,true
ASSOC_000383_RT_D1_0004,383,RT_D1_0004,D1OBS_000383_0013,1252.455135,919.626122,1255.083083,917.059968,1257.697105,918.900891,5.001084,-0.795158,5.24197,-0.725231,15.158697,-37.541426,3.899028,0.250831,3.899028,18,47.421224,-1108,false,,10,0,same_motion_supported,true
ASSOC_000383_RT_D1_0005,383,RT_D1_0005,D1OBS_000383_0024,1299.55293,1012.931002,1318.917296,1006.419584,1325.469356,1009.938712,5.001084,-0.795158,25.916426,-2.99229,82.930948,53.496395,9.069905,21.030428,9.069905,3,261.554784,231,false,,1,0,temporally_supported_response,false
ASSOC_000383_RT_D1_0006,383,RT_D1_0006,D1OBS_000383_0014,1172.084848,945.424242,1190.91537,938.289587,1197.157504,922.124071,5.001084,-0.795158,25.072655,-23.300171,-45.380904,-34.318246,21.132712,30.155324,21.132712,11,106.39761,686,false,,24,0,same_motion_supported,true
ASSOC_000383_RT_D1_0008,383,RT_D1_0008,D1OBS_000383_0015,1288.901929,949.138264,1283.349458,936.444453,1280.482895,922.151316,5.001084,-0.795158,-8.419035,-26.986948,37.944487,-34.291001,17.77775,29.429737,17.77775,3,272.843286,138,false,,9,0,same_motion_supported,true
ASSOC_000383_RT_D1_0009,383,RT_D1_0009,D1OBS_000383_0026,1297.671695,1023.436063,1322.170281,1015.163682,1334.776471,1016.986555,5.001084,-0.795158,37.104775,-6.449509,92.238063,60.544238,15.533296,32.597832,15.533296,14,116.036371,-797,false,,1,0,temporally_supported_response,false
ASSOC_000383_RT_D1_0011,383,RT_D1_0011,D1OBS_000383_0016,1199.610822,923.360042,1203.003902,924.254263,1205.447148,923.165779,5.001084,-0.795158,5.836326,-0.194262,-37.091259,-33.276538,3.261881,1.028934,3.261881,5,2.936566,354,false,,10,0,same_motion_supported,true
ASSOC_000383_RT_D1_0012,383,RT_D1_0012,D1OBS_000383_0018,1190.800741,921.922963,1184.78727,933.72156,1159.690642,932.222067,5.001084,-0.795158,-31.110098,10.299104,-82.847765,-24.22025,30.660225,37.776979,30.660225,3,323.546793,82,false,,3,0,same_motion_supported,true
ASSOC_000383_RT_D1_0013,383,RT_D1_0013,D1OBS_000383_0020,1154.103789,931.436573,1185.868654,933.774087,1153.464485,946.849582,5.001084,-0.795158,-0.639304,15.413009,-89.073923,-9.592735,42.613161,17.161546,42.613161,13,25.99349,829,false,,2,0,temporally_supported_response,false
ASSOC_000383_RT_D1_0014,383,RT_D1_0014,D1OBS_000383_0019,1307.672496,961.256643,1308.553232,950.995005,1324.71,933.963,5.001084,-0.795158,17.037504,-27.293643,82.171592,-22.479317,28.629471,29.104039,28.629471,116,279.305699,-7806,false,,4,0,same_motion_supported,true
ASSOC_000383_RT_D1_0016,383,RT_D1_0016,D1OBS_000383_0017,1219.202069,924.586258,1224.857798,923.315248,1223.58419,925.191304,5.001084,-0.795158,4.382121,0.605046,-18.954218,-31.251013,2.765273,1.530911,2.765273,23,344.166928,-1442,false,,2,0,temporally_supported_response,false
ASSOC_000384_RT_D1_0001,384,RT_D1_0001,D1OBS_000384_0032,1314.501104,961.24454,1312.550854,956.467599,1321.514888,960.262025,5.102833,-1.07023,7.013783,-0.982515,73.510259,5.872336,11.870783,1.912963,11.870783,19,12.903534,-1601,false,,25,0,same_motion_supported,true
ASSOC_000384_RT_D1_0002,384,RT_D1_0002,D1OBS_000384_0029,1216.71261,966.996921,1219.348978,962.961174,1227.514817,966.157843,5.102833,-1.07023,10.802207,-0.839079,-20.489812,11.768154,10.694199,5.70406,10.694199,53,0.320969,-8509,false,,25,0,same_motion_supported,true
ASSOC_000384_RT_D1_0003,384,RT_D1_0003,D1OBS_000384_0038,1327.330017,998.168575,1326.358666,994.177279,1333.764003,997.469839,5.102833,-1.07023,6.433986,-0.698736,85.759374,43.080151,9.883315,1.382019,9.883315,1,49.528218,-221,false,,11,0,same_motion_supported,true
ASSOC_000384_RT_D1_0004,384,RT_D1_0004,D1OBS_000384_0017,1257.697105,918.900891,1261.065638,915.57382,1263.417822,918.154455,5.102833,-1.07023,5.720717,-0.746435,15.413193,-36.235233,4.258255,0.697584,4.258255,11,43.184163,617,false,,11,0,same_motion_supported,true
ASSOC_000384_RT_D1_0005,384,RT_D1_0005,D1OBS_000384_0037,1325.469356,1009.938712,1327.033431,1002.227028,1339.105263,992.478469,5.102833,-1.07023,13.635907,-17.460243,91.100634,38.088781,18.92263,18.478254,18.92263,10,230.042846,-662,false,,2,0,temporally_supported_response,false
ASSOC_000384_RT_D1_0006,384,RT_D1_0006,D1OBS_000384_0028,1197.157504,922.124071,1196.630692,937.948377,1197.765487,945.744838,5.102833,-1.07023,0.607983,23.620766,-50.239142,-8.64485,9.608066,25.096792,9.608066,10,355.7755,-668,false,,25,0,same_motion_supported,true
ASSOC_000384_RT_D1_0007,384,RT_D1_0007,D1OBS_000384_0035,1283.181935,947.264516,1263.558914,959.492272,1263.931902,957.572393,5.102833,-1.07023,-19.250034,10.307877,15.927273,3.182704,2.385092,26.879796,2.385092,15,23.542598,855,false,,1,0,temporally_supported_response,false
ASSOC_000384_RT_D1_0008,384,RT_D1_0008,D1OBS_000384_0026,1280.482895,922.151316,1291.256725,936.086869,1302.377049,943.808743,5.102833,-1.07023,21.894154,21.657427,54.37242,-10.580945,16.510274,28.257652,16.510274,3,302.570668,-211,false,,10,0,same_motion_supported,true
ASSOC_000384_RT_D1_0009,384,RT_D1_0009,D1OBS_000384_0040,1334.776471,1016.986555,1331.982932,1013.220295,1351.783333,1013.717949,5.102833,-1.07023,17.006863,-3.268606,103.778704,59.32826,24.154457,12.105321,24.154457,4,62.774484,185,false,,2,0,temporally_supported_response,false
ASSOC_000384_RT_D1_0011,384,RT_D1_0011,D1OBS_000384_0019,1205.447148,923.165779,1208.363767,922.28455,1207.879254,922.662276,5.102833,-1.07023,2.432105,-0.503504,-40.125375,-31.727412,0.749211,2.730195,0.749211,24,4.609499,1418,false,,11,0,same_motion_supported,true
ASSOC_000384_RT_D1_0012,384,RT_D1_0012,D1OBS_000384_0018,1159.690642,932.222067,1188.193054,929.862043,1178.80662,921.630662,5.102833,-1.07023,19.115978,-10.591405,-69.198009,-32.759026,15.224904,16.941694,15.224904,14,23.79499,-858,false,,4,0,same_motion_supported,true
ASSOC_000384_RT_D1_0013,384,RT_D1_0013,D1OBS_000384_0016,1153.464485,946.849582,1189.136529,928.907008,1179.121844,916.08562,5.102833,-1.07023,25.657359,-30.763962,-68.882785,-38.304068,19.840301,36.113796,19.840301,7,99.470349,-525,false,,3,0,same_motion_supported,true
ASSOC_000384_RT_D1_0014,384,RT_D1_0014,D1OBS_000384_0024,1324.71,933.963,1314.662806,947.799604,1317.59364,942.59364,5.102833,-1.07023,-7.11636,8.63064,69.589011,-11.796049,7.28569,15.60178,7.28569,7,43.922383,-434,false,,5,0,same_motion_supported,true
ASSOC_000384_RT_D1_0015,384,RT_D1_0015,D1OBS_000384_0033,1200.898305,975.800598,1224.843724,967.465149,1207.431456,954.739639,5.102833,-1.07023,6.533151,-21.06096,-40.573173,0.34995,26.300943,20.041833,26.300943,0,296.837395,-62,false,,1,0,temporally_supported_response,false
ASSOC_000384_RT_D1_0016,384,RT_D1_0016,D1OBS_000384_0020,1223.58419,925.191304,1230.330233,921.989802,1230.358543,925.302521,5.102833,-1.07023,6.774354,0.111217,-17.646085,-29.087167,4.040049,2.0469,4.040049,8,14.28389,-551,false,,3,0,same_motion_supported,true
ASSOC_000385_RT_D1_0001,385,RT_D1_0001,D1OBS_000385_0023,1321.514888,960.262025,1321.251131,955.439917,1327.979308,960.348452,5.566698,-1.296622,6.46442,0.086428,72.75132,8.063929,10.156574,1.648858,10.156574,6,2.634758,-508,false,,26,0,same_motion_supported,true
ASSOC_000385_RT_D1_0002,385,RT_D1_0002,D1OBS_000385_0020,1227.514817,966.157843,1227.551334,961.774391,1232.011209,965.958132,5.566698,-1.296622,4.496392,-0.199711,-23.21678,13.673608,7.457411,1.53257,7.457411,44,0.229062,-126,false,,26,0,same_motion_supported,true
ASSOC_000385_RT_D1_0003,385,RT_D1_0003,D1OBS_000385_0024,1333.764003,997.469839,1334.820956,992.839744,1340.464972,996.336723,5.566698,-1.296622,6.700969,-1.133116,85.236983,44.0522,8.097026,1.145995,8.097026,23,226.31749,-1566,false,,12,0,same_motion_supported,true
ASSOC_000385_RT_D1_0004,385,RT_D1_0004,D1OBS_000385_0012,1263.417822,918.154455,1268.659759,914.339987,1270.348783,918.309386,5.566698,-1.296622,6.930962,0.15493,15.120795,-33.975138,5.260741,1.992039,5.260741,12,72.587353,-652,false,,12,0,same_motion_supported,true
ASSOC_000385_RT_D1_0006,385,RT_D1_0006,D1OBS_000385_0014,1197.765487,945.744838,1204.777577,933.37803,1208.984747,922.14776,5.566698,-1.296622,11.219261,-23.597078,-46.243241,-30.136764,14.62496,23.005691,14.62496,6,0.579611,371,false,,26,0,same_motion_supported,true
ASSOC_000385_RT_D1_0007,385,RT_D1_0007,D1OBS_000385_0021,1263.931902,957.572393,1276.945301,956.91011,1305.021314,954.737123,5.566698,-1.296622,41.089413,-2.83527,49.793326,2.452599,34.341438,35.556022,34.341438,17,303.031209,-1067,false,,2,0,temporally_supported_response,false
ASSOC_000385_RT_D1_0008,385,RT_D1_0008,D1OBS_000385_0015,1302.377049,943.808743,1297.195415,931.959791,1291.343032,922.748851,5.566698,-1.296622,-11.034017,-21.059892,36.115044,-29.535672,13.308437,25.81028,13.308437,2,44.474927,104,false,,11,0,same_motion_supported,true
ASSOC_000385_RT_D1_0011,385,RT_D1_0011,D1OBS_000385_0016,1207.879254,922.662276,1219.145339,921.051242,1235.354974,925.023037,5.566698,-1.296622,27.47572,2.360761,-19.873015,-27.261487,20.352611,22.212197,20.352611,29,5.380973,-1778,false,,12,0,same_motion_supported,true
ASSOC_000385_RT_D1_0012,385,RT_D1_0012,D1OBS_000385_0013,1178.80662,921.630662,1193.609328,926.722607,1185.377049,922.010929,5.566698,-1.296622,6.570429,0.380267,-69.850939,-30.273594,11.567401,1.954337,11.567401,0,286.809597,-25,false,,5,0,same_motion_supported,true
ASSOC_000385_RT_D1_0013,385,RT_D1_0013,D1OBS_000385_0017,1179.121844,916.08562,1191.959703,927.931627,1171.914411,933.078424,5.566698,-1.296622,-7.207433,16.992803,-83.313578,-19.2061,25.2384,22.308777,25.2384,22,348.205376,1601,false,,4,0,same_motion_supported,true
ASSOC_000385_RT_D1_0014,385,RT_D1_0014,D1OBS_000385_0018,1317.59364,942.59364,1324.462616,943.54409,1336.199778,933.748058,5.566698,-1.296622,18.606138,-8.845582,80.97179,-18.536466,18.643914,15.066977,18.643914,6,20.644412,335,false,,6,0,same_motion_supported,true
ASSOC_000385_RT_D1_0015,385,RT_D1_0015,D1OBS_000385_0022,1207.431456,954.739639,1226.513422,963.674448,1201.213406,955.995896,5.566698,-1.296622,-6.21805,1.256257,-54.014582,3.711373,32.24338,12.058087,32.24338,3,24.581644,-210,false,,2,0,temporally_supported_response,false
ASSOC_000386_RT_D1_0001,386,RT_D1_0001,D1OBS_000386_0024,1327.979308,960.348452,1329.127571,953.930177,1333.352481,959.19206,5.869081,-1.595908,5.373173,-1.156393,71.175472,9.572323,8.229428,0.662645,8.229428,22,11.380937,2019,false,,27,0,same_motion_supported,true
ASSOC_000386_RT_D1_0002,386,RT_D1_0002,D1OBS_000386_0023,1232.011209,965.958132,1235.314776,960.262045,1239.024917,965.512055,5.869081,-1.595908,7.013708,-0.446077,-23.152092,15.892318,7.839837,1.622431,7.839837,68,0.363042,6775,false,,27,0,same_motion_supported,true
ASSOC_000386_RT_D1_0003,386,RT_D1_0003,D1OBS_000386_0031,1340.464972,996.336723,1342.213962,991.209363,1344.236559,995.921659,5.869081,-1.595908,3.771587,-0.415064,82.05955,46.301923,6.253688,2.407046,6.253688,31,203.818375,-1587,false,,13,0,same_motion_supported,true
ASSOC_000386_RT_D1_0004,386,RT_D1_0004,D1OBS_000386_0017,1270.348783,918.309386,1275.502804,912.811687,1275.020026,917.989018,5.869081,-1.595908,4.671243,-0.320368,12.843017,-31.630718,6.341209,1.749806,6.341209,10,57.372708,685,false,,13,0,same_motion_supported,true
ASSOC_000386_RT_D1_0005,386,RT_D1_0005,D1OBS_000386_0032,1339.105263,992.478469,1341.558944,998.556019,1343.167656,1003.562315,5.869081,-1.595908,4.062393,11.083846,80.990647,53.942578,6.412704,12.807821,6.412704,0,78.949808,47,false,,1,0,temporally_supported_response,false
ASSOC_000386_RT_D1_0006,386,RT_D1_0006,D1OBS_000386_0018,1208.984747,922.14776,1212.509918,929.02248,1216.078376,921.320113,5.869081,-1.595908,7.093628,-0.827646,-46.098633,-28.299623,10.352239,1.445594,10.352239,2,339.762841,10,false,,27,0,same_motion_supported,true
ASSOC_000386_RT_D1_0007,386,RT_D1_0007,D1OBS_000386_0022,1305.021314,954.737123,1288.087589,953.055363,1307.190252,947.634434,5.869081,-1.595908,2.168937,-7.102689,45.013242,-1.985302,24.215784,6.634433,24.215784,10,231.188742,709,false,,3,0,same_motion_supported,true
ASSOC_000386_RT_D1_0008,386,RT_D1_0008,D1OBS_000386_0015,1291.343032,922.748851,1300.221054,924.206284,1282.34787,901.024341,5.869081,-1.595908,-8.995162,-21.724511,20.170861,-48.595396,35.697629,25.022117,35.697629,4,1.071259,333,false,,12,0,same_motion_supported,true
ASSOC_000386_RT_D1_0009,386,RT_D1_0009,D1OBS_000386_0029,1351.783333,1013.717949,1345.604316,1002.050964,1343.094221,972.898241,5.869081,-1.595908,-8.689112,-40.819708,80.917212,23.278505,35.683641,41.838349,35.683641,1,22.137761,16,false,,1,0,temporally_supported_response,false
ASSOC_000386_RT_D1_0011,386,RT_D1_0011,D1OBS_000386_0019,1235.354974,925.023037,1228.800198,919.543011,1241.126797,924.811765,5.869081,-1.595908,5.771824,-0.211272,-21.050212,-24.807972,16.348052,1.388048,16.348052,5,8.258511,-190,false,,13,0,same_motion_supported,true
ASSOC_000386_RT_D1_0012,386,RT_D1_0012,D1OBS_000386_0016,1185.377049,922.010929,1198.886593,922.846,1191.270816,917.325484,5.869081,-1.595908,5.893767,-4.685445,-70.906193,-32.294253,11.470947,3.089636,11.470947,9,266.960026,640,false,,6,0,same_motion_supported,true
ASSOC_000386_RT_D1_0013,386,RT_D1_0013,D1OBS_000386_0020,1171.914411,933.078424,1195.192777,926.64775,1178.264577,932.938558,5.869081,-1.595908,6.350166,-0.139866,-83.912432,-16.681178,22.023534,1.533461,22.023534,7,342.771844,678,false,,5,0,same_motion_supported,true
ASSOC_000386_RT_D1_0015,386,RT_D1_0015,D1OBS_000386_0026,1201.213406,955.995896,1229.076707,960.321763,1209.097245,957.188006,5.869081,-1.595908,7.883838,1.19211,-53.079765,7.56827,24.663088,3.43981,24.663088,3,216.6982,-114,false,,3,0,same_motion_supported,true
ASSOC_000386_RT_D1_0017,386,RT_D1_0017,D1OBS_000386_0027,1217.0033,943.988449,1226.414289,942.855757,1204.723502,959.425499,5.869081,-1.595908,-12.279798,15.43705,-57.453507,9.805763,33.287245,24.889827,33.287245,1,300.164668,45,false,,1,0,temporally_supported_response,false
ASSOC_000387_RT_D1_0001,387,RT_D1_0001,D1OBS_000387_0022,1333.352481,959.19206,1333.918545,952.636231,1340.32598,959.759804,5.325571,-1.871916,6.973499,0.567744,74.764507,12.997725,11.684462,2.94408,11.684462,23,14.22968,-1940,false,,28,0,same_motion_supported,true
ASSOC_000387_RT_D1_0002,387,RT_D1_0002,D1OBS_000387_0021,1239.024917,965.512055,1240.065866,958.803781,1246.291609,965.178794,5.325571,-1.871916,7.266692,-0.333261,-19.269864,18.416715,10.866713,2.476976,10.866713,71,0.404571,-15397,false,,28,0,same_motion_supported,true
ASSOC_000387_RT_D1_0003,387,RT_D1_0003,D1OBS_000387_0025,1344.236559,995.921659,1346.657616,989.787083,1351.482815,996.326023,5.325571,-1.871916,7.246256,0.404364,85.921342,49.563944,9.910387,2.978335,9.910387,22,9.467487,1102,false,,14,0,same_motion_supported,true
ASSOC_000387_RT_D1_0004,387,RT_D1_0004,D1OBS_000387_0012,1275.020026,917.989018,1280.03477,907.854657,1285.262279,898.290851,5.325571,-1.871916,10.242253,-19.698167,19.700806,-48.471228,13.291746,18.491863,13.291746,29,305.037319,1567,false,,14,0,same_motion_supported,true
ASSOC_000387_RT_D1_0005,387,RT_D1_0005,D1OBS_000387_0024,1343.167656,1003.562315,1345.882043,991.62375,1350.158052,973.06163,5.325571,-1.871916,6.990396,-30.500684,84.596579,26.299551,23.229596,28.677134,23.229596,7,55.336266,332,false,,2,0,temporally_supported_response,false
ASSOC_000387_RT_D1_0006,387,RT_D1_0006,D1OBS_000387_0015,1216.078376,921.320113,1217.13724,925.262905,1222.799151,921.154173,5.325571,-1.871916,6.720776,-0.165941,-42.762322,-25.607906,8.531263,2.203848,8.531263,4,339.658014,-352,false,,28,0,same_motion_supported,true
ASSOC_000387_RT_D1_0007,387,RT_D1_0007,D1OBS_000387_0019,1307.190252,947.634434,1295.512291,949.603406,1313.917822,946.89604,5.325571,-1.871916,6.72757,-0.738394,48.356349,0.133961,22.687299,1.802907,22.687299,3,105.008213,-262,false,,4,0,same_motion_supported,true
ASSOC_000387_RT_D1_0011,387,RT_D1_0011,D1OBS_000387_0016,1241.126797,924.811765,1232.098197,917.875215,1231.704301,923.295699,5.325571,-1.871916,-9.422496,-1.516066,-33.857172,-23.46638,6.627776,14.75236,6.627776,3,18.566214,-21,false,,14,0,same_motion_supported,true
ASSOC_000387_RT_D1_0012,387,RT_D1_0012,D1OBS_000387_0013,1191.270816,917.325484,1201.429471,919.225967,1197.595579,915.752926,5.325571,-1.871916,6.324763,-1.572558,-67.965894,-31.009153,6.308633,1.043072,6.308633,6,6.111938,-420,false,,7,0,same_motion_supported,true
ASSOC_000387_RT_D1_0013,387,RT_D1_0013,D1OBS_000387_0018,1178.264577,932.938558,1195.986317,925.375144,1184.18322,932.595937,5.325571,-1.871916,5.918644,-0.342621,-81.378253,-14.166142,16.873966,1.640267,16.873966,1,346.643454,-532,false,,6,0,same_motion_supported,true
ASSOC_000387_RT_D1_0014,387,RT_D1_0014,D1OBS_000387_0014,1336.199778,933.748058,1334.315083,934.535893,1332.123779,918.656352,5.325571,-1.871916,-4.076,-15.091706,66.562305,-28.105727,19.548809,16.221972,19.548809,5,293.930817,-287,false,,1,0,temporally_supported_response,false
ASSOC_000387_RT_D1_0015,387,RT_D1_0015,D1OBS_000387_0020,1209.097245,957.188006,1227.88756,956.464012,1207.052221,951.908028,5.325571,-1.871916,-2.045023,-5.279978,-58.509252,5.145949,26.00932,8.120379,26.00932,13,2.421975,666,false,,4,0,same_motion_supported,true
ASSOC_000387_RT_D1_0016,387,RT_D1_0016,D1OBS_000387_0017,1230.358543,925.302521,1247.817404,916.193833,1247.5,924.537975,5.325571,-1.871916,17.141457,-0.764546,-18.061473,-22.224104,10.183142,11.867663,10.183142,3,6.224295,234,false,,1,0,temporally_supported_response,false
ASSOC_000388_RT_D1_0001,388,RT_D1_0001,D1OBS_000388_0023,1340.32598,959.759804,1340.672788,950.074485,1343.674901,952.295455,5.493937,-2.129463,3.348921,-7.464349,72.018185,8.582652,4.554089,5.749965,4.554089,84,37.802777,-5108,false,,29,0,same_motion_supported,true
ASSOC_000388_RT_D1_0002,388,RT_D1_0002,D1OBS_000388_0024,1246.291609,965.178794,1247.337046,957.421364,1252.69409,965.014837,5.493937,-2.129463,6.402481,-0.163957,-18.962626,21.302035,11.332855,2.165333,11.332855,47,0.09945,24773,false,,29,0,same_motion_supported,true
ASSOC_000388_RT_D1_0003,388,RT_D1_0003,D1OBS_000388_0029,1351.482815,996.326023,1353.634796,988.463843,1357.65251,996.326898,5.493937,-2.129463,6.169695,0.000875,85.995794,52.614096,10.768346,2.234948,10.768346,3,203.007866,830,false,,15,0,same_motion_supported,true
ASSOC_000388_RT_D1_0004,388,RT_D1_0004,D1OBS_000388_0014,1285.262279,898.290851,1287.343691,903.585518,1292.872672,898.028367,5.493937,-2.129463,7.610393,-0.262483,21.215956,-45.684435,9.559883,2.822233,9.559883,5,7.774627,1503,false,,15,0,same_motion_supported,true
ASSOC_000388_RT_D1_0005,388,RT_D1_0005,D1OBS_000388_0028,1350.158052,973.06163,1352.786533,985.405358,1356.473103,970.968276,5.493937,-2.129463,6.315052,-2.093354,84.816388,27.255473,18.171146,0.821909,18.171146,8,17.659988,-281,false,,3,0,same_motion_supported,true
ASSOC_000388_RT_D1_0006,388,RT_D1_0006,D1OBS_000388_0016,1222.799151,921.154173,1219.611359,921.114212,1203.115127,916.105756,5.493937,-2.129463,-19.684024,-5.048416,-68.541589,-27.607046,21.024132,25.346597,21.024132,2,275.781088,40,false,,29,0,same_motion_supported,true
ASSOC_000388_RT_D1_0007,388,RT_D1_0007,D1OBS_000388_0021,1313.917822,946.89604,1305.04764,946.593201,1320.719234,946.771194,5.493937,-2.129463,6.801412,-0.124845,49.062518,3.058392,19.112933,2.393321,19.112933,3,328.168153,87,false,,5,0,same_motion_supported,true
ASSOC_000388_RT_D1_0009,388,RT_D1_0009,D1OBS_000388_0031,1343.094221,972.898241,1356.230028,998.622951,1361.450719,1009.915811,5.493937,-2.129463,18.356498,37.01757,89.794003,66.203009,15.172236,41.206015,15.172236,0,221.184647,178,false,,1,0,temporally_supported_response,false
ASSOC_000388_RT_D1_0011,388,RT_D1_0011,D1OBS_000388_0018,1231.704301,923.295699,1241.078765,916.559912,1254.223022,924.459124,5.493937,-2.129463,22.518721,1.163425,-17.433694,-19.253679,18.70149,17.340311,18.70149,5,3.33764,785,false,,15,0,same_motion_supported,true
ASSOC_000388_RT_D1_0012,388,RT_D1_0012,D1OBS_000388_0015,1197.595579,915.752926,1203.785914,914.74452,1186.753604,908.220183,5.493937,-2.129463,-10.841974,-7.532742,-84.903112,-35.492619,22.242864,17.206319,22.242864,3,283.494778,-6,false,,8,0,same_motion_supported,true
ASSOC_000388_RT_D1_0013,388,RT_D1_0013,D1OBS_000388_0019,1184.18322,932.595937,1199.838357,924.1765,1189.61932,932.607156,5.493937,-2.129463,5.4361,0.011219,-82.037396,-11.105647,16.155875,2.141463,16.155875,9,1.491977,137,false,,7,0,same_motion_supported,true
ASSOC_000388_RT_D1_0014,388,RT_D1_0014,D1OBS_000388_0017,1332.123779,918.656352,1339.957862,929.163807,1337.896639,918.582118,5.493937,-2.129463,5.772861,-0.074234,66.239923,-25.130685,13.147042,2.07407,13.147042,10,1.069605,963,false,,2,0,temporally_supported_response,false
ASSOC_000388_RT_D1_0015,388,RT_D1_0015,D1OBS_000388_0022,1207.052221,951.908028,1230.471151,953.019275,1214.473625,951.217733,5.493937,-2.129463,7.421404,-0.690295,-57.183091,7.50493,19.632494,2.40548,19.632494,11,2.794104,-392,false,,5,0,same_motion_supported,true
ASSOC_000389_RT_D1_0001,389,RT_D1_0001,D1OBS_000389_0027,1343.674901,952.295455,1345.40552,949.527329,1343.796296,956.263889,5.404695,-2.106812,0.121395,3.968434,67.053605,14.577,8.446462,8.051203,8.446462,0,291.11678,-148,false,,30,0,same_motion_supported,true
ASSOC_000389_RT_D1_0002,389,RT_D1_0002,D1OBS_000389_0025,1252.69409,965.014837,1253.558344,957.099512,1258.730369,964.862457,5.404695,-2.106812,6.036279,-0.15238,-18.012323,23.175567,11.375712,2.053948,11.375712,6,0.21168,-19808,false,,30,0,same_motion_supported,true
ASSOC_000389_RT_D1_0003,389,RT_D1_0003,D1OBS_000389_0031,1357.65251,996.326898,1359.802667,988.084052,1364.731299,995.583051,5.404695,-2.106812,7.07879,-0.743847,87.988608,53.896162,10.943477,2.158764,10.943477,16,8.322235,540,false,,16,0,same_motion_supported,true
ASSOC_000389_RT_D1_0004,389,RT_D1_0004,D1OBS_000389_0015,1292.872672,898.028367,1294.186009,901.213288,1302.18712,899.63562,5.404695,-2.106812,9.314448,1.607253,25.444428,-42.051269,9.945331,5.392628,9.945331,14,11.064538,149,false,,16,0,same_motion_supported,true
ASSOC_000389_RT_D1_0005,389,RT_D1_0005,D1OBS_000389_0028,1356.473103,970.968276,1357.112401,979.199736,1353.649684,960.158841,5.404695,-2.106812,-2.82342,-10.809435,76.906992,18.471952,23.601455,11.976541,23.601455,75,112.394248,5281,false,,4,0,same_motion_supported,true
ASSOC_000389_RT_D1_0006,389,RT_D1_0006,D1OBS_000389_0020,1203.115127,916.105756,1226.686932,919.568145,1235.750649,921.754113,5.404695,-2.106812,32.635522,5.648356,-40.992042,-19.932777,11.370238,28.313611,11.370238,7,270.427501,408,false,,30,0,same_motion_supported,true
ASSOC_000389_RT_D1_0007,389,RT_D1_0007,D1OBS_000389_0026,1320.719234,946.771194,1312.938766,946.301294,1325.717781,954.200653,5.404695,-2.106812,4.998547,7.429458,48.97509,12.513763,18.321242,9.544915,18.321242,4,236.312459,-484,false,,6,0,same_motion_supported,true
ASSOC_000389_RT_D1_0008,389,RT_D1_0008,D1OBS_000389_0018,1282.34787,901.024341,1312.139775,916.527445,1300.081395,917.684593,5.404695,-2.106812,17.733525,16.660252,23.338704,-24.002296,14.772895,22.454459,14.772895,5,34.292029,-298,false,,1,0,temporally_supported_response,false
ASSOC_000389_RT_D1_0009,389,RT_D1_0009,D1OBS_000389_0033,1361.450719,1009.915811,1365.425192,999.735571,1384.144828,1014.033333,5.404695,-2.106812,22.694109,4.117522,107.402136,72.346444,28.72594,18.375695,28.72594,1,245.869997,-104,false,,2,0,temporally_supported_response,false
ASSOC_000389_RT_D1_0011,389,RT_D1_0011,D1OBS_000389_0022,1254.223022,924.459124,1248.740557,916.322324,1260.474834,924.469136,5.404695,-2.106812,6.251812,0.010012,-16.267858,-17.217754,17.420841,2.280033,17.420841,4,28.883983,-476,false,,16,0,same_motion_supported,true
ASSOC_000389_RT_D1_0012,389,RT_D1_0012,D1OBS_000389_0017,1186.753604,908.220183,1207.960369,912.106489,1203.807886,909.317953,5.404695,-2.106812,17.054282,1.09777,-72.934806,-32.368936,6.099884,12.08231,6.099884,9,2.302212,429,false,,9,0,same_motion_supported,true
ASSOC_000389_RT_D1_0013,389,RT_D1_0013,D1OBS_000389_0023,1189.61932,932.607156,1203.383723,923.969841,1196.365392,932.257559,5.404695,-2.106812,6.746071,-0.349596,-80.3773,-9.42933,13.244107,2.210678,13.244107,6,353.05732,-50,false,,8,0,same_motion_supported,true
ASSOC_000389_RT_D1_0014,389,RT_D1_0014,D1OBS_000389_0019,1337.896639,918.582118,1345.138579,925.733171,1345.570175,919.333882,5.404695,-2.106812,7.673536,0.751764,68.827484,-22.353008,7.821741,3.649533,7.821741,6,0.530568,247,false,,3,0,same_motion_supported,true
ASSOC_000389_RT_D1_0015,389,RT_D1_0015,D1OBS_000389_0024,1214.473625,951.217733,1233.623947,947.299798,1224.817241,930.473563,5.404695,-2.106812,10.343616,-20.74417,-51.92545,-11.213326,23.160468,19.280665,23.160468,2,64.710496,-21,false,,6,0,same_motion_supported,true
ASSOC_000390_RT_D1_0001,390,RT_D1_0001,D1OBS_000390_0028,1343.796296,956.263889,1353.233258,949.519457,1354.850769,954.236923,5.857066,-1.874193,11.054473,-2.026966,70.635402,13.593447,6.081788,5.199652,6.081788,2,26.501737,-214,false,,31,0,same_motion_supported,true
ASSOC_000390_RT_D1_0002,390,RT_D1_0002,D1OBS_000390_0026,1258.730369,964.862457,1261.78485,957.661235,1265.218969,964.973521,5.857066,-1.874193,6.4886,0.111064,-18.996398,24.330045,9.85187,2.083287,9.85187,166,0.043156,-21624,false,,31,0,same_motion_supported,true
ASSOC_000390_RT_D1_0003,390,RT_D1_0003,D1OBS_000390_0031,1364.731299,995.583051,1367.937767,988.469339,1370.955483,994.977867,5.857066,-1.874193,6.224183,-0.605184,86.740116,54.334391,8.748888,1.321045,8.748888,1,9.187341,-449,false,,17,0,same_motion_supported,true
ASSOC_000390_RT_D1_0004,390,RT_D1_0004,D1OBS_000390_0014,1302.18712,899.63562,1303.136355,900.161589,1309.867969,900.123845,5.857066,-1.874193,7.68085,0.488225,25.652603,-40.519631,8.209415,2.984494,8.209415,8,3.246344,-980,false,,17,0,same_motion_supported,true
ASSOC_000390_RT_D1_0005,390,RT_D1_0005,D1OBS_000390_0029,1353.649684,960.158841,1363.873741,974.970478,1360.633216,960.457184,5.857066,-1.874193,6.983532,0.298343,76.417849,19.813708,18.134958,2.447211,18.134958,5,2.45555,-1183,false,,5,0,same_motion_supported,true
ASSOC_000390_RT_D1_0006,390,RT_D1_0006,D1OBS_000390_0019,1235.750649,921.754113,1235.73802,919.117442,1242.928571,921.817568,5.857066,-1.874193,7.177922,0.063455,-41.286795,-18.825908,9.36683,2.345025,9.36683,1,4.260904,-119,false,,31,0,same_motion_supported,true
ASSOC_000390_RT_D1_0007,390,RT_D1_0007,D1OBS_000390_0027,1325.717781,954.200653,1323.990895,946.867137,1340.297297,954.198198,5.857066,-1.874193,14.579516,-0.002454,56.08193,13.554722,21.803132,8.921017,21.803132,0,51.053756,-58,false,,7,0,same_motion_supported,true
ASSOC_000390_RT_D1_0008,390,RT_D1_0008,D1OBS_000390_0016,1300.081395,917.684593,1317.388887,915.971381,1307.259322,918.191525,5.857066,-1.874193,7.177927,0.506932,23.043955,-22.451951,12.646355,2.722946,12.646355,0,6.745937,-98,false,,2,0,temporally_supported_response,false
ASSOC_000390_RT_D1_0009,390,RT_D1_0009,D1OBS_000390_0033,1384.144828,1014.033333,1376.262793,1001.526915,1391.5919,1014.44081,5.857066,-1.874193,7.447073,0.407477,107.376533,73.797334,24.443546,2.781032,24.443546,2,30.907527,-228,false,,3,0,same_motion_supported,true
ASSOC_000390_RT_D1_0011,390,RT_D1_0011,D1OBS_000390_0021,1260.474834,924.469136,1258.173091,916.930102,1267.101338,924.452199,5.857066,-1.874193,6.626505,-0.016937,-17.114028,-16.191277,14.237278,2.010333,14.237278,3,11.182478,-7,false,,17,0,same_motion_supported,true
ASSOC_000390_RT_D1_0012,390,RT_D1_0012,D1OBS_000390_0015,1203.807886,909.317953,1214.979935,910.924625,1212.915771,910.293907,5.857066,-1.874193,9.107885,0.975954,-71.299596,-30.349569,2.632164,4.323328,2.632164,9,1.378495,-634,false,,10,0,same_motion_supported,true
ASSOC_000390_RT_D1_0013,390,RT_D1_0013,D1OBS_000390_0023,1196.365392,932.257559,1209.575819,924.601393,1203.74207,932.231788,5.857066,-1.874193,7.376679,-0.025771,-80.473296,-8.411688,11.713385,2.392883,11.713385,8,32.007026,124,false,,9,0,same_motion_supported,true
ASSOC_000390_RT_D1_0014,390,RT_D1_0014,D1OBS_000390_0017,1345.570175,919.333882,1352.55248,923.688133,1352.284732,919.125172,5.857066,-1.874193,6.714556,-0.20871,68.069365,-21.518304,5.574158,1.873266,5.574158,2,5.930935,-370,false,,4,0,same_motion_supported,true
ASSOC_000390_RT_D1_0015,390,RT_D1_0015,D1OBS_000390_0024,1224.817241,930.473563,1242.807816,945.988089,1250.603252,944.765854,5.857066,-1.874193,25.786011,14.29229,-33.612115,4.122378,9.622769,25.661606,9.622769,4,300.850716,-255,false,,7,0,same_motion_supported,true
ASSOC_000391_RT_D1_0001,391,RT_D1_0001,D1OBS_000391_0028,1354.850769,954.236923,1362.860689,951.821586,1366.399604,960.262178,6.511901,-1.365926,11.548835,6.025255,73.333641,19.169386,11.161536,8.944286,11.161536,54,1.493724,4400,false,,32,0,same_motion_supported,true
ASSOC_000391_RT_D1_0002,391,RT_D1_0002,D1OBS_000391_0022,1265.218969,964.973521,1267.985021,955.644189,1255.910864,944.408542,6.511901,-1.365926,-9.308105,-20.564979,-37.155099,3.31575,20.113636,24.877223,20.113636,1342,86.825892,-84538,false,,32,0,same_motion_supported,true
ASSOC_000391_RT_D1_0003,391,RT_D1_0003,D1OBS_000391_0031,1370.955483,994.977867,1376.909992,989.993169,1377.464077,994.888177,6.511901,-1.365926,6.508594,-0.089691,84.398114,53.795384,6.007643,1.276239,6.007643,1,2.147279,1327,false,,18,0,same_motion_supported,true
ASSOC_000391_RT_D1_0004,391,RT_D1_0004,D1OBS_000391_0013,1309.867969,900.123845,1312.940374,900.706009,1317.283745,901.139259,6.511901,-1.365926,7.415776,1.015414,24.217782,-39.953533,5.32308,2.54711,5.32308,12,6.554818,421,false,,18,0,same_motion_supported,true
ASSOC_000391_RT_D1_0005,391,RT_D1_0005,D1OBS_000391_0027,1360.633216,960.457184,1367.950733,972.231077,1346.204318,957.704703,6.511901,-1.365926,-14.428898,-2.752481,53.138355,16.611911,31.892567,20.986653,31.892567,63,63.034541,-3526,false,,6,0,same_motion_supported,true
ASSOC_000391_RT_D1_0006,391,RT_D1_0006,D1OBS_000391_0018,1242.928571,921.817568,1245.76987,920.07981,1251.151136,922.417045,6.511901,-1.365926,8.222565,0.599478,-41.914827,-18.675747,7.154775,2.605606,7.154775,6,3.743238,-156,false,,32,0,same_motion_supported,true
ASSOC_000391_RT_D1_0007,391,RT_D1_0007,D1OBS_000391_0030,1340.297297,954.198198,1334.23531,950.17047,1340.584927,963.172103,6.511901,-1.365926,0.28763,8.973905,47.518964,22.079311,17.645465,12.068706,17.645465,2,291.51014,334,false,,8,0,same_motion_supported,true
ASSOC_000391_RT_D1_0008,391,RT_D1_0008,D1OBS_000391_0016,1307.259322,918.191525,1324.24574,916.164569,1315.163128,914.997765,6.511901,-1.365926,7.903806,-3.19376,22.097166,-26.095027,11.16738,2.297473,11.16738,1,63.668559,305,false,,3,0,same_motion_supported,true
ASSOC_000391_RT_D1_0009,391,RT_D1_0009,D1OBS_000391_0033,1391.5919,1014.44081,1385.366533,1004.141885,1386.519745,1014.007643,6.511901,-1.365926,-5.072155,-0.433167,93.453782,72.914851,12.113328,11.621548,12.113328,1,254.981611,143,false,,4,0,same_motion_supported,true
ASSOC_000391_RT_D1_0011,391,RT_D1_0011,D1OBS_000391_0019,1267.101338,924.452199,1268.013691,918.650613,1272.523708,924.441614,6.511901,-1.365926,5.42237,-0.010585,-20.542254,-16.651178,8.951247,1.738972,8.951247,2,5.659927,367,false,,18,0,same_motion_supported,true
ASSOC_000391_RT_D1_0012,391,RT_D1_0012,D1OBS_000391_0014,1212.915771,910.293907,1224.000015,911.264157,1224.772109,910.764031,6.511901,-1.365926,11.856338,0.470124,-68.293854,-30.328761,1.121855,5.651026,1.121855,21,4.148831,1794,false,,11,0,same_motion_supported,true
ASSOC_000391_RT_D1_0013,391,RT_D1_0013,D1OBS_000391_0021,1203.74207,932.231788,1216.946184,926.358981,1210.202905,932.318885,6.511901,-1.365926,6.460835,0.087097,-82.863058,-8.773907,10.975085,1.453919,10.975085,3,72.424126,1399,false,,10,0,same_motion_supported,true
ASSOC_000391_RT_D1_0015,391,RT_D1_0015,D1OBS_000391_0024,1250.603252,944.765854,1248.403028,947.115245,1233.572944,950.203183,6.511901,-1.365926,-17.030308,5.437329,-59.493019,9.110391,18.473365,24.505507,18.473365,16,214.749094,1270,false,,8,0,same_motion_supported,true
ASSOC_000391_RT_D1_0018,391,RT_D1_0018,D1OBS_000391_0026,1279.096624,957.004657,1299.850418,956.285456,1296.864466,964.944699,6.511901,-1.365926,17.767842,7.940043,3.798503,23.851907,11.170253,14.6047,11.170253,883,25.652335,73462,false,,1,0,temporally_supported_response,false
ASSOC_000392_RT_D1_0001,392,RT_D1_0001,D1OBS_000392_0023,1366.399604,960.262178,1368.103995,953.859023,1373.739675,959.57355,5.96378,-0.895842,7.340071,-0.688628,76.667507,17.697729,9.787808,1.391803,9.787808,5,9.96204,-740,false,,33,0,same_motion_supported,true
ASSOC_000392_RT_D1_0002,392,RT_D1_0002,D1OBS_000392_0024,1255.910864,944.408542,1272.897242,958.059579,1277.024647,965.495891,5.96378,-0.895842,21.113783,21.087348,-20.047521,23.62007,10.371892,26.698001,10.371892,1287,86.202429,97719,false,,33,0,same_motion_supported,true
ASSOC_000392_RT_D1_0003,392,RT_D1_0003,D1OBS_000392_0028,1377.464077,994.888177,1381.216694,991.569659,1382.585624,995.184317,5.96378,-0.895842,5.121547,0.296141,85.513456,53.308496,4.713651,1.459513,4.713651,7,202.24271,-865,false,,19,0,same_motion_supported,true
ASSOC_000392_RT_D1_0004,392,RT_D1_0004,D1OBS_000392_0013,1317.283745,901.139259,1318.248439,901.266385,1324.179132,900.252078,5.96378,-0.895842,6.895387,-0.887181,27.106964,-41.623743,7.337567,0.931647,7.337567,7,3.894009,-959,false,,19,0,same_motion_supported,true
ASSOC_000392_RT_D1_0005,392,RT_D1_0005,D1OBS_000392_0027,1346.204318,957.704703,1373.671493,972.61419,1381.48224,970.79235,5.96378,-0.895842,35.277923,13.087647,84.410072,28.916529,9.78098,32.478561,9.78098,6,38.76341,-565,false,,7,0,same_motion_supported,true
ASSOC_000392_RT_D1_0006,392,RT_D1_0006,D1OBS_000392_0016,1251.151136,922.417045,1250.934616,921.067702,1256.212415,922.00097,5.96378,-0.895842,5.061279,-0.416076,-40.859753,-19.874851,6.536193,1.022098,6.536193,3,6.205811,151,false,,33,0,same_motion_supported,true
ASSOC_000392_RT_D1_0007,392,RT_D1_0007,D1OBS_000392_0025,1340.584927,963.172103,1340.857245,952.303842,1352.773347,958.455404,5.96378,-0.895842,12.18842,-4.716699,55.701179,16.579583,16.353982,7.303773,16.353982,15,254.835635,1017,false,,9,0,same_motion_supported,true
ASSOC_000392_RT_D1_0009,392,RT_D1_0009,D1OBS_000392_0029,1386.519745,1014.007643,1388.563238,1005.312434,1384.875512,1007.077805,5.96378,-0.895842,-1.644233,-6.929838,87.803344,65.201984,4.985979,9.710354,4.985979,24,3.417252,1657,false,,5,0,same_motion_supported,true
ASSOC_000392_RT_D1_0011,392,RT_D1_0011,D1OBS_000392_0017,1272.523708,924.441614,1273.444399,920.355607,1279.933801,924.555667,5.96378,-0.895842,7.410093,0.114053,-17.138367,-17.320154,9.426825,1.764004,9.426825,5,0.231939,-416,false,,19,0,same_motion_supported,true
ASSOC_000392_RT_D1_0012,392,RT_D1_0012,D1OBS_000392_0015,1224.772109,910.764031,1228.487491,912.024166,1230.679945,911.919299,5.96378,-0.895842,5.907836,1.155269,-66.392223,-29.956521,2.676782,2.051874,2.676782,10,276.639183,560,false,,12,0,same_motion_supported,true
ASSOC_000392_RT_D1_0013,392,RT_D1_0013,D1OBS_000392_0018,1210.202905,932.318885,1220.238818,927.952268,1216.988107,931.643447,5.96378,-0.895842,6.785201,-0.675438,-80.084061,-10.232374,5.998206,0.850477,5.998206,4,17.975821,-148,false,,11,0,same_motion_supported,true
ASSOC_000392_RT_D1_0014,392,RT_D1_0014,D1OBS_000392_0019,1352.284732,919.125172,1368.496614,926.574251,1382.561133,934.108108,5.96378,-0.895842,30.276401,14.982936,85.488965,-7.767713,19.45761,29.03858,19.45761,13,316.909636,-677,false,,1,0,temporally_supported_response,false
ASSOC_000392_RT_D1_0015,392,RT_D1_0015,D1OBS_000392_0020,1233.572944,950.203183,1254.228218,947.253643,1262.514706,944.316993,5.96378,-0.895842,28.941762,-5.88619,-34.557462,2.441173,10.721295,23.513639,10.721295,1,205.567039,-49,false,,9,0,same_motion_supported,true
ASSOC_000392_RT_D1_0017,392,RT_D1_0017,D1OBS_000392_0022,1204.723502,959.425499,1257.535135,937.790024,1240.341047,949.990634,5.96378,-0.895842,35.617545,-9.434866,-56.731121,8.114813,25.710937,30.858721,25.710937,16,6.572427,1164,false,,1,0,temporally_supported_response,false
ASSOC_000393_RT_D1_0001,393,RT_D1_0001,D1OBS_000393_0023,1373.739675,959.57355,1377.82223,956.388222,1381.245997,958.759412,6.620663,-0.260475,7.506322,-0.814138,75.207153,14.874897,5.078902,1.044478,5.078902,14,1.572926,312,false,,34,0,same_motion_supported,true
ASSOC_000393_RT_D1_0002,393,RT_D1_0002,D1OBS_000393_0020,1277.024647,965.495891,1280.728553,961.011964,1275.556328,965.311,6.620663,-0.260475,-1.468318,-0.18489,-30.482516,21.426486,8.201944,8.089335,8.201944,87,1.190234,-6063,false,,34,0,same_motion_supported,true
ASSOC_000393_RT_D1_0003,393,RT_D1_0003,D1OBS_000393_0027,1382.585624,995.184317,1390.014341,993.875662,1389.244316,995.23007,6.620663,-0.260475,6.658692,0.045752,83.205472,51.345555,1.899997,0.308579,1.899997,10,8.118691,-1139,false,,20,0,same_motion_supported,true
ASSOC_000393_RT_D1_0004,393,RT_D1_0004,D1OBS_000393_0012,1324.179132,900.252078,1327.980395,902.776461,1331.466667,900.504981,6.620663,-0.260475,7.287535,0.252903,25.427822,-43.379534,5.07436,0.84159,5.07436,25,5.265601,-1944,false,,20,0,same_motion_supported,true
ASSOC_000393_RT_D1_0005,393,RT_D1_0005,D1OBS_000393_0026,1381.48224,970.79235,1384.807388,977.363399,1394.689384,989.847969,6.620663,-0.260475,13.207144,19.055619,88.650539,45.963454,19.417388,20.408165,19.417388,2,59.981992,31,false,,8,0,same_motion_supported,true
ASSOC_000393_RT_D1_0006,393,RT_D1_0006,D1OBS_000393_0018,1256.212415,922.00097,1261.329026,926.849443,1267.833145,944.037768,6.620663,-0.260475,11.62073,22.036798,-38.205699,0.153253,22.411903,22.851018,22.411903,11,20.64978,743,false,,34,0,same_motion_supported,true
ASSOC_000393_RT_D1_0007,393,RT_D1_0007,D1OBS_000393_0022,1352.773347,958.455404,1351.365398,954.984409,1358.387683,958.045161,6.620663,-0.260475,5.614336,-0.410243,52.348839,14.160647,9.341869,1.017411,9.341869,0,21.401188,-201,false,,10,0,same_motion_supported,true
ASSOC_000393_RT_D1_0008,393,RT_D1_0008,D1OBS_000393_0021,1315.163128,914.997765,1334.096779,925.640213,1319.875053,956.089188,6.620663,-0.260475,4.711924,41.091423,13.836208,12.204673,40.98355,41.395926,40.98355,24,248.435624,1482,false,,1,0,temporally_supported_response,false
ASSOC_000393_RT_D1_0009,393,RT_D1_0009,D1OBS_000393_0029,1384.875512,1007.077805,1396.070948,1007.257159,1389.424545,1006.965742,6.620663,-0.260475,4.549033,-0.112064,83.3857,63.081227,8.113157,2.07694,8.113157,3,21.177707,-136,false,,6,0,same_motion_supported,true
ASSOC_000393_RT_D1_0011,393,RT_D1_0011,D1OBS_000393_0016,1279.933801,924.555667,1283.083657,922.718254,1286.147638,924.330709,6.620663,-0.260475,6.213836,-0.224958,-19.891207,-19.553806,4.222399,0.408374,4.222399,1,4.021672,19,false,,20,0,same_motion_supported,true
ASSOC_000393_RT_D1_0012,393,RT_D1_0012,D1OBS_000393_0013,1230.679945,911.919299,1237.681048,913.597037,1238.714614,911.611623,6.620663,-0.260475,8.034669,-0.307677,-67.32423,-32.272892,2.729674,1.414794,2.729674,14,252.528809,-1174,false,,13,0,same_motion_supported,true
ASSOC_000393_RT_D1_0013,393,RT_D1_0013,D1OBS_000393_0017,1216.988107,931.643447,1228.08613,930.436565,1222.9868,932.6032,6.620663,-0.260475,5.998693,0.959753,-83.052045,-11.281315,6.756744,1.3696,6.756744,17,243.61812,-1620,false,,12,0,same_motion_supported,true
ASSOC_000393_RT_D1_0014,393,RT_D1_0014,D1OBS_000393_0014,1382.561133,934.108108,1376.813033,927.160142,1373.850746,920.678483,6.620663,-0.260475,-8.710386,-13.429626,67.811902,-23.206032,8.690857,20.210582,8.690857,14,107.131833,831,false,,2,0,temporally_supported_response,false
ASSOC_000394_RT_D1_0001,394,RT_D1_0001,D1OBS_000394_0025,1381.245997,958.759412,1384.789439,959.99645,1386.505339,958.378964,6.614076,0.663473,5.259341,-0.380447,73.875946,10.531164,2.875715,1.710285,2.875715,20,1.15647,1653,false,,35,0,same_motion_supported,true
ASSOC_000394_RT_D1_0002,394,RT_D1_0002,D1OBS_000394_0024,1275.556328,965.311,1286.65835,965.052269,1283.648266,965.403137,6.614076,0.663473,8.091938,0.092136,-28.981126,17.555336,3.695688,1.584457,3.695688,80,0.39985,13117,false,,35,0,same_motion_supported,true
ASSOC_000394_RT_D1_0003,394,RT_D1_0003,D1OBS_000394_0031,1389.244316,995.23007,1396.470406,997.141723,1395.857763,993.965476,6.614076,0.663473,6.613446,-1.264593,83.22837,46.117676,3.944868,1.928066,3.944868,24,10.908244,1770,false,,21,0,same_motion_supported,true
ASSOC_000394_RT_D1_0004,394,RT_D1_0004,D1OBS_000394_0015,1331.466667,900.504981,1335.221262,905.65929,1338.183828,900.737208,6.614076,0.663473,6.717162,0.232227,25.554435,-47.110593,7.005956,0.443396,7.005956,4,4.622952,278,false,,21,0,same_motion_supported,true
ASSOC_000394_RT_D1_0005,394,RT_D1_0005,D1OBS_000394_0030,1394.689384,989.847969,1389.658738,979.071764,1381.735726,968.799347,6.614076,0.663473,-12.953658,-21.048621,69.106333,20.951547,15.820635,29.228603,15.820635,3,255.809402,-150,false,,9,0,same_motion_supported,true
ASSOC_000394_RT_D1_0006,394,RT_D1_0006,D1OBS_000394_0022,1267.833145,944.037768,1269.281471,933.242393,1275.485668,944.31086,6.614076,0.663473,7.652523,0.273092,-37.143725,-3.536941,15.474021,1.1094,15.474021,9,4.743519,703,false,,35,0,same_motion_supported,true
ASSOC_000394_RT_D1_0007,394,RT_D1_0007,D1OBS_000394_0027,1358.387683,958.045161,1359.385692,958.285601,1365.898975,955.2694,6.614076,0.663473,7.511292,-2.775762,53.269582,7.421599,8.753374,3.55434,8.753374,16,274.378677,-1022,false,,11,0,same_motion_supported,true
ASSOC_000394_RT_D1_0008,394,RT_D1_0008,D1OBS_000394_0026,1319.875053,956.089188,1338.070733,934.454447,1326.15069,956.553209,6.614076,0.663473,6.275638,0.464021,13.521298,8.705408,30.620266,0.392838,30.620266,0,0.396267,85,false,,2,0,temporally_supported_response,false
ASSOC_000394_RT_D1_0009,394,RT_D1_0009,D1OBS_000394_0033,1389.424545,1006.965742,1401.587315,1011.222098,1396.693827,1011.22963,6.614076,0.663473,7.269282,4.263888,84.064434,63.381829,5.967676,3.659547,5.967676,25,305.715561,-1496,false,,7,0,same_motion_supported,true
ASSOC_000394_RT_D1_0011,394,RT_D1_0011,D1OBS_000394_0019,1286.147638,924.330709,1289.74055,926.075633,1290.042788,923.31539,6.614076,0.663473,3.89515,-1.015319,-22.586605,-24.532411,3.386269,3.195449,3.386269,6,5.176098,433,false,,21,0,same_motion_supported,true
ASSOC_000394_RT_D1_0012,394,RT_D1_0012,D1OBS_000394_0017,1238.714614,911.611623,1244.198452,917.950618,1243.865242,919.728625,6.614076,0.663473,5.150627,8.117002,-68.764151,-28.119176,2.206049,7.595839,2.206049,10,304.95814,-662,false,,14,0,same_motion_supported,true
ASSOC_000394_RT_D1_0013,394,RT_D1_0013,D1OBS_000394_0020,1222.9868,932.6032,1233.632602,933.901246,1228.876256,931.629825,6.614076,0.663473,5.889456,-0.973375,-83.753137,-16.217975,6.427903,1.790068,6.427903,10,7.438901,-609,false,,13,0,same_motion_supported,true
ASSOC_000394_RT_D1_0014,394,RT_D1_0014,D1OBS_000394_0021,1373.850746,920.678483,1382.612354,931.008518,1379.007874,930.485039,6.614076,0.663473,5.157128,9.806557,66.378481,-17.362761,4.441822,9.258438,4.441822,16,52.482513,-973,false,,3,0,same_motion_supported,true
ASSOC_000394_RT_D1_0015,394,RT_D1_0015,D1OBS_000394_0023,1262.514706,944.316993,1262.757578,952.501166,1230.74175,949.200861,6.614076,0.663473,-31.772956,4.883867,-81.887642,1.35306,39.250588,38.618336,39.250588,14,335.498132,-1139,false,,1,0,temporally_supported_response,false
