scene,detector_name,optical_frame_num,optical_path,det_id,class_name,confidence,bbox_x1,bbox_y1,bbox_x2,bbox_y2,bbox_area,is_vehicle_class,source_model,source_weight_path,notes
GM_RM011,baseline_oty0,13,D:\profile\research\data\GM_RM011\GM_RM011_frames\000013.png,GM_RM011_000013_001,car,0.52080237865448,271.148,253.068,798.545,592.976,179266.336,true,ultralytics_yolo11l_current_oty0,not_committed; current OTY0 baseline source table,backend_status=available; plug-in detection row only
GM_RM011,baseline_oty0,14,D:\profile\research\data\GM_RM011\GM_RM011_frames\000014.png,GM_RM011_000014_001,car,0.42134836316108704,270.433,265.474,798.507,592.307,172592.025,true,ultralytics_yolo11l_current_oty0,not_committed; current OTY0 baseline source table,backend_status=available; plug-in detection row only
GM_RM011,baseline_oty0,15,D:\profile\research\data\GM_RM011\GM_RM011_frames\000015.png,GM_RM011_000015_001,car,0.5983261466026306,272.057,277.084,798.659,592.913,166316.294,true,ultralytics_yolo11l_current_oty0,not_committed; current OTY0 baseline source table,backend_status=available; plug-in detection row only
GM_RM011,baseline_oty0,16,D:\profile\research\data\GM_RM011\GM_RM011_frames\000016.png,GM_RM011_000016_001,car,0.2822904586791992,270.669,283.125,798.675,591.577,162864.335,true,ultralytics_yolo11l_current_oty0,not_committed; current OTY0 baseline source table,backend_status=available; plug-in detection row only
GM_RM011,baseline_oty0,18,D:\profile\research\data\GM_RM011\GM_RM011_frames\000018.png,GM_RM011_000018_001,car,0.33273330330848694,264.229,304.981,798.825,593.025,153986.677,true,ultralytics_yolo11l_current_oty0,not_committed; current OTY0 baseline source table,backend_status=available; plug-in detection row only
GM_RM011,baseline_oty0,19,D:\profile\research\data\GM_RM011\GM_RM011_frames\000019.png,GM_RM011_000019_001,car,0.6370054483413696,0.166,298.249,87.010,580.195,24485.189,true,ultralytics_yolo11l_current_oty0,not_committed; current OTY0 baseline source table,backend_status=available; plug-in detection row only
GM_RM011,baseline_oty0,19,D:\profile\research\data\GM_RM011\GM_RM011_frames\000019.png,GM_RM011_000019_002,car,0.5721296668052673,250.627,287.832,797.227,593.273,166953.879,true,ultralytics_yolo11l_current_oty0,not_committed; current OTY0 baseline source table,backend_status=available; plug-in detection row only
GM_RM011,baseline_oty0,20,D:\profile\research\data\GM_RM011\GM_RM011_frames\000020.png,GM_RM011_000020_001,car,0.6909390687942505,239.538,229.860,793.535,593.071,201217.504,true,ultralytics_yolo11l_current_oty0,not_committed; current OTY0 baseline source table,backend_status=available; plug-in detection row only
GM_RM011,baseline_oty0,20,D:\profile\research\data\GM_RM011\GM_RM011_frames\000020.png,GM_RM011_000020_002,car,0.580050528049469,0.340,266.430,102.396,587.182,32734.774,true,ultralytics_yolo11l_current_oty0,not_committed; current OTY0 baseline source table,backend_status=available; plug-in detection row only
GM_RM011,baseline_oty0,21,D:\profile\research\data\GM_RM011\GM_RM011_frames\000021.png,GM_RM011_000021_001,car,0.8719737529754639,273.358,158.112,799.268,594.043,229260.571,true,ultralytics_yolo11l_current_oty0,not_committed; current OTY0 baseline source table,backend_status=available; plug-in detection row only
GM_RM011,baseline_oty0,21,D:\profile\research\data\GM_RM011\GM_RM011_frames\000021.png,GM_RM011_000021_002,car,0.8132137656211853,0.267,216.139,115.732,577.968,41778.859,true,ultralytics_yolo11l_current_oty0,not_committed; current OTY0 baseline source table,backend_status=available; plug-in detection row only
GM_RM011,baseline_oty0,22,D:\profile\research\data\GM_RM011\GM_RM011_frames\000022.png,GM_RM011_000022_001,car,0.899833619594574,319.363,158.099,798.966,593.502,208820.826,true,ultralytics_yolo11l_current_oty0,not_committed; current OTY0 baseline source table,backend_status=available; plug-in detection row only
GM_RM011,baseline_oty0,22,D:\profile\research\data\GM_RM011\GM_RM011_frames\000022.png,GM_RM011_000022_002,car,0.8740125298500061,0.405,207.272,141.117,593.689,54373.465,true,ultralytics_yolo11l_current_oty0,not_committed; current OTY0 baseline source table,backend_status=available; plug-in detection row only
GM_RM011,baseline_oty0,23,D:\profile\research\data\GM_RM011\GM_RM011_frames\000023.png,GM_RM011_000023_001,car,0.9172277450561523,364.744,258.751,799.059,592.745,145059.086,true,ultralytics_yolo11l_current_oty0,not_committed; current OTY0 baseline source table,backend_status=available; plug-in detection row only
GM_RM011,baseline_oty0,23,D:\profile\research\data\GM_RM011\GM_RM011_frames\000023.png,GM_RM011_000023_002,car,0.9028260111808777,0.741,248.628,177.260,593.772,60924.448,true,ultralytics_yolo11l_current_oty0,not_committed; current OTY0 baseline source table,backend_status=available; plug-in detection row only
GM_RM011,baseline_oty0,24,D:\profile\research\data\GM_RM011\GM_RM011_frames\000024.png,GM_RM011_000024_001,car,0.9080290794372559,0.917,290.496,208.949,594.064,63151.574,true,ultralytics_yolo11l_current_oty0,not_committed; current OTY0 baseline source table,backend_status=available; plug-in detection row only
GM_RM011,baseline_oty0,24,D:\profile\research\data\GM_RM011\GM_RM011_frames\000024.png,GM_RM011_000024_002,car,0.8843203783035278,408.958,368.738,798.612,593.702,87658.289,true,ultralytics_yolo11l_current_oty0,not_committed; current OTY0 baseline source table,backend_status=available; plug-in detection row only
GM_RM011,baseline_oty0,25,D:\profile\research\data\GM_RM011\GM_RM011_frames\000025.png,GM_RM011_000025_001,car,0.9261237978935242,0.919,289.381,227.926,594.071,69166.977,true,ultralytics_yolo11l_current_oty0,not_committed; current OTY0 baseline source table,backend_status=available; plug-in detection row only
GM_RM011,baseline_oty0,25,D:\profile\research\data\GM_RM011\GM_RM011_frames\000025.png,GM_RM011_000025_002,car,0.9002123475074768,442.873,401.254,798.966,594.415,68783.176,true,ultralytics_yolo11l_current_oty0,not_committed; current OTY0 baseline source table,backend_status=available; plug-in detection row only
GM_RM011,baseline_oty0,26,D:\profile\research\data\GM_RM011\GM_RM011_frames\000026.png,GM_RM011_000026_001,car,0.9338727593421936,473.199,396.916,798.814,594.738,64413.834,true,ultralytics_yolo11l_current_oty0,not_committed; current OTY0 baseline source table,backend_status=available; plug-in detection row only
GM_RM011,baseline_oty0,26,D:\profile\research\data\GM_RM011\GM_RM011_frames\000026.png,GM_RM011_000026_002,car,0.9211298823356628,1.085,288.190,244.123,594.029,74330.366,true,ultralytics_yolo11l_current_oty0,not_committed; current OTY0 baseline source table,backend_status=available; plug-in detection row only
GM_RM011,baseline_oty0,27,D:\profile\research\data\GM_RM011\GM_RM011_frames\000027.png,GM_RM011_000027_001,car,0.9375300407409668,492.253,378.824,799.226,595.073,66382.794,true,ultralytics_yolo11l_current_oty0,not_committed; current OTY0 baseline source table,backend_status=available; plug-in detection row only
GM_RM011,baseline_oty0,27,D:\profile\research\data\GM_RM011\GM_RM011_frames\000027.png,GM_RM011_000027_002,car,0.923403263092041,1.472,277.776,265.202,594.216,83454.674,true,ultralytics_yolo11l_current_oty0,not_committed; current OTY0 baseline source table,backend_status=available; plug-in detection row only
GM_RM011,baseline_oty0,28,D:\profile\research\data\GM_RM011\GM_RM011_frames\000028.png,GM_RM011_000028_001,car,0.9408754110336304,519.190,356.001,799.399,594.838,66924.113,true,ultralytics_yolo11l_current_oty0,not_committed; current OTY0 baseline source table,backend_status=available; plug-in detection row only
GM_RM011,baseline_oty0,28,D:\profile\research\data\GM_RM011\GM_RM011_frames\000028.png,GM_RM011_000028_002,car,0.9368191957473755,1.400,252.468,296.628,594.014,100834.024,true,ultralytics_yolo11l_current_oty0,not_committed; current OTY0 baseline source table,backend_status=available; plug-in detection row only
GM_RM011,baseline_oty0,29,D:\profile\research\data\GM_RM011\GM_RM011_frames\000029.png,GM_RM011_000029_001,car,0.9543466567993164,547.487,350.622,799.441,594.590,61468.818,true,ultralytics_yolo11l_current_oty0,not_committed; current OTY0 baseline source table,backend_status=available; plug-in detection row only
GM_RM011,baseline_oty0,29,D:\profile\research\data\GM_RM011\GM_RM011_frames\000029.png,GM_RM011_000029_002,car,0.9443614482879639,1.717,218.764,325.800,593.539,121458.210,true,ultralytics_yolo11l_current_oty0,not_committed; current OTY0 baseline source table,backend_status=available; plug-in detection row only
GM_RM011,baseline_oty0,30,D:\profile\research\data\GM_RM011\GM_RM011_frames\000030.png,GM_RM011_000030_001,car,0.9481701254844666,1.547,220.529,359.211,594.078,133605.218,true,ultralytics_yolo11l_current_oty0,not_committed; current OTY0 baseline source table,backend_status=available; plug-in detection row only
GM_RM011,baseline_oty0,30,D:\profile\research\data\GM_RM011\GM_RM011_frames\000030.png,GM_RM011_000030_002,car,0.9308579564094543,583.678,376.160,799.585,595.218,47296.454,true,ultralytics_yolo11l_current_oty0,not_committed; current OTY0 baseline source table,backend_status=available; plug-in detection row only
GM_RM011,baseline_oty0,31,D:\profile\research\data\GM_RM011\GM_RM011_frames\000031.png,GM_RM011_000031_001,car,0.9568430781364441,1.137,247.545,396.253,594.042,136906.405,true,ultralytics_yolo11l_current_oty0,not_committed; current OTY0 baseline source table,backend_status=available; plug-in detection row only
GM_RM011,baseline_oty0,31,D:\profile\research\data\GM_RM011\GM_RM011_frames\000031.png,GM_RM011_000031_002,car,0.9426142573356628,620.588,410.473,799.485,595.055,33021.161,true,ultralytics_yolo11l_current_oty0,not_committed; current OTY0 baseline source table,backend_status=available; plug-in detection row only
GM_RM011,baseline_oty0,32,D:\profile\research\data\GM_RM011\GM_RM011_frames\000032.png,GM_RM011_000032_001,car,0.9533479809761047,0.969,266.973,432.644,594.428,141354.481,true,ultralytics_yolo11l_current_oty0,not_committed; current OTY0 baseline source table,backend_status=available; plug-in detection row only
GM_RM011,baseline_oty0,32,D:\profile\research\data\GM_RM011\GM_RM011_frames\000032.png,GM_RM011_000032_002,car,0.7245826125144958,659.562,435.467,799.534,595.168,22353.812,true,ultralytics_yolo11l_current_oty0,not_committed; current OTY0 baseline source table,backend_status=available; plug-in detection row only
GM_RM011,baseline_oty0,33,D:\profile\research\data\GM_RM011\GM_RM011_frames\000033.png,GM_RM011_000033_001,car,0.9491788148880005,0.549,275.844,472.011,594.393,150183.938,true,ultralytics_yolo11l_current_oty0,not_committed; current OTY0 baseline source table,backend_status=available; plug-in detection row only
GM_RM011,baseline_oty0,33,D:\profile\research\data\GM_RM011\GM_RM011_frames\000033.png,GM_RM011_000033_002,car,0.8457455635070801,697.680,441.421,799.442,595.614,15690.928,true,ultralytics_yolo11l_current_oty0,not_committed; current OTY0 baseline source table,backend_status=available; plug-in detection row only
GM_RM011,baseline_oty0,34,D:\profile\research\data\GM_RM011\GM_RM011_frames\000034.png,GM_RM011_000034_001,car,0.9605587124824524,1.036,281.963,507.968,594.321,158344.144,true,ultralytics_yolo11l_current_oty0,not_committed; current OTY0 baseline source table,backend_status=available; plug-in detection row only
GM_RM011,baseline_oty0,34,D:\profile\research\data\GM_RM011\GM_RM011_frames\000034.png,GM_RM011_000034_002,car,0.8963468670845032,728.971,443.261,799.687,595.924,10795.668,true,ultralytics_yolo11l_current_oty0,not_committed; current OTY0 baseline source table,backend_status=available; plug-in detection row only
GM_RM011,baseline_oty0,35,D:\profile\research\data\GM_RM011\GM_RM011_frames\000035.png,GM_RM011_000035_001,car,0.9536440968513489,8.870,278.998,544.787,594.373,169015.058,true,ultralytics_yolo11l_current_oty0,not_committed; current OTY0 baseline source table,backend_status=available; plug-in detection row only
GM_RM011,baseline_oty0,35,D:\profile\research\data\GM_RM011\GM_RM011_frames\000035.png,GM_RM011_000035_002,car,0.6823451519012451,765.226,443.476,799.810,594.709,5230.328,true,ultralytics_yolo11l_current_oty0,not_committed; current OTY0 baseline source table,backend_status=available; plug-in detection row only
GM_RM011,baseline_oty0,121,D:\profile\research\data\GM_RM011\GM_RM011_frames\000121.png,GM_RM011_000121_001,car,0.9547771215438843,523.176,271.821,799.369,594.224,89045.125,true,ultralytics_yolo11l_current_oty0,not_committed; current OTY0 baseline source table,backend_status=available; plug-in detection row only
GM_RM011,baseline_oty0,121,D:\profile\research\data\GM_RM011\GM_RM011_frames\000121.png,GM_RM011_000121_002,car,0.8911559581756592,0.998,269.409,479.189,593.897,155167.176,true,ultralytics_yolo11l_current_oty0,not_committed; current OTY0 baseline source table,backend_status=available; plug-in detection row only
GM_RM011,baseline_oty0,121,D:\profile\research\data\GM_RM011\GM_RM011_frames\000121.png,GM_RM011_000121_003,car,0.6361564993858337,0.246,267.037,185.478,486.059,40569.980,true,ultralytics_yolo11l_current_oty0,not_committed; current OTY0 baseline source table,backend_status=available; plug-in detection row only
GM_RM011,baseline_oty0,122,D:\profile\research\data\GM_RM011\GM_RM011_frames\000122.png,GM_RM011_000122_001,car,0.9563158750534058,549.634,273.049,799.187,593.991,80092.043,true,ultralytics_yolo11l_current_oty0,not_committed; current OTY0 baseline source table,backend_status=available; plug-in detection row only
GM_RM011,baseline_oty0,122,D:\profile\research\data\GM_RM011\GM_RM011_frames\000122.png,GM_RM011_000122_002,car,0.9460625648498535,36.165,285.225,532.044,594.248,153238.100,true,ultralytics_yolo11l_current_oty0,not_committed; current OTY0 baseline source table,backend_status=available; plug-in detection row only
GM_RM011,baseline_oty0,122,D:\profile\research\data\GM_RM011\GM_RM011_frames\000122.png,GM_RM011_000122_003,car,0.93000727891922,0.372,277.648,213.522,592.556,67122.865,true,ultralytics_yolo11l_current_oty0,not_committed; current OTY0 baseline source table,backend_status=available; plug-in detection row only
GM_RM011,baseline_oty0,123,D:\profile\research\data\GM_RM011\GM_RM011_frames\000123.png,GM_RM011_000123_001,car,0.95440673828125,570.634,281.078,799.363,592.529,71238.000,true,ultralytics_yolo11l_current_oty0,not_committed; current OTY0 baseline source table,backend_status=available; plug-in detection row only
GM_RM011,baseline_oty0,123,D:\profile\research\data\GM_RM011\GM_RM011_frames\000123.png,GM_RM011_000123_002,car,0.9347127079963684,0.503,276.756,242.060,593.012,76394.046,true,ultralytics_yolo11l_current_oty0,not_committed; current OTY0 baseline source table,backend_status=available; plug-in detection row only
GM_RM011,baseline_oty0,123,D:\profile\research\data\GM_RM011\GM_RM011_frames\000123.png,GM_RM011_000123_003,car,0.9021322727203369,84.515,289.512,579.179,594.157,150696.841,true,ultralytics_yolo11l_current_oty0,not_committed; current OTY0 baseline source table,backend_status=available; plug-in detection row only
GM_RM011,baseline_oty0,124,D:\profile\research\data\GM_RM011\GM_RM011_frames\000124.png,GM_RM011_000124_001,car,0.9390607476234436,592.562,288.206,799.496,591.480,62757.541,true,ultralytics_yolo11l_current_oty0,not_committed; current OTY0 baseline source table,backend_status=available; plug-in detection row only
GM_RM011,baseline_oty0,124,D:\profile\research\data\GM_RM011\GM_RM011_frames\000124.png,GM_RM011_000124_002,car,0.9238787293434143,0.953,274.472,261.509,593.133,83028.960,true,ultralytics_yolo11l_current_oty0,not_committed; current OTY0 baseline source table,backend_status=available; plug-in detection row only
GM_RM011,baseline_oty0,124,D:\profile\research\data\GM_RM011\GM_RM011_frames\000124.png,GM_RM011_000124_003,car,0.9105685353279114,139.945,291.530,640.094,594.219,151389.873,true,ultralytics_yolo11l_current_oty0,not_committed; current OTY0 baseline source table,backend_status=available; plug-in detection row only
GM_RM011,baseline_oty0,125,D:\profile\research\data\GM_RM011\GM_RM011_frames\000125.png,GM_RM011_000125_001,car,0.944372832775116,0.636,279.174,284.447,593.827,89302.012,true,ultralytics_yolo11l_current_oty0,not_committed; current OTY0 baseline source table,backend_status=available; plug-in detection row only
GM_RM011,baseline_oty0,125,D:\profile\research\data\GM_RM011\GM_RM011_frames\000125.png,GM_RM011_000125_002,car,0.9342637062072754,620.778,288.801,799.520,542.608,45366.041,true,ultralytics_yolo11l_current_oty0,not_committed; current OTY0 baseline source table,backend_status=available; plug-in detection row only
GM_RM011,baseline_oty0,125,D:\profile\research\data\GM_RM011\GM_RM011_frames\000125.png,GM_RM011_000125_003,car,0.9224408864974976,200.678,294.713,704.698,594.601,151149.300,true,ultralytics_yolo11l_current_oty0,not_committed; current OTY0 baseline source table,backend_status=available; plug-in detection row only
GM_RM011,baseline_oty0,126,D:\profile\research\data\GM_RM011\GM_RM011_frames\000126.png,GM_RM011_000126_001,car,0.9502533078193665,0.685,281.481,305.026,594.527,95272.573,true,ultralytics_yolo11l_current_oty0,not_committed; current OTY0 baseline source table,backend_status=available; plug-in detection row only
GM_RM011,baseline_oty0,126,D:\profile\research\data\GM_RM011\GM_RM011_frames\000126.png,GM_RM011_000126_002,car,0.8985846638679504,648.497,285.452,799.624,520.721,35555.562,true,ultralytics_yolo11l_current_oty0,not_committed; current OTY0 baseline source table,backend_status=available; plug-in detection row only
GM_RM011,baseline_oty0,126,D:\profile\research\data\GM_RM011\GM_RM011_frames\000126.png,GM_RM011_000126_003,car,0.8831160664558411,258.142,293.661,777.261,594.094,155960.299,true,ultralytics_yolo11l_current_oty0,not_committed; current OTY0 baseline source table,backend_status=available; plug-in detection row only
GM_RM011,baseline_oty0,127,D:\profile\research\data\GM_RM011\GM_RM011_frames\000127.png,GM_RM011_000127_001,car,0.9599811434745789,1.126,279.454,329.640,593.788,103262.875,true,ultralytics_yolo11l_current_oty0,not_committed; current OTY0 baseline source table,backend_status=available; plug-in detection row only
GM_RM011,baseline_oty0,127,D:\profile\research\data\GM_RM011\GM_RM011_frames\000127.png,GM_RM011_000127_002,car,0.9510548114776611,305.856,294.702,799.505,594.194,147844.166,true,ultralytics_yolo11l_current_oty0,not_committed; current OTY0 baseline source table,backend_status=available; plug-in detection row only
GM_RM011,baseline_oty0,127,D:\profile\research\data\GM_RM011\GM_RM011_frames\000127.png,GM_RM011_000127_003,car,0.7711852788925171,667.428,290.139,799.500,495.967,27184.158,true,ultralytics_yolo11l_current_oty0,not_committed; current OTY0 baseline source table,backend_status=available; plug-in detection row only
GM_RM011,baseline_oty0,128,D:\profile\research\data\GM_RM011\GM_RM011_frames\000128.png,GM_RM011_000128_001,car,0.9656323790550232,1.062,272.434,351.874,594.025,112817.930,true,ultralytics_yolo11l_current_oty0,not_committed; current OTY0 baseline source table,backend_status=available; plug-in detection row only
GM_RM011,baseline_oty0,128,D:\profile\research\data\GM_RM011\GM_RM011_frames\000128.png,GM_RM011_000128_002,car,0.9361845850944519,355.187,292.491,798.840,594.113,133815.632,true,ultralytics_yolo11l_current_oty0,not_committed; current OTY0 baseline source table,backend_status=available; plug-in detection row only
GM_RM011,baseline_oty0,129,D:\profile\research\data\GM_RM011\GM_RM011_frames\000129.png,GM_RM011_000129_001,car,0.9608120918273926,0.912,280.125,375.624,593.985,117606.973,true,ultralytics_yolo11l_current_oty0,not_committed; current OTY0 baseline source table,backend_status=available; plug-in detection row only
GM_RM011,baseline_oty0,129,D:\profile\research\data\GM_RM011\GM_RM011_frames\000129.png,GM_RM011_000129_002,car,0.8312909007072449,407.903,297.790,799.391,593.939,115939.072,true,ultralytics_yolo11l_current_oty0,not_committed; current OTY0 baseline source table,backend_status=available; plug-in detection row only
GM_RM011,baseline_oty0,145,D:\profile\research\data\GM_RM011\GM_RM011_frames\000145.png,GM_RM011_000145_001,car,0.9657686948776245,169.915,287.283,528.819,595.749,110709.661,true,ultralytics_yolo11l_current_oty0,not_committed; current OTY0 baseline source table,backend_status=available; plug-in detection row only
GM_RM011,baseline_oty0,145,D:\profile\research\data\GM_RM011\GM_RM011_frames\000145.png,GM_RM011_000145_002,car,0.963722288608551,529.513,293.656,799.277,595.026,81298.605,true,ultralytics_yolo11l_current_oty0,not_committed; current OTY0 baseline source table,backend_status=available; plug-in detection row only
GM_RM011,baseline_oty0,145,D:\profile\research\data\GM_RM011\GM_RM011_frames\000145.png,GM_RM011_000145_003,car,0.8432728052139282,0.270,362.266,88.228,595.730,20535.139,true,ultralytics_yolo11l_current_oty0,not_committed; current OTY0 baseline source table,backend_status=available; plug-in detection row only
GM_RM011,baseline_oty0,146,D:\profile\research\data\GM_RM011\GM_RM011_frames\000146.png,GM_RM011_000146_001,car,0.9711648225784302,213.664,281.024,573.766,595.806,113353.377,true,ultralytics_yolo11l_current_oty0,not_committed; current OTY0 baseline source table,backend_status=available; plug-in detection row only
GM_RM011,baseline_oty0,146,D:\profile\research\data\GM_RM011\GM_RM011_frames\000146.png,GM_RM011_000146_002,car,0.9596076607704163,551.992,284.078,799.357,594.612,76815.039,true,ultralytics_yolo11l_current_oty0,not_committed; current OTY0 baseline source table,backend_status=available; plug-in detection row only
GM_RM011,baseline_oty0,147,D:\profile\research\data\GM_RM011\GM_RM011_frames\000147.png,GM_RM011_000147_001,car,0.968131959438324,253.882,273.217,617.508,595.266,117105.545,true,ultralytics_yolo11l_current_oty0,not_committed; current OTY0 baseline source table,backend_status=available; plug-in detection row only
GM_RM011,baseline_oty0,147,D:\profile\research\data\GM_RM011\GM_RM011_frames\000147.png,GM_RM011_000147_002,car,0.9491724967956543,574.164,271.691,799.201,594.181,72572.269,true,ultralytics_yolo11l_current_oty0,not_committed; current OTY0 baseline source table,backend_status=available; plug-in detection row only
GM_RM011,baseline_oty0,147,D:\profile\research\data\GM_RM011\GM_RM011_frames\000147.png,GM_RM011_000147_003,car,0.43974098563194275,0.268,313.470,172.128,595.398,48452.099,true,ultralytics_yolo11l_current_oty0,not_committed; current OTY0 baseline source table,backend_status=available; plug-in detection row only
GM_RM011,baseline_oty0,147,D:\profile\research\data\GM_RM011\GM_RM011_frames\000147.png,GM_RM011_000147_004,car,0.31561049818992615,0.083,431.567,39.842,507.433,3016.397,true,ultralytics_yolo11l_current_oty0,not_committed; current OTY0 baseline source table,backend_status=available; plug-in detection row only
GM_RM011,baseline_oty0,148,D:\profile\research\data\GM_RM011\GM_RM011_frames\000148.png,GM_RM011_000148_001,car,0.9710002541542053,290.927,267.232,659.854,595.097,120958.329,true,ultralytics_yolo11l_current_oty0,not_committed; current OTY0 baseline source table,backend_status=available; plug-in detection row only
GM_RM011,baseline_oty0,148,D:\profile\research\data\GM_RM011\GM_RM011_frames\000148.png,GM_RM011_000148_002,car,0.9357094168663025,601.525,269.449,799.566,592.445,63966.502,true,ultralytics_yolo11l_current_oty0,not_committed; current OTY0 baseline source table,backend_status=available; plug-in detection row only
GM_RM011,baseline_oty0,149,D:\profile\research\data\GM_RM011\GM_RM011_frames\000149.png,GM_RM011_000149_001,car,0.96233069896698,329.213,264.981,707.831,594.742,124853.205,true,ultralytics_yolo11l_current_oty0,not_committed; current OTY0 baseline source table,backend_status=available; plug-in detection row only
GM_RM011,baseline_oty0,149,D:\profile\research\data\GM_RM011\GM_RM011_frames\000149.png,GM_RM011_000149_002,car,0.8783500790596008,625.142,269.219,799.620,544.918,48103.492,true,ultralytics_yolo11l_current_oty0,not_committed; current OTY0 baseline source table,backend_status=available; plug-in detection row only
GM_RM011,baseline_oty0,150,D:\profile\research\data\GM_RM011\GM_RM011_frames\000150.png,GM_RM011_000150_001,car,0.9709158539772034,366.278,262.143,755.144,594.899,129397.500,true,ultralytics_yolo11l_current_oty0,not_committed; current OTY0 baseline source table,backend_status=available; plug-in detection row only
GM_RM011,baseline_oty0,150,D:\profile\research\data\GM_RM011\GM_RM011_frames\000150.png,GM_RM011_000150_002,car,0.901334285736084,652.757,268.978,799.637,520.050,36877.319,true,ultralytics_yolo11l_current_oty0,not_committed; current OTY0 baseline source table,backend_status=available; plug-in detection row only
GM_RM011,baseline_oty0,151,D:\profile\research\data\GM_RM011\GM_RM011_frames\000151.png,GM_RM011_000151_001,car,0.9596295952796936,408.158,260.930,799.051,594.375,130341.136,true,ultralytics_yolo11l_current_oty0,not_committed; current OTY0 baseline source table,backend_status=available; plug-in detection row only
GM_RM011,baseline_oty0,152,D:\profile\research\data\GM_RM011\GM_RM011_frames\000152.png,GM_RM011_000152_001,car,0.9528433680534363,446.603,268.592,799.879,594.558,115155.946,true,ultralytics_yolo11l_current_oty0,not_committed; current OTY0 baseline source table,backend_status=available; plug-in detection row only
GM_RM011,baseline_oty0,153,D:\profile\research\data\GM_RM011\GM_RM011_frames\000153.png,GM_RM011_000153_001,car,0.9541084170341492,484.544,273.816,799.399,594.811,101066.875,true,ultralytics_yolo11l_current_oty0,not_committed; current OTY0 baseline source table,backend_status=available; plug-in detection row only
GM_RM011,baseline_oty0,154,D:\profile\research\data\GM_RM011\GM_RM011_frames\000154.png,GM_RM011_000154_001,car,0.9281571507453918,514.820,274.903,799.522,595.086,91156.955,true,ultralytics_yolo11l_current_oty0,not_committed; current OTY0 baseline source table,backend_status=available; plug-in detection row only
GM_RM011,baseline_oty0,154,D:\profile\research\data\GM_RM011\GM_RM011_frames\000154.png,GM_RM011_000154_002,car,0.7087532877922058,0.233,375.079,31.823,504.087,4075.276,true,ultralytics_yolo11l_current_oty0,not_committed; current OTY0 baseline source table,backend_status=available; plug-in detection row only
GM_RM011,baseline_oty0,155,D:\profile\research\data\GM_RM011\GM_RM011_frames\000155.png,GM_RM011_000155_001,car,0.9069221019744873,536.417,272.141,799.490,595.118,84966.816,true,ultralytics_yolo11l_current_oty0,not_committed; current OTY0 baseline source table,backend_status=available; plug-in detection row only
GM_RM011,baseline_oty0,155,D:\profile\research\data\GM_RM011\GM_RM011_frames\000155.png,GM_RM011_000155_002,car,0.7254382371902466,0.229,360.206,64.334,540.522,11559.224,true,ultralytics_yolo11l_current_oty0,not_committed; current OTY0 baseline source table,backend_status=available; plug-in detection row only
GM_RM011,baseline_oty0,156,D:\profile\research\data\GM_RM011\GM_RM011_frames\000156.png,GM_RM011_000156_001,car,0.9213627576828003,555.917,268.921,799.513,594.985,79427.851,true,ultralytics_yolo11l_current_oty0,not_committed; current OTY0 baseline source table,backend_status=available; plug-in detection row only
GM_RM011,baseline_oty0,156,D:\profile\research\data\GM_RM011\GM_RM011_frames\000156.png,GM_RM011_000156_002,car,0.7489702701568604,0.281,354.887,98.056,569.356,20969.579,true,ultralytics_yolo11l_current_oty0,not_committed; current OTY0 baseline source table,backend_status=available; plug-in detection row only
GM_RM011,baseline_oty0,157,D:\profile\research\data\GM_RM011\GM_RM011_frames\000157.png,GM_RM011_000157_001,car,0.9492053389549255,576.332,268.256,799.604,595.014,72955.770,true,ultralytics_yolo11l_current_oty0,not_committed; current OTY0 baseline source table,backend_status=available; plug-in detection row only
GM_RM011,baseline_oty0,157,D:\profile\research\data\GM_RM011\GM_RM011_frames\000157.png,GM_RM011_000157_002,car,0.9111416935920715,0.234,346.700,129.473,589.856,31425.255,true,ultralytics_yolo11l_current_oty0,not_committed; current OTY0 baseline source table,backend_status=available; plug-in detection row only
GM_RM011,baseline_oty0,158,D:\profile\research\data\GM_RM011\GM_RM011_frames\000158.png,GM_RM011_000158_001,car,0.9517167806625366,597.698,266.524,799.317,594.458,66117.563,true,ultralytics_yolo11l_current_oty0,not_committed; current OTY0 baseline source table,backend_status=available; plug-in detection row only
GM_RM011,baseline_oty0,158,D:\profile\research\data\GM_RM011\GM_RM011_frames\000158.png,GM_RM011_000158_002,car,0.9167633056640625,0.438,330.528,165.637,594.665,43634.988,true,ultralytics_yolo11l_current_oty0,not_committed; current OTY0 baseline source table,backend_status=available; plug-in detection row only
GM_RM011,baseline_oty0,159,D:\profile\research\data\GM_RM011\GM_RM011_frames\000159.png,GM_RM011_000159_001,car,0.9527403116226196,616.984,258.683,799.543,592.453,60932.789,true,ultralytics_yolo11l_current_oty0,not_committed; current OTY0 baseline source table,backend_status=available; plug-in detection row only
GM_RM011,baseline_oty0,159,D:\profile\research\data\GM_RM011\GM_RM011_frames\000159.png,GM_RM011_000159_002,car,0.888325035572052,0.545,317.100,201.839,594.723,55883.801,true,ultralytics_yolo11l_current_oty0,not_committed; current OTY0 baseline source table,backend_status=available; plug-in detection row only
GM_RM011,baseline_oty0,160,D:\profile\research\data\GM_RM011\GM_RM011_frames\000160.png,GM_RM011_000160_001,car,0.9505331516265869,635.740,252.589,799.607,564.164,51056.973,true,ultralytics_yolo11l_current_oty0,not_committed; current OTY0 baseline source table,backend_status=available; plug-in detection row only
GM_RM011,baseline_oty0,160,D:\profile\research\data\GM_RM011\GM_RM011_frames\000160.png,GM_RM011_000160_002,car,0.5724401473999023,0.588,302.761,234.606,594.824,68348.131,true,ultralytics_yolo11l_current_oty0,not_committed; current OTY0 baseline source table,backend_status=available; plug-in detection row only
GM_RM011,baseline_oty0,161,D:\profile\research\data\GM_RM011\GM_RM011_frames\000161.png,GM_RM011_000161_001,car,0.9356850981712341,656.807,246.227,799.590,546.859,42925.209,true,ultralytics_yolo11l_current_oty0,not_committed; current OTY0 baseline source table,backend_status=available; plug-in detection row only
GM_RM011,baseline_oty0,161,D:\profile\research\data\GM_RM011\GM_RM011_frames\000161.png,GM_RM011_000161_002,car,0.7966568470001221,0.939,292.944,271.567,594.753,81677.963,true,ultralytics_yolo11l_current_oty0,not_committed; current OTY0 baseline source table,backend_status=available; plug-in detection row only
GM_RM011,baseline_oty0,162,D:\profile\research\data\GM_RM011\GM_RM011_frames\000162.png,GM_RM011_000162_001,car,0.6275019645690918,0.655,295.483,310.424,595.338,92885.838,true,ultralytics_yolo11l_current_oty0,not_committed; current OTY0 baseline source table,backend_status=available; plug-in detection row only
GM_RM011,baseline_oty0,163,D:\profile\research\data\GM_RM011\GM_RM011_frames\000163.png,GM_RM011_000163_001,car,0.5035457015037537,0.907,295.312,350.911,595.154,104946.299,true,ultralytics_yolo11l_current_oty0,not_committed; current OTY0 baseline source table,backend_status=available; plug-in detection row only
GM_RM011,baseline_oty0,163,D:\profile\research\data\GM_RM011\GM_RM011_frames\000163.png,GM_RM011_000163_002,car,0.4454958140850067,701.495,264.321,799.614,433.738,16623.082,true,ultralytics_yolo11l_current_oty0,not_committed; current OTY0 baseline source table,backend_status=available; plug-in detection row only
GM_RM011,baseline_oty0,164,D:\profile\research\data\GM_RM011\GM_RM011_frames\000164.png,GM_RM011_000164_001,car,0.8620007038116455,727.228,278.825,799.751,410.266,9532.446,true,ultralytics_yolo11l_current_oty0,not_committed; current OTY0 baseline source table,backend_status=available; plug-in detection row only
GM_RM011,baseline_oty0,164,D:\profile\research\data\GM_RM011\GM_RM011_frames\000164.png,GM_RM011_000164_002,car,0.398360937833786,1.057,304.882,397.375,594.926,114949.749,true,ultralytics_yolo11l_current_oty0,not_committed; current OTY0 baseline source table,backend_status=available; plug-in detection row only
GM_RM011,baseline_oty0,165,D:\profile\research\data\GM_RM011\GM_RM011_frames\000165.png,GM_RM011_000165_001,car,0.6774400472640991,747.166,281.678,799.698,421.053,7321.638,true,ultralytics_yolo11l_current_oty0,not_committed; current OTY0 baseline source table,backend_status=available; plug-in detection row only
GM_RM011,baseline_oty0,165,D:\profile\research\data\GM_RM011\GM_RM011_frames\000165.png,GM_RM011_000165_002,car,0.6070343255996704,1.220,309.318,454.549,594.492,129278.156,true,ultralytics_yolo11l_current_oty0,not_committed; current OTY0 baseline source table,backend_status=available; plug-in detection row only
GM_RM011,baseline_oty0,165,D:\profile\research\data\GM_RM011\GM_RM011_frames\000165.png,GM_RM011_000165_003,car,0.3076492249965668,725.251,279.253,799.465,424.216,10758.225,true,ultralytics_yolo11l_current_oty0,not_committed; current OTY0 baseline source table,backend_status=available; plug-in detection row only
GM_RM011,baseline_oty0,166,D:\profile\research\data\GM_RM011\GM_RM011_frames\000166.png,GM_RM011_000166_001,car,0.6720568537712097,1.565,325.946,503.322,593.899,134447.330,true,ultralytics_yolo11l_current_oty0,not_committed; current OTY0 baseline source table,backend_status=available; plug-in detection row only
GM_RM011,baseline_oty0,166,D:\profile\research\data\GM_RM011\GM_RM011_frames\000166.png,GM_RM011_000166_002,car,0.5280747413635254,771.061,311.984,799.716,454.107,4072.544,true,ultralytics_yolo11l_current_oty0,not_committed; current OTY0 baseline source table,backend_status=available; plug-in detection row only
GM_RM011,baseline_oty0,167,D:\profile\research\data\GM_RM011\GM_RM011_frames\000167.png,GM_RM011_000167_001,car,0.35346153378486633,9.404,309.981,557.225,592.875,154975.267,true,ultralytics_yolo11l_current_oty0,not_committed; current OTY0 baseline source table,backend_status=available; plug-in detection row only
GM_RM011,baseline_oty0,188,D:\profile\research\data\GM_RM011\GM_RM011_frames\000188.png,GM_RM011_000188_001,car,0.3635793626308441,278.378,283.801,798.067,593.054,160715.206,true,ultralytics_yolo11l_current_oty0,not_committed; current OTY0 baseline source table,backend_status=available; plug-in detection row only
GM_RM011,baseline_oty0,189,D:\profile\research\data\GM_RM011\GM_RM011_frames\000189.png,GM_RM011_000189_001,car,0.43300390243530273,345.246,289.929,798.984,594.287,138098.894,true,ultralytics_yolo11l_current_oty0,not_committed; current OTY0 baseline source table,backend_status=available; plug-in detection row only
GM_RM011,baseline_oty0,190,D:\profile\research\data\GM_RM011\GM_RM011_frames\000190.png,GM_RM011_000190_001,car,0.5411924123764038,401.073,308.998,799.142,594.090,113486.078,true,ultralytics_yolo11l_current_oty0,not_committed; current OTY0 baseline source table,backend_status=available; plug-in detection row only
GM_RM011,baseline_oty0,191,D:\profile\research\data\GM_RM011\GM_RM011_frames\000191.png,GM_RM011_000191_001,car,0.7958600521087646,457.894,316.587,798.702,593.680,94435.421,true,ultralytics_yolo11l_current_oty0,not_committed; current OTY0 baseline source table,backend_status=available; plug-in detection row only
GM_RM011,baseline_oty0,194,D:\profile\research\data\GM_RM011\GM_RM011_frames\000194.png,GM_RM011_000194_001,car,0.30280667543411255,586.293,373.455,799.242,594.478,47066.492,true,ultralytics_yolo11l_current_oty0,not_committed; current OTY0 baseline source table,backend_status=available; plug-in detection row only
GM_RM011,baseline_oty0,197,D:\profile\research\data\GM_RM011\GM_RM011_frames\000197.png,GM_RM011_000197_001,car,0.3462284207344055,724.236,410.464,799.629,594.762,13894.799,true,ultralytics_yolo11l_current_oty0,not_committed; current OTY0 baseline source table,backend_status=available; plug-in detection row only
GM_RM011,baseline_oty0,210,D:\profile\research\data\GM_RM011\GM_RM011_frames\000210.png,GM_RM011_000210_001,car,0.8368841409683228,0.321,394.777,75.504,594.409,15008.901,true,ultralytics_yolo11l_current_oty0,not_committed; current OTY0 baseline source table,backend_status=available; plug-in detection row only
GM_RM011,baseline_oty0,211,D:\profile\research\data\GM_RM011\GM_RM011_frames\000211.png,GM_RM011_000211_001,car,0.8696485161781311,0.330,385.214,111.640,594.987,23349.891,true,ultralytics_yolo11l_current_oty0,not_committed; current OTY0 baseline source table,backend_status=available; plug-in detection row only
GM_RM011,baseline_oty0,212,D:\profile\research\data\GM_RM011\GM_RM011_frames\000212.png,GM_RM011_000212_001,truck,0.5951718688011169,0.635,361.709,145.558,594.655,33759.157,true,ultralytics_yolo11l_current_oty0,not_committed; current OTY0 baseline source table,backend_status=available; plug-in detection row only
GM_RM011,baseline_oty0,212,D:\profile\research\data\GM_RM011\GM_RM011_frames\000212.png,GM_RM011_000212_002,car,0.5123556852340698,0.645,361.419,145.373,594.957,33799.433,true,ultralytics_yolo11l_current_oty0,not_committed; current OTY0 baseline source table,backend_status=available; plug-in detection row only
GM_RM011,baseline_oty0,213,D:\profile\research\data\GM_RM011\GM_RM011_frames\000213.png,GM_RM011_000213_001,truck,0.5703554153442383,0.675,345.126,184.070,594.310,45698.984,true,ultralytics_yolo11l_current_oty0,not_committed; current OTY0 baseline source table,backend_status=available; plug-in detection row only
GM_RM011,baseline_oty0,213,D:\profile\research\data\GM_RM011\GM_RM011_frames\000213.png,GM_RM011_000213_002,car,0.4387800395488739,0.756,345.350,183.937,594.663,45669.504,true,ultralytics_yolo11l_current_oty0,not_committed; current OTY0 baseline source table,backend_status=available; plug-in detection row only
GM_RM011,baseline_oty0,214,D:\profile\research\data\GM_RM011\GM_RM011_frames\000214.png,GM_RM011_000214_001,car,0.5852222442626953,0.633,331.930,225.799,594.807,59190.922,true,ultralytics_yolo11l_current_oty0,not_committed; current OTY0 baseline source table,backend_status=available; plug-in detection row only
GM_RM011,baseline_oty0,214,D:\profile\research\data\GM_RM011\GM_RM011_frames\000214.png,GM_RM011_000214_002,truck,0.5264718532562256,0.678,332.236,226.041,594.467,59096.991,true,ultralytics_yolo11l_current_oty0,not_committed; current OTY0 baseline source table,backend_status=available; plug-in detection row only
GM_RM011,baseline_oty0,256,D:\profile\research\data\GM_RM011\GM_RM011_frames\000256.png,GM_RM011_000256_001,car,0.4175416827201843,12.015,292.977,704.358,370.394,53599.020,true,ultralytics_yolo11l_current_oty0,not_committed; current OTY0 baseline source table,backend_status=available; plug-in detection row only
GM_RM011,baseline_oty0,257,D:\profile\research\data\GM_RM011\GM_RM011_frames\000257.png,GM_RM011_000257_001,car,0.3302631676197052,48.284,283.177,725.670,396.991,77096.217,true,ultralytics_yolo11l_current_oty0,not_committed; current OTY0 baseline source table,backend_status=available; plug-in detection row only
GM_RM011,baseline_oty0,257,D:\profile\research\data\GM_RM011\GM_RM011_frames\000257.png,GM_RM011_000257_002,car,0.26348334550857544,1.598,283.278,671.808,430.122,98416.128,true,ultralytics_yolo11l_current_oty0,not_committed; current OTY0 baseline source table,backend_status=available; plug-in detection row only
GM_RM011,baseline_oty0,258,D:\profile\research\data\GM_RM011\GM_RM011_frames\000258.png,GM_RM011_000258_001,car,0.3255529999732971,1.433,284.759,671.857,426.790,95220.962,true,ultralytics_yolo11l_current_oty0,not_committed; current OTY0 baseline source table,backend_status=available; plug-in detection row only
GM_RM011,baseline_oty0,258,D:\profile\research\data\GM_RM011\GM_RM011_frames\000258.png,GM_RM011_000258_002,car,0.26476454734802246,99.055,282.715,778.141,380.085,66122.646,true,ultralytics_yolo11l_current_oty0,not_committed; current OTY0 baseline source table,backend_status=available; plug-in detection row only
GM_RM011,baseline_oty0,259,D:\profile\research\data\GM_RM011\GM_RM011_frames\000259.png,GM_RM011_000259_001,car,0.3638395667076111,75.907,295.174,752.492,423.808,87031.884,true,ultralytics_yolo11l_current_oty0,not_committed; current OTY0 baseline source table,backend_status=available; plug-in detection row only
GM_RM011,baseline_oty0,260,D:\profile\research\data\GM_RM011\GM_RM011_frames\000260.png,GM_RM011_000260_001,car,0.4665835201740265,147.687,303.679,800.000,416.579,73646.126,true,ultralytics_yolo11l_current_oty0,not_committed; current OTY0 baseline source table,backend_status=available; plug-in detection row only
GM_RM011,baseline_oty0,260,D:\profile\research\data\GM_RM011\GM_RM011_frames\000260.png,GM_RM011_000260_002,car,0.36666813492774963,271.869,305.287,798.379,592.369,151151.532,true,ultralytics_yolo11l_current_oty0,not_committed; current OTY0 baseline source table,backend_status=available; plug-in detection row only
GM_RM011,baseline_oty0,260,D:\profile\research\data\GM_RM011\GM_RM011_frames\000260.png,GM_RM011_000260_003,car,0.2741110622882843,0.250,411.310,43.991,579.183,7342.921,true,ultralytics_yolo11l_current_oty0,not_committed; current OTY0 baseline source table,backend_status=available; plug-in detection row only
GM_RM011,baseline_oty0,261,D:\profile\research\data\GM_RM011\GM_RM011_frames\000261.png,GM_RM011_000261_001,car,0.5623356103897095,246.630,303.753,797.413,592.757,159178.617,true,ultralytics_yolo11l_current_oty0,not_committed; current OTY0 baseline source table,backend_status=available; plug-in detection row only
GM_RM011,baseline_oty0,261,D:\profile\research\data\GM_RM011\GM_RM011_frames\000261.png,GM_RM011_000261_002,car,0.41087931394577026,202.789,303.355,791.636,421.693,69683.020,true,ultralytics_yolo11l_current_oty0,not_committed; current OTY0 baseline source table,backend_status=available; plug-in detection row only
GM_RM011,baseline_oty0,261,D:\profile\research\data\GM_RM011\GM_RM011_frames\000261.png,GM_RM011_000261_003,car,0.38427111506462097,0.507,405.370,92.509,594.052,17359.235,true,ultralytics_yolo11l_current_oty0,not_committed; current OTY0 baseline source table,backend_status=available; plug-in detection row only
GM_RM011,baseline_oty0,262,D:\profile\research\data\GM_RM011\GM_RM011_frames\000262.png,GM_RM011_000262_001,car,0.8206765651702881,268.577,302.257,798.930,593.191,154297.398,true,ultralytics_yolo11l_current_oty0,not_committed; current OTY0 baseline source table,backend_status=available; plug-in detection row only
GM_RM011,baseline_oty0,262,D:\profile\research\data\GM_RM011\GM_RM011_frames\000262.png,GM_RM011_000262_002,car,0.7082099914550781,0.811,393.551,176.021,594.703,35243.817,true,ultralytics_yolo11l_current_oty0,not_committed; current OTY0 baseline source table,backend_status=available; plug-in detection row only
GM_RM011,baseline_oty0,263,D:\profile\research\data\GM_RM011\GM_RM011_frames\000263.png,GM_RM011_000263_001,car,0.904945433139801,334.227,302.425,798.236,593.308,134972.362,true,ultralytics_yolo11l_current_oty0,not_committed; current OTY0 baseline source table,backend_status=available; plug-in detection row only
GM_RM011,baseline_oty0,263,D:\profile\research\data\GM_RM011\GM_RM011_frames\000263.png,GM_RM011_000263_002,car,0.745434582233429,0.678,375.707,205.610,594.696,44877.844,true,ultralytics_yolo11l_current_oty0,not_committed; current OTY0 baseline source table,backend_status=available; plug-in detection row only
GM_RM011,baseline_oty0,264,D:\profile\research\data\GM_RM011\GM_RM011_frames\000264.png,GM_RM011_000264_001,car,0.9261447787284851,396.613,301.638,799.018,593.447,117425.592,true,ultralytics_yolo11l_current_oty0,not_committed; current OTY0 baseline source table,backend_status=available; plug-in detection row only
GM_RM011,baseline_oty0,264,D:\profile\research\data\GM_RM011\GM_RM011_frames\000264.png,GM_RM011_000264_002,car,0.8172445297241211,0.911,361.770,238.013,594.430,55164.195,true,ultralytics_yolo11l_current_oty0,not_committed; current OTY0 baseline source table,backend_status=available; plug-in detection row only
GM_RM011,baseline_oty0,265,D:\profile\research\data\GM_RM011\GM_RM011_frames\000265.png,GM_RM011_000265_001,car,0.8862658143043518,457.917,302.599,798.761,593.762,99241.205,true,ultralytics_yolo11l_current_oty0,not_committed; current OTY0 baseline source table,backend_status=available; plug-in detection row only
GM_RM011,baseline_oty0,265,D:\profile\research\data\GM_RM011\GM_RM011_frames\000265.png,GM_RM011_000265_002,car,0.7409510612487793,1.003,347.572,286.991,594.248,70546.215,true,ultralytics_yolo11l_current_oty0,not_committed; current OTY0 baseline source table,backend_status=available; plug-in detection row only
GM_RM011,baseline_oty0,266,D:\profile\research\data\GM_RM011\GM_RM011_frames\000266.png,GM_RM011_000266_001,car,0.8859335780143738,515.062,305.223,799.104,593.904,81997.553,true,ultralytics_yolo11l_current_oty0,not_committed; current OTY0 baseline source table,backend_status=available; plug-in detection row only
GM_RM011,baseline_oty0,266,D:\profile\research\data\GM_RM011\GM_RM011_frames\000266.png,GM_RM011_000266_002,car,0.777047336101532,1.417,342.248,345.561,594.142,86687.935,true,ultralytics_yolo11l_current_oty0,not_committed; current OTY0 baseline source table,backend_status=available; plug-in detection row only
GM_RM011,baseline_oty0,267,D:\profile\research\data\GM_RM011\GM_RM011_frames\000267.png,GM_RM011_000267_001,car,0.8385724425315857,571.099,315.449,799.027,594.287,63555.195,true,ultralytics_yolo11l_current_oty0,not_committed; current OTY0 baseline source table,backend_status=available; plug-in detection row only
GM_RM011,baseline_oty0,267,D:\profile\research\data\GM_RM011\GM_RM011_frames\000267.png,GM_RM011_000267_002,car,0.5907332897186279,1.344,339.017,404.978,594.137,102974.965,true,ultralytics_yolo11l_current_oty0,not_committed; current OTY0 baseline source table,backend_status=available; plug-in detection row only
GM_RM011,baseline_oty0,268,D:\profile\research\data\GM_RM011\GM_RM011_frames\000268.png,GM_RM011_000268_001,car,0.8121270537376404,622.975,327.321,799.213,593.763,46957.013,true,ultralytics_yolo11l_current_oty0,not_committed; current OTY0 baseline source table,backend_status=available; plug-in detection row only
GM_RM011,baseline_oty0,268,D:\profile\research\data\GM_RM011\GM_RM011_frames\000268.png,GM_RM011_000268_002,car,0.7482576370239258,1.383,334.101,472.838,594.161,122606.609,true,ultralytics_yolo11l_current_oty0,not_committed; current OTY0 baseline source table,backend_status=available; plug-in detection row only
GM_RM011,baseline_oty0,269,D:\profile\research\data\GM_RM011\GM_RM011_frames\000269.png,GM_RM011_000269_001,car,0.5997621417045593,8.893,327.688,554.390,593.540,145021.342,true,ultralytics_yolo11l_current_oty0,not_committed; current OTY0 baseline source table,backend_status=available; plug-in detection row only
GM_RM011,baseline_oty0,269,D:\profile\research\data\GM_RM011\GM_RM011_frames\000269.png,GM_RM011_000269_002,car,0.4094207286834717,671.922,333.727,799.506,590.985,32821.984,true,ultralytics_yolo11l_current_oty0,not_committed; current OTY0 baseline source table,backend_status=available; plug-in detection row only
GM_RM011,baseline_oty0,270,D:\profile\research\data\GM_RM011\GM_RM011_frames\000270.png,GM_RM011_000270_001,car,0.6732059717178345,724.474,351.406,799.752,554.928,15320.701,true,ultralytics_yolo11l_current_oty0,not_committed; current OTY0 baseline source table,backend_status=available; plug-in detection row only
GM_RM011,baseline_oty0,270,D:\profile\research\data\GM_RM011\GM_RM011_frames\000270.png,GM_RM011_000270_002,car,0.34706735610961914,15.858,321.052,648.916,593.330,172367.739,true,ultralytics_yolo11l_current_oty0,not_committed; current OTY0 baseline source table,backend_status=available; plug-in detection row only
GM_RM011,baseline_oty0,276,D:\profile\research\data\GM_RM011\GM_RM011_frames\000276.png,GM_RM011_000276_001,car,0.3235297203063965,1.988,291.091,673.785,375.745,56870.665,true,ultralytics_yolo11l_current_oty0,not_committed; current OTY0 baseline source table,backend_status=available; plug-in detection row only
GM_RM011,baseline_oty0,277,D:\profile\research\data\GM_RM011\GM_RM011_frames\000277.png,GM_RM011_000277_001,car,0.30799975991249084,12.527,285.834,700.536,381.567,65865.696,true,ultralytics_yolo11l_current_oty0,not_committed; current OTY0 baseline source table,backend_status=available; plug-in detection row only
GM_RM011,baseline_oty0,279,D:\profile\research\data\GM_RM011\GM_RM011_frames\000279.png,GM_RM011_000279_001,car,0.35946205258369446,228.667,282.744,795.045,591.903,175100.564,true,ultralytics_yolo11l_current_oty0,not_committed; current OTY0 baseline source table,backend_status=available; plug-in detection row only
GM_RM011,baseline_oty0,280,D:\profile\research\data\GM_RM011\GM_RM011_frames\000280.png,GM_RM011_000280_001,car,0.421414852142334,261.961,284.578,797.620,591.880,164608.932,true,ultralytics_yolo11l_current_oty0,not_committed; current OTY0 baseline source table,backend_status=available; plug-in detection row only
GM_RM011,baseline_oty0,281,D:\profile\research\data\GM_RM011\GM_RM011_frames\000281.png,GM_RM011_000281_001,car,0.25418737530708313,259.162,289.130,797.421,591.442,162722.022,true,ultralytics_yolo11l_current_oty0,not_committed; current OTY0 baseline source table,backend_status=available; plug-in detection row only
GM_RM011,baseline_oty0,282,D:\profile\research\data\GM_RM011\GM_RM011_frames\000282.png,GM_RM011_000282_001,car,0.4904618263244629,0.176,398.938,41.011,587.377,7694.977,true,ultralytics_yolo11l_current_oty0,not_committed; current OTY0 baseline source table,backend_status=available; plug-in detection row only
GM_RM011,baseline_oty0,283,D:\profile\research\data\GM_RM011\GM_RM011_frames\000283.png,GM_RM011_000283_001,car,0.8114071488380432,0.278,365.869,83.083,593.582,18855.959,true,ultralytics_yolo11l_current_oty0,not_committed; current OTY0 baseline source table,backend_status=available; plug-in detection row only
GM_RM011,baseline_oty0,283,D:\profile\research\data\GM_RM011\GM_RM011_frames\000283.png,GM_RM011_000283_002,car,0.3404541313648224,257.632,298.568,797.769,592.397,158708.177,true,ultralytics_yolo11l_current_oty0,not_committed; current OTY0 baseline source table,backend_status=available; plug-in detection row only
GM_RM011,baseline_oty0,284,D:\profile\research\data\GM_RM011\GM_RM011_frames\000284.png,GM_RM011_000284_001,car,0.6562418937683105,263.134,302.815,798.485,591.582,154592.072,true,ultralytics_yolo11l_current_oty0,not_committed; current OTY0 baseline source table,backend_status=available; plug-in detection row only
GM_RM011,baseline_oty0,284,D:\profile\research\data\GM_RM011\GM_RM011_frames\000284.png,GM_RM011_000284_002,car,0.47257909178733826,0.443,326.358,126.450,593.453,33656.032,true,ultralytics_yolo11l_current_oty0,not_committed; current OTY0 baseline source table,backend_status=available; plug-in detection row only
GM_RM011,baseline_oty0,285,D:\profile\research\data\GM_RM011\GM_RM011_frames\000285.png,GM_RM011_000285_001,car,0.8546273708343506,273.371,298.262,799.177,592.369,154643.162,true,ultralytics_yolo11l_current_oty0,not_committed; current OTY0 baseline source table,backend_status=available; plug-in detection row only
GM_RM011,baseline_oty0,285,D:\profile\research\data\GM_RM011\GM_RM011_frames\000285.png,GM_RM011_000285_002,car,0.5970142483711243,0.471,299.950,168.589,594.193,49467.687,true,ultralytics_yolo11l_current_oty0,not_committed; current OTY0 baseline source table,backend_status=available; plug-in detection row only
GM_RM011,baseline_oty0,286,D:\profile\research\data\GM_RM011\GM_RM011_frames\000286.png,GM_RM011_000286_001,car,0.9210120439529419,352.269,300.176,799.017,593.811,131180.866,true,ultralytics_yolo11l_current_oty0,not_committed; current OTY0 baseline source table,backend_status=available; plug-in detection row only
GM_RM011,baseline_oty0,286,D:\profile\research\data\GM_RM011\GM_RM011_frames\000286.png,GM_RM011_000286_002,car,0.5334954857826233,0.701,274.217,216.436,594.297,69052.313,true,ultralytics_yolo11l_current_oty0,not_committed; current OTY0 baseline source table,backend_status=available; plug-in detection row only
GM_RM011,baseline_oty0,287,D:\profile\research\data\GM_RM011\GM_RM011_frames\000287.png,GM_RM011_000287_001,car,0.9264947175979614,423.269,322.528,798.748,594.598,102156.455,true,ultralytics_yolo11l_current_oty0,not_committed; current OTY0 baseline source table,backend_status=available; plug-in detection row only
GM_RM011,baseline_oty0,287,D:\profile\research\data\GM_RM011\GM_RM011_frames\000287.png,GM_RM011_000287_002,car,0.3441549241542816,0.811,153.520,267.477,592.965,117184.750,true,ultralytics_yolo11l_current_oty0,not_committed; current OTY0 baseline source table,backend_status=available; plug-in detection row only
GM_RM011,baseline_oty0,288,D:\profile\research\data\GM_RM011\GM_RM011_frames\000288.png,GM_RM011_000288_001,car,0.8977399468421936,491.880,357.766,799.545,594.435,72814.557,true,ultralytics_yolo11l_current_oty0,not_committed; current OTY0 baseline source table,backend_status=available; plug-in detection row only
GM_RM011,baseline_oty0,288,D:\profile\research\data\GM_RM011\GM_RM011_frames\000288.png,GM_RM011_000288_002,car,0.4899062514305115,0.833,150.631,322.022,594.090,142433.860,true,ultralytics_yolo11l_current_oty0,not_committed; current OTY0 baseline source table,backend_status=available; plug-in detection row only
GM_RM011,baseline_oty0,289,D:\profile\research\data\GM_RM011\GM_RM011_frames\000289.png,GM_RM011_000289_001,car,0.8845701813697815,552.420,383.794,799.447,595.183,52218.834,true,ultralytics_yolo11l_current_oty0,not_committed; current OTY0 baseline source table,backend_status=available; plug-in detection row only
GM_RM011,baseline_oty0,289,D:\profile\research\data\GM_RM011\GM_RM011_frames\000289.png,GM_RM011_000289_002,car,0.6621373295783997,0.916,154.150,373.136,594.215,163800.981,true,ultralytics_yolo11l_current_oty0,not_committed; current OTY0 baseline source table,backend_status=available; plug-in detection row only
GM_RM011,baseline_oty0,289,D:\profile\research\data\GM_RM011\GM_RM011_frames\000289.png,GM_RM011_000289_003,truck,0.3450179994106293,1.541,153.420,371.461,594.830,163286.251,true,ultralytics_yolo11l_current_oty0,not_committed; current OTY0 baseline source table,backend_status=available; plug-in detection row only
GM_RM011,baseline_oty0,290,D:\profile\research\data\GM_RM011\GM_RM011_frames\000290.png,GM_RM011_000290_001,car,0.8943657875061035,609.960,387.905,799.394,594.576,39150.543,true,ultralytics_yolo11l_current_oty0,not_committed; current OTY0 baseline source table,backend_status=available; plug-in detection row only
GM_RM011,baseline_oty0,290,D:\profile\research\data\GM_RM011\GM_RM011_frames\000290.png,GM_RM011_000290_002,car,0.6800591349601746,1.607,153.086,430.136,593.850,188880.644,true,ultralytics_yolo11l_current_oty0,not_committed; current OTY0 baseline source table,backend_status=available; plug-in detection row only
GM_RM011,baseline_oty0,290,D:\profile\research\data\GM_RM011\GM_RM011_frames\000290.png,GM_RM011_000290_003,truck,0.3478972315788269,1.204,148.606,430.482,594.888,191579.142,true,ultralytics_yolo11l_current_oty0,not_committed; current OTY0 baseline source table,backend_status=available; plug-in detection row only
GM_RM011,baseline_oty0,291,D:\profile\research\data\GM_RM011\GM_RM011_frames\000291.png,GM_RM011_000291_001,car,0.9302699565887451,1.364,231.349,496.287,593.614,179293.192,true,ultralytics_yolo11l_current_oty0,not_committed; current OTY0 baseline source table,backend_status=available; plug-in detection row only
GM_RM011,baseline_oty0,291,D:\profile\research\data\GM_RM011\GM_RM011_frames\000291.png,GM_RM011_000291_002,car,0.8474332690238953,672.313,402.334,799.446,594.517,24432.853,true,ultralytics_yolo11l_current_oty0,not_committed; current OTY0 baseline source table,backend_status=available; plug-in detection row only
GM_RM011,baseline_oty0,292,D:\profile\research\data\GM_RM011\GM_RM011_frames\000292.png,GM_RM011_000292_001,car,0.8783913850784302,9.698,230.603,566.073,593.363,201830.212,true,ultralytics_yolo11l_current_oty0,not_committed; current OTY0 baseline source table,backend_status=available; plug-in detection row only
GM_RM011,baseline_oty0,292,D:\profile\research\data\GM_RM011\GM_RM011_frames\000292.png,GM_RM011_000292_002,car,0.8736861944198608,736.873,423.756,799.723,594.346,10721.610,true,ultralytics_yolo11l_current_oty0,not_committed; current OTY0 baseline source table,backend_status=available; plug-in detection row only
GM_RM011,ultralytics_yolo11n_downloaded,13,D:\profile\research\data\GM_RM011\GM_RM011_frames\000013.png,GM_RM011_000013_ultralytics_yolo11n_downloaded_001,car,0.838209450,4.745,253.136,798.554,598.971,274527.361,true,ultralytics_yolo11n,D:\models\ultralytics\yolo11n.pt,backend_status=available; plug-in detection row only
GM_RM011,ultralytics_yolo11n_downloaded,14,D:\profile\research\data\GM_RM011\GM_RM011_frames\000014.png,GM_RM011_000014_ultralytics_yolo11n_downloaded_001,car,0.727804899,3.707,264.327,798.903,598.888,266040.986,true,ultralytics_yolo11n,D:\models\ultralytics\yolo11n.pt,backend_status=available; plug-in detection row only
GM_RM011,ultralytics_yolo11n_downloaded,15,D:\profile\research\data\GM_RM011\GM_RM011_frames\000015.png,GM_RM011_000015_ultralytics_yolo11n_downloaded_001,car,0.716201901,18.713,275.885,798.457,599.120,252040.556,true,ultralytics_yolo11n,D:\models\ultralytics\yolo11n.pt,backend_status=available; plug-in detection row only
GM_RM011,ultralytics_yolo11n_downloaded,16,D:\profile\research\data\GM_RM011\GM_RM011_frames\000016.png,GM_RM011_000016_ultralytics_yolo11n_downloaded_001,car,0.716340661,68.202,280.405,798.966,599.143,232922.606,true,ultralytics_yolo11n,D:\models\ultralytics\yolo11n.pt,backend_status=available; plug-in detection row only
GM_RM011,ultralytics_yolo11n_downloaded,17,D:\profile\research\data\GM_RM011\GM_RM011_frames\000017.png,GM_RM011_000017_ultralytics_yolo11n_downloaded_001,car,0.680851877,107.208,301.725,798.889,599.320,205840.624,true,ultralytics_yolo11n,D:\models\ultralytics\yolo11n.pt,backend_status=available; plug-in detection row only
GM_RM011,ultralytics_yolo11n_downloaded,18,D:\profile\research\data\GM_RM011\GM_RM011_frames\000018.png,GM_RM011_000018_ultralytics_yolo11n_downloaded_001,car,0.721641898,162.440,302.018,799.224,599.123,189191.593,true,ultralytics_yolo11n,D:\models\ultralytics\yolo11n.pt,backend_status=available; plug-in detection row only
GM_RM011,ultralytics_yolo11n_downloaded,19,D:\profile\research\data\GM_RM011\GM_RM011_frames\000019.png,GM_RM011_000019_ultralytics_yolo11n_downloaded_001,car,0.646569192,181.501,283.992,799.743,599.493,195055.875,true,ultralytics_yolo11n,D:\models\ultralytics\yolo11n.pt,backend_status=available; plug-in detection row only
GM_RM011,ultralytics_yolo11n_downloaded,20,D:\profile\research\data\GM_RM011\GM_RM011_frames\000020.png,GM_RM011_000020_ultralytics_yolo11n_downloaded_001,car,0.808242023,226.355,232.090,797.679,598.879,209555.702,true,ultralytics_yolo11n,D:\models\ultralytics\yolo11n.pt,backend_status=available; plug-in detection row only
GM_RM011,ultralytics_yolo11n_downloaded,21,D:\profile\research\data\GM_RM011\GM_RM011_frames\000021.png,GM_RM011_000021_ultralytics_yolo11n_downloaded_001,car,0.656494379,273.706,148.974,799.753,598.930,236697.706,true,ultralytics_yolo11n,D:\models\ultralytics\yolo11n.pt,backend_status=available; plug-in detection row only
GM_RM011,ultralytics_yolo11n_downloaded,21,D:\profile\research\data\GM_RM011\GM_RM011_frames\000021.png,GM_RM011_000021_ultralytics_yolo11n_downloaded_002,car,0.501249075,0.328,215.088,114.482,577.905,41416.776,true,ultralytics_yolo11n,D:\models\ultralytics\yolo11n.pt,backend_status=available; plug-in detection row only
GM_RM011,ultralytics_yolo11n_downloaded,22,D:\profile\research\data\GM_RM011\GM_RM011_frames\000022.png,GM_RM011_000022_ultralytics_yolo11n_downloaded_001,car,0.693722665,0.381,206.194,140.245,598.021,54802.629,true,ultralytics_yolo11n,D:\models\ultralytics\yolo11n.pt,backend_status=available; plug-in detection row only
GM_RM011,ultralytics_yolo11n_downloaded,22,D:\profile\research\data\GM_RM011\GM_RM011_frames\000022.png,GM_RM011_000022_ultralytics_yolo11n_downloaded_002,car,0.671306670,319.557,156.495,799.470,599.159,212440.201,true,ultralytics_yolo11n,D:\models\ultralytics\yolo11n.pt,backend_status=available; plug-in detection row only
GM_RM011,ultralytics_yolo11n_downloaded,23,D:\profile\research\data\GM_RM011\GM_RM011_frames\000023.png,GM_RM011_000023_ultralytics_yolo11n_downloaded_001,car,0.730004609,0.516,244.610,174.469,599.350,61707.914,true,ultralytics_yolo11n,D:\models\ultralytics\yolo11n.pt,backend_status=available; plug-in detection row only
GM_RM011,ultralytics_yolo11n_downloaded,23,D:\profile\research\data\GM_RM011\GM_RM011_frames\000023.png,GM_RM011_000023_ultralytics_yolo11n_downloaded_002,toilet,0.410018742,366.958,254.322,799.490,599.277,149203.969,false,ultralytics_yolo11n,D:\models\ultralytics\yolo11n.pt,backend_status=available; plug-in detection row only
GM_RM011,ultralytics_yolo11n_downloaded,24,D:\profile\research\data\GM_RM011\GM_RM011_frames\000024.png,GM_RM011_000024_ultralytics_yolo11n_downloaded_001,car,0.625925004,0.707,291.235,204.109,599.547,62711.321,true,ultralytics_yolo11n,D:\models\ultralytics\yolo11n.pt,backend_status=available; plug-in detection row only
GM_RM011,ultralytics_yolo11n_downloaded,25,D:\profile\research\data\GM_RM011\GM_RM011_frames\000025.png,GM_RM011_000025_ultralytics_yolo11n_downloaded_001,car,0.625043690,0.994,290.261,224.856,599.593,69247.746,true,ultralytics_yolo11n,D:\models\ultralytics\yolo11n.pt,backend_status=available; plug-in detection row only
GM_RM011,ultralytics_yolo11n_downloaded,26,D:\profile\research\data\GM_RM011\GM_RM011_frames\000026.png,GM_RM011_000026_ultralytics_yolo11n_downloaded_001,car,0.677609265,1.063,289.240,244.543,599.648,75578.130,true,ultralytics_yolo11n,D:\models\ultralytics\yolo11n.pt,backend_status=available; plug-in detection row only
GM_RM011,ultralytics_yolo11n_downloaded,27,D:\profile\research\data\GM_RM011\GM_RM011_frames\000027.png,GM_RM011_000027_ultralytics_yolo11n_downloaded_001,car,0.695161819,1.054,278.965,264.662,599.626,84528.908,true,ultralytics_yolo11n,D:\models\ultralytics\yolo11n.pt,backend_status=available; plug-in detection row only
GM_RM011,ultralytics_yolo11n_downloaded,27,D:\profile\research\data\GM_RM011\GM_RM011_frames\000027.png,GM_RM011_000027_ultralytics_yolo11n_downloaded_002,car,0.278166115,492.958,376.603,798.821,599.742,68249.896,true,ultralytics_yolo11n,D:\models\ultralytics\yolo11n.pt,backend_status=available; plug-in detection row only
GM_RM011,ultralytics_yolo11n_downloaded,28,D:\profile\research\data\GM_RM011\GM_RM011_frames\000028.png,GM_RM011_000028_ultralytics_yolo11n_downloaded_001,car,0.791065633,0.963,253.226,295.485,599.503,101985.931,true,ultralytics_yolo11n,D:\models\ultralytics\yolo11n.pt,backend_status=available; plug-in detection row only
GM_RM011,ultralytics_yolo11n_downloaded,28,D:\profile\research\data\GM_RM011\GM_RM011_frames\000028.png,GM_RM011_000028_ultralytics_yolo11n_downloaded_002,car,0.627814412,520.426,354.327,799.247,599.372,68323.743,true,ultralytics_yolo11n,D:\models\ultralytics\yolo11n.pt,backend_status=available; plug-in detection row only
GM_RM011,ultralytics_yolo11n_downloaded,29,D:\profile\research\data\GM_RM011\GM_RM011_frames\000029.png,GM_RM011_000029_ultralytics_yolo11n_downloaded_001,car,0.849551499,1.230,219.761,324.134,598.987,122453.381,true,ultralytics_yolo11n,D:\models\ultralytics\yolo11n.pt,backend_status=available; plug-in detection row only
GM_RM011,ultralytics_yolo11n_downloaded,29,D:\profile\research\data\GM_RM011\GM_RM011_frames\000029.png,GM_RM011_000029_ultralytics_yolo11n_downloaded_002,car,0.815244734,548.256,348.502,799.323,599.460,63007.186,true,ultralytics_yolo11n,D:\models\ultralytics\yolo11n.pt,backend_status=available; plug-in detection row only
GM_RM011,ultralytics_yolo11n_downloaded,30,D:\profile\research\data\GM_RM011\GM_RM011_frames\000030.png,GM_RM011_000030_ultralytics_yolo11n_downloaded_001,car,0.843076587,1.495,223.902,360.784,598.797,134695.345,true,ultralytics_yolo11n,D:\models\ultralytics\yolo11n.pt,backend_status=available; plug-in detection row only
GM_RM011,ultralytics_yolo11n_downloaded,30,D:\profile\research\data\GM_RM011\GM_RM011_frames\000030.png,GM_RM011_000030_ultralytics_yolo11n_downloaded_002,car,0.782414019,583.968,376.048,799.313,599.342,48085.241,true,ultralytics_yolo11n,D:\models\ultralytics\yolo11n.pt,backend_status=available; plug-in detection row only
GM_RM011,ultralytics_yolo11n_downloaded,31,D:\profile\research\data\GM_RM011\GM_RM011_frames\000031.png,GM_RM011_000031_ultralytics_yolo11n_downloaded_001,car,0.837097526,0.708,248.602,396.464,599.504,138871.367,true,ultralytics_yolo11n,D:\models\ultralytics\yolo11n.pt,backend_status=available; plug-in detection row only
GM_RM011,ultralytics_yolo11n_downloaded,31,D:\profile\research\data\GM_RM011\GM_RM011_frames\000031.png,GM_RM011_000031_ultralytics_yolo11n_downloaded_002,car,0.768506289,622.338,409.753,799.597,599.163,33574.563,true,ultralytics_yolo11n,D:\models\ultralytics\yolo11n.pt,backend_status=available; plug-in detection row only
GM_RM011,ultralytics_yolo11n_downloaded,32,D:\profile\research\data\GM_RM011\GM_RM011_frames\000032.png,GM_RM011_000032_ultralytics_yolo11n_downloaded_001,car,0.823871791,1.472,265.164,433.775,599.719,144628.672,true,ultralytics_yolo11n,D:\models\ultralytics\yolo11n.pt,backend_status=available; plug-in detection row only
GM_RM011,ultralytics_yolo11n_downloaded,32,D:\profile\research\data\GM_RM011\GM_RM011_frames\000032.png,GM_RM011_000032_ultralytics_yolo11n_downloaded_002,car,0.780795515,661.541,435.378,799.229,599.492,22596.529,true,ultralytics_yolo11n,D:\models\ultralytics\yolo11n.pt,backend_status=available; plug-in detection row only
GM_RM011,ultralytics_yolo11n_downloaded,33,D:\profile\research\data\GM_RM011\GM_RM011_frames\000033.png,GM_RM011_000033_ultralytics_yolo11n_downloaded_001,car,0.753109336,0.334,273.587,470.688,599.420,153257.137,true,ultralytics_yolo11n,D:\models\ultralytics\yolo11n.pt,backend_status=available; plug-in detection row only
GM_RM011,ultralytics_yolo11n_downloaded,33,D:\profile\research\data\GM_RM011\GM_RM011_frames\000033.png,GM_RM011_000033_ultralytics_yolo11n_downloaded_002,car,0.684311628,699.188,441.737,799.224,599.493,15781.366,true,ultralytics_yolo11n,D:\models\ultralytics\yolo11n.pt,backend_status=available; plug-in detection row only
GM_RM011,ultralytics_yolo11n_downloaded,34,D:\profile\research\data\GM_RM011\GM_RM011_frames\000034.png,GM_RM011_000034_ultralytics_yolo11n_downloaded_001,car,0.700243413,0.000,280.470,509.377,599.449,162480.705,true,ultralytics_yolo11n,D:\models\ultralytics\yolo11n.pt,backend_status=available; plug-in detection row only
GM_RM011,ultralytics_yolo11n_downloaded,34,D:\profile\research\data\GM_RM011\GM_RM011_frames\000034.png,GM_RM011_000034_ultralytics_yolo11n_downloaded_002,car,0.592171073,729.808,443.817,799.777,599.221,10873.455,true,ultralytics_yolo11n,D:\models\ultralytics\yolo11n.pt,backend_status=available; plug-in detection row only
GM_RM011,ultralytics_yolo11n_downloaded,35,D:\profile\research\data\GM_RM011\GM_RM011_frames\000035.png,GM_RM011_000035_ultralytics_yolo11n_downloaded_001,car,0.616579890,11.939,278.342,546.868,599.460,171775.219,true,ultralytics_yolo11n,D:\models\ultralytics\yolo11n.pt,backend_status=available; plug-in detection row only
GM_RM011,ultralytics_yolo11n_downloaded,35,D:\profile\research\data\GM_RM011\GM_RM011_frames\000035.png,GM_RM011_000035_ultralytics_yolo11n_downloaded_002,car,0.300447226,766.912,443.164,799.773,596.569,5041.143,true,ultralytics_yolo11n,D:\models\ultralytics\yolo11n.pt,backend_status=available; plug-in detection row only
GM_RM011,ultralytics_yolo11n_downloaded,256,D:\profile\research\data\GM_RM011\GM_RM011_frames\000256.png,GM_RM011_000256_ultralytics_yolo11n_downloaded_001,car,0.835382700,0.868,291.792,797.497,598.951,244691.941,true,ultralytics_yolo11n,D:\models\ultralytics\yolo11n.pt,backend_status=available; plug-in detection row only
GM_RM011,ultralytics_yolo11n_downloaded,257,D:\profile\research\data\GM_RM011\GM_RM011_frames\000257.png,GM_RM011_000257_ultralytics_yolo11n_downloaded_001,car,0.793465972,2.330,280.629,798.453,598.691,253216.376,true,ultralytics_yolo11n,D:\models\ultralytics\yolo11n.pt,backend_status=available; plug-in detection row only
GM_RM011,ultralytics_yolo11n_downloaded,258,D:\profile\research\data\GM_RM011\GM_RM011_frames\000258.png,GM_RM011_000258_ultralytics_yolo11n_downloaded_001,car,0.762260079,0.000,279.327,797.584,598.635,254675.114,true,ultralytics_yolo11n,D:\models\ultralytics\yolo11n.pt,backend_status=available; plug-in detection row only
GM_RM011,ultralytics_yolo11n_downloaded,259,D:\profile\research\data\GM_RM011\GM_RM011_frames\000259.png,GM_RM011_000259_ultralytics_yolo11n_downloaded_001,car,0.803449869,27.596,291.973,797.691,599.325,236690.686,true,ultralytics_yolo11n,D:\models\ultralytics\yolo11n.pt,backend_status=available; plug-in detection row only
GM_RM011,ultralytics_yolo11n_downloaded,260,D:\profile\research\data\GM_RM011\GM_RM011_frames\000260.png,GM_RM011_000260_ultralytics_yolo11n_downloaded_001,car,0.833008349,125.346,299.583,799.307,599.078,201847.763,true,ultralytics_yolo11n,D:\models\ultralytics\yolo11n.pt,backend_status=available; plug-in detection row only
GM_RM011,ultralytics_yolo11n_downloaded,261,D:\profile\research\data\GM_RM011\GM_RM011_frames\000261.png,GM_RM011_000261_ultralytics_yolo11n_downloaded_001,car,0.809443116,200.111,300.731,798.848,599.153,178676.154,true,ultralytics_yolo11n,D:\models\ultralytics\yolo11n.pt,backend_status=available; plug-in detection row only
GM_RM011,ultralytics_yolo11n_downloaded,262,D:\profile\research\data\GM_RM011\GM_RM011_frames\000262.png,GM_RM011_000262_ultralytics_yolo11n_downloaded_001,car,0.756582797,267.174,301.395,798.828,599.391,158430.937,true,ultralytics_yolo11n,D:\models\ultralytics\yolo11n.pt,backend_status=available; plug-in detection row only
GM_RM011,ultralytics_yolo11n_downloaded,262,D:\profile\research\data\GM_RM011\GM_RM011_frames\000262.png,GM_RM011_000262_ultralytics_yolo11n_downloaded_002,car,0.393893868,0.391,392.285,172.267,599.529,35620.313,true,ultralytics_yolo11n,D:\models\ultralytics\yolo11n.pt,backend_status=available; plug-in detection row only
GM_RM011,ultralytics_yolo11n_downloaded,263,D:\profile\research\data\GM_RM011\GM_RM011_frames\000263.png,GM_RM011_000263_ultralytics_yolo11n_downloaded_001,car,0.729683638,336.425,301.485,799.229,599.517,137930.456,true,ultralytics_yolo11n,D:\models\ultralytics\yolo11n.pt,backend_status=available; plug-in detection row only
GM_RM011,ultralytics_yolo11n_downloaded,263,D:\profile\research\data\GM_RM011\GM_RM011_frames\000263.png,GM_RM011_000263_ultralytics_yolo11n_downloaded_002,car,0.493405282,0.428,375.755,203.073,599.406,45321.764,true,ultralytics_yolo11n,D:\models\ultralytics\yolo11n.pt,backend_status=available; plug-in detection row only
GM_RM011,ultralytics_yolo11n_downloaded,264,D:\profile\research\data\GM_RM011\GM_RM011_frames\000264.png,GM_RM011_000264_ultralytics_yolo11n_downloaded_001,car,0.588566780,0.553,360.225,241.620,599.385,57653.755,true,ultralytics_yolo11n,D:\models\ultralytics\yolo11n.pt,backend_status=available; plug-in detection row only
GM_RM011,ultralytics_yolo11n_downloaded,264,D:\profile\research\data\GM_RM011\GM_RM011_frames\000264.png,GM_RM011_000264_ultralytics_yolo11n_downloaded_002,car,0.544804931,396.651,300.812,798.903,598.823,119875.670,true,ultralytics_yolo11n,D:\models\ultralytics\yolo11n.pt,backend_status=available; plug-in detection row only
GM_RM011,ultralytics_yolo11n_downloaded,265,D:\profile\research\data\GM_RM011\GM_RM011_frames\000265.png,GM_RM011_000265_ultralytics_yolo11n_downloaded_001,boat,0.297543198,455.919,301.913,799.090,599.520,102129.933,false,ultralytics_yolo11n,D:\models\ultralytics\yolo11n.pt,backend_status=available; plug-in detection row only
GM_RM011,ultralytics_yolo11n_downloaded,266,D:\profile\research\data\GM_RM011\GM_RM011_frames\000266.png,GM_RM011_000266_ultralytics_yolo11n_downloaded_001,boat,0.654449880,0.831,343.165,345.856,599.544,88457.004,false,ultralytics_yolo11n,D:\models\ultralytics\yolo11n.pt,backend_status=available; plug-in detection row only
GM_RM011,ultralytics_yolo11n_downloaded,266,D:\profile\research\data\GM_RM011\GM_RM011_frames\000266.png,GM_RM011_000266_ultralytics_yolo11n_downloaded_002,boat,0.641231775,512.324,306.565,798.843,599.779,84011.136,false,ultralytics_yolo11n,D:\models\ultralytics\yolo11n.pt,backend_status=available; plug-in detection row only
GM_RM011,ultralytics_yolo11n_downloaded,267,D:\profile\research\data\GM_RM011\GM_RM011_frames\000267.png,GM_RM011_000267_ultralytics_yolo11n_downloaded_001,boat,0.873921096,570.289,317.422,798.860,599.588,64494.860,false,ultralytics_yolo11n,D:\models\ultralytics\yolo11n.pt,backend_status=available; plug-in detection row only
GM_RM011,ultralytics_yolo11n_downloaded,267,D:\profile\research\data\GM_RM011\GM_RM011_frames\000267.png,GM_RM011_000267_ultralytics_yolo11n_downloaded_002,boat,0.747939229,1.559,338.866,407.790,599.446,105855.780,false,ultralytics_yolo11n,D:\models\ultralytics\yolo11n.pt,backend_status=available; plug-in detection row only
GM_RM011,ultralytics_yolo11n_downloaded,268,D:\profile\research\data\GM_RM011\GM_RM011_frames\000268.png,GM_RM011_000268_ultralytics_yolo11n_downloaded_001,boat,0.475198120,621.958,327.499,799.683,599.066,48264.457,false,ultralytics_yolo11n,D:\models\ultralytics\yolo11n.pt,backend_status=available; plug-in detection row only
GM_RM011,ultralytics_yolo11n_downloaded,268,D:\profile\research\data\GM_RM011\GM_RM011_frames\000268.png,GM_RM011_000268_ultralytics_yolo11n_downloaded_002,boat,0.373790771,1.474,330.153,476.757,599.304,127922.832,false,ultralytics_yolo11n,D:\models\ultralytics\yolo11n.pt,backend_status=available; plug-in detection row only
GM_RM011,ultralytics_yolo11n_downloaded,269,D:\profile\research\data\GM_RM011\GM_RM011_frames\000269.png,GM_RM011_000269_ultralytics_yolo11n_downloaded_001,boat,0.737280130,0.826,323.823,562.548,599.120,154640.045,false,ultralytics_yolo11n,D:\models\ultralytics\yolo11n.pt,backend_status=available; plug-in detection row only
GM_RM011,ultralytics_yolo11n_downloaded,269,D:\profile\research\data\GM_RM011\GM_RM011_frames\000269.png,GM_RM011_000269_ultralytics_yolo11n_downloaded_002,boat,0.485318601,665.032,336.443,799.751,592.938,34554.724,false,ultralytics_yolo11n,D:\models\ultralytics\yolo11n.pt,backend_status=available; plug-in detection row only
GM_RM011,ultralytics_yolo11n_downloaded,270,D:\profile\research\data\GM_RM011\GM_RM011_frames\000270.png,GM_RM011_000270_ultralytics_yolo11n_downloaded_001,car,0.698103964,1.512,317.456,641.111,598.637,179842.925,true,ultralytics_yolo11n,D:\models\ultralytics\yolo11n.pt,backend_status=available; plug-in detection row only
GM_RM011,ultralytics_yolo11n_downloaded,271,D:\profile\research\data\GM_RM011\GM_RM011_frames\000271.png,GM_RM011_000271_ultralytics_yolo11n_downloaded_001,car,0.708969116,1.088,313.487,740.558,598.771,210958.955,true,ultralytics_yolo11n,D:\models\ultralytics\yolo11n.pt,backend_status=available; plug-in detection row only
GM_RM011,ultralytics_yolo11n_downloaded,272,D:\profile\research\data\GM_RM011\GM_RM011_frames\000272.png,GM_RM011_000272_ultralytics_yolo11n_downloaded_001,car,0.613340318,1.210,311.943,798.856,598.695,228726.356,true,ultralytics_yolo11n,D:\models\ultralytics\yolo11n.pt,backend_status=available; plug-in detection row only
GM_RM011,ultralytics_yolo11n_downloaded,273,D:\profile\research\data\GM_RM011\GM_RM011_frames\000273.png,GM_RM011_000273_ultralytics_yolo11n_downloaded_001,car,0.324090481,5.073,308.915,798.947,598.854,230175.369,true,ultralytics_yolo11n,D:\models\ultralytics\yolo11n.pt,backend_status=available; plug-in detection row only
GM_RM011,ultralytics_yolo11n_downloaded,275,D:\profile\research\data\GM_RM011\GM_RM011_frames\000275.png,GM_RM011_000275_ultralytics_yolo11n_downloaded_001,car,0.727256656,0.674,293.515,797.468,597.294,242049.265,true,ultralytics_yolo11n,D:\models\ultralytics\yolo11n.pt,backend_status=available; plug-in detection row only
GM_RM011,ultralytics_yolo11n_downloaded,276,D:\profile\research\data\GM_RM011\GM_RM011_frames\000276.png,GM_RM011_000276_ultralytics_yolo11n_downloaded_001,car,0.737756968,0.000,289.691,797.197,596.619,244682.474,true,ultralytics_yolo11n,D:\models\ultralytics\yolo11n.pt,backend_status=available; plug-in detection row only
GM_RM011,ultralytics_yolo11n_downloaded,277,D:\profile\research\data\GM_RM011\GM_RM011_frames\000277.png,GM_RM011_000277_ultralytics_yolo11n_downloaded_001,car,0.709860563,0.053,283.242,797.114,597.207,250249.364,true,ultralytics_yolo11n,D:\models\ultralytics\yolo11n.pt,backend_status=available; plug-in detection row only
GM_RM011,ultralytics_yolo11n_downloaded,278,D:\profile\research\data\GM_RM011\GM_RM011_frames\000278.png,GM_RM011_000278_ultralytics_yolo11n_downloaded_001,car,0.733443081,0.000,279.605,797.483,596.634,252825.475,true,ultralytics_yolo11n,D:\models\ultralytics\yolo11n.pt,backend_status=available; plug-in detection row only
GM_RM011,ultralytics_yolo11n_downloaded,279,D:\profile\research\data\GM_RM011\GM_RM011_frames\000279.png,GM_RM011_000279_ultralytics_yolo11n_downloaded_001,car,0.702473819,1.649,278.004,798.420,596.889,254077.627,true,ultralytics_yolo11n,D:\models\ultralytics\yolo11n.pt,backend_status=available; plug-in detection row only
GM_RM011,ultralytics_yolo11n_downloaded,280,D:\profile\research\data\GM_RM011\GM_RM011_frames\000280.png,GM_RM011_000280_ultralytics_yolo11n_downloaded_001,car,0.454669863,0.747,270.361,799.332,597.703,261410.702,true,ultralytics_yolo11n,D:\models\ultralytics\yolo11n.pt,backend_status=available; plug-in detection row only
GM_RM011,ultralytics_yolo11n_downloaded,282,D:\profile\research\data\GM_RM011\GM_RM011_frames\000282.png,GM_RM011_000282_ultralytics_yolo11n_downloaded_001,car,0.494457275,54.845,300.655,799.816,598.520,221900.792,true,ultralytics_yolo11n,D:\models\ultralytics\yolo11n.pt,backend_status=available; plug-in detection row only
GM_RM011,ultralytics_yolo11n_downloaded,282,D:\profile\research\data\GM_RM011\GM_RM011_frames\000282.png,GM_RM011_000282_ultralytics_yolo11n_downloaded_002,car,0.394678086,0.186,399.238,42.717,591.459,8175.206,true,ultralytics_yolo11n,D:\models\ultralytics\yolo11n.pt,backend_status=available; plug-in detection row only
GM_RM011,ultralytics_yolo11n_downloaded,283,D:\profile\research\data\GM_RM011\GM_RM011_frames\000283.png,GM_RM011_000283_ultralytics_yolo11n_downloaded_001,car,0.817005813,0.384,376.410,82.935,599.258,18396.235,true,ultralytics_yolo11n,D:\models\ultralytics\yolo11n.pt,backend_status=available; plug-in detection row only
GM_RM011,ultralytics_yolo11n_downloaded,283,D:\profile\research\data\GM_RM011\GM_RM011_frames\000283.png,GM_RM011_000283_ultralytics_yolo11n_downloaded_002,car,0.685129762,115.842,299.495,798.343,599.027,204430.687,true,ultralytics_yolo11n,D:\models\ultralytics\yolo11n.pt,backend_status=available; plug-in detection row only
GM_RM011,ultralytics_yolo11n_downloaded,284,D:\profile\research\data\GM_RM011\GM_RM011_frames\000284.png,GM_RM011_000284_ultralytics_yolo11n_downloaded_001,car,0.782571316,0.596,325.568,126.356,599.523,34452.703,true,ultralytics_yolo11n,D:\models\ultralytics\yolo11n.pt,backend_status=available; plug-in detection row only
GM_RM011,ultralytics_yolo11n_downloaded,284,D:\profile\research\data\GM_RM011\GM_RM011_frames\000284.png,GM_RM011_000284_ultralytics_yolo11n_downloaded_002,car,0.743624628,196.345,298.280,798.657,598.852,181038.281,true,ultralytics_yolo11n,D:\models\ultralytics\yolo11n.pt,backend_status=available; plug-in detection row only
GM_RM011,ultralytics_yolo11n_downloaded,285,D:\profile\research\data\GM_RM011\GM_RM011_frames\000285.png,GM_RM011_000285_ultralytics_yolo11n_downloaded_001,car,0.854406476,0.812,298.818,169.028,599.486,50577.073,true,ultralytics_yolo11n,D:\models\ultralytics\yolo11n.pt,backend_status=available; plug-in detection row only
GM_RM011,ultralytics_yolo11n_downloaded,285,D:\profile\research\data\GM_RM011\GM_RM011_frames\000285.png,GM_RM011_000285_ultralytics_yolo11n_downloaded_002,car,0.799574375,274.167,294.436,799.498,599.199,160101.648,true,ultralytics_yolo11n,D:\models\ultralytics\yolo11n.pt,backend_status=available; plug-in detection row only
GM_RM011,ultralytics_yolo11n_downloaded,286,D:\profile\research\data\GM_RM011\GM_RM011_frames\000286.png,GM_RM011_000286_ultralytics_yolo11n_downloaded_001,car,0.796663165,0.770,276.447,217.751,599.484,70092.470,true,ultralytics_yolo11n,D:\models\ultralytics\yolo11n.pt,backend_status=available; plug-in detection row only
GM_RM011,ultralytics_yolo11n_downloaded,286,D:\profile\research\data\GM_RM011\GM_RM011_frames\000286.png,GM_RM011_000286_ultralytics_yolo11n_downloaded_002,car,0.755531311,351.799,298.598,799.379,597.324,133703.822,true,ultralytics_yolo11n,D:\models\ultralytics\yolo11n.pt,backend_status=available; plug-in detection row only
GM_RM011,ultralytics_yolo11n_downloaded,287,D:\profile\research\data\GM_RM011\GM_RM011_frames\000287.png,GM_RM011_000287_ultralytics_yolo11n_downloaded_001,car,0.748559296,0.781,264.150,266.653,599.475,89153.368,true,ultralytics_yolo11n,D:\models\ultralytics\yolo11n.pt,backend_status=available; plug-in detection row only
GM_RM011,ultralytics_yolo11n_downloaded,287,D:\profile\research\data\GM_RM011\GM_RM011_frames\000287.png,GM_RM011_000287_ultralytics_yolo11n_downloaded_002,car,0.489424109,425.108,323.543,798.921,598.429,102755.916,true,ultralytics_yolo11n,D:\models\ultralytics\yolo11n.pt,backend_status=available; plug-in detection row only
GM_RM011,ultralytics_yolo11n_downloaded,288,D:\profile\research\data\GM_RM011\GM_RM011_frames\000288.png,GM_RM011_000288_ultralytics_yolo11n_downloaded_001,car,0.502030134,1.112,257.901,321.003,599.417,109247.966,true,ultralytics_yolo11n,D:\models\ultralytics\yolo11n.pt,backend_status=available; plug-in detection row only
GM_RM011,ultralytics_yolo11n_downloaded,289,D:\profile\research\data\GM_RM011\GM_RM011_frames\000289.png,GM_RM011_000289_ultralytics_yolo11n_downloaded_001,car,0.391289055,1.384,251.507,373.726,599.504,129573.648,true,ultralytics_yolo11n,D:\models\ultralytics\yolo11n.pt,backend_status=available; plug-in detection row only
GM_RM011,ultralytics_yolo11n_downloaded,290,D:\profile\research\data\GM_RM011\GM_RM011_frames\000290.png,GM_RM011_000290_ultralytics_yolo11n_downloaded_001,toilet,0.572145522,0.975,240.758,429.819,599.493,153841.384,false,ultralytics_yolo11n,D:\models\ultralytics\yolo11n.pt,backend_status=available; plug-in detection row only
GM_RM011,ultralytics_yolo11n_downloaded,290,D:\profile\research\data\GM_RM011\GM_RM011_frames\000290.png,GM_RM011_000290_ultralytics_yolo11n_downloaded_002,toilet,0.321888238,610.266,387.098,799.335,599.371,40134.361,false,ultralytics_yolo11n,D:\models\ultralytics\yolo11n.pt,backend_status=available; plug-in detection row only
GM_RM011,ultralytics_yolo11n_downloaded,290,D:\profile\research\data\GM_RM011\GM_RM011_frames\000290.png,GM_RM011_000290_ultralytics_yolo11n_downloaded_003,car,0.298592120,1.296,236.655,429.483,599.469,155352.180,true,ultralytics_yolo11n,D:\models\ultralytics\yolo11n.pt,backend_status=available; plug-in detection row only
GM_RM011,ultralytics_yolo11n_downloaded,291,D:\profile\research\data\GM_RM011\GM_RM011_frames\000291.png,GM_RM011_000291_ultralytics_yolo11n_downloaded_001,car,0.763707399,1.155,230.693,496.623,598.826,182398.325,true,ultralytics_yolo11n,D:\models\ultralytics\yolo11n.pt,backend_status=available; plug-in detection row only
GM_RM011,ultralytics_yolo11n_downloaded,291,D:\profile\research\data\GM_RM011\GM_RM011_frames\000291.png,GM_RM011_000291_ultralytics_yolo11n_downloaded_002,toilet,0.409495175,0.554,231.500,497.143,599.617,182802.773,false,ultralytics_yolo11n,D:\models\ultralytics\yolo11n.pt,backend_status=available; plug-in detection row only
GM_RM011,ultralytics_yolo11n_downloaded,291,D:\profile\research\data\GM_RM011\GM_RM011_frames\000291.png,GM_RM011_000291_ultralytics_yolo11n_downloaded_003,toilet,0.332197011,672.863,401.143,799.214,599.485,25060.592,false,ultralytics_yolo11n,D:\models\ultralytics\yolo11n.pt,backend_status=available; plug-in detection row only
GM_RM011,ultralytics_yolo11n_downloaded,292,D:\profile\research\data\GM_RM011\GM_RM011_frames\000292.png,GM_RM011_000292_ultralytics_yolo11n_downloaded_001,car,0.769163907,1.676,227.896,570.176,597.907,210351.599,true,ultralytics_yolo11n,D:\models\ultralytics\yolo11n.pt,backend_status=available; plug-in detection row only
GM_RM011,ultralytics_yolo11n_downloaded,292,D:\profile\research\data\GM_RM011\GM_RM011_frames\000292.png,GM_RM011_000292_ultralytics_yolo11n_downloaded_002,car,0.666694343,737.834,423.436,799.594,599.884,10897.385,true,ultralytics_yolo11n,D:\models\ultralytics\yolo11n.pt,backend_status=available; plug-in detection row only
GM_RM011,ultralytics_yolo12n_downloaded,13,D:\profile\research\data\GM_RM011\GM_RM011_frames\000013.png,GM_RM011_000013_ultralytics_yolo12n_downloaded_001,car,0.761046112,0.326,250.900,800.000,599.486,278754.834,true,ultralytics_yolo12n,D:\models\ultralytics\yolo12n.pt,backend_status=available; plug-in detection row only
GM_RM011,ultralytics_yolo12n_downloaded,14,D:\profile\research\data\GM_RM011\GM_RM011_frames\000014.png,GM_RM011_000014_ultralytics_yolo12n_downloaded_001,car,0.735763788,0.972,264.266,798.353,599.817,267562.204,true,ultralytics_yolo12n,D:\models\ultralytics\yolo12n.pt,backend_status=available; plug-in detection row only
GM_RM011,ultralytics_yolo12n_downloaded,14,D:\profile\research\data\GM_RM011\GM_RM011_frames\000014.png,GM_RM011_000014_ultralytics_yolo12n_downloaded_002,car,0.305720419,0.392,418.612,800.000,599.763,144849.629,true,ultralytics_yolo12n,D:\models\ultralytics\yolo12n.pt,backend_status=available; plug-in detection row only
GM_RM011,ultralytics_yolo12n_downloaded,15,D:\profile\research\data\GM_RM011\GM_RM011_frames\000015.png,GM_RM011_000015_ultralytics_yolo12n_downloaded_001,car,0.548881054,4.582,273.936,798.717,600.000,258939.027,true,ultralytics_yolo12n,D:\models\ultralytics\yolo12n.pt,backend_status=available; plug-in detection row only
GM_RM011,ultralytics_yolo12n_downloaded,15,D:\profile\research\data\GM_RM011\GM_RM011_frames\000015.png,GM_RM011_000015_ultralytics_yolo12n_downloaded_002,car,0.311103225,1.243,415.962,799.031,599.675,146563.937,true,ultralytics_yolo12n,D:\models\ultralytics\yolo12n.pt,backend_status=available; plug-in detection row only
GM_RM011,ultralytics_yolo12n_downloaded,16,D:\profile\research\data\GM_RM011\GM_RM011_frames\000016.png,GM_RM011_000016_ultralytics_yolo12n_downloaded_001,car,0.679510891,25.628,281.063,798.968,599.874,246548.894,true,ultralytics_yolo12n,D:\models\ultralytics\yolo12n.pt,backend_status=available; plug-in detection row only
GM_RM011,ultralytics_yolo12n_downloaded,16,D:\profile\research\data\GM_RM011\GM_RM011_frames\000016.png,GM_RM011_000016_ultralytics_yolo12n_downloaded_002,mouse,0.362910300,515.083,448.875,655.466,523.302,10448.303,false,ultralytics_yolo12n,D:\models\ultralytics\yolo12n.pt,backend_status=available; plug-in detection row only
GM_RM011,ultralytics_yolo12n_downloaded,17,D:\profile\research\data\GM_RM011\GM_RM011_frames\000017.png,GM_RM011_000017_ultralytics_yolo12n_downloaded_001,car,0.622403979,92.118,297.343,798.440,599.731,213583.069,true,ultralytics_yolo12n,D:\models\ultralytics\yolo12n.pt,backend_status=available; plug-in detection row only
GM_RM011,ultralytics_yolo12n_downloaded,18,D:\profile\research\data\GM_RM011\GM_RM011_frames\000018.png,GM_RM011_000018_ultralytics_yolo12n_downloaded_001,car,0.726325333,141.774,295.544,797.427,599.787,199477.980,true,ultralytics_yolo12n,D:\models\ultralytics\yolo12n.pt,backend_status=available; plug-in detection row only
GM_RM011,ultralytics_yolo12n_downloaded,19,D:\profile\research\data\GM_RM011\GM_RM011_frames\000019.png,GM_RM011_000019_ultralytics_yolo12n_downloaded_001,car,0.767401099,183.243,283.663,798.479,599.723,194451.517,true,ultralytics_yolo12n,D:\models\ultralytics\yolo12n.pt,backend_status=available; plug-in detection row only
GM_RM011,ultralytics_yolo12n_downloaded,20,D:\profile\research\data\GM_RM011\GM_RM011_frames\000020.png,GM_RM011_000020_ultralytics_yolo12n_downloaded_001,car,0.786626160,229.534,226.766,799.865,598.977,212282.834,true,ultralytics_yolo12n,D:\models\ultralytics\yolo12n.pt,backend_status=available; plug-in detection row only
GM_RM011,ultralytics_yolo12n_downloaded,21,D:\profile\research\data\GM_RM011\GM_RM011_frames\000021.png,GM_RM011_000021_ultralytics_yolo12n_downloaded_001,car,0.834368169,274.370,157.407,798.628,599.249,231639.568,true,ultralytics_yolo12n,D:\models\ultralytics\yolo12n.pt,backend_status=available; plug-in detection row only
GM_RM011,ultralytics_yolo12n_downloaded,21,D:\profile\research\data\GM_RM011\GM_RM011_frames\000021.png,GM_RM011_000021_ultralytics_yolo12n_downloaded_002,car,0.415508091,0.250,213.705,115.645,564.585,40489.789,true,ultralytics_yolo12n,D:\models\ultralytics\yolo12n.pt,backend_status=available; plug-in detection row only
GM_RM011,ultralytics_yolo12n_downloaded,22,D:\profile\research\data\GM_RM011\GM_RM011_frames\000022.png,GM_RM011_000022_ultralytics_yolo12n_downloaded_001,car,0.608178735,0.530,206.765,135.030,595.758,52319.793,true,ultralytics_yolo12n,D:\models\ultralytics\yolo12n.pt,backend_status=available; plug-in detection row only
GM_RM011,ultralytics_yolo12n_downloaded,22,D:\profile\research\data\GM_RM011\GM_RM011_frames\000022.png,GM_RM011_000022_ultralytics_yolo12n_downloaded_002,car,0.590680957,318.550,155.484,798.724,599.097,213011.701,true,ultralytics_yolo12n,D:\models\ultralytics\yolo12n.pt,backend_status=available; plug-in detection row only
GM_RM011,ultralytics_yolo12n_downloaded,23,D:\profile\research\data\GM_RM011\GM_RM011_frames\000023.png,GM_RM011_000023_ultralytics_yolo12n_downloaded_001,car,0.723881662,0.649,246.347,167.364,598.993,58791.577,true,ultralytics_yolo12n,D:\models\ultralytics\yolo12n.pt,backend_status=available; plug-in detection row only
GM_RM011,ultralytics_yolo12n_downloaded,23,D:\profile\research\data\GM_RM011\GM_RM011_frames\000023.png,GM_RM011_000023_ultralytics_yolo12n_downloaded_002,car,0.395481825,367.442,253.992,799.463,598.959,149033.183,true,ultralytics_yolo12n,D:\models\ultralytics\yolo12n.pt,backend_status=available; plug-in detection row only
GM_RM011,ultralytics_yolo12n_downloaded,24,D:\profile\research\data\GM_RM011\GM_RM011_frames\000024.png,GM_RM011_000024_ultralytics_yolo12n_downloaded_001,car,0.742278874,0.714,290.569,194.920,599.297,59956.551,true,ultralytics_yolo12n,D:\models\ultralytics\yolo12n.pt,backend_status=available; plug-in detection row only
GM_RM011,ultralytics_yolo12n_downloaded,24,D:\profile\research\data\GM_RM011\GM_RM011_frames\000024.png,GM_RM011_000024_ultralytics_yolo12n_downloaded_002,car,0.473007709,411.077,368.857,798.678,599.163,89266.707,true,ultralytics_yolo12n,D:\models\ultralytics\yolo12n.pt,backend_status=available; plug-in detection row only
GM_RM011,ultralytics_yolo12n_downloaded,25,D:\profile\research\data\GM_RM011\GM_RM011_frames\000025.png,GM_RM011_000025_ultralytics_yolo12n_downloaded_001,car,0.828074038,0.921,289.880,221.054,599.576,68174.522,true,ultralytics_yolo12n,D:\models\ultralytics\yolo12n.pt,backend_status=available; plug-in detection row only
GM_RM011,ultralytics_yolo12n_downloaded,25,D:\profile\research\data\GM_RM011\GM_RM011_frames\000025.png,GM_RM011_000025_ultralytics_yolo12n_downloaded_002,car,0.695724964,445.827,401.261,799.224,599.310,69990.046,true,ultralytics_yolo12n,D:\models\ultralytics\yolo12n.pt,backend_status=available; plug-in detection row only
GM_RM011,ultralytics_yolo12n_downloaded,26,D:\profile\research\data\GM_RM011\GM_RM011_frames\000026.png,GM_RM011_000026_ultralytics_yolo12n_downloaded_001,car,0.802783787,0.863,288.230,243.859,599.266,75580.593,true,ultralytics_yolo12n,D:\models\ultralytics\yolo12n.pt,backend_status=available; plug-in detection row only
GM_RM011,ultralytics_yolo12n_downloaded,26,D:\profile\research\data\GM_RM011\GM_RM011_frames\000026.png,GM_RM011_000026_ultralytics_yolo12n_downloaded_002,car,0.624339581,476.244,397.000,799.170,599.210,65298.635,true,ultralytics_yolo12n,D:\models\ultralytics\yolo12n.pt,backend_status=available; plug-in detection row only
GM_RM011,ultralytics_yolo12n_downloaded,27,D:\profile\research\data\GM_RM011\GM_RM011_frames\000027.png,GM_RM011_000027_ultralytics_yolo12n_downloaded_001,car,0.847478271,0.786,276.042,264.015,599.181,85059.607,true,ultralytics_yolo12n,D:\models\ultralytics\yolo12n.pt,backend_status=available; plug-in detection row only
GM_RM011,ultralytics_yolo12n_downloaded,27,D:\profile\research\data\GM_RM011\GM_RM011_frames\000027.png,GM_RM011_000027_ultralytics_yolo12n_downloaded_002,car,0.844349980,495.272,378.563,798.528,599.360,66958.037,true,ultralytics_yolo12n,D:\models\ultralytics\yolo12n.pt,backend_status=available; plug-in detection row only
GM_RM011,ultralytics_yolo12n_downloaded,28,D:\profile\research\data\GM_RM011\GM_RM011_frames\000028.png,GM_RM011_000028_ultralytics_yolo12n_downloaded_001,car,0.853396893,0.774,249.739,293.380,599.006,102197.446,true,ultralytics_yolo12n,D:\models\ultralytics\yolo12n.pt,backend_status=available; plug-in detection row only
GM_RM011,ultralytics_yolo12n_downloaded,28,D:\profile\research\data\GM_RM011\GM_RM011_frames\000028.png,GM_RM011_000028_ultralytics_yolo12n_downloaded_002,car,0.815011144,520.817,357.979,798.794,599.500,67137.666,true,ultralytics_yolo12n,D:\models\ultralytics\yolo12n.pt,backend_status=available; plug-in detection row only
GM_RM011,ultralytics_yolo12n_downloaded,29,D:\profile\research\data\GM_RM011\GM_RM011_frames\000029.png,GM_RM011_000029_ultralytics_yolo12n_downloaded_001,car,0.832578182,548.114,350.973,799.318,599.518,62435.512,true,ultralytics_yolo12n,D:\models\ultralytics\yolo12n.pt,backend_status=available; plug-in detection row only
GM_RM011,ultralytics_yolo12n_downloaded,29,D:\profile\research\data\GM_RM011\GM_RM011_frames\000029.png,GM_RM011_000029_ultralytics_yolo12n_downloaded_002,car,0.716029942,0.896,215.926,325.845,599.122,124519.288,true,ultralytics_yolo12n,D:\models\ultralytics\yolo12n.pt,backend_status=available; plug-in detection row only
GM_RM011,ultralytics_yolo12n_downloaded,30,D:\profile\research\data\GM_RM011\GM_RM011_frames\000030.png,GM_RM011_000030_ultralytics_yolo12n_downloaded_001,car,0.861729562,585.183,376.071,799.143,599.667,47840.406,true,ultralytics_yolo12n,D:\models\ultralytics\yolo12n.pt,backend_status=available; plug-in detection row only
GM_RM011,ultralytics_yolo12n_downloaded,30,D:\profile\research\data\GM_RM011\GM_RM011_frames\000030.png,GM_RM011_000030_ultralytics_yolo12n_downloaded_002,car,0.845992744,0.697,220.607,359.504,598.833,135710.284,true,ultralytics_yolo12n,D:\models\ultralytics\yolo12n.pt,backend_status=available; plug-in detection row only
GM_RM011,ultralytics_yolo12n_downloaded,31,D:\profile\research\data\GM_RM011\GM_RM011_frames\000031.png,GM_RM011_000031_ultralytics_yolo12n_downloaded_001,car,0.851813316,0.623,246.337,387.286,599.018,136369.053,true,ultralytics_yolo12n,D:\models\ultralytics\yolo12n.pt,backend_status=available; plug-in detection row only
GM_RM011,ultralytics_yolo12n_downloaded,31,D:\profile\research\data\GM_RM011\GM_RM011_frames\000031.png,GM_RM011_000031_ultralytics_yolo12n_downloaded_002,car,0.781525135,622.737,409.024,799.475,599.096,33592.944,true,ultralytics_yolo12n,D:\models\ultralytics\yolo12n.pt,backend_status=available; plug-in detection row only
GM_RM011,ultralytics_yolo12n_downloaded,32,D:\profile\research\data\GM_RM011\GM_RM011_frames\000032.png,GM_RM011_000032_ultralytics_yolo12n_downloaded_001,car,0.867255092,0.685,264.893,429.331,599.306,143344.660,true,ultralytics_yolo12n,D:\models\ultralytics\yolo12n.pt,backend_status=available; plug-in detection row only
GM_RM011,ultralytics_yolo12n_downloaded,32,D:\profile\research\data\GM_RM011\GM_RM011_frames\000032.png,GM_RM011_000032_ultralytics_yolo12n_downloaded_002,car,0.769818306,661.210,435.197,799.435,599.448,22703.570,true,ultralytics_yolo12n,D:\models\ultralytics\yolo12n.pt,backend_status=available; plug-in detection row only
GM_RM011,ultralytics_yolo12n_downloaded,33,D:\profile\research\data\GM_RM011\GM_RM011_frames\000033.png,GM_RM011_000033_ultralytics_yolo12n_downloaded_001,car,0.838781714,0.433,274.399,468.602,598.982,151960.076,true,ultralytics_yolo12n,D:\models\ultralytics\yolo12n.pt,backend_status=available; plug-in detection row only
GM_RM011,ultralytics_yolo12n_downloaded,33,D:\profile\research\data\GM_RM011\GM_RM011_frames\000033.png,GM_RM011_000033_ultralytics_yolo12n_downloaded_002,car,0.644011319,698.549,441.629,799.695,599.315,15949.449,true,ultralytics_yolo12n,D:\models\ultralytics\yolo12n.pt,backend_status=available; plug-in detection row only
GM_RM011,ultralytics_yolo12n_downloaded,34,D:\profile\research\data\GM_RM011\GM_RM011_frames\000034.png,GM_RM011_000034_ultralytics_yolo12n_downloaded_001,car,0.864414334,0.651,280.911,499.868,599.363,158976.855,true,ultralytics_yolo12n,D:\models\ultralytics\yolo12n.pt,backend_status=available; plug-in detection row only
GM_RM011,ultralytics_yolo12n_downloaded,34,D:\profile\research\data\GM_RM011\GM_RM011_frames\000034.png,GM_RM011_000034_ultralytics_yolo12n_downloaded_002,car,0.452764660,730.069,442.846,799.565,599.562,10891.227,true,ultralytics_yolo12n,D:\models\ultralytics\yolo12n.pt,backend_status=available; plug-in detection row only
GM_RM011,ultralytics_yolo12n_downloaded,35,D:\profile\research\data\GM_RM011\GM_RM011_frames\000035.png,GM_RM011_000035_ultralytics_yolo12n_downloaded_001,car,0.839542925,18.072,278.749,543.276,599.148,168274.423,true,ultralytics_yolo12n,D:\models\ultralytics\yolo12n.pt,backend_status=available; plug-in detection row only
GM_RM011,ultralytics_yolo12n_downloaded,256,D:\profile\research\data\GM_RM011\GM_RM011_frames\000256.png,GM_RM011_000256_ultralytics_yolo12n_downloaded_001,car,0.812602103,0.956,292.518,800.000,599.428,245234.684,true,ultralytics_yolo12n,D:\models\ultralytics\yolo12n.pt,backend_status=available; plug-in detection row only
GM_RM011,ultralytics_yolo12n_downloaded,257,D:\profile\research\data\GM_RM011\GM_RM011_frames\000257.png,GM_RM011_000257_ultralytics_yolo12n_downloaded_001,car,0.781225979,1.647,281.081,798.536,599.072,253403.657,true,ultralytics_yolo12n,D:\models\ultralytics\yolo12n.pt,backend_status=available; plug-in detection row only
GM_RM011,ultralytics_yolo12n_downloaded,258,D:\profile\research\data\GM_RM011\GM_RM011_frames\000258.png,GM_RM011_000258_ultralytics_yolo12n_downloaded_001,car,0.822350085,1.531,280.284,798.468,599.231,254180.326,true,ultralytics_yolo12n,D:\models\ultralytics\yolo12n.pt,backend_status=available; plug-in detection row only
GM_RM011,ultralytics_yolo12n_downloaded,259,D:\profile\research\data\GM_RM011\GM_RM011_frames\000259.png,GM_RM011_000259_ultralytics_yolo12n_downloaded_001,car,0.834678829,43.152,294.781,797.509,599.104,229568.022,true,ultralytics_yolo12n,D:\models\ultralytics\yolo12n.pt,backend_status=available; plug-in detection row only
GM_RM011,ultralytics_yolo12n_downloaded,260,D:\profile\research\data\GM_RM011\GM_RM011_frames\000260.png,GM_RM011_000260_ultralytics_yolo12n_downloaded_001,car,0.795458972,130.493,303.832,798.179,598.984,197068.640,true,ultralytics_yolo12n,D:\models\ultralytics\yolo12n.pt,backend_status=available; plug-in detection row only
GM_RM011,ultralytics_yolo12n_downloaded,261,D:\profile\research\data\GM_RM011\GM_RM011_frames\000261.png,GM_RM011_000261_ultralytics_yolo12n_downloaded_001,car,0.696860790,200.268,303.502,797.329,598.557,176165.899,true,ultralytics_yolo12n,D:\models\ultralytics\yolo12n.pt,backend_status=available; plug-in detection row only
GM_RM011,ultralytics_yolo12n_downloaded,262,D:\profile\research\data\GM_RM011\GM_RM011_frames\000262.png,GM_RM011_000262_ultralytics_yolo12n_downloaded_001,car,0.466607034,268.195,303.015,798.361,598.653,156737.266,true,ultralytics_yolo12n,D:\models\ultralytics\yolo12n.pt,backend_status=available; plug-in detection row only
GM_RM011,ultralytics_yolo12n_downloaded,262,D:\profile\research\data\GM_RM011\GM_RM011_frames\000262.png,GM_RM011_000262_ultralytics_yolo12n_downloaded_002,car,0.324175626,0.590,392.886,173.562,598.811,35619.232,true,ultralytics_yolo12n,D:\models\ultralytics\yolo12n.pt,backend_status=available; plug-in detection row only
GM_RM011,ultralytics_yolo12n_downloaded,263,D:\profile\research\data\GM_RM011\GM_RM011_frames\000263.png,GM_RM011_000263_ultralytics_yolo12n_downloaded_001,car,0.389000803,334.094,304.128,799.271,599.630,137460.720,true,ultralytics_yolo12n,D:\models\ultralytics\yolo12n.pt,backend_status=available; plug-in detection row only
GM_RM011,ultralytics_yolo12n_downloaded,263,D:\profile\research\data\GM_RM011\GM_RM011_frames\000263.png,GM_RM011_000263_ultralytics_yolo12n_downloaded_002,car,0.263589025,0.579,375.412,205.450,599.034,45813.756,true,ultralytics_yolo12n,D:\models\ultralytics\yolo12n.pt,backend_status=available; plug-in detection row only
GM_RM011,ultralytics_yolo12n_downloaded,264,D:\profile\research\data\GM_RM011\GM_RM011_frames\000264.png,GM_RM011_000264_ultralytics_yolo12n_downloaded_001,toilet,0.580952287,1.232,359.516,236.408,599.612,56464.706,false,ultralytics_yolo12n,D:\models\ultralytics\yolo12n.pt,backend_status=available; plug-in detection row only
GM_RM011,ultralytics_yolo12n_downloaded,264,D:\profile\research\data\GM_RM011\GM_RM011_frames\000264.png,GM_RM011_000264_ultralytics_yolo12n_downloaded_002,toilet,0.409005255,398.809,303.922,799.026,598.692,117971.928,false,ultralytics_yolo12n,D:\models\ultralytics\yolo12n.pt,backend_status=available; plug-in detection row only
GM_RM011,ultralytics_yolo12n_downloaded,265,D:\profile\research\data\GM_RM011\GM_RM011_frames\000265.png,GM_RM011_000265_ultralytics_yolo12n_downloaded_001,toilet,0.402064204,1.017,345.653,287.450,599.586,72734.926,false,ultralytics_yolo12n,D:\models\ultralytics\yolo12n.pt,backend_status=available; plug-in detection row only
GM_RM011,ultralytics_yolo12n_downloaded,265,D:\profile\research\data\GM_RM011\GM_RM011_frames\000265.png,GM_RM011_000265_ultralytics_yolo12n_downloaded_002,toilet,0.355351627,454.771,303.822,799.312,598.836,101644.350,false,ultralytics_yolo12n,D:\models\ultralytics\yolo12n.pt,backend_status=available; plug-in detection row only
GM_RM011,ultralytics_yolo12n_downloaded,265,D:\profile\research\data\GM_RM011\GM_RM011_frames\000265.png,GM_RM011_000265_ultralytics_yolo12n_downloaded_003,sink,0.287745535,455.730,303.250,798.962,599.286,101608.885,false,ultralytics_yolo12n,D:\models\ultralytics\yolo12n.pt,backend_status=available; plug-in detection row only
GM_RM011,ultralytics_yolo12n_downloaded,268,D:\profile\research\data\GM_RM011\GM_RM011_frames\000268.png,GM_RM011_000268_ultralytics_yolo12n_downloaded_001,toilet,0.655757070,619.749,327.412,799.444,598.682,48745.758,false,ultralytics_yolo12n,D:\models\ultralytics\yolo12n.pt,backend_status=available; plug-in detection row only
GM_RM011,ultralytics_yolo12n_downloaded,268,D:\profile\research\data\GM_RM011\GM_RM011_frames\000268.png,GM_RM011_000268_ultralytics_yolo12n_downloaded_002,toilet,0.466153949,0.453,332.185,475.589,599.485,127003.679,false,ultralytics_yolo12n,D:\models\ultralytics\yolo12n.pt,backend_status=available; plug-in detection row only
GM_RM011,ultralytics_yolo12n_downloaded,269,D:\profile\research\data\GM_RM011\GM_RM011_frames\000269.png,GM_RM011_000269_ultralytics_yolo12n_downloaded_001,toilet,0.518856406,3.279,326.428,560.762,599.692,152340.196,false,ultralytics_yolo12n,D:\models\ultralytics\yolo12n.pt,backend_status=available; plug-in detection row only
GM_RM011,ultralytics_yolo12n_downloaded,269,D:\profile\research\data\GM_RM011\GM_RM011_frames\000269.png,GM_RM011_000269_ultralytics_yolo12n_downloaded_002,toilet,0.396145076,669.451,333.869,799.533,591.243,33479.629,false,ultralytics_yolo12n,D:\models\ultralytics\yolo12n.pt,backend_status=available; plug-in detection row only
GM_RM011,ultralytics_yolo12n_downloaded,272,D:\profile\research\data\GM_RM011\GM_RM011_frames\000272.png,GM_RM011_000272_ultralytics_yolo12n_downloaded_001,car,0.401457250,1.700,312.935,800.000,599.456,228729.022,true,ultralytics_yolo12n,D:\models\ultralytics\yolo12n.pt,backend_status=available; plug-in detection row only
GM_RM011,ultralytics_yolo12n_downloaded,274,D:\profile\research\data\GM_RM011\GM_RM011_frames\000274.png,GM_RM011_000274_ultralytics_yolo12n_downloaded_001,car,0.479180247,1.824,292.948,800.000,598.763,244093.942,true,ultralytics_yolo12n,D:\models\ultralytics\yolo12n.pt,backend_status=available; plug-in detection row only
GM_RM011,ultralytics_yolo12n_downloaded,275,D:\profile\research\data\GM_RM011\GM_RM011_frames\000275.png,GM_RM011_000275_ultralytics_yolo12n_downloaded_001,car,0.477161825,2.506,290.276,800.000,599.143,246319.595,true,ultralytics_yolo12n,D:\models\ultralytics\yolo12n.pt,backend_status=available; plug-in detection row only
GM_RM011,ultralytics_yolo12n_downloaded,276,D:\profile\research\data\GM_RM011\GM_RM011_frames\000276.png,GM_RM011_000276_ultralytics_yolo12n_downloaded_001,car,0.649310052,0.360,288.780,798.999,597.977,246937.002,true,ultralytics_yolo12n,D:\models\ultralytics\yolo12n.pt,backend_status=available; plug-in detection row only
GM_RM011,ultralytics_yolo12n_downloaded,277,D:\profile\research\data\GM_RM011\GM_RM011_frames\000277.png,GM_RM011_000277_ultralytics_yolo12n_downloaded_001,car,0.570694208,0.869,283.978,799.129,597.738,250462.082,true,ultralytics_yolo12n,D:\models\ultralytics\yolo12n.pt,backend_status=available; plug-in detection row only
GM_RM011,ultralytics_yolo12n_downloaded,278,D:\profile\research\data\GM_RM011\GM_RM011_frames\000278.png,GM_RM011_000278_ultralytics_yolo12n_downloaded_001,car,0.538672328,1.309,279.916,799.026,598.263,253951.150,true,ultralytics_yolo12n,D:\models\ultralytics\yolo12n.pt,backend_status=available; plug-in detection row only
GM_RM011,ultralytics_yolo12n_downloaded,279,D:\profile\research\data\GM_RM011\GM_RM011_frames\000279.png,GM_RM011_000279_ultralytics_yolo12n_downloaded_001,car,0.344233304,23.409,280.649,798.387,595.929,244335.281,true,ultralytics_yolo12n,D:\models\ultralytics\yolo12n.pt,backend_status=available; plug-in detection row only
GM_RM011,ultralytics_yolo12n_downloaded,281,D:\profile\research\data\GM_RM011\GM_RM011_frames\000281.png,GM_RM011_000281_ultralytics_yolo12n_downloaded_001,car,0.465772569,0.688,281.773,798.086,599.631,253458.993,true,ultralytics_yolo12n,D:\models\ultralytics\yolo12n.pt,backend_status=available; plug-in detection row only
GM_RM011,ultralytics_yolo12n_downloaded,281,D:\profile\research\data\GM_RM011\GM_RM011_frames\000281.png,GM_RM011_000281_ultralytics_yolo12n_downloaded_002,airplane,0.417080909,1.640,284.577,799.629,599.075,250966.047,false,ultralytics_yolo12n,D:\models\ultralytics\yolo12n.pt,backend_status=available; plug-in detection row only
GM_RM011,ultralytics_yolo12n_downloaded,282,D:\profile\research\data\GM_RM011\GM_RM011_frames\000282.png,GM_RM011_000282_ultralytics_yolo12n_downloaded_001,airplane,0.379454076,5.085,287.354,797.060,599.554,247254.644,false,ultralytics_yolo12n,D:\models\ultralytics\yolo12n.pt,backend_status=available; plug-in detection row only
GM_RM011,ultralytics_yolo12n_downloaded,282,D:\profile\research\data\GM_RM011\GM_RM011_frames\000282.png,GM_RM011_000282_ultralytics_yolo12n_downloaded_002,car,0.308737040,4.893,289.661,797.279,599.534,245539.483,true,ultralytics_yolo12n,D:\models\ultralytics\yolo12n.pt,backend_status=available; plug-in detection row only
GM_RM011,ultralytics_yolo12n_downloaded,283,D:\profile\research\data\GM_RM011\GM_RM011_frames\000283.png,GM_RM011_000283_ultralytics_yolo12n_downloaded_001,car,0.624728501,0.341,371.288,80.781,599.101,18325.325,true,ultralytics_yolo12n,D:\models\ultralytics\yolo12n.pt,backend_status=available; plug-in detection row only
GM_RM011,ultralytics_yolo12n_downloaded,283,D:\profile\research\data\GM_RM011\GM_RM011_frames\000283.png,GM_RM011_000283_ultralytics_yolo12n_downloaded_002,car,0.520965457,90.137,302.805,799.859,599.437,210526.307,true,ultralytics_yolo12n,D:\models\ultralytics\yolo12n.pt,backend_status=available; plug-in detection row only
GM_RM011,ultralytics_yolo12n_downloaded,284,D:\profile\research\data\GM_RM011\GM_RM011_frames\000284.png,GM_RM011_000284_ultralytics_yolo12n_downloaded_001,car,0.746577322,186.766,304.738,799.666,599.426,180613.982,true,ultralytics_yolo12n,D:\models\ultralytics\yolo12n.pt,backend_status=available; plug-in detection row only
GM_RM011,ultralytics_yolo12n_downloaded,284,D:\profile\research\data\GM_RM011\GM_RM011_frames\000284.png,GM_RM011_000284_ultralytics_yolo12n_downloaded_002,car,0.724704385,0.645,324.755,124.418,599.178,33965.923,true,ultralytics_yolo12n,D:\models\ultralytics\yolo12n.pt,backend_status=available; plug-in detection row only
GM_RM011,ultralytics_yolo12n_downloaded,285,D:\profile\research\data\GM_RM011\GM_RM011_frames\000285.png,GM_RM011_000285_ultralytics_yolo12n_downloaded_001,car,0.792131066,274.272,296.690,798.812,599.050,158599.862,true,ultralytics_yolo12n,D:\models\ultralytics\yolo12n.pt,backend_status=available; plug-in detection row only
GM_RM011,ultralytics_yolo12n_downloaded,285,D:\profile\research\data\GM_RM011\GM_RM011_frames\000285.png,GM_RM011_000285_ultralytics_yolo12n_downloaded_002,car,0.395858318,0.480,296.481,168.613,599.014,50865.794,true,ultralytics_yolo12n,D:\models\ultralytics\yolo12n.pt,backend_status=available; plug-in detection row only
GM_RM011,ultralytics_yolo12n_downloaded,286,D:\profile\research\data\GM_RM011\GM_RM011_frames\000286.png,GM_RM011_000286_ultralytics_yolo12n_downloaded_001,car,0.785300016,352.132,299.290,798.707,599.315,133983.697,true,ultralytics_yolo12n,D:\models\ultralytics\yolo12n.pt,backend_status=available; plug-in detection row only
GM_RM011,ultralytics_yolo12n_downloaded,286,D:\profile\research\data\GM_RM011\GM_RM011_frames\000286.png,GM_RM011_000286_ultralytics_yolo12n_downloaded_002,car,0.446586370,0.673,275.651,214.916,599.118,69300.658,true,ultralytics_yolo12n,D:\models\ultralytics\yolo12n.pt,backend_status=available; plug-in detection row only
GM_RM011,ultralytics_yolo12n_downloaded,287,D:\profile\research\data\GM_RM011\GM_RM011_frames\000287.png,GM_RM011_000287_ultralytics_yolo12n_downloaded_001,toilet,0.805286884,1.152,265.431,265.388,599.211,88196.691,false,ultralytics_yolo12n,D:\models\ultralytics\yolo12n.pt,backend_status=available; plug-in detection row only
GM_RM011,ultralytics_yolo12n_downloaded,287,D:\profile\research\data\GM_RM011\GM_RM011_frames\000287.png,GM_RM011_000287_ultralytics_yolo12n_downloaded_002,car,0.723405242,424.430,322.523,799.077,599.338,103708.117,true,ultralytics_yolo12n,D:\models\ultralytics\yolo12n.pt,backend_status=available; plug-in detection row only
GM_RM011,ultralytics_yolo12n_downloaded,287,D:\profile\research\data\GM_RM011\GM_RM011_frames\000287.png,GM_RM011_000287_ultralytics_yolo12n_downloaded_003,car,0.344370693,0.599,265.365,265.843,599.543,88638.371,true,ultralytics_yolo12n,D:\models\ultralytics\yolo12n.pt,backend_status=available; plug-in detection row only
GM_RM011,ultralytics_yolo12n_downloaded,288,D:\profile\research\data\GM_RM011\GM_RM011_frames\000288.png,GM_RM011_000288_ultralytics_yolo12n_downloaded_001,toilet,0.849822760,1.686,259.027,317.411,599.028,107346.675,false,ultralytics_yolo12n,D:\models\ultralytics\yolo12n.pt,backend_status=available; plug-in detection row only
GM_RM011,ultralytics_yolo12n_downloaded,288,D:\profile\research\data\GM_RM011\GM_RM011_frames\000288.png,GM_RM011_000288_ultralytics_yolo12n_downloaded_002,car,0.466847032,493.921,356.163,799.048,599.062,74115.139,true,ultralytics_yolo12n,D:\models\ultralytics\yolo12n.pt,backend_status=available; plug-in detection row only
GM_RM011,ultralytics_yolo12n_downloaded,289,D:\profile\research\data\GM_RM011\GM_RM011_frames\000289.png,GM_RM011_000289_ultralytics_yolo12n_downloaded_001,car,0.654725552,1.136,244.902,373.534,598.971,131854.282,true,ultralytics_yolo12n,D:\models\ultralytics\yolo12n.pt,backend_status=available; plug-in detection row only
GM_RM011,ultralytics_yolo12n_downloaded,289,D:\profile\research\data\GM_RM011\GM_RM011_frames\000289.png,GM_RM011_000289_ultralytics_yolo12n_downloaded_002,car,0.646765709,551.881,383.464,799.196,598.934,53288.906,true,ultralytics_yolo12n,D:\models\ultralytics\yolo12n.pt,backend_status=available; plug-in detection row only
GM_RM011,ultralytics_yolo12n_downloaded,289,D:\profile\research\data\GM_RM011\GM_RM011_frames\000289.png,GM_RM011_000289_ultralytics_yolo12n_downloaded_003,toilet,0.267261147,1.032,244.965,372.494,599.105,131549.654,false,ultralytics_yolo12n,D:\models\ultralytics\yolo12n.pt,backend_status=available; plug-in detection row only
GM_RM011,ultralytics_yolo12n_downloaded,290,D:\profile\research\data\GM_RM011\GM_RM011_frames\000290.png,GM_RM011_000290_ultralytics_yolo12n_downloaded_001,car,0.743035257,1.424,232.326,426.265,598.882,155728.031,true,ultralytics_yolo12n,D:\models\ultralytics\yolo12n.pt,backend_status=available; plug-in detection row only
GM_RM011,ultralytics_yolo12n_downloaded,290,D:\profile\research\data\GM_RM011\GM_RM011_frames\000290.png,GM_RM011_000290_ultralytics_yolo12n_downloaded_002,car,0.503281057,610.095,386.133,799.518,599.120,40344.401,true,ultralytics_yolo12n,D:\models\ultralytics\yolo12n.pt,backend_status=available; plug-in detection row only
GM_RM011,ultralytics_yolo12n_downloaded,291,D:\profile\research\data\GM_RM011\GM_RM011_frames\000291.png,GM_RM011_000291_ultralytics_yolo12n_downloaded_001,car,0.786298335,1.287,227.030,496.806,599.768,184698.388,true,ultralytics_yolo12n,D:\models\ultralytics\yolo12n.pt,backend_status=available; plug-in detection row only
GM_RM011,ultralytics_yolo12n_downloaded,291,D:\profile\research\data\GM_RM011\GM_RM011_frames\000291.png,GM_RM011_000291_ultralytics_yolo12n_downloaded_002,car,0.634936869,672.867,401.951,799.517,599.071,24965.135,true,ultralytics_yolo12n,D:\models\ultralytics\yolo12n.pt,backend_status=available; plug-in detection row only
GM_RM011,ultralytics_yolo12n_downloaded,292,D:\profile\research\data\GM_RM011\GM_RM011_frames\000292.png,GM_RM011_000292_ultralytics_yolo12n_downloaded_001,car,0.751155257,1.224,227.438,568.044,599.076,210651.431,true,ultralytics_yolo12n,D:\models\ultralytics\yolo12n.pt,backend_status=available; plug-in detection row only
GM_RM011,ultralytics_yolo12n_downloaded,292,D:\profile\research\data\GM_RM011\GM_RM011_frames\000292.png,GM_RM011_000292_ultralytics_yolo12n_downloaded_002,car,0.524760008,737.658,424.182,799.531,599.646,10856.618,true,ultralytics_yolo12n,D:\models\ultralytics\yolo12n.pt,backend_status=available; plug-in detection row only
GM_RM011,ultralytics_yolo26l_probe,13,D:\profile\research\data\GM_RM011\GM_RM011_frames\000013.png,GM_RM011_000013_001,car,0.7906695604324341,169.602,253.026,772.916,597.579,207873.519,true,ultralytics_yolo26l_existing_probe,D:/profile/research/workspace/artifacts/detector_weights/yolo26l.pt,backend_status=available; plug-in detection row only
GM_RM011,ultralytics_yolo26l_probe,13,D:\profile\research\data\GM_RM011\GM_RM011_frames\000013.png,GM_RM011_000013_002,car,0.6044185757637024,219.792,252.564,794.310,597.805,198347.748,true,ultralytics_yolo26l_existing_probe,D:/profile/research/workspace/artifacts/detector_weights/yolo26l.pt,backend_status=available; plug-in detection row only
GM_RM011,ultralytics_yolo26l_probe,13,D:\profile\research\data\GM_RM011\GM_RM011_frames\000013.png,GM_RM011_000013_003,car,0.49022990465164185,22.715,253.859,625.388,597.457,207076.725,true,ultralytics_yolo26l_existing_probe,D:/profile/research/workspace/artifacts/detector_weights/yolo26l.pt,backend_status=available; plug-in detection row only
GM_RM011,ultralytics_yolo26l_probe,14,D:\profile\research\data\GM_RM011\GM_RM011_frames\000014.png,GM_RM011_000014_001,car,0.8607811331748962,216.216,263.124,795.807,597.319,193696.023,true,ultralytics_yolo26l_existing_probe,D:/profile/research/workspace/artifacts/detector_weights/yolo26l.pt,backend_status=available; plug-in detection row only
GM_RM011,ultralytics_yolo26l_probe,14,D:\profile\research\data\GM_RM011\GM_RM011_frames\000014.png,GM_RM011_000014_002,car,0.8599028587341309,84.443,273.314,703.473,598.141,201077.875,true,ultralytics_yolo26l_existing_probe,D:/profile/research/workspace/artifacts/detector_weights/yolo26l.pt,backend_status=available; plug-in detection row only
GM_RM011,ultralytics_yolo26l_probe,15,D:\profile\research\data\GM_RM011\GM_RM011_frames\000015.png,GM_RM011_000015_001,car,0.8179120421409607,234.055,276.684,796.445,596.129,179653.088,true,ultralytics_yolo26l_existing_probe,D:/profile/research/workspace/artifacts/detector_weights/yolo26l.pt,backend_status=available; plug-in detection row only
GM_RM011,ultralytics_yolo26l_probe,15,D:\profile\research\data\GM_RM011\GM_RM011_frames\000015.png,GM_RM011_000015_002,car,0.7311640977859497,111.082,277.226,730.133,597.142,198044.761,true,ultralytics_yolo26l_existing_probe,D:/profile/research/workspace/artifacts/detector_weights/yolo26l.pt,backend_status=available; plug-in detection row only
GM_RM011,ultralytics_yolo26l_probe,15,D:\profile\research\data\GM_RM011\GM_RM011_frames\000015.png,GM_RM011_000015_003,car,0.6264947056770325,194.421,280.511,787.198,596.941,187572.538,true,ultralytics_yolo26l_existing_probe,D:/profile/research/workspace/artifacts/detector_weights/yolo26l.pt,backend_status=available; plug-in detection row only
GM_RM011,ultralytics_yolo26l_probe,16,D:\profile\research\data\GM_RM011\GM_RM011_frames\000016.png,GM_RM011_000016_001,car,0.8492943644523621,242.751,288.467,795.159,596.521,170171.560,true,ultralytics_yolo26l_existing_probe,D:/profile/research/workspace/artifacts/detector_weights/yolo26l.pt,backend_status=available; plug-in detection row only
GM_RM011,ultralytics_yolo26l_probe,17,D:\profile\research\data\GM_RM011\GM_RM011_frames\000017.png,GM_RM011_000017_001,car,0.7421042919158936,201.261,298.040,783.438,597.029,174064.061,true,ultralytics_yolo26l_existing_probe,D:/profile/research/workspace/artifacts/detector_weights/yolo26l.pt,backend_status=available; plug-in detection row only
GM_RM011,ultralytics_yolo26l_probe,17,D:\profile\research\data\GM_RM011\GM_RM011_frames\000017.png,GM_RM011_000017_002,car,0.4617502689361572,266.686,302.174,795.759,596.474,155705.870,true,ultralytics_yolo26l_existing_probe,D:/profile/research/workspace/artifacts/detector_weights/yolo26l.pt,backend_status=available; plug-in detection row only
GM_RM011,ultralytics_yolo26l_probe,17,D:\profile\research\data\GM_RM011\GM_RM011_frames\000017.png,GM_RM011_000017_003,car,0.35286179184913635,249.317,300.973,794.554,596.547,161157.396,true,ultralytics_yolo26l_existing_probe,D:/profile/research/workspace/artifacts/detector_weights/yolo26l.pt,backend_status=available; plug-in detection row only
GM_RM011,ultralytics_yolo26l_probe,18,D:\profile\research\data\GM_RM011\GM_RM011_frames\000018.png,GM_RM011_000018_001,car,0.9036052823066711,246.353,303.279,795.362,596.939,161221.969,true,ultralytics_yolo26l_existing_probe,D:/profile/research/workspace/artifacts/detector_weights/yolo26l.pt,backend_status=available; plug-in detection row only
GM_RM011,ultralytics_yolo26l_probe,19,D:\profile\research\data\GM_RM011\GM_RM011_frames\000019.png,GM_RM011_000019_001,car,0.8113089799880981,248.712,284.470,796.694,596.891,171200.810,true,ultralytics_yolo26l_existing_probe,D:/profile/research/workspace/artifacts/detector_weights/yolo26l.pt,backend_status=available; plug-in detection row only
GM_RM011,ultralytics_yolo26l_probe,19,D:\profile\research\data\GM_RM011\GM_RM011_frames\000019.png,GM_RM011_000019_002,car,0.6057685017585754,0.410,299.277,87.721,579.095,24431.207,true,ultralytics_yolo26l_existing_probe,D:/profile/research/workspace/artifacts/detector_weights/yolo26l.pt,backend_status=available; plug-in detection row only
GM_RM011,ultralytics_yolo26l_probe,20,D:\profile\research\data\GM_RM011\GM_RM011_frames\000020.png,GM_RM011_000020_001,car,0.8626314997673035,251.774,233.568,796.216,598.160,198499.209,true,ultralytics_yolo26l_existing_probe,D:/profile/research/workspace/artifacts/detector_weights/yolo26l.pt,backend_status=available; plug-in detection row only
GM_RM011,ultralytics_yolo26l_probe,20,D:\profile\research\data\GM_RM011\GM_RM011_frames\000020.png,GM_RM011_000020_002,car,0.5240200161933899,0.416,267.582,103.535,591.511,33403.432,true,ultralytics_yolo26l_existing_probe,D:/profile/research/workspace/artifacts/detector_weights/yolo26l.pt,backend_status=available; plug-in detection row only
GM_RM011,ultralytics_yolo26l_probe,20,D:\profile\research\data\GM_RM011\GM_RM011_frames\000020.png,GM_RM011_000020_003,truck,0.29238808155059814,0.416,267.582,103.535,591.511,33403.432,true,ultralytics_yolo26l_existing_probe,D:/profile/research/workspace/artifacts/detector_weights/yolo26l.pt,backend_status=available; plug-in detection row only
GM_RM011,ultralytics_yolo26l_probe,21,D:\profile\research\data\GM_RM011\GM_RM011_frames\000021.png,GM_RM011_000021_001,car,0.8095572590827942,287.488,162.340,797.633,593.908,220162.521,true,ultralytics_yolo26l_existing_probe,D:/profile/research/workspace/artifacts/detector_weights/yolo26l.pt,backend_status=available; plug-in detection row only
GM_RM011,ultralytics_yolo26l_probe,21,D:\profile\research\data\GM_RM011\GM_RM011_frames\000021.png,GM_RM011_000021_002,car,0.7045424580574036,0.419,216.263,116.103,561.424,39929.663,true,ultralytics_yolo26l_existing_probe,D:/profile/research/workspace/artifacts/detector_weights/yolo26l.pt,backend_status=available; plug-in detection row only
GM_RM011,ultralytics_yolo26l_probe,22,D:\profile\research\data\GM_RM011\GM_RM011_frames\000022.png,GM_RM011_000022_001,car,0.7801762819290161,323.488,167.704,798.236,593.804,202289.999,true,ultralytics_yolo26l_existing_probe,D:/profile/research/workspace/artifacts/detector_weights/yolo26l.pt,backend_status=available; plug-in detection row only
GM_RM011,ultralytics_yolo26l_probe,22,D:\profile\research\data\GM_RM011\GM_RM011_frames\000022.png,GM_RM011_000022_002,car,0.7429316639900208,0.547,207.852,140.552,595.626,54290.006,true,ultralytics_yolo26l_existing_probe,D:/profile/research/workspace/artifacts/detector_weights/yolo26l.pt,backend_status=available; plug-in detection row only
GM_RM011,ultralytics_yolo26l_probe,23,D:\profile\research\data\GM_RM011\GM_RM011_frames\000023.png,GM_RM011_000023_001,car,0.8113904595375061,372.806,257.189,798.463,597.132,144698.800,true,ultralytics_yolo26l_existing_probe,D:/profile/research/workspace/artifacts/detector_weights/yolo26l.pt,backend_status=available; plug-in detection row only
GM_RM011,ultralytics_yolo26l_probe,23,D:\profile\research\data\GM_RM011\GM_RM011_frames\000023.png,GM_RM011_000023_002,car,0.5956597924232483,0.659,249.056,176.673,594.927,60877.859,true,ultralytics_yolo26l_existing_probe,D:/profile/research/workspace/artifacts/detector_weights/yolo26l.pt,backend_status=available; plug-in detection row only
GM_RM011,ultralytics_yolo26l_probe,23,D:\profile\research\data\GM_RM011\GM_RM011_frames\000023.png,GM_RM011_000023_003,truck,0.3570478558540344,0.659,249.056,176.673,594.927,60877.859,true,ultralytics_yolo26l_existing_probe,D:/profile/research/workspace/artifacts/detector_weights/yolo26l.pt,backend_status=available; plug-in detection row only
GM_RM011,ultralytics_yolo26l_probe,24,D:\profile\research\data\GM_RM011\GM_RM011_frames\000024.png,GM_RM011_000024_001,car,0.6023544669151306,1.178,290.733,208.875,596.031,63409.397,true,ultralytics_yolo26l_existing_probe,D:/profile/research/workspace/artifacts/detector_weights/yolo26l.pt,backend_status=available; plug-in detection row only
GM_RM011,ultralytics_yolo26l_probe,24,D:\profile\research\data\GM_RM011\GM_RM011_frames\000024.png,GM_RM011_000024_002,car,0.6022836565971375,410.574,367.859,798.564,595.974,88506.499,true,ultralytics_yolo26l_existing_probe,D:/profile/research/workspace/artifacts/detector_weights/yolo26l.pt,backend_status=available; plug-in detection row only
GM_RM011,ultralytics_yolo26l_probe,24,D:\profile\research\data\GM_RM011\GM_RM011_frames\000024.png,GM_RM011_000024_003,truck,0.42730477452278137,1.178,290.733,208.875,596.031,63409.397,true,ultralytics_yolo26l_existing_probe,D:/profile/research/workspace/artifacts/detector_weights/yolo26l.pt,backend_status=available; plug-in detection row only
GM_RM011,ultralytics_yolo26l_probe,25,D:\profile\research\data\GM_RM011\GM_RM011_frames\000025.png,GM_RM011_000025_001,car,0.7120360732078552,442.495,399.534,798.376,595.818,69853.938,true,ultralytics_yolo26l_existing_probe,D:/profile/research/workspace/artifacts/detector_weights/yolo26l.pt,backend_status=available; plug-in detection row only
GM_RM011,ultralytics_yolo26l_probe,25,D:\profile\research\data\GM_RM011\GM_RM011_frames\000025.png,GM_RM011_000025_002,truck,0.5471850037574768,1.379,290.162,228.118,595.330,69193.597,true,ultralytics_yolo26l_existing_probe,D:/profile/research/workspace/artifacts/detector_weights/yolo26l.pt,backend_status=available; plug-in detection row only
GM_RM011,ultralytics_yolo26l_probe,25,D:\profile\research\data\GM_RM011\GM_RM011_frames\000025.png,GM_RM011_000025_003,car,0.5204424858093262,1.379,290.162,228.118,595.330,69193.597,true,ultralytics_yolo26l_existing_probe,D:/profile/research/workspace/artifacts/detector_weights/yolo26l.pt,backend_status=available; plug-in detection row only
GM_RM011,ultralytics_yolo26l_probe,26,D:\profile\research\data\GM_RM011\GM_RM011_frames\000026.png,GM_RM011_000026_001,car,0.6258329749107361,1.368,288.832,244.065,595.449,74414.967,true,ultralytics_yolo26l_existing_probe,D:/profile/research/workspace/artifacts/detector_weights/yolo26l.pt,backend_status=available; plug-in detection row only
GM_RM011,ultralytics_yolo26l_probe,26,D:\profile\research\data\GM_RM011\GM_RM011_frames\000026.png,GM_RM011_000026_002,car,0.47162556648254395,470.967,396.329,798.680,595.476,65262.866,true,ultralytics_yolo26l_existing_probe,D:/profile/research/workspace/artifacts/detector_weights/yolo26l.pt,backend_status=available; plug-in detection row only
GM_RM011,ultralytics_yolo26l_probe,26,D:\profile\research\data\GM_RM011\GM_RM011_frames\000026.png,GM_RM011_000026_003,truck,0.43598636984825134,1.368,288.832,244.065,595.449,74414.967,true,ultralytics_yolo26l_existing_probe,D:/profile/research/workspace/artifacts/detector_weights/yolo26l.pt,backend_status=available; plug-in detection row only
GM_RM011,ultralytics_yolo26l_probe,27,D:\profile\research\data\GM_RM011\GM_RM011_frames\000027.png,GM_RM011_000027_001,car,0.7456838488578796,1.717,278.305,265.053,595.741,83592.040,true,ultralytics_yolo26l_existing_probe,D:/profile/research/workspace/artifacts/detector_weights/yolo26l.pt,backend_status=available; plug-in detection row only
GM_RM011,ultralytics_yolo26l_probe,27,D:\profile\research\data\GM_RM011\GM_RM011_frames\000027.png,GM_RM011_000027_002,car,0.6268104314804077,493.685,378.242,798.715,595.302,66209.924,true,ultralytics_yolo26l_existing_probe,D:/profile/research/workspace/artifacts/detector_weights/yolo26l.pt,backend_status=available; plug-in detection row only
GM_RM011,ultralytics_yolo26l_probe,27,D:\profile\research\data\GM_RM011\GM_RM011_frames\000027.png,GM_RM011_000027_003,truck,0.28378060460090637,1.717,278.305,265.053,595.741,83592.040,true,ultralytics_yolo26l_existing_probe,D:/profile/research/workspace/artifacts/detector_weights/yolo26l.pt,backend_status=available; plug-in detection row only
GM_RM011,ultralytics_yolo26l_probe,28,D:\profile\research\data\GM_RM011\GM_RM011_frames\000028.png,GM_RM011_000028_001,car,0.7699803709983826,520.478,353.742,799.070,595.992,67488.807,true,ultralytics_yolo26l_existing_probe,D:/profile/research/workspace/artifacts/detector_weights/yolo26l.pt,backend_status=available; plug-in detection row only
GM_RM011,ultralytics_yolo26l_probe,28,D:\profile\research\data\GM_RM011\GM_RM011_frames\000028.png,GM_RM011_000028_002,car,0.6101259589195251,1.684,253.297,295.592,595.463,100564.983,true,ultralytics_yolo26l_existing_probe,D:/profile/research/workspace/artifacts/detector_weights/yolo26l.pt,backend_status=available; plug-in detection row only
GM_RM011,ultralytics_yolo26l_probe,28,D:\profile\research\data\GM_RM011\GM_RM011_frames\000028.png,GM_RM011_000028_003,truck,0.4304732382297516,1.684,253.297,295.592,595.463,100564.983,true,ultralytics_yolo26l_existing_probe,D:/profile/research/workspace/artifacts/detector_weights/yolo26l.pt,backend_status=available; plug-in detection row only
GM_RM011,ultralytics_yolo26l_probe,29,D:\profile\research\data\GM_RM011\GM_RM011_frames\000029.png,GM_RM011_000029_001,car,0.8400688171386719,548.813,349.253,799.005,595.054,61497.719,true,ultralytics_yolo26l_existing_probe,D:/profile/research/workspace/artifacts/detector_weights/yolo26l.pt,backend_status=available; plug-in detection row only
GM_RM011,ultralytics_yolo26l_probe,29,D:\profile\research\data\GM_RM011\GM_RM011_frames\000029.png,GM_RM011_000029_002,car,0.723967432975769,1.779,221.117,324.670,594.828,120667.916,true,ultralytics_yolo26l_existing_probe,D:/profile/research/workspace/artifacts/detector_weights/yolo26l.pt,backend_status=available; plug-in detection row only
GM_RM011,ultralytics_yolo26l_probe,29,D:\profile\research\data\GM_RM011\GM_RM011_frames\000029.png,GM_RM011_000029_003,truck,0.3597906529903412,1.779,221.117,324.670,594.828,120667.916,true,ultralytics_yolo26l_existing_probe,D:/profile/research/workspace/artifacts/detector_weights/yolo26l.pt,backend_status=available; plug-in detection row only
GM_RM011,ultralytics_yolo26l_probe,30,D:\profile\research\data\GM_RM011\GM_RM011_frames\000030.png,GM_RM011_000030_001,car,0.7047631144523621,584.665,376.323,799.152,595.045,46912.818,true,ultralytics_yolo26l_existing_probe,D:/profile/research/workspace/artifacts/detector_weights/yolo26l.pt,backend_status=available; plug-in detection row only
GM_RM011,ultralytics_yolo26l_probe,30,D:\profile\research\data\GM_RM011\GM_RM011_frames\000030.png,GM_RM011_000030_002,car,0.679612398147583,1.755,224.942,358.209,595.312,132019.535,true,ultralytics_yolo26l_existing_probe,D:/profile/research/workspace/artifacts/detector_weights/yolo26l.pt,backend_status=available; plug-in detection row only
GM_RM011,ultralytics_yolo26l_probe,30,D:\profile\research\data\GM_RM011\GM_RM011_frames\000030.png,GM_RM011_000030_003,truck,0.3646610975265503,1.755,224.942,358.209,595.312,132019.535,true,ultralytics_yolo26l_existing_probe,D:/profile/research/workspace/artifacts/detector_weights/yolo26l.pt,backend_status=available; plug-in detection row only
GM_RM011,ultralytics_yolo26l_probe,31,D:\profile\research\data\GM_RM011\GM_RM011_frames\000031.png,GM_RM011_000031_001,car,0.9197928309440613,1.183,250.032,390.245,595.594,134444.914,true,ultralytics_yolo26l_existing_probe,D:/profile/research/workspace/artifacts/detector_weights/yolo26l.pt,backend_status=available; plug-in detection row only
GM_RM011,ultralytics_yolo26l_probe,31,D:\profile\research\data\GM_RM011\GM_RM011_frames\000031.png,GM_RM011_000031_002,car,0.880653977394104,621.672,410.190,799.324,594.803,32797.011,true,ultralytics_yolo26l_existing_probe,D:/profile/research/workspace/artifacts/detector_weights/yolo26l.pt,backend_status=available; plug-in detection row only
GM_RM011,ultralytics_yolo26l_probe,32,D:\profile\research\data\GM_RM011\GM_RM011_frames\000032.png,GM_RM011_000032_001,car,0.9090169072151184,1.404,269.806,424.963,596.184,138240.563,true,ultralytics_yolo26l_existing_probe,D:/profile/research/workspace/artifacts/detector_weights/yolo26l.pt,backend_status=available; plug-in detection row only
GM_RM011,ultralytics_yolo26l_probe,32,D:\profile\research\data\GM_RM011\GM_RM011_frames\000032.png,GM_RM011_000032_002,car,0.834640383720398,660.590,436.006,799.333,595.379,22111.885,true,ultralytics_yolo26l_existing_probe,D:/profile/research/workspace/artifacts/detector_weights/yolo26l.pt,backend_status=available; plug-in detection row only
GM_RM011,ultralytics_yolo26l_probe,33,D:\profile\research\data\GM_RM011\GM_RM011_frames\000033.png,GM_RM011_000033_001,car,0.8978422284126282,1.050,276.612,449.849,596.286,143469.102,true,ultralytics_yolo26l_existing_probe,D:/profile/research/workspace/artifacts/detector_weights/yolo26l.pt,backend_status=available; plug-in detection row only
GM_RM011,ultralytics_yolo26l_probe,33,D:\profile\research\data\GM_RM011\GM_RM011_frames\000033.png,GM_RM011_000033_002,car,0.8728744387626648,698.888,442.098,799.475,595.692,15449.561,true,ultralytics_yolo26l_existing_probe,D:/profile/research/workspace/artifacts/detector_weights/yolo26l.pt,backend_status=available; plug-in detection row only
GM_RM011,ultralytics_yolo26l_probe,34,D:\profile\research\data\GM_RM011\GM_RM011_frames\000034.png,GM_RM011_000034_001,car,0.8912457227706909,0.830,282.141,458.530,596.965,144095.055,true,ultralytics_yolo26l_existing_probe,D:/profile/research/workspace/artifacts/detector_weights/yolo26l.pt,backend_status=available; plug-in detection row only
GM_RM011,ultralytics_yolo26l_probe,34,D:\profile\research\data\GM_RM011\GM_RM011_frames\000034.png,GM_RM011_000034_002,car,0.870238721370697,730.202,443.685,799.698,597.063,10659.250,true,ultralytics_yolo26l_existing_probe,D:/profile/research/workspace/artifacts/detector_weights/yolo26l.pt,backend_status=available; plug-in detection row only
GM_RM011,ultralytics_yolo26l_probe,35,D:\profile\research\data\GM_RM011\GM_RM011_frames\000035.png,GM_RM011_000035_001,car,0.8861716389656067,4.153,280.124,463.804,597.008,145656.220,true,ultralytics_yolo26l_existing_probe,D:/profile/research/workspace/artifacts/detector_weights/yolo26l.pt,backend_status=available; plug-in detection row only
GM_RM011,ultralytics_yolo26l_probe,35,D:\profile\research\data\GM_RM011\GM_RM011_frames\000035.png,GM_RM011_000035_002,car,0.67690509557724,765.718,445.615,799.825,595.423,5109.442,true,ultralytics_yolo26l_existing_probe,D:/profile/research/workspace/artifacts/detector_weights/yolo26l.pt,backend_status=available; plug-in detection row only
GM_RM011,ultralytics_yolo26l_probe,121,D:\profile\research\data\GM_RM011\GM_RM011_frames\000121.png,GM_RM011_000121_001,car,0.9423916935920715,524.638,272.245,799.098,594.692,88498.661,true,ultralytics_yolo26l_existing_probe,D:/profile/research/workspace/artifacts/detector_weights/yolo26l.pt,backend_status=available; plug-in detection row only
GM_RM011,ultralytics_yolo26l_probe,121,D:\profile\research\data\GM_RM011\GM_RM011_frames\000121.png,GM_RM011_000121_002,car,0.7929033041000366,3.394,279.459,535.870,597.502,169349.906,true,ultralytics_yolo26l_existing_probe,D:/profile/research/workspace/artifacts/detector_weights/yolo26l.pt,backend_status=available; plug-in detection row only
GM_RM011,ultralytics_yolo26l_probe,121,D:\profile\research\data\GM_RM011\GM_RM011_frames\000121.png,GM_RM011_000121_003,car,0.6876384019851685,0.474,267.848,187.611,481.504,39982.927,true,ultralytics_yolo26l_existing_probe,D:/profile/research/workspace/artifacts/detector_weights/yolo26l.pt,backend_status=available; plug-in detection row only
GM_RM011,ultralytics_yolo26l_probe,122,D:\profile\research\data\GM_RM011\GM_RM011_frames\000122.png,GM_RM011_000122_001,car,0.9336060285568237,549.657,272.519,799.394,594.943,80521.217,true,ultralytics_yolo26l_existing_probe,D:/profile/research/workspace/artifacts/detector_weights/yolo26l.pt,backend_status=available; plug-in detection row only
GM_RM011,ultralytics_yolo26l_probe,122,D:\profile\research\data\GM_RM011\GM_RM011_frames\000122.png,GM_RM011_000122_002,car,0.8682336807250977,0.459,278.510,216.461,594.938,68349.133,true,ultralytics_yolo26l_existing_probe,D:/profile/research/workspace/artifacts/detector_weights/yolo26l.pt,backend_status=available; plug-in detection row only
GM_RM011,ultralytics_yolo26l_probe,122,D:\profile\research\data\GM_RM011\GM_RM011_frames\000122.png,GM_RM011_000122_003,car,0.7822985649108887,37.776,286.237,554.986,596.968,160713.074,true,ultralytics_yolo26l_existing_probe,D:/profile/research/workspace/artifacts/detector_weights/yolo26l.pt,backend_status=available; plug-in detection row only
GM_RM011,ultralytics_yolo26l_probe,123,D:\profile\research\data\GM_RM011\GM_RM011_frames\000123.png,GM_RM011_000123_001,car,0.9127264022827148,571.304,282.277,799.430,595.403,71432.280,true,ultralytics_yolo26l_existing_probe,D:/profile/research/workspace/artifacts/detector_weights/yolo26l.pt,backend_status=available; plug-in detection row only
GM_RM011,ultralytics_yolo26l_probe,123,D:\profile\research\data\GM_RM011\GM_RM011_frames\000123.png,GM_RM011_000123_002,car,0.885296642780304,0.717,277.689,245.014,594.460,77386.275,true,ultralytics_yolo26l_existing_probe,D:/profile/research/workspace/artifacts/detector_weights/yolo26l.pt,backend_status=available; plug-in detection row only
GM_RM011,ultralytics_yolo26l_probe,123,D:\profile\research\data\GM_RM011\GM_RM011_frames\000123.png,GM_RM011_000123_003,car,0.7018488049507141,88.292,290.577,580.386,596.850,150714.861,true,ultralytics_yolo26l_existing_probe,D:/profile/research/workspace/artifacts/detector_weights/yolo26l.pt,backend_status=available; plug-in detection row only
GM_RM011,ultralytics_yolo26l_probe,124,D:\profile\research\data\GM_RM011\GM_RM011_frames\000124.png,GM_RM011_000124_001,car,0.8968018889427185,593.290,289.041,799.421,592.929,62640.638,true,ultralytics_yolo26l_existing_probe,D:/profile/research/workspace/artifacts/detector_weights/yolo26l.pt,backend_status=available; plug-in detection row only
GM_RM011,ultralytics_yolo26l_probe,124,D:\profile\research\data\GM_RM011\GM_RM011_frames\000124.png,GM_RM011_000124_002,car,0.8795129656791687,0.630,274.733,266.007,595.474,85117.200,true,ultralytics_yolo26l_existing_probe,D:/profile/research/workspace/artifacts/detector_weights/yolo26l.pt,backend_status=available; plug-in detection row only
GM_RM011,ultralytics_yolo26l_probe,124,D:\profile\research\data\GM_RM011\GM_RM011_frames\000124.png,GM_RM011_000124_003,car,0.6437554359436035,138.838,292.824,618.621,595.827,145376.098,true,ultralytics_yolo26l_existing_probe,D:/profile/research/workspace/artifacts/detector_weights/yolo26l.pt,backend_status=available; plug-in detection row only
GM_RM011,ultralytics_yolo26l_probe,125,D:\profile\research\data\GM_RM011\GM_RM011_frames\000125.png,GM_RM011_000125_001,car,0.8891810774803162,1.076,281.689,297.377,594.101,92568.286,true,ultralytics_yolo26l_existing_probe,D:/profile/research/workspace/artifacts/detector_weights/yolo26l.pt,backend_status=available; plug-in detection row only
GM_RM011,ultralytics_yolo26l_probe,125,D:\profile\research\data\GM_RM011\GM_RM011_frames\000125.png,GM_RM011_000125_002,car,0.8631373047828674,621.305,288.486,799.540,544.216,45580.057,true,ultralytics_yolo26l_existing_probe,D:/profile/research/workspace/artifacts/detector_weights/yolo26l.pt,backend_status=available; plug-in detection row only
GM_RM011,ultralytics_yolo26l_probe,125,D:\profile\research\data\GM_RM011\GM_RM011_frames\000125.png,GM_RM011_000125_003,car,0.629544198513031,198.946,296.586,675.912,595.502,142572.739,true,ultralytics_yolo26l_existing_probe,D:/profile/research/workspace/artifacts/detector_weights/yolo26l.pt,backend_status=available; plug-in detection row only
GM_RM011,ultralytics_yolo26l_probe,126,D:\profile\research\data\GM_RM011\GM_RM011_frames\000126.png,GM_RM011_000126_001,car,0.9148865938186646,0.992,284.100,307.863,595.664,95610.002,true,ultralytics_yolo26l_existing_probe,D:/profile/research/workspace/artifacts/detector_weights/yolo26l.pt,backend_status=available; plug-in detection row only
GM_RM011,ultralytics_yolo26l_probe,126,D:\profile\research\data\GM_RM011\GM_RM011_frames\000126.png,GM_RM011_000126_002,car,0.7737367153167725,648.439,285.329,799.616,515.561,34805.656,true,ultralytics_yolo26l_existing_probe,D:/profile/research/workspace/artifacts/detector_weights/yolo26l.pt,backend_status=available; plug-in detection row only
GM_RM011,ultralytics_yolo26l_probe,126,D:\profile\research\data\GM_RM011\GM_RM011_frames\000126.png,GM_RM011_000126_003,car,0.6975077390670776,255.216,294.987,763.056,595.853,152791.515,true,ultralytics_yolo26l_existing_probe,D:/profile/research/workspace/artifacts/detector_weights/yolo26l.pt,backend_status=available; plug-in detection row only
GM_RM011,ultralytics_yolo26l_probe,127,D:\profile\research\data\GM_RM011\GM_RM011_frames\000127.png,GM_RM011_000127_001,car,0.7526946067810059,1.221,281.999,330.488,595.608,103261.141,true,ultralytics_yolo26l_existing_probe,D:/profile/research/workspace/artifacts/detector_weights/yolo26l.pt,backend_status=available; plug-in detection row only
GM_RM011,ultralytics_yolo26l_probe,127,D:\profile\research\data\GM_RM011\GM_RM011_frames\000127.png,GM_RM011_000127_002,car,0.6735262870788574,669.767,290.426,799.584,512.249,28796.409,true,ultralytics_yolo26l_existing_probe,D:/profile/research/workspace/artifacts/detector_weights/yolo26l.pt,backend_status=available; plug-in detection row only
GM_RM011,ultralytics_yolo26l_probe,127,D:\profile\research\data\GM_RM011\GM_RM011_frames\000127.png,GM_RM011_000127_003,car,0.5263910293579102,304.248,296.006,787.034,596.622,145133.303,true,ultralytics_yolo26l_existing_probe,D:/profile/research/workspace/artifacts/detector_weights/yolo26l.pt,backend_status=available; plug-in detection row only
GM_RM011,ultralytics_yolo26l_probe,128,D:\profile\research\data\GM_RM011\GM_RM011_frames\000128.png,GM_RM011_000128_001,car,0.9287167191505432,1.650,274.533,349.841,594.987,111579.270,true,ultralytics_yolo26l_existing_probe,D:/profile/research/workspace/artifacts/detector_weights/yolo26l.pt,backend_status=available; plug-in detection row only
GM_RM011,ultralytics_yolo26l_probe,128,D:\profile\research\data\GM_RM011\GM_RM011_frames\000128.png,GM_RM011_000128_002,car,0.6641277074813843,355.561,294.873,796.945,596.207,133004.002,true,ultralytics_yolo26l_existing_probe,D:/profile/research/workspace/artifacts/detector_weights/yolo26l.pt,backend_status=available; plug-in detection row only
GM_RM011,ultralytics_yolo26l_probe,128,D:\profile\research\data\GM_RM011\GM_RM011_frames\000128.png,GM_RM011_000128_003,car,0.3378317356109619,693.666,295.748,799.682,462.282,17655.356,true,ultralytics_yolo26l_existing_probe,D:/profile/research/workspace/artifacts/detector_weights/yolo26l.pt,backend_status=available; plug-in detection row only
GM_RM011,ultralytics_yolo26l_probe,129,D:\profile\research\data\GM_RM011\GM_RM011_frames\000129.png,GM_RM011_000129_001,car,0.8944079875946045,1.475,283.456,373.424,596.277,116353.372,true,ultralytics_yolo26l_existing_probe,D:/profile/research/workspace/artifacts/detector_weights/yolo26l.pt,backend_status=available; plug-in detection row only
GM_RM011,ultralytics_yolo26l_probe,129,D:\profile\research\data\GM_RM011\GM_RM011_frames\000129.png,GM_RM011_000129_002,car,0.6102100610733032,725.808,301.472,799.920,418.912,8703.795,true,ultralytics_yolo26l_existing_probe,D:/profile/research/workspace/artifacts/detector_weights/yolo26l.pt,backend_status=available; plug-in detection row only
GM_RM011,ultralytics_yolo26l_probe,129,D:\profile\research\data\GM_RM011\GM_RM011_frames\000129.png,GM_RM011_000129_003,car,0.568555474281311,408.611,298.788,799.303,595.822,116048.755,true,ultralytics_yolo26l_existing_probe,D:/profile/research/workspace/artifacts/detector_weights/yolo26l.pt,backend_status=available; plug-in detection row only
GM_RM011,ultralytics_yolo26l_probe,129,D:\profile\research\data\GM_RM011\GM_RM011_frames\000129.png,GM_RM011_000129_004,car,0.26606443524360657,0.227,280.838,143.314,349.496,9824.161,true,ultralytics_yolo26l_existing_probe,D:/profile/research/workspace/artifacts/detector_weights/yolo26l.pt,backend_status=available; plug-in detection row only
GM_RM011,ultralytics_yolo26l_probe,145,D:\profile\research\data\GM_RM011\GM_RM011_frames\000145.png,GM_RM011_000145_001,car,0.9539512991905212,528.398,294.077,798.997,596.073,81720.007,true,ultralytics_yolo26l_existing_probe,D:/profile/research/workspace/artifacts/detector_weights/yolo26l.pt,backend_status=available; plug-in detection row only
GM_RM011,ultralytics_yolo26l_probe,145,D:\profile\research\data\GM_RM011\GM_RM011_frames\000145.png,GM_RM011_000145_002,car,0.9339351058006287,170.541,287.761,529.782,597.597,111305.451,true,ultralytics_yolo26l_existing_probe,D:/profile/research/workspace/artifacts/detector_weights/yolo26l.pt,backend_status=available; plug-in detection row only
GM_RM011,ultralytics_yolo26l_probe,145,D:\profile\research\data\GM_RM011\GM_RM011_frames\000145.png,GM_RM011_000145_003,car,0.7089431881904602,0.369,364.276,87.445,596.364,20209.039,true,ultralytics_yolo26l_existing_probe,D:/profile/research/workspace/artifacts/detector_weights/yolo26l.pt,backend_status=available; plug-in detection row only
GM_RM011,ultralytics_yolo26l_probe,146,D:\profile\research\data\GM_RM011\GM_RM011_frames\000146.png,GM_RM011_000146_001,car,0.9448060393333435,550.988,284.680,799.115,595.653,77160.769,true,ultralytics_yolo26l_existing_probe,D:/profile/research/workspace/artifacts/detector_weights/yolo26l.pt,backend_status=available; plug-in detection row only
GM_RM011,ultralytics_yolo26l_probe,146,D:\profile\research\data\GM_RM011\GM_RM011_frames\000146.png,GM_RM011_000146_002,car,0.9336962103843689,212.721,281.399,574.070,597.418,114192.938,true,ultralytics_yolo26l_existing_probe,D:/profile/research/workspace/artifacts/detector_weights/yolo26l.pt,backend_status=available; plug-in detection row only
GM_RM011,ultralytics_yolo26l_probe,147,D:\profile\research\data\GM_RM011\GM_RM011_frames\000147.png,GM_RM011_000147_001,car,0.9382675290107727,574.341,271.272,799.197,594.540,72688.723,true,ultralytics_yolo26l_existing_probe,D:/profile/research/workspace/artifacts/detector_weights/yolo26l.pt,backend_status=available; plug-in detection row only
GM_RM011,ultralytics_yolo26l_probe,147,D:\profile\research\data\GM_RM011\GM_RM011_frames\000147.png,GM_RM011_000147_002,car,0.9279080629348755,253.603,273.371,617.206,597.467,117842.332,true,ultralytics_yolo26l_existing_probe,D:/profile/research/workspace/artifacts/detector_weights/yolo26l.pt,backend_status=available; plug-in detection row only
GM_RM011,ultralytics_yolo26l_probe,148,D:\profile\research\data\GM_RM011\GM_RM011_frames\000148.png,GM_RM011_000148_001,car,0.9363511800765991,290.147,267.952,660.228,597.570,121985.151,true,ultralytics_yolo26l_existing_probe,D:/profile/research/workspace/artifacts/detector_weights/yolo26l.pt,backend_status=available; plug-in detection row only
GM_RM011,ultralytics_yolo26l_probe,148,D:\profile\research\data\GM_RM011\GM_RM011_frames\000148.png,GM_RM011_000148_002,car,0.9204793572425842,602.547,269.670,799.540,592.246,63545.233,true,ultralytics_yolo26l_existing_probe,D:/profile/research/workspace/artifacts/detector_weights/yolo26l.pt,backend_status=available; plug-in detection row only
GM_RM011,ultralytics_yolo26l_probe,149,D:\profile\research\data\GM_RM011\GM_RM011_frames\000149.png,GM_RM011_000149_001,car,0.9108967185020447,327.634,265.880,708.068,597.512,126163.942,true,ultralytics_yolo26l_existing_probe,D:/profile/research/workspace/artifacts/detector_weights/yolo26l.pt,backend_status=available; plug-in detection row only
GM_RM011,ultralytics_yolo26l_probe,149,D:\profile\research\data\GM_RM011\GM_RM011_frames\000149.png,GM_RM011_000149_002,car,0.8693631291389465,631.087,268.807,799.458,543.785,46298.340,true,ultralytics_yolo26l_existing_probe,D:/profile/research/workspace/artifacts/detector_weights/yolo26l.pt,backend_status=available; plug-in detection row only
GM_RM011,ultralytics_yolo26l_probe,150,D:\profile\research\data\GM_RM011\GM_RM011_frames\000150.png,GM_RM011_000150_001,car,0.9375353455543518,366.104,262.761,753.531,597.710,129768.171,true,ultralytics_yolo26l_existing_probe,D:/profile/research/workspace/artifacts/detector_weights/yolo26l.pt,backend_status=available; plug-in detection row only
GM_RM011,ultralytics_yolo26l_probe,150,D:\profile\research\data\GM_RM011\GM_RM011_frames\000150.png,GM_RM011_000150_002,car,0.6890255212783813,662.538,268.716,799.512,519.111,34297.418,true,ultralytics_yolo26l_existing_probe,D:/profile/research/workspace/artifacts/detector_weights/yolo26l.pt,backend_status=available; plug-in detection row only
GM_RM011,ultralytics_yolo26l_probe,151,D:\profile\research\data\GM_RM011\GM_RM011_frames\000151.png,GM_RM011_000151_001,car,0.9440639615058899,407.896,261.616,798.185,597.293,131011.416,true,ultralytics_yolo26l_existing_probe,D:/profile/research/workspace/artifacts/detector_weights/yolo26l.pt,backend_status=available; plug-in detection row only
GM_RM011,ultralytics_yolo26l_probe,151,D:\profile\research\data\GM_RM011\GM_RM011_frames\000151.png,GM_RM011_000151_002,car,0.4275043308734894,689.707,270.428,799.586,495.746,24757.684,true,ultralytics_yolo26l_existing_probe,D:/profile/research/workspace/artifacts/detector_weights/yolo26l.pt,backend_status=available; plug-in detection row only
GM_RM011,ultralytics_yolo26l_probe,152,D:\profile\research\data\GM_RM011\GM_RM011_frames\000152.png,GM_RM011_000152_001,car,0.9522466063499451,450.543,269.111,798.517,596.878,114054.101,true,ultralytics_yolo26l_existing_probe,D:/profile/research/workspace/artifacts/detector_weights/yolo26l.pt,backend_status=available; plug-in detection row only
GM_RM011,ultralytics_yolo26l_probe,153,D:\profile\research\data\GM_RM011\GM_RM011_frames\000153.png,GM_RM011_000153_001,car,0.9446847438812256,485.397,273.241,799.023,597.259,101620.395,true,ultralytics_yolo26l_existing_probe,D:/profile/research/workspace/artifacts/detector_weights/yolo26l.pt,backend_status=available; plug-in detection row only
GM_RM011,ultralytics_yolo26l_probe,153,D:\profile\research\data\GM_RM011\GM_RM011_frames\000153.png,GM_RM011_000153_002,car,0.290345162153244,745.607,289.635,799.719,390.752,5471.626,true,ultralytics_yolo26l_existing_probe,D:/profile/research/workspace/artifacts/detector_weights/yolo26l.pt,backend_status=available; plug-in detection row only
GM_RM011,ultralytics_yolo26l_probe,154,D:\profile\research\data\GM_RM011\GM_RM011_frames\000154.png,GM_RM011_000154_001,car,0.931812047958374,514.402,274.589,799.278,596.964,91836.959,true,ultralytics_yolo26l_existing_probe,D:/profile/research/workspace/artifacts/detector_weights/yolo26l.pt,backend_status=available; plug-in detection row only
GM_RM011,ultralytics_yolo26l_probe,154,D:\profile\research\data\GM_RM011\GM_RM011_frames\000154.png,GM_RM011_000154_002,car,0.4294319450855255,0.148,374.845,32.223,502.159,4083.601,true,ultralytics_yolo26l_existing_probe,D:/profile/research/workspace/artifacts/detector_weights/yolo26l.pt,backend_status=available; plug-in detection row only
GM_RM011,ultralytics_yolo26l_probe,155,D:\profile\research\data\GM_RM011\GM_RM011_frames\000155.png,GM_RM011_000155_001,car,0.9147925972938538,536.940,272.884,799.100,596.643,84876.506,true,ultralytics_yolo26l_existing_probe,D:/profile/research/workspace/artifacts/detector_weights/yolo26l.pt,backend_status=available; plug-in detection row only
GM_RM011,ultralytics_yolo26l_probe,155,D:\profile\research\data\GM_RM011\GM_RM011_frames\000155.png,GM_RM011_000155_002,car,0.5001521110534668,0.248,361.667,64.722,536.620,11279.769,true,ultralytics_yolo26l_existing_probe,D:/profile/research/workspace/artifacts/detector_weights/yolo26l.pt,backend_status=available; plug-in detection row only
GM_RM011,ultralytics_yolo26l_probe,156,D:\profile\research\data\GM_RM011\GM_RM011_frames\000156.png,GM_RM011_000156_001,car,0.9217891693115234,556.326,270.009,799.168,596.170,79205.645,true,ultralytics_yolo26l_existing_probe,D:/profile/research/workspace/artifacts/detector_weights/yolo26l.pt,backend_status=available; plug-in detection row only
GM_RM011,ultralytics_yolo26l_probe,157,D:\profile\research\data\GM_RM011\GM_RM011_frames\000157.png,GM_RM011_000157_001,car,0.9171062707901001,575.808,270.502,799.382,596.582,72903.030,true,ultralytics_yolo26l_existing_probe,D:/profile/research/workspace/artifacts/detector_weights/yolo26l.pt,backend_status=available; plug-in detection row only
GM_RM011,ultralytics_yolo26l_probe,157,D:\profile\research\data\GM_RM011\GM_RM011_frames\000157.png,GM_RM011_000157_002,car,0.47635912895202637,0.463,346.303,129.144,588.732,31195.795,true,ultralytics_yolo26l_existing_probe,D:/profile/research/workspace/artifacts/detector_weights/yolo26l.pt,backend_status=available; plug-in detection row only
GM_RM011,ultralytics_yolo26l_probe,158,D:\profile\research\data\GM_RM011\GM_RM011_frames\000158.png,GM_RM011_000158_001,car,0.9186945557594299,597.998,266.481,799.291,596.842,66499.195,true,ultralytics_yolo26l_existing_probe,D:/profile/research/workspace/artifacts/detector_weights/yolo26l.pt,backend_status=available; plug-in detection row only
GM_RM011,ultralytics_yolo26l_probe,159,D:\profile\research\data\GM_RM011\GM_RM011_frames\000159.png,GM_RM011_000159_001,car,0.9306233525276184,617.920,260.561,799.433,592.726,60292.404,true,ultralytics_yolo26l_existing_probe,D:/profile/research/workspace/artifacts/detector_weights/yolo26l.pt,backend_status=available; plug-in detection row only
GM_RM011,ultralytics_yolo26l_probe,160,D:\profile\research\data\GM_RM011\GM_RM011_frames\000160.png,GM_RM011_000160_001,car,0.9010194540023804,634.768,253.282,799.517,561.453,50770.987,true,ultralytics_yolo26l_existing_probe,D:/profile/research/workspace/artifacts/detector_weights/yolo26l.pt,backend_status=available; plug-in detection row only
GM_RM011,ultralytics_yolo26l_probe,161,D:\profile\research\data\GM_RM011\GM_RM011_frames\000161.png,GM_RM011_000161_001,car,0.8211808800697327,655.266,249.284,799.574,545.321,42720.385,true,ultralytics_yolo26l_existing_probe,D:/profile/research/workspace/artifacts/detector_weights/yolo26l.pt,backend_status=available; plug-in detection row only
GM_RM011,ultralytics_yolo26l_probe,161,D:\profile\research\data\GM_RM011\GM_RM011_frames\000161.png,GM_RM011_000161_002,car,0.30036646127700806,0.997,292.521,272.520,595.047,82143.107,true,ultralytics_yolo26l_existing_probe,D:/profile/research/workspace/artifacts/detector_weights/yolo26l.pt,backend_status=available; plug-in detection row only
GM_RM011,ultralytics_yolo26l_probe,163,D:\profile\research\data\GM_RM011\GM_RM011_frames\000163.png,GM_RM011_000163_001,car,0.5814785361289978,701.747,266.193,799.632,435.085,16531.935,true,ultralytics_yolo26l_existing_probe,D:/profile/research/workspace/artifacts/detector_weights/yolo26l.pt,backend_status=available; plug-in detection row only
GM_RM011,ultralytics_yolo26l_probe,164,D:\profile\research\data\GM_RM011\GM_RM011_frames\000164.png,GM_RM011_000164_001,car,0.4738143980503082,727.768,278.541,799.702,411.806,9586.214,true,ultralytics_yolo26l_existing_probe,D:/profile/research/workspace/artifacts/detector_weights/yolo26l.pt,backend_status=available; plug-in detection row only
GM_RM011,ultralytics_yolo26l_probe,165,D:\profile\research\data\GM_RM011\GM_RM011_frames\000165.png,GM_RM011_000165_001,car,0.599903404712677,747.851,281.479,799.700,424.472,7414.077,true,ultralytics_yolo26l_existing_probe,D:/profile/research/workspace/artifacts/detector_weights/yolo26l.pt,backend_status=available; plug-in detection row only
GM_RM011,ultralytics_yolo26l_probe,166,D:\profile\research\data\GM_RM011\GM_RM011_frames\000166.png,GM_RM011_000166_001,car,0.545535683631897,770.269,311.284,799.779,453.447,4195.159,true,ultralytics_yolo26l_existing_probe,D:/profile/research/workspace/artifacts/detector_weights/yolo26l.pt,backend_status=available; plug-in detection row only
GM_RM011,ultralytics_yolo26l_probe,166,D:\profile\research\data\GM_RM011\GM_RM011_frames\000166.png,GM_RM011_000166_002,truck,0.307193785905838,770.269,311.284,799.779,453.447,4195.159,true,ultralytics_yolo26l_existing_probe,D:/profile/research/workspace/artifacts/detector_weights/yolo26l.pt,backend_status=available; plug-in detection row only
GM_RM011,ultralytics_yolo26l_probe,188,D:\profile\research\data\GM_RM011\GM_RM011_frames\000188.png,GM_RM011_000188_001,car,0.327518105506897,309.889,284.241,797.307,595.311,151620.591,true,ultralytics_yolo26l_existing_probe,D:/profile/research/workspace/artifacts/detector_weights/yolo26l.pt,backend_status=available; plug-in detection row only
GM_RM011,ultralytics_yolo26l_probe,189,D:\profile\research\data\GM_RM011\GM_RM011_frames\000189.png,GM_RM011_000189_001,car,0.4385080933570862,357.192,291.388,797.465,595.649,133958.028,true,ultralytics_yolo26l_existing_probe,D:/profile/research/workspace/artifacts/detector_weights/yolo26l.pt,backend_status=available; plug-in detection row only
GM_RM011,ultralytics_yolo26l_probe,192,D:\profile\research\data\GM_RM011\GM_RM011_frames\000192.png,GM_RM011_000192_001,car,0.3060988783836365,504.574,343.297,799.045,595.280,74201.764,true,ultralytics_yolo26l_existing_probe,D:/profile/research/workspace/artifacts/detector_weights/yolo26l.pt,backend_status=available; plug-in detection row only
GM_RM011,ultralytics_yolo26l_probe,210,D:\profile\research\data\GM_RM011\GM_RM011_frames\000210.png,GM_RM011_000210_001,car,0.6936916708946228,0.432,394.837,76.188,594.761,15145.325,true,ultralytics_yolo26l_existing_probe,D:/profile/research/workspace/artifacts/detector_weights/yolo26l.pt,backend_status=available; plug-in detection row only
GM_RM011,ultralytics_yolo26l_probe,211,D:\profile\research\data\GM_RM011\GM_RM011_frames\000211.png,GM_RM011_000211_001,car,0.7174762487411499,0.573,385.444,111.880,595.470,23377.176,true,ultralytics_yolo26l_existing_probe,D:/profile/research/workspace/artifacts/detector_weights/yolo26l.pt,backend_status=available; plug-in detection row only
GM_RM011,ultralytics_yolo26l_probe,212,D:\profile\research\data\GM_RM011\GM_RM011_frames\000212.png,GM_RM011_000212_001,car,0.7069767713546753,0.623,361.539,145.543,595.128,33851.625,true,ultralytics_yolo26l_existing_probe,D:/profile/research/workspace/artifacts/detector_weights/yolo26l.pt,backend_status=available; plug-in detection row only
GM_RM011,ultralytics_yolo26l_probe,213,D:\profile\research\data\GM_RM011\GM_RM011_frames\000213.png,GM_RM011_000213_001,car,0.5005092620849609,0.989,345.374,184.390,595.333,45842.596,true,ultralytics_yolo26l_existing_probe,D:/profile/research/workspace/artifacts/detector_weights/yolo26l.pt,backend_status=available; plug-in detection row only
GM_RM011,ultralytics_yolo26l_probe,214,D:\profile\research\data\GM_RM011\GM_RM011_frames\000214.png,GM_RM011_000214_001,car,0.5597899556159973,1.059,331.605,225.539,594.934,59111.972,true,ultralytics_yolo26l_existing_probe,D:/profile/research/workspace/artifacts/detector_weights/yolo26l.pt,backend_status=available; plug-in detection row only
GM_RM011,ultralytics_yolo26l_probe,214,D:\profile\research\data\GM_RM011\GM_RM011_frames\000214.png,GM_RM011_000214_002,truck,0.3701847195625305,1.059,331.605,225.539,594.934,59111.972,true,ultralytics_yolo26l_existing_probe,D:/profile/research/workspace/artifacts/detector_weights/yolo26l.pt,backend_status=available; plug-in detection row only
GM_RM011,ultralytics_yolo26l_probe,256,D:\profile\research\data\GM_RM011\GM_RM011_frames\000256.png,GM_RM011_000256_001,car,0.9044368267059326,6.304,295.624,581.196,596.258,172832.093,true,ultralytics_yolo26l_existing_probe,D:/profile/research/workspace/artifacts/detector_weights/yolo26l.pt,backend_status=available; plug-in detection row only
GM_RM011,ultralytics_yolo26l_probe,257,D:\profile\research\data\GM_RM011\GM_RM011_frames\000257.png,GM_RM011_000257_001,car,0.8668098449707031,9.531,283.948,601.910,597.761,185896.187,true,ultralytics_yolo26l_existing_probe,D:/profile/research/workspace/artifacts/detector_weights/yolo26l.pt,backend_status=available; plug-in detection row only
GM_RM011,ultralytics_yolo26l_probe,258,D:\profile\research\data\GM_RM011\GM_RM011_frames\000258.png,GM_RM011_000258_001,car,0.5302495360374451,8.853,293.713,601.421,598.630,180684.398,true,ultralytics_yolo26l_existing_probe,D:/profile/research/workspace/artifacts/detector_weights/yolo26l.pt,backend_status=available; plug-in detection row only
GM_RM011,ultralytics_yolo26l_probe,258,D:\profile\research\data\GM_RM011\GM_RM011_frames\000258.png,GM_RM011_000258_002,car,0.31261321902275085,66.825,281.661,681.260,597.718,194196.512,true,ultralytics_yolo26l_existing_probe,D:/profile/research/workspace/artifacts/detector_weights/yolo26l.pt,backend_status=available; plug-in detection row only
GM_RM011,ultralytics_yolo26l_probe,259,D:\profile\research\data\GM_RM011\GM_RM011_frames\000259.png,GM_RM011_000259_001,car,0.7288338541984558,51.102,296.678,652.487,599.138,181894.954,true,ultralytics_yolo26l_existing_probe,D:/profile/research/workspace/artifacts/detector_weights/yolo26l.pt,backend_status=available; plug-in detection row only
GM_RM011,ultralytics_yolo26l_probe,259,D:\profile\research\data\GM_RM011\GM_RM011_frames\000259.png,GM_RM011_000259_002,car,0.7153832316398621,120.121,294.358,733.769,597.907,186271.937,true,ultralytics_yolo26l_existing_probe,D:/profile/research/workspace/artifacts/detector_weights/yolo26l.pt,backend_status=available; plug-in detection row only
GM_RM011,ultralytics_yolo26l_probe,260,D:\profile\research\data\GM_RM011\GM_RM011_frames\000260.png,GM_RM011_000260_001,car,0.7485905289649963,184.653,301.996,774.165,598.489,174786.325,true,ultralytics_yolo26l_existing_probe,D:/profile/research/workspace/artifacts/detector_weights/yolo26l.pt,backend_status=available; plug-in detection row only
GM_RM011,ultralytics_yolo26l_probe,261,D:\profile\research\data\GM_RM011\GM_RM011_frames\000261.png,GM_RM011_000261_001,car,0.6277740597724915,217.615,299.687,784.649,598.125,169224.008,true,ultralytics_yolo26l_existing_probe,D:/profile/research/workspace/artifacts/detector_weights/yolo26l.pt,backend_status=available; plug-in detection row only
GM_RM011,ultralytics_yolo26l_probe,261,D:\profile\research\data\GM_RM011\GM_RM011_frames\000261.png,GM_RM011_000261_002,car,0.6021422743797302,257.855,300.864,794.565,597.844,159392.639,true,ultralytics_yolo26l_existing_probe,D:/profile/research/workspace/artifacts/detector_weights/yolo26l.pt,backend_status=available; plug-in detection row only
GM_RM011,ultralytics_yolo26l_probe,261,D:\profile\research\data\GM_RM011\GM_RM011_frames\000261.png,GM_RM011_000261_003,car,0.3460473418235779,0.317,405.715,90.020,595.174,16995.006,true,ultralytics_yolo26l_existing_probe,D:/profile/research/workspace/artifacts/detector_weights/yolo26l.pt,backend_status=available; plug-in detection row only
GM_RM011,ultralytics_yolo26l_probe,261,D:\profile\research\data\GM_RM011\GM_RM011_frames\000261.png,GM_RM011_000261_004,car,0.3078749477863312,0.639,404.889,147.220,594.791,27835.876,true,ultralytics_yolo26l_existing_probe,D:/profile/research/workspace/artifacts/detector_weights/yolo26l.pt,backend_status=available; plug-in detection row only
GM_RM011,ultralytics_yolo26l_probe,262,D:\profile\research\data\GM_RM011\GM_RM011_frames\000262.png,GM_RM011_000262_001,car,0.8478124141693115,279.496,300.754,795.229,598.179,153391.721,true,ultralytics_yolo26l_existing_probe,D:/profile/research/workspace/artifacts/detector_weights/yolo26l.pt,backend_status=available; plug-in detection row only
GM_RM011,ultralytics_yolo26l_probe,262,D:\profile\research\data\GM_RM011\GM_RM011_frames\000262.png,GM_RM011_000262_002,car,0.6575639843940735,0.655,392.723,177.555,594.830,35752.861,true,ultralytics_yolo26l_existing_probe,D:/profile/research/workspace/artifacts/detector_weights/yolo26l.pt,backend_status=available; plug-in detection row only
GM_RM011,ultralytics_yolo26l_probe,263,D:\profile\research\data\GM_RM011\GM_RM011_frames\000263.png,GM_RM011_000263_001,car,0.7143031358718872,339.986,303.004,797.323,598.005,134915.301,true,ultralytics_yolo26l_existing_probe,D:/profile/research/workspace/artifacts/detector_weights/yolo26l.pt,backend_status=available; plug-in detection row only
GM_RM011,ultralytics_yolo26l_probe,263,D:\profile\research\data\GM_RM011\GM_RM011_frames\000263.png,GM_RM011_000263_002,car,0.4894493520259857,0.621,375.746,208.526,595.248,45635.438,true,ultralytics_yolo26l_existing_probe,D:/profile/research/workspace/artifacts/detector_weights/yolo26l.pt,backend_status=available; plug-in detection row only
GM_RM011,ultralytics_yolo26l_probe,264,D:\profile\research\data\GM_RM011\GM_RM011_frames\000264.png,GM_RM011_000264_001,car,0.6775754690170288,396.736,302.462,798.997,597.367,118628.900,true,ultralytics_yolo26l_existing_probe,D:/profile/research/workspace/artifacts/detector_weights/yolo26l.pt,backend_status=available; plug-in detection row only
GM_RM011,ultralytics_yolo26l_probe,264,D:\profile\research\data\GM_RM011\GM_RM011_frames\000264.png,GM_RM011_000264_002,car,0.4507187008857727,0.648,360.214,239.985,595.540,56322.211,true,ultralytics_yolo26l_existing_probe,D:/profile/research/workspace/artifacts/detector_weights/yolo26l.pt,backend_status=available; plug-in detection row only
GM_RM011,ultralytics_yolo26l_probe,265,D:\profile\research\data\GM_RM011\GM_RM011_frames\000265.png,GM_RM011_000265_001,car,0.2668842673301697,0.920,347.613,287.977,595.557,71173.976,true,ultralytics_yolo26l_existing_probe,D:/profile/research/workspace/artifacts/detector_weights/yolo26l.pt,backend_status=available; plug-in detection row only
GM_RM011,ultralytics_yolo26l_probe,266,D:\profile\research\data\GM_RM011\GM_RM011_frames\000266.png,GM_RM011_000266_001,car,0.4875749945640564,1.217,341.286,344.592,596.392,87596.918,true,ultralytics_yolo26l_existing_probe,D:/profile/research/workspace/artifacts/detector_weights/yolo26l.pt,backend_status=available; plug-in detection row only
GM_RM011,ultralytics_yolo26l_probe,266,D:\profile\research\data\GM_RM011\GM_RM011_frames\000266.png,GM_RM011_000266_002,car,0.4159885048866272,515.481,304.905,799.138,594.538,82156.529,true,ultralytics_yolo26l_existing_probe,D:/profile/research/workspace/artifacts/detector_weights/yolo26l.pt,backend_status=available; plug-in detection row only
GM_RM011,ultralytics_yolo26l_probe,269,D:\profile\research\data\GM_RM011\GM_RM011_frames\000269.png,GM_RM011_000269_001,car,0.2923600375652313,2.923,325.158,499.633,595.610,134335.765,true,ultralytics_yolo26l_existing_probe,D:/profile/research/workspace/artifacts/detector_weights/yolo26l.pt,backend_status=available; plug-in detection row only
GM_RM011,ultralytics_yolo26l_probe,270,D:\profile\research\data\GM_RM011\GM_RM011_frames\000270.png,GM_RM011_000270_001,car,0.6450035572052002,3.079,323.358,502.999,595.166,135882.117,true,ultralytics_yolo26l_existing_probe,D:/profile/research/workspace/artifacts/detector_weights/yolo26l.pt,backend_status=available; plug-in detection row only
GM_RM011,ultralytics_yolo26l_probe,270,D:\profile\research\data\GM_RM011\GM_RM011_frames\000270.png,GM_RM011_000270_002,car,0.33280128240585327,726.373,351.032,799.605,552.539,14756.836,true,ultralytics_yolo26l_existing_probe,D:/profile/research/workspace/artifacts/detector_weights/yolo26l.pt,backend_status=available; plug-in detection row only
GM_RM011,ultralytics_yolo26l_probe,271,D:\profile\research\data\GM_RM011\GM_RM011_frames\000271.png,GM_RM011_000271_001,car,0.7106034159660339,2.779,320.844,529.315,594.317,143993.463,true,ultralytics_yolo26l_existing_probe,D:/profile/research/workspace/artifacts/detector_weights/yolo26l.pt,backend_status=available; plug-in detection row only
GM_RM011,ultralytics_yolo26l_probe,272,D:\profile\research\data\GM_RM011\GM_RM011_frames\000272.png,GM_RM011_000272_001,car,0.8403512239456177,6.846,313.135,578.978,595.820,161733.258,true,ultralytics_yolo26l_existing_probe,D:/profile/research/workspace/artifacts/detector_weights/yolo26l.pt,backend_status=available; plug-in detection row only
GM_RM011,ultralytics_yolo26l_probe,273,D:\profile\research\data\GM_RM011\GM_RM011_frames\000273.png,GM_RM011_000273_001,car,0.8993076682090759,8.548,305.698,581.182,598.791,167835.189,true,ultralytics_yolo26l_existing_probe,D:/profile/research/workspace/artifacts/detector_weights/yolo26l.pt,backend_status=available; plug-in detection row only
GM_RM011,ultralytics_yolo26l_probe,274,D:\profile\research\data\GM_RM011\GM_RM011_frames\000274.png,GM_RM011_000274_001,car,0.6216501593589783,8.177,299.550,576.564,597.404,169296.527,true,ultralytics_yolo26l_existing_probe,D:/profile/research/workspace/artifacts/detector_weights/yolo26l.pt,backend_status=available; plug-in detection row only
GM_RM011,ultralytics_yolo26l_probe,275,D:\profile\research\data\GM_RM011\GM_RM011_frames\000275.png,GM_RM011_000275_001,car,0.7195506691932678,8.331,295.248,579.646,598.166,173061.262,true,ultralytics_yolo26l_existing_probe,D:/profile/research/workspace/artifacts/detector_weights/yolo26l.pt,backend_status=available; plug-in detection row only
GM_RM011,ultralytics_yolo26l_probe,276,D:\profile\research\data\GM_RM011\GM_RM011_frames\000276.png,GM_RM011_000276_001,car,0.9058923721313477,14.268,291.302,601.191,597.521,179727.134,true,ultralytics_yolo26l_existing_probe,D:/profile/research/workspace/artifacts/detector_weights/yolo26l.pt,backend_status=available; plug-in detection row only
GM_RM011,ultralytics_yolo26l_probe,277,D:\profile\research\data\GM_RM011\GM_RM011_frames\000277.png,GM_RM011_000277_001,car,0.8492876887321472,13.873,287.702,602.114,597.664,182332.562,true,ultralytics_yolo26l_existing_probe,D:/profile/research/workspace/artifacts/detector_weights/yolo26l.pt,backend_status=available; plug-in detection row only
GM_RM011,ultralytics_yolo26l_probe,277,D:\profile\research\data\GM_RM011\GM_RM011_frames\000277.png,GM_RM011_000277_002,car,0.5033204555511475,68.570,281.850,678.391,597.324,192382.722,true,ultralytics_yolo26l_existing_probe,D:/profile/research/workspace/artifacts/detector_weights/yolo26l.pt,backend_status=available; plug-in detection row only
GM_RM011,ultralytics_yolo26l_probe,278,D:\profile\research\data\GM_RM011\GM_RM011_frames\000278.png,GM_RM011_000278_001,car,0.7536103129386902,11.376,289.917,600.288,597.378,181067.709,true,ultralytics_yolo26l_existing_probe,D:/profile/research/workspace/artifacts/detector_weights/yolo26l.pt,backend_status=available; plug-in detection row only
GM_RM011,ultralytics_yolo26l_probe,279,D:\profile\research\data\GM_RM011\GM_RM011_frames\000279.png,GM_RM011_000279_001,car,0.40205276012420654,11.013,293.677,599.736,596.414,178228.068,true,ultralytics_yolo26l_existing_probe,D:/profile/research/workspace/artifacts/detector_weights/yolo26l.pt,backend_status=available; plug-in detection row only
GM_RM011,ultralytics_yolo26l_probe,279,D:\profile\research\data\GM_RM011\GM_RM011_frames\000279.png,GM_RM011_000279_002,car,0.3129715323448181,236.695,280.138,795.431,598.186,177704.991,true,ultralytics_yolo26l_existing_probe,D:/profile/research/workspace/artifacts/detector_weights/yolo26l.pt,backend_status=available; plug-in detection row only
GM_RM011,ultralytics_yolo26l_probe,280,D:\profile\research\data\GM_RM011\GM_RM011_frames\000280.png,GM_RM011_000280_001,car,0.4144195020198822,119.200,285.303,731.000,597.826,191202.081,true,ultralytics_yolo26l_existing_probe,D:/profile/research/workspace/artifacts/detector_weights/yolo26l.pt,backend_status=available; plug-in detection row only
GM_RM011,ultralytics_yolo26l_probe,281,D:\profile\research\data\GM_RM011\GM_RM011_frames\000281.png,GM_RM011_000281_001,car,0.32392579317092896,219.802,288.591,794.090,593.941,175358.588,true,ultralytics_yolo26l_existing_probe,D:/profile/research/workspace/artifacts/detector_weights/yolo26l.pt,backend_status=available; plug-in detection row only
GM_RM011,ultralytics_yolo26l_probe,282,D:\profile\research\data\GM_RM011\GM_RM011_frames\000282.png,GM_RM011_000282_001,car,0.5884159803390503,0.196,401.098,38.697,588.646,7220.780,true,ultralytics_yolo26l_existing_probe,D:/profile/research/workspace/artifacts/detector_weights/yolo26l.pt,backend_status=available; plug-in detection row only
GM_RM011,ultralytics_yolo26l_probe,282,D:\profile\research\data\GM_RM011\GM_RM011_frames\000282.png,GM_RM011_000282_002,car,0.472199022769928,269.185,299.546,798.038,595.410,156468.584,true,ultralytics_yolo26l_existing_probe,D:/profile/research/workspace/artifacts/detector_weights/yolo26l.pt,backend_status=available; plug-in detection row only
GM_RM011,ultralytics_yolo26l_probe,282,D:\profile\research\data\GM_RM011\GM_RM011_frames\000282.png,GM_RM011_000282_003,car,0.4146740734577179,147.698,314.766,752.913,598.586,171771.812,true,ultralytics_yolo26l_existing_probe,D:/profile/research/workspace/artifacts/detector_weights/yolo26l.pt,backend_status=available; plug-in detection row only
GM_RM011,ultralytics_yolo26l_probe,283,D:\profile\research\data\GM_RM011\GM_RM011_frames\000283.png,GM_RM011_000283_001,car,0.7297462821006775,0.383,364.057,82.226,595.287,18924.490,true,ultralytics_yolo26l_existing_probe,D:/profile/research/workspace/artifacts/detector_weights/yolo26l.pt,backend_status=available; plug-in detection row only
GM_RM011,ultralytics_yolo26l_probe,283,D:\profile\research\data\GM_RM011\GM_RM011_frames\000283.png,GM_RM011_000283_002,car,0.6581437587738037,248.555,298.736,796.398,595.939,162820.056,true,ultralytics_yolo26l_existing_probe,D:/profile/research/workspace/artifacts/detector_weights/yolo26l.pt,backend_status=available; plug-in detection row only
GM_RM011,ultralytics_yolo26l_probe,284,D:\profile\research\data\GM_RM011\GM_RM011_frames\000284.png,GM_RM011_000284_001,car,0.748215913772583,0.527,325.264,124.905,595.645,33629.427,true,ultralytics_yolo26l_existing_probe,D:/profile/research/workspace/artifacts/detector_weights/yolo26l.pt,backend_status=available; plug-in detection row only
GM_RM011,ultralytics_yolo26l_probe,284,D:\profile\research\data\GM_RM011\GM_RM011_frames\000284.png,GM_RM011_000284_002,car,0.7389886975288391,274.018,300.517,797.048,595.349,154205.799,true,ultralytics_yolo26l_existing_probe,D:/profile/research/workspace/artifacts/detector_weights/yolo26l.pt,backend_status=available; plug-in detection row only
GM_RM011,ultralytics_yolo26l_probe,285,D:\profile\research\data\GM_RM011\GM_RM011_frames\000285.png,GM_RM011_000285_001,car,0.8055620193481445,0.595,298.696,169.085,595.175,49954.014,true,ultralytics_yolo26l_existing_probe,D:/profile/research/workspace/artifacts/detector_weights/yolo26l.pt,backend_status=available; plug-in detection row only
GM_RM011,ultralytics_yolo26l_probe,285,D:\profile\research\data\GM_RM011\GM_RM011_frames\000285.png,GM_RM011_000285_002,car,0.7160789966583252,313.022,299.207,797.966,595.396,143634.682,true,ultralytics_yolo26l_existing_probe,D:/profile/research/workspace/artifacts/detector_weights/yolo26l.pt,backend_status=available; plug-in detection row only
GM_RM011,ultralytics_yolo26l_probe,286,D:\profile\research\data\GM_RM011\GM_RM011_frames\000286.png,GM_RM011_000286_001,car,0.7584666013717651,367.895,301.179,798.949,595.428,126837.014,true,ultralytics_yolo26l_existing_probe,D:/profile/research/workspace/artifacts/detector_weights/yolo26l.pt,backend_status=available; plug-in detection row only
GM_RM011,ultralytics_yolo26l_probe,286,D:\profile\research\data\GM_RM011\GM_RM011_frames\000286.png,GM_RM011_000286_002,car,0.7377895712852478,0.916,274.230,215.254,595.780,68920.486,true,ultralytics_yolo26l_existing_probe,D:/profile/research/workspace/artifacts/detector_weights/yolo26l.pt,backend_status=available; plug-in detection row only
GM_RM011,ultralytics_yolo26l_probe,287,D:\profile\research\data\GM_RM011\GM_RM011_frames\000287.png,GM_RM011_000287_001,car,0.8130977153778076,422.156,323.708,798.834,595.368,102328.254,true,ultralytics_yolo26l_existing_probe,D:/profile/research/workspace/artifacts/detector_weights/yolo26l.pt,backend_status=available; plug-in detection row only
GM_RM011,ultralytics_yolo26l_probe,287,D:\profile\research\data\GM_RM011\GM_RM011_frames\000287.png,GM_RM011_000287_002,car,0.46731942892074585,0.967,263.260,267.656,596.049,88751.268,true,ultralytics_yolo26l_existing_probe,D:/profile/research/workspace/artifacts/detector_weights/yolo26l.pt,backend_status=available; plug-in detection row only
GM_RM011,ultralytics_yolo26l_probe,288,D:\profile\research\data\GM_RM011\GM_RM011_frames\000288.png,GM_RM011_000288_001,car,0.4209570288658142,491.352,357.935,798.802,595.330,72987.157,true,ultralytics_yolo26l_existing_probe,D:/profile/research/workspace/artifacts/detector_weights/yolo26l.pt,backend_status=available; plug-in detection row only
GM_RM011,ultralytics_yolo26l_probe,289,D:\profile\research\data\GM_RM011\GM_RM011_frames\000289.png,GM_RM011_000289_001,car,0.3873594105243683,0.998,247.014,369.667,596.981,129021.988,true,ultralytics_yolo26l_existing_probe,D:/profile/research/workspace/artifacts/detector_weights/yolo26l.pt,backend_status=available; plug-in detection row only
GM_RM011,ultralytics_yolo26l_probe,289,D:\profile\research\data\GM_RM011\GM_RM011_frames\000289.png,GM_RM011_000289_002,car,0.3388057053089142,551.364,383.849,798.974,595.053,52296.082,true,ultralytics_yolo26l_existing_probe,D:/profile/research/workspace/artifacts/detector_weights/yolo26l.pt,backend_status=available; plug-in detection row only
GM_RM011,ultralytics_yolo26l_probe,290,D:\profile\research\data\GM_RM011\GM_RM011_frames\000290.png,GM_RM011_000290_001,car,0.650938093662262,610.431,388.640,799.452,595.044,39014.850,true,ultralytics_yolo26l_existing_probe,D:/profile/research/workspace/artifacts/detector_weights/yolo26l.pt,backend_status=available; plug-in detection row only
GM_RM011,ultralytics_yolo26l_probe,290,D:\profile\research\data\GM_RM011\GM_RM011_frames\000290.png,GM_RM011_000290_002,car,0.6350494027137756,1.525,236.199,421.757,597.706,151917.182,true,ultralytics_yolo26l_existing_probe,D:/profile/research/workspace/artifacts/detector_weights/yolo26l.pt,backend_status=available; plug-in detection row only
GM_RM011,ultralytics_yolo26l_probe,291,D:\profile\research\data\GM_RM011\GM_RM011_frames\000291.png,GM_RM011_000291_001,car,0.6244720220565796,672.532,402.190,799.443,594.847,24450.312,true,ultralytics_yolo26l_existing_probe,D:/profile/research/workspace/artifacts/detector_weights/yolo26l.pt,backend_status=available; plug-in detection row only
GM_RM011,ultralytics_yolo26l_probe,291,D:\profile\research\data\GM_RM011\GM_RM011_frames\000291.png,GM_RM011_000291_002,car,0.5374482274055481,1.376,230.134,453.171,597.412,165934.288,true,ultralytics_yolo26l_existing_probe,D:/profile/research/workspace/artifacts/detector_weights/yolo26l.pt,backend_status=available; plug-in detection row only
GM_RM011,ultralytics_yolo26l_probe,292,D:\profile\research\data\GM_RM011\GM_RM011_frames\000292.png,GM_RM011_000292_001,car,0.8040093183517456,737.224,424.589,799.646,596.961,10759.836,true,ultralytics_yolo26l_existing_probe,D:/profile/research/workspace/artifacts/detector_weights/yolo26l.pt,backend_status=available; plug-in detection row only
GM_RM011,ultralytics_yolo26l_probe,292,D:\profile\research\data\GM_RM011\GM_RM011_frames\000292.png,GM_RM011_000292_002,car,0.5918579697608948,1.752,227.742,465.393,596.506,170974.248,true,ultralytics_yolo26l_existing_probe,D:/profile/research/workspace/artifacts/detector_weights/yolo26l.pt,backend_status=available; plug-in detection row only
GM_RM011,ultralytics_yolo26l_probe,292,D:\profile\research\data\GM_RM011\GM_RM011_frames\000292.png,GM_RM011_000292_003,truck,0.2699134051799774,1.752,227.742,465.393,596.506,170974.248,true,ultralytics_yolo26l_existing_probe,D:/profile/research/workspace/artifacts/detector_weights/yolo26l.pt,backend_status=available; plug-in detection row only
GM_RM011,ultralytics_yolo26n_downloaded,13,D:\profile\research\data\GM_RM011\GM_RM011_frames\000013.png,GM_RM011_000013_ultralytics_yolo26n_downloaded_001,car,0.917548597,0.058,252.110,797.582,599.827,277312.247,true,ultralytics_yolo26n,D:\models\ultralytics\yolo26n.pt,backend_status=available; plug-in detection row only
GM_RM011,ultralytics_yolo26n_downloaded,14,D:\profile\research\data\GM_RM011\GM_RM011_frames\000014.png,GM_RM011_000014_ultralytics_yolo26n_downloaded_001,car,0.907370567,0.000,264.786,800.000,599.067,267424.878,true,ultralytics_yolo26n,D:\models\ultralytics\yolo26n.pt,backend_status=available; plug-in detection row only
GM_RM011,ultralytics_yolo26n_downloaded,15,D:\profile\research\data\GM_RM011\GM_RM011_frames\000015.png,GM_RM011_000015_ultralytics_yolo26n_downloaded_001,car,0.839629829,0.000,273.740,799.398,599.787,260640.675,true,ultralytics_yolo26n,D:\models\ultralytics\yolo26n.pt,backend_status=available; plug-in detection row only
GM_RM011,ultralytics_yolo26n_downloaded,15,D:\profile\research\data\GM_RM011\GM_RM011_frames\000015.png,GM_RM011_000015_ultralytics_yolo26n_downloaded_002,mouse,0.376957715,446.729,441.464,585.625,513.234,9968.538,false,ultralytics_yolo26n,D:\models\ultralytics\yolo26n.pt,backend_status=available; plug-in detection row only
GM_RM011,ultralytics_yolo26n_downloaded,16,D:\profile\research\data\GM_RM011\GM_RM011_frames\000016.png,GM_RM011_000016_ultralytics_yolo26n_downloaded_001,car,0.731657386,35.126,282.882,798.818,598.751,241226.354,true,ultralytics_yolo26n,D:\models\ultralytics\yolo26n.pt,backend_status=available; plug-in detection row only
GM_RM011,ultralytics_yolo26n_downloaded,16,D:\profile\research\data\GM_RM011\GM_RM011_frames\000016.png,GM_RM011_000016_ultralytics_yolo26n_downloaded_002,mouse,0.664055586,512.516,447.823,653.504,523.016,10601.262,false,ultralytics_yolo26n,D:\models\ultralytics\yolo26n.pt,backend_status=available; plug-in detection row only
GM_RM011,ultralytics_yolo26n_downloaded,17,D:\profile\research\data\GM_RM011\GM_RM011_frames\000017.png,GM_RM011_000017_ultralytics_yolo26n_downloaded_001,car,0.671453953,89.284,299.412,799.368,600.000,213442.712,true,ultralytics_yolo26n,D:\models\ultralytics\yolo26n.pt,backend_status=available; plug-in detection row only
GM_RM011,ultralytics_yolo26n_downloaded,17,D:\profile\research\data\GM_RM011\GM_RM011_frames\000017.png,GM_RM011_000017_ultralytics_yolo26n_downloaded_002,mouse,0.601541400,581.307,458.928,729.138,536.686,11494.918,false,ultralytics_yolo26n,D:\models\ultralytics\yolo26n.pt,backend_status=available; plug-in detection row only
GM_RM011,ultralytics_yolo26n_downloaded,17,D:\profile\research\data\GM_RM011\GM_RM011_frames\000017.png,GM_RM011_000017_ultralytics_yolo26n_downloaded_003,mouse,0.371348321,582.024,458.842,729.272,536.354,11413.531,false,ultralytics_yolo26n,D:\models\ultralytics\yolo26n.pt,backend_status=available; plug-in detection row only
GM_RM011,ultralytics_yolo26n_downloaded,18,D:\profile\research\data\GM_RM011\GM_RM011_frames\000018.png,GM_RM011_000018_ultralytics_yolo26n_downloaded_001,car,0.664263904,148.049,299.772,799.565,599.888,195530.341,true,ultralytics_yolo26n,D:\models\ultralytics\yolo26n.pt,backend_status=available; plug-in detection row only
GM_RM011,ultralytics_yolo26n_downloaded,18,D:\profile\research\data\GM_RM011\GM_RM011_frames\000018.png,GM_RM011_000018_ultralytics_yolo26n_downloaded_002,mouse,0.368530422,646.015,455.343,799.277,533.452,11971.163,false,ultralytics_yolo26n,D:\models\ultralytics\yolo26n.pt,backend_status=available; plug-in detection row only
GM_RM011,ultralytics_yolo26n_downloaded,20,D:\profile\research\data\GM_RM011\GM_RM011_frames\000020.png,GM_RM011_000020_ultralytics_yolo26n_downloaded_001,car,0.897806585,232.956,230.245,799.804,599.676,209410.929,true,ultralytics_yolo26n,D:\models\ultralytics\yolo26n.pt,backend_status=available; plug-in detection row only
GM_RM011,ultralytics_yolo26n_downloaded,21,D:\profile\research\data\GM_RM011\GM_RM011_frames\000021.png,GM_RM011_000021_ultralytics_yolo26n_downloaded_001,car,0.774200380,268.845,157.982,799.851,599.524,234461.321,true,ultralytics_yolo26n,D:\models\ultralytics\yolo26n.pt,backend_status=available; plug-in detection row only
GM_RM011,ultralytics_yolo26n_downloaded,21,D:\profile\research\data\GM_RM011\GM_RM011_frames\000021.png,GM_RM011_000021_ultralytics_yolo26n_downloaded_002,car,0.622225344,0.215,216.149,112.877,571.703,40057.535,true,ultralytics_yolo26n,D:\models\ultralytics\yolo26n.pt,backend_status=available; plug-in detection row only
GM_RM011,ultralytics_yolo26n_downloaded,22,D:\profile\research\data\GM_RM011\GM_RM011_frames\000022.png,GM_RM011_000022_ultralytics_yolo26n_downloaded_001,car,0.835093856,0.506,206.809,134.774,597.625,52474.287,true,ultralytics_yolo26n,D:\models\ultralytics\yolo26n.pt,backend_status=available; plug-in detection row only
GM_RM011,ultralytics_yolo26n_downloaded,23,D:\profile\research\data\GM_RM011\GM_RM011_frames\000023.png,GM_RM011_000023_ultralytics_yolo26n_downloaded_001,car,0.798630655,0.691,245.671,174.491,598.933,61396.750,true,ultralytics_yolo26n,D:\models\ultralytics\yolo26n.pt,backend_status=available; plug-in detection row only
GM_RM011,ultralytics_yolo26n_downloaded,24,D:\profile\research\data\GM_RM011\GM_RM011_frames\000024.png,GM_RM011_000024_ultralytics_yolo26n_downloaded_001,car,0.825247526,0.453,288.762,208.102,599.454,64515.001,true,ultralytics_yolo26n,D:\models\ultralytics\yolo26n.pt,backend_status=available; plug-in detection row only
GM_RM011,ultralytics_yolo26n_downloaded,24,D:\profile\research\data\GM_RM011\GM_RM011_frames\000024.png,GM_RM011_000024_ultralytics_yolo26n_downloaded_002,car,0.713168681,407.696,369.810,799.393,599.172,89839.939,true,ultralytics_yolo26n,D:\models\ultralytics\yolo26n.pt,backend_status=available; plug-in detection row only
GM_RM011,ultralytics_yolo26n_downloaded,25,D:\profile\research\data\GM_RM011\GM_RM011_frames\000025.png,GM_RM011_000025_ultralytics_yolo26n_downloaded_001,car,0.827104330,0.567,288.300,226.872,599.263,70372.675,true,ultralytics_yolo26n,D:\models\ultralytics\yolo26n.pt,backend_status=available; plug-in detection row only
GM_RM011,ultralytics_yolo26n_downloaded,26,D:\profile\research\data\GM_RM011\GM_RM011_frames\000026.png,GM_RM011_000026_ultralytics_yolo26n_downloaded_001,car,0.714460373,0.623,287.223,243.544,599.389,75831.738,true,ultralytics_yolo26n,D:\models\ultralytics\yolo26n.pt,backend_status=available; plug-in detection row only
GM_RM011,ultralytics_yolo26n_downloaded,26,D:\profile\research\data\GM_RM011\GM_RM011_frames\000026.png,GM_RM011_000026_ultralytics_yolo26n_downloaded_002,car,0.318840891,472.538,395.977,799.603,599.307,66502.345,true,ultralytics_yolo26n,D:\models\ultralytics\yolo26n.pt,backend_status=available; plug-in detection row only
GM_RM011,ultralytics_yolo26n_downloaded,27,D:\profile\research\data\GM_RM011\GM_RM011_frames\000027.png,GM_RM011_000027_ultralytics_yolo26n_downloaded_001,car,0.918349743,0.384,275.838,264.150,599.121,85271.478,true,ultralytics_yolo26n,D:\models\ultralytics\yolo26n.pt,backend_status=available; plug-in detection row only
GM_RM011,ultralytics_yolo26n_downloaded,27,D:\profile\research\data\GM_RM011\GM_RM011_frames\000027.png,GM_RM011_000027_ultralytics_yolo26n_downloaded_002,car,0.811007738,493.349,377.730,799.821,599.482,67960.617,true,ultralytics_yolo26n,D:\models\ultralytics\yolo26n.pt,backend_status=available; plug-in detection row only
GM_RM011,ultralytics_yolo26n_downloaded,28,D:\profile\research\data\GM_RM011\GM_RM011_frames\000028.png,GM_RM011_000028_ultralytics_yolo26n_downloaded_001,car,0.925956845,0.250,251.207,296.056,599.471,103018.489,true,ultralytics_yolo26n,D:\models\ultralytics\yolo26n.pt,backend_status=available; plug-in detection row only
GM_RM011,ultralytics_yolo26n_downloaded,28,D:\profile\research\data\GM_RM011\GM_RM011_frames\000028.png,GM_RM011_000028_ultralytics_yolo26n_downloaded_002,car,0.816391289,519.687,355.830,799.812,599.256,68189.780,true,ultralytics_yolo26n,D:\models\ultralytics\yolo26n.pt,backend_status=available; plug-in detection row only
GM_RM011,ultralytics_yolo26n_downloaded,29,D:\profile\research\data\GM_RM011\GM_RM011_frames\000029.png,GM_RM011_000029_ultralytics_yolo26n_downloaded_001,car,0.930529058,0.699,218.013,324.069,599.836,123469.980,true,ultralytics_yolo26n,D:\models\ultralytics\yolo26n.pt,backend_status=available; plug-in detection row only
GM_RM011,ultralytics_yolo26n_downloaded,29,D:\profile\research\data\GM_RM011\GM_RM011_frames\000029.png,GM_RM011_000029_ultralytics_yolo26n_downloaded_002,car,0.880635679,548.214,350.266,799.800,599.279,62648.078,true,ultralytics_yolo26n,D:\models\ultralytics\yolo26n.pt,backend_status=available; plug-in detection row only
GM_RM011,ultralytics_yolo26n_downloaded,30,D:\profile\research\data\GM_RM011\GM_RM011_frames\000030.png,GM_RM011_000030_ultralytics_yolo26n_downloaded_001,car,0.918364942,0.529,221.338,358.958,599.642,135594.867,true,ultralytics_yolo26n,D:\models\ultralytics\yolo26n.pt,backend_status=available; plug-in detection row only
GM_RM011,ultralytics_yolo26n_downloaded,30,D:\profile\research\data\GM_RM011\GM_RM011_frames\000030.png,GM_RM011_000030_ultralytics_yolo26n_downloaded_002,car,0.855647922,584.435,376.002,799.797,599.624,48159.599,true,ultralytics_yolo26n,D:\models\ultralytics\yolo26n.pt,backend_status=available; plug-in detection row only
GM_RM011,ultralytics_yolo26n_downloaded,31,D:\profile\research\data\GM_RM011\GM_RM011_frames\000031.png,GM_RM011_000031_ultralytics_yolo26n_downloaded_001,car,0.911952138,0.346,244.533,396.470,599.158,140475.409,true,ultralytics_yolo26n,D:\models\ultralytics\yolo26n.pt,backend_status=available; plug-in detection row only
GM_RM011,ultralytics_yolo26n_downloaded,31,D:\profile\research\data\GM_RM011\GM_RM011_frames\000031.png,GM_RM011_000031_ultralytics_yolo26n_downloaded_002,car,0.832707167,622.317,410.514,799.693,599.653,33548.867,true,ultralytics_yolo26n,D:\models\ultralytics\yolo26n.pt,backend_status=available; plug-in detection row only
GM_RM011,ultralytics_yolo26n_downloaded,32,D:\profile\research\data\GM_RM011\GM_RM011_frames\000032.png,GM_RM011_000032_ultralytics_yolo26n_downloaded_001,car,0.909425616,0.000,264.716,434.181,599.527,145368.650,true,ultralytics_yolo26n,D:\models\ultralytics\yolo26n.pt,backend_status=available; plug-in detection row only
GM_RM011,ultralytics_yolo26n_downloaded,32,D:\profile\research\data\GM_RM011\GM_RM011_frames\000032.png,GM_RM011_000032_ultralytics_yolo26n_downloaded_002,car,0.731504619,660.960,435.623,799.887,599.161,22719.839,true,ultralytics_yolo26n,D:\models\ultralytics\yolo26n.pt,backend_status=available; plug-in detection row only
GM_RM011,ultralytics_yolo26n_downloaded,33,D:\profile\research\data\GM_RM011\GM_RM011_frames\000033.png,GM_RM011_000033_ultralytics_yolo26n_downloaded_001,car,0.919955015,0.000,273.238,472.923,599.456,154275.974,true,ultralytics_yolo26n,D:\models\ultralytics\yolo26n.pt,backend_status=available; plug-in detection row only
GM_RM011,ultralytics_yolo26n_downloaded,33,D:\profile\research\data\GM_RM011\GM_RM011_frames\000033.png,GM_RM011_000033_ultralytics_yolo26n_downloaded_002,car,0.689320087,699.150,441.766,799.371,599.148,15773.014,true,ultralytics_yolo26n,D:\models\ultralytics\yolo26n.pt,backend_status=available; plug-in detection row only
GM_RM011,ultralytics_yolo26n_downloaded,34,D:\profile\research\data\GM_RM011\GM_RM011_frames\000034.png,GM_RM011_000034_ultralytics_yolo26n_downloaded_001,car,0.912438273,0.000,278.863,511.130,599.455,163864.429,true,ultralytics_yolo26n,D:\models\ultralytics\yolo26n.pt,backend_status=available; plug-in detection row only
GM_RM011,ultralytics_yolo26n_downloaded,34,D:\profile\research\data\GM_RM011\GM_RM011_frames\000034.png,GM_RM011_000034_ultralytics_yolo26n_downloaded_002,car,0.629929841,729.667,443.220,799.475,599.227,10890.593,true,ultralytics_yolo26n,D:\models\ultralytics\yolo26n.pt,backend_status=available; plug-in detection row only
GM_RM011,ultralytics_yolo26n_downloaded,35,D:\profile\research\data\GM_RM011\GM_RM011_frames\000035.png,GM_RM011_000035_ultralytics_yolo26n_downloaded_001,car,0.908740997,15.924,276.459,550.026,599.437,172503.328,true,ultralytics_yolo26n,D:\models\ultralytics\yolo26n.pt,backend_status=available; plug-in detection row only
GM_RM011,ultralytics_yolo26n_downloaded,35,D:\profile\research\data\GM_RM011\GM_RM011_frames\000035.png,GM_RM011_000035_ultralytics_yolo26n_downloaded_002,car,0.507173061,765.329,442.842,799.651,596.602,5277.448,true,ultralytics_yolo26n,D:\models\ultralytics\yolo26n.pt,backend_status=available; plug-in detection row only
GM_RM011,ultralytics_yolo26n_downloaded,256,D:\profile\research\data\GM_RM011\GM_RM011_frames\000256.png,GM_RM011_000256_ultralytics_yolo26n_downloaded_001,car,0.924922645,0.000,292.099,799.424,599.239,245535.193,true,ultralytics_yolo26n,D:\models\ultralytics\yolo26n.pt,backend_status=available; plug-in detection row only
GM_RM011,ultralytics_yolo26n_downloaded,257,D:\profile\research\data\GM_RM011\GM_RM011_frames\000257.png,GM_RM011_000257_ultralytics_yolo26n_downloaded_001,car,0.912957609,3.717,279.198,797.524,599.653,254379.767,true,ultralytics_yolo26n,D:\models\ultralytics\yolo26n.pt,backend_status=available; plug-in detection row only
GM_RM011,ultralytics_yolo26n_downloaded,258,D:\profile\research\data\GM_RM011\GM_RM011_frames\000258.png,GM_RM011_000258_ultralytics_yolo26n_downloaded_001,car,0.906853676,0.000,279.990,797.584,599.542,254869.096,true,ultralytics_yolo26n,D:\models\ultralytics\yolo26n.pt,backend_status=available; plug-in detection row only
GM_RM011,ultralytics_yolo26n_downloaded,259,D:\profile\research\data\GM_RM011\GM_RM011_frames\000259.png,GM_RM011_000259_ultralytics_yolo26n_downloaded_001,car,0.876531303,10.249,292.773,797.564,599.679,241631.636,true,ultralytics_yolo26n,D:\models\ultralytics\yolo26n.pt,backend_status=available; plug-in detection row only
GM_RM011,ultralytics_yolo26n_downloaded,260,D:\profile\research\data\GM_RM011\GM_RM011_frames\000260.png,GM_RM011_000260_ultralytics_yolo26n_downloaded_001,car,0.846503019,113.475,302.984,798.755,599.495,203193.205,true,ultralytics_yolo26n,D:\models\ultralytics\yolo26n.pt,backend_status=available; plug-in detection row only
GM_RM011,ultralytics_yolo26n_downloaded,261,D:\profile\research\data\GM_RM011\GM_RM011_frames\000261.png,GM_RM011_000261_ultralytics_yolo26n_downloaded_001,car,0.800831854,196.814,302.275,798.561,600.000,179155.494,true,ultralytics_yolo26n,D:\models\ultralytics\yolo26n.pt,backend_status=available; plug-in detection row only
GM_RM011,ultralytics_yolo26n_downloaded,262,D:\profile\research\data\GM_RM011\GM_RM011_frames\000262.png,GM_RM011_000262_ultralytics_yolo26n_downloaded_001,car,0.837936461,263.021,301.719,799.021,600.000,159878.557,true,ultralytics_yolo26n,D:\models\ultralytics\yolo26n.pt,backend_status=available; plug-in detection row only
GM_RM011,ultralytics_yolo26n_downloaded,262,D:\profile\research\data\GM_RM011\GM_RM011_frames\000262.png,GM_RM011_000262_ultralytics_yolo26n_downloaded_002,car,0.406961650,0.576,393.437,166.342,599.475,34154.025,true,ultralytics_yolo26n,D:\models\ultralytics\yolo26n.pt,backend_status=available; plug-in detection row only
GM_RM011,ultralytics_yolo26n_downloaded,263,D:\profile\research\data\GM_RM011\GM_RM011_frames\000263.png,GM_RM011_000263_ultralytics_yolo26n_downloaded_001,car,0.722037911,329.056,303.769,799.844,599.632,139288.653,true,ultralytics_yolo26n,D:\models\ultralytics\yolo26n.pt,backend_status=available; plug-in detection row only
GM_RM011,ultralytics_yolo26n_downloaded,263,D:\profile\research\data\GM_RM011\GM_RM011_frames\000263.png,GM_RM011_000263_ultralytics_yolo26n_downloaded_002,car,0.639148295,0.324,376.650,209.305,599.305,46530.508,true,ultralytics_yolo26n,D:\models\ultralytics\yolo26n.pt,backend_status=available; plug-in detection row only
GM_RM011,ultralytics_yolo26n_downloaded,264,D:\profile\research\data\GM_RM011\GM_RM011_frames\000264.png,GM_RM011_000264_ultralytics_yolo26n_downloaded_001,car,0.489965618,0.746,359.226,239.647,599.329,57360.721,true,ultralytics_yolo26n,D:\models\ultralytics\yolo26n.pt,backend_status=available; plug-in detection row only
GM_RM011,ultralytics_yolo26n_downloaded,264,D:\profile\research\data\GM_RM011\GM_RM011_frames\000264.png,GM_RM011_000264_ultralytics_yolo26n_downloaded_002,car,0.287321180,393.474,301.137,799.305,599.658,121149.140,true,ultralytics_yolo26n,D:\models\ultralytics\yolo26n.pt,backend_status=available; plug-in detection row only
GM_RM011,ultralytics_yolo26n_downloaded,264,D:\profile\research\data\GM_RM011\GM_RM011_frames\000264.png,GM_RM011_000264_ultralytics_yolo26n_downloaded_003,boat,0.280082256,0.746,359.226,239.647,599.329,57360.721,false,ultralytics_yolo26n,D:\models\ultralytics\yolo26n.pt,backend_status=available; plug-in detection row only
GM_RM011,ultralytics_yolo26n_downloaded,265,D:\profile\research\data\GM_RM011\GM_RM011_frames\000265.png,GM_RM011_000265_ultralytics_yolo26n_downloaded_001,boat,0.701918483,0.560,346.760,288.312,599.458,72714.382,false,ultralytics_yolo26n,D:\models\ultralytics\yolo26n.pt,backend_status=available; plug-in detection row only
GM_RM011,ultralytics_yolo26n_downloaded,265,D:\profile\research\data\GM_RM011\GM_RM011_frames\000265.png,GM_RM011_000265_ultralytics_yolo26n_downloaded_002,boat,0.547543168,455.703,303.276,799.184,599.616,101787.020,false,ultralytics_yolo26n,D:\models\ultralytics\yolo26n.pt,backend_status=available; plug-in detection row only
GM_RM011,ultralytics_yolo26n_downloaded,266,D:\profile\research\data\GM_RM011\GM_RM011_frames\000266.png,GM_RM011_000266_ultralytics_yolo26n_downloaded_001,boat,0.803322256,0.444,342.280,346.898,599.959,89273.943,false,ultralytics_yolo26n,D:\models\ultralytics\yolo26n.pt,backend_status=available; plug-in detection row only
GM_RM011,ultralytics_yolo26n_downloaded,266,D:\profile\research\data\GM_RM011\GM_RM011_frames\000266.png,GM_RM011_000266_ultralytics_yolo26n_downloaded_002,boat,0.674680233,506.672,305.893,799.617,599.353,85967.657,false,ultralytics_yolo26n,D:\models\ultralytics\yolo26n.pt,backend_status=available; plug-in detection row only
GM_RM011,ultralytics_yolo26n_downloaded,267,D:\profile\research\data\GM_RM011\GM_RM011_frames\000267.png,GM_RM011_000267_ultralytics_yolo26n_downloaded_001,boat,0.687901974,571.328,319.158,799.789,599.346,64012.036,false,ultralytics_yolo26n,D:\models\ultralytics\yolo26n.pt,backend_status=available; plug-in detection row only
GM_RM011,ultralytics_yolo26n_downloaded,267,D:\profile\research\data\GM_RM011\GM_RM011_frames\000267.png,GM_RM011_000267_ultralytics_yolo26n_downloaded_002,boat,0.670939803,0.454,338.653,408.573,600.000,106660.670,false,ultralytics_yolo26n,D:\models\ultralytics\yolo26n.pt,backend_status=available; plug-in detection row only
GM_RM011,ultralytics_yolo26n_downloaded,268,D:\profile\research\data\GM_RM011\GM_RM011_frames\000268.png,GM_RM011_000268_ultralytics_yolo26n_downloaded_001,boat,0.445303619,621.055,327.581,799.559,598.730,48401.252,false,ultralytics_yolo26n,D:\models\ultralytics\yolo26n.pt,backend_status=available; plug-in detection row only
GM_RM011,ultralytics_yolo26n_downloaded,268,D:\profile\research\data\GM_RM011\GM_RM011_frames\000268.png,GM_RM011_000268_ultralytics_yolo26n_downloaded_002,surfboard,0.341237247,0.000,331.532,475.832,600.000,127745.587,false,ultralytics_yolo26n,D:\models\ultralytics\yolo26n.pt,backend_status=available; plug-in detection row only
GM_RM011,ultralytics_yolo26n_downloaded,268,D:\profile\research\data\GM_RM011\GM_RM011_frames\000268.png,GM_RM011_000268_ultralytics_yolo26n_downloaded_003,boat,0.297953665,0.000,331.532,475.832,600.000,127745.587,false,ultralytics_yolo26n,D:\models\ultralytics\yolo26n.pt,backend_status=available; plug-in detection row only
GM_RM011,ultralytics_yolo26n_downloaded,269,D:\profile\research\data\GM_RM011\GM_RM011_frames\000269.png,GM_RM011_000269_ultralytics_yolo26n_downloaded_001,surfboard,0.439701974,0.051,326.448,561.739,599.839,153560.232,false,ultralytics_yolo26n,D:\models\ultralytics\yolo26n.pt,backend_status=available; plug-in detection row only
GM_RM011,ultralytics_yolo26n_downloaded,270,D:\profile\research\data\GM_RM011\GM_RM011_frames\000270.png,GM_RM011_000270_ultralytics_yolo26n_downloaded_001,car,0.320051879,0.800,321.504,649.744,599.737,180558.047,true,ultralytics_yolo26n,D:\models\ultralytics\yolo26n.pt,backend_status=available; plug-in detection row only
GM_RM011,ultralytics_yolo26n_downloaded,271,D:\profile\research\data\GM_RM011\GM_RM011_frames\000271.png,GM_RM011_000271_ultralytics_yolo26n_downloaded_001,surfboard,0.685709238,0.000,318.666,740.980,599.246,207904.742,false,ultralytics_yolo26n,D:\models\ultralytics\yolo26n.pt,backend_status=available; plug-in detection row only
GM_RM011,ultralytics_yolo26n_downloaded,273,D:\profile\research\data\GM_RM011\GM_RM011_frames\000273.png,GM_RM011_000273_ultralytics_yolo26n_downloaded_001,car,0.316572875,2.485,303.820,800.000,600.000,236207.694,true,ultralytics_yolo26n,D:\models\ultralytics\yolo26n.pt,backend_status=available; plug-in detection row only
GM_RM011,ultralytics_yolo26n_downloaded,273,D:\profile\research\data\GM_RM011\GM_RM011_frames\000273.png,GM_RM011_000273_ultralytics_yolo26n_downloaded_002,boat,0.275340706,2.485,303.820,800.000,600.000,236207.694,false,ultralytics_yolo26n,D:\models\ultralytics\yolo26n.pt,backend_status=available; plug-in detection row only
GM_RM011,ultralytics_yolo26n_downloaded,275,D:\profile\research\data\GM_RM011\GM_RM011_frames\000275.png,GM_RM011_000275_ultralytics_yolo26n_downloaded_001,car,0.461043090,1.194,296.428,798.996,599.442,241745.142,true,ultralytics_yolo26n,D:\models\ultralytics\yolo26n.pt,backend_status=available; plug-in detection row only
GM_RM011,ultralytics_yolo26n_downloaded,276,D:\profile\research\data\GM_RM011\GM_RM011_frames\000276.png,GM_RM011_000276_ultralytics_yolo26n_downloaded_001,car,0.795470893,0.289,291.308,797.626,599.378,245635.676,true,ultralytics_yolo26n,D:\models\ultralytics\yolo26n.pt,backend_status=available; plug-in detection row only
GM_RM011,ultralytics_yolo26n_downloaded,277,D:\profile\research\data\GM_RM011\GM_RM011_frames\000277.png,GM_RM011_000277_ultralytics_yolo26n_downloaded_001,car,0.865274251,3.974,283.188,795.988,599.664,250653.871,true,ultralytics_yolo26n,D:\models\ultralytics\yolo26n.pt,backend_status=available; plug-in detection row only
GM_RM011,ultralytics_yolo26n_downloaded,278,D:\profile\research\data\GM_RM011\GM_RM011_frames\000278.png,GM_RM011_000278_ultralytics_yolo26n_downloaded_001,car,0.831326902,1.178,280.749,799.483,600.000,254859.688,true,ultralytics_yolo26n,D:\models\ultralytics\yolo26n.pt,backend_status=available; plug-in detection row only
GM_RM011,ultralytics_yolo26n_downloaded,279,D:\profile\research\data\GM_RM011\GM_RM011_frames\000279.png,GM_RM011_000279_ultralytics_yolo26n_downloaded_001,car,0.428467631,15.023,280.392,799.644,600.000,250771.192,true,ultralytics_yolo26n,D:\models\ultralytics\yolo26n.pt,backend_status=available; plug-in detection row only
GM_RM011,ultralytics_yolo26n_downloaded,280,D:\profile\research\data\GM_RM011\GM_RM011_frames\000280.png,GM_RM011_000280_ultralytics_yolo26n_downloaded_001,surfboard,0.296770662,9.414,282.173,800.000,599.386,250783.797,false,ultralytics_yolo26n,D:\models\ultralytics\yolo26n.pt,backend_status=available; plug-in detection row only
GM_RM011,ultralytics_yolo26n_downloaded,282,D:\profile\research\data\GM_RM011\GM_RM011_frames\000282.png,GM_RM011_000282_ultralytics_yolo26n_downloaded_001,car,0.270122051,0.374,399.805,37.161,537.351,5059.890,true,ultralytics_yolo26n,D:\models\ultralytics\yolo26n.pt,backend_status=available; plug-in detection row only
GM_RM011,ultralytics_yolo26n_downloaded,283,D:\profile\research\data\GM_RM011\GM_RM011_frames\000283.png,GM_RM011_000283_ultralytics_yolo26n_downloaded_001,car,0.635924220,0.415,363.633,83.122,598.389,19416.036,true,ultralytics_yolo26n,D:\models\ultralytics\yolo26n.pt,backend_status=available; plug-in detection row only
GM_RM011,ultralytics_yolo26n_downloaded,283,D:\profile\research\data\GM_RM011\GM_RM011_frames\000283.png,GM_RM011_000283_ultralytics_yolo26n_downloaded_002,car,0.517877817,122.464,298.143,798.870,598.445,203125.574,true,ultralytics_yolo26n,D:\models\ultralytics\yolo26n.pt,backend_status=available; plug-in detection row only
GM_RM011,ultralytics_yolo26n_downloaded,284,D:\profile\research\data\GM_RM011\GM_RM011_frames\000284.png,GM_RM011_000284_ultralytics_yolo26n_downloaded_001,car,0.858384252,0.375,321.536,125.960,599.018,34847.438,true,ultralytics_yolo26n,D:\models\ultralytics\yolo26n.pt,backend_status=available; plug-in detection row only
GM_RM011,ultralytics_yolo26n_downloaded,284,D:\profile\research\data\GM_RM011\GM_RM011_frames\000284.png,GM_RM011_000284_ultralytics_yolo26n_downloaded_002,car,0.778498709,197.912,298.980,799.228,599.042,180431.981,true,ultralytics_yolo26n,D:\models\ultralytics\yolo26n.pt,backend_status=available; plug-in detection row only
GM_RM011,ultralytics_yolo26n_downloaded,285,D:\profile\research\data\GM_RM011\GM_RM011_frames\000285.png,GM_RM011_000285_ultralytics_yolo26n_downloaded_001,car,0.834595025,0.567,297.708,168.984,598.998,50742.402,true,ultralytics_yolo26n,D:\models\ultralytics\yolo26n.pt,backend_status=available; plug-in detection row only
GM_RM011,ultralytics_yolo26n_downloaded,285,D:\profile\research\data\GM_RM011\GM_RM011_frames\000285.png,GM_RM011_000285_ultralytics_yolo26n_downloaded_002,car,0.681008697,275.522,297.490,799.784,599.075,158109.515,true,ultralytics_yolo26n,D:\models\ultralytics\yolo26n.pt,backend_status=available; plug-in detection row only
GM_RM011,ultralytics_yolo26n_downloaded,286,D:\profile\research\data\GM_RM011\GM_RM011_frames\000286.png,GM_RM011_000286_ultralytics_yolo26n_downloaded_001,car,0.863465667,0.491,276.643,215.828,598.729,69357.116,true,ultralytics_yolo26n,D:\models\ultralytics\yolo26n.pt,backend_status=available; plug-in detection row only
GM_RM011,ultralytics_yolo26n_downloaded,286,D:\profile\research\data\GM_RM011\GM_RM011_frames\000286.png,GM_RM011_000286_ultralytics_yolo26n_downloaded_002,car,0.716180980,350.347,298.095,799.503,598.801,135063.803,true,ultralytics_yolo26n,D:\models\ultralytics\yolo26n.pt,backend_status=available; plug-in detection row only
GM_RM011,ultralytics_yolo26n_downloaded,287,D:\profile\research\data\GM_RM011\GM_RM011_frames\000287.png,GM_RM011_000287_ultralytics_yolo26n_downloaded_001,car,0.836993635,0.175,267.464,267.671,598.998,88683.965,true,ultralytics_yolo26n,D:\models\ultralytics\yolo26n.pt,backend_status=available; plug-in detection row only
GM_RM011,ultralytics_yolo26n_downloaded,287,D:\profile\research\data\GM_RM011\GM_RM011_frames\000287.png,GM_RM011_000287_ultralytics_yolo26n_downloaded_002,car,0.516198218,420.397,322.342,799.507,599.425,105044.907,true,ultralytics_yolo26n,D:\models\ultralytics\yolo26n.pt,backend_status=available; plug-in detection row only
GM_RM011,ultralytics_yolo26n_downloaded,288,D:\profile\research\data\GM_RM011\GM_RM011_frames\000288.png,GM_RM011_000288_ultralytics_yolo26n_downloaded_001,car,0.453991503,0.134,262.334,319.741,598.888,107565.113,true,ultralytics_yolo26n,D:\models\ultralytics\yolo26n.pt,backend_status=available; plug-in detection row only
GM_RM011,ultralytics_yolo26n_downloaded,289,D:\profile\research\data\GM_RM011\GM_RM011_frames\000289.png,GM_RM011_000289_ultralytics_yolo26n_downloaded_001,car,0.494503438,0.773,243.862,373.330,598.906,132273.896,true,ultralytics_yolo26n,D:\models\ultralytics\yolo26n.pt,backend_status=available; plug-in detection row only
GM_RM011,ultralytics_yolo26n_downloaded,289,D:\profile\research\data\GM_RM011\GM_RM011_frames\000289.png,GM_RM011_000289_ultralytics_yolo26n_downloaded_002,car,0.278163522,551.553,383.026,799.725,599.510,53725.394,true,ultralytics_yolo26n,D:\models\ultralytics\yolo26n.pt,backend_status=available; plug-in detection row only
GM_RM011,ultralytics_yolo26n_downloaded,290,D:\profile\research\data\GM_RM011\GM_RM011_frames\000290.png,GM_RM011_000290_ultralytics_yolo26n_downloaded_001,car,0.580989182,0.147,229.512,429.475,598.971,158619.212,true,ultralytics_yolo26n,D:\models\ultralytics\yolo26n.pt,backend_status=available; plug-in detection row only
GM_RM011,ultralytics_yolo26n_downloaded,290,D:\profile\research\data\GM_RM011\GM_RM011_frames\000290.png,GM_RM011_000290_ultralytics_yolo26n_downloaded_002,car,0.292769611,609.746,387.858,799.659,599.515,40196.246,true,ultralytics_yolo26n,D:\models\ultralytics\yolo26n.pt,backend_status=available; plug-in detection row only
GM_RM011,ultralytics_yolo26n_downloaded,290,D:\profile\research\data\GM_RM011\GM_RM011_frames\000290.png,GM_RM011_000290_ultralytics_yolo26n_downloaded_003,motorcycle,0.279962271,0.147,229.512,429.475,598.971,158619.212,true,ultralytics_yolo26n,D:\models\ultralytics\yolo26n.pt,backend_status=available; plug-in detection row only
GM_RM011,ultralytics_yolo26n_downloaded,291,D:\profile\research\data\GM_RM011\GM_RM011_frames\000291.png,GM_RM011_000291_ultralytics_yolo26n_downloaded_001,car,0.875675082,0.196,227.052,499.861,598.963,185831.131,true,ultralytics_yolo26n,D:\models\ultralytics\yolo26n.pt,backend_status=available; plug-in detection row only
GM_RM011,ultralytics_yolo26n_downloaded,291,D:\profile\research\data\GM_RM011\GM_RM011_frames\000291.png,GM_RM011_000291_ultralytics_yolo26n_downloaded_002,car,0.623394132,672.399,401.555,799.755,599.367,25192.526,true,ultralytics_yolo26n,D:\models\ultralytics\yolo26n.pt,backend_status=available; plug-in detection row only
GM_RM011,ultralytics_yolo26n_downloaded,292,D:\profile\research\data\GM_RM011\GM_RM011_frames\000292.png,GM_RM011_000292_ultralytics_yolo26n_downloaded_001,car,0.886253536,0.482,225.267,571.571,598.565,213186.282,true,ultralytics_yolo26n,D:\models\ultralytics\yolo26n.pt,backend_status=available; plug-in detection row only
GM_RM011,ultralytics_yolo26n_downloaded,292,D:\profile\research\data\GM_RM011\GM_RM011_frames\000292.png,GM_RM011_000292_ultralytics_yolo26n_downloaded_002,car,0.519652486,737.627,423.612,799.494,599.232,10864.952,true,ultralytics_yolo26n,D:\models\ultralytics\yolo26n.pt,backend_status=available; plug-in detection row only
GM_RM011,ultralytics_yolov8n_downloaded,13,D:\profile\research\data\GM_RM011\GM_RM011_frames\000013.png,GM_RM011_000013_ultralytics_yolov8n_downloaded_001,car,0.806345344,3.616,252.803,800.000,599.276,275924.734,true,ultralytics_yolov8n,D:\models\ultralytics\yolov8n.pt,backend_status=available; plug-in detection row only
GM_RM011,ultralytics_yolov8n_downloaded,13,D:\profile\research\data\GM_RM011\GM_RM011_frames\000013.png,GM_RM011_000013_ultralytics_yolov8n_downloaded_002,car,0.384223461,160.924,246.970,797.385,533.421,182314.778,true,ultralytics_yolov8n,D:\models\ultralytics\yolov8n.pt,backend_status=available; plug-in detection row only
GM_RM011,ultralytics_yolov8n_downloaded,14,D:\profile\research\data\GM_RM011\GM_RM011_frames\000014.png,GM_RM011_000014_ultralytics_yolov8n_downloaded_001,car,0.788354278,22.775,267.754,799.433,598.679,257015.615,true,ultralytics_yolov8n,D:\models\ultralytics\yolov8n.pt,backend_status=available; plug-in detection row only
GM_RM011,ultralytics_yolov8n_downloaded,14,D:\profile\research\data\GM_RM011\GM_RM011_frames\000014.png,GM_RM011_000014_ultralytics_yolov8n_downloaded_002,car,0.277758330,220.615,259.407,799.324,562.816,175585.304,true,ultralytics_yolov8n,D:\models\ultralytics\yolov8n.pt,backend_status=available; plug-in detection row only
GM_RM011,ultralytics_yolov8n_downloaded,15,D:\profile\research\data\GM_RM011\GM_RM011_frames\000015.png,GM_RM011_000015_ultralytics_yolov8n_downloaded_001,car,0.651941061,236.991,273.026,799.268,576.089,170405.043,true,ultralytics_yolov8n,D:\models\ultralytics\yolov8n.pt,backend_status=available; plug-in detection row only
GM_RM011,ultralytics_yolov8n_downloaded,15,D:\profile\research\data\GM_RM011\GM_RM011_frames\000015.png,GM_RM011_000015_ultralytics_yolov8n_downloaded_002,car,0.593536556,33.915,274.387,798.589,598.585,247905.863,true,ultralytics_yolov8n,D:\models\ultralytics\yolov8n.pt,backend_status=available; plug-in detection row only
GM_RM011,ultralytics_yolov8n_downloaded,16,D:\profile\research\data\GM_RM011\GM_RM011_frames\000016.png,GM_RM011_000016_ultralytics_yolov8n_downloaded_001,mouse,0.337399006,518.925,447.266,654.765,522.335,10197.375,false,ultralytics_yolov8n,D:\models\ultralytics\yolov8n.pt,backend_status=available; plug-in detection row only
GM_RM011,ultralytics_yolov8n_downloaded,17,D:\profile\research\data\GM_RM011\GM_RM011_frames\000017.png,GM_RM011_000017_ultralytics_yolov8n_downloaded_001,mouse,0.331930906,581.384,460.267,728.394,536.240,11168.776,false,ultralytics_yolov8n,D:\models\ultralytics\yolov8n.pt,backend_status=available; plug-in detection row only
GM_RM011,ultralytics_yolov8n_downloaded,17,D:\profile\research\data\GM_RM011\GM_RM011_frames\000017.png,GM_RM011_000017_ultralytics_yolov8n_downloaded_002,car,0.281975061,20.975,298.642,797.984,598.939,233333.351,true,ultralytics_yolov8n,D:\models\ultralytics\yolov8n.pt,backend_status=available; plug-in detection row only
GM_RM011,ultralytics_yolov8n_downloaded,20,D:\profile\research\data\GM_RM011\GM_RM011_frames\000020.png,GM_RM011_000020_ultralytics_yolov8n_downloaded_001,car,0.625786602,227.666,227.423,798.492,599.002,212107.470,true,ultralytics_yolov8n,D:\models\ultralytics\yolov8n.pt,backend_status=available; plug-in detection row only
GM_RM011,ultralytics_yolov8n_downloaded,20,D:\profile\research\data\GM_RM011\GM_RM011_frames\000020.png,GM_RM011_000020_ultralytics_yolov8n_downloaded_002,truck,0.340292573,0.528,264.492,165.738,594.037,54444.083,true,ultralytics_yolov8n,D:\models\ultralytics\yolov8n.pt,backend_status=available; plug-in detection row only
GM_RM011,ultralytics_yolov8n_downloaded,21,D:\profile\research\data\GM_RM011\GM_RM011_frames\000021.png,GM_RM011_000021_ultralytics_yolov8n_downloaded_001,car,0.645710528,0.193,217.051,109.766,579.881,39756.567,true,ultralytics_yolov8n,D:\models\ultralytics\yolov8n.pt,backend_status=available; plug-in detection row only
GM_RM011,ultralytics_yolov8n_downloaded,21,D:\profile\research\data\GM_RM011\GM_RM011_frames\000021.png,GM_RM011_000021_ultralytics_yolov8n_downloaded_002,toilet,0.416353703,273.390,112.123,798.918,600.000,256393.253,false,ultralytics_yolov8n,D:\models\ultralytics\yolov8n.pt,backend_status=available; plug-in detection row only
GM_RM011,ultralytics_yolov8n_downloaded,22,D:\profile\research\data\GM_RM011\GM_RM011_frames\000022.png,GM_RM011_000022_ultralytics_yolov8n_downloaded_001,car,0.504931509,0.254,207.882,136.755,599.523,53459.226,true,ultralytics_yolov8n,D:\models\ultralytics\yolov8n.pt,backend_status=available; plug-in detection row only
GM_RM011,ultralytics_yolov8n_downloaded,22,D:\profile\research\data\GM_RM011\GM_RM011_frames\000022.png,GM_RM011_000022_ultralytics_yolov8n_downloaded_002,truck,0.327306718,0.203,204.444,137.744,598.647,54219.163,true,ultralytics_yolov8n,D:\models\ultralytics\yolov8n.pt,backend_status=available; plug-in detection row only
GM_RM011,ultralytics_yolov8n_downloaded,23,D:\profile\research\data\GM_RM011\GM_RM011_frames\000023.png,GM_RM011_000023_ultralytics_yolov8n_downloaded_001,car,0.433727801,0.429,247.068,167.657,599.478,58932.978,true,ultralytics_yolov8n,D:\models\ultralytics\yolov8n.pt,backend_status=available; plug-in detection row only
GM_RM011,ultralytics_yolov8n_downloaded,24,D:\profile\research\data\GM_RM011\GM_RM011_frames\000024.png,GM_RM011_000024_ultralytics_yolov8n_downloaded_001,car,0.450537592,0.283,289.872,194.262,599.312,60024.766,true,ultralytics_yolov8n,D:\models\ultralytics\yolov8n.pt,backend_status=available; plug-in detection row only
GM_RM011,ultralytics_yolov8n_downloaded,25,D:\profile\research\data\GM_RM011\GM_RM011_frames\000025.png,GM_RM011_000025_ultralytics_yolov8n_downloaded_001,truck,0.607183754,0.433,288.438,223.019,599.228,69177.401,true,ultralytics_yolov8n,D:\models\ultralytics\yolov8n.pt,backend_status=available; plug-in detection row only
GM_RM011,ultralytics_yolov8n_downloaded,25,D:\profile\research\data\GM_RM011\GM_RM011_frames\000025.png,GM_RM011_000025_ultralytics_yolov8n_downloaded_002,car,0.334602714,0.476,288.050,222.426,599.406,69105.418,true,ultralytics_yolov8n,D:\models\ultralytics\yolov8n.pt,backend_status=available; plug-in detection row only
GM_RM011,ultralytics_yolov8n_downloaded,26,D:\profile\research\data\GM_RM011\GM_RM011_frames\000026.png,GM_RM011_000026_ultralytics_yolov8n_downloaded_001,car,0.465740353,0.399,287.169,243.523,599.342,75896.842,true,ultralytics_yolov8n,D:\models\ultralytics\yolov8n.pt,backend_status=available; plug-in detection row only
GM_RM011,ultralytics_yolov8n_downloaded,26,D:\profile\research\data\GM_RM011\GM_RM011_frames\000026.png,GM_RM011_000026_ultralytics_yolov8n_downloaded_002,truck,0.328905880,0.549,288.062,244.425,598.795,75780.218,true,ultralytics_yolov8n,D:\models\ultralytics\yolov8n.pt,backend_status=available; plug-in detection row only
GM_RM011,ultralytics_yolov8n_downloaded,26,D:\profile\research\data\GM_RM011\GM_RM011_frames\000026.png,GM_RM011_000026_ultralytics_yolov8n_downloaded_003,surfboard,0.270500898,475.374,381.275,799.196,599.489,70662.606,false,ultralytics_yolov8n,D:\models\ultralytics\yolov8n.pt,backend_status=available; plug-in detection row only
GM_RM011,ultralytics_yolov8n_downloaded,27,D:\profile\research\data\GM_RM011\GM_RM011_frames\000027.png,GM_RM011_000027_ultralytics_yolov8n_downloaded_001,car,0.684807062,0.327,277.554,266.880,599.296,85761.274,true,ultralytics_yolov8n,D:\models\ultralytics\yolov8n.pt,backend_status=available; plug-in detection row only
GM_RM011,ultralytics_yolov8n_downloaded,28,D:\profile\research\data\GM_RM011\GM_RM011_frames\000028.png,GM_RM011_000028_ultralytics_yolov8n_downloaded_001,car,0.877865613,0.342,252.876,295.754,599.370,102358.841,true,ultralytics_yolov8n,D:\models\ultralytics\yolov8n.pt,backend_status=available; plug-in detection row only
GM_RM011,ultralytics_yolov8n_downloaded,28,D:\profile\research\data\GM_RM011\GM_RM011_frames\000028.png,GM_RM011_000028_ultralytics_yolov8n_downloaded_002,toilet,0.605842769,520.012,353.648,799.380,599.487,68679.429,false,ultralytics_yolov8n,D:\models\ultralytics\yolov8n.pt,backend_status=available; plug-in detection row only
GM_RM011,ultralytics_yolov8n_downloaded,28,D:\profile\research\data\GM_RM011\GM_RM011_frames\000028.png,GM_RM011_000028_ultralytics_yolov8n_downloaded_003,car,0.360892355,520.153,351.667,799.383,599.302,69147.047,true,ultralytics_yolov8n,D:\models\ultralytics\yolov8n.pt,backend_status=available; plug-in detection row only
GM_RM011,ultralytics_yolov8n_downloaded,29,D:\profile\research\data\GM_RM011\GM_RM011_frames\000029.png,GM_RM011_000029_ultralytics_yolov8n_downloaded_001,car,0.817366123,0.316,217.626,326.785,599.373,124628.742,true,ultralytics_yolov8n,D:\models\ultralytics\yolov8n.pt,backend_status=available; plug-in detection row only
GM_RM011,ultralytics_yolov8n_downloaded,29,D:\profile\research\data\GM_RM011\GM_RM011_frames\000029.png,GM_RM011_000029_ultralytics_yolov8n_downloaded_002,toilet,0.663992822,548.443,347.134,799.546,599.531,63377.752,false,ultralytics_yolov8n,D:\models\ultralytics\yolov8n.pt,backend_status=available; plug-in detection row only
GM_RM011,ultralytics_yolov8n_downloaded,30,D:\profile\research\data\GM_RM011\GM_RM011_frames\000030.png,GM_RM011_000030_ultralytics_yolov8n_downloaded_001,car,0.794929206,0.580,223.873,359.451,599.379,134758.403,true,ultralytics_yolov8n,D:\models\ultralytics\yolov8n.pt,backend_status=available; plug-in detection row only
GM_RM011,ultralytics_yolov8n_downloaded,30,D:\profile\research\data\GM_RM011\GM_RM011_frames\000030.png,GM_RM011_000030_ultralytics_yolov8n_downloaded_002,car,0.259603232,584.157,373.438,799.222,599.429,48602.712,true,ultralytics_yolov8n,D:\models\ultralytics\yolov8n.pt,backend_status=available; plug-in detection row only
GM_RM011,ultralytics_yolov8n_downloaded,31,D:\profile\research\data\GM_RM011\GM_RM011_frames\000031.png,GM_RM011_000031_ultralytics_yolov8n_downloaded_001,car,0.785323441,0.482,250.364,395.585,599.241,137842.315,true,ultralytics_yolov8n,D:\models\ultralytics\yolov8n.pt,backend_status=available; plug-in detection row only
GM_RM011,ultralytics_yolov8n_downloaded,31,D:\profile\research\data\GM_RM011\GM_RM011_frames\000031.png,GM_RM011_000031_ultralytics_yolov8n_downloaded_002,car,0.356557786,622.481,407.222,799.229,599.448,33975.717,true,ultralytics_yolov8n,D:\models\ultralytics\yolov8n.pt,backend_status=available; plug-in detection row only
GM_RM011,ultralytics_yolov8n_downloaded,32,D:\profile\research\data\GM_RM011\GM_RM011_frames\000032.png,GM_RM011_000032_ultralytics_yolov8n_downloaded_001,car,0.667734265,0.874,266.996,433.196,599.318,143670.224,true,ultralytics_yolov8n,D:\models\ultralytics\yolov8n.pt,backend_status=available; plug-in detection row only
GM_RM011,ultralytics_yolov8n_downloaded,32,D:\profile\research\data\GM_RM011\GM_RM011_frames\000032.png,GM_RM011_000032_ultralytics_yolov8n_downloaded_002,car,0.330291659,661.045,432.571,799.441,599.198,23060.560,true,ultralytics_yolov8n,D:\models\ultralytics\yolov8n.pt,backend_status=available; plug-in detection row only
GM_RM011,ultralytics_yolov8n_downloaded,33,D:\profile\research\data\GM_RM011\GM_RM011_frames\000033.png,GM_RM011_000033_ultralytics_yolov8n_downloaded_001,toilet,0.587932706,697.754,437.845,799.494,599.451,16441.821,false,ultralytics_yolov8n,D:\models\ultralytics\yolov8n.pt,backend_status=available; plug-in detection row only
GM_RM011,ultralytics_yolov8n_downloaded,33,D:\profile\research\data\GM_RM011\GM_RM011_frames\000033.png,GM_RM011_000033_ultralytics_yolov8n_downloaded_002,car,0.552622497,1.264,275.666,468.048,599.479,151151.040,true,ultralytics_yolov8n,D:\models\ultralytics\yolov8n.pt,backend_status=available; plug-in detection row only
GM_RM011,ultralytics_yolov8n_downloaded,34,D:\profile\research\data\GM_RM011\GM_RM011_frames\000034.png,GM_RM011_000034_ultralytics_yolov8n_downloaded_001,car,0.651771426,0.000,282.750,507.789,599.472,160827.491,true,ultralytics_yolov8n,D:\models\ultralytics\yolov8n.pt,backend_status=available; plug-in detection row only
GM_RM011,ultralytics_yolov8n_downloaded,35,D:\profile\research\data\GM_RM011\GM_RM011_frames\000035.png,GM_RM011_000035_ultralytics_yolov8n_downloaded_001,car,0.625447690,12.329,280.045,545.721,599.447,170366.103,true,ultralytics_yolov8n,D:\models\ultralytics\yolov8n.pt,backend_status=available; plug-in detection row only
GM_RM011,ultralytics_yolov8n_downloaded,256,D:\profile\research\data\GM_RM011\GM_RM011_frames\000256.png,GM_RM011_000256_ultralytics_yolov8n_downloaded_001,car,0.862272382,0.982,291.524,800.000,598.872,245576.612,true,ultralytics_yolov8n,D:\models\ultralytics\yolov8n.pt,backend_status=available; plug-in detection row only
GM_RM011,ultralytics_yolov8n_downloaded,257,D:\profile\research\data\GM_RM011\GM_RM011_frames\000257.png,GM_RM011_000257_ultralytics_yolov8n_downloaded_001,car,0.844479144,4.300,279.943,798.349,599.257,253550.899,true,ultralytics_yolov8n,D:\models\ultralytics\yolov8n.pt,backend_status=available; plug-in detection row only
GM_RM011,ultralytics_yolov8n_downloaded,258,D:\profile\research\data\GM_RM011\GM_RM011_frames\000258.png,GM_RM011_000258_ultralytics_yolov8n_downloaded_001,car,0.869708836,1.214,279.719,799.890,599.648,255520.205,true,ultralytics_yolov8n,D:\models\ultralytics\yolov8n.pt,backend_status=available; plug-in detection row only
GM_RM011,ultralytics_yolov8n_downloaded,259,D:\profile\research\data\GM_RM011\GM_RM011_frames\000259.png,GM_RM011_000259_ultralytics_yolov8n_downloaded_001,car,0.895627439,6.708,291.783,798.755,599.622,243823.213,true,ultralytics_yolov8n,D:\models\ultralytics\yolov8n.pt,backend_status=available; plug-in detection row only
GM_RM011,ultralytics_yolov8n_downloaded,260,D:\profile\research\data\GM_RM011\GM_RM011_frames\000260.png,GM_RM011_000260_ultralytics_yolov8n_downloaded_001,car,0.867722809,29.889,301.808,798.848,599.664,229039.133,true,ultralytics_yolov8n,D:\models\ultralytics\yolov8n.pt,backend_status=available; plug-in detection row only
GM_RM011,ultralytics_yolov8n_downloaded,261,D:\profile\research\data\GM_RM011\GM_RM011_frames\000261.png,GM_RM011_000261_ultralytics_yolov8n_downloaded_001,car,0.886541665,196.960,297.201,800.000,599.460,182274.152,true,ultralytics_yolov8n,D:\models\ultralytics\yolov8n.pt,backend_status=available; plug-in detection row only
GM_RM011,ultralytics_yolov8n_downloaded,262,D:\profile\research\data\GM_RM011\GM_RM011_frames\000262.png,GM_RM011_000262_ultralytics_yolov8n_downloaded_001,car,0.845234036,263.628,298.931,799.257,599.383,160930.702,true,ultralytics_yolov8n,D:\models\ultralytics\yolov8n.pt,backend_status=available; plug-in detection row only
GM_RM011,ultralytics_yolov8n_downloaded,262,D:\profile\research\data\GM_RM011\GM_RM011_frames\000262.png,GM_RM011_000262_ultralytics_yolov8n_downloaded_002,toilet,0.580328822,0.314,389.236,136.517,599.570,28648.088,false,ultralytics_yolov8n,D:\models\ultralytics\yolov8n.pt,backend_status=available; plug-in detection row only
GM_RM011,ultralytics_yolov8n_downloaded,263,D:\profile\research\data\GM_RM011\GM_RM011_frames\000263.png,GM_RM011_000263_ultralytics_yolov8n_downloaded_001,car,0.725098252,335.582,303.980,798.689,599.403,136812.693,true,ultralytics_yolov8n,D:\models\ultralytics\yolov8n.pt,backend_status=available; plug-in detection row only
GM_RM011,ultralytics_yolov8n_downloaded,263,D:\profile\research\data\GM_RM011\GM_RM011_frames\000263.png,GM_RM011_000263_ultralytics_yolov8n_downloaded_002,toilet,0.460603058,0.432,370.391,206.263,599.565,47171.043,false,ultralytics_yolov8n,D:\models\ultralytics\yolov8n.pt,backend_status=available; plug-in detection row only
GM_RM011,ultralytics_yolov8n_downloaded,263,D:\profile\research\data\GM_RM011\GM_RM011_frames\000263.png,GM_RM011_000263_ultralytics_yolov8n_downloaded_003,boat,0.254177451,0.350,370.088,206.146,599.302,47171.426,false,ultralytics_yolov8n,D:\models\ultralytics\yolov8n.pt,backend_status=available; plug-in detection row only
GM_RM011,ultralytics_yolov8n_downloaded,264,D:\profile\research\data\GM_RM011\GM_RM011_frames\000264.png,GM_RM011_000264_ultralytics_yolov8n_downloaded_001,car,0.732599318,397.282,301.544,799.164,599.130,119594.366,true,ultralytics_yolov8n,D:\models\ultralytics\yolov8n.pt,backend_status=available; plug-in detection row only
GM_RM011,ultralytics_yolov8n_downloaded,264,D:\profile\research\data\GM_RM011\GM_RM011_frames\000264.png,GM_RM011_000264_ultralytics_yolov8n_downloaded_002,boat,0.406780511,0.482,357.017,233.847,599.370,56556.850,false,ultralytics_yolov8n,D:\models\ultralytics\yolov8n.pt,backend_status=available; plug-in detection row only
GM_RM011,ultralytics_yolov8n_downloaded,264,D:\profile\research\data\GM_RM011\GM_RM011_frames\000264.png,GM_RM011_000264_ultralytics_yolov8n_downloaded_003,toilet,0.337840497,0.303,352.954,233.545,599.390,57479.023,false,ultralytics_yolov8n,D:\models\ultralytics\yolov8n.pt,backend_status=available; plug-in detection row only
GM_RM011,ultralytics_yolov8n_downloaded,265,D:\profile\research\data\GM_RM011\GM_RM011_frames\000265.png,GM_RM011_000265_ultralytics_yolov8n_downloaded_001,car,0.518525004,0.454,341.769,287.357,599.185,73853.479,true,ultralytics_yolov8n,D:\models\ultralytics\yolov8n.pt,backend_status=available; plug-in detection row only
GM_RM011,ultralytics_yolov8n_downloaded,265,D:\profile\research\data\GM_RM011\GM_RM011_frames\000265.png,GM_RM011_000265_ultralytics_yolov8n_downloaded_002,car,0.287306726,456.305,301.816,799.052,598.271,101609.151,true,ultralytics_yolov8n,D:\models\ultralytics\yolov8n.pt,backend_status=available; plug-in detection row only
GM_RM011,ultralytics_yolov8n_downloaded,266,D:\profile\research\data\GM_RM011\GM_RM011_frames\000266.png,GM_RM011_000266_ultralytics_yolov8n_downloaded_001,mouse,0.410915762,513.031,301.647,799.140,599.259,85149.789,false,ultralytics_yolov8n,D:\models\ultralytics\yolov8n.pt,backend_status=available; plug-in detection row only
GM_RM011,ultralytics_yolov8n_downloaded,266,D:\profile\research\data\GM_RM011\GM_RM011_frames\000266.png,GM_RM011_000266_ultralytics_yolov8n_downloaded_002,car,0.270047516,0.595,339.237,345.837,599.289,89780.749,true,ultralytics_yolov8n,D:\models\ultralytics\yolov8n.pt,backend_status=available; plug-in detection row only
GM_RM011,ultralytics_yolov8n_downloaded,267,D:\profile\research\data\GM_RM011\GM_RM011_frames\000267.png,GM_RM011_000267_ultralytics_yolov8n_downloaded_001,boat,0.447935194,570.624,314.483,799.107,599.379,65094.127,false,ultralytics_yolov8n,D:\models\ultralytics\yolov8n.pt,backend_status=available; plug-in detection row only
GM_RM011,ultralytics_yolov8n_downloaded,267,D:\profile\research\data\GM_RM011\GM_RM011_frames\000267.png,GM_RM011_000267_ultralytics_yolov8n_downloaded_002,car,0.441677481,0.427,336.501,404.299,599.196,106095.058,true,ultralytics_yolov8n,D:\models\ultralytics\yolov8n.pt,backend_status=available; plug-in detection row only
GM_RM011,ultralytics_yolov8n_downloaded,268,D:\profile\research\data\GM_RM011\GM_RM011_frames\000268.png,GM_RM011_000268_ultralytics_yolov8n_downloaded_001,boat,0.684787333,620.690,324.476,799.120,598.941,48972.755,false,ultralytics_yolov8n,D:\models\ultralytics\yolov8n.pt,backend_status=available; plug-in detection row only
GM_RM011,ultralytics_yolov8n_downloaded,268,D:\profile\research\data\GM_RM011\GM_RM011_frames\000268.png,GM_RM011_000268_ultralytics_yolov8n_downloaded_002,car,0.526237190,0.716,331.890,475.630,599.279,126986.446,true,ultralytics_yolov8n,D:\models\ultralytics\yolov8n.pt,backend_status=available; plug-in detection row only
GM_RM011,ultralytics_yolov8n_downloaded,269,D:\profile\research\data\GM_RM011\GM_RM011_frames\000269.png,GM_RM011_000269_ultralytics_yolov8n_downloaded_001,boat,0.637846053,672.938,333.203,799.559,593.493,32958.199,false,ultralytics_yolov8n,D:\models\ultralytics\yolov8n.pt,backend_status=available; plug-in detection row only
GM_RM011,ultralytics_yolov8n_downloaded,269,D:\profile\research\data\GM_RM011\GM_RM011_frames\000269.png,GM_RM011_000269_ultralytics_yolov8n_downloaded_002,car,0.553576231,0.000,326.064,570.665,599.226,155884.081,true,ultralytics_yolov8n,D:\models\ultralytics\yolov8n.pt,backend_status=available; plug-in detection row only
GM_RM011,ultralytics_yolov8n_downloaded,270,D:\profile\research\data\GM_RM011\GM_RM011_frames\000270.png,GM_RM011_000270_ultralytics_yolov8n_downloaded_001,car,0.571182728,0.794,320.599,604.517,599.268,168238.704,true,ultralytics_yolov8n,D:\models\ultralytics\yolov8n.pt,backend_status=available; plug-in detection row only
GM_RM011,ultralytics_yolov8n_downloaded,270,D:\profile\research\data\GM_RM011\GM_RM011_frames\000270.png,GM_RM011_000270_ultralytics_yolov8n_downloaded_002,airplane,0.299704731,0.000,321.751,607.550,598.941,168406.678,false,ultralytics_yolov8n,D:\models\ultralytics\yolov8n.pt,backend_status=available; plug-in detection row only
GM_RM011,ultralytics_yolov8n_downloaded,271,D:\profile\research\data\GM_RM011\GM_RM011_frames\000271.png,GM_RM011_000271_ultralytics_yolov8n_downloaded_001,car,0.532028377,0.000,314.108,707.498,598.794,201415.346,true,ultralytics_yolov8n,D:\models\ultralytics\yolov8n.pt,backend_status=available; plug-in detection row only
GM_RM011,ultralytics_yolov8n_downloaded,271,D:\profile\research\data\GM_RM011\GM_RM011_frames\000271.png,GM_RM011_000271_ultralytics_yolov8n_downloaded_002,airplane,0.424980551,0.890,318.228,718.975,598.839,201503.157,false,ultralytics_yolov8n,D:\models\ultralytics\yolov8n.pt,backend_status=available; plug-in detection row only
GM_RM011,ultralytics_yolov8n_downloaded,271,D:\profile\research\data\GM_RM011\GM_RM011_frames\000271.png,GM_RM011_000271_ultralytics_yolov8n_downloaded_003,person,0.310008854,464.672,0.000,586.514,144.591,17617.282,false,ultralytics_yolov8n,D:\models\ultralytics\yolov8n.pt,backend_status=available; plug-in detection row only
GM_RM011,ultralytics_yolov8n_downloaded,272,D:\profile\research\data\GM_RM011\GM_RM011_frames\000272.png,GM_RM011_000272_ultralytics_yolov8n_downloaded_001,car,0.388892680,1.760,311.526,800.000,599.366,229765.039,true,ultralytics_yolov8n,D:\models\ultralytics\yolov8n.pt,backend_status=available; plug-in detection row only
GM_RM011,ultralytics_yolov8n_downloaded,272,D:\profile\research\data\GM_RM011\GM_RM011_frames\000272.png,GM_RM011_000272_ultralytics_yolov8n_downloaded_002,airplane,0.334094673,1.115,312.269,800.000,598.281,228490.304,false,ultralytics_yolov8n,D:\models\ultralytics\yolov8n.pt,backend_status=available; plug-in detection row only
GM_RM011,ultralytics_yolov8n_downloaded,273,D:\profile\research\data\GM_RM011\GM_RM011_frames\000273.png,GM_RM011_000273_ultralytics_yolov8n_downloaded_001,car,0.372774720,0.811,299.848,798.186,598.986,238525.297,true,ultralytics_yolov8n,D:\models\ultralytics\yolov8n.pt,backend_status=available; plug-in detection row only
GM_RM011,ultralytics_yolov8n_downloaded,274,D:\profile\research\data\GM_RM011\GM_RM011_frames\000274.png,GM_RM011_000274_ultralytics_yolov8n_downloaded_001,car,0.686411321,1.786,296.205,799.837,598.262,241056.455,true,ultralytics_yolov8n,D:\models\ultralytics\yolov8n.pt,backend_status=available; plug-in detection row only
GM_RM011,ultralytics_yolov8n_downloaded,275,D:\profile\research\data\GM_RM011\GM_RM011_frames\000275.png,GM_RM011_000275_ultralytics_yolov8n_downloaded_001,car,0.781381309,0.751,294.575,799.701,598.608,242906.689,true,ultralytics_yolov8n,D:\models\ultralytics\yolov8n.pt,backend_status=available; plug-in detection row only
GM_RM011,ultralytics_yolov8n_downloaded,276,D:\profile\research\data\GM_RM011\GM_RM011_frames\000276.png,GM_RM011_000276_ultralytics_yolov8n_downloaded_001,car,0.691062629,0.068,289.286,800.000,598.361,247238.856,true,ultralytics_yolov8n,D:\models\ultralytics\yolov8n.pt,backend_status=available; plug-in detection row only
GM_RM011,ultralytics_yolov8n_downloaded,277,D:\profile\research\data\GM_RM011\GM_RM011_frames\000277.png,GM_RM011_000277_ultralytics_yolov8n_downloaded_001,train,0.505166113,0.000,283.908,798.212,594.536,247947.282,false,ultralytics_yolov8n,D:\models\ultralytics\yolov8n.pt,backend_status=available; plug-in detection row only
GM_RM011,ultralytics_yolov8n_downloaded,277,D:\profile\research\data\GM_RM011\GM_RM011_frames\000277.png,GM_RM011_000277_ultralytics_yolov8n_downloaded_002,car,0.494734943,2.823,283.394,798.240,598.682,250785.283,true,ultralytics_yolov8n,D:\models\ultralytics\yolov8n.pt,backend_status=available; plug-in detection row only
GM_RM011,ultralytics_yolov8n_downloaded,278,D:\profile\research\data\GM_RM011\GM_RM011_frames\000278.png,GM_RM011_000278_ultralytics_yolov8n_downloaded_001,car,0.595546067,4.945,281.925,798.912,597.985,250941.453,true,ultralytics_yolov8n,D:\models\ultralytics\yolov8n.pt,backend_status=available; plug-in detection row only
GM_RM011,ultralytics_yolov8n_downloaded,279,D:\profile\research\data\GM_RM011\GM_RM011_frames\000279.png,GM_RM011_000279_ultralytics_yolov8n_downloaded_001,car,0.752488911,4.832,278.829,799.338,599.502,254777.269,true,ultralytics_yolov8n,D:\models\ultralytics\yolov8n.pt,backend_status=available; plug-in detection row only
GM_RM011,ultralytics_yolov8n_downloaded,279,D:\profile\research\data\GM_RM011\GM_RM011_frames\000279.png,GM_RM011_000279_ultralytics_yolov8n_downloaded_002,airplane,0.356002480,545.878,0.191,799.004,144.311,36480.465,false,ultralytics_yolov8n,D:\models\ultralytics\yolov8n.pt,backend_status=available; plug-in detection row only
GM_RM011,ultralytics_yolov8n_downloaded,279,D:\profile\research\data\GM_RM011\GM_RM011_frames\000279.png,GM_RM011_000279_ultralytics_yolov8n_downloaded_003,airplane,0.346259296,2.526,273.076,799.644,574.705,240433.954,false,ultralytics_yolov8n,D:\models\ultralytics\yolov8n.pt,backend_status=available; plug-in detection row only
GM_RM011,ultralytics_yolov8n_downloaded,280,D:\profile\research\data\GM_RM011\GM_RM011_frames\000280.png,GM_RM011_000280_ultralytics_yolov8n_downloaded_001,car,0.413778514,4.819,276.570,800.000,597.599,255276.339,true,ultralytics_yolov8n,D:\models\ultralytics\yolov8n.pt,backend_status=available; plug-in detection row only
GM_RM011,ultralytics_yolov8n_downloaded,280,D:\profile\research\data\GM_RM011\GM_RM011_frames\000280.png,GM_RM011_000280_ultralytics_yolov8n_downloaded_002,airplane,0.392103821,140.610,279.625,799.650,574.489,194326.919,false,ultralytics_yolov8n,D:\models\ultralytics\yolov8n.pt,backend_status=available; plug-in detection row only
GM_RM011,ultralytics_yolov8n_downloaded,281,D:\profile\research\data\GM_RM011\GM_RM011_frames\000281.png,GM_RM011_000281_ultralytics_yolov8n_downloaded_001,car,0.328444958,203.341,289.078,799.177,587.236,177653.464,true,ultralytics_yolov8n,D:\models\ultralytics\yolov8n.pt,backend_status=available; plug-in detection row only
GM_RM011,ultralytics_yolov8n_downloaded,282,D:\profile\research\data\GM_RM011\GM_RM011_frames\000282.png,GM_RM011_000282_ultralytics_yolov8n_downloaded_001,car,0.277300000,0.097,398.111,37.692,556.625,5959.341,true,ultralytics_yolov8n,D:\models\ultralytics\yolov8n.pt,backend_status=available; plug-in detection row only
GM_RM011,ultralytics_yolov8n_downloaded,282,D:\profile\research\data\GM_RM011\GM_RM011_frames\000282.png,GM_RM011_000282_ultralytics_yolov8n_downloaded_002,car,0.255540460,352.290,294.827,799.134,581.968,128306.832,true,ultralytics_yolov8n,D:\models\ultralytics\yolov8n.pt,backend_status=available; plug-in detection row only
GM_RM011,ultralytics_yolov8n_downloaded,283,D:\profile\research\data\GM_RM011\GM_RM011_frames\000283.png,GM_RM011_000283_ultralytics_yolov8n_downloaded_001,car,0.625973940,0.110,363.850,82.563,599.392,19421.322,true,ultralytics_yolov8n,D:\models\ultralytics\yolov8n.pt,backend_status=available; plug-in detection row only
GM_RM011,ultralytics_yolov8n_downloaded,283,D:\profile\research\data\GM_RM011\GM_RM011_frames\000283.png,GM_RM011_000283_ultralytics_yolov8n_downloaded_002,car,0.290766060,66.121,299.459,798.862,599.099,219559.255,true,ultralytics_yolov8n,D:\models\ultralytics\yolov8n.pt,backend_status=available; plug-in detection row only
GM_RM011,ultralytics_yolov8n_downloaded,284,D:\profile\research\data\GM_RM011\GM_RM011_frames\000284.png,GM_RM011_000284_ultralytics_yolov8n_downloaded_001,car,0.681959748,0.285,316.691,125.248,599.564,35348.771,true,ultralytics_yolov8n,D:\models\ultralytics\yolov8n.pt,backend_status=available; plug-in detection row only
GM_RM011,ultralytics_yolov8n_downloaded,285,D:\profile\research\data\GM_RM011\GM_RM011_frames\000285.png,GM_RM011_000285_ultralytics_yolov8n_downloaded_001,car,0.864770830,0.406,295.425,170.024,599.343,51549.776,true,ultralytics_yolov8n,D:\models\ultralytics\yolov8n.pt,backend_status=available; plug-in detection row only
GM_RM011,ultralytics_yolov8n_downloaded,285,D:\profile\research\data\GM_RM011\GM_RM011_frames\000285.png,GM_RM011_000285_ultralytics_yolov8n_downloaded_002,car,0.423427761,269.929,286.143,799.615,599.276,165862.043,true,ultralytics_yolov8n,D:\models\ultralytics\yolov8n.pt,backend_status=available; plug-in detection row only
GM_RM011,ultralytics_yolov8n_downloaded,286,D:\profile\research\data\GM_RM011\GM_RM011_frames\000286.png,GM_RM011_000286_ultralytics_yolov8n_downloaded_001,car,0.770737410,0.391,274.933,217.693,599.318,70489.440,true,ultralytics_yolov8n,D:\models\ultralytics\yolov8n.pt,backend_status=available; plug-in detection row only
GM_RM011,ultralytics_yolov8n_downloaded,286,D:\profile\research\data\GM_RM011\GM_RM011_frames\000286.png,GM_RM011_000286_ultralytics_yolov8n_downloaded_002,car,0.282782942,355.189,290.444,798.591,599.306,136950.159,true,ultralytics_yolov8n,D:\models\ultralytics\yolov8n.pt,backend_status=available; plug-in detection row only
GM_RM011,ultralytics_yolov8n_downloaded,287,D:\profile\research\data\GM_RM011\GM_RM011_frames\000287.png,GM_RM011_000287_ultralytics_yolov8n_downloaded_001,car,0.504317403,0.187,254.383,268.878,599.009,92597.910,true,ultralytics_yolov8n,D:\models\ultralytics\yolov8n.pt,backend_status=available; plug-in detection row only
GM_RM011,ultralytics_yolov8n_downloaded,287,D:\profile\research\data\GM_RM011\GM_RM011_frames\000287.png,GM_RM011_000287_ultralytics_yolov8n_downloaded_002,car,0.471324027,426.264,313.752,799.327,599.296,106525.974,true,ultralytics_yolov8n,D:\models\ultralytics\yolov8n.pt,backend_status=available; plug-in detection row only
GM_RM011,ultralytics_yolov8n_downloaded,288,D:\profile\research\data\GM_RM011\GM_RM011_frames\000288.png,GM_RM011_000288_ultralytics_yolov8n_downloaded_001,car,0.690429032,0.583,264.178,321.516,599.513,107619.953,true,ultralytics_yolov8n,D:\models\ultralytics\yolov8n.pt,backend_status=available; plug-in detection row only
GM_RM011,ultralytics_yolov8n_downloaded,289,D:\profile\research\data\GM_RM011\GM_RM011_frames\000289.png,GM_RM011_000289_ultralytics_yolov8n_downloaded_001,train,0.484409600,0.372,251.217,371.900,600.000,129582.293,false,ultralytics_yolov8n,D:\models\ultralytics\yolov8n.pt,backend_status=available; plug-in detection row only
GM_RM011,ultralytics_yolov8n_downloaded,289,D:\profile\research\data\GM_RM011\GM_RM011_frames\000289.png,GM_RM011_000289_ultralytics_yolov8n_downloaded_002,frisbee,0.346060514,553.475,381.726,799.276,599.445,53515.551,false,ultralytics_yolov8n,D:\models\ultralytics\yolov8n.pt,backend_status=available; plug-in detection row only
GM_RM011,ultralytics_yolov8n_downloaded,289,D:\profile\research\data\GM_RM011\GM_RM011_frames\000289.png,GM_RM011_000289_ultralytics_yolov8n_downloaded_003,airplane,0.309816211,0.340,149.360,370.586,598.090,166140.424,false,ultralytics_yolov8n,D:\models\ultralytics\yolov8n.pt,backend_status=available; plug-in detection row only
GM_RM011,ultralytics_yolov8n_downloaded,290,D:\profile\research\data\GM_RM011\GM_RM011_frames\000290.png,GM_RM011_000290_ultralytics_yolov8n_downloaded_001,car,0.319083363,0.523,235.618,425.817,599.198,154628.409,true,ultralytics_yolov8n,D:\models\ultralytics\yolov8n.pt,backend_status=available; plug-in detection row only
GM_RM011,ultralytics_yolov8n_downloaded,291,D:\profile\research\data\GM_RM011\GM_RM011_frames\000291.png,GM_RM011_000291_ultralytics_yolov8n_downloaded_001,car,0.336626589,0.133,228.909,500.283,599.886,185544.186,true,ultralytics_yolov8n,D:\models\ultralytics\yolov8n.pt,backend_status=available; plug-in detection row only
GM_RM011,ultralytics_yolov8n_downloaded,291,D:\profile\research\data\GM_RM011\GM_RM011_frames\000291.png,GM_RM011_000291_ultralytics_yolov8n_downloaded_002,car,0.320523351,672.532,399.324,799.286,599.166,25330.661,true,ultralytics_yolov8n,D:\models\ultralytics\yolov8n.pt,backend_status=available; plug-in detection row only
GM_RM011,ultralytics_yolov8n_downloaded,292,D:\profile\research\data\GM_RM011\GM_RM011_frames\000292.png,GM_RM011_000292_ultralytics_yolov8n_downloaded_001,car,0.661259234,1.511,220.739,578.916,599.486,218689.896,true,ultralytics_yolov8n,D:\models\ultralytics\yolov8n.pt,backend_status=available; plug-in detection row only
GM_RM011,ultralytics_yolov8n_downloaded,292,D:\profile\research\data\GM_RM011\GM_RM011_frames\000292.png,GM_RM011_000292_ultralytics_yolov8n_downloaded_002,car,0.597605646,736.961,416.567,799.751,599.479,11485.063,true,ultralytics_yolov8n,D:\models\ultralytics\yolov8n.pt,backend_status=available; plug-in detection row only
GM_RM011,ultralytics_yolov8s_downloaded,13,D:\profile\research\data\GM_RM011\GM_RM011_frames\000013.png,GM_RM011_000013_ultralytics_yolov8s_downloaded_001,car,0.721405208,10.907,252.765,798.682,597.670,271707.536,true,ultralytics_yolov8s,D:\models\ultralytics\yolov8s.pt,backend_status=available; plug-in detection row only
GM_RM011,ultralytics_yolov8s_downloaded,14,D:\profile\research\data\GM_RM011\GM_RM011_frames\000014.png,GM_RM011_000014_ultralytics_yolov8s_downloaded_001,car,0.745344758,3.419,271.523,798.226,598.349,259762.992,true,ultralytics_yolov8s,D:\models\ultralytics\yolov8s.pt,backend_status=available; plug-in detection row only
GM_RM011,ultralytics_yolov8s_downloaded,15,D:\profile\research\data\GM_RM011\GM_RM011_frames\000015.png,GM_RM011_000015_ultralytics_yolov8s_downloaded_001,car,0.716987491,19.115,287.454,798.741,598.246,242301.887,true,ultralytics_yolov8s,D:\models\ultralytics\yolov8s.pt,backend_status=available; plug-in detection row only
GM_RM011,ultralytics_yolov8s_downloaded,16,D:\profile\research\data\GM_RM011\GM_RM011_frames\000016.png,GM_RM011_000016_ultralytics_yolov8s_downloaded_001,car,0.787682831,39.333,288.806,797.557,598.407,234746.833,true,ultralytics_yolov8s,D:\models\ultralytics\yolov8s.pt,backend_status=available; plug-in detection row only
GM_RM011,ultralytics_yolov8s_downloaded,16,D:\profile\research\data\GM_RM011\GM_RM011_frames\000016.png,GM_RM011_000016_ultralytics_yolov8s_downloaded_002,mouse,0.426252067,517.294,448.798,654.306,522.399,10084.089,false,ultralytics_yolov8s,D:\models\ultralytics\yolov8s.pt,backend_status=available; plug-in detection row only
GM_RM011,ultralytics_yolov8s_downloaded,17,D:\profile\research\data\GM_RM011\GM_RM011_frames\000017.png,GM_RM011_000017_ultralytics_yolov8s_downloaded_001,car,0.696524680,86.638,299.694,798.404,598.795,212890.634,true,ultralytics_yolov8s,D:\models\ultralytics\yolov8s.pt,backend_status=available; plug-in detection row only
GM_RM011,ultralytics_yolov8s_downloaded,17,D:\profile\research\data\GM_RM011\GM_RM011_frames\000017.png,GM_RM011_000017_ultralytics_yolov8s_downloaded_002,mouse,0.555411875,580.063,458.952,728.561,535.227,11326.616,false,ultralytics_yolov8s,D:\models\ultralytics\yolov8s.pt,backend_status=available; plug-in detection row only
GM_RM011,ultralytics_yolov8s_downloaded,18,D:\profile\research\data\GM_RM011\GM_RM011_frames\000018.png,GM_RM011_000018_ultralytics_yolov8s_downloaded_001,car,0.722201049,141.416,301.389,799.056,599.101,195787.264,true,ultralytics_yolov8s,D:\models\ultralytics\yolov8s.pt,backend_status=available; plug-in detection row only
GM_RM011,ultralytics_yolov8s_downloaded,18,D:\profile\research\data\GM_RM011\GM_RM011_frames\000018.png,GM_RM011_000018_ultralytics_yolov8s_downloaded_002,mouse,0.678150237,648.034,456.256,799.532,533.138,11647.573,false,ultralytics_yolov8s,D:\models\ultralytics\yolov8s.pt,backend_status=available; plug-in detection row only
GM_RM011,ultralytics_yolov8s_downloaded,19,D:\profile\research\data\GM_RM011\GM_RM011_frames\000019.png,GM_RM011_000019_ultralytics_yolov8s_downloaded_001,car,0.711891949,0.377,298.801,88.130,581.955,24847.445,true,ultralytics_yolov8s,D:\models\ultralytics\yolov8s.pt,backend_status=available; plug-in detection row only
GM_RM011,ultralytics_yolov8s_downloaded,19,D:\profile\research\data\GM_RM011\GM_RM011_frames\000019.png,GM_RM011_000019_ultralytics_yolov8s_downloaded_002,car,0.707072139,178.554,286.839,799.266,599.000,193762.182,true,ultralytics_yolov8s,D:\models\ultralytics\yolov8s.pt,backend_status=available; plug-in detection row only
GM_RM011,ultralytics_yolov8s_downloaded,20,D:\profile\research\data\GM_RM011\GM_RM011_frames\000020.png,GM_RM011_000020_ultralytics_yolov8s_downloaded_001,car,0.886510730,218.366,229.774,799.590,599.111,214666.807,true,ultralytics_yolov8s,D:\models\ultralytics\yolov8s.pt,backend_status=available; plug-in detection row only
GM_RM011,ultralytics_yolov8s_downloaded,20,D:\profile\research\data\GM_RM011\GM_RM011_frames\000020.png,GM_RM011_000020_ultralytics_yolov8s_downloaded_002,car,0.551671624,0.694,268.292,105.443,595.370,34261.242,true,ultralytics_yolov8s,D:\models\ultralytics\yolov8s.pt,backend_status=available; plug-in detection row only
GM_RM011,ultralytics_yolov8s_downloaded,20,D:\profile\research\data\GM_RM011\GM_RM011_frames\000020.png,GM_RM011_000020_ultralytics_yolov8s_downloaded_003,truck,0.355770946,0.528,267.578,105.430,593.894,34231.056,true,ultralytics_yolov8s,D:\models\ultralytics\yolov8s.pt,backend_status=available; plug-in detection row only
GM_RM011,ultralytics_yolov8s_downloaded,21,D:\profile\research\data\GM_RM011\GM_RM011_frames\000021.png,GM_RM011_000021_ultralytics_yolov8s_downloaded_001,car,0.840932250,0.411,217.237,116.836,566.219,40630.226,true,ultralytics_yolov8s,D:\models\ultralytics\yolov8s.pt,backend_status=available; plug-in detection row only
GM_RM011,ultralytics_yolov8s_downloaded,21,D:\profile\research\data\GM_RM011\GM_RM011_frames\000021.png,GM_RM011_000021_ultralytics_yolov8s_downloaded_002,car,0.778842568,273.513,156.721,799.263,598.718,232379.922,true,ultralytics_yolov8s,D:\models\ultralytics\yolov8s.pt,backend_status=available; plug-in detection row only
GM_RM011,ultralytics_yolov8s_downloaded,22,D:\profile\research\data\GM_RM011\GM_RM011_frames\000022.png,GM_RM011_000022_ultralytics_yolov8s_downloaded_001,car,0.852267921,1.058,207.140,141.810,598.819,55129.502,true,ultralytics_yolov8s,D:\models\ultralytics\yolov8s.pt,backend_status=available; plug-in detection row only
GM_RM011,ultralytics_yolov8s_downloaded,22,D:\profile\research\data\GM_RM011\GM_RM011_frames\000022.png,GM_RM011_000022_ultralytics_yolov8s_downloaded_002,car,0.674813926,317.918,148.645,799.206,599.096,216796.184,true,ultralytics_yolov8s,D:\models\ultralytics\yolov8s.pt,backend_status=available; plug-in detection row only
GM_RM011,ultralytics_yolov8s_downloaded,23,D:\profile\research\data\GM_RM011\GM_RM011_frames\000023.png,GM_RM011_000023_ultralytics_yolov8s_downloaded_001,car,0.917291939,1.728,245.625,176.540,599.234,61814.967,true,ultralytics_yolov8s,D:\models\ultralytics\yolov8s.pt,backend_status=available; plug-in detection row only
GM_RM011,ultralytics_yolov8s_downloaded,23,D:\profile\research\data\GM_RM011\GM_RM011_frames\000023.png,GM_RM011_000023_ultralytics_yolov8s_downloaded_002,car,0.262877315,366.237,249.951,798.053,599.136,150783.671,true,ultralytics_yolov8s,D:\models\ultralytics\yolov8s.pt,backend_status=available; plug-in detection row only
GM_RM011,ultralytics_yolov8s_downloaded,24,D:\profile\research\data\GM_RM011\GM_RM011_frames\000024.png,GM_RM011_000024_ultralytics_yolov8s_downloaded_001,car,0.907492042,1.793,290.554,209.314,599.309,64073.294,true,ultralytics_yolov8s,D:\models\ultralytics\yolov8s.pt,backend_status=available; plug-in detection row only
GM_RM011,ultralytics_yolov8s_downloaded,25,D:\profile\research\data\GM_RM011\GM_RM011_frames\000025.png,GM_RM011_000025_ultralytics_yolov8s_downloaded_001,car,0.894120276,1.353,290.414,228.582,598.820,70078.647,true,ultralytics_yolov8s,D:\models\ultralytics\yolov8s.pt,backend_status=available; plug-in detection row only
GM_RM011,ultralytics_yolov8s_downloaded,25,D:\profile\research\data\GM_RM011\GM_RM011_frames\000025.png,GM_RM011_000025_ultralytics_yolov8s_downloaded_002,toilet,0.303621083,444.615,399.930,797.862,599.259,70412.335,false,ultralytics_yolov8s,D:\models\ultralytics\yolov8s.pt,backend_status=available; plug-in detection row only
GM_RM011,ultralytics_yolov8s_downloaded,26,D:\profile\research\data\GM_RM011\GM_RM011_frames\000026.png,GM_RM011_000026_ultralytics_yolov8s_downloaded_001,car,0.897612393,1.542,288.558,244.110,599.465,75415.977,true,ultralytics_yolov8s,D:\models\ultralytics\yolov8s.pt,backend_status=available; plug-in detection row only
GM_RM011,ultralytics_yolov8s_downloaded,26,D:\profile\research\data\GM_RM011\GM_RM011_frames\000026.png,GM_RM011_000026_ultralytics_yolov8s_downloaded_002,toilet,0.435420394,472.251,396.114,798.679,599.325,66333.800,false,ultralytics_yolov8s,D:\models\ultralytics\yolov8s.pt,backend_status=available; plug-in detection row only
GM_RM011,ultralytics_yolov8s_downloaded,27,D:\profile\research\data\GM_RM011\GM_RM011_frames\000027.png,GM_RM011_000027_ultralytics_yolov8s_downloaded_001,car,0.845778108,1.543,277.061,265.101,599.422,84960.699,true,ultralytics_yolov8s,D:\models\ultralytics\yolov8s.pt,backend_status=available; plug-in detection row only
GM_RM011,ultralytics_yolov8s_downloaded,27,D:\profile\research\data\GM_RM011\GM_RM011_frames\000027.png,GM_RM011_000027_ultralytics_yolov8s_downloaded_002,toilet,0.398882419,495.321,376.776,798.621,599.269,67481.998,false,ultralytics_yolov8s,D:\models\ultralytics\yolov8s.pt,backend_status=available; plug-in detection row only
GM_RM011,ultralytics_yolov8s_downloaded,28,D:\profile\research\data\GM_RM011\GM_RM011_frames\000028.png,GM_RM011_000028_ultralytics_yolov8s_downloaded_001,car,0.895163655,1.454,252.355,295.266,599.608,102026.811,true,ultralytics_yolov8s,D:\models\ultralytics\yolov8s.pt,backend_status=available; plug-in detection row only
GM_RM011,ultralytics_yolov8s_downloaded,28,D:\profile\research\data\GM_RM011\GM_RM011_frames\000028.png,GM_RM011_000028_ultralytics_yolov8s_downloaded_002,car,0.635768950,519.827,355.501,799.203,599.230,68091.956,true,ultralytics_yolov8s,D:\models\ultralytics\yolov8s.pt,backend_status=available; plug-in detection row only
GM_RM011,ultralytics_yolov8s_downloaded,28,D:\profile\research\data\GM_RM011\GM_RM011_frames\000028.png,GM_RM011_000028_ultralytics_yolov8s_downloaded_003,train,0.268794537,520.447,354.633,798.914,599.397,68158.688,false,ultralytics_yolov8s,D:\models\ultralytics\yolov8s.pt,backend_status=available; plug-in detection row only
GM_RM011,ultralytics_yolov8s_downloaded,29,D:\profile\research\data\GM_RM011\GM_RM011_frames\000029.png,GM_RM011_000029_ultralytics_yolov8s_downloaded_001,car,0.906184196,1.380,219.545,324.781,599.586,122905.332,true,ultralytics_yolov8s,D:\models\ultralytics\yolov8s.pt,backend_status=available; plug-in detection row only
GM_RM011,ultralytics_yolov8s_downloaded,29,D:\profile\research\data\GM_RM011\GM_RM011_frames\000029.png,GM_RM011_000029_ultralytics_yolov8s_downloaded_002,car,0.726954281,548.463,350.192,799.024,599.212,62394.736,true,ultralytics_yolov8s,D:\models\ultralytics\yolov8s.pt,backend_status=available; plug-in detection row only
GM_RM011,ultralytics_yolov8s_downloaded,30,D:\profile\research\data\GM_RM011\GM_RM011_frames\000030.png,GM_RM011_000030_ultralytics_yolov8s_downloaded_001,car,0.901624680,584.626,377.026,798.928,599.259,47624.902,true,ultralytics_yolov8s,D:\models\ultralytics\yolov8s.pt,backend_status=available; plug-in detection row only
GM_RM011,ultralytics_yolov8s_downloaded,30,D:\profile\research\data\GM_RM011\GM_RM011_frames\000030.png,GM_RM011_000030_ultralytics_yolov8s_downloaded_002,car,0.884582758,1.526,222.819,359.145,598.896,134492.017,true,ultralytics_yolov8s,D:\models\ultralytics\yolov8s.pt,backend_status=available; plug-in detection row only
GM_RM011,ultralytics_yolov8s_downloaded,31,D:\profile\research\data\GM_RM011\GM_RM011_frames\000031.png,GM_RM011_000031_ultralytics_yolov8s_downloaded_001,car,0.906936467,1.466,247.619,396.573,598.854,138775.443,true,ultralytics_yolov8s,D:\models\ultralytics\yolov8s.pt,backend_status=available; plug-in detection row only
GM_RM011,ultralytics_yolov8s_downloaded,31,D:\profile\research\data\GM_RM011\GM_RM011_frames\000031.png,GM_RM011_000031_ultralytics_yolov8s_downloaded_002,car,0.879962921,621.733,409.677,798.787,599.497,33608.186,true,ultralytics_yolov8s,D:\models\ultralytics\yolov8s.pt,backend_status=available; plug-in detection row only
GM_RM011,ultralytics_yolov8s_downloaded,32,D:\profile\research\data\GM_RM011\GM_RM011_frames\000032.png,GM_RM011_000032_ultralytics_yolov8s_downloaded_001,car,0.936966717,0.866,266.862,433.319,599.406,143809.159,true,ultralytics_yolov8s,D:\models\ultralytics\yolov8s.pt,backend_status=available; plug-in detection row only
GM_RM011,ultralytics_yolov8s_downloaded,32,D:\profile\research\data\GM_RM011\GM_RM011_frames\000032.png,GM_RM011_000032_ultralytics_yolov8s_downloaded_002,car,0.719714999,660.435,435.928,799.021,599.256,22635.053,true,ultralytics_yolov8s,D:\models\ultralytics\yolov8s.pt,backend_status=available; plug-in detection row only
GM_RM011,ultralytics_yolov8s_downloaded,33,D:\profile\research\data\GM_RM011\GM_RM011_frames\000033.png,GM_RM011_000033_ultralytics_yolov8s_downloaded_001,car,0.908834934,1.214,275.520,473.034,599.357,152792.912,true,ultralytics_yolov8s,D:\models\ultralytics\yolov8s.pt,backend_status=available; plug-in detection row only
GM_RM011,ultralytics_yolov8s_downloaded,33,D:\profile\research\data\GM_RM011\GM_RM011_frames\000033.png,GM_RM011_000033_ultralytics_yolov8s_downloaded_002,car,0.685834646,698.800,441.404,799.294,599.573,15895.025,true,ultralytics_yolov8s,D:\models\ultralytics\yolov8s.pt,backend_status=available; plug-in detection row only
GM_RM011,ultralytics_yolov8s_downloaded,34,D:\profile\research\data\GM_RM011\GM_RM011_frames\000034.png,GM_RM011_000034_ultralytics_yolov8s_downloaded_001,car,0.934144497,0.917,281.360,505.077,599.420,160353.204,true,ultralytics_yolov8s,D:\models\ultralytics\yolov8s.pt,backend_status=available; plug-in detection row only
GM_RM011,ultralytics_yolov8s_downloaded,34,D:\profile\research\data\GM_RM011\GM_RM011_frames\000034.png,GM_RM011_000034_ultralytics_yolov8s_downloaded_002,car,0.585849941,730.335,442.081,799.379,599.679,10881.200,true,ultralytics_yolov8s,D:\models\ultralytics\yolov8s.pt,backend_status=available; plug-in detection row only
GM_RM011,ultralytics_yolov8s_downloaded,35,D:\profile\research\data\GM_RM011\GM_RM011_frames\000035.png,GM_RM011_000035_ultralytics_yolov8s_downloaded_001,car,0.928348780,17.925,279.771,544.521,599.506,168370.969,true,ultralytics_yolov8s,D:\models\ultralytics\yolov8s.pt,backend_status=available; plug-in detection row only
GM_RM011,ultralytics_yolov8s_downloaded,256,D:\profile\research\data\GM_RM011\GM_RM011_frames\000256.png,GM_RM011_000256_ultralytics_yolov8s_downloaded_001,car,0.590103269,2.233,294.261,798.273,596.602,240675.959,true,ultralytics_yolov8s,D:\models\ultralytics\yolov8s.pt,backend_status=available; plug-in detection row only
GM_RM011,ultralytics_yolov8s_downloaded,257,D:\profile\research\data\GM_RM011\GM_RM011_frames\000257.png,GM_RM011_000257_ultralytics_yolov8s_downloaded_001,car,0.692979932,4.331,280.938,798.317,597.597,251422.149,true,ultralytics_yolov8s,D:\models\ultralytics\yolov8s.pt,backend_status=available; plug-in detection row only
GM_RM011,ultralytics_yolov8s_downloaded,258,D:\profile\research\data\GM_RM011\GM_RM011_frames\000258.png,GM_RM011_000258_ultralytics_yolov8s_downloaded_001,car,0.683916092,2.220,279.897,798.954,597.694,253200.161,true,ultralytics_yolov8s,D:\models\ultralytics\yolov8s.pt,backend_status=available; plug-in detection row only
GM_RM011,ultralytics_yolov8s_downloaded,259,D:\profile\research\data\GM_RM011\GM_RM011_frames\000259.png,GM_RM011_000259_ultralytics_yolov8s_downloaded_001,car,0.716741860,9.729,294.038,797.754,598.329,239788.658,true,ultralytics_yolov8s,D:\models\ultralytics\yolov8s.pt,backend_status=available; plug-in detection row only
GM_RM011,ultralytics_yolov8s_downloaded,260,D:\profile\research\data\GM_RM011\GM_RM011_frames\000260.png,GM_RM011_000260_ultralytics_yolov8s_downloaded_001,car,0.825936615,92.917,303.495,797.999,598.922,208300.246,true,ultralytics_yolov8s,D:\models\ultralytics\yolov8s.pt,backend_status=available; plug-in detection row only
GM_RM011,ultralytics_yolov8s_downloaded,260,D:\profile\research\data\GM_RM011\GM_RM011_frames\000260.png,GM_RM011_000260_ultralytics_yolov8s_downloaded_002,person,0.342412502,318.228,0.629,409.700,146.187,13314.501,false,ultralytics_yolov8s,D:\models\ultralytics\yolov8s.pt,backend_status=available; plug-in detection row only
GM_RM011,ultralytics_yolov8s_downloaded,261,D:\profile\research\data\GM_RM011\GM_RM011_frames\000261.png,GM_RM011_000261_ultralytics_yolov8s_downloaded_001,car,0.825257242,200.107,304.207,798.550,598.623,176190.978,true,ultralytics_yolov8s,D:\models\ultralytics\yolov8s.pt,backend_status=available; plug-in detection row only
GM_RM011,ultralytics_yolov8s_downloaded,261,D:\profile\research\data\GM_RM011\GM_RM011_frames\000261.png,GM_RM011_000261_ultralytics_yolov8s_downloaded_002,car,0.253184021,0.570,405.278,92.508,599.406,17847.702,true,ultralytics_yolov8s,D:\models\ultralytics\yolov8s.pt,backend_status=available; plug-in detection row only
GM_RM011,ultralytics_yolov8s_downloaded,262,D:\profile\research\data\GM_RM011\GM_RM011_frames\000262.png,GM_RM011_000262_ultralytics_yolov8s_downloaded_001,car,0.879343867,267.245,302.450,798.905,598.466,157379.576,true,ultralytics_yolov8s,D:\models\ultralytics\yolov8s.pt,backend_status=available; plug-in detection row only
GM_RM011,ultralytics_yolov8s_downloaded,262,D:\profile\research\data\GM_RM011\GM_RM011_frames\000262.png,GM_RM011_000262_ultralytics_yolov8s_downloaded_002,boat,0.346546710,0.874,392.839,137.367,599.385,28191.967,false,ultralytics_yolov8s,D:\models\ultralytics\yolov8s.pt,backend_status=available; plug-in detection row only
GM_RM011,ultralytics_yolov8s_downloaded,263,D:\profile\research\data\GM_RM011\GM_RM011_frames\000263.png,GM_RM011_000263_ultralytics_yolov8s_downloaded_001,car,0.803212821,337.424,303.511,798.033,599.005,136106.970,true,ultralytics_yolov8s,D:\models\ultralytics\yolov8s.pt,backend_status=available; plug-in detection row only
GM_RM011,ultralytics_yolov8s_downloaded,264,D:\profile\research\data\GM_RM011\GM_RM011_frames\000264.png,GM_RM011_000264_ultralytics_yolov8s_downloaded_001,car,0.565205038,399.215,301.836,798.118,599.203,118620.952,true,ultralytics_yolov8s,D:\models\ultralytics\yolov8s.pt,backend_status=available; plug-in detection row only
GM_RM011,ultralytics_yolov8s_downloaded,264,D:\profile\research\data\GM_RM011\GM_RM011_frames\000264.png,GM_RM011_000264_ultralytics_yolov8s_downloaded_002,car,0.369931489,1.664,361.046,237.420,598.958,56089.262,true,ultralytics_yolov8s,D:\models\ultralytics\yolov8s.pt,backend_status=available; plug-in detection row only
GM_RM011,ultralytics_yolov8s_downloaded,264,D:\profile\research\data\GM_RM011\GM_RM011_frames\000264.png,GM_RM011_000264_ultralytics_yolov8s_downloaded_003,train,0.364344984,1.105,361.428,237.926,598.748,56202.334,false,ultralytics_yolov8s,D:\models\ultralytics\yolov8s.pt,backend_status=available; plug-in detection row only
GM_RM011,ultralytics_yolov8s_downloaded,265,D:\profile\research\data\GM_RM011\GM_RM011_frames\000265.png,GM_RM011_000265_ultralytics_yolov8s_downloaded_001,train,0.550774157,1.369,347.647,289.126,598.824,72277.880,false,ultralytics_yolov8s,D:\models\ultralytics\yolov8s.pt,backend_status=available; plug-in detection row only
GM_RM011,ultralytics_yolov8s_downloaded,265,D:\profile\research\data\GM_RM011\GM_RM011_frames\000265.png,GM_RM011_000265_ultralytics_yolov8s_downloaded_002,mouse,0.402205229,457.335,300.393,798.467,599.009,101867.345,false,ultralytics_yolov8s,D:\models\ultralytics\yolov8s.pt,backend_status=available; plug-in detection row only
GM_RM011,ultralytics_yolov8s_downloaded,266,D:\profile\research\data\GM_RM011\GM_RM011_frames\000266.png,GM_RM011_000266_ultralytics_yolov8s_downloaded_001,car,0.655411601,1.664,342.346,345.783,599.419,88463.803,true,ultralytics_yolov8s,D:\models\ultralytics\yolov8s.pt,backend_status=available; plug-in detection row only
GM_RM011,ultralytics_yolov8s_downloaded,266,D:\profile\research\data\GM_RM011\GM_RM011_frames\000266.png,GM_RM011_000266_ultralytics_yolov8s_downloaded_002,car,0.434537888,508.239,303.657,798.620,598.428,85596.221,true,ultralytics_yolov8s,D:\models\ultralytics\yolov8s.pt,backend_status=available; plug-in detection row only
GM_RM011,ultralytics_yolov8s_downloaded,267,D:\profile\research\data\GM_RM011\GM_RM011_frames\000267.png,GM_RM011_000267_ultralytics_yolov8s_downloaded_001,train,0.639908373,3.214,335.384,408.758,599.427,107081.210,false,ultralytics_yolov8s,D:\models\ultralytics\yolov8s.pt,backend_status=available; plug-in detection row only
GM_RM011,ultralytics_yolov8s_downloaded,267,D:\profile\research\data\GM_RM011\GM_RM011_frames\000267.png,GM_RM011_000267_ultralytics_yolov8s_downloaded_002,boat,0.560282946,570.455,316.902,798.845,599.190,64471.774,false,ultralytics_yolov8s,D:\models\ultralytics\yolov8s.pt,backend_status=available; plug-in detection row only
GM_RM011,ultralytics_yolov8s_downloaded,267,D:\profile\research\data\GM_RM011\GM_RM011_frames\000267.png,GM_RM011_000267_ultralytics_yolov8s_downloaded_003,car,0.474748909,569.973,317.426,799.206,598.772,64493.755,true,ultralytics_yolov8s,D:\models\ultralytics\yolov8s.pt,backend_status=available; plug-in detection row only
GM_RM011,ultralytics_yolov8s_downloaded,268,D:\profile\research\data\GM_RM011\GM_RM011_frames\000268.png,GM_RM011_000268_ultralytics_yolov8s_downloaded_001,boat,0.477740705,621.342,325.323,798.790,599.145,48589.130,false,ultralytics_yolov8s,D:\models\ultralytics\yolov8s.pt,backend_status=available; plug-in detection row only
GM_RM011,ultralytics_yolov8s_downloaded,268,D:\profile\research\data\GM_RM011\GM_RM011_frames\000268.png,GM_RM011_000268_ultralytics_yolov8s_downloaded_002,airplane,0.408783704,1.814,329.035,474.194,599.371,127700.956,false,ultralytics_yolov8s,D:\models\ultralytics\yolov8s.pt,backend_status=available; plug-in detection row only
GM_RM011,ultralytics_yolov8s_downloaded,268,D:\profile\research\data\GM_RM011\GM_RM011_frames\000268.png,GM_RM011_000268_ultralytics_yolov8s_downloaded_003,train,0.366916627,1.660,328.284,474.735,599.149,128139.234,false,ultralytics_yolov8s,D:\models\ultralytics\yolov8s.pt,backend_status=available; plug-in detection row only
GM_RM011,ultralytics_yolov8s_downloaded,268,D:\profile\research\data\GM_RM011\GM_RM011_frames\000268.png,GM_RM011_000268_ultralytics_yolov8s_downloaded_004,train,0.343883008,621.193,325.416,799.187,599.287,48747.587,false,ultralytics_yolov8s,D:\models\ultralytics\yolov8s.pt,backend_status=available; plug-in detection row only
GM_RM011,ultralytics_yolov8s_downloaded,269,D:\profile\research\data\GM_RM011\GM_RM011_frames\000269.png,GM_RM011_000269_ultralytics_yolov8s_downloaded_001,car,0.763682604,2.285,321.686,560.235,599.310,154900.427,true,ultralytics_yolov8s,D:\models\ultralytics\yolov8s.pt,backend_status=available; plug-in detection row only
GM_RM011,ultralytics_yolov8s_downloaded,269,D:\profile\research\data\GM_RM011\GM_RM011_frames\000269.png,GM_RM011_000269_ultralytics_yolov8s_downloaded_002,boat,0.313671023,666.373,332.768,799.315,588.013,33932.998,false,ultralytics_yolov8s,D:\models\ultralytics\yolov8s.pt,backend_status=available; plug-in detection row only
GM_RM011,ultralytics_yolov8s_downloaded,270,D:\profile\research\data\GM_RM011\GM_RM011_frames\000270.png,GM_RM011_000270_ultralytics_yolov8s_downloaded_001,car,0.539199054,1.234,314.087,669.587,599.125,190506.138,true,ultralytics_yolov8s,D:\models\ultralytics\yolov8s.pt,backend_status=available; plug-in detection row only
GM_RM011,ultralytics_yolov8s_downloaded,271,D:\profile\research\data\GM_RM011\GM_RM011_frames\000271.png,GM_RM011_000271_ultralytics_yolov8s_downloaded_001,car,0.438733995,2.222,314.665,724.816,598.899,205385.842,true,ultralytics_yolov8s,D:\models\ultralytics\yolov8s.pt,backend_status=available; plug-in detection row only
GM_RM011,ultralytics_yolov8s_downloaded,271,D:\profile\research\data\GM_RM011\GM_RM011_frames\000271.png,GM_RM011_000271_ultralytics_yolov8s_downloaded_002,airplane,0.390523970,1.964,317.009,722.709,597.807,202383.894,false,ultralytics_yolov8s,D:\models\ultralytics\yolov8s.pt,backend_status=available; plug-in detection row only
GM_RM011,ultralytics_yolov8s_downloaded,274,D:\profile\research\data\GM_RM011\GM_RM011_frames\000274.png,GM_RM011_000274_ultralytics_yolov8s_downloaded_001,car,0.297084659,2.015,298.542,757.200,597.362,225664.325,true,ultralytics_yolov8s,D:\models\ultralytics\yolov8s.pt,backend_status=available; plug-in detection row only
GM_RM011,ultralytics_yolov8s_downloaded,276,D:\profile\research\data\GM_RM011\GM_RM011_frames\000276.png,GM_RM011_000276_ultralytics_yolov8s_downloaded_001,car,0.511781216,2.012,291.749,798.791,593.009,240037.864,true,ultralytics_yolov8s,D:\models\ultralytics\yolov8s.pt,backend_status=available; plug-in detection row only
GM_RM011,ultralytics_yolov8s_downloaded,277,D:\profile\research\data\GM_RM011\GM_RM011_frames\000277.png,GM_RM011_000277_ultralytics_yolov8s_downloaded_001,car,0.484173834,2.622,283.550,797.704,593.389,246347.365,true,ultralytics_yolov8s,D:\models\ultralytics\yolov8s.pt,backend_status=available; plug-in detection row only
GM_RM011,ultralytics_yolov8s_downloaded,278,D:\profile\research\data\GM_RM011\GM_RM011_frames\000278.png,GM_RM011_000278_ultralytics_yolov8s_downloaded_001,car,0.728865027,3.017,279.923,796.716,596.185,251017.241,true,ultralytics_yolov8s,D:\models\ultralytics\yolov8s.pt,backend_status=available; plug-in detection row only
GM_RM011,ultralytics_yolov8s_downloaded,279,D:\profile\research\data\GM_RM011\GM_RM011_frames\000279.png,GM_RM011_000279_ultralytics_yolov8s_downloaded_001,car,0.751589596,14.087,279.925,797.231,593.220,245355.253,true,ultralytics_yolov8s,D:\models\ultralytics\yolov8s.pt,backend_status=available; plug-in detection row only
GM_RM011,ultralytics_yolov8s_downloaded,279,D:\profile\research\data\GM_RM011\GM_RM011_frames\000279.png,GM_RM011_000279_ultralytics_yolov8s_downloaded_002,boat,0.268995434,544.569,0.888,798.857,142.185,35930.027,false,ultralytics_yolov8s,D:\models\ultralytics\yolov8s.pt,backend_status=available; plug-in detection row only
GM_RM011,ultralytics_yolov8s_downloaded,280,D:\profile\research\data\GM_RM011\GM_RM011_frames\000280.png,GM_RM011_000280_ultralytics_yolov8s_downloaded_001,car,0.533362091,38.385,283.522,797.771,597.168,238178.171,true,ultralytics_yolov8s,D:\models\ultralytics\yolov8s.pt,backend_status=available; plug-in detection row only
GM_RM011,ultralytics_yolov8s_downloaded,280,D:\profile\research\data\GM_RM011\GM_RM011_frames\000280.png,GM_RM011_000280_ultralytics_yolov8s_downloaded_002,boat,0.387502015,557.123,0.853,798.991,138.774,33358.649,false,ultralytics_yolov8s,D:\models\ultralytics\yolov8s.pt,backend_status=available; plug-in detection row only
GM_RM011,ultralytics_yolov8s_downloaded,281,D:\profile\research\data\GM_RM011\GM_RM011_frames\000281.png,GM_RM011_000281_ultralytics_yolov8s_downloaded_001,train,0.479207635,275.957,292.336,798.957,569.726,145074.730,false,ultralytics_yolov8s,D:\models\ultralytics\yolov8s.pt,backend_status=available; plug-in detection row only
GM_RM011,ultralytics_yolov8s_downloaded,281,D:\profile\research\data\GM_RM011\GM_RM011_frames\000281.png,GM_RM011_000281_ultralytics_yolov8s_downloaded_002,train,0.448011845,7.700,295.949,797.962,597.293,238140.949,false,ultralytics_yolov8s,D:\models\ultralytics\yolov8s.pt,backend_status=available; plug-in detection row only
GM_RM011,ultralytics_yolov8s_downloaded,281,D:\profile\research\data\GM_RM011\GM_RM011_frames\000281.png,GM_RM011_000281_ultralytics_yolov8s_downloaded_003,boat,0.432887316,550.545,0.729,798.896,153.698,37990.103,false,ultralytics_yolov8s,D:\models\ultralytics\yolov8s.pt,backend_status=available; plug-in detection row only
GM_RM011,ultralytics_yolov8s_downloaded,282,D:\profile\research\data\GM_RM011\GM_RM011_frames\000282.png,GM_RM011_000282_ultralytics_yolov8s_downloaded_001,boat,0.450994998,556.344,0.851,799.045,167.154,40361.823,false,ultralytics_yolov8s,D:\models\ultralytics\yolov8s.pt,backend_status=available; plug-in detection row only
GM_RM011,ultralytics_yolov8s_downloaded,282,D:\profile\research\data\GM_RM011\GM_RM011_frames\000282.png,GM_RM011_000282_ultralytics_yolov8s_downloaded_002,car,0.357161254,0.290,401.726,36.728,536.702,4918.259,true,ultralytics_yolov8s,D:\models\ultralytics\yolov8s.pt,backend_status=available; plug-in detection row only
GM_RM011,ultralytics_yolov8s_downloaded,283,D:\profile\research\data\GM_RM011\GM_RM011_frames\000283.png,GM_RM011_000283_ultralytics_yolov8s_downloaded_001,car,0.651022136,0.563,365.107,82.961,599.091,19279.927,true,ultralytics_yolov8s,D:\models\ultralytics\yolov8s.pt,backend_status=available; plug-in detection row only
GM_RM011,ultralytics_yolov8s_downloaded,283,D:\profile\research\data\GM_RM011\GM_RM011_frames\000283.png,GM_RM011_000283_ultralytics_yolov8s_downloaded_002,boat,0.449672312,562.212,0.777,798.989,158.819,37420.933,false,ultralytics_yolov8s,D:\models\ultralytics\yolov8s.pt,backend_status=available; plug-in detection row only
GM_RM011,ultralytics_yolov8s_downloaded,283,D:\profile\research\data\GM_RM011\GM_RM011_frames\000283.png,GM_RM011_000283_ultralytics_yolov8s_downloaded_003,train,0.386295080,87.353,302.007,798.325,598.636,210895.086,false,ultralytics_yolov8s,D:\models\ultralytics\yolov8s.pt,backend_status=available; plug-in detection row only
GM_RM011,ultralytics_yolov8s_downloaded,284,D:\profile\research\data\GM_RM011\GM_RM011_frames\000284.png,GM_RM011_000284_ultralytics_yolov8s_downloaded_001,car,0.597638130,0.840,326.140,125.315,599.119,33979.199,true,ultralytics_yolov8s,D:\models\ultralytics\yolov8s.pt,backend_status=available; plug-in detection row only
GM_RM011,ultralytics_yolov8s_downloaded,284,D:\profile\research\data\GM_RM011\GM_RM011_frames\000284.png,GM_RM011_000284_ultralytics_yolov8s_downloaded_002,train,0.581565380,193.612,292.888,798.258,598.599,184846.711,false,ultralytics_yolov8s,D:\models\ultralytics\yolov8s.pt,backend_status=available; plug-in detection row only
GM_RM011,ultralytics_yolov8s_downloaded,284,D:\profile\research\data\GM_RM011\GM_RM011_frames\000284.png,GM_RM011_000284_ultralytics_yolov8s_downloaded_003,boat,0.460851848,570.730,0.650,799.241,154.209,35089.985,false,ultralytics_yolov8s,D:\models\ultralytics\yolov8s.pt,backend_status=available; plug-in detection row only
GM_RM011,ultralytics_yolov8s_downloaded,285,D:\profile\research\data\GM_RM011\GM_RM011_frames\000285.png,GM_RM011_000285_ultralytics_yolov8s_downloaded_001,train,0.822714388,274.681,294.750,799.208,598.953,159562.547,false,ultralytics_yolov8s,D:\models\ultralytics\yolov8s.pt,backend_status=available; plug-in detection row only
GM_RM011,ultralytics_yolov8s_downloaded,285,D:\profile\research\data\GM_RM011\GM_RM011_frames\000285.png,GM_RM011_000285_ultralytics_yolov8s_downloaded_002,car,0.822266102,0.910,297.300,168.476,599.262,50598.754,true,ultralytics_yolov8s,D:\models\ultralytics\yolov8s.pt,backend_status=available; plug-in detection row only
GM_RM011,ultralytics_yolov8s_downloaded,286,D:\profile\research\data\GM_RM011\GM_RM011_frames\000286.png,GM_RM011_000286_ultralytics_yolov8s_downloaded_001,car,0.658005595,0.816,274.958,217.984,599.335,70444.396,true,ultralytics_yolov8s,D:\models\ultralytics\yolov8s.pt,backend_status=available; plug-in detection row only
GM_RM011,ultralytics_yolov8s_downloaded,286,D:\profile\research\data\GM_RM011\GM_RM011_frames\000286.png,GM_RM011_000286_ultralytics_yolov8s_downloaded_002,car,0.573342025,353.434,297.504,798.354,598.793,134049.222,true,ultralytics_yolov8s,D:\models\ultralytics\yolov8s.pt,backend_status=available; plug-in detection row only
GM_RM011,ultralytics_yolov8s_downloaded,286,D:\profile\research\data\GM_RM011\GM_RM011_frames\000286.png,GM_RM011_000286_ultralytics_yolov8s_downloaded_003,train,0.371351004,357.748,298.881,799.118,598.115,132073.300,false,ultralytics_yolov8s,D:\models\ultralytics\yolov8s.pt,backend_status=available; plug-in detection row only
GM_RM011,ultralytics_yolov8s_downloaded,287,D:\profile\research\data\GM_RM011\GM_RM011_frames\000287.png,GM_RM011_000287_ultralytics_yolov8s_downloaded_001,car,0.743482828,426.468,321.152,798.623,599.018,103409.291,true,ultralytics_yolov8s,D:\models\ultralytics\yolov8s.pt,backend_status=available; plug-in detection row only
GM_RM011,ultralytics_yolov8s_downloaded,287,D:\profile\research\data\GM_RM011\GM_RM011_frames\000287.png,GM_RM011_000287_ultralytics_yolov8s_downloaded_002,car,0.275889814,1.203,267.481,268.135,599.244,88558.500,true,ultralytics_yolov8s,D:\models\ultralytics\yolov8s.pt,backend_status=available; plug-in detection row only
GM_RM011,ultralytics_yolov8s_downloaded,288,D:\profile\research\data\GM_RM011\GM_RM011_frames\000288.png,GM_RM011_000288_ultralytics_yolov8s_downloaded_001,car,0.696074545,491.286,357.887,799.078,599.174,74266.510,true,ultralytics_yolov8s,D:\models\ultralytics\yolov8s.pt,backend_status=available; plug-in detection row only
GM_RM011,ultralytics_yolov8s_downloaded,288,D:\profile\research\data\GM_RM011\GM_RM011_frames\000288.png,GM_RM011_000288_ultralytics_yolov8s_downloaded_002,car,0.380800992,1.556,261.192,320.998,599.124,107949.826,true,ultralytics_yolov8s,D:\models\ultralytics\yolov8s.pt,backend_status=available; plug-in detection row only
GM_RM011,ultralytics_yolov8s_downloaded,288,D:\profile\research\data\GM_RM011\GM_RM011_frames\000288.png,GM_RM011_000288_ultralytics_yolov8s_downloaded_003,airplane,0.373278141,0.621,152.433,317.504,598.487,141346.733,false,ultralytics_yolov8s,D:\models\ultralytics\yolov8s.pt,backend_status=available; plug-in detection row only
GM_RM011,ultralytics_yolov8s_downloaded,288,D:\profile\research\data\GM_RM011\GM_RM011_frames\000288.png,GM_RM011_000288_ultralytics_yolov8s_downloaded_004,horse,0.298962682,611.805,0.237,799.029,109.925,20536.317,false,ultralytics_yolov8s,D:\models\ultralytics\yolov8s.pt,backend_status=available; plug-in detection row only
GM_RM011,ultralytics_yolov8s_downloaded,289,D:\profile\research\data\GM_RM011\GM_RM011_frames\000289.png,GM_RM011_000289_ultralytics_yolov8s_downloaded_001,car,0.765144467,551.718,382.829,799.034,599.377,53555.774,true,ultralytics_yolov8s,D:\models\ultralytics\yolov8s.pt,backend_status=available; plug-in detection row only
GM_RM011,ultralytics_yolov8s_downloaded,289,D:\profile\research\data\GM_RM011\GM_RM011_frames\000289.png,GM_RM011_000289_ultralytics_yolov8s_downloaded_002,airplane,0.641211987,1.483,154.953,363.878,598.195,160628.052,false,ultralytics_yolov8s,D:\models\ultralytics\yolov8s.pt,backend_status=available; plug-in detection row only
GM_RM011,ultralytics_yolov8s_downloaded,289,D:\profile\research\data\GM_RM011\GM_RM011_frames\000289.png,GM_RM011_000289_ultralytics_yolov8s_downloaded_003,car,0.512915134,1.525,239.367,371.109,599.209,132991.840,true,ultralytics_yolov8s,D:\models\ultralytics\yolov8s.pt,backend_status=available; plug-in detection row only
GM_RM011,ultralytics_yolov8s_downloaded,290,D:\profile\research\data\GM_RM011\GM_RM011_frames\000290.png,GM_RM011_000290_ultralytics_yolov8s_downloaded_001,car,0.807707071,610.958,386.799,798.880,599.368,39946.482,true,ultralytics_yolov8s,D:\models\ultralytics\yolov8s.pt,backend_status=available; plug-in detection row only
GM_RM011,ultralytics_yolov8s_downloaded,290,D:\profile\research\data\GM_RM011\GM_RM011_frames\000290.png,GM_RM011_000290_ultralytics_yolov8s_downloaded_002,airplane,0.683777988,0.707,147.863,427.203,598.985,192402.008,false,ultralytics_yolov8s,D:\models\ultralytics\yolov8s.pt,backend_status=available; plug-in detection row only
GM_RM011,ultralytics_yolov8s_downloaded,290,D:\profile\research\data\GM_RM011\GM_RM011_frames\000290.png,GM_RM011_000290_ultralytics_yolov8s_downloaded_003,train,0.451646715,1.626,187.644,430.278,599.093,176368.284,false,ultralytics_yolov8s,D:\models\ultralytics\yolov8s.pt,backend_status=available; plug-in detection row only
GM_RM011,ultralytics_yolov8s_downloaded,290,D:\profile\research\data\GM_RM011\GM_RM011_frames\000290.png,GM_RM011_000290_ultralytics_yolov8s_downloaded_004,car,0.375641346,1.430,228.246,430.009,599.449,159089.591,true,ultralytics_yolov8s,D:\models\ultralytics\yolov8s.pt,backend_status=available; plug-in detection row only
GM_RM011,ultralytics_yolov8s_downloaded,291,D:\profile\research\data\GM_RM011\GM_RM011_frames\000291.png,GM_RM011_000291_ultralytics_yolov8s_downloaded_001,car,0.793372035,672.632,402.067,799.059,599.163,24918.289,true,ultralytics_yolov8s,D:\models\ultralytics\yolov8s.pt,backend_status=available; plug-in detection row only
GM_RM011,ultralytics_yolov8s_downloaded,291,D:\profile\research\data\GM_RM011\GM_RM011_frames\000291.png,GM_RM011_000291_ultralytics_yolov8s_downloaded_002,airplane,0.493352562,1.301,225.357,489.285,598.449,182062.968,false,ultralytics_yolov8s,D:\models\ultralytics\yolov8s.pt,backend_status=available; plug-in detection row only
GM_RM011,ultralytics_yolov8s_downloaded,291,D:\profile\research\data\GM_RM011\GM_RM011_frames\000291.png,GM_RM011_000291_ultralytics_yolov8s_downloaded_003,car,0.408064097,1.243,231.180,488.621,599.312,179419.719,true,ultralytics_yolov8s,D:\models\ultralytics\yolov8s.pt,backend_status=available; plug-in detection row only
GM_RM011,ultralytics_yolov8s_downloaded,292,D:\profile\research\data\GM_RM011\GM_RM011_frames\000292.png,GM_RM011_000292_ultralytics_yolov8s_downloaded_001,car,0.604155838,2.037,224.808,571.013,599.329,213093.377,true,ultralytics_yolov8s,D:\models\ultralytics\yolov8s.pt,backend_status=available; plug-in detection row only
GM_RM011,ultralytics_yolov8s_downloaded,292,D:\profile\research\data\GM_RM011\GM_RM011_frames\000292.png,GM_RM011_000292_ultralytics_yolov8s_downloaded_002,car,0.449629098,738.043,423.581,799.484,599.025,10779.392,true,ultralytics_yolov8s,D:\models\ultralytics\yolov8s.pt,backend_status=available; plug-in detection row only
GM_RM011,ultralytics_yolov8s_downloaded,292,D:\profile\research\data\GM_RM011\GM_RM011_frames\000292.png,GM_RM011_000292_ultralytics_yolov8s_downloaded_003,airplane,0.304107666,1.691,222.248,573.122,599.142,215369.102,false,ultralytics_yolov8s,D:\models\ultralytics\yolov8s.pt,backend_status=available; plug-in detection row only
GM_RM017,baseline_oty0,121,D:\profile\research\data\GM_RM017\GM_RM017_frames\000121.png,GM_RM017_000121_001,truck,0.8772397041320801,0.395,258.044,126.262,386.941,16223.820,true,ultralytics_yolo11l_current_oty0,not_committed; current OTY0 baseline source table,backend_status=available; plug-in detection row only
GM_RM017,baseline_oty0,121,D:\profile\research\data\GM_RM017\GM_RM017_frames\000121.png,GM_RM017_000121_002,truck,0.641635537147522,214.779,341.906,431.528,509.087,36236.318,true,ultralytics_yolo11l_current_oty0,not_committed; current OTY0 baseline source table,backend_status=available; plug-in detection row only
GM_RM017,baseline_oty0,122,D:\profile\research\data\GM_RM017\GM_RM017_frames\000122.png,GM_RM017_000122_001,truck,0.915320873260498,0.373,254.657,132.764,385.894,17374.510,true,ultralytics_yolo11l_current_oty0,not_committed; current OTY0 baseline source table,backend_status=available; plug-in detection row only
GM_RM017,baseline_oty0,122,D:\profile\research\data\GM_RM017\GM_RM017_frames\000122.png,GM_RM017_000122_002,truck,0.5824908018112183,259.765,339.784,481.206,507.744,37193.262,true,ultralytics_yolo11l_current_oty0,not_committed; current OTY0 baseline source table,backend_status=available; plug-in detection row only
GM_RM017,baseline_oty0,123,D:\profile\research\data\GM_RM017\GM_RM017_frames\000123.png,GM_RM017_000123_001,truck,0.9248986840248108,0.359,251.035,151.636,385.372,20322.043,true,ultralytics_yolo11l_current_oty0,not_committed; current OTY0 baseline source table,backend_status=available; plug-in detection row only
GM_RM017,baseline_oty0,123,D:\profile\research\data\GM_RM017\GM_RM017_frames\000123.png,GM_RM017_000123_002,truck,0.5070755481719971,303.343,337.562,534.368,508.527,39497.075,true,ultralytics_yolo11l_current_oty0,not_committed; current OTY0 baseline source table,backend_status=available; plug-in detection row only
GM_RM017,baseline_oty0,124,D:\profile\research\data\GM_RM017\GM_RM017_frames\000124.png,GM_RM017_000124_001,truck,0.9225016236305237,0.482,247.721,168.932,384.797,23090.394,true,ultralytics_yolo11l_current_oty0,not_committed; current OTY0 baseline source table,backend_status=available; plug-in detection row only
GM_RM017,baseline_oty0,124,D:\profile\research\data\GM_RM017\GM_RM017_frames\000124.png,GM_RM017_000124_002,bus,0.5875502824783325,351.775,332.531,587.766,506.991,41170.885,true,ultralytics_yolo11l_current_oty0,not_committed; current OTY0 baseline source table,backend_status=available; plug-in detection row only
GM_RM017,baseline_oty0,125,D:\profile\research\data\GM_RM017\GM_RM017_frames\000125.png,GM_RM017_000125_001,truck,0.9187286496162415,0.126,245.813,180.491,383.953,24915.533,true,ultralytics_yolo11l_current_oty0,not_committed; current OTY0 baseline source table,backend_status=available; plug-in detection row only
GM_RM017,baseline_oty0,125,D:\profile\research\data\GM_RM017\GM_RM017_frames\000125.png,GM_RM017_000125_002,bus,0.386707603931427,399.488,331.333,644.636,507.487,43183.588,true,ultralytics_yolo11l_current_oty0,not_committed; current OTY0 baseline source table,backend_status=available; plug-in detection row only
GM_RM017,baseline_oty0,125,D:\profile\research\data\GM_RM017\GM_RM017_frames\000125.png,GM_RM017_000125_003,truck,0.3415091335773468,399.825,330.504,644.340,507.082,43175.939,true,ultralytics_yolo11l_current_oty0,not_committed; current OTY0 baseline source table,backend_status=available; plug-in detection row only
GM_RM017,baseline_oty0,126,D:\profile\research\data\GM_RM017\GM_RM017_frames\000126.png,GM_RM017_000126_001,truck,0.9310895204544067,0.328,247.930,194.773,385.525,26754.512,true,ultralytics_yolo11l_current_oty0,not_committed; current OTY0 baseline source table,backend_status=available; plug-in detection row only
GM_RM017,baseline_oty0,126,D:\profile\research\data\GM_RM017\GM_RM017_frames\000126.png,GM_RM017_000126_002,truck,0.4009239077568054,450.360,330.461,703.577,508.956,45198.127,true,ultralytics_yolo11l_current_oty0,not_committed; current OTY0 baseline source table,backend_status=available; plug-in detection row only
GM_RM017,baseline_oty0,127,D:\profile\research\data\GM_RM017\GM_RM017_frames\000127.png,GM_RM017_000127_001,truck,0.9416401386260986,0.412,248.564,207.715,386.531,28600.899,true,ultralytics_yolo11l_current_oty0,not_committed; current OTY0 baseline source table,backend_status=available; plug-in detection row only
GM_RM017,baseline_oty0,127,D:\profile\research\data\GM_RM017\GM_RM017_frames\000127.png,GM_RM017_000127_002,bus,0.38192978501319885,502.335,329.670,768.814,513.504,48988.087,true,ultralytics_yolo11l_current_oty0,not_committed; current OTY0 baseline source table,backend_status=available; plug-in detection row only
GM_RM017,baseline_oty0,127,D:\profile\research\data\GM_RM017\GM_RM017_frames\000127.png,GM_RM017_000127_003,truck,0.30170851945877075,502.072,329.500,768.002,513.295,48876.744,true,ultralytics_yolo11l_current_oty0,not_committed; current OTY0 baseline source table,backend_status=available; plug-in detection row only
GM_RM017,baseline_oty0,128,D:\profile\research\data\GM_RM017\GM_RM017_frames\000128.png,GM_RM017_000128_001,truck,0.9399105906486511,0.208,248.858,219.782,390.009,30992.909,true,ultralytics_yolo11l_current_oty0,not_committed; current OTY0 baseline source table,backend_status=available; plug-in detection row only
GM_RM017,baseline_oty0,128,D:\profile\research\data\GM_RM017\GM_RM017_frames\000128.png,GM_RM017_000128_002,bus,0.3074648082256317,554.362,327.007,799.936,507.266,44267.034,true,ultralytics_yolo11l_current_oty0,not_committed; current OTY0 baseline source table,backend_status=available; plug-in detection row only
GM_RM017,baseline_oty0,128,D:\profile\research\data\GM_RM017\GM_RM017_frames\000128.png,GM_RM017_000128_003,truck,0.2894134521484375,554.053,327.365,799.927,505.309,43751.756,true,ultralytics_yolo11l_current_oty0,not_committed; current OTY0 baseline source table,backend_status=available; plug-in detection row only
GM_RM017,baseline_oty0,129,D:\profile\research\data\GM_RM017\GM_RM017_frames\000129.png,GM_RM017_000129_001,truck,0.9441783428192139,15.443,245.902,233.170,388.851,31123.965,true,ultralytics_yolo11l_current_oty0,not_committed; current OTY0 baseline source table,backend_status=available; plug-in detection row only
GM_RM017,baseline_oty0,129,D:\profile\research\data\GM_RM017\GM_RM017_frames\000129.png,GM_RM017_000129_002,truck,0.5045841932296753,606.582,322.924,799.287,491.057,32399.938,true,ultralytics_yolo11l_current_oty0,not_committed; current OTY0 baseline source table,backend_status=available; plug-in detection row only
GM_RM017,baseline_oty0,145,D:\profile\research\data\GM_RM017\GM_RM017_frames\000145.png,GM_RM017_000145_001,truck,0.8574983477592468,328.248,226.180,460.655,383.888,20881.629,true,ultralytics_yolo11l_current_oty0,not_committed; current OTY0 baseline source table,backend_status=available; plug-in detection row only
GM_RM017,baseline_oty0,145,D:\profile\research\data\GM_RM017\GM_RM017_frames\000145.png,GM_RM017_000145_002,car,0.6004457473754883,0.132,324.965,76.365,410.683,6534.583,true,ultralytics_yolo11l_current_oty0,not_committed; current OTY0 baseline source table,backend_status=available; plug-in detection row only
GM_RM017,baseline_oty0,146,D:\profile\research\data\GM_RM017\GM_RM017_frames\000146.png,GM_RM017_000146_001,truck,0.8873014450073242,348.881,225.141,475.359,383.141,19983.454,true,ultralytics_yolo11l_current_oty0,not_committed; current OTY0 baseline source table,backend_status=available; plug-in detection row only
GM_RM017,baseline_oty0,146,D:\profile\research\data\GM_RM017\GM_RM017_frames\000146.png,GM_RM017_000146_002,car,0.743962287902832,0.226,323.235,98.531,410.161,8545.265,true,ultralytics_yolo11l_current_oty0,not_committed; current OTY0 baseline source table,backend_status=available; plug-in detection row only
GM_RM017,baseline_oty0,147,D:\profile\research\data\GM_RM017\GM_RM017_frames\000147.png,GM_RM017_000147_001,truck,0.8983237147331238,370.547,223.308,494.471,382.568,19736.046,true,ultralytics_yolo11l_current_oty0,not_committed; current OTY0 baseline source table,backend_status=available; plug-in detection row only
GM_RM017,baseline_oty0,147,D:\profile\research\data\GM_RM017\GM_RM017_frames\000147.png,GM_RM017_000147_002,car,0.8786465525627136,0.305,321.351,119.312,408.354,10353.884,true,ultralytics_yolo11l_current_oty0,not_committed; current OTY0 baseline source table,backend_status=available; plug-in detection row only
GM_RM017,baseline_oty0,148,D:\profile\research\data\GM_RM017\GM_RM017_frames\000148.png,GM_RM017_000148_001,car,0.8915685415267944,0.283,319.681,144.148,407.659,12656.922,true,ultralytics_yolo11l_current_oty0,not_committed; current OTY0 baseline source table,backend_status=available; plug-in detection row only
GM_RM017,baseline_oty0,148,D:\profile\research\data\GM_RM017\GM_RM017_frames\000148.png,GM_RM017_000148_002,truck,0.8781053423881531,391.881,222.122,517.076,381.416,19942.891,true,ultralytics_yolo11l_current_oty0,not_committed; current OTY0 baseline source table,backend_status=available; plug-in detection row only
GM_RM017,baseline_oty0,149,D:\profile\research\data\GM_RM017\GM_RM017_frames\000149.png,GM_RM017_000149_001,truck,0.9224568605422974,413.594,220.801,540.316,381.873,20411.344,true,ultralytics_yolo11l_current_oty0,not_committed; current OTY0 baseline source table,backend_status=available; plug-in detection row only
GM_RM017,baseline_oty0,149,D:\profile\research\data\GM_RM017\GM_RM017_frames\000149.png,GM_RM017_000149_002,car,0.9104943871498108,0.177,318.947,166.760,407.702,14785.142,true,ultralytics_yolo11l_current_oty0,not_committed; current OTY0 baseline source table,backend_status=available; plug-in detection row only
GM_RM017,baseline_oty0,149,D:\profile\research\data\GM_RM017\GM_RM017_frames\000149.png,GM_RM017_000149_003,car,0.40826135873794556,0.056,315.624,19.005,334.942,366.078,true,ultralytics_yolo11l_current_oty0,not_committed; current OTY0 baseline source table,backend_status=available; plug-in detection row only
GM_RM017,baseline_oty0,150,D:\profile\research\data\GM_RM017\GM_RM017_frames\000150.png,GM_RM017_000150_001,truck,0.9116213917732239,435.975,219.963,563.167,380.840,20462.231,true,ultralytics_yolo11l_current_oty0,not_committed; current OTY0 baseline source table,backend_status=available; plug-in detection row only
GM_RM017,baseline_oty0,150,D:\profile\research\data\GM_RM017\GM_RM017_frames\000150.png,GM_RM017_000150_002,car,0.9083815217018127,0.079,317.285,191.092,406.395,17021.114,true,ultralytics_yolo11l_current_oty0,not_committed; current OTY0 baseline source table,backend_status=available; plug-in detection row only
GM_RM017,baseline_oty0,150,D:\profile\research\data\GM_RM017\GM_RM017_frames\000150.png,GM_RM017_000150_003,car,0.40485528111457825,0.102,311.994,34.465,344.034,1100.994,true,ultralytics_yolo11l_current_oty0,not_committed; current OTY0 baseline source table,backend_status=available; plug-in detection row only
GM_RM017,baseline_oty0,151,D:\profile\research\data\GM_RM017\GM_RM017_frames\000151.png,GM_RM017_000151_001,truck,0.9236162900924683,457.833,219.998,586.527,380.514,20657.392,true,ultralytics_yolo11l_current_oty0,not_committed; current OTY0 baseline source table,backend_status=available; plug-in detection row only
GM_RM017,baseline_oty0,151,D:\profile\research\data\GM_RM017\GM_RM017_frames\000151.png,GM_RM017_000151_002,car,0.9209787845611572,0.454,316.384,215.058,407.104,19468.758,true,ultralytics_yolo11l_current_oty0,not_committed; current OTY0 baseline source table,backend_status=available; plug-in detection row only
GM_RM017,baseline_oty0,151,D:\profile\research\data\GM_RM017\GM_RM017_frames\000151.png,GM_RM017_000151_003,car,0.7278919219970703,0.079,308.812,49.474,351.930,2129.794,true,ultralytics_yolo11l_current_oty0,not_committed; current OTY0 baseline source table,backend_status=available; plug-in detection row only
GM_RM017,baseline_oty0,152,D:\profile\research\data\GM_RM017\GM_RM017_frames\000152.png,GM_RM017_000152_001,car,0.9234486222267151,0.346,314.914,240.093,406.311,21912.285,true,ultralytics_yolo11l_current_oty0,not_committed; current OTY0 baseline source table,backend_status=available; plug-in detection row only
GM_RM017,baseline_oty0,152,D:\profile\research\data\GM_RM017\GM_RM017_frames\000152.png,GM_RM017_000152_002,truck,0.9168952703475952,481.076,216.195,610.487,378.096,20951.776,true,ultralytics_yolo11l_current_oty0,not_committed; current OTY0 baseline source table,backend_status=available; plug-in detection row only
GM_RM017,baseline_oty0,152,D:\profile\research\data\GM_RM017\GM_RM017_frames\000152.png,GM_RM017_000152_003,car,0.6737903952598572,0.082,306.800,65.607,354.144,3102.263,true,ultralytics_yolo11l_current_oty0,not_committed; current OTY0 baseline source table,backend_status=available; plug-in detection row only
GM_RM017,baseline_oty0,152,D:\profile\research\data\GM_RM017\GM_RM017_frames\000152.png,GM_RM017_000152_004,car,0.25037452578544617,770.088,353.392,799.700,422.542,2047.666,true,ultralytics_yolo11l_current_oty0,not_committed; current OTY0 baseline source table,backend_status=available; plug-in detection row only
GM_RM017,baseline_oty0,153,D:\profile\research\data\GM_RM017\GM_RM017_frames\000153.png,GM_RM017_000153_001,car,0.9328534603118896,1.159,314.121,262.669,406.844,24247.953,true,ultralytics_yolo11l_current_oty0,not_committed; current OTY0 baseline source table,backend_status=available; plug-in detection row only
GM_RM017,baseline_oty0,153,D:\profile\research\data\GM_RM017\GM_RM017_frames\000153.png,GM_RM017_000153_002,truck,0.912975013256073,501.880,214.254,635.091,376.737,21644.582,true,ultralytics_yolo11l_current_oty0,not_committed; current OTY0 baseline source table,backend_status=available; plug-in detection row only
GM_RM017,baseline_oty0,153,D:\profile\research\data\GM_RM017\GM_RM017_frames\000153.png,GM_RM017_000153_003,car,0.7268137335777283,0.229,307.406,84.547,368.429,5145.334,true,ultralytics_yolo11l_current_oty0,not_committed; current OTY0 baseline source table,backend_status=available; plug-in detection row only
GM_RM017,baseline_oty0,154,D:\profile\research\data\GM_RM017\GM_RM017_frames\000154.png,GM_RM017_000154_001,car,0.9193680286407471,23.188,315.393,283.391,407.938,24080.686,true,ultralytics_yolo11l_current_oty0,not_committed; current OTY0 baseline source table,backend_status=available; plug-in detection row only
GM_RM017,baseline_oty0,154,D:\profile\research\data\GM_RM017\GM_RM017_frames\000154.png,GM_RM017_000154_002,truck,0.9086766242980957,518.854,213.755,660.399,377.891,23232.651,true,ultralytics_yolo11l_current_oty0,not_committed; current OTY0 baseline source table,backend_status=available; plug-in detection row only
GM_RM017,baseline_oty0,154,D:\profile\research\data\GM_RM017\GM_RM017_frames\000154.png,GM_RM017_000154_003,car,0.874687135219574,0.169,309.077,101.728,390.483,8267.549,true,ultralytics_yolo11l_current_oty0,not_committed; current OTY0 baseline source table,backend_status=available; plug-in detection row only
GM_RM017,baseline_oty0,155,D:\profile\research\data\GM_RM017\GM_RM017_frames\000155.png,GM_RM017_000155_001,truck,0.9244652390480042,535.022,215.990,687.292,381.909,25264.325,true,ultralytics_yolo11l_current_oty0,not_committed; current OTY0 baseline source table,backend_status=available; plug-in detection row only
GM_RM017,baseline_oty0,155,D:\profile\research\data\GM_RM017\GM_RM017_frames\000155.png,GM_RM017_000155_002,car,0.9189169406890869,45.230,317.565,307.840,411.466,24659.498,true,ultralytics_yolo11l_current_oty0,not_committed; current OTY0 baseline source table,backend_status=available; plug-in detection row only
GM_RM017,baseline_oty0,155,D:\profile\research\data\GM_RM017\GM_RM017_frames\000155.png,GM_RM017_000155_003,car,0.8961684703826904,0.215,310.711,118.762,394.134,9889.491,true,ultralytics_yolo11l_current_oty0,not_committed; current OTY0 baseline source table,backend_status=available; plug-in detection row only
GM_RM017,baseline_oty0,156,D:\profile\research\data\GM_RM017\GM_RM017_frames\000156.png,GM_RM017_000156_001,truck,0.9347193837165833,552.776,214.099,712.877,380.959,26714.582,true,ultralytics_yolo11l_current_oty0,not_committed; current OTY0 baseline source table,backend_status=available; plug-in detection row only
GM_RM017,baseline_oty0,156,D:\profile\research\data\GM_RM017\GM_RM017_frames\000156.png,GM_RM017_000156_002,car,0.931628942489624,66.939,316.966,331.323,411.459,24982.355,true,ultralytics_yolo11l_current_oty0,not_committed; current OTY0 baseline source table,backend_status=available; plug-in detection row only
GM_RM017,baseline_oty0,156,D:\profile\research\data\GM_RM017\GM_RM017_frames\000156.png,GM_RM017_000156_003,car,0.9014161229133606,0.317,310.171,136.573,394.804,11531.681,true,ultralytics_yolo11l_current_oty0,not_committed; current OTY0 baseline source table,backend_status=available; plug-in detection row only
GM_RM017,baseline_oty0,157,D:\profile\research\data\GM_RM017\GM_RM017_frames\000157.png,GM_RM017_000157_001,truck,0.9457480311393738,568.343,208.796,738.976,377.306,28753.405,true,ultralytics_yolo11l_current_oty0,not_committed; current OTY0 baseline source table,backend_status=available; plug-in detection row only
GM_RM017,baseline_oty0,157,D:\profile\research\data\GM_RM017\GM_RM017_frames\000157.png,GM_RM017_000157_002,car,0.9328352808952332,91.113,313.410,354.681,408.916,25172.223,true,ultralytics_yolo11l_current_oty0,not_committed; current OTY0 baseline source table,backend_status=available; plug-in detection row only
GM_RM017,baseline_oty0,157,D:\profile\research\data\GM_RM017\GM_RM017_frames\000157.png,GM_RM017_000157_003,car,0.8994951248168945,0.105,307.622,155.224,392.957,13236.925,true,ultralytics_yolo11l_current_oty0,not_committed; current OTY0 baseline source table,backend_status=available; plug-in detection row only
GM_RM017,baseline_oty0,158,D:\profile\research\data\GM_RM017\GM_RM017_frames\000158.png,GM_RM017_000158_001,truck,0.9630249738693237,586.398,207.402,765.759,378.296,30651.652,true,ultralytics_yolo11l_current_oty0,not_committed; current OTY0 baseline source table,backend_status=available; plug-in detection row only
GM_RM017,baseline_oty0,158,D:\profile\research\data\GM_RM017\GM_RM017_frames\000158.png,GM_RM017_000158_002,car,0.9348908066749573,110.985,313.728,377.000,409.445,25462.104,true,ultralytics_yolo11l_current_oty0,not_committed; current OTY0 baseline source table,backend_status=available; plug-in detection row only
GM_RM017,baseline_oty0,158,D:\profile\research\data\GM_RM017\GM_RM017_frames\000158.png,GM_RM017_000158_003,car,0.8996803760528564,0.310,308.603,172.083,393.600,14600.128,true,ultralytics_yolo11l_current_oty0,not_committed; current OTY0 baseline source table,backend_status=available; plug-in detection row only
GM_RM017,baseline_oty0,159,D:\profile\research\data\GM_RM017\GM_RM017_frames\000159.png,GM_RM017_000159_001,truck,0.9527671337127686,602.742,205.318,792.279,378.259,32778.708,true,ultralytics_yolo11l_current_oty0,not_committed; current OTY0 baseline source table,backend_status=available; plug-in detection row only
GM_RM017,baseline_oty0,159,D:\profile\research\data\GM_RM017\GM_RM017_frames\000159.png,GM_RM017_000159_002,car,0.942602813243866,133.708,312.018,399.357,409.146,25802.119,true,ultralytics_yolo11l_current_oty0,not_committed; current OTY0 baseline source table,backend_status=available; plug-in detection row only
GM_RM017,baseline_oty0,159,D:\profile\research\data\GM_RM017\GM_RM017_frames\000159.png,GM_RM017_000159_003,car,0.9132170081138611,0.110,307.535,188.856,398.177,17108.205,true,ultralytics_yolo11l_current_oty0,not_committed; current OTY0 baseline source table,backend_status=available; plug-in detection row only
GM_RM017,baseline_oty0,160,D:\profile\research\data\GM_RM017\GM_RM017_frames\000160.png,GM_RM017_000160_001,car,0.9417267441749573,155.986,311.016,423.027,408.416,26009.869,true,ultralytics_yolo11l_current_oty0,not_committed; current OTY0 baseline source table,backend_status=available; plug-in detection row only
GM_RM017,baseline_oty0,160,D:\profile\research\data\GM_RM017\GM_RM017_frames\000160.png,GM_RM017_000160_002,truck,0.9348267316818237,617.496,204.941,799.569,376.197,31181.217,true,ultralytics_yolo11l_current_oty0,not_committed; current OTY0 baseline source table,backend_status=available; plug-in detection row only
GM_RM017,baseline_oty0,160,D:\profile\research\data\GM_RM017\GM_RM017_frames\000160.png,GM_RM017_000160_003,car,0.9101025462150574,0.254,306.454,204.997,397.311,18602.282,true,ultralytics_yolo11l_current_oty0,not_committed; current OTY0 baseline source table,backend_status=available; plug-in detection row only
GM_RM017,baseline_oty0,161,D:\profile\research\data\GM_RM017\GM_RM017_frames\000161.png,GM_RM017_000161_001,car,0.9211075901985168,178.659,308.915,446.439,407.431,26380.678,true,ultralytics_yolo11l_current_oty0,not_committed; current OTY0 baseline source table,backend_status=available; plug-in detection row only
GM_RM017,baseline_oty0,161,D:\profile\research\data\GM_RM017\GM_RM017_frames\000161.png,GM_RM017_000161_002,truck,0.9140628576278687,636.330,203.987,799.551,374.826,27884.492,true,ultralytics_yolo11l_current_oty0,not_committed; current OTY0 baseline source table,backend_status=available; plug-in detection row only
GM_RM017,baseline_oty0,161,D:\profile\research\data\GM_RM017\GM_RM017_frames\000161.png,GM_RM017_000161_003,car,0.9048789739608765,4.570,304.315,223.061,395.750,19977.762,true,ultralytics_yolo11l_current_oty0,not_committed; current OTY0 baseline source table,backend_status=available; plug-in detection row only
GM_RM017,baseline_oty0,161,D:\profile\research\data\GM_RM017\GM_RM017_frames\000161.png,GM_RM017_000161_004,car,0.5096909403800964,0.035,328.653,51.031,380.230,2630.230,true,ultralytics_yolo11l_current_oty0,not_committed; current OTY0 baseline source table,backend_status=available; plug-in detection row only
GM_RM017,baseline_oty0,162,D:\profile\research\data\GM_RM017\GM_RM017_frames\000162.png,GM_RM017_000162_001,car,0.9397030472755432,200.060,307.561,471.005,406.121,26704.351,true,ultralytics_yolo11l_current_oty0,not_committed; current OTY0 baseline source table,backend_status=available; plug-in detection row only
GM_RM017,baseline_oty0,162,D:\profile\research\data\GM_RM017\GM_RM017_frames\000162.png,GM_RM017_000162_002,car,0.9247875213623047,21.033,302.373,238.683,394.724,20100.226,true,ultralytics_yolo11l_current_oty0,not_committed; current OTY0 baseline source table,backend_status=available; plug-in detection row only
GM_RM017,baseline_oty0,162,D:\profile\research\data\GM_RM017\GM_RM017_frames\000162.png,GM_RM017_000162_003,truck,0.9121066927909851,652.069,202.932,799.652,373.172,25124.626,true,ultralytics_yolo11l_current_oty0,not_committed; current OTY0 baseline source table,backend_status=available; plug-in detection row only
GM_RM017,baseline_oty0,162,D:\profile\research\data\GM_RM017\GM_RM017_frames\000162.png,GM_RM017_000162_004,car,0.750187337398529,0.077,327.238,65.191,377.291,3259.143,true,ultralytics_yolo11l_current_oty0,not_committed; current OTY0 baseline source table,backend_status=available; plug-in detection row only
GM_RM017,baseline_oty0,163,D:\profile\research\data\GM_RM017\GM_RM017_frames\000163.png,GM_RM017_000163_001,car,0.9417596459388733,220.289,306.011,494.144,403.970,26826.624,true,ultralytics_yolo11l_current_oty0,not_committed; current OTY0 baseline source table,backend_status=available; plug-in detection row only
GM_RM017,baseline_oty0,163,D:\profile\research\data\GM_RM017\GM_RM017_frames\000163.png,GM_RM017_000163_002,car,0.9318932890892029,36.926,300.658,254.788,393.295,20182.048,true,ultralytics_yolo11l_current_oty0,not_committed; current OTY0 baseline source table,backend_status=available; plug-in detection row only
GM_RM017,baseline_oty0,163,D:\profile\research\data\GM_RM017\GM_RM017_frames\000163.png,GM_RM017_000163_003,car,0.7537404298782349,0.117,324.093,83.733,381.032,4760.995,true,ultralytics_yolo11l_current_oty0,not_committed; current OTY0 baseline source table,backend_status=available; plug-in detection row only
GM_RM017,baseline_oty0,163,D:\profile\research\data\GM_RM017\GM_RM017_frames\000163.png,GM_RM017_000163_004,truck,0.499605655670166,669.626,204.285,799.746,373.406,22005.913,true,ultralytics_yolo11l_current_oty0,not_committed; current OTY0 baseline source table,backend_status=available; plug-in detection row only
GM_RM017,baseline_oty0,164,D:\profile\research\data\GM_RM017\GM_RM017_frames\000164.png,GM_RM017_000164_001,car,0.9451192617416382,243.304,305.990,520.195,404.918,27392.107,true,ultralytics_yolo11l_current_oty0,not_committed; current OTY0 baseline source table,backend_status=available; plug-in detection row only
GM_RM017,baseline_oty0,164,D:\profile\research\data\GM_RM017\GM_RM017_frames\000164.png,GM_RM017_000164_002,car,0.932454526424408,53.901,300.265,271.472,393.051,20187.749,true,ultralytics_yolo11l_current_oty0,not_committed; current OTY0 baseline source table,backend_status=available; plug-in detection row only
GM_RM017,baseline_oty0,164,D:\profile\research\data\GM_RM017\GM_RM017_frames\000164.png,GM_RM017_000164_003,car,0.8492031693458557,0.136,323.562,100.970,382.052,5897.762,true,ultralytics_yolo11l_current_oty0,not_committed; current OTY0 baseline source table,backend_status=available; plug-in detection row only
GM_RM017,baseline_oty0,164,D:\profile\research\data\GM_RM017\GM_RM017_frames\000164.png,GM_RM017_000164_004,truck,0.5135936737060547,685.786,205.802,799.724,371.871,18921.625,true,ultralytics_yolo11l_current_oty0,not_committed; current OTY0 baseline source table,backend_status=available; plug-in detection row only
GM_RM017,baseline_oty0,165,D:\profile\research\data\GM_RM017\GM_RM017_frames\000165.png,GM_RM017_000165_001,car,0.9459646344184875,267.329,305.786,546.285,405.638,27854.178,true,ultralytics_yolo11l_current_oty0,not_committed; current OTY0 baseline source table,backend_status=available; plug-in detection row only
GM_RM017,baseline_oty0,165,D:\profile\research\data\GM_RM017\GM_RM017_frames\000165.png,GM_RM017_000165_002,car,0.9272484183311462,70.984,300.221,289.402,393.316,20333.685,true,ultralytics_yolo11l_current_oty0,not_committed; current OTY0 baseline source table,backend_status=available; plug-in detection row only
GM_RM017,baseline_oty0,165,D:\profile\research\data\GM_RM017\GM_RM017_frames\000165.png,GM_RM017_000165_003,car,0.8674218654632568,0.117,323.743,116.067,382.907,6860.036,true,ultralytics_yolo11l_current_oty0,not_committed; current OTY0 baseline source table,backend_status=available; plug-in detection row only
GM_RM017,baseline_oty0,166,D:\profile\research\data\GM_RM017\GM_RM017_frames\000166.png,GM_RM017_000166_001,car,0.9474111795425415,290.968,304.996,572.917,404.705,28112.988,true,ultralytics_yolo11l_current_oty0,not_committed; current OTY0 baseline source table,backend_status=available; plug-in detection row only
GM_RM017,baseline_oty0,166,D:\profile\research\data\GM_RM017\GM_RM017_frames\000166.png,GM_RM017_000166_002,car,0.9268902540206909,86.816,299.338,306.940,392.141,20428.264,true,ultralytics_yolo11l_current_oty0,not_committed; current OTY0 baseline source table,backend_status=available; plug-in detection row only
GM_RM017,baseline_oty0,166,D:\profile\research\data\GM_RM017\GM_RM017_frames\000166.png,GM_RM017_000166_003,car,0.893399178981781,0.080,322.730,132.091,384.585,8165.544,true,ultralytics_yolo11l_current_oty0,not_committed; current OTY0 baseline source table,backend_status=available; plug-in detection row only
GM_RM017,baseline_oty0,167,D:\profile\research\data\GM_RM017\GM_RM017_frames\000167.png,GM_RM017_000167_001,car,0.9451854825019836,315.535,302.559,599.904,403.022,28568.500,true,ultralytics_yolo11l_current_oty0,not_committed; current OTY0 baseline source table,backend_status=available; plug-in detection row only
GM_RM017,baseline_oty0,167,D:\profile\research\data\GM_RM017\GM_RM017_frames\000167.png,GM_RM017_000167_002,car,0.9337785243988037,106.141,297.087,325.096,390.846,20529.042,true,ultralytics_yolo11l_current_oty0,not_committed; current OTY0 baseline source table,backend_status=available; plug-in detection row only
GM_RM017,baseline_oty0,167,D:\profile\research\data\GM_RM017\GM_RM017_frames\000167.png,GM_RM017_000167_003,car,0.9115820527076721,0.061,320.422,148.104,384.953,9553.242,true,ultralytics_yolo11l_current_oty0,not_committed; current OTY0 baseline source table,backend_status=available; plug-in detection row only
GM_RM017,baseline_oty0,168,D:\profile\research\data\GM_RM017\GM_RM017_frames\000168.png,GM_RM017_000168_001,car,0.9406906366348267,337.997,301.482,627.185,402.774,29292.610,true,ultralytics_yolo11l_current_oty0,not_committed; current OTY0 baseline source table,backend_status=available; plug-in detection row only
GM_RM017,baseline_oty0,168,D:\profile\research\data\GM_RM017\GM_RM017_frames\000168.png,GM_RM017_000168_002,car,0.9289429187774658,122.577,296.720,343.033,390.832,20747.479,true,ultralytics_yolo11l_current_oty0,not_committed; current OTY0 baseline source table,backend_status=available; plug-in detection row only
GM_RM017,baseline_oty0,168,D:\profile\research\data\GM_RM017\GM_RM017_frames\000168.png,GM_RM017_000168_003,car,0.9125183820724487,0.000,320.139,162.086,385.360,10571.431,true,ultralytics_yolo11l_current_oty0,not_committed; current OTY0 baseline source table,backend_status=available; plug-in detection row only
GM_RM017,baseline_oty0,169,D:\profile\research\data\GM_RM017\GM_RM017_frames\000169.png,GM_RM017_000169_001,car,0.9423104524612427,362.738,298.157,656.444,399.808,29855.525,true,ultralytics_yolo11l_current_oty0,not_committed; current OTY0 baseline source table,backend_status=available; plug-in detection row only
GM_RM017,baseline_oty0,169,D:\profile\research\data\GM_RM017\GM_RM017_frames\000169.png,GM_RM017_000169_002,car,0.9280986189842224,140.808,293.761,362.131,388.447,20956.218,true,ultralytics_yolo11l_current_oty0,not_committed; current OTY0 baseline source table,backend_status=available; plug-in detection row only
GM_RM017,baseline_oty0,169,D:\profile\research\data\GM_RM017\GM_RM017_frames\000169.png,GM_RM017_000169_003,car,0.9077210426330566,11.800,317.751,178.598,383.155,10909.199,true,ultralytics_yolo11l_current_oty0,not_committed; current OTY0 baseline source table,backend_status=available; plug-in detection row only
GM_RM017,baseline_oty0,170,D:\profile\research\data\GM_RM017\GM_RM017_frames\000170.png,GM_RM017_000170_001,car,0.9408724308013916,388.091,296.288,686.477,399.063,30666.653,true,ultralytics_yolo11l_current_oty0,not_committed; current OTY0 baseline source table,backend_status=available; plug-in detection row only
GM_RM017,baseline_oty0,170,D:\profile\research\data\GM_RM017\GM_RM017_frames\000170.png,GM_RM017_000170_002,car,0.9285295605659485,160.457,292.149,381.098,388.269,21207.899,true,ultralytics_yolo11l_current_oty0,not_committed; current OTY0 baseline source table,backend_status=available; plug-in detection row only
GM_RM017,baseline_oty0,170,D:\profile\research\data\GM_RM017\GM_RM017_frames\000170.png,GM_RM017_000170_003,car,0.9095029830932617,26.480,317.681,194.474,382.940,10963.139,true,ultralytics_yolo11l_current_oty0,not_committed; current OTY0 baseline source table,backend_status=available; plug-in detection row only
GM_RM017,baseline_oty0,170,D:\profile\research\data\GM_RM017\GM_RM017_frames\000170.png,GM_RM017_000170_004,car,0.28988420963287354,771.134,268.347,799.708,319.451,1460.273,true,ultralytics_yolo11l_current_oty0,not_committed; current OTY0 baseline source table,backend_status=available; plug-in detection row only
GM_RM017,baseline_oty0,171,D:\profile\research\data\GM_RM017\GM_RM017_frames\000171.png,GM_RM017_000171_001,car,0.9441552758216858,411.209,294.165,716.530,398.145,31747.110,true,ultralytics_yolo11l_current_oty0,not_committed; current OTY0 baseline source table,backend_status=available; plug-in detection row only
GM_RM017,baseline_oty0,171,D:\profile\research\data\GM_RM017\GM_RM017_frames\000171.png,GM_RM017_000171_002,car,0.9312869310379028,179.090,290.214,401.647,387.773,21712.449,true,ultralytics_yolo11l_current_oty0,not_committed; current OTY0 baseline source table,backend_status=available; plug-in detection row only
GM_RM017,baseline_oty0,171,D:\profile\research\data\GM_RM017\GM_RM017_frames\000171.png,GM_RM017_000171_003,car,0.9083800315856934,42.155,317.142,209.635,382.488,10944.036,true,ultralytics_yolo11l_current_oty0,not_committed; current OTY0 baseline source table,backend_status=available; plug-in detection row only
GM_RM017,baseline_oty0,172,D:\profile\research\data\GM_RM017\GM_RM017_frames\000172.png,GM_RM017_000172_001,car,0.9423131942749023,437.108,294.486,745.953,398.679,32179.567,true,ultralytics_yolo11l_current_oty0,not_committed; current OTY0 baseline source table,backend_status=available; plug-in detection row only
GM_RM017,baseline_oty0,172,D:\profile\research\data\GM_RM017\GM_RM017_frames\000172.png,GM_RM017_000172_002,car,0.9329330325126648,197.109,291.289,420.795,388.536,21752.643,true,ultralytics_yolo11l_current_oty0,not_committed; current OTY0 baseline source table,backend_status=available; plug-in detection row only
GM_RM017,baseline_oty0,172,D:\profile\research\data\GM_RM017\GM_RM017_frames\000172.png,GM_RM017_000172_003,car,0.9088996052742004,56.655,318.182,224.347,383.101,10886.411,true,ultralytics_yolo11l_current_oty0,not_committed; current OTY0 baseline source table,backend_status=available; plug-in detection row only
GM_RM017,baseline_oty0,173,D:\profile\research\data\GM_RM017\GM_RM017_frames\000173.png,GM_RM017_000173_001,car,0.9456973671913147,462.977,292.440,778.189,397.457,33102.721,true,ultralytics_yolo11l_current_oty0,not_committed; current OTY0 baseline source table,backend_status=available; plug-in detection row only
GM_RM017,baseline_oty0,173,D:\profile\research\data\GM_RM017\GM_RM017_frames\000173.png,GM_RM017_000173_002,car,0.941409170627594,216.245,289.883,441.531,387.766,22051.762,true,ultralytics_yolo11l_current_oty0,not_committed; current OTY0 baseline source table,backend_status=available; plug-in detection row only
GM_RM017,baseline_oty0,173,D:\profile\research\data\GM_RM017\GM_RM017_frames\000173.png,GM_RM017_000173_003,car,0.9067959785461426,72.681,316.860,241.907,382.543,11115.262,true,ultralytics_yolo11l_current_oty0,not_committed; current OTY0 baseline source table,backend_status=available; plug-in detection row only
GM_RM017,baseline_oty0,174,D:\profile\research\data\GM_RM017\GM_RM017_frames\000174.png,GM_RM017_000174_001,car,0.9472569227218628,489.596,290.061,799.665,395.799,32785.924,true,ultralytics_yolo11l_current_oty0,not_committed; current OTY0 baseline source table,backend_status=available; plug-in detection row only
GM_RM017,baseline_oty0,174,D:\profile\research\data\GM_RM017\GM_RM017_frames\000174.png,GM_RM017_000174_002,car,0.9368091821670532,237.135,287.946,463.514,387.362,22505.638,true,ultralytics_yolo11l_current_oty0,not_committed; current OTY0 baseline source table,backend_status=available; plug-in detection row only
GM_RM017,baseline_oty0,174,D:\profile\research\data\GM_RM017\GM_RM017_frames\000174.png,GM_RM017_000174_003,car,0.9150909781455994,89.075,316.264,260.165,382.694,11365.322,true,ultralytics_yolo11l_current_oty0,not_committed; current OTY0 baseline source table,backend_status=available; plug-in detection row only
GM_RM017,baseline_oty0,175,D:\profile\research\data\GM_RM017\GM_RM017_frames\000175.png,GM_RM017_000175_001,car,0.9508649110794067,514.817,290.524,799.724,397.277,30414.796,true,ultralytics_yolo11l_current_oty0,not_committed; current OTY0 baseline source table,backend_status=available; plug-in detection row only
GM_RM017,baseline_oty0,175,D:\profile\research\data\GM_RM017\GM_RM017_frames\000175.png,GM_RM017_000175_002,car,0.9372236132621765,256.783,289.287,484.920,389.101,22771.131,true,ultralytics_yolo11l_current_oty0,not_committed; current OTY0 baseline source table,backend_status=available; plug-in detection row only
GM_RM017,baseline_oty0,175,D:\profile\research\data\GM_RM017\GM_RM017_frames\000175.png,GM_RM017_000175_003,car,0.9099687337875366,105.000,317.586,280.469,384.662,11769.848,true,ultralytics_yolo11l_current_oty0,not_committed; current OTY0 baseline source table,backend_status=available; plug-in detection row only
GM_RM017,baseline_oty0,176,D:\profile\research\data\GM_RM017\GM_RM017_frames\000176.png,GM_RM017_000176_001,car,0.943878710269928,539.109,288.508,799.793,394.641,27667.134,true,ultralytics_yolo11l_current_oty0,not_committed; current OTY0 baseline source table,backend_status=available; plug-in detection row only
GM_RM017,baseline_oty0,176,D:\profile\research\data\GM_RM017\GM_RM017_frames\000176.png,GM_RM017_000176_002,car,0.9322961568832397,274.882,285.820,505.262,385.757,23023.586,true,ultralytics_yolo11l_current_oty0,not_committed; current OTY0 baseline source table,backend_status=available; plug-in detection row only
GM_RM017,baseline_oty0,176,D:\profile\research\data\GM_RM017\GM_RM017_frames\000176.png,GM_RM017_000176_003,car,0.912498414516449,118.850,313.413,296.877,380.649,11969.824,true,ultralytics_yolo11l_current_oty0,not_committed; current OTY0 baseline source table,backend_status=available; plug-in detection row only
GM_RM017,baseline_oty0,177,D:\profile\research\data\GM_RM017\GM_RM017_frames\000177.png,GM_RM017_000177_001,car,0.9328634738922119,293.753,282.030,525.383,382.257,23215.629,true,ultralytics_yolo11l_current_oty0,not_committed; current OTY0 baseline source table,backend_status=available; plug-in detection row only
GM_RM017,baseline_oty0,177,D:\profile\research\data\GM_RM017\GM_RM017_frames\000177.png,GM_RM017_000177_002,car,0.9301623702049255,561.529,285.099,799.396,392.021,25433.183,true,ultralytics_yolo11l_current_oty0,not_committed; current OTY0 baseline source table,backend_status=available; plug-in detection row only
GM_RM017,baseline_oty0,177,D:\profile\research\data\GM_RM017\GM_RM017_frames\000177.png,GM_RM017_000177_003,car,0.9089574217796326,132.339,310.220,313.313,377.276,12135.395,true,ultralytics_yolo11l_current_oty0,not_committed; current OTY0 baseline source table,backend_status=available; plug-in detection row only
GM_RM017,baseline_oty0,178,D:\profile\research\data\GM_RM017\GM_RM017_frames\000178.png,GM_RM017_000178_001,car,0.9367105960845947,312.905,281.231,546.549,381.289,23377.753,true,ultralytics_yolo11l_current_oty0,not_committed; current OTY0 baseline source table,backend_status=available; plug-in detection row only
GM_RM017,baseline_oty0,178,D:\profile\research\data\GM_RM017\GM_RM017_frames\000178.png,GM_RM017_000178_002,car,0.9360036849975586,587.214,282.518,799.424,390.979,23016.497,true,ultralytics_yolo11l_current_oty0,not_committed; current OTY0 baseline source table,backend_status=available; plug-in detection row only
GM_RM017,baseline_oty0,178,D:\profile\research\data\GM_RM017\GM_RM017_frames\000178.png,GM_RM017_000178_003,car,0.9079979658126831,147.813,308.727,332.170,375.925,12388.425,true,ultralytics_yolo11l_current_oty0,not_committed; current OTY0 baseline source table,backend_status=available; plug-in detection row only
GM_RM017,baseline_oty0,179,D:\profile\research\data\GM_RM017\GM_RM017_frames\000179.png,GM_RM017_000179_001,car,0.9375050663948059,333.221,282.233,568.948,382.976,23747.826,true,ultralytics_yolo11l_current_oty0,not_committed; current OTY0 baseline source table,backend_status=available; plug-in detection row only
GM_RM017,baseline_oty0,179,D:\profile\research\data\GM_RM017\GM_RM017_frames\000179.png,GM_RM017_000179_002,car,0.9374639391899109,613.583,285.100,799.602,393.202,20109.052,true,ultralytics_yolo11l_current_oty0,not_committed; current OTY0 baseline source table,backend_status=available; plug-in detection row only
GM_RM017,baseline_oty0,179,D:\profile\research\data\GM_RM017\GM_RM017_frames\000179.png,GM_RM017_000179_003,car,0.9096105694770813,163.491,309.954,349.797,377.870,12652.955,true,ultralytics_yolo11l_current_oty0,not_committed; current OTY0 baseline source table,backend_status=available; plug-in detection row only
GM_RM017,baseline_oty0,180,D:\profile\research\data\GM_RM017\GM_RM017_frames\000180.png,GM_RM017_000180_001,car,0.9389120936393738,353.370,282.282,592.625,384.661,24494.721,true,ultralytics_yolo11l_current_oty0,not_committed; current OTY0 baseline source table,backend_status=available; plug-in detection row only
GM_RM017,baseline_oty0,180,D:\profile\research\data\GM_RM017\GM_RM017_frames\000180.png,GM_RM017_000180_002,car,0.9362220764160156,641.007,287.761,799.443,394.264,16873.902,true,ultralytics_yolo11l_current_oty0,not_committed; current OTY0 baseline source table,backend_status=available; plug-in detection row only
GM_RM017,baseline_oty0,180,D:\profile\research\data\GM_RM017\GM_RM017_frames\000180.png,GM_RM017_000180_003,car,0.904459536075592,179.728,310.778,368.063,379.760,12991.735,true,ultralytics_yolo11l_current_oty0,not_committed; current OTY0 baseline source table,backend_status=available; plug-in detection row only
GM_RM017,baseline_oty0,181,D:\profile\research\data\GM_RM017\GM_RM017_frames\000181.png,GM_RM017_000181_001,car,0.9444472789764404,374.656,282.632,615.562,384.785,24609.339,true,ultralytics_yolo11l_current_oty0,not_committed; current OTY0 baseline source table,backend_status=available; plug-in detection row only
GM_RM017,baseline_oty0,181,D:\profile\research\data\GM_RM017\GM_RM017_frames\000181.png,GM_RM017_000181_002,car,0.9293910264968872,667.529,290.430,799.757,393.035,13567.193,true,ultralytics_yolo11l_current_oty0,not_committed; current OTY0 baseline source table,backend_status=available; plug-in detection row only
GM_RM017,baseline_oty0,181,D:\profile\research\data\GM_RM017\GM_RM017_frames\000181.png,GM_RM017_000181_003,car,0.9105756282806396,195.468,311.313,384.728,380.157,13029.398,true,ultralytics_yolo11l_current_oty0,not_committed; current OTY0 baseline source table,backend_status=available; plug-in detection row only
GM_RM017,baseline_oty0,182,D:\profile\research\data\GM_RM017\GM_RM017_frames\000182.png,GM_RM017_000182_001,car,0.937905490398407,396.107,282.462,639.194,386.267,25233.643,true,ultralytics_yolo11l_current_oty0,not_committed; current OTY0 baseline source table,backend_status=available; plug-in detection row only
GM_RM017,baseline_oty0,182,D:\profile\research\data\GM_RM017\GM_RM017_frames\000182.png,GM_RM017_000182_002,car,0.916639506816864,695.764,298.821,799.742,393.506,9845.202,true,ultralytics_yolo11l_current_oty0,not_committed; current OTY0 baseline source table,backend_status=available; plug-in detection row only
GM_RM017,baseline_oty0,182,D:\profile\research\data\GM_RM017\GM_RM017_frames\000182.png,GM_RM017_000182_003,car,0.9153761863708496,211.912,312.971,403.355,382.265,13265.925,true,ultralytics_yolo11l_current_oty0,not_committed; current OTY0 baseline source table,backend_status=available; plug-in detection row only
GM_RM017,baseline_oty0,183,D:\profile\research\data\GM_RM017\GM_RM017_frames\000183.png,GM_RM017_000183_001,car,0.9427867531776428,416.300,282.014,663.058,385.827,25616.895,true,ultralytics_yolo11l_current_oty0,not_committed; current OTY0 baseline source table,backend_status=available; plug-in detection row only
GM_RM017,baseline_oty0,183,D:\profile\research\data\GM_RM017\GM_RM017_frames\000183.png,GM_RM017_000183_002,car,0.9211629033088684,228.185,312.193,422.660,381.745,13526.230,true,ultralytics_yolo11l_current_oty0,not_committed; current OTY0 baseline source table,backend_status=available; plug-in detection row only
GM_RM017,baseline_oty0,183,D:\profile\research\data\GM_RM017\GM_RM017_frames\000183.png,GM_RM017_000183_003,car,0.8268378376960754,723.661,318.796,799.708,381.830,4793.574,true,ultralytics_yolo11l_current_oty0,not_committed; current OTY0 baseline source table,backend_status=available; plug-in detection row only
GM_RM017,baseline_oty0,184,D:\profile\research\data\GM_RM017\GM_RM017_frames\000184.png,GM_RM017_000184_001,car,0.939461350440979,437.751,280.204,686.376,385.153,26092.800,true,ultralytics_yolo11l_current_oty0,not_committed; current OTY0 baseline source table,backend_status=available; plug-in detection row only
GM_RM017,baseline_oty0,184,D:\profile\research\data\GM_RM017\GM_RM017_frames\000184.png,GM_RM017_000184_002,car,0.9201428294181824,244.642,311.506,441.940,382.392,13985.814,true,ultralytics_yolo11l_current_oty0,not_committed; current OTY0 baseline source table,backend_status=available; plug-in detection row only
GM_RM017,baseline_oty0,184,D:\profile\research\data\GM_RM017\GM_RM017_frames\000184.png,GM_RM017_000184_003,car,0.8249481916427612,751.277,320.074,799.701,378.897,2848.435,true,ultralytics_yolo11l_current_oty0,not_committed; current OTY0 baseline source table,backend_status=available; plug-in detection row only
GM_RM017,baseline_oty0,185,D:\profile\research\data\GM_RM017\GM_RM017_frames\000185.png,GM_RM017_000185_001,car,0.942762553691864,457.582,276.637,709.499,382.142,26578.414,true,ultralytics_yolo11l_current_oty0,not_committed; current OTY0 baseline source table,backend_status=available; plug-in detection row only
GM_RM017,baseline_oty0,185,D:\profile\research\data\GM_RM017\GM_RM017_frames\000185.png,GM_RM017_000185_002,car,0.9185037016868591,262.178,309.540,461.554,380.241,14095.970,true,ultralytics_yolo11l_current_oty0,not_committed; current OTY0 baseline source table,backend_status=available; plug-in detection row only
GM_RM017,baseline_oty0,185,D:\profile\research\data\GM_RM017\GM_RM017_frames\000185.png,GM_RM017_000185_003,car,0.7139536738395691,777.555,320.363,799.799,366.078,1016.866,true,ultralytics_yolo11l_current_oty0,not_committed; current OTY0 baseline source table,backend_status=available; plug-in detection row only
GM_RM017,baseline_oty0,186,D:\profile\research\data\GM_RM017\GM_RM017_frames\000186.png,GM_RM017_000186_001,car,0.9470875263214111,478.796,278.529,734.137,384.410,27035.992,true,ultralytics_yolo11l_current_oty0,not_committed; current OTY0 baseline source table,backend_status=available; plug-in detection row only
GM_RM017,baseline_oty0,186,D:\profile\research\data\GM_RM017\GM_RM017_frames\000186.png,GM_RM017_000186_002,car,0.9003822207450867,277.762,311.414,481.665,382.389,14471.836,true,ultralytics_yolo11l_current_oty0,not_committed; current OTY0 baseline source table,backend_status=available; plug-in detection row only
GM_RM017,baseline_oty0,187,D:\profile\research\data\GM_RM017\GM_RM017_frames\000187.png,GM_RM017_000187_001,car,0.9338841438293457,500.184,277.596,759.542,384.410,27703.019,true,ultralytics_yolo11l_current_oty0,not_committed; current OTY0 baseline source table,backend_status=available; plug-in detection row only
GM_RM017,baseline_oty0,187,D:\profile\research\data\GM_RM017\GM_RM017_frames\000187.png,GM_RM017_000187_002,car,0.9094393849372864,295.315,311.380,502.019,382.557,14712.673,true,ultralytics_yolo11l_current_oty0,not_committed; current OTY0 baseline source table,backend_status=available; plug-in detection row only
GM_RM017,baseline_oty0,188,D:\profile\research\data\GM_RM017\GM_RM017_frames\000188.png,GM_RM017_000188_001,car,0.9352307319641113,521.617,277.133,785.548,384.133,28240.542,true,ultralytics_yolo11l_current_oty0,not_committed; current OTY0 baseline source table,backend_status=available; plug-in detection row only
GM_RM017,baseline_oty0,188,D:\profile\research\data\GM_RM017\GM_RM017_frames\000188.png,GM_RM017_000188_002,car,0.9098317623138428,310.868,311.391,521.687,383.166,15131.429,true,ultralytics_yolo11l_current_oty0,not_committed; current OTY0 baseline source table,backend_status=available; plug-in detection row only
GM_RM017,baseline_oty0,189,D:\profile\research\data\GM_RM017\GM_RM017_frames\000189.png,GM_RM017_000189_001,car,0.9409245848655701,541.836,274.302,799.874,382.342,27878.537,true,ultralytics_yolo11l_current_oty0,not_committed; current OTY0 baseline source table,backend_status=available; plug-in detection row only
GM_RM017,baseline_oty0,189,D:\profile\research\data\GM_RM017\GM_RM017_frames\000189.png,GM_RM017_000189_002,car,0.9068030118942261,328.490,309.028,541.405,380.947,15312.684,true,ultralytics_yolo11l_current_oty0,not_committed; current OTY0 baseline source table,backend_status=available; plug-in detection row only
GM_RM017,baseline_oty0,190,D:\profile\research\data\GM_RM017\GM_RM017_frames\000190.png,GM_RM017_000190_001,car,0.9382379055023193,563.059,273.301,799.475,381.612,25606.540,true,ultralytics_yolo11l_current_oty0,not_committed; current OTY0 baseline source table,backend_status=available; plug-in detection row only
GM_RM017,baseline_oty0,190,D:\profile\research\data\GM_RM017\GM_RM017_frames\000190.png,GM_RM017_000190_002,car,0.9143266677856445,344.812,309.257,560.589,380.241,15316.524,true,ultralytics_yolo11l_current_oty0,not_committed; current OTY0 baseline source table,backend_status=available; plug-in detection row only
GM_RM017,baseline_oty0,191,D:\profile\research\data\GM_RM017\GM_RM017_frames\000191.png,GM_RM017_000191_001,car,0.9451575875282288,583.761,273.245,799.660,381.620,23398.112,true,ultralytics_yolo11l_current_oty0,not_committed; current OTY0 baseline source table,backend_status=available; plug-in detection row only
GM_RM017,baseline_oty0,191,D:\profile\research\data\GM_RM017\GM_RM017_frames\000191.png,GM_RM017_000191_002,car,0.9232409596443176,360.922,307.339,558.245,379.755,14289.376,true,ultralytics_yolo11l_current_oty0,not_committed; current OTY0 baseline source table,backend_status=available; plug-in detection row only
GM_RM017,baseline_oty0,192,D:\profile\research\data\GM_RM017\GM_RM017_frames\000192.png,GM_RM017_000192_001,car,0.921342134475708,378.323,305.816,597.423,378.084,15833.889,true,ultralytics_yolo11l_current_oty0,not_committed; current OTY0 baseline source table,backend_status=available; plug-in detection row only
GM_RM017,baseline_oty0,192,D:\profile\research\data\GM_RM017\GM_RM017_frames\000192.png,GM_RM017_000192_002,car,0.919141948223114,605.943,272.434,799.583,380.126,20853.440,true,ultralytics_yolo11l_current_oty0,not_committed; current OTY0 baseline source table,backend_status=available; plug-in detection row only
GM_RM017,baseline_oty0,193,D:\profile\research\data\GM_RM017\GM_RM017_frames\000193.png,GM_RM017_000193_001,car,0.9227897524833679,396.147,304.283,617.648,376.848,16073.149,true,ultralytics_yolo11l_current_oty0,not_committed; current OTY0 baseline source table,backend_status=available; plug-in detection row only
GM_RM017,baseline_oty0,193,D:\profile\research\data\GM_RM017\GM_RM017_frames\000193.png,GM_RM017_000193_002,car,0.9136387705802917,626.146,272.243,799.648,376.527,18093.495,true,ultralytics_yolo11l_current_oty0,not_committed; current OTY0 baseline source table,backend_status=available; plug-in detection row only
GM_RM017,baseline_oty0,194,D:\profile\research\data\GM_RM017\GM_RM017_frames\000194.png,GM_RM017_000194_001,car,0.9236962199211121,412.259,304.196,636.566,376.751,16274.396,true,ultralytics_yolo11l_current_oty0,not_committed; current OTY0 baseline source table,backend_status=available; plug-in detection row only
GM_RM017,baseline_oty0,194,D:\profile\research\data\GM_RM017\GM_RM017_frames\000194.png,GM_RM017_000194_002,car,0.9094560742378235,647.562,274.650,799.538,380.646,16108.878,true,ultralytics_yolo11l_current_oty0,not_committed; current OTY0 baseline source table,backend_status=available; plug-in detection row only
GM_RM017,baseline_oty0,195,D:\profile\research\data\GM_RM017\GM_RM017_frames\000195.png,GM_RM017_000195_001,car,0.931167721748352,430.119,303.161,656.173,374.994,16238.164,true,ultralytics_yolo11l_current_oty0,not_committed; current OTY0 baseline source table,backend_status=available; plug-in detection row only
GM_RM017,baseline_oty0,195,D:\profile\research\data\GM_RM017\GM_RM017_frames\000195.png,GM_RM017_000195_002,car,0.9051174521446228,668.802,277.486,799.742,379.794,13396.237,true,ultralytics_yolo11l_current_oty0,not_committed; current OTY0 baseline source table,backend_status=available; plug-in detection row only
GM_RM017,baseline_oty0,196,D:\profile\research\data\GM_RM017\GM_RM017_frames\000196.png,GM_RM017_000196_001,car,0.9306430220603943,447.995,300.438,674.603,372.724,16380.466,true,ultralytics_yolo11l_current_oty0,not_committed; current OTY0 baseline source table,backend_status=available; plug-in detection row only
GM_RM017,baseline_oty0,196,D:\profile\research\data\GM_RM017\GM_RM017_frames\000196.png,GM_RM017_000196_002,car,0.9241374135017395,691.426,280.879,799.789,377.299,10448.395,true,ultralytics_yolo11l_current_oty0,not_committed; current OTY0 baseline source table,backend_status=available; plug-in detection row only
GM_RM017,baseline_oty0,197,D:\profile\research\data\GM_RM017\GM_RM017_frames\000197.png,GM_RM017_000197_001,car,0.9294646382331848,463.579,298.744,695.374,371.330,16824.989,true,ultralytics_yolo11l_current_oty0,not_committed; current OTY0 baseline source table,backend_status=available; plug-in detection row only
GM_RM017,baseline_oty0,197,D:\profile\research\data\GM_RM017\GM_RM017_frames\000197.png,GM_RM017_000197_002,car,0.9049394130706787,713.134,284.571,799.762,375.579,7883.792,true,ultralytics_yolo11l_current_oty0,not_committed; current OTY0 baseline source table,backend_status=available; plug-in detection row only
GM_RM017,baseline_oty0,198,D:\profile\research\data\GM_RM017\GM_RM017_frames\000198.png,GM_RM017_000198_001,car,0.9233234524726868,483.402,298.265,717.555,371.701,17195.262,true,ultralytics_yolo11l_current_oty0,not_committed; current OTY0 baseline source table,backend_status=available; plug-in detection row only
GM_RM017,baseline_oty0,198,D:\profile\research\data\GM_RM017\GM_RM017_frames\000198.png,GM_RM017_000198_002,car,0.876076340675354,737.109,297.159,799.707,367.555,4406.696,true,ultralytics_yolo11l_current_oty0,not_committed; current OTY0 baseline source table,backend_status=available; plug-in detection row only
GM_RM017,baseline_oty0,199,D:\profile\research\data\GM_RM017\GM_RM017_frames\000199.png,GM_RM017_000199_001,car,0.9315428137779236,501.555,299.490,739.325,373.323,17555.248,true,ultralytics_yolo11l_current_oty0,not_committed; current OTY0 baseline source table,backend_status=available; plug-in detection row only
GM_RM017,baseline_oty0,199,D:\profile\research\data\GM_RM017\GM_RM017_frames\000199.png,GM_RM017_000199_002,car,0.8448180556297302,761.604,308.646,799.711,368.657,2286.795,true,ultralytics_yolo11l_current_oty0,not_committed; current OTY0 baseline source table,backend_status=available; plug-in detection row only
GM_RM017,baseline_oty0,200,D:\profile\research\data\GM_RM017\GM_RM017_frames\000200.png,GM_RM017_000200_001,car,0.9343082308769226,520.095,299.466,761.476,373.027,17756.227,true,ultralytics_yolo11l_current_oty0,not_committed; current OTY0 baseline source table,backend_status=available; plug-in detection row only
GM_RM017,baseline_oty0,200,D:\profile\research\data\GM_RM017\GM_RM017_frames\000200.png,GM_RM017_000200_002,car,0.7494668364524841,786.156,312.762,799.798,355.619,584.665,true,ultralytics_yolo11l_current_oty0,not_committed; current OTY0 baseline source table,backend_status=available; plug-in detection row only
GM_RM017,baseline_oty0,201,D:\profile\research\data\GM_RM017\GM_RM017_frames\000201.png,GM_RM017_000201_001,car,0.9285656213760376,539.505,297.316,785.124,372.249,18405.100,true,ultralytics_yolo11l_current_oty0,not_committed; current OTY0 baseline source table,backend_status=available; plug-in detection row only
GM_RM017,baseline_oty0,202,D:\profile\research\data\GM_RM017\GM_RM017_frames\000202.png,GM_RM017_000202_001,car,0.9206820130348206,557.967,296.447,799.597,371.254,18075.629,true,ultralytics_yolo11l_current_oty0,not_committed; current OTY0 baseline source table,backend_status=available; plug-in detection row only
GM_RM017,baseline_oty0,203,D:\profile\research\data\GM_RM017\GM_RM017_frames\000203.png,GM_RM017_000203_001,car,0.9094299077987671,577.316,294.138,800.000,370.010,16895.514,true,ultralytics_yolo11l_current_oty0,not_committed; current OTY0 baseline source table,backend_status=available; plug-in detection row only
GM_RM017,baseline_oty0,204,D:\profile\research\data\GM_RM017\GM_RM017_frames\000204.png,GM_RM017_000204_001,car,0.9188011884689331,594.903,294.042,799.592,368.808,15303.951,true,ultralytics_yolo11l_current_oty0,not_committed; current OTY0 baseline source table,backend_status=available; plug-in detection row only
GM_RM017,baseline_oty0,205,D:\profile\research\data\GM_RM017\GM_RM017_frames\000205.png,GM_RM017_000205_001,car,0.9215919375419617,611.960,290.852,799.846,367.188,14342.496,true,ultralytics_yolo11l_current_oty0,not_committed; current OTY0 baseline source table,backend_status=available; plug-in detection row only
GM_RM017,baseline_oty0,206,D:\profile\research\data\GM_RM017\GM_RM017_frames\000206.png,GM_RM017_000206_001,car,0.91837477684021,630.123,288.649,799.516,364.981,12930.122,true,ultralytics_yolo11l_current_oty0,not_committed; current OTY0 baseline source table,backend_status=available; plug-in detection row only
GM_RM017,baseline_oty0,207,D:\profile\research\data\GM_RM017\GM_RM017_frames\000207.png,GM_RM017_000207_001,car,0.9141220450401306,647.915,286.536,799.589,364.605,11841.010,true,ultralytics_yolo11l_current_oty0,not_committed; current OTY0 baseline source table,backend_status=available; plug-in detection row only
GM_RM017,baseline_oty0,208,D:\profile\research\data\GM_RM017\GM_RM017_frames\000208.png,GM_RM017_000208_001,car,0.9289329051971436,666.105,288.597,799.661,365.169,10226.558,true,ultralytics_yolo11l_current_oty0,not_committed; current OTY0 baseline source table,backend_status=available; plug-in detection row only
GM_RM017,baseline_oty0,209,D:\profile\research\data\GM_RM017\GM_RM017_frames\000209.png,GM_RM017_000209_001,car,0.9073379635810852,684.096,291.096,799.751,365.356,8588.467,true,ultralytics_yolo11l_current_oty0,not_committed; current OTY0 baseline source table,backend_status=available; plug-in detection row only
GM_RM017,baseline_oty0,210,D:\profile\research\data\GM_RM017\GM_RM017_frames\000210.png,GM_RM017_000210_001,car,0.8841466903686523,703.212,292.021,799.742,363.314,6881.956,true,ultralytics_yolo11l_current_oty0,not_committed; current OTY0 baseline source table,backend_status=available; plug-in detection row only
GM_RM017,baseline_oty0,211,D:\profile\research\data\GM_RM017\GM_RM017_frames\000211.png,GM_RM017_000211_001,car,0.8621989488601685,722.629,302.228,799.706,363.206,4700.002,true,ultralytics_yolo11l_current_oty0,not_committed; current OTY0 baseline source table,backend_status=available; plug-in detection row only
GM_RM017,baseline_oty0,212,D:\profile\research\data\GM_RM017\GM_RM017_frames\000212.png,GM_RM017_000212_001,car,0.7557838559150696,742.032,309.942,799.702,356.439,2681.465,true,ultralytics_yolo11l_current_oty0,not_committed; current OTY0 baseline source table,backend_status=available; plug-in detection row only
GM_RM017,baseline_oty0,213,D:\profile\research\data\GM_RM017\GM_RM017_frames\000213.png,GM_RM017_000213_001,car,0.7680712938308716,761.766,315.457,799.705,357.865,1608.903,true,ultralytics_yolo11l_current_oty0,not_committed; current OTY0 baseline source table,backend_status=available; plug-in detection row only
GM_RM017,baseline_oty0,214,D:\profile\research\data\GM_RM017\GM_RM017_frames\000214.png,GM_RM017_000214_001,car,0.4950343668460846,783.969,319.046,799.700,351.733,514.182,true,ultralytics_yolo11l_current_oty0,not_committed; current OTY0 baseline source table,backend_status=available; plug-in detection row only
GM_RM017,ultralytics_yolo11n_downloaded,121,D:\profile\research\data\GM_RM017\GM_RM017_frames\000121.png,GM_RM017_000121_ultralytics_yolo11n_downloaded_001,truck,0.827955902,0.194,258.354,116.312,385.436,14756.443,true,ultralytics_yolo11n,D:\models\ultralytics\yolo11n.pt,backend_status=available; plug-in detection row only
GM_RM017,ultralytics_yolo11n_downloaded,121,D:\profile\research\data\GM_RM017\GM_RM017_frames\000121.png,GM_RM017_000121_ultralytics_yolo11n_downloaded_002,car,0.506938040,214.726,340.195,432.014,508.789,36633.595,true,ultralytics_yolo11n,D:\models\ultralytics\yolo11n.pt,backend_status=available; plug-in detection row only
GM_RM017,ultralytics_yolo11n_downloaded,122,D:\profile\research\data\GM_RM017\GM_RM017_frames\000122.png,GM_RM017_000122_ultralytics_yolo11n_downloaded_001,truck,0.827442408,0.221,255.446,130.944,385.023,16938.854,true,ultralytics_yolo11n,D:\models\ultralytics\yolo11n.pt,backend_status=available; plug-in detection row only
GM_RM017,ultralytics_yolo11n_downloaded,123,D:\profile\research\data\GM_RM017\GM_RM017_frames\000123.png,GM_RM017_000123_ultralytics_yolo11n_downloaded_001,truck,0.876350462,0.233,252.607,149.124,385.161,19735.934,true,ultralytics_yolo11n,D:\models\ultralytics\yolo11n.pt,backend_status=available; plug-in detection row only
GM_RM017,ultralytics_yolo11n_downloaded,124,D:\profile\research\data\GM_RM017\GM_RM017_frames\000124.png,GM_RM017_000124_ultralytics_yolo11n_downloaded_001,truck,0.877901077,0.245,249.480,163.383,386.333,22325.953,true,ultralytics_yolo11n,D:\models\ultralytics\yolo11n.pt,backend_status=available; plug-in detection row only
GM_RM017,ultralytics_yolo11n_downloaded,125,D:\profile\research\data\GM_RM017\GM_RM017_frames\000125.png,GM_RM017_000125_ultralytics_yolo11n_downloaded_001,truck,0.883225024,0.350,246.975,184.829,386.290,25700.704,true,ultralytics_yolo11n,D:\models\ultralytics\yolo11n.pt,backend_status=available; plug-in detection row only
GM_RM017,ultralytics_yolo11n_downloaded,126,D:\profile\research\data\GM_RM017\GM_RM017_frames\000126.png,GM_RM017_000126_ultralytics_yolo11n_downloaded_001,truck,0.892302036,0.355,248.586,192.844,385.682,26389.420,true,ultralytics_yolo11n,D:\models\ultralytics\yolo11n.pt,backend_status=available; plug-in detection row only
GM_RM017,ultralytics_yolo11n_downloaded,127,D:\profile\research\data\GM_RM017\GM_RM017_frames\000127.png,GM_RM017_000127_ultralytics_yolo11n_downloaded_001,truck,0.881197751,0.534,249.372,204.309,386.896,28023.968,true,ultralytics_yolo11n,D:\models\ultralytics\yolo11n.pt,backend_status=available; plug-in detection row only
GM_RM017,ultralytics_yolo11n_downloaded,128,D:\profile\research\data\GM_RM017\GM_RM017_frames\000128.png,GM_RM017_000128_ultralytics_yolo11n_downloaded_001,truck,0.908977211,0.519,249.347,215.383,387.708,29728.814,true,ultralytics_yolo11n,D:\models\ultralytics\yolo11n.pt,backend_status=available; plug-in detection row only
GM_RM017,ultralytics_yolo11n_downloaded,128,D:\profile\research\data\GM_RM017\GM_RM017_frames\000128.png,GM_RM017_000128_ultralytics_yolo11n_downloaded_002,bus,0.493072450,552.408,325.278,799.487,504.187,44204.679,true,ultralytics_yolo11n,D:\models\ultralytics\yolo11n.pt,backend_status=available; plug-in detection row only
GM_RM017,ultralytics_yolo11n_downloaded,129,D:\profile\research\data\GM_RM017\GM_RM017_frames\000129.png,GM_RM017_000129_ultralytics_yolo11n_downloaded_001,truck,0.871413291,11.704,246.503,230.542,386.431,30621.805,true,ultralytics_yolo11n,D:\models\ultralytics\yolo11n.pt,backend_status=available; plug-in detection row only
GM_RM017,ultralytics_yolo11n_downloaded,145,D:\profile\research\data\GM_RM017\GM_RM017_frames\000145.png,GM_RM017_000145_ultralytics_yolo11n_downloaded_001,truck,0.865846097,328.415,226.197,461.738,384.661,21126.952,true,ultralytics_yolo11n,D:\models\ultralytics\yolo11n.pt,backend_status=available; plug-in detection row only
GM_RM017,ultralytics_yolo11n_downloaded,145,D:\profile\research\data\GM_RM017\GM_RM017_frames\000145.png,GM_RM017_000145_ultralytics_yolo11n_downloaded_002,car,0.565285861,0.232,325.249,81.377,409.929,6871.362,true,ultralytics_yolo11n,D:\models\ultralytics\yolo11n.pt,backend_status=available; plug-in detection row only
GM_RM017,ultralytics_yolo11n_downloaded,145,D:\profile\research\data\GM_RM017\GM_RM017_frames\000145.png,GM_RM017_000145_ultralytics_yolo11n_downloaded_003,truck,0.534459949,142.264,340.485,251.933,440.698,10990.245,true,ultralytics_yolo11n,D:\models\ultralytics\yolo11n.pt,backend_status=available; plug-in detection row only
GM_RM017,ultralytics_yolo11n_downloaded,146,D:\profile\research\data\GM_RM017\GM_RM017_frames\000146.png,GM_RM017_000146_ultralytics_yolo11n_downloaded_001,truck,0.837384820,348.233,225.082,476.866,382.553,20255.908,true,ultralytics_yolo11n,D:\models\ultralytics\yolo11n.pt,backend_status=available; plug-in detection row only
GM_RM017,ultralytics_yolo11n_downloaded,146,D:\profile\research\data\GM_RM017\GM_RM017_frames\000146.png,GM_RM017_000146_ultralytics_yolo11n_downloaded_002,car,0.687982619,0.206,325.295,87.568,409.972,7397.544,true,ultralytics_yolo11n,D:\models\ultralytics\yolo11n.pt,backend_status=available; plug-in detection row only
GM_RM017,ultralytics_yolo11n_downloaded,146,D:\profile\research\data\GM_RM017\GM_RM017_frames\000146.png,GM_RM017_000146_ultralytics_yolo11n_downloaded_003,truck,0.429170519,169.790,339.894,279.694,438.829,10873.295,true,ultralytics_yolo11n,D:\models\ultralytics\yolo11n.pt,backend_status=available; plug-in detection row only
GM_RM017,ultralytics_yolo11n_downloaded,146,D:\profile\research\data\GM_RM017\GM_RM017_frames\000146.png,GM_RM017_000146_ultralytics_yolo11n_downloaded_004,car,0.409639090,27.914,326.327,93.080,363.213,2403.730,true,ultralytics_yolo11n,D:\models\ultralytics\yolo11n.pt,backend_status=available; plug-in detection row only
GM_RM017,ultralytics_yolo11n_downloaded,147,D:\profile\research\data\GM_RM017\GM_RM017_frames\000147.png,GM_RM017_000147_ultralytics_yolo11n_downloaded_001,truck,0.847588420,369.823,223.303,494.988,382.324,19903.898,true,ultralytics_yolo11n,D:\models\ultralytics\yolo11n.pt,backend_status=available; plug-in detection row only
GM_RM017,ultralytics_yolo11n_downloaded,147,D:\profile\research\data\GM_RM017\GM_RM017_frames\000147.png,GM_RM017_000147_ultralytics_yolo11n_downloaded_002,car,0.825406969,0.219,322.092,113.981,407.104,9671.112,true,ultralytics_yolo11n,D:\models\ultralytics\yolo11n.pt,backend_status=available; plug-in detection row only
GM_RM017,ultralytics_yolo11n_downloaded,147,D:\profile\research\data\GM_RM017\GM_RM017_frames\000147.png,GM_RM017_000147_ultralytics_yolo11n_downloaded_003,car,0.494354934,47.865,322.614,115.630,361.655,2645.658,true,ultralytics_yolo11n,D:\models\ultralytics\yolo11n.pt,backend_status=available; plug-in detection row only
GM_RM017,ultralytics_yolo11n_downloaded,148,D:\profile\research\data\GM_RM017\GM_RM017_frames\000148.png,GM_RM017_000148_ultralytics_yolo11n_downloaded_001,car,0.835604131,0.213,321.162,132.623,406.842,11344.829,true,ultralytics_yolo11n,D:\models\ultralytics\yolo11n.pt,backend_status=available; plug-in detection row only
GM_RM017,ultralytics_yolo11n_downloaded,148,D:\profile\research\data\GM_RM017\GM_RM017_frames\000148.png,GM_RM017_000148_ultralytics_yolo11n_downloaded_002,truck,0.809373081,390.668,222.076,517.227,381.268,20147.286,true,ultralytics_yolo11n,D:\models\ultralytics\yolo11n.pt,backend_status=available; plug-in detection row only
GM_RM017,ultralytics_yolo11n_downloaded,148,D:\profile\research\data\GM_RM017\GM_RM017_frames\000148.png,GM_RM017_000148_ultralytics_yolo11n_downloaded_003,car,0.503851831,64.589,321.884,140.988,360.817,2974.504,true,ultralytics_yolo11n,D:\models\ultralytics\yolo11n.pt,backend_status=available; plug-in detection row only
GM_RM017,ultralytics_yolo11n_downloaded,148,D:\profile\research\data\GM_RM017\GM_RM017_frames\000148.png,GM_RM017_000148_ultralytics_yolo11n_downloaded_004,truck,0.399414688,225.916,337.567,324.572,439.227,10029.462,true,ultralytics_yolo11n,D:\models\ultralytics\yolo11n.pt,backend_status=available; plug-in detection row only
GM_RM017,ultralytics_yolo11n_downloaded,149,D:\profile\research\data\GM_RM017\GM_RM017_frames\000149.png,GM_RM017_000149_ultralytics_yolo11n_downloaded_001,car,0.896823406,0.261,319.515,161.954,407.428,14214.916,true,ultralytics_yolo11n,D:\models\ultralytics\yolo11n.pt,backend_status=available; plug-in detection row only
GM_RM017,ultralytics_yolo11n_downloaded,149,D:\profile\research\data\GM_RM017\GM_RM017_frames\000149.png,GM_RM017_000149_ultralytics_yolo11n_downloaded_002,truck,0.691017628,412.436,221.326,540.327,380.042,20298.362,true,ultralytics_yolo11n,D:\models\ultralytics\yolo11n.pt,backend_status=available; plug-in detection row only
GM_RM017,ultralytics_yolo11n_downloaded,149,D:\profile\research\data\GM_RM017\GM_RM017_frames\000149.png,GM_RM017_000149_ultralytics_yolo11n_downloaded_003,car,0.408665031,87.646,320.315,165.338,361.009,3161.540,true,ultralytics_yolo11n,D:\models\ultralytics\yolo11n.pt,backend_status=available; plug-in detection row only
GM_RM017,ultralytics_yolo11n_downloaded,150,D:\profile\research\data\GM_RM017\GM_RM017_frames\000150.png,GM_RM017_000150_ultralytics_yolo11n_downloaded_001,car,0.894728363,0.468,318.131,187.439,406.628,16546.300,true,ultralytics_yolo11n,D:\models\ultralytics\yolo11n.pt,backend_status=available; plug-in detection row only
GM_RM017,ultralytics_yolo11n_downloaded,150,D:\profile\research\data\GM_RM017\GM_RM017_frames\000150.png,GM_RM017_000150_ultralytics_yolo11n_downloaded_002,truck,0.574271441,433.591,220.776,564.182,382.344,21099.311,true,ultralytics_yolo11n,D:\models\ultralytics\yolo11n.pt,backend_status=available; plug-in detection row only
GM_RM017,ultralytics_yolo11n_downloaded,150,D:\profile\research\data\GM_RM017\GM_RM017_frames\000150.png,GM_RM017_000150_ultralytics_yolo11n_downloaded_003,car,0.333410800,0.028,313.230,34.817,341.356,978.474,true,ultralytics_yolo11n,D:\models\ultralytics\yolo11n.pt,backend_status=available; plug-in detection row only
GM_RM017,ultralytics_yolo11n_downloaded,151,D:\profile\research\data\GM_RM017\GM_RM017_frames\000151.png,GM_RM017_000151_ultralytics_yolo11n_downloaded_001,car,0.898187399,0.335,317.737,214.524,406.317,18972.758,true,ultralytics_yolo11n,D:\models\ultralytics\yolo11n.pt,backend_status=available; plug-in detection row only
GM_RM017,ultralytics_yolo11n_downloaded,151,D:\profile\research\data\GM_RM017\GM_RM017_frames\000151.png,GM_RM017_000151_ultralytics_yolo11n_downloaded_002,truck,0.778826833,457.347,220.654,585.549,380.421,20482.470,true,ultralytics_yolo11n,D:\models\ultralytics\yolo11n.pt,backend_status=available; plug-in detection row only
GM_RM017,ultralytics_yolo11n_downloaded,151,D:\profile\research\data\GM_RM017\GM_RM017_frames\000151.png,GM_RM017_000151_ultralytics_yolo11n_downloaded_003,car,0.437455952,0.448,310.440,51.385,343.187,1668.041,true,ultralytics_yolo11n,D:\models\ultralytics\yolo11n.pt,backend_status=available; plug-in detection row only
GM_RM017,ultralytics_yolo11n_downloaded,152,D:\profile\research\data\GM_RM017\GM_RM017_frames\000152.png,GM_RM017_000152_ultralytics_yolo11n_downloaded_001,car,0.915240943,0.041,316.001,239.622,404.696,21249.690,true,ultralytics_yolo11n,D:\models\ultralytics\yolo11n.pt,backend_status=available; plug-in detection row only
GM_RM017,ultralytics_yolo11n_downloaded,152,D:\profile\research\data\GM_RM017\GM_RM017_frames\000152.png,GM_RM017_000152_ultralytics_yolo11n_downloaded_002,truck,0.579488456,479.634,216.927,610.910,377.776,21115.505,true,ultralytics_yolo11n,D:\models\ultralytics\yolo11n.pt,backend_status=available; plug-in detection row only
GM_RM017,ultralytics_yolo11n_downloaded,152,D:\profile\research\data\GM_RM017\GM_RM017_frames\000152.png,GM_RM017_000152_ultralytics_yolo11n_downloaded_003,car,0.311234653,0.179,308.148,65.538,353.733,2979.380,true,ultralytics_yolo11n,D:\models\ultralytics\yolo11n.pt,backend_status=available; plug-in detection row only
GM_RM017,ultralytics_yolo11n_downloaded,153,D:\profile\research\data\GM_RM017\GM_RM017_frames\000153.png,GM_RM017_000153_ultralytics_yolo11n_downloaded_001,car,0.920622170,0.501,316.323,260.165,407.145,23583.121,true,ultralytics_yolo11n,D:\models\ultralytics\yolo11n.pt,backend_status=available; plug-in detection row only
GM_RM017,ultralytics_yolo11n_downloaded,153,D:\profile\research\data\GM_RM017\GM_RM017_frames\000153.png,GM_RM017_000153_ultralytics_yolo11n_downloaded_002,truck,0.820226252,501.625,213.599,635.584,374.599,21567.254,true,ultralytics_yolo11n,D:\models\ultralytics\yolo11n.pt,backend_status=available; plug-in detection row only
GM_RM017,ultralytics_yolo11n_downloaded,153,D:\profile\research\data\GM_RM017\GM_RM017_frames\000153.png,GM_RM017_000153_ultralytics_yolo11n_downloaded_003,car,0.454041392,0.185,310.094,83.771,358.591,4053.697,true,ultralytics_yolo11n,D:\models\ultralytics\yolo11n.pt,backend_status=available; plug-in detection row only
GM_RM017,ultralytics_yolo11n_downloaded,154,D:\profile\research\data\GM_RM017\GM_RM017_frames\000154.png,GM_RM017_000154_ultralytics_yolo11n_downloaded_001,car,0.898932099,8.868,316.490,283.345,406.494,24703.891,true,ultralytics_yolo11n,D:\models\ultralytics\yolo11n.pt,backend_status=available; plug-in detection row only
GM_RM017,ultralytics_yolo11n_downloaded,154,D:\profile\research\data\GM_RM017\GM_RM017_frames\000154.png,GM_RM017_000154_ultralytics_yolo11n_downloaded_002,truck,0.797115147,519.618,213.763,661.003,377.465,23145.064,true,ultralytics_yolo11n,D:\models\ultralytics\yolo11n.pt,backend_status=available; plug-in detection row only
GM_RM017,ultralytics_yolo11n_downloaded,154,D:\profile\research\data\GM_RM017\GM_RM017_frames\000154.png,GM_RM017_000154_ultralytics_yolo11n_downloaded_003,car,0.521659434,0.126,311.295,99.982,382.834,7143.589,true,ultralytics_yolo11n,D:\models\ultralytics\yolo11n.pt,backend_status=available; plug-in detection row only
GM_RM017,ultralytics_yolo11n_downloaded,155,D:\profile\research\data\GM_RM017\GM_RM017_frames\000155.png,GM_RM017_000155_ultralytics_yolo11n_downloaded_001,car,0.900655866,35.570,317.781,307.062,409.469,24892.527,true,ultralytics_yolo11n,D:\models\ultralytics\yolo11n.pt,backend_status=available; plug-in detection row only
GM_RM017,ultralytics_yolo11n_downloaded,155,D:\profile\research\data\GM_RM017\GM_RM017_frames\000155.png,GM_RM017_000155_ultralytics_yolo11n_downloaded_002,truck,0.722316861,536.089,218.693,686.532,382.834,24693.747,true,ultralytics_yolo11n,D:\models\ultralytics\yolo11n.pt,backend_status=available; plug-in detection row only
GM_RM017,ultralytics_yolo11n_downloaded,155,D:\profile\research\data\GM_RM017\GM_RM017_frames\000155.png,GM_RM017_000155_ultralytics_yolo11n_downloaded_003,car,0.700429738,0.283,312.496,121.419,391.690,9593.227,true,ultralytics_yolo11n,D:\models\ultralytics\yolo11n.pt,backend_status=available; plug-in detection row only
GM_RM017,ultralytics_yolo11n_downloaded,156,D:\profile\research\data\GM_RM017\GM_RM017_frames\000156.png,GM_RM017_000156_ultralytics_yolo11n_downloaded_001,car,0.896542549,55.850,316.856,331.844,410.520,25850.600,true,ultralytics_yolo11n,D:\models\ultralytics\yolo11n.pt,backend_status=available; plug-in detection row only
GM_RM017,ultralytics_yolo11n_downloaded,156,D:\profile\research\data\GM_RM017\GM_RM017_frames\000156.png,GM_RM017_000156_ultralytics_yolo11n_downloaded_002,truck,0.820903778,553.513,214.115,713.603,381.215,26751.005,true,ultralytics_yolo11n,D:\models\ultralytics\yolo11n.pt,backend_status=available; plug-in detection row only
GM_RM017,ultralytics_yolo11n_downloaded,156,D:\profile\research\data\GM_RM017\GM_RM017_frames\000156.png,GM_RM017_000156_ultralytics_yolo11n_downloaded_003,car,0.778523088,0.216,312.166,141.622,394.021,11574.835,true,ultralytics_yolo11n,D:\models\ultralytics\yolo11n.pt,backend_status=available; plug-in detection row only
GM_RM017,ultralytics_yolo11n_downloaded,157,D:\profile\research\data\GM_RM017\GM_RM017_frames\000157.png,GM_RM017_000157_ultralytics_yolo11n_downloaded_001,car,0.887909532,91.926,313.992,354.211,409.842,25139.966,true,ultralytics_yolo11n,D:\models\ultralytics\yolo11n.pt,backend_status=available; plug-in detection row only
GM_RM017,ultralytics_yolo11n_downloaded,157,D:\profile\research\data\GM_RM017\GM_RM017_frames\000157.png,GM_RM017_000157_ultralytics_yolo11n_downloaded_002,truck,0.870173275,571.050,209.034,739.511,376.792,28260.633,true,ultralytics_yolo11n,D:\models\ultralytics\yolo11n.pt,backend_status=available; plug-in detection row only
GM_RM017,ultralytics_yolo11n_downloaded,157,D:\profile\research\data\GM_RM017\GM_RM017_frames\000157.png,GM_RM017_000157_ultralytics_yolo11n_downloaded_003,car,0.841978669,0.071,307.213,156.575,394.225,13617.675,true,ultralytics_yolo11n,D:\models\ultralytics\yolo11n.pt,backend_status=available; plug-in detection row only
GM_RM017,ultralytics_yolo11n_downloaded,158,D:\profile\research\data\GM_RM017\GM_RM017_frames\000158.png,GM_RM017_000158_ultralytics_yolo11n_downloaded_001,car,0.888595402,113.836,313.828,375.030,408.963,24848.542,true,ultralytics_yolo11n,D:\models\ultralytics\yolo11n.pt,backend_status=available; plug-in detection row only
GM_RM017,ultralytics_yolo11n_downloaded,158,D:\profile\research\data\GM_RM017\GM_RM017_frames\000158.png,GM_RM017_000158_ultralytics_yolo11n_downloaded_002,car,0.867802560,0.096,307.926,171.483,394.262,14796.986,true,ultralytics_yolo11n,D:\models\ultralytics\yolo11n.pt,backend_status=available; plug-in detection row only
GM_RM017,ultralytics_yolo11n_downloaded,158,D:\profile\research\data\GM_RM017\GM_RM017_frames\000158.png,GM_RM017_000158_ultralytics_yolo11n_downloaded_003,truck,0.836402416,586.678,207.112,765.974,376.375,30348.120,true,ultralytics_yolo11n,D:\models\ultralytics\yolo11n.pt,backend_status=available; plug-in detection row only
GM_RM017,ultralytics_yolo11n_downloaded,158,D:\profile\research\data\GM_RM017\GM_RM017_frames\000158.png,GM_RM017_000158_ultralytics_yolo11n_downloaded_004,fire hydrant,0.634373426,17.569,418.982,63.390,503.234,3860.485,false,ultralytics_yolo11n,D:\models\ultralytics\yolo11n.pt,backend_status=available; plug-in detection row only
GM_RM017,ultralytics_yolo11n_downloaded,159,D:\profile\research\data\GM_RM017\GM_RM017_frames\000159.png,GM_RM017_000159_ultralytics_yolo11n_downloaded_001,car,0.911808968,133.054,313.333,400.389,409.799,25788.655,true,ultralytics_yolo11n,D:\models\ultralytics\yolo11n.pt,backend_status=available; plug-in detection row only
GM_RM017,ultralytics_yolo11n_downloaded,159,D:\profile\research\data\GM_RM017\GM_RM017_frames\000159.png,GM_RM017_000159_ultralytics_yolo11n_downloaded_002,car,0.888409317,0.301,308.588,190.091,398.078,16984.243,true,ultralytics_yolo11n,D:\models\ultralytics\yolo11n.pt,backend_status=available; plug-in detection row only
GM_RM017,ultralytics_yolo11n_downloaded,159,D:\profile\research\data\GM_RM017\GM_RM017_frames\000159.png,GM_RM017_000159_ultralytics_yolo11n_downloaded_003,fire hydrant,0.802195489,62.401,417.357,106.877,503.585,3835.029,false,ultralytics_yolo11n,D:\models\ultralytics\yolo11n.pt,backend_status=available; plug-in detection row only
GM_RM017,ultralytics_yolo11n_downloaded,159,D:\profile\research\data\GM_RM017\GM_RM017_frames\000159.png,GM_RM017_000159_ultralytics_yolo11n_downloaded_004,truck,0.757404864,601.431,206.053,797.385,376.265,33353.669,true,ultralytics_yolo11n,D:\models\ultralytics\yolo11n.pt,backend_status=available; plug-in detection row only
GM_RM017,ultralytics_yolo11n_downloaded,160,D:\profile\research\data\GM_RM017\GM_RM017_frames\000160.png,GM_RM017_000160_ultralytics_yolo11n_downloaded_001,car,0.911059558,0.023,305.217,204.520,396.383,18643.109,true,ultralytics_yolo11n,D:\models\ultralytics\yolo11n.pt,backend_status=available; plug-in detection row only
GM_RM017,ultralytics_yolo11n_downloaded,160,D:\profile\research\data\GM_RM017\GM_RM017_frames\000160.png,GM_RM017_000160_ultralytics_yolo11n_downloaded_002,car,0.905138671,156.828,311.799,422.133,408.836,25744.145,true,ultralytics_yolo11n,D:\models\ultralytics\yolo11n.pt,backend_status=available; plug-in detection row only
GM_RM017,ultralytics_yolo11n_downloaded,160,D:\profile\research\data\GM_RM017\GM_RM017_frames\000160.png,GM_RM017_000160_ultralytics_yolo11n_downloaded_003,fire hydrant,0.825417697,105.482,413.436,149.972,503.168,3992.197,false,ultralytics_yolo11n,D:\models\ultralytics\yolo11n.pt,backend_status=available; plug-in detection row only
GM_RM017,ultralytics_yolo11n_downloaded,160,D:\profile\research\data\GM_RM017\GM_RM017_frames\000160.png,GM_RM017_000160_ultralytics_yolo11n_downloaded_004,truck,0.397812396,619.242,205.329,799.260,375.997,30723.443,true,ultralytics_yolo11n,D:\models\ultralytics\yolo11n.pt,backend_status=available; plug-in detection row only
GM_RM017,ultralytics_yolo11n_downloaded,161,D:\profile\research\data\GM_RM017\GM_RM017_frames\000161.png,GM_RM017_000161_ultralytics_yolo11n_downloaded_001,car,0.905670464,177.039,309.558,445.039,407.987,26379.067,true,ultralytics_yolo11n,D:\models\ultralytics\yolo11n.pt,backend_status=available; plug-in detection row only
GM_RM017,ultralytics_yolo11n_downloaded,161,D:\profile\research\data\GM_RM017\GM_RM017_frames\000161.png,GM_RM017_000161_ultralytics_yolo11n_downloaded_002,car,0.886607826,1.347,303.056,221.976,395.415,20377.110,true,ultralytics_yolo11n,D:\models\ultralytics\yolo11n.pt,backend_status=available; plug-in detection row only
GM_RM017,ultralytics_yolo11n_downloaded,161,D:\profile\research\data\GM_RM017\GM_RM017_frames\000161.png,GM_RM017_000161_ultralytics_yolo11n_downloaded_003,fire hydrant,0.860289395,147.601,411.017,194.704,502.613,4314.486,false,ultralytics_yolo11n,D:\models\ultralytics\yolo11n.pt,backend_status=available; plug-in detection row only
GM_RM017,ultralytics_yolo11n_downloaded,161,D:\profile\research\data\GM_RM017\GM_RM017_frames\000161.png,GM_RM017_000161_ultralytics_yolo11n_downloaded_004,truck,0.468030304,634.469,204.875,799.441,376.538,28319.616,true,ultralytics_yolo11n,D:\models\ultralytics\yolo11n.pt,backend_status=available; plug-in detection row only
GM_RM017,ultralytics_yolo11n_downloaded,162,D:\profile\research\data\GM_RM017\GM_RM017_frames\000162.png,GM_RM017_000162_ultralytics_yolo11n_downloaded_001,car,0.921292722,199.493,308.595,471.571,405.523,26372.138,true,ultralytics_yolo11n,D:\models\ultralytics\yolo11n.pt,backend_status=available; plug-in detection row only
GM_RM017,ultralytics_yolo11n_downloaded,162,D:\profile\research\data\GM_RM017\GM_RM017_frames\000162.png,GM_RM017_000162_ultralytics_yolo11n_downloaded_002,car,0.908887208,20.898,300.917,238.877,392.754,20018.529,true,ultralytics_yolo11n,D:\models\ultralytics\yolo11n.pt,backend_status=available; plug-in detection row only
GM_RM017,ultralytics_yolo11n_downloaded,162,D:\profile\research\data\GM_RM017\GM_RM017_frames\000162.png,GM_RM017_000162_ultralytics_yolo11n_downloaded_003,fire hydrant,0.867124379,194.972,409.504,239.678,501.591,4116.803,false,ultralytics_yolo11n,D:\models\ultralytics\yolo11n.pt,backend_status=available; plug-in detection row only
GM_RM017,ultralytics_yolo11n_downloaded,162,D:\profile\research\data\GM_RM017\GM_RM017_frames\000162.png,GM_RM017_000162_ultralytics_yolo11n_downloaded_004,car,0.650959730,0.196,326.329,68.132,374.979,3305.111,true,ultralytics_yolo11n,D:\models\ultralytics\yolo11n.pt,backend_status=available; plug-in detection row only
GM_RM017,ultralytics_yolo11n_downloaded,162,D:\profile\research\data\GM_RM017\GM_RM017_frames\000162.png,GM_RM017_000162_ultralytics_yolo11n_downloaded_005,truck,0.623386264,647.343,203.112,799.511,369.989,25393.471,true,ultralytics_yolo11n,D:\models\ultralytics\yolo11n.pt,backend_status=available; plug-in detection row only
GM_RM017,ultralytics_yolo11n_downloaded,163,D:\profile\research\data\GM_RM017\GM_RM017_frames\000163.png,GM_RM017_000163_ultralytics_yolo11n_downloaded_001,car,0.906358123,221.877,306.817,494.898,402.695,26176.454,true,ultralytics_yolo11n,D:\models\ultralytics\yolo11n.pt,backend_status=available; plug-in detection row only
GM_RM017,ultralytics_yolo11n_downloaded,163,D:\profile\research\data\GM_RM017\GM_RM017_frames\000163.png,GM_RM017_000163_ultralytics_yolo11n_downloaded_002,car,0.872948229,37.722,299.859,253.785,392.774,20075.424,true,ultralytics_yolo11n,D:\models\ultralytics\yolo11n.pt,backend_status=available; plug-in detection row only
GM_RM017,ultralytics_yolo11n_downloaded,163,D:\profile\research\data\GM_RM017\GM_RM017_frames\000163.png,GM_RM017_000163_ultralytics_yolo11n_downloaded_003,fire hydrant,0.807563365,239.859,410.351,286.249,501.346,4221.250,false,ultralytics_yolo11n,D:\models\ultralytics\yolo11n.pt,backend_status=available; plug-in detection row only
GM_RM017,ultralytics_yolo11n_downloaded,163,D:\profile\research\data\GM_RM017\GM_RM017_frames\000163.png,GM_RM017_000163_ultralytics_yolo11n_downloaded_004,car,0.628022313,0.162,324.973,85.032,375.578,4294.842,true,ultralytics_yolo11n,D:\models\ultralytics\yolo11n.pt,backend_status=available; plug-in detection row only
GM_RM017,ultralytics_yolo11n_downloaded,163,D:\profile\research\data\GM_RM017\GM_RM017_frames\000163.png,GM_RM017_000163_ultralytics_yolo11n_downloaded_005,truck,0.366876900,669.563,204.124,799.458,371.153,21696.266,true,ultralytics_yolo11n,D:\models\ultralytics\yolo11n.pt,backend_status=available; plug-in detection row only
GM_RM017,ultralytics_yolo11n_downloaded,164,D:\profile\research\data\GM_RM017\GM_RM017_frames\000164.png,GM_RM017_000164_ultralytics_yolo11n_downloaded_001,car,0.928247392,244.194,306.799,519.410,403.796,26695.209,true,ultralytics_yolo11n,D:\models\ultralytics\yolo11n.pt,backend_status=available; plug-in detection row only
GM_RM017,ultralytics_yolo11n_downloaded,164,D:\profile\research\data\GM_RM017\GM_RM017_frames\000164.png,GM_RM017_000164_ultralytics_yolo11n_downloaded_002,car,0.899983227,54.355,300.203,271.195,391.576,19813.167,true,ultralytics_yolo11n,D:\models\ultralytics\yolo11n.pt,backend_status=available; plug-in detection row only
GM_RM017,ultralytics_yolo11n_downloaded,164,D:\profile\research\data\GM_RM017\GM_RM017_frames\000164.png,GM_RM017_000164_ultralytics_yolo11n_downloaded_003,fire hydrant,0.871925175,286.903,408.554,335.542,502.044,4547.226,false,ultralytics_yolo11n,D:\models\ultralytics\yolo11n.pt,backend_status=available; plug-in detection row only
GM_RM017,ultralytics_yolo11n_downloaded,164,D:\profile\research\data\GM_RM017\GM_RM017_frames\000164.png,GM_RM017_000164_ultralytics_yolo11n_downloaded_004,car,0.433032751,0.201,325.020,100.004,376.841,5171.941,true,ultralytics_yolo11n,D:\models\ultralytics\yolo11n.pt,backend_status=available; plug-in detection row only
GM_RM017,ultralytics_yolo11n_downloaded,164,D:\profile\research\data\GM_RM017\GM_RM017_frames\000164.png,GM_RM017_000164_ultralytics_yolo11n_downloaded_005,potted plant,0.302274197,562.156,321.636,624.759,412.442,5684.712,false,ultralytics_yolo11n,D:\models\ultralytics\yolo11n.pt,backend_status=available; plug-in detection row only
GM_RM017,ultralytics_yolo11n_downloaded,165,D:\profile\research\data\GM_RM017\GM_RM017_frames\000165.png,GM_RM017_000165_ultralytics_yolo11n_downloaded_001,car,0.907682002,265.711,305.540,545.025,404.986,27776.466,true,ultralytics_yolo11n,D:\models\ultralytics\yolo11n.pt,backend_status=available; plug-in detection row only
GM_RM017,ultralytics_yolo11n_downloaded,165,D:\profile\research\data\GM_RM017\GM_RM017_frames\000165.png,GM_RM017_000165_ultralytics_yolo11n_downloaded_002,fire hydrant,0.878293276,337.703,408.786,386.134,504.109,4616.581,false,ultralytics_yolo11n,D:\models\ultralytics\yolo11n.pt,backend_status=available; plug-in detection row only
GM_RM017,ultralytics_yolo11n_downloaded,165,D:\profile\research\data\GM_RM017\GM_RM017_frames\000165.png,GM_RM017_000165_ultralytics_yolo11n_downloaded_003,car,0.864327431,71.999,299.956,289.337,392.883,20196.644,true,ultralytics_yolo11n,D:\models\ultralytics\yolo11n.pt,backend_status=available; plug-in detection row only
GM_RM017,ultralytics_yolo11n_downloaded,165,D:\profile\research\data\GM_RM017\GM_RM017_frames\000165.png,GM_RM017_000165_ultralytics_yolo11n_downloaded_004,potted plant,0.700018585,575.310,316.288,655.893,412.886,7784.222,false,ultralytics_yolo11n,D:\models\ultralytics\yolo11n.pt,backend_status=available; plug-in detection row only
GM_RM017,ultralytics_yolo11n_downloaded,165,D:\profile\research\data\GM_RM017\GM_RM017_frames\000165.png,GM_RM017_000165_ultralytics_yolo11n_downloaded_005,car,0.545754135,0.954,324.047,115.535,382.331,6678.285,true,ultralytics_yolo11n,D:\models\ultralytics\yolo11n.pt,backend_status=available; plug-in detection row only
GM_RM017,ultralytics_yolo11n_downloaded,166,D:\profile\research\data\GM_RM017\GM_RM017_frames\000166.png,GM_RM017_000166_ultralytics_yolo11n_downloaded_001,car,0.913847387,288.943,304.491,572.401,403.345,28021.132,true,ultralytics_yolo11n,D:\models\ultralytics\yolo11n.pt,backend_status=available; plug-in detection row only
GM_RM017,ultralytics_yolo11n_downloaded,166,D:\profile\research\data\GM_RM017\GM_RM017_frames\000166.png,GM_RM017_000166_ultralytics_yolo11n_downloaded_002,car,0.897285759,86.428,299.655,308.293,391.152,20300.029,true,ultralytics_yolo11n,D:\models\ultralytics\yolo11n.pt,backend_status=available; plug-in detection row only
GM_RM017,ultralytics_yolo11n_downloaded,166,D:\profile\research\data\GM_RM017\GM_RM017_frames\000166.png,GM_RM017_000166_ultralytics_yolo11n_downloaded_003,fire hydrant,0.885583401,390.227,408.926,437.604,504.423,4524.383,false,ultralytics_yolo11n,D:\models\ultralytics\yolo11n.pt,backend_status=available; plug-in detection row only
GM_RM017,ultralytics_yolo11n_downloaded,166,D:\profile\research\data\GM_RM017\GM_RM017_frames\000166.png,GM_RM017_000166_ultralytics_yolo11n_downloaded_004,car,0.590973318,1.490,322.226,132.996,383.655,8078.211,true,ultralytics_yolo11n,D:\models\ultralytics\yolo11n.pt,backend_status=available; plug-in detection row only
GM_RM017,ultralytics_yolo11n_downloaded,167,D:\profile\research\data\GM_RM017\GM_RM017_frames\000167.png,GM_RM017_000167_ultralytics_yolo11n_downloaded_001,car,0.938746452,313.477,301.065,600.005,402.065,28939.316,true,ultralytics_yolo11n,D:\models\ultralytics\yolo11n.pt,backend_status=available; plug-in detection row only
GM_RM017,ultralytics_yolo11n_downloaded,167,D:\profile\research\data\GM_RM017\GM_RM017_frames\000167.png,GM_RM017_000167_ultralytics_yolo11n_downloaded_002,car,0.884033203,102.443,297.921,323.748,389.246,20210.682,true,ultralytics_yolo11n,D:\models\ultralytics\yolo11n.pt,backend_status=available; plug-in detection row only
GM_RM017,ultralytics_yolo11n_downloaded,167,D:\profile\research\data\GM_RM017\GM_RM017_frames\000167.png,GM_RM017_000167_ultralytics_yolo11n_downloaded_003,fire hydrant,0.865839243,442.050,406.068,488.873,503.777,4574.971,false,ultralytics_yolo11n,D:\models\ultralytics\yolo11n.pt,backend_status=available; plug-in detection row only
GM_RM017,ultralytics_yolo11n_downloaded,167,D:\profile\research\data\GM_RM017\GM_RM017_frames\000167.png,GM_RM017_000167_ultralytics_yolo11n_downloaded_004,car,0.816667557,0.000,320.888,149.428,384.751,9542.813,true,ultralytics_yolo11n,D:\models\ultralytics\yolo11n.pt,backend_status=available; plug-in detection row only
GM_RM017,ultralytics_yolo11n_downloaded,167,D:\profile\research\data\GM_RM017\GM_RM017_frames\000167.png,GM_RM017_000167_ultralytics_yolo11n_downloaded_005,potted plant,0.351015985,636.408,314.673,719.547,410.045,7929.093,false,ultralytics_yolo11n,D:\models\ultralytics\yolo11n.pt,backend_status=available; plug-in detection row only
GM_RM017,ultralytics_yolo11n_downloaded,168,D:\profile\research\data\GM_RM017\GM_RM017_frames\000168.png,GM_RM017_000168_ultralytics_yolo11n_downloaded_001,car,0.919153273,337.297,300.633,627.128,402.101,29408.497,true,ultralytics_yolo11n,D:\models\ultralytics\yolo11n.pt,backend_status=available; plug-in detection row only
GM_RM017,ultralytics_yolo11n_downloaded,168,D:\profile\research\data\GM_RM017\GM_RM017_frames\000168.png,GM_RM017_000168_ultralytics_yolo11n_downloaded_002,fire hydrant,0.912826896,495.687,407.106,546.443,504.076,4921.806,false,ultralytics_yolo11n,D:\models\ultralytics\yolo11n.pt,backend_status=available; plug-in detection row only
GM_RM017,ultralytics_yolo11n_downloaded,168,D:\profile\research\data\GM_RM017\GM_RM017_frames\000168.png,GM_RM017_000168_ultralytics_yolo11n_downloaded_003,car,0.896704137,119.463,297.651,343.173,389.881,20632.732,true,ultralytics_yolo11n,D:\models\ultralytics\yolo11n.pt,backend_status=available; plug-in detection row only
GM_RM017,ultralytics_yolo11n_downloaded,168,D:\profile\research\data\GM_RM017\GM_RM017_frames\000168.png,GM_RM017_000168_ultralytics_yolo11n_downloaded_004,car,0.853361905,0.029,319.645,167.071,384.436,10822.776,true,ultralytics_yolo11n,D:\models\ultralytics\yolo11n.pt,backend_status=available; plug-in detection row only
GM_RM017,ultralytics_yolo11n_downloaded,168,D:\profile\research\data\GM_RM017\GM_RM017_frames\000168.png,GM_RM017_000168_ultralytics_yolo11n_downloaded_005,potted plant,0.281243056,663.330,312.976,752.728,410.283,8699.081,false,ultralytics_yolo11n,D:\models\ultralytics\yolo11n.pt,backend_status=available; plug-in detection row only
GM_RM017,ultralytics_yolo11n_downloaded,169,D:\profile\research\data\GM_RM017\GM_RM017_frames\000169.png,GM_RM017_000169_ultralytics_yolo11n_downloaded_001,car,0.940188169,363.637,297.917,656.036,399.878,29813.464,true,ultralytics_yolo11n,D:\models\ultralytics\yolo11n.pt,backend_status=available; plug-in detection row only
GM_RM017,ultralytics_yolo11n_downloaded,169,D:\profile\research\data\GM_RM017\GM_RM017_frames\000169.png,GM_RM017_000169_ultralytics_yolo11n_downloaded_002,car,0.884314656,131.478,296.011,362.093,387.431,21082.764,true,ultralytics_yolo11n,D:\models\ultralytics\yolo11n.pt,backend_status=available; plug-in detection row only
GM_RM017,ultralytics_yolo11n_downloaded,169,D:\profile\research\data\GM_RM017\GM_RM017_frames\000169.png,GM_RM017_000169_ultralytics_yolo11n_downloaded_003,car,0.860676706,12.477,318.466,179.442,381.757,10567.459,true,ultralytics_yolo11n,D:\models\ultralytics\yolo11n.pt,backend_status=available; plug-in detection row only
GM_RM017,ultralytics_yolo11n_downloaded,169,D:\profile\research\data\GM_RM017\GM_RM017_frames\000169.png,GM_RM017_000169_ultralytics_yolo11n_downloaded_004,fire hydrant,0.854570210,552.858,399.541,600.638,501.904,4890.912,false,ultralytics_yolo11n,D:\models\ultralytics\yolo11n.pt,backend_status=available; plug-in detection row only
GM_RM017,ultralytics_yolo11n_downloaded,169,D:\profile\research\data\GM_RM017\GM_RM017_frames\000169.png,GM_RM017_000169_ultralytics_yolo11n_downloaded_005,potted plant,0.374705344,691.150,301.640,799.541,406.472,11362.781,false,ultralytics_yolo11n,D:\models\ultralytics\yolo11n.pt,backend_status=available; plug-in detection row only
GM_RM017,ultralytics_yolo11n_downloaded,170,D:\profile\research\data\GM_RM017\GM_RM017_frames\000170.png,GM_RM017_000170_ultralytics_yolo11n_downloaded_001,car,0.937728405,386.680,295.923,684.396,399.271,30768.306,true,ultralytics_yolo11n,D:\models\ultralytics\yolo11n.pt,backend_status=available; plug-in detection row only
GM_RM017,ultralytics_yolo11n_downloaded,170,D:\profile\research\data\GM_RM017\GM_RM017_frames\000170.png,GM_RM017_000170_ultralytics_yolo11n_downloaded_002,fire hydrant,0.914851665,607.590,397.572,660.084,502.154,5489.909,false,ultralytics_yolo11n,D:\models\ultralytics\yolo11n.pt,backend_status=available; plug-in detection row only
GM_RM017,ultralytics_yolo11n_downloaded,170,D:\profile\research\data\GM_RM017\GM_RM017_frames\000170.png,GM_RM017_000170_ultralytics_yolo11n_downloaded_003,car,0.903590024,27.236,317.346,196.012,383.163,11108.444,true,ultralytics_yolo11n,D:\models\ultralytics\yolo11n.pt,backend_status=available; plug-in detection row only
GM_RM017,ultralytics_yolo11n_downloaded,170,D:\profile\research\data\GM_RM017\GM_RM017_frames\000170.png,GM_RM017_000170_ultralytics_yolo11n_downloaded_004,car,0.883356333,155.659,293.377,381.598,387.680,21306.702,true,ultralytics_yolo11n,D:\models\ultralytics\yolo11n.pt,backend_status=available; plug-in detection row only
GM_RM017,ultralytics_yolo11n_downloaded,171,D:\profile\research\data\GM_RM017\GM_RM017_frames\000171.png,GM_RM017_000171_ultralytics_yolo11n_downloaded_001,car,0.917771816,414.131,294.594,716.514,398.413,31393.258,true,ultralytics_yolo11n,D:\models\ultralytics\yolo11n.pt,backend_status=available; plug-in detection row only
GM_RM017,ultralytics_yolo11n_downloaded,171,D:\profile\research\data\GM_RM017\GM_RM017_frames\000171.png,GM_RM017_000171_ultralytics_yolo11n_downloaded_002,fire hydrant,0.899895966,666.993,398.675,723.445,503.000,5889.359,false,ultralytics_yolo11n,D:\models\ultralytics\yolo11n.pt,backend_status=available; plug-in detection row only
GM_RM017,ultralytics_yolo11n_downloaded,171,D:\profile\research\data\GM_RM017\GM_RM017_frames\000171.png,GM_RM017_000171_ultralytics_yolo11n_downloaded_003,car,0.898727953,42.564,316.720,210.641,382.303,11022.971,true,ultralytics_yolo11n,D:\models\ultralytics\yolo11n.pt,backend_status=available; plug-in detection row only
GM_RM017,ultralytics_yolo11n_downloaded,171,D:\profile\research\data\GM_RM017\GM_RM017_frames\000171.png,GM_RM017_000171_ultralytics_yolo11n_downloaded_004,car,0.896752715,172.062,291.851,401.687,386.287,21684.799,true,ultralytics_yolo11n,D:\models\ultralytics\yolo11n.pt,backend_status=available; plug-in detection row only
GM_RM017,ultralytics_yolo11n_downloaded,171,D:\profile\research\data\GM_RM017\GM_RM017_frames\000171.png,GM_RM017_000171_ultralytics_yolo11n_downloaded_005,fire hydrant,0.566030741,751.242,304.087,799.704,476.587,8359.674,false,ultralytics_yolo11n,D:\models\ultralytics\yolo11n.pt,backend_status=available; plug-in detection row only
GM_RM017,ultralytics_yolo11n_downloaded,172,D:\profile\research\data\GM_RM017\GM_RM017_frames\000172.png,GM_RM017_000172_ultralytics_yolo11n_downloaded_001,car,0.932696700,439.174,294.789,744.732,399.401,31965.189,true,ultralytics_yolo11n,D:\models\ultralytics\yolo11n.pt,backend_status=available; plug-in detection row only
GM_RM017,ultralytics_yolo11n_downloaded,172,D:\profile\research\data\GM_RM017\GM_RM017_frames\000172.png,GM_RM017_000172_ultralytics_yolo11n_downloaded_002,car,0.886117339,56.957,316.770,225.376,383.700,11272.245,true,ultralytics_yolo11n,D:\models\ultralytics\yolo11n.pt,backend_status=available; plug-in detection row only
GM_RM017,ultralytics_yolo11n_downloaded,172,D:\profile\research\data\GM_RM017\GM_RM017_frames\000172.png,GM_RM017_000172_ultralytics_yolo11n_downloaded_003,car,0.875814736,189.239,291.975,421.458,387.675,22223.361,true,ultralytics_yolo11n,D:\models\ultralytics\yolo11n.pt,backend_status=available; plug-in detection row only
GM_RM017,ultralytics_yolo11n_downloaded,172,D:\profile\research\data\GM_RM017\GM_RM017_frames\000172.png,GM_RM017_000172_ultralytics_yolo11n_downloaded_004,fire hydrant,0.854045570,730.477,398.963,788.826,504.263,6144.149,false,ultralytics_yolo11n,D:\models\ultralytics\yolo11n.pt,backend_status=available; plug-in detection row only
GM_RM017,ultralytics_yolo11n_downloaded,173,D:\profile\research\data\GM_RM017\GM_RM017_frames\000173.png,GM_RM017_000173_ultralytics_yolo11n_downloaded_001,car,0.934017062,463.513,293.038,778.283,398.288,33129.628,true,ultralytics_yolo11n,D:\models\ultralytics\yolo11n.pt,backend_status=available; plug-in detection row only
GM_RM017,ultralytics_yolo11n_downloaded,173,D:\profile\research\data\GM_RM017\GM_RM017_frames\000173.png,GM_RM017_000173_ultralytics_yolo11n_downloaded_002,car,0.884126782,71.670,315.952,242.633,382.428,11364.850,true,ultralytics_yolo11n,D:\models\ultralytics\yolo11n.pt,backend_status=available; plug-in detection row only
GM_RM017,ultralytics_yolo11n_downloaded,173,D:\profile\research\data\GM_RM017\GM_RM017_frames\000173.png,GM_RM017_000173_ultralytics_yolo11n_downloaded_003,car,0.867692471,214.647,290.682,442.633,386.512,21847.830,true,ultralytics_yolo11n,D:\models\ultralytics\yolo11n.pt,backend_status=available; plug-in detection row only
GM_RM017,ultralytics_yolo11n_downloaded,174,D:\profile\research\data\GM_RM017\GM_RM017_frames\000174.png,GM_RM017_000174_ultralytics_yolo11n_downloaded_001,car,0.923837721,490.876,291.218,799.609,396.197,32410.558,true,ultralytics_yolo11n,D:\models\ultralytics\yolo11n.pt,backend_status=available; plug-in detection row only
GM_RM017,ultralytics_yolo11n_downloaded,174,D:\profile\research\data\GM_RM017\GM_RM017_frames\000174.png,GM_RM017_000174_ultralytics_yolo11n_downloaded_002,car,0.856752157,236.912,289.894,463.444,386.261,21830.254,true,ultralytics_yolo11n,D:\models\ultralytics\yolo11n.pt,backend_status=available; plug-in detection row only
GM_RM017,ultralytics_yolo11n_downloaded,174,D:\profile\research\data\GM_RM017\GM_RM017_frames\000174.png,GM_RM017_000174_ultralytics_yolo11n_downloaded_003,car,0.854711354,89.297,315.262,262.148,382.749,11665.188,true,ultralytics_yolo11n,D:\models\ultralytics\yolo11n.pt,backend_status=available; plug-in detection row only
GM_RM017,ultralytics_yolo11n_downloaded,175,D:\profile\research\data\GM_RM017\GM_RM017_frames\000175.png,GM_RM017_000175_ultralytics_yolo11n_downloaded_001,car,0.937373102,515.678,291.624,799.567,397.887,30166.823,true,ultralytics_yolo11n,D:\models\ultralytics\yolo11n.pt,backend_status=available; plug-in detection row only
GM_RM017,ultralytics_yolo11n_downloaded,175,D:\profile\research\data\GM_RM017\GM_RM017_frames\000175.png,GM_RM017_000175_ultralytics_yolo11n_downloaded_002,car,0.897962630,255.725,288.750,485.038,388.119,22786.728,true,ultralytics_yolo11n,D:\models\ultralytics\yolo11n.pt,backend_status=available; plug-in detection row only
GM_RM017,ultralytics_yolo11n_downloaded,175,D:\profile\research\data\GM_RM017\GM_RM017_frames\000175.png,GM_RM017_000175_ultralytics_yolo11n_downloaded_003,car,0.863911092,105.388,316.977,278.567,383.490,11518.663,true,ultralytics_yolo11n,D:\models\ultralytics\yolo11n.pt,backend_status=available; plug-in detection row only
GM_RM017,ultralytics_yolo11n_downloaded,176,D:\profile\research\data\GM_RM017\GM_RM017_frames\000176.png,GM_RM017_000176_ultralytics_yolo11n_downloaded_001,car,0.927033365,539.312,288.051,799.528,395.993,28088.191,true,ultralytics_yolo11n,D:\models\ultralytics\yolo11n.pt,backend_status=available; plug-in detection row only
GM_RM017,ultralytics_yolo11n_downloaded,176,D:\profile\research\data\GM_RM017\GM_RM017_frames\000176.png,GM_RM017_000176_ultralytics_yolo11n_downloaded_002,car,0.887480974,274.550,285.055,505.390,384.291,22907.728,true,ultralytics_yolo11n,D:\models\ultralytics\yolo11n.pt,backend_status=available; plug-in detection row only
GM_RM017,ultralytics_yolo11n_downloaded,176,D:\profile\research\data\GM_RM017\GM_RM017_frames\000176.png,GM_RM017_000176_ultralytics_yolo11n_downloaded_003,car,0.868954897,118.120,314.280,295.954,381.275,11913.913,true,ultralytics_yolo11n,D:\models\ultralytics\yolo11n.pt,backend_status=available; plug-in detection row only
GM_RM017,ultralytics_yolo11n_downloaded,177,D:\profile\research\data\GM_RM017\GM_RM017_frames\000177.png,GM_RM017_000177_ultralytics_yolo11n_downloaded_001,car,0.934035540,562.091,285.137,799.633,392.585,25523.482,true,ultralytics_yolo11n,D:\models\ultralytics\yolo11n.pt,backend_status=available; plug-in detection row only
GM_RM017,ultralytics_yolo11n_downloaded,177,D:\profile\research\data\GM_RM017\GM_RM017_frames\000177.png,GM_RM017_000177_ultralytics_yolo11n_downloaded_002,car,0.869618237,293.639,281.832,525.503,381.121,23021.676,true,ultralytics_yolo11n,D:\models\ultralytics\yolo11n.pt,backend_status=available; plug-in detection row only
GM_RM017,ultralytics_yolo11n_downloaded,177,D:\profile\research\data\GM_RM017\GM_RM017_frames\000177.png,GM_RM017_000177_ultralytics_yolo11n_downloaded_003,car,0.867260933,132.685,310.154,312.865,377.977,12220.490,true,ultralytics_yolo11n,D:\models\ultralytics\yolo11n.pt,backend_status=available; plug-in detection row only
GM_RM017,ultralytics_yolo11n_downloaded,178,D:\profile\research\data\GM_RM017\GM_RM017_frames\000178.png,GM_RM017_000178_ultralytics_yolo11n_downloaded_001,car,0.909971535,589.206,281.815,799.302,390.487,22831.392,true,ultralytics_yolo11n,D:\models\ultralytics\yolo11n.pt,backend_status=available; plug-in detection row only
GM_RM017,ultralytics_yolo11n_downloaded,178,D:\profile\research\data\GM_RM017\GM_RM017_frames\000178.png,GM_RM017_000178_ultralytics_yolo11n_downloaded_002,car,0.906046093,310.533,279.993,546.443,381.384,23919.277,true,ultralytics_yolo11n,D:\models\ultralytics\yolo11n.pt,backend_status=available; plug-in detection row only
GM_RM017,ultralytics_yolo11n_downloaded,178,D:\profile\research\data\GM_RM017\GM_RM017_frames\000178.png,GM_RM017_000178_ultralytics_yolo11n_downloaded_003,car,0.884839237,148.006,308.885,329.871,376.029,12211.259,true,ultralytics_yolo11n,D:\models\ultralytics\yolo11n.pt,backend_status=available; plug-in detection row only
GM_RM017,ultralytics_yolo11n_downloaded,179,D:\profile\research\data\GM_RM017\GM_RM017_frames\000179.png,GM_RM017_000179_ultralytics_yolo11n_downloaded_001,car,0.903937042,613.749,285.288,799.427,392.430,19893.764,true,ultralytics_yolo11n,D:\models\ultralytics\yolo11n.pt,backend_status=available; plug-in detection row only
GM_RM017,ultralytics_yolo11n_downloaded,179,D:\profile\research\data\GM_RM017\GM_RM017_frames\000179.png,GM_RM017_000179_ultralytics_yolo11n_downloaded_002,car,0.870534062,332.319,282.238,570.432,382.262,23816.997,true,ultralytics_yolo11n,D:\models\ultralytics\yolo11n.pt,backend_status=available; plug-in detection row only
GM_RM017,ultralytics_yolo11n_downloaded,179,D:\profile\research\data\GM_RM017\GM_RM017_frames\000179.png,GM_RM017_000179_ultralytics_yolo11n_downloaded_003,car,0.867066562,163.660,309.538,348.389,379.344,12895.355,true,ultralytics_yolo11n,D:\models\ultralytics\yolo11n.pt,backend_status=available; plug-in detection row only
GM_RM017,ultralytics_yolo11n_downloaded,180,D:\profile\research\data\GM_RM017\GM_RM017_frames\000180.png,GM_RM017_000180_ultralytics_yolo11n_downloaded_001,car,0.916548133,641.698,288.077,799.926,393.624,16700.406,true,ultralytics_yolo11n,D:\models\ultralytics\yolo11n.pt,backend_status=available; plug-in detection row only
GM_RM017,ultralytics_yolo11n_downloaded,180,D:\profile\research\data\GM_RM017\GM_RM017_frames\000180.png,GM_RM017_000180_ultralytics_yolo11n_downloaded_002,car,0.908228755,352.224,282.819,591.860,382.862,23973.975,true,ultralytics_yolo11n,D:\models\ultralytics\yolo11n.pt,backend_status=available; plug-in detection row only
GM_RM017,ultralytics_yolo11n_downloaded,180,D:\profile\research\data\GM_RM017\GM_RM017_frames\000180.png,GM_RM017_000180_ultralytics_yolo11n_downloaded_003,car,0.860916078,179.169,311.527,367.899,379.643,12855.613,true,ultralytics_yolo11n,D:\models\ultralytics\yolo11n.pt,backend_status=available; plug-in detection row only
GM_RM017,ultralytics_yolo11n_downloaded,181,D:\profile\research\data\GM_RM017\GM_RM017_frames\000181.png,GM_RM017_000181_ultralytics_yolo11n_downloaded_001,car,0.918291867,196.008,311.267,382.031,379.952,12777.001,true,ultralytics_yolo11n,D:\models\ultralytics\yolo11n.pt,backend_status=available; plug-in detection row only
GM_RM017,ultralytics_yolo11n_downloaded,181,D:\profile\research\data\GM_RM017\GM_RM017_frames\000181.png,GM_RM017_000181_ultralytics_yolo11n_downloaded_002,car,0.882105589,374.017,281.815,614.976,383.103,24406.358,true,ultralytics_yolo11n,D:\models\ultralytics\yolo11n.pt,backend_status=available; plug-in detection row only
GM_RM017,ultralytics_yolo11n_downloaded,181,D:\profile\research\data\GM_RM017\GM_RM017_frames\000181.png,GM_RM017_000181_ultralytics_yolo11n_downloaded_003,car,0.879719377,667.677,290.247,799.892,392.124,13469.611,true,ultralytics_yolo11n,D:\models\ultralytics\yolo11n.pt,backend_status=available; plug-in detection row only
GM_RM017,ultralytics_yolo11n_downloaded,182,D:\profile\research\data\GM_RM017\GM_RM017_frames\000182.png,GM_RM017_000182_ultralytics_yolo11n_downloaded_001,car,0.923968136,211.595,314.010,403.737,381.210,12912.095,true,ultralytics_yolo11n,D:\models\ultralytics\yolo11n.pt,backend_status=available; plug-in detection row only
GM_RM017,ultralytics_yolo11n_downloaded,182,D:\profile\research\data\GM_RM017\GM_RM017_frames\000182.png,GM_RM017_000182_ultralytics_yolo11n_downloaded_002,car,0.913269222,393.721,282.160,638.483,385.057,25185.411,true,ultralytics_yolo11n,D:\models\ultralytics\yolo11n.pt,backend_status=available; plug-in detection row only
GM_RM017,ultralytics_yolo11n_downloaded,182,D:\profile\research\data\GM_RM017\GM_RM017_frames\000182.png,GM_RM017_000182_ultralytics_yolo11n_downloaded_003,car,0.820017636,695.550,301.530,799.336,391.862,9375.247,true,ultralytics_yolo11n,D:\models\ultralytics\yolo11n.pt,backend_status=available; plug-in detection row only
GM_RM017,ultralytics_yolo11n_downloaded,183,D:\profile\research\data\GM_RM017\GM_RM017_frames\000183.png,GM_RM017_000183_ultralytics_yolo11n_downloaded_001,car,0.930421114,228.464,313.239,422.317,381.090,13153.249,true,ultralytics_yolo11n,D:\models\ultralytics\yolo11n.pt,backend_status=available; plug-in detection row only
GM_RM017,ultralytics_yolo11n_downloaded,183,D:\profile\research\data\GM_RM017\GM_RM017_frames\000183.png,GM_RM017_000183_ultralytics_yolo11n_downloaded_002,car,0.884712458,414.046,281.841,662.589,383.636,25300.332,true,ultralytics_yolo11n,D:\models\ultralytics\yolo11n.pt,backend_status=available; plug-in detection row only
GM_RM017,ultralytics_yolo11n_downloaded,183,D:\profile\research\data\GM_RM017\GM_RM017_frames\000183.png,GM_RM017_000183_ultralytics_yolo11n_downloaded_003,car,0.814078927,722.859,317.606,799.688,383.450,5058.743,true,ultralytics_yolo11n,D:\models\ultralytics\yolo11n.pt,backend_status=available; plug-in detection row only
GM_RM017,ultralytics_yolo11n_downloaded,184,D:\profile\research\data\GM_RM017\GM_RM017_frames\000184.png,GM_RM017_000184_ultralytics_yolo11n_downloaded_001,car,0.929204583,243.480,312.780,442.191,381.328,13621.223,true,ultralytics_yolo11n,D:\models\ultralytics\yolo11n.pt,backend_status=available; plug-in detection row only
GM_RM017,ultralytics_yolo11n_downloaded,184,D:\profile\research\data\GM_RM017\GM_RM017_frames\000184.png,GM_RM017_000184_ultralytics_yolo11n_downloaded_002,car,0.883456886,432.221,280.987,686.169,383.302,25982.821,true,ultralytics_yolo11n,D:\models\ultralytics\yolo11n.pt,backend_status=available; plug-in detection row only
GM_RM017,ultralytics_yolo11n_downloaded,184,D:\profile\research\data\GM_RM017\GM_RM017_frames\000184.png,GM_RM017_000184_ultralytics_yolo11n_downloaded_003,car,0.729623258,750.644,319.545,799.704,374.794,2710.508,true,ultralytics_yolo11n,D:\models\ultralytics\yolo11n.pt,backend_status=available; plug-in detection row only
GM_RM017,ultralytics_yolo11n_downloaded,184,D:\profile\research\data\GM_RM017\GM_RM017_frames\000184.png,GM_RM017_000184_ultralytics_yolo11n_downloaded_004,clock,0.330445468,138.694,32.254,208.737,135.269,7215.570,false,ultralytics_yolo11n,D:\models\ultralytics\yolo11n.pt,backend_status=available; plug-in detection row only
GM_RM017,ultralytics_yolo11n_downloaded,185,D:\profile\research\data\GM_RM017\GM_RM017_frames\000185.png,GM_RM017_000185_ultralytics_yolo11n_downloaded_001,car,0.911045074,262.210,309.992,462.316,379.357,13880.282,true,ultralytics_yolo11n,D:\models\ultralytics\yolo11n.pt,backend_status=available; plug-in detection row only
GM_RM017,ultralytics_yolo11n_downloaded,185,D:\profile\research\data\GM_RM017\GM_RM017_frames\000185.png,GM_RM017_000185_ultralytics_yolo11n_downloaded_002,car,0.871742606,456.492,277.507,708.657,381.475,26216.957,true,ultralytics_yolo11n,D:\models\ultralytics\yolo11n.pt,backend_status=available; plug-in detection row only
GM_RM017,ultralytics_yolo11n_downloaded,185,D:\profile\research\data\GM_RM017\GM_RM017_frames\000185.png,GM_RM017_000185_ultralytics_yolo11n_downloaded_003,car,0.716057241,777.560,320.924,799.755,364.526,967.707,true,ultralytics_yolo11n,D:\models\ultralytics\yolo11n.pt,backend_status=available; plug-in detection row only
GM_RM017,ultralytics_yolo11n_downloaded,186,D:\profile\research\data\GM_RM017\GM_RM017_frames\000186.png,GM_RM017_000186_ultralytics_yolo11n_downloaded_001,car,0.865684271,472.522,278.615,734.728,383.120,27401.586,true,ultralytics_yolo11n,D:\models\ultralytics\yolo11n.pt,backend_status=available; plug-in detection row only
GM_RM017,ultralytics_yolo11n_downloaded,186,D:\profile\research\data\GM_RM017\GM_RM017_frames\000186.png,GM_RM017_000186_ultralytics_yolo11n_downloaded_002,car,0.831844926,311.942,311.752,482.242,378.337,11339.334,true,ultralytics_yolo11n,D:\models\ultralytics\yolo11n.pt,backend_status=available; plug-in detection row only
GM_RM017,ultralytics_yolo11n_downloaded,187,D:\profile\research\data\GM_RM017\GM_RM017_frames\000187.png,GM_RM017_000187_ultralytics_yolo11n_downloaded_001,car,0.890076220,495.056,278.393,759.195,383.013,27634.048,true,ultralytics_yolo11n,D:\models\ultralytics\yolo11n.pt,backend_status=available; plug-in detection row only
GM_RM017,ultralytics_yolo11n_downloaded,187,D:\profile\research\data\GM_RM017\GM_RM017_frames\000187.png,GM_RM017_000187_ultralytics_yolo11n_downloaded_002,car,0.859480679,295.599,311.530,503.313,382.020,14641.829,true,ultralytics_yolo11n,D:\models\ultralytics\yolo11n.pt,backend_status=available; plug-in detection row only
GM_RM017,ultralytics_yolo11n_downloaded,188,D:\profile\research\data\GM_RM017\GM_RM017_frames\000188.png,GM_RM017_000188_ultralytics_yolo11n_downloaded_001,car,0.878060758,521.704,277.409,784.627,382.366,27595.612,true,ultralytics_yolo11n,D:\models\ultralytics\yolo11n.pt,backend_status=available; plug-in detection row only
GM_RM017,ultralytics_yolo11n_downloaded,188,D:\profile\research\data\GM_RM017\GM_RM017_frames\000188.png,GM_RM017_000188_ultralytics_yolo11n_downloaded_002,car,0.861139059,311.296,311.102,522.510,382.279,15033.638,true,ultralytics_yolo11n,D:\models\ultralytics\yolo11n.pt,backend_status=available; plug-in detection row only
GM_RM017,ultralytics_yolo11n_downloaded,188,D:\profile\research\data\GM_RM017\GM_RM017_frames\000188.png,GM_RM017_000188_ultralytics_yolo11n_downloaded_003,traffic light,0.453232765,338.947,5.464,394.195,129.536,6854.687,false,ultralytics_yolo11n,D:\models\ultralytics\yolo11n.pt,backend_status=available; plug-in detection row only
GM_RM017,ultralytics_yolo11n_downloaded,189,D:\profile\research\data\GM_RM017\GM_RM017_frames\000189.png,GM_RM017_000189_ultralytics_yolo11n_downloaded_001,car,0.874361515,542.308,273.623,799.495,380.614,27516.732,true,ultralytics_yolo11n,D:\models\ultralytics\yolo11n.pt,backend_status=available; plug-in detection row only
GM_RM017,ultralytics_yolo11n_downloaded,189,D:\profile\research\data\GM_RM017\GM_RM017_frames\000189.png,GM_RM017_000189_ultralytics_yolo11n_downloaded_002,car,0.852900743,327.410,309.324,539.489,380.543,15104.220,true,ultralytics_yolo11n,D:\models\ultralytics\yolo11n.pt,backend_status=available; plug-in detection row only
GM_RM017,ultralytics_yolo11n_downloaded,190,D:\profile\research\data\GM_RM017\GM_RM017_frames\000190.png,GM_RM017_000190_ultralytics_yolo11n_downloaded_001,car,0.893335700,565.051,272.317,799.346,381.410,25560.011,true,ultralytics_yolo11n,D:\models\ultralytics\yolo11n.pt,backend_status=available; plug-in detection row only
GM_RM017,ultralytics_yolo11n_downloaded,190,D:\profile\research\data\GM_RM017\GM_RM017_frames\000190.png,GM_RM017_000190_ultralytics_yolo11n_downloaded_002,car,0.872330368,343.820,308.263,555.369,381.067,15401.813,true,ultralytics_yolo11n,D:\models\ultralytics\yolo11n.pt,backend_status=available; plug-in detection row only
GM_RM017,ultralytics_yolo11n_downloaded,191,D:\profile\research\data\GM_RM017\GM_RM017_frames\000191.png,GM_RM017_000191_ultralytics_yolo11n_downloaded_001,car,0.895950675,582.650,272.296,799.904,381.783,23786.585,true,ultralytics_yolo11n,D:\models\ultralytics\yolo11n.pt,backend_status=available; plug-in detection row only
GM_RM017,ultralytics_yolo11n_downloaded,191,D:\profile\research\data\GM_RM017\GM_RM017_frames\000191.png,GM_RM017_000191_ultralytics_yolo11n_downloaded_002,car,0.860186994,359.864,307.687,556.091,379.369,14065.730,true,ultralytics_yolo11n,D:\models\ultralytics\yolo11n.pt,backend_status=available; plug-in detection row only
GM_RM017,ultralytics_yolo11n_downloaded,192,D:\profile\research\data\GM_RM017\GM_RM017_frames\000192.png,GM_RM017_000192_ultralytics_yolo11n_downloaded_001,car,0.883967459,378.860,306.837,597.365,378.030,15555.944,true,ultralytics_yolo11n,D:\models\ultralytics\yolo11n.pt,backend_status=available; plug-in detection row only
GM_RM017,ultralytics_yolo11n_downloaded,192,D:\profile\research\data\GM_RM017\GM_RM017_frames\000192.png,GM_RM017_000192_ultralytics_yolo11n_downloaded_002,car,0.821426213,609.479,272.408,799.429,380.820,20592.862,true,ultralytics_yolo11n,D:\models\ultralytics\yolo11n.pt,backend_status=available; plug-in detection row only
GM_RM017,ultralytics_yolo11n_downloaded,193,D:\profile\research\data\GM_RM017\GM_RM017_frames\000193.png,GM_RM017_000193_ultralytics_yolo11n_downloaded_001,car,0.905100584,395.562,305.654,614.415,376.387,15480.055,true,ultralytics_yolo11n,D:\models\ultralytics\yolo11n.pt,backend_status=available; plug-in detection row only
GM_RM017,ultralytics_yolo11n_downloaded,193,D:\profile\research\data\GM_RM017\GM_RM017_frames\000193.png,GM_RM017_000193_ultralytics_yolo11n_downloaded_002,car,0.846311212,627.319,272.594,799.576,375.448,17717.253,true,ultralytics_yolo11n,D:\models\ultralytics\yolo11n.pt,backend_status=available; plug-in detection row only
GM_RM017,ultralytics_yolo11n_downloaded,194,D:\profile\research\data\GM_RM017\GM_RM017_frames\000194.png,GM_RM017_000194_ultralytics_yolo11n_downloaded_001,car,0.879755735,413.418,305.353,636.713,376.523,15892.020,true,ultralytics_yolo11n,D:\models\ultralytics\yolo11n.pt,backend_status=available; plug-in detection row only
GM_RM017,ultralytics_yolo11n_downloaded,194,D:\profile\research\data\GM_RM017\GM_RM017_frames\000194.png,GM_RM017_000194_ultralytics_yolo11n_downloaded_002,car,0.746251702,648.505,279.563,799.720,379.386,15094.631,true,ultralytics_yolo11n,D:\models\ultralytics\yolo11n.pt,backend_status=available; plug-in detection row only
GM_RM017,ultralytics_yolo11n_downloaded,195,D:\profile\research\data\GM_RM017\GM_RM017_frames\000195.png,GM_RM017_000195_ultralytics_yolo11n_downloaded_001,car,0.892401516,429.804,303.689,657.206,376.463,16548.972,true,ultralytics_yolo11n,D:\models\ultralytics\yolo11n.pt,backend_status=available; plug-in detection row only
GM_RM017,ultralytics_yolo11n_downloaded,195,D:\profile\research\data\GM_RM017\GM_RM017_frames\000195.png,GM_RM017_000195_ultralytics_yolo11n_downloaded_002,car,0.854725420,670.317,280.209,799.460,377.972,12625.425,true,ultralytics_yolo11n,D:\models\ultralytics\yolo11n.pt,backend_status=available; plug-in detection row only
GM_RM017,ultralytics_yolo11n_downloaded,196,D:\profile\research\data\GM_RM017\GM_RM017_frames\000196.png,GM_RM017_000196_ultralytics_yolo11n_downloaded_001,car,0.872776091,445.985,301.665,675.108,372.335,16192.249,true,ultralytics_yolo11n,D:\models\ultralytics\yolo11n.pt,backend_status=available; plug-in detection row only
GM_RM017,ultralytics_yolo11n_downloaded,196,D:\profile\research\data\GM_RM017\GM_RM017_frames\000196.png,GM_RM017_000196_ultralytics_yolo11n_downloaded_002,car,0.867539227,691.628,280.981,799.646,375.773,10239.320,true,ultralytics_yolo11n,D:\models\ultralytics\yolo11n.pt,backend_status=available; plug-in detection row only
GM_RM017,ultralytics_yolo11n_downloaded,197,D:\profile\research\data\GM_RM017\GM_RM017_frames\000197.png,GM_RM017_000197_ultralytics_yolo11n_downloaded_001,car,0.883790493,462.350,299.180,694.413,370.862,16634.726,true,ultralytics_yolo11n,D:\models\ultralytics\yolo11n.pt,backend_status=available; plug-in detection row only
GM_RM017,ultralytics_yolo11n_downloaded,197,D:\profile\research\data\GM_RM017\GM_RM017_frames\000197.png,GM_RM017_000197_ultralytics_yolo11n_downloaded_002,car,0.875916898,713.583,285.488,799.785,373.929,7623.892,true,ultralytics_yolo11n,D:\models\ultralytics\yolo11n.pt,backend_status=available; plug-in detection row only
GM_RM017,ultralytics_yolo11n_downloaded,198,D:\profile\research\data\GM_RM017\GM_RM017_frames\000198.png,GM_RM017_000198_ultralytics_yolo11n_downloaded_001,car,0.865117669,737.728,302.826,799.599,368.439,4059.502,true,ultralytics_yolo11n,D:\models\ultralytics\yolo11n.pt,backend_status=available; plug-in detection row only
GM_RM017,ultralytics_yolo11n_downloaded,198,D:\profile\research\data\GM_RM017\GM_RM017_frames\000198.png,GM_RM017_000198_ultralytics_yolo11n_downloaded_002,car,0.862010360,484.578,297.729,718.468,370.919,17118.387,true,ultralytics_yolo11n,D:\models\ultralytics\yolo11n.pt,backend_status=available; plug-in detection row only
GM_RM017,ultralytics_yolo11n_downloaded,199,D:\profile\research\data\GM_RM017\GM_RM017_frames\000199.png,GM_RM017_000199_ultralytics_yolo11n_downloaded_001,car,0.863980949,500.153,300.886,737.999,372.878,17122.968,true,ultralytics_yolo11n,D:\models\ultralytics\yolo11n.pt,backend_status=available; plug-in detection row only
GM_RM017,ultralytics_yolo11n_downloaded,199,D:\profile\research\data\GM_RM017\GM_RM017_frames\000199.png,GM_RM017_000199_ultralytics_yolo11n_downloaded_002,car,0.806213796,761.916,307.375,799.693,369.379,2342.285,true,ultralytics_yolo11n,D:\models\ultralytics\yolo11n.pt,backend_status=available; plug-in detection row only
GM_RM017,ultralytics_yolo11n_downloaded,200,D:\profile\research\data\GM_RM017\GM_RM017_frames\000200.png,GM_RM017_000200_ultralytics_yolo11n_downloaded_001,car,0.865357697,520.542,299.916,761.858,373.001,17636.579,true,ultralytics_yolo11n,D:\models\ultralytics\yolo11n.pt,backend_status=available; plug-in detection row only
GM_RM017,ultralytics_yolo11n_downloaded,200,D:\profile\research\data\GM_RM017\GM_RM017_frames\000200.png,GM_RM017_000200_ultralytics_yolo11n_downloaded_002,car,0.691860557,785.814,310.371,799.763,357.846,662.265,true,ultralytics_yolo11n,D:\models\ultralytics\yolo11n.pt,backend_status=available; plug-in detection row only
GM_RM017,ultralytics_yolo11n_downloaded,201,D:\profile\research\data\GM_RM017\GM_RM017_frames\000201.png,GM_RM017_000201_ultralytics_yolo11n_downloaded_001,car,0.861204863,539.879,297.521,784.249,372.521,18327.580,true,ultralytics_yolo11n,D:\models\ultralytics\yolo11n.pt,backend_status=available; plug-in detection row only
GM_RM017,ultralytics_yolo11n_downloaded,202,D:\profile\research\data\GM_RM017\GM_RM017_frames\000202.png,GM_RM017_000202_ultralytics_yolo11n_downloaded_001,car,0.894297421,559.025,296.163,799.708,370.555,17905.067,true,ultralytics_yolo11n,D:\models\ultralytics\yolo11n.pt,backend_status=available; plug-in detection row only
GM_RM017,ultralytics_yolo11n_downloaded,203,D:\profile\research\data\GM_RM017\GM_RM017_frames\000203.png,GM_RM017_000203_ultralytics_yolo11n_downloaded_001,car,0.915361822,576.811,294.159,799.087,369.959,16848.631,true,ultralytics_yolo11n,D:\models\ultralytics\yolo11n.pt,backend_status=available; plug-in detection row only
GM_RM017,ultralytics_yolo11n_downloaded,204,D:\profile\research\data\GM_RM017\GM_RM017_frames\000204.png,GM_RM017_000204_ultralytics_yolo11n_downloaded_001,car,0.904300809,595.552,293.588,799.277,368.306,15221.947,true,ultralytics_yolo11n,D:\models\ultralytics\yolo11n.pt,backend_status=available; plug-in detection row only
GM_RM017,ultralytics_yolo11n_downloaded,205,D:\profile\research\data\GM_RM017\GM_RM017_frames\000205.png,GM_RM017_000205_ultralytics_yolo11n_downloaded_001,car,0.895665050,610.999,292.150,799.389,366.975,14096.400,true,ultralytics_yolo11n,D:\models\ultralytics\yolo11n.pt,backend_status=available; plug-in detection row only
GM_RM017,ultralytics_yolo11n_downloaded,206,D:\profile\research\data\GM_RM017\GM_RM017_frames\000206.png,GM_RM017_000206_ultralytics_yolo11n_downloaded_001,car,0.885465384,629.385,290.204,799.425,364.178,12578.632,true,ultralytics_yolo11n,D:\models\ultralytics\yolo11n.pt,backend_status=available; plug-in detection row only
GM_RM017,ultralytics_yolo11n_downloaded,207,D:\profile\research\data\GM_RM017\GM_RM017_frames\000207.png,GM_RM017_000207_ultralytics_yolo11n_downloaded_001,car,0.870774329,647.126,289.011,799.556,363.870,11410.883,true,ultralytics_yolo11n,D:\models\ultralytics\yolo11n.pt,backend_status=available; plug-in detection row only
GM_RM017,ultralytics_yolo11n_downloaded,208,D:\profile\research\data\GM_RM017\GM_RM017_frames\000208.png,GM_RM017_000208_ultralytics_yolo11n_downloaded_001,car,0.863861978,666.794,290.249,799.995,363.280,9727.826,true,ultralytics_yolo11n,D:\models\ultralytics\yolo11n.pt,backend_status=available; plug-in detection row only
GM_RM017,ultralytics_yolo11n_downloaded,209,D:\profile\research\data\GM_RM017\GM_RM017_frames\000209.png,GM_RM017_000209_ultralytics_yolo11n_downloaded_001,car,0.854454398,682.884,292.477,799.866,363.651,8326.028,true,ultralytics_yolo11n,D:\models\ultralytics\yolo11n.pt,backend_status=available; plug-in detection row only
GM_RM017,ultralytics_yolo11n_downloaded,210,D:\profile\research\data\GM_RM017\GM_RM017_frames\000210.png,GM_RM017_000210_ultralytics_yolo11n_downloaded_001,car,0.841393590,703.331,293.187,799.780,362.233,6659.399,true,ultralytics_yolo11n,D:\models\ultralytics\yolo11n.pt,backend_status=available; plug-in detection row only
GM_RM017,ultralytics_yolo11n_downloaded,211,D:\profile\research\data\GM_RM017\GM_RM017_frames\000211.png,GM_RM017_000211_ultralytics_yolo11n_downloaded_001,car,0.797348499,721.104,305.230,799.777,362.185,4480.861,true,ultralytics_yolo11n,D:\models\ultralytics\yolo11n.pt,backend_status=available; plug-in detection row only
GM_RM017,ultralytics_yolo11n_downloaded,212,D:\profile\research\data\GM_RM017\GM_RM017_frames\000212.png,GM_RM017_000212_ultralytics_yolo11n_downloaded_001,car,0.762435615,741.229,312.946,799.778,358.295,2655.126,true,ultralytics_yolo11n,D:\models\ultralytics\yolo11n.pt,backend_status=available; plug-in detection row only
GM_RM017,ultralytics_yolo11n_downloaded,213,D:\profile\research\data\GM_RM017\GM_RM017_frames\000213.png,GM_RM017_000213_ultralytics_yolo11n_downloaded_001,car,0.762992620,761.358,315.458,799.754,356.726,1584.524,true,ultralytics_yolo11n,D:\models\ultralytics\yolo11n.pt,backend_status=available; plug-in detection row only
GM_RM017,ultralytics_yolo11n_downloaded,214,D:\profile\research\data\GM_RM017\GM_RM017_frames\000214.png,GM_RM017_000214_ultralytics_yolo11n_downloaded_001,car,0.612327516,782.886,320.467,799.697,348.949,478.825,true,ultralytics_yolo11n,D:\models\ultralytics\yolo11n.pt,backend_status=available; plug-in detection row only
GM_RM017,ultralytics_yolo12n_downloaded,121,D:\profile\research\data\GM_RM017\GM_RM017_frames\000121.png,GM_RM017_000121_ultralytics_yolo12n_downloaded_001,truck,0.704992712,0.258,256.667,122.579,386.452,15875.426,true,ultralytics_yolo12n,D:\models\ultralytics\yolo12n.pt,backend_status=available; plug-in detection row only
GM_RM017,ultralytics_yolo12n_downloaded,121,D:\profile\research\data\GM_RM017\GM_RM017_frames\000121.png,GM_RM017_000121_ultralytics_yolo12n_downloaded_002,bench,0.319708914,214.002,339.597,433.245,506.728,36642.214,false,ultralytics_yolo12n,D:\models\ultralytics\yolo12n.pt,backend_status=available; plug-in detection row only
GM_RM017,ultralytics_yolo12n_downloaded,122,D:\profile\research\data\GM_RM017\GM_RM017_frames\000122.png,GM_RM017_000122_ultralytics_yolo12n_downloaded_001,truck,0.737429321,0.584,253.898,134.504,385.406,17611.566,true,ultralytics_yolo12n,D:\models\ultralytics\yolo12n.pt,backend_status=available; plug-in detection row only
GM_RM017,ultralytics_yolo12n_downloaded,122,D:\profile\research\data\GM_RM017\GM_RM017_frames\000122.png,GM_RM017_000122_ultralytics_yolo12n_downloaded_002,bus,0.313323319,257.507,337.854,483.391,507.718,38369.420,true,ultralytics_yolo12n,D:\models\ultralytics\yolo12n.pt,backend_status=available; plug-in detection row only
GM_RM017,ultralytics_yolo12n_downloaded,123,D:\profile\research\data\GM_RM017\GM_RM017_frames\000123.png,GM_RM017_000123_ultralytics_yolo12n_downloaded_001,truck,0.693682492,0.222,249.747,151.324,386.252,20626.237,true,ultralytics_yolo12n,D:\models\ultralytics\yolo12n.pt,backend_status=available; plug-in detection row only
GM_RM017,ultralytics_yolo12n_downloaded,123,D:\profile\research\data\GM_RM017\GM_RM017_frames\000123.png,GM_RM017_000123_ultralytics_yolo12n_downloaded_002,bus,0.390400261,302.962,336.207,535.790,507.532,39889.317,true,ultralytics_yolo12n,D:\models\ultralytics\yolo12n.pt,backend_status=available; plug-in detection row only
GM_RM017,ultralytics_yolo12n_downloaded,124,D:\profile\research\data\GM_RM017\GM_RM017_frames\000124.png,GM_RM017_000124_ultralytics_yolo12n_downloaded_001,truck,0.841656804,0.311,247.862,166.750,385.092,22840.441,true,ultralytics_yolo12n,D:\models\ultralytics\yolo12n.pt,backend_status=available; plug-in detection row only
GM_RM017,ultralytics_yolo12n_downloaded,124,D:\profile\research\data\GM_RM017\GM_RM017_frames\000124.png,GM_RM017_000124_ultralytics_yolo12n_downloaded_002,bus,0.395085633,350.089,328.787,589.593,506.811,42637.601,true,ultralytics_yolo12n,D:\models\ultralytics\yolo12n.pt,backend_status=available; plug-in detection row only
GM_RM017,ultralytics_yolo12n_downloaded,125,D:\profile\research\data\GM_RM017\GM_RM017_frames\000125.png,GM_RM017_000125_ultralytics_yolo12n_downloaded_001,truck,0.738447368,0.249,245.288,183.291,384.260,25437.820,true,ultralytics_yolo12n,D:\models\ultralytics\yolo12n.pt,backend_status=available; plug-in detection row only
GM_RM017,ultralytics_yolo12n_downloaded,125,D:\profile\research\data\GM_RM017\GM_RM017_frames\000125.png,GM_RM017_000125_ultralytics_yolo12n_downloaded_002,bus,0.706351638,398.486,329.766,645.920,507.845,44062.831,true,ultralytics_yolo12n,D:\models\ultralytics\yolo12n.pt,backend_status=available; plug-in detection row only
GM_RM017,ultralytics_yolo12n_downloaded,126,D:\profile\research\data\GM_RM017\GM_RM017_frames\000126.png,GM_RM017_000126_ultralytics_yolo12n_downloaded_001,truck,0.806716859,0.427,247.092,194.939,385.694,26959.861,true,ultralytics_yolo12n,D:\models\ultralytics\yolo12n.pt,backend_status=available; plug-in detection row only
GM_RM017,ultralytics_yolo12n_downloaded,126,D:\profile\research\data\GM_RM017\GM_RM017_frames\000126.png,GM_RM017_000126_ultralytics_yolo12n_downloaded_002,bus,0.254030645,450.054,328.534,707.083,510.245,46704.915,true,ultralytics_yolo12n,D:\models\ultralytics\yolo12n.pt,backend_status=available; plug-in detection row only
GM_RM017,ultralytics_yolo12n_downloaded,127,D:\profile\research\data\GM_RM017\GM_RM017_frames\000127.png,GM_RM017_000127_ultralytics_yolo12n_downloaded_001,truck,0.826173067,0.422,247.719,207.317,386.084,28627.060,true,ultralytics_yolo12n,D:\models\ultralytics\yolo12n.pt,backend_status=available; plug-in detection row only
GM_RM017,ultralytics_yolo12n_downloaded,127,D:\profile\research\data\GM_RM017\GM_RM017_frames\000127.png,GM_RM017_000127_ultralytics_yolo12n_downloaded_002,bus,0.483094186,502.516,328.544,768.685,511.999,48829.803,true,ultralytics_yolo12n,D:\models\ultralytics\yolo12n.pt,backend_status=available; plug-in detection row only
GM_RM017,ultralytics_yolo12n_downloaded,127,D:\profile\research\data\GM_RM017\GM_RM017_frames\000127.png,GM_RM017_000127_ultralytics_yolo12n_downloaded_003,traffic light,0.449874282,469.193,133.895,518.096,193.051,2892.933,false,ultralytics_yolo12n,D:\models\ultralytics\yolo12n.pt,backend_status=available; plug-in detection row only
GM_RM017,ultralytics_yolo12n_downloaded,128,D:\profile\research\data\GM_RM017\GM_RM017_frames\000128.png,GM_RM017_000128_ultralytics_yolo12n_downloaded_001,truck,0.825645030,0.546,248.179,219.675,386.951,30408.914,true,ultralytics_yolo12n,D:\models\ultralytics\yolo12n.pt,backend_status=available; plug-in detection row only
GM_RM017,ultralytics_yolo12n_downloaded,128,D:\profile\research\data\GM_RM017\GM_RM017_frames\000128.png,GM_RM017_000128_ultralytics_yolo12n_downloaded_002,bus,0.797109127,554.366,326.653,799.914,504.449,43657.641,true,ultralytics_yolo12n,D:\models\ultralytics\yolo12n.pt,backend_status=available; plug-in detection row only
GM_RM017,ultralytics_yolo12n_downloaded,129,D:\profile\research\data\GM_RM017\GM_RM017_frames\000129.png,GM_RM017_000129_ultralytics_yolo12n_downloaded_001,truck,0.846078515,15.951,246.098,234.145,387.858,30931.035,true,ultralytics_yolo12n,D:\models\ultralytics\yolo12n.pt,backend_status=available; plug-in detection row only
GM_RM017,ultralytics_yolo12n_downloaded,129,D:\profile\research\data\GM_RM017\GM_RM017_frames\000129.png,GM_RM017_000129_ultralytics_yolo12n_downloaded_002,bus,0.771087885,607.575,323.708,799.502,487.904,31513.616,true,ultralytics_yolo12n,D:\models\ultralytics\yolo12n.pt,backend_status=available; plug-in detection row only
GM_RM017,ultralytics_yolo12n_downloaded,145,D:\profile\research\data\GM_RM017\GM_RM017_frames\000145.png,GM_RM017_000145_ultralytics_yolo12n_downloaded_001,truck,0.779856265,326.318,225.914,461.238,384.693,21422.506,true,ultralytics_yolo12n,D:\models\ultralytics\yolo12n.pt,backend_status=available; plug-in detection row only
GM_RM017,ultralytics_yolo12n_downloaded,145,D:\profile\research\data\GM_RM017\GM_RM017_frames\000145.png,GM_RM017_000145_ultralytics_yolo12n_downloaded_002,bus,0.766538620,142.846,340.868,248.794,438.278,10320.353,true,ultralytics_yolo12n,D:\models\ultralytics\yolo12n.pt,backend_status=available; plug-in detection row only
GM_RM017,ultralytics_yolo12n_downloaded,145,D:\profile\research\data\GM_RM017\GM_RM017_frames\000145.png,GM_RM017_000145_ultralytics_yolo12n_downloaded_003,car,0.651553214,0.255,324.058,82.379,409.239,6995.434,true,ultralytics_yolo12n,D:\models\ultralytics\yolo12n.pt,backend_status=available; plug-in detection row only
GM_RM017,ultralytics_yolo12n_downloaded,146,D:\profile\research\data\GM_RM017\GM_RM017_frames\000146.png,GM_RM017_000146_ultralytics_yolo12n_downloaded_001,car,0.808107138,0.281,323.499,94.969,408.989,8094.899,true,ultralytics_yolo12n,D:\models\ultralytics\yolo12n.pt,backend_status=available; plug-in detection row only
GM_RM017,ultralytics_yolo12n_downloaded,146,D:\profile\research\data\GM_RM017\GM_RM017_frames\000146.png,GM_RM017_000146_ultralytics_yolo12n_downloaded_002,truck,0.750148118,347.081,223.986,476.844,382.888,20619.584,true,ultralytics_yolo12n,D:\models\ultralytics\yolo12n.pt,backend_status=available; plug-in detection row only
GM_RM017,ultralytics_yolo12n_downloaded,146,D:\profile\research\data\GM_RM017\GM_RM017_frames\000146.png,GM_RM017_000146_ultralytics_yolo12n_downloaded_003,bus,0.706326365,170.308,339.756,276.323,436.188,10223.265,true,ultralytics_yolo12n,D:\models\ultralytics\yolo12n.pt,backend_status=available; plug-in detection row only
GM_RM017,ultralytics_yolo12n_downloaded,147,D:\profile\research\data\GM_RM017\GM_RM017_frames\000147.png,GM_RM017_000147_ultralytics_yolo12n_downloaded_001,car,0.831501365,0.267,322.557,118.205,406.417,9890.368,true,ultralytics_yolo12n,D:\models\ultralytics\yolo12n.pt,backend_status=available; plug-in detection row only
GM_RM017,ultralytics_yolo12n_downloaded,147,D:\profile\research\data\GM_RM017\GM_RM017_frames\000147.png,GM_RM017_000147_ultralytics_yolo12n_downloaded_002,truck,0.748059392,368.629,222.950,493.763,382.007,19903.540,true,ultralytics_yolo12n,D:\models\ultralytics\yolo12n.pt,backend_status=available; plug-in detection row only
GM_RM017,ultralytics_yolo12n_downloaded,147,D:\profile\research\data\GM_RM017\GM_RM017_frames\000147.png,GM_RM017_000147_ultralytics_yolo12n_downloaded_003,bus,0.621047258,197.885,338.324,299.244,433.586,9655.683,true,ultralytics_yolo12n,D:\models\ultralytics\yolo12n.pt,backend_status=available; plug-in detection row only
GM_RM017,ultralytics_yolo12n_downloaded,148,D:\profile\research\data\GM_RM017\GM_RM017_frames\000148.png,GM_RM017_000148_ultralytics_yolo12n_downloaded_001,car,0.859526992,0.241,321.620,142.085,406.139,11988.535,true,ultralytics_yolo12n,D:\models\ultralytics\yolo12n.pt,backend_status=available; plug-in detection row only
GM_RM017,ultralytics_yolo12n_downloaded,148,D:\profile\research\data\GM_RM017\GM_RM017_frames\000148.png,GM_RM017_000148_ultralytics_yolo12n_downloaded_002,truck,0.758761764,391.939,222.480,517.277,381.269,19902.302,true,ultralytics_yolo12n,D:\models\ultralytics\yolo12n.pt,backend_status=available; plug-in detection row only
GM_RM017,ultralytics_yolo12n_downloaded,148,D:\profile\research\data\GM_RM017\GM_RM017_frames\000148.png,GM_RM017_000148_ultralytics_yolo12n_downloaded_003,bus,0.706585228,226.384,337.960,324.967,433.379,9406.639,true,ultralytics_yolo12n,D:\models\ultralytics\yolo12n.pt,backend_status=available; plug-in detection row only
GM_RM017,ultralytics_yolo12n_downloaded,149,D:\profile\research\data\GM_RM017\GM_RM017_frames\000149.png,GM_RM017_000149_ultralytics_yolo12n_downloaded_001,car,0.834318459,0.113,321.734,162.041,406.120,13664.440,true,ultralytics_yolo12n,D:\models\ultralytics\yolo12n.pt,backend_status=available; plug-in detection row only
GM_RM017,ultralytics_yolo12n_downloaded,149,D:\profile\research\data\GM_RM017\GM_RM017_frames\000149.png,GM_RM017_000149_ultralytics_yolo12n_downloaded_002,truck,0.762945831,413.315,221.188,539.293,380.724,20098.117,true,ultralytics_yolo12n,D:\models\ultralytics\yolo12n.pt,backend_status=available; plug-in detection row only
GM_RM017,ultralytics_yolo12n_downloaded,149,D:\profile\research\data\GM_RM017\GM_RM017_frames\000149.png,GM_RM017_000149_ultralytics_yolo12n_downloaded_003,bus,0.303323537,255.643,337.095,350.560,437.418,9522.277,true,ultralytics_yolo12n,D:\models\ultralytics\yolo12n.pt,backend_status=available; plug-in detection row only
GM_RM017,ultralytics_yolo12n_downloaded,149,D:\profile\research\data\GM_RM017\GM_RM017_frames\000149.png,GM_RM017_000149_ultralytics_yolo12n_downloaded_004,car,0.285567850,0.117,315.454,18.212,336.009,371.948,true,ultralytics_yolo12n,D:\models\ultralytics\yolo12n.pt,backend_status=available; plug-in detection row only
GM_RM017,ultralytics_yolo12n_downloaded,150,D:\profile\research\data\GM_RM017\GM_RM017_frames\000150.png,GM_RM017_000150_ultralytics_yolo12n_downloaded_001,car,0.849594772,0.000,318.487,189.508,405.882,16562.064,true,ultralytics_yolo12n,D:\models\ultralytics\yolo12n.pt,backend_status=available; plug-in detection row only
GM_RM017,ultralytics_yolo12n_downloaded,150,D:\profile\research\data\GM_RM017\GM_RM017_frames\000150.png,GM_RM017_000150_ultralytics_yolo12n_downloaded_002,truck,0.702810824,433.604,219.505,563.575,379.914,20848.551,true,ultralytics_yolo12n,D:\models\ultralytics\yolo12n.pt,backend_status=available; plug-in detection row only
GM_RM017,ultralytics_yolo12n_downloaded,150,D:\profile\research\data\GM_RM017\GM_RM017_frames\000150.png,GM_RM017_000150_ultralytics_yolo12n_downloaded_003,car,0.402289599,0.049,312.222,36.671,343.011,1127.535,true,ultralytics_yolo12n,D:\models\ultralytics\yolo12n.pt,backend_status=available; plug-in detection row only
GM_RM017,ultralytics_yolo12n_downloaded,151,D:\profile\research\data\GM_RM017\GM_RM017_frames\000151.png,GM_RM017_000151_ultralytics_yolo12n_downloaded_001,car,0.873261571,0.169,318.779,214.675,406.952,18913.580,true,ultralytics_yolo12n,D:\models\ultralytics\yolo12n.pt,backend_status=available; plug-in detection row only
GM_RM017,ultralytics_yolo12n_downloaded,151,D:\profile\research\data\GM_RM017\GM_RM017_frames\000151.png,GM_RM017_000151_ultralytics_yolo12n_downloaded_002,truck,0.725394309,458.741,219.477,586.060,380.053,20444.488,true,ultralytics_yolo12n,D:\models\ultralytics\yolo12n.pt,backend_status=available; plug-in detection row only
GM_RM017,ultralytics_yolo12n_downloaded,151,D:\profile\research\data\GM_RM017\GM_RM017_frames\000151.png,GM_RM017_000151_ultralytics_yolo12n_downloaded_003,car,0.366707981,0.169,310.377,50.194,347.489,1856.544,true,ultralytics_yolo12n,D:\models\ultralytics\yolo12n.pt,backend_status=available; plug-in detection row only
GM_RM017,ultralytics_yolo12n_downloaded,152,D:\profile\research\data\GM_RM017\GM_RM017_frames\000152.png,GM_RM017_000152_ultralytics_yolo12n_downloaded_001,car,0.904818654,0.430,316.172,240.833,405.115,21382.154,true,ultralytics_yolo12n,D:\models\ultralytics\yolo12n.pt,backend_status=available; plug-in detection row only
GM_RM017,ultralytics_yolo12n_downloaded,152,D:\profile\research\data\GM_RM017\GM_RM017_frames\000152.png,GM_RM017_000152_ultralytics_yolo12n_downloaded_002,truck,0.677828610,479.904,215.007,610.239,376.670,21070.256,true,ultralytics_yolo12n,D:\models\ultralytics\yolo12n.pt,backend_status=available; plug-in detection row only
GM_RM017,ultralytics_yolo12n_downloaded,153,D:\profile\research\data\GM_RM017\GM_RM017_frames\000153.png,GM_RM017_000153_ultralytics_yolo12n_downloaded_001,car,0.873104274,0.750,315.683,260.938,406.984,23755.620,true,ultralytics_yolo12n,D:\models\ultralytics\yolo12n.pt,backend_status=available; plug-in detection row only
GM_RM017,ultralytics_yolo12n_downloaded,153,D:\profile\research\data\GM_RM017\GM_RM017_frames\000153.png,GM_RM017_000153_ultralytics_yolo12n_downloaded_002,truck,0.778062940,501.780,213.350,635.647,375.675,21729.832,true,ultralytics_yolo12n,D:\models\ultralytics\yolo12n.pt,backend_status=available; plug-in detection row only
GM_RM017,ultralytics_yolo12n_downloaded,153,D:\profile\research\data\GM_RM017\GM_RM017_frames\000153.png,GM_RM017_000153_ultralytics_yolo12n_downloaded_003,car,0.395089030,0.220,305.884,85.891,368.221,5340.433,true,ultralytics_yolo12n,D:\models\ultralytics\yolo12n.pt,backend_status=available; plug-in detection row only
GM_RM017,ultralytics_yolo12n_downloaded,154,D:\profile\research\data\GM_RM017\GM_RM017_frames\000154.png,GM_RM017_000154_ultralytics_yolo12n_downloaded_001,car,0.868897617,20.486,316.963,282.558,407.980,23853.101,true,ultralytics_yolo12n,D:\models\ultralytics\yolo12n.pt,backend_status=available; plug-in detection row only
GM_RM017,ultralytics_yolo12n_downloaded,154,D:\profile\research\data\GM_RM017\GM_RM017_frames\000154.png,GM_RM017_000154_ultralytics_yolo12n_downloaded_002,truck,0.724367321,519.441,212.446,660.109,377.715,23247.959,true,ultralytics_yolo12n,D:\models\ultralytics\yolo12n.pt,backend_status=available; plug-in detection row only
GM_RM017,ultralytics_yolo12n_downloaded,154,D:\profile\research\data\GM_RM017\GM_RM017_frames\000154.png,GM_RM017_000154_ultralytics_yolo12n_downloaded_003,car,0.699127436,0.175,308.760,102.003,390.143,8287.065,true,ultralytics_yolo12n,D:\models\ultralytics\yolo12n.pt,backend_status=available; plug-in detection row only
GM_RM017,ultralytics_yolo12n_downloaded,155,D:\profile\research\data\GM_RM017\GM_RM017_frames\000155.png,GM_RM017_000155_ultralytics_yolo12n_downloaded_001,car,0.876008451,40.293,319.038,307.025,410.480,24390.413,true,ultralytics_yolo12n,D:\models\ultralytics\yolo12n.pt,backend_status=available; plug-in detection row only
GM_RM017,ultralytics_yolo12n_downloaded,155,D:\profile\research\data\GM_RM017\GM_RM017_frames\000155.png,GM_RM017_000155_ultralytics_yolo12n_downloaded_002,car,0.809661150,0.038,313.875,115.142,392.309,9028.063,true,ultralytics_yolo12n,D:\models\ultralytics\yolo12n.pt,backend_status=available; plug-in detection row only
GM_RM017,ultralytics_yolo12n_downloaded,155,D:\profile\research\data\GM_RM017\GM_RM017_frames\000155.png,GM_RM017_000155_ultralytics_yolo12n_downloaded_003,truck,0.723379135,535.896,217.159,686.837,381.172,24756.205,true,ultralytics_yolo12n,D:\models\ultralytics\yolo12n.pt,backend_status=available; plug-in detection row only
GM_RM017,ultralytics_yolo12n_downloaded,156,D:\profile\research\data\GM_RM017\GM_RM017_frames\000156.png,GM_RM017_000156_ultralytics_yolo12n_downloaded_001,car,0.868436873,66.976,317.768,329.711,410.166,24276.242,true,ultralytics_yolo12n,D:\models\ultralytics\yolo12n.pt,backend_status=available; plug-in detection row only
GM_RM017,ultralytics_yolo12n_downloaded,156,D:\profile\research\data\GM_RM017\GM_RM017_frames\000156.png,GM_RM017_000156_ultralytics_yolo12n_downloaded_002,truck,0.824642658,552.829,213.732,713.162,380.224,26694.113,true,ultralytics_yolo12n,D:\models\ultralytics\yolo12n.pt,backend_status=available; plug-in detection row only
GM_RM017,ultralytics_yolo12n_downloaded,156,D:\profile\research\data\GM_RM017\GM_RM017_frames\000156.png,GM_RM017_000156_ultralytics_yolo12n_downloaded_003,car,0.814536750,0.060,313.504,135.569,392.874,10755.290,true,ultralytics_yolo12n,D:\models\ultralytics\yolo12n.pt,backend_status=available; plug-in detection row only
GM_RM017,ultralytics_yolo12n_downloaded,157,D:\profile\research\data\GM_RM017\GM_RM017_frames\000157.png,GM_RM017_000157_ultralytics_yolo12n_downloaded_001,car,0.877888560,89.958,314.505,352.907,408.553,24729.848,true,ultralytics_yolo12n,D:\models\ultralytics\yolo12n.pt,backend_status=available; plug-in detection row only
GM_RM017,ultralytics_yolo12n_downloaded,157,D:\profile\research\data\GM_RM017\GM_RM017_frames\000157.png,GM_RM017_000157_ultralytics_yolo12n_downloaded_002,car,0.825463772,0.022,307.954,153.926,391.763,12898.465,true,ultralytics_yolo12n,D:\models\ultralytics\yolo12n.pt,backend_status=available; plug-in detection row only
GM_RM017,ultralytics_yolo12n_downloaded,157,D:\profile\research\data\GM_RM017\GM_RM017_frames\000157.png,GM_RM017_000157_ultralytics_yolo12n_downloaded_003,truck,0.810548484,568.970,208.865,738.393,377.887,28636.244,true,ultralytics_yolo12n,D:\models\ultralytics\yolo12n.pt,backend_status=available; plug-in detection row only
GM_RM017,ultralytics_yolo12n_downloaded,158,D:\profile\research\data\GM_RM017\GM_RM017_frames\000158.png,GM_RM017_000158_ultralytics_yolo12n_downloaded_001,car,0.878189921,112.244,314.702,375.200,408.039,24543.510,true,ultralytics_yolo12n,D:\models\ultralytics\yolo12n.pt,backend_status=available; plug-in detection row only
GM_RM017,ultralytics_yolo12n_downloaded,158,D:\profile\research\data\GM_RM017\GM_RM017_frames\000158.png,GM_RM017_000158_ultralytics_yolo12n_downloaded_002,car,0.811965168,0.151,311.409,167.761,393.529,13764.157,true,ultralytics_yolo12n,D:\models\ultralytics\yolo12n.pt,backend_status=available; plug-in detection row only
GM_RM017,ultralytics_yolo12n_downloaded,158,D:\profile\research\data\GM_RM017\GM_RM017_frames\000158.png,GM_RM017_000158_ultralytics_yolo12n_downloaded_003,truck,0.777956545,585.774,206.319,764.737,377.753,30680.315,true,ultralytics_yolo12n,D:\models\ultralytics\yolo12n.pt,backend_status=available; plug-in detection row only
GM_RM017,ultralytics_yolo12n_downloaded,158,D:\profile\research\data\GM_RM017\GM_RM017_frames\000158.png,GM_RM017_000158_ultralytics_yolo12n_downloaded_004,fire hydrant,0.764336646,19.720,419.190,64.313,502.011,3693.307,false,ultralytics_yolo12n,D:\models\ultralytics\yolo12n.pt,backend_status=available; plug-in detection row only
GM_RM017,ultralytics_yolo12n_downloaded,158,D:\profile\research\data\GM_RM017\GM_RM017_frames\000158.png,GM_RM017_000158_ultralytics_yolo12n_downloaded_005,potted plant,0.257547468,390.196,322.908,447.359,415.269,5279.722,false,ultralytics_yolo12n,D:\models\ultralytics\yolo12n.pt,backend_status=available; plug-in detection row only
GM_RM017,ultralytics_yolo12n_downloaded,159,D:\profile\research\data\GM_RM017\GM_RM017_frames\000159.png,GM_RM017_000159_ultralytics_yolo12n_downloaded_001,car,0.883752346,131.904,313.474,399.543,408.621,25465.167,true,ultralytics_yolo12n,D:\models\ultralytics\yolo12n.pt,backend_status=available; plug-in detection row only
GM_RM017,ultralytics_yolo12n_downloaded,159,D:\profile\research\data\GM_RM017\GM_RM017_frames\000159.png,GM_RM017_000159_ultralytics_yolo12n_downloaded_002,car,0.871148884,0.000,308.126,186.648,396.686,16529.526,true,ultralytics_yolo12n,D:\models\ultralytics\yolo12n.pt,backend_status=available; plug-in detection row only
GM_RM017,ultralytics_yolo12n_downloaded,159,D:\profile\research\data\GM_RM017\GM_RM017_frames\000159.png,GM_RM017_000159_ultralytics_yolo12n_downloaded_003,fire hydrant,0.799181998,62.090,418.756,107.400,502.650,3801.172,false,ultralytics_yolo12n,D:\models\ultralytics\yolo12n.pt,backend_status=available; plug-in detection row only
GM_RM017,ultralytics_yolo12n_downloaded,159,D:\profile\research\data\GM_RM017\GM_RM017_frames\000159.png,GM_RM017_000159_ultralytics_yolo12n_downloaded_004,truck,0.735388041,599.502,204.249,794.211,376.917,33620.224,true,ultralytics_yolo12n,D:\models\ultralytics\yolo12n.pt,backend_status=available; plug-in detection row only
GM_RM017,ultralytics_yolo12n_downloaded,160,D:\profile\research\data\GM_RM017\GM_RM017_frames\000160.png,GM_RM017_000160_ultralytics_yolo12n_downloaded_001,car,0.883345068,155.116,312.741,422.621,407.951,25469.288,true,ultralytics_yolo12n,D:\models\ultralytics\yolo12n.pt,backend_status=available; plug-in detection row only
GM_RM017,ultralytics_yolo12n_downloaded,160,D:\profile\research\data\GM_RM017\GM_RM017_frames\000160.png,GM_RM017_000160_ultralytics_yolo12n_downloaded_002,car,0.860580385,0.637,308.079,203.023,396.413,17877.619,true,ultralytics_yolo12n,D:\models\ultralytics\yolo12n.pt,backend_status=available; plug-in detection row only
GM_RM017,ultralytics_yolo12n_downloaded,160,D:\profile\research\data\GM_RM017\GM_RM017_frames\000160.png,GM_RM017_000160_ultralytics_yolo12n_downloaded_003,fire hydrant,0.856775284,104.998,413.604,150.773,501.863,4040.019,false,ultralytics_yolo12n,D:\models\ultralytics\yolo12n.pt,backend_status=available; plug-in detection row only
GM_RM017,ultralytics_yolo12n_downloaded,160,D:\profile\research\data\GM_RM017\GM_RM017_frames\000160.png,GM_RM017_000160_ultralytics_yolo12n_downloaded_004,truck,0.462206811,616.418,204.014,799.620,375.963,31501.498,true,ultralytics_yolo12n,D:\models\ultralytics\yolo12n.pt,backend_status=available; plug-in detection row only
GM_RM017,ultralytics_yolo12n_downloaded,160,D:\profile\research\data\GM_RM017\GM_RM017_frames\000160.png,GM_RM017_000160_ultralytics_yolo12n_downloaded_005,potted plant,0.390975088,558.145,323.542,603.756,400.517,3510.908,false,ultralytics_yolo12n,D:\models\ultralytics\yolo12n.pt,backend_status=available; plug-in detection row only
GM_RM017,ultralytics_yolo12n_downloaded,160,D:\profile\research\data\GM_RM017\GM_RM017_frames\000160.png,GM_RM017_000160_ultralytics_yolo12n_downloaded_006,potted plant,0.309656173,501.854,320.075,561.410,413.233,5548.055,false,ultralytics_yolo12n,D:\models\ultralytics\yolo12n.pt,backend_status=available; plug-in detection row only
GM_RM017,ultralytics_yolo12n_downloaded,161,D:\profile\research\data\GM_RM017\GM_RM017_frames\000161.png,GM_RM017_000161_ultralytics_yolo12n_downloaded_001,car,0.872934461,178.527,309.771,445.045,406.115,25677.569,true,ultralytics_yolo12n,D:\models\ultralytics\yolo12n.pt,backend_status=available; plug-in detection row only
GM_RM017,ultralytics_yolo12n_downloaded,161,D:\profile\research\data\GM_RM017\GM_RM017_frames\000161.png,GM_RM017_000161_ultralytics_yolo12n_downloaded_002,car,0.863498151,3.689,305.861,220.483,395.510,19435.332,true,ultralytics_yolo12n,D:\models\ultralytics\yolo12n.pt,backend_status=available; plug-in detection row only
GM_RM017,ultralytics_yolo12n_downloaded,161,D:\profile\research\data\GM_RM017\GM_RM017_frames\000161.png,GM_RM017_000161_ultralytics_yolo12n_downloaded_003,fire hydrant,0.856698632,150.157,413.677,194.848,501.791,3937.871,false,ultralytics_yolo12n,D:\models\ultralytics\yolo12n.pt,backend_status=available; plug-in detection row only
GM_RM017,ultralytics_yolo12n_downloaded,161,D:\profile\research\data\GM_RM017\GM_RM017_frames\000161.png,GM_RM017_000161_ultralytics_yolo12n_downloaded_004,truck,0.504921556,635.233,202.783,799.721,375.050,28335.779,true,ultralytics_yolo12n,D:\models\ultralytics\yolo12n.pt,backend_status=available; plug-in detection row only
GM_RM017,ultralytics_yolo12n_downloaded,161,D:\profile\research\data\GM_RM017\GM_RM017_frames\000161.png,GM_RM017_000161_ultralytics_yolo12n_downloaded_005,car,0.481021941,0.000,327.767,49.719,382.761,2734.259,true,ultralytics_yolo12n,D:\models\ultralytics\yolo12n.pt,backend_status=available; plug-in detection row only
GM_RM017,ultralytics_yolo12n_downloaded,161,D:\profile\research\data\GM_RM017\GM_RM017_frames\000161.png,GM_RM017_000161_ultralytics_yolo12n_downloaded_006,potted plant,0.350511670,475.609,315.644,535.620,413.276,5859.033,false,ultralytics_yolo12n,D:\models\ultralytics\yolo12n.pt,backend_status=available; plug-in detection row only
GM_RM017,ultralytics_yolo12n_downloaded,161,D:\profile\research\data\GM_RM017\GM_RM017_frames\000161.png,GM_RM017_000161_ultralytics_yolo12n_downloaded_007,potted plant,0.301172733,586.514,318.797,636.630,399.474,4043.245,false,ultralytics_yolo12n,D:\models\ultralytics\yolo12n.pt,backend_status=available; plug-in detection row only
GM_RM017,ultralytics_yolo12n_downloaded,162,D:\profile\research\data\GM_RM017\GM_RM017_frames\000162.png,GM_RM017_000162_ultralytics_yolo12n_downloaded_001,car,0.894652009,200.873,307.600,469.444,403.757,25825.188,true,ultralytics_yolo12n,D:\models\ultralytics\yolo12n.pt,backend_status=available; plug-in detection row only
GM_RM017,ultralytics_yolo12n_downloaded,162,D:\profile\research\data\GM_RM017\GM_RM017_frames\000162.png,GM_RM017_000162_ultralytics_yolo12n_downloaded_002,car,0.879756093,19.412,304.152,238.260,393.041,19453.149,true,ultralytics_yolo12n,D:\models\ultralytics\yolo12n.pt,backend_status=available; plug-in detection row only
GM_RM017,ultralytics_yolo12n_downloaded,162,D:\profile\research\data\GM_RM017\GM_RM017_frames\000162.png,GM_RM017_000162_ultralytics_yolo12n_downloaded_003,fire hydrant,0.822531998,194.638,408.821,239.823,501.078,4168.589,false,ultralytics_yolo12n,D:\models\ultralytics\yolo12n.pt,backend_status=available; plug-in detection row only
GM_RM017,ultralytics_yolo12n_downloaded,162,D:\profile\research\data\GM_RM017\GM_RM017_frames\000162.png,GM_RM017_000162_ultralytics_yolo12n_downloaded_004,car,0.514006793,0.034,326.840,63.515,378.863,3302.476,true,ultralytics_yolo12n,D:\models\ultralytics\yolo12n.pt,backend_status=available; plug-in detection row only
GM_RM017,ultralytics_yolo12n_downloaded,162,D:\profile\research\data\GM_RM017\GM_RM017_frames\000162.png,GM_RM017_000162_ultralytics_yolo12n_downloaded_005,truck,0.459812731,648.435,202.142,799.569,372.111,25688.141,true,ultralytics_yolo12n,D:\models\ultralytics\yolo12n.pt,backend_status=available; plug-in detection row only
GM_RM017,ultralytics_yolo12n_downloaded,162,D:\profile\research\data\GM_RM017\GM_RM017_frames\000162.png,GM_RM017_000162_ultralytics_yolo12n_downloaded_006,potted plant,0.312836438,506.060,330.730,561.896,411.975,4536.357,false,ultralytics_yolo12n,D:\models\ultralytics\yolo12n.pt,backend_status=available; plug-in detection row only
GM_RM017,ultralytics_yolo12n_downloaded,162,D:\profile\research\data\GM_RM017\GM_RM017_frames\000162.png,GM_RM017_000162_ultralytics_yolo12n_downloaded_007,potted plant,0.288840950,612.660,317.800,670.474,398.043,4639.165,false,ultralytics_yolo12n,D:\models\ultralytics\yolo12n.pt,backend_status=available; plug-in detection row only
GM_RM017,ultralytics_yolo12n_downloaded,163,D:\profile\research\data\GM_RM017\GM_RM017_frames\000163.png,GM_RM017_000163_ultralytics_yolo12n_downloaded_001,car,0.894727886,223.793,306.204,493.640,401.344,25673.243,true,ultralytics_yolo12n,D:\models\ultralytics\yolo12n.pt,backend_status=available; plug-in detection row only
GM_RM017,ultralytics_yolo12n_downloaded,163,D:\profile\research\data\GM_RM017\GM_RM017_frames\000163.png,GM_RM017_000163_ultralytics_yolo12n_downloaded_002,car,0.888710797,36.335,303.165,253.697,390.990,19089.659,true,ultralytics_yolo12n,D:\models\ultralytics\yolo12n.pt,backend_status=available; plug-in detection row only
GM_RM017,ultralytics_yolo12n_downloaded,163,D:\profile\research\data\GM_RM017\GM_RM017_frames\000163.png,GM_RM017_000163_ultralytics_yolo12n_downloaded_003,fire hydrant,0.829275787,240.566,409.503,286.989,501.606,4275.701,false,ultralytics_yolo12n,D:\models\ultralytics\yolo12n.pt,backend_status=available; plug-in detection row only
GM_RM017,ultralytics_yolo12n_downloaded,163,D:\profile\research\data\GM_RM017\GM_RM017_frames\000163.png,GM_RM017_000163_ultralytics_yolo12n_downloaded_004,car,0.658575118,0.172,325.457,82.086,378.011,4304.883,true,ultralytics_yolo12n,D:\models\ultralytics\yolo12n.pt,backend_status=available; plug-in detection row only
GM_RM017,ultralytics_yolo12n_downloaded,163,D:\profile\research\data\GM_RM017\GM_RM017_frames\000163.png,GM_RM017_000163_ultralytics_yolo12n_downloaded_005,truck,0.439937919,669.848,202.810,799.696,370.618,21789.424,true,ultralytics_yolo12n,D:\models\ultralytics\yolo12n.pt,backend_status=available; plug-in detection row only
GM_RM017,ultralytics_yolo12n_downloaded,163,D:\profile\research\data\GM_RM017\GM_RM017_frames\000163.png,GM_RM017_000163_ultralytics_yolo12n_downloaded_006,potted plant,0.329294384,642.957,317.663,705.608,397.885,5025.971,false,ultralytics_yolo12n,D:\models\ultralytics\yolo12n.pt,backend_status=available; plug-in detection row only
GM_RM017,ultralytics_yolo12n_downloaded,163,D:\profile\research\data\GM_RM017\GM_RM017_frames\000163.png,GM_RM017_000163_ultralytics_yolo12n_downloaded_007,potted plant,0.308850050,533.899,323.382,592.185,411.102,5112.831,false,ultralytics_yolo12n,D:\models\ultralytics\yolo12n.pt,backend_status=available; plug-in detection row only
GM_RM017,ultralytics_yolo12n_downloaded,164,D:\profile\research\data\GM_RM017\GM_RM017_frames\000164.png,GM_RM017_000164_ultralytics_yolo12n_downloaded_001,car,0.896396160,245.311,306.168,518.561,401.814,26135.131,true,ultralytics_yolo12n,D:\models\ultralytics\yolo12n.pt,backend_status=available; plug-in detection row only
GM_RM017,ultralytics_yolo12n_downloaded,164,D:\profile\research\data\GM_RM017\GM_RM017_frames\000164.png,GM_RM017_000164_ultralytics_yolo12n_downloaded_002,car,0.867579937,51.278,302.778,270.702,391.806,19534.768,true,ultralytics_yolo12n,D:\models\ultralytics\yolo12n.pt,backend_status=available; plug-in detection row only
GM_RM017,ultralytics_yolo12n_downloaded,164,D:\profile\research\data\GM_RM017\GM_RM017_frames\000164.png,GM_RM017_000164_ultralytics_yolo12n_downloaded_003,fire hydrant,0.803788304,287.787,410.764,336.630,501.943,4453.459,false,ultralytics_yolo12n,D:\models\ultralytics\yolo12n.pt,backend_status=available; plug-in detection row only
GM_RM017,ultralytics_yolo12n_downloaded,164,D:\profile\research\data\GM_RM017\GM_RM017_frames\000164.png,GM_RM017_000164_ultralytics_yolo12n_downloaded_004,car,0.727138758,0.211,324.815,97.677,379.463,5326.403,true,ultralytics_yolo12n,D:\models\ultralytics\yolo12n.pt,backend_status=available; plug-in detection row only
GM_RM017,ultralytics_yolo12n_downloaded,164,D:\profile\research\data\GM_RM017\GM_RM017_frames\000164.png,GM_RM017_000164_ultralytics_yolo12n_downloaded_005,potted plant,0.319214851,563.368,319.629,624.172,411.894,5610.031,false,ultralytics_yolo12n,D:\models\ultralytics\yolo12n.pt,backend_status=available; plug-in detection row only
GM_RM017,ultralytics_yolo12n_downloaded,165,D:\profile\research\data\GM_RM017\GM_RM017_frames\000165.png,GM_RM017_000165_ultralytics_yolo12n_downloaded_001,car,0.906064808,269.016,305.931,544.958,401.584,26394.689,true,ultralytics_yolo12n,D:\models\ultralytics\yolo12n.pt,backend_status=available; plug-in detection row only
GM_RM017,ultralytics_yolo12n_downloaded,165,D:\profile\research\data\GM_RM017\GM_RM017_frames\000165.png,GM_RM017_000165_ultralytics_yolo12n_downloaded_002,car,0.863852203,68.447,301.745,289.752,392.010,19976.265,true,ultralytics_yolo12n,D:\models\ultralytics\yolo12n.pt,backend_status=available; plug-in detection row only
GM_RM017,ultralytics_yolo12n_downloaded,165,D:\profile\research\data\GM_RM017\GM_RM017_frames\000165.png,GM_RM017_000165_ultralytics_yolo12n_downloaded_003,fire hydrant,0.806729078,338.221,408.634,387.873,503.013,4686.016,false,ultralytics_yolo12n,D:\models\ultralytics\yolo12n.pt,backend_status=available; plug-in detection row only
GM_RM017,ultralytics_yolo12n_downloaded,165,D:\profile\research\data\GM_RM017\GM_RM017_frames\000165.png,GM_RM017_000165_ultralytics_yolo12n_downloaded_004,car,0.747692943,0.177,324.493,114.508,382.225,6600.594,true,ultralytics_yolo12n,D:\models\ultralytics\yolo12n.pt,backend_status=available; plug-in detection row only
GM_RM017,ultralytics_yolo12n_downloaded,165,D:\profile\research\data\GM_RM017\GM_RM017_frames\000165.png,GM_RM017_000165_ultralytics_yolo12n_downloaded_005,potted plant,0.350475430,584.050,320.237,658.346,411.867,6807.707,false,ultralytics_yolo12n,D:\models\ultralytics\yolo12n.pt,backend_status=available; plug-in detection row only
GM_RM017,ultralytics_yolo12n_downloaded,165,D:\profile\research\data\GM_RM017\GM_RM017_frames\000165.png,GM_RM017_000165_ultralytics_yolo12n_downloaded_006,potted plant,0.271316171,705.532,322.291,764.053,398.380,4452.786,false,ultralytics_yolo12n,D:\models\ultralytics\yolo12n.pt,backend_status=available; plug-in detection row only
GM_RM017,ultralytics_yolo12n_downloaded,166,D:\profile\research\data\GM_RM017\GM_RM017_frames\000166.png,GM_RM017_000166_ultralytics_yolo12n_downloaded_001,car,0.906574070,290.170,304.245,573.111,401.417,27494.190,true,ultralytics_yolo12n,D:\models\ultralytics\yolo12n.pt,backend_status=available; plug-in detection row only
GM_RM017,ultralytics_yolo12n_downloaded,166,D:\profile\research\data\GM_RM017\GM_RM017_frames\000166.png,GM_RM017_000166_ultralytics_yolo12n_downloaded_002,car,0.883499503,84.907,301.088,307.782,391.083,20057.609,true,ultralytics_yolo12n,D:\models\ultralytics\yolo12n.pt,backend_status=available; plug-in detection row only
GM_RM017,ultralytics_yolo12n_downloaded,166,D:\profile\research\data\GM_RM017\GM_RM017_frames\000166.png,GM_RM017_000166_ultralytics_yolo12n_downloaded_003,fire hydrant,0.756686211,391.800,407.557,438.693,503.146,4482.484,false,ultralytics_yolo12n,D:\models\ultralytics\yolo12n.pt,backend_status=available; plug-in detection row only
GM_RM017,ultralytics_yolo12n_downloaded,166,D:\profile\research\data\GM_RM017\GM_RM017_frames\000166.png,GM_RM017_000166_ultralytics_yolo12n_downloaded_004,car,0.746983469,0.250,323.650,130.773,384.201,7903.275,true,ultralytics_yolo12n,D:\models\ultralytics\yolo12n.pt,backend_status=available; plug-in detection row only
GM_RM017,ultralytics_yolo12n_downloaded,166,D:\profile\research\data\GM_RM017\GM_RM017_frames\000166.png,GM_RM017_000166_ultralytics_yolo12n_downloaded_005,potted plant,0.286265492,734.494,320.042,791.418,398.104,4443.671,false,ultralytics_yolo12n,D:\models\ultralytics\yolo12n.pt,backend_status=available; plug-in detection row only
GM_RM017,ultralytics_yolo12n_downloaded,166,D:\profile\research\data\GM_RM017\GM_RM017_frames\000166.png,GM_RM017_000166_ultralytics_yolo12n_downloaded_006,potted plant,0.273345113,613.070,318.521,693.117,411.101,7410.761,false,ultralytics_yolo12n,D:\models\ultralytics\yolo12n.pt,backend_status=available; plug-in detection row only
GM_RM017,ultralytics_yolo12n_downloaded,167,D:\profile\research\data\GM_RM017\GM_RM017_frames\000167.png,GM_RM017_000167_ultralytics_yolo12n_downloaded_001,car,0.899880528,313.069,301.968,599.827,401.549,28555.682,true,ultralytics_yolo12n,D:\models\ultralytics\yolo12n.pt,backend_status=available; plug-in detection row only
GM_RM017,ultralytics_yolo12n_downloaded,167,D:\profile\research\data\GM_RM017\GM_RM017_frames\000167.png,GM_RM017_000167_ultralytics_yolo12n_downloaded_002,car,0.854573250,101.991,299.911,324.634,389.825,20018.815,true,ultralytics_yolo12n,D:\models\ultralytics\yolo12n.pt,backend_status=available; plug-in detection row only
GM_RM017,ultralytics_yolo12n_downloaded,167,D:\profile\research\data\GM_RM017\GM_RM017_frames\000167.png,GM_RM017_000167_ultralytics_yolo12n_downloaded_003,car,0.803897202,0.137,321.310,149.148,384.541,9422.150,true,ultralytics_yolo12n,D:\models\ultralytics\yolo12n.pt,backend_status=available; plug-in detection row only
GM_RM017,ultralytics_yolo12n_downloaded,167,D:\profile\research\data\GM_RM017\GM_RM017_frames\000167.png,GM_RM017_000167_ultralytics_yolo12n_downloaded_004,fire hydrant,0.793958485,442.196,405.729,490.655,502.585,4693.523,false,ultralytics_yolo12n,D:\models\ultralytics\yolo12n.pt,backend_status=available; plug-in detection row only
GM_RM017,ultralytics_yolo12n_downloaded,167,D:\profile\research\data\GM_RM017\GM_RM017_frames\000167.png,GM_RM017_000167_ultralytics_yolo12n_downloaded_005,potted plant,0.353108764,636.938,315.284,722.774,410.041,8133.567,false,ultralytics_yolo12n,D:\models\ultralytics\yolo12n.pt,backend_status=available; plug-in detection row only
GM_RM017,ultralytics_yolo12n_downloaded,168,D:\profile\research\data\GM_RM017\GM_RM017_frames\000168.png,GM_RM017_000168_ultralytics_yolo12n_downloaded_001,car,0.903592765,337.856,301.496,625.154,399.965,28289.841,true,ultralytics_yolo12n,D:\models\ultralytics\yolo12n.pt,backend_status=available; plug-in detection row only
GM_RM017,ultralytics_yolo12n_downloaded,168,D:\profile\research\data\GM_RM017\GM_RM017_frames\000168.png,GM_RM017_000168_ultralytics_yolo12n_downloaded_002,car,0.876155615,116.602,299.304,342.496,389.548,20385.590,true,ultralytics_yolo12n,D:\models\ultralytics\yolo12n.pt,backend_status=available; plug-in detection row only
GM_RM017,ultralytics_yolo12n_downloaded,168,D:\profile\research\data\GM_RM017\GM_RM017_frames\000168.png,GM_RM017_000168_ultralytics_yolo12n_downloaded_003,car,0.826996207,0.000,320.919,160.427,385.028,10284.925,true,ultralytics_yolo12n,D:\models\ultralytics\yolo12n.pt,backend_status=available; plug-in detection row only
GM_RM017,ultralytics_yolo12n_downloaded,168,D:\profile\research\data\GM_RM017\GM_RM017_frames\000168.png,GM_RM017_000168_ultralytics_yolo12n_downloaded_004,fire hydrant,0.796153069,493.938,405.032,547.187,503.017,5217.517,false,ultralytics_yolo12n,D:\models\ultralytics\yolo12n.pt,backend_status=available; plug-in detection row only
GM_RM017,ultralytics_yolo12n_downloaded,168,D:\profile\research\data\GM_RM017\GM_RM017_frames\000168.png,GM_RM017_000168_ultralytics_yolo12n_downloaded_005,potted plant,0.409888446,665.017,313.839,757.202,409.994,8863.993,false,ultralytics_yolo12n,D:\models\ultralytics\yolo12n.pt,backend_status=available; plug-in detection row only
GM_RM017,ultralytics_yolo12n_downloaded,169,D:\profile\research\data\GM_RM017\GM_RM017_frames\000169.png,GM_RM017_000169_ultralytics_yolo12n_downloaded_001,car,0.909971535,363.158,297.771,655.003,399.556,29705.332,true,ultralytics_yolo12n,D:\models\ultralytics\yolo12n.pt,backend_status=available; plug-in detection row only
GM_RM017,ultralytics_yolo12n_downloaded,169,D:\profile\research\data\GM_RM017\GM_RM017_frames\000169.png,GM_RM017_000169_ultralytics_yolo12n_downloaded_002,car,0.894851089,131.147,296.827,361.702,386.878,20761.770,true,ultralytics_yolo12n,D:\models\ultralytics\yolo12n.pt,backend_status=available; plug-in detection row only
GM_RM017,ultralytics_yolo12n_downloaded,169,D:\profile\research\data\GM_RM017\GM_RM017_frames\000169.png,GM_RM017_000169_ultralytics_yolo12n_downloaded_003,car,0.851323605,12.715,318.933,171.928,381.542,9968.284,true,ultralytics_yolo12n,D:\models\ultralytics\yolo12n.pt,backend_status=available; plug-in detection row only
GM_RM017,ultralytics_yolo12n_downloaded,169,D:\profile\research\data\GM_RM017\GM_RM017_frames\000169.png,GM_RM017_000169_ultralytics_yolo12n_downloaded_004,fire hydrant,0.776099324,555.659,400.565,602.442,500.879,4692.978,false,ultralytics_yolo12n,D:\models\ultralytics\yolo12n.pt,backend_status=available; plug-in detection row only
GM_RM017,ultralytics_yolo12n_downloaded,169,D:\profile\research\data\GM_RM017\GM_RM017_frames\000169.png,GM_RM017_000169_ultralytics_yolo12n_downloaded_005,potted plant,0.679589391,690.192,307.036,799.726,406.111,10852.062,false,ultralytics_yolo12n,D:\models\ultralytics\yolo12n.pt,backend_status=available; plug-in detection row only
GM_RM017,ultralytics_yolo12n_downloaded,170,D:\profile\research\data\GM_RM017\GM_RM017_frames\000170.png,GM_RM017_000170_ultralytics_yolo12n_downloaded_001,car,0.909557402,388.394,296.110,684.712,399.191,30544.870,true,ultralytics_yolo12n,D:\models\ultralytics\yolo12n.pt,backend_status=available; plug-in detection row only
GM_RM017,ultralytics_yolo12n_downloaded,170,D:\profile\research\data\GM_RM017\GM_RM017_frames\000170.png,GM_RM017_000170_ultralytics_yolo12n_downloaded_002,car,0.896763384,152.286,295.378,380.808,386.680,20864.483,true,ultralytics_yolo12n,D:\models\ultralytics\yolo12n.pt,backend_status=available; plug-in detection row only
GM_RM017,ultralytics_yolo12n_downloaded,170,D:\profile\research\data\GM_RM017\GM_RM017_frames\000170.png,GM_RM017_000170_ultralytics_yolo12n_downloaded_003,car,0.853203475,26.753,318.624,190.573,381.362,10277.745,true,ultralytics_yolo12n,D:\models\ultralytics\yolo12n.pt,backend_status=available; plug-in detection row only
GM_RM017,ultralytics_yolo12n_downloaded,170,D:\profile\research\data\GM_RM017\GM_RM017_frames\000170.png,GM_RM017_000170_ultralytics_yolo12n_downloaded_004,fire hydrant,0.750615239,614.063,399.536,662.598,501.042,4926.531,false,ultralytics_yolo12n,D:\models\ultralytics\yolo12n.pt,backend_status=available; plug-in detection row only
GM_RM017,ultralytics_yolo12n_downloaded,170,D:\profile\research\data\GM_RM017\GM_RM017_frames\000170.png,GM_RM017_000170_ultralytics_yolo12n_downloaded_005,potted plant,0.477534384,720.901,310.412,799.849,402.161,7243.346,false,ultralytics_yolo12n,D:\models\ultralytics\yolo12n.pt,backend_status=available; plug-in detection row only
GM_RM017,ultralytics_yolo12n_downloaded,171,D:\profile\research\data\GM_RM017\GM_RM017_frames\000171.png,GM_RM017_000171_ultralytics_yolo12n_downloaded_001,car,0.901074469,414.481,294.445,715.391,399.263,31540.863,true,ultralytics_yolo12n,D:\models\ultralytics\yolo12n.pt,backend_status=available; plug-in detection row only
GM_RM017,ultralytics_yolo12n_downloaded,171,D:\profile\research\data\GM_RM017\GM_RM017_frames\000171.png,GM_RM017_000171_ultralytics_yolo12n_downloaded_002,car,0.897824228,172.073,293.710,400.894,386.598,21254.737,true,ultralytics_yolo12n,D:\models\ultralytics\yolo12n.pt,backend_status=available; plug-in detection row only
GM_RM017,ultralytics_yolo12n_downloaded,171,D:\profile\research\data\GM_RM017\GM_RM017_frames\000171.png,GM_RM017_000171_ultralytics_yolo12n_downloaded_003,car,0.854498029,42.406,317.479,206.855,381.046,10453.377,true,ultralytics_yolo12n,D:\models\ultralytics\yolo12n.pt,backend_status=available; plug-in detection row only
GM_RM017,ultralytics_yolo12n_downloaded,171,D:\profile\research\data\GM_RM017\GM_RM017_frames\000171.png,GM_RM017_000171_ultralytics_yolo12n_downloaded_004,fire hydrant,0.804850876,668.923,399.217,723.255,501.040,5532.241,false,ultralytics_yolo12n,D:\models\ultralytics\yolo12n.pt,backend_status=available; plug-in detection row only
GM_RM017,ultralytics_yolo12n_downloaded,171,D:\profile\research\data\GM_RM017\GM_RM017_frames\000171.png,GM_RM017_000171_ultralytics_yolo12n_downloaded_005,potted plant,0.351220012,752.709,308.344,799.804,475.390,7866.948,false,ultralytics_yolo12n,D:\models\ultralytics\yolo12n.pt,backend_status=available; plug-in detection row only
GM_RM017,ultralytics_yolo12n_downloaded,171,D:\profile\research\data\GM_RM017\GM_RM017_frames\000171.png,GM_RM017_000171_ultralytics_yolo12n_downloaded_006,potted plant,0.277796209,753.469,314.334,800.000,393.451,3681.428,false,ultralytics_yolo12n,D:\models\ultralytics\yolo12n.pt,backend_status=available; plug-in detection row only
GM_RM017,ultralytics_yolo12n_downloaded,172,D:\profile\research\data\GM_RM017\GM_RM017_frames\000172.png,GM_RM017_000172_ultralytics_yolo12n_downloaded_001,car,0.895648956,439.087,295.033,744.699,398.001,31468.215,true,ultralytics_yolo12n,D:\models\ultralytics\yolo12n.pt,backend_status=available; plug-in detection row only
GM_RM017,ultralytics_yolo12n_downloaded,172,D:\profile\research\data\GM_RM017\GM_RM017_frames\000172.png,GM_RM017_000172_ultralytics_yolo12n_downloaded_002,car,0.886004031,190.861,294.359,420.917,387.269,21374.402,true,ultralytics_yolo12n,D:\models\ultralytics\yolo12n.pt,backend_status=available; plug-in detection row only
GM_RM017,ultralytics_yolo12n_downloaded,172,D:\profile\research\data\GM_RM017\GM_RM017_frames\000172.png,GM_RM017_000172_ultralytics_yolo12n_downloaded_003,car,0.849208653,56.884,318.194,223.595,381.807,10604.884,true,ultralytics_yolo12n,D:\models\ultralytics\yolo12n.pt,backend_status=available; plug-in detection row only
GM_RM017,ultralytics_yolo12n_downloaded,172,D:\profile\research\data\GM_RM017\GM_RM017_frames\000172.png,GM_RM017_000172_ultralytics_yolo12n_downloaded_004,fire hydrant,0.816428781,731.234,398.923,788.044,503.362,5933.234,false,ultralytics_yolo12n,D:\models\ultralytics\yolo12n.pt,backend_status=available; plug-in detection row only
GM_RM017,ultralytics_yolo12n_downloaded,173,D:\profile\research\data\GM_RM017\GM_RM017_frames\000173.png,GM_RM017_000173_ultralytics_yolo12n_downloaded_001,car,0.906157076,465.555,292.041,777.790,397.946,33067.259,true,ultralytics_yolo12n,D:\models\ultralytics\yolo12n.pt,backend_status=available; plug-in detection row only
GM_RM017,ultralytics_yolo12n_downloaded,173,D:\profile\research\data\GM_RM017\GM_RM017_frames\000173.png,GM_RM017_000173_ultralytics_yolo12n_downloaded_002,car,0.887462437,210.657,293.224,441.507,386.335,21494.666,true,ultralytics_yolo12n,D:\models\ultralytics\yolo12n.pt,backend_status=available; plug-in detection row only
GM_RM017,ultralytics_yolo12n_downloaded,173,D:\profile\research\data\GM_RM017\GM_RM017_frames\000173.png,GM_RM017_000173_ultralytics_yolo12n_downloaded_003,car,0.853026211,72.969,317.251,239.808,381.362,10696.195,true,ultralytics_yolo12n,D:\models\ultralytics\yolo12n.pt,backend_status=available; plug-in detection row only
GM_RM017,ultralytics_yolo12n_downloaded,174,D:\profile\research\data\GM_RM017\GM_RM017_frames\000174.png,GM_RM017_000174_ultralytics_yolo12n_downloaded_001,car,0.910576165,490.403,289.940,799.843,395.898,32787.519,true,ultralytics_yolo12n,D:\models\ultralytics\yolo12n.pt,backend_status=available; plug-in detection row only
GM_RM017,ultralytics_yolo12n_downloaded,174,D:\profile\research\data\GM_RM017\GM_RM017_frames\000174.png,GM_RM017_000174_ultralytics_yolo12n_downloaded_002,car,0.894566417,233.604,291.216,463.679,385.795,21760.358,true,ultralytics_yolo12n,D:\models\ultralytics\yolo12n.pt,backend_status=available; plug-in detection row only
GM_RM017,ultralytics_yolo12n_downloaded,174,D:\profile\research\data\GM_RM017\GM_RM017_frames\000174.png,GM_RM017_000174_ultralytics_yolo12n_downloaded_003,car,0.848417699,90.446,316.766,258.694,380.971,10802.377,true,ultralytics_yolo12n,D:\models\ultralytics\yolo12n.pt,backend_status=available; plug-in detection row only
GM_RM017,ultralytics_yolo12n_downloaded,175,D:\profile\research\data\GM_RM017\GM_RM017_frames\000175.png,GM_RM017_000175_ultralytics_yolo12n_downloaded_001,car,0.914277852,515.890,290.347,800.000,396.680,30210.230,true,ultralytics_yolo12n,D:\models\ultralytics\yolo12n.pt,backend_status=available; plug-in detection row only
GM_RM017,ultralytics_yolo12n_downloaded,175,D:\profile\research\data\GM_RM017\GM_RM017_frames\000175.png,GM_RM017_000175_ultralytics_yolo12n_downloaded_002,car,0.914211869,254.767,292.818,485.274,387.353,21791.035,true,ultralytics_yolo12n,D:\models\ultralytics\yolo12n.pt,backend_status=available; plug-in detection row only
GM_RM017,ultralytics_yolo12n_downloaded,175,D:\profile\research\data\GM_RM017\GM_RM017_frames\000175.png,GM_RM017_000175_ultralytics_yolo12n_downloaded_003,car,0.858096600,105.594,318.721,277.651,383.099,11076.669,true,ultralytics_yolo12n,D:\models\ultralytics\yolo12n.pt,backend_status=available; plug-in detection row only
GM_RM017,ultralytics_yolo12n_downloaded,176,D:\profile\research\data\GM_RM017\GM_RM017_frames\000176.png,GM_RM017_000176_ultralytics_yolo12n_downloaded_001,car,0.916191161,539.503,288.591,799.745,392.827,27126.488,true,ultralytics_yolo12n,D:\models\ultralytics\yolo12n.pt,backend_status=available; plug-in detection row only
GM_RM017,ultralytics_yolo12n_downloaded,176,D:\profile\research\data\GM_RM017\GM_RM017_frames\000176.png,GM_RM017_000176_ultralytics_yolo12n_downloaded_002,car,0.911288857,274.969,286.719,505.435,383.922,22401.941,true,ultralytics_yolo12n,D:\models\ultralytics\yolo12n.pt,backend_status=available; plug-in detection row only
GM_RM017,ultralytics_yolo12n_downloaded,176,D:\profile\research\data\GM_RM017\GM_RM017_frames\000176.png,GM_RM017_000176_ultralytics_yolo12n_downloaded_003,car,0.851407230,118.148,314.778,291.511,379.295,11184.712,true,ultralytics_yolo12n,D:\models\ultralytics\yolo12n.pt,backend_status=available; plug-in detection row only
GM_RM017,ultralytics_yolo12n_downloaded,177,D:\profile\research\data\GM_RM017\GM_RM017_frames\000177.png,GM_RM017_000177_ultralytics_yolo12n_downloaded_001,car,0.915591478,292.471,282.211,525.115,381.096,23005.105,true,ultralytics_yolo12n,D:\models\ultralytics\yolo12n.pt,backend_status=available; plug-in detection row only
GM_RM017,ultralytics_yolo12n_downloaded,177,D:\profile\research\data\GM_RM017\GM_RM017_frames\000177.png,GM_RM017_000177_ultralytics_yolo12n_downloaded_002,car,0.910277247,563.024,285.269,799.423,390.148,24793.420,true,ultralytics_yolo12n,D:\models\ultralytics\yolo12n.pt,backend_status=available; plug-in detection row only
GM_RM017,ultralytics_yolo12n_downloaded,177,D:\profile\research\data\GM_RM017\GM_RM017_frames\000177.png,GM_RM017_000177_ultralytics_yolo12n_downloaded_003,car,0.849347949,132.757,311.137,308.708,375.713,11362.069,true,ultralytics_yolo12n,D:\models\ultralytics\yolo12n.pt,backend_status=available; plug-in detection row only
GM_RM017,ultralytics_yolo12n_downloaded,178,D:\profile\research\data\GM_RM017\GM_RM017_frames\000178.png,GM_RM017_000178_ultralytics_yolo12n_downloaded_001,car,0.908880711,312.911,281.471,546.555,379.956,23010.386,true,ultralytics_yolo12n,D:\models\ultralytics\yolo12n.pt,backend_status=available; plug-in detection row only
GM_RM017,ultralytics_yolo12n_downloaded,178,D:\profile\research\data\GM_RM017\GM_RM017_frames\000178.png,GM_RM017_000178_ultralytics_yolo12n_downloaded_002,car,0.907555759,589.377,282.269,799.497,389.491,22529.496,true,ultralytics_yolo12n,D:\models\ultralytics\yolo12n.pt,backend_status=available; plug-in detection row only
GM_RM017,ultralytics_yolo12n_downloaded,178,D:\profile\research\data\GM_RM017\GM_RM017_frames\000178.png,GM_RM017_000178_ultralytics_yolo12n_downloaded_003,car,0.859042108,149.610,308.688,329.995,375.325,12020.372,true,ultralytics_yolo12n,D:\models\ultralytics\yolo12n.pt,backend_status=available; plug-in detection row only
GM_RM017,ultralytics_yolo12n_downloaded,179,D:\profile\research\data\GM_RM017\GM_RM017_frames\000179.png,GM_RM017_000179_ultralytics_yolo12n_downloaded_001,car,0.913657188,333.318,283.149,568.724,382.331,23348.000,true,ultralytics_yolo12n,D:\models\ultralytics\yolo12n.pt,backend_status=available; plug-in detection row only
GM_RM017,ultralytics_yolo12n_downloaded,179,D:\profile\research\data\GM_RM017\GM_RM017_frames\000179.png,GM_RM017_000179_ultralytics_yolo12n_downloaded_002,car,0.888049126,614.279,284.550,799.003,391.019,19667.412,true,ultralytics_yolo12n,D:\models\ultralytics\yolo12n.pt,backend_status=available; plug-in detection row only
GM_RM017,ultralytics_yolo12n_downloaded,179,D:\profile\research\data\GM_RM017\GM_RM017_frames\000179.png,GM_RM017_000179_ultralytics_yolo12n_downloaded_003,car,0.848530471,164.654,310.687,345.413,376.476,11891.999,true,ultralytics_yolo12n,D:\models\ultralytics\yolo12n.pt,backend_status=available; plug-in detection row only
GM_RM017,ultralytics_yolo12n_downloaded,180,D:\profile\research\data\GM_RM017\GM_RM017_frames\000180.png,GM_RM017_000180_ultralytics_yolo12n_downloaded_001,car,0.904415429,353.097,284.658,591.119,383.016,23411.496,true,ultralytics_yolo12n,D:\models\ultralytics\yolo12n.pt,backend_status=available; plug-in detection row only
GM_RM017,ultralytics_yolo12n_downloaded,180,D:\profile\research\data\GM_RM017\GM_RM017_frames\000180.png,GM_RM017_000180_ultralytics_yolo12n_downloaded_002,car,0.901724815,641.380,287.547,799.101,392.058,16483.435,true,ultralytics_yolo12n,D:\models\ultralytics\yolo12n.pt,backend_status=available; plug-in detection row only
GM_RM017,ultralytics_yolo12n_downloaded,180,D:\profile\research\data\GM_RM017\GM_RM017_frames\000180.png,GM_RM017_000180_ultralytics_yolo12n_downloaded_003,car,0.860377491,180.173,311.494,365.137,377.895,12281.816,true,ultralytics_yolo12n,D:\models\ultralytics\yolo12n.pt,backend_status=available; plug-in detection row only
GM_RM017,ultralytics_yolo12n_downloaded,181,D:\profile\research\data\GM_RM017\GM_RM017_frames\000181.png,GM_RM017_000181_ultralytics_yolo12n_downloaded_001,car,0.900366664,374.287,284.387,614.812,382.704,23647.647,true,ultralytics_yolo12n,D:\models\ultralytics\yolo12n.pt,backend_status=available; plug-in detection row only
GM_RM017,ultralytics_yolo12n_downloaded,181,D:\profile\research\data\GM_RM017\GM_RM017_frames\000181.png,GM_RM017_000181_ultralytics_yolo12n_downloaded_002,car,0.876728296,667.510,290.568,799.573,391.360,13310.934,true,ultralytics_yolo12n,D:\models\ultralytics\yolo12n.pt,backend_status=available; plug-in detection row only
GM_RM017,ultralytics_yolo12n_downloaded,181,D:\profile\research\data\GM_RM017\GM_RM017_frames\000181.png,GM_RM017_000181_ultralytics_yolo12n_downloaded_003,car,0.857439518,196.625,311.688,384.121,378.674,12559.672,true,ultralytics_yolo12n,D:\models\ultralytics\yolo12n.pt,backend_status=available; plug-in detection row only
GM_RM017,ultralytics_yolo12n_downloaded,182,D:\profile\research\data\GM_RM017\GM_RM017_frames\000182.png,GM_RM017_000182_ultralytics_yolo12n_downloaded_001,car,0.893161893,395.522,284.360,638.009,385.408,24502.836,true,ultralytics_yolo12n,D:\models\ultralytics\yolo12n.pt,backend_status=available; plug-in detection row only
GM_RM017,ultralytics_yolo12n_downloaded,182,D:\profile\research\data\GM_RM017\GM_RM017_frames\000182.png,GM_RM017_000182_ultralytics_yolo12n_downloaded_002,car,0.858892918,212.335,313.573,403.613,380.194,12743.109,true,ultralytics_yolo12n,D:\models\ultralytics\yolo12n.pt,backend_status=available; plug-in detection row only
GM_RM017,ultralytics_yolo12n_downloaded,182,D:\profile\research\data\GM_RM017\GM_RM017_frames\000182.png,GM_RM017_000182_ultralytics_yolo12n_downloaded_003,car,0.811425924,695.370,298.647,799.715,391.832,9723.397,true,ultralytics_yolo12n,D:\models\ultralytics\yolo12n.pt,backend_status=available; plug-in detection row only
GM_RM017,ultralytics_yolo12n_downloaded,183,D:\profile\research\data\GM_RM017\GM_RM017_frames\000183.png,GM_RM017_000183_ultralytics_yolo12n_downloaded_001,car,0.895234406,416.912,284.303,662.365,383.950,24458.644,true,ultralytics_yolo12n,D:\models\ultralytics\yolo12n.pt,backend_status=available; plug-in detection row only
GM_RM017,ultralytics_yolo12n_downloaded,183,D:\profile\research\data\GM_RM017\GM_RM017_frames\000183.png,GM_RM017_000183_ultralytics_yolo12n_downloaded_002,car,0.859288216,229.544,312.884,422.663,379.536,12871.709,true,ultralytics_yolo12n,D:\models\ultralytics\yolo12n.pt,backend_status=available; plug-in detection row only
GM_RM017,ultralytics_yolo12n_downloaded,183,D:\profile\research\data\GM_RM017\GM_RM017_frames\000183.png,GM_RM017_000183_ultralytics_yolo12n_downloaded_003,car,0.833629251,723.500,319.078,799.790,381.739,4780.419,true,ultralytics_yolo12n,D:\models\ultralytics\yolo12n.pt,backend_status=available; plug-in detection row only
GM_RM017,ultralytics_yolo12n_downloaded,184,D:\profile\research\data\GM_RM017\GM_RM017_frames\000184.png,GM_RM017_000184_ultralytics_yolo12n_downloaded_001,car,0.887008667,437.408,282.373,685.017,383.298,24989.910,true,ultralytics_yolo12n,D:\models\ultralytics\yolo12n.pt,backend_status=available; plug-in detection row only
GM_RM017,ultralytics_yolo12n_downloaded,184,D:\profile\research\data\GM_RM017\GM_RM017_frames\000184.png,GM_RM017_000184_ultralytics_yolo12n_downloaded_002,car,0.866376638,245.491,312.806,442.446,379.781,13191.118,true,ultralytics_yolo12n,D:\models\ultralytics\yolo12n.pt,backend_status=available; plug-in detection row only
GM_RM017,ultralytics_yolo12n_downloaded,184,D:\profile\research\data\GM_RM017\GM_RM017_frames\000184.png,GM_RM017_000184_ultralytics_yolo12n_downloaded_003,car,0.763268948,750.753,320.300,799.597,378.589,2847.117,true,ultralytics_yolo12n,D:\models\ultralytics\yolo12n.pt,backend_status=available; plug-in detection row only
GM_RM017,ultralytics_yolo12n_downloaded,184,D:\profile\research\data\GM_RM017\GM_RM017_frames\000184.png,GM_RM017_000184_ultralytics_yolo12n_downloaded_004,fire hydrant,0.343509674,0.067,482.791,43.671,599.293,5079.852,false,ultralytics_yolo12n,D:\models\ultralytics\yolo12n.pt,backend_status=available; plug-in detection row only
GM_RM017,ultralytics_yolo12n_downloaded,184,D:\profile\research\data\GM_RM017\GM_RM017_frames\000184.png,GM_RM017_000184_ultralytics_yolo12n_downloaded_005,person,0.256419301,0.406,483.255,44.029,599.673,5078.438,false,ultralytics_yolo12n,D:\models\ultralytics\yolo12n.pt,backend_status=available; plug-in detection row only
GM_RM017,ultralytics_yolo12n_downloaded,185,D:\profile\research\data\GM_RM017\GM_RM017_frames\000185.png,GM_RM017_000185_ultralytics_yolo12n_downloaded_001,car,0.898985803,457.962,279.278,708.914,380.766,25468.686,true,ultralytics_yolo12n,D:\models\ultralytics\yolo12n.pt,backend_status=available; plug-in detection row only
GM_RM017,ultralytics_yolo12n_downloaded,185,D:\profile\research\data\GM_RM017\GM_RM017_frames\000185.png,GM_RM017_000185_ultralytics_yolo12n_downloaded_002,car,0.847235560,265.155,310.251,462.210,377.197,13192.119,true,ultralytics_yolo12n,D:\models\ultralytics\yolo12n.pt,backend_status=available; plug-in detection row only
GM_RM017,ultralytics_yolo12n_downloaded,185,D:\profile\research\data\GM_RM017\GM_RM017_frames\000185.png,GM_RM017_000185_ultralytics_yolo12n_downloaded_003,car,0.627434194,777.126,319.065,799.618,368.961,1122.235,true,ultralytics_yolo12n,D:\models\ultralytics\yolo12n.pt,backend_status=available; plug-in detection row only
GM_RM017,ultralytics_yolo12n_downloaded,186,D:\profile\research\data\GM_RM017\GM_RM017_frames\000186.png,GM_RM017_000186_ultralytics_yolo12n_downloaded_001,car,0.897112012,478.414,279.619,732.914,383.111,26338.926,true,ultralytics_yolo12n,D:\models\ultralytics\yolo12n.pt,backend_status=available; plug-in detection row only
GM_RM017,ultralytics_yolo12n_downloaded,186,D:\profile\research\data\GM_RM017\GM_RM017_frames\000186.png,GM_RM017_000186_ultralytics_yolo12n_downloaded_002,car,0.779918492,276.208,311.764,480.490,379.972,13933.702,true,ultralytics_yolo12n,D:\models\ultralytics\yolo12n.pt,backend_status=available; plug-in detection row only
GM_RM017,ultralytics_yolo12n_downloaded,187,D:\profile\research\data\GM_RM017\GM_RM017_frames\000187.png,GM_RM017_000187_ultralytics_yolo12n_downloaded_001,car,0.897109091,499.434,279.204,758.566,383.076,26916.843,true,ultralytics_yolo12n,D:\models\ultralytics\yolo12n.pt,backend_status=available; plug-in detection row only
GM_RM017,ultralytics_yolo12n_downloaded,187,D:\profile\research\data\GM_RM017\GM_RM017_frames\000187.png,GM_RM017_000187_ultralytics_yolo12n_downloaded_002,car,0.863839567,293.737,312.634,500.520,382.960,14542.402,true,ultralytics_yolo12n,D:\models\ultralytics\yolo12n.pt,backend_status=available; plug-in detection row only
GM_RM017,ultralytics_yolo12n_downloaded,188,D:\profile\research\data\GM_RM017\GM_RM017_frames\000188.png,GM_RM017_000188_ultralytics_yolo12n_downloaded_001,car,0.902198195,523.005,278.757,783.886,382.453,27052.269,true,ultralytics_yolo12n,D:\models\ultralytics\yolo12n.pt,backend_status=available; plug-in detection row only
GM_RM017,ultralytics_yolo12n_downloaded,188,D:\profile\research\data\GM_RM017\GM_RM017_frames\000188.png,GM_RM017_000188_ultralytics_yolo12n_downloaded_002,car,0.847039104,311.680,312.183,521.672,382.051,14671.747,true,ultralytics_yolo12n,D:\models\ultralytics\yolo12n.pt,backend_status=available; plug-in detection row only
GM_RM017,ultralytics_yolo12n_downloaded,188,D:\profile\research\data\GM_RM017\GM_RM017_frames\000188.png,GM_RM017_000188_ultralytics_yolo12n_downloaded_003,traffic light,0.309587061,335.331,4.985,395.072,131.067,7532.264,false,ultralytics_yolo12n,D:\models\ultralytics\yolo12n.pt,backend_status=available; plug-in detection row only
GM_RM017,ultralytics_yolo12n_downloaded,189,D:\profile\research\data\GM_RM017\GM_RM017_frames\000189.png,GM_RM017_000189_ultralytics_yolo12n_downloaded_001,car,0.908278227,544.260,274.307,799.668,379.098,26764.495,true,ultralytics_yolo12n,D:\models\ultralytics\yolo12n.pt,backend_status=available; plug-in detection row only
GM_RM017,ultralytics_yolo12n_downloaded,189,D:\profile\research\data\GM_RM017\GM_RM017_frames\000189.png,GM_RM017_000189_ultralytics_yolo12n_downloaded_002,car,0.834562957,329.518,310.141,539.445,378.314,14311.477,true,ultralytics_yolo12n,D:\models\ultralytics\yolo12n.pt,backend_status=available; plug-in detection row only
GM_RM017,ultralytics_yolo12n_downloaded,190,D:\profile\research\data\GM_RM017\GM_RM017_frames\000190.png,GM_RM017_000190_ultralytics_yolo12n_downloaded_001,car,0.899547994,564.471,272.135,799.743,378.859,25109.084,true,ultralytics_yolo12n,D:\models\ultralytics\yolo12n.pt,backend_status=available; plug-in detection row only
GM_RM017,ultralytics_yolo12n_downloaded,190,D:\profile\research\data\GM_RM017\GM_RM017_frames\000190.png,GM_RM017_000190_ultralytics_yolo12n_downloaded_002,car,0.849340916,343.513,309.714,558.289,379.528,14994.368,true,ultralytics_yolo12n,D:\models\ultralytics\yolo12n.pt,backend_status=available; plug-in detection row only
GM_RM017,ultralytics_yolo12n_downloaded,191,D:\profile\research\data\GM_RM017\GM_RM017_frames\000191.png,GM_RM017_000191_ultralytics_yolo12n_downloaded_001,car,0.919070184,586.894,272.624,799.715,379.495,22744.281,true,ultralytics_yolo12n,D:\models\ultralytics\yolo12n.pt,backend_status=available; plug-in detection row only
GM_RM017,ultralytics_yolo12n_downloaded,191,D:\profile\research\data\GM_RM017\GM_RM017_frames\000191.png,GM_RM017_000191_ultralytics_yolo12n_downloaded_002,car,0.852334082,360.549,308.451,555.510,377.714,13503.469,true,ultralytics_yolo12n,D:\models\ultralytics\yolo12n.pt,backend_status=available; plug-in detection row only
GM_RM017,ultralytics_yolo12n_downloaded,192,D:\profile\research\data\GM_RM017\GM_RM017_frames\000192.png,GM_RM017_000192_ultralytics_yolo12n_downloaded_001,car,0.888531566,378.193,307.348,594.808,376.637,15009.073,true,ultralytics_yolo12n,D:\models\ultralytics\yolo12n.pt,backend_status=available; plug-in detection row only
GM_RM017,ultralytics_yolo12n_downloaded,192,D:\profile\research\data\GM_RM017\GM_RM017_frames\000192.png,GM_RM017_000192_ultralytics_yolo12n_downloaded_002,car,0.841334045,636.883,270.375,799.191,379.373,17691.311,true,ultralytics_yolo12n,D:\models\ultralytics\yolo12n.pt,backend_status=available; plug-in detection row only
GM_RM017,ultralytics_yolo12n_downloaded,193,D:\profile\research\data\GM_RM017\GM_RM017_frames\000193.png,GM_RM017_000193_ultralytics_yolo12n_downloaded_001,car,0.882710755,394.845,306.099,615.670,375.763,15383.475,true,ultralytics_yolo12n,D:\models\ultralytics\yolo12n.pt,backend_status=available; plug-in detection row only
GM_RM017,ultralytics_yolo12n_downloaded,193,D:\profile\research\data\GM_RM017\GM_RM017_frames\000193.png,GM_RM017_000193_ultralytics_yolo12n_downloaded_002,car,0.847759962,627.734,271.750,799.164,375.196,17733.587,true,ultralytics_yolo12n,D:\models\ultralytics\yolo12n.pt,backend_status=available; plug-in detection row only
GM_RM017,ultralytics_yolo12n_downloaded,194,D:\profile\research\data\GM_RM017\GM_RM017_frames\000194.png,GM_RM017_000194_ultralytics_yolo12n_downloaded_001,car,0.881443977,413.051,306.399,635.292,375.469,15350.105,true,ultralytics_yolo12n,D:\models\ultralytics\yolo12n.pt,backend_status=available; plug-in detection row only
GM_RM017,ultralytics_yolo12n_downloaded,194,D:\profile\research\data\GM_RM017\GM_RM017_frames\000194.png,GM_RM017_000194_ultralytics_yolo12n_downloaded_002,car,0.782182217,649.589,275.427,799.630,379.478,15611.822,true,ultralytics_yolo12n,D:\models\ultralytics\yolo12n.pt,backend_status=available; plug-in detection row only
GM_RM017,ultralytics_yolo12n_downloaded,195,D:\profile\research\data\GM_RM017\GM_RM017_frames\000195.png,GM_RM017_000195_ultralytics_yolo12n_downloaded_001,car,0.885130346,430.612,303.746,655.877,374.914,16031.681,true,ultralytics_yolo12n,D:\models\ultralytics\yolo12n.pt,backend_status=available; plug-in detection row only
GM_RM017,ultralytics_yolo12n_downloaded,195,D:\profile\research\data\GM_RM017\GM_RM017_frames\000195.png,GM_RM017_000195_ultralytics_yolo12n_downloaded_002,car,0.866927147,670.521,281.944,799.796,378.102,12430.854,true,ultralytics_yolo12n,D:\models\ultralytics\yolo12n.pt,backend_status=available; plug-in detection row only
GM_RM017,ultralytics_yolo12n_downloaded,196,D:\profile\research\data\GM_RM017\GM_RM017_frames\000196.png,GM_RM017_000196_ultralytics_yolo12n_downloaded_001,car,0.863492370,446.046,301.114,675.404,372.674,16412.634,true,ultralytics_yolo12n,D:\models\ultralytics\yolo12n.pt,backend_status=available; plug-in detection row only
GM_RM017,ultralytics_yolo12n_downloaded,196,D:\profile\research\data\GM_RM017\GM_RM017_frames\000196.png,GM_RM017_000196_ultralytics_yolo12n_downloaded_002,car,0.846406579,691.864,280.652,799.646,376.273,10306.141,true,ultralytics_yolo12n,D:\models\ultralytics\yolo12n.pt,backend_status=available; plug-in detection row only
GM_RM017,ultralytics_yolo12n_downloaded,197,D:\profile\research\data\GM_RM017\GM_RM017_frames\000197.png,GM_RM017_000197_ultralytics_yolo12n_downloaded_001,car,0.861892462,464.856,298.918,695.837,370.250,16476.333,true,ultralytics_yolo12n,D:\models\ultralytics\yolo12n.pt,backend_status=available; plug-in detection row only
GM_RM017,ultralytics_yolo12n_downloaded,197,D:\profile\research\data\GM_RM017\GM_RM017_frames\000197.png,GM_RM017_000197_ultralytics_yolo12n_downloaded_002,car,0.845163941,714.811,285.280,799.680,374.011,7530.566,true,ultralytics_yolo12n,D:\models\ultralytics\yolo12n.pt,backend_status=available; plug-in detection row only
GM_RM017,ultralytics_yolo12n_downloaded,198,D:\profile\research\data\GM_RM017\GM_RM017_frames\000198.png,GM_RM017_000198_ultralytics_yolo12n_downloaded_001,car,0.863364935,484.405,298.203,717.394,370.356,16810.773,true,ultralytics_yolo12n,D:\models\ultralytics\yolo12n.pt,backend_status=available; plug-in detection row only
GM_RM017,ultralytics_yolo12n_downloaded,198,D:\profile\research\data\GM_RM017\GM_RM017_frames\000198.png,GM_RM017_000198_ultralytics_yolo12n_downloaded_002,car,0.844528496,738.395,299.590,799.786,368.956,4258.459,true,ultralytics_yolo12n,D:\models\ultralytics\yolo12n.pt,backend_status=available; plug-in detection row only
GM_RM017,ultralytics_yolo12n_downloaded,199,D:\profile\research\data\GM_RM017\GM_RM017_frames\000199.png,GM_RM017_000199_ultralytics_yolo12n_downloaded_001,car,0.878892303,501.831,300.037,738.558,372.778,17219.708,true,ultralytics_yolo12n,D:\models\ultralytics\yolo12n.pt,backend_status=available; plug-in detection row only
GM_RM017,ultralytics_yolo12n_downloaded,199,D:\profile\research\data\GM_RM017\GM_RM017_frames\000199.png,GM_RM017_000199_ultralytics_yolo12n_downloaded_002,car,0.786750972,761.523,307.102,799.828,369.413,2386.875,true,ultralytics_yolo12n,D:\models\ultralytics\yolo12n.pt,backend_status=available; plug-in detection row only
GM_RM017,ultralytics_yolo12n_downloaded,200,D:\profile\research\data\GM_RM017\GM_RM017_frames\000200.png,GM_RM017_000200_ultralytics_yolo12n_downloaded_001,car,0.866496742,520.803,299.931,760.585,373.083,17540.583,true,ultralytics_yolo12n,D:\models\ultralytics\yolo12n.pt,backend_status=available; plug-in detection row only
GM_RM017,ultralytics_yolo12n_downloaded,200,D:\profile\research\data\GM_RM017\GM_RM017_frames\000200.png,GM_RM017_000200_ultralytics_yolo12n_downloaded_002,car,0.624247670,785.693,312.710,799.683,359.220,650.671,true,ultralytics_yolo12n,D:\models\ultralytics\yolo12n.pt,backend_status=available; plug-in detection row only
GM_RM017,ultralytics_yolo12n_downloaded,201,D:\profile\research\data\GM_RM017\GM_RM017_frames\000201.png,GM_RM017_000201_ultralytics_yolo12n_downloaded_001,car,0.843385398,539.603,297.275,784.936,370.921,18067.924,true,ultralytics_yolo12n,D:\models\ultralytics\yolo12n.pt,backend_status=available; plug-in detection row only
GM_RM017,ultralytics_yolo12n_downloaded,202,D:\profile\research\data\GM_RM017\GM_RM017_frames\000202.png,GM_RM017_000202_ultralytics_yolo12n_downloaded_001,car,0.850935221,558.792,296.486,800.000,370.206,17781.856,true,ultralytics_yolo12n,D:\models\ultralytics\yolo12n.pt,backend_status=available; plug-in detection row only
GM_RM017,ultralytics_yolo12n_downloaded,203,D:\profile\research\data\GM_RM017\GM_RM017_frames\000203.png,GM_RM017_000203_ultralytics_yolo12n_downloaded_001,car,0.867329240,577.103,294.419,799.873,369.604,16749.090,true,ultralytics_yolo12n,D:\models\ultralytics\yolo12n.pt,backend_status=available; plug-in detection row only
GM_RM017,ultralytics_yolo12n_downloaded,204,D:\profile\research\data\GM_RM017\GM_RM017_frames\000204.png,GM_RM017_000204_ultralytics_yolo12n_downloaded_001,car,0.875932276,594.358,293.196,799.621,368.171,15389.499,true,ultralytics_yolo12n,D:\models\ultralytics\yolo12n.pt,backend_status=available; plug-in detection row only
GM_RM017,ultralytics_yolo12n_downloaded,205,D:\profile\research\data\GM_RM017\GM_RM017_frames\000205.png,GM_RM017_000205_ultralytics_yolo12n_downloaded_001,car,0.862868726,612.291,291.410,799.327,366.160,13980.950,true,ultralytics_yolo12n,D:\models\ultralytics\yolo12n.pt,backend_status=available; plug-in detection row only
GM_RM017,ultralytics_yolo12n_downloaded,206,D:\profile\research\data\GM_RM017\GM_RM017_frames\000206.png,GM_RM017_000206_ultralytics_yolo12n_downloaded_001,car,0.849801600,630.698,288.861,799.527,363.776,12647.935,true,ultralytics_yolo12n,D:\models\ultralytics\yolo12n.pt,backend_status=available; plug-in detection row only
GM_RM017,ultralytics_yolo12n_downloaded,207,D:\profile\research\data\GM_RM017\GM_RM017_frames\000207.png,GM_RM017_000207_ultralytics_yolo12n_downloaded_001,car,0.853693187,649.292,287.801,799.559,363.426,11363.985,true,ultralytics_yolo12n,D:\models\ultralytics\yolo12n.pt,backend_status=available; plug-in detection row only
GM_RM017,ultralytics_yolo12n_downloaded,208,D:\profile\research\data\GM_RM017\GM_RM017_frames\000208.png,GM_RM017_000208_ultralytics_yolo12n_downloaded_001,car,0.859480083,667.586,289.857,799.308,363.813,9741.585,true,ultralytics_yolo12n,D:\models\ultralytics\yolo12n.pt,backend_status=available; plug-in detection row only
GM_RM017,ultralytics_yolo12n_downloaded,209,D:\profile\research\data\GM_RM017\GM_RM017_frames\000209.png,GM_RM017_000209_ultralytics_yolo12n_downloaded_001,car,0.822447598,685.065,291.062,799.753,363.905,8354.094,true,ultralytics_yolo12n,D:\models\ultralytics\yolo12n.pt,backend_status=available; plug-in detection row only
GM_RM017,ultralytics_yolo12n_downloaded,210,D:\profile\research\data\GM_RM017\GM_RM017_frames\000210.png,GM_RM017_000210_ultralytics_yolo12n_downloaded_001,car,0.805872202,703.170,292.912,799.335,362.347,6677.326,true,ultralytics_yolo12n,D:\models\ultralytics\yolo12n.pt,backend_status=available; plug-in detection row only
GM_RM017,ultralytics_yolo12n_downloaded,211,D:\profile\research\data\GM_RM017\GM_RM017_frames\000211.png,GM_RM017_000211_ultralytics_yolo12n_downloaded_001,car,0.814637840,721.825,303.181,799.815,361.768,4569.229,true,ultralytics_yolo12n,D:\models\ultralytics\yolo12n.pt,backend_status=available; plug-in detection row only
GM_RM017,ultralytics_yolo12n_downloaded,212,D:\profile\research\data\GM_RM017\GM_RM017_frames\000212.png,GM_RM017_000212_ultralytics_yolo12n_downloaded_001,car,0.532104611,740.868,313.546,799.536,358.270,2623.908,true,ultralytics_yolo12n,D:\models\ultralytics\yolo12n.pt,backend_status=available; plug-in detection row only
GM_RM017,ultralytics_yolo12n_downloaded,212,D:\profile\research\data\GM_RM017\GM_RM017_frames\000212.png,GM_RM017_000212_ultralytics_yolo12n_downloaded_002,car,0.383837730,741.075,288.069,799.656,358.451,4123.118,true,ultralytics_yolo12n,D:\models\ultralytics\yolo12n.pt,backend_status=available; plug-in detection row only
GM_RM017,ultralytics_yolo12n_downloaded,213,D:\profile\research\data\GM_RM017\GM_RM017_frames\000213.png,GM_RM017_000213_ultralytics_yolo12n_downloaded_001,car,0.750803530,761.362,315.854,799.652,354.372,1474.827,true,ultralytics_yolo12n,D:\models\ultralytics\yolo12n.pt,backend_status=available; plug-in detection row only
GM_RM017,ultralytics_yolo12n_downloaded,214,D:\profile\research\data\GM_RM017\GM_RM017_frames\000214.png,GM_RM017_000214_ultralytics_yolo12n_downloaded_001,car,0.492937088,783.232,319.492,799.695,350.099,503.843,true,ultralytics_yolo12n,D:\models\ultralytics\yolo12n.pt,backend_status=available; plug-in detection row only
GM_RM017,ultralytics_yolo26l_probe,121,D:\profile\research\data\GM_RM017\GM_RM017_frames\000121.png,GM_RM017_000121_001,truck,0.8744598031044006,0.264,258.055,126.132,387.513,16294.553,true,ultralytics_yolo26l_existing_probe,D:/profile/research/workspace/artifacts/detector_weights/yolo26l.pt,backend_status=available; plug-in detection row only
GM_RM017,ultralytics_yolo26l_probe,122,D:\profile\research\data\GM_RM017\GM_RM017_frames\000122.png,GM_RM017_000122_001,truck,0.9338006973266602,0.431,254.359,133.812,386.186,17583.178,true,ultralytics_yolo26l_existing_probe,D:/profile/research/workspace/artifacts/detector_weights/yolo26l.pt,backend_status=available; plug-in detection row only
GM_RM017,ultralytics_yolo26l_probe,123,D:\profile\research\data\GM_RM017\GM_RM017_frames\000123.png,GM_RM017_000123_001,truck,0.9387869834899902,0.286,250.935,150.073,385.241,20117.408,true,ultralytics_yolo26l_existing_probe,D:/profile/research/workspace/artifacts/detector_weights/yolo26l.pt,backend_status=available; plug-in detection row only
GM_RM017,ultralytics_yolo26l_probe,124,D:\profile\research\data\GM_RM017\GM_RM017_frames\000124.png,GM_RM017_000124_001,truck,0.945259690284729,0.253,247.679,166.620,384.854,22821.223,true,ultralytics_yolo26l_existing_probe,D:/profile/research/workspace/artifacts/detector_weights/yolo26l.pt,backend_status=available; plug-in detection row only
GM_RM017,ultralytics_yolo26l_probe,125,D:\profile\research\data\GM_RM017\GM_RM017_frames\000125.png,GM_RM017_000125_001,truck,0.9479875564575195,0.395,246.038,180.528,384.283,24902.539,true,ultralytics_yolo26l_existing_probe,D:/profile/research/workspace/artifacts/detector_weights/yolo26l.pt,backend_status=available; plug-in detection row only
GM_RM017,ultralytics_yolo26l_probe,126,D:\profile\research\data\GM_RM017\GM_RM017_frames\000126.png,GM_RM017_000126_001,truck,0.9554365873336792,0.453,247.343,194.712,385.749,26886.762,true,ultralytics_yolo26l_existing_probe,D:/profile/research/workspace/artifacts/detector_weights/yolo26l.pt,backend_status=available; plug-in detection row only
GM_RM017,ultralytics_yolo26l_probe,127,D:\profile\research\data\GM_RM017\GM_RM017_frames\000127.png,GM_RM017_000127_001,truck,0.9433448314666748,0.489,248.054,208.722,386.996,28932.392,true,ultralytics_yolo26l_existing_probe,D:/profile/research/workspace/artifacts/detector_weights/yolo26l.pt,backend_status=available; plug-in detection row only
GM_RM017,ultralytics_yolo26l_probe,128,D:\profile\research\data\GM_RM017\GM_RM017_frames\000128.png,GM_RM017_000128_001,truck,0.9455435276031494,0.413,248.493,221.920,389.544,31243.862,true,ultralytics_yolo26l_existing_probe,D:/profile/research/workspace/artifacts/detector_weights/yolo26l.pt,backend_status=available; plug-in detection row only
GM_RM017,ultralytics_yolo26l_probe,128,D:\profile\research\data\GM_RM017\GM_RM017_frames\000128.png,GM_RM017_000128_002,bus,0.5186892747879028,554.494,326.890,799.502,497.124,41708.609,true,ultralytics_yolo26l_existing_probe,D:/profile/research/workspace/artifacts/detector_weights/yolo26l.pt,backend_status=available; plug-in detection row only
GM_RM017,ultralytics_yolo26l_probe,129,D:\profile\research\data\GM_RM017\GM_RM017_frames\000129.png,GM_RM017_000129_001,truck,0.9501023888587952,15.313,246.398,235.206,389.163,31393.068,true,ultralytics_yolo26l_existing_probe,D:/profile/research/workspace/artifacts/detector_weights/yolo26l.pt,backend_status=available; plug-in detection row only
GM_RM017,ultralytics_yolo26l_probe,145,D:\profile\research\data\GM_RM017\GM_RM017_frames\000145.png,GM_RM017_000145_001,truck,0.9285470247268677,327.124,226.612,461.171,384.118,21113.195,true,ultralytics_yolo26l_existing_probe,D:/profile/research/workspace/artifacts/detector_weights/yolo26l.pt,backend_status=available; plug-in detection row only
GM_RM017,ultralytics_yolo26l_probe,145,D:\profile\research\data\GM_RM017\GM_RM017_frames\000145.png,GM_RM017_000145_002,car,0.892155110836029,0.175,325.217,97.681,410.929,8357.497,true,ultralytics_yolo26l_existing_probe,D:/profile/research/workspace/artifacts/detector_weights/yolo26l.pt,backend_status=available; plug-in detection row only
GM_RM017,ultralytics_yolo26l_probe,146,D:\profile\research\data\GM_RM017\GM_RM017_frames\000146.png,GM_RM017_000146_001,truck,0.9243058562278748,348.481,225.108,475.602,383.616,20149.499,true,ultralytics_yolo26l_existing_probe,D:/profile/research/workspace/artifacts/detector_weights/yolo26l.pt,backend_status=available; plug-in detection row only
GM_RM017,ultralytics_yolo26l_probe,146,D:\profile\research\data\GM_RM017\GM_RM017_frames\000146.png,GM_RM017_000146_002,car,0.3425571620464325,0.233,325.135,93.572,409.892,7911.171,true,ultralytics_yolo26l_existing_probe,D:/profile/research/workspace/artifacts/detector_weights/yolo26l.pt,backend_status=available; plug-in detection row only
GM_RM017,ultralytics_yolo26l_probe,147,D:\profile\research\data\GM_RM017\GM_RM017_frames\000147.png,GM_RM017_000147_001,truck,0.9293298721313477,369.530,223.385,495.241,382.516,20004.529,true,ultralytics_yolo26l_existing_probe,D:/profile/research/workspace/artifacts/detector_weights/yolo26l.pt,backend_status=available; plug-in detection row only
GM_RM017,ultralytics_yolo26l_probe,147,D:\profile\research\data\GM_RM017\GM_RM017_frames\000147.png,GM_RM017_000147_002,car,0.9184293150901794,0.366,321.648,118.600,408.341,10250.014,true,ultralytics_yolo26l_existing_probe,D:/profile/research/workspace/artifacts/detector_weights/yolo26l.pt,backend_status=available; plug-in detection row only
GM_RM017,ultralytics_yolo26l_probe,148,D:\profile\research\data\GM_RM017\GM_RM017_frames\000148.png,GM_RM017_000148_001,truck,0.9245500564575195,391.319,222.427,516.841,381.491,19965.865,true,ultralytics_yolo26l_existing_probe,D:/profile/research/workspace/artifacts/detector_weights/yolo26l.pt,backend_status=available; plug-in detection row only
GM_RM017,ultralytics_yolo26l_probe,148,D:\profile\research\data\GM_RM017\GM_RM017_frames\000148.png,GM_RM017_000148_002,car,0.9238973259925842,0.396,319.938,145.649,407.364,12698.833,true,ultralytics_yolo26l_existing_probe,D:/profile/research/workspace/artifacts/detector_weights/yolo26l.pt,backend_status=available; plug-in detection row only
GM_RM017,ultralytics_yolo26l_probe,149,D:\profile\research\data\GM_RM017\GM_RM017_frames\000149.png,GM_RM017_000149_001,car,0.9507271647453308,0.221,320.017,166.458,407.470,14538.025,true,ultralytics_yolo26l_existing_probe,D:/profile/research/workspace/artifacts/detector_weights/yolo26l.pt,backend_status=available; plug-in detection row only
GM_RM017,ultralytics_yolo26l_probe,149,D:\profile\research\data\GM_RM017\GM_RM017_frames\000149.png,GM_RM017_000149_002,truck,0.9342684745788574,413.676,220.912,540.497,381.583,20376.399,true,ultralytics_yolo26l_existing_probe,D:/profile/research/workspace/artifacts/detector_weights/yolo26l.pt,backend_status=available; plug-in detection row only
GM_RM017,ultralytics_yolo26l_probe,149,D:\profile\research\data\GM_RM017\GM_RM017_frames\000149.png,GM_RM017_000149_003,car,0.5157663822174072,0.049,315.917,17.689,334.517,328.102,true,ultralytics_yolo26l_existing_probe,D:/profile/research/workspace/artifacts/detector_weights/yolo26l.pt,backend_status=available; plug-in detection row only
GM_RM017,ultralytics_yolo26l_probe,150,D:\profile\research\data\GM_RM017\GM_RM017_frames\000150.png,GM_RM017_000150_001,car,0.9599255323410034,0.334,318.077,192.738,406.032,16922.829,true,ultralytics_yolo26l_existing_probe,D:/profile/research/workspace/artifacts/detector_weights/yolo26l.pt,backend_status=available; plug-in detection row only
GM_RM017,ultralytics_yolo26l_probe,150,D:\profile\research\data\GM_RM017\GM_RM017_frames\000150.png,GM_RM017_000150_002,truck,0.9179640412330627,435.852,220.091,562.924,380.951,20440.757,true,ultralytics_yolo26l_existing_probe,D:/profile/research/workspace/artifacts/detector_weights/yolo26l.pt,backend_status=available; plug-in detection row only
GM_RM017,ultralytics_yolo26l_probe,150,D:\profile\research\data\GM_RM017\GM_RM017_frames\000150.png,GM_RM017_000150_003,car,0.7119647264480591,0.080,313.987,33.456,343.529,986.001,true,ultralytics_yolo26l_existing_probe,D:/profile/research/workspace/artifacts/detector_weights/yolo26l.pt,backend_status=available; plug-in detection row only
GM_RM017,ultralytics_yolo26l_probe,151,D:\profile\research\data\GM_RM017\GM_RM017_frames\000151.png,GM_RM017_000151_001,car,0.9570358991622925,0.554,317.297,215.815,407.035,19317.266,true,ultralytics_yolo26l_existing_probe,D:/profile/research/workspace/artifacts/detector_weights/yolo26l.pt,backend_status=available; plug-in detection row only
GM_RM017,ultralytics_yolo26l_probe,151,D:\profile\research\data\GM_RM017\GM_RM017_frames\000151.png,GM_RM017_000151_002,truck,0.9326515793800354,457.398,219.461,586.391,380.569,20781.805,true,ultralytics_yolo26l_existing_probe,D:/profile/research/workspace/artifacts/detector_weights/yolo26l.pt,backend_status=available; plug-in detection row only
GM_RM017,ultralytics_yolo26l_probe,151,D:\profile\research\data\GM_RM017\GM_RM017_frames\000151.png,GM_RM017_000151_003,car,0.6632847785949707,0.096,309.688,49.789,352.930,2148.803,true,ultralytics_yolo26l_existing_probe,D:/profile/research/workspace/artifacts/detector_weights/yolo26l.pt,backend_status=available; plug-in detection row only
GM_RM017,ultralytics_yolo26l_probe,152,D:\profile\research\data\GM_RM017\GM_RM017_frames\000152.png,GM_RM017_000152_001,car,0.9459735751152039,0.738,315.724,241.240,405.755,21652.597,true,ultralytics_yolo26l_existing_probe,D:/profile/research/workspace/artifacts/detector_weights/yolo26l.pt,backend_status=available; plug-in detection row only
GM_RM017,ultralytics_yolo26l_probe,152,D:\profile\research\data\GM_RM017\GM_RM017_frames\000152.png,GM_RM017_000152_002,truck,0.9347421526908875,480.041,215.945,610.757,377.808,21158.061,true,ultralytics_yolo26l_existing_probe,D:/profile/research/workspace/artifacts/detector_weights/yolo26l.pt,backend_status=available; plug-in detection row only
GM_RM017,ultralytics_yolo26l_probe,152,D:\profile\research\data\GM_RM017\GM_RM017_frames\000152.png,GM_RM017_000152_003,car,0.7965999841690063,0.099,307.026,66.273,354.917,3169.143,true,ultralytics_yolo26l_existing_probe,D:/profile/research/workspace/artifacts/detector_weights/yolo26l.pt,backend_status=available; plug-in detection row only
GM_RM017,ultralytics_yolo26l_probe,153,D:\profile\research\data\GM_RM017\GM_RM017_frames\000153.png,GM_RM017_000153_001,car,0.9394766688346863,0.743,314.201,261.216,406.526,24048.306,true,ultralytics_yolo26l_existing_probe,D:/profile/research/workspace/artifacts/detector_weights/yolo26l.pt,backend_status=available; plug-in detection row only
GM_RM017,ultralytics_yolo26l_probe,153,D:\profile\research\data\GM_RM017\GM_RM017_frames\000153.png,GM_RM017_000153_002,truck,0.9345738887786865,501.542,214.144,635.451,375.567,21616.092,true,ultralytics_yolo26l_existing_probe,D:/profile/research/workspace/artifacts/detector_weights/yolo26l.pt,backend_status=available; plug-in detection row only
GM_RM017,ultralytics_yolo26l_probe,153,D:\profile\research\data\GM_RM017\GM_RM017_frames\000153.png,GM_RM017_000153_003,car,0.7024940252304077,0.183,310.098,84.290,368.377,4901.691,true,ultralytics_yolo26l_existing_probe,D:/profile/research/workspace/artifacts/detector_weights/yolo26l.pt,backend_status=available; plug-in detection row only
GM_RM017,ultralytics_yolo26l_probe,154,D:\profile\research\data\GM_RM017\GM_RM017_frames\000154.png,GM_RM017_000154_001,car,0.9482096433639526,24.574,315.231,284.036,407.678,23986.405,true,ultralytics_yolo26l_existing_probe,D:/profile/research/workspace/artifacts/detector_weights/yolo26l.pt,backend_status=available; plug-in detection row only
GM_RM017,ultralytics_yolo26l_probe,154,D:\profile\research\data\GM_RM017\GM_RM017_frames\000154.png,GM_RM017_000154_002,truck,0.9406360983848572,518.455,213.463,661.121,377.363,23382.999,true,ultralytics_yolo26l_existing_probe,D:/profile/research/workspace/artifacts/detector_weights/yolo26l.pt,backend_status=available; plug-in detection row only
GM_RM017,ultralytics_yolo26l_probe,154,D:\profile\research\data\GM_RM017\GM_RM017_frames\000154.png,GM_RM017_000154_003,car,0.9041926860809326,0.228,309.097,101.126,391.427,8306.859,true,ultralytics_yolo26l_existing_probe,D:/profile/research/workspace/artifacts/detector_weights/yolo26l.pt,backend_status=available; plug-in detection row only
GM_RM017,ultralytics_yolo26l_probe,155,D:\profile\research\data\GM_RM017\GM_RM017_frames\000155.png,GM_RM017_000155_001,car,0.9464807510375977,45.637,317.618,307.918,410.151,24269.674,true,ultralytics_yolo26l_existing_probe,D:/profile/research/workspace/artifacts/detector_weights/yolo26l.pt,backend_status=available; plug-in detection row only
GM_RM017,ultralytics_yolo26l_probe,155,D:\profile\research\data\GM_RM017\GM_RM017_frames\000155.png,GM_RM017_000155_002,truck,0.9457531571388245,534.818,215.083,687.131,381.293,25316.018,true,ultralytics_yolo26l_existing_probe,D:/profile/research/workspace/artifacts/detector_weights/yolo26l.pt,backend_status=available; plug-in detection row only
GM_RM017,ultralytics_yolo26l_probe,155,D:\profile\research\data\GM_RM017\GM_RM017_frames\000155.png,GM_RM017_000155_003,car,0.9045376777648926,0.162,310.720,119.612,394.725,10034.282,true,ultralytics_yolo26l_existing_probe,D:/profile/research/workspace/artifacts/detector_weights/yolo26l.pt,backend_status=available; plug-in detection row only
GM_RM017,ultralytics_yolo26l_probe,156,D:\profile\research\data\GM_RM017\GM_RM017_frames\000156.png,GM_RM017_000156_001,truck,0.9488034844398499,551.893,213.694,713.227,380.789,26958.169,true,ultralytics_yolo26l_existing_probe,D:/profile/research/workspace/artifacts/detector_weights/yolo26l.pt,backend_status=available; plug-in detection row only
GM_RM017,ultralytics_yolo26l_probe,156,D:\profile\research\data\GM_RM017\GM_RM017_frames\000156.png,GM_RM017_000156_002,car,0.9397811889648438,66.899,316.551,332.061,410.520,24916.863,true,ultralytics_yolo26l_existing_probe,D:/profile/research/workspace/artifacts/detector_weights/yolo26l.pt,backend_status=available; plug-in detection row only
GM_RM017,ultralytics_yolo26l_probe,156,D:\profile\research\data\GM_RM017\GM_RM017_frames\000156.png,GM_RM017_000156_003,car,0.8994191288948059,0.134,310.167,136.746,394.893,11574.654,true,ultralytics_yolo26l_existing_probe,D:/profile/research/workspace/artifacts/detector_weights/yolo26l.pt,backend_status=available; plug-in detection row only
GM_RM017,ultralytics_yolo26l_probe,157,D:\profile\research\data\GM_RM017\GM_RM017_frames\000157.png,GM_RM017_000157_001,truck,0.9431343078613281,568.346,208.912,739.413,376.899,28737.170,true,ultralytics_yolo26l_existing_probe,D:/profile/research/workspace/artifacts/detector_weights/yolo26l.pt,backend_status=available; plug-in detection row only
GM_RM017,ultralytics_yolo26l_probe,157,D:\profile\research\data\GM_RM017\GM_RM017_frames\000157.png,GM_RM017_000157_002,car,0.9346316456794739,90.797,313.664,354.688,408.835,25114.695,true,ultralytics_yolo26l_existing_probe,D:/profile/research/workspace/artifacts/detector_weights/yolo26l.pt,backend_status=available; plug-in detection row only
GM_RM017,ultralytics_yolo26l_probe,157,D:\profile\research\data\GM_RM017\GM_RM017_frames\000157.png,GM_RM017_000157_003,car,0.7563943266868591,0.337,308.064,156.239,392.783,13207.875,true,ultralytics_yolo26l_existing_probe,D:/profile/research/workspace/artifacts/detector_weights/yolo26l.pt,backend_status=available; plug-in detection row only
GM_RM017,ultralytics_yolo26l_probe,157,D:\profile\research\data\GM_RM017\GM_RM017_frames\000157.png,GM_RM017_000157_004,car,0.6565733551979065,0.285,308.237,155.674,392.571,13104.592,true,ultralytics_yolo26l_existing_probe,D:/profile/research/workspace/artifacts/detector_weights/yolo26l.pt,backend_status=available; plug-in detection row only
GM_RM017,ultralytics_yolo26l_probe,158,D:\profile\research\data\GM_RM017\GM_RM017_frames\000158.png,GM_RM017_000158_001,car,0.9496387243270874,0.494,308.649,172.416,393.771,14634.284,true,ultralytics_yolo26l_existing_probe,D:/profile/research/workspace/artifacts/detector_weights/yolo26l.pt,backend_status=available; plug-in detection row only
GM_RM017,ultralytics_yolo26l_probe,158,D:\profile\research\data\GM_RM017\GM_RM017_frames\000158.png,GM_RM017_000158_002,car,0.9477636814117432,112.184,313.331,377.222,409.493,25486.550,true,ultralytics_yolo26l_existing_probe,D:/profile/research/workspace/artifacts/detector_weights/yolo26l.pt,backend_status=available; plug-in detection row only
GM_RM017,ultralytics_yolo26l_probe,158,D:\profile\research\data\GM_RM017\GM_RM017_frames\000158.png,GM_RM017_000158_003,truck,0.9429708123207092,585.850,206.811,765.994,376.631,30592.183,true,ultralytics_yolo26l_existing_probe,D:/profile/research/workspace/artifacts/detector_weights/yolo26l.pt,backend_status=available; plug-in detection row only
GM_RM017,ultralytics_yolo26l_probe,159,D:\profile\research\data\GM_RM017\GM_RM017_frames\000159.png,GM_RM017_000159_001,car,0.9461489915847778,0.351,307.805,188.719,398.699,17121.426,true,ultralytics_yolo26l_existing_probe,D:/profile/research/workspace/artifacts/detector_weights/yolo26l.pt,backend_status=available; plug-in detection row only
GM_RM017,ultralytics_yolo26l_probe,159,D:\profile\research\data\GM_RM017\GM_RM017_frames\000159.png,GM_RM017_000159_002,car,0.9441338777542114,133.946,312.097,399.578,409.238,25803.702,true,ultralytics_yolo26l_existing_probe,D:/profile/research/workspace/artifacts/detector_weights/yolo26l.pt,backend_status=available; plug-in detection row only
GM_RM017,ultralytics_yolo26l_probe,159,D:\profile\research\data\GM_RM017\GM_RM017_frames\000159.png,GM_RM017_000159_003,truck,0.9208122491836548,600.850,205.087,794.072,376.417,33104.733,true,ultralytics_yolo26l_existing_probe,D:/profile/research/workspace/artifacts/detector_weights/yolo26l.pt,backend_status=available; plug-in detection row only
GM_RM017,ultralytics_yolo26l_probe,160,D:\profile\research\data\GM_RM017\GM_RM017_frames\000160.png,GM_RM017_000160_001,truck,0.9483285546302795,618.650,203.795,799.752,375.442,31085.526,true,ultralytics_yolo26l_existing_probe,D:/profile/research/workspace/artifacts/detector_weights/yolo26l.pt,backend_status=available; plug-in detection row only
GM_RM017,ultralytics_yolo26l_probe,160,D:\profile\research\data\GM_RM017\GM_RM017_frames\000160.png,GM_RM017_000160_002,car,0.9452767372131348,0.489,307.002,205.529,397.814,18620.192,true,ultralytics_yolo26l_existing_probe,D:/profile/research/workspace/artifacts/detector_weights/yolo26l.pt,backend_status=available; plug-in detection row only
GM_RM017,ultralytics_yolo26l_probe,160,D:\profile\research\data\GM_RM017\GM_RM017_frames\000160.png,GM_RM017_000160_003,car,0.942254900932312,156.409,310.999,422.889,408.405,25956.776,true,ultralytics_yolo26l_existing_probe,D:/profile/research/workspace/artifacts/detector_weights/yolo26l.pt,backend_status=available; plug-in detection row only
GM_RM017,ultralytics_yolo26l_probe,160,D:\profile\research\data\GM_RM017\GM_RM017_frames\000160.png,GM_RM017_000160_004,car,0.42526930570602417,0.076,330.477,34.210,348.203,605.084,true,ultralytics_yolo26l_existing_probe,D:/profile/research/workspace/artifacts/detector_weights/yolo26l.pt,backend_status=available; plug-in detection row only
GM_RM017,ultralytics_yolo26l_probe,161,D:\profile\research\data\GM_RM017\GM_RM017_frames\000161.png,GM_RM017_000161_001,car,0.9460510015487671,2.598,304.730,222.440,396.387,20149.919,true,ultralytics_yolo26l_existing_probe,D:/profile/research/workspace/artifacts/detector_weights/yolo26l.pt,backend_status=available; plug-in detection row only
GM_RM017,ultralytics_yolo26l_probe,161,D:\profile\research\data\GM_RM017\GM_RM017_frames\000161.png,GM_RM017_000161_002,car,0.9443564414978027,178.665,308.999,446.103,407.212,26265.800,true,ultralytics_yolo26l_existing_probe,D:/profile/research/workspace/artifacts/detector_weights/yolo26l.pt,backend_status=available; plug-in detection row only
GM_RM017,ultralytics_yolo26l_probe,161,D:\profile\research\data\GM_RM017\GM_RM017_frames\000161.png,GM_RM017_000161_003,truck,0.926388680934906,635.612,203.421,799.653,375.006,28147.017,true,ultralytics_yolo26l_existing_probe,D:/profile/research/workspace/artifacts/detector_weights/yolo26l.pt,backend_status=available; plug-in detection row only
GM_RM017,ultralytics_yolo26l_probe,161,D:\profile\research\data\GM_RM017\GM_RM017_frames\000161.png,GM_RM017_000161_004,car,0.6368080973625183,0.087,328.492,53.276,378.773,2674.356,true,ultralytics_yolo26l_existing_probe,D:/profile/research/workspace/artifacts/detector_weights/yolo26l.pt,backend_status=available; plug-in detection row only
GM_RM017,ultralytics_yolo26l_probe,162,D:\profile\research\data\GM_RM017\GM_RM017_frames\000162.png,GM_RM017_000162_001,truck,0.9542444944381714,654.231,202.656,799.703,372.904,24766.395,true,ultralytics_yolo26l_existing_probe,D:/profile/research/workspace/artifacts/detector_weights/yolo26l.pt,backend_status=available; plug-in detection row only
GM_RM017,ultralytics_yolo26l_probe,162,D:\profile\research\data\GM_RM017\GM_RM017_frames\000162.png,GM_RM017_000162_002,car,0.9522988200187683,21.744,302.701,238.667,394.968,20014.769,true,ultralytics_yolo26l_existing_probe,D:/profile/research/workspace/artifacts/detector_weights/yolo26l.pt,backend_status=available; plug-in detection row only
GM_RM017,ultralytics_yolo26l_probe,162,D:\profile\research\data\GM_RM017\GM_RM017_frames\000162.png,GM_RM017_000162_003,car,0.942833662033081,201.342,307.304,470.062,405.884,26490.503,true,ultralytics_yolo26l_existing_probe,D:/profile/research/workspace/artifacts/detector_weights/yolo26l.pt,backend_status=available; plug-in detection row only
GM_RM017,ultralytics_yolo26l_probe,162,D:\profile\research\data\GM_RM017\GM_RM017_frames\000162.png,GM_RM017_000162_004,car,0.8528231978416443,0.130,327.056,69.069,379.632,3624.566,true,ultralytics_yolo26l_existing_probe,D:/profile/research/workspace/artifacts/detector_weights/yolo26l.pt,backend_status=available; plug-in detection row only
GM_RM017,ultralytics_yolo26l_probe,163,D:\profile\research\data\GM_RM017\GM_RM017_frames\000163.png,GM_RM017_000163_001,truck,0.94488525390625,671.422,203.041,799.677,372.826,21775.799,true,ultralytics_yolo26l_existing_probe,D:/profile/research/workspace/artifacts/detector_weights/yolo26l.pt,backend_status=available; plug-in detection row only
GM_RM017,ultralytics_yolo26l_probe,163,D:\profile\research\data\GM_RM017\GM_RM017_frames\000163.png,GM_RM017_000163_002,car,0.9399531483650208,37.787,301.091,255.078,393.505,20080.753,true,ultralytics_yolo26l_existing_probe,D:/profile/research/workspace/artifacts/detector_weights/yolo26l.pt,backend_status=available; plug-in detection row only
GM_RM017,ultralytics_yolo26l_probe,163,D:\profile\research\data\GM_RM017\GM_RM017_frames\000163.png,GM_RM017_000163_003,car,0.9341184496879578,222.421,305.956,494.495,404.519,26816.390,true,ultralytics_yolo26l_existing_probe,D:/profile/research/workspace/artifacts/detector_weights/yolo26l.pt,backend_status=available; plug-in detection row only
GM_RM017,ultralytics_yolo26l_probe,163,D:\profile\research\data\GM_RM017\GM_RM017_frames\000163.png,GM_RM017_000163_004,car,0.8985819220542908,0.162,324.216,86.038,379.953,4786.469,true,ultralytics_yolo26l_existing_probe,D:/profile/research/workspace/artifacts/detector_weights/yolo26l.pt,backend_status=available; plug-in detection row only
GM_RM017,ultralytics_yolo26l_probe,164,D:\profile\research\data\GM_RM017\GM_RM017_frames\000164.png,GM_RM017_000164_001,car,0.9538229703903198,53.732,300.824,271.698,393.093,20111.549,true,ultralytics_yolo26l_existing_probe,D:/profile/research/workspace/artifacts/detector_weights/yolo26l.pt,backend_status=available; plug-in detection row only
GM_RM017,ultralytics_yolo26l_probe,164,D:\profile\research\data\GM_RM017\GM_RM017_frames\000164.png,GM_RM017_000164_002,car,0.9464719891548157,244.800,305.438,518.959,404.801,27241.165,true,ultralytics_yolo26l_existing_probe,D:/profile/research/workspace/artifacts/detector_weights/yolo26l.pt,backend_status=available; plug-in detection row only
GM_RM017,ultralytics_yolo26l_probe,164,D:\profile\research\data\GM_RM017\GM_RM017_frames\000164.png,GM_RM017_000164_003,car,0.9296137690544128,0.172,323.914,101.140,381.707,5835.178,true,ultralytics_yolo26l_existing_probe,D:/profile/research/workspace/artifacts/detector_weights/yolo26l.pt,backend_status=available; plug-in detection row only
GM_RM017,ultralytics_yolo26l_probe,164,D:\profile\research\data\GM_RM017\GM_RM017_frames\000164.png,GM_RM017_000164_004,truck,0.8852481842041016,687.757,206.364,799.699,371.781,18517.256,true,ultralytics_yolo26l_existing_probe,D:/profile/research/workspace/artifacts/detector_weights/yolo26l.pt,backend_status=available; plug-in detection row only
GM_RM017,ultralytics_yolo26l_probe,165,D:\profile\research\data\GM_RM017\GM_RM017_frames\000165.png,GM_RM017_000165_001,car,0.9510737061500549,70.839,300.721,289.108,393.591,20270.714,true,ultralytics_yolo26l_existing_probe,D:/profile/research/workspace/artifacts/detector_weights/yolo26l.pt,backend_status=available; plug-in detection row only
GM_RM017,ultralytics_yolo26l_probe,165,D:\profile\research\data\GM_RM017\GM_RM017_frames\000165.png,GM_RM017_000165_002,car,0.9405066967010498,268.479,304.973,546.083,404.995,27766.305,true,ultralytics_yolo26l_existing_probe,D:/profile/research/workspace/artifacts/detector_weights/yolo26l.pt,backend_status=available; plug-in detection row only
GM_RM017,ultralytics_yolo26l_probe,165,D:\profile\research\data\GM_RM017\GM_RM017_frames\000165.png,GM_RM017_000165_003,car,0.9253804683685303,0.302,323.931,116.789,382.256,6794.160,true,ultralytics_yolo26l_existing_probe,D:/profile/research/workspace/artifacts/detector_weights/yolo26l.pt,backend_status=available; plug-in detection row only
GM_RM017,ultralytics_yolo26l_probe,165,D:\profile\research\data\GM_RM017\GM_RM017_frames\000165.png,GM_RM017_000165_004,truck,0.3163304924964905,698.161,207.879,799.471,330.282,12400.607,true,ultralytics_yolo26l_existing_probe,D:/profile/research/workspace/artifacts/detector_weights/yolo26l.pt,backend_status=available; plug-in detection row only
GM_RM017,ultralytics_yolo26l_probe,166,D:\profile\research\data\GM_RM017\GM_RM017_frames\000166.png,GM_RM017_000166_001,car,0.9511017203330994,86.584,299.662,307.277,392.588,20508.239,true,ultralytics_yolo26l_existing_probe,D:/profile/research/workspace/artifacts/detector_weights/yolo26l.pt,backend_status=available; plug-in detection row only
GM_RM017,ultralytics_yolo26l_probe,166,D:\profile\research\data\GM_RM017\GM_RM017_frames\000166.png,GM_RM017_000166_002,car,0.9423689246177673,292.087,303.899,572.994,404.172,28167.387,true,ultralytics_yolo26l_existing_probe,D:/profile/research/workspace/artifacts/detector_weights/yolo26l.pt,backend_status=available; plug-in detection row only
GM_RM017,ultralytics_yolo26l_probe,166,D:\profile\research\data\GM_RM017\GM_RM017_frames\000166.png,GM_RM017_000166_003,car,0.9266193509101868,0.237,322.552,133.527,384.562,8265.249,true,ultralytics_yolo26l_existing_probe,D:/profile/research/workspace/artifacts/detector_weights/yolo26l.pt,backend_status=available; plug-in detection row only
GM_RM017,ultralytics_yolo26l_probe,166,D:\profile\research\data\GM_RM017\GM_RM017_frames\000166.png,GM_RM017_000166_004,truck,0.2520942687988281,712.976,215.840,799.327,334.381,10236.107,true,ultralytics_yolo26l_existing_probe,D:/profile/research/workspace/artifacts/detector_weights/yolo26l.pt,backend_status=available; plug-in detection row only
GM_RM017,ultralytics_yolo26l_probe,167,D:\profile\research\data\GM_RM017\GM_RM017_frames\000167.png,GM_RM017_000167_001,car,0.9506334066390991,105.129,297.270,324.946,391.043,20612.942,true,ultralytics_yolo26l_existing_probe,D:/profile/research/workspace/artifacts/detector_weights/yolo26l.pt,backend_status=available; plug-in detection row only
GM_RM017,ultralytics_yolo26l_probe,167,D:\profile\research\data\GM_RM017\GM_RM017_frames\000167.png,GM_RM017_000167_002,car,0.941609799861908,0.343,320.659,148.351,384.737,9483.943,true,ultralytics_yolo26l_existing_probe,D:/profile/research/workspace/artifacts/detector_weights/yolo26l.pt,backend_status=available; plug-in detection row only
GM_RM017,ultralytics_yolo26l_probe,167,D:\profile\research\data\GM_RM017\GM_RM017_frames\000167.png,GM_RM017_000167_003,car,0.9409254193305969,316.147,301.637,599.892,402.697,28675.168,true,ultralytics_yolo26l_existing_probe,D:/profile/research/workspace/artifacts/detector_weights/yolo26l.pt,backend_status=available; plug-in detection row only
GM_RM017,ultralytics_yolo26l_probe,168,D:\profile\research\data\GM_RM017\GM_RM017_frames\000168.png,GM_RM017_000168_001,car,0.9455758333206177,117.282,297.101,343.152,390.944,21196.245,true,ultralytics_yolo26l_existing_probe,D:/profile/research/workspace/artifacts/detector_weights/yolo26l.pt,backend_status=available; plug-in detection row only
GM_RM017,ultralytics_yolo26l_probe,168,D:\profile\research\data\GM_RM017\GM_RM017_frames\000168.png,GM_RM017_000168_002,car,0.9406278133392334,339.849,300.773,627.309,402.528,29250.356,true,ultralytics_yolo26l_existing_probe,D:/profile/research/workspace/artifacts/detector_weights/yolo26l.pt,backend_status=available; plug-in detection row only
GM_RM017,ultralytics_yolo26l_probe,168,D:\profile\research\data\GM_RM017\GM_RM017_frames\000168.png,GM_RM017_000168_003,car,0.9380542039871216,0.159,320.161,163.403,385.101,10601.036,true,ultralytics_yolo26l_existing_probe,D:/profile/research/workspace/artifacts/detector_weights/yolo26l.pt,backend_status=available; plug-in detection row only
GM_RM017,ultralytics_yolo26l_probe,169,D:\profile\research\data\GM_RM017\GM_RM017_frames\000169.png,GM_RM017_000169_001,car,0.94710773229599,364.161,298.198,656.072,399.949,29702.149,true,ultralytics_yolo26l_existing_probe,D:/profile/research/workspace/artifacts/detector_weights/yolo26l.pt,backend_status=available; plug-in detection row only
GM_RM017,ultralytics_yolo26l_probe,169,D:\profile\research\data\GM_RM017\GM_RM017_frames\000169.png,GM_RM017_000169_002,car,0.9459231495857239,142.336,294.004,361.867,388.944,20842.199,true,ultralytics_yolo26l_existing_probe,D:/profile/research/workspace/artifacts/detector_weights/yolo26l.pt,backend_status=available; plug-in detection row only
GM_RM017,ultralytics_yolo26l_probe,169,D:\profile\research\data\GM_RM017\GM_RM017_frames\000169.png,GM_RM017_000169_003,car,0.9393882155418396,11.878,318.104,179.150,382.869,10833.399,true,ultralytics_yolo26l_existing_probe,D:/profile/research/workspace/artifacts/detector_weights/yolo26l.pt,backend_status=available; plug-in detection row only
GM_RM017,ultralytics_yolo26l_probe,170,D:\profile\research\data\GM_RM017\GM_RM017_frames\000170.png,GM_RM017_000170_001,car,0.9478229880332947,390.074,295.933,685.461,399.130,30482.908,true,ultralytics_yolo26l_existing_probe,D:/profile/research/workspace/artifacts/detector_weights/yolo26l.pt,backend_status=available; plug-in detection row only
GM_RM017,ultralytics_yolo26l_probe,170,D:\profile\research\data\GM_RM017\GM_RM017_frames\000170.png,GM_RM017_000170_002,car,0.9418010711669922,160.417,292.773,381.118,388.915,21218.670,true,ultralytics_yolo26l_existing_probe,D:/profile/research/workspace/artifacts/detector_weights/yolo26l.pt,backend_status=available; plug-in detection row only
GM_RM017,ultralytics_yolo26l_probe,170,D:\profile\research\data\GM_RM017\GM_RM017_frames\000170.png,GM_RM017_000170_003,car,0.9407621622085571,26.531,318.431,193.595,382.726,10741.313,true,ultralytics_yolo26l_existing_probe,D:/profile/research/workspace/artifacts/detector_weights/yolo26l.pt,backend_status=available; plug-in detection row only
GM_RM017,ultralytics_yolo26l_probe,170,D:\profile\research\data\GM_RM017\GM_RM017_frames\000170.png,GM_RM017_000170_004,car,0.3514236509799957,777.814,290.562,799.762,319.254,629.746,true,ultralytics_yolo26l_existing_probe,D:/profile/research/workspace/artifacts/detector_weights/yolo26l.pt,backend_status=available; plug-in detection row only
GM_RM017,ultralytics_yolo26l_probe,171,D:\profile\research\data\GM_RM017\GM_RM017_frames\000171.png,GM_RM017_000171_001,car,0.9487522840499878,413.507,293.631,715.589,398.255,31604.801,true,ultralytics_yolo26l_existing_probe,D:/profile/research/workspace/artifacts/detector_weights/yolo26l.pt,backend_status=available; plug-in detection row only
GM_RM017,ultralytics_yolo26l_probe,171,D:\profile\research\data\GM_RM017\GM_RM017_frames\000171.png,GM_RM017_000171_002,car,0.9389782547950745,179.504,291.213,401.423,389.025,21706.562,true,ultralytics_yolo26l_existing_probe,D:/profile/research/workspace/artifacts/detector_weights/yolo26l.pt,backend_status=available; plug-in detection row only
GM_RM017,ultralytics_yolo26l_probe,171,D:\profile\research\data\GM_RM017\GM_RM017_frames\000171.png,GM_RM017_000171_003,car,0.9298865795135498,42.050,317.108,210.225,382.364,10974.322,true,ultralytics_yolo26l_existing_probe,D:/profile/research/workspace/artifacts/detector_weights/yolo26l.pt,backend_status=available; plug-in detection row only
GM_RM017,ultralytics_yolo26l_probe,172,D:\profile\research\data\GM_RM017\GM_RM017_frames\000172.png,GM_RM017_000172_001,car,0.9460016489028931,438.971,293.917,745.686,398.819,32175.053,true,ultralytics_yolo26l_existing_probe,D:/profile/research/workspace/artifacts/detector_weights/yolo26l.pt,backend_status=available; plug-in detection row only
GM_RM017,ultralytics_yolo26l_probe,172,D:\profile\research\data\GM_RM017\GM_RM017_frames\000172.png,GM_RM017_000172_002,car,0.9346954226493835,56.633,318.066,225.263,382.983,10946.884,true,ultralytics_yolo26l_existing_probe,D:/profile/research/workspace/artifacts/detector_weights/yolo26l.pt,backend_status=available; plug-in detection row only
GM_RM017,ultralytics_yolo26l_probe,172,D:\profile\research\data\GM_RM017\GM_RM017_frames\000172.png,GM_RM017_000172_003,car,0.9346591830253601,198.237,291.600,420.564,389.377,21738.468,true,ultralytics_yolo26l_existing_probe,D:/profile/research/workspace/artifacts/detector_weights/yolo26l.pt,backend_status=available; plug-in detection row only
GM_RM017,ultralytics_yolo26l_probe,173,D:\profile\research\data\GM_RM017\GM_RM017_frames\000173.png,GM_RM017_000173_001,car,0.9438781142234802,463.926,292.296,777.836,397.467,33014.545,true,ultralytics_yolo26l_existing_probe,D:/profile/research/workspace/artifacts/detector_weights/yolo26l.pt,backend_status=available; plug-in detection row only
GM_RM017,ultralytics_yolo26l_probe,173,D:\profile\research\data\GM_RM017\GM_RM017_frames\000173.png,GM_RM017_000173_002,car,0.9408873319625854,72.523,316.606,242.586,382.472,11201.341,true,ultralytics_yolo26l_existing_probe,D:/profile/research/workspace/artifacts/detector_weights/yolo26l.pt,backend_status=available; plug-in detection row only
GM_RM017,ultralytics_yolo26l_probe,173,D:\profile\research\data\GM_RM017\GM_RM017_frames\000173.png,GM_RM017_000173_003,car,0.5954897999763489,217.238,290.231,441.476,388.037,21931.763,true,ultralytics_yolo26l_existing_probe,D:/profile/research/workspace/artifacts/detector_weights/yolo26l.pt,backend_status=available; plug-in detection row only
GM_RM017,ultralytics_yolo26l_probe,173,D:\profile\research\data\GM_RM017\GM_RM017_frames\000173.png,GM_RM017_000173_004,car,0.36887872219085693,217.196,290.279,441.353,388.401,21994.800,true,ultralytics_yolo26l_existing_probe,D:/profile/research/workspace/artifacts/detector_weights/yolo26l.pt,backend_status=available; plug-in detection row only
GM_RM017,ultralytics_yolo26l_probe,174,D:\profile\research\data\GM_RM017\GM_RM017_frames\000174.png,GM_RM017_000174_001,car,0.9449451565742493,237.755,288.042,463.080,387.760,22468.948,true,ultralytics_yolo26l_existing_probe,D:/profile/research/workspace/artifacts/detector_weights/yolo26l.pt,backend_status=available; plug-in detection row only
GM_RM017,ultralytics_yolo26l_probe,174,D:\profile\research\data\GM_RM017\GM_RM017_frames\000174.png,GM_RM017_000174_002,car,0.9383746981620789,490.301,289.472,799.298,395.757,32841.784,true,ultralytics_yolo26l_existing_probe,D:/profile/research/workspace/artifacts/detector_weights/yolo26l.pt,backend_status=available; plug-in detection row only
GM_RM017,ultralytics_yolo26l_probe,174,D:\profile\research\data\GM_RM017\GM_RM017_frames\000174.png,GM_RM017_000174_003,car,0.5000648498535156,89.695,316.066,262.870,382.570,11516.888,true,ultralytics_yolo26l_existing_probe,D:/profile/research/workspace/artifacts/detector_weights/yolo26l.pt,backend_status=available; plug-in detection row only
GM_RM017,ultralytics_yolo26l_probe,174,D:\profile\research\data\GM_RM017\GM_RM017_frames\000174.png,GM_RM017_000174_004,car,0.25797349214553833,89.672,316.126,262.900,382.466,11491.972,true,ultralytics_yolo26l_existing_probe,D:/profile/research/workspace/artifacts/detector_weights/yolo26l.pt,backend_status=available; plug-in detection row only
GM_RM017,ultralytics_yolo26l_probe,175,D:\profile\research\data\GM_RM017\GM_RM017_frames\000175.png,GM_RM017_000175_001,car,0.9448107481002808,257.357,289.394,484.736,389.404,22740.137,true,ultralytics_yolo26l_existing_probe,D:/profile/research/workspace/artifacts/detector_weights/yolo26l.pt,backend_status=available; plug-in detection row only
GM_RM017,ultralytics_yolo26l_probe,175,D:\profile\research\data\GM_RM017\GM_RM017_frames\000175.png,GM_RM017_000175_002,car,0.9422626495361328,515.660,290.092,799.510,397.295,30429.754,true,ultralytics_yolo26l_existing_probe,D:/profile/research/workspace/artifacts/detector_weights/yolo26l.pt,backend_status=available; plug-in detection row only
GM_RM017,ultralytics_yolo26l_probe,175,D:\profile\research\data\GM_RM017\GM_RM017_frames\000175.png,GM_RM017_000175_003,car,0.7926985025405884,105.206,317.557,281.154,384.890,11847.095,true,ultralytics_yolo26l_existing_probe,D:/profile/research/workspace/artifacts/detector_weights/yolo26l.pt,backend_status=available; plug-in detection row only
GM_RM017,ultralytics_yolo26l_probe,176,D:\profile\research\data\GM_RM017\GM_RM017_frames\000176.png,GM_RM017_000176_001,car,0.9530803561210632,540.161,288.245,799.572,394.886,27663.834,true,ultralytics_yolo26l_existing_probe,D:/profile/research/workspace/artifacts/detector_weights/yolo26l.pt,backend_status=available; plug-in detection row only
GM_RM017,ultralytics_yolo26l_probe,176,D:\profile\research\data\GM_RM017\GM_RM017_frames\000176.png,GM_RM017_000176_002,car,0.9403740763664246,275.481,286.087,505.352,385.711,22900.802,true,ultralytics_yolo26l_existing_probe,D:/profile/research/workspace/artifacts/detector_weights/yolo26l.pt,backend_status=available; plug-in detection row only
GM_RM017,ultralytics_yolo26l_probe,176,D:\profile\research\data\GM_RM017\GM_RM017_frames\000176.png,GM_RM017_000176_003,car,0.9249351620674133,119.029,313.706,297.831,381.191,12066.486,true,ultralytics_yolo26l_existing_probe,D:/profile/research/workspace/artifacts/detector_weights/yolo26l.pt,backend_status=available; plug-in detection row only
GM_RM017,ultralytics_yolo26l_probe,177,D:\profile\research\data\GM_RM017\GM_RM017_frames\000177.png,GM_RM017_000177_001,car,0.9527432322502136,563.084,285.235,799.344,391.930,25207.788,true,ultralytics_yolo26l_existing_probe,D:/profile/research/workspace/artifacts/detector_weights/yolo26l.pt,backend_status=available; plug-in detection row only
GM_RM017,ultralytics_yolo26l_probe,177,D:\profile\research\data\GM_RM017\GM_RM017_frames\000177.png,GM_RM017_000177_002,car,0.9450093507766724,293.597,282.713,525.144,382.274,23052.994,true,ultralytics_yolo26l_existing_probe,D:/profile/research/workspace/artifacts/detector_weights/yolo26l.pt,backend_status=available; plug-in detection row only
GM_RM017,ultralytics_yolo26l_probe,177,D:\profile\research\data\GM_RM017\GM_RM017_frames\000177.png,GM_RM017_000177_003,car,0.9288491010665894,132.253,309.853,313.676,377.672,12304.003,true,ultralytics_yolo26l_existing_probe,D:/profile/research/workspace/artifacts/detector_weights/yolo26l.pt,backend_status=available; plug-in detection row only
GM_RM017,ultralytics_yolo26l_probe,178,D:\profile\research\data\GM_RM017\GM_RM017_frames\000178.png,GM_RM017_000178_001,car,0.9530965685844421,588.581,282.685,799.318,390.755,22774.277,true,ultralytics_yolo26l_existing_probe,D:/profile/research/workspace/artifacts/detector_weights/yolo26l.pt,backend_status=available; plug-in detection row only
GM_RM017,ultralytics_yolo26l_probe,178,D:\profile\research\data\GM_RM017\GM_RM017_frames\000178.png,GM_RM017_000178_002,car,0.946802020072937,313.204,281.162,546.878,381.488,23443.557,true,ultralytics_yolo26l_existing_probe,D:/profile/research/workspace/artifacts/detector_weights/yolo26l.pt,backend_status=available; plug-in detection row only
GM_RM017,ultralytics_yolo26l_probe,178,D:\profile\research\data\GM_RM017\GM_RM017_frames\000178.png,GM_RM017_000178_003,car,0.9184807538986206,147.943,308.479,332.681,376.872,12634.616,true,ultralytics_yolo26l_existing_probe,D:/profile/research/workspace/artifacts/detector_weights/yolo26l.pt,backend_status=available; plug-in detection row only
GM_RM017,ultralytics_yolo26l_probe,179,D:\profile\research\data\GM_RM017\GM_RM017_frames\000179.png,GM_RM017_000179_001,car,0.9589799642562866,614.397,285.324,799.464,392.667,19865.822,true,ultralytics_yolo26l_existing_probe,D:/profile/research/workspace/artifacts/detector_weights/yolo26l.pt,backend_status=available; plug-in detection row only
GM_RM017,ultralytics_yolo26l_probe,179,D:\profile\research\data\GM_RM017\GM_RM017_frames\000179.png,GM_RM017_000179_002,car,0.9449726343154907,333.312,282.515,568.798,382.997,23661.987,true,ultralytics_yolo26l_existing_probe,D:/profile/research/workspace/artifacts/detector_weights/yolo26l.pt,backend_status=available; plug-in detection row only
GM_RM017,ultralytics_yolo26l_probe,179,D:\profile\research\data\GM_RM017\GM_RM017_frames\000179.png,GM_RM017_000179_003,car,0.9225572943687439,163.435,309.780,351.415,378.530,12923.435,true,ultralytics_yolo26l_existing_probe,D:/profile/research/workspace/artifacts/detector_weights/yolo26l.pt,backend_status=available; plug-in detection row only
GM_RM017,ultralytics_yolo26l_probe,180,D:\profile\research\data\GM_RM017\GM_RM017_frames\000180.png,GM_RM017_000180_001,car,0.9594053030014038,642.325,288.149,799.539,394.050,16649.185,true,ultralytics_yolo26l_existing_probe,D:/profile/research/workspace/artifacts/detector_weights/yolo26l.pt,backend_status=available; plug-in detection row only
GM_RM017,ultralytics_yolo26l_probe,180,D:\profile\research\data\GM_RM017\GM_RM017_frames\000180.png,GM_RM017_000180_002,car,0.9408460855484009,354.156,282.693,592.156,384.264,24173.766,true,ultralytics_yolo26l_existing_probe,D:/profile/research/workspace/artifacts/detector_weights/yolo26l.pt,backend_status=available; plug-in detection row only
GM_RM017,ultralytics_yolo26l_probe,180,D:\profile\research\data\GM_RM017\GM_RM017_frames\000180.png,GM_RM017_000180_003,car,0.9265754222869873,179.760,310.279,368.638,380.169,13200.663,true,ultralytics_yolo26l_existing_probe,D:/profile/research/workspace/artifacts/detector_weights/yolo26l.pt,backend_status=available; plug-in detection row only
GM_RM017,ultralytics_yolo26l_probe,181,D:\profile\research\data\GM_RM017\GM_RM017_frames\000181.png,GM_RM017_000181_001,car,0.9522541761398315,667.727,290.370,799.395,392.710,13474.938,true,ultralytics_yolo26l_existing_probe,D:/profile/research/workspace/artifacts/detector_weights/yolo26l.pt,backend_status=available; plug-in detection row only
GM_RM017,ultralytics_yolo26l_probe,181,D:\profile\research\data\GM_RM017\GM_RM017_frames\000181.png,GM_RM017_000181_002,car,0.9396679997444153,374.902,282.907,615.601,384.208,24382.865,true,ultralytics_yolo26l_existing_probe,D:/profile/research/workspace/artifacts/detector_weights/yolo26l.pt,backend_status=available; plug-in detection row only
GM_RM017,ultralytics_yolo26l_probe,181,D:\profile\research\data\GM_RM017\GM_RM017_frames\000181.png,GM_RM017_000181_003,car,0.9197485446929932,196.175,311.218,387.082,380.925,13307.551,true,ultralytics_yolo26l_existing_probe,D:/profile/research/workspace/artifacts/detector_weights/yolo26l.pt,backend_status=available; plug-in detection row only
GM_RM017,ultralytics_yolo26l_probe,182,D:\profile\research\data\GM_RM017\GM_RM017_frames\000182.png,GM_RM017_000182_001,car,0.943653404712677,396.151,282.960,639.284,385.768,24996.016,true,ultralytics_yolo26l_existing_probe,D:/profile/research/workspace/artifacts/detector_weights/yolo26l.pt,backend_status=available; plug-in detection row only
GM_RM017,ultralytics_yolo26l_probe,182,D:\profile\research\data\GM_RM017\GM_RM017_frames\000182.png,GM_RM017_000182_002,car,0.9331856966018677,212.225,313.372,404.716,383.095,13421.105,true,ultralytics_yolo26l_existing_probe,D:/profile/research/workspace/artifacts/detector_weights/yolo26l.pt,backend_status=available; plug-in detection row only
GM_RM017,ultralytics_yolo26l_probe,182,D:\profile\research\data\GM_RM017\GM_RM017_frames\000182.png,GM_RM017_000182_003,car,0.9285708665847778,695.939,298.526,799.746,392.890,9795.585,true,ultralytics_yolo26l_existing_probe,D:/profile/research/workspace/artifacts/detector_weights/yolo26l.pt,backend_status=available; plug-in detection row only
GM_RM017,ultralytics_yolo26l_probe,183,D:\profile\research\data\GM_RM017\GM_RM017_frames\000183.png,GM_RM017_000183_001,car,0.9402596354484558,417.028,282.511,662.738,385.099,25206.882,true,ultralytics_yolo26l_existing_probe,D:/profile/research/workspace/artifacts/detector_weights/yolo26l.pt,backend_status=available; plug-in detection row only
GM_RM017,ultralytics_yolo26l_probe,183,D:\profile\research\data\GM_RM017\GM_RM017_frames\000183.png,GM_RM017_000183_002,car,0.9399533271789551,228.787,312.603,423.810,382.415,13615.030,true,ultralytics_yolo26l_existing_probe,D:/profile/research/workspace/artifacts/detector_weights/yolo26l.pt,backend_status=available; plug-in detection row only
GM_RM017,ultralytics_yolo26l_probe,183,D:\profile\research\data\GM_RM017\GM_RM017_frames\000183.png,GM_RM017_000183_003,car,0.9057632088661194,723.367,318.741,799.667,382.892,4894.746,true,ultralytics_yolo26l_existing_probe,D:/profile/research/workspace/artifacts/detector_weights/yolo26l.pt,backend_status=available; plug-in detection row only
GM_RM017,ultralytics_yolo26l_probe,184,D:\profile\research\data\GM_RM017\GM_RM017_frames\000184.png,GM_RM017_000184_001,car,0.9424455761909485,437.870,281.139,685.820,384.383,25599.554,true,ultralytics_yolo26l_existing_probe,D:/profile/research/workspace/artifacts/detector_weights/yolo26l.pt,backend_status=available; plug-in detection row only
GM_RM017,ultralytics_yolo26l_probe,184,D:\profile\research\data\GM_RM017\GM_RM017_frames\000184.png,GM_RM017_000184_002,car,0.9331853985786438,244.686,312.469,442.208,382.946,13920.765,true,ultralytics_yolo26l_existing_probe,D:/profile/research/workspace/artifacts/detector_weights/yolo26l.pt,backend_status=available; plug-in detection row only
GM_RM017,ultralytics_yolo26l_probe,184,D:\profile\research\data\GM_RM017\GM_RM017_frames\000184.png,GM_RM017_000184_003,car,0.8964822888374329,750.888,318.665,799.740,378.547,2925.328,true,ultralytics_yolo26l_existing_probe,D:/profile/research/workspace/artifacts/detector_weights/yolo26l.pt,backend_status=available; plug-in detection row only
GM_RM017,ultralytics_yolo26l_probe,185,D:\profile\research\data\GM_RM017\GM_RM017_frames\000185.png,GM_RM017_000185_001,car,0.9463779330253601,458.554,276.775,709.243,381.632,26286.592,true,ultralytics_yolo26l_existing_probe,D:/profile/research/workspace/artifacts/detector_weights/yolo26l.pt,backend_status=available; plug-in detection row only
GM_RM017,ultralytics_yolo26l_probe,185,D:\profile\research\data\GM_RM017\GM_RM017_frames\000185.png,GM_RM017_000185_002,car,0.9103551506996155,263.597,309.384,462.050,380.465,14106.279,true,ultralytics_yolo26l_existing_probe,D:/profile/research/workspace/artifacts/detector_weights/yolo26l.pt,backend_status=available; plug-in detection row only
GM_RM017,ultralytics_yolo26l_probe,185,D:\profile\research\data\GM_RM017\GM_RM017_frames\000185.png,GM_RM017_000185_003,car,0.7617982029914856,777.330,319.482,799.792,366.859,1064.185,true,ultralytics_yolo26l_existing_probe,D:/profile/research/workspace/artifacts/detector_weights/yolo26l.pt,backend_status=available; plug-in detection row only
GM_RM017,ultralytics_yolo26l_probe,186,D:\profile\research\data\GM_RM017\GM_RM017_frames\000186.png,GM_RM017_000186_001,car,0.9421328902244568,479.297,277.952,733.235,383.769,26871.002,true,ultralytics_yolo26l_existing_probe,D:/profile/research/workspace/artifacts/detector_weights/yolo26l.pt,backend_status=available; plug-in detection row only
GM_RM017,ultralytics_yolo26l_probe,186,D:\profile\research\data\GM_RM017\GM_RM017_frames\000186.png,GM_RM017_000186_002,car,0.915979266166687,277.348,311.489,481.820,382.411,14501.578,true,ultralytics_yolo26l_existing_probe,D:/profile/research/workspace/artifacts/detector_weights/yolo26l.pt,backend_status=available; plug-in detection row only
GM_RM017,ultralytics_yolo26l_probe,187,D:\profile\research\data\GM_RM017\GM_RM017_frames\000187.png,GM_RM017_000187_001,car,0.939220666885376,500.779,277.782,759.166,384.170,27489.309,true,ultralytics_yolo26l_existing_probe,D:/profile/research/workspace/artifacts/detector_weights/yolo26l.pt,backend_status=available; plug-in detection row only
GM_RM017,ultralytics_yolo26l_probe,187,D:\profile\research\data\GM_RM017\GM_RM017_frames\000187.png,GM_RM017_000187_002,car,0.9312065243721008,295.166,311.432,503.276,383.443,14986.222,true,ultralytics_yolo26l_existing_probe,D:/profile/research/workspace/artifacts/detector_weights/yolo26l.pt,backend_status=available; plug-in detection row only
GM_RM017,ultralytics_yolo26l_probe,188,D:\profile\research\data\GM_RM017\GM_RM017_frames\000188.png,GM_RM017_000188_001,car,0.9346631169319153,522.913,276.968,785.361,383.857,28052.803,true,ultralytics_yolo26l_existing_probe,D:/profile/research/workspace/artifacts/detector_weights/yolo26l.pt,backend_status=available; plug-in detection row only
GM_RM017,ultralytics_yolo26l_probe,188,D:\profile\research\data\GM_RM017\GM_RM017_frames\000188.png,GM_RM017_000188_002,car,0.7325153946876526,312.126,311.630,522.288,383.542,15113.106,true,ultralytics_yolo26l_existing_probe,D:/profile/research/workspace/artifacts/detector_weights/yolo26l.pt,backend_status=available; plug-in detection row only
GM_RM017,ultralytics_yolo26l_probe,188,D:\profile\research\data\GM_RM017\GM_RM017_frames\000188.png,GM_RM017_000188_003,car,0.2659847140312195,312.008,311.619,522.481,383.547,15138.846,true,ultralytics_yolo26l_existing_probe,D:/profile/research/workspace/artifacts/detector_weights/yolo26l.pt,backend_status=available; plug-in detection row only
GM_RM017,ultralytics_yolo26l_probe,189,D:\profile\research\data\GM_RM017\GM_RM017_frames\000189.png,GM_RM017_000189_001,car,0.9490221738815308,542.409,274.199,799.572,381.669,27637.427,true,ultralytics_yolo26l_existing_probe,D:/profile/research/workspace/artifacts/detector_weights/yolo26l.pt,backend_status=available; plug-in detection row only
GM_RM017,ultralytics_yolo26l_probe,189,D:\profile\research\data\GM_RM017\GM_RM017_frames\000189.png,GM_RM017_000189_002,car,0.9357591271400452,328.454,308.581,541.904,381.606,15587.215,true,ultralytics_yolo26l_existing_probe,D:/profile/research/workspace/artifacts/detector_weights/yolo26l.pt,backend_status=available; plug-in detection row only
GM_RM017,ultralytics_yolo26l_probe,190,D:\profile\research\data\GM_RM017\GM_RM017_frames\000190.png,GM_RM017_000190_001,car,0.9441553950309753,563.115,273.367,799.550,381.131,25479.188,true,ultralytics_yolo26l_existing_probe,D:/profile/research/workspace/artifacts/detector_weights/yolo26l.pt,backend_status=available; plug-in detection row only
GM_RM017,ultralytics_yolo26l_probe,190,D:\profile\research\data\GM_RM017\GM_RM017_frames\000190.png,GM_RM017_000190_002,car,0.924839437007904,344.443,308.610,560.112,380.422,15487.706,true,ultralytics_yolo26l_existing_probe,D:/profile/research/workspace/artifacts/detector_weights/yolo26l.pt,backend_status=available; plug-in detection row only
GM_RM017,ultralytics_yolo26l_probe,191,D:\profile\research\data\GM_RM017\GM_RM017_frames\000191.png,GM_RM017_000191_001,car,0.9439536929130554,584.082,272.787,799.649,381.070,23342.340,true,ultralytics_yolo26l_existing_probe,D:/profile/research/workspace/artifacts/detector_weights/yolo26l.pt,backend_status=available; plug-in detection row only
GM_RM017,ultralytics_yolo26l_probe,191,D:\profile\research\data\GM_RM017\GM_RM017_frames\000191.png,GM_RM017_000191_002,car,0.933862566947937,360.777,307.369,557.808,379.457,14203.498,true,ultralytics_yolo26l_existing_probe,D:/profile/research/workspace/artifacts/detector_weights/yolo26l.pt,backend_status=available; plug-in detection row only
GM_RM017,ultralytics_yolo26l_probe,192,D:\profile\research\data\GM_RM017\GM_RM017_frames\000192.png,GM_RM017_000192_001,car,0.9334670305252075,378.543,306.022,597.152,377.838,15699.653,true,ultralytics_yolo26l_existing_probe,D:/profile/research/workspace/artifacts/detector_weights/yolo26l.pt,backend_status=available; plug-in detection row only
GM_RM017,ultralytics_yolo26l_probe,192,D:\profile\research\data\GM_RM017\GM_RM017_frames\000192.png,GM_RM017_000192_002,car,0.9219756126403809,606.337,272.020,799.457,380.384,20927.234,true,ultralytics_yolo26l_existing_probe,D:/profile/research/workspace/artifacts/detector_weights/yolo26l.pt,backend_status=available; plug-in detection row only
GM_RM017,ultralytics_yolo26l_probe,193,D:\profile\research\data\GM_RM017\GM_RM017_frames\000193.png,GM_RM017_000193_001,car,0.9319776892662048,626.286,272.510,799.424,376.186,17950.265,true,ultralytics_yolo26l_existing_probe,D:/profile/research/workspace/artifacts/detector_weights/yolo26l.pt,backend_status=available; plug-in detection row only
GM_RM017,ultralytics_yolo26l_probe,193,D:\profile\research\data\GM_RM017\GM_RM017_frames\000193.png,GM_RM017_000193_002,car,0.9216739535331726,396.023,304.292,617.177,376.462,15960.590,true,ultralytics_yolo26l_existing_probe,D:/profile/research/workspace/artifacts/detector_weights/yolo26l.pt,backend_status=available; plug-in detection row only
GM_RM017,ultralytics_yolo26l_probe,194,D:\profile\research\data\GM_RM017\GM_RM017_frames\000194.png,GM_RM017_000194_001,car,0.9322468638420105,648.053,274.926,799.607,380.175,15950.998,true,ultralytics_yolo26l_existing_probe,D:/profile/research/workspace/artifacts/detector_weights/yolo26l.pt,backend_status=available; plug-in detection row only
GM_RM017,ultralytics_yolo26l_probe,194,D:\profile\research\data\GM_RM017\GM_RM017_frames\000194.png,GM_RM017_000194_002,car,0.9182263016700745,412.637,304.763,636.852,376.389,16059.456,true,ultralytics_yolo26l_existing_probe,D:/profile/research/workspace/artifacts/detector_weights/yolo26l.pt,backend_status=available; plug-in detection row only
GM_RM017,ultralytics_yolo26l_probe,195,D:\profile\research\data\GM_RM017\GM_RM017_frames\000195.png,GM_RM017_000195_001,car,0.9317798614501953,430.010,303.230,655.983,375.046,16228.588,true,ultralytics_yolo26l_existing_probe,D:/profile/research/workspace/artifacts/detector_weights/yolo26l.pt,backend_status=available; plug-in detection row only
GM_RM017,ultralytics_yolo26l_probe,195,D:\profile\research\data\GM_RM017\GM_RM017_frames\000195.png,GM_RM017_000195_002,car,0.8790478706359863,669.076,280.494,799.613,379.032,12862.889,true,ultralytics_yolo26l_existing_probe,D:/profile/research/workspace/artifacts/detector_weights/yolo26l.pt,backend_status=available; plug-in detection row only
GM_RM017,ultralytics_yolo26l_probe,196,D:\profile\research\data\GM_RM017\GM_RM017_frames\000196.png,GM_RM017_000196_001,car,0.9185388088226318,446.219,300.718,675.307,372.625,16473.018,true,ultralytics_yolo26l_existing_probe,D:/profile/research/workspace/artifacts/detector_weights/yolo26l.pt,backend_status=available; plug-in detection row only
GM_RM017,ultralytics_yolo26l_probe,196,D:\profile\research\data\GM_RM017\GM_RM017_frames\000196.png,GM_RM017_000196_002,car,0.8699300289154053,690.991,281.193,799.461,376.619,10350.841,true,ultralytics_yolo26l_existing_probe,D:/profile/research/workspace/artifacts/detector_weights/yolo26l.pt,backend_status=available; plug-in detection row only
GM_RM017,ultralytics_yolo26l_probe,197,D:\profile\research\data\GM_RM017\GM_RM017_frames\000197.png,GM_RM017_000197_001,car,0.9176427125930786,464.685,299.100,695.239,371.059,16590.531,true,ultralytics_yolo26l_existing_probe,D:/profile/research/workspace/artifacts/detector_weights/yolo26l.pt,backend_status=available; plug-in detection row only
GM_RM017,ultralytics_yolo26l_probe,197,D:\profile\research\data\GM_RM017\GM_RM017_frames\000197.png,GM_RM017_000197_002,car,0.8538388609886169,713.304,284.083,799.646,375.273,7873.526,true,ultralytics_yolo26l_existing_probe,D:/profile/research/workspace/artifacts/detector_weights/yolo26l.pt,backend_status=available; plug-in detection row only
GM_RM017,ultralytics_yolo26l_probe,198,D:\profile\research\data\GM_RM017\GM_RM017_frames\000198.png,GM_RM017_000198_001,car,0.9223478436470032,482.994,297.780,716.860,370.969,17116.372,true,ultralytics_yolo26l_existing_probe,D:/profile/research/workspace/artifacts/detector_weights/yolo26l.pt,backend_status=available; plug-in detection row only
GM_RM017,ultralytics_yolo26l_probe,198,D:\profile\research\data\GM_RM017\GM_RM017_frames\000198.png,GM_RM017_000198_002,car,0.8392646312713623,736.985,296.431,799.738,367.766,4476.536,true,ultralytics_yolo26l_existing_probe,D:/profile/research/workspace/artifacts/detector_weights/yolo26l.pt,backend_status=available; plug-in detection row only
GM_RM017,ultralytics_yolo26l_probe,199,D:\profile\research\data\GM_RM017\GM_RM017_frames\000199.png,GM_RM017_000199_001,car,0.9236995577812195,501.842,299.683,739.085,373.118,17421.832,true,ultralytics_yolo26l_existing_probe,D:/profile/research/workspace/artifacts/detector_weights/yolo26l.pt,backend_status=available; plug-in detection row only
GM_RM017,ultralytics_yolo26l_probe,199,D:\profile\research\data\GM_RM017\GM_RM017_frames\000199.png,GM_RM017_000199_002,car,0.8914523720741272,761.260,308.652,799.715,367.365,2257.825,true,ultralytics_yolo26l_existing_probe,D:/profile/research/workspace/artifacts/detector_weights/yolo26l.pt,backend_status=available; plug-in detection row only
GM_RM017,ultralytics_yolo26l_probe,200,D:\profile\research\data\GM_RM017\GM_RM017_frames\000200.png,GM_RM017_000200_001,car,0.9083742499351501,520.760,299.764,761.448,372.787,17575.770,true,ultralytics_yolo26l_existing_probe,D:/profile/research/workspace/artifacts/detector_weights/yolo26l.pt,backend_status=available; plug-in detection row only
GM_RM017,ultralytics_yolo26l_probe,200,D:\profile\research\data\GM_RM017\GM_RM017_frames\000200.png,GM_RM017_000200_002,car,0.8094586133956909,785.915,313.014,799.790,356.788,607.359,true,ultralytics_yolo26l_existing_probe,D:/profile/research/workspace/artifacts/detector_weights/yolo26l.pt,backend_status=available; plug-in detection row only
GM_RM017,ultralytics_yolo26l_probe,201,D:\profile\research\data\GM_RM017\GM_RM017_frames\000201.png,GM_RM017_000201_001,car,0.9214572906494141,539.240,297.798,784.765,371.759,18159.245,true,ultralytics_yolo26l_existing_probe,D:/profile/research/workspace/artifacts/detector_weights/yolo26l.pt,backend_status=available; plug-in detection row only
GM_RM017,ultralytics_yolo26l_probe,202,D:\profile\research\data\GM_RM017\GM_RM017_frames\000202.png,GM_RM017_000202_001,car,0.9385900497436523,559.066,296.499,799.664,370.687,17849.679,true,ultralytics_yolo26l_existing_probe,D:/profile/research/workspace/artifacts/detector_weights/yolo26l.pt,backend_status=available; plug-in detection row only
GM_RM017,ultralytics_yolo26l_probe,203,D:\profile\research\data\GM_RM017\GM_RM017_frames\000203.png,GM_RM017_000203_001,car,0.9399968385696411,577.255,294.151,799.513,369.690,16788.934,true,ultralytics_yolo26l_existing_probe,D:/profile/research/workspace/artifacts/detector_weights/yolo26l.pt,backend_status=available; plug-in detection row only
GM_RM017,ultralytics_yolo26l_probe,204,D:\profile\research\data\GM_RM017\GM_RM017_frames\000204.png,GM_RM017_000204_001,car,0.9479972720146179,595.375,293.599,799.699,368.731,15351.212,true,ultralytics_yolo26l_existing_probe,D:/profile/research/workspace/artifacts/detector_weights/yolo26l.pt,backend_status=available; plug-in detection row only
GM_RM017,ultralytics_yolo26l_probe,205,D:\profile\research\data\GM_RM017\GM_RM017_frames\000205.png,GM_RM017_000205_001,car,0.9435474872589111,611.929,290.883,799.519,366.809,14243.034,true,ultralytics_yolo26l_existing_probe,D:/profile/research/workspace/artifacts/detector_weights/yolo26l.pt,backend_status=available; plug-in detection row only
GM_RM017,ultralytics_yolo26l_probe,206,D:\profile\research\data\GM_RM017\GM_RM017_frames\000206.png,GM_RM017_000206_001,car,0.9404665231704712,629.732,288.850,799.391,364.200,12783.832,true,ultralytics_yolo26l_existing_probe,D:/profile/research/workspace/artifacts/detector_weights/yolo26l.pt,backend_status=available; plug-in detection row only
GM_RM017,ultralytics_yolo26l_probe,207,D:\profile\research\data\GM_RM017\GM_RM017_frames\000207.png,GM_RM017_000207_001,car,0.9443541169166565,648.414,287.449,799.485,363.763,11528.793,true,ultralytics_yolo26l_existing_probe,D:/profile/research/workspace/artifacts/detector_weights/yolo26l.pt,backend_status=available; plug-in detection row only
GM_RM017,ultralytics_yolo26l_probe,208,D:\profile\research\data\GM_RM017\GM_RM017_frames\000208.png,GM_RM017_000208_001,car,0.9367769360542297,666.542,288.820,799.674,364.423,10065.113,true,ultralytics_yolo26l_existing_probe,D:/profile/research/workspace/artifacts/detector_weights/yolo26l.pt,backend_status=available; plug-in detection row only
GM_RM017,ultralytics_yolo26l_probe,209,D:\profile\research\data\GM_RM017\GM_RM017_frames\000209.png,GM_RM017_000209_001,car,0.921008288860321,684.649,290.870,799.465,364.795,8487.811,true,ultralytics_yolo26l_existing_probe,D:/profile/research/workspace/artifacts/detector_weights/yolo26l.pt,backend_status=available; plug-in detection row only
GM_RM017,ultralytics_yolo26l_probe,210,D:\profile\research\data\GM_RM017\GM_RM017_frames\000210.png,GM_RM017_000210_001,car,0.9257542490959167,703.161,291.618,799.694,362.605,6852.531,true,ultralytics_yolo26l_existing_probe,D:/profile/research/workspace/artifacts/detector_weights/yolo26l.pt,backend_status=available; plug-in detection row only
GM_RM017,ultralytics_yolo26l_probe,211,D:\profile\research\data\GM_RM017\GM_RM017_frames\000211.png,GM_RM017_000211_001,car,0.9076687097549438,722.073,302.424,799.658,362.753,4680.683,true,ultralytics_yolo26l_existing_probe,D:/profile/research/workspace/artifacts/detector_weights/yolo26l.pt,backend_status=available; plug-in detection row only
GM_RM017,ultralytics_yolo26l_probe,212,D:\profile\research\data\GM_RM017\GM_RM017_frames\000212.png,GM_RM017_000212_001,car,0.7960101366043091,741.408,308.628,799.774,356.738,2808.018,true,ultralytics_yolo26l_existing_probe,D:/profile/research/workspace/artifacts/detector_weights/yolo26l.pt,backend_status=available; plug-in detection row only
GM_RM017,ultralytics_yolo26l_probe,213,D:\profile\research\data\GM_RM017\GM_RM017_frames\000213.png,GM_RM017_000213_001,car,0.6646074652671814,761.797,318.926,799.775,358.033,1485.247,true,ultralytics_yolo26l_existing_probe,D:/profile/research/workspace/artifacts/detector_weights/yolo26l.pt,backend_status=available; plug-in detection row only
GM_RM017,ultralytics_yolo26l_probe,214,D:\profile\research\data\GM_RM017\GM_RM017_frames\000214.png,GM_RM017_000214_001,car,0.6574422121047974,781.799,319.933,799.790,351.191,562.373,true,ultralytics_yolo26l_existing_probe,D:/profile/research/workspace/artifacts/detector_weights/yolo26l.pt,backend_status=available; plug-in detection row only
GM_RM017,ultralytics_yolo26n_downloaded,121,D:\profile\research\data\GM_RM017\GM_RM017_frames\000121.png,GM_RM017_000121_ultralytics_yolo26n_downloaded_001,truck,0.788725734,0.573,257.633,119.464,386.305,15297.938,true,ultralytics_yolo26n,D:\models\ultralytics\yolo26n.pt,backend_status=available; plug-in detection row only
GM_RM017,ultralytics_yolo26n_downloaded,121,D:\profile\research\data\GM_RM017\GM_RM017_frames\000121.png,GM_RM017_000121_ultralytics_yolo26n_downloaded_002,car,0.356990904,214.813,341.205,431.844,508.921,36399.521,true,ultralytics_yolo26n,D:\models\ultralytics\yolo26n.pt,backend_status=available; plug-in detection row only
GM_RM017,ultralytics_yolo26n_downloaded,121,D:\profile\research\data\GM_RM017\GM_RM017_frames\000121.png,GM_RM017_000121_ultralytics_yolo26n_downloaded_003,truck,0.292272866,214.813,341.205,431.844,508.921,36399.521,true,ultralytics_yolo26n,D:\models\ultralytics\yolo26n.pt,backend_status=available; plug-in detection row only
GM_RM017,ultralytics_yolo26n_downloaded,122,D:\profile\research\data\GM_RM017\GM_RM017_frames\000122.png,GM_RM017_000122_ultralytics_yolo26n_downloaded_001,truck,0.813235521,0.460,254.586,133.913,385.721,17500.289,true,ultralytics_yolo26n,D:\models\ultralytics\yolo26n.pt,backend_status=available; plug-in detection row only
GM_RM017,ultralytics_yolo26n_downloaded,122,D:\profile\research\data\GM_RM017\GM_RM017_frames\000122.png,GM_RM017_000122_ultralytics_yolo26n_downloaded_002,car,0.539561629,258.566,338.001,483.241,510.387,38730.734,true,ultralytics_yolo26n,D:\models\ultralytics\yolo26n.pt,backend_status=available; plug-in detection row only
GM_RM017,ultralytics_yolo26n_downloaded,123,D:\profile\research\data\GM_RM017\GM_RM017_frames\000123.png,GM_RM017_000123_ultralytics_yolo26n_downloaded_001,truck,0.872962832,0.232,249.832,152.951,385.778,20761.645,true,ultralytics_yolo26n,D:\models\ultralytics\yolo26n.pt,backend_status=available; plug-in detection row only
GM_RM017,ultralytics_yolo26n_downloaded,123,D:\profile\research\data\GM_RM017\GM_RM017_frames\000123.png,GM_RM017_000123_ultralytics_yolo26n_downloaded_002,car,0.362204403,302.005,336.364,536.240,510.085,40691.529,true,ultralytics_yolo26n,D:\models\ultralytics\yolo26n.pt,backend_status=available; plug-in detection row only
GM_RM017,ultralytics_yolo26n_downloaded,123,D:\profile\research\data\GM_RM017\GM_RM017_frames\000123.png,GM_RM017_000123_ultralytics_yolo26n_downloaded_003,truck,0.288346350,302.005,336.364,536.240,510.085,40691.529,true,ultralytics_yolo26n,D:\models\ultralytics\yolo26n.pt,backend_status=available; plug-in detection row only
GM_RM017,ultralytics_yolo26n_downloaded,123,D:\profile\research\data\GM_RM017\GM_RM017_frames\000123.png,GM_RM017_000123_ultralytics_yolo26n_downloaded_004,truck,0.272348732,0.667,250.596,151.740,385.301,20350.278,true,ultralytics_yolo26n,D:\models\ultralytics\yolo26n.pt,backend_status=available; plug-in detection row only
GM_RM017,ultralytics_yolo26n_downloaded,124,D:\profile\research\data\GM_RM017\GM_RM017_frames\000124.png,GM_RM017_000124_ultralytics_yolo26n_downloaded_001,truck,0.892736256,0.288,246.656,167.588,386.814,23448.397,true,ultralytics_yolo26n,D:\models\ultralytics\yolo26n.pt,backend_status=available; plug-in detection row only
GM_RM017,ultralytics_yolo26n_downloaded,124,D:\profile\research\data\GM_RM017\GM_RM017_frames\000124.png,GM_RM017_000124_ultralytics_yolo26n_downloaded_002,car,0.357270300,350.293,329.644,590.293,509.484,43161.542,true,ultralytics_yolo26n,D:\models\ultralytics\yolo26n.pt,backend_status=available; plug-in detection row only
GM_RM017,ultralytics_yolo26n_downloaded,124,D:\profile\research\data\GM_RM017\GM_RM017_frames\000124.png,GM_RM017_000124_ultralytics_yolo26n_downloaded_003,truck,0.327263147,350.293,329.644,590.293,509.484,43161.542,true,ultralytics_yolo26n,D:\models\ultralytics\yolo26n.pt,backend_status=available; plug-in detection row only
GM_RM017,ultralytics_yolo26n_downloaded,125,D:\profile\research\data\GM_RM017\GM_RM017_frames\000125.png,GM_RM017_000125_ultralytics_yolo26n_downloaded_001,truck,0.870734394,0.379,245.376,186.970,385.874,26215.661,true,ultralytics_yolo26n,D:\models\ultralytics\yolo26n.pt,backend_status=available; plug-in detection row only
GM_RM017,ultralytics_yolo26n_downloaded,125,D:\profile\research\data\GM_RM017\GM_RM017_frames\000125.png,GM_RM017_000125_ultralytics_yolo26n_downloaded_002,truck,0.582096040,398.388,328.539,645.739,509.612,44788.514,true,ultralytics_yolo26n,D:\models\ultralytics\yolo26n.pt,backend_status=available; plug-in detection row only
GM_RM017,ultralytics_yolo26n_downloaded,126,D:\profile\research\data\GM_RM017\GM_RM017_frames\000126.png,GM_RM017_000126_ultralytics_yolo26n_downloaded_001,truck,0.853000283,0.357,246.592,194.512,387.011,27263.143,true,ultralytics_yolo26n,D:\models\ultralytics\yolo26n.pt,backend_status=available; plug-in detection row only
GM_RM017,ultralytics_yolo26n_downloaded,126,D:\profile\research\data\GM_RM017\GM_RM017_frames\000126.png,GM_RM017_000126_ultralytics_yolo26n_downloaded_002,truck,0.316210866,448.336,328.109,707.278,511.132,47392.414,true,ultralytics_yolo26n,D:\models\ultralytics\yolo26n.pt,backend_status=available; plug-in detection row only
GM_RM017,ultralytics_yolo26n_downloaded,127,D:\profile\research\data\GM_RM017\GM_RM017_frames\000127.png,GM_RM017_000127_ultralytics_yolo26n_downloaded_001,truck,0.882166088,0.548,247.317,209.107,387.647,29267.327,true,ultralytics_yolo26n,D:\models\ultralytics\yolo26n.pt,backend_status=available; plug-in detection row only
GM_RM017,ultralytics_yolo26n_downloaded,127,D:\profile\research\data\GM_RM017\GM_RM017_frames\000127.png,GM_RM017_000127_ultralytics_yolo26n_downloaded_002,truck,0.540005565,498.690,328.891,769.896,515.331,50563.643,true,ultralytics_yolo26n,D:\models\ultralytics\yolo26n.pt,backend_status=available; plug-in detection row only
GM_RM017,ultralytics_yolo26n_downloaded,128,D:\profile\research\data\GM_RM017\GM_RM017_frames\000128.png,GM_RM017_000128_ultralytics_yolo26n_downloaded_001,truck,0.901253283,0.745,247.601,220.941,388.337,30989.464,true,ultralytics_yolo26n,D:\models\ultralytics\yolo26n.pt,backend_status=available; plug-in detection row only
GM_RM017,ultralytics_yolo26n_downloaded,128,D:\profile\research\data\GM_RM017\GM_RM017_frames\000128.png,GM_RM017_000128_ultralytics_yolo26n_downloaded_002,truck,0.503010213,551.889,325.424,799.988,514.373,46878.165,true,ultralytics_yolo26n,D:\models\ultralytics\yolo26n.pt,backend_status=available; plug-in detection row only
GM_RM017,ultralytics_yolo26n_downloaded,129,D:\profile\research\data\GM_RM017\GM_RM017_frames\000129.png,GM_RM017_000129_ultralytics_yolo26n_downloaded_001,truck,0.892617166,15.708,245.685,233.977,387.871,31034.833,true,ultralytics_yolo26n,D:\models\ultralytics\yolo26n.pt,backend_status=available; plug-in detection row only
GM_RM017,ultralytics_yolo26n_downloaded,129,D:\profile\research\data\GM_RM017\GM_RM017_frames\000129.png,GM_RM017_000129_ultralytics_yolo26n_downloaded_002,truck,0.394448072,606.166,322.117,799.695,491.001,32684.113,true,ultralytics_yolo26n,D:\models\ultralytics\yolo26n.pt,backend_status=available; plug-in detection row only
GM_RM017,ultralytics_yolo26n_downloaded,145,D:\profile\research\data\GM_RM017\GM_RM017_frames\000145.png,GM_RM017_000145_ultralytics_yolo26n_downloaded_001,truck,0.842198074,326.592,224.761,461.804,385.619,21749.818,true,ultralytics_yolo26n,D:\models\ultralytics\yolo26n.pt,backend_status=available; plug-in detection row only
GM_RM017,ultralytics_yolo26n_downloaded,145,D:\profile\research\data\GM_RM017\GM_RM017_frames\000145.png,GM_RM017_000145_ultralytics_yolo26n_downloaded_002,car,0.665475726,0.084,325.049,97.939,410.605,8371.966,true,ultralytics_yolo26n,D:\models\ultralytics\yolo26n.pt,backend_status=available; plug-in detection row only
GM_RM017,ultralytics_yolo26n_downloaded,145,D:\profile\research\data\GM_RM017\GM_RM017_frames\000145.png,GM_RM017_000145_ultralytics_yolo26n_downloaded_003,truck,0.334863186,142.128,341.715,251.131,440.435,10760.712,true,ultralytics_yolo26n,D:\models\ultralytics\yolo26n.pt,backend_status=available; plug-in detection row only
GM_RM017,ultralytics_yolo26n_downloaded,146,D:\profile\research\data\GM_RM017\GM_RM017_frames\000146.png,GM_RM017_000146_ultralytics_yolo26n_downloaded_001,truck,0.557907879,347.790,223.924,477.539,428.124,26494.659,true,ultralytics_yolo26n,D:\models\ultralytics\yolo26n.pt,backend_status=available; plug-in detection row only
GM_RM017,ultralytics_yolo26n_downloaded,146,D:\profile\research\data\GM_RM017\GM_RM017_frames\000146.png,GM_RM017_000146_ultralytics_yolo26n_downloaded_002,car,0.483650088,0.188,323.854,88.743,409.538,7587.714,true,ultralytics_yolo26n,D:\models\ultralytics\yolo26n.pt,backend_status=available; plug-in detection row only
GM_RM017,ultralytics_yolo26n_downloaded,146,D:\profile\research\data\GM_RM017\GM_RM017_frames\000146.png,GM_RM017_000146_ultralytics_yolo26n_downloaded_003,truck,0.335750401,169.653,340.564,278.524,439.314,10751.106,true,ultralytics_yolo26n,D:\models\ultralytics\yolo26n.pt,backend_status=available; plug-in detection row only
GM_RM017,ultralytics_yolo26n_downloaded,146,D:\profile\research\data\GM_RM017\GM_RM017_frames\000146.png,GM_RM017_000146_ultralytics_yolo26n_downloaded_004,car,0.298469007,0.387,323.405,120.830,410.424,10480.795,true,ultralytics_yolo26n,D:\models\ultralytics\yolo26n.pt,backend_status=available; plug-in detection row only
GM_RM017,ultralytics_yolo26n_downloaded,146,D:\profile\research\data\GM_RM017\GM_RM017_frames\000146.png,GM_RM017_000146_ultralytics_yolo26n_downloaded_005,truck,0.262577116,347.943,223.954,475.620,383.492,20369.393,true,ultralytics_yolo26n,D:\models\ultralytics\yolo26n.pt,backend_status=available; plug-in detection row only
GM_RM017,ultralytics_yolo26n_downloaded,147,D:\profile\research\data\GM_RM017\GM_RM017_frames\000147.png,GM_RM017_000147_ultralytics_yolo26n_downloaded_001,truck,0.795721412,369.311,222.844,497.231,383.082,20497.615,true,ultralytics_yolo26n,D:\models\ultralytics\yolo26n.pt,backend_status=available; plug-in detection row only
GM_RM017,ultralytics_yolo26n_downloaded,147,D:\profile\research\data\GM_RM017\GM_RM017_frames\000147.png,GM_RM017_000147_ultralytics_yolo26n_downloaded_002,car,0.778628469,0.408,321.697,114.691,408.245,9890.975,true,ultralytics_yolo26n,D:\models\ultralytics\yolo26n.pt,backend_status=available; plug-in detection row only
GM_RM017,ultralytics_yolo26n_downloaded,148,D:\profile\research\data\GM_RM017\GM_RM017_frames\000148.png,GM_RM017_000148_ultralytics_yolo26n_downloaded_001,car,0.818927586,0.722,320.870,140.078,407.378,12055.474,true,ultralytics_yolo26n,D:\models\ultralytics\yolo26n.pt,backend_status=available; plug-in detection row only
GM_RM017,ultralytics_yolo26n_downloaded,148,D:\profile\research\data\GM_RM017\GM_RM017_frames\000148.png,GM_RM017_000148_ultralytics_yolo26n_downloaded_002,truck,0.803356946,390.792,221.770,518.073,382.539,20462.878,true,ultralytics_yolo26n,D:\models\ultralytics\yolo26n.pt,backend_status=available; plug-in detection row only
GM_RM017,ultralytics_yolo26n_downloaded,149,D:\profile\research\data\GM_RM017\GM_RM017_frames\000149.png,GM_RM017_000149_ultralytics_yolo26n_downloaded_001,car,0.846297920,0.000,320.329,165.059,407.335,14361.170,true,ultralytics_yolo26n,D:\models\ultralytics\yolo26n.pt,backend_status=available; plug-in detection row only
GM_RM017,ultralytics_yolo26n_downloaded,149,D:\profile\research\data\GM_RM017\GM_RM017_frames\000149.png,GM_RM017_000149_ultralytics_yolo26n_downloaded_002,truck,0.793372929,412.316,221.159,539.972,382.555,20603.200,true,ultralytics_yolo26n,D:\models\ultralytics\yolo26n.pt,backend_status=available; plug-in detection row only
GM_RM017,ultralytics_yolo26n_downloaded,149,D:\profile\research\data\GM_RM017\GM_RM017_frames\000149.png,GM_RM017_000149_ultralytics_yolo26n_downloaded_003,car,0.313052118,0.000,315.943,18.435,333.304,320.030,true,ultralytics_yolo26n,D:\models\ultralytics\yolo26n.pt,backend_status=available; plug-in detection row only
GM_RM017,ultralytics_yolo26n_downloaded,150,D:\profile\research\data\GM_RM017\GM_RM017_frames\000150.png,GM_RM017_000150_ultralytics_yolo26n_downloaded_001,truck,0.826865315,435.925,219.634,563.589,381.148,20619.608,true,ultralytics_yolo26n,D:\models\ultralytics\yolo26n.pt,backend_status=available; plug-in detection row only
GM_RM017,ultralytics_yolo26n_downloaded,150,D:\profile\research\data\GM_RM017\GM_RM017_frames\000150.png,GM_RM017_000150_ultralytics_yolo26n_downloaded_002,car,0.746524155,0.000,318.361,190.826,406.220,16765.739,true,ultralytics_yolo26n,D:\models\ultralytics\yolo26n.pt,backend_status=available; plug-in detection row only
GM_RM017,ultralytics_yolo26n_downloaded,150,D:\profile\research\data\GM_RM017\GM_RM017_frames\000150.png,GM_RM017_000150_ultralytics_yolo26n_downloaded_003,car,0.395178378,0.022,312.291,32.275,343.169,995.920,true,ultralytics_yolo26n,D:\models\ultralytics\yolo26n.pt,backend_status=available; plug-in detection row only
GM_RM017,ultralytics_yolo26n_downloaded,151,D:\profile\research\data\GM_RM017\GM_RM017_frames\000151.png,GM_RM017_000151_ultralytics_yolo26n_downloaded_001,truck,0.862016082,457.948,219.745,586.992,381.358,20855.217,true,ultralytics_yolo26n,D:\models\ultralytics\yolo26n.pt,backend_status=available; plug-in detection row only
GM_RM017,ultralytics_yolo26n_downloaded,151,D:\profile\research\data\GM_RM017\GM_RM017_frames\000151.png,GM_RM017_000151_ultralytics_yolo26n_downloaded_002,car,0.838340342,0.172,317.342,216.580,407.055,19414.606,true,ultralytics_yolo26n,D:\models\ultralytics\yolo26n.pt,backend_status=available; plug-in detection row only
GM_RM017,ultralytics_yolo26n_downloaded,151,D:\profile\research\data\GM_RM017\GM_RM017_frames\000151.png,GM_RM017_000151_ultralytics_yolo26n_downloaded_003,car,0.418295652,0.260,309.828,49.906,350.481,2018.267,true,ultralytics_yolo26n,D:\models\ultralytics\yolo26n.pt,backend_status=available; plug-in detection row only
GM_RM017,ultralytics_yolo26n_downloaded,152,D:\profile\research\data\GM_RM017\GM_RM017_frames\000152.png,GM_RM017_000152_ultralytics_yolo26n_downloaded_001,car,0.908379555,0.000,314.921,241.091,405.708,21887.898,true,ultralytics_yolo26n,D:\models\ultralytics\yolo26n.pt,backend_status=available; plug-in detection row only
GM_RM017,ultralytics_yolo26n_downloaded,152,D:\profile\research\data\GM_RM017\GM_RM017_frames\000152.png,GM_RM017_000152_ultralytics_yolo26n_downloaded_002,truck,0.814438939,480.241,216.784,610.011,378.841,21030.142,true,ultralytics_yolo26n,D:\models\ultralytics\yolo26n.pt,backend_status=available; plug-in detection row only
GM_RM017,ultralytics_yolo26n_downloaded,153,D:\profile\research\data\GM_RM017\GM_RM017_frames\000153.png,GM_RM017_000153_ultralytics_yolo26n_downloaded_001,car,0.915763319,1.617,314.127,264.024,406.577,24259.634,true,ultralytics_yolo26n,D:\models\ultralytics\yolo26n.pt,backend_status=available; plug-in detection row only
GM_RM017,ultralytics_yolo26n_downloaded,153,D:\profile\research\data\GM_RM017\GM_RM017_frames\000153.png,GM_RM017_000153_ultralytics_yolo26n_downloaded_002,truck,0.782089770,505.546,214.353,635.516,377.524,21207.291,true,ultralytics_yolo26n,D:\models\ultralytics\yolo26n.pt,backend_status=available; plug-in detection row only
GM_RM017,ultralytics_yolo26n_downloaded,153,D:\profile\research\data\GM_RM017\GM_RM017_frames\000153.png,GM_RM017_000153_ultralytics_yolo26n_downloaded_003,car,0.557894468,0.060,306.815,84.366,365.687,4963.287,true,ultralytics_yolo26n,D:\models\ultralytics\yolo26n.pt,backend_status=available; plug-in detection row only
GM_RM017,ultralytics_yolo26n_downloaded,154,D:\profile\research\data\GM_RM017\GM_RM017_frames\000154.png,GM_RM017_000154_ultralytics_yolo26n_downloaded_001,car,0.911474228,21.565,315.966,283.797,408.027,24141.340,true,ultralytics_yolo26n,D:\models\ultralytics\yolo26n.pt,backend_status=available; plug-in detection row only
GM_RM017,ultralytics_yolo26n_downloaded,154,D:\profile\research\data\GM_RM017\GM_RM017_frames\000154.png,GM_RM017_000154_ultralytics_yolo26n_downloaded_002,car,0.750801921,0.000,308.490,102.943,389.754,8365.633,true,ultralytics_yolo26n,D:\models\ultralytics\yolo26n.pt,backend_status=available; plug-in detection row only
GM_RM017,ultralytics_yolo26n_downloaded,154,D:\profile\research\data\GM_RM017\GM_RM017_frames\000154.png,GM_RM017_000154_ultralytics_yolo26n_downloaded_003,truck,0.737764359,521.558,213.529,660.841,380.026,23190.312,true,ultralytics_yolo26n,D:\models\ultralytics\yolo26n.pt,backend_status=available; plug-in detection row only
GM_RM017,ultralytics_yolo26n_downloaded,155,D:\profile\research\data\GM_RM017\GM_RM017_frames\000155.png,GM_RM017_000155_ultralytics_yolo26n_downloaded_001,car,0.914349794,45.847,317.478,308.053,412.350,24876.045,true,ultralytics_yolo26n,D:\models\ultralytics\yolo26n.pt,backend_status=available; plug-in detection row only
GM_RM017,ultralytics_yolo26n_downloaded,155,D:\profile\research\data\GM_RM017\GM_RM017_frames\000155.png,GM_RM017_000155_ultralytics_yolo26n_downloaded_002,truck,0.878626466,534.992,217.159,687.255,382.394,25159.285,true,ultralytics_yolo26n,D:\models\ultralytics\yolo26n.pt,backend_status=available; plug-in detection row only
GM_RM017,ultralytics_yolo26n_downloaded,155,D:\profile\research\data\GM_RM017\GM_RM017_frames\000155.png,GM_RM017_000155_ultralytics_yolo26n_downloaded_003,car,0.805379093,0.000,309.647,133.349,393.908,11236.115,true,ultralytics_yolo26n,D:\models\ultralytics\yolo26n.pt,backend_status=available; plug-in detection row only
GM_RM017,ultralytics_yolo26n_downloaded,156,D:\profile\research\data\GM_RM017\GM_RM017_frames\000156.png,GM_RM017_000156_ultralytics_yolo26n_downloaded_001,car,0.915984511,64.472,316.549,331.122,411.852,25412.341,true,ultralytics_yolo26n,D:\models\ultralytics\yolo26n.pt,backend_status=available; plug-in detection row only
GM_RM017,ultralytics_yolo26n_downloaded,156,D:\profile\research\data\GM_RM017\GM_RM017_frames\000156.png,GM_RM017_000156_ultralytics_yolo26n_downloaded_002,truck,0.903831780,551.942,214.229,712.505,380.430,26685.735,true,ultralytics_yolo26n,D:\models\ultralytics\yolo26n.pt,backend_status=available; plug-in detection row only
GM_RM017,ultralytics_yolo26n_downloaded,156,D:\profile\research\data\GM_RM017\GM_RM017_frames\000156.png,GM_RM017_000156_ultralytics_yolo26n_downloaded_003,car,0.757237256,0.034,308.962,147.046,393.721,12460.689,true,ultralytics_yolo26n,D:\models\ultralytics\yolo26n.pt,backend_status=available; plug-in detection row only
GM_RM017,ultralytics_yolo26n_downloaded,157,D:\profile\research\data\GM_RM017\GM_RM017_frames\000157.png,GM_RM017_000157_ultralytics_yolo26n_downloaded_001,car,0.915302157,86.064,314.020,354.891,409.181,25581.639,true,ultralytics_yolo26n,D:\models\ultralytics\yolo26n.pt,backend_status=available; plug-in detection row only
GM_RM017,ultralytics_yolo26n_downloaded,157,D:\profile\research\data\GM_RM017\GM_RM017_frames\000157.png,GM_RM017_000157_ultralytics_yolo26n_downloaded_002,truck,0.883444905,569.574,208.769,738.560,379.089,28781.690,true,ultralytics_yolo26n,D:\models\ultralytics\yolo26n.pt,backend_status=available; plug-in detection row only
GM_RM017,ultralytics_yolo26n_downloaded,157,D:\profile\research\data\GM_RM017\GM_RM017_frames\000157.png,GM_RM017_000157_ultralytics_yolo26n_downloaded_003,car,0.858654678,0.195,308.327,156.474,392.714,13187.901,true,ultralytics_yolo26n,D:\models\ultralytics\yolo26n.pt,backend_status=available; plug-in detection row only
GM_RM017,ultralytics_yolo26n_downloaded,157,D:\profile\research\data\GM_RM017\GM_RM017_frames\000157.png,GM_RM017_000157_ultralytics_yolo26n_downloaded_004,fire hydrant,0.254438221,0.165,418.874,20.234,500.071,1629.532,false,ultralytics_yolo26n,D:\models\ultralytics\yolo26n.pt,backend_status=available; plug-in detection row only
GM_RM017,ultralytics_yolo26n_downloaded,158,D:\profile\research\data\GM_RM017\GM_RM017_frames\000158.png,GM_RM017_000158_ultralytics_yolo26n_downloaded_001,car,0.913609087,107.051,314.484,377.356,409.613,25714.033,true,ultralytics_yolo26n,D:\models\ultralytics\yolo26n.pt,backend_status=available; plug-in detection row only
GM_RM017,ultralytics_yolo26n_downloaded,158,D:\profile\research\data\GM_RM017\GM_RM017_frames\000158.png,GM_RM017_000158_ultralytics_yolo26n_downloaded_002,truck,0.892137110,586.610,206.263,765.736,378.242,30805.717,true,ultralytics_yolo26n,D:\models\ultralytics\yolo26n.pt,backend_status=available; plug-in detection row only
GM_RM017,ultralytics_yolo26n_downloaded,158,D:\profile\research\data\GM_RM017\GM_RM017_frames\000158.png,GM_RM017_000158_ultralytics_yolo26n_downloaded_003,car,0.871392488,0.355,307.849,171.244,394.303,14774.016,true,ultralytics_yolo26n,D:\models\ultralytics\yolo26n.pt,backend_status=available; plug-in detection row only
GM_RM017,ultralytics_yolo26n_downloaded,158,D:\profile\research\data\GM_RM017\GM_RM017_frames\000158.png,GM_RM017_000158_ultralytics_yolo26n_downloaded_004,fire hydrant,0.857368290,19.113,419.224,62.791,502.024,3616.569,false,ultralytics_yolo26n,D:\models\ultralytics\yolo26n.pt,backend_status=available; plug-in detection row only
GM_RM017,ultralytics_yolo26n_downloaded,159,D:\profile\research\data\GM_RM017\GM_RM017_frames\000159.png,GM_RM017_000159_ultralytics_yolo26n_downloaded_001,car,0.921933949,130.261,313.604,400.208,409.480,25881.672,true,ultralytics_yolo26n,D:\models\ultralytics\yolo26n.pt,backend_status=available; plug-in detection row only
GM_RM017,ultralytics_yolo26n_downloaded,159,D:\profile\research\data\GM_RM017\GM_RM017_frames\000159.png,GM_RM017_000159_ultralytics_yolo26n_downloaded_002,fire hydrant,0.884213269,61.445,416.942,105.362,503.036,3781.019,false,ultralytics_yolo26n,D:\models\ultralytics\yolo26n.pt,backend_status=available; plug-in detection row only
GM_RM017,ultralytics_yolo26n_downloaded,159,D:\profile\research\data\GM_RM017\GM_RM017_frames\000159.png,GM_RM017_000159_ultralytics_yolo26n_downloaded_003,truck,0.874229670,601.980,205.538,792.828,376.296,32588.864,true,ultralytics_yolo26n,D:\models\ultralytics\yolo26n.pt,backend_status=available; plug-in detection row only
GM_RM017,ultralytics_yolo26n_downloaded,159,D:\profile\research\data\GM_RM017\GM_RM017_frames\000159.png,GM_RM017_000159_ultralytics_yolo26n_downloaded_004,car,0.815994680,0.000,307.463,188.522,396.251,16738.505,true,ultralytics_yolo26n,D:\models\ultralytics\yolo26n.pt,backend_status=available; plug-in detection row only
GM_RM017,ultralytics_yolo26n_downloaded,160,D:\profile\research\data\GM_RM017\GM_RM017_frames\000160.png,GM_RM017_000160_ultralytics_yolo26n_downloaded_001,car,0.925143778,155.900,312.086,423.356,408.218,25711.102,true,ultralytics_yolo26n,D:\models\ultralytics\yolo26n.pt,backend_status=available; plug-in detection row only
GM_RM017,ultralytics_yolo26n_downloaded,160,D:\profile\research\data\GM_RM017\GM_RM017_frames\000160.png,GM_RM017_000160_ultralytics_yolo26n_downloaded_002,car,0.908930719,0.009,305.722,205.471,397.193,18793.601,true,ultralytics_yolo26n,D:\models\ultralytics\yolo26n.pt,backend_status=available; plug-in detection row only
GM_RM017,ultralytics_yolo26n_downloaded,160,D:\profile\research\data\GM_RM017\GM_RM017_frames\000160.png,GM_RM017_000160_ultralytics_yolo26n_downloaded_003,fire hydrant,0.882082880,104.140,413.111,150.116,502.873,4126.907,false,ultralytics_yolo26n,D:\models\ultralytics\yolo26n.pt,backend_status=available; plug-in detection row only
GM_RM017,ultralytics_yolo26n_downloaded,160,D:\profile\research\data\GM_RM017\GM_RM017_frames\000160.png,GM_RM017_000160_ultralytics_yolo26n_downloaded_004,truck,0.760030448,619.346,203.859,800.000,376.475,31183.856,true,ultralytics_yolo26n,D:\models\ultralytics\yolo26n.pt,backend_status=available; plug-in detection row only
GM_RM017,ultralytics_yolo26n_downloaded,161,D:\profile\research\data\GM_RM017\GM_RM017_frames\000161.png,GM_RM017_000161_ultralytics_yolo26n_downloaded_001,car,0.916879952,178.603,309.198,447.261,407.343,26367.273,true,ultralytics_yolo26n,D:\models\ultralytics\yolo26n.pt,backend_status=available; plug-in detection row only
GM_RM017,ultralytics_yolo26n_downloaded,161,D:\profile\research\data\GM_RM017\GM_RM017_frames\000161.png,GM_RM017_000161_ultralytics_yolo26n_downloaded_002,car,0.905543685,4.341,305.064,221.698,395.159,19582.714,true,ultralytics_yolo26n,D:\models\ultralytics\yolo26n.pt,backend_status=available; plug-in detection row only
GM_RM017,ultralytics_yolo26n_downloaded,161,D:\profile\research\data\GM_RM017\GM_RM017_frames\000161.png,GM_RM017_000161_ultralytics_yolo26n_downloaded_003,fire hydrant,0.897292972,149.328,413.313,193.789,502.061,3945.801,false,ultralytics_yolo26n,D:\models\ultralytics\yolo26n.pt,backend_status=available; plug-in detection row only
GM_RM017,ultralytics_yolo26n_downloaded,161,D:\profile\research\data\GM_RM017\GM_RM017_frames\000161.png,GM_RM017_000161_ultralytics_yolo26n_downloaded_004,truck,0.791434705,634.323,203.990,800.000,376.165,28525.456,true,ultralytics_yolo26n,D:\models\ultralytics\yolo26n.pt,backend_status=available; plug-in detection row only
GM_RM017,ultralytics_yolo26n_downloaded,161,D:\profile\research\data\GM_RM017\GM_RM017_frames\000161.png,GM_RM017_000161_ultralytics_yolo26n_downloaded_005,fire hydrant,0.531453550,625.247,325.290,683.149,429.983,6061.913,false,ultralytics_yolo26n,D:\models\ultralytics\yolo26n.pt,backend_status=available; plug-in detection row only
GM_RM017,ultralytics_yolo26n_downloaded,161,D:\profile\research\data\GM_RM017\GM_RM017_frames\000161.png,GM_RM017_000161_ultralytics_yolo26n_downloaded_006,car,0.345935345,0.201,328.592,46.231,382.646,2488.150,true,ultralytics_yolo26n,D:\models\ultralytics\yolo26n.pt,backend_status=available; plug-in detection row only
GM_RM017,ultralytics_yolo26n_downloaded,162,D:\profile\research\data\GM_RM017\GM_RM017_frames\000162.png,GM_RM017_000162_ultralytics_yolo26n_downloaded_001,car,0.928987324,200.218,307.402,470.810,406.923,26929.669,true,ultralytics_yolo26n,D:\models\ultralytics\yolo26n.pt,backend_status=available; plug-in detection row only
GM_RM017,ultralytics_yolo26n_downloaded,162,D:\profile\research\data\GM_RM017\GM_RM017_frames\000162.png,GM_RM017_000162_ultralytics_yolo26n_downloaded_002,car,0.911266088,22.303,302.875,238.133,393.751,19613.610,true,ultralytics_yolo26n,D:\models\ultralytics\yolo26n.pt,backend_status=available; plug-in detection row only
GM_RM017,ultralytics_yolo26n_downloaded,162,D:\profile\research\data\GM_RM017\GM_RM017_frames\000162.png,GM_RM017_000162_ultralytics_yolo26n_downloaded_003,fire hydrant,0.903571427,194.012,409.942,240.164,501.727,4236.048,false,ultralytics_yolo26n,D:\models\ultralytics\yolo26n.pt,backend_status=available; plug-in detection row only
GM_RM017,ultralytics_yolo26n_downloaded,162,D:\profile\research\data\GM_RM017\GM_RM017_frames\000162.png,GM_RM017_000162_ultralytics_yolo26n_downloaded_004,truck,0.804526687,651.078,203.055,800.000,372.588,25247.026,true,ultralytics_yolo26n,D:\models\ultralytics\yolo26n.pt,backend_status=available; plug-in detection row only
GM_RM017,ultralytics_yolo26n_downloaded,162,D:\profile\research\data\GM_RM017\GM_RM017_frames\000162.png,GM_RM017_000162_ultralytics_yolo26n_downloaded_005,car,0.614528418,0.304,326.211,65.146,375.924,3223.492,true,ultralytics_yolo26n,D:\models\ultralytics\yolo26n.pt,backend_status=available; plug-in detection row only
GM_RM017,ultralytics_yolo26n_downloaded,162,D:\profile\research\data\GM_RM017\GM_RM017_frames\000162.png,GM_RM017_000162_ultralytics_yolo26n_downloaded_006,fire hydrant,0.545936346,658.057,323.497,713.241,424.940,5598.042,false,ultralytics_yolo26n,D:\models\ultralytics\yolo26n.pt,backend_status=available; plug-in detection row only
GM_RM017,ultralytics_yolo26n_downloaded,162,D:\profile\research\data\GM_RM017\GM_RM017_frames\000162.png,GM_RM017_000162_ultralytics_yolo26n_downloaded_007,car,0.343588620,774.634,325.533,799.913,368.986,1098.484,true,ultralytics_yolo26n,D:\models\ultralytics\yolo26n.pt,backend_status=available; plug-in detection row only
GM_RM017,ultralytics_yolo26n_downloaded,163,D:\profile\research\data\GM_RM017\GM_RM017_frames\000163.png,GM_RM017_000163_ultralytics_yolo26n_downloaded_001,car,0.924052954,223.363,305.306,495.157,404.271,26897.851,true,ultralytics_yolo26n,D:\models\ultralytics\yolo26n.pt,backend_status=available; plug-in detection row only
GM_RM017,ultralytics_yolo26n_downloaded,163,D:\profile\research\data\GM_RM017\GM_RM017_frames\000163.png,GM_RM017_000163_ultralytics_yolo26n_downloaded_002,car,0.904186070,37.735,301.027,253.408,392.082,19638.042,true,ultralytics_yolo26n,D:\models\ultralytics\yolo26n.pt,backend_status=available; plug-in detection row only
GM_RM017,ultralytics_yolo26n_downloaded,163,D:\profile\research\data\GM_RM017\GM_RM017_frames\000163.png,GM_RM017_000163_ultralytics_yolo26n_downloaded_003,fire hydrant,0.882168114,240.777,409.594,286.805,501.568,4233.364,false,ultralytics_yolo26n,D:\models\ultralytics\yolo26n.pt,backend_status=available; plug-in detection row only
GM_RM017,ultralytics_yolo26n_downloaded,163,D:\profile\research\data\GM_RM017\GM_RM017_frames\000163.png,GM_RM017_000163_ultralytics_yolo26n_downloaded_004,truck,0.769068182,668.252,202.659,800.000,370.186,22071.401,true,ultralytics_yolo26n,D:\models\ultralytics\yolo26n.pt,backend_status=available; plug-in detection row only
GM_RM017,ultralytics_yolo26n_downloaded,163,D:\profile\research\data\GM_RM017\GM_RM017_frames\000163.png,GM_RM017_000163_ultralytics_yolo26n_downloaded_005,car,0.581077933,0.000,324.599,83.398,375.231,4222.529,true,ultralytics_yolo26n,D:\models\ultralytics\yolo26n.pt,backend_status=available; plug-in detection row only
GM_RM017,ultralytics_yolo26n_downloaded,164,D:\profile\research\data\GM_RM017\GM_RM017_frames\000164.png,GM_RM017_000164_ultralytics_yolo26n_downloaded_001,car,0.932917356,245.284,304.914,520.366,404.504,27395.428,true,ultralytics_yolo26n,D:\models\ultralytics\yolo26n.pt,backend_status=available; plug-in detection row only
GM_RM017,ultralytics_yolo26n_downloaded,164,D:\profile\research\data\GM_RM017\GM_RM017_frames\000164.png,GM_RM017_000164_ultralytics_yolo26n_downloaded_002,car,0.918703794,52.290,300.831,270.962,391.878,19909.531,true,ultralytics_yolo26n,D:\models\ultralytics\yolo26n.pt,backend_status=available; plug-in detection row only
GM_RM017,ultralytics_yolo26n_downloaded,164,D:\profile\research\data\GM_RM017\GM_RM017_frames\000164.png,GM_RM017_000164_ultralytics_yolo26n_downloaded_003,fire hydrant,0.885079563,288.087,410.719,335.488,502.466,4348.889,false,ultralytics_yolo26n,D:\models\ultralytics\yolo26n.pt,backend_status=available; plug-in detection row only
GM_RM017,ultralytics_yolo26n_downloaded,164,D:\profile\research\data\GM_RM017\GM_RM017_frames\000164.png,GM_RM017_000164_ultralytics_yolo26n_downloaded_004,car,0.572411418,0.000,324.153,102.206,377.450,5447.241,true,ultralytics_yolo26n,D:\models\ultralytics\yolo26n.pt,backend_status=available; plug-in detection row only
GM_RM017,ultralytics_yolo26n_downloaded,164,D:\profile\research\data\GM_RM017\GM_RM017_frames\000164.png,GM_RM017_000164_ultralytics_yolo26n_downloaded_005,person,0.352851301,725.811,327.978,763.465,424.549,3636.304,false,ultralytics_yolo26n,D:\models\ultralytics\yolo26n.pt,backend_status=available; plug-in detection row only
GM_RM017,ultralytics_yolo26n_downloaded,164,D:\profile\research\data\GM_RM017\GM_RM017_frames\000164.png,GM_RM017_000164_ultralytics_yolo26n_downloaded_006,truck,0.265780509,683.942,204.343,800.000,372.915,19564.066,true,ultralytics_yolo26n,D:\models\ultralytics\yolo26n.pt,backend_status=available; plug-in detection row only
GM_RM017,ultralytics_yolo26n_downloaded,165,D:\profile\research\data\GM_RM017\GM_RM017_frames\000165.png,GM_RM017_000165_ultralytics_yolo26n_downloaded_001,car,0.924403131,268.268,304.785,545.592,405.941,28052.775,true,ultralytics_yolo26n,D:\models\ultralytics\yolo26n.pt,backend_status=available; plug-in detection row only
GM_RM017,ultralytics_yolo26n_downloaded,165,D:\profile\research\data\GM_RM017\GM_RM017_frames\000165.png,GM_RM017_000165_ultralytics_yolo26n_downloaded_002,car,0.908595622,70.560,300.278,289.450,392.492,20184.680,true,ultralytics_yolo26n,D:\models\ultralytics\yolo26n.pt,backend_status=available; plug-in detection row only
GM_RM017,ultralytics_yolo26n_downloaded,165,D:\profile\research\data\GM_RM017\GM_RM017_frames\000165.png,GM_RM017_000165_ultralytics_yolo26n_downloaded_003,fire hydrant,0.884452999,338.325,410.879,386.131,504.367,4469.288,false,ultralytics_yolo26n,D:\models\ultralytics\yolo26n.pt,backend_status=available; plug-in detection row only
GM_RM017,ultralytics_yolo26n_downloaded,165,D:\profile\research\data\GM_RM017\GM_RM017_frames\000165.png,GM_RM017_000165_ultralytics_yolo26n_downloaded_004,car,0.611711860,0.044,324.622,117.191,380.410,6535.388,true,ultralytics_yolo26n,D:\models\ultralytics\yolo26n.pt,backend_status=available; plug-in detection row only
GM_RM017,ultralytics_yolo26n_downloaded,165,D:\profile\research\data\GM_RM017\GM_RM017_frames\000165.png,GM_RM017_000165_ultralytics_yolo26n_downloaded_005,potted plant,0.430942059,586.305,316.463,659.150,412.367,6986.185,false,ultralytics_yolo26n,D:\models\ultralytics\yolo26n.pt,backend_status=available; plug-in detection row only
GM_RM017,ultralytics_yolo26n_downloaded,166,D:\profile\research\data\GM_RM017\GM_RM017_frames\000166.png,GM_RM017_000166_ultralytics_yolo26n_downloaded_001,car,0.918668985,291.225,303.682,573.918,404.664,28546.672,true,ultralytics_yolo26n,D:\models\ultralytics\yolo26n.pt,backend_status=available; plug-in detection row only
GM_RM017,ultralytics_yolo26n_downloaded,166,D:\profile\research\data\GM_RM017\GM_RM017_frames\000166.png,GM_RM017_000166_ultralytics_yolo26n_downloaded_002,car,0.916161537,86.447,300.649,307.387,390.983,19958.157,true,ultralytics_yolo26n,D:\models\ultralytics\yolo26n.pt,backend_status=available; plug-in detection row only
GM_RM017,ultralytics_yolo26n_downloaded,166,D:\profile\research\data\GM_RM017\GM_RM017_frames\000166.png,GM_RM017_000166_ultralytics_yolo26n_downloaded_003,fire hydrant,0.878582299,390.977,410.364,437.532,503.745,4347.405,false,ultralytics_yolo26n,D:\models\ultralytics\yolo26n.pt,backend_status=available; plug-in detection row only
GM_RM017,ultralytics_yolo26n_downloaded,166,D:\profile\research\data\GM_RM017\GM_RM017_frames\000166.png,GM_RM017_000166_ultralytics_yolo26n_downloaded_004,car,0.574030280,0.140,323.615,133.252,385.918,8293.259,true,ultralytics_yolo26n,D:\models\ultralytics\yolo26n.pt,backend_status=available; plug-in detection row only
GM_RM017,ultralytics_yolo26n_downloaded,166,D:\profile\research\data\GM_RM017\GM_RM017_frames\000166.png,GM_RM017_000166_ultralytics_yolo26n_downloaded_005,potted plant,0.327839136,612.164,317.826,688.178,411.281,7103.819,false,ultralytics_yolo26n,D:\models\ultralytics\yolo26n.pt,backend_status=available; plug-in detection row only
GM_RM017,ultralytics_yolo26n_downloaded,167,D:\profile\research\data\GM_RM017\GM_RM017_frames\000167.png,GM_RM017_000167_ultralytics_yolo26n_downloaded_001,car,0.929207265,314.190,302.092,600.750,402.835,28868.936,true,ultralytics_yolo26n,D:\models\ultralytics\yolo26n.pt,backend_status=available; plug-in detection row only
GM_RM017,ultralytics_yolo26n_downloaded,167,D:\profile\research\data\GM_RM017\GM_RM017_frames\000167.png,GM_RM017_000167_ultralytics_yolo26n_downloaded_002,car,0.910572290,100.630,298.047,325.159,390.183,20687.438,true,ultralytics_yolo26n,D:\models\ultralytics\yolo26n.pt,backend_status=available; plug-in detection row only
GM_RM017,ultralytics_yolo26n_downloaded,167,D:\profile\research\data\GM_RM017\GM_RM017_frames\000167.png,GM_RM017_000167_ultralytics_yolo26n_downloaded_003,fire hydrant,0.886095464,442.304,406.456,489.221,503.261,4541.798,false,ultralytics_yolo26n,D:\models\ultralytics\yolo26n.pt,backend_status=available; plug-in detection row only
GM_RM017,ultralytics_yolo26n_downloaded,167,D:\profile\research\data\GM_RM017\GM_RM017_frames\000167.png,GM_RM017_000167_ultralytics_yolo26n_downloaded_004,car,0.831815302,0.000,321.983,149.706,385.029,9438.333,true,ultralytics_yolo26n,D:\models\ultralytics\yolo26n.pt,backend_status=available; plug-in detection row only
GM_RM017,ultralytics_yolo26n_downloaded,167,D:\profile\research\data\GM_RM017\GM_RM017_frames\000167.png,GM_RM017_000167_ultralytics_yolo26n_downloaded_005,potted plant,0.323200047,636.081,315.710,721.090,410.035,8018.566,false,ultralytics_yolo26n,D:\models\ultralytics\yolo26n.pt,backend_status=available; plug-in detection row only
GM_RM017,ultralytics_yolo26n_downloaded,168,D:\profile\research\data\GM_RM017\GM_RM017_frames\000168.png,GM_RM017_000168_ultralytics_yolo26n_downloaded_001,car,0.921698153,335.599,301.699,628.045,402.236,29401.572,true,ultralytics_yolo26n,D:\models\ultralytics\yolo26n.pt,backend_status=available; plug-in detection row only
GM_RM017,ultralytics_yolo26n_downloaded,168,D:\profile\research\data\GM_RM017\GM_RM017_frames\000168.png,GM_RM017_000168_ultralytics_yolo26n_downloaded_002,car,0.906501174,116.421,298.134,344.076,389.509,20801.965,true,ultralytics_yolo26n,D:\models\ultralytics\yolo26n.pt,backend_status=available; plug-in detection row only
GM_RM017,ultralytics_yolo26n_downloaded,168,D:\profile\research\data\GM_RM017\GM_RM017_frames\000168.png,GM_RM017_000168_ultralytics_yolo26n_downloaded_003,car,0.885948062,0.000,321.316,161.650,385.360,10352.756,true,ultralytics_yolo26n,D:\models\ultralytics\yolo26n.pt,backend_status=available; plug-in detection row only
GM_RM017,ultralytics_yolo26n_downloaded,168,D:\profile\research\data\GM_RM017\GM_RM017_frames\000168.png,GM_RM017_000168_ultralytics_yolo26n_downloaded_004,fire hydrant,0.872440159,492.682,406.153,545.876,504.280,5219.832,false,ultralytics_yolo26n,D:\models\ultralytics\yolo26n.pt,backend_status=available; plug-in detection row only
GM_RM017,ultralytics_yolo26n_downloaded,168,D:\profile\research\data\GM_RM017\GM_RM017_frames\000168.png,GM_RM017_000168_ultralytics_yolo26n_downloaded_005,potted plant,0.347675294,666.801,315.188,751.133,409.919,7988.858,false,ultralytics_yolo26n,D:\models\ultralytics\yolo26n.pt,backend_status=available; plug-in detection row only
GM_RM017,ultralytics_yolo26n_downloaded,169,D:\profile\research\data\GM_RM017\GM_RM017_frames\000169.png,GM_RM017_000169_ultralytics_yolo26n_downloaded_001,car,0.917359650,129.981,294.859,362.246,388.120,21661.279,true,ultralytics_yolo26n,D:\models\ultralytics\yolo26n.pt,backend_status=available; plug-in detection row only
GM_RM017,ultralytics_yolo26n_downloaded,169,D:\profile\research\data\GM_RM017\GM_RM017_frames\000169.png,GM_RM017_000169_ultralytics_yolo26n_downloaded_002,car,0.913662612,363.665,298.998,656.434,399.971,29561.950,true,ultralytics_yolo26n,D:\models\ultralytics\yolo26n.pt,backend_status=available; plug-in detection row only
GM_RM017,ultralytics_yolo26n_downloaded,169,D:\profile\research\data\GM_RM017\GM_RM017_frames\000169.png,GM_RM017_000169_ultralytics_yolo26n_downloaded_003,car,0.903808951,12.025,318.923,177.313,382.583,10522.337,true,ultralytics_yolo26n,D:\models\ultralytics\yolo26n.pt,backend_status=available; plug-in detection row only
GM_RM017,ultralytics_yolo26n_downloaded,169,D:\profile\research\data\GM_RM017\GM_RM017_frames\000169.png,GM_RM017_000169_ultralytics_yolo26n_downloaded_004,fire hydrant,0.872353613,555.701,400.424,600.955,501.173,4559.281,false,ultralytics_yolo26n,D:\models\ultralytics\yolo26n.pt,backend_status=available; plug-in detection row only
GM_RM017,ultralytics_yolo26n_downloaded,170,D:\profile\research\data\GM_RM017\GM_RM017_frames\000170.png,GM_RM017_000170_ultralytics_yolo26n_downloaded_001,car,0.919821143,388.499,297.081,685.480,399.476,30409.511,true,ultralytics_yolo26n,D:\models\ultralytics\yolo26n.pt,backend_status=available; plug-in detection row only
GM_RM017,ultralytics_yolo26n_downloaded,170,D:\profile\research\data\GM_RM017\GM_RM017_frames\000170.png,GM_RM017_000170_ultralytics_yolo26n_downloaded_002,car,0.911963642,27.051,318.664,192.716,382.169,10520.533,true,ultralytics_yolo26n,D:\models\ultralytics\yolo26n.pt,backend_status=available; plug-in detection row only
GM_RM017,ultralytics_yolo26n_downloaded,170,D:\profile\research\data\GM_RM017\GM_RM017_frames\000170.png,GM_RM017_000170_ultralytics_yolo26n_downloaded_003,car,0.911093295,157.240,294.452,381.336,387.487,20848.714,true,ultralytics_yolo26n,D:\models\ultralytics\yolo26n.pt,backend_status=available; plug-in detection row only
GM_RM017,ultralytics_yolo26n_downloaded,170,D:\profile\research\data\GM_RM017\GM_RM017_frames\000170.png,GM_RM017_000170_ultralytics_yolo26n_downloaded_004,fire hydrant,0.827958226,607.056,398.307,660.724,501.462,5536.185,false,ultralytics_yolo26n,D:\models\ultralytics\yolo26n.pt,backend_status=available; plug-in detection row only
GM_RM017,ultralytics_yolo26n_downloaded,171,D:\profile\research\data\GM_RM017\GM_RM017_frames\000171.png,GM_RM017_000171_ultralytics_yolo26n_downloaded_001,car,0.916251421,413.480,294.732,716.294,398.606,31454.407,true,ultralytics_yolo26n,D:\models\ultralytics\yolo26n.pt,backend_status=available; plug-in detection row only
GM_RM017,ultralytics_yolo26n_downloaded,171,D:\profile\research\data\GM_RM017\GM_RM017_frames\000171.png,GM_RM017_000171_ultralytics_yolo26n_downloaded_002,car,0.911446869,41.723,318.099,210.267,381.917,10756.087,true,ultralytics_yolo26n,D:\models\ultralytics\yolo26n.pt,backend_status=available; plug-in detection row only
GM_RM017,ultralytics_yolo26n_downloaded,171,D:\profile\research\data\GM_RM017\GM_RM017_frames\000171.png,GM_RM017_000171_ultralytics_yolo26n_downloaded_003,car,0.910989702,172.752,292.646,401.996,387.247,21686.722,true,ultralytics_yolo26n,D:\models\ultralytics\yolo26n.pt,backend_status=available; plug-in detection row only
GM_RM017,ultralytics_yolo26n_downloaded,171,D:\profile\research\data\GM_RM017\GM_RM017_frames\000171.png,GM_RM017_000171_ultralytics_yolo26n_downloaded_004,fire hydrant,0.908729672,668.166,397.949,722.399,502.063,5646.420,false,ultralytics_yolo26n,D:\models\ultralytics\yolo26n.pt,backend_status=available; plug-in detection row only
GM_RM017,ultralytics_yolo26n_downloaded,172,D:\profile\research\data\GM_RM017\GM_RM017_frames\000172.png,GM_RM017_000172_ultralytics_yolo26n_downloaded_001,car,0.913151503,438.852,295.487,745.992,399.179,31848.001,true,ultralytics_yolo26n,D:\models\ultralytics\yolo26n.pt,backend_status=available; plug-in detection row only
GM_RM017,ultralytics_yolo26n_downloaded,172,D:\profile\research\data\GM_RM017\GM_RM017_frames\000172.png,GM_RM017_000172_ultralytics_yolo26n_downloaded_002,car,0.908325911,56.411,318.209,224.674,382.961,10895.273,true,ultralytics_yolo26n,D:\models\ultralytics\yolo26n.pt,backend_status=available; plug-in detection row only
GM_RM017,ultralytics_yolo26n_downloaded,172,D:\profile\research\data\GM_RM017\GM_RM017_frames\000172.png,GM_RM017_000172_ultralytics_yolo26n_downloaded_003,car,0.907498658,192.413,293.460,421.900,388.029,21702.548,true,ultralytics_yolo26n,D:\models\ultralytics\yolo26n.pt,backend_status=available; plug-in detection row only
GM_RM017,ultralytics_yolo26n_downloaded,172,D:\profile\research\data\GM_RM017\GM_RM017_frames\000172.png,GM_RM017_000172_ultralytics_yolo26n_downloaded_004,fire hydrant,0.853153050,730.250,397.650,785.532,503.546,5854.126,false,ultralytics_yolo26n,D:\models\ultralytics\yolo26n.pt,backend_status=available; plug-in detection row only
GM_RM017,ultralytics_yolo26n_downloaded,173,D:\profile\research\data\GM_RM017\GM_RM017_frames\000173.png,GM_RM017_000173_ultralytics_yolo26n_downloaded_001,car,0.922485709,464.034,293.509,778.330,397.891,32806.716,true,ultralytics_yolo26n,D:\models\ultralytics\yolo26n.pt,backend_status=available; plug-in detection row only
GM_RM017,ultralytics_yolo26n_downloaded,173,D:\profile\research\data\GM_RM017\GM_RM017_frames\000173.png,GM_RM017_000173_ultralytics_yolo26n_downloaded_002,car,0.908482075,211.632,291.730,442.569,387.541,22126.275,true,ultralytics_yolo26n,D:\models\ultralytics\yolo26n.pt,backend_status=available; plug-in detection row only
GM_RM017,ultralytics_yolo26n_downloaded,173,D:\profile\research\data\GM_RM017\GM_RM017_frames\000173.png,GM_RM017_000173_ultralytics_yolo26n_downloaded_003,car,0.907957554,71.840,317.732,241.461,381.755,10859.734,true,ultralytics_yolo26n,D:\models\ultralytics\yolo26n.pt,backend_status=available; plug-in detection row only
GM_RM017,ultralytics_yolo26n_downloaded,174,D:\profile\research\data\GM_RM017\GM_RM017_frames\000174.png,GM_RM017_000174_ultralytics_yolo26n_downloaded_001,car,0.920971394,489.163,290.397,800.000,396.866,33094.378,true,ultralytics_yolo26n,D:\models\ultralytics\yolo26n.pt,backend_status=available; plug-in detection row only
GM_RM017,ultralytics_yolo26n_downloaded,174,D:\profile\research\data\GM_RM017\GM_RM017_frames\000174.png,GM_RM017_000174_ultralytics_yolo26n_downloaded_002,car,0.914462149,236.329,290.022,463.886,386.312,21911.515,true,ultralytics_yolo26n,D:\models\ultralytics\yolo26n.pt,backend_status=available; plug-in detection row only
GM_RM017,ultralytics_yolo26n_downloaded,174,D:\profile\research\data\GM_RM017\GM_RM017_frames\000174.png,GM_RM017_000174_ultralytics_yolo26n_downloaded_003,car,0.908882260,88.749,316.962,258.804,381.602,10992.366,true,ultralytics_yolo26n,D:\models\ultralytics\yolo26n.pt,backend_status=available; plug-in detection row only
GM_RM017,ultralytics_yolo26n_downloaded,175,D:\profile\research\data\GM_RM017\GM_RM017_frames\000175.png,GM_RM017_000175_ultralytics_yolo26n_downloaded_001,car,0.924007535,514.943,291.271,800.000,397.531,30290.167,true,ultralytics_yolo26n,D:\models\ultralytics\yolo26n.pt,backend_status=available; plug-in detection row only
GM_RM017,ultralytics_yolo26n_downloaded,175,D:\profile\research\data\GM_RM017\GM_RM017_frames\000175.png,GM_RM017_000175_ultralytics_yolo26n_downloaded_002,car,0.918797672,256.778,290.058,485.901,388.972,22663.275,true,ultralytics_yolo26n,D:\models\ultralytics\yolo26n.pt,backend_status=available; plug-in detection row only
GM_RM017,ultralytics_yolo26n_downloaded,175,D:\profile\research\data\GM_RM017\GM_RM017_frames\000175.png,GM_RM017_000175_ultralytics_yolo26n_downloaded_003,car,0.913460970,104.397,318.244,276.352,383.598,11237.965,true,ultralytics_yolo26n,D:\models\ultralytics\yolo26n.pt,backend_status=available; plug-in detection row only
GM_RM017,ultralytics_yolo26n_downloaded,176,D:\profile\research\data\GM_RM017\GM_RM017_frames\000176.png,GM_RM017_000176_ultralytics_yolo26n_downloaded_001,car,0.930148244,539.246,288.455,800.000,395.793,27988.890,true,ultralytics_yolo26n,D:\models\ultralytics\yolo26n.pt,backend_status=available; plug-in detection row only
GM_RM017,ultralytics_yolo26n_downloaded,176,D:\profile\research\data\GM_RM017\GM_RM017_frames\000176.png,GM_RM017_000176_ultralytics_yolo26n_downloaded_002,car,0.918342710,275.358,286.889,505.294,384.417,22425.088,true,ultralytics_yolo26n,D:\models\ultralytics\yolo26n.pt,backend_status=available; plug-in detection row only
GM_RM017,ultralytics_yolo26n_downloaded,176,D:\profile\research\data\GM_RM017\GM_RM017_frames\000176.png,GM_RM017_000176_ultralytics_yolo26n_downloaded_003,car,0.903922319,117.205,314.445,293.574,379.566,11485.351,true,ultralytics_yolo26n,D:\models\ultralytics\yolo26n.pt,backend_status=available; plug-in detection row only
GM_RM017,ultralytics_yolo26n_downloaded,177,D:\profile\research\data\GM_RM017\GM_RM017_frames\000177.png,GM_RM017_000177_ultralytics_yolo26n_downloaded_001,car,0.936976671,561.664,285.295,800.000,391.784,25380.148,true,ultralytics_yolo26n,D:\models\ultralytics\yolo26n.pt,backend_status=available; plug-in detection row only
GM_RM017,ultralytics_yolo26n_downloaded,177,D:\profile\research\data\GM_RM017\GM_RM017_frames\000177.png,GM_RM017_000177_ultralytics_yolo26n_downloaded_002,car,0.918787777,292.405,284.116,525.581,380.827,22550.630,true,ultralytics_yolo26n,D:\models\ultralytics\yolo26n.pt,backend_status=available; plug-in detection row only
GM_RM017,ultralytics_yolo26n_downloaded,177,D:\profile\research\data\GM_RM017\GM_RM017_frames\000177.png,GM_RM017_000177_ultralytics_yolo26n_downloaded_003,car,0.916498363,131.901,309.650,311.293,376.731,12033.851,true,ultralytics_yolo26n,D:\models\ultralytics\yolo26n.pt,backend_status=available; plug-in detection row only
GM_RM017,ultralytics_yolo26n_downloaded,178,D:\profile\research\data\GM_RM017\GM_RM017_frames\000178.png,GM_RM017_000178_ultralytics_yolo26n_downloaded_001,car,0.939947665,588.562,282.382,799.887,391.595,23079.515,true,ultralytics_yolo26n,D:\models\ultralytics\yolo26n.pt,backend_status=available; plug-in detection row only
GM_RM017,ultralytics_yolo26n_downloaded,178,D:\profile\research\data\GM_RM017\GM_RM017_frames\000178.png,GM_RM017_000178_ultralytics_yolo26n_downloaded_002,car,0.913271725,313.358,281.758,546.828,380.063,22951.327,true,ultralytics_yolo26n,D:\models\ultralytics\yolo26n.pt,backend_status=available; plug-in detection row only
GM_RM017,ultralytics_yolo26n_downloaded,178,D:\profile\research\data\GM_RM017\GM_RM017_frames\000178.png,GM_RM017_000178_ultralytics_yolo26n_downloaded_003,car,0.900770605,148.578,308.672,330.139,375.932,12211.920,true,ultralytics_yolo26n,D:\models\ultralytics\yolo26n.pt,backend_status=available; plug-in detection row only
GM_RM017,ultralytics_yolo26n_downloaded,179,D:\profile\research\data\GM_RM017\GM_RM017_frames\000179.png,GM_RM017_000179_ultralytics_yolo26n_downloaded_001,car,0.943567753,613.857,284.794,799.720,392.785,20071.636,true,ultralytics_yolo26n,D:\models\ultralytics\yolo26n.pt,backend_status=available; plug-in detection row only
GM_RM017,ultralytics_yolo26n_downloaded,179,D:\profile\research\data\GM_RM017\GM_RM017_frames\000179.png,GM_RM017_000179_ultralytics_yolo26n_downloaded_002,car,0.922243714,332.414,284.984,569.263,381.840,22940.235,true,ultralytics_yolo26n,D:\models\ultralytics\yolo26n.pt,backend_status=available; plug-in detection row only
GM_RM017,ultralytics_yolo26n_downloaded,179,D:\profile\research\data\GM_RM017\GM_RM017_frames\000179.png,GM_RM017_000179_ultralytics_yolo26n_downloaded_003,car,0.897426128,162.873,310.164,348.911,377.286,12487.183,true,ultralytics_yolo26n,D:\models\ultralytics\yolo26n.pt,backend_status=available; plug-in detection row only
GM_RM017,ultralytics_yolo26n_downloaded,180,D:\profile\research\data\GM_RM017\GM_RM017_frames\000180.png,GM_RM017_000180_ultralytics_yolo26n_downloaded_001,car,0.909213185,351.981,285.800,592.017,382.614,23238.873,true,ultralytics_yolo26n,D:\models\ultralytics\yolo26n.pt,backend_status=available; plug-in detection row only
GM_RM017,ultralytics_yolo26n_downloaded,180,D:\profile\research\data\GM_RM017\GM_RM017_frames\000180.png,GM_RM017_000180_ultralytics_yolo26n_downloaded_002,car,0.899204433,641.050,287.125,799.509,392.934,16766.274,true,ultralytics_yolo26n,D:\models\ultralytics\yolo26n.pt,backend_status=available; plug-in detection row only
GM_RM017,ultralytics_yolo26n_downloaded,180,D:\profile\research\data\GM_RM017\GM_RM017_frames\000180.png,GM_RM017_000180_ultralytics_yolo26n_downloaded_003,car,0.898130715,178.533,310.712,370.271,378.392,12976.641,true,ultralytics_yolo26n,D:\models\ultralytics\yolo26n.pt,backend_status=available; plug-in detection row only
GM_RM017,ultralytics_yolo26n_downloaded,181,D:\profile\research\data\GM_RM017\GM_RM017_frames\000181.png,GM_RM017_000181_ultralytics_yolo26n_downloaded_001,car,0.923883796,373.119,285.202,615.406,383.192,23741.780,true,ultralytics_yolo26n,D:\models\ultralytics\yolo26n.pt,backend_status=available; plug-in detection row only
GM_RM017,ultralytics_yolo26n_downloaded,181,D:\profile\research\data\GM_RM017\GM_RM017_frames\000181.png,GM_RM017_000181_ultralytics_yolo26n_downloaded_002,car,0.913941562,195.309,311.478,386.110,378.605,12808.014,true,ultralytics_yolo26n,D:\models\ultralytics\yolo26n.pt,backend_status=available; plug-in detection row only
GM_RM017,ultralytics_yolo26n_downloaded,181,D:\profile\research\data\GM_RM017\GM_RM017_frames\000181.png,GM_RM017_000181_ultralytics_yolo26n_downloaded_003,car,0.912520945,667.174,289.972,799.945,392.340,13591.451,true,ultralytics_yolo26n,D:\models\ultralytics\yolo26n.pt,backend_status=available; plug-in detection row only
GM_RM017,ultralytics_yolo26n_downloaded,182,D:\profile\research\data\GM_RM017\GM_RM017_frames\000182.png,GM_RM017_000182_ultralytics_yolo26n_downloaded_001,car,0.919200778,212.250,313.656,402.272,380.958,12788.747,true,ultralytics_yolo26n,D:\models\ultralytics\yolo26n.pt,backend_status=available; plug-in detection row only
GM_RM017,ultralytics_yolo26n_downloaded,182,D:\profile\research\data\GM_RM017\GM_RM017_frames\000182.png,GM_RM017_000182_ultralytics_yolo26n_downloaded_002,car,0.910167336,393.821,285.485,639.941,384.627,24400.742,true,ultralytics_yolo26n,D:\models\ultralytics\yolo26n.pt,backend_status=available; plug-in detection row only
GM_RM017,ultralytics_yolo26n_downloaded,182,D:\profile\research\data\GM_RM017\GM_RM017_frames\000182.png,GM_RM017_000182_ultralytics_yolo26n_downloaded_003,car,0.884606361,695.184,299.707,799.732,393.851,9842.676,true,ultralytics_yolo26n,D:\models\ultralytics\yolo26n.pt,backend_status=available; plug-in detection row only
GM_RM017,ultralytics_yolo26n_downloaded,183,D:\profile\research\data\GM_RM017\GM_RM017_frames\000183.png,GM_RM017_000183_ultralytics_yolo26n_downloaded_001,car,0.930098534,229.207,312.245,422.774,380.205,13154.615,true,ultralytics_yolo26n,D:\models\ultralytics\yolo26n.pt,backend_status=available; plug-in detection row only
GM_RM017,ultralytics_yolo26n_downloaded,183,D:\profile\research\data\GM_RM017\GM_RM017_frames\000183.png,GM_RM017_000183_ultralytics_yolo26n_downloaded_002,car,0.922646403,415.395,284.779,662.855,384.457,24666.278,true,ultralytics_yolo26n,D:\models\ultralytics\yolo26n.pt,backend_status=available; plug-in detection row only
GM_RM017,ultralytics_yolo26n_downloaded,183,D:\profile\research\data\GM_RM017\GM_RM017_frames\000183.png,GM_RM017_000183_ultralytics_yolo26n_downloaded_003,car,0.854001224,722.737,317.697,799.653,381.637,4917.986,true,ultralytics_yolo26n,D:\models\ultralytics\yolo26n.pt,backend_status=available; plug-in detection row only
GM_RM017,ultralytics_yolo26n_downloaded,184,D:\profile\research\data\GM_RM017\GM_RM017_frames\000184.png,GM_RM017_000184_ultralytics_yolo26n_downloaded_001,car,0.928408682,244.755,311.801,442.006,380.980,13645.559,true,ultralytics_yolo26n,D:\models\ultralytics\yolo26n.pt,backend_status=available; plug-in detection row only
GM_RM017,ultralytics_yolo26n_downloaded,184,D:\profile\research\data\GM_RM017\GM_RM017_frames\000184.png,GM_RM017_000184_ultralytics_yolo26n_downloaded_002,car,0.911267698,436.583,283.520,686.022,383.433,24922.096,true,ultralytics_yolo26n,D:\models\ultralytics\yolo26n.pt,backend_status=available; plug-in detection row only
GM_RM017,ultralytics_yolo26n_downloaded,184,D:\profile\research\data\GM_RM017\GM_RM017_frames\000184.png,GM_RM017_000184_ultralytics_yolo26n_downloaded_003,car,0.777349532,749.883,319.513,799.657,378.094,2915.815,true,ultralytics_yolo26n,D:\models\ultralytics\yolo26n.pt,backend_status=available; plug-in detection row only
GM_RM017,ultralytics_yolo26n_downloaded,185,D:\profile\research\data\GM_RM017\GM_RM017_frames\000185.png,GM_RM017_000185_ultralytics_yolo26n_downloaded_001,car,0.911654770,261.177,310.228,461.504,379.114,13799.854,true,ultralytics_yolo26n,D:\models\ultralytics\yolo26n.pt,backend_status=available; plug-in detection row only
GM_RM017,ultralytics_yolo26n_downloaded,185,D:\profile\research\data\GM_RM017\GM_RM017_frames\000185.png,GM_RM017_000185_ultralytics_yolo26n_downloaded_002,car,0.904008627,456.440,279.954,710.119,380.842,25593.218,true,ultralytics_yolo26n,D:\models\ultralytics\yolo26n.pt,backend_status=available; plug-in detection row only
GM_RM017,ultralytics_yolo26n_downloaded,185,D:\profile\research\data\GM_RM017\GM_RM017_frames\000185.png,GM_RM017_000185_ultralytics_yolo26n_downloaded_003,car,0.638927698,776.939,319.543,799.645,368.750,1117.312,true,ultralytics_yolo26n,D:\models\ultralytics\yolo26n.pt,backend_status=available; plug-in detection row only
GM_RM017,ultralytics_yolo26n_downloaded,185,D:\profile\research\data\GM_RM017\GM_RM017_frames\000185.png,GM_RM017_000185_ultralytics_yolo26n_downloaded_004,car,0.362910777,777.970,319.689,799.617,365.771,997.521,true,ultralytics_yolo26n,D:\models\ultralytics\yolo26n.pt,backend_status=available; plug-in detection row only
GM_RM017,ultralytics_yolo26n_downloaded,185,D:\profile\research\data\GM_RM017\GM_RM017_frames\000185.png,GM_RM017_000185_ultralytics_yolo26n_downloaded_005,car,0.361482084,777.435,320.221,799.542,366.633,1025.995,true,ultralytics_yolo26n,D:\models\ultralytics\yolo26n.pt,backend_status=available; plug-in detection row only
GM_RM017,ultralytics_yolo26n_downloaded,186,D:\profile\research\data\GM_RM017\GM_RM017_frames\000186.png,GM_RM017_000186_ultralytics_yolo26n_downloaded_001,car,0.917757690,477.678,281.841,733.322,383.091,25884.038,true,ultralytics_yolo26n,D:\models\ultralytics\yolo26n.pt,backend_status=available; plug-in detection row only
GM_RM017,ultralytics_yolo26n_downloaded,186,D:\profile\research\data\GM_RM017\GM_RM017_frames\000186.png,GM_RM017_000186_ultralytics_yolo26n_downloaded_002,car,0.620742857,309.429,310.719,483.078,376.677,11453.597,true,ultralytics_yolo26n,D:\models\ultralytics\yolo26n.pt,backend_status=available; plug-in detection row only
GM_RM017,ultralytics_yolo26n_downloaded,187,D:\profile\research\data\GM_RM017\GM_RM017_frames\000187.png,GM_RM017_000187_ultralytics_yolo26n_downloaded_001,car,0.904124022,498.581,279.218,760.579,382.965,27181.374,true,ultralytics_yolo26n,D:\models\ultralytics\yolo26n.pt,backend_status=available; plug-in detection row only
GM_RM017,ultralytics_yolo26n_downloaded,187,D:\profile\research\data\GM_RM017\GM_RM017_frames\000187.png,GM_RM017_000187_ultralytics_yolo26n_downloaded_002,car,0.893283546,293.051,310.833,502.767,382.749,15081.928,true,ultralytics_yolo26n,D:\models\ultralytics\yolo26n.pt,backend_status=available; plug-in detection row only
GM_RM017,ultralytics_yolo26n_downloaded,188,D:\profile\research\data\GM_RM017\GM_RM017_frames\000188.png,GM_RM017_000188_ultralytics_yolo26n_downloaded_001,car,0.915577412,521.530,279.542,784.582,382.910,27191.128,true,ultralytics_yolo26n,D:\models\ultralytics\yolo26n.pt,backend_status=available; plug-in detection row only
GM_RM017,ultralytics_yolo26n_downloaded,188,D:\profile\research\data\GM_RM017\GM_RM017_frames\000188.png,GM_RM017_000188_ultralytics_yolo26n_downloaded_002,car,0.885776460,309.377,311.959,520.961,381.075,14623.800,true,ultralytics_yolo26n,D:\models\ultralytics\yolo26n.pt,backend_status=available; plug-in detection row only
GM_RM017,ultralytics_yolo26n_downloaded,189,D:\profile\research\data\GM_RM017\GM_RM017_frames\000189.png,GM_RM017_000189_ultralytics_yolo26n_downloaded_001,car,0.901016712,540.237,275.751,800.000,381.570,27487.910,true,ultralytics_yolo26n,D:\models\ultralytics\yolo26n.pt,backend_status=available; plug-in detection row only
GM_RM017,ultralytics_yolo26n_downloaded,189,D:\profile\research\data\GM_RM017\GM_RM017_frames\000189.png,GM_RM017_000189_ultralytics_yolo26n_downloaded_002,car,0.669876635,328.298,310.002,539.041,379.259,14595.386,true,ultralytics_yolo26n,D:\models\ultralytics\yolo26n.pt,backend_status=available; plug-in detection row only
GM_RM017,ultralytics_yolo26n_downloaded,190,D:\profile\research\data\GM_RM017\GM_RM017_frames\000190.png,GM_RM017_000190_ultralytics_yolo26n_downloaded_001,car,0.916277826,561.156,273.753,800.000,381.109,25641.186,true,ultralytics_yolo26n,D:\models\ultralytics\yolo26n.pt,backend_status=available; plug-in detection row only
GM_RM017,ultralytics_yolo26n_downloaded,190,D:\profile\research\data\GM_RM017\GM_RM017_frames\000190.png,GM_RM017_000190_ultralytics_yolo26n_downloaded_002,car,0.784043670,344.938,310.066,553.254,379.637,14492.720,true,ultralytics_yolo26n,D:\models\ultralytics\yolo26n.pt,backend_status=available; plug-in detection row only
GM_RM017,ultralytics_yolo26n_downloaded,191,D:\profile\research\data\GM_RM017\GM_RM017_frames\000191.png,GM_RM017_000191_ultralytics_yolo26n_downloaded_001,car,0.928339779,583.928,273.138,800.000,380.474,23192.352,true,ultralytics_yolo26n,D:\models\ultralytics\yolo26n.pt,backend_status=available; plug-in detection row only
GM_RM017,ultralytics_yolo26n_downloaded,191,D:\profile\research\data\GM_RM017\GM_RM017_frames\000191.png,GM_RM017_000191_ultralytics_yolo26n_downloaded_002,car,0.889325798,360.401,308.093,555.201,378.194,13655.697,true,ultralytics_yolo26n,D:\models\ultralytics\yolo26n.pt,backend_status=available; plug-in detection row only
GM_RM017,ultralytics_yolo26n_downloaded,192,D:\profile\research\data\GM_RM017\GM_RM017_frames\000192.png,GM_RM017_000192_ultralytics_yolo26n_downloaded_001,car,0.817160070,378.123,307.618,595.144,376.916,15038.974,true,ultralytics_yolo26n,D:\models\ultralytics\yolo26n.pt,backend_status=available; plug-in detection row only
GM_RM017,ultralytics_yolo26n_downloaded,192,D:\profile\research\data\GM_RM017\GM_RM017_frames\000192.png,GM_RM017_000192_ultralytics_yolo26n_downloaded_002,car,0.434139132,632.979,272.624,800.000,380.675,18046.732,true,ultralytics_yolo26n,D:\models\ultralytics\yolo26n.pt,backend_status=available; plug-in detection row only
GM_RM017,ultralytics_yolo26n_downloaded,192,D:\profile\research\data\GM_RM017\GM_RM017_frames\000192.png,GM_RM017_000192_ultralytics_yolo26n_downloaded_003,car,0.349280357,603.878,273.016,799.909,381.462,21258.808,true,ultralytics_yolo26n,D:\models\ultralytics\yolo26n.pt,backend_status=available; plug-in detection row only
GM_RM017,ultralytics_yolo26n_downloaded,193,D:\profile\research\data\GM_RM017\GM_RM017_frames\000193.png,GM_RM017_000193_ultralytics_yolo26n_downloaded_001,car,0.795398831,396.975,306.289,615.626,375.582,15150.965,true,ultralytics_yolo26n,D:\models\ultralytics\yolo26n.pt,backend_status=available; plug-in detection row only
GM_RM017,ultralytics_yolo26n_downloaded,193,D:\profile\research\data\GM_RM017\GM_RM017_frames\000193.png,GM_RM017_000193_ultralytics_yolo26n_downloaded_002,car,0.587037325,627.150,274.128,799.814,375.137,17440.699,true,ultralytics_yolo26n,D:\models\ultralytics\yolo26n.pt,backend_status=available; plug-in detection row only
GM_RM017,ultralytics_yolo26n_downloaded,193,D:\profile\research\data\GM_RM017\GM_RM017_frames\000193.png,GM_RM017_000193_ultralytics_yolo26n_downloaded_003,car,0.278112203,628.664,273.786,800.000,374.403,17239.221,true,ultralytics_yolo26n,D:\models\ultralytics\yolo26n.pt,backend_status=available; plug-in detection row only
GM_RM017,ultralytics_yolo26n_downloaded,194,D:\profile\research\data\GM_RM017\GM_RM017_frames\000194.png,GM_RM017_000194_ultralytics_yolo26n_downloaded_001,car,0.833310723,410.697,305.435,636.623,376.440,16042.031,true,ultralytics_yolo26n,D:\models\ultralytics\yolo26n.pt,backend_status=available; plug-in detection row only
GM_RM017,ultralytics_yolo26n_downloaded,194,D:\profile\research\data\GM_RM017\GM_RM017_frames\000194.png,GM_RM017_000194_ultralytics_yolo26n_downloaded_002,car,0.819159210,646.931,277.672,800.000,379.946,15655.016,true,ultralytics_yolo26n,D:\models\ultralytics\yolo26n.pt,backend_status=available; plug-in detection row only
GM_RM017,ultralytics_yolo26n_downloaded,194,D:\profile\research\data\GM_RM017\GM_RM017_frames\000194.png,GM_RM017_000194_ultralytics_yolo26n_downloaded_003,car,0.335756540,412.989,306.094,635.152,376.154,15564.698,true,ultralytics_yolo26n,D:\models\ultralytics\yolo26n.pt,backend_status=available; plug-in detection row only
GM_RM017,ultralytics_yolo26n_downloaded,195,D:\profile\research\data\GM_RM017\GM_RM017_frames\000195.png,GM_RM017_000195_ultralytics_yolo26n_downloaded_001,car,0.898778021,668.500,280.132,799.712,378.869,12955.461,true,ultralytics_yolo26n,D:\models\ultralytics\yolo26n.pt,backend_status=available; plug-in detection row only
GM_RM017,ultralytics_yolo26n_downloaded,195,D:\profile\research\data\GM_RM017\GM_RM017_frames\000195.png,GM_RM017_000195_ultralytics_yolo26n_downloaded_002,car,0.832960129,430.418,303.985,655.606,374.525,15884.783,true,ultralytics_yolo26n,D:\models\ultralytics\yolo26n.pt,backend_status=available; plug-in detection row only
GM_RM017,ultralytics_yolo26n_downloaded,195,D:\profile\research\data\GM_RM017\GM_RM017_frames\000195.png,GM_RM017_000195_ultralytics_yolo26n_downloaded_003,car,0.450304627,430.115,304.138,654.160,374.251,15708.608,true,ultralytics_yolo26n,D:\models\ultralytics\yolo26n.pt,backend_status=available; plug-in detection row only
GM_RM017,ultralytics_yolo26n_downloaded,196,D:\profile\research\data\GM_RM017\GM_RM017_frames\000196.png,GM_RM017_000196_ultralytics_yolo26n_downloaded_001,car,0.883680999,690.784,280.932,799.919,376.906,10474.122,true,ultralytics_yolo26n,D:\models\ultralytics\yolo26n.pt,backend_status=available; plug-in detection row only
GM_RM017,ultralytics_yolo26n_downloaded,196,D:\profile\research\data\GM_RM017\GM_RM017_frames\000196.png,GM_RM017_000196_ultralytics_yolo26n_downloaded_002,car,0.865155458,445.850,301.169,675.039,372.230,16286.359,true,ultralytics_yolo26n,D:\models\ultralytics\yolo26n.pt,backend_status=available; plug-in detection row only
GM_RM017,ultralytics_yolo26n_downloaded,196,D:\profile\research\data\GM_RM017\GM_RM017_frames\000196.png,GM_RM017_000196_ultralytics_yolo26n_downloaded_003,car,0.304127455,445.821,301.719,673.898,372.083,16048.368,true,ultralytics_yolo26n,D:\models\ultralytics\yolo26n.pt,backend_status=available; plug-in detection row only
GM_RM017,ultralytics_yolo26n_downloaded,197,D:\profile\research\data\GM_RM017\GM_RM017_frames\000197.png,GM_RM017_000197_ultralytics_yolo26n_downloaded_001,car,0.894530177,713.494,284.223,799.742,374.564,7791.780,true,ultralytics_yolo26n,D:\models\ultralytics\yolo26n.pt,backend_status=available; plug-in detection row only
GM_RM017,ultralytics_yolo26n_downloaded,197,D:\profile\research\data\GM_RM017\GM_RM017_frames\000197.png,GM_RM017_000197_ultralytics_yolo26n_downloaded_002,car,0.887465298,464.579,299.282,694.925,370.847,16484.692,true,ultralytics_yolo26n,D:\models\ultralytics\yolo26n.pt,backend_status=available; plug-in detection row only
GM_RM017,ultralytics_yolo26n_downloaded,198,D:\profile\research\data\GM_RM017\GM_RM017_frames\000198.png,GM_RM017_000198_ultralytics_yolo26n_downloaded_001,car,0.860555947,483.817,298.500,717.511,371.087,16963.214,true,ultralytics_yolo26n,D:\models\ultralytics\yolo26n.pt,backend_status=available; plug-in detection row only
GM_RM017,ultralytics_yolo26n_downloaded,198,D:\profile\research\data\GM_RM017\GM_RM017_frames\000198.png,GM_RM017_000198_ultralytics_yolo26n_downloaded_002,car,0.858277798,737.772,302.640,799.708,369.564,4145.027,true,ultralytics_yolo26n,D:\models\ultralytics\yolo26n.pt,backend_status=available; plug-in detection row only
GM_RM017,ultralytics_yolo26n_downloaded,199,D:\profile\research\data\GM_RM017\GM_RM017_frames\000199.png,GM_RM017_000199_ultralytics_yolo26n_downloaded_001,car,0.896433234,501.217,299.938,738.723,372.393,17208.606,true,ultralytics_yolo26n,D:\models\ultralytics\yolo26n.pt,backend_status=available; plug-in detection row only
GM_RM017,ultralytics_yolo26n_downloaded,199,D:\profile\research\data\GM_RM017\GM_RM017_frames\000199.png,GM_RM017_000199_ultralytics_yolo26n_downloaded_002,car,0.823351979,761.635,308.861,799.699,369.167,2295.501,true,ultralytics_yolo26n,D:\models\ultralytics\yolo26n.pt,backend_status=available; plug-in detection row only
GM_RM017,ultralytics_yolo26n_downloaded,200,D:\profile\research\data\GM_RM017\GM_RM017_frames\000200.png,GM_RM017_000200_ultralytics_yolo26n_downloaded_001,car,0.886473000,519.722,299.591,761.756,372.524,17652.427,true,ultralytics_yolo26n,D:\models\ultralytics\yolo26n.pt,backend_status=available; plug-in detection row only
GM_RM017,ultralytics_yolo26n_downloaded,200,D:\profile\research\data\GM_RM017\GM_RM017_frames\000200.png,GM_RM017_000200_ultralytics_yolo26n_downloaded_002,car,0.559056878,785.457,312.609,799.665,358.195,647.688,true,ultralytics_yolo26n,D:\models\ultralytics\yolo26n.pt,backend_status=available; plug-in detection row only
GM_RM017,ultralytics_yolo26n_downloaded,201,D:\profile\research\data\GM_RM017\GM_RM017_frames\000201.png,GM_RM017_000201_ultralytics_yolo26n_downloaded_001,car,0.898651958,538.074,298.238,784.194,371.586,18052.458,true,ultralytics_yolo26n,D:\models\ultralytics\yolo26n.pt,backend_status=available; plug-in detection row only
GM_RM017,ultralytics_yolo26n_downloaded,202,D:\profile\research\data\GM_RM017\GM_RM017_frames\000202.png,GM_RM017_000202_ultralytics_yolo26n_downloaded_001,car,0.899180889,557.437,296.435,799.909,370.946,18066.897,true,ultralytics_yolo26n,D:\models\ultralytics\yolo26n.pt,backend_status=available; plug-in detection row only
GM_RM017,ultralytics_yolo26n_downloaded,203,D:\profile\research\data\GM_RM017\GM_RM017_frames\000203.png,GM_RM017_000203_ultralytics_yolo26n_downloaded_001,car,0.905427575,575.404,294.516,800.000,370.028,16959.617,true,ultralytics_yolo26n,D:\models\ultralytics\yolo26n.pt,backend_status=available; plug-in detection row only
GM_RM017,ultralytics_yolo26n_downloaded,204,D:\profile\research\data\GM_RM017\GM_RM017_frames\000204.png,GM_RM017_000204_ultralytics_yolo26n_downloaded_001,car,0.869087338,593.423,294.659,800.000,369.252,15409.239,true,ultralytics_yolo26n,D:\models\ultralytics\yolo26n.pt,backend_status=available; plug-in detection row only
GM_RM017,ultralytics_yolo26n_downloaded,205,D:\profile\research\data\GM_RM017\GM_RM017_frames\000205.png,GM_RM017_000205_ultralytics_yolo26n_downloaded_001,car,0.906646311,611.439,292.744,799.696,366.485,13882.262,true,ultralytics_yolo26n,D:\models\ultralytics\yolo26n.pt,backend_status=available; plug-in detection row only
GM_RM017,ultralytics_yolo26n_downloaded,206,D:\profile\research\data\GM_RM017\GM_RM017_frames\000206.png,GM_RM017_000206_ultralytics_yolo26n_downloaded_001,car,0.919549346,630.572,289.789,799.869,364.512,12650.390,true,ultralytics_yolo26n,D:\models\ultralytics\yolo26n.pt,backend_status=available; plug-in detection row only
GM_RM017,ultralytics_yolo26n_downloaded,207,D:\profile\research\data\GM_RM017\GM_RM017_frames\000207.png,GM_RM017_000207_ultralytics_yolo26n_downloaded_001,car,0.910659969,647.811,287.969,799.663,364.116,11562.986,true,ultralytics_yolo26n,D:\models\ultralytics\yolo26n.pt,backend_status=available; plug-in detection row only
GM_RM017,ultralytics_yolo26n_downloaded,208,D:\profile\research\data\GM_RM017\GM_RM017_frames\000208.png,GM_RM017_000208_ultralytics_yolo26n_downloaded_001,car,0.909320116,666.935,290.412,799.476,365.005,9886.569,true,ultralytics_yolo26n,D:\models\ultralytics\yolo26n.pt,backend_status=available; plug-in detection row only
GM_RM017,ultralytics_yolo26n_downloaded,209,D:\profile\research\data\GM_RM017\GM_RM017_frames\000209.png,GM_RM017_000209_ultralytics_yolo26n_downloaded_001,car,0.880660653,683.431,291.498,799.690,365.128,8560.131,true,ultralytics_yolo26n,D:\models\ultralytics\yolo26n.pt,backend_status=available; plug-in detection row only
GM_RM017,ultralytics_yolo26n_downloaded,210,D:\profile\research\data\GM_RM017\GM_RM017_frames\000210.png,GM_RM017_000210_ultralytics_yolo26n_downloaded_001,car,0.830560982,702.169,293.598,799.827,362.432,6722.094,true,ultralytics_yolo26n,D:\models\ultralytics\yolo26n.pt,backend_status=available; plug-in detection row only
GM_RM017,ultralytics_yolo26n_downloaded,211,D:\profile\research\data\GM_RM017\GM_RM017_frames\000211.png,GM_RM017_000211_ultralytics_yolo26n_downloaded_001,car,0.811172009,721.391,307.739,799.749,362.505,4291.298,true,ultralytics_yolo26n,D:\models\ultralytics\yolo26n.pt,backend_status=available; plug-in detection row only
GM_RM017,ultralytics_yolo26n_downloaded,212,D:\profile\research\data\GM_RM017\GM_RM017_frames\000212.png,GM_RM017_000212_ultralytics_yolo26n_downloaded_001,car,0.770815253,740.835,313.192,799.518,358.055,2632.636,true,ultralytics_yolo26n,D:\models\ultralytics\yolo26n.pt,backend_status=available; plug-in detection row only
GM_RM017,ultralytics_yolo26n_downloaded,213,D:\profile\research\data\GM_RM017\GM_RM017_frames\000213.png,GM_RM017_000213_ultralytics_yolo26n_downloaded_001,car,0.757385373,759.999,316.306,799.687,359.468,1712.976,true,ultralytics_yolo26n,D:\models\ultralytics\yolo26n.pt,backend_status=available; plug-in detection row only
GM_RM017,ultralytics_yolo26n_downloaded,214,D:\profile\research\data\GM_RM017\GM_RM017_frames\000214.png,GM_RM017_000214_ultralytics_yolo26n_downloaded_001,car,0.386480302,783.041,320.093,799.678,349.476,488.835,true,ultralytics_yolo26n,D:\models\ultralytics\yolo26n.pt,backend_status=available; plug-in detection row only
GM_RM017,ultralytics_yolov8n_downloaded,121,D:\profile\research\data\GM_RM017\GM_RM017_frames\000121.png,GM_RM017_000121_ultralytics_yolov8n_downloaded_001,truck,0.776990175,0.000,256.440,109.011,385.908,14113.397,true,ultralytics_yolov8n,D:\models\ultralytics\yolov8n.pt,backend_status=available; plug-in detection row only
GM_RM017,ultralytics_yolov8n_downloaded,121,D:\profile\research\data\GM_RM017\GM_RM017_frames\000121.png,GM_RM017_000121_ultralytics_yolov8n_downloaded_002,truck,0.296605885,215.065,340.306,432.260,507.631,36342.331,true,ultralytics_yolov8n,D:\models\ultralytics\yolov8n.pt,backend_status=available; plug-in detection row only
GM_RM017,ultralytics_yolov8n_downloaded,122,D:\profile\research\data\GM_RM017\GM_RM017_frames\000122.png,GM_RM017_000122_ultralytics_yolov8n_downloaded_001,truck,0.886160672,0.093,253.615,134.912,386.158,17869.201,true,ultralytics_yolov8n,D:\models\ultralytics\yolov8n.pt,backend_status=available; plug-in detection row only
GM_RM017,ultralytics_yolov8n_downloaded,122,D:\profile\research\data\GM_RM017\GM_RM017_frames\000122.png,GM_RM017_000122_ultralytics_yolov8n_downloaded_002,bus,0.427155852,258.741,338.135,485.199,508.039,38476.187,true,ultralytics_yolov8n,D:\models\ultralytics\yolov8n.pt,backend_status=available; plug-in detection row only
GM_RM017,ultralytics_yolov8n_downloaded,122,D:\profile\research\data\GM_RM017\GM_RM017_frames\000122.png,GM_RM017_000122_ultralytics_yolov8n_downloaded_003,car,0.286880165,258.334,337.431,484.145,508.044,38526.436,true,ultralytics_yolov8n,D:\models\ultralytics\yolov8n.pt,backend_status=available; plug-in detection row only
GM_RM017,ultralytics_yolov8n_downloaded,123,D:\profile\research\data\GM_RM017\GM_RM017_frames\000123.png,GM_RM017_000123_ultralytics_yolov8n_downloaded_001,truck,0.816673398,0.125,249.802,150.852,384.869,20358.308,true,ultralytics_yolov8n,D:\models\ultralytics\yolov8n.pt,backend_status=available; plug-in detection row only
GM_RM017,ultralytics_yolov8n_downloaded,123,D:\profile\research\data\GM_RM017\GM_RM017_frames\000123.png,GM_RM017_000123_ultralytics_yolov8n_downloaded_002,bus,0.300466478,301.376,336.419,536.542,508.662,40505.732,true,ultralytics_yolov8n,D:\models\ultralytics\yolov8n.pt,backend_status=available; plug-in detection row only
GM_RM017,ultralytics_yolov8n_downloaded,123,D:\profile\research\data\GM_RM017\GM_RM017_frames\000123.png,GM_RM017_000123_ultralytics_yolov8n_downloaded_003,truck,0.275267899,302.001,336.405,536.145,508.027,40184.358,true,ultralytics_yolov8n,D:\models\ultralytics\yolov8n.pt,backend_status=available; plug-in detection row only
GM_RM017,ultralytics_yolov8n_downloaded,124,D:\profile\research\data\GM_RM017\GM_RM017_frames\000124.png,GM_RM017_000124_ultralytics_yolov8n_downloaded_001,truck,0.839574039,0.160,246.423,165.471,384.437,22815.269,true,ultralytics_yolov8n,D:\models\ultralytics\yolov8n.pt,backend_status=available; plug-in detection row only
GM_RM017,ultralytics_yolov8n_downloaded,124,D:\profile\research\data\GM_RM017\GM_RM017_frames\000124.png,GM_RM017_000124_ultralytics_yolov8n_downloaded_002,bus,0.368025869,350.460,331.866,590.504,507.628,42190.728,true,ultralytics_yolov8n,D:\models\ultralytics\yolov8n.pt,backend_status=available; plug-in detection row only
GM_RM017,ultralytics_yolov8n_downloaded,124,D:\profile\research\data\GM_RM017\GM_RM017_frames\000124.png,GM_RM017_000124_ultralytics_yolov8n_downloaded_003,truck,0.298087955,350.092,332.332,591.049,507.432,42191.532,true,ultralytics_yolov8n,D:\models\ultralytics\yolov8n.pt,backend_status=available; plug-in detection row only
GM_RM017,ultralytics_yolov8n_downloaded,125,D:\profile\research\data\GM_RM017\GM_RM017_frames\000125.png,GM_RM017_000125_ultralytics_yolov8n_downloaded_001,truck,0.824701667,0.207,245.552,177.693,383.234,24436.551,true,ultralytics_yolov8n,D:\models\ultralytics\yolov8n.pt,backend_status=available; plug-in detection row only
GM_RM017,ultralytics_yolov8n_downloaded,125,D:\profile\research\data\GM_RM017\GM_RM017_frames\000125.png,GM_RM017_000125_ultralytics_yolov8n_downloaded_002,bus,0.444045812,399.632,330.302,647.647,507.945,44058.277,true,ultralytics_yolov8n,D:\models\ultralytics\yolov8n.pt,backend_status=available; plug-in detection row only
GM_RM017,ultralytics_yolov8n_downloaded,126,D:\profile\research\data\GM_RM017\GM_RM017_frames\000126.png,GM_RM017_000126_ultralytics_yolov8n_downloaded_001,truck,0.851235032,0.129,247.010,192.237,384.556,26423.629,true,ultralytics_yolov8n,D:\models\ultralytics\yolov8n.pt,backend_status=available; plug-in detection row only
GM_RM017,ultralytics_yolov8n_downloaded,126,D:\profile\research\data\GM_RM017\GM_RM017_frames\000126.png,GM_RM017_000126_ultralytics_yolov8n_downloaded_002,bus,0.337066740,448.300,329.829,706.122,508.521,46070.925,true,ultralytics_yolov8n,D:\models\ultralytics\yolov8n.pt,backend_status=available; plug-in detection row only
GM_RM017,ultralytics_yolov8n_downloaded,127,D:\profile\research\data\GM_RM017\GM_RM017_frames\000127.png,GM_RM017_000127_ultralytics_yolov8n_downloaded_001,truck,0.863860250,0.209,248.027,204.535,386.030,28197.644,true,ultralytics_yolov8n,D:\models\ultralytics\yolov8n.pt,backend_status=available; plug-in detection row only
GM_RM017,ultralytics_yolov8n_downloaded,127,D:\profile\research\data\GM_RM017\GM_RM017_frames\000127.png,GM_RM017_000127_ultralytics_yolov8n_downloaded_002,truck,0.268269449,499.652,329.132,768.282,511.339,48946.055,true,ultralytics_yolov8n,D:\models\ultralytics\yolov8n.pt,backend_status=available; plug-in detection row only
GM_RM017,ultralytics_yolov8n_downloaded,128,D:\profile\research\data\GM_RM017\GM_RM017_frames\000128.png,GM_RM017_000128_ultralytics_yolov8n_downloaded_001,truck,0.881629169,0.537,247.567,214.246,385.257,29425.669,true,ultralytics_yolov8n,D:\models\ultralytics\yolov8n.pt,backend_status=available; plug-in detection row only
GM_RM017,ultralytics_yolov8n_downloaded,128,D:\profile\research\data\GM_RM017\GM_RM017_frames\000128.png,GM_RM017_000128_ultralytics_yolov8n_downloaded_002,bus,0.462276280,552.930,326.260,799.479,511.667,45711.942,true,ultralytics_yolov8n,D:\models\ultralytics\yolov8n.pt,backend_status=available; plug-in detection row only
GM_RM017,ultralytics_yolov8n_downloaded,129,D:\profile\research\data\GM_RM017\GM_RM017_frames\000129.png,GM_RM017_000129_ultralytics_yolov8n_downloaded_001,truck,0.867000222,16.025,246.696,232.251,386.398,30207.336,true,ultralytics_yolov8n,D:\models\ultralytics\yolov8n.pt,backend_status=available; plug-in detection row only
GM_RM017,ultralytics_yolov8n_downloaded,145,D:\profile\research\data\GM_RM017\GM_RM017_frames\000145.png,GM_RM017_000145_ultralytics_yolov8n_downloaded_001,truck,0.823532879,326.712,226.748,462.442,384.888,21464.272,true,ultralytics_yolov8n,D:\models\ultralytics\yolov8n.pt,backend_status=available; plug-in detection row only
GM_RM017,ultralytics_yolov8n_downloaded,145,D:\profile\research\data\GM_RM017\GM_RM017_frames\000145.png,GM_RM017_000145_ultralytics_yolov8n_downloaded_002,car,0.362131059,0.186,322.155,97.954,408.441,8436.046,true,ultralytics_yolov8n,D:\models\ultralytics\yolov8n.pt,backend_status=available; plug-in detection row only
GM_RM017,ultralytics_yolov8n_downloaded,145,D:\profile\research\data\GM_RM017\GM_RM017_frames\000145.png,GM_RM017_000145_ultralytics_yolov8n_downloaded_003,truck,0.295022786,141.256,340.841,253.990,437.280,10871.949,true,ultralytics_yolov8n,D:\models\ultralytics\yolov8n.pt,backend_status=available; plug-in detection row only
GM_RM017,ultralytics_yolov8n_downloaded,145,D:\profile\research\data\GM_RM017\GM_RM017_frames\000145.png,GM_RM017_000145_ultralytics_yolov8n_downloaded_004,car,0.263126105,0.295,323.620,80.347,362.744,3131.985,true,ultralytics_yolov8n,D:\models\ultralytics\yolov8n.pt,backend_status=available; plug-in detection row only
GM_RM017,ultralytics_yolov8n_downloaded,146,D:\profile\research\data\GM_RM017\GM_RM017_frames\000146.png,GM_RM017_000146_ultralytics_yolov8n_downloaded_001,car,0.801062524,0.124,322.436,86.965,409.749,7582.418,true,ultralytics_yolov8n,D:\models\ultralytics\yolov8n.pt,backend_status=available; plug-in detection row only
GM_RM017,ultralytics_yolov8n_downloaded,146,D:\profile\research\data\GM_RM017\GM_RM017_frames\000146.png,GM_RM017_000146_ultralytics_yolov8n_downloaded_002,truck,0.773757041,347.742,224.651,476.308,382.868,20341.308,true,ultralytics_yolov8n,D:\models\ultralytics\yolov8n.pt,backend_status=available; plug-in detection row only
GM_RM017,ultralytics_yolov8n_downloaded,146,D:\profile\research\data\GM_RM017\GM_RM017_frames\000146.png,GM_RM017_000146_ultralytics_yolov8n_downloaded_003,truck,0.599173427,169.070,339.667,280.070,437.561,10866.336,true,ultralytics_yolov8n,D:\models\ultralytics\yolov8n.pt,backend_status=available; plug-in detection row only
GM_RM017,ultralytics_yolov8n_downloaded,147,D:\profile\research\data\GM_RM017\GM_RM017_frames\000147.png,GM_RM017_000147_ultralytics_yolov8n_downloaded_001,car,0.827899098,0.236,321.741,113.998,407.940,9806.228,true,ultralytics_yolov8n,D:\models\ultralytics\yolov8n.pt,backend_status=available; plug-in detection row only
GM_RM017,ultralytics_yolov8n_downloaded,147,D:\profile\research\data\GM_RM017\GM_RM017_frames\000147.png,GM_RM017_000147_ultralytics_yolov8n_downloaded_002,truck,0.759907961,368.102,223.806,493.826,381.650,19844.768,true,ultralytics_yolov8n,D:\models\ultralytics\yolov8n.pt,backend_status=available; plug-in detection row only
GM_RM017,ultralytics_yolov8n_downloaded,147,D:\profile\research\data\GM_RM017\GM_RM017_frames\000147.png,GM_RM017_000147_ultralytics_yolov8n_downloaded_003,truck,0.310669273,197.700,338.215,300.437,437.721,10222.997,true,ultralytics_yolov8n,D:\models\ultralytics\yolov8n.pt,backend_status=available; plug-in detection row only
GM_RM017,ultralytics_yolov8n_downloaded,148,D:\profile\research\data\GM_RM017\GM_RM017_frames\000148.png,GM_RM017_000148_ultralytics_yolov8n_downloaded_001,car,0.840396047,0.077,321.827,139.064,406.993,11836.867,true,ultralytics_yolov8n,D:\models\ultralytics\yolov8n.pt,backend_status=available; plug-in detection row only
GM_RM017,ultralytics_yolov8n_downloaded,148,D:\profile\research\data\GM_RM017\GM_RM017_frames\000148.png,GM_RM017_000148_ultralytics_yolov8n_downloaded_002,truck,0.798511386,388.237,222.810,516.504,381.205,20316.759,true,ultralytics_yolov8n,D:\models\ultralytics\yolov8n.pt,backend_status=available; plug-in detection row only
GM_RM017,ultralytics_yolov8n_downloaded,149,D:\profile\research\data\GM_RM017\GM_RM017_frames\000149.png,GM_RM017_000149_ultralytics_yolov8n_downloaded_001,car,0.843628228,0.194,322.013,158.763,406.766,13439.152,true,ultralytics_yolov8n,D:\models\ultralytics\yolov8n.pt,backend_status=available; plug-in detection row only
GM_RM017,ultralytics_yolov8n_downloaded,149,D:\profile\research\data\GM_RM017\GM_RM017_frames\000149.png,GM_RM017_000149_ultralytics_yolov8n_downloaded_002,truck,0.752323329,413.885,220.969,541.590,381.616,20515.344,true,ultralytics_yolov8n,D:\models\ultralytics\yolov8n.pt,backend_status=available; plug-in detection row only
GM_RM017,ultralytics_yolov8n_downloaded,149,D:\profile\research\data\GM_RM017\GM_RM017_frames\000149.png,GM_RM017_000149_ultralytics_yolov8n_downloaded_003,car,0.395686358,86.482,319.068,166.675,365.402,3715.641,true,ultralytics_yolov8n,D:\models\ultralytics\yolov8n.pt,backend_status=available; plug-in detection row only
GM_RM017,ultralytics_yolov8n_downloaded,149,D:\profile\research\data\GM_RM017\GM_RM017_frames\000149.png,GM_RM017_000149_ultralytics_yolov8n_downloaded_004,car,0.327424645,0.102,315.384,18.400,334.210,344.473,true,ultralytics_yolov8n,D:\models\ultralytics\yolov8n.pt,backend_status=available; plug-in detection row only
GM_RM017,ultralytics_yolov8n_downloaded,150,D:\profile\research\data\GM_RM017\GM_RM017_frames\000150.png,GM_RM017_000150_ultralytics_yolov8n_downloaded_001,car,0.809259951,0.134,320.046,184.936,405.113,15720.488,true,ultralytics_yolov8n,D:\models\ultralytics\yolov8n.pt,backend_status=available; plug-in detection row only
GM_RM017,ultralytics_yolov8n_downloaded,150,D:\profile\research\data\GM_RM017\GM_RM017_frames\000150.png,GM_RM017_000150_ultralytics_yolov8n_downloaded_002,truck,0.786088049,432.599,220.548,563.738,381.211,21069.169,true,ultralytics_yolov8n,D:\models\ultralytics\yolov8n.pt,backend_status=available; plug-in detection row only
GM_RM017,ultralytics_yolov8n_downloaded,150,D:\profile\research\data\GM_RM017\GM_RM017_frames\000150.png,GM_RM017_000150_ultralytics_yolov8n_downloaded_003,car,0.473269433,0.000,312.806,34.649,345.966,1148.979,true,ultralytics_yolov8n,D:\models\ultralytics\yolov8n.pt,backend_status=available; plug-in detection row only
GM_RM017,ultralytics_yolov8n_downloaded,150,D:\profile\research\data\GM_RM017\GM_RM017_frames\000150.png,GM_RM017_000150_ultralytics_yolov8n_downloaded_004,truck,0.267821819,282.417,336.201,379.004,437.055,9741.125,true,ultralytics_yolov8n,D:\models\ultralytics\yolov8n.pt,backend_status=available; plug-in detection row only
GM_RM017,ultralytics_yolov8n_downloaded,151,D:\profile\research\data\GM_RM017\GM_RM017_frames\000151.png,GM_RM017_000151_ultralytics_yolov8n_downloaded_001,car,0.853425980,0.367,317.622,213.303,406.413,18906.785,true,ultralytics_yolov8n,D:\models\ultralytics\yolov8n.pt,backend_status=available; plug-in detection row only
GM_RM017,ultralytics_yolov8n_downloaded,151,D:\profile\research\data\GM_RM017\GM_RM017_frames\000151.png,GM_RM017_000151_ultralytics_yolov8n_downloaded_002,truck,0.674739659,458.105,220.511,586.284,381.762,20668.981,true,ultralytics_yolov8n,D:\models\ultralytics\yolov8n.pt,backend_status=available; plug-in detection row only
GM_RM017,ultralytics_yolov8n_downloaded,151,D:\profile\research\data\GM_RM017\GM_RM017_frames\000151.png,GM_RM017_000151_ultralytics_yolov8n_downloaded_003,car,0.388637275,0.049,309.589,51.326,351.760,2162.373,true,ultralytics_yolov8n,D:\models\ultralytics\yolov8n.pt,backend_status=available; plug-in detection row only
GM_RM017,ultralytics_yolov8n_downloaded,152,D:\profile\research\data\GM_RM017\GM_RM017_frames\000152.png,GM_RM017_000152_ultralytics_yolov8n_downloaded_001,car,0.880553067,0.674,314.666,239.202,406.353,21869.811,true,ultralytics_yolov8n,D:\models\ultralytics\yolov8n.pt,backend_status=available; plug-in detection row only
GM_RM017,ultralytics_yolov8n_downloaded,152,D:\profile\research\data\GM_RM017\GM_RM017_frames\000152.png,GM_RM017_000152_ultralytics_yolov8n_downloaded_002,truck,0.770495296,478.728,216.878,610.869,376.770,21128.250,true,ultralytics_yolov8n,D:\models\ultralytics\yolov8n.pt,backend_status=available; plug-in detection row only
GM_RM017,ultralytics_yolov8n_downloaded,152,D:\profile\research\data\GM_RM017\GM_RM017_frames\000152.png,GM_RM017_000152_ultralytics_yolov8n_downloaded_003,car,0.288726121,0.386,307.333,65.876,347.762,2647.689,true,ultralytics_yolov8n,D:\models\ultralytics\yolov8n.pt,backend_status=available; plug-in detection row only
GM_RM017,ultralytics_yolov8n_downloaded,153,D:\profile\research\data\GM_RM017\GM_RM017_frames\000153.png,GM_RM017_000153_ultralytics_yolov8n_downloaded_001,car,0.870593071,0.964,313.935,262.650,406.713,24278.625,true,ultralytics_yolov8n,D:\models\ultralytics\yolov8n.pt,backend_status=available; plug-in detection row only
GM_RM017,ultralytics_yolov8n_downloaded,153,D:\profile\research\data\GM_RM017\GM_RM017_frames\000153.png,GM_RM017_000153_ultralytics_yolov8n_downloaded_002,truck,0.703062117,502.549,213.763,635.059,373.923,21222.929,true,ultralytics_yolov8n,D:\models\ultralytics\yolov8n.pt,backend_status=available; plug-in detection row only
GM_RM017,ultralytics_yolov8n_downloaded,153,D:\profile\research\data\GM_RM017\GM_RM017_frames\000153.png,GM_RM017_000153_ultralytics_yolov8n_downloaded_003,car,0.405439287,0.148,307.791,84.857,371.673,5411.345,true,ultralytics_yolov8n,D:\models\ultralytics\yolov8n.pt,backend_status=available; plug-in detection row only
GM_RM017,ultralytics_yolov8n_downloaded,154,D:\profile\research\data\GM_RM017\GM_RM017_frames\000154.png,GM_RM017_000154_ultralytics_yolov8n_downloaded_001,car,0.888087749,22.049,314.969,282.705,407.007,23990.279,true,ultralytics_yolov8n,D:\models\ultralytics\yolov8n.pt,backend_status=available; plug-in detection row only
GM_RM017,ultralytics_yolov8n_downloaded,154,D:\profile\research\data\GM_RM017\GM_RM017_frames\000154.png,GM_RM017_000154_ultralytics_yolov8n_downloaded_002,truck,0.820237696,517.622,212.565,661.270,377.064,23630.015,true,ultralytics_yolov8n,D:\models\ultralytics\yolov8n.pt,backend_status=available; plug-in detection row only
GM_RM017,ultralytics_yolov8n_downloaded,154,D:\profile\research\data\GM_RM017\GM_RM017_frames\000154.png,GM_RM017_000154_ultralytics_yolov8n_downloaded_003,car,0.747714520,0.279,308.433,104.256,390.689,8552.751,true,ultralytics_yolov8n,D:\models\ultralytics\yolov8n.pt,backend_status=available; plug-in detection row only
GM_RM017,ultralytics_yolov8n_downloaded,155,D:\profile\research\data\GM_RM017\GM_RM017_frames\000155.png,GM_RM017_000155_ultralytics_yolov8n_downloaded_001,car,0.851714432,43.353,317.918,307.133,408.887,23995.671,true,ultralytics_yolov8n,D:\models\ultralytics\yolov8n.pt,backend_status=available; plug-in detection row only
GM_RM017,ultralytics_yolov8n_downloaded,155,D:\profile\research\data\GM_RM017\GM_RM017_frames\000155.png,GM_RM017_000155_ultralytics_yolov8n_downloaded_002,car,0.763363898,0.081,310.931,130.829,395.113,11006.662,true,ultralytics_yolov8n,D:\models\ultralytics\yolov8n.pt,backend_status=available; plug-in detection row only
GM_RM017,ultralytics_yolov8n_downloaded,155,D:\profile\research\data\GM_RM017\GM_RM017_frames\000155.png,GM_RM017_000155_ultralytics_yolov8n_downloaded_003,truck,0.680263698,534.139,216.226,686.041,380.008,24878.926,true,ultralytics_yolov8n,D:\models\ultralytics\yolov8n.pt,backend_status=available; plug-in detection row only
GM_RM017,ultralytics_yolov8n_downloaded,156,D:\profile\research\data\GM_RM017\GM_RM017_frames\000156.png,GM_RM017_000156_ultralytics_yolov8n_downloaded_001,car,0.885105789,64.513,316.403,329.632,408.872,24515.296,true,ultralytics_yolov8n,D:\models\ultralytics\yolov8n.pt,backend_status=available; plug-in detection row only
GM_RM017,ultralytics_yolov8n_downloaded,156,D:\profile\research\data\GM_RM017\GM_RM017_frames\000156.png,GM_RM017_000156_ultralytics_yolov8n_downloaded_002,car,0.840721548,0.403,309.136,140.548,393.916,11881.465,true,ultralytics_yolov8n,D:\models\ultralytics\yolov8n.pt,backend_status=available; plug-in detection row only
GM_RM017,ultralytics_yolov8n_downloaded,156,D:\profile\research\data\GM_RM017\GM_RM017_frames\000156.png,GM_RM017_000156_ultralytics_yolov8n_downloaded_003,truck,0.781277657,551.219,213.281,714.669,380.580,27344.932,true,ultralytics_yolov8n,D:\models\ultralytics\yolov8n.pt,backend_status=available; plug-in detection row only
GM_RM017,ultralytics_yolov8n_downloaded,157,D:\profile\research\data\GM_RM017\GM_RM017_frames\000157.png,GM_RM017_000157_ultralytics_yolov8n_downloaded_001,car,0.857320130,88.862,312.780,353.522,407.073,24955.671,true,ultralytics_yolov8n,D:\models\ultralytics\yolov8n.pt,backend_status=available; plug-in detection row only
GM_RM017,ultralytics_yolov8n_downloaded,157,D:\profile\research\data\GM_RM017\GM_RM017_frames\000157.png,GM_RM017_000157_ultralytics_yolov8n_downloaded_002,car,0.853688836,0.715,306.868,155.347,393.353,13373.369,true,ultralytics_yolov8n,D:\models\ultralytics\yolov8n.pt,backend_status=available; plug-in detection row only
GM_RM017,ultralytics_yolov8n_downloaded,157,D:\profile\research\data\GM_RM017\GM_RM017_frames\000157.png,GM_RM017_000157_ultralytics_yolov8n_downloaded_003,truck,0.851824880,568.640,208.241,738.861,374.752,28343.540,true,ultralytics_yolov8n,D:\models\ultralytics\yolov8n.pt,backend_status=available; plug-in detection row only
GM_RM017,ultralytics_yolov8n_downloaded,157,D:\profile\research\data\GM_RM017\GM_RM017_frames\000157.png,GM_RM017_000157_ultralytics_yolov8n_downloaded_004,fire hydrant,0.293681532,0.069,407.667,19.373,503.725,1854.328,false,ultralytics_yolov8n,D:\models\ultralytics\yolov8n.pt,backend_status=available; plug-in detection row only
GM_RM017,ultralytics_yolov8n_downloaded,158,D:\profile\research\data\GM_RM017\GM_RM017_frames\000158.png,GM_RM017_000158_ultralytics_yolov8n_downloaded_001,car,0.889243186,111.393,313.640,375.778,408.644,25117.687,true,ultralytics_yolov8n,D:\models\ultralytics\yolov8n.pt,backend_status=available; plug-in detection row only
GM_RM017,ultralytics_yolov8n_downloaded,158,D:\profile\research\data\GM_RM017\GM_RM017_frames\000158.png,GM_RM017_000158_ultralytics_yolov8n_downloaded_002,fire hydrant,0.854975879,17.992,417.440,65.314,503.677,4080.902,false,ultralytics_yolov8n,D:\models\ultralytics\yolov8n.pt,backend_status=available; plug-in detection row only
GM_RM017,ultralytics_yolov8n_downloaded,158,D:\profile\research\data\GM_RM017\GM_RM017_frames\000158.png,GM_RM017_000158_ultralytics_yolov8n_downloaded_003,car,0.837452292,0.000,307.385,170.834,394.147,14821.847,true,ultralytics_yolov8n,D:\models\ultralytics\yolov8n.pt,backend_status=available; plug-in detection row only
GM_RM017,ultralytics_yolov8n_downloaded,158,D:\profile\research\data\GM_RM017\GM_RM017_frames\000158.png,GM_RM017_000158_ultralytics_yolov8n_downloaded_004,truck,0.796250999,585.930,207.041,766.669,376.744,30671.934,true,ultralytics_yolov8n,D:\models\ultralytics\yolov8n.pt,backend_status=available; plug-in detection row only
GM_RM017,ultralytics_yolov8n_downloaded,159,D:\profile\research\data\GM_RM017\GM_RM017_frames\000159.png,GM_RM017_000159_ultralytics_yolov8n_downloaded_001,fire hydrant,0.900800109,61.377,418.398,108.104,503.330,3968.625,false,ultralytics_yolov8n,D:\models\ultralytics\yolov8n.pt,backend_status=available; plug-in detection row only
GM_RM017,ultralytics_yolov8n_downloaded,159,D:\profile\research\data\GM_RM017\GM_RM017_frames\000159.png,GM_RM017_000159_ultralytics_yolov8n_downloaded_002,car,0.875042975,0.432,306.644,187.540,394.795,16493.792,true,ultralytics_yolov8n,D:\models\ultralytics\yolov8n.pt,backend_status=available; plug-in detection row only
GM_RM017,ultralytics_yolov8n_downloaded,159,D:\profile\research\data\GM_RM017\GM_RM017_frames\000159.png,GM_RM017_000159_ultralytics_yolov8n_downloaded_003,car,0.870496631,133.152,311.774,399.580,408.125,25670.568,true,ultralytics_yolov8n,D:\models\ultralytics\yolov8n.pt,backend_status=available; plug-in detection row only
GM_RM017,ultralytics_yolov8n_downloaded,159,D:\profile\research\data\GM_RM017\GM_RM017_frames\000159.png,GM_RM017_000159_ultralytics_yolov8n_downloaded_004,truck,0.822248638,600.715,203.826,793.479,377.489,33475.945,true,ultralytics_yolov8n,D:\models\ultralytics\yolov8n.pt,backend_status=available; plug-in detection row only
GM_RM017,ultralytics_yolov8n_downloaded,159,D:\profile\research\data\GM_RM017\GM_RM017_frames\000159.png,GM_RM017_000159_ultralytics_yolov8n_downloaded_005,potted plant,0.416116863,516.692,318.365,573.496,401.327,4712.544,false,ultralytics_yolov8n,D:\models\ultralytics\yolov8n.pt,backend_status=available; plug-in detection row only
GM_RM017,ultralytics_yolov8n_downloaded,160,D:\profile\research\data\GM_RM017\GM_RM017_frames\000160.png,GM_RM017_000160_ultralytics_yolov8n_downloaded_001,fire hydrant,0.924606383,104.241,412.870,151.185,503.502,4254.572,false,ultralytics_yolov8n,D:\models\ultralytics\yolov8n.pt,backend_status=available; plug-in detection row only
GM_RM017,ultralytics_yolov8n_downloaded,160,D:\profile\research\data\GM_RM017\GM_RM017_frames\000160.png,GM_RM017_000160_ultralytics_yolov8n_downloaded_002,car,0.899764538,0.402,305.553,204.801,398.046,18905.455,true,ultralytics_yolov8n,D:\models\ultralytics\yolov8n.pt,backend_status=available; plug-in detection row only
GM_RM017,ultralytics_yolov8n_downloaded,160,D:\profile\research\data\GM_RM017\GM_RM017_frames\000160.png,GM_RM017_000160_ultralytics_yolov8n_downloaded_003,car,0.879175365,155.223,312.188,422.742,407.513,25501.256,true,ultralytics_yolov8n,D:\models\ultralytics\yolov8n.pt,backend_status=available; plug-in detection row only
GM_RM017,ultralytics_yolov8n_downloaded,160,D:\profile\research\data\GM_RM017\GM_RM017_frames\000160.png,GM_RM017_000160_ultralytics_yolov8n_downloaded_004,truck,0.556614697,616.301,202.517,799.484,375.625,31710.609,true,ultralytics_yolov8n,D:\models\ultralytics\yolov8n.pt,backend_status=available; plug-in detection row only
GM_RM017,ultralytics_yolov8n_downloaded,160,D:\profile\research\data\GM_RM017\GM_RM017_frames\000160.png,GM_RM017_000160_ultralytics_yolov8n_downloaded_005,potted plant,0.413906693,554.770,322.189,605.231,399.711,3911.853,false,ultralytics_yolov8n,D:\models\ultralytics\yolov8n.pt,backend_status=available; plug-in detection row only
GM_RM017,ultralytics_yolov8n_downloaded,161,D:\profile\research\data\GM_RM017\GM_RM017_frames\000161.png,GM_RM017_000161_ultralytics_yolov8n_downloaded_001,fire hydrant,0.910278440,148.013,410.026,195.429,503.028,4409.754,false,ultralytics_yolov8n,D:\models\ultralytics\yolov8n.pt,backend_status=available; plug-in detection row only
GM_RM017,ultralytics_yolov8n_downloaded,161,D:\profile\research\data\GM_RM017\GM_RM017_frames\000161.png,GM_RM017_000161_ultralytics_yolov8n_downloaded_002,car,0.880051553,178.640,309.640,445.756,406.196,25791.577,true,ultralytics_yolov8n,D:\models\ultralytics\yolov8n.pt,backend_status=available; plug-in detection row only
GM_RM017,ultralytics_yolov8n_downloaded,161,D:\profile\research\data\GM_RM017\GM_RM017_frames\000161.png,GM_RM017_000161_ultralytics_yolov8n_downloaded_003,car,0.862818420,3.853,304.581,223.584,396.331,20160.485,true,ultralytics_yolov8n,D:\models\ultralytics\yolov8n.pt,backend_status=available; plug-in detection row only
GM_RM017,ultralytics_yolov8n_downloaded,161,D:\profile\research\data\GM_RM017\GM_RM017_frames\000161.png,GM_RM017_000161_ultralytics_yolov8n_downloaded_004,truck,0.747622788,632.919,202.400,799.538,374.654,28700.913,true,ultralytics_yolov8n,D:\models\ultralytics\yolov8n.pt,backend_status=available; plug-in detection row only
GM_RM017,ultralytics_yolov8n_downloaded,161,D:\profile\research\data\GM_RM017\GM_RM017_frames\000161.png,GM_RM017_000161_ultralytics_yolov8n_downloaded_005,car,0.441832691,0.063,328.511,49.411,383.499,2713.502,true,ultralytics_yolov8n,D:\models\ultralytics\yolov8n.pt,backend_status=available; plug-in detection row only
GM_RM017,ultralytics_yolov8n_downloaded,161,D:\profile\research\data\GM_RM017\GM_RM017_frames\000161.png,GM_RM017_000161_ultralytics_yolov8n_downloaded_006,potted plant,0.423235714,586.202,320.558,636.246,399.069,3928.960,false,ultralytics_yolov8n,D:\models\ultralytics\yolov8n.pt,backend_status=available; plug-in detection row only
GM_RM017,ultralytics_yolov8n_downloaded,162,D:\profile\research\data\GM_RM017\GM_RM017_frames\000162.png,GM_RM017_000162_ultralytics_yolov8n_downloaded_001,car,0.886902273,20.840,302.318,238.816,393.936,19970.459,true,ultralytics_yolov8n,D:\models\ultralytics\yolov8n.pt,backend_status=available; plug-in detection row only
GM_RM017,ultralytics_yolov8n_downloaded,162,D:\profile\research\data\GM_RM017\GM_RM017_frames\000162.png,GM_RM017_000162_ultralytics_yolov8n_downloaded_002,car,0.883334756,201.157,306.827,471.421,404.906,26507.178,true,ultralytics_yolov8n,D:\models\ultralytics\yolov8n.pt,backend_status=available; plug-in detection row only
GM_RM017,ultralytics_yolov8n_downloaded,162,D:\profile\research\data\GM_RM017\GM_RM017_frames\000162.png,GM_RM017_000162_ultralytics_yolov8n_downloaded_003,fire hydrant,0.869286597,193.721,408.985,241.307,502.220,4436.727,false,ultralytics_yolov8n,D:\models\ultralytics\yolov8n.pt,backend_status=available; plug-in detection row only
GM_RM017,ultralytics_yolov8n_downloaded,162,D:\profile\research\data\GM_RM017\GM_RM017_frames\000162.png,GM_RM017_000162_ultralytics_yolov8n_downloaded_004,car,0.607009053,0.048,327.010,65.754,379.202,3429.340,true,ultralytics_yolov8n,D:\models\ultralytics\yolov8n.pt,backend_status=available; plug-in detection row only
GM_RM017,ultralytics_yolov8n_downloaded,162,D:\profile\research\data\GM_RM017\GM_RM017_frames\000162.png,GM_RM017_000162_ultralytics_yolov8n_downloaded_005,truck,0.590005457,649.137,201.939,799.656,367.817,24967.733,true,ultralytics_yolov8n,D:\models\ultralytics\yolov8n.pt,backend_status=available; plug-in detection row only
GM_RM017,ultralytics_yolov8n_downloaded,163,D:\profile\research\data\GM_RM017\GM_RM017_frames\000163.png,GM_RM017_000163_ultralytics_yolov8n_downloaded_001,fire hydrant,0.904824376,240.233,408.366,288.590,502.227,4538.800,false,ultralytics_yolov8n,D:\models\ultralytics\yolov8n.pt,backend_status=available; plug-in detection row only
GM_RM017,ultralytics_yolov8n_downloaded,163,D:\profile\research\data\GM_RM017\GM_RM017_frames\000163.png,GM_RM017_000163_ultralytics_yolov8n_downloaded_002,car,0.898808718,37.371,300.604,255.809,393.915,20382.757,true,ultralytics_yolov8n,D:\models\ultralytics\yolov8n.pt,backend_status=available; plug-in detection row only
GM_RM017,ultralytics_yolov8n_downloaded,163,D:\profile\research\data\GM_RM017\GM_RM017_frames\000163.png,GM_RM017_000163_ultralytics_yolov8n_downloaded_003,car,0.882664442,223.296,307.005,494.451,403.808,26248.682,true,ultralytics_yolov8n,D:\models\ultralytics\yolov8n.pt,backend_status=available; plug-in detection row only
GM_RM017,ultralytics_yolov8n_downloaded,163,D:\profile\research\data\GM_RM017\GM_RM017_frames\000163.png,GM_RM017_000163_ultralytics_yolov8n_downloaded_004,truck,0.701332867,665.201,202.963,799.549,369.157,22327.902,true,ultralytics_yolov8n,D:\models\ultralytics\yolov8n.pt,backend_status=available; plug-in detection row only
GM_RM017,ultralytics_yolov8n_downloaded,163,D:\profile\research\data\GM_RM017\GM_RM017_frames\000163.png,GM_RM017_000163_ultralytics_yolov8n_downloaded_005,car,0.551504135,0.110,325.439,85.621,379.284,4604.312,true,ultralytics_yolov8n,D:\models\ultralytics\yolov8n.pt,backend_status=available; plug-in detection row only
GM_RM017,ultralytics_yolov8n_downloaded,163,D:\profile\research\data\GM_RM017\GM_RM017_frames\000163.png,GM_RM017_000163_ultralytics_yolov8n_downloaded_006,car,0.457382828,0.000,326.511,59.209,377.273,3005.577,true,ultralytics_yolov8n,D:\models\ultralytics\yolov8n.pt,backend_status=available; plug-in detection row only
GM_RM017,ultralytics_yolov8n_downloaded,164,D:\profile\research\data\GM_RM017\GM_RM017_frames\000164.png,GM_RM017_000164_ultralytics_yolov8n_downloaded_001,fire hydrant,0.918506622,287.588,408.466,336.898,502.147,4619.367,false,ultralytics_yolov8n,D:\models\ultralytics\yolov8n.pt,backend_status=available; plug-in detection row only
GM_RM017,ultralytics_yolov8n_downloaded,164,D:\profile\research\data\GM_RM017\GM_RM017_frames\000164.png,GM_RM017_000164_ultralytics_yolov8n_downloaded_002,car,0.878516972,244.491,305.024,519.447,403.069,26958.262,true,ultralytics_yolov8n,D:\models\ultralytics\yolov8n.pt,backend_status=available; plug-in detection row only
GM_RM017,ultralytics_yolov8n_downloaded,164,D:\profile\research\data\GM_RM017\GM_RM017_frames\000164.png,GM_RM017_000164_ultralytics_yolov8n_downloaded_003,car,0.874117970,53.174,301.469,270.718,391.754,19640.822,true,ultralytics_yolov8n,D:\models\ultralytics\yolov8n.pt,backend_status=available; plug-in detection row only
GM_RM017,ultralytics_yolov8n_downloaded,164,D:\profile\research\data\GM_RM017\GM_RM017_frames\000164.png,GM_RM017_000164_ultralytics_yolov8n_downloaded_004,car,0.441174239,0.199,325.275,101.925,382.246,5795.384,true,ultralytics_yolov8n,D:\models\ultralytics\yolov8n.pt,backend_status=available; plug-in detection row only
GM_RM017,ultralytics_yolov8n_downloaded,164,D:\profile\research\data\GM_RM017\GM_RM017_frames\000164.png,GM_RM017_000164_ultralytics_yolov8n_downloaded_005,potted plant,0.387891382,562.864,325.899,619.392,411.095,4815.930,false,ultralytics_yolov8n,D:\models\ultralytics\yolov8n.pt,backend_status=available; plug-in detection row only
GM_RM017,ultralytics_yolov8n_downloaded,164,D:\profile\research\data\GM_RM017\GM_RM017_frames\000164.png,GM_RM017_000164_ultralytics_yolov8n_downloaded_006,car,0.275960594,0.515,324.532,100.840,357.945,3352.200,true,ultralytics_yolov8n,D:\models\ultralytics\yolov8n.pt,backend_status=available; plug-in detection row only
GM_RM017,ultralytics_yolov8n_downloaded,165,D:\profile\research\data\GM_RM017\GM_RM017_frames\000165.png,GM_RM017_000165_ultralytics_yolov8n_downloaded_001,car,0.887876391,69.704,300.637,289.579,394.100,20550.230,true,ultralytics_yolov8n,D:\models\ultralytics\yolov8n.pt,backend_status=available; plug-in detection row only
GM_RM017,ultralytics_yolov8n_downloaded,165,D:\profile\research\data\GM_RM017\GM_RM017_frames\000165.png,GM_RM017_000165_ultralytics_yolov8n_downloaded_002,car,0.883468270,267.710,304.425,546.081,403.118,27473.376,true,ultralytics_yolov8n,D:\models\ultralytics\yolov8n.pt,backend_status=available; plug-in detection row only
GM_RM017,ultralytics_yolov8n_downloaded,165,D:\profile\research\data\GM_RM017\GM_RM017_frames\000165.png,GM_RM017_000165_ultralytics_yolov8n_downloaded_003,fire hydrant,0.861622274,337.707,407.012,387.381,503.732,4804.401,false,ultralytics_yolov8n,D:\models\ultralytics\yolov8n.pt,backend_status=available; plug-in detection row only
GM_RM017,ultralytics_yolov8n_downloaded,165,D:\profile\research\data\GM_RM017\GM_RM017_frames\000165.png,GM_RM017_000165_ultralytics_yolov8n_downloaded_004,car,0.575017154,0.267,324.580,114.478,381.785,6533.428,true,ultralytics_yolov8n,D:\models\ultralytics\yolov8n.pt,backend_status=available; plug-in detection row only
GM_RM017,ultralytics_yolov8n_downloaded,165,D:\profile\research\data\GM_RM017\GM_RM017_frames\000165.png,GM_RM017_000165_ultralytics_yolov8n_downloaded_005,potted plant,0.447978348,584.953,319.155,656.249,411.557,6587.863,false,ultralytics_yolov8n,D:\models\ultralytics\yolov8n.pt,backend_status=available; plug-in detection row only
GM_RM017,ultralytics_yolov8n_downloaded,165,D:\profile\research\data\GM_RM017\GM_RM017_frames\000165.png,GM_RM017_000165_ultralytics_yolov8n_downloaded_006,potted plant,0.306470096,704.471,322.350,764.346,398.244,4544.144,false,ultralytics_yolov8n,D:\models\ultralytics\yolov8n.pt,backend_status=available; plug-in detection row only
GM_RM017,ultralytics_yolov8n_downloaded,165,D:\profile\research\data\GM_RM017\GM_RM017_frames\000165.png,GM_RM017_000165_ultralytics_yolov8n_downloaded_007,car,0.277387232,0.639,324.747,115.154,356.322,3615.852,true,ultralytics_yolov8n,D:\models\ultralytics\yolov8n.pt,backend_status=available; plug-in detection row only
GM_RM017,ultralytics_yolov8n_downloaded,166,D:\profile\research\data\GM_RM017\GM_RM017_frames\000166.png,GM_RM017_000166_ultralytics_yolov8n_downloaded_001,fire hydrant,0.926722229,390.165,406.944,438.371,502.814,4621.507,false,ultralytics_yolov8n,D:\models\ultralytics\yolov8n.pt,backend_status=available; plug-in detection row only
GM_RM017,ultralytics_yolov8n_downloaded,166,D:\profile\research\data\GM_RM017\GM_RM017_frames\000166.png,GM_RM017_000166_ultralytics_yolov8n_downloaded_002,car,0.887344897,291.393,304.112,573.242,403.487,28008.957,true,ultralytics_yolov8n,D:\models\ultralytics\yolov8n.pt,backend_status=available; plug-in detection row only
GM_RM017,ultralytics_yolov8n_downloaded,166,D:\profile\research\data\GM_RM017\GM_RM017_frames\000166.png,GM_RM017_000166_ultralytics_yolov8n_downloaded_003,car,0.856281221,86.415,298.792,308.149,391.413,20537.209,true,ultralytics_yolov8n,D:\models\ultralytics\yolov8n.pt,backend_status=available; plug-in detection row only
GM_RM017,ultralytics_yolov8n_downloaded,166,D:\profile\research\data\GM_RM017\GM_RM017_frames\000166.png,GM_RM017_000166_ultralytics_yolov8n_downloaded_004,car,0.622129321,1.127,323.037,133.191,383.720,8014.051,true,ultralytics_yolov8n,D:\models\ultralytics\yolov8n.pt,backend_status=available; plug-in detection row only
GM_RM017,ultralytics_yolov8n_downloaded,167,D:\profile\research\data\GM_RM017\GM_RM017_frames\000167.png,GM_RM017_000167_ultralytics_yolov8n_downloaded_001,fire hydrant,0.891587019,441.342,406.627,491.046,503.577,4818.831,false,ultralytics_yolov8n,D:\models\ultralytics\yolov8n.pt,backend_status=available; plug-in detection row only
GM_RM017,ultralytics_yolov8n_downloaded,167,D:\profile\research\data\GM_RM017\GM_RM017_frames\000167.png,GM_RM017_000167_ultralytics_yolov8n_downloaded_002,car,0.881817579,101.352,297.246,325.641,389.336,20654.823,true,ultralytics_yolov8n,D:\models\ultralytics\yolov8n.pt,backend_status=available; plug-in detection row only
GM_RM017,ultralytics_yolov8n_downloaded,167,D:\profile\research\data\GM_RM017\GM_RM017_frames\000167.png,GM_RM017_000167_ultralytics_yolov8n_downloaded_003,car,0.875873268,315.083,302.027,600.899,401.572,28451.663,true,ultralytics_yolov8n,D:\models\ultralytics\yolov8n.pt,backend_status=available; plug-in detection row only
GM_RM017,ultralytics_yolov8n_downloaded,167,D:\profile\research\data\GM_RM017\GM_RM017_frames\000167.png,GM_RM017_000167_ultralytics_yolov8n_downloaded_004,car,0.870335519,0.000,320.955,148.259,382.983,9196.199,true,ultralytics_yolov8n,D:\models\ultralytics\yolov8n.pt,backend_status=available; plug-in detection row only
GM_RM017,ultralytics_yolov8n_downloaded,167,D:\profile\research\data\GM_RM017\GM_RM017_frames\000167.png,GM_RM017_000167_ultralytics_yolov8n_downloaded_005,potted plant,0.254467547,637.217,319.596,721.573,409.669,7598.261,false,ultralytics_yolov8n,D:\models\ultralytics\yolov8n.pt,backend_status=available; plug-in detection row only
GM_RM017,ultralytics_yolov8n_downloaded,168,D:\profile\research\data\GM_RM017\GM_RM017_frames\000168.png,GM_RM017_000168_ultralytics_yolov8n_downloaded_001,car,0.885025859,337.809,300.589,627.700,401.580,29276.158,true,ultralytics_yolov8n,D:\models\ultralytics\yolov8n.pt,backend_status=available; plug-in detection row only
GM_RM017,ultralytics_yolov8n_downloaded,168,D:\profile\research\data\GM_RM017\GM_RM017_frames\000168.png,GM_RM017_000168_ultralytics_yolov8n_downloaded_002,car,0.881487072,0.000,321.101,160.289,385.267,10285.045,true,ultralytics_yolov8n,D:\models\ultralytics\yolov8n.pt,backend_status=available; plug-in detection row only
GM_RM017,ultralytics_yolov8n_downloaded,168,D:\profile\research\data\GM_RM017\GM_RM017_frames\000168.png,GM_RM017_000168_ultralytics_yolov8n_downloaded_003,car,0.874377489,117.926,296.960,343.083,390.024,20954.261,true,ultralytics_yolov8n,D:\models\ultralytics\yolov8n.pt,backend_status=available; plug-in detection row only
GM_RM017,ultralytics_yolov8n_downloaded,168,D:\profile\research\data\GM_RM017\GM_RM017_frames\000168.png,GM_RM017_000168_ultralytics_yolov8n_downloaded_004,fire hydrant,0.860443115,492.504,403.458,546.567,503.485,5407.709,false,ultralytics_yolov8n,D:\models\ultralytics\yolov8n.pt,backend_status=available; plug-in detection row only
GM_RM017,ultralytics_yolov8n_downloaded,169,D:\profile\research\data\GM_RM017\GM_RM017_frames\000169.png,GM_RM017_000169_ultralytics_yolov8n_downloaded_001,car,0.900015891,364.669,296.566,655.615,399.587,29973.293,true,ultralytics_yolov8n,D:\models\ultralytics\yolov8n.pt,backend_status=available; plug-in detection row only
GM_RM017,ultralytics_yolov8n_downloaded,169,D:\profile\research\data\GM_RM017\GM_RM017_frames\000169.png,GM_RM017_000169_ultralytics_yolov8n_downloaded_002,car,0.884602726,11.604,318.486,177.483,382.261,10578.865,true,ultralytics_yolov8n,D:\models\ultralytics\yolov8n.pt,backend_status=available; plug-in detection row only
GM_RM017,ultralytics_yolov8n_downloaded,169,D:\profile\research\data\GM_RM017\GM_RM017_frames\000169.png,GM_RM017_000169_ultralytics_yolov8n_downloaded_003,fire hydrant,0.881998003,555.395,398.601,601.214,501.645,4721.339,false,ultralytics_yolov8n,D:\models\ultralytics\yolov8n.pt,backend_status=available; plug-in detection row only
GM_RM017,ultralytics_yolov8n_downloaded,169,D:\profile\research\data\GM_RM017\GM_RM017_frames\000169.png,GM_RM017_000169_ultralytics_yolov8n_downloaded_004,car,0.877689064,134.734,294.700,361.771,387.349,21034.687,true,ultralytics_yolov8n,D:\models\ultralytics\yolov8n.pt,backend_status=available; plug-in detection row only
GM_RM017,ultralytics_yolov8n_downloaded,169,D:\profile\research\data\GM_RM017\GM_RM017_frames\000169.png,GM_RM017_000169_ultralytics_yolov8n_downloaded_005,potted plant,0.428405285,694.638,307.527,798.378,406.372,10254.212,false,ultralytics_yolov8n,D:\models\ultralytics\yolov8n.pt,backend_status=available; plug-in detection row only
GM_RM017,ultralytics_yolov8n_downloaded,170,D:\profile\research\data\GM_RM017\GM_RM017_frames\000170.png,GM_RM017_000170_ultralytics_yolov8n_downloaded_001,car,0.909374595,25.581,318.217,193.336,381.835,10672.369,true,ultralytics_yolov8n,D:\models\ultralytics\yolov8n.pt,backend_status=available; plug-in detection row only
GM_RM017,ultralytics_yolov8n_downloaded,170,D:\profile\research\data\GM_RM017\GM_RM017_frames\000170.png,GM_RM017_000170_ultralytics_yolov8n_downloaded_002,car,0.871101022,158.828,292.141,381.399,389.145,21590.095,true,ultralytics_yolov8n,D:\models\ultralytics\yolov8n.pt,backend_status=available; plug-in detection row only
GM_RM017,ultralytics_yolov8n_downloaded,170,D:\profile\research\data\GM_RM017\GM_RM017_frames\000170.png,GM_RM017_000170_ultralytics_yolov8n_downloaded_003,car,0.866894186,389.355,295.056,684.967,398.639,30620.395,true,ultralytics_yolov8n,D:\models\ultralytics\yolov8n.pt,backend_status=available; plug-in detection row only
GM_RM017,ultralytics_yolov8n_downloaded,170,D:\profile\research\data\GM_RM017\GM_RM017_frames\000170.png,GM_RM017_000170_ultralytics_yolov8n_downloaded_004,fire hydrant,0.864434779,612.332,396.635,661.810,502.092,5217.779,false,ultralytics_yolov8n,D:\models\ultralytics\yolov8n.pt,backend_status=available; plug-in detection row only
GM_RM017,ultralytics_yolov8n_downloaded,171,D:\profile\research\data\GM_RM017\GM_RM017_frames\000171.png,GM_RM017_000171_ultralytics_yolov8n_downloaded_001,car,0.910513580,41.355,317.322,209.331,381.430,10768.542,true,ultralytics_yolov8n,D:\models\ultralytics\yolov8n.pt,backend_status=available; plug-in detection row only
GM_RM017,ultralytics_yolov8n_downloaded,171,D:\profile\research\data\GM_RM017\GM_RM017_frames\000171.png,GM_RM017_000171_ultralytics_yolov8n_downloaded_002,car,0.879029632,414.575,294.067,716.459,397.361,31182.637,true,ultralytics_yolov8n,D:\models\ultralytics\yolov8n.pt,backend_status=available; plug-in detection row only
GM_RM017,ultralytics_yolov8n_downloaded,171,D:\profile\research\data\GM_RM017\GM_RM017_frames\000171.png,GM_RM017_000171_ultralytics_yolov8n_downloaded_003,car,0.877242923,177.565,292.008,401.416,386.443,21139.529,true,ultralytics_yolov8n,D:\models\ultralytics\yolov8n.pt,backend_status=available; plug-in detection row only
GM_RM017,ultralytics_yolov8n_downloaded,171,D:\profile\research\data\GM_RM017\GM_RM017_frames\000171.png,GM_RM017_000171_ultralytics_yolov8n_downloaded_004,fire hydrant,0.841528594,670.617,395.637,722.099,501.740,5462.353,false,ultralytics_yolov8n,D:\models\ultralytics\yolov8n.pt,backend_status=available; plug-in detection row only
GM_RM017,ultralytics_yolov8n_downloaded,172,D:\profile\research\data\GM_RM017\GM_RM017_frames\000172.png,GM_RM017_000172_ultralytics_yolov8n_downloaded_001,car,0.905847311,55.526,317.953,224.993,382.091,10869.344,true,ultralytics_yolov8n,D:\models\ultralytics\yolov8n.pt,backend_status=available; plug-in detection row only
GM_RM017,ultralytics_yolov8n_downloaded,172,D:\profile\research\data\GM_RM017\GM_RM017_frames\000172.png,GM_RM017_000172_ultralytics_yolov8n_downloaded_002,car,0.884767890,439.136,292.515,746.043,397.917,32348.807,true,ultralytics_yolov8n,D:\models\ultralytics\yolov8n.pt,backend_status=available; plug-in detection row only
GM_RM017,ultralytics_yolov8n_downloaded,172,D:\profile\research\data\GM_RM017\GM_RM017_frames\000172.png,GM_RM017_000172_ultralytics_yolov8n_downloaded_003,car,0.882722735,195.894,291.030,421.670,387.643,21812.833,true,ultralytics_yolov8n,D:\models\ultralytics\yolov8n.pt,backend_status=available; plug-in detection row only
GM_RM017,ultralytics_yolov8n_downloaded,172,D:\profile\research\data\GM_RM017\GM_RM017_frames\000172.png,GM_RM017_000172_ultralytics_yolov8n_downloaded_004,fire hydrant,0.850209057,731.555,396.797,787.255,503.626,5950.336,false,ultralytics_yolov8n,D:\models\ultralytics\yolov8n.pt,backend_status=available; plug-in detection row only
GM_RM017,ultralytics_yolov8n_downloaded,173,D:\profile\research\data\GM_RM017\GM_RM017_frames\000173.png,GM_RM017_000173_ultralytics_yolov8n_downloaded_001,car,0.916733980,72.065,317.746,241.131,381.700,10812.334,true,ultralytics_yolov8n,D:\models\ultralytics\yolov8n.pt,backend_status=available; plug-in detection row only
GM_RM017,ultralytics_yolov8n_downloaded,173,D:\profile\research\data\GM_RM017\GM_RM017_frames\000173.png,GM_RM017_000173_ultralytics_yolov8n_downloaded_002,car,0.908030868,464.348,291.734,777.985,397.045,33029.510,true,ultralytics_yolov8n,D:\models\ultralytics\yolov8n.pt,backend_status=available; plug-in detection row only
GM_RM017,ultralytics_yolov8n_downloaded,173,D:\profile\research\data\GM_RM017\GM_RM017_frames\000173.png,GM_RM017_000173_ultralytics_yolov8n_downloaded_003,car,0.873302460,216.152,290.774,441.719,385.909,21459.411,true,ultralytics_yolov8n,D:\models\ultralytics\yolov8n.pt,backend_status=available; plug-in detection row only
GM_RM017,ultralytics_yolov8n_downloaded,174,D:\profile\research\data\GM_RM017\GM_RM017_frames\000174.png,GM_RM017_000174_ultralytics_yolov8n_downloaded_001,car,0.904486239,87.885,316.958,258.941,381.798,11091.160,true,ultralytics_yolov8n,D:\models\ultralytics\yolov8n.pt,backend_status=available; plug-in detection row only
GM_RM017,ultralytics_yolov8n_downloaded,174,D:\profile\research\data\GM_RM017\GM_RM017_frames\000174.png,GM_RM017_000174_ultralytics_yolov8n_downloaded_002,car,0.885555327,489.779,289.479,799.627,395.724,32919.731,true,ultralytics_yolov8n,D:\models\ultralytics\yolov8n.pt,backend_status=available; plug-in detection row only
GM_RM017,ultralytics_yolov8n_downloaded,174,D:\profile\research\data\GM_RM017\GM_RM017_frames\000174.png,GM_RM017_000174_ultralytics_yolov8n_downloaded_003,car,0.871055961,235.867,287.249,463.983,385.468,22405.435,true,ultralytics_yolov8n,D:\models\ultralytics\yolov8n.pt,backend_status=available; plug-in detection row only
GM_RM017,ultralytics_yolov8n_downloaded,175,D:\profile\research\data\GM_RM017\GM_RM017_frames\000175.png,GM_RM017_000175_ultralytics_yolov8n_downloaded_001,car,0.894119322,104.941,317.844,276.671,384.077,11374.283,true,ultralytics_yolov8n,D:\models\ultralytics\yolov8n.pt,backend_status=available; plug-in detection row only
GM_RM017,ultralytics_yolov8n_downloaded,175,D:\profile\research\data\GM_RM017\GM_RM017_frames\000175.png,GM_RM017_000175_ultralytics_yolov8n_downloaded_002,car,0.876278758,515.688,290.476,799.661,397.545,30404.669,true,ultralytics_yolov8n,D:\models\ultralytics\yolov8n.pt,backend_status=available; plug-in detection row only
GM_RM017,ultralytics_yolov8n_downloaded,175,D:\profile\research\data\GM_RM017\GM_RM017_frames\000175.png,GM_RM017_000175_ultralytics_yolov8n_downloaded_003,car,0.856064200,256.533,288.134,486.230,387.177,22750.037,true,ultralytics_yolov8n,D:\models\ultralytics\yolov8n.pt,backend_status=available; plug-in detection row only
GM_RM017,ultralytics_yolov8n_downloaded,176,D:\profile\research\data\GM_RM017\GM_RM017_frames\000176.png,GM_RM017_000176_ultralytics_yolov8n_downloaded_001,car,0.915141702,538.564,287.251,799.712,395.106,28166.129,true,ultralytics_yolov8n,D:\models\ultralytics\yolov8n.pt,backend_status=available; plug-in detection row only
GM_RM017,ultralytics_yolov8n_downloaded,176,D:\profile\research\data\GM_RM017\GM_RM017_frames\000176.png,GM_RM017_000176_ultralytics_yolov8n_downloaded_002,car,0.893565774,273.884,285.327,506.700,384.275,23036.722,true,ultralytics_yolov8n,D:\models\ultralytics\yolov8n.pt,backend_status=available; plug-in detection row only
GM_RM017,ultralytics_yolov8n_downloaded,176,D:\profile\research\data\GM_RM017\GM_RM017_frames\000176.png,GM_RM017_000176_ultralytics_yolov8n_downloaded_003,car,0.878703475,116.936,315.447,291.809,379.224,11152.972,true,ultralytics_yolov8n,D:\models\ultralytics\yolov8n.pt,backend_status=available; plug-in detection row only
GM_RM017,ultralytics_yolov8n_downloaded,177,D:\profile\research\data\GM_RM017\GM_RM017_frames\000177.png,GM_RM017_000177_ultralytics_yolov8n_downloaded_001,car,0.899310827,563.229,283.743,799.596,392.960,25815.069,true,ultralytics_yolov8n,D:\models\ultralytics\yolov8n.pt,backend_status=available; plug-in detection row only
GM_RM017,ultralytics_yolov8n_downloaded,177,D:\profile\research\data\GM_RM017\GM_RM017_frames\000177.png,GM_RM017_000177_ultralytics_yolov8n_downloaded_002,car,0.889767528,131.869,310.250,308.772,376.993,11806.978,true,ultralytics_yolov8n,D:\models\ultralytics\yolov8n.pt,backend_status=available; plug-in detection row only
GM_RM017,ultralytics_yolov8n_downloaded,177,D:\profile\research\data\GM_RM017\GM_RM017_frames\000177.png,GM_RM017_000177_ultralytics_yolov8n_downloaded_003,car,0.866384566,294.050,282.707,524.701,381.045,22681.820,true,ultralytics_yolov8n,D:\models\ultralytics\yolov8n.pt,backend_status=available; plug-in detection row only
GM_RM017,ultralytics_yolov8n_downloaded,178,D:\profile\research\data\GM_RM017\GM_RM017_frames\000178.png,GM_RM017_000178_ultralytics_yolov8n_downloaded_001,car,0.912676930,588.698,280.796,799.814,391.582,23388.695,true,ultralytics_yolov8n,D:\models\ultralytics\yolov8n.pt,backend_status=available; plug-in detection row only
GM_RM017,ultralytics_yolov8n_downloaded,178,D:\profile\research\data\GM_RM017\GM_RM017_frames\000178.png,GM_RM017_000178_ultralytics_yolov8n_downloaded_002,car,0.897026777,311.957,280.294,547.286,380.551,23593.324,true,ultralytics_yolov8n,D:\models\ultralytics\yolov8n.pt,backend_status=available; plug-in detection row only
GM_RM017,ultralytics_yolov8n_downloaded,178,D:\profile\research\data\GM_RM017\GM_RM017_frames\000178.png,GM_RM017_000178_ultralytics_yolov8n_downloaded_003,car,0.870238662,147.875,308.704,329.535,375.924,12211.164,true,ultralytics_yolov8n,D:\models\ultralytics\yolov8n.pt,backend_status=available; plug-in detection row only
GM_RM017,ultralytics_yolov8n_downloaded,179,D:\profile\research\data\GM_RM017\GM_RM017_frames\000179.png,GM_RM017_000179_ultralytics_yolov8n_downloaded_001,car,0.889876127,333.236,283.683,569.258,381.776,23152.213,true,ultralytics_yolov8n,D:\models\ultralytics\yolov8n.pt,backend_status=available; plug-in detection row only
GM_RM017,ultralytics_yolov8n_downloaded,179,D:\profile\research\data\GM_RM017\GM_RM017_frames\000179.png,GM_RM017_000179_ultralytics_yolov8n_downloaded_002,car,0.863102853,614.114,284.801,799.651,392.703,20019.665,true,ultralytics_yolov8n,D:\models\ultralytics\yolov8n.pt,backend_status=available; plug-in detection row only
GM_RM017,ultralytics_yolov8n_downloaded,179,D:\profile\research\data\GM_RM017\GM_RM017_frames\000179.png,GM_RM017_000179_ultralytics_yolov8n_downloaded_003,car,0.860769808,164.253,310.424,343.954,377.453,12045.235,true,ultralytics_yolov8n,D:\models\ultralytics\yolov8n.pt,backend_status=available; plug-in detection row only
GM_RM017,ultralytics_yolov8n_downloaded,180,D:\profile\research\data\GM_RM017\GM_RM017_frames\000180.png,GM_RM017_000180_ultralytics_yolov8n_downloaded_001,car,0.901075661,353.432,284.324,591.534,382.936,23479.750,true,ultralytics_yolov8n,D:\models\ultralytics\yolov8n.pt,backend_status=available; plug-in detection row only
GM_RM017,ultralytics_yolov8n_downloaded,180,D:\profile\research\data\GM_RM017\GM_RM017_frames\000180.png,GM_RM017_000180_ultralytics_yolov8n_downloaded_002,car,0.885836720,180.609,310.095,366.977,378.500,12748.543,true,ultralytics_yolov8n,D:\models\ultralytics\yolov8n.pt,backend_status=available; plug-in detection row only
GM_RM017,ultralytics_yolov8n_downloaded,180,D:\profile\research\data\GM_RM017\GM_RM017_frames\000180.png,GM_RM017_000180_ultralytics_yolov8n_downloaded_003,car,0.830555499,641.385,287.680,799.493,393.001,16652.224,true,ultralytics_yolov8n,D:\models\ultralytics\yolov8n.pt,backend_status=available; plug-in detection row only
GM_RM017,ultralytics_yolov8n_downloaded,180,D:\profile\research\data\GM_RM017\GM_RM017_frames\000180.png,GM_RM017_000180_ultralytics_yolov8n_downloaded_004,clock,0.521458089,0.000,58.949,37.030,142.220,3083.472,false,ultralytics_yolov8n,D:\models\ultralytics\yolov8n.pt,backend_status=available; plug-in detection row only
GM_RM017,ultralytics_yolov8n_downloaded,181,D:\profile\research\data\GM_RM017\GM_RM017_frames\000181.png,GM_RM017_000181_ultralytics_yolov8n_downloaded_001,car,0.881917596,196.500,310.652,384.269,379.884,12999.686,true,ultralytics_yolov8n,D:\models\ultralytics\yolov8n.pt,backend_status=available; plug-in detection row only
GM_RM017,ultralytics_yolov8n_downloaded,181,D:\profile\research\data\GM_RM017\GM_RM017_frames\000181.png,GM_RM017_000181_ultralytics_yolov8n_downloaded_002,car,0.878272414,373.724,282.413,614.981,382.532,24154.299,true,ultralytics_yolov8n,D:\models\ultralytics\yolov8n.pt,backend_status=available; plug-in detection row only
GM_RM017,ultralytics_yolov8n_downloaded,181,D:\profile\research\data\GM_RM017\GM_RM017_frames\000181.png,GM_RM017_000181_ultralytics_yolov8n_downloaded_003,car,0.821409702,667.977,291.108,799.786,392.031,13302.477,true,ultralytics_yolov8n,D:\models\ultralytics\yolov8n.pt,backend_status=available; plug-in detection row only
GM_RM017,ultralytics_yolov8n_downloaded,182,D:\profile\research\data\GM_RM017\GM_RM017_frames\000182.png,GM_RM017_000182_ultralytics_yolov8n_downloaded_001,car,0.892382979,211.307,313.652,404.500,381.021,13015.077,true,ultralytics_yolov8n,D:\models\ultralytics\yolov8n.pt,backend_status=available; plug-in detection row only
GM_RM017,ultralytics_yolov8n_downloaded,182,D:\profile\research\data\GM_RM017\GM_RM017_frames\000182.png,GM_RM017_000182_ultralytics_yolov8n_downloaded_002,car,0.879382849,393.195,283.213,638.698,384.681,24910.706,true,ultralytics_yolov8n,D:\models\ultralytics\yolov8n.pt,backend_status=available; plug-in detection row only
GM_RM017,ultralytics_yolov8n_downloaded,182,D:\profile\research\data\GM_RM017\GM_RM017_frames\000182.png,GM_RM017_000182_ultralytics_yolov8n_downloaded_003,car,0.778264165,695.591,299.578,799.674,394.016,9829.301,true,ultralytics_yolov8n,D:\models\ultralytics\yolov8n.pt,backend_status=available; plug-in detection row only
GM_RM017,ultralytics_yolov8n_downloaded,183,D:\profile\research\data\GM_RM017\GM_RM017_frames\000183.png,GM_RM017_000183_ultralytics_yolov8n_downloaded_001,car,0.903848529,228.468,313.733,423.469,380.576,13034.507,true,ultralytics_yolov8n,D:\models\ultralytics\yolov8n.pt,backend_status=available; plug-in detection row only
GM_RM017,ultralytics_yolov8n_downloaded,183,D:\profile\research\data\GM_RM017\GM_RM017_frames\000183.png,GM_RM017_000183_ultralytics_yolov8n_downloaded_002,car,0.903801858,416.031,282.812,662.718,384.132,24994.442,true,ultralytics_yolov8n,D:\models\ultralytics\yolov8n.pt,backend_status=available; plug-in detection row only
GM_RM017,ultralytics_yolov8n_downloaded,183,D:\profile\research\data\GM_RM017\GM_RM017_frames\000183.png,GM_RM017_000183_ultralytics_yolov8n_downloaded_003,car,0.784186363,723.566,317.240,799.711,382.668,4982.037,true,ultralytics_yolov8n,D:\models\ultralytics\yolov8n.pt,backend_status=available; plug-in detection row only
GM_RM017,ultralytics_yolov8n_downloaded,184,D:\profile\research\data\GM_RM017\GM_RM017_frames\000184.png,GM_RM017_000184_ultralytics_yolov8n_downloaded_001,car,0.900717080,245.153,313.117,442.407,380.822,13354.969,true,ultralytics_yolov8n,D:\models\ultralytics\yolov8n.pt,backend_status=available; plug-in detection row only
GM_RM017,ultralytics_yolov8n_downloaded,184,D:\profile\research\data\GM_RM017\GM_RM017_frames\000184.png,GM_RM017_000184_ultralytics_yolov8n_downloaded_002,car,0.887768149,435.568,280.403,685.552,384.194,25945.860,true,ultralytics_yolov8n,D:\models\ultralytics\yolov8n.pt,backend_status=available; plug-in detection row only
GM_RM017,ultralytics_yolov8n_downloaded,184,D:\profile\research\data\GM_RM017\GM_RM017_frames\000184.png,GM_RM017_000184_ultralytics_yolov8n_downloaded_003,car,0.689331770,751.022,318.660,799.622,374.938,2735.074,true,ultralytics_yolov8n,D:\models\ultralytics\yolov8n.pt,backend_status=available; plug-in detection row only
GM_RM017,ultralytics_yolov8n_downloaded,184,D:\profile\research\data\GM_RM017\GM_RM017_frames\000184.png,GM_RM017_000184_ultralytics_yolov8n_downloaded_004,clock,0.265482306,138.960,30.343,208.352,135.811,7318.672,false,ultralytics_yolov8n,D:\models\ultralytics\yolov8n.pt,backend_status=available; plug-in detection row only
GM_RM017,ultralytics_yolov8n_downloaded,185,D:\profile\research\data\GM_RM017\GM_RM017_frames\000185.png,GM_RM017_000185_ultralytics_yolov8n_downloaded_001,car,0.895026982,263.615,311.145,462.500,380.255,13745.051,true,ultralytics_yolov8n,D:\models\ultralytics\yolov8n.pt,backend_status=available; plug-in detection row only
GM_RM017,ultralytics_yolov8n_downloaded,185,D:\profile\research\data\GM_RM017\GM_RM017_frames\000185.png,GM_RM017_000185_ultralytics_yolov8n_downloaded_002,car,0.865082741,458.041,276.234,708.729,380.989,26260.941,true,ultralytics_yolov8n,D:\models\ultralytics\yolov8n.pt,backend_status=available; plug-in detection row only
GM_RM017,ultralytics_yolov8n_downloaded,185,D:\profile\research\data\GM_RM017\GM_RM017_frames\000185.png,GM_RM017_000185_ultralytics_yolov8n_downloaded_003,car,0.658652723,778.198,321.019,799.656,366.694,980.083,true,ultralytics_yolov8n,D:\models\ultralytics\yolov8n.pt,backend_status=available; plug-in detection row only
GM_RM017,ultralytics_yolov8n_downloaded,185,D:\profile\research\data\GM_RM017\GM_RM017_frames\000185.png,GM_RM017_000185_ultralytics_yolov8n_downloaded_004,fire hydrant,0.377734780,97.202,480.354,176.706,599.637,9483.580,false,ultralytics_yolov8n,D:\models\ultralytics\yolov8n.pt,backend_status=available; plug-in detection row only
GM_RM017,ultralytics_yolov8n_downloaded,186,D:\profile\research\data\GM_RM017\GM_RM017_frames\000186.png,GM_RM017_000186_ultralytics_yolov8n_downloaded_001,car,0.904218793,477.530,277.862,733.560,383.480,27041.257,true,ultralytics_yolov8n,D:\models\ultralytics\yolov8n.pt,backend_status=available; plug-in detection row only
GM_RM017,ultralytics_yolov8n_downloaded,186,D:\profile\research\data\GM_RM017\GM_RM017_frames\000186.png,GM_RM017_000186_ultralytics_yolov8n_downloaded_002,car,0.849580407,313.086,312.049,482.099,377.625,11083.264,true,ultralytics_yolov8n,D:\models\ultralytics\yolov8n.pt,backend_status=available; plug-in detection row only
GM_RM017,ultralytics_yolov8n_downloaded,186,D:\profile\research\data\GM_RM017\GM_RM017_frames\000186.png,GM_RM017_000186_ultralytics_yolov8n_downloaded_003,fire hydrant,0.501918316,243.117,484.166,321.779,599.240,9051.911,false,ultralytics_yolov8n,D:\models\ultralytics\yolov8n.pt,backend_status=available; plug-in detection row only
GM_RM017,ultralytics_yolov8n_downloaded,187,D:\profile\research\data\GM_RM017\GM_RM017_frames\000187.png,GM_RM017_000187_ultralytics_yolov8n_downloaded_001,car,0.892611265,500.107,277.311,759.189,383.499,27511.183,true,ultralytics_yolov8n,D:\models\ultralytics\yolov8n.pt,backend_status=available; plug-in detection row only
GM_RM017,ultralytics_yolov8n_downloaded,187,D:\profile\research\data\GM_RM017\GM_RM017_frames\000187.png,GM_RM017_000187_ultralytics_yolov8n_downloaded_002,car,0.888908684,293.898,312.662,500.831,382.431,14437.406,true,ultralytics_yolov8n,D:\models\ultralytics\yolov8n.pt,backend_status=available; plug-in detection row only
GM_RM017,ultralytics_yolov8n_downloaded,188,D:\profile\research\data\GM_RM017\GM_RM017_frames\000188.png,GM_RM017_000188_ultralytics_yolov8n_downloaded_001,car,0.899507284,522.992,276.307,785.116,383.548,28110.391,true,ultralytics_yolov8n,D:\models\ultralytics\yolov8n.pt,backend_status=available; plug-in detection row only
GM_RM017,ultralytics_yolov8n_downloaded,188,D:\profile\research\data\GM_RM017\GM_RM017_frames\000188.png,GM_RM017_000188_ultralytics_yolov8n_downloaded_002,car,0.848567903,310.622,312.574,520.031,380.179,14157.013,true,ultralytics_yolov8n,D:\models\ultralytics\yolov8n.pt,backend_status=available; plug-in detection row only
GM_RM017,ultralytics_yolov8n_downloaded,189,D:\profile\research\data\GM_RM017\GM_RM017_frames\000189.png,GM_RM017_000189_ultralytics_yolov8n_downloaded_001,car,0.899895906,543.629,274.978,799.632,380.531,27021.983,true,ultralytics_yolov8n,D:\models\ultralytics\yolov8n.pt,backend_status=available; plug-in detection row only
GM_RM017,ultralytics_yolov8n_downloaded,189,D:\profile\research\data\GM_RM017\GM_RM017_frames\000189.png,GM_RM017_000189_ultralytics_yolov8n_downloaded_002,car,0.890705287,328.125,310.239,538.481,379.810,14634.724,true,ultralytics_yolov8n,D:\models\ultralytics\yolov8n.pt,backend_status=available; plug-in detection row only
GM_RM017,ultralytics_yolov8n_downloaded,190,D:\profile\research\data\GM_RM017\GM_RM017_frames\000190.png,GM_RM017_000190_ultralytics_yolov8n_downloaded_001,car,0.899837196,564.772,273.837,800.000,380.346,25053.858,true,ultralytics_yolov8n,D:\models\ultralytics\yolov8n.pt,backend_status=available; plug-in detection row only
GM_RM017,ultralytics_yolov8n_downloaded,190,D:\profile\research\data\GM_RM017\GM_RM017_frames\000190.png,GM_RM017_000190_ultralytics_yolov8n_downloaded_002,car,0.788237154,344.815,308.832,556.933,380.312,15162.203,true,ultralytics_yolov8n,D:\models\ultralytics\yolov8n.pt,backend_status=available; plug-in detection row only
GM_RM017,ultralytics_yolov8n_downloaded,191,D:\profile\research\data\GM_RM017\GM_RM017_frames\000191.png,GM_RM017_000191_ultralytics_yolov8n_downloaded_001,car,0.891214192,588.009,271.903,799.867,380.800,23070.770,true,ultralytics_yolov8n,D:\models\ultralytics\yolov8n.pt,backend_status=available; plug-in detection row only
GM_RM017,ultralytics_yolov8n_downloaded,191,D:\profile\research\data\GM_RM017\GM_RM017_frames\000191.png,GM_RM017_000191_ultralytics_yolov8n_downloaded_002,car,0.879916310,361.116,308.422,556.304,379.207,13816.497,true,ultralytics_yolov8n,D:\models\ultralytics\yolov8n.pt,backend_status=available; plug-in detection row only
GM_RM017,ultralytics_yolov8n_downloaded,192,D:\profile\research\data\GM_RM017\GM_RM017_frames\000192.png,GM_RM017_000192_ultralytics_yolov8n_downloaded_001,car,0.887416899,378.564,306.463,597.025,377.169,15446.587,true,ultralytics_yolov8n,D:\models\ultralytics\yolov8n.pt,backend_status=available; plug-in detection row only
GM_RM017,ultralytics_yolov8n_downloaded,192,D:\profile\research\data\GM_RM017\GM_RM017_frames\000192.png,GM_RM017_000192_ultralytics_yolov8n_downloaded_002,car,0.876698971,634.976,271.518,799.606,380.937,18013.749,true,ultralytics_yolov8n,D:\models\ultralytics\yolov8n.pt,backend_status=available; plug-in detection row only
GM_RM017,ultralytics_yolov8n_downloaded,193,D:\profile\research\data\GM_RM017\GM_RM017_frames\000193.png,GM_RM017_000193_ultralytics_yolov8n_downloaded_001,car,0.903079510,396.201,305.335,616.786,376.126,15615.457,true,ultralytics_yolov8n,D:\models\ultralytics\yolov8n.pt,backend_status=available; plug-in detection row only
GM_RM017,ultralytics_yolov8n_downloaded,193,D:\profile\research\data\GM_RM017\GM_RM017_frames\000193.png,GM_RM017_000193_ultralytics_yolov8n_downloaded_002,car,0.866068780,627.980,271.801,799.657,376.549,17982.870,true,ultralytics_yolov8n,D:\models\ultralytics\yolov8n.pt,backend_status=available; plug-in detection row only
GM_RM017,ultralytics_yolov8n_downloaded,194,D:\profile\research\data\GM_RM017\GM_RM017_frames\000194.png,GM_RM017_000194_ultralytics_yolov8n_downloaded_001,car,0.891581416,412.064,305.190,635.797,375.065,15633.378,true,ultralytics_yolov8n,D:\models\ultralytics\yolov8n.pt,backend_status=available; plug-in detection row only
GM_RM017,ultralytics_yolov8n_downloaded,194,D:\profile\research\data\GM_RM017\GM_RM017_frames\000194.png,GM_RM017_000194_ultralytics_yolov8n_downloaded_002,car,0.791191220,650.643,275.755,799.540,379.462,15441.587,true,ultralytics_yolov8n,D:\models\ultralytics\yolov8n.pt,backend_status=available; plug-in detection row only
GM_RM017,ultralytics_yolov8n_downloaded,195,D:\profile\research\data\GM_RM017\GM_RM017_frames\000195.png,GM_RM017_000195_ultralytics_yolov8n_downloaded_001,car,0.895571053,431.067,303.473,656.152,374.026,15880.552,true,ultralytics_yolov8n,D:\models\ultralytics\yolov8n.pt,backend_status=available; plug-in detection row only
GM_RM017,ultralytics_yolov8n_downloaded,195,D:\profile\research\data\GM_RM017\GM_RM017_frames\000195.png,GM_RM017_000195_ultralytics_yolov8n_downloaded_002,car,0.879427910,676.973,278.296,799.636,378.878,12337.725,true,ultralytics_yolov8n,D:\models\ultralytics\yolov8n.pt,backend_status=available; plug-in detection row only
GM_RM017,ultralytics_yolov8n_downloaded,196,D:\profile\research\data\GM_RM017\GM_RM017_frames\000196.png,GM_RM017_000196_ultralytics_yolov8n_downloaded_001,car,0.895014524,692.099,278.640,799.695,376.035,10479.418,true,ultralytics_yolov8n,D:\models\ultralytics\yolov8n.pt,backend_status=available; plug-in detection row only
GM_RM017,ultralytics_yolov8n_downloaded,196,D:\profile\research\data\GM_RM017\GM_RM017_frames\000196.png,GM_RM017_000196_ultralytics_yolov8n_downloaded_002,car,0.878500104,447.966,301.618,674.372,371.570,15837.434,true,ultralytics_yolov8n,D:\models\ultralytics\yolov8n.pt,backend_status=available; plug-in detection row only
GM_RM017,ultralytics_yolov8n_downloaded,197,D:\profile\research\data\GM_RM017\GM_RM017_frames\000197.png,GM_RM017_000197_ultralytics_yolov8n_downloaded_001,car,0.897329152,465.826,300.242,694.535,370.816,16140.890,true,ultralytics_yolov8n,D:\models\ultralytics\yolov8n.pt,backend_status=available; plug-in detection row only
GM_RM017,ultralytics_yolov8n_downloaded,197,D:\profile\research\data\GM_RM017\GM_RM017_frames\000197.png,GM_RM017_000197_ultralytics_yolov8n_downloaded_002,car,0.834969819,714.052,280.734,799.797,375.230,8102.635,true,ultralytics_yolov8n,D:\models\ultralytics\yolov8n.pt,backend_status=available; plug-in detection row only
GM_RM017,ultralytics_yolov8n_downloaded,198,D:\profile\research\data\GM_RM017\GM_RM017_frames\000198.png,GM_RM017_000198_ultralytics_yolov8n_downloaded_001,car,0.883399487,485.183,299.625,716.484,370.780,16458.327,true,ultralytics_yolov8n,D:\models\ultralytics\yolov8n.pt,backend_status=available; plug-in detection row only
GM_RM017,ultralytics_yolov8n_downloaded,198,D:\profile\research\data\GM_RM017\GM_RM017_frames\000198.png,GM_RM017_000198_ultralytics_yolov8n_downloaded_002,car,0.822162509,738.241,294.025,799.568,368.812,4586.426,true,ultralytics_yolov8n,D:\models\ultralytics\yolov8n.pt,backend_status=available; plug-in detection row only
GM_RM017,ultralytics_yolov8n_downloaded,199,D:\profile\research\data\GM_RM017\GM_RM017_frames\000199.png,GM_RM017_000199_ultralytics_yolov8n_downloaded_001,car,0.876463294,501.491,300.307,739.080,371.799,16985.794,true,ultralytics_yolov8n,D:\models\ultralytics\yolov8n.pt,backend_status=available; plug-in detection row only
GM_RM017,ultralytics_yolov8n_downloaded,199,D:\profile\research\data\GM_RM017\GM_RM017_frames\000199.png,GM_RM017_000199_ultralytics_yolov8n_downloaded_002,car,0.714072227,761.109,306.662,799.773,369.994,2448.700,true,ultralytics_yolov8n,D:\models\ultralytics\yolov8n.pt,backend_status=available; plug-in detection row only
GM_RM017,ultralytics_yolov8n_downloaded,200,D:\profile\research\data\GM_RM017\GM_RM017_frames\000200.png,GM_RM017_000200_ultralytics_yolov8n_downloaded_001,car,0.873959899,520.751,300.303,762.071,371.801,17253.870,true,ultralytics_yolov8n,D:\models\ultralytics\yolov8n.pt,backend_status=available; plug-in detection row only
GM_RM017,ultralytics_yolov8n_downloaded,200,D:\profile\research\data\GM_RM017\GM_RM017_frames\000200.png,GM_RM017_000200_ultralytics_yolov8n_downloaded_002,car,0.465565681,785.401,311.472,799.670,356.758,646.176,true,ultralytics_yolov8n,D:\models\ultralytics\yolov8n.pt,backend_status=available; plug-in detection row only
GM_RM017,ultralytics_yolov8n_downloaded,201,D:\profile\research\data\GM_RM017\GM_RM017_frames\000201.png,GM_RM017_000201_ultralytics_yolov8n_downloaded_001,car,0.877627611,539.012,299.024,785.411,370.935,17718.628,true,ultralytics_yolov8n,D:\models\ultralytics\yolov8n.pt,backend_status=available; plug-in detection row only
GM_RM017,ultralytics_yolov8n_downloaded,202,D:\profile\research\data\GM_RM017\GM_RM017_frames\000202.png,GM_RM017_000202_ultralytics_yolov8n_downloaded_001,car,0.890483737,557.065,297.798,800.000,371.025,17789.215,true,ultralytics_yolov8n,D:\models\ultralytics\yolov8n.pt,backend_status=available; plug-in detection row only
GM_RM017,ultralytics_yolov8n_downloaded,203,D:\profile\research\data\GM_RM017\GM_RM017_frames\000203.png,GM_RM017_000203_ultralytics_yolov8n_downloaded_001,car,0.899155974,572.932,295.337,799.455,370.168,16950.981,true,ultralytics_yolov8n,D:\models\ultralytics\yolov8n.pt,backend_status=available; plug-in detection row only
GM_RM017,ultralytics_yolov8n_downloaded,204,D:\profile\research\data\GM_RM017\GM_RM017_frames\000204.png,GM_RM017_000204_ultralytics_yolov8n_downloaded_001,car,0.902843893,594.369,294.030,800.000,369.121,15440.961,true,ultralytics_yolov8n,D:\models\ultralytics\yolov8n.pt,backend_status=available; plug-in detection row only
GM_RM017,ultralytics_yolov8n_downloaded,205,D:\profile\research\data\GM_RM017\GM_RM017_frames\000205.png,GM_RM017_000205_ultralytics_yolov8n_downloaded_001,car,0.887326300,611.507,291.553,799.832,367.131,14233.300,true,ultralytics_yolov8n,D:\models\ultralytics\yolov8n.pt,backend_status=available; plug-in detection row only
GM_RM017,ultralytics_yolov8n_downloaded,206,D:\profile\research\data\GM_RM017\GM_RM017_frames\000206.png,GM_RM017_000206_ultralytics_yolov8n_downloaded_001,car,0.907030702,630.832,289.283,799.705,365.207,12821.564,true,ultralytics_yolov8n,D:\models\ultralytics\yolov8n.pt,backend_status=available; plug-in detection row only
GM_RM017,ultralytics_yolov8n_downloaded,207,D:\profile\research\data\GM_RM017\GM_RM017_frames\000207.png,GM_RM017_000207_ultralytics_yolov8n_downloaded_001,car,0.899813652,648.154,287.997,800.000,364.030,11545.283,true,ultralytics_yolov8n,D:\models\ultralytics\yolov8n.pt,backend_status=available; plug-in detection row only
GM_RM017,ultralytics_yolov8n_downloaded,208,D:\profile\research\data\GM_RM017\GM_RM017_frames\000208.png,GM_RM017_000208_ultralytics_yolov8n_downloaded_001,car,0.912604451,665.838,290.320,799.977,364.379,9934.293,true,ultralytics_yolov8n,D:\models\ultralytics\yolov8n.pt,backend_status=available; plug-in detection row only
GM_RM017,ultralytics_yolov8n_downloaded,209,D:\profile\research\data\GM_RM017\GM_RM017_frames\000209.png,GM_RM017_000209_ultralytics_yolov8n_downloaded_001,car,0.910866439,684.589,290.701,799.549,364.531,8487.579,true,ultralytics_yolov8n,D:\models\ultralytics\yolov8n.pt,backend_status=available; plug-in detection row only
GM_RM017,ultralytics_yolov8n_downloaded,210,D:\profile\research\data\GM_RM017\GM_RM017_frames\000210.png,GM_RM017_000210_ultralytics_yolov8n_downloaded_001,car,0.853529036,703.056,291.275,799.669,361.806,6814.156,true,ultralytics_yolov8n,D:\models\ultralytics\yolov8n.pt,backend_status=available; plug-in detection row only
GM_RM017,ultralytics_yolov8n_downloaded,211,D:\profile\research\data\GM_RM017\GM_RM017_frames\000211.png,GM_RM017_000211_ultralytics_yolov8n_downloaded_001,car,0.815483868,722.164,302.532,799.492,361.838,4585.955,true,ultralytics_yolov8n,D:\models\ultralytics\yolov8n.pt,backend_status=available; plug-in detection row only
GM_RM017,ultralytics_yolov8n_downloaded,212,D:\profile\research\data\GM_RM017\GM_RM017_frames\000212.png,GM_RM017_000212_ultralytics_yolov8n_downloaded_001,car,0.655534387,741.670,306.816,799.554,355.964,2844.883,true,ultralytics_yolov8n,D:\models\ultralytics\yolov8n.pt,backend_status=available; plug-in detection row only
GM_RM017,ultralytics_yolov8n_downloaded,213,D:\profile\research\data\GM_RM017\GM_RM017_frames\000213.png,GM_RM017_000213_ultralytics_yolov8n_downloaded_001,car,0.623040080,761.236,315.942,799.764,356.219,1551.758,true,ultralytics_yolov8n,D:\models\ultralytics\yolov8n.pt,backend_status=available; plug-in detection row only
GM_RM017,ultralytics_yolov8n_downloaded,214,D:\profile\research\data\GM_RM017\GM_RM017_frames\000214.png,GM_RM017_000214_ultralytics_yolov8n_downloaded_001,car,0.643055737,782.382,318.248,799.635,349.376,537.047,true,ultralytics_yolov8n,D:\models\ultralytics\yolov8n.pt,backend_status=available; plug-in detection row only
GM_RM017,ultralytics_yolov8s_downloaded,121,D:\profile\research\data\GM_RM017\GM_RM017_frames\000121.png,GM_RM017_000121_ultralytics_yolov8s_downloaded_001,truck,0.858808100,0.360,257.322,116.649,387.107,15092.635,true,ultralytics_yolov8s,D:\models\ultralytics\yolov8s.pt,backend_status=available; plug-in detection row only
GM_RM017,ultralytics_yolov8s_downloaded,121,D:\profile\research\data\GM_RM017\GM_RM017_frames\000121.png,GM_RM017_000121_ultralytics_yolov8s_downloaded_002,bus,0.444982350,215.040,342.403,433.089,508.418,36199.302,true,ultralytics_yolov8s,D:\models\ultralytics\yolov8s.pt,backend_status=available; plug-in detection row only
GM_RM017,ultralytics_yolov8s_downloaded,122,D:\profile\research\data\GM_RM017\GM_RM017_frames\000122.png,GM_RM017_000122_ultralytics_yolov8s_downloaded_001,truck,0.906661212,0.336,253.962,133.773,386.044,17624.656,true,ultralytics_yolov8s,D:\models\ultralytics\yolov8s.pt,backend_status=available; plug-in detection row only
GM_RM017,ultralytics_yolov8s_downloaded,122,D:\profile\research\data\GM_RM017\GM_RM017_frames\000122.png,GM_RM017_000122_ultralytics_yolov8s_downloaded_002,bus,0.597601473,258.479,338.872,484.450,509.493,38555.288,true,ultralytics_yolov8s,D:\models\ultralytics\yolov8s.pt,backend_status=available; plug-in detection row only
GM_RM017,ultralytics_yolov8s_downloaded,123,D:\profile\research\data\GM_RM017\GM_RM017_frames\000123.png,GM_RM017_000123_ultralytics_yolov8s_downloaded_001,truck,0.891696095,0.159,249.661,151.991,385.655,20648.157,true,ultralytics_yolov8s,D:\models\ultralytics\yolov8s.pt,backend_status=available; plug-in detection row only
GM_RM017,ultralytics_yolov8s_downloaded,123,D:\profile\research\data\GM_RM017\GM_RM017_frames\000123.png,GM_RM017_000123_ultralytics_yolov8s_downloaded_002,bus,0.471609890,302.439,336.689,535.978,509.182,40283.790,true,ultralytics_yolov8s,D:\models\ultralytics\yolov8s.pt,backend_status=available; plug-in detection row only
GM_RM017,ultralytics_yolov8s_downloaded,124,D:\profile\research\data\GM_RM017\GM_RM017_frames\000124.png,GM_RM017_000124_ultralytics_yolov8s_downloaded_001,truck,0.891126990,0.236,246.477,164.753,385.243,22829.472,true,ultralytics_yolov8s,D:\models\ultralytics\yolov8s.pt,backend_status=available; plug-in detection row only
GM_RM017,ultralytics_yolov8s_downloaded,125,D:\profile\research\data\GM_RM017\GM_RM017_frames\000125.png,GM_RM017_000125_ultralytics_yolov8s_downloaded_001,truck,0.861147106,0.359,245.021,165.424,384.340,22996.792,true,ultralytics_yolov8s,D:\models\ultralytics\yolov8s.pt,backend_status=available; plug-in detection row only
GM_RM017,ultralytics_yolov8s_downloaded,125,D:\profile\research\data\GM_RM017\GM_RM017_frames\000125.png,GM_RM017_000125_ultralytics_yolov8s_downloaded_002,car,0.326494515,148.167,296.736,185.058,364.864,2513.355,true,ultralytics_yolov8s,D:\models\ultralytics\yolov8s.pt,backend_status=available; plug-in detection row only
GM_RM017,ultralytics_yolov8s_downloaded,125,D:\profile\research\data\GM_RM017\GM_RM017_frames\000125.png,GM_RM017_000125_ultralytics_yolov8s_downloaded_003,car,0.318458438,398.822,330.739,645.524,504.639,42901.450,true,ultralytics_yolov8s,D:\models\ultralytics\yolov8s.pt,backend_status=available; plug-in detection row only
GM_RM017,ultralytics_yolov8s_downloaded,126,D:\profile\research\data\GM_RM017\GM_RM017_frames\000126.png,GM_RM017_000126_ultralytics_yolov8s_downloaded_001,truck,0.895349085,0.357,246.717,188.614,385.254,26080.627,true,ultralytics_yolov8s,D:\models\ultralytics\yolov8s.pt,backend_status=available; plug-in detection row only
GM_RM017,ultralytics_yolov8s_downloaded,127,D:\profile\research\data\GM_RM017\GM_RM017_frames\000127.png,GM_RM017_000127_ultralytics_yolov8s_downloaded_001,truck,0.903764665,0.360,247.006,197.287,386.752,27519.594,true,ultralytics_yolov8s,D:\models\ultralytics\yolov8s.pt,backend_status=available; plug-in detection row only
GM_RM017,ultralytics_yolov8s_downloaded,127,D:\profile\research\data\GM_RM017\GM_RM017_frames\000127.png,GM_RM017_000127_ultralytics_yolov8s_downloaded_002,car,0.336491555,181.217,297.668,208.994,366.522,1912.584,true,ultralytics_yolov8s,D:\models\ultralytics\yolov8s.pt,backend_status=available; plug-in detection row only
GM_RM017,ultralytics_yolov8s_downloaded,128,D:\profile\research\data\GM_RM017\GM_RM017_frames\000128.png,GM_RM017_000128_ultralytics_yolov8s_downloaded_001,truck,0.925009727,0.274,247.131,218.033,388.421,30767.344,true,ultralytics_yolov8s,D:\models\ultralytics\yolov8s.pt,backend_status=available; plug-in detection row only
GM_RM017,ultralytics_yolov8s_downloaded,128,D:\profile\research\data\GM_RM017\GM_RM017_frames\000128.png,GM_RM017_000128_ultralytics_yolov8s_downloaded_002,bus,0.736670971,553.794,326.847,799.838,502.717,43271.681,true,ultralytics_yolov8s,D:\models\ultralytics\yolov8s.pt,backend_status=available; plug-in detection row only
GM_RM017,ultralytics_yolov8s_downloaded,129,D:\profile\research\data\GM_RM017\GM_RM017_frames\000129.png,GM_RM017_000129_ultralytics_yolov8s_downloaded_001,truck,0.895764053,15.485,245.606,228.595,388.570,30466.991,true,ultralytics_yolov8s,D:\models\ultralytics\yolov8s.pt,backend_status=available; plug-in detection row only
GM_RM017,ultralytics_yolov8s_downloaded,129,D:\profile\research\data\GM_RM017\GM_RM017_frames\000129.png,GM_RM017_000129_ultralytics_yolov8s_downloaded_002,car,0.345663726,209.935,301.288,236.519,366.509,1733.797,true,ultralytics_yolov8s,D:\models\ultralytics\yolov8s.pt,backend_status=available; plug-in detection row only
GM_RM017,ultralytics_yolov8s_downloaded,145,D:\profile\research\data\GM_RM017\GM_RM017_frames\000145.png,GM_RM017_000145_ultralytics_yolov8s_downloaded_001,truck,0.920108676,327.019,225.577,461.767,383.968,21342.899,true,ultralytics_yolov8s,D:\models\ultralytics\yolov8s.pt,backend_status=available; plug-in detection row only
GM_RM017,ultralytics_yolov8s_downloaded,145,D:\profile\research\data\GM_RM017\GM_RM017_frames\000145.png,GM_RM017_000145_ultralytics_yolov8s_downloaded_002,car,0.708594143,0.294,324.698,91.403,410.776,7842.433,true,ultralytics_yolov8s,D:\models\ultralytics\yolov8s.pt,backend_status=available; plug-in detection row only
GM_RM017,ultralytics_yolov8s_downloaded,145,D:\profile\research\data\GM_RM017\GM_RM017_frames\000145.png,GM_RM017_000145_ultralytics_yolov8s_downloaded_003,potted plant,0.673870027,45.664,341.778,104.186,419.890,4571.276,false,ultralytics_yolov8s,D:\models\ultralytics\yolov8s.pt,backend_status=available; plug-in detection row only
GM_RM017,ultralytics_yolov8s_downloaded,145,D:\profile\research\data\GM_RM017\GM_RM017_frames\000145.png,GM_RM017_000145_ultralytics_yolov8s_downloaded_004,truck,0.319897681,141.933,340.953,250.678,441.076,10887.881,true,ultralytics_yolov8s,D:\models\ultralytics\yolov8s.pt,backend_status=available; plug-in detection row only
GM_RM017,ultralytics_yolov8s_downloaded,145,D:\profile\research\data\GM_RM017\GM_RM017_frames\000145.png,GM_RM017_000145_ultralytics_yolov8s_downloaded_005,potted plant,0.276205420,98.230,333.714,150.676,413.860,4203.336,false,ultralytics_yolov8s,D:\models\ultralytics\yolov8s.pt,backend_status=available; plug-in detection row only
GM_RM017,ultralytics_yolov8s_downloaded,146,D:\profile\research\data\GM_RM017\GM_RM017_frames\000146.png,GM_RM017_000146_ultralytics_yolov8s_downloaded_001,truck,0.870943964,348.459,224.142,477.769,384.419,20725.487,true,ultralytics_yolov8s,D:\models\ultralytics\yolov8s.pt,backend_status=available; plug-in detection row only
GM_RM017,ultralytics_yolov8s_downloaded,146,D:\profile\research\data\GM_RM017\GM_RM017_frames\000146.png,GM_RM017_000146_ultralytics_yolov8s_downloaded_002,car,0.736348748,0.318,324.021,115.211,409.841,9860.110,true,ultralytics_yolov8s,D:\models\ultralytics\yolov8s.pt,backend_status=available; plug-in detection row only
GM_RM017,ultralytics_yolov8s_downloaded,146,D:\profile\research\data\GM_RM017\GM_RM017_frames\000146.png,GM_RM017_000146_ultralytics_yolov8s_downloaded_003,truck,0.480833173,169.821,339.593,276.403,439.654,10664.741,true,ultralytics_yolov8s,D:\models\ultralytics\yolov8s.pt,backend_status=available; plug-in detection row only
GM_RM017,ultralytics_yolov8s_downloaded,146,D:\profile\research\data\GM_RM017\GM_RM017_frames\000146.png,GM_RM017_000146_ultralytics_yolov8s_downloaded_004,potted plant,0.449302942,70.436,345.368,127.931,418.799,4221.968,false,ultralytics_yolov8s,D:\models\ultralytics\yolov8s.pt,backend_status=available; plug-in detection row only
GM_RM017,ultralytics_yolov8s_downloaded,147,D:\profile\research\data\GM_RM017\GM_RM017_frames\000147.png,GM_RM017_000147_ultralytics_yolov8s_downloaded_001,truck,0.907860875,369.067,222.787,497.380,383.129,20573.972,true,ultralytics_yolov8s,D:\models\ultralytics\yolov8s.pt,backend_status=available; plug-in detection row only
GM_RM017,ultralytics_yolov8s_downloaded,147,D:\profile\research\data\GM_RM017\GM_RM017_frames\000147.png,GM_RM017_000147_ultralytics_yolov8s_downloaded_002,car,0.831216276,0.144,322.549,117.813,407.600,10007.813,true,ultralytics_yolov8s,D:\models\ultralytics\yolov8s.pt,backend_status=available; plug-in detection row only
GM_RM017,ultralytics_yolov8s_downloaded,147,D:\profile\research\data\GM_RM017\GM_RM017_frames\000147.png,GM_RM017_000147_ultralytics_yolov8s_downloaded_003,potted plant,0.698539734,95.336,347.040,152.421,417.145,4001.968,false,ultralytics_yolov8s,D:\models\ultralytics\yolov8s.pt,backend_status=available; plug-in detection row only
GM_RM017,ultralytics_yolov8s_downloaded,147,D:\profile\research\data\GM_RM017\GM_RM017_frames\000147.png,GM_RM017_000147_ultralytics_yolov8s_downloaded_004,chair,0.422936112,198.139,338.392,300.517,439.063,10306.452,false,ultralytics_yolov8s,D:\models\ultralytics\yolov8s.pt,backend_status=available; plug-in detection row only
GM_RM017,ultralytics_yolov8s_downloaded,147,D:\profile\research\data\GM_RM017\GM_RM017_frames\000147.png,GM_RM017_000147_ultralytics_yolov8s_downloaded_005,potted plant,0.284108877,143.927,357.538,176.851,415.283,1901.174,false,ultralytics_yolov8s,D:\models\ultralytics\yolov8s.pt,backend_status=available; plug-in detection row only
GM_RM017,ultralytics_yolov8s_downloaded,148,D:\profile\research\data\GM_RM017\GM_RM017_frames\000148.png,GM_RM017_000148_ultralytics_yolov8s_downloaded_001,truck,0.891120732,390.074,222.282,517.987,381.511,20367.362,true,ultralytics_yolov8s,D:\models\ultralytics\yolov8s.pt,backend_status=available; plug-in detection row only
GM_RM017,ultralytics_yolov8s_downloaded,148,D:\profile\research\data\GM_RM017\GM_RM017_frames\000148.png,GM_RM017_000148_ultralytics_yolov8s_downloaded_002,car,0.853402615,0.389,322.006,141.504,406.602,11937.703,true,ultralytics_yolov8s,D:\models\ultralytics\yolov8s.pt,backend_status=available; plug-in detection row only
GM_RM017,ultralytics_yolov8s_downloaded,148,D:\profile\research\data\GM_RM017\GM_RM017_frames\000148.png,GM_RM017_000148_ultralytics_yolov8s_downloaded_003,potted plant,0.475182205,120.036,348.244,178.309,416.935,4002.758,false,ultralytics_yolov8s,D:\models\ultralytics\yolov8s.pt,backend_status=available; plug-in detection row only
GM_RM017,ultralytics_yolov8s_downloaded,148,D:\profile\research\data\GM_RM017\GM_RM017_frames\000148.png,GM_RM017_000148_ultralytics_yolov8s_downloaded_004,car,0.282401204,65.785,321.102,146.430,356.209,2831.195,true,ultralytics_yolov8s,D:\models\ultralytics\yolov8s.pt,backend_status=available; plug-in detection row only
GM_RM017,ultralytics_yolov8s_downloaded,148,D:\profile\research\data\GM_RM017\GM_RM017_frames\000148.png,GM_RM017_000148_ultralytics_yolov8s_downloaded_005,potted plant,0.259970367,151.935,322.538,231.278,410.642,6990.500,false,ultralytics_yolov8s,D:\models\ultralytics\yolov8s.pt,backend_status=available; plug-in detection row only
GM_RM017,ultralytics_yolov8s_downloaded,149,D:\profile\research\data\GM_RM017\GM_RM017_frames\000149.png,GM_RM017_000149_ultralytics_yolov8s_downloaded_001,truck,0.927161753,412.262,220.551,541.422,381.419,20777.727,true,ultralytics_yolov8s,D:\models\ultralytics\yolov8s.pt,backend_status=available; plug-in detection row only
GM_RM017,ultralytics_yolov8s_downloaded,149,D:\profile\research\data\GM_RM017\GM_RM017_frames\000149.png,GM_RM017_000149_ultralytics_yolov8s_downloaded_002,car,0.871476531,0.266,321.003,160.949,406.398,13721.604,true,ultralytics_yolov8s,D:\models\ultralytics\yolov8s.pt,backend_status=available; plug-in detection row only
GM_RM017,ultralytics_yolov8s_downloaded,149,D:\profile\research\data\GM_RM017\GM_RM017_frames\000149.png,GM_RM017_000149_ultralytics_yolov8s_downloaded_003,potted plant,0.438833565,144.575,341.605,204.121,416.565,4463.543,false,ultralytics_yolov8s,D:\models\ultralytics\yolov8s.pt,backend_status=available; plug-in detection row only
GM_RM017,ultralytics_yolov8s_downloaded,149,D:\profile\research\data\GM_RM017\GM_RM017_frames\000149.png,GM_RM017_000149_ultralytics_yolov8s_downloaded_004,car,0.345926493,0.035,315.762,18.764,333.647,334.959,true,ultralytics_yolov8s,D:\models\ultralytics\yolov8s.pt,backend_status=available; plug-in detection row only
GM_RM017,ultralytics_yolov8s_downloaded,149,D:\profile\research\data\GM_RM017\GM_RM017_frames\000149.png,GM_RM017_000149_ultralytics_yolov8s_downloaded_005,car,0.331620306,89.060,319.931,164.945,360.270,3061.152,true,ultralytics_yolov8s,D:\models\ultralytics\yolov8s.pt,backend_status=available; plug-in detection row only
GM_RM017,ultralytics_yolov8s_downloaded,149,D:\profile\research\data\GM_RM017\GM_RM017_frames\000149.png,GM_RM017_000149_ultralytics_yolov8s_downloaded_006,chair,0.272363573,255.181,336.756,350.837,439.000,9780.228,false,ultralytics_yolov8s,D:\models\ultralytics\yolov8s.pt,backend_status=available; plug-in detection row only
GM_RM017,ultralytics_yolov8s_downloaded,150,D:\profile\research\data\GM_RM017\GM_RM017_frames\000150.png,GM_RM017_000150_ultralytics_yolov8s_downloaded_001,truck,0.900848925,436.242,219.197,563.712,380.858,20607.005,true,ultralytics_yolov8s,D:\models\ultralytics\yolov8s.pt,backend_status=available; plug-in detection row only
GM_RM017,ultralytics_yolov8s_downloaded,150,D:\profile\research\data\GM_RM017\GM_RM017_frames\000150.png,GM_RM017_000150_ultralytics_yolov8s_downloaded_002,car,0.889868021,0.316,318.361,188.433,405.687,16427.499,true,ultralytics_yolov8s,D:\models\ultralytics\yolov8s.pt,backend_status=available; plug-in detection row only
GM_RM017,ultralytics_yolov8s_downloaded,150,D:\profile\research\data\GM_RM017\GM_RM017_frames\000150.png,GM_RM017_000150_ultralytics_yolov8s_downloaded_003,car,0.543240488,0.107,311.988,33.995,342.688,1040.370,true,ultralytics_yolov8s,D:\models\ultralytics\yolov8s.pt,backend_status=available; plug-in detection row only
GM_RM017,ultralytics_yolov8s_downloaded,150,D:\profile\research\data\GM_RM017\GM_RM017_frames\000150.png,GM_RM017_000150_ultralytics_yolov8s_downloaded_004,potted plant,0.517837107,169.702,338.626,228.236,415.248,4484.959,false,ultralytics_yolov8s,D:\models\ultralytics\yolov8s.pt,backend_status=available; plug-in detection row only
GM_RM017,ultralytics_yolov8s_downloaded,150,D:\profile\research\data\GM_RM017\GM_RM017_frames\000150.png,GM_RM017_000150_ultralytics_yolov8s_downloaded_005,potted plant,0.351013809,224.621,363.820,251.526,413.202,1328.637,false,ultralytics_yolov8s,D:\models\ultralytics\yolov8s.pt,backend_status=available; plug-in detection row only
GM_RM017,ultralytics_yolov8s_downloaded,151,D:\profile\research\data\GM_RM017\GM_RM017_frames\000151.png,GM_RM017_000151_ultralytics_yolov8s_downloaded_001,truck,0.901993752,458.126,219.020,587.578,381.527,21036.920,true,ultralytics_yolov8s,D:\models\ultralytics\yolov8s.pt,backend_status=available; plug-in detection row only
GM_RM017,ultralytics_yolov8s_downloaded,151,D:\profile\research\data\GM_RM017\GM_RM017_frames\000151.png,GM_RM017_000151_ultralytics_yolov8s_downloaded_002,car,0.885732055,0.234,318.247,212.576,406.607,18762.407,true,ultralytics_yolov8s,D:\models\ultralytics\yolov8s.pt,backend_status=available; plug-in detection row only
GM_RM017,ultralytics_yolov8s_downloaded,151,D:\profile\research\data\GM_RM017\GM_RM017_frames\000151.png,GM_RM017_000151_ultralytics_yolov8s_downloaded_003,car,0.656897366,0.128,311.047,51.555,353.233,2169.530,true,ultralytics_yolov8s,D:\models\ultralytics\yolov8s.pt,backend_status=available; plug-in detection row only
GM_RM017,ultralytics_yolov8s_downloaded,151,D:\profile\research\data\GM_RM017\GM_RM017_frames\000151.png,GM_RM017_000151_ultralytics_yolov8s_downloaded_004,potted plant,0.611850917,194.837,355.842,254.553,415.832,3582.412,false,ultralytics_yolov8s,D:\models\ultralytics\yolov8s.pt,backend_status=available; plug-in detection row only
GM_RM017,ultralytics_yolov8s_downloaded,151,D:\profile\research\data\GM_RM017\GM_RM017_frames\000151.png,GM_RM017_000151_ultralytics_yolov8s_downloaded_005,potted plant,0.305046737,251.819,363.400,278.312,412.518,1301.289,false,ultralytics_yolov8s,D:\models\ultralytics\yolov8s.pt,backend_status=available; plug-in detection row only
GM_RM017,ultralytics_yolov8s_downloaded,151,D:\profile\research\data\GM_RM017\GM_RM017_frames\000151.png,GM_RM017_000151_ultralytics_yolov8s_downloaded_006,potted plant,0.274997741,272.531,353.847,311.968,409.242,2184.650,false,ultralytics_yolov8s,D:\models\ultralytics\yolov8s.pt,backend_status=available; plug-in detection row only
GM_RM017,ultralytics_yolov8s_downloaded,152,D:\profile\research\data\GM_RM017\GM_RM017_frames\000152.png,GM_RM017_000152_ultralytics_yolov8s_downloaded_001,car,0.897694647,0.000,315.138,242.119,405.856,21964.623,true,ultralytics_yolov8s,D:\models\ultralytics\yolov8s.pt,backend_status=available; plug-in detection row only
GM_RM017,ultralytics_yolov8s_downloaded,152,D:\profile\research\data\GM_RM017\GM_RM017_frames\000152.png,GM_RM017_000152_ultralytics_yolov8s_downloaded_002,truck,0.894993365,479.992,216.673,611.134,377.829,21134.219,true,ultralytics_yolov8s,D:\models\ultralytics\yolov8s.pt,backend_status=available; plug-in detection row only
GM_RM017,ultralytics_yolov8s_downloaded,152,D:\profile\research\data\GM_RM017\GM_RM017_frames\000152.png,GM_RM017_000152_ultralytics_yolov8s_downloaded_003,car,0.706477880,0.279,309.096,67.386,356.774,3199.484,true,ultralytics_yolov8s,D:\models\ultralytics\yolov8s.pt,backend_status=available; plug-in detection row only
GM_RM017,ultralytics_yolov8s_downloaded,153,D:\profile\research\data\GM_RM017\GM_RM017_frames\000153.png,GM_RM017_000153_ultralytics_yolov8s_downloaded_001,truck,0.923219144,500.938,214.077,635.610,377.021,21944.090,true,ultralytics_yolov8s,D:\models\ultralytics\yolov8s.pt,backend_status=available; plug-in detection row only
GM_RM017,ultralytics_yolov8s_downloaded,153,D:\profile\research\data\GM_RM017\GM_RM017_frames\000153.png,GM_RM017_000153_ultralytics_yolov8s_downloaded_002,car,0.873122394,0.761,314.890,263.033,406.046,23907.655,true,ultralytics_yolov8s,D:\models\ultralytics\yolov8s.pt,backend_status=available; plug-in detection row only
GM_RM017,ultralytics_yolov8s_downloaded,153,D:\profile\research\data\GM_RM017\GM_RM017_frames\000153.png,GM_RM017_000153_ultralytics_yolov8s_downloaded_003,car,0.625889301,0.175,309.301,84.903,362.118,4475.105,true,ultralytics_yolov8s,D:\models\ultralytics\yolov8s.pt,backend_status=available; plug-in detection row only
GM_RM017,ultralytics_yolov8s_downloaded,153,D:\profile\research\data\GM_RM017\GM_RM017_frames\000153.png,GM_RM017_000153_ultralytics_yolov8s_downloaded_004,potted plant,0.275459826,248.772,350.742,308.476,414.348,3797.579,false,ultralytics_yolov8s,D:\models\ultralytics\yolov8s.pt,backend_status=available; plug-in detection row only
GM_RM017,ultralytics_yolov8s_downloaded,154,D:\profile\research\data\GM_RM017\GM_RM017_frames\000154.png,GM_RM017_000154_ultralytics_yolov8s_downloaded_001,truck,0.910232604,519.089,213.146,661.769,380.344,23855.761,true,ultralytics_yolov8s,D:\models\ultralytics\yolov8s.pt,backend_status=available; plug-in detection row only
GM_RM017,ultralytics_yolov8s_downloaded,154,D:\profile\research\data\GM_RM017\GM_RM017_frames\000154.png,GM_RM017_000154_ultralytics_yolov8s_downloaded_002,car,0.900094032,21.124,315.721,283.593,407.822,24173.694,true,ultralytics_yolov8s,D:\models\ultralytics\yolov8s.pt,backend_status=available; plug-in detection row only
GM_RM017,ultralytics_yolov8s_downloaded,154,D:\profile\research\data\GM_RM017\GM_RM017_frames\000154.png,GM_RM017_000154_ultralytics_yolov8s_downloaded_003,car,0.815497518,0.176,309.588,102.077,389.961,8190.055,true,ultralytics_yolov8s,D:\models\ultralytics\yolov8s.pt,backend_status=available; plug-in detection row only
GM_RM017,ultralytics_yolov8s_downloaded,155,D:\profile\research\data\GM_RM017\GM_RM017_frames\000155.png,GM_RM017_000155_ultralytics_yolov8s_downloaded_001,truck,0.896241307,535.482,215.880,688.119,382.498,25432.169,true,ultralytics_yolov8s,D:\models\ultralytics\yolov8s.pt,backend_status=available; plug-in detection row only
GM_RM017,ultralytics_yolov8s_downloaded,155,D:\profile\research\data\GM_RM017\GM_RM017_frames\000155.png,GM_RM017_000155_ultralytics_yolov8s_downloaded_002,car,0.886849642,44.241,317.667,307.487,410.426,24418.442,true,ultralytics_yolov8s,D:\models\ultralytics\yolov8s.pt,backend_status=available; plug-in detection row only
GM_RM017,ultralytics_yolov8s_downloaded,155,D:\profile\research\data\GM_RM017\GM_RM017_frames\000155.png,GM_RM017_000155_ultralytics_yolov8s_downloaded_003,car,0.849633157,0.200,310.940,122.175,394.097,10143.068,true,ultralytics_yolov8s,D:\models\ultralytics\yolov8s.pt,backend_status=available; plug-in detection row only
GM_RM017,ultralytics_yolov8s_downloaded,155,D:\profile\research\data\GM_RM017\GM_RM017_frames\000155.png,GM_RM017_000155_ultralytics_yolov8s_downloaded_004,potted plant,0.485451072,304.144,331.641,366.963,418.154,5434.682,false,ultralytics_yolov8s,D:\models\ultralytics\yolov8s.pt,backend_status=available; plug-in detection row only
GM_RM017,ultralytics_yolov8s_downloaded,156,D:\profile\research\data\GM_RM017\GM_RM017_frames\000156.png,GM_RM017_000156_ultralytics_yolov8s_downloaded_001,car,0.909145772,65.749,317.763,331.230,410.602,24646.957,true,ultralytics_yolov8s,D:\models\ultralytics\yolov8s.pt,backend_status=available; plug-in detection row only
GM_RM017,ultralytics_yolov8s_downloaded,156,D:\profile\research\data\GM_RM017\GM_RM017_frames\000156.png,GM_RM017_000156_ultralytics_yolov8s_downloaded_002,truck,0.901290119,553.561,213.452,715.160,381.745,27195.885,true,ultralytics_yolov8s,D:\models\ultralytics\yolov8s.pt,backend_status=available; plug-in detection row only
GM_RM017,ultralytics_yolov8s_downloaded,156,D:\profile\research\data\GM_RM017\GM_RM017_frames\000156.png,GM_RM017_000156_ultralytics_yolov8s_downloaded_003,car,0.860859573,0.189,310.348,140.883,394.357,11819.486,true,ultralytics_yolov8s,D:\models\ultralytics\yolov8s.pt,backend_status=available; plug-in detection row only
GM_RM017,ultralytics_yolov8s_downloaded,157,D:\profile\research\data\GM_RM017\GM_RM017_frames\000157.png,GM_RM017_000157_ultralytics_yolov8s_downloaded_001,truck,0.918558240,568.903,209.055,739.067,378.563,28844.247,true,ultralytics_yolov8s,D:\models\ultralytics\yolov8s.pt,backend_status=available; plug-in detection row only
GM_RM017,ultralytics_yolov8s_downloaded,157,D:\profile\research\data\GM_RM017\GM_RM017_frames\000157.png,GM_RM017_000157_ultralytics_yolov8s_downloaded_002,car,0.912279725,88.552,313.667,354.297,407.422,24915.173,true,ultralytics_yolov8s,D:\models\ultralytics\yolov8s.pt,backend_status=available; plug-in detection row only
GM_RM017,ultralytics_yolov8s_downloaded,157,D:\profile\research\data\GM_RM017\GM_RM017_frames\000157.png,GM_RM017_000157_ultralytics_yolov8s_downloaded_003,car,0.883197129,0.172,307.182,156.124,392.611,13322.818,true,ultralytics_yolov8s,D:\models\ultralytics\yolov8s.pt,backend_status=available; plug-in detection row only
GM_RM017,ultralytics_yolov8s_downloaded,157,D:\profile\research\data\GM_RM017\GM_RM017_frames\000157.png,GM_RM017_000157_ultralytics_yolov8s_downloaded_004,fire hydrant,0.746273220,0.228,419.331,19.532,500.779,1572.284,false,ultralytics_yolov8s,D:\models\ultralytics\yolov8s.pt,backend_status=available; plug-in detection row only
GM_RM017,ultralytics_yolov8s_downloaded,158,D:\profile\research\data\GM_RM017\GM_RM017_frames\000158.png,GM_RM017_000158_ultralytics_yolov8s_downloaded_001,fire hydrant,0.965836644,18.291,418.154,63.223,502.688,3798.284,false,ultralytics_yolov8s,D:\models\ultralytics\yolov8s.pt,backend_status=available; plug-in detection row only
GM_RM017,ultralytics_yolov8s_downloaded,158,D:\profile\research\data\GM_RM017\GM_RM017_frames\000158.png,GM_RM017_000158_ultralytics_yolov8s_downloaded_002,truck,0.924392402,587.286,206.876,766.679,378.122,30720.374,true,ultralytics_yolov8s,D:\models\ultralytics\yolov8s.pt,backend_status=available; plug-in detection row only
GM_RM017,ultralytics_yolov8s_downloaded,158,D:\profile\research\data\GM_RM017\GM_RM017_frames\000158.png,GM_RM017_000158_ultralytics_yolov8s_downloaded_003,car,0.915265918,112.051,313.552,375.965,409.174,25236.122,true,ultralytics_yolov8s,D:\models\ultralytics\yolov8s.pt,backend_status=available; plug-in detection row only
GM_RM017,ultralytics_yolov8s_downloaded,158,D:\profile\research\data\GM_RM017\GM_RM017_frames\000158.png,GM_RM017_000158_ultralytics_yolov8s_downloaded_004,car,0.886357784,0.622,307.472,171.748,393.787,14770.894,true,ultralytics_yolov8s,D:\models\ultralytics\yolov8s.pt,backend_status=available; plug-in detection row only
GM_RM017,ultralytics_yolov8s_downloaded,158,D:\profile\research\data\GM_RM017\GM_RM017_frames\000158.png,GM_RM017_000158_ultralytics_yolov8s_downloaded_005,potted plant,0.285434574,389.066,330.699,447.646,415.784,4984.235,false,ultralytics_yolov8s,D:\models\ultralytics\yolov8s.pt,backend_status=available; plug-in detection row only
GM_RM017,ultralytics_yolov8s_downloaded,159,D:\profile\research\data\GM_RM017\GM_RM017_frames\000159.png,GM_RM017_000159_ultralytics_yolov8s_downloaded_001,fire hydrant,0.979668915,62.235,414.832,106.456,502.933,3895.967,false,ultralytics_yolov8s,D:\models\ultralytics\yolov8s.pt,backend_status=available; plug-in detection row only
GM_RM017,ultralytics_yolov8s_downloaded,159,D:\profile\research\data\GM_RM017\GM_RM017_frames\000159.png,GM_RM017_000159_ultralytics_yolov8s_downloaded_002,car,0.911570668,133.020,313.325,399.989,408.512,25411.857,true,ultralytics_yolov8s,D:\models\ultralytics\yolov8s.pt,backend_status=available; plug-in detection row only
GM_RM017,ultralytics_yolov8s_downloaded,159,D:\profile\research\data\GM_RM017\GM_RM017_frames\000159.png,GM_RM017_000159_ultralytics_yolov8s_downloaded_003,car,0.898780704,0.000,307.018,188.698,396.647,16912.878,true,ultralytics_yolov8s,D:\models\ultralytics\yolov8s.pt,backend_status=available; plug-in detection row only
GM_RM017,ultralytics_yolov8s_downloaded,159,D:\profile\research\data\GM_RM017\GM_RM017_frames\000159.png,GM_RM017_000159_ultralytics_yolov8s_downloaded_004,truck,0.891643703,601.759,204.797,794.516,377.145,33221.306,true,ultralytics_yolov8s,D:\models\ultralytics\yolov8s.pt,backend_status=available; plug-in detection row only
GM_RM017,ultralytics_yolov8s_downloaded,159,D:\profile\research\data\GM_RM017\GM_RM017_frames\000159.png,GM_RM017_000159_ultralytics_yolov8s_downloaded_005,potted plant,0.495822996,531.320,325.657,574.825,401.746,3310.215,false,ultralytics_yolov8s,D:\models\ultralytics\yolov8s.pt,backend_status=available; plug-in detection row only
GM_RM017,ultralytics_yolov8s_downloaded,159,D:\profile\research\data\GM_RM017\GM_RM017_frames\000159.png,GM_RM017_000159_ultralytics_yolov8s_downloaded_006,potted plant,0.318716437,418.675,352.401,473.415,415.950,3478.641,false,ultralytics_yolov8s,D:\models\ultralytics\yolov8s.pt,backend_status=available; plug-in detection row only
GM_RM017,ultralytics_yolov8s_downloaded,159,D:\profile\research\data\GM_RM017\GM_RM017_frames\000159.png,GM_RM017_000159_ultralytics_yolov8s_downloaded_007,potted plant,0.318612456,475.747,333.740,522.311,415.077,3787.350,false,ultralytics_yolov8s,D:\models\ultralytics\yolov8s.pt,backend_status=available; plug-in detection row only
GM_RM017,ultralytics_yolov8s_downloaded,159,D:\profile\research\data\GM_RM017\GM_RM017_frames\000159.png,GM_RM017_000159_ultralytics_yolov8s_downloaded_008,potted plant,0.270270437,418.678,325.581,474.105,416.061,5015.032,false,ultralytics_yolov8s,D:\models\ultralytics\yolov8s.pt,backend_status=available; plug-in detection row only
GM_RM017,ultralytics_yolov8s_downloaded,160,D:\profile\research\data\GM_RM017\GM_RM017_frames\000160.png,GM_RM017_000160_ultralytics_yolov8s_downloaded_001,fire hydrant,0.961742222,104.426,411.053,149.791,502.814,4162.798,false,ultralytics_yolov8s,D:\models\ultralytics\yolov8s.pt,backend_status=available; plug-in detection row only
GM_RM017,ultralytics_yolov8s_downloaded,160,D:\profile\research\data\GM_RM017\GM_RM017_frames\000160.png,GM_RM017_000160_ultralytics_yolov8s_downloaded_002,car,0.917159557,155.975,311.874,423.671,407.452,25585.941,true,ultralytics_yolov8s,D:\models\ultralytics\yolov8s.pt,backend_status=available; plug-in detection row only
GM_RM017,ultralytics_yolov8s_downloaded,160,D:\profile\research\data\GM_RM017\GM_RM017_frames\000160.png,GM_RM017_000160_ultralytics_yolov8s_downloaded_003,car,0.914870322,0.075,305.729,204.868,397.495,18793.121,true,ultralytics_yolov8s,D:\models\ultralytics\yolov8s.pt,backend_status=available; plug-in detection row only
GM_RM017,ultralytics_yolov8s_downloaded,160,D:\profile\research\data\GM_RM017\GM_RM017_frames\000160.png,GM_RM017_000160_ultralytics_yolov8s_downloaded_004,truck,0.868240654,618.430,202.730,799.691,375.353,31289.864,true,ultralytics_yolov8s,D:\models\ultralytics\yolov8s.pt,backend_status=available; plug-in detection row only
GM_RM017,ultralytics_yolov8s_downloaded,160,D:\profile\research\data\GM_RM017\GM_RM017_frames\000160.png,GM_RM017_000160_ultralytics_yolov8s_downloaded_005,potted plant,0.478038162,447.750,308.846,504.898,414.652,6046.566,false,ultralytics_yolov8s,D:\models\ultralytics\yolov8s.pt,backend_status=available; plug-in detection row only
GM_RM017,ultralytics_yolov8s_downloaded,160,D:\profile\research\data\GM_RM017\GM_RM017_frames\000160.png,GM_RM017_000160_ultralytics_yolov8s_downloaded_006,car,0.426842004,0.201,331.205,32.508,348.537,559.945,true,ultralytics_yolov8s,D:\models\ultralytics\yolov8s.pt,backend_status=available; plug-in detection row only
GM_RM017,ultralytics_yolov8s_downloaded,160,D:\profile\research\data\GM_RM017\GM_RM017_frames\000160.png,GM_RM017_000160_ultralytics_yolov8s_downloaded_007,potted plant,0.349575669,558.161,325.499,605.703,401.765,3625.841,false,ultralytics_yolov8s,D:\models\ultralytics\yolov8s.pt,backend_status=available; plug-in detection row only
GM_RM017,ultralytics_yolov8s_downloaded,160,D:\profile\research\data\GM_RM017\GM_RM017_frames\000160.png,GM_RM017_000160_ultralytics_yolov8s_downloaded_008,potted plant,0.333874911,501.681,321.827,558.853,412.734,5197.376,false,ultralytics_yolov8s,D:\models\ultralytics\yolov8s.pt,backend_status=available; plug-in detection row only
GM_RM017,ultralytics_yolov8s_downloaded,161,D:\profile\research\data\GM_RM017\GM_RM017_frames\000161.png,GM_RM017_000161_ultralytics_yolov8s_downloaded_001,fire hydrant,0.962430954,149.492,412.230,193.396,501.900,3936.858,false,ultralytics_yolov8s,D:\models\ultralytics\yolov8s.pt,backend_status=available; plug-in detection row only
GM_RM017,ultralytics_yolov8s_downloaded,161,D:\profile\research\data\GM_RM017\GM_RM017_frames\000161.png,GM_RM017_000161_ultralytics_yolov8s_downloaded_002,car,0.924879491,178.685,309.341,446.250,406.178,25910.053,true,ultralytics_yolov8s,D:\models\ultralytics\yolov8s.pt,backend_status=available; plug-in detection row only
GM_RM017,ultralytics_yolov8s_downloaded,161,D:\profile\research\data\GM_RM017\GM_RM017_frames\000161.png,GM_RM017_000161_ultralytics_yolov8s_downloaded_003,car,0.891988635,3.979,304.256,221.454,395.224,19783.305,true,ultralytics_yolov8s,D:\models\ultralytics\yolov8s.pt,backend_status=available; plug-in detection row only
GM_RM017,ultralytics_yolov8s_downloaded,161,D:\profile\research\data\GM_RM017\GM_RM017_frames\000161.png,GM_RM017_000161_ultralytics_yolov8s_downloaded_004,truck,0.834312379,635.663,201.835,799.786,374.410,28323.657,true,ultralytics_yolov8s,D:\models\ultralytics\yolov8s.pt,backend_status=available; plug-in detection row only
GM_RM017,ultralytics_yolov8s_downloaded,161,D:\profile\research\data\GM_RM017\GM_RM017_frames\000161.png,GM_RM017_000161_ultralytics_yolov8s_downloaded_005,potted plant,0.654953778,586.547,320.048,636.310,399.275,3942.586,false,ultralytics_yolov8s,D:\models\ultralytics\yolov8s.pt,backend_status=available; plug-in detection row only
GM_RM017,ultralytics_yolov8s_downloaded,161,D:\profile\research\data\GM_RM017\GM_RM017_frames\000161.png,GM_RM017_000161_ultralytics_yolov8s_downloaded_006,car,0.518525958,0.071,328.733,51.288,377.395,2492.333,true,ultralytics_yolov8s,D:\models\ultralytics\yolov8s.pt,backend_status=available; plug-in detection row only
GM_RM017,ultralytics_yolov8s_downloaded,161,D:\profile\research\data\GM_RM017\GM_RM017_frames\000161.png,GM_RM017_000161_ultralytics_yolov8s_downloaded_007,potted plant,0.474420965,525.502,317.561,593.922,410.408,6352.583,false,ultralytics_yolov8s,D:\models\ultralytics\yolov8s.pt,backend_status=available; plug-in detection row only
GM_RM017,ultralytics_yolov8s_downloaded,161,D:\profile\research\data\GM_RM017\GM_RM017_frames\000161.png,GM_RM017_000161_ultralytics_yolov8s_downloaded_008,potted plant,0.350898892,476.228,312.941,531.587,413.810,5583.989,false,ultralytics_yolov8s,D:\models\ultralytics\yolov8s.pt,backend_status=available; plug-in detection row only
GM_RM017,ultralytics_yolov8s_downloaded,161,D:\profile\research\data\GM_RM017\GM_RM017_frames\000161.png,GM_RM017_000161_ultralytics_yolov8s_downloaded_009,car,0.250130832,0.050,329.948,36.779,378.348,1777.706,true,ultralytics_yolov8s,D:\models\ultralytics\yolov8s.pt,backend_status=available; plug-in detection row only
GM_RM017,ultralytics_yolov8s_downloaded,162,D:\profile\research\data\GM_RM017\GM_RM017_frames\000162.png,GM_RM017_000162_ultralytics_yolov8s_downloaded_001,car,0.913168132,200.588,307.573,470.610,405.274,26381.537,true,ultralytics_yolov8s,D:\models\ultralytics\yolov8s.pt,backend_status=available; plug-in detection row only
GM_RM017,ultralytics_yolov8s_downloaded,162,D:\profile\research\data\GM_RM017\GM_RM017_frames\000162.png,GM_RM017_000162_ultralytics_yolov8s_downloaded_002,fire hydrant,0.911920488,194.488,409.206,239.376,499.983,4074.825,false,ultralytics_yolov8s,D:\models\ultralytics\yolov8s.pt,backend_status=available; plug-in detection row only
GM_RM017,ultralytics_yolov8s_downloaded,162,D:\profile\research\data\GM_RM017\GM_RM017_frames\000162.png,GM_RM017_000162_ultralytics_yolov8s_downloaded_003,car,0.910687625,21.343,302.643,238.791,393.911,19845.946,true,ultralytics_yolov8s,D:\models\ultralytics\yolov8s.pt,backend_status=available; plug-in detection row only
GM_RM017,ultralytics_yolov8s_downloaded,162,D:\profile\research\data\GM_RM017\GM_RM017_frames\000162.png,GM_RM017_000162_ultralytics_yolov8s_downloaded_004,truck,0.894680619,653.948,201.695,799.693,372.305,24865.589,true,ultralytics_yolov8s,D:\models\ultralytics\yolov8s.pt,backend_status=available; plug-in detection row only
GM_RM017,ultralytics_yolov8s_downloaded,162,D:\profile\research\data\GM_RM017\GM_RM017_frames\000162.png,GM_RM017_000162_ultralytics_yolov8s_downloaded_005,car,0.697551548,0.203,327.388,68.403,378.188,3464.639,true,ultralytics_yolov8s,D:\models\ultralytics\yolov8s.pt,backend_status=available; plug-in detection row only
GM_RM017,ultralytics_yolov8s_downloaded,162,D:\profile\research\data\GM_RM017\GM_RM017_frames\000162.png,GM_RM017_000162_ultralytics_yolov8s_downloaded_006,potted plant,0.427103132,615.950,321.596,668.916,398.366,4066.176,false,ultralytics_yolov8s,D:\models\ultralytics\yolov8s.pt,backend_status=available; plug-in detection row only
GM_RM017,ultralytics_yolov8s_downloaded,162,D:\profile\research\data\GM_RM017\GM_RM017_frames\000162.png,GM_RM017_000162_ultralytics_yolov8s_downloaded_007,car,0.424930662,0.131,328.670,43.412,378.592,2160.672,true,ultralytics_yolov8s,D:\models\ultralytics\yolov8s.pt,backend_status=available; plug-in detection row only
GM_RM017,ultralytics_yolov8s_downloaded,163,D:\profile\research\data\GM_RM017\GM_RM017_frames\000163.png,GM_RM017_000163_ultralytics_yolov8s_downloaded_001,fire hydrant,0.943187118,239.944,410.564,286.340,501.193,4204.848,false,ultralytics_yolov8s,D:\models\ultralytics\yolov8s.pt,backend_status=available; plug-in detection row only
GM_RM017,ultralytics_yolov8s_downloaded,163,D:\profile\research\data\GM_RM017\GM_RM017_frames\000163.png,GM_RM017_000163_ultralytics_yolov8s_downloaded_002,car,0.930580199,222.605,306.772,494.556,404.828,26666.648,true,ultralytics_yolov8s,D:\models\ultralytics\yolov8s.pt,backend_status=available; plug-in detection row only
GM_RM017,ultralytics_yolov8s_downloaded,163,D:\profile\research\data\GM_RM017\GM_RM017_frames\000163.png,GM_RM017_000163_ultralytics_yolov8s_downloaded_003,car,0.903768182,36.205,301.675,254.359,391.998,19704.432,true,ultralytics_yolov8s,D:\models\ultralytics\yolov8s.pt,backend_status=available; plug-in detection row only
GM_RM017,ultralytics_yolov8s_downloaded,163,D:\profile\research\data\GM_RM017\GM_RM017_frames\000163.png,GM_RM017_000163_ultralytics_yolov8s_downloaded_004,truck,0.801666379,671.071,202.394,799.644,371.375,21726.283,true,ultralytics_yolov8s,D:\models\ultralytics\yolov8s.pt,backend_status=available; plug-in detection row only
GM_RM017,ultralytics_yolov8s_downloaded,163,D:\profile\research\data\GM_RM017\GM_RM017_frames\000163.png,GM_RM017_000163_ultralytics_yolov8s_downloaded_005,car,0.753624976,0.267,325.853,87.399,379.885,4707.956,true,ultralytics_yolov8s,D:\models\ultralytics\yolov8s.pt,backend_status=available; plug-in detection row only
GM_RM017,ultralytics_yolov8s_downloaded,163,D:\profile\research\data\GM_RM017\GM_RM017_frames\000163.png,GM_RM017_000163_ultralytics_yolov8s_downloaded_006,potted plant,0.374891937,639.537,320.988,700.404,397.786,4674.513,false,ultralytics_yolov8s,D:\models\ultralytics\yolov8s.pt,backend_status=available; plug-in detection row only
GM_RM017,ultralytics_yolov8s_downloaded,163,D:\profile\research\data\GM_RM017\GM_RM017_frames\000163.png,GM_RM017_000163_ultralytics_yolov8s_downloaded_007,car,0.361149788,0.049,326.802,60.254,380.945,3259.673,true,ultralytics_yolov8s,D:\models\ultralytics\yolov8s.pt,backend_status=available; plug-in detection row only
GM_RM017,ultralytics_yolov8s_downloaded,164,D:\profile\research\data\GM_RM017\GM_RM017_frames\000164.png,GM_RM017_000164_ultralytics_yolov8s_downloaded_001,fire hydrant,0.931306601,287.350,410.970,332.920,501.529,4126.820,false,ultralytics_yolov8s,D:\models\ultralytics\yolov8s.pt,backend_status=available; plug-in detection row only
GM_RM017,ultralytics_yolov8s_downloaded,164,D:\profile\research\data\GM_RM017\GM_RM017_frames\000164.png,GM_RM017_000164_ultralytics_yolov8s_downloaded_002,car,0.923408747,245.649,304.904,519.882,404.762,27384.592,true,ultralytics_yolov8s,D:\models\ultralytics\yolov8s.pt,backend_status=available; plug-in detection row only
GM_RM017,ultralytics_yolov8s_downloaded,164,D:\profile\research\data\GM_RM017\GM_RM017_frames\000164.png,GM_RM017_000164_ultralytics_yolov8s_downloaded_003,car,0.899305761,51.717,301.555,270.659,391.904,19781.289,true,ultralytics_yolov8s,D:\models\ultralytics\yolov8s.pt,backend_status=available; plug-in detection row only
GM_RM017,ultralytics_yolov8s_downloaded,164,D:\profile\research\data\GM_RM017\GM_RM017_frames\000164.png,GM_RM017_000164_ultralytics_yolov8s_downloaded_004,car,0.702990830,0.474,323.962,100.999,379.926,5625.741,true,ultralytics_yolov8s,D:\models\ultralytics\yolov8s.pt,backend_status=available; plug-in detection row only
GM_RM017,ultralytics_yolov8s_downloaded,164,D:\profile\research\data\GM_RM017\GM_RM017_frames\000164.png,GM_RM017_000164_ultralytics_yolov8s_downloaded_005,truck,0.651305914,687.737,204.642,799.624,372.582,18790.386,true,ultralytics_yolov8s,D:\models\ultralytics\yolov8s.pt,backend_status=available; plug-in detection row only
GM_RM017,ultralytics_yolov8s_downloaded,164,D:\profile\research\data\GM_RM017\GM_RM017_frames\000164.png,GM_RM017_000164_ultralytics_yolov8s_downloaded_006,potted plant,0.437268198,564.612,338.250,619.162,411.587,4000.526,false,ultralytics_yolov8s,D:\models\ultralytics\yolov8s.pt,backend_status=available; plug-in detection row only
GM_RM017,ultralytics_yolov8s_downloaded,164,D:\profile\research\data\GM_RM017\GM_RM017_frames\000164.png,GM_RM017_000164_ultralytics_yolov8s_downloaded_007,car,0.435168833,0.429,326.452,71.264,381.124,3872.684,true,ultralytics_yolov8s,D:\models\ultralytics\yolov8s.pt,backend_status=available; plug-in detection row only
GM_RM017,ultralytics_yolov8s_downloaded,164,D:\profile\research\data\GM_RM017\GM_RM017_frames\000164.png,GM_RM017_000164_ultralytics_yolov8s_downloaded_008,person,0.352439672,731.425,326.793,766.710,415.607,3133.846,false,ultralytics_yolov8s,D:\models\ultralytics\yolov8s.pt,backend_status=available; plug-in detection row only
GM_RM017,ultralytics_yolov8s_downloaded,164,D:\profile\research\data\GM_RM017\GM_RM017_frames\000164.png,GM_RM017_000164_ultralytics_yolov8s_downloaded_009,person,0.321559548,731.811,328.085,763.958,395.436,2165.159,false,ultralytics_yolov8s,D:\models\ultralytics\yolov8s.pt,backend_status=available; plug-in detection row only
GM_RM017,ultralytics_yolov8s_downloaded,164,D:\profile\research\data\GM_RM017\GM_RM017_frames\000164.png,GM_RM017_000164_ultralytics_yolov8s_downloaded_010,potted plant,0.315607220,670.113,321.771,727.201,398.682,4390.741,false,ultralytics_yolov8s,D:\models\ultralytics\yolov8s.pt,backend_status=available; plug-in detection row only
GM_RM017,ultralytics_yolov8s_downloaded,164,D:\profile\research\data\GM_RM017\GM_RM017_frames\000164.png,GM_RM017_000164_ultralytics_yolov8s_downloaded_011,potted plant,0.278892905,618.648,347.592,671.951,411.382,3400.184,false,ultralytics_yolov8s,D:\models\ultralytics\yolov8s.pt,backend_status=available; plug-in detection row only
GM_RM017,ultralytics_yolov8s_downloaded,165,D:\profile\research\data\GM_RM017\GM_RM017_frames\000165.png,GM_RM017_000165_ultralytics_yolov8s_downloaded_001,car,0.932515085,267.138,305.406,544.610,405.539,27784.129,true,ultralytics_yolov8s,D:\models\ultralytics\yolov8s.pt,backend_status=available; plug-in detection row only
GM_RM017,ultralytics_yolov8s_downloaded,165,D:\profile\research\data\GM_RM017\GM_RM017_frames\000165.png,GM_RM017_000165_ultralytics_yolov8s_downloaded_002,fire hydrant,0.921246707,337.715,410.724,385.369,503.920,4441.181,false,ultralytics_yolov8s,D:\models\ultralytics\yolov8s.pt,backend_status=available; plug-in detection row only
GM_RM017,ultralytics_yolov8s_downloaded,165,D:\profile\research\data\GM_RM017\GM_RM017_frames\000165.png,GM_RM017_000165_ultralytics_yolov8s_downloaded_003,car,0.897897065,70.237,301.148,289.393,392.197,19953.876,true,ultralytics_yolov8s,D:\models\ultralytics\yolov8s.pt,backend_status=available; plug-in detection row only
GM_RM017,ultralytics_yolov8s_downloaded,165,D:\profile\research\data\GM_RM017\GM_RM017_frames\000165.png,GM_RM017_000165_ultralytics_yolov8s_downloaded_004,car,0.783472776,0.215,324.668,116.796,382.124,6698.311,true,ultralytics_yolov8s,D:\models\ultralytics\yolov8s.pt,backend_status=available; plug-in detection row only
GM_RM017,ultralytics_yolov8s_downloaded,165,D:\profile\research\data\GM_RM017\GM_RM017_frames\000165.png,GM_RM017_000165_ultralytics_yolov8s_downloaded_005,potted plant,0.460773885,702.191,315.417,764.950,398.407,5208.338,false,ultralytics_yolov8s,D:\models\ultralytics\yolov8s.pt,backend_status=available; plug-in detection row only
GM_RM017,ultralytics_yolov8s_downloaded,165,D:\profile\research\data\GM_RM017\GM_RM017_frames\000165.png,GM_RM017_000165_ultralytics_yolov8s_downloaded_006,potted plant,0.434826195,581.337,317.323,656.376,411.964,7101.859,false,ultralytics_yolov8s,D:\models\ultralytics\yolov8s.pt,backend_status=available; plug-in detection row only
GM_RM017,ultralytics_yolov8s_downloaded,165,D:\profile\research\data\GM_RM017\GM_RM017_frames\000165.png,GM_RM017_000165_ultralytics_yolov8s_downloaded_007,potted plant,0.293112934,649.526,315.140,720.475,411.699,6850.792,false,ultralytics_yolov8s,D:\models\ultralytics\yolov8s.pt,backend_status=available; plug-in detection row only
GM_RM017,ultralytics_yolov8s_downloaded,166,D:\profile\research\data\GM_RM017\GM_RM017_frames\000166.png,GM_RM017_000166_ultralytics_yolov8s_downloaded_001,car,0.926392078,289.776,303.537,573.373,403.467,28339.670,true,ultralytics_yolov8s,D:\models\ultralytics\yolov8s.pt,backend_status=available; plug-in detection row only
GM_RM017,ultralytics_yolov8s_downloaded,166,D:\profile\research\data\GM_RM017\GM_RM017_frames\000166.png,GM_RM017_000166_ultralytics_yolov8s_downloaded_002,car,0.893051445,86.125,299.698,307.619,391.115,20248.274,true,ultralytics_yolov8s,D:\models\ultralytics\yolov8s.pt,backend_status=available; plug-in detection row only
GM_RM017,ultralytics_yolov8s_downloaded,166,D:\profile\research\data\GM_RM017\GM_RM017_frames\000166.png,GM_RM017_000166_ultralytics_yolov8s_downloaded_003,fire hydrant,0.863191783,391.168,408.219,437.780,503.058,4420.652,false,ultralytics_yolov8s,D:\models\ultralytics\yolov8s.pt,backend_status=available; plug-in detection row only
GM_RM017,ultralytics_yolov8s_downloaded,166,D:\profile\research\data\GM_RM017\GM_RM017_frames\000166.png,GM_RM017_000166_ultralytics_yolov8s_downloaded_004,car,0.791740358,0.233,323.448,134.801,384.586,8227.282,true,ultralytics_yolov8s,D:\models\ultralytics\yolov8s.pt,backend_status=available; plug-in detection row only
GM_RM017,ultralytics_yolov8s_downloaded,166,D:\profile\research\data\GM_RM017\GM_RM017_frames\000166.png,GM_RM017_000166_ultralytics_yolov8s_downloaded_005,potted plant,0.445027053,736.070,317.982,791.258,398.657,4452.294,false,ultralytics_yolov8s,D:\models\ultralytics\yolov8s.pt,backend_status=available; plug-in detection row only
GM_RM017,ultralytics_yolov8s_downloaded,166,D:\profile\research\data\GM_RM017\GM_RM017_frames\000166.png,GM_RM017_000166_ultralytics_yolov8s_downloaded_006,potted plant,0.309120059,613.745,333.963,684.909,411.501,5517.931,false,ultralytics_yolov8s,D:\models\ultralytics\yolov8s.pt,backend_status=available; plug-in detection row only
GM_RM017,ultralytics_yolov8s_downloaded,167,D:\profile\research\data\GM_RM017\GM_RM017_frames\000167.png,GM_RM017_000167_ultralytics_yolov8s_downloaded_001,car,0.919573009,313.497,301.892,599.788,401.694,28572.297,true,ultralytics_yolov8s,D:\models\ultralytics\yolov8s.pt,backend_status=available; plug-in detection row only
GM_RM017,ultralytics_yolov8s_downloaded,167,D:\profile\research\data\GM_RM017\GM_RM017_frames\000167.png,GM_RM017_000167_ultralytics_yolov8s_downloaded_002,fire hydrant,0.919463158,443.773,409.627,488.993,503.207,4231.762,false,ultralytics_yolov8s,D:\models\ultralytics\yolov8s.pt,backend_status=available; plug-in detection row only
GM_RM017,ultralytics_yolov8s_downloaded,167,D:\profile\research\data\GM_RM017\GM_RM017_frames\000167.png,GM_RM017_000167_ultralytics_yolov8s_downloaded_003,car,0.907041192,100.274,297.978,325.035,389.657,20605.906,true,ultralytics_yolov8s,D:\models\ultralytics\yolov8s.pt,backend_status=available; plug-in detection row only
GM_RM017,ultralytics_yolov8s_downloaded,167,D:\profile\research\data\GM_RM017\GM_RM017_frames\000167.png,GM_RM017_000167_ultralytics_yolov8s_downloaded_004,car,0.858952582,0.098,320.278,149.086,384.238,9529.181,true,ultralytics_yolov8s,D:\models\ultralytics\yolov8s.pt,backend_status=available; plug-in detection row only
GM_RM017,ultralytics_yolov8s_downloaded,167,D:\profile\research\data\GM_RM017\GM_RM017_frames\000167.png,GM_RM017_000167_ultralytics_yolov8s_downloaded_005,potted plant,0.253139108,638.573,323.977,718.033,410.063,6840.398,false,ultralytics_yolov8s,D:\models\ultralytics\yolov8s.pt,backend_status=available; plug-in detection row only
GM_RM017,ultralytics_yolov8s_downloaded,168,D:\profile\research\data\GM_RM017\GM_RM017_frames\000168.png,GM_RM017_000168_ultralytics_yolov8s_downloaded_001,car,0.924073100,337.414,301.009,626.483,402.959,29470.372,true,ultralytics_yolov8s,D:\models\ultralytics\yolov8s.pt,backend_status=available; plug-in detection row only
GM_RM017,ultralytics_yolov8s_downloaded,168,D:\profile\research\data\GM_RM017\GM_RM017_frames\000168.png,GM_RM017_000168_ultralytics_yolov8s_downloaded_002,car,0.906612575,115.185,297.665,343.884,389.697,21047.643,true,ultralytics_yolov8s,D:\models\ultralytics\yolov8s.pt,backend_status=available; plug-in detection row only
GM_RM017,ultralytics_yolov8s_downloaded,168,D:\profile\research\data\GM_RM017\GM_RM017_frames\000168.png,GM_RM017_000168_ultralytics_yolov8s_downloaded_003,car,0.868275821,0.000,320.166,162.448,384.904,10516.579,true,ultralytics_yolov8s,D:\models\ultralytics\yolov8s.pt,backend_status=available; plug-in detection row only
GM_RM017,ultralytics_yolov8s_downloaded,168,D:\profile\research\data\GM_RM017\GM_RM017_frames\000168.png,GM_RM017_000168_ultralytics_yolov8s_downloaded_004,fire hydrant,0.866732240,492.854,404.032,546.213,503.886,5328.060,false,ultralytics_yolov8s,D:\models\ultralytics\yolov8s.pt,backend_status=available; plug-in detection row only
GM_RM017,ultralytics_yolov8s_downloaded,168,D:\profile\research\data\GM_RM017\GM_RM017_frames\000168.png,GM_RM017_000168_ultralytics_yolov8s_downloaded_005,potted plant,0.399892211,665.532,313.965,752.200,410.119,8333.418,false,ultralytics_yolov8s,D:\models\ultralytics\yolov8s.pt,backend_status=available; plug-in detection row only
GM_RM017,ultralytics_yolov8s_downloaded,169,D:\profile\research\data\GM_RM017\GM_RM017_frames\000169.png,GM_RM017_000169_ultralytics_yolov8s_downloaded_001,car,0.931948185,364.018,298.095,655.714,399.778,29660.407,true,ultralytics_yolov8s,D:\models\ultralytics\yolov8s.pt,backend_status=available; plug-in detection row only
GM_RM017,ultralytics_yolov8s_downloaded,169,D:\profile\research\data\GM_RM017\GM_RM017_frames\000169.png,GM_RM017_000169_ultralytics_yolov8s_downloaded_002,car,0.902997077,135.067,294.123,361.135,387.690,21152.689,true,ultralytics_yolov8s,D:\models\ultralytics\yolov8s.pt,backend_status=available; plug-in detection row only
GM_RM017,ultralytics_yolov8s_downloaded,169,D:\profile\research\data\GM_RM017\GM_RM017_frames\000169.png,GM_RM017_000169_ultralytics_yolov8s_downloaded_003,car,0.884926915,11.653,318.837,179.148,382.920,10733.738,true,ultralytics_yolov8s,D:\models\ultralytics\yolov8s.pt,backend_status=available; plug-in detection row only
GM_RM017,ultralytics_yolov8s_downloaded,169,D:\profile\research\data\GM_RM017\GM_RM017_frames\000169.png,GM_RM017_000169_ultralytics_yolov8s_downloaded_004,fire hydrant,0.833290398,555.256,399.300,601.054,501.791,4693.895,false,ultralytics_yolov8s,D:\models\ultralytics\yolov8s.pt,backend_status=available; plug-in detection row only
GM_RM017,ultralytics_yolov8s_downloaded,169,D:\profile\research\data\GM_RM017\GM_RM017_frames\000169.png,GM_RM017_000169_ultralytics_yolov8s_downloaded_005,potted plant,0.516786218,695.187,306.357,799.161,407.787,10546.118,false,ultralytics_yolov8s,D:\models\ultralytics\yolov8s.pt,backend_status=available; plug-in detection row only
GM_RM017,ultralytics_yolov8s_downloaded,170,D:\profile\research\data\GM_RM017\GM_RM017_frames\000170.png,GM_RM017_000170_ultralytics_yolov8s_downloaded_001,car,0.926273823,387.830,295.622,684.465,398.894,30633.939,true,ultralytics_yolov8s,D:\models\ultralytics\yolov8s.pt,backend_status=available; plug-in detection row only
GM_RM017,ultralytics_yolov8s_downloaded,170,D:\profile\research\data\GM_RM017\GM_RM017_frames\000170.png,GM_RM017_000170_ultralytics_yolov8s_downloaded_002,car,0.906964660,159.080,293.570,381.641,387.957,21006.934,true,ultralytics_yolov8s,D:\models\ultralytics\yolov8s.pt,backend_status=available; plug-in detection row only
GM_RM017,ultralytics_yolov8s_downloaded,170,D:\profile\research\data\GM_RM017\GM_RM017_frames\000170.png,GM_RM017_000170_ultralytics_yolov8s_downloaded_003,car,0.883756876,26.154,318.858,194.172,382.592,10708.510,true,ultralytics_yolov8s,D:\models\ultralytics\yolov8s.pt,backend_status=available; plug-in detection row only
GM_RM017,ultralytics_yolov8s_downloaded,170,D:\profile\research\data\GM_RM017\GM_RM017_frames\000170.png,GM_RM017_000170_ultralytics_yolov8s_downloaded_004,fire hydrant,0.823714256,609.095,397.757,660.153,501.684,5306.330,false,ultralytics_yolov8s,D:\models\ultralytics\yolov8s.pt,backend_status=available; plug-in detection row only
GM_RM017,ultralytics_yolov8s_downloaded,170,D:\profile\research\data\GM_RM017\GM_RM017_frames\000170.png,GM_RM017_000170_ultralytics_yolov8s_downloaded_005,car,0.273096859,776.823,272.451,799.786,320.319,1099.189,true,ultralytics_yolov8s,D:\models\ultralytics\yolov8s.pt,backend_status=available; plug-in detection row only
GM_RM017,ultralytics_yolov8s_downloaded,171,D:\profile\research\data\GM_RM017\GM_RM017_frames\000171.png,GM_RM017_000171_ultralytics_yolov8s_downloaded_001,car,0.925755560,178.053,291.581,401.343,387.161,21342.194,true,ultralytics_yolov8s,D:\models\ultralytics\yolov8s.pt,backend_status=available; plug-in detection row only
GM_RM017,ultralytics_yolov8s_downloaded,171,D:\profile\research\data\GM_RM017\GM_RM017_frames\000171.png,GM_RM017_000171_ultralytics_yolov8s_downloaded_002,car,0.916805387,412.625,294.562,716.615,398.018,31449.476,true,ultralytics_yolov8s,D:\models\ultralytics\yolov8s.pt,backend_status=available; plug-in detection row only
GM_RM017,ultralytics_yolov8s_downloaded,171,D:\profile\research\data\GM_RM017\GM_RM017_frames\000171.png,GM_RM017_000171_ultralytics_yolov8s_downloaded_003,car,0.882924676,42.259,317.726,209.685,382.085,10775.418,true,ultralytics_yolov8s,D:\models\ultralytics\yolov8s.pt,backend_status=available; plug-in detection row only
GM_RM017,ultralytics_yolov8s_downloaded,171,D:\profile\research\data\GM_RM017\GM_RM017_frames\000171.png,GM_RM017_000171_ultralytics_yolov8s_downloaded_004,fire hydrant,0.842697501,668.553,397.269,723.121,502.181,5724.783,false,ultralytics_yolov8s,D:\models\ultralytics\yolov8s.pt,backend_status=available; plug-in detection row only
GM_RM017,ultralytics_yolov8s_downloaded,171,D:\profile\research\data\GM_RM017\GM_RM017_frames\000171.png,GM_RM017_000171_ultralytics_yolov8s_downloaded_005,potted plant,0.272371233,752.294,311.585,799.581,392.554,3828.806,false,ultralytics_yolov8s,D:\models\ultralytics\yolov8s.pt,backend_status=available; plug-in detection row only
GM_RM017,ultralytics_yolov8s_downloaded,172,D:\profile\research\data\GM_RM017\GM_RM017_frames\000172.png,GM_RM017_000172_ultralytics_yolov8s_downloaded_001,car,0.925194204,437.585,294.455,745.429,398.981,32177.484,true,ultralytics_yolov8s,D:\models\ultralytics\yolov8s.pt,backend_status=available; plug-in detection row only
GM_RM017,ultralytics_yolov8s_downloaded,172,D:\profile\research\data\GM_RM017\GM_RM017_frames\000172.png,GM_RM017_000172_ultralytics_yolov8s_downloaded_002,car,0.912197948,196.747,292.654,421.460,388.136,21456.257,true,ultralytics_yolov8s,D:\models\ultralytics\yolov8s.pt,backend_status=available; plug-in detection row only
GM_RM017,ultralytics_yolov8s_downloaded,172,D:\profile\research\data\GM_RM017\GM_RM017_frames\000172.png,GM_RM017_000172_ultralytics_yolov8s_downloaded_003,car,0.884205341,56.426,318.954,225.534,382.256,10704.959,true,ultralytics_yolov8s,D:\models\ultralytics\yolov8s.pt,backend_status=available; plug-in detection row only
GM_RM017,ultralytics_yolov8s_downloaded,172,D:\profile\research\data\GM_RM017\GM_RM017_frames\000172.png,GM_RM017_000172_ultralytics_yolov8s_downloaded_004,fire hydrant,0.878570259,731.896,398.326,787.091,504.526,5861.752,false,ultralytics_yolov8s,D:\models\ultralytics\yolov8s.pt,backend_status=available; plug-in detection row only
GM_RM017,ultralytics_yolov8s_downloaded,173,D:\profile\research\data\GM_RM017\GM_RM017_frames\000173.png,GM_RM017_000173_ultralytics_yolov8s_downloaded_001,car,0.923460901,215.639,290.538,440.843,387.288,21788.475,true,ultralytics_yolov8s,D:\models\ultralytics\yolov8s.pt,backend_status=available; plug-in detection row only
GM_RM017,ultralytics_yolov8s_downloaded,173,D:\profile\research\data\GM_RM017\GM_RM017_frames\000173.png,GM_RM017_000173_ultralytics_yolov8s_downloaded_002,car,0.922865272,464.073,292.478,777.873,396.794,32734.184,true,ultralytics_yolov8s,D:\models\ultralytics\yolov8s.pt,backend_status=available; plug-in detection row only
GM_RM017,ultralytics_yolov8s_downloaded,173,D:\profile\research\data\GM_RM017\GM_RM017_frames\000173.png,GM_RM017_000173_ultralytics_yolov8s_downloaded_003,car,0.886616230,72.515,317.455,243.050,381.946,10997.874,true,ultralytics_yolov8s,D:\models\ultralytics\yolov8s.pt,backend_status=available; plug-in detection row only
GM_RM017,ultralytics_yolov8s_downloaded,174,D:\profile\research\data\GM_RM017\GM_RM017_frames\000174.png,GM_RM017_000174_ultralytics_yolov8s_downloaded_001,car,0.917943060,235.841,288.433,463.357,387.125,22453.931,true,ultralytics_yolov8s,D:\models\ultralytics\yolov8s.pt,backend_status=available; plug-in detection row only
GM_RM017,ultralytics_yolov8s_downloaded,174,D:\profile\research\data\GM_RM017\GM_RM017_frames\000174.png,GM_RM017_000174_ultralytics_yolov8s_downloaded_002,car,0.906276345,490.043,290.515,799.424,395.696,32541.244,true,ultralytics_yolov8s,D:\models\ultralytics\yolov8s.pt,backend_status=available; plug-in detection row only
GM_RM017,ultralytics_yolov8s_downloaded,174,D:\profile\research\data\GM_RM017\GM_RM017_frames\000174.png,GM_RM017_000174_ultralytics_yolov8s_downloaded_003,car,0.882034838,88.990,317.132,261.624,382.416,11270.197,true,ultralytics_yolov8s,D:\models\ultralytics\yolov8s.pt,backend_status=available; plug-in detection row only
GM_RM017,ultralytics_yolov8s_downloaded,175,D:\profile\research\data\GM_RM017\GM_RM017_frames\000175.png,GM_RM017_000175_ultralytics_yolov8s_downloaded_001,car,0.920309782,515.006,291.517,799.810,396.153,29800.496,true,ultralytics_yolov8s,D:\models\ultralytics\yolov8s.pt,backend_status=available; plug-in detection row only
GM_RM017,ultralytics_yolov8s_downloaded,175,D:\profile\research\data\GM_RM017\GM_RM017_frames\000175.png,GM_RM017_000175_ultralytics_yolov8s_downloaded_002,car,0.908974349,255.933,289.194,484.828,388.699,22776.150,true,ultralytics_yolov8s,D:\models\ultralytics\yolov8s.pt,backend_status=available; plug-in detection row only
GM_RM017,ultralytics_yolov8s_downloaded,175,D:\profile\research\data\GM_RM017\GM_RM017_frames\000175.png,GM_RM017_000175_ultralytics_yolov8s_downloaded_003,car,0.895314991,105.150,318.801,277.971,383.716,11218.685,true,ultralytics_yolov8s,D:\models\ultralytics\yolov8s.pt,backend_status=available; plug-in detection row only
GM_RM017,ultralytics_yolov8s_downloaded,176,D:\profile\research\data\GM_RM017\GM_RM017_frames\000176.png,GM_RM017_000176_ultralytics_yolov8s_downloaded_001,car,0.919850111,274.548,285.122,505.160,385.359,23115.915,true,ultralytics_yolov8s,D:\models\ultralytics\yolov8s.pt,backend_status=available; plug-in detection row only
GM_RM017,ultralytics_yolov8s_downloaded,176,D:\profile\research\data\GM_RM017\GM_RM017_frames\000176.png,GM_RM017_000176_ultralytics_yolov8s_downloaded_002,car,0.915238738,540.197,289.122,799.593,394.552,27348.057,true,ultralytics_yolov8s,D:\models\ultralytics\yolov8s.pt,backend_status=available; plug-in detection row only
GM_RM017,ultralytics_yolov8s_downloaded,176,D:\profile\research\data\GM_RM017\GM_RM017_frames\000176.png,GM_RM017_000176_ultralytics_yolov8s_downloaded_003,car,0.893641114,117.516,314.502,293.968,380.360,11620.680,true,ultralytics_yolov8s,D:\models\ultralytics\yolov8s.pt,backend_status=available; plug-in detection row only
GM_RM017,ultralytics_yolov8s_downloaded,177,D:\profile\research\data\GM_RM017\GM_RM017_frames\000177.png,GM_RM017_000177_ultralytics_yolov8s_downloaded_001,car,0.912939370,291.944,282.374,524.614,382.034,23187.959,true,ultralytics_yolov8s,D:\models\ultralytics\yolov8s.pt,backend_status=available; plug-in detection row only
GM_RM017,ultralytics_yolov8s_downloaded,177,D:\profile\research\data\GM_RM017\GM_RM017_frames\000177.png,GM_RM017_000177_ultralytics_yolov8s_downloaded_002,car,0.908713937,562.497,286.002,799.469,391.287,24949.411,true,ultralytics_yolov8s,D:\models\ultralytics\yolov8s.pt,backend_status=available; plug-in detection row only
GM_RM017,ultralytics_yolov8s_downloaded,177,D:\profile\research\data\GM_RM017\GM_RM017_frames\000177.png,GM_RM017_000177_ultralytics_yolov8s_downloaded_003,car,0.868678451,131.156,310.276,310.826,376.547,11906.918,true,ultralytics_yolov8s,D:\models\ultralytics\yolov8s.pt,backend_status=available; plug-in detection row only
GM_RM017,ultralytics_yolov8s_downloaded,178,D:\profile\research\data\GM_RM017\GM_RM017_frames\000178.png,GM_RM017_000178_ultralytics_yolov8s_downloaded_001,car,0.917966783,588.451,282.102,799.759,390.072,22814.762,true,ultralytics_yolov8s,D:\models\ultralytics\yolov8s.pt,backend_status=available; plug-in detection row only
GM_RM017,ultralytics_yolov8s_downloaded,178,D:\profile\research\data\GM_RM017\GM_RM017_frames\000178.png,GM_RM017_000178_ultralytics_yolov8s_downloaded_002,car,0.908788741,311.409,281.612,546.497,381.085,23384.796,true,ultralytics_yolov8s,D:\models\ultralytics\yolov8s.pt,backend_status=available; plug-in detection row only
GM_RM017,ultralytics_yolov8s_downloaded,178,D:\profile\research\data\GM_RM017\GM_RM017_frames\000178.png,GM_RM017_000178_ultralytics_yolov8s_downloaded_003,car,0.882688046,147.714,308.244,331.792,375.228,12330.255,true,ultralytics_yolov8s,D:\models\ultralytics\yolov8s.pt,backend_status=available; plug-in detection row only
GM_RM017,ultralytics_yolov8s_downloaded,179,D:\profile\research\data\GM_RM017\GM_RM017_frames\000179.png,GM_RM017_000179_ultralytics_yolov8s_downloaded_001,car,0.933603764,614.265,284.800,799.300,391.358,19717.005,true,ultralytics_yolov8s,D:\models\ultralytics\yolov8s.pt,backend_status=available; plug-in detection row only
GM_RM017,ultralytics_yolov8s_downloaded,179,D:\profile\research\data\GM_RM017\GM_RM017_frames\000179.png,GM_RM017_000179_ultralytics_yolov8s_downloaded_002,car,0.915931404,332.513,283.630,568.718,383.067,23487.643,true,ultralytics_yolov8s,D:\models\ultralytics\yolov8s.pt,backend_status=available; plug-in detection row only
GM_RM017,ultralytics_yolov8s_downloaded,179,D:\profile\research\data\GM_RM017\GM_RM017_frames\000179.png,GM_RM017_000179_ultralytics_yolov8s_downloaded_003,car,0.863548875,162.930,309.762,354.099,377.204,12892.892,true,ultralytics_yolov8s,D:\models\ultralytics\yolov8s.pt,backend_status=available; plug-in detection row only
GM_RM017,ultralytics_yolov8s_downloaded,180,D:\profile\research\data\GM_RM017\GM_RM017_frames\000180.png,GM_RM017_000180_ultralytics_yolov8s_downloaded_001,car,0.917121947,353.400,282.286,591.720,383.386,24094.155,true,ultralytics_yolov8s,D:\models\ultralytics\yolov8s.pt,backend_status=available; plug-in detection row only
GM_RM017,ultralytics_yolov8s_downloaded,180,D:\profile\research\data\GM_RM017\GM_RM017_frames\000180.png,GM_RM017_000180_ultralytics_yolov8s_downloaded_002,car,0.914340794,640.848,287.657,799.662,393.554,16817.876,true,ultralytics_yolov8s,D:\models\ultralytics\yolov8s.pt,backend_status=available; plug-in detection row only
GM_RM017,ultralytics_yolov8s_downloaded,180,D:\profile\research\data\GM_RM017\GM_RM017_frames\000180.png,GM_RM017_000180_ultralytics_yolov8s_downloaded_003,car,0.869044900,179.232,311.586,371.032,379.601,13045.238,true,ultralytics_yolov8s,D:\models\ultralytics\yolov8s.pt,backend_status=available; plug-in detection row only
GM_RM017,ultralytics_yolov8s_downloaded,181,D:\profile\research\data\GM_RM017\GM_RM017_frames\000181.png,GM_RM017_000181_ultralytics_yolov8s_downloaded_001,car,0.917893052,374.365,282.922,615.345,383.712,24288.316,true,ultralytics_yolov8s,D:\models\ultralytics\yolov8s.pt,backend_status=available; plug-in detection row only
GM_RM017,ultralytics_yolov8s_downloaded,181,D:\profile\research\data\GM_RM017\GM_RM017_frames\000181.png,GM_RM017_000181_ultralytics_yolov8s_downloaded_002,car,0.905593514,667.417,291.129,799.726,392.549,13418.712,true,ultralytics_yolov8s,D:\models\ultralytics\yolov8s.pt,backend_status=available; plug-in detection row only
GM_RM017,ultralytics_yolov8s_downloaded,181,D:\profile\research\data\GM_RM017\GM_RM017_frames\000181.png,GM_RM017_000181_ultralytics_yolov8s_downloaded_003,car,0.873719573,195.821,311.583,387.939,380.256,13193.265,true,ultralytics_yolov8s,D:\models\ultralytics\yolov8s.pt,backend_status=available; plug-in detection row only
GM_RM017,ultralytics_yolov8s_downloaded,182,D:\profile\research\data\GM_RM017\GM_RM017_frames\000182.png,GM_RM017_000182_ultralytics_yolov8s_downloaded_001,car,0.919108152,395.410,282.781,639.136,385.296,24985.642,true,ultralytics_yolov8s,D:\models\ultralytics\yolov8s.pt,backend_status=available; plug-in detection row only
GM_RM017,ultralytics_yolov8s_downloaded,182,D:\profile\research\data\GM_RM017\GM_RM017_frames\000182.png,GM_RM017_000182_ultralytics_yolov8s_downloaded_002,car,0.891108632,211.551,313.243,405.233,381.783,13274.833,true,ultralytics_yolov8s,D:\models\ultralytics\yolov8s.pt,backend_status=available; plug-in detection row only
GM_RM017,ultralytics_yolov8s_downloaded,182,D:\profile\research\data\GM_RM017\GM_RM017_frames\000182.png,GM_RM017_000182_ultralytics_yolov8s_downloaded_003,car,0.888161302,695.395,298.413,799.495,393.274,9875.005,true,ultralytics_yolov8s,D:\models\ultralytics\yolov8s.pt,backend_status=available; plug-in detection row only
GM_RM017,ultralytics_yolov8s_downloaded,183,D:\profile\research\data\GM_RM017\GM_RM017_frames\000183.png,GM_RM017_000183_ultralytics_yolov8s_downloaded_001,car,0.923804522,416.096,282.797,663.097,385.455,25356.669,true,ultralytics_yolov8s,D:\models\ultralytics\yolov8s.pt,backend_status=available; plug-in detection row only
GM_RM017,ultralytics_yolov8s_downloaded,183,D:\profile\research\data\GM_RM017\GM_RM017_frames\000183.png,GM_RM017_000183_ultralytics_yolov8s_downloaded_002,car,0.890082538,228.383,312.870,423.948,381.249,13372.604,true,ultralytics_yolov8s,D:\models\ultralytics\yolov8s.pt,backend_status=available; plug-in detection row only
GM_RM017,ultralytics_yolov8s_downloaded,183,D:\profile\research\data\GM_RM017\GM_RM017_frames\000183.png,GM_RM017_000183_ultralytics_yolov8s_downloaded_003,car,0.858957291,722.902,317.956,799.691,383.124,5004.142,true,ultralytics_yolov8s,D:\models\ultralytics\yolov8s.pt,backend_status=available; plug-in detection row only
GM_RM017,ultralytics_yolov8s_downloaded,184,D:\profile\research\data\GM_RM017\GM_RM017_frames\000184.png,GM_RM017_000184_ultralytics_yolov8s_downloaded_001,car,0.921658754,436.994,281.787,685.730,384.556,25562.324,true,ultralytics_yolov8s,D:\models\ultralytics\yolov8s.pt,backend_status=available; plug-in detection row only
GM_RM017,ultralytics_yolov8s_downloaded,184,D:\profile\research\data\GM_RM017\GM_RM017_frames\000184.png,GM_RM017_000184_ultralytics_yolov8s_downloaded_002,car,0.890478194,243.775,312.562,443.160,382.041,13853.190,true,ultralytics_yolov8s,D:\models\ultralytics\yolov8s.pt,backend_status=available; plug-in detection row only
GM_RM017,ultralytics_yolov8s_downloaded,184,D:\profile\research\data\GM_RM017\GM_RM017_frames\000184.png,GM_RM017_000184_ultralytics_yolov8s_downloaded_003,car,0.775640965,750.615,318.058,799.573,377.425,2906.499,true,ultralytics_yolov8s,D:\models\ultralytics\yolov8s.pt,backend_status=available; plug-in detection row only
GM_RM017,ultralytics_yolov8s_downloaded,185,D:\profile\research\data\GM_RM017\GM_RM017_frames\000185.png,GM_RM017_000185_ultralytics_yolov8s_downloaded_001,car,0.918260694,458.073,278.420,709.343,381.706,25952.572,true,ultralytics_yolov8s,D:\models\ultralytics\yolov8s.pt,backend_status=available; plug-in detection row only
GM_RM017,ultralytics_yolov8s_downloaded,185,D:\profile\research\data\GM_RM017\GM_RM017_frames\000185.png,GM_RM017_000185_ultralytics_yolov8s_downloaded_002,car,0.877481818,262.110,308.432,462.240,379.372,14197.288,true,ultralytics_yolov8s,D:\models\ultralytics\yolov8s.pt,backend_status=available; plug-in detection row only
GM_RM017,ultralytics_yolov8s_downloaded,185,D:\profile\research\data\GM_RM017\GM_RM017_frames\000185.png,GM_RM017_000185_ultralytics_yolov8s_downloaded_003,car,0.704230845,777.256,318.892,799.785,370.642,1165.855,true,ultralytics_yolov8s,D:\models\ultralytics\yolov8s.pt,backend_status=available; plug-in detection row only
GM_RM017,ultralytics_yolov8s_downloaded,186,D:\profile\research\data\GM_RM017\GM_RM017_frames\000186.png,GM_RM017_000186_ultralytics_yolov8s_downloaded_001,car,0.916898012,478.685,279.320,734.226,384.238,26810.932,true,ultralytics_yolov8s,D:\models\ultralytics\yolov8s.pt,backend_status=available; plug-in detection row only
GM_RM017,ultralytics_yolov8s_downloaded,186,D:\profile\research\data\GM_RM017\GM_RM017_frames\000186.png,GM_RM017_000186_ultralytics_yolov8s_downloaded_002,car,0.895453870,276.717,310.804,480.602,380.319,14173.109,true,ultralytics_yolov8s,D:\models\ultralytics\yolov8s.pt,backend_status=available; plug-in detection row only
GM_RM017,ultralytics_yolov8s_downloaded,187,D:\profile\research\data\GM_RM017\GM_RM017_frames\000187.png,GM_RM017_000187_ultralytics_yolov8s_downloaded_001,car,0.916760206,499.711,278.963,759.757,383.964,27305.145,true,ultralytics_yolov8s,D:\models\ultralytics\yolov8s.pt,backend_status=available; plug-in detection row only
GM_RM017,ultralytics_yolov8s_downloaded,187,D:\profile\research\data\GM_RM017\GM_RM017_frames\000187.png,GM_RM017_000187_ultralytics_yolov8s_downloaded_002,car,0.916128874,293.071,310.957,499.954,383.289,14964.223,true,ultralytics_yolov8s,D:\models\ultralytics\yolov8s.pt,backend_status=available; plug-in detection row only
GM_RM017,ultralytics_yolov8s_downloaded,188,D:\profile\research\data\GM_RM017\GM_RM017_frames\000188.png,GM_RM017_000188_ultralytics_yolov8s_downloaded_001,car,0.918844163,521.503,277.464,785.528,384.117,28159.142,true,ultralytics_yolov8s,D:\models\ultralytics\yolov8s.pt,backend_status=available; plug-in detection row only
GM_RM017,ultralytics_yolov8s_downloaded,188,D:\profile\research\data\GM_RM017\GM_RM017_frames\000188.png,GM_RM017_000188_ultralytics_yolov8s_downloaded_002,car,0.895970702,309.665,311.810,520.270,382.595,14907.711,true,ultralytics_yolov8s,D:\models\ultralytics\yolov8s.pt,backend_status=available; plug-in detection row only
GM_RM017,ultralytics_yolov8s_downloaded,188,D:\profile\research\data\GM_RM017\GM_RM017_frames\000188.png,GM_RM017_000188_ultralytics_yolov8s_downloaded_003,traffic light,0.395830721,334.788,5.577,392.987,128.216,7137.471,false,ultralytics_yolov8s,D:\models\ultralytics\yolov8s.pt,backend_status=available; plug-in detection row only
GM_RM017,ultralytics_yolov8s_downloaded,189,D:\profile\research\data\GM_RM017\GM_RM017_frames\000189.png,GM_RM017_000189_ultralytics_yolov8s_downloaded_001,car,0.928975523,541.846,274.884,799.783,381.279,27443.181,true,ultralytics_yolov8s,D:\models\ultralytics\yolov8s.pt,backend_status=available; plug-in detection row only
GM_RM017,ultralytics_yolov8s_downloaded,189,D:\profile\research\data\GM_RM017\GM_RM017_frames\000189.png,GM_RM017_000189_ultralytics_yolov8s_downloaded_002,car,0.914898872,328.125,309.136,540.816,381.026,15290.226,true,ultralytics_yolov8s,D:\models\ultralytics\yolov8s.pt,backend_status=available; plug-in detection row only
GM_RM017,ultralytics_yolov8s_downloaded,190,D:\profile\research\data\GM_RM017\GM_RM017_frames\000190.png,GM_RM017_000190_ultralytics_yolov8s_downloaded_001,car,0.919475138,562.458,273.413,799.596,381.404,25608.882,true,ultralytics_yolov8s,D:\models\ultralytics\yolov8s.pt,backend_status=available; plug-in detection row only
GM_RM017,ultralytics_yolov8s_downloaded,190,D:\profile\research\data\GM_RM017\GM_RM017_frames\000190.png,GM_RM017_000190_ultralytics_yolov8s_downloaded_002,car,0.892379463,343.530,309.868,558.659,381.153,15335.518,true,ultralytics_yolov8s,D:\models\ultralytics\yolov8s.pt,backend_status=available; plug-in detection row only
GM_RM017,ultralytics_yolov8s_downloaded,191,D:\profile\research\data\GM_RM017\GM_RM017_frames\000191.png,GM_RM017_000191_ultralytics_yolov8s_downloaded_001,car,0.920023203,584.773,273.193,799.514,380.510,23045.458,true,ultralytics_yolov8s,D:\models\ultralytics\yolov8s.pt,backend_status=available; plug-in detection row only
GM_RM017,ultralytics_yolov8s_downloaded,191,D:\profile\research\data\GM_RM017\GM_RM017_frames\000191.png,GM_RM017_000191_ultralytics_yolov8s_downloaded_002,car,0.871988416,360.049,307.743,555.953,379.407,14039.151,true,ultralytics_yolov8s,D:\models\ultralytics\yolov8s.pt,backend_status=available; plug-in detection row only
GM_RM017,ultralytics_yolov8s_downloaded,192,D:\profile\research\data\GM_RM017\GM_RM017_frames\000192.png,GM_RM017_000192_ultralytics_yolov8s_downloaded_001,car,0.897738934,377.015,306.752,597.395,377.379,15564.759,true,ultralytics_yolov8s,D:\models\ultralytics\yolov8s.pt,backend_status=available; plug-in detection row only
GM_RM017,ultralytics_yolov8s_downloaded,192,D:\profile\research\data\GM_RM017\GM_RM017_frames\000192.png,GM_RM017_000192_ultralytics_yolov8s_downloaded_002,car,0.831028879,602.195,272.821,798.885,380.530,21185.189,true,ultralytics_yolov8s,D:\models\ultralytics\yolov8s.pt,backend_status=available; plug-in detection row only
GM_RM017,ultralytics_yolov8s_downloaded,193,D:\profile\research\data\GM_RM017\GM_RM017_frames\000193.png,GM_RM017_000193_ultralytics_yolov8s_downloaded_001,car,0.922192097,627.256,272.828,799.425,377.247,17977.704,true,ultralytics_yolov8s,D:\models\ultralytics\yolov8s.pt,backend_status=available; plug-in detection row only
GM_RM017,ultralytics_yolov8s_downloaded,193,D:\profile\research\data\GM_RM017\GM_RM017_frames\000193.png,GM_RM017_000193_ultralytics_yolov8s_downloaded_002,car,0.899462819,394.094,305.302,617.517,375.596,15705.312,true,ultralytics_yolov8s,D:\models\ultralytics\yolov8s.pt,backend_status=available; plug-in detection row only
GM_RM017,ultralytics_yolov8s_downloaded,194,D:\profile\research\data\GM_RM017\GM_RM017_frames\000194.png,GM_RM017_000194_ultralytics_yolov8s_downloaded_001,car,0.902145982,412.126,305.458,636.810,375.420,15719.362,true,ultralytics_yolov8s,D:\models\ultralytics\yolov8s.pt,backend_status=available; plug-in detection row only
GM_RM017,ultralytics_yolov8s_downloaded,194,D:\profile\research\data\GM_RM017\GM_RM017_frames\000194.png,GM_RM017_000194_ultralytics_yolov8s_downloaded_002,car,0.822589457,648.188,276.457,799.490,380.467,15736.981,true,ultralytics_yolov8s,D:\models\ultralytics\yolov8s.pt,backend_status=available; plug-in detection row only
GM_RM017,ultralytics_yolov8s_downloaded,195,D:\profile\research\data\GM_RM017\GM_RM017_frames\000195.png,GM_RM017_000195_ultralytics_yolov8s_downloaded_001,car,0.909115016,430.290,304.023,655.658,373.669,15696.008,true,ultralytics_yolov8s,D:\models\ultralytics\yolov8s.pt,backend_status=available; plug-in detection row only
GM_RM017,ultralytics_yolov8s_downloaded,195,D:\profile\research\data\GM_RM017\GM_RM017_frames\000195.png,GM_RM017_000195_ultralytics_yolov8s_downloaded_002,car,0.848738015,668.926,280.433,799.569,379.211,12904.625,true,ultralytics_yolov8s,D:\models\ultralytics\yolov8s.pt,backend_status=available; plug-in detection row only
GM_RM017,ultralytics_yolov8s_downloaded,196,D:\profile\research\data\GM_RM017\GM_RM017_frames\000196.png,GM_RM017_000196_ultralytics_yolov8s_downloaded_001,car,0.895243108,445.878,301.419,674.572,372.025,16147.259,true,ultralytics_yolov8s,D:\models\ultralytics\yolov8s.pt,backend_status=available; plug-in detection row only
GM_RM017,ultralytics_yolov8s_downloaded,196,D:\profile\research\data\GM_RM017\GM_RM017_frames\000196.png,GM_RM017_000196_ultralytics_yolov8s_downloaded_002,car,0.885143101,690.940,280.657,799.720,376.377,10412.450,true,ultralytics_yolov8s,D:\models\ultralytics\yolov8s.pt,backend_status=available; plug-in detection row only
GM_RM017,ultralytics_yolov8s_downloaded,197,D:\profile\research\data\GM_RM017\GM_RM017_frames\000197.png,GM_RM017_000197_ultralytics_yolov8s_downloaded_001,car,0.903258801,463.674,299.357,694.922,370.249,16393.639,true,ultralytics_yolov8s,D:\models\ultralytics\yolov8s.pt,backend_status=available; plug-in detection row only
GM_RM017,ultralytics_yolov8s_downloaded,197,D:\profile\research\data\GM_RM017\GM_RM017_frames\000197.png,GM_RM017_000197_ultralytics_yolov8s_downloaded_002,car,0.878335834,713.383,284.408,799.564,374.901,7798.789,true,ultralytics_yolov8s,D:\models\ultralytics\yolov8s.pt,backend_status=available; plug-in detection row only
GM_RM017,ultralytics_yolov8s_downloaded,198,D:\profile\research\data\GM_RM017\GM_RM017_frames\000198.png,GM_RM017_000198_ultralytics_yolov8s_downloaded_001,car,0.900929928,482.432,298.593,717.923,370.264,16877.735,true,ultralytics_yolov8s,D:\models\ultralytics\yolov8s.pt,backend_status=available; plug-in detection row only
GM_RM017,ultralytics_yolov8s_downloaded,198,D:\profile\research\data\GM_RM017\GM_RM017_frames\000198.png,GM_RM017_000198_ultralytics_yolov8s_downloaded_002,car,0.847450137,737.123,295.243,799.715,368.903,4610.528,true,ultralytics_yolov8s,D:\models\ultralytics\yolov8s.pt,backend_status=available; plug-in detection row only
GM_RM017,ultralytics_yolov8s_downloaded,199,D:\profile\research\data\GM_RM017\GM_RM017_frames\000199.png,GM_RM017_000199_ultralytics_yolov8s_downloaded_001,car,0.891436636,500.924,299.990,739.269,371.973,17156.722,true,ultralytics_yolov8s,D:\models\ultralytics\yolov8s.pt,backend_status=available; plug-in detection row only
GM_RM017,ultralytics_yolov8s_downloaded,199,D:\profile\research\data\GM_RM017\GM_RM017_frames\000199.png,GM_RM017_000199_ultralytics_yolov8s_downloaded_002,car,0.830206811,760.823,307.459,799.498,370.057,2420.964,true,ultralytics_yolov8s,D:\models\ultralytics\yolov8s.pt,backend_status=available; plug-in detection row only
GM_RM017,ultralytics_yolov8s_downloaded,200,D:\profile\research\data\GM_RM017\GM_RM017_frames\000200.png,GM_RM017_000200_ultralytics_yolov8s_downloaded_001,car,0.881055772,520.242,299.712,761.575,370.986,17200.757,true,ultralytics_yolov8s,D:\models\ultralytics\yolov8s.pt,backend_status=available; plug-in detection row only
GM_RM017,ultralytics_yolov8s_downloaded,200,D:\profile\research\data\GM_RM017\GM_RM017_frames\000200.png,GM_RM017_000200_ultralytics_yolov8s_downloaded_002,car,0.660092771,785.071,312.259,799.721,356.021,641.100,true,ultralytics_yolov8s,D:\models\ultralytics\yolov8s.pt,backend_status=available; plug-in detection row only
GM_RM017,ultralytics_yolov8s_downloaded,201,D:\profile\research\data\GM_RM017\GM_RM017_frames\000201.png,GM_RM017_000201_ultralytics_yolov8s_downloaded_001,car,0.893317878,539.522,298.021,784.481,371.510,18001.595,true,ultralytics_yolov8s,D:\models\ultralytics\yolov8s.pt,backend_status=available; plug-in detection row only
GM_RM017,ultralytics_yolov8s_downloaded,202,D:\profile\research\data\GM_RM017\GM_RM017_frames\000202.png,GM_RM017_000202_ultralytics_yolov8s_downloaded_001,car,0.899888933,558.375,296.417,799.520,370.057,17757.783,true,ultralytics_yolov8s,D:\models\ultralytics\yolov8s.pt,backend_status=available; plug-in detection row only
GM_RM017,ultralytics_yolov8s_downloaded,203,D:\profile\research\data\GM_RM017\GM_RM017_frames\000203.png,GM_RM017_000203_ultralytics_yolov8s_downloaded_001,car,0.899132133,576.173,294.866,800.000,369.602,16728.015,true,ultralytics_yolov8s,D:\models\ultralytics\yolov8s.pt,backend_status=available; plug-in detection row only
GM_RM017,ultralytics_yolov8s_downloaded,204,D:\profile\research\data\GM_RM017\GM_RM017_frames\000204.png,GM_RM017_000204_ultralytics_yolov8s_downloaded_001,car,0.908118546,594.158,294.167,799.592,368.972,15367.342,true,ultralytics_yolov8s,D:\models\ultralytics\yolov8s.pt,backend_status=available; plug-in detection row only
GM_RM017,ultralytics_yolov8s_downloaded,205,D:\profile\research\data\GM_RM017\GM_RM017_frames\000205.png,GM_RM017_000205_ultralytics_yolov8s_downloaded_001,car,0.903722584,612.090,292.209,798.806,366.846,13935.979,true,ultralytics_yolov8s,D:\models\ultralytics\yolov8s.pt,backend_status=available; plug-in detection row only
GM_RM017,ultralytics_yolov8s_downloaded,206,D:\profile\research\data\GM_RM017\GM_RM017_frames\000206.png,GM_RM017_000206_ultralytics_yolov8s_downloaded_001,car,0.920327842,629.626,288.622,799.038,364.519,12857.731,true,ultralytics_yolov8s,D:\models\ultralytics\yolov8s.pt,backend_status=available; plug-in detection row only
GM_RM017,ultralytics_yolov8s_downloaded,206,D:\profile\research\data\GM_RM017\GM_RM017_frames\000206.png,GM_RM017_000206_ultralytics_yolov8s_downloaded_002,car,0.352885514,0.177,411.214,798.197,597.879,148961.943,true,ultralytics_yolov8s,D:\models\ultralytics\yolov8s.pt,backend_status=available; plug-in detection row only
GM_RM017,ultralytics_yolov8s_downloaded,207,D:\profile\research\data\GM_RM017\GM_RM017_frames\000207.png,GM_RM017_000207_ultralytics_yolov8s_downloaded_001,car,0.907434464,647.997,287.564,799.713,363.955,11589.773,true,ultralytics_yolov8s,D:\models\ultralytics\yolov8s.pt,backend_status=available; plug-in detection row only
GM_RM017,ultralytics_yolov8s_downloaded,208,D:\profile\research\data\GM_RM017\GM_RM017_frames\000208.png,GM_RM017_000208_ultralytics_yolov8s_downloaded_001,car,0.915328741,664.795,290.325,799.615,364.221,9962.527,true,ultralytics_yolov8s,D:\models\ultralytics\yolov8s.pt,backend_status=available; plug-in detection row only
GM_RM017,ultralytics_yolov8s_downloaded,209,D:\profile\research\data\GM_RM017\GM_RM017_frames\000209.png,GM_RM017_000209_ultralytics_yolov8s_downloaded_001,car,0.895912588,683.137,291.878,799.680,364.057,8412.065,true,ultralytics_yolov8s,D:\models\ultralytics\yolov8s.pt,backend_status=available; plug-in detection row only
GM_RM017,ultralytics_yolov8s_downloaded,210,D:\profile\research\data\GM_RM017\GM_RM017_frames\000210.png,GM_RM017_000210_ultralytics_yolov8s_downloaded_001,car,0.849288523,702.812,292.384,799.812,361.865,6739.647,true,ultralytics_yolov8s,D:\models\ultralytics\yolov8s.pt,backend_status=available; plug-in detection row only
GM_RM017,ultralytics_yolov8s_downloaded,211,D:\profile\research\data\GM_RM017\GM_RM017_frames\000211.png,GM_RM017_000211_ultralytics_yolov8s_downloaded_001,car,0.848472357,722.238,299.618,799.566,361.661,4797.694,true,ultralytics_yolov8s,D:\models\ultralytics\yolov8s.pt,backend_status=available; plug-in detection row only
GM_RM017,ultralytics_yolov8s_downloaded,212,D:\profile\research\data\GM_RM017\GM_RM017_frames\000212.png,GM_RM017_000212_ultralytics_yolov8s_downloaded_001,car,0.613993585,741.679,287.720,799.702,355.461,3930.499,true,ultralytics_yolov8s,D:\models\ultralytics\yolov8s.pt,backend_status=available; plug-in detection row only
GM_RM017,ultralytics_yolov8s_downloaded,212,D:\profile\research\data\GM_RM017\GM_RM017_frames\000212.png,GM_RM017_000212_ultralytics_yolov8s_downloaded_002,car,0.541766822,742.038,310.009,799.513,354.156,2537.295,true,ultralytics_yolov8s,D:\models\ultralytics\yolov8s.pt,backend_status=available; plug-in detection row only
GM_RM017,ultralytics_yolov8s_downloaded,213,D:\profile\research\data\GM_RM017\GM_RM017_frames\000213.png,GM_RM017_000213_ultralytics_yolov8s_downloaded_001,car,0.673093498,761.649,314.423,799.776,358.077,1664.407,true,ultralytics_yolov8s,D:\models\ultralytics\yolov8s.pt,backend_status=available; plug-in detection row only
GM_RM017,ultralytics_yolov8s_downloaded,214,D:\profile\research\data\GM_RM017\GM_RM017_frames\000214.png,GM_RM017_000214_ultralytics_yolov8s_downloaded_001,car,0.596472621,783.965,321.078,799.720,348.176,426.950,true,ultralytics_yolov8s,D:\models\ultralytics\yolov8s.pt,backend_status=available; plug-in detection row only
