interval_id,physical_vehicle_id,method,direction,source_pair_id,target_pair_id,sar_frame,propagation_status,propagated_region,search_window,local_response_center,visible_response_coverage,masked_overlap_coverage,local_search_ratio,stop_reason
WGV35A_PAIR_0204_TO_WGV35A_PAIR_0205,PV_GM19_WHITE_SUV_NEAR_FIELD,P0,forward,WGV35A_PAIR_0204,WGV35A_PAIR_0205,27,PROPAGATED_WEAK,"972.572,1167.739,1154.849,1239.839","956.572,1155.739,1170.849,1251.839","1063.710,1203.789",,,0.007834,fixed_anchor_region
WGV35A_PAIR_0204_TO_WGV35A_PAIR_0205,PV_GM19_WHITE_SUV_NEAR_FIELD,P0,forward,WGV35A_PAIR_0204,WGV35A_PAIR_0205,28,PROPAGATED_WEAK,"972.572,1167.739,1154.849,1239.839","956.572,1155.739,1170.849,1251.839","1063.710,1203.789",,,0.007834,fixed_anchor_region
WGV35A_PAIR_0204_TO_WGV35A_PAIR_0205,PV_GM19_WHITE_SUV_NEAR_FIELD,P0,forward,WGV35A_PAIR_0204,WGV35A_PAIR_0205,29,PROPAGATED_WEAK,"972.572,1167.739,1154.849,1239.839","956.572,1155.739,1170.849,1251.839","1063.710,1203.789",,,0.007834,fixed_anchor_region
WGV35A_PAIR_0204_TO_WGV35A_PAIR_0205,PV_GM19_WHITE_SUV_NEAR_FIELD,P0,forward,WGV35A_PAIR_0204,WGV35A_PAIR_0205,30,PROPAGATED_WEAK,"972.572,1167.739,1154.849,1239.839","956.572,1155.739,1170.849,1251.839","1063.710,1203.789",,,0.007834,fixed_anchor_region
WGV35A_PAIR_0204_TO_WGV35A_PAIR_0205,PV_GM19_WHITE_SUV_NEAR_FIELD,P0,forward,WGV35A_PAIR_0204,WGV35A_PAIR_0205,31,PROPAGATED_WEAK,"972.572,1167.739,1154.849,1239.839","956.572,1155.739,1170.849,1251.839","1063.710,1203.789",1,1,0.007834,fixed_anchor_region
WGV35A_PAIR_0204_TO_WGV35A_PAIR_0205,PV_GM19_WHITE_SUV_NEAR_FIELD,P1,forward,WGV35A_PAIR_0204,WGV35A_PAIR_0205,27,PROPAGATED_CONFIDENT,"972.572,1167.739,1154.849,1239.839","944.572,1147.739,1182.849,1259.839","1063.710,1203.789",,,0.010162,optical_trend_region
WGV35A_PAIR_0204_TO_WGV35A_PAIR_0205,PV_GM19_WHITE_SUV_NEAR_FIELD,P1,forward,WGV35A_PAIR_0204,WGV35A_PAIR_0205,28,PROPAGATED_CONFIDENT,"976.952,1168.573,1154.641,1239.812","948.952,1148.573,1182.641,1259.812","1065.797,1204.193",,,0.00989,optical_trend_region
WGV35A_PAIR_0204_TO_WGV35A_PAIR_0205,PV_GM19_WHITE_SUV_NEAR_FIELD,P1,forward,WGV35A_PAIR_0204,WGV35A_PAIR_0205,29,PROPAGATED_CONFIDENT,"981.333,1169.408,1154.433,1239.784","953.333,1149.408,1182.433,1259.784","1067.883,1204.596",,,0.009621,optical_trend_region
WGV35A_PAIR_0204_TO_WGV35A_PAIR_0205,PV_GM19_WHITE_SUV_NEAR_FIELD,P1,forward,WGV35A_PAIR_0204,WGV35A_PAIR_0205,30,PROPAGATED_CONFIDENT,"985.714,1170.243,1154.225,1239.756","957.714,1150.243,1182.225,1259.756","1069.969,1204.999",,,0.009354,optical_trend_region
WGV35A_PAIR_0204_TO_WGV35A_PAIR_0205,PV_GM19_WHITE_SUV_NEAR_FIELD,P1,forward,WGV35A_PAIR_0204,WGV35A_PAIR_0205,31,PROPAGATED_CONFIDENT,"990.094,1171.077,1154.017,1239.729","962.094,1151.077,1182.017,1259.729","1072.055,1205.403",1,1,0.009091,optical_trend_region
WGV35A_PAIR_0204_TO_WGV35A_PAIR_0205,PV_GM19_WHITE_SUV_NEAR_FIELD,P2,forward,WGV35A_PAIR_0204,WGV35A_PAIR_0205,27,PROPAGATED_CONFIDENT,"972.640,1175.599,1154.917,1247.699","866.775,1121.504,1260.646,1286.074","1063.880,1223.440",,,0.024661,local_connected_response
WGV35A_PAIR_0204_TO_WGV35A_PAIR_0205,PV_GM19_WHITE_SUV_NEAR_FIELD,P2,forward,WGV35A_PAIR_0204,WGV35A_PAIR_0205,28,PROPAGATED_CONFIDENT,"975.939,1178.152,1155.234,1249.692","870.690,1124.994,1259.491,1288.611","1066.331,1224.602",,,0.024203,local_connected_response
WGV35A_PAIR_0204_TO_WGV35A_PAIR_0205,PV_GM19_WHITE_SUV_NEAR_FIELD,P2,forward,WGV35A_PAIR_0204,WGV35A_PAIR_0205,29,PROPAGATED_CONFIDENT,"980.257,1179.780,1155.525,1250.563","876.101,1126.694,1258.057,1289.026","1069.109,1226.139",,,0.02359,local_connected_response
WGV35A_PAIR_0204_TO_WGV35A_PAIR_0205,PV_GM19_WHITE_SUV_NEAR_FIELD,P2,forward,WGV35A_PAIR_0204,WGV35A_PAIR_0205,30,PROPAGATED_WEAK,"983.840,1172.201,1154.717,1242.159","881.997,1128.095,1256.487,1289.024","1069.333,1205.111",,,0.022929,local_connected_response
WGV35A_PAIR_0204_TO_WGV35A_PAIR_0205,PV_GM19_WHITE_SUV_NEAR_FIELD,P2,forward,WGV35A_PAIR_0204,WGV35A_PAIR_0205,31,PROPAGATED_WEAK,"988.742,1171.343,1155.099,1240.452","887.680,1126.282,1254.487,1285.768","1073.176,1205.706",0.996128,0.996128,0.022257,local_connected_response
WGV35A_PAIR_0204_TO_WGV35A_PAIR_0205,PV_GM19_WHITE_SUV_NEAR_FIELD,P3,forward,WGV35A_PAIR_0204,WGV35A_PAIR_0205,27,PROPAGATED_CONFIDENT,"972.640,1175.599,1154.917,1247.699","866.775,1121.504,1260.646,1286.074","1063.880,1223.440",,,0.024661,local_connected_response
WGV35A_PAIR_0204_TO_WGV35A_PAIR_0205,PV_GM19_WHITE_SUV_NEAR_FIELD,P3,forward,WGV35A_PAIR_0204,WGV35A_PAIR_0205,28,PROPAGATED_CONFIDENT,"975.939,1178.152,1155.234,1249.692","870.690,1124.994,1259.491,1288.611","1066.331,1224.602",,,0.024203,local_connected_response
WGV35A_PAIR_0204_TO_WGV35A_PAIR_0205,PV_GM19_WHITE_SUV_NEAR_FIELD,P3,forward,WGV35A_PAIR_0204,WGV35A_PAIR_0205,29,PROPAGATED_CONFIDENT,"980.257,1179.780,1155.525,1250.563","876.101,1126.694,1258.057,1289.026","1069.109,1226.139",,,0.02359,local_connected_response
WGV35A_PAIR_0204_TO_WGV35A_PAIR_0205,PV_GM19_WHITE_SUV_NEAR_FIELD,P3,forward,WGV35A_PAIR_0204,WGV35A_PAIR_0205,30,PROPAGATED_WEAK,"983.840,1172.201,1154.717,1242.159","881.997,1128.095,1256.487,1289.024","1069.333,1205.111",,,0.022929,local_connected_response
WGV35A_PAIR_0204_TO_WGV35A_PAIR_0205,PV_GM19_WHITE_SUV_NEAR_FIELD,P3,forward,WGV35A_PAIR_0204,WGV35A_PAIR_0205,31,PROPAGATED_WEAK,"988.742,1171.343,1155.099,1240.452","887.680,1126.282,1254.487,1285.768","1073.176,1205.706",0.996128,0.996128,0.022257,local_connected_response
WGV35A_PAIR_0204_TO_WGV35A_PAIR_0205,PV_GM19_WHITE_SUV_NEAR_FIELD,P3,backward,WGV35A_PAIR_0205,WGV35A_PAIR_0204,31,PROPAGATED_WEAK,"990.542,1171.198,1154.465,1239.850","890.721,1126.049,1253.390,1284.757","1073.176,1205.706",,,0.021899,local_connected_response
WGV35A_PAIR_0204_TO_WGV35A_PAIR_0205,PV_GM19_WHITE_SUV_NEAR_FIELD,P3,backward,WGV35A_PAIR_0205,WGV35A_PAIR_0204,30,PROPAGATED_WEAK,"986.794,1170.548,1153.700,1239.760","886.987,1125.353,1254.726,1285.014","1069.333,1205.111",,,0.022338,local_connected_response
WGV35A_PAIR_0204_TO_WGV35A_PAIR_0205,PV_GM19_WHITE_SUV_NEAR_FIELD,P3,backward,WGV35A_PAIR_0205,WGV35A_PAIR_0204,29,PROPAGATED_CONFIDENT,"983.404,1178.346,1154.336,1248.315","881.418,1124.318,1256.003,1285.265","1069.109,1226.139",,,0.022937,local_connected_response
WGV35A_PAIR_0204_TO_WGV35A_PAIR_0205,PV_GM19_WHITE_SUV_NEAR_FIELD,P3,backward,WGV35A_PAIR_0205,WGV35A_PAIR_0204,28,PROPAGATED_CONFIDENT,"978.994,1178.878,1154.318,1249.672","875.847,1126.216,1257.898,1288.565","1066.331,1224.602",,,0.023598,local_connected_response
WGV35A_PAIR_0204_TO_WGV35A_PAIR_0205,PV_GM19_WHITE_SUV_NEAR_FIELD,P3,backward,WGV35A_PAIR_0205,WGV35A_PAIR_0204,27,PROPAGATED_CONFIDENT,"974.439,1177.913,1154.282,1249.556","869.874,1125.563,1259.608,1289.356","1063.789,1223.147",0.847426,0.847426,0.024287,local_connected_response
WGV35A_PAIR_0205_TO_WGV35A_PAIR_0206,PV_GM19_WHITE_SUV_NEAR_FIELD,P0,forward,WGV35A_PAIR_0205,WGV35A_PAIR_0206,31,PROPAGATED_WEAK,"990.094,1171.077,1154.017,1239.729","974.094,1159.077,1170.017,1251.729","1072.055,1205.403",,,0.006906,fixed_anchor_region
WGV35A_PAIR_0205_TO_WGV35A_PAIR_0206,PV_GM19_WHITE_SUV_NEAR_FIELD,P0,forward,WGV35A_PAIR_0205,WGV35A_PAIR_0206,32,PROPAGATED_WEAK,"990.094,1171.077,1154.017,1239.729","974.094,1159.077,1170.017,1251.729","1072.055,1205.403",,,0.006906,fixed_anchor_region
WGV35A_PAIR_0205_TO_WGV35A_PAIR_0206,PV_GM19_WHITE_SUV_NEAR_FIELD,P0,forward,WGV35A_PAIR_0205,WGV35A_PAIR_0206,33,PROPAGATED_WEAK,"990.094,1171.077,1154.017,1239.729","974.094,1159.077,1170.017,1251.729","1072.055,1205.403",,,0.006906,fixed_anchor_region
WGV35A_PAIR_0205_TO_WGV35A_PAIR_0206,PV_GM19_WHITE_SUV_NEAR_FIELD,P0,forward,WGV35A_PAIR_0205,WGV35A_PAIR_0206,34,PROPAGATED_WEAK,"990.094,1171.077,1154.017,1239.729","974.094,1159.077,1170.017,1251.729","1072.055,1205.403",,,0.006906,fixed_anchor_region
WGV35A_PAIR_0205_TO_WGV35A_PAIR_0206,PV_GM19_WHITE_SUV_NEAR_FIELD,P0,forward,WGV35A_PAIR_0205,WGV35A_PAIR_0206,35,PROPAGATED_WEAK,"990.094,1171.077,1154.017,1239.729","974.094,1159.077,1170.017,1251.729","1072.055,1205.403",,,0.006906,fixed_anchor_region
WGV35A_PAIR_0205_TO_WGV35A_PAIR_0206,PV_GM19_WHITE_SUV_NEAR_FIELD,P0,forward,WGV35A_PAIR_0205,WGV35A_PAIR_0206,36,PROPAGATED_WEAK,"990.094,1171.077,1154.017,1239.729","974.094,1159.077,1170.017,1251.729","1072.055,1205.403",,,0.006906,fixed_anchor_region
WGV35A_PAIR_0205_TO_WGV35A_PAIR_0206,PV_GM19_WHITE_SUV_NEAR_FIELD,P0,forward,WGV35A_PAIR_0205,WGV35A_PAIR_0206,37,PROPAGATED_WEAK,"990.094,1171.077,1154.017,1239.729","974.094,1159.077,1170.017,1251.729","1072.055,1205.403",,,0.006906,fixed_anchor_region
WGV35A_PAIR_0205_TO_WGV35A_PAIR_0206,PV_GM19_WHITE_SUV_NEAR_FIELD,P0,forward,WGV35A_PAIR_0205,WGV35A_PAIR_0206,38,PROPAGATED_WEAK,"990.094,1171.077,1154.017,1239.729","974.094,1159.077,1170.017,1251.729","1072.055,1205.403",,,0.006906,fixed_anchor_region
WGV35A_PAIR_0205_TO_WGV35A_PAIR_0206,PV_GM19_WHITE_SUV_NEAR_FIELD,P0,forward,WGV35A_PAIR_0205,WGV35A_PAIR_0206,39,PROPAGATED_WEAK,"990.094,1171.077,1154.017,1239.729","974.094,1159.077,1170.017,1251.729","1072.055,1205.403",,,0.006906,fixed_anchor_region
WGV35A_PAIR_0205_TO_WGV35A_PAIR_0206,PV_GM19_WHITE_SUV_NEAR_FIELD,P0,forward,WGV35A_PAIR_0205,WGV35A_PAIR_0206,40,PROPAGATED_WEAK,"990.094,1171.077,1154.017,1239.729","974.094,1159.077,1170.017,1251.729","1072.055,1205.403",,,0.006906,fixed_anchor_region
WGV35A_PAIR_0205_TO_WGV35A_PAIR_0206,PV_GM19_WHITE_SUV_NEAR_FIELD,P0,forward,WGV35A_PAIR_0205,WGV35A_PAIR_0206,41,PROPAGATED_WEAK,"990.094,1171.077,1154.017,1239.729","974.094,1159.077,1170.017,1251.729","1072.055,1205.403",,,0.006906,fixed_anchor_region
WGV35A_PAIR_0205_TO_WGV35A_PAIR_0206,PV_GM19_WHITE_SUV_NEAR_FIELD,P0,forward,WGV35A_PAIR_0205,WGV35A_PAIR_0206,42,PROPAGATED_WEAK,"990.094,1171.077,1154.017,1239.729","974.094,1159.077,1170.017,1251.729","1072.055,1205.403",,,0.006906,fixed_anchor_region
WGV35A_PAIR_0205_TO_WGV35A_PAIR_0206,PV_GM19_WHITE_SUV_NEAR_FIELD,P0,forward,WGV35A_PAIR_0205,WGV35A_PAIR_0206,43,PROPAGATED_WEAK,"990.094,1171.077,1154.017,1239.729","974.094,1159.077,1170.017,1251.729","1072.055,1205.403",,,0.006906,fixed_anchor_region
WGV35A_PAIR_0205_TO_WGV35A_PAIR_0206,PV_GM19_WHITE_SUV_NEAR_FIELD,P0,forward,WGV35A_PAIR_0205,WGV35A_PAIR_0206,44,PROPAGATED_WEAK,"990.094,1171.077,1154.017,1239.729","974.094,1159.077,1170.017,1251.729","1072.055,1205.403",,,0.006906,fixed_anchor_region
WGV35A_PAIR_0205_TO_WGV35A_PAIR_0206,PV_GM19_WHITE_SUV_NEAR_FIELD,P0,forward,WGV35A_PAIR_0205,WGV35A_PAIR_0206,45,PROPAGATED_WEAK,"990.094,1171.077,1154.017,1239.729","974.094,1159.077,1170.017,1251.729","1072.055,1205.403",,,0.006906,fixed_anchor_region
WGV35A_PAIR_0205_TO_WGV35A_PAIR_0206,PV_GM19_WHITE_SUV_NEAR_FIELD,P0,forward,WGV35A_PAIR_0205,WGV35A_PAIR_0206,46,PROPAGATED_WEAK,"990.094,1171.077,1154.017,1239.729","974.094,1159.077,1170.017,1251.729","1072.055,1205.403",,,0.006906,fixed_anchor_region
WGV35A_PAIR_0205_TO_WGV35A_PAIR_0206,PV_GM19_WHITE_SUV_NEAR_FIELD,P0,forward,WGV35A_PAIR_0205,WGV35A_PAIR_0206,47,PROPAGATED_WEAK,"990.094,1171.077,1154.017,1239.729","974.094,1159.077,1170.017,1251.729","1072.055,1205.403",,,0.006906,fixed_anchor_region
WGV35A_PAIR_0205_TO_WGV35A_PAIR_0206,PV_GM19_WHITE_SUV_NEAR_FIELD,P0,forward,WGV35A_PAIR_0205,WGV35A_PAIR_0206,48,PROPAGATED_WEAK,"990.094,1171.077,1154.017,1239.729","974.094,1159.077,1170.017,1251.729","1072.055,1205.403",,,0.006906,fixed_anchor_region
WGV35A_PAIR_0205_TO_WGV35A_PAIR_0206,PV_GM19_WHITE_SUV_NEAR_FIELD,P0,forward,WGV35A_PAIR_0205,WGV35A_PAIR_0206,49,PROPAGATED_WEAK,"990.094,1171.077,1154.017,1239.729","974.094,1159.077,1170.017,1251.729","1072.055,1205.403",,,0.006906,fixed_anchor_region
WGV35A_PAIR_0205_TO_WGV35A_PAIR_0206,PV_GM19_WHITE_SUV_NEAR_FIELD,P0,forward,WGV35A_PAIR_0205,WGV35A_PAIR_0206,50,PROPAGATED_WEAK,"990.094,1171.077,1154.017,1239.729","974.094,1159.077,1170.017,1251.729","1072.055,1205.403",,,0.006906,fixed_anchor_region
WGV35A_PAIR_0205_TO_WGV35A_PAIR_0206,PV_GM19_WHITE_SUV_NEAR_FIELD,P0,forward,WGV35A_PAIR_0205,WGV35A_PAIR_0206,51,PROPAGATED_WEAK,"990.094,1171.077,1154.017,1239.729","974.094,1159.077,1170.017,1251.729","1072.055,1205.403",,,0.006906,fixed_anchor_region
WGV35A_PAIR_0205_TO_WGV35A_PAIR_0206,PV_GM19_WHITE_SUV_NEAR_FIELD,P0,forward,WGV35A_PAIR_0205,WGV35A_PAIR_0206,52,PROPAGATED_WEAK,"990.094,1171.077,1154.017,1239.729","974.094,1159.077,1170.017,1251.729","1072.055,1205.403",,,0.006906,fixed_anchor_region
WGV35A_PAIR_0205_TO_WGV35A_PAIR_0206,PV_GM19_WHITE_SUV_NEAR_FIELD,P0,forward,WGV35A_PAIR_0205,WGV35A_PAIR_0206,53,PROPAGATED_WEAK,"990.094,1171.077,1154.017,1239.729","974.094,1159.077,1170.017,1251.729","1072.055,1205.403",,,0.006906,fixed_anchor_region
WGV35A_PAIR_0205_TO_WGV35A_PAIR_0206,PV_GM19_WHITE_SUV_NEAR_FIELD,P0,forward,WGV35A_PAIR_0205,WGV35A_PAIR_0206,54,PROPAGATED_WEAK,"990.094,1171.077,1154.017,1239.729","974.094,1159.077,1170.017,1251.729","1072.055,1205.403",,,0.006906,fixed_anchor_region
WGV35A_PAIR_0205_TO_WGV35A_PAIR_0206,PV_GM19_WHITE_SUV_NEAR_FIELD,P0,forward,WGV35A_PAIR_0205,WGV35A_PAIR_0206,55,PROPAGATED_WEAK,"990.094,1171.077,1154.017,1239.729","974.094,1159.077,1170.017,1251.729","1072.055,1205.403",,,0.006906,fixed_anchor_region
WGV35A_PAIR_0205_TO_WGV35A_PAIR_0206,PV_GM19_WHITE_SUV_NEAR_FIELD,P0,forward,WGV35A_PAIR_0205,WGV35A_PAIR_0206,56,PROPAGATED_WEAK,"990.094,1171.077,1154.017,1239.729","974.094,1159.077,1170.017,1251.729","1072.055,1205.403",,,0.006906,fixed_anchor_region
WGV35A_PAIR_0205_TO_WGV35A_PAIR_0206,PV_GM19_WHITE_SUV_NEAR_FIELD,P0,forward,WGV35A_PAIR_0205,WGV35A_PAIR_0206,57,PROPAGATED_WEAK,"990.094,1171.077,1154.017,1239.729","974.094,1159.077,1170.017,1251.729","1072.055,1205.403",,,0.006906,fixed_anchor_region
WGV35A_PAIR_0205_TO_WGV35A_PAIR_0206,PV_GM19_WHITE_SUV_NEAR_FIELD,P0,forward,WGV35A_PAIR_0205,WGV35A_PAIR_0206,58,PROPAGATED_WEAK,"990.094,1171.077,1154.017,1239.729","974.094,1159.077,1170.017,1251.729","1072.055,1205.403",,,0.006906,fixed_anchor_region
WGV35A_PAIR_0205_TO_WGV35A_PAIR_0206,PV_GM19_WHITE_SUV_NEAR_FIELD,P0,forward,WGV35A_PAIR_0205,WGV35A_PAIR_0206,59,PROPAGATED_WEAK,"990.094,1171.077,1154.017,1239.729","974.094,1159.077,1170.017,1251.729","1072.055,1205.403",,,0.006906,fixed_anchor_region
WGV35A_PAIR_0205_TO_WGV35A_PAIR_0206,PV_GM19_WHITE_SUV_NEAR_FIELD,P0,forward,WGV35A_PAIR_0205,WGV35A_PAIR_0206,60,PROPAGATED_WEAK,"990.094,1171.077,1154.017,1239.729","974.094,1159.077,1170.017,1251.729","1072.055,1205.403",,,0.006906,fixed_anchor_region
WGV35A_PAIR_0205_TO_WGV35A_PAIR_0206,PV_GM19_WHITE_SUV_NEAR_FIELD,P0,forward,WGV35A_PAIR_0205,WGV35A_PAIR_0206,61,PROPAGATED_WEAK,"990.094,1171.077,1154.017,1239.729","974.094,1159.077,1170.017,1251.729","1072.055,1205.403",,,0.006906,fixed_anchor_region
WGV35A_PAIR_0205_TO_WGV35A_PAIR_0206,PV_GM19_WHITE_SUV_NEAR_FIELD,P0,forward,WGV35A_PAIR_0205,WGV35A_PAIR_0206,62,PROPAGATED_WEAK,"990.094,1171.077,1154.017,1239.729","974.094,1159.077,1170.017,1251.729","1072.055,1205.403",,,0.006906,fixed_anchor_region
WGV35A_PAIR_0205_TO_WGV35A_PAIR_0206,PV_GM19_WHITE_SUV_NEAR_FIELD,P0,forward,WGV35A_PAIR_0205,WGV35A_PAIR_0206,63,PROPAGATED_WEAK,"990.094,1171.077,1154.017,1239.729","974.094,1159.077,1170.017,1251.729","1072.055,1205.403",,,0.006906,fixed_anchor_region
WGV35A_PAIR_0205_TO_WGV35A_PAIR_0206,PV_GM19_WHITE_SUV_NEAR_FIELD,P0,forward,WGV35A_PAIR_0205,WGV35A_PAIR_0206,64,PROPAGATED_WEAK,"990.094,1171.077,1154.017,1239.729","974.094,1159.077,1170.017,1251.729","1072.055,1205.403",,,0.006906,fixed_anchor_region
WGV35A_PAIR_0205_TO_WGV35A_PAIR_0206,PV_GM19_WHITE_SUV_NEAR_FIELD,P0,forward,WGV35A_PAIR_0205,WGV35A_PAIR_0206,65,PROPAGATED_WEAK,"990.094,1171.077,1154.017,1239.729","974.094,1159.077,1170.017,1251.729","1072.055,1205.403",,,0.006906,fixed_anchor_region
WGV35A_PAIR_0205_TO_WGV35A_PAIR_0206,PV_GM19_WHITE_SUV_NEAR_FIELD,P0,forward,WGV35A_PAIR_0205,WGV35A_PAIR_0206,66,PROPAGATED_WEAK,"990.094,1171.077,1154.017,1239.729","974.094,1159.077,1170.017,1251.729","1072.055,1205.403",,,0.006906,fixed_anchor_region
WGV35A_PAIR_0205_TO_WGV35A_PAIR_0206,PV_GM19_WHITE_SUV_NEAR_FIELD,P0,forward,WGV35A_PAIR_0205,WGV35A_PAIR_0206,67,PROPAGATED_WEAK,"990.094,1171.077,1154.017,1239.729","974.094,1159.077,1170.017,1251.729","1072.055,1205.403",,,0.006906,fixed_anchor_region
WGV35A_PAIR_0205_TO_WGV35A_PAIR_0206,PV_GM19_WHITE_SUV_NEAR_FIELD,P0,forward,WGV35A_PAIR_0205,WGV35A_PAIR_0206,68,PROPAGATED_WEAK,"990.094,1171.077,1154.017,1239.729","974.094,1159.077,1170.017,1251.729","1072.055,1205.403",,,0.006906,fixed_anchor_region
WGV35A_PAIR_0205_TO_WGV35A_PAIR_0206,PV_GM19_WHITE_SUV_NEAR_FIELD,P0,forward,WGV35A_PAIR_0205,WGV35A_PAIR_0206,69,PROPAGATED_WEAK,"990.094,1171.077,1154.017,1239.729","974.094,1159.077,1170.017,1251.729","1072.055,1205.403",,,0.006906,fixed_anchor_region
WGV35A_PAIR_0205_TO_WGV35A_PAIR_0206,PV_GM19_WHITE_SUV_NEAR_FIELD,P0,forward,WGV35A_PAIR_0205,WGV35A_PAIR_0206,70,PROPAGATED_WEAK,"990.094,1171.077,1154.017,1239.729","974.094,1159.077,1170.017,1251.729","1072.055,1205.403",,,0.006906,fixed_anchor_region
WGV35A_PAIR_0205_TO_WGV35A_PAIR_0206,PV_GM19_WHITE_SUV_NEAR_FIELD,P0,forward,WGV35A_PAIR_0205,WGV35A_PAIR_0206,71,PROPAGATED_WEAK,"990.094,1171.077,1154.017,1239.729","974.094,1159.077,1170.017,1251.729","1072.055,1205.403",,,0.006906,fixed_anchor_region
WGV35A_PAIR_0205_TO_WGV35A_PAIR_0206,PV_GM19_WHITE_SUV_NEAR_FIELD,P0,forward,WGV35A_PAIR_0205,WGV35A_PAIR_0206,72,PROPAGATED_WEAK,"990.094,1171.077,1154.017,1239.729","974.094,1159.077,1170.017,1251.729","1072.055,1205.403",,,0.006906,fixed_anchor_region
WGV35A_PAIR_0205_TO_WGV35A_PAIR_0206,PV_GM19_WHITE_SUV_NEAR_FIELD,P0,forward,WGV35A_PAIR_0205,WGV35A_PAIR_0206,73,PROPAGATED_WEAK,"990.094,1171.077,1154.017,1239.729","974.094,1159.077,1170.017,1251.729","1072.055,1205.403",,,0.006906,fixed_anchor_region
WGV35A_PAIR_0205_TO_WGV35A_PAIR_0206,PV_GM19_WHITE_SUV_NEAR_FIELD,P0,forward,WGV35A_PAIR_0205,WGV35A_PAIR_0206,74,PROPAGATED_WEAK,"990.094,1171.077,1154.017,1239.729","974.094,1159.077,1170.017,1251.729","1072.055,1205.403",,,0.006906,fixed_anchor_region
WGV35A_PAIR_0205_TO_WGV35A_PAIR_0206,PV_GM19_WHITE_SUV_NEAR_FIELD,P0,forward,WGV35A_PAIR_0205,WGV35A_PAIR_0206,75,PROPAGATED_WEAK,"990.094,1171.077,1154.017,1239.729","974.094,1159.077,1170.017,1251.729","1072.055,1205.403",,,0.006906,fixed_anchor_region
WGV35A_PAIR_0205_TO_WGV35A_PAIR_0206,PV_GM19_WHITE_SUV_NEAR_FIELD,P0,forward,WGV35A_PAIR_0205,WGV35A_PAIR_0206,76,PROPAGATED_WEAK,"990.094,1171.077,1154.017,1239.729","974.094,1159.077,1170.017,1251.729","1072.055,1205.403",,,0.006906,fixed_anchor_region
WGV35A_PAIR_0205_TO_WGV35A_PAIR_0206,PV_GM19_WHITE_SUV_NEAR_FIELD,P0,forward,WGV35A_PAIR_0205,WGV35A_PAIR_0206,77,PROPAGATED_WEAK,"990.094,1171.077,1154.017,1239.729","974.094,1159.077,1170.017,1251.729","1072.055,1205.403",0,0,0.006906,fixed_anchor_region
WGV35A_PAIR_0205_TO_WGV35A_PAIR_0206,PV_GM19_WHITE_SUV_NEAR_FIELD,P1,forward,WGV35A_PAIR_0205,WGV35A_PAIR_0206,31,PROPAGATED_CONFIDENT,"990.094,1171.077,1154.017,1239.729","962.094,1151.077,1182.017,1259.729","1072.055,1205.403",,,0.009091,optical_trend_region
WGV35A_PAIR_0205_TO_WGV35A_PAIR_0206,PV_GM19_WHITE_SUV_NEAR_FIELD,P1,forward,WGV35A_PAIR_0205,WGV35A_PAIR_0206,32,PROPAGATED_CONFIDENT,"994.321,1171.043,1158.360,1239.814","966.321,1151.043,1186.360,1259.814","1076.341,1205.429",,,0.009106,optical_trend_region
WGV35A_PAIR_0205_TO_WGV35A_PAIR_0206,PV_GM19_WHITE_SUV_NEAR_FIELD,P1,forward,WGV35A_PAIR_0205,WGV35A_PAIR_0206,33,PROPAGATED_CONFIDENT,"998.547,1171.010,1162.704,1239.899","970.547,1151.010,1190.704,1259.899","1080.626,1205.454",,,0.009121,optical_trend_region
WGV35A_PAIR_0205_TO_WGV35A_PAIR_0206,PV_GM19_WHITE_SUV_NEAR_FIELD,P1,forward,WGV35A_PAIR_0205,WGV35A_PAIR_0206,34,PROPAGATED_CONFIDENT,"1002.774,1170.976,1167.047,1239.984","974.774,1150.976,1195.047,1259.984","1084.911,1205.480",,,0.009135,optical_trend_region
WGV35A_PAIR_0205_TO_WGV35A_PAIR_0206,PV_GM19_WHITE_SUV_NEAR_FIELD,P1,forward,WGV35A_PAIR_0205,WGV35A_PAIR_0206,35,PROPAGATED_CONFIDENT,"1007.001,1170.942,1171.391,1240.069","979.001,1150.942,1199.391,1260.069","1089.196,1205.505",,,0.00915,optical_trend_region
WGV35A_PAIR_0205_TO_WGV35A_PAIR_0206,PV_GM19_WHITE_SUV_NEAR_FIELD,P1,forward,WGV35A_PAIR_0205,WGV35A_PAIR_0206,36,PROPAGATED_CONFIDENT,"1011.228,1170.909,1175.734,1240.153","983.228,1150.909,1203.734,1260.153","1093.481,1205.531",,,0.009165,optical_trend_region
WGV35A_PAIR_0205_TO_WGV35A_PAIR_0206,PV_GM19_WHITE_SUV_NEAR_FIELD,P1,forward,WGV35A_PAIR_0205,WGV35A_PAIR_0206,37,PROPAGATED_CONFIDENT,"1015.454,1170.875,1180.077,1240.238","987.454,1150.875,1208.077,1260.238","1097.766,1205.557",,,0.00918,optical_trend_region
WGV35A_PAIR_0205_TO_WGV35A_PAIR_0206,PV_GM19_WHITE_SUV_NEAR_FIELD,P1,forward,WGV35A_PAIR_0205,WGV35A_PAIR_0206,38,PROPAGATED_CONFIDENT,"1019.681,1170.841,1184.421,1240.323","991.681,1150.841,1212.421,1260.323","1102.051,1205.582",,,0.009195,optical_trend_region
WGV35A_PAIR_0205_TO_WGV35A_PAIR_0206,PV_GM19_WHITE_SUV_NEAR_FIELD,P1,forward,WGV35A_PAIR_0205,WGV35A_PAIR_0206,39,PROPAGATED_CONFIDENT,"1023.908,1170.808,1188.764,1240.408","995.908,1150.808,1216.764,1260.408","1106.336,1205.608",,,0.009209,optical_trend_region
WGV35A_PAIR_0205_TO_WGV35A_PAIR_0206,PV_GM19_WHITE_SUV_NEAR_FIELD,P1,forward,WGV35A_PAIR_0205,WGV35A_PAIR_0206,40,PROPAGATED_CONFIDENT,"1028.134,1170.774,1193.108,1240.493","1000.134,1150.774,1221.108,1260.493","1110.621,1205.633",,,0.009224,optical_trend_region
WGV35A_PAIR_0205_TO_WGV35A_PAIR_0206,PV_GM19_WHITE_SUV_NEAR_FIELD,P1,forward,WGV35A_PAIR_0205,WGV35A_PAIR_0206,41,PROPAGATED_CONFIDENT,"1032.361,1170.740,1197.451,1240.578","1004.361,1150.740,1225.451,1260.578","1114.906,1205.659",,,0.009239,optical_trend_region
WGV35A_PAIR_0205_TO_WGV35A_PAIR_0206,PV_GM19_WHITE_SUV_NEAR_FIELD,P1,forward,WGV35A_PAIR_0205,WGV35A_PAIR_0206,42,PROPAGATED_CONFIDENT,"1036.588,1170.707,1201.794,1240.663","1008.588,1150.707,1229.794,1260.663","1119.191,1205.685",,,0.009254,optical_trend_region
WGV35A_PAIR_0205_TO_WGV35A_PAIR_0206,PV_GM19_WHITE_SUV_NEAR_FIELD,P1,forward,WGV35A_PAIR_0205,WGV35A_PAIR_0206,43,PROPAGATED_CONFIDENT,"1040.815,1170.673,1206.138,1240.748","1012.815,1150.673,1234.138,1260.748","1123.476,1205.710",,,0.009269,optical_trend_region
WGV35A_PAIR_0205_TO_WGV35A_PAIR_0206,PV_GM19_WHITE_SUV_NEAR_FIELD,P1,forward,WGV35A_PAIR_0205,WGV35A_PAIR_0206,44,PROPAGATED_CONFIDENT,"1045.041,1170.639,1210.481,1240.833","1017.041,1150.639,1238.481,1260.833","1127.761,1205.736",,,0.009284,optical_trend_region
WGV35A_PAIR_0205_TO_WGV35A_PAIR_0206,PV_GM19_WHITE_SUV_NEAR_FIELD,P1,forward,WGV35A_PAIR_0205,WGV35A_PAIR_0206,45,PROPAGATED_CONFIDENT,"1049.268,1170.606,1214.824,1240.917","1021.268,1150.606,1242.824,1260.917","1132.046,1205.762",,,0.009299,optical_trend_region
WGV35A_PAIR_0205_TO_WGV35A_PAIR_0206,PV_GM19_WHITE_SUV_NEAR_FIELD,P1,forward,WGV35A_PAIR_0205,WGV35A_PAIR_0206,46,PROPAGATED_CONFIDENT,"1053.495,1170.572,1219.168,1241.002","1025.495,1150.572,1247.168,1261.002","1136.331,1205.787",,,0.009313,optical_trend_region
WGV35A_PAIR_0205_TO_WGV35A_PAIR_0206,PV_GM19_WHITE_SUV_NEAR_FIELD,P1,forward,WGV35A_PAIR_0205,WGV35A_PAIR_0206,47,PROPAGATED_CONFIDENT,"1057.721,1170.538,1223.511,1241.087","1029.721,1150.538,1251.511,1261.087","1140.616,1205.813",,,0.009328,optical_trend_region
WGV35A_PAIR_0205_TO_WGV35A_PAIR_0206,PV_GM19_WHITE_SUV_NEAR_FIELD,P1,forward,WGV35A_PAIR_0205,WGV35A_PAIR_0206,48,PROPAGATED_CONFIDENT,"1061.948,1170.505,1227.855,1241.172","1033.948,1150.505,1255.855,1261.172","1144.901,1205.838",,,0.009343,optical_trend_region
WGV35A_PAIR_0205_TO_WGV35A_PAIR_0206,PV_GM19_WHITE_SUV_NEAR_FIELD,P1,forward,WGV35A_PAIR_0205,WGV35A_PAIR_0206,49,PROPAGATED_CONFIDENT,"1066.175,1170.471,1232.198,1241.257","1038.175,1150.471,1260.198,1261.257","1149.186,1205.864",,,0.009358,optical_trend_region
WGV35A_PAIR_0205_TO_WGV35A_PAIR_0206,PV_GM19_WHITE_SUV_NEAR_FIELD,P1,forward,WGV35A_PAIR_0205,WGV35A_PAIR_0206,50,PROPAGATED_CONFIDENT,"1070.402,1170.437,1236.541,1241.342","1042.402,1150.437,1264.541,1261.342","1153.472,1205.890",,,0.009373,optical_trend_region
WGV35A_PAIR_0205_TO_WGV35A_PAIR_0206,PV_GM19_WHITE_SUV_NEAR_FIELD,P1,forward,WGV35A_PAIR_0205,WGV35A_PAIR_0206,51,PROPAGATED_CONFIDENT,"1074.628,1170.404,1240.885,1241.427","1046.628,1150.404,1268.885,1261.427","1157.757,1205.915",,,0.009388,optical_trend_region
WGV35A_PAIR_0205_TO_WGV35A_PAIR_0206,PV_GM19_WHITE_SUV_NEAR_FIELD,P1,forward,WGV35A_PAIR_0205,WGV35A_PAIR_0206,52,PROPAGATED_CONFIDENT,"1078.855,1170.370,1245.228,1241.512","1050.855,1150.370,1273.228,1261.512","1162.042,1205.941",,,0.009403,optical_trend_region
WGV35A_PAIR_0205_TO_WGV35A_PAIR_0206,PV_GM19_WHITE_SUV_NEAR_FIELD,P1,forward,WGV35A_PAIR_0205,WGV35A_PAIR_0206,53,PROPAGATED_CONFIDENT,"1083.082,1170.336,1249.572,1241.597","1055.082,1150.336,1277.572,1261.597","1166.327,1205.966",,,0.009418,optical_trend_region
WGV35A_PAIR_0205_TO_WGV35A_PAIR_0206,PV_GM19_WHITE_SUV_NEAR_FIELD,P1,forward,WGV35A_PAIR_0205,WGV35A_PAIR_0206,54,PROPAGATED_CONFIDENT,"1087.309,1170.303,1253.915,1241.682","1059.309,1150.303,1281.915,1261.682","1170.612,1205.992",,,0.009433,optical_trend_region
WGV35A_PAIR_0205_TO_WGV35A_PAIR_0206,PV_GM19_WHITE_SUV_NEAR_FIELD,P1,forward,WGV35A_PAIR_0205,WGV35A_PAIR_0206,55,PROPAGATED_CONFIDENT,"1091.535,1170.269,1258.258,1241.766","1063.535,1150.269,1286.258,1261.766","1174.897,1206.018",,,0.009448,optical_trend_region
WGV35A_PAIR_0205_TO_WGV35A_PAIR_0206,PV_GM19_WHITE_SUV_NEAR_FIELD,P1,forward,WGV35A_PAIR_0205,WGV35A_PAIR_0206,56,PROPAGATED_CONFIDENT,"1095.762,1170.235,1262.602,1241.851","1067.762,1150.235,1290.602,1261.851","1179.182,1206.043",,,0.009463,optical_trend_region
WGV35A_PAIR_0205_TO_WGV35A_PAIR_0206,PV_GM19_WHITE_SUV_NEAR_FIELD,P1,forward,WGV35A_PAIR_0205,WGV35A_PAIR_0206,57,PROPAGATED_CONFIDENT,"1099.989,1170.201,1266.945,1241.936","1071.989,1150.201,1294.945,1261.936","1183.467,1206.069",,,0.009478,optical_trend_region
WGV35A_PAIR_0205_TO_WGV35A_PAIR_0206,PV_GM19_WHITE_SUV_NEAR_FIELD,P1,forward,WGV35A_PAIR_0205,WGV35A_PAIR_0206,58,PROPAGATED_CONFIDENT,"1104.215,1170.168,1271.289,1242.021","1076.215,1150.168,1299.289,1262.021","1187.752,1206.094",,,0.009493,optical_trend_region
WGV35A_PAIR_0205_TO_WGV35A_PAIR_0206,PV_GM19_WHITE_SUV_NEAR_FIELD,P1,forward,WGV35A_PAIR_0205,WGV35A_PAIR_0206,59,PROPAGATED_CONFIDENT,"1108.442,1170.134,1275.632,1242.106","1080.442,1150.134,1303.632,1262.106","1192.037,1206.120",,,0.009508,optical_trend_region
WGV35A_PAIR_0205_TO_WGV35A_PAIR_0206,PV_GM19_WHITE_SUV_NEAR_FIELD,P1,forward,WGV35A_PAIR_0205,WGV35A_PAIR_0206,60,PROPAGATED_CONFIDENT,"1112.669,1170.100,1279.975,1242.191","1084.669,1150.100,1307.975,1262.191","1196.322,1206.146",,,0.009523,optical_trend_region
WGV35A_PAIR_0205_TO_WGV35A_PAIR_0206,PV_GM19_WHITE_SUV_NEAR_FIELD,P1,forward,WGV35A_PAIR_0205,WGV35A_PAIR_0206,61,PROPAGATED_CONFIDENT,"1116.896,1170.067,1284.319,1242.276","1088.896,1150.067,1312.319,1262.276","1200.607,1206.171",,,0.009538,optical_trend_region
WGV35A_PAIR_0205_TO_WGV35A_PAIR_0206,PV_GM19_WHITE_SUV_NEAR_FIELD,P1,forward,WGV35A_PAIR_0205,WGV35A_PAIR_0206,62,PROPAGATED_CONFIDENT,"1121.122,1170.033,1288.662,1242.361","1093.122,1150.033,1316.662,1262.361","1204.892,1206.197",,,0.009553,optical_trend_region
WGV35A_PAIR_0205_TO_WGV35A_PAIR_0206,PV_GM19_WHITE_SUV_NEAR_FIELD,P1,forward,WGV35A_PAIR_0205,WGV35A_PAIR_0206,63,PROPAGATED_CONFIDENT,"1125.349,1169.999,1293.006,1242.446","1097.349,1149.999,1321.006,1262.446","1209.177,1206.222",,,0.009568,optical_trend_region
WGV35A_PAIR_0205_TO_WGV35A_PAIR_0206,PV_GM19_WHITE_SUV_NEAR_FIELD,P1,forward,WGV35A_PAIR_0205,WGV35A_PAIR_0206,64,PROPAGATED_CONFIDENT,"1129.576,1169.966,1297.349,1242.530","1101.576,1149.966,1325.349,1262.530","1213.462,1206.248",,,0.009583,optical_trend_region
WGV35A_PAIR_0205_TO_WGV35A_PAIR_0206,PV_GM19_WHITE_SUV_NEAR_FIELD,P1,forward,WGV35A_PAIR_0205,WGV35A_PAIR_0206,65,PROPAGATED_CONFIDENT,"1133.802,1169.932,1301.692,1242.615","1105.802,1149.932,1329.692,1262.615","1217.747,1206.274",,,0.009598,optical_trend_region
WGV35A_PAIR_0205_TO_WGV35A_PAIR_0206,PV_GM19_WHITE_SUV_NEAR_FIELD,P1,forward,WGV35A_PAIR_0205,WGV35A_PAIR_0206,66,PROPAGATED_CONFIDENT,"1138.029,1169.898,1306.036,1242.700","1110.029,1149.898,1334.036,1262.700","1222.032,1206.299",,,0.009614,optical_trend_region
WGV35A_PAIR_0205_TO_WGV35A_PAIR_0206,PV_GM19_WHITE_SUV_NEAR_FIELD,P1,forward,WGV35A_PAIR_0205,WGV35A_PAIR_0206,67,PROPAGATED_CONFIDENT,"1142.256,1169.865,1310.379,1242.785","1114.256,1149.865,1338.379,1262.785","1226.317,1206.325",,,0.009629,optical_trend_region
WGV35A_PAIR_0205_TO_WGV35A_PAIR_0206,PV_GM19_WHITE_SUV_NEAR_FIELD,P1,forward,WGV35A_PAIR_0205,WGV35A_PAIR_0206,68,PROPAGATED_CONFIDENT,"1146.483,1169.831,1314.722,1242.870","1118.483,1149.831,1342.722,1262.870","1230.603,1206.351",,,0.009644,optical_trend_region
WGV35A_PAIR_0205_TO_WGV35A_PAIR_0206,PV_GM19_WHITE_SUV_NEAR_FIELD,P1,forward,WGV35A_PAIR_0205,WGV35A_PAIR_0206,69,PROPAGATED_CONFIDENT,"1150.709,1169.797,1319.066,1242.955","1122.709,1149.797,1347.066,1262.955","1234.888,1206.376",,,0.009659,optical_trend_region
WGV35A_PAIR_0205_TO_WGV35A_PAIR_0206,PV_GM19_WHITE_SUV_NEAR_FIELD,P1,forward,WGV35A_PAIR_0205,WGV35A_PAIR_0206,70,PROPAGATED_CONFIDENT,"1154.936,1169.764,1323.409,1243.040","1126.936,1149.764,1351.409,1263.040","1239.173,1206.402",,,0.009674,optical_trend_region
WGV35A_PAIR_0205_TO_WGV35A_PAIR_0206,PV_GM19_WHITE_SUV_NEAR_FIELD,P1,forward,WGV35A_PAIR_0205,WGV35A_PAIR_0206,71,PROPAGATED_CONFIDENT,"1159.163,1169.730,1327.753,1243.125","1131.163,1149.730,1355.753,1263.125","1243.458,1206.427",,,0.009689,optical_trend_region
WGV35A_PAIR_0205_TO_WGV35A_PAIR_0206,PV_GM19_WHITE_SUV_NEAR_FIELD,P1,forward,WGV35A_PAIR_0205,WGV35A_PAIR_0206,72,PROPAGATED_CONFIDENT,"1163.389,1169.696,1332.096,1243.210","1135.389,1149.696,1360.096,1263.210","1247.743,1206.453",,,0.009704,optical_trend_region
WGV35A_PAIR_0205_TO_WGV35A_PAIR_0206,PV_GM19_WHITE_SUV_NEAR_FIELD,P1,forward,WGV35A_PAIR_0205,WGV35A_PAIR_0206,73,PROPAGATED_CONFIDENT,"1167.616,1169.663,1336.439,1243.294","1139.616,1149.663,1364.439,1263.294","1252.028,1206.479",,,0.00972,optical_trend_region
WGV35A_PAIR_0205_TO_WGV35A_PAIR_0206,PV_GM19_WHITE_SUV_NEAR_FIELD,P1,forward,WGV35A_PAIR_0205,WGV35A_PAIR_0206,74,PROPAGATED_CONFIDENT,"1171.843,1169.629,1340.783,1243.379","1143.843,1149.629,1368.783,1263.379","1256.313,1206.504",,,0.009735,optical_trend_region
WGV35A_PAIR_0205_TO_WGV35A_PAIR_0206,PV_GM19_WHITE_SUV_NEAR_FIELD,P1,forward,WGV35A_PAIR_0205,WGV35A_PAIR_0206,75,PROPAGATED_CONFIDENT,"1176.070,1169.595,1345.126,1243.464","1148.070,1149.595,1373.126,1263.464","1260.598,1206.530",,,0.00975,optical_trend_region
WGV35A_PAIR_0205_TO_WGV35A_PAIR_0206,PV_GM19_WHITE_SUV_NEAR_FIELD,P1,forward,WGV35A_PAIR_0205,WGV35A_PAIR_0206,76,PROPAGATED_CONFIDENT,"1180.296,1169.562,1349.470,1243.549","1152.296,1149.562,1377.470,1263.549","1264.883,1206.555",,,0.009765,optical_trend_region
WGV35A_PAIR_0205_TO_WGV35A_PAIR_0206,PV_GM19_WHITE_SUV_NEAR_FIELD,P1,forward,WGV35A_PAIR_0205,WGV35A_PAIR_0206,77,PROPAGATED_CONFIDENT,"1184.523,1169.528,1353.813,1243.634","1156.523,1149.528,1381.813,1263.634","1269.168,1206.581",1,1,0.00978,optical_trend_region
WGV35A_PAIR_0205_TO_WGV35A_PAIR_0206,PV_GM19_WHITE_SUV_NEAR_FIELD,P2,forward,WGV35A_PAIR_0205,WGV35A_PAIR_0206,31,PROPAGATED_WEAK,"990.542,1171.198,1154.465,1239.850","890.721,1126.049,1253.390,1284.757","1073.176,1205.706",,,0.021899,local_connected_response
WGV35A_PAIR_0205_TO_WGV35A_PAIR_0206,PV_GM19_WHITE_SUV_NEAR_FIELD,P2,forward,WGV35A_PAIR_0205,WGV35A_PAIR_0206,32,PROPAGATED_WEAK,"992.999,1171.477,1156.998,1240.206","893.599,1126.042,1256.397,1284.882","1075.000,1206.412",,,0.021924,local_connected_response
WGV35A_PAIR_0205_TO_WGV35A_PAIR_0206,PV_GM19_WHITE_SUV_NEAR_FIELD,P2,forward,WGV35A_PAIR_0205,WGV35A_PAIR_0206,33,PROPAGATED_WEAK,"996.636,1171.764,1160.738,1240.597","897.170,1126.082,1260.142,1285.098","1078.733,1207.067",,,0.021959,local_connected_response
WGV35A_PAIR_0205_TO_WGV35A_PAIR_0206,PV_GM19_WHITE_SUV_NEAR_FIELD,P2,forward,WGV35A_PAIR_0205,WGV35A_PAIR_0206,34,PROPAGATED_WEAK,"997.373,1164.098,1161.586,1233.044","901.151,1126.121,1264.313,1285.330","1074.600,1187.840",,,0.021998,local_connected_response
WGV35A_PAIR_0205_TO_WGV35A_PAIR_0206,PV_GM19_WHITE_SUV_NEAR_FIELD,P2,forward,WGV35A_PAIR_0205,WGV35A_PAIR_0206,35,PROPAGATED_WEAK,"998.485,1170.172,1162.812,1239.236","904.116,1123.375,1267.474,1282.782","1072.929,1207.143",,,0.022037,local_connected_response
WGV35A_PAIR_0205_TO_WGV35A_PAIR_0206,PV_GM19_WHITE_SUV_NEAR_FIELD,P2,forward,WGV35A_PAIR_0205,WGV35A_PAIR_0206,36,PROPAGATED_WEAK,"1002.717,1171.136,1167.161,1240.317","907.212,1125.438,1270.767,1285.046","1078.864,1206.455",,,0.022077,local_connected_response
WGV35A_PAIR_0205_TO_WGV35A_PAIR_0206,PV_GM19_WHITE_SUV_NEAR_FIELD,P2,forward,WGV35A_PAIR_0205,WGV35A_PAIR_0206,37,PROPAGATED_WEAK,"1007.636,1170.770,1172.196,1240.070","911.400,1125.711,1275.153,1285.521","1084.875,1205.125",,,0.022116,local_connected_response
WGV35A_PAIR_0205_TO_WGV35A_PAIR_0206,PV_GM19_WHITE_SUV_NEAR_FIELD,P2,forward,WGV35A_PAIR_0205,WGV35A_PAIR_0206,38,PROPAGATED_WEAK,"1015.029,1169.235,1179.706,1238.653","915.828,1125.520,1279.779,1285.531","1096.714,1201.571",,,0.022156,local_connected_response
WGV35A_PAIR_0205_TO_WGV35A_PAIR_0206,PV_GM19_WHITE_SUV_NEAR_FIELD,P2,forward,WGV35A_PAIR_0205,WGV35A_PAIR_0206,39,REVIEW_REQUIRED,"1020.321,1168.683,1185.115,1238.220","921.123,1124.919,1285.272,1285.132","1102.000,1201.091",,,0.022196,manual_max_safe_distance_8_frames_before_target
WGV35A_PAIR_0205_TO_WGV35A_PAIR_0206,PV_GM19_WHITE_SUV_NEAR_FIELD,P3,forward,WGV35A_PAIR_0205,WGV35A_PAIR_0206,31,PROPAGATED_WEAK,"990.542,1171.198,1154.465,1239.850","890.721,1126.049,1253.390,1284.757","1073.176,1205.706",,,0.021899,local_connected_response
WGV35A_PAIR_0205_TO_WGV35A_PAIR_0206,PV_GM19_WHITE_SUV_NEAR_FIELD,P3,forward,WGV35A_PAIR_0205,WGV35A_PAIR_0206,32,PROPAGATED_WEAK,"992.999,1171.477,1156.998,1240.206","893.599,1126.042,1256.397,1284.882","1075.000,1206.412",,,0.021924,local_connected_response
WGV35A_PAIR_0205_TO_WGV35A_PAIR_0206,PV_GM19_WHITE_SUV_NEAR_FIELD,P3,forward,WGV35A_PAIR_0205,WGV35A_PAIR_0206,33,PROPAGATED_WEAK,"996.636,1171.764,1160.738,1240.597","897.170,1126.082,1260.142,1285.098","1078.733,1207.067",,,0.021959,local_connected_response
WGV35A_PAIR_0205_TO_WGV35A_PAIR_0206,PV_GM19_WHITE_SUV_NEAR_FIELD,P3,forward,WGV35A_PAIR_0205,WGV35A_PAIR_0206,34,PROPAGATED_WEAK,"997.373,1164.098,1161.586,1233.044","901.151,1126.121,1264.313,1285.330","1074.600,1187.840",,,0.021998,local_connected_response
WGV35A_PAIR_0205_TO_WGV35A_PAIR_0206,PV_GM19_WHITE_SUV_NEAR_FIELD,P3,forward,WGV35A_PAIR_0205,WGV35A_PAIR_0206,35,PROPAGATED_WEAK,"998.485,1170.172,1162.812,1239.236","904.116,1123.375,1267.474,1282.782","1072.929,1207.143",,,0.022037,local_connected_response
WGV35A_PAIR_0205_TO_WGV35A_PAIR_0206,PV_GM19_WHITE_SUV_NEAR_FIELD,P3,forward,WGV35A_PAIR_0205,WGV35A_PAIR_0206,36,PROPAGATED_WEAK,"1002.717,1171.136,1167.161,1240.317","907.212,1125.438,1270.767,1285.046","1078.864,1206.455",,,0.022077,local_connected_response
WGV35A_PAIR_0205_TO_WGV35A_PAIR_0206,PV_GM19_WHITE_SUV_NEAR_FIELD,P3,forward,WGV35A_PAIR_0205,WGV35A_PAIR_0206,37,PROPAGATED_WEAK,"1007.636,1170.770,1172.196,1240.070","911.400,1125.711,1275.153,1285.521","1084.875,1205.125",,,0.022116,local_connected_response
WGV35A_PAIR_0205_TO_WGV35A_PAIR_0206,PV_GM19_WHITE_SUV_NEAR_FIELD,P3,forward,WGV35A_PAIR_0205,WGV35A_PAIR_0206,38,PROPAGATED_WEAK,"1015.029,1169.235,1179.706,1238.653","915.828,1125.520,1279.779,1285.531","1096.714,1201.571",,,0.022156,local_connected_response
WGV35A_PAIR_0205_TO_WGV35A_PAIR_0206,PV_GM19_WHITE_SUV_NEAR_FIELD,P3,forward,WGV35A_PAIR_0205,WGV35A_PAIR_0206,39,REVIEW_REQUIRED,"1020.321,1168.683,1185.115,1238.220","921.123,1124.919,1285.272,1285.132","1102.000,1201.091",,,0.022196,manual_max_safe_distance_8_frames_before_target
WGV35A_PAIR_0205_TO_WGV35A_PAIR_0206,PV_GM19_WHITE_SUV_NEAR_FIELD,P3,backward,WGV35A_PAIR_0206,WGV35A_PAIR_0205,77,PROPAGATED_WEAK,"1184.601,1170.823,1353.891,1244.929","1083.271,1122.591,1455.065,1290.571","1269.364,1209.818",,,0.023761,local_connected_response
WGV35A_PAIR_0205_TO_WGV35A_PAIR_0206,PV_GM19_WHITE_SUV_NEAR_FIELD,P3,backward,WGV35A_PAIR_0206,WGV35A_PAIR_0205,76,PROPAGATED_WEAK,"1181.539,1170.996,1350.753,1245.025","1080.578,1123.093,1452.242,1290.942","1265.750,1209.500",,,0.023734,local_connected_response
WGV35A_PAIR_0205_TO_WGV35A_PAIR_0206,PV_GM19_WHITE_SUV_NEAR_FIELD,P3,backward,WGV35A_PAIR_0206,WGV35A_PAIR_0205,75,PROPAGATED_WEAK,"1177.835,1172.544,1346.946,1246.469","1076.795,1123.212,1448.285,1290.884","1262.167,1213.194",,,0.023698,local_connected_response
WGV35A_PAIR_0205_TO_WGV35A_PAIR_0206,PV_GM19_WHITE_SUV_NEAR_FIELD,P3,backward,WGV35A_PAIR_0206,WGV35A_PAIR_0205,74,PROPAGATED_WEAK,"1173.979,1172.857,1342.979,1246.668","1072.790,1123.815,1444.090,1291.295","1258.537,1213.073",,,0.023659,local_connected_response
WGV35A_PAIR_0205_TO_WGV35A_PAIR_0206,PV_GM19_WHITE_SUV_NEAR_FIELD,P3,backward,WGV35A_PAIR_0206,WGV35A_PAIR_0205,73,PROPAGATED_CONFIDENT,"1168.587,1176.403,1337.472,1250.097","1068.733,1123.987,1439.838,1291.268","1251.146,1221.684",,,0.023618,local_connected_response
WGV35A_PAIR_0205_TO_WGV35A_PAIR_0206,PV_GM19_WHITE_SUV_NEAR_FIELD,P3,backward,WGV35A_PAIR_0206,WGV35A_PAIR_0205,72,PROPAGATED_WEAK,"1165.549,1172.600,1334.318,1246.176","1064.139,1125.292,1435.047,1292.372","1250.444,1210.222",,,0.023577,local_connected_response
WGV35A_PAIR_0205_TO_WGV35A_PAIR_0206,PV_GM19_WHITE_SUV_NEAR_FIELD,P3,backward,WGV35A_PAIR_0206,WGV35A_PAIR_0205,71,PROPAGATED_WEAK,"1161.730,1171.927,1330.383,1245.385","1060.370,1124.024,1431.079,1290.903","1246.556,1210.444",,,0.023537,local_connected_response
WGV35A_PAIR_0205_TO_WGV35A_PAIR_0206,PV_GM19_WHITE_SUV_NEAR_FIELD,P3,backward,WGV35A_PAIR_0206,WGV35A_PAIR_0205,70,PROPAGATED_WEAK,"1157.850,1172.045,1326.387,1245.384","1056.326,1123.852,1426.838,1290.530","1242.923,1211.000",,,0.023496,local_connected_response
WGV35A_PAIR_0205_TO_WGV35A_PAIR_0206,PV_GM19_WHITE_SUV_NEAR_FIELD,P3,backward,WGV35A_PAIR_0206,WGV35A_PAIR_0205,69,REVIEW_REQUIRED,"1154.175,1172.173,1322.594,1245.394","1052.262,1123.956,1422.575,1290.433","1239.833,1211.167",,,0.023455,manual_max_safe_distance_8_frames_before_target
WGV35A_PAIR_0206_TO_WGV35A_PAIR_0207,PV_GM19_WHITE_SUV_NEAR_FIELD,P0,forward,WGV35A_PAIR_0206,WGV35A_PAIR_0207,77,PROPAGATED_WEAK,"1184.523,1169.528,1353.813,1243.634","1168.523,1157.528,1369.813,1255.634","1269.168,1206.581",,,0.007513,fixed_anchor_region
WGV35A_PAIR_0206_TO_WGV35A_PAIR_0207,PV_GM19_WHITE_SUV_NEAR_FIELD,P0,forward,WGV35A_PAIR_0206,WGV35A_PAIR_0207,78,PROPAGATED_WEAK,"1184.523,1169.528,1353.813,1243.634","1168.523,1157.528,1369.813,1255.634","1269.168,1206.581",,,0.007513,fixed_anchor_region
WGV35A_PAIR_0206_TO_WGV35A_PAIR_0207,PV_GM19_WHITE_SUV_NEAR_FIELD,P0,forward,WGV35A_PAIR_0206,WGV35A_PAIR_0207,79,PROPAGATED_WEAK,"1184.523,1169.528,1353.813,1243.634","1168.523,1157.528,1369.813,1255.634","1269.168,1206.581",,,0.007513,fixed_anchor_region
WGV35A_PAIR_0206_TO_WGV35A_PAIR_0207,PV_GM19_WHITE_SUV_NEAR_FIELD,P0,forward,WGV35A_PAIR_0206,WGV35A_PAIR_0207,80,PROPAGATED_WEAK,"1184.523,1169.528,1353.813,1243.634","1168.523,1157.528,1369.813,1255.634","1269.168,1206.581",,,0.007513,fixed_anchor_region
WGV35A_PAIR_0206_TO_WGV35A_PAIR_0207,PV_GM19_WHITE_SUV_NEAR_FIELD,P0,forward,WGV35A_PAIR_0206,WGV35A_PAIR_0207,81,PROPAGATED_WEAK,"1184.523,1169.528,1353.813,1243.634","1168.523,1157.528,1369.813,1255.634","1269.168,1206.581",0.898568,0.898568,0.007513,fixed_anchor_region
WGV35A_PAIR_0206_TO_WGV35A_PAIR_0207,PV_GM19_WHITE_SUV_NEAR_FIELD,P1,forward,WGV35A_PAIR_0206,WGV35A_PAIR_0207,77,PROPAGATED_CONFIDENT,"1184.523,1169.528,1353.813,1243.634","1156.523,1149.528,1381.813,1263.634","1269.168,1206.581",,,0.00978,optical_trend_region
WGV35A_PAIR_0206_TO_WGV35A_PAIR_0207,PV_GM19_WHITE_SUV_NEAR_FIELD,P1,forward,WGV35A_PAIR_0206,WGV35A_PAIR_0207,78,PROPAGATED_CONFIDENT,"1189.029,1171.410,1354.133,1245.357","1161.029,1151.410,1382.133,1265.357","1271.581,1208.384",,,0.009585,optical_trend_region
WGV35A_PAIR_0206_TO_WGV35A_PAIR_0207,PV_GM19_WHITE_SUV_NEAR_FIELD,P1,forward,WGV35A_PAIR_0206,WGV35A_PAIR_0207,79,PROPAGATED_CONFIDENT,"1193.536,1173.293,1354.454,1247.081","1165.536,1153.293,1382.454,1267.081","1273.995,1210.187",,,0.009391,optical_trend_region
WGV35A_PAIR_0206_TO_WGV35A_PAIR_0207,PV_GM19_WHITE_SUV_NEAR_FIELD,P1,forward,WGV35A_PAIR_0206,WGV35A_PAIR_0207,80,PROPAGATED_CONFIDENT,"1198.043,1175.176,1354.774,1248.804","1170.043,1155.176,1382.774,1268.804","1276.408,1211.990",,,0.009197,optical_trend_region
WGV35A_PAIR_0206_TO_WGV35A_PAIR_0207,PV_GM19_WHITE_SUV_NEAR_FIELD,P1,forward,WGV35A_PAIR_0206,WGV35A_PAIR_0207,81,PROPAGATED_CONFIDENT,"1202.549,1177.058,1355.094,1250.527","1174.549,1157.058,1383.094,1270.527","1278.822,1213.793",1,1,0.009003,optical_trend_region
WGV35A_PAIR_0206_TO_WGV35A_PAIR_0207,PV_GM19_WHITE_SUV_NEAR_FIELD,P2,forward,WGV35A_PAIR_0206,WGV35A_PAIR_0207,77,PROPAGATED_WEAK,"1184.601,1170.823,1353.891,1244.929","1083.271,1122.591,1455.065,1290.571","1269.364,1209.818",,,0.023761,local_connected_response
WGV35A_PAIR_0206_TO_WGV35A_PAIR_0207,PV_GM19_WHITE_SUV_NEAR_FIELD,P2,forward,WGV35A_PAIR_0206,WGV35A_PAIR_0207,78,PROPAGATED_WEAK,"1187.621,1176.887,1354.190,1250.890","1087.180,1124.304,1454.348,1292.108","1271.118,1222.412",,,0.023441,local_connected_response
WGV35A_PAIR_0206_TO_WGV35A_PAIR_0207,PV_GM19_WHITE_SUV_NEAR_FIELD,P2,forward,WGV35A_PAIR_0206,WGV35A_PAIR_0207,79,PROPAGATED_WEAK,"1193.175,1174.958,1356.071,1248.821","1092.452,1127.699,1453.375,1295.266","1277.188,1212.500",,,0.02301,local_connected_response
WGV35A_PAIR_0206_TO_WGV35A_PAIR_0207,PV_GM19_WHITE_SUV_NEAR_FIELD,P2,forward,WGV35A_PAIR_0206,WGV35A_PAIR_0207,80,PROPAGATED_WEAK,"1198.407,1175.463,1357.296,1249.173","1098.728,1128.301,1452.839,1295.608","1280.955,1212.864",,,0.02254,local_connected_response
WGV35A_PAIR_0206_TO_WGV35A_PAIR_0207,PV_GM19_WHITE_SUV_NEAR_FIELD,P2,forward,WGV35A_PAIR_0206,WGV35A_PAIR_0207,81,PROPAGATED_WEAK,"1203.467,1175.069,1358.232,1248.623","1104.932,1129.756,1452.033,1296.797","1284.400,1209.700",0.96822,0.96822,0.022059,local_connected_response
WGV35A_PAIR_0206_TO_WGV35A_PAIR_0207,PV_GM19_WHITE_SUV_NEAR_FIELD,P3,forward,WGV35A_PAIR_0206,WGV35A_PAIR_0207,77,PROPAGATED_WEAK,"1184.601,1170.823,1353.891,1244.929","1083.271,1122.591,1455.065,1290.571","1269.364,1209.818",,,0.023761,local_connected_response
WGV35A_PAIR_0206_TO_WGV35A_PAIR_0207,PV_GM19_WHITE_SUV_NEAR_FIELD,P3,forward,WGV35A_PAIR_0206,WGV35A_PAIR_0207,78,PROPAGATED_WEAK,"1187.621,1176.887,1354.190,1250.890","1087.180,1124.304,1454.348,1292.108","1271.118,1222.412",,,0.023441,local_connected_response
WGV35A_PAIR_0206_TO_WGV35A_PAIR_0207,PV_GM19_WHITE_SUV_NEAR_FIELD,P3,forward,WGV35A_PAIR_0206,WGV35A_PAIR_0207,79,PROPAGATED_WEAK,"1193.175,1174.958,1356.071,1248.821","1092.452,1127.699,1453.375,1295.266","1277.188,1212.500",,,0.02301,local_connected_response
WGV35A_PAIR_0206_TO_WGV35A_PAIR_0207,PV_GM19_WHITE_SUV_NEAR_FIELD,P3,forward,WGV35A_PAIR_0206,WGV35A_PAIR_0207,80,PROPAGATED_WEAK,"1198.407,1175.463,1357.296,1249.173","1098.728,1128.301,1452.839,1295.608","1280.955,1212.864",,,0.02254,local_connected_response
WGV35A_PAIR_0206_TO_WGV35A_PAIR_0207,PV_GM19_WHITE_SUV_NEAR_FIELD,P3,forward,WGV35A_PAIR_0206,WGV35A_PAIR_0207,81,PROPAGATED_WEAK,"1203.467,1175.069,1358.232,1248.623","1104.932,1129.756,1452.033,1296.797","1284.400,1209.700",0.96822,0.96822,0.022059,local_connected_response
WGV35A_PAIR_0206_TO_WGV35A_PAIR_0207,PV_GM19_WHITE_SUV_NEAR_FIELD,P3,backward,WGV35A_PAIR_0207,WGV35A_PAIR_0206,81,PROPAGATED_WEAK,"1204.780,1175.421,1357.325,1248.890","1107.158,1130.344,1450.485,1297.241","1284.400,1209.700",,,0.0218,local_connected_response
WGV35A_PAIR_0206_TO_WGV35A_PAIR_0207,PV_GM19_WHITE_SUV_NEAR_FIELD,P3,backward,WGV35A_PAIR_0207,WGV35A_PAIR_0206,80,PROPAGATED_WEAK,"1201.569,1175.588,1356.835,1249.160","1104.058,1128.511,1452.010,1295.584","1280.955,1212.864",,,0.022117,local_connected_response
WGV35A_PAIR_0206_TO_WGV35A_PAIR_0207,PV_GM19_WHITE_SUV_NEAR_FIELD,P3,backward,WGV35A_PAIR_0207,WGV35A_PAIR_0206,79,PROPAGATED_WEAK,"1196.896,1174.715,1355.835,1248.428","1098.719,1127.297,1452.916,1294.608","1277.188,1212.500",,,0.022546,local_connected_response
WGV35A_PAIR_0206_TO_WGV35A_PAIR_0207,PV_GM19_WHITE_SUV_NEAR_FIELD,P3,backward,WGV35A_PAIR_0207,WGV35A_PAIR_0206,78,PROPAGATED_WEAK,"1190.927,1177.732,1353.874,1251.597","1092.751,1125.715,1453.760,1293.284","1271.118,1222.412",,,0.023015,local_connected_response
WGV35A_PAIR_0206_TO_WGV35A_PAIR_0207,PV_GM19_WHITE_SUV_NEAR_FIELD,P3,backward,WGV35A_PAIR_0207,WGV35A_PAIR_0206,77,PROPAGATED_WEAK,"1186.390,1172.563,1353.460,1246.584","1086.290,1125.492,1454.309,1293.328","1269.364,1209.818",0.946472,0.946472,0.0235,local_connected_response
WGV35A_PAIR_0208_TO_WGV35A_PAIR_0209,PV_GM19_SILVER_MPV_NEAR_FIELD,P0,forward,WGV35A_PAIR_0208,WGV35A_PAIR_0209,212,PROPAGATED_WEAK,"935.174,1162.205,1093.287,1244.449","919.174,1150.205,1109.287,1256.449","1014.231,1203.327",,,0.007685,fixed_anchor_region
WGV35A_PAIR_0208_TO_WGV35A_PAIR_0209,PV_GM19_SILVER_MPV_NEAR_FIELD,P0,forward,WGV35A_PAIR_0208,WGV35A_PAIR_0209,213,PROPAGATED_WEAK,"935.174,1162.205,1093.287,1244.449","919.174,1150.205,1109.287,1256.449","1014.231,1203.327",,,0.007685,fixed_anchor_region
WGV35A_PAIR_0208_TO_WGV35A_PAIR_0209,PV_GM19_SILVER_MPV_NEAR_FIELD,P0,forward,WGV35A_PAIR_0208,WGV35A_PAIR_0209,214,PROPAGATED_WEAK,"935.174,1162.205,1093.287,1244.449","919.174,1150.205,1109.287,1256.449","1014.231,1203.327",,,0.007685,fixed_anchor_region
WGV35A_PAIR_0208_TO_WGV35A_PAIR_0209,PV_GM19_SILVER_MPV_NEAR_FIELD,P0,forward,WGV35A_PAIR_0208,WGV35A_PAIR_0209,215,PROPAGATED_WEAK,"935.174,1162.205,1093.287,1244.449","919.174,1150.205,1109.287,1256.449","1014.231,1203.327",,,0.007685,fixed_anchor_region
WGV35A_PAIR_0208_TO_WGV35A_PAIR_0209,PV_GM19_SILVER_MPV_NEAR_FIELD,P0,forward,WGV35A_PAIR_0208,WGV35A_PAIR_0209,216,PROPAGATED_WEAK,"935.174,1162.205,1093.287,1244.449","919.174,1150.205,1109.287,1256.449","1014.231,1203.327",,,0.007685,fixed_anchor_region
WGV35A_PAIR_0208_TO_WGV35A_PAIR_0209,PV_GM19_SILVER_MPV_NEAR_FIELD,P0,forward,WGV35A_PAIR_0208,WGV35A_PAIR_0209,217,PROPAGATED_WEAK,"935.174,1162.205,1093.287,1244.449","919.174,1150.205,1109.287,1256.449","1014.231,1203.327",,,0.007685,fixed_anchor_region
WGV35A_PAIR_0208_TO_WGV35A_PAIR_0209,PV_GM19_SILVER_MPV_NEAR_FIELD,P0,forward,WGV35A_PAIR_0208,WGV35A_PAIR_0209,218,PROPAGATED_WEAK,"935.174,1162.205,1093.287,1244.449","919.174,1150.205,1109.287,1256.449","1014.231,1203.327",,,0.007685,fixed_anchor_region
WGV35A_PAIR_0208_TO_WGV35A_PAIR_0209,PV_GM19_SILVER_MPV_NEAR_FIELD,P0,forward,WGV35A_PAIR_0208,WGV35A_PAIR_0209,219,PROPAGATED_WEAK,"935.174,1162.205,1093.287,1244.449","919.174,1150.205,1109.287,1256.449","1014.231,1203.327",,,0.007685,fixed_anchor_region
WGV35A_PAIR_0208_TO_WGV35A_PAIR_0209,PV_GM19_SILVER_MPV_NEAR_FIELD,P0,forward,WGV35A_PAIR_0208,WGV35A_PAIR_0209,220,PROPAGATED_WEAK,"935.174,1162.205,1093.287,1244.449","919.174,1150.205,1109.287,1256.449","1014.231,1203.327",,,0.007685,fixed_anchor_region
WGV35A_PAIR_0208_TO_WGV35A_PAIR_0209,PV_GM19_SILVER_MPV_NEAR_FIELD,P0,forward,WGV35A_PAIR_0208,WGV35A_PAIR_0209,221,PROPAGATED_WEAK,"935.174,1162.205,1093.287,1244.449","919.174,1150.205,1109.287,1256.449","1014.231,1203.327",,,0.007685,fixed_anchor_region
WGV35A_PAIR_0208_TO_WGV35A_PAIR_0209,PV_GM19_SILVER_MPV_NEAR_FIELD,P0,forward,WGV35A_PAIR_0208,WGV35A_PAIR_0209,222,PROPAGATED_WEAK,"935.174,1162.205,1093.287,1244.449","919.174,1150.205,1109.287,1256.449","1014.231,1203.327",,,0.007685,fixed_anchor_region
WGV35A_PAIR_0208_TO_WGV35A_PAIR_0209,PV_GM19_SILVER_MPV_NEAR_FIELD,P0,forward,WGV35A_PAIR_0208,WGV35A_PAIR_0209,223,PROPAGATED_WEAK,"935.174,1162.205,1093.287,1244.449","919.174,1150.205,1109.287,1256.449","1014.231,1203.327",,,0.007685,fixed_anchor_region
WGV35A_PAIR_0208_TO_WGV35A_PAIR_0209,PV_GM19_SILVER_MPV_NEAR_FIELD,P0,forward,WGV35A_PAIR_0208,WGV35A_PAIR_0209,224,PROPAGATED_WEAK,"935.174,1162.205,1093.287,1244.449","919.174,1150.205,1109.287,1256.449","1014.231,1203.327",,,0.007685,fixed_anchor_region
WGV35A_PAIR_0208_TO_WGV35A_PAIR_0209,PV_GM19_SILVER_MPV_NEAR_FIELD,P0,forward,WGV35A_PAIR_0208,WGV35A_PAIR_0209,225,PROPAGATED_WEAK,"935.174,1162.205,1093.287,1244.449","919.174,1150.205,1109.287,1256.449","1014.231,1203.327",,,0.007685,fixed_anchor_region
WGV35A_PAIR_0208_TO_WGV35A_PAIR_0209,PV_GM19_SILVER_MPV_NEAR_FIELD,P0,forward,WGV35A_PAIR_0208,WGV35A_PAIR_0209,226,PROPAGATED_WEAK,"935.174,1162.205,1093.287,1244.449","919.174,1150.205,1109.287,1256.449","1014.231,1203.327",,,0.007685,fixed_anchor_region
WGV35A_PAIR_0208_TO_WGV35A_PAIR_0209,PV_GM19_SILVER_MPV_NEAR_FIELD,P0,forward,WGV35A_PAIR_0208,WGV35A_PAIR_0209,227,PROPAGATED_WEAK,"935.174,1162.205,1093.287,1244.449","919.174,1150.205,1109.287,1256.449","1014.231,1203.327",,,0.007685,fixed_anchor_region
WGV35A_PAIR_0208_TO_WGV35A_PAIR_0209,PV_GM19_SILVER_MPV_NEAR_FIELD,P0,forward,WGV35A_PAIR_0208,WGV35A_PAIR_0209,228,PROPAGATED_WEAK,"935.174,1162.205,1093.287,1244.449","919.174,1150.205,1109.287,1256.449","1014.231,1203.327",,,0.007685,fixed_anchor_region
WGV35A_PAIR_0208_TO_WGV35A_PAIR_0209,PV_GM19_SILVER_MPV_NEAR_FIELD,P0,forward,WGV35A_PAIR_0208,WGV35A_PAIR_0209,229,PROPAGATED_WEAK,"935.174,1162.205,1093.287,1244.449","919.174,1150.205,1109.287,1256.449","1014.231,1203.327",,,0.007685,fixed_anchor_region
WGV35A_PAIR_0208_TO_WGV35A_PAIR_0209,PV_GM19_SILVER_MPV_NEAR_FIELD,P0,forward,WGV35A_PAIR_0208,WGV35A_PAIR_0209,230,PROPAGATED_WEAK,"935.174,1162.205,1093.287,1244.449","919.174,1150.205,1109.287,1256.449","1014.231,1203.327",,,0.007685,fixed_anchor_region
WGV35A_PAIR_0208_TO_WGV35A_PAIR_0209,PV_GM19_SILVER_MPV_NEAR_FIELD,P0,forward,WGV35A_PAIR_0208,WGV35A_PAIR_0209,231,PROPAGATED_WEAK,"935.174,1162.205,1093.287,1244.449","919.174,1150.205,1109.287,1256.449","1014.231,1203.327",,,0.007685,fixed_anchor_region
WGV35A_PAIR_0208_TO_WGV35A_PAIR_0209,PV_GM19_SILVER_MPV_NEAR_FIELD,P0,forward,WGV35A_PAIR_0208,WGV35A_PAIR_0209,232,PROPAGATED_WEAK,"935.174,1162.205,1093.287,1244.449","919.174,1150.205,1109.287,1256.449","1014.231,1203.327",,,0.007685,fixed_anchor_region
WGV35A_PAIR_0208_TO_WGV35A_PAIR_0209,PV_GM19_SILVER_MPV_NEAR_FIELD,P0,forward,WGV35A_PAIR_0208,WGV35A_PAIR_0209,233,PROPAGATED_WEAK,"935.174,1162.205,1093.287,1244.449","919.174,1150.205,1109.287,1256.449","1014.231,1203.327",,,0.007685,fixed_anchor_region
WGV35A_PAIR_0208_TO_WGV35A_PAIR_0209,PV_GM19_SILVER_MPV_NEAR_FIELD,P0,forward,WGV35A_PAIR_0208,WGV35A_PAIR_0209,234,PROPAGATED_WEAK,"935.174,1162.205,1093.287,1244.449","919.174,1150.205,1109.287,1256.449","1014.231,1203.327",,,0.007685,fixed_anchor_region
WGV35A_PAIR_0208_TO_WGV35A_PAIR_0209,PV_GM19_SILVER_MPV_NEAR_FIELD,P0,forward,WGV35A_PAIR_0208,WGV35A_PAIR_0209,235,PROPAGATED_WEAK,"935.174,1162.205,1093.287,1244.449","919.174,1150.205,1109.287,1256.449","1014.231,1203.327",,,0.007685,fixed_anchor_region
WGV35A_PAIR_0208_TO_WGV35A_PAIR_0209,PV_GM19_SILVER_MPV_NEAR_FIELD,P0,forward,WGV35A_PAIR_0208,WGV35A_PAIR_0209,236,PROPAGATED_WEAK,"935.174,1162.205,1093.287,1244.449","919.174,1150.205,1109.287,1256.449","1014.231,1203.327",,,0.007685,fixed_anchor_region
WGV35A_PAIR_0208_TO_WGV35A_PAIR_0209,PV_GM19_SILVER_MPV_NEAR_FIELD,P0,forward,WGV35A_PAIR_0208,WGV35A_PAIR_0209,237,PROPAGATED_WEAK,"935.174,1162.205,1093.287,1244.449","919.174,1150.205,1109.287,1256.449","1014.231,1203.327",,,0.007685,fixed_anchor_region
WGV35A_PAIR_0208_TO_WGV35A_PAIR_0209,PV_GM19_SILVER_MPV_NEAR_FIELD,P0,forward,WGV35A_PAIR_0208,WGV35A_PAIR_0209,238,PROPAGATED_WEAK,"935.174,1162.205,1093.287,1244.449","919.174,1150.205,1109.287,1256.449","1014.231,1203.327",0.373204,0.373204,0.007685,fixed_anchor_region
WGV35A_PAIR_0208_TO_WGV35A_PAIR_0209,PV_GM19_SILVER_MPV_NEAR_FIELD,P1,forward,WGV35A_PAIR_0208,WGV35A_PAIR_0209,212,PROPAGATED_CONFIDENT,"935.174,1162.205,1093.287,1244.449","907.174,1142.205,1121.287,1264.449","1014.231,1203.327",,,0.009958,optical_trend_region
WGV35A_PAIR_0208_TO_WGV35A_PAIR_0209,PV_GM19_SILVER_MPV_NEAR_FIELD,P1,forward,WGV35A_PAIR_0208,WGV35A_PAIR_0209,213,PROPAGATED_CONFIDENT,"939.273,1162.566,1096.617,1244.416","911.273,1142.566,1124.617,1264.416","1017.945,1203.491",,,0.00989,optical_trend_region
WGV35A_PAIR_0208_TO_WGV35A_PAIR_0209,PV_GM19_SILVER_MPV_NEAR_FIELD,P1,forward,WGV35A_PAIR_0208,WGV35A_PAIR_0209,214,PROPAGATED_CONFIDENT,"943.371,1162.927,1099.946,1244.382","915.371,1142.927,1127.946,1264.382","1021.659,1203.655",,,0.009823,optical_trend_region
WGV35A_PAIR_0208_TO_WGV35A_PAIR_0209,PV_GM19_SILVER_MPV_NEAR_FIELD,P1,forward,WGV35A_PAIR_0208,WGV35A_PAIR_0209,215,PROPAGATED_CONFIDENT,"947.470,1163.288,1103.276,1244.349","919.470,1143.288,1131.276,1264.349","1025.373,1203.819",,,0.009755,optical_trend_region
WGV35A_PAIR_0208_TO_WGV35A_PAIR_0209,PV_GM19_SILVER_MPV_NEAR_FIELD,P1,forward,WGV35A_PAIR_0208,WGV35A_PAIR_0209,216,PROPAGATED_CONFIDENT,"951.569,1163.649,1106.606,1244.315","923.569,1143.649,1134.606,1264.315","1029.087,1203.982",,,0.009688,optical_trend_region
WGV35A_PAIR_0208_TO_WGV35A_PAIR_0209,PV_GM19_SILVER_MPV_NEAR_FIELD,P1,forward,WGV35A_PAIR_0208,WGV35A_PAIR_0209,217,PROPAGATED_CONFIDENT,"955.667,1164.010,1109.936,1244.282","927.667,1144.010,1137.936,1264.282","1032.802,1204.146",,,0.009622,optical_trend_region
WGV35A_PAIR_0208_TO_WGV35A_PAIR_0209,PV_GM19_SILVER_MPV_NEAR_FIELD,P1,forward,WGV35A_PAIR_0208,WGV35A_PAIR_0209,218,PROPAGATED_CONFIDENT,"959.766,1164.371,1113.265,1244.249","931.766,1144.371,1141.265,1264.249","1036.516,1204.310",,,0.009555,optical_trend_region
WGV35A_PAIR_0208_TO_WGV35A_PAIR_0209,PV_GM19_SILVER_MPV_NEAR_FIELD,P1,forward,WGV35A_PAIR_0208,WGV35A_PAIR_0209,219,PROPAGATED_CONFIDENT,"963.865,1164.733,1116.595,1244.215","935.865,1144.733,1144.595,1264.215","1040.230,1204.474",,,0.009488,optical_trend_region
WGV35A_PAIR_0208_TO_WGV35A_PAIR_0209,PV_GM19_SILVER_MPV_NEAR_FIELD,P1,forward,WGV35A_PAIR_0208,WGV35A_PAIR_0209,220,PROPAGATED_CONFIDENT,"967.964,1165.094,1119.925,1244.182","939.964,1145.094,1147.925,1264.182","1043.944,1204.638",,,0.009422,optical_trend_region
WGV35A_PAIR_0208_TO_WGV35A_PAIR_0209,PV_GM19_SILVER_MPV_NEAR_FIELD,P1,forward,WGV35A_PAIR_0208,WGV35A_PAIR_0209,221,PROPAGATED_CONFIDENT,"972.062,1165.455,1123.255,1244.149","944.062,1145.455,1151.255,1264.149","1047.658,1204.802",,,0.009356,optical_trend_region
WGV35A_PAIR_0208_TO_WGV35A_PAIR_0209,PV_GM19_SILVER_MPV_NEAR_FIELD,P1,forward,WGV35A_PAIR_0208,WGV35A_PAIR_0209,222,PROPAGATED_CONFIDENT,"976.161,1165.816,1126.584,1244.115","948.161,1145.816,1154.584,1264.115","1051.373,1204.965",,,0.009291,optical_trend_region
WGV35A_PAIR_0208_TO_WGV35A_PAIR_0209,PV_GM19_SILVER_MPV_NEAR_FIELD,P1,forward,WGV35A_PAIR_0208,WGV35A_PAIR_0209,223,PROPAGATED_CONFIDENT,"980.260,1166.177,1129.914,1244.082","952.260,1146.177,1157.914,1264.082","1055.087,1205.129",,,0.009225,optical_trend_region
WGV35A_PAIR_0208_TO_WGV35A_PAIR_0209,PV_GM19_SILVER_MPV_NEAR_FIELD,P1,forward,WGV35A_PAIR_0208,WGV35A_PAIR_0209,224,PROPAGATED_CONFIDENT,"984.358,1166.538,1133.244,1244.048","956.358,1146.538,1161.244,1264.048","1058.801,1205.293",,,0.00916,optical_trend_region
WGV35A_PAIR_0208_TO_WGV35A_PAIR_0209,PV_GM19_SILVER_MPV_NEAR_FIELD,P1,forward,WGV35A_PAIR_0208,WGV35A_PAIR_0209,225,PROPAGATED_CONFIDENT,"988.457,1166.899,1136.573,1244.015","960.457,1146.899,1164.573,1264.015","1062.515,1205.457",,,0.009095,optical_trend_region
WGV35A_PAIR_0208_TO_WGV35A_PAIR_0209,PV_GM19_SILVER_MPV_NEAR_FIELD,P1,forward,WGV35A_PAIR_0208,WGV35A_PAIR_0209,226,PROPAGATED_CONFIDENT,"992.556,1167.260,1139.903,1243.982","964.556,1147.260,1167.903,1263.982","1066.229,1205.621",,,0.00903,optical_trend_region
WGV35A_PAIR_0208_TO_WGV35A_PAIR_0209,PV_GM19_SILVER_MPV_NEAR_FIELD,P1,forward,WGV35A_PAIR_0208,WGV35A_PAIR_0209,227,PROPAGATED_CONFIDENT,"996.654,1167.621,1143.233,1243.948","968.654,1147.621,1171.233,1263.948","1069.944,1205.785",,,0.008966,optical_trend_region
WGV35A_PAIR_0208_TO_WGV35A_PAIR_0209,PV_GM19_SILVER_MPV_NEAR_FIELD,P1,forward,WGV35A_PAIR_0208,WGV35A_PAIR_0209,228,PROPAGATED_CONFIDENT,"1000.753,1167.982,1146.563,1243.915","972.753,1147.982,1174.563,1263.915","1073.658,1205.949",,,0.008901,optical_trend_region
WGV35A_PAIR_0208_TO_WGV35A_PAIR_0209,PV_GM19_SILVER_MPV_NEAR_FIELD,P1,forward,WGV35A_PAIR_0208,WGV35A_PAIR_0209,229,PROPAGATED_CONFIDENT,"1004.852,1168.343,1149.892,1243.881","976.852,1148.343,1177.892,1263.881","1077.372,1206.112",,,0.008837,optical_trend_region
WGV35A_PAIR_0208_TO_WGV35A_PAIR_0209,PV_GM19_SILVER_MPV_NEAR_FIELD,P1,forward,WGV35A_PAIR_0208,WGV35A_PAIR_0209,230,PROPAGATED_CONFIDENT,"1008.950,1168.704,1153.222,1243.848","980.950,1148.704,1181.222,1263.848","1081.086,1206.276",,,0.008773,optical_trend_region
WGV35A_PAIR_0208_TO_WGV35A_PAIR_0209,PV_GM19_SILVER_MPV_NEAR_FIELD,P1,forward,WGV35A_PAIR_0208,WGV35A_PAIR_0209,231,PROPAGATED_CONFIDENT,"1013.049,1169.065,1156.552,1243.815","985.049,1149.065,1184.552,1263.815","1084.801,1206.440",,,0.00871,optical_trend_region
WGV35A_PAIR_0208_TO_WGV35A_PAIR_0209,PV_GM19_SILVER_MPV_NEAR_FIELD,P1,forward,WGV35A_PAIR_0208,WGV35A_PAIR_0209,232,PROPAGATED_CONFIDENT,"1017.148,1169.427,1159.882,1243.781","989.148,1149.427,1187.882,1263.781","1088.515,1206.604",,,0.008646,optical_trend_region
WGV35A_PAIR_0208_TO_WGV35A_PAIR_0209,PV_GM19_SILVER_MPV_NEAR_FIELD,P1,forward,WGV35A_PAIR_0208,WGV35A_PAIR_0209,233,PROPAGATED_CONFIDENT,"1021.247,1169.788,1163.211,1243.748","993.247,1149.788,1191.211,1263.748","1092.229,1206.768",,,0.008583,optical_trend_region
WGV35A_PAIR_0208_TO_WGV35A_PAIR_0209,PV_GM19_SILVER_MPV_NEAR_FIELD,P1,forward,WGV35A_PAIR_0208,WGV35A_PAIR_0209,234,PROPAGATED_CONFIDENT,"1025.345,1170.149,1166.541,1243.715","997.345,1150.149,1194.541,1263.715","1095.943,1206.932",,,0.00852,optical_trend_region
WGV35A_PAIR_0208_TO_WGV35A_PAIR_0209,PV_GM19_SILVER_MPV_NEAR_FIELD,P1,forward,WGV35A_PAIR_0208,WGV35A_PAIR_0209,235,PROPAGATED_CONFIDENT,"1029.444,1170.510,1169.871,1243.681","1001.444,1150.510,1197.871,1263.681","1099.657,1207.095",,,0.008458,optical_trend_region
WGV35A_PAIR_0208_TO_WGV35A_PAIR_0209,PV_GM19_SILVER_MPV_NEAR_FIELD,P1,forward,WGV35A_PAIR_0208,WGV35A_PAIR_0209,236,PROPAGATED_CONFIDENT,"1033.543,1170.871,1173.201,1243.648","1005.543,1150.871,1201.201,1263.648","1103.372,1207.259",,,0.008395,optical_trend_region
WGV35A_PAIR_0208_TO_WGV35A_PAIR_0209,PV_GM19_SILVER_MPV_NEAR_FIELD,P1,forward,WGV35A_PAIR_0208,WGV35A_PAIR_0209,237,PROPAGATED_CONFIDENT,"1037.641,1171.232,1176.530,1243.614","1009.641,1151.232,1204.530,1263.614","1107.086,1207.423",,,0.008333,optical_trend_region
WGV35A_PAIR_0208_TO_WGV35A_PAIR_0209,PV_GM19_SILVER_MPV_NEAR_FIELD,P1,forward,WGV35A_PAIR_0208,WGV35A_PAIR_0209,238,PROPAGATED_CONFIDENT,"1041.740,1171.593,1179.860,1243.581","1013.740,1151.593,1207.860,1263.581","1110.800,1207.587",1,1,0.008271,optical_trend_region
WGV35A_PAIR_0208_TO_WGV35A_PAIR_0209,PV_GM19_SILVER_MPV_NEAR_FIELD,P2,forward,WGV35A_PAIR_0208,WGV35A_PAIR_0209,212,PROPAGATED_WEAK,"934.982,1156.541,1093.095,1238.785","837.834,1112.420,1190.627,1294.234","1013.750,1189.167",,,0.024404,local_connected_response
WGV35A_PAIR_0208_TO_WGV35A_PAIR_0209,PV_GM19_SILVER_MPV_NEAR_FIELD,P2,forward,WGV35A_PAIR_0208,WGV35A_PAIR_0209,213,PROPAGATED_WEAK,"942.700,1157.397,1100.313,1239.384","840.606,1110.762,1192.549,1292.141","1028.900,1193.800",,,0.024286,local_connected_response
WGV35A_PAIR_0208_TO_WGV35A_PAIR_0209,PV_GM19_SILVER_MPV_NEAR_FIELD,P2,forward,WGV35A_PAIR_0208,WGV35A_PAIR_0209,214,PROPAGATED_WEAK,"947.725,1157.620,1104.663,1239.262","846.208,1111.417,1197.003,1292.208","1033.077,1193.385",,,0.024129,local_connected_response
WGV35A_PAIR_0208_TO_WGV35A_PAIR_0209,PV_GM19_SILVER_MPV_NEAR_FIELD,P2,forward,WGV35A_PAIR_0208,WGV35A_PAIR_0209,215,PROPAGATED_WEAK,"947.845,1163.480,1104.047,1244.744","850.888,1111.862,1200.433,1292.011","1026.375,1207.375",,,0.023957,local_connected_response
WGV35A_PAIR_0208_TO_WGV35A_PAIR_0209,PV_GM19_SILVER_MPV_NEAR_FIELD,P2,forward,WGV35A_PAIR_0208,WGV35A_PAIR_0209,216,PROPAGATED_WEAK,"947.499,1165.236,1102.944,1246.111","853.860,1114.284,1202.116,1293.772","1021.071,1208.143",,,0.023782,local_connected_response
WGV35A_PAIR_0208_TO_WGV35A_PAIR_0209,PV_GM19_SILVER_MPV_NEAR_FIELD,P2,forward,WGV35A_PAIR_0208,WGV35A_PAIR_0209,217,PROPAGATED_WEAK,"951.237,1165.884,1105.917,1246.367","856.670,1115.270,1203.627,1294.091","1026.220,1208.293",,,0.023605,local_connected_response
WGV35A_PAIR_0208_TO_WGV35A_PAIR_0209,PV_GM19_SILVER_MPV_NEAR_FIELD,P2,forward,WGV35A_PAIR_0208,WGV35A_PAIR_0209,218,PROPAGATED_WEAK,"955.486,1164.403,1109.399,1244.492","860.912,1115.870,1206.563,1294.021","1030.500,1203.700",,,0.023428,local_connected_response
WGV35A_PAIR_0208_TO_WGV35A_PAIR_0209,PV_GM19_SILVER_MPV_NEAR_FIELD,P2,forward,WGV35A_PAIR_0208,WGV35A_PAIR_0209,219,PROPAGATED_CONFIDENT,"963.189,1169.442,1116.333,1249.137","865.332,1115.724,1209.677,1293.205","1043.147,1216.526",,,0.023252,local_connected_response
WGV35A_PAIR_0208_TO_WGV35A_PAIR_0209,PV_GM19_SILVER_MPV_NEAR_FIELD,P2,forward,WGV35A_PAIR_0208,WGV35A_PAIR_0209,220,REVIEW_REQUIRED,"967.750,1165.909,1120.126,1245.210","870.961,1117.860,1213.999,1294.671","1046.125,1204.500",,,0.023076,manual_max_safe_distance_8_frames_before_target
WGV35A_PAIR_0208_TO_WGV35A_PAIR_0209,PV_GM19_SILVER_MPV_NEAR_FIELD,P3,forward,WGV35A_PAIR_0208,WGV35A_PAIR_0209,212,PROPAGATED_WEAK,"934.982,1156.541,1093.095,1238.785","837.834,1112.420,1190.627,1294.234","1013.750,1189.167",,,0.024404,local_connected_response
WGV35A_PAIR_0208_TO_WGV35A_PAIR_0209,PV_GM19_SILVER_MPV_NEAR_FIELD,P3,forward,WGV35A_PAIR_0208,WGV35A_PAIR_0209,213,PROPAGATED_WEAK,"942.700,1157.397,1100.313,1239.384","840.606,1110.762,1192.549,1292.141","1028.900,1193.800",,,0.024286,local_connected_response
WGV35A_PAIR_0208_TO_WGV35A_PAIR_0209,PV_GM19_SILVER_MPV_NEAR_FIELD,P3,forward,WGV35A_PAIR_0208,WGV35A_PAIR_0209,214,PROPAGATED_WEAK,"947.725,1157.620,1104.663,1239.262","846.208,1111.417,1197.003,1292.208","1033.077,1193.385",,,0.024129,local_connected_response
WGV35A_PAIR_0208_TO_WGV35A_PAIR_0209,PV_GM19_SILVER_MPV_NEAR_FIELD,P3,forward,WGV35A_PAIR_0208,WGV35A_PAIR_0209,215,PROPAGATED_WEAK,"947.845,1163.480,1104.047,1244.744","850.888,1111.862,1200.433,1292.011","1026.375,1207.375",,,0.023957,local_connected_response
WGV35A_PAIR_0208_TO_WGV35A_PAIR_0209,PV_GM19_SILVER_MPV_NEAR_FIELD,P3,forward,WGV35A_PAIR_0208,WGV35A_PAIR_0209,216,PROPAGATED_WEAK,"947.499,1165.236,1102.944,1246.111","853.860,1114.284,1202.116,1293.772","1021.071,1208.143",,,0.023782,local_connected_response
WGV35A_PAIR_0208_TO_WGV35A_PAIR_0209,PV_GM19_SILVER_MPV_NEAR_FIELD,P3,forward,WGV35A_PAIR_0208,WGV35A_PAIR_0209,217,PROPAGATED_WEAK,"951.237,1165.884,1105.917,1246.367","856.670,1115.270,1203.627,1294.091","1026.220,1208.293",,,0.023605,local_connected_response
WGV35A_PAIR_0208_TO_WGV35A_PAIR_0209,PV_GM19_SILVER_MPV_NEAR_FIELD,P3,forward,WGV35A_PAIR_0208,WGV35A_PAIR_0209,218,PROPAGATED_WEAK,"955.486,1164.403,1109.399,1244.492","860.912,1115.870,1206.563,1294.021","1030.500,1203.700",,,0.023428,local_connected_response
WGV35A_PAIR_0208_TO_WGV35A_PAIR_0209,PV_GM19_SILVER_MPV_NEAR_FIELD,P3,forward,WGV35A_PAIR_0208,WGV35A_PAIR_0209,219,PROPAGATED_CONFIDENT,"963.189,1169.442,1116.333,1249.137","865.332,1115.724,1209.677,1293.205","1043.147,1216.526",,,0.023252,local_connected_response
WGV35A_PAIR_0208_TO_WGV35A_PAIR_0209,PV_GM19_SILVER_MPV_NEAR_FIELD,P3,forward,WGV35A_PAIR_0208,WGV35A_PAIR_0209,220,REVIEW_REQUIRED,"967.750,1165.909,1120.126,1245.210","870.961,1117.860,1213.999,1294.671","1046.125,1204.500",,,0.023076,manual_max_safe_distance_8_frames_before_target
WGV35A_PAIR_0208_TO_WGV35A_PAIR_0209,PV_GM19_SILVER_MPV_NEAR_FIELD,P3,backward,WGV35A_PAIR_0209,WGV35A_PAIR_0208,238,PROPAGATED_CONFIDENT,"1044.828,1161.433,1182.948,1233.421","951.398,1125.397,1270.202,1289.777","1118.520,1182.186",,,0.019938,local_connected_response
WGV35A_PAIR_0208_TO_WGV35A_PAIR_0209,PV_GM19_SILVER_MPV_NEAR_FIELD,P3,backward,WGV35A_PAIR_0209,WGV35A_PAIR_0208,237,PROPAGATED_WEAK,"1036.637,1167.032,1175.257,1239.277","949.640,1121.517,1269.293,1286.332","1100.667,1202.000",,,0.020044,local_connected_response
WGV35A_PAIR_0208_TO_WGV35A_PAIR_0209,PV_GM19_SILVER_MPV_NEAR_FIELD,P3,backward,WGV35A_PAIR_0209,WGV35A_PAIR_0208,236,PROPAGATED_CONFIDENT,"1029.421,1176.387,1168.716,1248.978","943.872,1123.121,1264.673,1288.525","1091.261,1222.972",,,0.020188,local_connected_response
WGV35A_PAIR_0208_TO_WGV35A_PAIR_0209,PV_GM19_SILVER_MPV_NEAR_FIELD,P3,backward,WGV35A_PAIR_0209,WGV35A_PAIR_0208,235,PROPAGATED_WEAK,"1027.211,1168.946,1167.242,1241.915","938.425,1126.028,1260.477,1292.074","1093.889,1200.000",,,0.020345,local_connected_response
WGV35A_PAIR_0208_TO_WGV35A_PAIR_0209,PV_GM19_SILVER_MPV_NEAR_FIELD,P3,backward,WGV35A_PAIR_0209,WGV35A_PAIR_0208,234,PROPAGATED_WEAK,"1020.108,1167.356,1160.896,1240.713","934.722,1123.053,1258.062,1289.759","1081.667,1200.476",,,0.020508,local_connected_response
WGV35A_PAIR_0208_TO_WGV35A_PAIR_0209,PV_GM19_SILVER_MPV_NEAR_FIELD,P3,backward,WGV35A_PAIR_0209,WGV35A_PAIR_0208,233,PROPAGATED_CONFIDENT,"1016.966,1174.487,1158.518,1248.236","929.305,1122.124,1253.945,1289.498","1081.918,1219.686",,,0.020673,local_connected_response
WGV35A_PAIR_0208_TO_WGV35A_PAIR_0209,PV_GM19_SILVER_MPV_NEAR_FIELD,P3,backward,WGV35A_PAIR_0209,WGV35A_PAIR_0208,232,PROPAGATED_WEAK,"1015.626,1167.490,1157.947,1241.633","925.272,1124.248,1251.217,1292.290","1084.600,1199.000",,,0.020839,local_connected_response
WGV35A_PAIR_0208_TO_WGV35A_PAIR_0209,PV_GM19_SILVER_MPV_NEAR_FIELD,P3,backward,WGV35A_PAIR_0209,WGV35A_PAIR_0208,231,PROPAGATED_WEAK,"1012.331,1165.890,1155.420,1240.427","921.870,1121.426,1249.121,1290.139","1081.444,1199.222",,,0.021006,local_connected_response
WGV35A_PAIR_0208_TO_WGV35A_PAIR_0209,PV_GM19_SILVER_MPV_NEAR_FIELD,P3,backward,WGV35A_PAIR_0209,WGV35A_PAIR_0208,230,REVIEW_REQUIRED,"1005.309,1168.295,1149.166,1243.227","917.783,1120.493,1246.341,1289.877","1070.000,1206.625",,,0.021173,manual_max_safe_distance_8_frames_before_target
WGV35A_PAIR_0209_TO_WGV35A_PAIR_0210,PV_GM19_SILVER_MPV_NEAR_FIELD,P0,forward,WGV35A_PAIR_0209,WGV35A_PAIR_0210,238,PROPAGATED_WEAK,"1041.740,1171.593,1179.860,1243.581","1025.740,1159.593,1195.860,1255.581","1110.800,1207.587",,,0.006213,fixed_anchor_region
WGV35A_PAIR_0209_TO_WGV35A_PAIR_0210,PV_GM19_SILVER_MPV_NEAR_FIELD,P0,forward,WGV35A_PAIR_0209,WGV35A_PAIR_0210,239,PROPAGATED_WEAK,"1041.740,1171.593,1179.860,1243.581","1025.740,1159.593,1195.860,1255.581","1110.800,1207.587",,,0.006213,fixed_anchor_region
WGV35A_PAIR_0209_TO_WGV35A_PAIR_0210,PV_GM19_SILVER_MPV_NEAR_FIELD,P0,forward,WGV35A_PAIR_0209,WGV35A_PAIR_0210,240,PROPAGATED_WEAK,"1041.740,1171.593,1179.860,1243.581","1025.740,1159.593,1195.860,1255.581","1110.800,1207.587",,,0.006213,fixed_anchor_region
WGV35A_PAIR_0209_TO_WGV35A_PAIR_0210,PV_GM19_SILVER_MPV_NEAR_FIELD,P0,forward,WGV35A_PAIR_0209,WGV35A_PAIR_0210,241,PROPAGATED_WEAK,"1041.740,1171.593,1179.860,1243.581","1025.740,1159.593,1195.860,1255.581","1110.800,1207.587",,,0.006213,fixed_anchor_region
WGV35A_PAIR_0209_TO_WGV35A_PAIR_0210,PV_GM19_SILVER_MPV_NEAR_FIELD,P0,forward,WGV35A_PAIR_0209,WGV35A_PAIR_0210,242,PROPAGATED_WEAK,"1041.740,1171.593,1179.860,1243.581","1025.740,1159.593,1195.860,1255.581","1110.800,1207.587",,,0.006213,fixed_anchor_region
WGV35A_PAIR_0209_TO_WGV35A_PAIR_0210,PV_GM19_SILVER_MPV_NEAR_FIELD,P0,forward,WGV35A_PAIR_0209,WGV35A_PAIR_0210,243,PROPAGATED_WEAK,"1041.740,1171.593,1179.860,1243.581","1025.740,1159.593,1195.860,1255.581","1110.800,1207.587",,,0.006213,fixed_anchor_region
WGV35A_PAIR_0209_TO_WGV35A_PAIR_0210,PV_GM19_SILVER_MPV_NEAR_FIELD,P0,forward,WGV35A_PAIR_0209,WGV35A_PAIR_0210,244,PROPAGATED_WEAK,"1041.740,1171.593,1179.860,1243.581","1025.740,1159.593,1195.860,1255.581","1110.800,1207.587",,,0.006213,fixed_anchor_region
WGV35A_PAIR_0209_TO_WGV35A_PAIR_0210,PV_GM19_SILVER_MPV_NEAR_FIELD,P0,forward,WGV35A_PAIR_0209,WGV35A_PAIR_0210,245,PROPAGATED_WEAK,"1041.740,1171.593,1179.860,1243.581","1025.740,1159.593,1195.860,1255.581","1110.800,1207.587",,,0.006213,fixed_anchor_region
WGV35A_PAIR_0209_TO_WGV35A_PAIR_0210,PV_GM19_SILVER_MPV_NEAR_FIELD,P0,forward,WGV35A_PAIR_0209,WGV35A_PAIR_0210,246,PROPAGATED_WEAK,"1041.740,1171.593,1179.860,1243.581","1025.740,1159.593,1195.860,1255.581","1110.800,1207.587",,,0.006213,fixed_anchor_region
WGV35A_PAIR_0209_TO_WGV35A_PAIR_0210,PV_GM19_SILVER_MPV_NEAR_FIELD,P0,forward,WGV35A_PAIR_0209,WGV35A_PAIR_0210,247,PROPAGATED_WEAK,"1041.740,1171.593,1179.860,1243.581","1025.740,1159.593,1195.860,1255.581","1110.800,1207.587",,,0.006213,fixed_anchor_region
WGV35A_PAIR_0209_TO_WGV35A_PAIR_0210,PV_GM19_SILVER_MPV_NEAR_FIELD,P0,forward,WGV35A_PAIR_0209,WGV35A_PAIR_0210,248,PROPAGATED_WEAK,"1041.740,1171.593,1179.860,1243.581","1025.740,1159.593,1195.860,1255.581","1110.800,1207.587",,,0.006213,fixed_anchor_region
WGV35A_PAIR_0209_TO_WGV35A_PAIR_0210,PV_GM19_SILVER_MPV_NEAR_FIELD,P0,forward,WGV35A_PAIR_0209,WGV35A_PAIR_0210,249,PROPAGATED_WEAK,"1041.740,1171.593,1179.860,1243.581","1025.740,1159.593,1195.860,1255.581","1110.800,1207.587",,,0.006213,fixed_anchor_region
WGV35A_PAIR_0209_TO_WGV35A_PAIR_0210,PV_GM19_SILVER_MPV_NEAR_FIELD,P0,forward,WGV35A_PAIR_0209,WGV35A_PAIR_0210,250,PROPAGATED_WEAK,"1041.740,1171.593,1179.860,1243.581","1025.740,1159.593,1195.860,1255.581","1110.800,1207.587",,,0.006213,fixed_anchor_region
WGV35A_PAIR_0209_TO_WGV35A_PAIR_0210,PV_GM19_SILVER_MPV_NEAR_FIELD,P0,forward,WGV35A_PAIR_0209,WGV35A_PAIR_0210,251,PROPAGATED_WEAK,"1041.740,1171.593,1179.860,1243.581","1025.740,1159.593,1195.860,1255.581","1110.800,1207.587",,,0.006213,fixed_anchor_region
WGV35A_PAIR_0209_TO_WGV35A_PAIR_0210,PV_GM19_SILVER_MPV_NEAR_FIELD,P0,forward,WGV35A_PAIR_0209,WGV35A_PAIR_0210,252,PROPAGATED_WEAK,"1041.740,1171.593,1179.860,1243.581","1025.740,1159.593,1195.860,1255.581","1110.800,1207.587",,,0.006213,fixed_anchor_region
WGV35A_PAIR_0209_TO_WGV35A_PAIR_0210,PV_GM19_SILVER_MPV_NEAR_FIELD,P0,forward,WGV35A_PAIR_0209,WGV35A_PAIR_0210,253,PROPAGATED_WEAK,"1041.740,1171.593,1179.860,1243.581","1025.740,1159.593,1195.860,1255.581","1110.800,1207.587",,,0.006213,fixed_anchor_region
WGV35A_PAIR_0209_TO_WGV35A_PAIR_0210,PV_GM19_SILVER_MPV_NEAR_FIELD,P0,forward,WGV35A_PAIR_0209,WGV35A_PAIR_0210,254,PROPAGATED_WEAK,"1041.740,1171.593,1179.860,1243.581","1025.740,1159.593,1195.860,1255.581","1110.800,1207.587",,,0.006213,fixed_anchor_region
WGV35A_PAIR_0209_TO_WGV35A_PAIR_0210,PV_GM19_SILVER_MPV_NEAR_FIELD,P0,forward,WGV35A_PAIR_0209,WGV35A_PAIR_0210,255,PROPAGATED_WEAK,"1041.740,1171.593,1179.860,1243.581","1025.740,1159.593,1195.860,1255.581","1110.800,1207.587",,,0.006213,fixed_anchor_region
WGV35A_PAIR_0209_TO_WGV35A_PAIR_0210,PV_GM19_SILVER_MPV_NEAR_FIELD,P0,forward,WGV35A_PAIR_0209,WGV35A_PAIR_0210,256,PROPAGATED_WEAK,"1041.740,1171.593,1179.860,1243.581","1025.740,1159.593,1195.860,1255.581","1110.800,1207.587",,,0.006213,fixed_anchor_region
WGV35A_PAIR_0209_TO_WGV35A_PAIR_0210,PV_GM19_SILVER_MPV_NEAR_FIELD,P0,forward,WGV35A_PAIR_0209,WGV35A_PAIR_0210,257,PROPAGATED_WEAK,"1041.740,1171.593,1179.860,1243.581","1025.740,1159.593,1195.860,1255.581","1110.800,1207.587",,,0.006213,fixed_anchor_region
WGV35A_PAIR_0209_TO_WGV35A_PAIR_0210,PV_GM19_SILVER_MPV_NEAR_FIELD,P0,forward,WGV35A_PAIR_0209,WGV35A_PAIR_0210,258,PROPAGATED_WEAK,"1041.740,1171.593,1179.860,1243.581","1025.740,1159.593,1195.860,1255.581","1110.800,1207.587",,,0.006213,fixed_anchor_region
WGV35A_PAIR_0209_TO_WGV35A_PAIR_0210,PV_GM19_SILVER_MPV_NEAR_FIELD,P0,forward,WGV35A_PAIR_0209,WGV35A_PAIR_0210,259,PROPAGATED_WEAK,"1041.740,1171.593,1179.860,1243.581","1025.740,1159.593,1195.860,1255.581","1110.800,1207.587",,,0.006213,fixed_anchor_region
WGV35A_PAIR_0209_TO_WGV35A_PAIR_0210,PV_GM19_SILVER_MPV_NEAR_FIELD,P0,forward,WGV35A_PAIR_0209,WGV35A_PAIR_0210,260,PROPAGATED_WEAK,"1041.740,1171.593,1179.860,1243.581","1025.740,1159.593,1195.860,1255.581","1110.800,1207.587",,,0.006213,fixed_anchor_region
WGV35A_PAIR_0209_TO_WGV35A_PAIR_0210,PV_GM19_SILVER_MPV_NEAR_FIELD,P0,forward,WGV35A_PAIR_0209,WGV35A_PAIR_0210,261,PROPAGATED_WEAK,"1041.740,1171.593,1179.860,1243.581","1025.740,1159.593,1195.860,1255.581","1110.800,1207.587",,,0.006213,fixed_anchor_region
WGV35A_PAIR_0209_TO_WGV35A_PAIR_0210,PV_GM19_SILVER_MPV_NEAR_FIELD,P0,forward,WGV35A_PAIR_0209,WGV35A_PAIR_0210,262,PROPAGATED_WEAK,"1041.740,1171.593,1179.860,1243.581","1025.740,1159.593,1195.860,1255.581","1110.800,1207.587",,,0.006213,fixed_anchor_region
WGV35A_PAIR_0209_TO_WGV35A_PAIR_0210,PV_GM19_SILVER_MPV_NEAR_FIELD,P0,forward,WGV35A_PAIR_0209,WGV35A_PAIR_0210,263,PROPAGATED_WEAK,"1041.740,1171.593,1179.860,1243.581","1025.740,1159.593,1195.860,1255.581","1110.800,1207.587",,,0.006213,fixed_anchor_region
WGV35A_PAIR_0209_TO_WGV35A_PAIR_0210,PV_GM19_SILVER_MPV_NEAR_FIELD,P0,forward,WGV35A_PAIR_0209,WGV35A_PAIR_0210,264,PROPAGATED_WEAK,"1041.740,1171.593,1179.860,1243.581","1025.740,1159.593,1195.860,1255.581","1110.800,1207.587",,,0.006213,fixed_anchor_region
WGV35A_PAIR_0209_TO_WGV35A_PAIR_0210,PV_GM19_SILVER_MPV_NEAR_FIELD,P0,forward,WGV35A_PAIR_0209,WGV35A_PAIR_0210,265,PROPAGATED_WEAK,"1041.740,1171.593,1179.860,1243.581","1025.740,1159.593,1195.860,1255.581","1110.800,1207.587",,,0.006213,fixed_anchor_region
WGV35A_PAIR_0209_TO_WGV35A_PAIR_0210,PV_GM19_SILVER_MPV_NEAR_FIELD,P0,forward,WGV35A_PAIR_0209,WGV35A_PAIR_0210,266,PROPAGATED_WEAK,"1041.740,1171.593,1179.860,1243.581","1025.740,1159.593,1195.860,1255.581","1110.800,1207.587",,,0.006213,fixed_anchor_region
WGV35A_PAIR_0209_TO_WGV35A_PAIR_0210,PV_GM19_SILVER_MPV_NEAR_FIELD,P0,forward,WGV35A_PAIR_0209,WGV35A_PAIR_0210,267,PROPAGATED_WEAK,"1041.740,1171.593,1179.860,1243.581","1025.740,1159.593,1195.860,1255.581","1110.800,1207.587",,,0.006213,fixed_anchor_region
WGV35A_PAIR_0209_TO_WGV35A_PAIR_0210,PV_GM19_SILVER_MPV_NEAR_FIELD,P0,forward,WGV35A_PAIR_0209,WGV35A_PAIR_0210,268,PROPAGATED_WEAK,"1041.740,1171.593,1179.860,1243.581","1025.740,1159.593,1195.860,1255.581","1110.800,1207.587",,,0.006213,fixed_anchor_region
WGV35A_PAIR_0209_TO_WGV35A_PAIR_0210,PV_GM19_SILVER_MPV_NEAR_FIELD,P0,forward,WGV35A_PAIR_0209,WGV35A_PAIR_0210,269,PROPAGATED_WEAK,"1041.740,1171.593,1179.860,1243.581","1025.740,1159.593,1195.860,1255.581","1110.800,1207.587",0.228262,0.228262,0.006213,fixed_anchor_region
WGV35A_PAIR_0209_TO_WGV35A_PAIR_0210,PV_GM19_SILVER_MPV_NEAR_FIELD,P1,forward,WGV35A_PAIR_0209,WGV35A_PAIR_0210,238,PROPAGATED_CONFIDENT,"1041.740,1171.593,1179.860,1243.581","1013.740,1151.593,1207.860,1263.581","1110.800,1207.587",,,0.008271,optical_trend_region
WGV35A_PAIR_0209_TO_WGV35A_PAIR_0210,PV_GM19_SILVER_MPV_NEAR_FIELD,P1,forward,WGV35A_PAIR_0209,WGV35A_PAIR_0210,239,PROPAGATED_CONFIDENT,"1045.096,1171.683,1183.524,1243.606","1017.096,1151.683,1211.524,1263.606","1114.310,1207.645",,,0.008279,optical_trend_region
WGV35A_PAIR_0209_TO_WGV35A_PAIR_0210,PV_GM19_SILVER_MPV_NEAR_FIELD,P1,forward,WGV35A_PAIR_0209,WGV35A_PAIR_0210,240,PROPAGATED_CONFIDENT,"1048.451,1171.774,1187.189,1243.632","1020.451,1151.774,1215.189,1263.632","1117.820,1207.703",,,0.008287,optical_trend_region
WGV35A_PAIR_0209_TO_WGV35A_PAIR_0210,PV_GM19_SILVER_MPV_NEAR_FIELD,P1,forward,WGV35A_PAIR_0209,WGV35A_PAIR_0210,241,PROPAGATED_CONFIDENT,"1051.807,1171.864,1190.853,1243.657","1023.807,1151.864,1218.853,1263.657","1121.330,1207.761",,,0.008296,optical_trend_region
WGV35A_PAIR_0209_TO_WGV35A_PAIR_0210,PV_GM19_SILVER_MPV_NEAR_FIELD,P1,forward,WGV35A_PAIR_0209,WGV35A_PAIR_0210,242,PROPAGATED_CONFIDENT,"1055.163,1171.955,1194.517,1243.682","1027.163,1151.955,1222.517,1263.682","1124.840,1207.819",,,0.008304,optical_trend_region
WGV35A_PAIR_0209_TO_WGV35A_PAIR_0210,PV_GM19_SILVER_MPV_NEAR_FIELD,P1,forward,WGV35A_PAIR_0209,WGV35A_PAIR_0210,243,PROPAGATED_CONFIDENT,"1058.518,1172.045,1198.182,1243.708","1030.518,1152.045,1226.182,1263.708","1128.350,1207.876",,,0.008312,optical_trend_region
WGV35A_PAIR_0209_TO_WGV35A_PAIR_0210,PV_GM19_SILVER_MPV_NEAR_FIELD,P1,forward,WGV35A_PAIR_0209,WGV35A_PAIR_0210,244,PROPAGATED_CONFIDENT,"1061.874,1172.136,1201.846,1243.733","1033.874,1152.136,1229.846,1263.733","1131.860,1207.934",,,0.008321,optical_trend_region
WGV35A_PAIR_0209_TO_WGV35A_PAIR_0210,PV_GM19_SILVER_MPV_NEAR_FIELD,P1,forward,WGV35A_PAIR_0209,WGV35A_PAIR_0210,245,PROPAGATED_CONFIDENT,"1065.230,1172.226,1205.510,1243.758","1037.230,1152.226,1233.510,1263.758","1135.370,1207.992",,,0.008329,optical_trend_region
WGV35A_PAIR_0209_TO_WGV35A_PAIR_0210,PV_GM19_SILVER_MPV_NEAR_FIELD,P1,forward,WGV35A_PAIR_0209,WGV35A_PAIR_0210,246,PROPAGATED_CONFIDENT,"1068.585,1172.316,1209.175,1243.784","1040.585,1152.316,1237.175,1263.784","1138.880,1208.050",,,0.008337,optical_trend_region
WGV35A_PAIR_0209_TO_WGV35A_PAIR_0210,PV_GM19_SILVER_MPV_NEAR_FIELD,P1,forward,WGV35A_PAIR_0209,WGV35A_PAIR_0210,247,PROPAGATED_CONFIDENT,"1071.941,1172.407,1212.839,1243.809","1043.941,1152.407,1240.839,1263.809","1142.390,1208.108",,,0.008345,optical_trend_region
WGV35A_PAIR_0209_TO_WGV35A_PAIR_0210,PV_GM19_SILVER_MPV_NEAR_FIELD,P1,forward,WGV35A_PAIR_0209,WGV35A_PAIR_0210,248,PROPAGATED_CONFIDENT,"1075.296,1172.497,1216.504,1243.835","1047.296,1152.497,1244.504,1263.835","1145.900,1208.166",,,0.008354,optical_trend_region
WGV35A_PAIR_0209_TO_WGV35A_PAIR_0210,PV_GM19_SILVER_MPV_NEAR_FIELD,P1,forward,WGV35A_PAIR_0209,WGV35A_PAIR_0210,249,PROPAGATED_CONFIDENT,"1078.652,1172.588,1220.168,1243.860","1050.652,1152.588,1248.168,1263.860","1149.410,1208.224",,,0.008362,optical_trend_region
WGV35A_PAIR_0209_TO_WGV35A_PAIR_0210,PV_GM19_SILVER_MPV_NEAR_FIELD,P1,forward,WGV35A_PAIR_0209,WGV35A_PAIR_0210,250,PROPAGATED_CONFIDENT,"1082.008,1172.678,1223.832,1243.885","1054.008,1152.678,1251.832,1263.885","1152.920,1208.282",,,0.00837,optical_trend_region
WGV35A_PAIR_0209_TO_WGV35A_PAIR_0210,PV_GM19_SILVER_MPV_NEAR_FIELD,P1,forward,WGV35A_PAIR_0209,WGV35A_PAIR_0210,251,PROPAGATED_CONFIDENT,"1085.363,1172.768,1227.497,1243.911","1057.363,1152.768,1255.497,1263.911","1156.430,1208.340",,,0.008378,optical_trend_region
WGV35A_PAIR_0209_TO_WGV35A_PAIR_0210,PV_GM19_SILVER_MPV_NEAR_FIELD,P1,forward,WGV35A_PAIR_0209,WGV35A_PAIR_0210,252,PROPAGATED_CONFIDENT,"1088.719,1172.859,1231.161,1243.936","1060.719,1152.859,1259.161,1263.936","1159.940,1208.397",,,0.008386,optical_trend_region
WGV35A_PAIR_0209_TO_WGV35A_PAIR_0210,PV_GM19_SILVER_MPV_NEAR_FIELD,P1,forward,WGV35A_PAIR_0209,WGV35A_PAIR_0210,253,PROPAGATED_CONFIDENT,"1092.075,1172.949,1234.825,1243.961","1064.075,1152.949,1262.825,1263.961","1163.450,1208.455",,,0.008394,optical_trend_region
WGV35A_PAIR_0209_TO_WGV35A_PAIR_0210,PV_GM19_SILVER_MPV_NEAR_FIELD,P1,forward,WGV35A_PAIR_0209,WGV35A_PAIR_0210,254,PROPAGATED_CONFIDENT,"1095.430,1173.040,1238.490,1243.987","1067.430,1153.040,1266.490,1263.987","1166.960,1208.513",,,0.008402,optical_trend_region
WGV35A_PAIR_0209_TO_WGV35A_PAIR_0210,PV_GM19_SILVER_MPV_NEAR_FIELD,P1,forward,WGV35A_PAIR_0209,WGV35A_PAIR_0210,255,PROPAGATED_CONFIDENT,"1098.786,1173.130,1242.154,1244.012","1070.786,1153.130,1270.154,1264.012","1170.470,1208.571",,,0.008411,optical_trend_region
WGV35A_PAIR_0209_TO_WGV35A_PAIR_0210,PV_GM19_SILVER_MPV_NEAR_FIELD,P1,forward,WGV35A_PAIR_0209,WGV35A_PAIR_0210,256,PROPAGATED_CONFIDENT,"1102.142,1173.221,1245.818,1244.037","1074.142,1153.221,1273.818,1264.037","1173.980,1208.629",,,0.008419,optical_trend_region
WGV35A_PAIR_0209_TO_WGV35A_PAIR_0210,PV_GM19_SILVER_MPV_NEAR_FIELD,P1,forward,WGV35A_PAIR_0209,WGV35A_PAIR_0210,257,PROPAGATED_CONFIDENT,"1105.497,1173.311,1249.483,1244.063","1077.497,1153.311,1277.483,1264.063","1177.490,1208.687",,,0.008427,optical_trend_region
WGV35A_PAIR_0209_TO_WGV35A_PAIR_0210,PV_GM19_SILVER_MPV_NEAR_FIELD,P1,forward,WGV35A_PAIR_0209,WGV35A_PAIR_0210,258,PROPAGATED_CONFIDENT,"1108.853,1173.401,1253.147,1244.088","1080.853,1153.401,1281.147,1264.088","1181.000,1208.745",,,0.008435,optical_trend_region
WGV35A_PAIR_0209_TO_WGV35A_PAIR_0210,PV_GM19_SILVER_MPV_NEAR_FIELD,P1,forward,WGV35A_PAIR_0209,WGV35A_PAIR_0210,259,PROPAGATED_CONFIDENT,"1112.209,1173.492,1256.811,1244.113","1084.209,1153.492,1284.811,1264.113","1184.510,1208.803",,,0.008443,optical_trend_region
WGV35A_PAIR_0209_TO_WGV35A_PAIR_0210,PV_GM19_SILVER_MPV_NEAR_FIELD,P1,forward,WGV35A_PAIR_0209,WGV35A_PAIR_0210,260,PROPAGATED_CONFIDENT,"1115.564,1173.582,1260.476,1244.139","1087.564,1153.582,1288.476,1264.139","1188.020,1208.861",,,0.008451,optical_trend_region
WGV35A_PAIR_0209_TO_WGV35A_PAIR_0210,PV_GM19_SILVER_MPV_NEAR_FIELD,P1,forward,WGV35A_PAIR_0209,WGV35A_PAIR_0210,261,PROPAGATED_CONFIDENT,"1118.920,1173.673,1264.140,1244.164","1090.920,1153.673,1292.140,1264.164","1191.530,1208.918",,,0.008459,optical_trend_region
WGV35A_PAIR_0209_TO_WGV35A_PAIR_0210,PV_GM19_SILVER_MPV_NEAR_FIELD,P1,forward,WGV35A_PAIR_0209,WGV35A_PAIR_0210,262,PROPAGATED_CONFIDENT,"1122.275,1173.763,1267.805,1244.190","1094.275,1153.763,1295.805,1264.190","1195.040,1208.976",,,0.008467,optical_trend_region
WGV35A_PAIR_0209_TO_WGV35A_PAIR_0210,PV_GM19_SILVER_MPV_NEAR_FIELD,P1,forward,WGV35A_PAIR_0209,WGV35A_PAIR_0210,263,PROPAGATED_CONFIDENT,"1125.631,1173.853,1271.469,1244.215","1097.631,1153.853,1299.469,1264.215","1198.550,1209.034",,,0.008475,optical_trend_region
WGV35A_PAIR_0209_TO_WGV35A_PAIR_0210,PV_GM19_SILVER_MPV_NEAR_FIELD,P1,forward,WGV35A_PAIR_0209,WGV35A_PAIR_0210,264,PROPAGATED_CONFIDENT,"1128.987,1173.944,1275.133,1244.240","1100.987,1153.944,1303.133,1264.240","1202.060,1209.092",,,0.008483,optical_trend_region
WGV35A_PAIR_0209_TO_WGV35A_PAIR_0210,PV_GM19_SILVER_MPV_NEAR_FIELD,P1,forward,WGV35A_PAIR_0209,WGV35A_PAIR_0210,265,PROPAGATED_CONFIDENT,"1132.342,1174.034,1278.798,1244.266","1104.342,1154.034,1306.798,1264.266","1205.570,1209.150",,,0.008491,optical_trend_region
WGV35A_PAIR_0209_TO_WGV35A_PAIR_0210,PV_GM19_SILVER_MPV_NEAR_FIELD,P1,forward,WGV35A_PAIR_0209,WGV35A_PAIR_0210,266,PROPAGATED_CONFIDENT,"1135.698,1174.125,1282.462,1244.291","1107.698,1154.125,1310.462,1264.291","1209.080,1209.208",,,0.008499,optical_trend_region
WGV35A_PAIR_0209_TO_WGV35A_PAIR_0210,PV_GM19_SILVER_MPV_NEAR_FIELD,P1,forward,WGV35A_PAIR_0209,WGV35A_PAIR_0210,267,PROPAGATED_CONFIDENT,"1139.054,1174.215,1286.126,1244.316","1111.054,1154.215,1314.126,1264.316","1212.590,1209.266",,,0.008506,optical_trend_region
WGV35A_PAIR_0209_TO_WGV35A_PAIR_0210,PV_GM19_SILVER_MPV_NEAR_FIELD,P1,forward,WGV35A_PAIR_0209,WGV35A_PAIR_0210,268,PROPAGATED_CONFIDENT,"1142.409,1174.306,1289.791,1244.342","1114.409,1154.306,1317.791,1264.342","1216.100,1209.324",,,0.008514,optical_trend_region
WGV35A_PAIR_0209_TO_WGV35A_PAIR_0210,PV_GM19_SILVER_MPV_NEAR_FIELD,P1,forward,WGV35A_PAIR_0209,WGV35A_PAIR_0210,269,PROPAGATED_CONFIDENT,"1145.765,1174.396,1293.455,1244.367","1117.765,1154.396,1321.455,1264.367","1219.610,1209.381",1,1,0.008522,optical_trend_region
WGV35A_PAIR_0209_TO_WGV35A_PAIR_0210,PV_GM19_SILVER_MPV_NEAR_FIELD,P2,forward,WGV35A_PAIR_0209,WGV35A_PAIR_0210,238,PROPAGATED_CONFIDENT,"1044.828,1161.433,1182.948,1233.421","951.398,1125.397,1270.202,1289.777","1118.520,1182.186",,,0.019938,local_connected_response
WGV35A_PAIR_0209_TO_WGV35A_PAIR_0210,PV_GM19_SILVER_MPV_NEAR_FIELD,P2,forward,WGV35A_PAIR_0209,WGV35A_PAIR_0210,239,PROPAGATED_CONFIDENT,"1046.648,1157.614,1184.968,1229.560","954.590,1121.915,1273.735,1286.222","1118.276,1177.865",,,0.01995,local_connected_response
WGV35A_PAIR_0209_TO_WGV35A_PAIR_0210,PV_GM19_SILVER_MPV_NEAR_FIELD,P2,forward,WGV35A_PAIR_0209,WGV35A_PAIR_0210,240,PROPAGATED_CONFIDENT,"1051.917,1158.441,1190.508,1230.329","957.313,1120.657,1276.919,1284.868","1127.358,1181.819",,,0.019967,local_connected_response
WGV35A_PAIR_0209_TO_WGV35A_PAIR_0210,PV_GM19_SILVER_MPV_NEAR_FIELD,P2,forward,WGV35A_PAIR_0209,WGV35A_PAIR_0210,241,PROPAGATED_CONFIDENT,"1052.753,1157.703,1191.640,1229.530","961.235,1121.027,1281.343,1285.132","1123.559,1179.422",,,0.019986,local_connected_response
WGV35A_PAIR_0209_TO_WGV35A_PAIR_0210,PV_GM19_SILVER_MPV_NEAR_FIELD,P2,forward,WGV35A_PAIR_0209,WGV35A_PAIR_0210,242,PROPAGATED_WEAK,"1053.433,1161.148,1192.624,1232.910","963.602,1120.850,1284.227,1284.846","1121.700,1188.300",,,0.020005,local_connected_response
WGV35A_PAIR_0209_TO_WGV35A_PAIR_0210,PV_GM19_SILVER_MPV_NEAR_FIELD,P2,forward,WGV35A_PAIR_0209,WGV35A_PAIR_0210,243,PROPAGATED_CONFIDENT,"1056.516,1159.171,1196.014,1230.869","965.914,1122.137,1287.061,1286.023","1125.930,1181.431",,,0.020024,local_connected_response
WGV35A_PAIR_0209_TO_WGV35A_PAIR_0210,PV_GM19_SILVER_MPV_NEAR_FIELD,P2,forward,WGV35A_PAIR_0209,WGV35A_PAIR_0210,244,PROPAGATED_WEAK,"1058.114,1160.871,1197.921,1232.503","969.066,1121.527,1290.737,1285.302","1125.191,1186.596",,,0.020043,local_connected_response
WGV35A_PAIR_0209_TO_WGV35A_PAIR_0210,PV_GM19_SILVER_MPV_NEAR_FIELD,P2,forward,WGV35A_PAIR_0209,WGV35A_PAIR_0210,245,PROPAGATED_CONFIDENT,"1063.542,1159.109,1203.657,1230.676","971.699,1122.203,1293.894,1285.868","1134.803,1181.178",,,0.020062,local_connected_response
WGV35A_PAIR_0209_TO_WGV35A_PAIR_0210,PV_GM19_SILVER_MPV_NEAR_FIELD,P2,forward,WGV35A_PAIR_0209,WGV35A_PAIR_0210,246,REVIEW_REQUIRED,"1066.604,1159.636,1207.027,1231.138","975.672,1121.668,1298.392,1285.222","1136.492,1183.300",,,0.020081,manual_max_safe_distance_8_frames_before_target
WGV35A_PAIR_0209_TO_WGV35A_PAIR_0210,PV_GM19_SILVER_MPV_NEAR_FIELD,P3,forward,WGV35A_PAIR_0209,WGV35A_PAIR_0210,238,PROPAGATED_CONFIDENT,"1044.828,1161.433,1182.948,1233.421","951.398,1125.397,1270.202,1289.777","1118.520,1182.186",,,0.019938,local_connected_response
WGV35A_PAIR_0209_TO_WGV35A_PAIR_0210,PV_GM19_SILVER_MPV_NEAR_FIELD,P3,forward,WGV35A_PAIR_0209,WGV35A_PAIR_0210,239,PROPAGATED_CONFIDENT,"1046.648,1157.614,1184.968,1229.560","954.590,1121.915,1273.735,1286.222","1118.276,1177.865",,,0.01995,local_connected_response
WGV35A_PAIR_0209_TO_WGV35A_PAIR_0210,PV_GM19_SILVER_MPV_NEAR_FIELD,P3,forward,WGV35A_PAIR_0209,WGV35A_PAIR_0210,240,PROPAGATED_CONFIDENT,"1051.917,1158.441,1190.508,1230.329","957.313,1120.657,1276.919,1284.868","1127.358,1181.819",,,0.019967,local_connected_response
WGV35A_PAIR_0209_TO_WGV35A_PAIR_0210,PV_GM19_SILVER_MPV_NEAR_FIELD,P3,forward,WGV35A_PAIR_0209,WGV35A_PAIR_0210,241,PROPAGATED_CONFIDENT,"1052.753,1157.703,1191.640,1229.530","961.235,1121.027,1281.343,1285.132","1123.559,1179.422",,,0.019986,local_connected_response
WGV35A_PAIR_0209_TO_WGV35A_PAIR_0210,PV_GM19_SILVER_MPV_NEAR_FIELD,P3,forward,WGV35A_PAIR_0209,WGV35A_PAIR_0210,242,PROPAGATED_WEAK,"1053.433,1161.148,1192.624,1232.910","963.602,1120.850,1284.227,1284.846","1121.700,1188.300",,,0.020005,local_connected_response
WGV35A_PAIR_0209_TO_WGV35A_PAIR_0210,PV_GM19_SILVER_MPV_NEAR_FIELD,P3,forward,WGV35A_PAIR_0209,WGV35A_PAIR_0210,243,PROPAGATED_CONFIDENT,"1056.516,1159.171,1196.014,1230.869","965.914,1122.137,1287.061,1286.023","1125.930,1181.431",,,0.020024,local_connected_response
WGV35A_PAIR_0209_TO_WGV35A_PAIR_0210,PV_GM19_SILVER_MPV_NEAR_FIELD,P3,forward,WGV35A_PAIR_0209,WGV35A_PAIR_0210,244,PROPAGATED_WEAK,"1058.114,1160.871,1197.921,1232.503","969.066,1121.527,1290.737,1285.302","1125.191,1186.596",,,0.020043,local_connected_response
WGV35A_PAIR_0209_TO_WGV35A_PAIR_0210,PV_GM19_SILVER_MPV_NEAR_FIELD,P3,forward,WGV35A_PAIR_0209,WGV35A_PAIR_0210,245,PROPAGATED_CONFIDENT,"1063.542,1159.109,1203.657,1230.676","971.699,1122.203,1293.894,1285.868","1134.803,1181.178",,,0.020062,local_connected_response
WGV35A_PAIR_0209_TO_WGV35A_PAIR_0210,PV_GM19_SILVER_MPV_NEAR_FIELD,P3,forward,WGV35A_PAIR_0209,WGV35A_PAIR_0210,246,REVIEW_REQUIRED,"1066.604,1159.636,1207.027,1231.138","975.672,1121.668,1298.392,1285.222","1136.492,1183.300",,,0.020081,manual_max_safe_distance_8_frames_before_target
WGV35A_PAIR_0209_TO_WGV35A_PAIR_0210,PV_GM19_SILVER_MPV_NEAR_FIELD,P3,backward,WGV35A_PAIR_0210,WGV35A_PAIR_0209,269,PROPAGATED_WEAK,"1145.435,1169.858,1293.125,1239.829","1052.074,1128.906,1387.146,1289.857","1218.786,1198.036",,,0.020518,local_connected_response
WGV35A_PAIR_0209_TO_WGV35A_PAIR_0210,PV_GM19_SILVER_MPV_NEAR_FIELD,P3,backward,WGV35A_PAIR_0210,WGV35A_PAIR_0209,268,PROPAGATED_WEAK,"1142.768,1170.631,1290.257,1240.645","1049.847,1127.244,1384.579,1288.267","1215.462,1202.462",,,0.020506,local_connected_response
WGV35A_PAIR_0209_TO_WGV35A_PAIR_0210,PV_GM19_SILVER_MPV_NEAR_FIELD,P3,backward,WGV35A_PAIR_0210,WGV35A_PAIR_0209,267,PROPAGATED_WEAK,"1139.445,1171.116,1286.664,1241.187","1046.827,1127.436,1381.099,1288.556","1211.692,1203.385",,,0.020491,local_connected_response
WGV35A_PAIR_0209_TO_WGV35A_PAIR_0210,PV_GM19_SILVER_MPV_NEAR_FIELD,P3,backward,WGV35A_PAIR_0210,WGV35A_PAIR_0209,266,PROPAGATED_CONFIDENT,"1142.327,1176.738,1289.250,1246.871","1043.587,1127.525,1377.356,1288.751","1223.765,1217.304",,,0.020473,local_connected_response
WGV35A_PAIR_0209_TO_WGV35A_PAIR_0210,PV_GM19_SILVER_MPV_NEAR_FIELD,P3,backward,WGV35A_PAIR_0210,WGV35A_PAIR_0209,265,PROPAGATED_CONFIDENT,"1140.218,1177.696,1286.837,1247.893","1042.520,1129.412,1375.773,1290.746","1220.099,1216.868",,,0.020455,local_connected_response
WGV35A_PAIR_0209_TO_WGV35A_PAIR_0210,PV_GM19_SILVER_MPV_NEAR_FIELD,P3,backward,WGV35A_PAIR_0210,WGV35A_PAIR_0209,264,PROPAGATED_CONFIDENT,"1137.198,1177.710,1283.510,1247.972","1039.709,1129.666,1372.439,1291.110","1216.775,1216.521",,,0.020437,local_connected_response
WGV35A_PAIR_0209_TO_WGV35A_PAIR_0210,PV_GM19_SILVER_MPV_NEAR_FIELD,P3,backward,WGV35A_PAIR_0210,WGV35A_PAIR_0209,263,PROPAGATED_CONFIDENT,"1134.756,1177.597,1280.760,1247.923","1036.578,1129.589,1368.785,1291.144","1215.372,1216.350",,,0.020419,local_connected_response
WGV35A_PAIR_0209_TO_WGV35A_PAIR_0210,PV_GM19_SILVER_MPV_NEAR_FIELD,P3,backward,WGV35A_PAIR_0210,WGV35A_PAIR_0209,262,PROPAGATED_WEAK,"1118.625,1174.540,1264.320,1244.932","1033.650,1129.468,1365.332,1291.133","1179.444,1208.889",,,0.020401,local_connected_response
WGV35A_PAIR_0209_TO_WGV35A_PAIR_0210,PV_GM19_SILVER_MPV_NEAR_FIELD,P3,backward,WGV35A_PAIR_0210,WGV35A_PAIR_0209,261,REVIEW_REQUIRED,"1123.463,1167.844,1268.849,1238.301","1025.931,1128.317,1357.088,1290.093","1203.125,1193.875",,,0.020382,manual_max_safe_distance_8_frames_before_target
WGV35A_PAIR_0210_TO_WGV35A_PAIR_0211,PV_GM19_SILVER_MPV_NEAR_FIELD,P0,forward,WGV35A_PAIR_0210,WGV35A_PAIR_0211,269,PROPAGATED_WEAK,"1145.765,1174.396,1293.455,1244.367","1129.765,1162.396,1309.455,1256.367","1219.610,1209.381",,,0.006424,fixed_anchor_region
WGV35A_PAIR_0210_TO_WGV35A_PAIR_0211,PV_GM19_SILVER_MPV_NEAR_FIELD,P0,forward,WGV35A_PAIR_0210,WGV35A_PAIR_0211,270,PROPAGATED_WEAK,"1145.765,1174.396,1293.455,1244.367","1129.765,1162.396,1309.455,1256.367","1219.610,1209.381",,,0.006424,fixed_anchor_region
WGV35A_PAIR_0210_TO_WGV35A_PAIR_0211,PV_GM19_SILVER_MPV_NEAR_FIELD,P0,forward,WGV35A_PAIR_0210,WGV35A_PAIR_0211,271,PROPAGATED_WEAK,"1145.765,1174.396,1293.455,1244.367","1129.765,1162.396,1309.455,1256.367","1219.610,1209.381",,,0.006424,fixed_anchor_region
WGV35A_PAIR_0210_TO_WGV35A_PAIR_0211,PV_GM19_SILVER_MPV_NEAR_FIELD,P0,forward,WGV35A_PAIR_0210,WGV35A_PAIR_0211,272,PROPAGATED_WEAK,"1145.765,1174.396,1293.455,1244.367","1129.765,1162.396,1309.455,1256.367","1219.610,1209.381",,,0.006424,fixed_anchor_region
WGV35A_PAIR_0210_TO_WGV35A_PAIR_0211,PV_GM19_SILVER_MPV_NEAR_FIELD,P0,forward,WGV35A_PAIR_0210,WGV35A_PAIR_0211,273,PROPAGATED_WEAK,"1145.765,1174.396,1293.455,1244.367","1129.765,1162.396,1309.455,1256.367","1219.610,1209.381",0.920889,0.920889,0.006424,fixed_anchor_region
WGV35A_PAIR_0210_TO_WGV35A_PAIR_0211,PV_GM19_SILVER_MPV_NEAR_FIELD,P1,forward,WGV35A_PAIR_0210,WGV35A_PAIR_0211,269,PROPAGATED_CONFIDENT,"1145.765,1174.396,1293.455,1244.367","1117.765,1154.396,1321.455,1264.367","1219.610,1209.381",,,0.008522,optical_trend_region
WGV35A_PAIR_0210_TO_WGV35A_PAIR_0211,PV_GM19_SILVER_MPV_NEAR_FIELD,P1,forward,WGV35A_PAIR_0210,WGV35A_PAIR_0211,270,PROPAGATED_CONFIDENT,"1147.727,1175.023,1295.389,1244.856","1119.727,1155.023,1323.389,1264.856","1221.558,1209.939",,,0.00851,optical_trend_region
WGV35A_PAIR_0210_TO_WGV35A_PAIR_0211,PV_GM19_SILVER_MPV_NEAR_FIELD,P1,forward,WGV35A_PAIR_0210,WGV35A_PAIR_0211,271,PROPAGATED_CONFIDENT,"1149.689,1175.649,1297.323,1245.344","1121.689,1155.649,1325.323,1265.344","1223.506,1210.497",,,0.008499,optical_trend_region
WGV35A_PAIR_0210_TO_WGV35A_PAIR_0211,PV_GM19_SILVER_MPV_NEAR_FIELD,P1,forward,WGV35A_PAIR_0210,WGV35A_PAIR_0211,272,PROPAGATED_CONFIDENT,"1151.650,1176.275,1299.258,1245.833","1123.650,1156.275,1327.258,1265.833","1225.454,1211.054",,,0.008487,optical_trend_region
WGV35A_PAIR_0210_TO_WGV35A_PAIR_0211,PV_GM19_SILVER_MPV_NEAR_FIELD,P1,forward,WGV35A_PAIR_0210,WGV35A_PAIR_0211,273,PROPAGATED_CONFIDENT,"1153.612,1176.902,1301.192,1246.322","1125.612,1156.902,1329.192,1266.322","1227.402,1211.612",1,1,0.008475,optical_trend_region
WGV35A_PAIR_0210_TO_WGV35A_PAIR_0211,PV_GM19_SILVER_MPV_NEAR_FIELD,P2,forward,WGV35A_PAIR_0210,WGV35A_PAIR_0211,269,PROPAGATED_WEAK,"1145.435,1169.858,1293.125,1239.829","1052.074,1128.906,1387.146,1289.857","1218.786,1198.036",,,0.020518,local_connected_response
WGV35A_PAIR_0210_TO_WGV35A_PAIR_0211,PV_GM19_SILVER_MPV_NEAR_FIELD,P2,forward,WGV35A_PAIR_0210,WGV35A_PAIR_0211,270,PROPAGATED_WEAK,"1147.847,1170.433,1295.519,1240.314","1053.239,1127.756,1388.282,1288.555","1223.067,1201.200",,,0.020497,local_connected_response
WGV35A_PAIR_0210_TO_WGV35A_PAIR_0211,PV_GM19_SILVER_MPV_NEAR_FIELD,P2,forward,WGV35A_PAIR_0210,WGV35A_PAIR_0211,271,PROPAGATED_WEAK,"1151.072,1172.467,1298.720,1242.227","1055.367,1128.407,1390.369,1289.000","1227.938,1205.312",,,0.020468,local_connected_response
WGV35A_PAIR_0210_TO_WGV35A_PAIR_0211,PV_GM19_SILVER_MPV_NEAR_FIELD,P2,forward,WGV35A_PAIR_0210,WGV35A_PAIR_0211,272,PROPAGATED_WEAK,"1153.478,1173.373,1301.099,1243.002","1057.780,1129.572,1392.737,1289.941","1230.333,1205.833",,,0.020437,local_connected_response
WGV35A_PAIR_0210_TO_WGV35A_PAIR_0211,PV_GM19_SILVER_MPV_NEAR_FIELD,P2,forward,WGV35A_PAIR_0210,WGV35A_PAIR_0211,273,PROPAGATED_CONFIDENT,"1162.729,1178.424,1310.324,1247.917","1059.907,1130.344,1394.818,1290.483","1250.273,1217.306",0.91765,0.91765,0.020405,local_connected_response
WGV35A_PAIR_0210_TO_WGV35A_PAIR_0211,PV_GM19_SILVER_MPV_NEAR_FIELD,P3,forward,WGV35A_PAIR_0210,WGV35A_PAIR_0211,269,PROPAGATED_WEAK,"1145.435,1169.858,1293.125,1239.829","1052.074,1128.906,1387.146,1289.857","1218.786,1198.036",,,0.020518,local_connected_response
WGV35A_PAIR_0210_TO_WGV35A_PAIR_0211,PV_GM19_SILVER_MPV_NEAR_FIELD,P3,forward,WGV35A_PAIR_0210,WGV35A_PAIR_0211,270,PROPAGATED_WEAK,"1147.847,1170.433,1295.519,1240.314","1053.239,1127.756,1388.282,1288.555","1223.067,1201.200",,,0.020497,local_connected_response
WGV35A_PAIR_0210_TO_WGV35A_PAIR_0211,PV_GM19_SILVER_MPV_NEAR_FIELD,P3,forward,WGV35A_PAIR_0210,WGV35A_PAIR_0211,271,PROPAGATED_WEAK,"1151.072,1172.467,1298.720,1242.227","1055.367,1128.407,1390.369,1289.000","1227.938,1205.312",,,0.020468,local_connected_response
WGV35A_PAIR_0210_TO_WGV35A_PAIR_0211,PV_GM19_SILVER_MPV_NEAR_FIELD,P3,forward,WGV35A_PAIR_0210,WGV35A_PAIR_0211,272,PROPAGATED_WEAK,"1153.478,1173.373,1301.099,1243.002","1057.780,1129.572,1392.737,1289.941","1230.333,1205.833",,,0.020437,local_connected_response
WGV35A_PAIR_0210_TO_WGV35A_PAIR_0211,PV_GM19_SILVER_MPV_NEAR_FIELD,P3,forward,WGV35A_PAIR_0210,WGV35A_PAIR_0211,273,PROPAGATED_CONFIDENT,"1162.729,1178.424,1310.324,1247.917","1059.907,1130.344,1394.818,1290.483","1250.273,1217.306",0.91765,0.91765,0.020405,local_connected_response
WGV35A_PAIR_0210_TO_WGV35A_PAIR_0211,PV_GM19_SILVER_MPV_NEAR_FIELD,P3,backward,WGV35A_PAIR_0211,WGV35A_PAIR_0210,273,PROPAGATED_CONFIDENT,"1162.761,1179.180,1310.341,1248.600","1059.959,1131.605,1394.845,1291.619","1250.273,1217.306",,,0.020387,local_connected_response
WGV35A_PAIR_0210_TO_WGV35A_PAIR_0211,PV_GM19_SILVER_MPV_NEAR_FIELD,P3,backward,WGV35A_PAIR_0211,WGV35A_PAIR_0210,272,PROPAGATED_WEAK,"1155.937,1174.807,1303.535,1244.316","1061.880,1131.964,1396.796,1292.130","1230.333,1205.833",,,0.020409,local_connected_response
WGV35A_PAIR_0210_TO_WGV35A_PAIR_0211,PV_GM19_SILVER_MPV_NEAR_FIELD,P3,backward,WGV35A_PAIR_0211,WGV35A_PAIR_0210,271,PROPAGATED_WEAK,"1152.776,1173.411,1300.398,1243.042","1058.208,1129.984,1393.165,1290.355","1227.938,1205.312",,,0.020437,local_connected_response
WGV35A_PAIR_0210_TO_WGV35A_PAIR_0211,PV_GM19_SILVER_MPV_NEAR_FIELD,P3,backward,WGV35A_PAIR_0211,WGV35A_PAIR_0210,270,PROPAGATED_WEAK,"1149.393,1171.203,1297.042,1240.965","1055.817,1129.042,1390.819,1289.638","1223.067,1201.200",,,0.020469,local_connected_response
WGV35A_PAIR_0210_TO_WGV35A_PAIR_0211,PV_GM19_SILVER_MPV_NEAR_FIELD,P3,backward,WGV35A_PAIR_0211,WGV35A_PAIR_0210,269,PROPAGATED_WEAK,"1146.200,1169.202,1293.876,1239.100","1053.349,1127.814,1388.397,1288.641","1218.786,1198.036",0.921996,0.921996,0.020501,local_connected_response
WGV35A_PAIR_0211_TO_WGV35A_PAIR_0212,PV_GM19_SILVER_MPV_NEAR_FIELD,P0,forward,WGV35A_PAIR_0211,WGV35A_PAIR_0212,273,PROPAGATED_WEAK,"1153.612,1176.902,1301.192,1246.322","1137.612,1164.902,1317.192,1258.322","1227.402,1211.612",,,0.006383,fixed_anchor_region
WGV35A_PAIR_0211_TO_WGV35A_PAIR_0212,PV_GM19_SILVER_MPV_NEAR_FIELD,P0,forward,WGV35A_PAIR_0211,WGV35A_PAIR_0212,274,PROPAGATED_WEAK,"1153.612,1176.902,1301.192,1246.322","1137.612,1164.902,1317.192,1258.322","1227.402,1211.612",,,0.006383,fixed_anchor_region
WGV35A_PAIR_0211_TO_WGV35A_PAIR_0212,PV_GM19_SILVER_MPV_NEAR_FIELD,P0,forward,WGV35A_PAIR_0211,WGV35A_PAIR_0212,275,PROPAGATED_WEAK,"1153.612,1176.902,1301.192,1246.322","1137.612,1164.902,1317.192,1258.322","1227.402,1211.612",,,0.006383,fixed_anchor_region
WGV35A_PAIR_0211_TO_WGV35A_PAIR_0212,PV_GM19_SILVER_MPV_NEAR_FIELD,P0,forward,WGV35A_PAIR_0211,WGV35A_PAIR_0212,276,PROPAGATED_WEAK,"1153.612,1176.902,1301.192,1246.322","1137.612,1164.902,1317.192,1258.322","1227.402,1211.612",,,0.006383,fixed_anchor_region
WGV35A_PAIR_0211_TO_WGV35A_PAIR_0212,PV_GM19_SILVER_MPV_NEAR_FIELD,P0,forward,WGV35A_PAIR_0211,WGV35A_PAIR_0212,277,PROPAGATED_WEAK,"1153.612,1176.902,1301.192,1246.322","1137.612,1164.902,1317.192,1258.322","1227.402,1211.612",,,0.006383,fixed_anchor_region
WGV35A_PAIR_0211_TO_WGV35A_PAIR_0212,PV_GM19_SILVER_MPV_NEAR_FIELD,P0,forward,WGV35A_PAIR_0211,WGV35A_PAIR_0212,278,PROPAGATED_WEAK,"1153.612,1176.902,1301.192,1246.322","1137.612,1164.902,1317.192,1258.322","1227.402,1211.612",,,0.006383,fixed_anchor_region
WGV35A_PAIR_0211_TO_WGV35A_PAIR_0212,PV_GM19_SILVER_MPV_NEAR_FIELD,P0,forward,WGV35A_PAIR_0211,WGV35A_PAIR_0212,279,PROPAGATED_WEAK,"1153.612,1176.902,1301.192,1246.322","1137.612,1164.902,1317.192,1258.322","1227.402,1211.612",,,0.006383,fixed_anchor_region
WGV35A_PAIR_0211_TO_WGV35A_PAIR_0212,PV_GM19_SILVER_MPV_NEAR_FIELD,P0,forward,WGV35A_PAIR_0211,WGV35A_PAIR_0212,280,PROPAGATED_WEAK,"1153.612,1176.902,1301.192,1246.322","1137.612,1164.902,1317.192,1258.322","1227.402,1211.612",,,0.006383,fixed_anchor_region
WGV35A_PAIR_0211_TO_WGV35A_PAIR_0212,PV_GM19_SILVER_MPV_NEAR_FIELD,P0,forward,WGV35A_PAIR_0211,WGV35A_PAIR_0212,281,PROPAGATED_WEAK,"1153.612,1176.902,1301.192,1246.322","1137.612,1164.902,1317.192,1258.322","1227.402,1211.612",,,0.006383,fixed_anchor_region
WGV35A_PAIR_0211_TO_WGV35A_PAIR_0212,PV_GM19_SILVER_MPV_NEAR_FIELD,P0,forward,WGV35A_PAIR_0211,WGV35A_PAIR_0212,282,PROPAGATED_WEAK,"1153.612,1176.902,1301.192,1246.322","1137.612,1164.902,1317.192,1258.322","1227.402,1211.612",,,0.006383,fixed_anchor_region
WGV35A_PAIR_0211_TO_WGV35A_PAIR_0212,PV_GM19_SILVER_MPV_NEAR_FIELD,P0,forward,WGV35A_PAIR_0211,WGV35A_PAIR_0212,283,PROPAGATED_WEAK,"1153.612,1176.902,1301.192,1246.322","1137.612,1164.902,1317.192,1258.322","1227.402,1211.612",,,0.006383,fixed_anchor_region
WGV35A_PAIR_0211_TO_WGV35A_PAIR_0212,PV_GM19_SILVER_MPV_NEAR_FIELD,P0,forward,WGV35A_PAIR_0211,WGV35A_PAIR_0212,284,PROPAGATED_WEAK,"1153.612,1176.902,1301.192,1246.322","1137.612,1164.902,1317.192,1258.322","1227.402,1211.612",,,0.006383,fixed_anchor_region
WGV35A_PAIR_0211_TO_WGV35A_PAIR_0212,PV_GM19_SILVER_MPV_NEAR_FIELD,P0,forward,WGV35A_PAIR_0211,WGV35A_PAIR_0212,285,PROPAGATED_WEAK,"1153.612,1176.902,1301.192,1246.322","1137.612,1164.902,1317.192,1258.322","1227.402,1211.612",,,0.006383,fixed_anchor_region
WGV35A_PAIR_0211_TO_WGV35A_PAIR_0212,PV_GM19_SILVER_MPV_NEAR_FIELD,P0,forward,WGV35A_PAIR_0211,WGV35A_PAIR_0212,286,PROPAGATED_WEAK,"1153.612,1176.902,1301.192,1246.322","1137.612,1164.902,1317.192,1258.322","1227.402,1211.612",,,0.006383,fixed_anchor_region
WGV35A_PAIR_0211_TO_WGV35A_PAIR_0212,PV_GM19_SILVER_MPV_NEAR_FIELD,P0,forward,WGV35A_PAIR_0211,WGV35A_PAIR_0212,287,PROPAGATED_WEAK,"1153.612,1176.902,1301.192,1246.322","1137.612,1164.902,1317.192,1258.322","1227.402,1211.612",,,0.006383,fixed_anchor_region
WGV35A_PAIR_0211_TO_WGV35A_PAIR_0212,PV_GM19_SILVER_MPV_NEAR_FIELD,P0,forward,WGV35A_PAIR_0211,WGV35A_PAIR_0212,288,PROPAGATED_WEAK,"1153.612,1176.902,1301.192,1246.322","1137.612,1164.902,1317.192,1258.322","1227.402,1211.612",0.764685,0.764685,0.006383,fixed_anchor_region
WGV35A_PAIR_0211_TO_WGV35A_PAIR_0212,PV_GM19_SILVER_MPV_NEAR_FIELD,P1,forward,WGV35A_PAIR_0211,WGV35A_PAIR_0212,273,PROPAGATED_CONFIDENT,"1153.612,1176.902,1301.192,1246.322","1125.612,1156.902,1329.192,1266.322","1227.402,1211.612",,,0.008475,optical_trend_region
WGV35A_PAIR_0211_TO_WGV35A_PAIR_0212,PV_GM19_SILVER_MPV_NEAR_FIELD,P1,forward,WGV35A_PAIR_0211,WGV35A_PAIR_0212,274,PROPAGATED_CONFIDENT,"1155.653,1176.736,1303.226,1246.328","1127.653,1156.736,1331.226,1266.328","1229.440,1211.532",,,0.008488,optical_trend_region
WGV35A_PAIR_0211_TO_WGV35A_PAIR_0212,PV_GM19_SILVER_MPV_NEAR_FIELD,P1,forward,WGV35A_PAIR_0211,WGV35A_PAIR_0212,275,PROPAGATED_CONFIDENT,"1157.694,1176.570,1305.260,1246.334","1129.694,1156.570,1333.260,1266.334","1231.477,1211.452",,,0.008501,optical_trend_region
WGV35A_PAIR_0211_TO_WGV35A_PAIR_0212,PV_GM19_SILVER_MPV_NEAR_FIELD,P1,forward,WGV35A_PAIR_0211,WGV35A_PAIR_0212,276,PROPAGATED_CONFIDENT,"1159.735,1176.404,1307.295,1246.340","1131.735,1156.404,1335.295,1266.340","1233.515,1211.372",,,0.008514,optical_trend_region
WGV35A_PAIR_0211_TO_WGV35A_PAIR_0212,PV_GM19_SILVER_MPV_NEAR_FIELD,P1,forward,WGV35A_PAIR_0211,WGV35A_PAIR_0212,277,PROPAGATED_CONFIDENT,"1161.775,1176.238,1309.329,1246.346","1133.775,1156.238,1337.329,1266.346","1235.552,1211.292",,,0.008527,optical_trend_region
WGV35A_PAIR_0211_TO_WGV35A_PAIR_0212,PV_GM19_SILVER_MPV_NEAR_FIELD,P1,forward,WGV35A_PAIR_0211,WGV35A_PAIR_0212,278,PROPAGATED_CONFIDENT,"1163.816,1176.072,1311.363,1246.352","1135.816,1156.072,1339.363,1266.352","1237.590,1211.212",,,0.00854,optical_trend_region
WGV35A_PAIR_0211_TO_WGV35A_PAIR_0212,PV_GM19_SILVER_MPV_NEAR_FIELD,P1,forward,WGV35A_PAIR_0211,WGV35A_PAIR_0212,279,PROPAGATED_CONFIDENT,"1165.857,1175.906,1313.397,1246.358","1137.857,1155.906,1341.397,1266.358","1239.627,1211.132",,,0.008553,optical_trend_region
WGV35A_PAIR_0211_TO_WGV35A_PAIR_0212,PV_GM19_SILVER_MPV_NEAR_FIELD,P1,forward,WGV35A_PAIR_0211,WGV35A_PAIR_0212,280,PROPAGATED_CONFIDENT,"1167.898,1175.740,1315.431,1246.364","1139.898,1155.740,1343.431,1266.364","1241.665,1211.052",,,0.008566,optical_trend_region
WGV35A_PAIR_0211_TO_WGV35A_PAIR_0212,PV_GM19_SILVER_MPV_NEAR_FIELD,P1,forward,WGV35A_PAIR_0211,WGV35A_PAIR_0212,281,PROPAGATED_CONFIDENT,"1169.939,1175.573,1317.466,1246.369","1141.939,1155.573,1345.466,1266.369","1243.702,1210.971",,,0.008579,optical_trend_region
WGV35A_PAIR_0211_TO_WGV35A_PAIR_0212,PV_GM19_SILVER_MPV_NEAR_FIELD,P1,forward,WGV35A_PAIR_0211,WGV35A_PAIR_0212,282,PROPAGATED_CONFIDENT,"1171.980,1175.407,1319.500,1246.375","1143.980,1155.407,1347.500,1266.375","1245.740,1210.891",,,0.008592,optical_trend_region
WGV35A_PAIR_0211_TO_WGV35A_PAIR_0212,PV_GM19_SILVER_MPV_NEAR_FIELD,P1,forward,WGV35A_PAIR_0211,WGV35A_PAIR_0212,283,PROPAGATED_CONFIDENT,"1174.021,1175.241,1321.534,1246.381","1146.021,1155.241,1349.534,1266.381","1247.777,1210.811",,,0.008605,optical_trend_region
WGV35A_PAIR_0211_TO_WGV35A_PAIR_0212,PV_GM19_SILVER_MPV_NEAR_FIELD,P1,forward,WGV35A_PAIR_0211,WGV35A_PAIR_0212,284,PROPAGATED_CONFIDENT,"1176.062,1175.075,1323.568,1246.387","1148.062,1155.075,1351.568,1266.387","1249.815,1210.731",,,0.008618,optical_trend_region
WGV35A_PAIR_0211_TO_WGV35A_PAIR_0212,PV_GM19_SILVER_MPV_NEAR_FIELD,P1,forward,WGV35A_PAIR_0211,WGV35A_PAIR_0212,285,PROPAGATED_CONFIDENT,"1178.102,1174.909,1325.602,1246.393","1150.102,1154.909,1353.602,1266.393","1251.852,1210.651",,,0.008631,optical_trend_region
WGV35A_PAIR_0211_TO_WGV35A_PAIR_0212,PV_GM19_SILVER_MPV_NEAR_FIELD,P1,forward,WGV35A_PAIR_0211,WGV35A_PAIR_0212,286,PROPAGATED_CONFIDENT,"1180.143,1174.743,1327.637,1246.399","1152.143,1154.743,1355.637,1266.399","1253.890,1210.571",,,0.008644,optical_trend_region
WGV35A_PAIR_0211_TO_WGV35A_PAIR_0212,PV_GM19_SILVER_MPV_NEAR_FIELD,P1,forward,WGV35A_PAIR_0211,WGV35A_PAIR_0212,287,PROPAGATED_CONFIDENT,"1182.184,1174.577,1329.671,1246.405","1154.184,1154.577,1357.671,1266.405","1255.927,1210.491",,,0.008658,optical_trend_region
WGV35A_PAIR_0211_TO_WGV35A_PAIR_0212,PV_GM19_SILVER_MPV_NEAR_FIELD,P1,forward,WGV35A_PAIR_0211,WGV35A_PAIR_0212,288,PROPAGATED_CONFIDENT,"1184.225,1174.411,1331.705,1246.411","1156.225,1154.411,1359.705,1266.411","1257.965,1210.411",1,1,0.008671,optical_trend_region
WGV35A_PAIR_0211_TO_WGV35A_PAIR_0212,PV_GM19_SILVER_MPV_NEAR_FIELD,P2,forward,WGV35A_PAIR_0211,WGV35A_PAIR_0212,273,PROPAGATED_CONFIDENT,"1162.761,1179.180,1310.341,1248.600","1059.959,1131.605,1394.845,1291.619","1250.273,1217.306",,,0.020387,local_connected_response
WGV35A_PAIR_0211_TO_WGV35A_PAIR_0212,PV_GM19_SILVER_MPV_NEAR_FIELD,P2,forward,WGV35A_PAIR_0211,WGV35A_PAIR_0212,274,PROPAGATED_CONFIDENT,"1166.668,1178.969,1314.244,1248.501","1064.489,1132.255,1399.368,1292.459","1253.248,1215.802",,,0.020411,local_connected_response
WGV35A_PAIR_0211_TO_WGV35A_PAIR_0212,PV_GM19_SILVER_MPV_NEAR_FIELD,P2,forward,WGV35A_PAIR_0211,WGV35A_PAIR_0212,275,PROPAGATED_CONFIDENT,"1169.223,1179.072,1316.792,1248.755","1067.185,1132.021,1402.054,1292.481","1255.589,1216.407",,,0.020443,local_connected_response
WGV35A_PAIR_0211_TO_WGV35A_PAIR_0212,PV_GM19_SILVER_MPV_NEAR_FIELD,P2,forward,WGV35A_PAIR_0211,WGV35A_PAIR_0212,276,PROPAGATED_WEAK,"1156.628,1176.033,1304.192,1245.880","1069.408,1131.891,1404.266,1292.632","1220.769,1209.000",,,0.020478,local_connected_response
WGV35A_PAIR_0211_TO_WGV35A_PAIR_0212,PV_GM19_SILVER_MPV_NEAR_FIELD,P2,forward,WGV35A_PAIR_0211,WGV35A_PAIR_0212,277,PROPAGATED_WEAK,"1159.099,1172.253,1306.656,1242.270","1066.329,1130.660,1401.176,1291.689","1231.565,1201.391",,,0.020514,local_connected_response
WGV35A_PAIR_0211_TO_WGV35A_PAIR_0212,PV_GM19_SILVER_MPV_NEAR_FIELD,P2,forward,WGV35A_PAIR_0211,WGV35A_PAIR_0212,278,PROPAGATED_WEAK,"1156.475,1174.746,1304.025,1244.934","1068.523,1129.169,1403.358,1290.489","1221.714,1209.857",,,0.020551,local_connected_response
WGV35A_PAIR_0211_TO_WGV35A_PAIR_0212,PV_GM19_SILVER_MPV_NEAR_FIELD,P2,forward,WGV35A_PAIR_0211,WGV35A_PAIR_0212,279,PROPAGATED_WEAK,"1157.835,1175.028,1305.379,1245.388","1068.933,1129.874,1403.757,1291.485","1224.500,1209.500",,,0.020587,local_connected_response
WGV35A_PAIR_0211_TO_WGV35A_PAIR_0212,PV_GM19_SILVER_MPV_NEAR_FIELD,P2,forward,WGV35A_PAIR_0211,WGV35A_PAIR_0212,280,PROPAGATED_WEAK,"1160.033,1174.788,1307.569,1245.319","1070.738,1129.804,1405.551,1291.708","1227.286,1209.000",,,0.020624,local_connected_response
WGV35A_PAIR_0211_TO_WGV35A_PAIR_0212,PV_GM19_SILVER_MPV_NEAR_FIELD,P2,forward,WGV35A_PAIR_0211,WGV35A_PAIR_0212,281,REVIEW_REQUIRED,"1162.872,1174.619,1310.402,1245.323","1072.836,1129.552,1407.638,1291.748","1231.238,1208.952",,,0.02066,manual_max_safe_distance_8_frames_before_target
WGV35A_PAIR_0211_TO_WGV35A_PAIR_0212,PV_GM19_SILVER_MPV_NEAR_FIELD,P3,forward,WGV35A_PAIR_0211,WGV35A_PAIR_0212,273,PROPAGATED_CONFIDENT,"1162.761,1179.180,1310.341,1248.600","1059.959,1131.605,1394.845,1291.619","1250.273,1217.306",,,0.020387,local_connected_response
WGV35A_PAIR_0211_TO_WGV35A_PAIR_0212,PV_GM19_SILVER_MPV_NEAR_FIELD,P3,forward,WGV35A_PAIR_0211,WGV35A_PAIR_0212,274,PROPAGATED_CONFIDENT,"1166.668,1178.969,1314.244,1248.501","1064.489,1132.255,1399.368,1292.459","1253.248,1215.802",,,0.020411,local_connected_response
WGV35A_PAIR_0211_TO_WGV35A_PAIR_0212,PV_GM19_SILVER_MPV_NEAR_FIELD,P3,forward,WGV35A_PAIR_0211,WGV35A_PAIR_0212,275,PROPAGATED_CONFIDENT,"1169.223,1179.072,1316.792,1248.755","1067.185,1132.021,1402.054,1292.481","1255.589,1216.407",,,0.020443,local_connected_response
WGV35A_PAIR_0211_TO_WGV35A_PAIR_0212,PV_GM19_SILVER_MPV_NEAR_FIELD,P3,forward,WGV35A_PAIR_0211,WGV35A_PAIR_0212,276,PROPAGATED_WEAK,"1156.628,1176.033,1304.192,1245.880","1069.408,1131.891,1404.266,1292.632","1220.769,1209.000",,,0.020478,local_connected_response
WGV35A_PAIR_0211_TO_WGV35A_PAIR_0212,PV_GM19_SILVER_MPV_NEAR_FIELD,P3,forward,WGV35A_PAIR_0211,WGV35A_PAIR_0212,277,PROPAGATED_WEAK,"1159.099,1172.253,1306.656,1242.270","1066.329,1130.660,1401.176,1291.689","1231.565,1201.391",,,0.020514,local_connected_response
WGV35A_PAIR_0211_TO_WGV35A_PAIR_0212,PV_GM19_SILVER_MPV_NEAR_FIELD,P3,forward,WGV35A_PAIR_0211,WGV35A_PAIR_0212,278,PROPAGATED_WEAK,"1156.475,1174.746,1304.025,1244.934","1068.523,1129.169,1403.358,1290.489","1221.714,1209.857",,,0.020551,local_connected_response
WGV35A_PAIR_0211_TO_WGV35A_PAIR_0212,PV_GM19_SILVER_MPV_NEAR_FIELD,P3,forward,WGV35A_PAIR_0211,WGV35A_PAIR_0212,279,PROPAGATED_WEAK,"1157.835,1175.028,1305.379,1245.388","1068.933,1129.874,1403.757,1291.485","1224.500,1209.500",,,0.020587,local_connected_response
WGV35A_PAIR_0211_TO_WGV35A_PAIR_0212,PV_GM19_SILVER_MPV_NEAR_FIELD,P3,forward,WGV35A_PAIR_0211,WGV35A_PAIR_0212,280,PROPAGATED_WEAK,"1160.033,1174.788,1307.569,1245.319","1070.738,1129.804,1405.551,1291.708","1227.286,1209.000",,,0.020624,local_connected_response
WGV35A_PAIR_0211_TO_WGV35A_PAIR_0212,PV_GM19_SILVER_MPV_NEAR_FIELD,P3,forward,WGV35A_PAIR_0211,WGV35A_PAIR_0212,281,REVIEW_REQUIRED,"1162.872,1174.619,1310.402,1245.323","1072.836,1129.552,1407.638,1291.748","1231.238,1208.952",,,0.02066,manual_max_safe_distance_8_frames_before_target
WGV35A_PAIR_0211_TO_WGV35A_PAIR_0212,PV_GM19_SILVER_MPV_NEAR_FIELD,P3,backward,WGV35A_PAIR_0212,WGV35A_PAIR_0211,288,PROPAGATED_WEAK,"1180.218,1174.162,1327.698,1246.162","1090.607,1128.211,1425.323,1292.611","1247.947,1209.789",,,0.020936,local_connected_response
WGV35A_PAIR_0211_TO_WGV35A_PAIR_0212,PV_GM19_SILVER_MPV_NEAR_FIELD,P3,backward,WGV35A_PAIR_0212,WGV35A_PAIR_0211,287,PROPAGATED_WEAK,"1177.001,1174.724,1324.485,1246.612","1087.876,1128.271,1422.600,1292.481","1244.000,1211.105",,,0.020912,local_connected_response
WGV35A_PAIR_0211_TO_WGV35A_PAIR_0212,PV_GM19_SILVER_MPV_NEAR_FIELD,P3,backward,WGV35A_PAIR_0212,WGV35A_PAIR_0211,286,PROPAGATED_WEAK,"1174.017,1174.746,1321.507,1246.483","1085.422,1128.628,1420.155,1292.582","1240.222,1210.630",,,0.02088,local_connected_response
WGV35A_PAIR_0211_TO_WGV35A_PAIR_0212,PV_GM19_SILVER_MPV_NEAR_FIELD,P3,backward,WGV35A_PAIR_0212,WGV35A_PAIR_0211,285,PROPAGATED_WEAK,"1170.929,1174.772,1318.426,1246.344","1083.049,1128.802,1417.793,1292.475","1236.062,1210.438",,,0.020845,local_connected_response
WGV35A_PAIR_0211_TO_WGV35A_PAIR_0212,PV_GM19_SILVER_MPV_NEAR_FIELD,P3,backward,WGV35A_PAIR_0212,WGV35A_PAIR_0211,284,PROPAGATED_WEAK,"1176.938,1172.981,1324.442,1244.384","1080.639,1128.978,1415.394,1292.363","1254.700,1205.700",,,0.020809,local_connected_response
WGV35A_PAIR_0211_TO_WGV35A_PAIR_0212,PV_GM19_SILVER_MPV_NEAR_FIELD,P3,backward,WGV35A_PAIR_0212,WGV35A_PAIR_0211,283,PROPAGATED_WEAK,"1177.123,1173.871,1324.633,1245.103","1081.413,1128.519,1416.180,1291.614","1254.000,1208.619",,,0.020772,local_connected_response
WGV35A_PAIR_0211_TO_WGV35A_PAIR_0212,PV_GM19_SILVER_MPV_NEAR_FIELD,P3,backward,WGV35A_PAIR_0212,WGV35A_PAIR_0211,282,PROPAGATED_WEAK,"1168.951,1174.363,1316.468,1245.424","1080.149,1128.999,1414.927,1291.801","1235.467,1209.133",,,0.020736,local_connected_response
WGV35A_PAIR_0211_TO_WGV35A_PAIR_0212,PV_GM19_SILVER_MPV_NEAR_FIELD,P3,backward,WGV35A_PAIR_0212,WGV35A_PAIR_0211,281,PROPAGATED_WEAK,"1164.747,1174.493,1312.270,1245.382","1075.960,1129.339,1410.749,1291.849","1231.238,1208.952",,,0.020699,local_connected_response
WGV35A_PAIR_0211_TO_WGV35A_PAIR_0212,PV_GM19_SILVER_MPV_NEAR_FIELD,P3,backward,WGV35A_PAIR_0212,WGV35A_PAIR_0211,280,REVIEW_REQUIRED,"1161.485,1174.639,1309.015,1245.355","1073.160,1129.552,1407.960,1291.771","1227.286,1209.000",,,0.020663,manual_max_safe_distance_8_frames_before_target
WGV35A_PAIR_0212_TO_WGV35A_PAIR_0213,PV_GM19_SILVER_MPV_NEAR_FIELD,P0,forward,WGV35A_PAIR_0212,WGV35A_PAIR_0213,288,PROPAGATED_WEAK,"1184.225,1174.411,1331.705,1246.411","1168.225,1162.411,1347.705,1258.411","1257.965,1210.411",,,0.006555,fixed_anchor_region
WGV35A_PAIR_0212_TO_WGV35A_PAIR_0213,PV_GM19_SILVER_MPV_NEAR_FIELD,P0,forward,WGV35A_PAIR_0212,WGV35A_PAIR_0213,289,PROPAGATED_WEAK,"1184.225,1174.411,1331.705,1246.411","1168.225,1162.411,1347.705,1258.411","1257.965,1210.411",,,0.006555,fixed_anchor_region
WGV35A_PAIR_0212_TO_WGV35A_PAIR_0213,PV_GM19_SILVER_MPV_NEAR_FIELD,P0,forward,WGV35A_PAIR_0212,WGV35A_PAIR_0213,290,PROPAGATED_WEAK,"1184.225,1174.411,1331.705,1246.411","1168.225,1162.411,1347.705,1258.411","1257.965,1210.411",0.872259,0.872259,0.006555,fixed_anchor_region
WGV35A_PAIR_0212_TO_WGV35A_PAIR_0213,PV_GM19_SILVER_MPV_NEAR_FIELD,P1,forward,WGV35A_PAIR_0212,WGV35A_PAIR_0213,288,PROPAGATED_CONFIDENT,"1184.225,1174.411,1331.705,1246.411","1156.225,1154.411,1359.705,1266.411","1257.965,1210.411",,,0.008671,optical_trend_region
WGV35A_PAIR_0212_TO_WGV35A_PAIR_0213,PV_GM19_SILVER_MPV_NEAR_FIELD,P1,forward,WGV35A_PAIR_0212,WGV35A_PAIR_0213,289,PROPAGATED_CONFIDENT,"1189.152,1171.993,1336.733,1245.767","1161.152,1151.993,1364.733,1265.767","1262.943,1208.880",,,0.008812,optical_trend_region
WGV35A_PAIR_0212_TO_WGV35A_PAIR_0213,PV_GM19_SILVER_MPV_NEAR_FIELD,P1,forward,WGV35A_PAIR_0212,WGV35A_PAIR_0213,290,PROPAGATED_CONFIDENT,"1194.080,1169.575,1341.760,1245.122","1166.080,1149.575,1369.760,1265.122","1267.920,1207.349",1,1,0.008954,optical_trend_region
WGV35A_PAIR_0212_TO_WGV35A_PAIR_0213,PV_GM19_SILVER_MPV_NEAR_FIELD,P2,forward,WGV35A_PAIR_0212,WGV35A_PAIR_0213,288,PROPAGATED_WEAK,"1180.218,1174.162,1327.698,1246.162","1090.607,1128.211,1425.323,1292.611","1247.947,1209.789",,,0.020936,local_connected_response
WGV35A_PAIR_0212_TO_WGV35A_PAIR_0213,PV_GM19_SILVER_MPV_NEAR_FIELD,P2,forward,WGV35A_PAIR_0212,WGV35A_PAIR_0213,289,PROPAGATED_WEAK,"1182.860,1173.175,1330.405,1246.327","1092.385,1126.149,1427.211,1292.509","1251.885,1210.385",,,0.021192,local_connected_response
WGV35A_PAIR_0212_TO_WGV35A_PAIR_0213,PV_GM19_SILVER_MPV_NEAR_FIELD,P2,forward,WGV35A_PAIR_0212,WGV35A_PAIR_0213,290,PROPAGATED_WEAK,"1186.739,1171.177,1334.372,1245.886","1096.482,1123.687,1431.457,1292.692","1255.435,1209.043",0.929834,0.929834,0.021539,local_connected_response
WGV35A_PAIR_0212_TO_WGV35A_PAIR_0213,PV_GM19_SILVER_MPV_NEAR_FIELD,P3,forward,WGV35A_PAIR_0212,WGV35A_PAIR_0213,288,PROPAGATED_WEAK,"1180.218,1174.162,1327.698,1246.162","1090.607,1128.211,1425.323,1292.611","1247.947,1209.789",,,0.020936,local_connected_response
WGV35A_PAIR_0212_TO_WGV35A_PAIR_0213,PV_GM19_SILVER_MPV_NEAR_FIELD,P3,forward,WGV35A_PAIR_0212,WGV35A_PAIR_0213,289,PROPAGATED_WEAK,"1182.860,1173.175,1330.405,1246.327","1092.385,1126.149,1427.211,1292.509","1251.885,1210.385",,,0.021192,local_connected_response
WGV35A_PAIR_0212_TO_WGV35A_PAIR_0213,PV_GM19_SILVER_MPV_NEAR_FIELD,P3,forward,WGV35A_PAIR_0212,WGV35A_PAIR_0213,290,PROPAGATED_WEAK,"1186.739,1171.177,1334.372,1245.886","1096.482,1123.687,1431.457,1292.692","1255.435,1209.043",0.929834,0.929834,0.021539,local_connected_response
WGV35A_PAIR_0212_TO_WGV35A_PAIR_0213,PV_GM19_SILVER_MPV_NEAR_FIELD,P3,backward,WGV35A_PAIR_0213,WGV35A_PAIR_0212,290,PROPAGATED_WEAK,"1189.086,1170.253,1336.766,1245.800","1100.392,1122.134,1435.448,1292.563","1255.435,1209.043",,,0.021725,local_connected_response
WGV35A_PAIR_0212_TO_WGV35A_PAIR_0213,PV_GM19_SILVER_MPV_NEAR_FIELD,P3,backward,WGV35A_PAIR_0213,WGV35A_PAIR_0212,289,PROPAGATED_WEAK,"1184.708,1172.105,1332.323,1246.500","1095.464,1124.346,1430.409,1292.816","1251.885,1210.385",,,0.021469,local_connected_response
WGV35A_PAIR_0212_TO_WGV35A_PAIR_0213,PV_GM19_SILVER_MPV_NEAR_FIELD,P3,backward,WGV35A_PAIR_0213,WGV35A_PAIR_0212,288,PROPAGATED_WEAK,"1180.310,1173.511,1327.837,1246.349","1090.760,1127.111,1425.556,1292.935","1247.947,1209.789",0.97293,0.97293,0.021122,local_connected_response
