plan_region_id,gt_pair_id,gt_instance_id,physical_vehicle_id,sar_frame,region_role,template_family,template_axis,template_operation,delta_m,rotation_deg,center_shift_range_m,center_shift_azimuth_m,edge_name,scale_axis,mask_class,mask_context,measurement_source,proxy_formula_used,background_mode,sensitivity_background_mode,base_background_estimate,local_ring_background_estimate,background_subtracted_energy,inner_energy_density,outer_band_energy_density,inner_outer_density_ratio,local_ring_background_subtracted_energy,background_sensitivity_status,pixel_count,range_p50_width_m,range_p80_width_m,range_p90_width_m,azimuth_p50_width_m,azimuth_p80_width_m,azimuth_p90_width_m,energy_centroid_range_offset_m,energy_centroid_azimuth_offset_m,raw_component_count,significant_component_count,dominant_component_energy_fraction,dominant_component_area_fraction,top2_component_energy_fraction,largest_component_pixels,largest_component_energy,global_energy_axis_image_deg,global_energy_axis_to_range_signed_deg,global_energy_axis_to_range_acute_deg,global_energy_axis_ratio,global_energy_axis_status,dominant_component_axis_image_deg,dominant_component_axis_to_range_signed_deg,dominant_component_axis_to_range_acute_deg,dominant_component_axis_ratio,dominant_component_axis_status,component_layout_axis_image_deg,component_layout_axis_to_range_signed_deg,component_layout_axis_to_range_acute_deg,component_layout_axis_ratio,component_layout_axis_status,component_layout_strategy,axis_evidence_status,global_axis_to_gt_long_axis_error_deg,dominant_component_axis_to_gt_long_axis_error_deg,component_layout_axis_to_gt_long_axis_error_deg,global_axis_to_gt_aspect_error_deg,dominant_axis_to_gt_aspect_error_deg,layout_axis_to_gt_aspect_error_deg,threshold_component_identity_status,vehicle_projection_envelope_status,required_missing_support_range_m,required_missing_support_azimuth_m,required_extra_spread_range_m,required_extra_spread_azimuth_m
WGV35A_PAIR_0204_S2A_001,WGV35A_PAIR_0204,316,PV_GM19_WHITE_SUV_NEAR_FIELD,27,gt_original,gt_original,gt,original,0,0,0,0,,,SAR_MASK_S1_PARTIALLY_CENSORED_CENTER_INSIDE,SAR_MASK_S1_PARTIALLY_CENSORED_CENTER_INSIDE;no_local_bbox_boundary_hot_band;center_semantics_mask_censored_or_unconfirmed;bbox_bottom_within_110px_of_near_range_mask;observed_box_may_be_masked_response_center_not_full_vehicle_center,REAL_SAR_GRAY_REMEASURED,false,BASE_REGION_FROZEN_BACKGROUND,PERTURBED_LOCAL_RING_BACKGROUND,40,40,110269,8.254286,5.631923,1.465625,110269,BACKGROUND_STABLE,13359,1.113411,2.191834,2.611202,1.00784,2.329071,3.244244,-0.441432,1.014493,462,2,0.846457,0.372109,0.90992,4971,93338,177.634992,-56.913971,56.913971,1.777039,AXIS_RESOLVED,24.760224,-29.788739,29.788739,1.671882,AXIS_RESOLVED,24.760224,-29.788739,29.788739,1.671882,AXIS_RESOLVED,TOP_COMPONENTS_TO_80_PERCENT_ENERGY,MULTIPLE_AXIS_REPRESENTATIONS_CONFLICT,2.365008,24.760224,24.760224,2.364857,24.760375,24.760375,SAME_COMPONENT_PERSISTENT,PARTIAL_SUPPORT_BELOW_ENVELOPE,0.008166,0.670929,0,0
WGV35A_PAIR_0204_S2A_002,WGV35A_PAIR_0204,316,PV_GM19_WHITE_SUV_NEAR_FIELD,27,counterfactual,center_shift,range,shift,-0.15,0,-0.15,0,,,SAR_MASK_S1_PARTIALLY_CENSORED_CENTER_INSIDE,SAR_MASK_S1_PARTIALLY_CENSORED_CENTER_INSIDE;no_local_bbox_boundary_hot_band;center_semantics_mask_censored_or_unconfirmed;bbox_bottom_within_110px_of_near_range_mask;observed_box_may_be_masked_response_center_not_full_vehicle_center,REAL_SAR_GRAY_REMEASURED,false,BASE_REGION_FROZEN_BACKGROUND,PERTURBED_LOCAL_RING_BACKGROUND,40,40,103716,7.763755,5.985769,1.297035,103716,BACKGROUND_STABLE,13359,1.089368,2.140993,2.557621,0.957788,2.279813,3.346108,-0.399759,1.003647,490,2,0.830007,0.350924,0.89748,4688,86085,176.796695,-57.75258,57.75258,1.794304,AXIS_RESOLVED,28.402034,-26.147242,26.147242,1.577223,AXIS_RESOLVED,28.402034,-26.147242,26.147242,1.577223,AXIS_RESOLVED,TOP_COMPONENTS_TO_80_PERCENT_ENERGY,MULTIPLE_AXIS_REPRESENTATIONS_CONFLICT,3.203305,28.402034,28.402034,3.203466,28.401872,28.401872,SAME_COMPONENT_PERSISTENT,PARTIAL_SUPPORT_BELOW_ENVELOPE,0.059007,0.720187,0,0
WGV35A_PAIR_0204_S2A_003,WGV35A_PAIR_0204,316,PV_GM19_WHITE_SUV_NEAR_FIELD,27,counterfactual,center_shift,range,shift,0.15,0,0.15,0,,,SAR_MASK_S1_PARTIALLY_CENSORED_CENTER_INSIDE,SAR_MASK_S1_PARTIALLY_CENSORED_CENTER_INSIDE;no_local_bbox_boundary_hot_band;center_semantics_mask_censored_or_unconfirmed;bbox_bottom_within_110px_of_near_range_mask;observed_box_may_be_masked_response_center_not_full_vehicle_center,REAL_SAR_GRAY_REMEASURED,false,BASE_REGION_FROZEN_BACKGROUND,PERTURBED_LOCAL_RING_BACKGROUND,40,40,115098,8.615765,6.56,1.313379,115098,BACKGROUND_STABLE,13359,1.135118,2.251853,2.695068,1.041267,2.318318,3.1635,-0.493506,1.016354,457,2,0.858321,0.387828,0.919121,5181,98791,178.865308,-55.683654,55.683654,1.751188,AXIS_RESOLVED,23.735762,-30.8132,30.8132,1.746839,AXIS_RESOLVED,23.735762,-30.8132,30.8132,1.746839,AXIS_RESOLVED,TOP_COMPONENTS_TO_80_PERCENT_ENERGY,MULTIPLE_AXIS_REPRESENTATIONS_CONFLICT,1.134692,23.735762,23.735762,1.13454,23.735914,23.735914,SAME_COMPONENT_PERSISTENT,PARTIAL_SUPPORT_BELOW_ENVELOPE,0.048146,0.681682,0,0
WGV35A_PAIR_0204_S2A_004,WGV35A_PAIR_0204,316,PV_GM19_WHITE_SUV_NEAR_FIELD,27,counterfactual,center_shift,azimuth,shift,-0.15,0,0,-0.15,,,SAR_MASK_S1_PARTIALLY_CENSORED_CENTER_INSIDE,SAR_MASK_S1_PARTIALLY_CENSORED_CENTER_INSIDE;no_local_bbox_boundary_hot_band;center_semantics_mask_censored_or_unconfirmed;bbox_bottom_within_110px_of_near_range_mask;observed_box_may_be_masked_response_center_not_full_vehicle_center,REAL_SAR_GRAY_REMEASURED,false,BASE_REGION_FROZEN_BACKGROUND,PERTURBED_LOCAL_RING_BACKGROUND,40,39,102735,7.690321,5.756923,1.335839,110595,BACKGROUND_STABLE,13359,1.091647,2.177053,2.5749,0.945507,2.218361,3.222618,-0.528012,1.102965,488,2,0.83254,0.339621,0.900657,4537,85531,176.726638,-55.982692,55.982692,1.790894,AXIS_RESOLVED,28.377948,-24.331382,24.331382,1.609378,AXIS_RESOLVED,28.377948,-24.331382,24.331382,1.609378,AXIS_RESOLVED,TOP_COMPONENTS_TO_80_PERCENT_ENERGY,MULTIPLE_AXIS_REPRESENTATIONS_CONFLICT,3.273362,28.377948,28.377948,1.433578,30.217732,30.217732,SAME_COMPONENT_PERSISTENT,PARTIAL_SUPPORT_BELOW_ENVELOPE,0.022948,0.781639,0,0
WGV35A_PAIR_0204_S2A_005,WGV35A_PAIR_0204,316,PV_GM19_WHITE_SUV_NEAR_FIELD,27,counterfactual,center_shift,azimuth,shift,0.15,0,0,0.15,,,SAR_MASK_S1_PARTIALLY_CENSORED_CENTER_INSIDE,SAR_MASK_S1_PARTIALLY_CENSORED_CENTER_INSIDE;no_local_bbox_boundary_hot_band;center_semantics_mask_censored_or_unconfirmed;bbox_bottom_within_110px_of_near_range_mask;observed_box_may_be_masked_response_center_not_full_vehicle_center,REAL_SAR_GRAY_REMEASURED,false,BASE_REGION_FROZEN_BACKGROUND,PERTURBED_LOCAL_RING_BACKGROUND,40,40,117033,8.760611,6.455,1.357182,117033,BACKGROUND_STABLE,13359,1.087806,2.196691,2.634455,1.083304,2.448921,3.32099,-0.3616,0.923585,454,2,0.857066,0.398757,0.916861,5327,100305,177.948853,-58.440049,58.440049,1.773974,AXIS_RESOLVED,21.740772,-34.64813,34.64813,1.69539,AXIS_RESOLVED,21.740772,-34.64813,34.64813,1.69539,AXIS_RESOLVED,TOP_COMPONENTS_TO_80_PERCENT_ENERGY,MULTIPLE_AXIS_REPRESENTATIONS_CONFLICT,2.051147,21.740772,21.740772,3.890935,19.900984,19.900984,SAME_COMPONENT_PERSISTENT,PARTIAL_SUPPORT_BELOW_ENVELOPE,0.003309,0.55108,0,0
WGV35A_PAIR_0204_S2A_006,WGV35A_PAIR_0204,316,PV_GM19_WHITE_SUV_NEAR_FIELD,27,counterfactual,center_shift,range,shift,-0.3,0,-0.3,0,,,SAR_MASK_S1_PARTIALLY_CENSORED_CENTER_INSIDE,SAR_MASK_S1_PARTIALLY_CENSORED_CENTER_INSIDE;no_local_bbox_boundary_hot_band;center_semantics_mask_censored_or_unconfirmed;bbox_bottom_within_110px_of_near_range_mask;observed_box_may_be_masked_response_center_not_full_vehicle_center,REAL_SAR_GRAY_REMEASURED,false,BASE_REGION_FROZEN_BACKGROUND,PERTURBED_LOCAL_RING_BACKGROUND,40,40,96208,7.201737,6.298461,1.143412,96208,BACKGROUND_STABLE,13359,1.131396,2.130049,2.607079,0.906371,2.295255,3.444254,-0.359621,0.962814,506,2,0.809444,0.328168,0.882182,4384,77875,177.652635,-56.896653,56.896653,1.824364,AXIS_RESOLVED,34.18496,-20.364328,20.364328,1.576937,AXIS_RESOLVED,34.18496,-20.364328,20.364328,1.576937,AXIS_RESOLVED,TOP_COMPONENTS_TO_80_PERCENT_ENERGY,MULTIPLE_AXIS_REPRESENTATIONS_CONFLICT,2.347365,34.18496,34.18496,2.347539,34.184786,34.184786,SAME_COMPONENT_PERSISTENT,PARTIAL_SUPPORT_BELOW_ENVELOPE,0.069951,0.704745,0,0
WGV35A_PAIR_0204_S2A_007,WGV35A_PAIR_0204,316,PV_GM19_WHITE_SUV_NEAR_FIELD,27,counterfactual,center_shift,range,shift,0.3,0,0.3,0,,,SAR_MASK_S1_PARTIALLY_CENSORED_CENTER_INSIDE,SAR_MASK_S1_PARTIALLY_CENSORED_CENTER_INSIDE;no_local_bbox_boundary_hot_band;center_semantics_mask_censored_or_unconfirmed;bbox_bottom_within_110px_of_near_range_mask;observed_box_may_be_masked_response_center_not_full_vehicle_center,REAL_SAR_GRAY_REMEASURED,false,BASE_REGION_FROZEN_BACKGROUND,PERTURBED_LOCAL_RING_BACKGROUND,40,40,120849,8.997096,7.221456,1.245884,120849,BACKGROUND_STABLE,13432,1.131592,2.31696,2.764669,1.073726,2.290556,3.121272,-0.555977,1.040587,436,2,0.871277,0.406194,0.926983,5456,105293,179.605096,-54.943864,54.943864,1.70587,AXIS_RESOLVED,23.232412,-31.316549,31.316549,1.73664,AXIS_RESOLVED,23.232412,-31.316549,31.316549,1.73664,AXIS_RESOLVED,TOP_COMPONENTS_TO_80_PERCENT_ENERGY,MULTIPLE_AXIS_REPRESENTATIONS_CONFLICT,0.394904,23.232412,23.232412,0.39475,23.232565,23.232565,SAME_COMPONENT_PERSISTENT,PARTIAL_SUPPORT_BELOW_ENVELOPE,0.68304,0.009444,0,0
WGV35A_PAIR_0204_S2A_008,WGV35A_PAIR_0204,316,PV_GM19_WHITE_SUV_NEAR_FIELD,27,counterfactual,center_shift,azimuth,shift,-0.3,0,0,-0.3,,,SAR_MASK_S1_PARTIALLY_CENSORED_CENTER_INSIDE,SAR_MASK_S1_PARTIALLY_CENSORED_CENTER_INSIDE;no_local_bbox_boundary_hot_band;center_semantics_mask_censored_or_unconfirmed;bbox_bottom_within_110px_of_near_range_mask;observed_box_may_be_masked_response_center_not_full_vehicle_center,REAL_SAR_GRAY_REMEASURED,false,BASE_REGION_FROZEN_BACKGROUND,PERTURBED_LOCAL_RING_BACKGROUND,40,39,94295,7.058537,6.187308,1.140809,101791,BACKGROUND_STABLE,13359,1.104062,2.153952,2.554634,0.89582,2.129115,3.2198,-0.617379,1.172367,509,2,0.815388,0.307134,0.889602,4103,76887,176.06114,-54.812343,54.812343,1.818854,AXIS_RESOLVED,32.143174,-18.730309,18.730309,1.585711,AXIS_RESOLVED,32.143174,-18.730309,18.730309,1.585711,AXIS_RESOLVED,TOP_COMPONENTS_TO_80_PERCENT_ENERGY,MULTIPLE_AXIS_REPRESENTATIONS_CONFLICT,3.93886,32.143174,32.143174,0.263229,35.818805,35.818805,SAME_COMPONENT_PERSISTENT,PARTIAL_SUPPORT_BELOW_ENVELOPE,0.846047,0.070885,0,0
WGV35A_PAIR_0204_S2A_009,WGV35A_PAIR_0204,316,PV_GM19_WHITE_SUV_NEAR_FIELD,27,counterfactual,center_shift,azimuth,shift,0.3,0,0,0.3,,,SAR_MASK_S1_PARTIALLY_CENSORED_CENTER_INSIDE,SAR_MASK_S1_PARTIALLY_CENSORED_CENTER_INSIDE;no_local_bbox_boundary_hot_band;center_semantics_mask_censored_or_unconfirmed;bbox_bottom_within_110px_of_near_range_mask;observed_box_may_be_masked_response_center_not_full_vehicle_center,REAL_SAR_GRAY_REMEASURED,false,BASE_REGION_FROZEN_BACKGROUND,PERTURBED_LOCAL_RING_BACKGROUND,40,40,124684,9.207207,7.304598,1.260467,124684,BACKGROUND_STABLE,13542,1.041508,2.215286,2.687467,1.182668,2.561204,3.385363,-0.297036,0.835086,439,2,0.86955,0.429848,0.92554,5821,108419,177.872301,-60.352455,60.352455,1.757557,AXIS_RESOLVED,19.256186,-38.96857,38.96857,1.693661,AXIS_RESOLVED,19.256186,-38.96857,38.96857,1.693661,AXIS_RESOLVED,TOP_COMPONENTS_TO_80_PERCENT_ENERGY,MULTIPLE_AXIS_REPRESENTATIONS_CONFLICT,2.127699,19.256186,19.256186,5.803341,15.580544,15.580544,SAME_COMPONENT_PERSISTENT,PARTIAL_SUPPORT_BELOW_ENVELOPE,0.084714,0.438796,0,0
WGV35A_PAIR_0204_S2A_010,WGV35A_PAIR_0204,316,PV_GM19_WHITE_SUV_NEAR_FIELD,27,counterfactual,center_shift,range,shift,-0.45,0,-0.45,0,,,SAR_MASK_S1_PARTIALLY_CENSORED_CENTER_INSIDE,SAR_MASK_S1_PARTIALLY_CENSORED_CENTER_INSIDE;no_local_bbox_boundary_hot_band;center_semantics_mask_censored_or_unconfirmed;bbox_bottom_within_110px_of_near_range_mask;observed_box_may_be_masked_response_center_not_full_vehicle_center,REAL_SAR_GRAY_REMEASURED,false,BASE_REGION_FROZEN_BACKGROUND,PERTURBED_LOCAL_RING_BACKGROUND,40,40,87342,6.449712,7.059004,0.913686,87342,BACKGROUND_STABLE,13542,1.199821,2.189477,2.794183,0.857885,2.314222,3.342393,-0.342338,0.893401,517,2,0.80313,0.330306,0.883252,4473,70147,0.232219,-54.317082,54.317082,1.872884,AXIS_RESOLVED,40.90739,-13.641911,13.641911,1.595769,AXIS_RESOLVED,40.90739,-13.641911,13.641911,1.595769,AXIS_RESOLVED,TOP_COMPONENTS_TO_80_PERCENT_ENERGY,MULTIPLE_AXIS_REPRESENTATIONS_CONFLICT,0.232219,40.90739,40.90739,0.232032,40.907203,40.907203,SAME_COMPONENT_PERSISTENT,PARTIAL_SUPPORT_BELOW_ENVELOPE,0.010523,0.685778,0,0
WGV35A_PAIR_0204_S2A_011,WGV35A_PAIR_0204,316,PV_GM19_WHITE_SUV_NEAR_FIELD,27,counterfactual,center_shift,range,shift,0.45,0,0.45,0,,,SAR_MASK_S1_PARTIALLY_CENSORED_CENTER_INSIDE,SAR_MASK_S1_PARTIALLY_CENSORED_CENTER_INSIDE;no_local_bbox_boundary_hot_band;center_semantics_mask_censored_or_unconfirmed;bbox_bottom_within_110px_of_near_range_mask;observed_box_may_be_masked_response_center_not_full_vehicle_center,REAL_SAR_GRAY_REMEASURED,false,BASE_REGION_FROZEN_BACKGROUND,PERTURBED_LOCAL_RING_BACKGROUND,40,41,124878,9.297052,6.873563,1.352581,117181,BACKGROUND_STABLE,13432,1.136289,2.367788,2.833099,1.088583,2.245004,2.976983,-0.610205,1.089965,429,1,0.889396,0.416021,0.93653,5588,111066,1.196227,-53.352732,53.352732,1.669573,AXIS_RESOLVED,22.38753,-32.161429,32.161429,1.719925,AXIS_RESOLVED,22.38753,-32.161429,32.161429,1.719925,AXIS_RESOLVED,TOP_COMPONENTS_TO_80_PERCENT_ENERGY,MULTIPLE_AXIS_REPRESENTATIONS_CONFLICT,1.196227,22.38753,22.38753,1.196382,22.387685,22.387685,COMPONENT_IDENTITY_SWITCH,PARTIAL_SUPPORT_BELOW_ENVELOPE,0.632212,0.054996,0,0
WGV35A_PAIR_0204_S2A_012,WGV35A_PAIR_0204,316,PV_GM19_WHITE_SUV_NEAR_FIELD,27,counterfactual,center_shift,azimuth,shift,-0.45,0,0,-0.45,,,SAR_MASK_S1_PARTIALLY_CENSORED_CENTER_INSIDE,SAR_MASK_S1_PARTIALLY_CENSORED_CENTER_INSIDE;no_local_bbox_boundary_hot_band;center_semantics_mask_censored_or_unconfirmed;bbox_bottom_within_110px_of_near_range_mask;observed_box_may_be_masked_response_center_not_full_vehicle_center,REAL_SAR_GRAY_REMEASURED,false,BASE_REGION_FROZEN_BACKGROUND,PERTURBED_LOCAL_RING_BACKGROUND,40,39,86509,6.475709,5.991154,1.080879,93646,BACKGROUND_STABLE,13359,1.159751,2.122442,2.584977,0.874191,2.140424,3.147563,-0.712118,1.227463,524,2,0.791282,0.268808,0.872175,3591,68453,176.020298,-53.024861,53.024861,1.860252,AXIS_RESOLVED,38.080274,-10.964885,10.964885,1.558852,AXIS_RESOLVED,165.617631,-63.427528,63.427528,309331276.26723,AXIS_COMPONENT_LAYOUT_RESOLVED,TOP_COMPONENTS_TO_80_PERCENT_ENERGY,MULTIPLE_AXIS_REPRESENTATIONS_CONFLICT,3.979702,38.080274,14.382369,1.524253,43.584229,8.878414,SAME_COMPONENT_PERSISTENT,PARTIAL_SUPPORT_BELOW_ENVELOPE,0.077558,0.859576,0,0
WGV35A_PAIR_0204_S2A_013,WGV35A_PAIR_0204,316,PV_GM19_WHITE_SUV_NEAR_FIELD,27,counterfactual,center_shift,azimuth,shift,0.45,0,0,0.45,,,SAR_MASK_S1_PARTIALLY_CENSORED_CENTER_INSIDE,SAR_MASK_S1_PARTIALLY_CENSORED_CENTER_INSIDE;no_local_bbox_boundary_hot_band;center_semantics_mask_censored_or_unconfirmed;bbox_bottom_within_110px_of_near_range_mask;observed_box_may_be_masked_response_center_not_full_vehicle_center,REAL_SAR_GRAY_REMEASURED,false,BASE_REGION_FROZEN_BACKGROUND,PERTURBED_LOCAL_RING_BACKGROUND,40,40,130923,9.747096,7.066284,1.379381,130923,BACKGROUND_STABLE,13432,0.976539,2.187883,2.658584,1.278855,2.697235,3.4884,-0.2504,0.766475,411,2,0.879525,0.454065,0.930944,6099,115150,176.495023,-63.558062,63.558062,1.768243,AXIS_RESOLVED,15.066614,-44.986471,44.986471,1.655329,AXIS_RESOLVED,15.066614,-44.986471,44.986471,1.655329,AXIS_RESOLVED,TOP_COMPONENTS_TO_80_PERCENT_ENERGY,GLOBAL_AND_COMPONENT_AXIS_CONSISTENT,3.504977,15.066614,15.066614,9.008948,9.562643,9.562643,SAME_COMPONENT_PERSISTENT,PARTIAL_SUPPORT_BELOW_ENVELOPE,0.012117,0.302765,0,0
WGV35A_PAIR_0204_S2A_014,WGV35A_PAIR_0204,316,PV_GM19_WHITE_SUV_NEAR_FIELD,27,counterfactual,diagonal_center_shift,range+azimuth,shift,0.15,0,-0.15,-0.15,,,SAR_MASK_S1_PARTIALLY_CENSORED_CENTER_INSIDE,SAR_MASK_S1_PARTIALLY_CENSORED_CENTER_INSIDE;no_local_bbox_boundary_hot_band;center_semantics_mask_censored_or_unconfirmed;bbox_bottom_within_110px_of_near_range_mask;observed_box_may_be_masked_response_center_not_full_vehicle_center,REAL_SAR_GRAY_REMEASURED,false,BASE_REGION_FROZEN_BACKGROUND,PERTURBED_LOCAL_RING_BACKGROUND,40,39,96181,7.199716,6.145769,1.171491,103954,BACKGROUND_STABLE,13359,1.107807,2.142091,2.573874,0.91066,2.258089,3.365121,-0.48771,1.082441,507,2,0.810389,0.315368,0.883147,4213,77944,176.443599,-56.20473,56.20473,1.827517,AXIS_RESOLVED,33.191869,-19.45646,19.45646,1.535428,AXIS_RESOLVED,33.191869,-19.45646,19.45646,1.535428,AXIS_RESOLVED,TOP_COMPONENTS_TO_80_PERCENT_ENERGY,MULTIPLE_AXIS_REPRESENTATIONS_CONFLICT,3.556401,33.191869,33.191869,1.655616,35.092654,35.092654,SAME_COMPONENT_PERSISTENT,PARTIAL_SUPPORT_BELOW_ENVELOPE,0.057909,0.741911,0,0
WGV35A_PAIR_0204_S2A_015,WGV35A_PAIR_0204,316,PV_GM19_WHITE_SUV_NEAR_FIELD,27,counterfactual,diagonal_center_shift,range+azimuth,shift,0.15,0,-0.15,0.15,,,SAR_MASK_S1_PARTIALLY_CENSORED_CENTER_INSIDE,SAR_MASK_S1_PARTIALLY_CENSORED_CENTER_INSIDE;no_local_bbox_boundary_hot_band;center_semantics_mask_censored_or_unconfirmed;bbox_bottom_within_110px_of_near_range_mask;observed_box_may_be_masked_response_center_not_full_vehicle_center,REAL_SAR_GRAY_REMEASURED,false,BASE_REGION_FROZEN_BACKGROUND,PERTURBED_LOCAL_RING_BACKGROUND,40,40,111161,8.20861,5.872414,1.397826,111161,BACKGROUND_STABLE,13542,1.091635,2.161474,2.585188,1.0272,2.395708,3.363425,-0.31591,0.901693,482,2,0.845063,0.381628,0.908016,5168,93938,177.904043,-58.545875,58.545875,1.776306,AXIS_RESOLVED,25.12528,-31.324638,31.324638,1.650889,AXIS_RESOLVED,25.12528,-31.324638,31.324638,1.650889,AXIS_RESOLVED,TOP_COMPONENTS_TO_80_PERCENT_ENERGY,MULTIPLE_AXIS_REPRESENTATIONS_CONFLICT,2.095957,25.12528,25.12528,3.996761,23.224476,23.224476,SAME_COMPONENT_PERSISTENT,PARTIAL_SUPPORT_BELOW_ENVELOPE,0.038526,0.604292,0,0
WGV35A_PAIR_0204_S2A_016,WGV35A_PAIR_0204,316,PV_GM19_WHITE_SUV_NEAR_FIELD,27,counterfactual,diagonal_center_shift,range+azimuth,shift,0.15,0,0.15,-0.15,,,SAR_MASK_S1_PARTIALLY_CENSORED_CENTER_INSIDE,SAR_MASK_S1_PARTIALLY_CENSORED_CENTER_INSIDE;no_local_bbox_boundary_hot_band;center_semantics_mask_censored_or_unconfirmed;bbox_bottom_within_110px_of_near_range_mask;observed_box_may_be_masked_response_center_not_full_vehicle_center,REAL_SAR_GRAY_REMEASURED,false,BASE_REGION_FROZEN_BACKGROUND,PERTURBED_LOCAL_RING_BACKGROUND,40,39,107696,8.061681,5.798461,1.390314,115623,BACKGROUND_STABLE,13359,1.138835,2.231735,2.653104,0.972635,2.206036,3.106948,-0.569036,1.095701,471,2,0.84642,0.357212,0.911399,4772,91156,178.398879,-54.367661,54.367661,1.757208,AXIS_RESOLVED,26.321502,-26.445037,26.445037,1.734297,AXIS_RESOLVED,26.321502,-26.445037,26.445037,1.734297,AXIS_RESOLVED,TOP_COMPONENTS_TO_80_PERCENT_ENERGY,MULTIPLE_AXIS_REPRESENTATIONS_CONFLICT,1.601121,26.321502,26.321502,0.181453,28.104077,28.104077,SAME_COMPONENT_PERSISTENT,PARTIAL_SUPPORT_BELOW_ENVELOPE,0.768265,0.093964,0,0
WGV35A_PAIR_0204_S2A_017,WGV35A_PAIR_0204,316,PV_GM19_WHITE_SUV_NEAR_FIELD,27,counterfactual,diagonal_center_shift,range+azimuth,shift,0.15,0,0.15,0.15,,,SAR_MASK_S1_PARTIALLY_CENSORED_CENTER_INSIDE,SAR_MASK_S1_PARTIALLY_CENSORED_CENTER_INSIDE;no_local_bbox_boundary_hot_band;center_semantics_mask_censored_or_unconfirmed;bbox_bottom_within_110px_of_near_range_mask;observed_box_may_be_masked_response_center_not_full_vehicle_center,REAL_SAR_GRAY_REMEASURED,false,BASE_REGION_FROZEN_BACKGROUND,PERTURBED_LOCAL_RING_BACKGROUND,40,40,123871,9.222082,7.129885,1.29344,123871,BACKGROUND_STABLE,13432,1.074109,2.254619,2.712171,1.140307,2.455388,3.294891,-0.427043,0.959696,426,2,0.870858,0.419893,0.926044,5640,107874,177.904761,-58.42692,58.42692,1.742515,AXIS_RESOLVED,19.857078,-36.474603,36.474603,1.688382,AXIS_RESOLVED,19.857078,-36.474603,36.474603,1.688382,AXIS_RESOLVED,TOP_COMPONENTS_TO_80_PERCENT_ENERGY,MULTIPLE_AXIS_REPRESENTATIONS_CONFLICT,2.095239,19.857078,19.857078,3.877806,18.074511,18.074511,SAME_COMPONENT_PERSISTENT,PARTIAL_SUPPORT_BELOW_ENVELOPE,0.045381,0.544612,0,0
WGV35A_PAIR_0204_S2A_018,WGV35A_PAIR_0204,316,PV_GM19_WHITE_SUV_NEAR_FIELD,27,counterfactual,diagonal_center_shift,range+azimuth,shift,0.3,0,-0.3,-0.3,,,SAR_MASK_S1_PARTIALLY_CENSORED_CENTER_INSIDE,SAR_MASK_S1_PARTIALLY_CENSORED_CENTER_INSIDE;no_local_bbox_boundary_hot_band;center_semantics_mask_censored_or_unconfirmed;bbox_bottom_within_110px_of_near_range_mask;observed_box_may_be_masked_response_center_not_full_vehicle_center,REAL_SAR_GRAY_REMEASURED,false,BASE_REGION_FROZEN_BACKGROUND,PERTURBED_LOCAL_RING_BACKGROUND,40,39,78927,5.908152,7.014231,0.842309,86230,BACKGROUND_STABLE,13359,1.205415,2.155978,2.775096,0.851671,2.322888,3.217639,-0.557233,1.070439,521,2,0.782584,0.291713,0.871248,3897,61767,178.252969,-52.368971,52.368971,1.953461,AXIS_RESOLVED,45.463855,-5.158085,5.158085,1.502104,AXIS_RESOLVED,170.652357,-59.969583,59.969583,,AXIS_COMPONENT_LAYOUT_RESOLVED,TOP_COMPONENTS_TO_80_PERCENT_ENERGY,MULTIPLE_AXIS_REPRESENTATIONS_CONFLICT,1.747031,45.463855,9.347643,2.180143,49.391029,5.420469,SAME_COMPONENT_PERSISTENT,PARTIAL_SUPPORT_BELOW_ENVELOPE,0.044022,0.677112,0,0
WGV35A_PAIR_0204_S2A_019,WGV35A_PAIR_0204,316,PV_GM19_WHITE_SUV_NEAR_FIELD,27,counterfactual,diagonal_center_shift,range+azimuth,shift,0.3,0,-0.3,0.3,,,SAR_MASK_S1_PARTIALLY_CENSORED_CENTER_INSIDE,SAR_MASK_S1_PARTIALLY_CENSORED_CENTER_INSIDE;no_local_bbox_boundary_hot_band;center_semantics_mask_censored_or_unconfirmed;bbox_bottom_within_110px_of_near_range_mask;observed_box_may_be_masked_response_center_not_full_vehicle_center,REAL_SAR_GRAY_REMEASURED,false,BASE_REGION_FROZEN_BACKGROUND,PERTURBED_LOCAL_RING_BACKGROUND,40,40,108198,8.099259,6.211154,1.303986,108198,BACKGROUND_STABLE,13359,1.040674,2.101791,2.509246,1.025289,2.374845,3.452017,-0.211026,0.7713,476,2,0.838722,0.383412,0.903399,5122,90748,178.112305,-60.364024,60.364024,1.784206,AXIS_RESOLVED,26.581649,-31.894679,31.894679,1.623117,AXIS_RESOLVED,26.581649,-31.894679,31.894679,1.623117,AXIS_RESOLVED,TOP_COMPONENTS_TO_80_PERCENT_ENERGY,MULTIPLE_AXIS_REPRESENTATIONS_CONFLICT,1.887695,26.581649,26.581649,5.81491,22.654435,22.654435,SAME_COMPONENT_PERSISTENT,PARTIAL_SUPPORT_BELOW_ENVELOPE,0,0.625155,0.001791,0
WGV35A_PAIR_0204_S2A_020,WGV35A_PAIR_0204,316,PV_GM19_WHITE_SUV_NEAR_FIELD,27,counterfactual,diagonal_center_shift,range+azimuth,shift,0.3,0,0.3,-0.3,,,SAR_MASK_S1_PARTIALLY_CENSORED_CENTER_INSIDE,SAR_MASK_S1_PARTIALLY_CENSORED_CENTER_INSIDE;no_local_bbox_boundary_hot_band;center_semantics_mask_censored_or_unconfirmed;bbox_bottom_within_110px_of_near_range_mask;observed_box_may_be_masked_response_center_not_full_vehicle_center,REAL_SAR_GRAY_REMEASURED,false,BASE_REGION_FROZEN_BACKGROUND,PERTURBED_LOCAL_RING_BACKGROUND,40,39,104290,7.806722,5.765,1.354158,111904,BACKGROUND_STABLE,13359,1.174684,2.279722,2.710597,0.925637,2.072861,3.012444,-0.699913,1.165352,475,2,0.84359,0.335729,0.910691,4485,87978,179.5136,-51.581177,51.581177,1.736167,AXIS_RESOLVED,28.347766,-22.747011,22.747011,1.817312,AXIS_RESOLVED,28.347766,-22.747011,22.747011,1.817312,AXIS_RESOLVED,TOP_COMPONENTS_TO_80_PERCENT_ENERGY,MULTIPLE_AXIS_REPRESENTATIONS_CONFLICT,0.4864,28.347766,28.347766,2.967937,31.802103,31.802103,SAME_COMPONENT_PERSISTENT,PARTIAL_SUPPORT_BELOW_ENVELOPE,0.720278,0.027139,0,0
WGV35A_PAIR_0204_S2A_021,WGV35A_PAIR_0204,316,PV_GM19_WHITE_SUV_NEAR_FIELD,27,counterfactual,diagonal_center_shift,range+azimuth,shift,0.3,0,0.3,0.3,,,SAR_MASK_S1_PARTIALLY_CENSORED_CENTER_INSIDE,SAR_MASK_S1_PARTIALLY_CENSORED_CENTER_INSIDE;no_local_bbox_boundary_hot_band;center_semantics_mask_censored_or_unconfirmed;bbox_bottom_within_110px_of_near_range_mask;observed_box_may_be_masked_response_center_not_full_vehicle_center,REAL_SAR_GRAY_REMEASURED,false,BASE_REGION_FROZEN_BACKGROUND,PERTURBED_LOCAL_RING_BACKGROUND,40,43,134700,10.028291,7.756322,1.292918,111370,BACKGROUND_STABLE,13432,1.011346,2.203463,2.75378,1.2786,2.490114,3.087945,-0.411129,0.982489,405,1,0.905345,0.456745,0.942465,6135,121950,178.626278,-59.377157,59.377157,1.733615,AXIS_RESOLVED,13.940665,-44.062771,44.062771,1.66396,AXIS_RESOLVED,13.940665,-44.062771,44.062771,1.66396,AXIS_RESOLVED,TOP_COMPONENTS_TO_80_PERCENT_ENERGY,GLOBAL_AND_COMPONENT_AXIS_CONSISTENT,1.373722,13.940665,13.940665,4.828043,10.486343,10.486343,COMPONENT_IDENTITY_SWITCH,PARTIAL_SUPPORT_BELOW_ENVELOPE,0.096537,0.509886,0,0
WGV35A_PAIR_0204_S2A_022,WGV35A_PAIR_0204,316,PV_GM19_WHITE_SUV_NEAR_FIELD,27,counterfactual,single_boundary_shift,range_near,near_outward,-0.15,0,0,0,range_near,,SAR_MASK_S1_PARTIALLY_CENSORED_CENTER_INSIDE,SAR_MASK_S1_PARTIALLY_CENSORED_CENTER_INSIDE;no_local_bbox_boundary_hot_band;center_semantics_mask_censored_or_unconfirmed;bbox_bottom_within_110px_of_near_range_mask;observed_box_may_be_masked_response_center_not_full_vehicle_center,REAL_SAR_GRAY_REMEASURED,false,BASE_REGION_FROZEN_BACKGROUND,PERTURBED_LOCAL_RING_BACKGROUND,40,38,202236,6.214233,4.945381,1.256573,238041,BACKGROUND_STABLE,32544,1.693483,3.13789,3.954719,1.309117,2.335137,2.874541,0.099443,1.260715,959,1,0.890924,0.361449,0.925528,11763,180177,38.484414,-16.064746,16.064746,1.177507,AXIS_NEAR_ISOTROPIC,49.698199,-4.850962,4.850962,1.580536,AXIS_RESOLVED,49.698199,-4.850962,4.850962,1.580536,AXIS_RESOLVED,TOP_COMPONENTS_TO_80_PERCENT_ENERGY,DOMINANT_COMPONENT_AXIS_ONLY,38.484414,49.698199,49.698199,38.484368,49.698152,49.698152,SAME_COMPONENT_PERSISTENT,WITHIN_VEHICLE_PROJECTION_ENVELOPE,0.001779,0.018615,0,0
WGV35A_PAIR_0204_S2A_023,WGV35A_PAIR_0204,316,PV_GM19_WHITE_SUV_NEAR_FIELD,27,counterfactual,single_boundary_shift,range_near,near_inward,0.15,0,0,0,range_near,,SAR_MASK_S1_PARTIALLY_CENSORED_CENTER_INSIDE,SAR_MASK_S1_PARTIALLY_CENSORED_CENTER_INSIDE;no_local_bbox_boundary_hot_band;center_semantics_mask_censored_or_unconfirmed;bbox_bottom_within_110px_of_near_range_mask;observed_box_may_be_masked_response_center_not_full_vehicle_center,REAL_SAR_GRAY_REMEASURED,false,BASE_REGION_FROZEN_BACKGROUND,PERTURBED_LOCAL_RING_BACKGROUND,40,38,198175,6.470387,4.916638,1.316019,232574,BACKGROUND_STABLE,30628,1.642065,3.045024,3.741421,1.325346,2.348434,2.900154,0.005866,1.264113,915,1,0.892045,0.369368,0.927357,11313,176781,31.003777,-23.545291,23.545291,1.134313,AXIS_NEAR_ISOTROPIC,47.502003,-7.047065,7.047065,1.51328,AXIS_RESOLVED,47.502003,-7.047065,7.047065,1.51328,AXIS_RESOLVED,TOP_COMPONENTS_TO_80_PERCENT_ENERGY,DOMINANT_COMPONENT_AXIS_ONLY,31.003777,47.502003,47.502003,31.003823,47.502049,47.502049,SAME_COMPONENT_PERSISTENT,WITHIN_VEHICLE_PROJECTION_ENVELOPE,0,0.003573,0.00534,0
WGV35A_PAIR_0204_S2A_024,WGV35A_PAIR_0204,316,PV_GM19_WHITE_SUV_NEAR_FIELD,27,counterfactual,single_boundary_shift,range_far,far_inward,-0.15,0,0,0,range_far,,SAR_MASK_S1_PARTIALLY_CENSORED_CENTER_INSIDE,SAR_MASK_S1_PARTIALLY_CENSORED_CENTER_INSIDE;no_local_bbox_boundary_hot_band;center_semantics_mask_censored_or_unconfirmed;bbox_bottom_within_110px_of_near_range_mask;observed_box_may_be_masked_response_center_not_full_vehicle_center,REAL_SAR_GRAY_REMEASURED,false,BASE_REGION_FROZEN_BACKGROUND,PERTURBED_LOCAL_RING_BACKGROUND,40,38,196413,6.44463,4.334596,1.486789,230401,BACKGROUND_STABLE,30477,1.632288,3.015698,3.68922,1.308139,2.328687,2.880602,0.091811,1.266686,900,1,0.892466,0.367621,0.928095,11204,175292,32.610913,-21.938248,21.938248,1.122049,AXIS_NEAR_ISOTROPIC,49.463491,-5.08567,5.08567,1.504333,AXIS_RESOLVED,49.463491,-5.08567,5.08567,1.504333,AXIS_RESOLVED,TOP_COMPONENTS_TO_80_PERCENT_ENERGY,DOMINANT_COMPONENT_AXIS_ONLY,32.610913,49.463491,49.463491,32.610866,49.463444,49.463444,SAME_COMPONENT_PERSISTENT,WITHIN_VEHICLE_PROJECTION_ENVELOPE,0.023986,0.02332,0,0
WGV35A_PAIR_0204_S2A_025,WGV35A_PAIR_0204,316,PV_GM19_WHITE_SUV_NEAR_FIELD,27,counterfactual,single_boundary_shift,range_far,far_outward,0.15,0,0,0,range_far,,SAR_MASK_S1_PARTIALLY_CENSORED_CENTER_INSIDE,SAR_MASK_S1_PARTIALLY_CENSORED_CENTER_INSIDE;no_local_bbox_boundary_hot_band;center_semantics_mask_censored_or_unconfirmed;bbox_bottom_within_110px_of_near_range_mask;observed_box_may_be_masked_response_center_not_full_vehicle_center,REAL_SAR_GRAY_REMEASURED,false,BASE_REGION_FROZEN_BACKGROUND,PERTURBED_LOCAL_RING_BACKGROUND,40,37,204402,6.305979,4.423411,1.425592,260913,BACKGROUND_STABLE,32414,1.72457,3.185986,4.07652,1.325148,2.367589,2.90602,0.042413,1.243103,966,1,0.892389,0.3662,0.926625,11870,182406,36.444758,-18.104309,18.104309,1.210272,AXIS_RESOLVED,46.1359,-8.413168,8.413168,1.614095,AXIS_RESOLVED,46.1359,-8.413168,8.413168,1.614095,AXIS_RESOLVED,TOP_COMPONENTS_TO_80_PERCENT_ENERGY,GLOBAL_AND_COMPONENT_AXIS_CONSISTENT,36.444758,46.1359,46.1359,36.444805,46.135946,46.135946,SAME_COMPONENT_PERSISTENT,WITHIN_VEHICLE_PROJECTION_ENVELOPE,0.014014,0.032411,0,0
WGV35A_PAIR_0204_S2A_026,WGV35A_PAIR_0204,316,PV_GM19_WHITE_SUV_NEAR_FIELD,27,counterfactual,single_boundary_shift,azimuth_left,left_outward,-0.15,0,0,0,azimuth_left,,SAR_MASK_S1_PARTIALLY_CENSORED_CENTER_INSIDE,SAR_MASK_S1_PARTIALLY_CENSORED_CENTER_INSIDE;no_local_bbox_boundary_hot_band;center_semantics_mask_censored_or_unconfirmed;bbox_bottom_within_110px_of_near_range_mask;observed_box_may_be_masked_response_center_not_full_vehicle_center,REAL_SAR_GRAY_REMEASURED,false,BASE_REGION_FROZEN_BACKGROUND,PERTURBED_LOCAL_RING_BACKGROUND,40,37,199638,6.18304,4.843288,1.27662,254656,BACKGROUND_STABLE,32288,1.682906,3.096344,3.841588,1.30964,2.336751,2.897541,0.03555,1.333384,945,1,0.891173,0.35682,0.926226,11521,177912,34.625573,-19.003485,19.003485,1.152053,AXIS_NEAR_ISOTROPIC,48.716959,-4.912099,4.912099,1.546886,AXIS_RESOLVED,48.716959,-4.912099,4.912099,1.546886,AXIS_RESOLVED,TOP_COMPONENTS_TO_80_PERCENT_ENERGY,DOMINANT_COMPONENT_AXIS_ONLY,34.625573,48.716959,48.716959,35.545629,49.637015,49.637015,SAME_COMPONENT_PERSISTENT,WITHIN_VEHICLE_PROJECTION_ENVELOPE,0.014683,0.017242,0,0
WGV35A_PAIR_0204_S2A_027,WGV35A_PAIR_0204,316,PV_GM19_WHITE_SUV_NEAR_FIELD,27,counterfactual,single_boundary_shift,azimuth_left,left_inward,0.15,0,0,0,azimuth_left,,SAR_MASK_S1_PARTIALLY_CENSORED_CENTER_INSIDE,SAR_MASK_S1_PARTIALLY_CENSORED_CENTER_INSIDE;no_local_bbox_boundary_hot_band;center_semantics_mask_censored_or_unconfirmed;bbox_bottom_within_110px_of_near_range_mask;observed_box_may_be_masked_response_center_not_full_vehicle_center,REAL_SAR_GRAY_REMEASURED,false,BASE_REGION_FROZEN_BACKGROUND,PERTURBED_LOCAL_RING_BACKGROUND,40,38,199367,6.486644,4.926804,1.316603,234296,BACKGROUND_STABLE,30735,1.652027,3.085249,3.834171,1.318492,2.344717,2.89184,0.071977,1.185098,923,1,0.891983,0.374752,0.927084,11518,177832,35.923763,-19.545406,19.545406,1.15079,AXIS_NEAR_ISOTROPIC,48.841929,-6.62724,6.62724,1.545773,AXIS_RESOLVED,48.841929,-6.62724,6.62724,1.545773,AXIS_RESOLVED,TOP_COMPONENTS_TO_80_PERCENT_ENERGY,DOMINANT_COMPONENT_AXIS_ONLY,35.923763,48.841929,48.841929,35.003708,47.921874,47.921874,SAME_COMPONENT_PERSISTENT,WITHIN_VEHICLE_PROJECTION_ENVELOPE,0.025779,0.009276,0,0
WGV35A_PAIR_0204_S2A_028,WGV35A_PAIR_0204,316,PV_GM19_WHITE_SUV_NEAR_FIELD,27,counterfactual,single_boundary_shift,azimuth_right,right_inward,-0.15,0,0,0,azimuth_right,,SAR_MASK_S1_PARTIALLY_CENSORED_CENTER_INSIDE,SAR_MASK_S1_PARTIALLY_CENSORED_CENTER_INSIDE;no_local_bbox_boundary_hot_band;center_semantics_mask_censored_or_unconfirmed;bbox_bottom_within_110px_of_near_range_mask;observed_box_may_be_masked_response_center_not_full_vehicle_center,REAL_SAR_GRAY_REMEASURED,false,BASE_REGION_FROZEN_BACKGROUND,PERTURBED_LOCAL_RING_BACKGROUND,40,37,190409,6.214393,4.638488,1.339745,243434,BACKGROUND_STABLE,30640,1.727464,3.11544,3.86705,1.23881,2.219559,2.785428,0.033507,1.26142,910,1,0.888293,0.360542,0.925046,11047,169139,38.484421,-15.144637,15.144637,1.200617,AXIS_RESOLVED,49.160868,-4.46819,4.46819,1.668004,AXIS_RESOLVED,49.160868,-4.46819,4.46819,1.668004,AXIS_RESOLVED,TOP_COMPONENTS_TO_80_PERCENT_ENERGY,GLOBAL_AND_COMPONENT_AXIS_CONSISTENT,38.484421,49.160868,49.160868,39.404477,50.080924,50.080924,COMPONENT_IDENTITY_SWITCH,WITHIN_VEHICLE_PROJECTION_ENVELOPE,0.022483,0.034208,0,0
WGV35A_PAIR_0204_S2A_029,WGV35A_PAIR_0204,316,PV_GM19_WHITE_SUV_NEAR_FIELD,27,counterfactual,single_boundary_shift,azimuth_right,right_outward,0.15,0,0,0,azimuth_right,,SAR_MASK_S1_PARTIALLY_CENSORED_CENTER_INSIDE,SAR_MASK_S1_PARTIALLY_CENSORED_CENTER_INSIDE;no_local_bbox_boundary_hot_band;center_semantics_mask_censored_or_unconfirmed;bbox_bottom_within_110px_of_near_range_mask;observed_box_may_be_masked_response_center_not_full_vehicle_center,REAL_SAR_GRAY_REMEASURED,false,BASE_REGION_FROZEN_BACKGROUND,PERTURBED_LOCAL_RING_BACKGROUND,40,37,209704,6.494797,4.562542,1.423504,266581,BACKGROUND_STABLE,32288,1.613707,3.090464,3.839839,1.408961,2.456726,3.009291,0.088518,1.263265,947,1,0.896597,0.374845,0.929968,12103,188020,32.034922,-23.434247,23.434247,1.103365,AXIS_NEAR_ISOTROPIC,49.612431,-5.856738,5.856738,1.435377,AXIS_RESOLVED,49.612431,-5.856738,5.856738,1.435377,AXIS_RESOLVED,TOP_COMPONENTS_TO_80_PERCENT_ENERGY,DOMINANT_COMPONENT_AXIS_ONLY,32.034922,49.612431,49.612431,31.114867,48.692376,48.692376,SAME_COMPONENT_PERSISTENT,WITHIN_VEHICLE_PROJECTION_ENVELOPE,0.025798,0,0,0.00287
WGV35A_PAIR_0204_S2A_030,WGV35A_PAIR_0204,316,PV_GM19_WHITE_SUV_NEAR_FIELD,27,counterfactual,single_boundary_shift,range_near,near_outward,-0.3,0,0,0,range_near,,SAR_MASK_S1_PARTIALLY_CENSORED_CENTER_INSIDE,SAR_MASK_S1_PARTIALLY_CENSORED_CENTER_INSIDE;no_local_bbox_boundary_hot_band;center_semantics_mask_censored_or_unconfirmed;bbox_bottom_within_110px_of_near_range_mask;observed_box_may_be_masked_response_center_not_full_vehicle_center,REAL_SAR_GRAY_REMEASURED,false,BASE_REGION_FROZEN_BACKGROUND,PERTURBED_LOCAL_RING_BACKGROUND,40,38,204973,6.121704,4.95098,1.236463,241546,BACKGROUND_STABLE,33483,1.725349,3.188332,4.084341,1.301101,2.327515,2.866526,0.138867,1.264223,985,1,0.89223,0.360213,0.926371,12061,182883,40.500455,-14.048821,14.048821,1.211112,AXIS_RESOLVED,50.043447,-4.505828,4.505828,1.63168,AXIS_RESOLVED,50.043447,-4.505828,4.505828,1.63168,AXIS_RESOLVED,TOP_COMPONENTS_TO_80_PERCENT_ENERGY,GLOBAL_AND_COMPONENT_AXIS_CONSISTENT,40.500455,50.043447,50.043447,40.500293,50.043286,50.043286,SAME_COMPONENT_PERSISTENT,WITHIN_VEHICLE_PROJECTION_ENVELOPE,0.022558,0.031711,0,0
WGV35A_PAIR_0204_S2A_031,WGV35A_PAIR_0204,316,PV_GM19_WHITE_SUV_NEAR_FIELD,27,counterfactual,single_boundary_shift,range_near,near_inward,0.3,0,0,0,range_near,,SAR_MASK_S1_PARTIALLY_CENSORED_CENTER_INSIDE,SAR_MASK_S1_PARTIALLY_CENSORED_CENTER_INSIDE;no_local_bbox_boundary_hot_band;center_semantics_mask_censored_or_unconfirmed;bbox_bottom_within_110px_of_near_range_mask;observed_box_may_be_masked_response_center_not_full_vehicle_center,REAL_SAR_GRAY_REMEASURED,false,BASE_REGION_FROZEN_BACKGROUND,PERTURBED_LOCAL_RING_BACKGROUND,40,38,195704,6.597802,5.029617,1.31179,229332,BACKGROUND_STABLE,29662,1.61939,2.984614,3.63702,1.32535,2.34491,2.907194,-0.040823,1.264446,896,1,0.876957,0.357258,0.912715,10597,171624,26.058827,-28.490135,28.490135,1.12334,AXIS_NEAR_ISOTROPIC,41.86749,-12.681472,12.681472,1.523303,AXIS_RESOLVED,41.86749,-12.681472,12.681472,1.523303,AXIS_RESOLVED,TOP_COMPONENTS_TO_80_PERCENT_ENERGY,DOMINANT_COMPONENT_AXIS_ONLY,26.058827,41.86749,41.86749,26.058979,41.867642,41.867642,SAME_COMPONENT_PERSISTENT,WITHIN_VEHICLE_PROJECTION_ENVELOPE,0.05507,0.007097,0,0
WGV35A_PAIR_0204_S2A_032,WGV35A_PAIR_0204,316,PV_GM19_WHITE_SUV_NEAR_FIELD,27,counterfactual,single_boundary_shift,range_far,far_inward,-0.3,0,0,0,range_far,,SAR_MASK_S1_PARTIALLY_CENSORED_CENTER_INSIDE,SAR_MASK_S1_PARTIALLY_CENSORED_CENTER_INSIDE;no_local_bbox_boundary_hot_band;center_semantics_mask_censored_or_unconfirmed;bbox_bottom_within_110px_of_near_range_mask;observed_box_may_be_masked_response_center_not_full_vehicle_center,REAL_SAR_GRAY_REMEASURED,false,BASE_REGION_FROZEN_BACKGROUND,PERTURBED_LOCAL_RING_BACKGROUND,40,37,193424,6.552082,4.395463,1.490647,245024,BACKGROUND_STABLE,29521,1.596119,2.925373,3.538482,1.308531,2.327907,2.885101,0.131186,1.269958,869,1,0.8934,0.369466,0.92958,10907,172805,27.624638,-26.924637,26.924637,1.101432,AXIS_NEAR_ISOTROPIC,49.982916,-4.566359,4.566359,1.467717,AXIS_RESOLVED,49.982916,-4.566359,4.566359,1.467717,AXIS_RESOLVED,TOP_COMPONENTS_TO_80_PERCENT_ENERGY,DOMINANT_COMPONENT_AXIS_ONLY,27.624638,49.982916,49.982916,27.624477,49.982755,49.982755,SAME_COMPONENT_PERSISTENT,WITHIN_VEHICLE_PROJECTION_ENVELOPE,0.074627,0.072093,0,0
WGV35A_PAIR_0204_S2A_033,WGV35A_PAIR_0204,316,PV_GM19_WHITE_SUV_NEAR_FIELD,27,counterfactual,single_boundary_shift,range_far,far_outward,0.3,0,0,0,range_far,,SAR_MASK_S1_PARTIALLY_CENSORED_CENTER_INSIDE,SAR_MASK_S1_PARTIALLY_CENSORED_CENTER_INSIDE;no_local_bbox_boundary_hot_band;center_semantics_mask_censored_or_unconfirmed;bbox_bottom_within_110px_of_near_range_mask;observed_box_may_be_masked_response_center_not_full_vehicle_center,REAL_SAR_GRAY_REMEASURED,false,BASE_REGION_FROZEN_BACKGROUND,PERTURBED_LOCAL_RING_BACKGROUND,40,37,207449,6.217191,3.854125,1.613126,265448,BACKGROUND_STABLE,33367,1.756829,3.252655,4.21513,1.334527,2.38948,2.915981,0.006645,1.231114,1004,1,0.891043,0.362064,0.924777,12081,184846,36.52652,-18.022442,18.022442,1.247509,AXIS_RESOLVED,45.06309,-9.485872,9.485872,1.656297,AXIS_RESOLVED,45.06309,-9.485872,9.485872,1.656297,AXIS_RESOLVED,TOP_COMPONENTS_TO_80_PERCENT_ENERGY,GLOBAL_AND_COMPONENT_AXIS_CONSISTENT,36.52652,45.06309,45.06309,36.526672,45.063242,45.063242,SAME_COMPONENT_PERSISTENT,WITHIN_VEHICLE_PROJECTION_ENVELOPE,0,0.008575,0.003504,0
WGV35A_PAIR_0204_S2A_034,WGV35A_PAIR_0204,316,PV_GM19_WHITE_SUV_NEAR_FIELD,27,counterfactual,single_boundary_shift,azimuth_left,left_outward,-0.3,0,0,0,azimuth_left,,SAR_MASK_S1_PARTIALLY_CENSORED_CENTER_INSIDE,SAR_MASK_S1_PARTIALLY_CENSORED_CENTER_INSIDE;no_local_bbox_boundary_hot_band;center_semantics_mask_censored_or_unconfirmed;bbox_bottom_within_110px_of_near_range_mask;observed_box_may_be_masked_response_center_not_full_vehicle_center,REAL_SAR_GRAY_REMEASURED,false,BASE_REGION_FROZEN_BACKGROUND,PERTURBED_LOCAL_RING_BACKGROUND,40,37,199621,6.029024,4.835062,1.246938,254711,BACKGROUND_STABLE,33110,1.698241,3.098509,3.835821,1.306085,2.334209,2.907572,0.011294,1.40805,951,1,0.890943,0.347871,0.926,11518,177851,34.199712,-18.509619,18.509619,1.150903,AXIS_NEAR_ISOTROPIC,48.781584,-3.927747,3.927747,1.546081,AXIS_RESOLVED,48.781584,-3.927747,3.927747,1.546081,AXIS_RESOLVED,TOP_COMPONENTS_TO_80_PERCENT_ENERGY,DOMINANT_COMPONENT_AXIS_ONLY,34.199712,48.781584,48.781584,36.039495,50.621367,50.621367,SAME_COMPONENT_PERSISTENT,WITHIN_VEHICLE_PROJECTION_ENVELOPE,0.012519,0.019784,0,0
WGV35A_PAIR_0204_S2A_035,WGV35A_PAIR_0204,316,PV_GM19_WHITE_SUV_NEAR_FIELD,27,counterfactual,single_boundary_shift,azimuth_left,left_inward,0.3,0,0,0,azimuth_left,,SAR_MASK_S1_PARTIALLY_CENSORED_CENTER_INSIDE,SAR_MASK_S1_PARTIALLY_CENSORED_CENTER_INSIDE;no_local_bbox_boundary_hot_band;center_semantics_mask_censored_or_unconfirmed;bbox_bottom_within_110px_of_near_range_mask;observed_box_may_be_masked_response_center_not_full_vehicle_center,REAL_SAR_GRAY_REMEASURED,false,BASE_REGION_FROZEN_BACKGROUND,PERTURBED_LOCAL_RING_BACKGROUND,40,38,199367,6.668239,5.048168,1.320923,234230,BACKGROUND_STABLE,29898,1.638059,3.078778,3.836838,1.324472,2.353186,2.90672,0.087673,1.110139,911,1,0.892289,0.385511,0.92739,11526,177893,36.655185,-19.733717,19.733717,1.152518,AXIS_NEAR_ISOTROPIC,48.862919,-7.525984,7.525984,1.546444,AXIS_RESOLVED,48.862919,-7.525984,7.525984,1.546444,AXIS_RESOLVED,TOP_COMPONENTS_TO_80_PERCENT_ENERGY,DOMINANT_COMPONENT_AXIS_ONLY,36.655185,48.862919,48.862919,34.815397,47.02313,47.02313,SAME_COMPONENT_PERSISTENT,WITHIN_VEHICLE_PROJECTION_ENVELOPE,0.03225,0.000807,0,0
WGV35A_PAIR_0204_S2A_036,WGV35A_PAIR_0204,316,PV_GM19_WHITE_SUV_NEAR_FIELD,27,counterfactual,single_boundary_shift,azimuth_right,right_inward,-0.3,0,0,0,azimuth_right,,SAR_MASK_S1_PARTIALLY_CENSORED_CENTER_INSIDE,SAR_MASK_S1_PARTIALLY_CENSORED_CENTER_INSIDE;no_local_bbox_boundary_hot_band;center_semantics_mask_censored_or_unconfirmed;bbox_bottom_within_110px_of_near_range_mask;observed_box_may_be_masked_response_center_not_full_vehicle_center,REAL_SAR_GRAY_REMEASURED,false,BASE_REGION_FROZEN_BACKGROUND,PERTURBED_LOCAL_RING_BACKGROUND,40,37,181735,6.095422,4.553658,1.338577,232818,BACKGROUND_STABLE,29815,1.75901,3.138349,3.888696,1.171143,2.105635,2.70874,0.011897,1.268318,887,1,0.885487,0.354855,0.923994,10580,160924,40.643027,-12.066303,12.066303,1.246875,AXIS_RESOLVED,49.462345,-3.246986,3.246986,1.793636,AXIS_RESOLVED,49.462345,-3.246986,3.246986,1.793636,AXIS_RESOLVED,TOP_COMPONENTS_TO_80_PERCENT_ENERGY,GLOBAL_AND_COMPONENT_AXIS_CONSISTENT,40.643027,49.462345,49.462345,42.482811,51.302128,51.302128,COMPONENT_IDENTITY_SWITCH,WITHIN_VEHICLE_PROJECTION_ENVELOPE,0.029562,0.001335,0,0
WGV35A_PAIR_0204_S2A_037,WGV35A_PAIR_0204,316,PV_GM19_WHITE_SUV_NEAR_FIELD,27,counterfactual,single_boundary_shift,azimuth_right,right_outward,0.3,0,0,0,azimuth_right,,SAR_MASK_S1_PARTIALLY_CENSORED_CENTER_INSIDE,SAR_MASK_S1_PARTIALLY_CENSORED_CENTER_INSIDE;no_local_bbox_boundary_hot_band;center_semantics_mask_censored_or_unconfirmed;bbox_bottom_within_110px_of_near_range_mask;observed_box_may_be_masked_response_center_not_full_vehicle_center,REAL_SAR_GRAY_REMEASURED,false,BASE_REGION_FROZEN_BACKGROUND,PERTURBED_LOCAL_RING_BACKGROUND,40,37,219609,6.607365,4.260626,1.550797,278549,BACKGROUND_STABLE,33237,1.558306,3.089094,3.838478,1.49352,2.581922,3.152241,0.115125,1.264108,965,1,0.90086,0.381593,0.932726,12683,197837,24.655388,-31.733515,31.733515,1.065863,AXIS_NEAR_ISOTROPIC,50.381762,-6.00714,6.00714,1.345599,AXIS_RESOLVED,50.381762,-6.00714,6.00714,1.345599,AXIS_RESOLVED,TOP_COMPONENTS_TO_80_PERCENT_ENERGY,DOMINANT_COMPONENT_AXIS_ONLY,24.655388,50.381762,50.381762,22.815599,48.541974,48.541974,SAME_COMPONENT_PERSISTENT,WITHIN_VEHICLE_PROJECTION_ENVELOPE,0.010906,0.018078,0,0
WGV35A_PAIR_0204_S2A_038,WGV35A_PAIR_0204,316,PV_GM19_WHITE_SUV_NEAR_FIELD,27,counterfactual,scale_resize,range,resize,-0.15,0,0,0,,range,SAR_MASK_S1_PARTIALLY_CENSORED_CENTER_INSIDE,SAR_MASK_S1_PARTIALLY_CENSORED_CENTER_INSIDE;no_local_bbox_boundary_hot_band;center_semantics_mask_censored_or_unconfirmed;bbox_bottom_within_110px_of_near_range_mask;observed_box_may_be_masked_response_center_not_full_vehicle_center,REAL_SAR_GRAY_REMEASURED,false,BASE_REGION_FROZEN_BACKGROUND,PERTURBED_LOCAL_RING_BACKGROUND,40,38,196904,6.437506,4.585198,1.403976,231058,BACKGROUND_STABLE,30587,1.637957,3.030557,3.713266,1.311663,2.332595,2.880804,0.045799,1.263905,904,1,0.892547,0.367901,0.928087,11253,175746,32.356779,-22.192484,22.192484,1.128173,AXIS_NEAR_ISOTROPIC,48.56503,-5.984233,5.984233,1.512957,AXIS_RESOLVED,48.56503,-5.984233,5.984233,1.512957,AXIS_RESOLVED,TOP_COMPONENTS_TO_80_PERCENT_ENERGY,DOMINANT_COMPONENT_AXIS_ONLY,32.356779,48.56503,48.56503,32.35663,48.564881,48.564881,SAME_COMPONENT_PERSISTENT,WITHIN_VEHICLE_PROJECTION_ENVELOPE,0.009127,0.019412,0,0
WGV35A_PAIR_0204_S2A_039,WGV35A_PAIR_0204,316,PV_GM19_WHITE_SUV_NEAR_FIELD,27,counterfactual,scale_resize,range,resize,0.15,0,0,0,,range,SAR_MASK_S1_PARTIALLY_CENSORED_CENTER_INSIDE,SAR_MASK_S1_PARTIALLY_CENSORED_CENTER_INSIDE;no_local_bbox_boundary_hot_band;center_semantics_mask_censored_or_unconfirmed;bbox_bottom_within_110px_of_near_range_mask;observed_box_may_be_masked_response_center_not_full_vehicle_center,REAL_SAR_GRAY_REMEASURED,false,BASE_REGION_FROZEN_BACKGROUND,PERTURBED_LOCAL_RING_BACKGROUND,40,37,203844,6.288764,4.796048,1.311239,260264,BACKGROUND_STABLE,32414,1.700911,3.155098,3.998515,1.318892,2.354102,2.890372,0.067777,1.261302,960,1,0.891991,0.365521,0.926321,11848,181827,38.043019,-16.506245,16.506245,1.183484,AXIS_NEAR_ISOTROPIC,48.45156,-6.097703,6.097703,1.582746,AXIS_RESOLVED,48.45156,-6.097703,6.097703,1.582746,AXIS_RESOLVED,TOP_COMPONENTS_TO_80_PERCENT_ENERGY,DOMINANT_COMPONENT_AXIS_ONLY,38.043019,48.45156,48.45156,38.042869,48.451411,48.451411,SAME_COMPONENT_PERSISTENT,WITHIN_VEHICLE_PROJECTION_ENVELOPE,0.016513,0,0,0.000626
WGV35A_PAIR_0204_S2A_040,WGV35A_PAIR_0204,316,PV_GM19_WHITE_SUV_NEAR_FIELD,27,counterfactual,scale_resize,azimuth,resize,-0.15,0,0,0,,azimuth,SAR_MASK_S1_PARTIALLY_CENSORED_CENTER_INSIDE,SAR_MASK_S1_PARTIALLY_CENSORED_CENTER_INSIDE;no_local_bbox_boundary_hot_band;center_semantics_mask_censored_or_unconfirmed;bbox_bottom_within_110px_of_near_range_mask;observed_box_may_be_masked_response_center_not_full_vehicle_center,REAL_SAR_GRAY_REMEASURED,false,BASE_REGION_FROZEN_BACKGROUND,PERTURBED_LOCAL_RING_BACKGROUND,40,38,194150,6.336488,4.791409,1.322469,228441,BACKGROUND_STABLE,30640,1.695047,3.099377,3.847775,1.270982,2.272766,2.820583,0.049157,1.218991,915,1,0.889446,0.366873,0.925491,11241,172686,37.790315,-16.758648,16.758648,1.178089,AXIS_NEAR_ISOTROPIC,49.129755,-5.419209,5.419209,1.612951,AXIS_RESOLVED,49.129755,-5.419209,5.419209,1.612951,AXIS_RESOLVED,TOP_COMPONENTS_TO_80_PERCENT_ENERGY,DOMINANT_COMPONENT_AXIS_ONLY,37.790315,49.129755,49.129755,37.790466,49.129905,49.129905,COMPONENT_IDENTITY_SWITCH,WITHIN_VEHICLE_PROJECTION_ENVELOPE,0.000623,0.027234,0,0
WGV35A_PAIR_0204_S2A_041,WGV35A_PAIR_0204,316,PV_GM19_WHITE_SUV_NEAR_FIELD,27,counterfactual,scale_resize,azimuth,resize,0.15,0,0,0,,azimuth,SAR_MASK_S1_PARTIALLY_CENSORED_CENTER_INSIDE,SAR_MASK_S1_PARTIALLY_CENSORED_CENTER_INSIDE;no_local_bbox_boundary_hot_band;center_semantics_mask_censored_or_unconfirmed;bbox_bottom_within_110px_of_near_range_mask;observed_box_may_be_masked_response_center_not_full_vehicle_center,REAL_SAR_GRAY_REMEASURED,false,BASE_REGION_FROZEN_BACKGROUND,PERTURBED_LOCAL_RING_BACKGROUND,40,37,204081,6.320645,4.750167,1.330615,259874,BACKGROUND_STABLE,32288,1.648714,3.088033,3.829204,1.3533,2.386749,2.927918,0.054834,1.296981,940,1,0.894361,0.364903,0.928651,11782,182522,33.798428,-20.750535,20.750535,1.127177,AXIS_NEAR_ISOTROPIC,49.435183,-5.113781,5.113781,1.490044,AXIS_RESOLVED,49.435183,-5.113781,5.113781,1.490044,AXIS_RESOLVED,TOP_COMPONENTS_TO_80_PERCENT_ENERGY,DOMINANT_COMPONENT_AXIS_ONLY,33.798428,49.435183,49.435183,33.798579,49.435333,49.435333,SAME_COMPONENT_PERSISTENT,WITHIN_VEHICLE_PROJECTION_ENVELOPE,0.011967,0.013252,0,0
WGV35A_PAIR_0204_S2A_042,WGV35A_PAIR_0204,316,PV_GM19_WHITE_SUV_NEAR_FIELD,27,counterfactual,scale_resize,range,resize,-0.3,0,0,0,,range,SAR_MASK_S1_PARTIALLY_CENSORED_CENTER_INSIDE,SAR_MASK_S1_PARTIALLY_CENSORED_CENTER_INSIDE;no_local_bbox_boundary_hot_band;center_semantics_mask_censored_or_unconfirmed;bbox_bottom_within_110px_of_near_range_mask;observed_box_may_be_masked_response_center_not_full_vehicle_center,REAL_SAR_GRAY_REMEASURED,false,BASE_REGION_FROZEN_BACKGROUND,PERTURBED_LOCAL_RING_BACKGROUND,40,38,194926,6.576007,4.377352,1.50228,228285,BACKGROUND_STABLE,29642,1.606095,2.956071,3.587161,1.31889,2.337872,2.894087,0.041271,1.271232,878,1,0.893103,0.370994,0.929004,10997,174089,26.897483,-27.65148,27.65148,1.105986,AXIS_NEAR_ISOTROPIC,48.295873,-6.253091,6.253091,1.470723,AXIS_RESOLVED,48.295873,-6.253091,6.253091,1.470723,AXIS_RESOLVED,TOP_COMPONENTS_TO_80_PERCENT_ENERGY,DOMINANT_COMPONENT_AXIS_ONLY,26.897483,48.295873,48.295873,26.897634,48.296023,48.296023,SAME_COMPONENT_PERSISTENT,WITHIN_VEHICLE_PROJECTION_ENVELOPE,0.043929,0.062128,0,0
WGV35A_PAIR_0204_S2A_043,WGV35A_PAIR_0204,316,PV_GM19_WHITE_SUV_NEAR_FIELD,27,counterfactual,scale_resize,range,resize,0.3,0,0,0,,range,SAR_MASK_S1_PARTIALLY_CENSORED_CENTER_INSIDE,SAR_MASK_S1_PARTIALLY_CENSORED_CENTER_INSIDE;no_local_bbox_boundary_hot_band;center_semantics_mask_censored_or_unconfirmed;bbox_bottom_within_110px_of_near_range_mask;observed_box_may_be_masked_response_center_not_full_vehicle_center,REAL_SAR_GRAY_REMEASURED,false,BASE_REGION_FROZEN_BACKGROUND,PERTURBED_LOCAL_RING_BACKGROUND,40,37,207024,6.180005,4.475715,1.380786,264768,BACKGROUND_STABLE,33499,1.749791,3.237987,4.179751,1.31889,2.363871,2.899564,0.085031,1.244679,989,1,0.891819,0.361563,0.925622,12112,184628,38.768721,-15.780243,15.780243,1.235203,AXIS_RESOLVED,47.176473,-7.372491,7.372491,1.645057,AXIS_RESOLVED,47.176473,-7.372491,7.372491,1.645057,AXIS_RESOLVED,TOP_COMPONENTS_TO_80_PERCENT_ENERGY,GLOBAL_AND_COMPONENT_AXIS_CONSISTENT,38.768721,47.176473,47.176473,38.768871,47.176623,47.176623,SAME_COMPONENT_PERSISTENT,WITHIN_VEHICLE_PROJECTION_ENVELOPE,0.001667,0,0,0.008374
WGV35A_PAIR_0204_S2A_044,WGV35A_PAIR_0204,316,PV_GM19_WHITE_SUV_NEAR_FIELD,27,counterfactual,scale_resize,azimuth,resize,-0.3,0,0,0,,azimuth,SAR_MASK_S1_PARTIALLY_CENSORED_CENTER_INSIDE,SAR_MASK_S1_PARTIALLY_CENSORED_CENTER_INSIDE;no_local_bbox_boundary_hot_band;center_semantics_mask_censored_or_unconfirmed;bbox_bottom_within_110px_of_near_range_mask;observed_box_may_be_masked_response_center_not_full_vehicle_center,REAL_SAR_GRAY_REMEASURED,false,BASE_REGION_FROZEN_BACKGROUND,PERTURBED_LOCAL_RING_BACKGROUND,40,37,190201,6.358685,4.665854,1.362813,243051,BACKGROUND_STABLE,29912,1.716552,3.107586,3.858917,1.2403,2.220175,2.773268,0.049701,1.187797,901,1,0.88876,0.369049,0.925552,11039,169043,39.071662,-15.477301,15.477301,1.19903,AXIS_NEAR_ISOTROPIC,49.297639,-5.251324,5.251324,1.666457,AXIS_RESOLVED,49.297639,-5.251324,5.251324,1.666457,AXIS_RESOLVED,TOP_COMPONENTS_TO_80_PERCENT_ENERGY,DOMINANT_COMPONENT_AXIS_ONLY,39.071662,49.297639,49.297639,39.071813,49.29779,49.29779,COMPONENT_IDENTITY_SWITCH,WITHIN_VEHICLE_PROJECTION_ENVELOPE,0,0.033955,0.001792,0
WGV35A_PAIR_0204_S2A_045,WGV35A_PAIR_0204,316,PV_GM19_WHITE_SUV_NEAR_FIELD,27,counterfactual,scale_resize,azimuth,resize,0.3,0,0,0,,azimuth,SAR_MASK_S1_PARTIALLY_CENSORED_CENTER_INSIDE,SAR_MASK_S1_PARTIALLY_CENSORED_CENTER_INSIDE;no_local_bbox_boundary_hot_band;center_semantics_mask_censored_or_unconfirmed;bbox_bottom_within_110px_of_near_range_mask;observed_box_may_be_masked_response_center_not_full_vehicle_center,REAL_SAR_GRAY_REMEASURED,false,BASE_REGION_FROZEN_BACKGROUND,PERTURBED_LOCAL_RING_BACKGROUND,40,37,209730,6.334149,4.511258,1.404076,266744,BACKGROUND_STABLE,33111,1.629941,3.091949,3.831357,1.402957,2.450873,2.993993,0.068074,1.338345,959,1,0.896271,0.365468,0.929638,12101,187975,31.174377,-23.374587,23.374587,1.102684,AXIS_NEAR_ISOTROPIC,49.673964,-4.875,4.875,1.434772,AXIS_RESOLVED,49.673964,-4.875,4.875,1.434772,AXIS_RESOLVED,TOP_COMPONENTS_TO_80_PERCENT_ENERGY,DOMINANT_COMPONENT_AXIS_ONLY,31.174377,49.673964,49.673964,31.174527,49.674114,49.674114,SAME_COMPONENT_PERSISTENT,WITHIN_VEHICLE_PROJECTION_ENVELOPE,0.024312,0.002983,0,0
WGV35A_PAIR_0204_S2A_046,WGV35A_PAIR_0204,316,PV_GM19_WHITE_SUV_NEAR_FIELD,27,counterfactual,local_region_rotation,gt_region,rotate,0,-30,0,0,,,SAR_MASK_S1_PARTIALLY_CENSORED_CENTER_INSIDE,SAR_MASK_S1_PARTIALLY_CENSORED_CENTER_INSIDE;no_local_bbox_boundary_hot_band;center_semantics_mask_censored_or_unconfirmed;bbox_bottom_within_110px_of_near_range_mask;observed_box_may_be_masked_response_center_not_full_vehicle_center,REAL_SAR_GRAY_REMEASURED,false,BASE_REGION_FROZEN_BACKGROUND,PERTURBED_LOCAL_RING_BACKGROUND,40,40,112040,8.409517,8.162031,1.030322,112040,BACKGROUND_STABLE,13323,0.869418,1.553113,1.831907,1.308528,2.230147,3.210816,-0.073668,1.237652,415,2,0.820412,0.362606,0.882872,4831,91919,155.409361,-79.139603,79.139603,2.063778,AXIS_RESOLVED,177.014792,-57.534172,57.534172,1.731732,AXIS_RESOLVED,177.014792,-57.534172,57.534172,1.731732,AXIS_RESOLVED,TOP_COMPONENTS_TO_80_PERCENT_ENERGY,MULTIPLE_AXIS_REPRESENTATIONS_CONFLICT,24.590639,2.985208,2.985208,24.590489,2.985058,2.985058,SAME_COMPONENT_PERSISTENT,PARTIAL_SUPPORT_BELOW_ENVELOPE,0.046887,0.769853,0,0
WGV35A_PAIR_0204_S2A_047,WGV35A_PAIR_0204,316,PV_GM19_WHITE_SUV_NEAR_FIELD,27,counterfactual,local_region_rotation,gt_region,rotate,0,-15,0,0,,,SAR_MASK_S1_PARTIALLY_CENSORED_CENTER_INSIDE,SAR_MASK_S1_PARTIALLY_CENSORED_CENTER_INSIDE;no_local_bbox_boundary_hot_band;center_semantics_mask_censored_or_unconfirmed;bbox_bottom_within_110px_of_near_range_mask;observed_box_may_be_masked_response_center_not_full_vehicle_center,REAL_SAR_GRAY_REMEASURED,false,BASE_REGION_FROZEN_BACKGROUND,PERTURBED_LOCAL_RING_BACKGROUND,40,40,117384,8.806002,8.615873,1.022067,117384,BACKGROUND_STABLE,13330,0.866094,1.820374,2.254787,1.226022,2.306396,3.301922,-0.303926,1.207737,455,2,0.856624,0.377569,0.916241,5033,100554,161.673453,-72.875511,72.875511,1.835445,AXIS_RESOLVED,2.126534,-52.422429,52.422429,1.22491,AXIS_RESOLVED,2.126534,-52.422429,52.422429,1.22491,AXIS_RESOLVED,TOP_COMPONENTS_TO_80_PERCENT_ENERGY,MULTIPLE_AXIS_REPRESENTATIONS_CONFLICT,18.326547,2.126534,2.126534,18.326397,2.126685,2.126685,COMPONENT_IDENTITY_SWITCH,PARTIAL_SUPPORT_BELOW_ENVELOPE,0.079626,0.693604,0,0
WGV35A_PAIR_0204_S2A_048,WGV35A_PAIR_0204,316,PV_GM19_WHITE_SUV_NEAR_FIELD,27,counterfactual,local_region_rotation,gt_region,rotate,0,-10,0,0,,,SAR_MASK_S1_PARTIALLY_CENSORED_CENTER_INSIDE,SAR_MASK_S1_PARTIALLY_CENSORED_CENTER_INSIDE;no_local_bbox_boundary_hot_band;center_semantics_mask_censored_or_unconfirmed;bbox_bottom_within_110px_of_near_range_mask;observed_box_may_be_masked_response_center_not_full_vehicle_center,REAL_SAR_GRAY_REMEASURED,false,BASE_REGION_FROZEN_BACKGROUND,PERTURBED_LOCAL_RING_BACKGROUND,40,40,116711,8.811037,7.275633,1.211034,116711,BACKGROUND_STABLE,13246,0.903048,1.983422,2.360951,1.132575,2.317538,3.319322,-0.387563,1.161118,453,2,0.858,0.381398,0.91796,5052,100138,166.566824,-67.98214,67.98214,1.772547,AXIS_RESOLVED,14.690619,-39.858344,39.858344,1.283977,AXIS_RESOLVED,14.690619,-39.858344,39.858344,1.283977,AXIS_RESOLVED,TOP_COMPONENTS_TO_80_PERCENT_ENERGY,MULTIPLE_AXIS_REPRESENTATIONS_CONFLICT,13.433176,14.690619,14.690619,13.433026,14.69077,14.69077,COMPONENT_IDENTITY_SWITCH,PARTIAL_SUPPORT_BELOW_ENVELOPE,0.016578,0.682462,0,0
WGV35A_PAIR_0204_S2A_049,WGV35A_PAIR_0204,316,PV_GM19_WHITE_SUV_NEAR_FIELD,27,counterfactual,local_region_rotation,gt_region,rotate,0,-5,0,0,,,SAR_MASK_S1_PARTIALLY_CENSORED_CENTER_INSIDE,SAR_MASK_S1_PARTIALLY_CENSORED_CENTER_INSIDE;no_local_bbox_boundary_hot_band;center_semantics_mask_censored_or_unconfirmed;bbox_bottom_within_110px_of_near_range_mask;observed_box_may_be_masked_response_center_not_full_vehicle_center,REAL_SAR_GRAY_REMEASURED,false,BASE_REGION_FROZEN_BACKGROUND,PERTURBED_LOCAL_RING_BACKGROUND,40,39,112264,8.46892,7.133718,1.187168,120451,BACKGROUND_STABLE,13256,1.000223,2.114025,2.475123,1.048507,2.32634,3.313065,-0.417523,1.073562,464,2,0.85103,0.37764,0.913365,5006,95540,172.750534,-61.798429,61.798429,1.792004,AXIS_RESOLVED,20.898648,-33.650315,33.650315,1.49781,AXIS_RESOLVED,20.898648,-33.650315,33.650315,1.49781,AXIS_RESOLVED,TOP_COMPONENTS_TO_80_PERCENT_ENERGY,MULTIPLE_AXIS_REPRESENTATIONS_CONFLICT,7.249466,20.898648,20.898648,7.249315,20.898799,20.898799,SAME_COMPONENT_PERSISTENT,PARTIAL_SUPPORT_BELOW_ENVELOPE,0.085975,0.67366,0,0
WGV35A_PAIR_0204_S2A_050,WGV35A_PAIR_0204,316,PV_GM19_WHITE_SUV_NEAR_FIELD,27,counterfactual,local_region_rotation,gt_region,rotate,0,0,0,0,,,SAR_MASK_S1_PARTIALLY_CENSORED_CENTER_INSIDE,SAR_MASK_S1_PARTIALLY_CENSORED_CENTER_INSIDE;no_local_bbox_boundary_hot_band;center_semantics_mask_censored_or_unconfirmed;bbox_bottom_within_110px_of_near_range_mask;observed_box_may_be_masked_response_center_not_full_vehicle_center,REAL_SAR_GRAY_REMEASURED,false,BASE_REGION_FROZEN_BACKGROUND,PERTURBED_LOCAL_RING_BACKGROUND,40,40,110269,8.254286,5.631923,1.465625,110269,BACKGROUND_STABLE,13359,1.113411,2.191834,2.611202,1.00784,2.329071,3.244244,-0.441432,1.014493,462,2,0.846457,0.372109,0.90992,4971,93338,177.634992,-56.913971,56.913971,1.777039,AXIS_RESOLVED,24.760224,-29.788739,29.788739,1.671882,AXIS_RESOLVED,24.760224,-29.788739,29.788739,1.671882,AXIS_RESOLVED,TOP_COMPONENTS_TO_80_PERCENT_ENERGY,MULTIPLE_AXIS_REPRESENTATIONS_CONFLICT,2.365008,24.760224,24.760224,2.364857,24.760375,24.760375,SAME_COMPONENT_PERSISTENT,PARTIAL_SUPPORT_BELOW_ENVELOPE,0.008166,0.670929,0,0
WGV35A_PAIR_0204_S2A_051,WGV35A_PAIR_0204,316,PV_GM19_WHITE_SUV_NEAR_FIELD,27,counterfactual,local_region_rotation,gt_region,rotate,0,5,0,0,,,SAR_MASK_S1_PARTIALLY_CENSORED_CENTER_INSIDE,SAR_MASK_S1_PARTIALLY_CENSORED_CENTER_INSIDE;no_local_bbox_boundary_hot_band;center_semantics_mask_censored_or_unconfirmed;bbox_bottom_within_110px_of_near_range_mask;observed_box_may_be_masked_response_center_not_full_vehicle_center,REAL_SAR_GRAY_REMEASURED,false,BASE_REGION_FROZEN_BACKGROUND,PERTURBED_LOCAL_RING_BACKGROUND,40,40,105758,7.978123,5.93526,1.344191,105758,BACKGROUND_STABLE,13256,1.232091,2.268864,2.795755,0.964628,2.245394,3.1895,-0.458968,0.939008,473,2,0.836949,0.361572,0.903118,4793,88514,2.7945,-51.754464,51.754464,1.77924,AXIS_RESOLVED,28.379163,-26.169801,26.169801,1.877302,AXIS_RESOLVED,28.379163,-26.169801,26.169801,1.877302,AXIS_RESOLVED,TOP_COMPONENTS_TO_80_PERCENT_ENERGY,MULTIPLE_AXIS_REPRESENTATIONS_CONFLICT,2.7945,28.379163,28.379163,2.79465,28.379313,28.379313,SAME_COMPONENT_PERSISTENT,PARTIAL_SUPPORT_BELOW_ENVELOPE,0.731137,0.054606,0,0
WGV35A_PAIR_0204_S2A_052,WGV35A_PAIR_0204,316,PV_GM19_WHITE_SUV_NEAR_FIELD,27,counterfactual,local_region_rotation,gt_region,rotate,0,10,0,0,,,SAR_MASK_S1_PARTIALLY_CENSORED_CENTER_INSIDE,SAR_MASK_S1_PARTIALLY_CENSORED_CENTER_INSIDE;no_local_bbox_boundary_hot_band;center_semantics_mask_censored_or_unconfirmed;bbox_bottom_within_110px_of_near_range_mask;observed_box_may_be_masked_response_center_not_full_vehicle_center,REAL_SAR_GRAY_REMEASURED,false,BASE_REGION_FROZEN_BACKGROUND,PERTURBED_LOCAL_RING_BACKGROUND,40,40,98354,7.425185,6.707212,1.107045,98354,BACKGROUND_STABLE,13246,1.365035,2.38617,2.995366,0.911647,2.049699,3.038766,-0.478165,0.830855,487,2,0.821278,0.346218,0.891769,4586,80776,9.336094,-45.21287,45.21287,1.7935,AXIS_RESOLVED,32.724934,-21.82403,21.82403,2.219015,AXIS_RESOLVED,32.724934,-21.82403,21.82403,2.219015,AXIS_RESOLVED,TOP_COMPONENTS_TO_80_PERCENT_ENERGY,MULTIPLE_AXIS_REPRESENTATIONS_CONFLICT,9.336094,32.724934,32.724934,9.336244,32.725084,32.725084,SAME_COMPONENT_PERSISTENT,PARTIAL_SUPPORT_BELOW_ENVELOPE,0.61383,0.050301,0,0
WGV35A_PAIR_0204_S2A_053,WGV35A_PAIR_0204,316,PV_GM19_WHITE_SUV_NEAR_FIELD,27,counterfactual,local_region_rotation,gt_region,rotate,0,15,0,0,,,SAR_MASK_S1_PARTIALLY_CENSORED_CENTER_INSIDE,SAR_MASK_S1_PARTIALLY_CENSORED_CENTER_INSIDE;no_local_bbox_boundary_hot_band;center_semantics_mask_censored_or_unconfirmed;bbox_bottom_within_110px_of_near_range_mask;observed_box_may_be_masked_response_center_not_full_vehicle_center,REAL_SAR_GRAY_REMEASURED,false,BASE_REGION_FROZEN_BACKGROUND,PERTURBED_LOCAL_RING_BACKGROUND,40,41,94230,7.069017,7.203175,0.981375,87041,BACKGROUND_STABLE,13330,1.489178,2.555288,3.159006,0.890142,1.896609,2.764857,-0.484301,0.75844,482,2,0.827242,0.355514,0.898143,4739,77951,16.263657,-38.285307,38.285307,1.807707,AXIS_RESOLVED,36.563365,-17.985598,17.985598,2.429084,AXIS_RESOLVED,36.563365,-17.985598,17.985598,2.429084,AXIS_RESOLVED,TOP_COMPONENTS_TO_80_PERCENT_ENERGY,MULTIPLE_AXIS_REPRESENTATIONS_CONFLICT,16.263657,36.563365,36.563365,16.263807,36.563516,36.563516,SAME_COMPONENT_PERSISTENT,PARTIAL_SUPPORT_BELOW_ENVELOPE,0.444712,0.003391,0,0
WGV35A_PAIR_0204_S2A_054,WGV35A_PAIR_0204,316,PV_GM19_WHITE_SUV_NEAR_FIELD,27,counterfactual,local_region_rotation,gt_region,rotate,0,30,0,0,,,SAR_MASK_S1_PARTIALLY_CENSORED_CENTER_INSIDE,SAR_MASK_S1_PARTIALLY_CENSORED_CENTER_INSIDE;no_local_bbox_boundary_hot_band;center_semantics_mask_censored_or_unconfirmed;bbox_bottom_within_110px_of_near_range_mask;observed_box_may_be_masked_response_center_not_full_vehicle_center,REAL_SAR_GRAY_REMEASURED,false,BASE_REGION_FROZEN_BACKGROUND,PERTURBED_LOCAL_RING_BACKGROUND,40,41,81908,6.192953,7.515487,0.824026,74943,BACKGROUND_STABLE,13226,1.822325,3.144539,3.681793,0.911445,1.694657,2.226433,-0.382712,0.590732,521,1,0.809762,0.347195,0.855802,4592,66326,33.142756,-21.406208,21.406208,2.252196,AXIS_RESOLVED,39.928037,-14.620926,14.620926,3.202702,AXIS_RESOLVED,39.928037,-14.620926,14.620926,3.202702,AXIS_RESOLVED,TOP_COMPONENTS_TO_80_PERCENT_ENERGY,GLOBAL_AND_COMPONENT_AXIS_CONSISTENT,33.142756,39.928037,39.928037,33.142906,39.928188,39.928188,COMPONENT_SPLIT_OR_MERGE,WITHIN_VEHICLE_PROJECTION_ENVELOPE,0.009411,0.012557,0,0
WGV35A_PAIR_0204_S2A_055,WGV35A_PAIR_0204,316,PV_GM19_WHITE_SUV_NEAR_FIELD,27,counterfactual,local_region_rotation,gt_region,rotate,0,90,0,0,,,SAR_MASK_S1_PARTIALLY_CENSORED_CENTER_INSIDE,SAR_MASK_S1_PARTIALLY_CENSORED_CENTER_INSIDE;no_local_bbox_boundary_hot_band;center_semantics_mask_censored_or_unconfirmed;bbox_bottom_within_110px_of_near_range_mask;observed_box_may_be_masked_response_center_not_full_vehicle_center,REAL_SAR_GRAY_REMEASURED,false,BASE_REGION_FROZEN_BACKGROUND,PERTURBED_LOCAL_RING_BACKGROUND,40,40,82980,6.211543,5.729231,1.084184,82980,BACKGROUND_STABLE,13359,1.039316,2.140804,2.875126,0.911459,1.959764,2.557629,0.759084,0.732698,481,1,0.81281,0.346733,0.856652,4632,67447,91.792348,37.243385,37.243385,1.629454,AXIS_RESOLVED,52.917386,-1.631578,1.631578,1.083054,AXIS_NEAR_ISOTROPIC,52.917386,-1.631578,1.631578,1.083054,AXIS_NEAR_ISOTROPIC,TOP_COMPONENTS_TO_80_PERCENT_ENERGY,NO_RESOLVED_AXIS_EVIDENCE,88.207652,52.917386,52.917386,17.305729,52.917536,52.917536,COMPONENT_IDENTITY_SWITCH,PARTIAL_SUPPORT_BELOW_ENVELOPE,0.859196,0.040236,0,0
WGV35A_PAIR_0204_S2A_056,WGV35A_PAIR_0204,316,PV_GM19_WHITE_SUV_NEAR_FIELD,27,matched_background,matched_background,deterministic_offset,control,0,0,-1.8,-1.8,,,SAR_MASK_S1_PARTIALLY_CENSORED_CENTER_INSIDE,SAR_MASK_S1_PARTIALLY_CENSORED_CENTER_INSIDE;no_local_bbox_boundary_hot_band;center_semantics_mask_censored_or_unconfirmed;bbox_bottom_within_110px_of_near_range_mask;observed_box_may_be_masked_response_center_not_full_vehicle_center,REAL_SAR_GRAY_REMEASURED,false,BASE_REGION_FROZEN_BACKGROUND,PERTURBED_LOCAL_RING_BACKGROUND,40,0,5880,0.440153,0.893846,0.492426,167192,COUNTERFACTUAL_BACKGROUND_SENSITIVE,13359,0.807322,1.464637,2.020588,0.407708,0.873831,1.278975,-1.325594,1.386233,283,2,0.671939,0.037802,0.727381,505,3951,178.327724,-24.127365,24.127365,2.777935,AXIS_RESOLVED,179.716384,-22.738705,22.738705,3.495595,AXIS_RESOLVED,178.548482,-23.906607,23.906607,15.702012,AXIS_COMPONENT_LAYOUT_RESOLVED,TOP_COMPONENTS_TO_80_PERCENT_ENERGY,GLOBAL_AND_COMPONENT_AXIS_CONSISTENT,1.672276,0.283616,1.451518,30.421749,31.810409,30.642507,COMPONENT_IDENTITY_SWITCH,PARTIAL_SUPPORT_BELOW_ENVELOPE,1.535363,0.526168,0,0
WGV35A_PAIR_0205_S2A_001,WGV35A_PAIR_0205,317,PV_GM19_WHITE_SUV_NEAR_FIELD,31,gt_original,gt_original,gt,original,0,0,0,0,,,SAR_MASK_S1_PARTIALLY_CENSORED_CENTER_INSIDE,SAR_MASK_S1_PARTIALLY_CENSORED_CENTER_INSIDE;bottom_near_range_mask;center_semantics_mask_censored_or_unconfirmed;bbox_bottom_within_110px_of_near_range_mask;observed_box_may_be_masked_response_center_not_full_vehicle_center,REAL_SAR_GRAY_REMEASURED,false,BASE_REGION_FROZEN_BACKGROUND,PERTURBED_LOCAL_RING_BACKGROUND,43,43,102679,9.018797,5.07647,1.776588,102679,BACKGROUND_STABLE,11385,1.266921,2.064677,2.428399,0.843388,2.291971,3.168217,-0.610054,0.936533,437,2,0.829332,0.352218,0.879917,4010,85155,0.303785,-56.490326,56.490326,1.61658,AXIS_RESOLVED,34.573459,-22.220652,22.220652,1.705979,AXIS_RESOLVED,34.573459,-22.220652,22.220652,1.705979,AXIS_RESOLVED,TOP_COMPONENTS_TO_80_PERCENT_ENERGY,MULTIPLE_AXIS_REPRESENTATIONS_CONFLICT,0.303785,34.573459,34.573459,0.303945,34.573619,34.573619,COMPONENT_IDENTITY_SWITCH,PARTIAL_SUPPORT_BELOW_ENVELOPE,0.035323,0.70803,0,0
WGV35A_PAIR_0205_S2A_002,WGV35A_PAIR_0205,317,PV_GM19_WHITE_SUV_NEAR_FIELD,31,counterfactual,center_shift,range,shift,-0.15,0,-0.15,0,,,SAR_MASK_S1_PARTIALLY_CENSORED_CENTER_INSIDE,SAR_MASK_S1_PARTIALLY_CENSORED_CENTER_INSIDE;bottom_near_range_mask;center_semantics_mask_censored_or_unconfirmed;bbox_bottom_within_110px_of_near_range_mask;observed_box_may_be_masked_response_center_not_full_vehicle_center,REAL_SAR_GRAY_REMEASURED,false,BASE_REGION_FROZEN_BACKGROUND,PERTURBED_LOCAL_RING_BACKGROUND,43,43,97662,8.578129,6.007983,1.427788,97662,BACKGROUND_STABLE,11385,1.201176,1.977015,2.354006,0.785897,2.305189,3.256295,-0.573388,0.908095,460,2,0.812025,0.332894,0.86526,3790,79304,178.19333,-58.600932,58.600932,1.702261,AXIS_RESOLVED,37.337974,-19.456287,19.456287,1.636456,AXIS_RESOLVED,37.337974,-19.456287,19.456287,1.636456,AXIS_RESOLVED,TOP_COMPONENTS_TO_80_PERCENT_ENERGY,MULTIPLE_AXIS_REPRESENTATIONS_CONFLICT,1.80667,37.337974,37.337974,1.806661,37.337984,37.337984,COMPONENT_IDENTITY_SWITCH,PARTIAL_SUPPORT_BELOW_ENVELOPE,0.022985,0.694811,0,0
WGV35A_PAIR_0205_S2A_003,WGV35A_PAIR_0205,317,PV_GM19_WHITE_SUV_NEAR_FIELD,31,counterfactual,center_shift,range,shift,0.15,0,0.15,0,,,SAR_MASK_S1_PARTIALLY_CENSORED_CENTER_INSIDE,SAR_MASK_S1_PARTIALLY_CENSORED_CENTER_INSIDE;bottom_near_range_mask;center_semantics_mask_censored_or_unconfirmed;bbox_bottom_within_110px_of_near_range_mask;observed_box_may_be_masked_response_center_not_full_vehicle_center,REAL_SAR_GRAY_REMEASURED,false,BASE_REGION_FROZEN_BACKGROUND,PERTURBED_LOCAL_RING_BACKGROUND,43,43,104259,9.026753,5.288284,1.706934,104259,BACKGROUND_STABLE,11550,1.286566,2.132666,2.513256,0.886745,2.2331,3.009412,-0.657439,0.953643,425,1,0.843543,0.364762,0.891635,4213,87947,3.430006,-53.364275,53.364275,1.570295,AXIS_RESOLVED,33.474622,-23.319659,23.319659,1.798593,AXIS_RESOLVED,33.474622,-23.319659,23.319659,1.798593,AXIS_RESOLVED,TOP_COMPONENTS_TO_80_PERCENT_ENERGY,MULTIPLE_AXIS_REPRESENTATIONS_CONFLICT,3.430006,33.474622,33.474622,3.429996,33.474612,33.474612,COMPONENT_IDENTITY_SWITCH,PARTIAL_SUPPORT_BELOW_ENVELOPE,0.067334,0.7669,0,0
WGV35A_PAIR_0205_S2A_004,WGV35A_PAIR_0205,317,PV_GM19_WHITE_SUV_NEAR_FIELD,31,counterfactual,center_shift,azimuth,shift,-0.15,0,0,-0.15,,,SAR_MASK_S1_PARTIALLY_CENSORED_CENTER_INSIDE,SAR_MASK_S1_PARTIALLY_CENSORED_CENTER_INSIDE;bottom_near_range_mask;center_semantics_mask_censored_or_unconfirmed;bbox_bottom_within_110px_of_near_range_mask;observed_box_may_be_masked_response_center_not_full_vehicle_center,REAL_SAR_GRAY_REMEASURED,false,BASE_REGION_FROZEN_BACKGROUND,PERTURBED_LOCAL_RING_BACKGROUND,43,43,96693,8.371688,5.905021,1.417724,96693,BACKGROUND_STABLE,11550,1.252592,2.060229,2.423165,0.812219,2.227363,3.172254,-0.676692,0.999598,464,2,0.812251,0.315238,0.866019,3641,78539,179.070505,-55.809965,55.809965,1.644503,AXIS_RESOLVED,37.35122,-17.529251,17.529251,1.709922,AXIS_RESOLVED,37.35122,-17.529251,17.529251,1.709922,AXIS_RESOLVED,TOP_COMPONENTS_TO_80_PERCENT_ENERGY,MULTIPLE_AXIS_REPRESENTATIONS_CONFLICT,0.929495,37.35122,37.35122,0.984306,39.26502,39.26502,COMPONENT_IDENTITY_SWITCH,PARTIAL_SUPPORT_BELOW_ENVELOPE,0.039771,0.772637,0,0
WGV35A_PAIR_0205_S2A_005,WGV35A_PAIR_0205,317,PV_GM19_WHITE_SUV_NEAR_FIELD,31,counterfactual,center_shift,azimuth,shift,0.15,0,0,0.15,,,SAR_MASK_S1_PARTIALLY_CENSORED_CENTER_INSIDE,SAR_MASK_S1_PARTIALLY_CENSORED_CENTER_INSIDE;bottom_near_range_mask;center_semantics_mask_censored_or_unconfirmed;bbox_bottom_within_110px_of_near_range_mask;observed_box_may_be_masked_response_center_not_full_vehicle_center,REAL_SAR_GRAY_REMEASURED,false,BASE_REGION_FROZEN_BACKGROUND,PERTURBED_LOCAL_RING_BACKGROUND,43,43,106492,9.353711,5.278151,1.772157,106492,BACKGROUND_STABLE,11385,1.259686,2.078482,2.441911,0.885201,2.336397,3.180345,-0.535447,0.854544,432,1,0.842016,0.380764,0.89002,4335,89668,1.502607,-57.20547,57.20547,1.592653,AXIS_RESOLVED,32.658397,-26.04968,26.04968,1.710893,AXIS_RESOLVED,32.658397,-26.04968,26.04968,1.710893,AXIS_RESOLVED,TOP_COMPONENTS_TO_80_PERCENT_ENERGY,MULTIPLE_AXIS_REPRESENTATIONS_CONFLICT,1.502607,32.658397,32.658397,0.411199,30.744591,30.744591,COMPONENT_IDENTITY_SWITCH,PARTIAL_SUPPORT_BELOW_ENVELOPE,0.021518,0.663603,0,0
WGV35A_PAIR_0205_S2A_006,WGV35A_PAIR_0205,317,PV_GM19_WHITE_SUV_NEAR_FIELD,31,counterfactual,center_shift,range,shift,-0.3,0,-0.3,0,,,SAR_MASK_S1_PARTIALLY_CENSORED_CENTER_INSIDE,SAR_MASK_S1_PARTIALLY_CENSORED_CENTER_INSIDE;bottom_near_range_mask;center_semantics_mask_censored_or_unconfirmed;bbox_bottom_within_110px_of_near_range_mask;observed_box_may_be_masked_response_center_not_full_vehicle_center,REAL_SAR_GRAY_REMEASURED,false,BASE_REGION_FROZEN_BACKGROUND,PERTURBED_LOCAL_RING_BACKGROUND,43,41,93486,8.094026,5.632636,1.436987,106634,BACKGROUND_STABLE,11550,1.159644,1.961941,2.389607,0.762153,2.291976,3.198335,-0.527085,0.871437,500,2,0.782074,0.299481,0.837687,3459,73113,178.844513,-57.94979,57.94979,1.79579,AXIS_RESOLVED,45.88399,-10.910314,10.910314,1.623267,AXIS_RESOLVED,160.677722,-76.116582,76.116582,,AXIS_COMPONENT_LAYOUT_RESOLVED,TOP_COMPONENTS_TO_80_PERCENT_ENERGY,MULTIPLE_AXIS_REPRESENTATIONS_CONFLICT,1.155487,45.88399,19.322278,1.155519,45.883957,19.322311,SAME_COMPONENT_PERSISTENT,PARTIAL_SUPPORT_BELOW_ENVELOPE,0.038059,0.708025,0,0
WGV35A_PAIR_0205_S2A_007,WGV35A_PAIR_0205,317,PV_GM19_WHITE_SUV_NEAR_FIELD,31,counterfactual,center_shift,range,shift,0.3,0,0.3,0,,,SAR_MASK_S1_PARTIALLY_CENSORED_CENTER_INSIDE,SAR_MASK_S1_PARTIALLY_CENSORED_CENTER_INSIDE;bottom_near_range_mask;center_semantics_mask_censored_or_unconfirmed;bbox_bottom_within_110px_of_near_range_mask;observed_box_may_be_masked_response_center_not_full_vehicle_center,REAL_SAR_GRAY_REMEASURED,false,BASE_REGION_FROZEN_BACKGROUND,PERTURBED_LOCAL_RING_BACKGROUND,43,44,99060,8.576623,8.005021,1.071405,93076,BACKGROUND_STABLE,11550,1.26465,2.174197,2.606848,0.879016,2.104379,2.800843,-0.695147,0.972905,421,1,0.862366,0.364069,0.90315,4205,85426,7.415452,-49.378791,49.378791,1.551912,AXIS_RESOLVED,32.912366,-23.881877,23.881877,1.868282,AXIS_RESOLVED,32.912366,-23.881877,23.881877,1.868282,AXIS_RESOLVED,TOP_COMPONENTS_TO_80_PERCENT_ENERGY,MULTIPLE_AXIS_REPRESENTATIONS_CONFLICT,7.415452,32.912366,32.912366,7.41548,32.912394,32.912394,COMPONENT_IDENTITY_SWITCH,PARTIAL_SUPPORT_BELOW_ENVELOPE,0.825803,0.095621,0,0
WGV35A_PAIR_0205_S2A_008,WGV35A_PAIR_0205,317,PV_GM19_WHITE_SUV_NEAR_FIELD,31,counterfactual,center_shift,azimuth,shift,-0.3,0,0,-0.3,,,SAR_MASK_S1_PARTIALLY_CENSORED_CENTER_INSIDE,SAR_MASK_S1_PARTIALLY_CENSORED_CENTER_INSIDE;bottom_near_range_mask;center_semantics_mask_censored_or_unconfirmed;bbox_bottom_within_110px_of_near_range_mask;observed_box_may_be_masked_response_center_not_full_vehicle_center,REAL_SAR_GRAY_REMEASURED,false,BASE_REGION_FROZEN_BACKGROUND,PERTURBED_LOCAL_RING_BACKGROUND,43,41,87858,7.606753,6.991213,1.088045,99968,BACKGROUND_STABLE,11550,1.229828,2.047877,2.407542,0.79748,2.239893,3.089488,-0.751605,1.044974,490,3,0.773054,0.262424,0.832229,3031,67919,177.470675,-55.500107,55.500107,1.698135,AXIS_RESOLVED,47.993333,-4.977449,4.977449,1.695308,AXIS_RESOLVED,155.156381,-77.814401,77.814401,,AXIS_COMPONENT_LAYOUT_RESOLVED,TOP_COMPONENTS_TO_80_PERCENT_ENERGY,MULTIPLE_AXIS_REPRESENTATIONS_CONFLICT,2.529325,47.993333,24.843619,1.294164,51.816822,21.02013,COMPONENT_IDENTITY_SWITCH,PARTIAL_SUPPORT_BELOW_ENVELOPE,0.052123,0.760107,0,0
WGV35A_PAIR_0205_S2A_009,WGV35A_PAIR_0205,317,PV_GM19_WHITE_SUV_NEAR_FIELD,31,counterfactual,center_shift,azimuth,shift,0.3,0,0,0.3,,,SAR_MASK_S1_PARTIALLY_CENSORED_CENTER_INSIDE,SAR_MASK_S1_PARTIALLY_CENSORED_CENTER_INSIDE;bottom_near_range_mask;center_semantics_mask_censored_or_unconfirmed;bbox_bottom_within_110px_of_near_range_mask;observed_box_may_be_masked_response_center_not_full_vehicle_center,REAL_SAR_GRAY_REMEASURED,false,BASE_REGION_FROZEN_BACKGROUND,PERTURBED_LOCAL_RING_BACKGROUND,43,43,110062,9.529177,5.656067,1.684771,110062,BACKGROUND_STABLE,11550,1.224739,2.079031,2.477975,0.953203,2.396846,3.160703,-0.472008,0.775974,417,1,0.854609,0.405281,0.899357,4681,94060,2.337122,-58.28067,58.28067,1.575378,AXIS_RESOLVED,30.418866,-30.198926,30.198926,1.689098,AXIS_RESOLVED,30.418866,-30.198926,30.198926,1.689098,AXIS_RESOLVED,TOP_COMPONENTS_TO_80_PERCENT_ENERGY,MULTIPLE_AXIS_REPRESENTATIONS_CONFLICT,2.337122,30.418866,30.418866,1.486399,26.595345,26.595345,COMPONENT_IDENTITY_SWITCH,PARTIAL_SUPPORT_BELOW_ENVELOPE,0.020969,0.603154,0,0
WGV35A_PAIR_0205_S2A_010,WGV35A_PAIR_0205,317,PV_GM19_WHITE_SUV_NEAR_FIELD,31,counterfactual,center_shift,range,shift,-0.45,0,-0.45,0,,,SAR_MASK_S1_PARTIALLY_CENSORED_CENTER_INSIDE,SAR_MASK_S1_PARTIALLY_CENSORED_CENTER_INSIDE;bottom_near_range_mask;center_semantics_mask_censored_or_unconfirmed;bbox_bottom_within_110px_of_near_range_mask;observed_box_may_be_masked_response_center_not_full_vehicle_center,REAL_SAR_GRAY_REMEASURED,false,BASE_REGION_FROZEN_BACKGROUND,PERTURBED_LOCAL_RING_BACKGROUND,43,41,87000,7.532468,6.097908,1.235254,99952,BACKGROUND_STABLE,11550,1.092595,1.914983,2.42657,0.751654,2.270502,3.126687,-0.489695,0.822709,512,3,0.759632,0.282944,0.819391,3268,66088,179.476201,-57.317915,57.317915,1.976271,AXIS_RESOLVED,45.167524,-11.626592,11.626592,1.611172,AXIS_RESOLVED,165.954477,-70.839639,70.839639,,AXIS_COMPONENT_LAYOUT_RESOLVED,TOP_COMPONENTS_TO_80_PERCENT_ENERGY,MULTIPLE_AXIS_REPRESENTATIONS_CONFLICT,0.523799,45.167524,14.045523,0.523644,45.167679,14.045368,SAME_COMPONENT_PERSISTENT,PARTIAL_SUPPORT_BELOW_ENVELOPE,0.085017,0.729498,0,0
WGV35A_PAIR_0205_S2A_011,WGV35A_PAIR_0205,317,PV_GM19_WHITE_SUV_NEAR_FIELD,31,counterfactual,center_shift,range,shift,0.45,0,0.45,0,,,SAR_MASK_S1_PARTIALLY_CENSORED_CENTER_INSIDE,SAR_MASK_S1_PARTIALLY_CENSORED_CENTER_INSIDE;bottom_near_range_mask;center_semantics_mask_censored_or_unconfirmed;bbox_bottom_within_110px_of_near_range_mask;observed_box_may_be_masked_response_center_not_full_vehicle_center,REAL_SAR_GRAY_REMEASURED,false,BASE_REGION_FROZEN_BACKGROUND,PERTURBED_LOCAL_RING_BACKGROUND,43,45,90561,7.840779,10.32636,0.759298,79448,BACKGROUND_STABLE,11550,1.184776,2.247637,2.676222,0.910016,2.036865,2.603695,-0.676333,1.022493,421,1,0.884277,0.362338,0.919049,4185,80081,10.058409,-46.735989,46.735989,1.565548,AXIS_RESOLVED,29.535565,-27.258834,27.258834,1.869,AXIS_RESOLVED,29.535565,-27.258834,27.258834,1.869,AXIS_RESOLVED,TOP_COMPONENTS_TO_80_PERCENT_ENERGY,GLOBAL_AND_COMPONENT_AXIS_CONSISTENT,10.058409,29.535565,29.535565,10.058282,29.535437,29.535437,COMPONENT_IDENTITY_SWITCH,PARTIAL_SUPPORT_BELOW_ENVELOPE,0.752363,0.063134,0,0
WGV35A_PAIR_0205_S2A_012,WGV35A_PAIR_0205,317,PV_GM19_WHITE_SUV_NEAR_FIELD,31,counterfactual,center_shift,azimuth,shift,-0.45,0,0,-0.45,,,SAR_MASK_S1_PARTIALLY_CENSORED_CENTER_INSIDE,SAR_MASK_S1_PARTIALLY_CENSORED_CENTER_INSIDE;bottom_near_range_mask;center_semantics_mask_censored_or_unconfirmed;bbox_bottom_within_110px_of_near_range_mask;observed_box_may_be_masked_response_center_not_full_vehicle_center,REAL_SAR_GRAY_REMEASURED,false,BASE_REGION_FROZEN_BACKGROUND,PERTURBED_LOCAL_RING_BACKGROUND,43,40,77318,6.791217,7.205462,0.94251,94810,BACKGROUND_STABLE,11385,1.192924,2.044051,2.405754,0.852694,2.231409,3.010611,-0.781888,1.068144,510,4,0.739,0.224506,0.806242,2556,57138,175.937395,-55.132234,55.132234,1.782934,AXIS_RESOLVED,49.283781,-1.785848,1.785848,1.674351,AXIS_RESOLVED,155.89574,-75.173889,75.173889,,AXIS_COMPONENT_LAYOUT_RESOLVED,TOP_COMPONENTS_TO_80_PERCENT_ENERGY,MULTIPLE_AXIS_REPRESENTATIONS_CONFLICT,4.062605,49.283781,24.10426,1.662037,55.008423,18.379618,COMPONENT_IDENTITY_SWITCH,PARTIAL_SUPPORT_BELOW_ENVELOPE,0.055949,0.768591,0,0
WGV35A_PAIR_0205_S2A_013,WGV35A_PAIR_0205,317,PV_GM19_WHITE_SUV_NEAR_FIELD,31,counterfactual,center_shift,azimuth,shift,0.45,0,0,0.45,,,SAR_MASK_S1_PARTIALLY_CENSORED_CENTER_INSIDE,SAR_MASK_S1_PARTIALLY_CENSORED_CENTER_INSIDE;bottom_near_range_mask;center_semantics_mask_censored_or_unconfirmed;bbox_bottom_within_110px_of_near_range_mask;observed_box_may_be_masked_response_center_not_full_vehicle_center,REAL_SAR_GRAY_REMEASURED,false,BASE_REGION_FROZEN_BACKGROUND,PERTURBED_LOCAL_RING_BACKGROUND,43,44,110506,9.567619,7.308786,1.309057,103779,BACKGROUND_STABLE,11550,1.161698,2.07304,2.547818,1.01049,2.407236,3.10244,-0.399861,0.711468,413,1,0.874857,0.427619,0.911417,4939,96677,4.002821,-58.516067,58.516067,1.578907,AXIS_RESOLVED,27.933802,-34.585087,34.585087,1.681885,AXIS_RESOLVED,27.933802,-34.585087,34.585087,1.681885,AXIS_RESOLVED,TOP_COMPONENTS_TO_80_PERCENT_ENERGY,MULTIPLE_AXIS_REPRESENTATIONS_CONFLICT,4.002821,27.933802,27.933802,1.721796,22.209184,22.209184,COMPONENT_IDENTITY_SWITCH,PARTIAL_SUPPORT_BELOW_ENVELOPE,0.02696,0.592764,0,0
WGV35A_PAIR_0205_S2A_014,WGV35A_PAIR_0205,317,PV_GM19_WHITE_SUV_NEAR_FIELD,31,counterfactual,diagonal_center_shift,range+azimuth,shift,0.15,0,-0.15,-0.15,,,SAR_MASK_S1_PARTIALLY_CENSORED_CENTER_INSIDE,SAR_MASK_S1_PARTIALLY_CENSORED_CENTER_INSIDE;bottom_near_range_mask;center_semantics_mask_censored_or_unconfirmed;bbox_bottom_within_110px_of_near_range_mask;observed_box_may_be_masked_response_center_not_full_vehicle_center,REAL_SAR_GRAY_REMEASURED,false,BASE_REGION_FROZEN_BACKGROUND,PERTURBED_LOCAL_RING_BACKGROUND,43,41,93931,8.132554,5.764017,1.410918,106713,BACKGROUND_STABLE,11550,1.191211,2.004042,2.382569,0.776672,2.296827,3.206493,-0.640657,0.995634,484,2,0.786045,0.290216,0.841394,3352,73834,177.816689,-56.997493,56.997493,1.738176,AXIS_RESOLVED,46.660229,-8.153953,8.153953,1.612193,AXIS_RESOLVED,157.741072,-77.07311,77.07311,125125690.078507,AXIS_COMPONENT_LAYOUT_RESOLVED,TOP_COMPONENTS_TO_80_PERCENT_ENERGY,MULTIPLE_AXIS_REPRESENTATIONS_CONFLICT,2.183311,46.660229,22.258928,0.203222,48.640318,20.278839,COMPONENT_IDENTITY_SWITCH,PARTIAL_SUPPORT_BELOW_ENVELOPE,0.095958,0.703173,0,0
WGV35A_PAIR_0205_S2A_015,WGV35A_PAIR_0205,317,PV_GM19_WHITE_SUV_NEAR_FIELD,31,counterfactual,diagonal_center_shift,range+azimuth,shift,0.15,0,-0.15,0.15,,,SAR_MASK_S1_PARTIALLY_CENSORED_CENTER_INSIDE,SAR_MASK_S1_PARTIALLY_CENSORED_CENTER_INSIDE;bottom_near_range_mask;center_semantics_mask_censored_or_unconfirmed;bbox_bottom_within_110px_of_near_range_mask;observed_box_may_be_masked_response_center_not_full_vehicle_center,REAL_SAR_GRAY_REMEASURED,false,BASE_REGION_FROZEN_BACKGROUND,PERTURBED_LOCAL_RING_BACKGROUND,43,43,104582,9.10993,5.265966,1.729964,104582,BACKGROUND_STABLE,11480,1.24549,2.023406,2.401815,0.84818,2.35166,3.333709,-0.483571,0.826517,449,1,0.827561,0.36324,0.877273,4170,86548,179.381801,-59.392419,59.392419,1.633057,AXIS_RESOLVED,34.71316,-24.06106,24.06106,1.641985,AXIS_RESOLVED,34.71316,-24.06106,24.06106,1.641985,AXIS_RESOLVED,TOP_COMPONENTS_TO_80_PERCENT_ENERGY,MULTIPLE_AXIS_REPRESENTATIONS_CONFLICT,0.618199,34.71316,34.71316,2.598148,32.733211,32.733211,COMPONENT_IDENTITY_SWITCH,PARTIAL_SUPPORT_BELOW_ENVELOPE,0.076594,0.64834,0,0
WGV35A_PAIR_0205_S2A_016,WGV35A_PAIR_0205,317,PV_GM19_WHITE_SUV_NEAR_FIELD,31,counterfactual,diagonal_center_shift,range+azimuth,shift,0.15,0,0.15,-0.15,,,SAR_MASK_S1_PARTIALLY_CENSORED_CENTER_INSIDE,SAR_MASK_S1_PARTIALLY_CENSORED_CENTER_INSIDE;bottom_near_range_mask;center_semantics_mask_censored_or_unconfirmed;bbox_bottom_within_110px_of_near_range_mask;observed_box_may_be_masked_response_center_not_full_vehicle_center,REAL_SAR_GRAY_REMEASURED,false,BASE_REGION_FROZEN_BACKGROUND,PERTURBED_LOCAL_RING_BACKGROUND,43,43,97983,8.483377,6.146443,1.380209,97983,BACKGROUND_STABLE,11550,1.294145,2.12909,2.505194,0.844432,2.158873,3.065328,-0.714676,0.996241,445,2,0.822837,0.328139,0.875795,3790,80624,1.973339,-52.968925,52.968925,1.574716,AXIS_RESOLVED,35.951457,-18.990807,18.990807,1.827129,AXIS_RESOLVED,35.951457,-18.990807,18.990807,1.827129,AXIS_RESOLVED,TOP_COMPONENTS_TO_80_PERCENT_ENERGY,MULTIPLE_AXIS_REPRESENTATIONS_CONFLICT,1.973339,35.951457,35.951457,3.825346,37.803464,37.803464,COMPONENT_IDENTITY_SWITCH,PARTIAL_SUPPORT_BELOW_ENVELOPE,0.07091,0.841127,0,0
WGV35A_PAIR_0205_S2A_017,WGV35A_PAIR_0205,317,PV_GM19_WHITE_SUV_NEAR_FIELD,31,counterfactual,diagonal_center_shift,range+azimuth,shift,0.15,0,0.15,0.15,,,SAR_MASK_S1_PARTIALLY_CENSORED_CENTER_INSIDE,SAR_MASK_S1_PARTIALLY_CENSORED_CENTER_INSIDE;bottom_near_range_mask;center_semantics_mask_censored_or_unconfirmed;bbox_bottom_within_110px_of_near_range_mask;observed_box_may_be_masked_response_center_not_full_vehicle_center,REAL_SAR_GRAY_REMEASURED,false,BASE_REGION_FROZEN_BACKGROUND,PERTURBED_LOCAL_RING_BACKGROUND,43,44,105021,9.224506,6.442017,1.431928,98754,BACKGROUND_STABLE,11385,1.251632,2.120655,2.529723,0.910739,2.243287,2.953697,-0.593808,0.890997,416,1,0.861894,0.390338,0.903762,4444,90517,5.137688,-53.50871,53.50871,1.57782,AXIS_RESOLVED,31.424101,-27.222298,27.222298,1.783895,AXIS_RESOLVED,31.424101,-27.222298,27.222298,1.783895,AXIS_RESOLVED,TOP_COMPONENTS_TO_80_PERCENT_ENERGY,MULTIPLE_AXIS_REPRESENTATIONS_CONFLICT,5.137688,31.424101,31.424101,3.285561,29.571973,29.571973,COMPONENT_IDENTITY_SWITCH,PARTIAL_SUPPORT_BELOW_ENVELOPE,0.079345,0.756713,0,0
WGV35A_PAIR_0205_S2A_018,WGV35A_PAIR_0205,317,PV_GM19_WHITE_SUV_NEAR_FIELD,31,counterfactual,diagonal_center_shift,range+azimuth,shift,0.3,0,-0.3,-0.3,,,SAR_MASK_S1_PARTIALLY_CENSORED_CENTER_INSIDE,SAR_MASK_S1_PARTIALLY_CENSORED_CENTER_INSIDE;bottom_near_range_mask;center_semantics_mask_censored_or_unconfirmed;bbox_bottom_within_110px_of_near_range_mask;observed_box_may_be_masked_response_center_not_full_vehicle_center,REAL_SAR_GRAY_REMEASURED,false,BASE_REGION_FROZEN_BACKGROUND,PERTURBED_LOCAL_RING_BACKGROUND,43,41,81422,7.049524,6.092887,1.157009,93456,BACKGROUND_STABLE,11550,1.05339,1.930559,2.478264,0.764715,2.230672,3.038588,-0.69594,1.008303,511,4,0.742502,0.243117,0.806355,2808,60456,178.425715,-54.272088,54.272088,2.032666,AXIS_RESOLVED,47.381626,-5.316178,5.316178,1.569467,AXIS_RESOLVED,166.218257,-66.479546,66.479546,,AXIS_COMPONENT_LAYOUT_RESOLVED,TOP_COMPONENTS_TO_80_PERCENT_ENERGY,MULTIPLE_AXIS_REPRESENTATIONS_CONFLICT,1.574285,47.381626,13.781743,2.522183,51.478093,9.685275,SAME_COMPONENT_PERSISTENT,PARTIAL_SUPPORT_BELOW_ENVELOPE,0.06944,0.769328,0,0
WGV35A_PAIR_0205_S2A_019,WGV35A_PAIR_0205,317,PV_GM19_WHITE_SUV_NEAR_FIELD,31,counterfactual,diagonal_center_shift,range+azimuth,shift,0.3,0,-0.3,0.3,,,SAR_MASK_S1_PARTIALLY_CENSORED_CENTER_INSIDE,SAR_MASK_S1_PARTIALLY_CENSORED_CENTER_INSIDE;bottom_near_range_mask;center_semantics_mask_censored_or_unconfirmed;bbox_bottom_within_110px_of_near_range_mask;observed_box_may_be_masked_response_center_not_full_vehicle_center,REAL_SAR_GRAY_REMEASURED,false,BASE_REGION_FROZEN_BACKGROUND,PERTURBED_LOCAL_RING_BACKGROUND,43,43,104776,9.071515,5.585774,1.624039,104776,BACKGROUND_STABLE,11550,1.212242,1.97115,2.35806,0.849156,2.395296,3.397556,-0.358195,0.709549,458,1,0.825647,0.369437,0.875267,4267,86508,179.148807,-61.741768,61.741768,1.657497,AXIS_RESOLVED,34.279519,-26.611056,26.611056,1.614497,AXIS_RESOLVED,34.279519,-26.611056,26.611056,1.614497,AXIS_RESOLVED,TOP_COMPONENTS_TO_80_PERCENT_ENERGY,MULTIPLE_AXIS_REPRESENTATIONS_CONFLICT,0.851193,34.279519,34.279519,4.947497,30.183215,30.183215,COMPONENT_IDENTITY_SWITCH,PARTIAL_SUPPORT_BELOW_ENVELOPE,0.02885,0.604704,0,0
WGV35A_PAIR_0205_S2A_020,WGV35A_PAIR_0205,317,PV_GM19_WHITE_SUV_NEAR_FIELD,31,counterfactual,diagonal_center_shift,range+azimuth,shift,0.3,0,0.3,-0.3,,,SAR_MASK_S1_PARTIALLY_CENSORED_CENTER_INSIDE,SAR_MASK_S1_PARTIALLY_CENSORED_CENTER_INSIDE;bottom_near_range_mask;center_semantics_mask_censored_or_unconfirmed;bbox_bottom_within_110px_of_near_range_mask;observed_box_may_be_masked_response_center_not_full_vehicle_center,REAL_SAR_GRAY_REMEASURED,false,BASE_REGION_FROZEN_BACKGROUND,PERTURBED_LOCAL_RING_BACKGROUND,43,43,86965,7.63856,7.05126,1.08329,86965,BACKGROUND_STABLE,11385,1.227579,2.14199,2.512813,0.875557,2.046932,2.946514,-0.775511,1.024574,456,2,0.80652,0.299253,0.865302,3407,70139,0.946225,-52.263547,52.263547,1.537364,AXIS_RESOLVED,36.079629,-17.130142,17.130142,1.888472,AXIS_RESOLVED,36.079629,-17.130142,17.130142,1.888472,AXIS_RESOLVED,TOP_COMPONENTS_TO_80_PERCENT_ENERGY,MULTIPLE_AXIS_REPRESENTATIONS_CONFLICT,0.946225,36.079629,36.079629,4.530724,39.664129,39.664129,COMPONENT_IDENTITY_SWITCH,PARTIAL_SUPPORT_BELOW_ENVELOPE,0.85801,0.053067,0,0
WGV35A_PAIR_0205_S2A_021,WGV35A_PAIR_0205,317,PV_GM19_WHITE_SUV_NEAR_FIELD,31,counterfactual,diagonal_center_shift,range+azimuth,shift,0.3,0,0.3,0.3,,,SAR_MASK_S1_PARTIALLY_CENSORED_CENTER_INSIDE,SAR_MASK_S1_PARTIALLY_CENSORED_CENTER_INSIDE;bottom_near_range_mask;center_semantics_mask_censored_or_unconfirmed;bbox_bottom_within_110px_of_near_range_mask;observed_box_may_be_masked_response_center_not_full_vehicle_center,REAL_SAR_GRAY_REMEASURED,false,BASE_REGION_FROZEN_BACKGROUND,PERTURBED_LOCAL_RING_BACKGROUND,43,45,96670,8.490997,10.833193,0.783794,84701,BACKGROUND_STABLE,11385,1.084605,2.183876,2.610389,1.044743,2.194245,2.71322,-0.478545,0.92814,406,1,0.910882,0.417655,0.935709,4755,88055,8.340539,-52.038368,52.038368,1.641465,AXIS_RESOLVED,22.864864,-37.514043,37.514043,1.775742,AXIS_RESOLVED,22.864864,-37.514043,37.514043,1.775742,AXIS_RESOLVED,TOP_COMPONENTS_TO_80_PERCENT_ENERGY,GLOBAL_AND_COMPONENT_AXIS_CONSISTENT,8.340539,22.864864,22.864864,4.755903,19.280228,19.280228,COMPONENT_SPLIT_OR_MERGE,PARTIAL_SUPPORT_BELOW_ENVELOPE,0.016124,0.805755,0,0
WGV35A_PAIR_0205_S2A_022,WGV35A_PAIR_0205,317,PV_GM19_WHITE_SUV_NEAR_FIELD,31,counterfactual,single_boundary_shift,range_near,near_outward,-0.15,0,0,0,range_near,,SAR_MASK_S1_PARTIALLY_CENSORED_CENTER_INSIDE,SAR_MASK_S1_PARTIALLY_CENSORED_CENTER_INSIDE;bottom_near_range_mask;center_semantics_mask_censored_or_unconfirmed;bbox_bottom_within_110px_of_near_range_mask;observed_box_may_be_masked_response_center_not_full_vehicle_center,REAL_SAR_GRAY_REMEASURED,false,BASE_REGION_FROZEN_BACKGROUND,PERTURBED_LOCAL_RING_BACKGROUND,43,38,165918,6.147843,3.590374,1.712313,240738,COUNTERFACTUAL_BACKGROUND_SENSITIVE,26988,1.815966,3.06463,3.530139,1.112183,2.221623,2.916734,-0.145439,1.113211,904,1,0.840138,0.315029,0.871473,8502,139394,54.621933,-2.172415,2.172415,1.166744,AXIS_NEAR_ISOTROPIC,53.576881,-3.217466,3.217466,1.786238,AXIS_RESOLVED,53.576881,-3.217466,3.217466,1.786238,AXIS_RESOLVED,TOP_COMPONENTS_TO_80_PERCENT_ENERGY,DOMINANT_COMPONENT_AXIS_ONLY,54.621933,53.576881,53.576881,54.621856,53.576805,53.576805,COMPONENT_IDENTITY_SWITCH,WITHIN_VEHICLE_PROJECTION_ENVELOPE,0.041164,0.032507,0,0
WGV35A_PAIR_0205_S2A_023,WGV35A_PAIR_0205,317,PV_GM19_WHITE_SUV_NEAR_FIELD,31,counterfactual,single_boundary_shift,range_near,near_inward,0.15,0,0,0,range_near,,SAR_MASK_S1_PARTIALLY_CENSORED_CENTER_INSIDE,SAR_MASK_S1_PARTIALLY_CENSORED_CENTER_INSIDE;bottom_near_range_mask;center_semantics_mask_censored_or_unconfirmed;bbox_bottom_within_110px_of_near_range_mask;observed_box_may_be_masked_response_center_not_full_vehicle_center,REAL_SAR_GRAY_REMEASURED,false,BASE_REGION_FROZEN_BACKGROUND,PERTURBED_LOCAL_RING_BACKGROUND,43,39,160110,6.38499,3.894834,1.639348,214553,BACKGROUND_STABLE,25076,1.759858,2.958736,3.341211,1.120415,2.226229,2.942307,-0.223646,1.110915,859,1,0.845088,0.32226,0.877559,8081,135307,54.597654,-2.196543,2.196543,1.111483,AXIS_NEAR_ISOTROPIC,52.934276,-3.859922,3.859922,1.715962,AXIS_RESOLVED,52.934276,-3.859922,3.859922,1.715962,AXIS_RESOLVED,TOP_COMPONENTS_TO_80_PERCENT_ENERGY,DOMINANT_COMPONENT_AXIS_ONLY,54.597654,52.934276,52.934276,54.597728,52.934349,52.934349,COMPONENT_IDENTITY_SWITCH,WITHIN_VEHICLE_PROJECTION_ENVELOPE,0.079202,0.025794,0,0
WGV35A_PAIR_0205_S2A_024,WGV35A_PAIR_0205,317,PV_GM19_WHITE_SUV_NEAR_FIELD,31,counterfactual,single_boundary_shift,range_far,far_inward,-0.15,0,0,0,range_far,,SAR_MASK_S1_PARTIALLY_CENSORED_CENTER_INSIDE,SAR_MASK_S1_PARTIALLY_CENSORED_CENTER_INSIDE;bottom_near_range_mask;center_semantics_mask_censored_or_unconfirmed;bbox_bottom_within_110px_of_near_range_mask;observed_box_may_be_masked_response_center_not_full_vehicle_center,REAL_SAR_GRAY_REMEASURED,false,BASE_REGION_FROZEN_BACKGROUND,PERTURBED_LOCAL_RING_BACKGROUND,43,38,161158,6.446578,3.417343,1.88643,231859,COUNTERFACTUAL_BACKGROUND_SENSITIVE,24999,1.773048,2.983366,3.380919,1.111301,2.219794,2.928591,-0.141384,1.108185,853,1,0.845468,0.324733,0.877729,8118,136254,54.443218,-2.35113,2.35113,1.117795,AXIS_NEAR_ISOTROPIC,53.433323,-3.361025,3.361025,1.741674,AXIS_RESOLVED,53.433323,-3.361025,3.361025,1.741674,AXIS_RESOLVED,TOP_COMPONENTS_TO_80_PERCENT_ENERGY,DOMINANT_COMPONENT_AXIS_ONLY,54.443218,53.433323,53.433323,54.443141,53.433246,53.433246,COMPONENT_IDENTITY_SWITCH,WITHIN_VEHICLE_PROJECTION_ENVELOPE,0.054572,0.032228,0,0
WGV35A_PAIR_0205_S2A_025,WGV35A_PAIR_0205,317,PV_GM19_WHITE_SUV_NEAR_FIELD,31,counterfactual,single_boundary_shift,range_far,far_outward,0.15,0,0,0,range_far,,SAR_MASK_S1_PARTIALLY_CENSORED_CENTER_INSIDE,SAR_MASK_S1_PARTIALLY_CENSORED_CENTER_INSIDE;bottom_near_range_mask;center_semantics_mask_censored_or_unconfirmed;bbox_bottom_within_110px_of_near_range_mask;observed_box_may_be_masked_response_center_not_full_vehicle_center,REAL_SAR_GRAY_REMEASURED,false,BASE_REGION_FROZEN_BACKGROUND,PERTURBED_LOCAL_RING_BACKGROUND,43,39,165988,6.176298,3.751071,1.646542,223844,BACKGROUND_STABLE,26875,1.816877,3.063712,3.526009,1.134101,2.256371,2.963281,-0.225828,1.10436,906,1,0.837338,0.315572,0.868659,8481,138988,52.25483,-4.539368,4.539368,1.167615,AXIS_NEAR_ISOTROPIC,52.363431,-4.430767,4.430767,1.767749,AXIS_RESOLVED,52.363431,-4.430767,4.430767,1.767749,AXIS_RESOLVED,TOP_COMPONENTS_TO_80_PERCENT_ENERGY,DOMINANT_COMPONENT_AXIS_ONLY,52.25483,52.363431,52.363431,52.254903,52.363504,52.363504,COMPONENT_IDENTITY_SWITCH,WITHIN_VEHICLE_PROJECTION_ENVELOPE,0.011239,0.046987,0,0
WGV35A_PAIR_0205_S2A_026,WGV35A_PAIR_0205,317,PV_GM19_WHITE_SUV_NEAR_FIELD,31,counterfactual,single_boundary_shift,azimuth_left,left_outward,-0.15,0,0,0,azimuth_left,,SAR_MASK_S1_PARTIALLY_CENSORED_CENTER_INSIDE,SAR_MASK_S1_PARTIALLY_CENSORED_CENTER_INSIDE;bottom_near_range_mask;center_semantics_mask_censored_or_unconfirmed;bbox_bottom_within_110px_of_near_range_mask;observed_box_may_be_masked_response_center_not_full_vehicle_center,REAL_SAR_GRAY_REMEASURED,false,BASE_REGION_FROZEN_BACKGROUND,PERTURBED_LOCAL_RING_BACKGROUND,43,38,163325,6.11109,3.634347,1.681482,236400,COUNTERFACTUAL_BACKGROUND_SENSITIVE,26726,1.797099,3.020638,3.437225,1.116103,2.226125,2.954145,-0.208276,1.180619,892,1,0.841953,0.310297,0.873785,8293,137512,54.88353,-0.953652,0.953652,1.140779,AXIS_NEAR_ISOTROPIC,53.259989,-2.577194,2.577194,1.75716,AXIS_RESOLVED,53.259989,-2.577194,2.577194,1.75716,AXIS_RESOLVED,TOP_COMPONENTS_TO_80_PERCENT_ENERGY,DOMINANT_COMPONENT_AXIS_ONLY,54.88353,53.259989,53.259989,55.840619,54.217077,54.217077,COMPONENT_IDENTITY_SWITCH,WITHIN_VEHICLE_PROJECTION_ENVELOPE,0.0173,0.025898,0,0
WGV35A_PAIR_0205_S2A_027,WGV35A_PAIR_0205,317,PV_GM19_WHITE_SUV_NEAR_FIELD,31,counterfactual,single_boundary_shift,azimuth_left,left_inward,0.15,0,0,0,azimuth_left,,SAR_MASK_S1_PARTIALLY_CENSORED_CENTER_INSIDE,SAR_MASK_S1_PARTIALLY_CENSORED_CENTER_INSIDE;bottom_near_range_mask;center_semantics_mask_censored_or_unconfirmed;bbox_bottom_within_110px_of_near_range_mask;observed_box_may_be_masked_response_center_not_full_vehicle_center,REAL_SAR_GRAY_REMEASURED,false,BASE_REGION_FROZEN_BACKGROUND,PERTURBED_LOCAL_RING_BACKGROUND,43,39,163285,6.439191,3.784191,1.701603,219335,BACKGROUND_STABLE,25358,1.786303,3.017139,3.453342,1.11309,2.2306,2.916851,-0.17137,1.038745,873,1,0.842386,0.327195,0.874226,8297,137549,55.2966,-2.45476,2.45476,1.145205,AXIS_NEAR_ISOTROPIC,53.241541,-4.509818,4.509818,1.757804,AXIS_RESOLVED,53.241541,-4.509818,4.509818,1.757804,AXIS_RESOLVED,TOP_COMPONENTS_TO_80_PERCENT_ENERGY,DOMINANT_COMPONENT_AXIS_ONLY,55.2966,53.241541,53.241541,54.339511,52.284453,52.284453,COMPONENT_IDENTITY_SWITCH,WITHIN_VEHICLE_PROJECTION_ENVELOPE,0.0208,0.021422,0,0
WGV35A_PAIR_0205_S2A_028,WGV35A_PAIR_0205,317,PV_GM19_WHITE_SUV_NEAR_FIELD,31,counterfactual,single_boundary_shift,azimuth_right,right_inward,-0.15,0,0,0,azimuth_right,,SAR_MASK_S1_PARTIALLY_CENSORED_CENTER_INSIDE,SAR_MASK_S1_PARTIALLY_CENSORED_CENTER_INSIDE;bottom_near_range_mask;center_semantics_mask_censored_or_unconfirmed;bbox_bottom_within_110px_of_near_range_mask;observed_box_may_be_masked_response_center_not_full_vehicle_center,REAL_SAR_GRAY_REMEASURED,false,BASE_REGION_FROZEN_BACKGROUND,PERTURBED_LOCAL_RING_BACKGROUND,43,39,156993,6.225928,3.525092,1.766174,210967,BACKGROUND_STABLE,25216,1.782037,3.014336,3.428522,1.057642,2.11707,2.838898,-0.224153,1.12547,866,1,0.835814,0.309684,0.86893,7809,131217,50.714366,-5.122817,5.122817,1.176758,AXIS_NEAR_ISOTROPIC,51.617402,-4.219781,4.219781,1.874599,AXIS_RESOLVED,51.617402,-4.219781,4.219781,1.874599,AXIS_RESOLVED,TOP_COMPONENTS_TO_80_PERCENT_ENERGY,DOMINANT_COMPONENT_AXIS_ONLY,50.714366,51.617402,51.617402,51.671454,52.57449,52.57449,COMPONENT_IDENTITY_SWITCH,WITHIN_VEHICLE_PROJECTION_ENVELOPE,0.021858,0.034968,0,0
WGV35A_PAIR_0205_S2A_029,WGV35A_PAIR_0205,317,PV_GM19_WHITE_SUV_NEAR_FIELD,31,counterfactual,single_boundary_shift,azimuth_right,right_outward,0.15,0,0,0,azimuth_right,,SAR_MASK_S1_PARTIALLY_CENSORED_CENTER_INSIDE,SAR_MASK_S1_PARTIALLY_CENSORED_CENTER_INSIDE;bottom_near_range_mask;center_semantics_mask_censored_or_unconfirmed;bbox_bottom_within_110px_of_near_range_mask;observed_box_may_be_masked_response_center_not_full_vehicle_center,REAL_SAR_GRAY_REMEASURED,false,BASE_REGION_FROZEN_BACKGROUND,PERTURBED_LOCAL_RING_BACKGROUND,43,39,170070,6.388325,3.688372,1.732018,227999,BACKGROUND_STABLE,26622,1.782698,3.001449,3.442141,1.190726,2.34329,3.03555,-0.154429,1.105085,897,1,0.849056,0.327135,0.879626,8709,144399,61.922788,4.171428,4.171428,1.094495,AXIS_NEAR_ISOTROPIC,54.762741,-2.988619,2.988619,1.620569,AXIS_RESOLVED,54.762741,-2.988619,2.988619,1.620569,AXIS_RESOLVED,TOP_COMPONENTS_TO_80_PERCENT_ENERGY,DOMINANT_COMPONENT_AXIS_ONLY,61.922788,54.762741,54.762741,52.622843,53.805652,53.805652,COMPONENT_IDENTITY_SWITCH,WITHIN_VEHICLE_PROJECTION_ENVELOPE,0.038235,0.008717,0,0
WGV35A_PAIR_0205_S2A_030,WGV35A_PAIR_0205,317,PV_GM19_WHITE_SUV_NEAR_FIELD,31,counterfactual,single_boundary_shift,range_near,near_outward,-0.3,0,0,0,range_near,,SAR_MASK_S1_PARTIALLY_CENSORED_CENTER_INSIDE,SAR_MASK_S1_PARTIALLY_CENSORED_CENTER_INSIDE;bottom_near_range_mask;center_semantics_mask_censored_or_unconfirmed;bbox_bottom_within_110px_of_near_range_mask;observed_box_may_be_masked_response_center_not_full_vehicle_center,REAL_SAR_GRAY_REMEASURED,false,BASE_REGION_FROZEN_BACKGROUND,PERTURBED_LOCAL_RING_BACKGROUND,43,38,167750,6.044392,3.453169,1.75039,244104,COUNTERFACTUAL_BACKGROUND_SENSITIVE,27753,1.838765,3.103859,3.612756,1.108085,2.207056,2.902577,-0.098051,1.114373,914,1,0.858307,0.329262,0.8893,9138,143981,53.853506,-2.940755,2.940755,1.192226,AXIS_NEAR_ISOTROPIC,56.086924,-0.707337,0.707337,1.797065,AXIS_RESOLVED,56.086924,-0.707337,0.707337,1.797065,AXIS_RESOLVED,TOP_COMPONENTS_TO_80_PERCENT_ENERGY,DOMINANT_COMPONENT_AXIS_ONLY,53.853506,56.086924,56.086924,53.853516,56.086934,56.086934,COMPONENT_IDENTITY_SWITCH,WITHIN_VEHICLE_PROJECTION_ENVELOPE,0,0,0.003859,0.007056
WGV35A_PAIR_0205_S2A_031,WGV35A_PAIR_0205,317,PV_GM19_WHITE_SUV_NEAR_FIELD,31,counterfactual,single_boundary_shift,range_near,near_inward,0.3,0,0,0,range_near,,SAR_MASK_S1_PARTIALLY_CENSORED_CENTER_INSIDE,SAR_MASK_S1_PARTIALLY_CENSORED_CENTER_INSIDE;bottom_near_range_mask;center_semantics_mask_censored_or_unconfirmed;bbox_bottom_within_110px_of_near_range_mask;observed_box_may_be_masked_response_center_not_full_vehicle_center,REAL_SAR_GRAY_REMEASURED,false,BASE_REGION_FROZEN_BACKGROUND,PERTURBED_LOCAL_RING_BACKGROUND,43,39,156122,6.451322,4.213483,1.531114,208874,BACKGROUND_STABLE,24200,1.724703,2.894848,3.247623,1.1277,2.221656,2.955522,-0.254195,1.110346,840,1,0.84817,0.325248,0.881471,7871,132418,52.873354,-3.920927,3.920927,1.082214,AXIS_NEAR_ISOTROPIC,52.634762,-4.159519,4.159519,1.677918,AXIS_RESOLVED,52.634762,-4.159519,4.159519,1.677918,AXIS_RESOLVED,TOP_COMPONENTS_TO_80_PERCENT_ENERGY,DOMINANT_COMPONENT_AXIS_ONLY,52.873354,52.634762,52.634762,52.873344,52.634752,52.634752,COMPONENT_IDENTITY_SWITCH,WITHIN_VEHICLE_PROJECTION_ENVELOPE,0.105152,0.078344,0,0
WGV35A_PAIR_0205_S2A_032,WGV35A_PAIR_0205,317,PV_GM19_WHITE_SUV_NEAR_FIELD,31,counterfactual,single_boundary_shift,range_far,far_inward,-0.3,0,0,0,range_far,,SAR_MASK_S1_PARTIALLY_CENSORED_CENTER_INSIDE,SAR_MASK_S1_PARTIALLY_CENSORED_CENTER_INSIDE;bottom_near_range_mask;center_semantics_mask_censored_or_unconfirmed;bbox_bottom_within_110px_of_near_range_mask;observed_box_may_be_masked_response_center_not_full_vehicle_center,REAL_SAR_GRAY_REMEASURED,false,BASE_REGION_FROZEN_BACKGROUND,PERTURBED_LOCAL_RING_BACKGROUND,43,38,159826,6.635088,3.466792,1.913899,228625,COUNTERFACTUAL_BACKGROUND_SENSITIVE,24088,1.757533,2.954608,3.335285,1.1108,2.229443,2.940422,-0.087768,1.111565,819,1,0.846533,0.329749,0.879062,7943,135298,54.690193,-2.104068,2.104068,1.096932,AXIS_NEAR_ISOTROPIC,53.904575,-2.889686,2.889686,1.71274,AXIS_RESOLVED,53.904575,-2.889686,2.889686,1.71274,AXIS_RESOLVED,TOP_COMPONENTS_TO_80_PERCENT_ENERGY,DOMINANT_COMPONENT_AXIS_ONLY,54.690193,53.904575,53.904575,54.690203,53.904585,53.904585,COMPONENT_IDENTITY_SWITCH,WITHIN_VEHICLE_PROJECTION_ENVELOPE,0.045392,0.070557,0,0
WGV35A_PAIR_0205_S2A_033,WGV35A_PAIR_0205,317,PV_GM19_WHITE_SUV_NEAR_FIELD,31,counterfactual,single_boundary_shift,range_far,far_outward,0.3,0,0,0,range_far,,SAR_MASK_S1_PARTIALLY_CENSORED_CENTER_INSIDE,SAR_MASK_S1_PARTIALLY_CENSORED_CENTER_INSIDE;bottom_near_range_mask;center_semantics_mask_censored_or_unconfirmed;bbox_bottom_within_110px_of_near_range_mask;observed_box_may_be_masked_response_center_not_full_vehicle_center,REAL_SAR_GRAY_REMEASURED,false,BASE_REGION_FROZEN_BACKGROUND,PERTURBED_LOCAL_RING_BACKGROUND,43,38,168448,6.094797,3.33545,1.827279,245627,COUNTERFACTUAL_BACKGROUND_SENSITIVE,27638,1.841095,3.112088,3.634172,1.144631,2.267788,2.95095,-0.260479,1.098361,932,1,0.828932,0.30961,0.859796,8557,139632,51.674167,-5.120114,5.120114,1.205534,AXIS_RESOLVED,51.514891,-5.27939,5.27939,1.791864,AXIS_RESOLVED,51.514891,-5.27939,5.27939,1.791864,AXIS_RESOLVED,TOP_COMPONENTS_TO_80_PERCENT_ENERGY,GLOBAL_AND_COMPONENT_AXIS_CONSISTENT,51.674167,51.514891,51.514891,51.674157,51.514881,51.514881,COMPONENT_IDENTITY_SWITCH,WITHIN_VEHICLE_PROJECTION_ENVELOPE,0.027093,0.036366,0,0
WGV35A_PAIR_0205_S2A_034,WGV35A_PAIR_0205,317,PV_GM19_WHITE_SUV_NEAR_FIELD,31,counterfactual,single_boundary_shift,azimuth_left,left_outward,-0.3,0,0,0,azimuth_left,,SAR_MASK_S1_PARTIALLY_CENSORED_CENTER_INSIDE,SAR_MASK_S1_PARTIALLY_CENSORED_CENTER_INSIDE;bottom_near_range_mask;center_semantics_mask_censored_or_unconfirmed;bbox_bottom_within_110px_of_near_range_mask;observed_box_may_be_masked_response_center_not_full_vehicle_center,REAL_SAR_GRAY_REMEASURED,false,BASE_REGION_FROZEN_BACKGROUND,PERTURBED_LOCAL_RING_BACKGROUND,43,38,163272,5.942133,3.565141,1.666732,236403,COUNTERFACTUAL_BACKGROUND_SENSITIVE,27477,1.796462,3.021255,3.428687,1.117476,2.227671,2.982972,-0.229952,1.251403,895,1,0.841871,0.301634,0.873714,8288,137454,54.581044,-0.299426,0.299426,1.13813,AXIS_NEAR_ISOTROPIC,53.268172,-1.612299,1.612299,1.756186,AXIS_RESOLVED,53.268172,-1.612299,1.612299,1.756186,AXIS_RESOLVED,TOP_COMPONENTS_TO_80_PERCENT_ENERGY,DOMINANT_COMPONENT_AXIS_ONLY,54.581044,53.268172,53.268172,56.494845,55.181972,55.181972,COMPONENT_IDENTITY_SWITCH,WITHIN_VEHICLE_PROJECTION_ENVELOPE,0.016683,0.024351,0,0
WGV35A_PAIR_0205_S2A_035,WGV35A_PAIR_0205,317,PV_GM19_WHITE_SUV_NEAR_FIELD,31,counterfactual,single_boundary_shift,azimuth_left,left_inward,0.3,0,0,0,azimuth_left,,SAR_MASK_S1_PARTIALLY_CENSORED_CENTER_INSIDE,SAR_MASK_S1_PARTIALLY_CENSORED_CENTER_INSIDE;bottom_near_range_mask;center_semantics_mask_censored_or_unconfirmed;bbox_bottom_within_110px_of_near_range_mask;observed_box_may_be_masked_response_center_not_full_vehicle_center,REAL_SAR_GRAY_REMEASURED,false,BASE_REGION_FROZEN_BACKGROUND,PERTURBED_LOCAL_RING_BACKGROUND,43,39,163018,6.65896,3.812734,1.746505,218741,BACKGROUND_STABLE,24481,1.776413,3.012432,3.459818,1.108841,2.232333,2.901355,-0.157843,0.970586,856,1,0.843355,0.338589,0.875247,8289,137482,55.903815,-2.804262,2.804262,1.151005,AXIS_NEAR_ISOTROPIC,53.281409,-5.426668,5.426668,1.756647,AXIS_RESOLVED,53.281409,-5.426668,5.426668,1.756647,AXIS_RESOLVED,TOP_COMPONENTS_TO_80_PERCENT_ENERGY,DOMINANT_COMPONENT_AXIS_ONLY,55.903815,53.281409,53.281409,53.990009,51.367603,51.367603,COMPONENT_IDENTITY_SWITCH,WITHIN_VEHICLE_PROJECTION_ENVELOPE,0.025506,0.01969,0,0
WGV35A_PAIR_0205_S2A_036,WGV35A_PAIR_0205,317,PV_GM19_WHITE_SUV_NEAR_FIELD,31,counterfactual,single_boundary_shift,azimuth_right,right_inward,-0.3,0,0,0,azimuth_right,,SAR_MASK_S1_PARTIALLY_CENSORED_CENTER_INSIDE,SAR_MASK_S1_PARTIALLY_CENSORED_CENTER_INSIDE;bottom_near_range_mask;center_semantics_mask_censored_or_unconfirmed;bbox_bottom_within_110px_of_near_range_mask;observed_box_may_be_masked_response_center_not_full_vehicle_center,REAL_SAR_GRAY_REMEASURED,false,BASE_REGION_FROZEN_BACKGROUND,PERTURBED_LOCAL_RING_BACKGROUND,43,39,149644,6.113408,3.886891,1.572827,201472,BACKGROUND_STABLE,24478,1.780018,3.020694,3.434084,0.991269,2.029171,2.764569,-0.26682,1.128709,833,1,0.829141,0.30219,0.863884,7397,124076,47.692328,-7.188142,7.188142,1.228197,AXIS_RESOLVED,50.288626,-4.591845,4.591845,2.048218,AXIS_RESOLVED,50.288626,-4.591845,4.591845,2.048218,AXIS_RESOLVED,TOP_COMPONENTS_TO_80_PERCENT_ENERGY,GLOBAL_AND_COMPONENT_AXIS_CONSISTENT,47.692328,50.288626,50.288626,49.606129,52.202426,52.202426,COMPONENT_IDENTITY_SWITCH,WITHIN_VEHICLE_PROJECTION_ENVELOPE,0.013754,0.022882,0,0
WGV35A_PAIR_0205_S2A_037,WGV35A_PAIR_0205,317,PV_GM19_WHITE_SUV_NEAR_FIELD,31,counterfactual,single_boundary_shift,azimuth_right,right_outward,0.3,0,0,0,azimuth_right,,SAR_MASK_S1_PARTIALLY_CENSORED_CENTER_INSIDE,SAR_MASK_S1_PARTIALLY_CENSORED_CENTER_INSIDE;bottom_near_range_mask;center_semantics_mask_censored_or_unconfirmed;bbox_bottom_within_110px_of_near_range_mask;observed_box_may_be_masked_response_center_not_full_vehicle_center,REAL_SAR_GRAY_REMEASURED,false,BASE_REGION_FROZEN_BACKGROUND,PERTURBED_LOCAL_RING_BACKGROUND,43,39,176998,6.469462,3.502998,1.846835,237003,BACKGROUND_STABLE,27359,1.761315,2.995365,3.465346,1.265179,2.456043,3.134566,-0.114978,1.097446,920,1,0.853173,0.33298,0.882547,9110,151010,75.811543,17.103466,17.103466,1.068894,AXIS_NEAR_ISOTROPIC,56.554509,-2.153568,2.153568,1.512604,AXIS_RESOLVED,56.554509,-2.153568,2.153568,1.512604,AXIS_RESOLVED,TOP_COMPONENTS_TO_80_PERCENT_ENERGY,DOMINANT_COMPONENT_AXIS_ONLY,75.811543,56.554509,56.554509,39.690805,54.640703,54.640703,COMPONENT_IDENTITY_SWITCH,WITHIN_VEHICLE_PROJECTION_ENVELOPE,0.004635,0.043957,0,0
WGV35A_PAIR_0205_S2A_038,WGV35A_PAIR_0205,317,PV_GM19_WHITE_SUV_NEAR_FIELD,31,counterfactual,scale_resize,range,resize,-0.15,0,0,0,,range,SAR_MASK_S1_PARTIALLY_CENSORED_CENTER_INSIDE,SAR_MASK_S1_PARTIALLY_CENSORED_CENTER_INSIDE;bottom_near_range_mask;center_semantics_mask_censored_or_unconfirmed;bbox_bottom_within_110px_of_near_range_mask;observed_box_may_be_masked_response_center_not_full_vehicle_center,REAL_SAR_GRAY_REMEASURED,false,BASE_REGION_FROZEN_BACKGROUND,PERTURBED_LOCAL_RING_BACKGROUND,43,38,160750,6.427172,3.593002,1.788803,231452,COUNTERFACTUAL_BACKGROUND_SENSITIVE,25011,1.765697,2.97012,3.358496,1.118179,2.224872,2.939565,-0.191354,1.111284,860,1,0.847067,0.324937,0.879409,8127,136166,54.653888,-2.140544,2.140544,1.110346,AXIS_NEAR_ISOTROPIC,53.395604,-3.398828,3.398828,1.727079,AXIS_RESOLVED,53.395604,-3.398828,3.398828,1.727079,AXIS_RESOLVED,TOP_COMPONENTS_TO_80_PERCENT_ENERGY,DOMINANT_COMPONENT_AXIS_ONLY,54.653888,53.395604,53.395604,54.653727,53.395443,53.395443,COMPONENT_IDENTITY_SWITCH,WITHIN_VEHICLE_PROJECTION_ENVELOPE,0.067818,0.02715,0,0
WGV35A_PAIR_0205_S2A_039,WGV35A_PAIR_0205,317,PV_GM19_WHITE_SUV_NEAR_FIELD,31,counterfactual,scale_resize,range,resize,0.15,0,0,0,,range,SAR_MASK_S1_PARTIALLY_CENSORED_CENTER_INSIDE,SAR_MASK_S1_PARTIALLY_CENSORED_CENTER_INSIDE;bottom_near_range_mask;center_semantics_mask_censored_or_unconfirmed;bbox_bottom_within_110px_of_near_range_mask;observed_box_may_be_masked_response_center_not_full_vehicle_center,REAL_SAR_GRAY_REMEASURED,false,BASE_REGION_FROZEN_BACKGROUND,PERTURBED_LOCAL_RING_BACKGROUND,43,39,165346,6.177926,3.670483,1.683137,222811,BACKGROUND_STABLE,26764,1.814579,3.057755,3.515067,1.117264,2.2308,2.926286,-0.187086,1.109024,918,1,0.838968,0.315312,0.870411,8439,138720,54.199271,-2.59516,2.59516,1.165055,AXIS_NEAR_ISOTROPIC,53.287973,-3.506458,3.506458,1.778717,AXIS_RESOLVED,53.287973,-3.506458,3.506458,1.778717,AXIS_RESOLVED,TOP_COMPONENTS_TO_80_PERCENT_ENERGY,DOMINANT_COMPONENT_AXIS_ONLY,54.199271,53.287973,53.287973,54.199111,53.287813,53.287813,COMPONENT_IDENTITY_SWITCH,WITHIN_VEHICLE_PROJECTION_ENVELOPE,0.048039,0.02333,0,0
WGV35A_PAIR_0205_S2A_040,WGV35A_PAIR_0205,317,PV_GM19_WHITE_SUV_NEAR_FIELD,31,counterfactual,scale_resize,azimuth,resize,-0.15,0,0,0,,azimuth,SAR_MASK_S1_PARTIALLY_CENSORED_CENTER_INSIDE,SAR_MASK_S1_PARTIALLY_CENSORED_CENTER_INSIDE;bottom_near_range_mask;center_semantics_mask_censored_or_unconfirmed;bbox_bottom_within_110px_of_near_range_mask;observed_box_may_be_masked_response_center_not_full_vehicle_center,REAL_SAR_GRAY_REMEASURED,false,BASE_REGION_FROZEN_BACKGROUND,PERTURBED_LOCAL_RING_BACKGROUND,43,39,159815,6.337841,3.515498,1.802829,214603,BACKGROUND_STABLE,25216,1.782126,3.009856,3.431091,1.081627,2.169147,2.867886,-0.200809,1.080292,865,1,0.839909,0.319083,0.87244,8046,134230,52.311268,-4.483164,4.483164,1.158445,AXIS_NEAR_ISOTROPIC,52.396229,-4.398203,4.398203,1.816292,AXIS_RESOLVED,52.396229,-4.398203,4.398203,1.816292,AXIS_RESOLVED,TOP_COMPONENTS_TO_80_PERCENT_ENERGY,DOMINANT_COMPONENT_AXIS_ONLY,52.311268,52.396229,52.396229,52.311107,52.396068,52.396068,COMPONENT_IDENTITY_SWITCH,WITHIN_VEHICLE_PROJECTION_ENVELOPE,0,0.030853,0.009856,0
WGV35A_PAIR_0205_S2A_041,WGV35A_PAIR_0205,317,PV_GM19_WHITE_SUV_NEAR_FIELD,31,counterfactual,scale_resize,azimuth,resize,0.15,0,0,0,,azimuth,SAR_MASK_S1_PARTIALLY_CENSORED_CENTER_INSIDE,SAR_MASK_S1_PARTIALLY_CENSORED_CENTER_INSIDE;bottom_near_range_mask;center_semantics_mask_censored_or_unconfirmed;bbox_bottom_within_110px_of_near_range_mask;observed_box_may_be_masked_response_center_not_full_vehicle_center,REAL_SAR_GRAY_REMEASURED,false,BASE_REGION_FROZEN_BACKGROUND,PERTURBED_LOCAL_RING_BACKGROUND,43,38,166249,6.228421,3.720788,1.673952,240301,COUNTERFACTUAL_BACKGROUND_SENSITIVE,26692,1.789899,3.010743,3.435682,1.14779,2.281447,2.985196,-0.179742,1.139045,896,1,0.845148,0.317661,0.87642,8479,140505,57.710555,0.916444,0.916444,1.118797,AXIS_NEAR_ISOTROPIC,53.914131,-2.879981,2.879981,1.692852,AXIS_RESOLVED,53.914131,-2.879981,2.879981,1.692852,AXIS_RESOLVED,TOP_COMPONENTS_TO_80_PERCENT_ENERGY,DOMINANT_COMPONENT_AXIS_ONLY,57.710555,53.914131,53.914131,55.877827,53.91429,53.91429,COMPONENT_IDENTITY_SWITCH,WITHIN_VEHICLE_PROJECTION_ENVELOPE,0,0.018553,0.010743,0
WGV35A_PAIR_0205_S2A_042,WGV35A_PAIR_0205,317,PV_GM19_WHITE_SUV_NEAR_FIELD,31,counterfactual,scale_resize,range,resize,-0.3,0,0,0,,range,SAR_MASK_S1_PARTIALLY_CENSORED_CENTER_INSIDE,SAR_MASK_S1_PARTIALLY_CENSORED_CENTER_INSIDE;bottom_near_range_mask;center_semantics_mask_censored_or_unconfirmed;bbox_bottom_within_110px_of_near_range_mask;observed_box_may_be_masked_response_center_not_full_vehicle_center,REAL_SAR_GRAY_REMEASURED,false,BASE_REGION_FROZEN_BACKGROUND,PERTURBED_LOCAL_RING_BACKGROUND,43,38,158071,6.56223,3.610507,1.817537,226644,COUNTERFACTUAL_BACKGROUND_SENSITIVE,24088,1.742933,2.92632,3.294168,1.117669,2.222603,2.948677,-0.176635,1.109611,831,1,0.848517,0.328296,0.881408,7908,134126,53.774163,-3.020269,3.020269,1.087316,AXIS_NEAR_ISOTROPIC,53.155629,-3.638802,3.638802,1.700008,AXIS_RESOLVED,53.155629,-3.638802,3.638802,1.700008,AXIS_RESOLVED,TOP_COMPONENTS_TO_80_PERCENT_ENERGY,DOMINANT_COMPONENT_AXIS_ONLY,53.774163,53.155629,53.155629,53.774002,53.155469,53.155469,COMPONENT_IDENTITY_SWITCH,WITHIN_VEHICLE_PROJECTION_ENVELOPE,0.07368,0.077397,0,0
WGV35A_PAIR_0205_S2A_043,WGV35A_PAIR_0205,317,PV_GM19_WHITE_SUV_NEAR_FIELD,31,counterfactual,scale_resize,range,resize,0.3,0,0,0,,range,SAR_MASK_S1_PARTIALLY_CENSORED_CENTER_INSIDE,SAR_MASK_S1_PARTIALLY_CENSORED_CENTER_INSIDE;bottom_near_range_mask;center_semantics_mask_censored_or_unconfirmed;bbox_bottom_within_110px_of_near_range_mask;observed_box_may_be_masked_response_center_not_full_vehicle_center,REAL_SAR_GRAY_REMEASURED,false,BASE_REGION_FROZEN_BACKGROUND,PERTURBED_LOCAL_RING_BACKGROUND,43,38,168683,6.049455,3.650175,1.657305,245846,COUNTERFACTUAL_BACKGROUND_SENSITIVE,27884,1.841015,3.109343,3.626906,1.131829,2.254494,2.952337,-0.18294,1.10797,928,1,0.835449,0.311792,0.86627,8694,140926,52.322217,-4.471894,4.471894,1.192285,AXIS_NEAR_ISOTROPIC,52.746115,-4.047996,4.047996,1.796009,AXIS_RESOLVED,52.746115,-4.047996,4.047996,1.796009,AXIS_RESOLVED,TOP_COMPONENTS_TO_80_PERCENT_ENERGY,DOMINANT_COMPONENT_AXIS_ONLY,52.322217,52.746115,52.746115,52.322377,52.746275,52.746275,COMPONENT_IDENTITY_SWITCH,WITHIN_VEHICLE_PROJECTION_ENVELOPE,0,0,0.003549,0.000365
WGV35A_PAIR_0205_S2A_044,WGV35A_PAIR_0205,317,PV_GM19_WHITE_SUV_NEAR_FIELD,31,counterfactual,scale_resize,azimuth,resize,-0.3,0,0,0,,azimuth,SAR_MASK_S1_PARTIALLY_CENSORED_CENTER_INSIDE,SAR_MASK_S1_PARTIALLY_CENSORED_CENTER_INSIDE;bottom_near_range_mask;center_semantics_mask_censored_or_unconfirmed;bbox_bottom_within_110px_of_near_range_mask;observed_box_may_be_masked_response_center_not_full_vehicle_center,REAL_SAR_GRAY_REMEASURED,false,BASE_REGION_FROZEN_BACKGROUND,PERTURBED_LOCAL_RING_BACKGROUND,43,39,157038,6.386774,3.580935,1.78355,210969,BACKGROUND_STABLE,24588,1.78036,3.012125,3.436104,1.052893,2.117176,2.814503,-0.206563,1.055095,859,1,0.835982,0.317879,0.869089,7816,131281,51.052559,-5.741552,5.741552,1.18011,AXIS_NEAR_ISOTROPIC,51.630039,-5.164072,5.164072,1.87581,AXIS_RESOLVED,51.630039,-5.164072,5.164072,1.87581,AXIS_RESOLVED,TOP_COMPONENTS_TO_80_PERCENT_ENERGY,DOMINANT_COMPONENT_AXIS_ONLY,51.052559,51.630039,51.630039,51.052719,51.630199,51.630199,COMPONENT_IDENTITY_SWITCH,WITHIN_VEHICLE_PROJECTION_ENVELOPE,0.024068,0.034862,0,0
WGV35A_PAIR_0205_S2A_045,WGV35A_PAIR_0205,317,PV_GM19_WHITE_SUV_NEAR_FIELD,31,counterfactual,scale_resize,azimuth,resize,0.3,0,0,0,,azimuth,SAR_MASK_S1_PARTIALLY_CENSORED_CENTER_INSIDE,SAR_MASK_S1_PARTIALLY_CENSORED_CENTER_INSIDE;bottom_near_range_mask;center_semantics_mask_censored_or_unconfirmed;bbox_bottom_within_110px_of_near_range_mask;observed_box_may_be_masked_response_center_not_full_vehicle_center,REAL_SAR_GRAY_REMEASURED,false,BASE_REGION_FROZEN_BACKGROUND,PERTURBED_LOCAL_RING_BACKGROUND,43,38,170137,6.218685,3.606349,1.724371,245527,COUNTERFACTUAL_BACKGROUND_SENSITIVE,27359,1.788597,3.004808,3.433395,1.188434,2.339403,3.045424,-0.173412,1.176566,905,1,0.848892,0.318396,0.87945,8711,144428,61.721173,4.926741,4.926741,1.093274,AXIS_NEAR_ISOTROPIC,54.764484,-2.029947,2.029947,1.621041,AXIS_RESOLVED,54.764484,-2.029947,2.029947,1.621041,AXIS_RESOLVED,TOP_COMPONENTS_TO_80_PERCENT_ENERGY,DOMINANT_COMPONENT_AXIS_ONLY,61.721173,54.764484,54.764484,51.86753,54.764324,54.764324,COMPONENT_IDENTITY_SWITCH,WITHIN_VEHICLE_PROJECTION_ENVELOPE,0.034875,0.012604,0,0
WGV35A_PAIR_0205_S2A_046,WGV35A_PAIR_0205,317,PV_GM19_WHITE_SUV_NEAR_FIELD,31,counterfactual,local_region_rotation,gt_region,rotate,0,-30,0,0,,,SAR_MASK_S1_PARTIALLY_CENSORED_CENTER_INSIDE,SAR_MASK_S1_PARTIALLY_CENSORED_CENTER_INSIDE;bottom_near_range_mask;center_semantics_mask_censored_or_unconfirmed;bbox_bottom_within_110px_of_near_range_mask;observed_box_may_be_masked_response_center_not_full_vehicle_center,REAL_SAR_GRAY_REMEASURED,false,BASE_REGION_FROZEN_BACKGROUND,PERTURBED_LOCAL_RING_BACKGROUND,43,43,80285,6.964348,7.190866,0.968499,80285,BACKGROUND_STABLE,11528,0.835185,1.470028,1.773938,1.220375,2.558475,3.467135,-0.057158,0.935208,450,4,0.735953,0.302134,0.80071,3483,59086,152.205775,-84.588336,84.588336,2.104498,AXIS_RESOLVED,4.708976,-52.085135,52.085135,1.885231,AXIS_RESOLVED,126.602007,69.807895,69.807895,,AXIS_COMPONENT_LAYOUT_RESOLVED,TOP_COMPONENTS_TO_80_PERCENT_ENERGY,MULTIPLE_AXIS_REPRESENTATIONS_CONFLICT,27.794225,4.708976,53.397993,27.794065,4.709136,13.013624,SAME_COMPONENT_PERSISTENT,PARTIAL_SUPPORT_BELOW_ENVELOPE,0.029972,0.441525,0,0
WGV35A_PAIR_0205_S2A_047,WGV35A_PAIR_0205,317,PV_GM19_WHITE_SUV_NEAR_FIELD,31,counterfactual,local_region_rotation,gt_region,rotate,0,-15,0,0,,,SAR_MASK_S1_PARTIALLY_CENSORED_CENTER_INSIDE,SAR_MASK_S1_PARTIALLY_CENSORED_CENTER_INSIDE;bottom_near_range_mask;center_semantics_mask_censored_or_unconfirmed;bbox_bottom_within_110px_of_near_range_mask;observed_box_may_be_masked_response_center_not_full_vehicle_center,REAL_SAR_GRAY_REMEASURED,false,BASE_REGION_FROZEN_BACKGROUND,PERTURBED_LOCAL_RING_BACKGROUND,43,41,89795,7.944351,10.026031,0.792373,102963,BACKGROUND_STABLE,11303,0.913699,1.79175,2.092051,1.156931,2.542959,3.478549,-0.329876,0.961524,431,3,0.785244,0.33062,0.843143,3737,70511,161.008026,-75.786085,75.786085,1.791959,AXIS_RESOLVED,28.055628,-28.738483,28.738483,1.295679,AXIS_RESOLVED,138.837379,82.043268,82.043268,,AXIS_COMPONENT_LAYOUT_RESOLVED,TOP_COMPONENTS_TO_80_PERCENT_ENERGY,MULTIPLE_AXIS_REPRESENTATIONS_CONFLICT,18.991974,28.055628,41.162621,18.991814,28.055788,25.248997,SAME_COMPONENT_PERSISTENT,PARTIAL_SUPPORT_BELOW_ENVELOPE,0.00825,0.457041,0,0
WGV35A_PAIR_0205_S2A_048,WGV35A_PAIR_0205,317,PV_GM19_WHITE_SUV_NEAR_FIELD,31,counterfactual,local_region_rotation,gt_region,rotate,0,-10,0,0,,,SAR_MASK_S1_PARTIALLY_CENSORED_CENTER_INSIDE,SAR_MASK_S1_PARTIALLY_CENSORED_CENTER_INSIDE;bottom_near_range_mask;center_semantics_mask_censored_or_unconfirmed;bbox_bottom_within_110px_of_near_range_mask;observed_box_may_be_masked_response_center_not_full_vehicle_center,REAL_SAR_GRAY_REMEASURED,false,BASE_REGION_FROZEN_BACKGROUND,PERTURBED_LOCAL_RING_BACKGROUND,43,43,98063,8.675838,7.733049,1.121917,98063,BACKGROUND_STABLE,11303,1.077502,1.949178,2.24676,0.971636,2.388719,3.335699,-0.476355,0.965887,430,2,0.817495,0.35088,0.870461,3966,80166,169.967155,-66.826956,66.826956,1.636928,AXIS_RESOLVED,31.453539,-25.340573,25.340573,1.513967,AXIS_RESOLVED,31.453539,-25.340573,25.340573,1.513967,AXIS_RESOLVED,TOP_COMPONENTS_TO_80_PERCENT_ENERGY,MULTIPLE_AXIS_REPRESENTATIONS_CONFLICT,10.032845,31.453539,31.453539,10.032685,31.453698,31.453698,COMPONENT_IDENTITY_SWITCH,PARTIAL_SUPPORT_BELOW_ENVELOPE,0.050822,0.611281,0,0
WGV35A_PAIR_0205_S2A_049,WGV35A_PAIR_0205,317,PV_GM19_WHITE_SUV_NEAR_FIELD,31,counterfactual,local_region_rotation,gt_region,rotate,0,-5,0,0,,,SAR_MASK_S1_PARTIALLY_CENSORED_CENTER_INSIDE,SAR_MASK_S1_PARTIALLY_CENSORED_CENTER_INSIDE;bottom_near_range_mask;center_semantics_mask_censored_or_unconfirmed;bbox_bottom_within_110px_of_near_range_mask;observed_box_may_be_masked_response_center_not_full_vehicle_center,REAL_SAR_GRAY_REMEASURED,false,BASE_REGION_FROZEN_BACKGROUND,PERTURBED_LOCAL_RING_BACKGROUND,43,41,101647,9.036895,5.257384,1.718896,114833,BACKGROUND_STABLE,11248,1.211234,2.001232,2.322978,0.863919,2.292884,3.230279,-0.574908,0.951111,429,2,0.825396,0.352863,0.876494,3969,83899,176.13829,-60.655821,60.655821,1.619861,AXIS_RESOLVED,34.707154,-22.086958,22.086958,1.624195,AXIS_RESOLVED,34.707154,-22.086958,22.086958,1.624195,AXIS_RESOLVED,TOP_COMPONENTS_TO_80_PERCENT_ENERGY,MULTIPLE_AXIS_REPRESENTATIONS_CONFLICT,3.86171,34.707154,34.707154,3.86155,34.707313,34.707313,COMPONENT_IDENTITY_SWITCH,PARTIAL_SUPPORT_BELOW_ENVELOPE,0,0.707116,0.001232,0
WGV35A_PAIR_0205_S2A_050,WGV35A_PAIR_0205,317,PV_GM19_WHITE_SUV_NEAR_FIELD,31,counterfactual,local_region_rotation,gt_region,rotate,0,0,0,0,,,SAR_MASK_S1_PARTIALLY_CENSORED_CENTER_INSIDE,SAR_MASK_S1_PARTIALLY_CENSORED_CENTER_INSIDE;bottom_near_range_mask;center_semantics_mask_censored_or_unconfirmed;bbox_bottom_within_110px_of_near_range_mask;observed_box_may_be_masked_response_center_not_full_vehicle_center,REAL_SAR_GRAY_REMEASURED,false,BASE_REGION_FROZEN_BACKGROUND,PERTURBED_LOCAL_RING_BACKGROUND,43,43,102679,9.018797,5.07647,1.776588,102679,BACKGROUND_STABLE,11385,1.266921,2.064677,2.428399,0.843388,2.291971,3.168217,-0.610054,0.936533,437,2,0.829332,0.352218,0.879917,4010,85155,0.303785,-56.490326,56.490326,1.61658,AXIS_RESOLVED,34.573459,-22.220652,22.220652,1.705979,AXIS_RESOLVED,34.573459,-22.220652,22.220652,1.705979,AXIS_RESOLVED,TOP_COMPONENTS_TO_80_PERCENT_ENERGY,MULTIPLE_AXIS_REPRESENTATIONS_CONFLICT,0.303785,34.573459,34.573459,0.303945,34.573619,34.573619,COMPONENT_IDENTITY_SWITCH,PARTIAL_SUPPORT_BELOW_ENVELOPE,0.035323,0.70803,0,0
WGV35A_PAIR_0205_S2A_051,WGV35A_PAIR_0205,317,PV_GM19_WHITE_SUV_NEAR_FIELD,31,counterfactual,local_region_rotation,gt_region,rotate,0,5,0,0,,,SAR_MASK_S1_PARTIALLY_CENSORED_CENTER_INSIDE,SAR_MASK_S1_PARTIALLY_CENSORED_CENTER_INSIDE;bottom_near_range_mask;center_semantics_mask_censored_or_unconfirmed;bbox_bottom_within_110px_of_near_range_mask;observed_box_may_be_masked_response_center_not_full_vehicle_center,REAL_SAR_GRAY_REMEASURED,false,BASE_REGION_FROZEN_BACKGROUND,PERTURBED_LOCAL_RING_BACKGROUND,43,43,98460,8.753556,5.653164,1.548435,98460,BACKGROUND_STABLE,11248,1.243625,2.121723,2.536116,0.794568,2.138152,3.044539,-0.652687,0.884306,442,2,0.825442,0.342817,0.878194,3856,81273,5.244734,-51.549377,51.549377,1.664367,AXIS_RESOLVED,35.338691,-21.45542,21.45542,1.892782,AXIS_RESOLVED,35.338691,-21.45542,21.45542,1.892782,AXIS_RESOLVED,TOP_COMPONENTS_TO_80_PERCENT_ENERGY,MULTIPLE_AXIS_REPRESENTATIONS_CONFLICT,5.244734,35.338691,35.338691,5.244894,35.338851,35.338851,COMPONENT_IDENTITY_SWITCH,PARTIAL_SUPPORT_BELOW_ENVELOPE,0.078277,0.861848,0,0
WGV35A_PAIR_0205_S2A_052,WGV35A_PAIR_0205,317,PV_GM19_WHITE_SUV_NEAR_FIELD,31,counterfactual,local_region_rotation,gt_region,rotate,0,10,0,0,,,SAR_MASK_S1_PARTIALLY_CENSORED_CENTER_INSIDE,SAR_MASK_S1_PARTIALLY_CENSORED_CENTER_INSIDE;bottom_near_range_mask;center_semantics_mask_censored_or_unconfirmed;bbox_bottom_within_110px_of_near_range_mask;observed_box_may_be_masked_response_center_not_full_vehicle_center,REAL_SAR_GRAY_REMEASURED,false,BASE_REGION_FROZEN_BACKGROUND,PERTURBED_LOCAL_RING_BACKGROUND,43,44,94821,8.389012,6.115992,1.371652,89002,BACKGROUND_STABLE,11303,1.230875,2.21573,2.683981,0.775842,1.966569,2.829596,-0.677771,0.840506,457,2,0.821907,0.331063,0.876683,3742,77934,11.305366,-45.488746,45.488746,1.71412,AXIS_RESOLVED,35.91977,-20.874341,20.874341,2.153253,AXIS_RESOLVED,35.91977,-20.874341,20.874341,2.153253,AXIS_RESOLVED,TOP_COMPONENTS_TO_80_PERCENT_ENERGY,MULTIPLE_AXIS_REPRESENTATIONS_CONFLICT,11.305366,35.91977,35.91977,11.305525,35.91993,35.91993,COMPONENT_IDENTITY_SWITCH,PARTIAL_SUPPORT_BELOW_ENVELOPE,0.784271,0.033432,0,0
WGV35A_PAIR_0205_S2A_053,WGV35A_PAIR_0205,317,PV_GM19_WHITE_SUV_NEAR_FIELD,31,counterfactual,local_region_rotation,gt_region,rotate,0,15,0,0,,,SAR_MASK_S1_PARTIALLY_CENSORED_CENTER_INSIDE,SAR_MASK_S1_PARTIALLY_CENSORED_CENTER_INSIDE;bottom_near_range_mask;center_semantics_mask_censored_or_unconfirmed;bbox_bottom_within_110px_of_near_range_mask;observed_box_may_be_masked_response_center_not_full_vehicle_center,REAL_SAR_GRAY_REMEASURED,false,BASE_REGION_FROZEN_BACKGROUND,PERTURBED_LOCAL_RING_BACKGROUND,43,44,88706,7.848005,7.201735,1.089738,83044,BACKGROUND_STABLE,11303,1.20118,2.292861,2.850104,0.770826,1.821445,2.471312,-0.709846,0.802358,469,2,0.818524,0.316907,0.877077,3582,72608,17.652271,-39.14184,39.14184,1.837553,AXIS_RESOLVED,35.741733,-21.052378,21.052378,2.517229,AXIS_RESOLVED,35.741733,-21.052378,21.052378,2.517229,AXIS_RESOLVED,TOP_COMPONENTS_TO_80_PERCENT_ENERGY,GLOBAL_AND_COMPONENT_AXIS_CONSISTENT,17.652271,35.741733,35.741733,17.652431,35.741893,35.741893,COMPONENT_IDENTITY_SWITCH,PARTIAL_SUPPORT_BELOW_ENVELOPE,0.707139,0.078555,0,0
WGV35A_PAIR_0205_S2A_054,WGV35A_PAIR_0205,317,PV_GM19_WHITE_SUV_NEAR_FIELD,31,counterfactual,local_region_rotation,gt_region,rotate,0,30,0,0,,,SAR_MASK_S1_PARTIALLY_CENSORED_CENTER_INSIDE,SAR_MASK_S1_PARTIALLY_CENSORED_CENTER_INSIDE;bottom_near_range_mask;center_semantics_mask_censored_or_unconfirmed;bbox_bottom_within_110px_of_near_range_mask;observed_box_may_be_masked_response_center_not_full_vehicle_center,REAL_SAR_GRAY_REMEASURED,false,BASE_REGION_FROZEN_BACKGROUND,PERTURBED_LOCAL_RING_BACKGROUND,43,44,80150,6.952637,6.991346,0.994463,74514,BACKGROUND_STABLE,11528,1.022284,2.676223,3.220693,0.911402,1.739743,2.184253,-0.684317,0.703981,522,2,0.781747,0.278973,0.846613,3216,62657,30.893562,-25.90055,25.90055,2.235055,AXIS_RESOLVED,35.338147,-21.455965,21.455965,3.686388,AXIS_RESOLVED,153.867404,-82.926708,82.926708,128151026.989427,AXIS_COMPONENT_LAYOUT_RESOLVED,TOP_COMPONENTS_TO_80_PERCENT_ENERGY,GLOBAL_AND_COMPONENT_AXIS_CONSISTENT,30.893562,35.338147,26.132596,30.893721,35.338306,26.132437,SAME_COMPONENT_PERSISTENT,PARTIAL_SUPPORT_BELOW_ENVELOPE,0.323777,0.060257,0,0
WGV35A_PAIR_0205_S2A_055,WGV35A_PAIR_0205,317,PV_GM19_WHITE_SUV_NEAR_FIELD,31,counterfactual,local_region_rotation,gt_region,rotate,0,90,0,0,,,SAR_MASK_S1_PARTIALLY_CENSORED_CENTER_INSIDE,SAR_MASK_S1_PARTIALLY_CENSORED_CENTER_INSIDE;bottom_near_range_mask;center_semantics_mask_censored_or_unconfirmed;bbox_bottom_within_110px_of_near_range_mask;observed_box_may_be_masked_response_center_not_full_vehicle_center,REAL_SAR_GRAY_REMEASURED,false,BASE_REGION_FROZEN_BACKGROUND,PERTURBED_LOCAL_RING_BACKGROUND,43,40,63807,5.524416,4.651046,1.187779,83450,BACKGROUND_STABLE,11550,1.091213,2.292416,2.901244,1.14097,2.198831,2.810847,0.577943,0.571985,513,3,0.722789,0.295758,0.804269,3416,46119,97.120378,40.326267,40.326267,2.001795,AXIS_RESOLVED,121.314818,64.520707,64.520707,1.137577,AXIS_NEAR_ISOTROPIC,92.64692,35.852809,35.852809,1362210274.898792,AXIS_COMPONENT_LAYOUT_RESOLVED,TOP_COMPONENTS_TO_80_PERCENT_ENERGY,COMPONENT_LAYOUT_AXIS_ONLY,82.879622,58.685182,87.35308,16.468004,7.726436,20.941462,COMPONENT_IDENTITY_SWITCH,PARTIAL_SUPPORT_BELOW_ENVELOPE,0.707584,0.001169,0,0
WGV35A_PAIR_0205_S2A_056,WGV35A_PAIR_0205,317,PV_GM19_WHITE_SUV_NEAR_FIELD,31,matched_background,matched_background,deterministic_offset,control,0,0,-1.8,-1.8,,,SAR_MASK_S1_PARTIALLY_CENSORED_CENTER_INSIDE,SAR_MASK_S1_PARTIALLY_CENSORED_CENTER_INSIDE;bottom_near_range_mask;center_semantics_mask_censored_or_unconfirmed;bbox_bottom_within_110px_of_near_range_mask;observed_box_may_be_masked_response_center_not_full_vehicle_center,REAL_SAR_GRAY_REMEASURED,false,BASE_REGION_FROZEN_BACKGROUND,PERTURBED_LOCAL_RING_BACKGROUND,43,0,4031,0.354062,0.757983,0.467111,149977,COUNTERFACTUAL_BACKGROUND_SENSITIVE,11385,0.694578,1.677037,1.878703,0.392675,0.831039,1.132513,-1.015005,1.238773,200,2,0.58968,0.028986,0.673282,330,2377,178.367913,-24.627562,24.627562,3.354842,AXIS_RESOLVED,178.12919,-24.866285,24.866285,3.3606,AXIS_RESOLVED,177.058915,-25.936559,25.936559,6.82441,AXIS_COMPONENT_LAYOUT_RESOLVED,TOP_COMPONENTS_TO_80_PERCENT_ENERGY,GLOBAL_AND_COMPONENT_AXIS_CONSISTENT,1.632087,1.87081,2.941085,32.166709,31.927986,30.857712,COMPONENT_IDENTITY_SWITCH,PARTIAL_SUPPORT_BELOW_ENVELOPE,1.322963,0.568961,0,0
WGV35A_PAIR_0206_S2A_001,WGV35A_PAIR_0206,319,PV_GM19_WHITE_SUV_NEAR_FIELD,77,gt_original,gt_original,gt,original,0,0,0,0,,,SAR_MASK_S1_PARTIALLY_CENSORED_CENTER_INSIDE,SAR_MASK_S1_PARTIALLY_CENSORED_CENTER_INSIDE;bottom_near_range_mask;center_semantics_mask_censored_or_unconfirmed;bbox_bottom_within_110px_of_near_range_mask;observed_box_may_be_masked_response_center_not_full_vehicle_center,REAL_SAR_GRAY_REMEASURED,false,BASE_REGION_FROZEN_BACKGROUND,PERTURBED_LOCAL_RING_BACKGROUND,36,36,80486,6.312627,3.267068,1.932199,80486,BACKGROUND_STABLE,12750,1.474476,2.994544,3.552004,1.161987,2.402475,2.930071,-0.395181,-0.549045,257,1,0.948587,0.56251,0.957732,7172,76348,167.325345,34.444581,34.444581,2.495692,AXIS_RESOLVED,165.31955,32.438786,32.438786,2.493631,AXIS_RESOLVED,165.31955,32.438786,32.438786,2.493631,AXIS_RESOLVED,TOP_COMPONENTS_TO_80_PERCENT_ENERGY,GLOBAL_AND_COMPONENT_AXIS_CONSISTENT,12.674655,14.68045,14.68045,12.674655,14.68045,14.68045,SAME_COMPONENT_PERSISTENT,WITHIN_VEHICLE_PROJECTION_ENVELOPE,0.005456,0,0,0.002475
WGV35A_PAIR_0206_S2A_002,WGV35A_PAIR_0206,319,PV_GM19_WHITE_SUV_NEAR_FIELD,77,counterfactual,center_shift,range,shift,-0.15,0,-0.15,0,,,SAR_MASK_S1_PARTIALLY_CENSORED_CENTER_INSIDE,SAR_MASK_S1_PARTIALLY_CENSORED_CENTER_INSIDE;bottom_near_range_mask;center_semantics_mask_censored_or_unconfirmed;bbox_bottom_within_110px_of_near_range_mask;observed_box_may_be_masked_response_center_not_full_vehicle_center,REAL_SAR_GRAY_REMEASURED,false,BASE_REGION_FROZEN_BACKGROUND,PERTURBED_LOCAL_RING_BACKGROUND,36,37,78862,6.185255,3.464257,1.785449,70803,BACKGROUND_STABLE,12750,1.386524,2.988251,3.622663,1.143141,2.367879,2.897062,-0.3715,-0.566289,277,1,0.951434,0.548078,0.954186,6988,75032,167.414896,34.534002,34.534002,2.470274,AXIS_RESOLVED,165.30543,32.424536,32.424536,2.512274,AXIS_RESOLVED,165.30543,32.424536,32.424536,2.512274,AXIS_RESOLVED,TOP_COMPONENTS_TO_80_PERCENT_ENERGY,GLOBAL_AND_COMPONENT_AXIS_CONSISTENT,12.585104,14.69457,14.69457,12.585234,14.6947,14.6947,SAME_COMPONENT_PERSISTENT,WITHIN_VEHICLE_PROJECTION_ENVELOPE,0.011749,0.032121,0,0
WGV35A_PAIR_0206_S2A_003,WGV35A_PAIR_0206,319,PV_GM19_WHITE_SUV_NEAR_FIELD,77,counterfactual,center_shift,range,shift,0.15,0,0.15,0,,,SAR_MASK_S1_PARTIALLY_CENSORED_CENTER_INSIDE,SAR_MASK_S1_PARTIALLY_CENSORED_CENTER_INSIDE;bottom_near_range_mask;center_semantics_mask_censored_or_unconfirmed;bbox_bottom_within_110px_of_near_range_mask;observed_box_may_be_masked_response_center_not_full_vehicle_center,REAL_SAR_GRAY_REMEASURED,false,BASE_REGION_FROZEN_BACKGROUND,PERTURBED_LOCAL_RING_BACKGROUND,36,37,81885,6.384795,3.3892,1.883865,73491,BACKGROUND_STABLE,12825,1.556169,2.989818,3.539449,1.157264,2.419702,2.958299,-0.43575,-0.542878,256,1,0.944324,0.565068,0.959297,7247,77326,167.243301,34.362659,34.362659,2.488255,AXIS_RESOLVED,165.224371,32.343729,32.343729,2.435206,AXIS_RESOLVED,165.224371,32.343729,32.343729,2.435206,AXIS_RESOLVED,TOP_COMPONENTS_TO_80_PERCENT_ENERGY,GLOBAL_AND_COMPONENT_AXIS_CONSISTENT,12.756699,14.775629,14.775629,12.756577,14.775507,14.775507,SAME_COMPONENT_PERSISTENT,WITHIN_VEHICLE_PROJECTION_ENVELOPE,0.051611,0.03229,0,0
WGV35A_PAIR_0206_S2A_004,WGV35A_PAIR_0206,319,PV_GM19_WHITE_SUV_NEAR_FIELD,77,counterfactual,center_shift,azimuth,shift,-0.15,0,0,-0.15,,,SAR_MASK_S1_PARTIALLY_CENSORED_CENTER_INSIDE,SAR_MASK_S1_PARTIALLY_CENSORED_CENTER_INSIDE;bottom_near_range_mask;center_semantics_mask_censored_or_unconfirmed;bbox_bottom_within_110px_of_near_range_mask;observed_box_may_be_masked_response_center_not_full_vehicle_center,REAL_SAR_GRAY_REMEASURED,false,BASE_REGION_FROZEN_BACKGROUND,PERTURBED_LOCAL_RING_BACKGROUND,36,37,82123,6.403353,3.512,1.823278,73620,BACKGROUND_STABLE,12825,1.495771,2.935093,3.460066,1.174001,2.458004,2.999912,-0.350982,-0.444686,266,1,0.951475,0.579025,0.95553,7426,78138,167.309707,36.121076,36.121076,2.441909,AXIS_RESOLVED,165.287485,34.098855,34.098855,2.468961,AXIS_RESOLVED,165.287485,34.098855,34.098855,2.468961,AXIS_RESOLVED,TOP_COMPONENTS_TO_80_PERCENT_ENERGY,GLOBAL_AND_COMPONENT_AXIS_CONSISTENT,12.690293,14.712515,14.712515,10.99816,13.020381,13.020381,SAME_COMPONENT_PERSISTENT,WITHIN_VEHICLE_PROJECTION_ENVELOPE,0.064907,0.041996,0,0
WGV35A_PAIR_0206_S2A_005,WGV35A_PAIR_0206,319,PV_GM19_WHITE_SUV_NEAR_FIELD,77,counterfactual,center_shift,azimuth,shift,0.15,0,0,0.15,,,SAR_MASK_S1_PARTIALLY_CENSORED_CENTER_INSIDE,SAR_MASK_S1_PARTIALLY_CENSORED_CENTER_INSIDE;bottom_near_range_mask;center_semantics_mask_censored_or_unconfirmed;bbox_bottom_within_110px_of_near_range_mask;observed_box_may_be_masked_response_center_not_full_vehicle_center,REAL_SAR_GRAY_REMEASURED,false,BASE_REGION_FROZEN_BACKGROUND,PERTURBED_LOCAL_RING_BACKGROUND,36,36,78538,6.078793,3.2428,1.874551,78538,BACKGROUND_STABLE,12920,1.443723,3.04671,3.659187,1.131068,2.314682,2.847053,-0.455473,-0.656553,267,1,0.943976,0.52887,0.955245,6833,74138,167.379725,32.806835,32.806835,2.501885,AXIS_RESOLVED,165.267913,30.695023,30.695023,2.471952,AXIS_RESOLVED,165.267913,30.695023,30.695023,2.471952,AXIS_RESOLVED,TOP_COMPONENTS_TO_80_PERCENT_ENERGY,GLOBAL_AND_COMPONENT_AXIS_CONSISTENT,12.620275,14.732087,14.732087,14.312401,16.424213,16.424213,SAME_COMPONENT_PERSISTENT,WITHIN_VEHICLE_PROJECTION_ENVELOPE,0,0.037325,0.007026,0
WGV35A_PAIR_0206_S2A_006,WGV35A_PAIR_0206,319,PV_GM19_WHITE_SUV_NEAR_FIELD,77,counterfactual,center_shift,range,shift,-0.3,0,-0.3,0,,,SAR_MASK_S1_PARTIALLY_CENSORED_CENTER_INSIDE,SAR_MASK_S1_PARTIALLY_CENSORED_CENTER_INSIDE;bottom_near_range_mask;center_semantics_mask_censored_or_unconfirmed;bbox_bottom_within_110px_of_near_range_mask;observed_box_may_be_masked_response_center_not_full_vehicle_center,REAL_SAR_GRAY_REMEASURED,false,BASE_REGION_FROZEN_BACKGROUND,PERTURBED_LOCAL_RING_BACKGROUND,36,37,77648,6.054425,3.9132,1.54718,69692,BACKGROUND_STABLE,12825,1.30965,3.003976,3.731044,1.122802,2.34282,2.878241,-0.338712,-0.587315,283,1,0.951885,0.538558,0.954101,6907,73912,167.371948,34.49118,34.49118,2.452768,AXIS_RESOLVED,165.331853,32.451085,32.451085,2.499731,AXIS_RESOLVED,165.331853,32.451085,32.451085,2.499731,AXIS_RESOLVED,TOP_COMPONENTS_TO_80_PERCENT_ENERGY,GLOBAL_AND_COMPONENT_AXIS_CONSISTENT,12.628052,14.668147,14.668147,12.628056,14.668151,14.668151,SAME_COMPONENT_PERSISTENT,WITHIN_VEHICLE_PROJECTION_ENVELOPE,0.035707,0.009187,0,0
WGV35A_PAIR_0206_S2A_007,WGV35A_PAIR_0206,319,PV_GM19_WHITE_SUV_NEAR_FIELD,77,counterfactual,center_shift,range,shift,0.3,0,0.3,0,,,SAR_MASK_S1_PARTIALLY_CENSORED_CENTER_INSIDE,SAR_MASK_S1_PARTIALLY_CENSORED_CENTER_INSIDE;bottom_near_range_mask;center_semantics_mask_censored_or_unconfirmed;bbox_bottom_within_110px_of_near_range_mask;observed_box_may_be_masked_response_center_not_full_vehicle_center,REAL_SAR_GRAY_REMEASURED,false,BASE_REGION_FROZEN_BACKGROUND,PERTURBED_LOCAL_RING_BACKGROUND,36,38,81180,6.367059,4.330522,1.470275,65130,BACKGROUND_STABLE,12750,1.64726,3.000802,3.539435,1.13216,2.380418,2.944154,-0.478665,-0.521763,242,1,0.938667,0.563059,0.955925,7179,76201,166.85858,33.977819,33.977819,2.447912,AXIS_RESOLVED,164.793514,31.912754,31.912754,2.370521,AXIS_RESOLVED,164.793514,31.912754,31.912754,2.370521,AXIS_RESOLVED,TOP_COMPONENTS_TO_80_PERCENT_ENERGY,GLOBAL_AND_COMPONENT_AXIS_CONSISTENT,13.14142,15.206486,15.206486,13.141417,15.206482,15.206482,SAME_COMPONENT_PERSISTENT,WITHIN_VEHICLE_PROJECTION_ENVELOPE,0,0.019582,0.000802,0
WGV35A_PAIR_0206_S2A_008,WGV35A_PAIR_0206,319,PV_GM19_WHITE_SUV_NEAR_FIELD,77,counterfactual,center_shift,azimuth,shift,-0.3,0,0,-0.3,,,SAR_MASK_S1_PARTIALLY_CENSORED_CENTER_INSIDE,SAR_MASK_S1_PARTIALLY_CENSORED_CENTER_INSIDE;bottom_near_range_mask;center_semantics_mask_censored_or_unconfirmed;bbox_bottom_within_110px_of_near_range_mask;observed_box_may_be_masked_response_center_not_full_vehicle_center,REAL_SAR_GRAY_REMEASURED,false,BASE_REGION_FROZEN_BACKGROUND,PERTURBED_LOCAL_RING_BACKGROUND,36,38,83565,6.554118,3.935341,1.665451,66972,BACKGROUND_STABLE,12750,1.549094,2.87358,3.355006,1.197811,2.531066,3.068486,-0.281223,-0.346088,251,1,0.951056,0.59851,0.954191,7631,79475,167.2405,37.741278,37.741278,2.375111,AXIS_RESOLVED,165.414688,35.915466,35.915466,2.418954,AXIS_RESOLVED,165.414688,35.915466,35.915466,2.418954,AXIS_RESOLVED,TOP_COMPONENTS_TO_80_PERCENT_ENERGY,GLOBAL_AND_COMPONENT_AXIS_CONSISTENT,12.7595,14.585312,14.585312,9.377958,11.20377,11.20377,SAME_COMPONENT_PERSISTENT,WITHIN_VEHICLE_PROJECTION_ENVELOPE,0.12642,0.068934,0,0
WGV35A_PAIR_0206_S2A_009,WGV35A_PAIR_0206,319,PV_GM19_WHITE_SUV_NEAR_FIELD,77,counterfactual,center_shift,azimuth,shift,0.3,0,0,0.3,,,SAR_MASK_S1_PARTIALLY_CENSORED_CENTER_INSIDE,SAR_MASK_S1_PARTIALLY_CENSORED_CENTER_INSIDE;bottom_near_range_mask;center_semantics_mask_censored_or_unconfirmed;bbox_bottom_within_110px_of_near_range_mask;observed_box_may_be_masked_response_center_not_full_vehicle_center,REAL_SAR_GRAY_REMEASURED,false,BASE_REGION_FROZEN_BACKGROUND,PERTURBED_LOCAL_RING_BACKGROUND,36,37,73026,5.694035,4.1992,1.355981,65552,BACKGROUND_STABLE,12825,1.367418,2.99138,3.68704,1.105802,2.20337,2.75291,-0.524617,-0.744681,281,1,0.93894,0.489669,0.948717,6280,68567,167.933119,31.670813,31.670813,2.533382,AXIS_RESOLVED,165.770591,29.508285,29.508285,2.470011,AXIS_RESOLVED,165.770591,29.508285,29.508285,2.470011,AXIS_RESOLVED,TOP_COMPONENTS_TO_80_PERCENT_ENERGY,GLOBAL_AND_COMPONENT_AXIS_CONSISTENT,12.066881,14.229409,14.229409,15.448423,17.610951,17.610951,SAME_COMPONENT_PERSISTENT,WITHIN_VEHICLE_PROJECTION_ENVELOPE,0.00862,0,0,0.00337
WGV35A_PAIR_0206_S2A_010,WGV35A_PAIR_0206,319,PV_GM19_WHITE_SUV_NEAR_FIELD,77,counterfactual,center_shift,range,shift,-0.45,0,-0.45,0,,,SAR_MASK_S1_PARTIALLY_CENSORED_CENTER_INSIDE,SAR_MASK_S1_PARTIALLY_CENSORED_CENTER_INSIDE;bottom_near_range_mask;center_semantics_mask_censored_or_unconfirmed;bbox_bottom_within_110px_of_near_range_mask;observed_box_may_be_masked_response_center_not_full_vehicle_center,REAL_SAR_GRAY_REMEASURED,false,BASE_REGION_FROZEN_BACKGROUND,PERTURBED_LOCAL_RING_BACKGROUND,36,38,74049,5.807765,5.079116,1.14346,59338,BACKGROUND_STABLE,12750,1.147907,3.04324,3.844104,1.094468,2.298792,2.857842,-0.376892,-0.604107,286,1,0.949722,0.521647,0.952531,6651,70326,167.388716,34.50781,34.50781,2.455727,AXIS_RESOLVED,165.416344,32.535438,32.535438,2.516222,AXIS_RESOLVED,165.416344,32.535438,32.535438,2.516222,AXIS_RESOLVED,TOP_COMPONENTS_TO_80_PERCENT_ENERGY,GLOBAL_AND_COMPONENT_AXIS_CONSISTENT,12.611284,14.583656,14.583656,12.611426,14.583798,14.583798,SAME_COMPONENT_PERSISTENT,WITHIN_VEHICLE_PROJECTION_ENVELOPE,0.031712,0.004566,0,0
WGV35A_PAIR_0206_S2A_011,WGV35A_PAIR_0206,319,PV_GM19_WHITE_SUV_NEAR_FIELD,77,counterfactual,center_shift,range,shift,0.45,0,0.45,0,,,SAR_MASK_S1_PARTIALLY_CENSORED_CENTER_INSIDE,SAR_MASK_S1_PARTIALLY_CENSORED_CENTER_INSIDE;bottom_near_range_mask;center_semantics_mask_censored_or_unconfirmed;bbox_bottom_within_110px_of_near_range_mask;observed_box_may_be_masked_response_center_not_full_vehicle_center,REAL_SAR_GRAY_REMEASURED,false,BASE_REGION_FROZEN_BACKGROUND,PERTURBED_LOCAL_RING_BACKGROUND,36,38,80811,6.301053,5.796,1.087138,64452,BACKGROUND_STABLE,12825,1.808949,3.049509,3.611675,1.114936,2.378856,2.97561,-0.476026,-0.502861,232,1,0.959288,0.594074,0.962171,7619,77521,166.863377,33.982732,33.982732,2.399433,AXIS_RESOLVED,165.09533,32.214685,32.214685,2.417935,AXIS_RESOLVED,165.09533,32.214685,32.214685,2.417935,AXIS_RESOLVED,TOP_COMPONENTS_TO_80_PERCENT_ENERGY,GLOBAL_AND_COMPONENT_AXIS_CONSISTENT,13.136623,14.90467,14.90467,13.136504,14.904551,14.904551,SAME_COMPONENT_PERSISTENT,WITHIN_VEHICLE_PROJECTION_ENVELOPE,0.028933,0.024441,0,0
WGV35A_PAIR_0206_S2A_012,WGV35A_PAIR_0206,319,PV_GM19_WHITE_SUV_NEAR_FIELD,77,counterfactual,center_shift,azimuth,shift,-0.45,0,0,-0.45,,,SAR_MASK_S1_PARTIALLY_CENSORED_CENTER_INSIDE,SAR_MASK_S1_PARTIALLY_CENSORED_CENTER_INSIDE;bottom_near_range_mask;center_semantics_mask_censored_or_unconfirmed;bbox_bottom_within_110px_of_near_range_mask;observed_box_may_be_masked_response_center_not_full_vehicle_center,REAL_SAR_GRAY_REMEASURED,false,BASE_REGION_FROZEN_BACKGROUND,PERTURBED_LOCAL_RING_BACKGROUND,36,38,84316,6.61302,4.850603,1.36334,67373,BACKGROUND_STABLE,12750,1.603082,2.83193,3.287528,1.221052,2.602703,3.145316,-0.240518,-0.250365,241,1,0.960209,0.621961,0.963091,7930,80961,167.223982,39.40809,39.40809,2.325793,AXIS_RESOLVED,165.233439,37.417548,37.417548,2.390419,AXIS_RESOLVED,165.233439,37.417548,37.417548,2.390419,AXIS_RESOLVED,TOP_COMPONENTS_TO_80_PERCENT_ENERGY,GLOBAL_AND_COMPONENT_AXIS_CONSISTENT,12.776018,14.766561,14.766561,7.711146,9.701688,9.701688,SAME_COMPONENT_PERSISTENT,WITHIN_VEHICLE_PROJECTION_ENVELOPE,0.16807,0,0,0.002703
WGV35A_PAIR_0206_S2A_013,WGV35A_PAIR_0206,319,PV_GM19_WHITE_SUV_NEAR_FIELD,77,counterfactual,center_shift,azimuth,shift,0.45,0,0,0.45,,,SAR_MASK_S1_PARTIALLY_CENSORED_CENTER_INSIDE,SAR_MASK_S1_PARTIALLY_CENSORED_CENTER_INSIDE;bottom_near_range_mask;center_semantics_mask_censored_or_unconfirmed;bbox_bottom_within_110px_of_near_range_mask;observed_box_may_be_masked_response_center_not_full_vehicle_center,REAL_SAR_GRAY_REMEASURED,false,BASE_REGION_FROZEN_BACKGROUND,PERTURBED_LOCAL_RING_BACKGROUND,36,38,65495,5.136863,5.501205,0.93377,52286,BACKGROUND_STABLE,12750,1.295093,2.961852,3.677787,1.084948,2.066193,2.625914,-0.573722,-0.801582,290,1,0.92772,0.445725,0.936026,5683,60761,168.038313,30.092699,30.092699,2.55812,AXIS_RESOLVED,165.851546,27.905933,27.905933,2.488768,AXIS_RESOLVED,165.851546,27.905933,27.905933,2.488768,AXIS_RESOLVED,TOP_COMPONENTS_TO_80_PERCENT_ENERGY,GLOBAL_AND_COMPONENT_AXIS_CONSISTENT,11.961687,14.148454,14.148454,17.026537,19.213303,19.213303,SAME_COMPONENT_PERSISTENT,WITHIN_VEHICLE_PROJECTION_ENVELOPE,0.038148,0.033807,0,0
WGV35A_PAIR_0206_S2A_014,WGV35A_PAIR_0206,319,PV_GM19_WHITE_SUV_NEAR_FIELD,77,counterfactual,diagonal_center_shift,range+azimuth,shift,0.15,0,-0.15,-0.15,,,SAR_MASK_S1_PARTIALLY_CENSORED_CENTER_INSIDE,SAR_MASK_S1_PARTIALLY_CENSORED_CENTER_INSIDE;bottom_near_range_mask;center_semantics_mask_censored_or_unconfirmed;bbox_bottom_within_110px_of_near_range_mask;observed_box_may_be_masked_response_center_not_full_vehicle_center,REAL_SAR_GRAY_REMEASURED,false,BASE_REGION_FROZEN_BACKGROUND,PERTURBED_LOCAL_RING_BACKGROUND,36,37,81126,6.362824,3.466265,1.835643,72749,BACKGROUND_STABLE,12750,1.432416,2.942821,3.492296,1.170539,2.419343,2.965277,-0.293129,-0.453101,261,1,0.954071,0.578275,0.95613,7373,77400,167.159721,36.022669,36.022669,2.441708,AXIS_RESOLVED,165.146628,34.009576,34.009576,2.507891,AXIS_RESOLVED,165.146628,34.009576,34.009576,2.507891,AXIS_RESOLVED,TOP_COMPONENTS_TO_80_PERCENT_ENERGY,GLOBAL_AND_COMPONENT_AXIS_CONSISTENT,12.840279,14.853372,14.853372,11.096567,13.10966,13.10966,SAME_COMPONENT_PERSISTENT,WITHIN_VEHICLE_PROJECTION_ENVELOPE,0.057179,0.080657,0,0
WGV35A_PAIR_0206_S2A_015,WGV35A_PAIR_0206,319,PV_GM19_WHITE_SUV_NEAR_FIELD,77,counterfactual,diagonal_center_shift,range+azimuth,shift,0.15,0,-0.15,0.15,,,SAR_MASK_S1_PARTIALLY_CENSORED_CENTER_INSIDE,SAR_MASK_S1_PARTIALLY_CENSORED_CENTER_INSIDE;bottom_near_range_mask;center_semantics_mask_censored_or_unconfirmed;bbox_bottom_within_110px_of_near_range_mask;observed_box_may_be_masked_response_center_not_full_vehicle_center,REAL_SAR_GRAY_REMEASURED,false,BASE_REGION_FROZEN_BACKGROUND,PERTURBED_LOCAL_RING_BACKGROUND,36,37,76236,5.944327,3.7608,1.580602,68474,BACKGROUND_STABLE,12825,1.301351,2.980564,3.702075,1.122467,2.311288,2.840633,-0.437693,-0.67938,281,1,0.947085,0.518908,0.953736,6655,72202,167.921786,33.297536,33.297536,2.498461,AXIS_RESOLVED,165.887916,31.263666,31.263666,2.484042,AXIS_RESOLVED,165.887916,31.263666,31.263666,2.484042,AXIS_RESOLVED,TOP_COMPONENTS_TO_80_PERCENT_ENERGY,GLOBAL_AND_COMPONENT_AXIS_CONSISTENT,12.078214,14.112084,14.112084,13.8217,15.85557,15.85557,SAME_COMPONENT_PERSISTENT,WITHIN_VEHICLE_PROJECTION_ENVELOPE,0.019436,0,0,0.011288
WGV35A_PAIR_0206_S2A_016,WGV35A_PAIR_0206,319,PV_GM19_WHITE_SUV_NEAR_FIELD,77,counterfactual,diagonal_center_shift,range+azimuth,shift,0.15,0,0.15,-0.15,,,SAR_MASK_S1_PARTIALLY_CENSORED_CENTER_INSIDE,SAR_MASK_S1_PARTIALLY_CENSORED_CENTER_INSIDE;bottom_near_range_mask;center_semantics_mask_censored_or_unconfirmed;bbox_bottom_within_110px_of_near_range_mask;observed_box_may_be_masked_response_center_not_full_vehicle_center,REAL_SAR_GRAY_REMEASURED,false,BASE_REGION_FROZEN_BACKGROUND,PERTURBED_LOCAL_RING_BACKGROUND,36,37,83365,6.538431,3.767068,1.735682,74778,BACKGROUND_STABLE,12750,1.594235,2.937034,3.45005,1.170886,2.507756,3.032195,-0.386806,-0.446647,247,1,0.946104,0.586431,0.957056,7477,78872,167.227768,35.990485,35.990485,2.430823,AXIS_RESOLVED,165.372721,34.135438,34.135438,2.408955,AXIS_RESOLVED,165.372721,34.135438,34.135438,2.408955,AXIS_RESOLVED,TOP_COMPONENTS_TO_80_PERCENT_ENERGY,GLOBAL_AND_COMPONENT_AXIS_CONSISTENT,12.772232,14.627279,14.627279,11.128751,12.983798,12.983798,SAME_COMPONENT_PERSISTENT,WITHIN_VEHICLE_PROJECTION_ENVELOPE,0.062966,0,0,0.007756
WGV35A_PAIR_0206_S2A_017,WGV35A_PAIR_0206,319,PV_GM19_WHITE_SUV_NEAR_FIELD,77,counterfactual,diagonal_center_shift,range+azimuth,shift,0.15,0,0.15,0.15,,,SAR_MASK_S1_PARTIALLY_CENSORED_CENTER_INSIDE,SAR_MASK_S1_PARTIALLY_CENSORED_CENTER_INSIDE;bottom_near_range_mask;center_semantics_mask_censored_or_unconfirmed;bbox_bottom_within_110px_of_near_range_mask;observed_box_may_be_masked_response_center_not_full_vehicle_center,REAL_SAR_GRAY_REMEASURED,false,BASE_REGION_FROZEN_BACKGROUND,PERTURBED_LOCAL_RING_BACKGROUND,36,37,77861,6.106745,3.759438,1.624377,69842,BACKGROUND_STABLE,12750,1.525537,3.02863,3.594852,1.127958,2.278804,2.812109,-0.485316,-0.61957,251,1,0.940612,0.536078,0.956332,6835,73237,167.064813,32.540341,32.540341,2.519359,AXIS_RESOLVED,164.878475,30.354003,30.354003,2.464534,AXIS_RESOLVED,164.878475,30.354003,30.354003,2.464534,AXIS_RESOLVED,TOP_COMPONENTS_TO_80_PERCENT_ENERGY,GLOBAL_AND_COMPONENT_AXIS_CONSISTENT,12.935187,15.121525,15.121525,14.578895,16.765233,16.765233,SAME_COMPONENT_PERSISTENT,WITHIN_VEHICLE_PROJECTION_ENVELOPE,0.046321,0.024554,0,0
WGV35A_PAIR_0206_S2A_018,WGV35A_PAIR_0206,319,PV_GM19_WHITE_SUV_NEAR_FIELD,77,counterfactual,diagonal_center_shift,range+azimuth,shift,0.3,0,-0.3,-0.3,,,SAR_MASK_S1_PARTIALLY_CENSORED_CENTER_INSIDE,SAR_MASK_S1_PARTIALLY_CENSORED_CENTER_INSIDE;bottom_near_range_mask;center_semantics_mask_censored_or_unconfirmed;bbox_bottom_within_110px_of_near_range_mask;observed_box_may_be_masked_response_center_not_full_vehicle_center,REAL_SAR_GRAY_REMEASURED,false,BASE_REGION_FROZEN_BACKGROUND,PERTURBED_LOCAL_RING_BACKGROUND,36,37,81273,6.374353,3.74498,1.702106,72824,BACKGROUND_STABLE,12750,1.384648,2.887548,3.474307,1.196878,2.429541,3.003747,-0.221117,-0.355407,264,1,0.955865,0.583686,0.957661,7442,77686,166.87183,37.584141,37.584141,2.404481,AXIS_RESOLVED,164.716895,35.429206,35.429206,2.495233,AXIS_RESOLVED,164.716895,35.429206,35.429206,2.495233,AXIS_RESOLVED,TOP_COMPONENTS_TO_80_PERCENT_ENERGY,GLOBAL_AND_COMPONENT_AXIS_CONSISTENT,13.12817,15.283105,15.283105,9.535095,11.69003,11.69003,SAME_COMPONENT_PERSISTENT,WITHIN_VEHICLE_PROJECTION_ENVELOPE,0.112452,0.070459,0,0
WGV35A_PAIR_0206_S2A_019,WGV35A_PAIR_0206,319,PV_GM19_WHITE_SUV_NEAR_FIELD,77,counterfactual,diagonal_center_shift,range+azimuth,shift,0.3,0,-0.3,0.3,,,SAR_MASK_S1_PARTIALLY_CENSORED_CENTER_INSIDE,SAR_MASK_S1_PARTIALLY_CENSORED_CENTER_INSIDE;bottom_near_range_mask;center_semantics_mask_censored_or_unconfirmed;bbox_bottom_within_110px_of_near_range_mask;observed_box_may_be_masked_response_center_not_full_vehicle_center,REAL_SAR_GRAY_REMEASURED,false,BASE_REGION_FROZEN_BACKGROUND,PERTURBED_LOCAL_RING_BACKGROUND,36,37,66818,5.240627,5.645381,0.928304,59713,BACKGROUND_STABLE,12750,0.970028,2.967994,3.773756,1.097265,2.220428,2.753311,-0.590246,-0.795126,299,1,0.930139,0.458353,0.93623,5844,62150,169.578634,33.10477,33.10477,2.508659,AXIS_RESOLVED,167.779237,31.305373,31.305373,2.519261,AXIS_RESOLVED,167.779237,31.305373,31.305373,2.519261,AXIS_RESOLVED,TOP_COMPONENTS_TO_80_PERCENT_ENERGY,GLOBAL_AND_COMPONENT_AXIS_CONSISTENT,10.421366,12.220763,12.220763,14.014466,15.813863,15.813863,SAME_COMPONENT_PERSISTENT,WITHIN_VEHICLE_PROJECTION_ENVELOPE,0.069944,0.031594,0,0
WGV35A_PAIR_0206_S2A_020,WGV35A_PAIR_0206,319,PV_GM19_WHITE_SUV_NEAR_FIELD,77,counterfactual,diagonal_center_shift,range+azimuth,shift,0.3,0,0.3,-0.3,,,SAR_MASK_S1_PARTIALLY_CENSORED_CENTER_INSIDE,SAR_MASK_S1_PARTIALLY_CENSORED_CENTER_INSIDE;bottom_near_range_mask;center_semantics_mask_censored_or_unconfirmed;bbox_bottom_within_110px_of_near_range_mask;observed_box_may_be_masked_response_center_not_full_vehicle_center,REAL_SAR_GRAY_REMEASURED,false,BASE_REGION_FROZEN_BACKGROUND,PERTURBED_LOCAL_RING_BACKGROUND,36,38,86236,6.763608,7.350603,0.920143,69077,BACKGROUND_STABLE,12750,1.767364,2.928221,3.438526,1.224528,2.650492,3.170653,-0.350649,-0.376731,223,1,0.965652,0.638118,0.968204,8136,83274,167.797691,38.110011,38.110011,2.312385,AXIS_RESOLVED,165.977027,36.289346,36.289346,2.354987,AXIS_RESOLVED,165.977027,36.289346,36.289346,2.354987,AXIS_RESOLVED,TOP_COMPONENTS_TO_80_PERCENT_ENERGY,GLOBAL_AND_COMPONENT_AXIS_CONSISTENT,12.202309,14.022973,14.022973,9.009225,10.82989,10.82989,SAME_COMPONENT_PERSISTENT,WITHIN_VEHICLE_PROJECTION_ENVELOPE,0.116698,0.001469,0,0
WGV35A_PAIR_0206_S2A_021,WGV35A_PAIR_0206,319,PV_GM19_WHITE_SUV_NEAR_FIELD,77,counterfactual,diagonal_center_shift,range+azimuth,shift,0.3,0,0.3,0.3,,,SAR_MASK_S1_PARTIALLY_CENSORED_CENTER_INSIDE,SAR_MASK_S1_PARTIALLY_CENSORED_CENTER_INSIDE;bottom_near_range_mask;center_semantics_mask_censored_or_unconfirmed;bbox_bottom_within_110px_of_near_range_mask;observed_box_may_be_masked_response_center_not_full_vehicle_center,REAL_SAR_GRAY_REMEASURED,false,BASE_REGION_FROZEN_BACKGROUND,PERTURBED_LOCAL_RING_BACKGROUND,36,36,71553,5.612,4.61245,1.216707,71553,BACKGROUND_STABLE,12750,1.632593,3.089944,3.664588,1.098401,2.125341,2.645361,-0.498859,-0.625017,262,1,0.924783,0.499137,0.949254,6364,66171,166.104803,30.03098,30.03098,2.512048,AXIS_RESOLVED,163.359879,27.286056,27.286056,2.402124,AXIS_RESOLVED,163.359879,27.286056,27.286056,2.402124,AXIS_RESOLVED,TOP_COMPONENTS_TO_80_PERCENT_ENERGY,GLOBAL_AND_COMPONENT_AXIS_CONSISTENT,13.895197,16.640121,16.640121,17.088256,19.83318,19.83318,SAME_COMPONENT_PERSISTENT,WITHIN_VEHICLE_PROJECTION_ENVELOPE,0.010616,0.028925,0,0
WGV35A_PAIR_0206_S2A_022,WGV35A_PAIR_0206,319,PV_GM19_WHITE_SUV_NEAR_FIELD,77,counterfactual,single_boundary_shift,range_near,near_outward,-0.15,0,0,0,range_near,,SAR_MASK_S1_PARTIALLY_CENSORED_CENTER_INSIDE,SAR_MASK_S1_PARTIALLY_CENSORED_CENTER_INSIDE;bottom_near_range_mask;center_semantics_mask_censored_or_unconfirmed;bbox_bottom_within_110px_of_near_range_mask;observed_box_may_be_masked_response_center_not_full_vehicle_center,REAL_SAR_GRAY_REMEASURED,false,BASE_REGION_FROZEN_BACKGROUND,PERTURBED_LOCAL_RING_BACKGROUND,36,34,149691,4.90019,4.410465,1.111037,185379,BACKGROUND_STABLE,30548,2.267476,3.820472,4.425133,1.410096,2.58318,3.2112,0.075931,-0.925245,584,1,0.945167,0.459146,0.949356,14026,141483,147.275156,14.394328,14.394328,1.46116,AXIS_RESOLVED,146.566435,13.685607,13.685607,1.544448,AXIS_RESOLVED,146.566435,13.685607,13.685607,1.544448,AXIS_RESOLVED,TOP_COMPONENTS_TO_80_PERCENT_ENERGY,GLOBAL_AND_COMPONENT_AXIS_CONSISTENT,32.724844,33.433565,33.433565,32.724908,33.433629,33.433629,COMPONENT_SPLIT_OR_MERGE,WITHIN_VEHICLE_PROJECTION_ENVELOPE,0.000064,0.007174,0,0
WGV35A_PAIR_0206_S2A_023,WGV35A_PAIR_0206,319,PV_GM19_WHITE_SUV_NEAR_FIELD,77,counterfactual,single_boundary_shift,range_near,near_inward,0.15,0,0,0,range_near,,SAR_MASK_S1_PARTIALLY_CENSORED_CENTER_INSIDE,SAR_MASK_S1_PARTIALLY_CENSORED_CENTER_INSIDE;bottom_near_range_mask;center_semantics_mask_censored_or_unconfirmed;bbox_bottom_within_110px_of_near_range_mask;observed_box_may_be_masked_response_center_not_full_vehicle_center,REAL_SAR_GRAY_REMEASURED,false,BASE_REGION_FROZEN_BACKGROUND,PERTURBED_LOCAL_RING_BACKGROUND,36,34,143292,4.952032,4.122593,1.201193,177410,BACKGROUND_STABLE,28936,2.15453,3.647744,4.15507,1.424217,2.617601,3.241029,0.044186,-0.923645,569,1,0.943891,0.461881,0.948266,13365,135252,151.153897,18.273195,18.273195,1.383539,AXIS_RESOLVED,150.014174,17.133472,17.133472,1.456156,AXIS_RESOLVED,150.014174,17.133472,17.133472,1.456156,AXIS_RESOLVED,TOP_COMPONENTS_TO_80_PERCENT_ENERGY,GLOBAL_AND_COMPONENT_AXIS_CONSISTENT,28.846103,29.985826,29.985826,28.846041,29.985764,29.985764,COMPONENT_SPLIT_OR_MERGE,WITHIN_VEHICLE_PROJECTION_ENVELOPE,0.000474,0.014574,0,0
WGV35A_PAIR_0206_S2A_024,WGV35A_PAIR_0206,319,PV_GM19_WHITE_SUV_NEAR_FIELD,77,counterfactual,single_boundary_shift,range_far,far_inward,-0.15,0,0,0,range_far,,SAR_MASK_S1_PARTIALLY_CENSORED_CENTER_INSIDE,SAR_MASK_S1_PARTIALLY_CENSORED_CENTER_INSIDE;bottom_near_range_mask;center_semantics_mask_censored_or_unconfirmed;bbox_bottom_within_110px_of_near_range_mask;observed_box_may_be_masked_response_center_not_full_vehicle_center,REAL_SAR_GRAY_REMEASURED,false,BASE_REGION_FROZEN_BACKGROUND,PERTURBED_LOCAL_RING_BACKGROUND,36,34,143538,4.939877,4.30303,1.147999,177398,BACKGROUND_STABLE,29057,2.162306,3.661999,4.17379,1.402348,2.56908,3.193962,0.088287,-0.936874,562,1,0.946746,0.458788,0.948425,13331,135894,148.210538,15.329709,15.329709,1.395188,AXIS_RESOLVED,146.492208,13.61138,13.61138,1.473893,AXIS_RESOLVED,146.492208,13.61138,13.61138,1.473893,AXIS_RESOLVED,TOP_COMPONENTS_TO_80_PERCENT_ENERGY,GLOBAL_AND_COMPONENT_AXIS_CONSISTENT,31.789462,33.507792,33.507792,31.789527,33.507856,33.507856,COMPONENT_SPLIT_OR_MERGE,WITHIN_VEHICLE_PROJECTION_ENVELOPE,0.014875,0.00264,0,0
WGV35A_PAIR_0206_S2A_025,WGV35A_PAIR_0206,319,PV_GM19_WHITE_SUV_NEAR_FIELD,77,counterfactual,single_boundary_shift,range_far,far_outward,0.15,0,0,0,range_far,,SAR_MASK_S1_PARTIALLY_CENSORED_CENTER_INSIDE,SAR_MASK_S1_PARTIALLY_CENSORED_CENTER_INSIDE;bottom_near_range_mask;center_semantics_mask_censored_or_unconfirmed;bbox_bottom_within_110px_of_near_range_mask;observed_box_may_be_masked_response_center_not_full_vehicle_center,REAL_SAR_GRAY_REMEASURED,false,BASE_REGION_FROZEN_BACKGROUND,PERTURBED_LOCAL_RING_BACKGROUND,36,34,149511,4.855514,4.183072,1.160753,185595,BACKGROUND_STABLE,30792,2.272183,3.823645,4.431383,1.427427,2.611326,3.228423,0.044262,-0.908352,594,1,0.93971,0.456125,0.948111,14045,140497,148.47718,15.596478,15.596478,1.457189,AXIS_RESOLVED,148.533463,15.652761,15.652761,1.543088,AXIS_RESOLVED,148.533463,15.652761,15.652761,1.543088,AXIS_RESOLVED,TOP_COMPONENTS_TO_80_PERCENT_ENERGY,GLOBAL_AND_COMPONENT_AXIS_CONSISTENT,31.52282,31.466537,31.466537,31.522758,31.466475,31.466475,COMPONENT_SPLIT_OR_MERGE,WITHIN_VEHICLE_PROJECTION_ENVELOPE,0.017633,0.011005,0,0
WGV35A_PAIR_0206_S2A_026,WGV35A_PAIR_0206,319,PV_GM19_WHITE_SUV_NEAR_FIELD,77,counterfactual,single_boundary_shift,azimuth_left,left_outward,-0.15,0,0,0,azimuth_left,,SAR_MASK_S1_PARTIALLY_CENSORED_CENTER_INSIDE,SAR_MASK_S1_PARTIALLY_CENSORED_CENTER_INSIDE;bottom_near_range_mask;center_semantics_mask_censored_or_unconfirmed;bbox_bottom_within_110px_of_near_range_mask;observed_box_may_be_masked_response_center_not_full_vehicle_center,REAL_SAR_GRAY_REMEASURED,false,BASE_REGION_FROZEN_BACKGROUND,PERTURBED_LOCAL_RING_BACKGROUND,36,34,154677,5.027204,3.960552,1.269319,191049,BACKGROUND_STABLE,30768,2.141428,3.706242,4.262769,1.518858,2.706069,3.362562,0.083232,-0.939607,597,1,0.941704,0.460121,0.946075,14157,145660,150.760378,18.725864,18.725864,1.336475,AXIS_RESOLVED,149.082995,17.048481,17.048481,1.393024,AXIS_RESOLVED,149.082995,17.048481,17.048481,1.393024,AXIS_RESOLVED,TOP_COMPONENTS_TO_80_PERCENT_ENERGY,GLOBAL_AND_COMPONENT_AXIS_CONSISTENT,29.239622,30.917005,30.917005,28.393372,30.070755,30.070755,COMPONENT_SPLIT_OR_MERGE,WITHIN_VEHICLE_PROJECTION_ENVELOPE,0.009571,0.003174,0,0
WGV35A_PAIR_0206_S2A_027,WGV35A_PAIR_0206,319,PV_GM19_WHITE_SUV_NEAR_FIELD,77,counterfactual,single_boundary_shift,azimuth_left,left_inward,0.15,0,0,0,azimuth_left,,SAR_MASK_S1_PARTIALLY_CENSORED_CENTER_INSIDE,SAR_MASK_S1_PARTIALLY_CENSORED_CENTER_INSIDE;bottom_near_range_mask;center_semantics_mask_censored_or_unconfirmed;bbox_bottom_within_110px_of_near_range_mask;observed_box_may_be_masked_response_center_not_full_vehicle_center,REAL_SAR_GRAY_REMEASURED,false,BASE_REGION_FROZEN_BACKGROUND,PERTURBED_LOCAL_RING_BACKGROUND,36,33.5,139417,4.813957,3.956625,1.216683,182189,BACKGROUND_STABLE,28961,2.272551,3.76465,4.306634,1.33846,2.512908,3.10296,0.049325,-0.917612,549,1,0.945193,0.457684,0.949805,13255,131776,148.176166,14.449153,14.449153,1.506396,AXIS_RESOLVED,147.881769,14.154756,14.154756,1.604355,AXIS_RESOLVED,147.881769,14.154756,14.154756,1.604355,AXIS_RESOLVED,TOP_COMPONENTS_TO_80_PERCENT_ENERGY,GLOBAL_AND_COMPONENT_AXIS_CONSISTENT,31.823834,32.118231,32.118231,32.670083,32.96448,32.96448,SAME_COMPONENT_PERSISTENT,WITHIN_VEHICLE_PROJECTION_ENVELOPE,0.003103,0,0,0.000268
WGV35A_PAIR_0206_S2A_028,WGV35A_PAIR_0206,319,PV_GM19_WHITE_SUV_NEAR_FIELD,77,counterfactual,single_boundary_shift,azimuth_right,right_inward,-0.15,0,0,0,azimuth_right,,SAR_MASK_S1_PARTIALLY_CENSORED_CENTER_INSIDE,SAR_MASK_S1_PARTIALLY_CENSORED_CENTER_INSIDE;bottom_near_range_mask;center_semantics_mask_censored_or_unconfirmed;bbox_bottom_within_110px_of_near_range_mask;observed_box_may_be_masked_response_center_not_full_vehicle_center,REAL_SAR_GRAY_REMEASURED,false,BASE_REGION_FROZEN_BACKGROUND,PERTURBED_LOCAL_RING_BACKGROUND,36,34,146219,5.048999,4.327309,1.166776,181139,BACKGROUND_STABLE,28960,2.20169,3.731052,4.270549,1.418088,2.600634,3.241176,0.07489,-0.844514,577,1,0.944672,0.473412,0.94896,13710,138129,148.917749,16.883235,16.883235,1.422071,AXIS_RESOLVED,148.05819,16.023676,16.023676,1.500308,AXIS_RESOLVED,148.05819,16.023676,16.023676,1.500308,AXIS_RESOLVED,TOP_COMPONENTS_TO_80_PERCENT_ENERGY,GLOBAL_AND_COMPONENT_AXIS_CONSISTENT,31.082251,31.94181,31.94181,30.236001,31.09556,31.09556,COMPONENT_SPLIT_OR_MERGE,WITHIN_VEHICLE_PROJECTION_ENVELOPE,0.010972,0.00951,0,0
WGV35A_PAIR_0206_S2A_029,WGV35A_PAIR_0206,319,PV_GM19_WHITE_SUV_NEAR_FIELD,77,counterfactual,single_boundary_shift,azimuth_right,right_outward,0.15,0,0,0,azimuth_right,,SAR_MASK_S1_PARTIALLY_CENSORED_CENTER_INSIDE,SAR_MASK_S1_PARTIALLY_CENSORED_CENTER_INSIDE;bottom_near_range_mask;center_semantics_mask_censored_or_unconfirmed;bbox_bottom_within_110px_of_near_range_mask;observed_box_may_be_masked_response_center_not_full_vehicle_center,REAL_SAR_GRAY_REMEASURED,false,BASE_REGION_FROZEN_BACKGROUND,PERTURBED_LOCAL_RING_BACKGROUND,36,34,146011,4.764906,4.287814,1.111267,180875,BACKGROUND_STABLE,30643,2.219767,3.737315,4.285895,1.415752,2.603397,3.218897,0.047494,-0.997162,574,1,0.941922,0.4448,0.946168,13630,137531,148.981626,15.254614,15.254614,1.41992,AXIS_RESOLVED,147.198678,13.471665,13.471665,1.497103,AXIS_RESOLVED,147.198678,13.471665,13.471665,1.497103,AXIS_RESOLVED,TOP_COMPONENTS_TO_80_PERCENT_ENERGY,GLOBAL_AND_COMPONENT_AXIS_CONSISTENT,31.018374,32.801322,32.801322,31.864622,33.647571,33.647571,COMPONENT_SPLIT_OR_MERGE,WITHIN_VEHICLE_PROJECTION_ENVELOPE,0.004709,0.006747,0,0
WGV35A_PAIR_0206_S2A_030,WGV35A_PAIR_0206,319,PV_GM19_WHITE_SUV_NEAR_FIELD,77,counterfactual,single_boundary_shift,range_near,near_outward,-0.3,0,0,0,range_near,,SAR_MASK_S1_PARTIALLY_CENSORED_CENTER_INSIDE,SAR_MASK_S1_PARTIALLY_CENSORED_CENTER_INSIDE;bottom_near_range_mask;center_semantics_mask_censored_or_unconfirmed;bbox_bottom_within_110px_of_near_range_mask;observed_box_may_be_masked_response_center_not_full_vehicle_center,REAL_SAR_GRAY_REMEASURED,false,BASE_REGION_FROZEN_BACKGROUND,PERTURBED_LOCAL_RING_BACKGROUND,36,34,154744,4.910326,4.386884,1.11932,191428,BACKGROUND_STABLE,31514,2.355488,3.957097,4.739175,1.402331,2.562808,3.190746,0.061993,-0.933968,615,1,0.945297,0.45805,0.949349,14435,146279,145.76239,12.881496,12.881496,1.525157,AXIS_RESOLVED,145.082221,12.201327,12.201327,1.614414,AXIS_RESOLVED,145.082221,12.201327,12.201327,1.614414,AXIS_RESOLVED,TOP_COMPONENTS_TO_80_PERCENT_ENERGY,GLOBAL_AND_COMPONENT_AXIS_CONSISTENT,34.23761,34.917779,34.917779,34.23774,34.917909,34.917909,COMPONENT_SPLIT_OR_MERGE,WITHIN_VEHICLE_PROJECTION_ENVELOPE,0,0.018236,0.001406,0
WGV35A_PAIR_0206_S2A_031,WGV35A_PAIR_0206,319,PV_GM19_WHITE_SUV_NEAR_FIELD,77,counterfactual,single_boundary_shift,range_near,near_inward,0.3,0,0,0,range_near,,SAR_MASK_S1_PARTIALLY_CENSORED_CENTER_INSIDE,SAR_MASK_S1_PARTIALLY_CENSORED_CENTER_INSIDE;bottom_near_range_mask;center_semantics_mask_censored_or_unconfirmed;bbox_bottom_within_110px_of_near_range_mask;observed_box_may_be_masked_response_center_not_full_vehicle_center,REAL_SAR_GRAY_REMEASURED,false,BASE_REGION_FROZEN_BACKGROUND,PERTURBED_LOCAL_RING_BACKGROUND,36,34,139937,5.007407,4.001597,1.251352,173047,BACKGROUND_STABLE,27946,2.097956,3.534655,4.035666,1.422735,2.630242,3.253546,0.025408,-0.921352,542,1,0.941602,0.461461,0.946083,12896,131765,153.632837,20.752195,20.752195,1.356906,AXIS_RESOLVED,152.6102,19.729559,19.729559,1.42506,AXIS_RESOLVED,152.6102,19.729559,19.729559,1.42506,AXIS_RESOLVED,TOP_COMPONENTS_TO_80_PERCENT_ENERGY,GLOBAL_AND_COMPONENT_AXIS_CONSISTENT,26.367163,27.3898,27.3898,26.367041,27.389677,27.389677,COMPONENT_SPLIT_OR_MERGE,WITHIN_VEHICLE_PROJECTION_ENVELOPE,0,0.000855,0.002943,0
WGV35A_PAIR_0206_S2A_032,WGV35A_PAIR_0206,319,PV_GM19_WHITE_SUV_NEAR_FIELD,77,counterfactual,single_boundary_shift,range_far,far_inward,-0.3,0,0,0,range_far,,SAR_MASK_S1_PARTIALLY_CENSORED_CENTER_INSIDE,SAR_MASK_S1_PARTIALLY_CENSORED_CENTER_INSIDE;bottom_near_range_mask;center_semantics_mask_censored_or_unconfirmed;bbox_bottom_within_110px_of_near_range_mask;observed_box_may_be_masked_response_center_not_full_vehicle_center,REAL_SAR_GRAY_REMEASURED,false,BASE_REGION_FROZEN_BACKGROUND,PERTURBED_LOCAL_RING_BACKGROUND,36,34,139424,4.967719,4.522436,1.098461,171964,BACKGROUND_STABLE,28066,2.102712,3.53626,4.037245,1.381817,2.539177,3.148448,0.101118,-0.947238,549,1,0.94577,0.454536,0.947556,12757,131863,147.676089,14.795195,14.795195,1.370605,AXIS_RESOLVED,145.18419,12.303296,12.303296,1.450584,AXIS_RESOLVED,145.18419,12.303296,12.303296,1.450584,AXIS_RESOLVED,TOP_COMPONENTS_TO_80_PERCENT_ENERGY,GLOBAL_AND_COMPONENT_AXIS_CONSISTENT,32.323911,34.81581,34.81581,32.324041,34.81594,34.81594,SAME_COMPONENT_PERSISTENT,WITHIN_VEHICLE_PROJECTION_ENVELOPE,0.010308,0.015471,0,0
WGV35A_PAIR_0206_S2A_033,WGV35A_PAIR_0206,319,PV_GM19_WHITE_SUV_NEAR_FIELD,77,counterfactual,single_boundary_shift,range_far,far_outward,0.3,0,0,0,range_far,,SAR_MASK_S1_PARTIALLY_CENSORED_CENTER_INSIDE,SAR_MASK_S1_PARTIALLY_CENSORED_CENTER_INSIDE;bottom_near_range_mask;center_semantics_mask_censored_or_unconfirmed;bbox_bottom_within_110px_of_near_range_mask;observed_box_may_be_masked_response_center_not_full_vehicle_center,REAL_SAR_GRAY_REMEASURED,false,BASE_REGION_FROZEN_BACKGROUND,PERTURBED_LOCAL_RING_BACKGROUND,36,34,152873,4.827975,4.417201,1.092994,190131,BACKGROUND_STABLE,31664,2.32096,3.911594,4.5554,1.452564,2.666346,3.264581,0.02215,-0.89511,612,1,0.933082,0.452407,0.943391,14325,142643,149.212416,16.331774,16.331774,1.484877,AXIS_RESOLVED,149.143285,16.262643,16.262643,1.571384,AXIS_RESOLVED,149.143285,16.262643,16.262643,1.571384,AXIS_RESOLVED,TOP_COMPONENTS_TO_80_PERCENT_ENERGY,GLOBAL_AND_COMPONENT_AXIS_CONSISTENT,30.787584,30.856715,30.856715,30.787462,30.856593,30.856593,COMPONENT_SPLIT_OR_MERGE,WITHIN_VEHICLE_PROJECTION_ENVELOPE,0.008552,0.00781,0,0
WGV35A_PAIR_0206_S2A_034,WGV35A_PAIR_0206,319,PV_GM19_WHITE_SUV_NEAR_FIELD,77,counterfactual,single_boundary_shift,azimuth_left,left_outward,-0.3,0,0,0,azimuth_left,,SAR_MASK_S1_PARTIALLY_CENSORED_CENTER_INSIDE,SAR_MASK_S1_PARTIALLY_CENSORED_CENTER_INSIDE;bottom_near_range_mask;center_semantics_mask_censored_or_unconfirmed;bbox_bottom_within_110px_of_near_range_mask;observed_box_may_be_masked_response_center_not_full_vehicle_center,REAL_SAR_GRAY_REMEASURED,false,BASE_REGION_FROZEN_BACKGROUND,PERTURBED_LOCAL_RING_BACKGROUND,36,34,160545,5.098933,3.729025,1.367364,197989,BACKGROUND_STABLE,31486,2.071446,3.663192,4.233197,1.597478,2.805306,3.493772,0.09648,-0.933752,609,1,0.940229,0.461348,0.946837,14526,150949,153.031628,21.842997,21.842997,1.281916,AXIS_RESOLVED,150.367294,19.178663,19.178663,1.322468,AXIS_RESOLVED,150.367294,19.178663,19.178663,1.322468,AXIS_RESOLVED,TOP_COMPONENTS_TO_80_PERCENT_ENERGY,GLOBAL_AND_COMPONENT_AXIS_CONSISTENT,26.968372,29.632706,29.632706,25.276239,27.940573,27.940573,COMPONENT_SPLIT_OR_MERGE,WITHIN_VEHICLE_PROJECTION_ENVELOPE,0.002286,0,0,0.001402
WGV35A_PAIR_0206_S2A_035,WGV35A_PAIR_0206,319,PV_GM19_WHITE_SUV_NEAR_FIELD,77,counterfactual,single_boundary_shift,azimuth_left,left_inward,0.3,0,0,0,azimuth_left,,SAR_MASK_S1_PARTIALLY_CENSORED_CENTER_INSIDE,SAR_MASK_S1_PARTIALLY_CENSORED_CENTER_INSIDE;bottom_near_range_mask;center_semantics_mask_censored_or_unconfirmed;bbox_bottom_within_110px_of_near_range_mask;observed_box_may_be_masked_response_center_not_full_vehicle_center,REAL_SAR_GRAY_REMEASURED,false,BASE_REGION_FROZEN_BACKGROUND,PERTURBED_LOCAL_RING_BACKGROUND,36,34,133947,4.74451,3.830008,1.238773,166505,BACKGROUND_STABLE,28232,2.340843,3.797532,4.35665,1.272441,2.410015,2.977672,0.01774,-0.922106,535,1,0.945098,0.45374,0.950167,12810,126593,148.07191,13.49902,13.49902,1.603937,AXIS_RESOLVED,148.001183,13.428293,13.428293,1.722776,AXIS_RESOLVED,148.001183,13.428293,13.428293,1.722776,AXIS_RESOLVED,TOP_COMPONENTS_TO_80_PERCENT_ENERGY,GLOBAL_AND_COMPONENT_AXIS_CONSISTENT,31.92809,31.998817,31.998817,33.620216,33.690943,33.690943,SAME_COMPONENT_PERSISTENT,WITHIN_VEHICLE_PROJECTION_ENVELOPE,0.019373,0.013807,0,0
WGV35A_PAIR_0206_S2A_036,WGV35A_PAIR_0206,319,PV_GM19_WHITE_SUV_NEAR_FIELD,77,counterfactual,single_boundary_shift,azimuth_right,right_inward,-0.3,0,0,0,azimuth_right,,SAR_MASK_S1_PARTIALLY_CENSORED_CENTER_INSIDE,SAR_MASK_S1_PARTIALLY_CENSORED_CENTER_INSIDE;bottom_near_range_mask;center_semantics_mask_censored_or_unconfirmed;bbox_bottom_within_110px_of_near_range_mask;observed_box_may_be_masked_response_center_not_full_vehicle_center,REAL_SAR_GRAY_REMEASURED,false,BASE_REGION_FROZEN_BACKGROUND,PERTURBED_LOCAL_RING_BACKGROUND,36,34,146020,5.19293,4.407171,1.178291,180870,BACKGROUND_STABLE,28119,2.181628,3.719626,4.250193,1.419596,2.601983,3.259593,0.084066,-0.769516,570,1,0.942028,0.484726,0.946274,13630,137555,148.916185,17.727554,17.727554,1.42023,AXIS_RESOLVED,147.176465,15.987834,15.987834,1.497395,AXIS_RESOLVED,147.176465,15.987834,15.987834,1.497395,AXIS_RESOLVED,TOP_COMPONENTS_TO_80_PERCENT_ENERGY,GLOBAL_AND_COMPONENT_AXIS_CONSISTENT,31.083815,32.823535,32.823535,29.391682,31.131402,31.131402,COMPONENT_SPLIT_OR_MERGE,WITHIN_VEHICLE_PROJECTION_ENVELOPE,0,0.010022,0.000476,0
WGV35A_PAIR_0206_S2A_037,WGV35A_PAIR_0206,319,PV_GM19_WHITE_SUV_NEAR_FIELD,77,counterfactual,single_boundary_shift,azimuth_right,right_outward,0.3,0,0,0,azimuth_right,,SAR_MASK_S1_PARTIALLY_CENSORED_CENTER_INSIDE,SAR_MASK_S1_PARTIALLY_CENSORED_CENTER_INSIDE;bottom_near_range_mask;center_semantics_mask_censored_or_unconfirmed;bbox_bottom_within_110px_of_near_range_mask;observed_box_may_be_masked_response_center_not_full_vehicle_center,REAL_SAR_GRAY_REMEASURED,false,BASE_REGION_FROZEN_BACKGROUND,PERTURBED_LOCAL_RING_BACKGROUND,36,34,146204,4.645379,4.268161,1.088379,181126,BACKGROUND_STABLE,31473,2.231775,3.751628,4.298864,1.416976,2.618798,3.213383,0.032111,-1.071776,575,1,0.944694,0.435707,0.948982,13713,138118,148.969523,14.396633,14.396633,1.42215,AXIS_RESOLVED,148.110033,13.537143,13.537143,1.500444,AXIS_RESOLVED,148.110033,13.537143,13.537143,1.500444,AXIS_RESOLVED,TOP_COMPONENTS_TO_80_PERCENT_ENERGY,GLOBAL_AND_COMPONENT_AXIS_CONSISTENT,31.030477,31.889967,31.889967,32.722603,33.582093,33.582093,COMPONENT_SPLIT_OR_MERGE,WITHIN_VEHICLE_PROJECTION_ENVELOPE,0,0,0.001606,0.000146
WGV35A_PAIR_0206_S2A_038,WGV35A_PAIR_0206,319,PV_GM19_WHITE_SUV_NEAR_FIELD,77,counterfactual,scale_resize,range,resize,-0.15,0,0,0,,range,SAR_MASK_S1_PARTIALLY_CENSORED_CENTER_INSIDE,SAR_MASK_S1_PARTIALLY_CENSORED_CENTER_INSIDE;bottom_near_range_mask;center_semantics_mask_censored_or_unconfirmed;bbox_bottom_within_110px_of_near_range_mask;observed_box_may_be_masked_response_center_not_full_vehicle_center,REAL_SAR_GRAY_REMEASURED,false,BASE_REGION_FROZEN_BACKGROUND,PERTURBED_LOCAL_RING_BACKGROUND,36,34,143193,4.928004,4.227148,1.165799,177191,BACKGROUND_STABLE,29057,2.160717,3.657195,4.167495,1.410189,2.59104,3.219082,0.07823,-0.926401,563,1,0.942455,0.457549,0.945982,13295,134953,149.721567,16.840803,16.840803,1.38937,AXIS_RESOLVED,147.821443,14.940679,14.940679,1.460675,AXIS_RESOLVED,147.821443,14.940679,14.940679,1.460675,AXIS_RESOLVED,TOP_COMPONENTS_TO_80_PERCENT_ENERGY,GLOBAL_AND_COMPONENT_AXIS_CONSISTENT,30.278433,32.178557,32.178557,30.278433,32.178557,32.178557,COMPONENT_SPLIT_OR_MERGE,WITHIN_VEHICLE_PROJECTION_ENVELOPE,0,0.001729,0.003765,0
WGV35A_PAIR_0206_S2A_039,WGV35A_PAIR_0206,319,PV_GM19_WHITE_SUV_NEAR_FIELD,77,counterfactual,scale_resize,range,resize,0.15,0,0,0,,range,SAR_MASK_S1_PARTIALLY_CENSORED_CENTER_INSIDE,SAR_MASK_S1_PARTIALLY_CENSORED_CENTER_INSIDE;bottom_near_range_mask;center_semantics_mask_censored_or_unconfirmed;bbox_bottom_within_110px_of_near_range_mask;observed_box_may_be_masked_response_center_not_full_vehicle_center,REAL_SAR_GRAY_REMEASURED,false,BASE_REGION_FROZEN_BACKGROUND,PERTURBED_LOCAL_RING_BACKGROUND,36,34,149787,4.884146,4.395152,1.111258,185727,BACKGROUND_STABLE,30668,2.272201,3.826766,4.436018,1.417903,2.591077,3.217476,0.052147,-0.917721,583,1,0.942939,0.458784,0.94832,14070,141240,147.647339,14.766575,14.766575,1.461031,AXIS_RESOLVED,147.347425,14.466661,14.466661,1.544553,AXIS_RESOLVED,147.347425,14.466661,14.466661,1.544553,AXIS_RESOLVED,TOP_COMPONENTS_TO_80_PERCENT_ENERGY,GLOBAL_AND_COMPONENT_AXIS_CONSISTENT,32.352661,32.652575,32.652575,32.352661,32.652575,32.652575,COMPONENT_SPLIT_OR_MERGE,WITHIN_VEHICLE_PROJECTION_ENVELOPE,0.004729,0.002182,0,0
WGV35A_PAIR_0206_S2A_040,WGV35A_PAIR_0206,319,PV_GM19_WHITE_SUV_NEAR_FIELD,77,counterfactual,scale_resize,azimuth,resize,-0.15,0,0,0,,azimuth,SAR_MASK_S1_PARTIALLY_CENSORED_CENTER_INSIDE,SAR_MASK_S1_PARTIALLY_CENSORED_CENTER_INSIDE;bottom_near_range_mask;center_semantics_mask_censored_or_unconfirmed;bbox_bottom_within_110px_of_near_range_mask;observed_box_may_be_masked_response_center_not_full_vehicle_center,REAL_SAR_GRAY_REMEASURED,false,BASE_REGION_FROZEN_BACKGROUND,PERTURBED_LOCAL_RING_BACKGROUND,36,34,143041,4.939091,4.042453,1.221805,177355,BACKGROUND_STABLE,28961,2.234622,3.752953,4.293249,1.375543,2.540761,3.162546,0.059347,-0.883759,569,1,0.942303,0.464349,0.946798,13448,134788,148.182483,15.301719,15.301719,1.461957,AXIS_RESOLVED,146.940097,14.059333,14.059333,1.549384,AXIS_RESOLVED,146.940097,14.059333,14.059333,1.549384,AXIS_RESOLVED,TOP_COMPONENTS_TO_80_PERCENT_ENERGY,GLOBAL_AND_COMPONENT_AXIS_CONSISTENT,31.817517,33.059903,33.059903,31.817517,33.059903,33.059903,SAME_COMPONENT_PERSISTENT,WITHIN_VEHICLE_PROJECTION_ENVELOPE,0,0.004759,0.001283,0
WGV35A_PAIR_0206_S2A_041,WGV35A_PAIR_0206,319,PV_GM19_WHITE_SUV_NEAR_FIELD,77,counterfactual,scale_resize,azimuth,resize,0.15,0,0,0,,azimuth,SAR_MASK_S1_PARTIALLY_CENSORED_CENTER_INSIDE,SAR_MASK_S1_PARTIALLY_CENSORED_CENTER_INSIDE;bottom_near_range_mask;center_semantics_mask_censored_or_unconfirmed;bbox_bottom_within_110px_of_near_range_mask;observed_box_may_be_masked_response_center_not_full_vehicle_center,REAL_SAR_GRAY_REMEASURED,false,BASE_REGION_FROZEN_BACKGROUND,PERTURBED_LOCAL_RING_BACKGROUND,36,34,150095,4.898182,4.244325,1.154055,185695,BACKGROUND_STABLE,30643,2.184306,3.726245,4.277448,1.463494,2.650658,3.28337,0.067833,-0.965817,590,1,0.94245,0.453774,0.94688,13905,141457,149.93161,17.050845,17.050845,1.381016,AXIS_RESOLVED,148.693564,15.812799,15.812799,1.448365,AXIS_RESOLVED,148.693564,15.812799,15.812799,1.448365,AXIS_RESOLVED,TOP_COMPONENTS_TO_80_PERCENT_ENERGY,GLOBAL_AND_COMPONENT_AXIS_CONSISTENT,30.06839,31.306436,31.306436,30.068391,31.306437,31.306437,COMPONENT_SPLIT_OR_MERGE,WITHIN_VEHICLE_PROJECTION_ENVELOPE,0.01528,0.012537,0,0
WGV35A_PAIR_0206_S2A_042,WGV35A_PAIR_0206,319,PV_GM19_WHITE_SUV_NEAR_FIELD,77,counterfactual,scale_resize,range,resize,-0.3,0,0,0,,range,SAR_MASK_S1_PARTIALLY_CENSORED_CENTER_INSIDE,SAR_MASK_S1_PARTIALLY_CENSORED_CENTER_INSIDE;bottom_near_range_mask;center_semantics_mask_censored_or_unconfirmed;bbox_bottom_within_110px_of_near_range_mask;observed_box_may_be_masked_response_center_not_full_vehicle_center,REAL_SAR_GRAY_REMEASURED,false,BASE_REGION_FROZEN_BACKGROUND,PERTURBED_LOCAL_RING_BACKGROUND,36,34,140541,4.986553,4.15498,1.200139,173595,BACKGROUND_STABLE,28184,2.105749,3.545673,4.04669,1.410152,2.589434,3.219026,0.071728,-0.939503,554,1,0.945966,0.460687,0.947681,12984,132947,150.623706,17.742942,17.742942,1.356273,AXIS_RESOLVED,148.484283,15.603519,15.603519,1.427854,AXIS_RESOLVED,148.484283,15.603519,15.603519,1.427854,AXIS_RESOLVED,TOP_COMPONENTS_TO_80_PERCENT_ENERGY,GLOBAL_AND_COMPONENT_AXIS_CONSISTENT,29.376294,31.515717,31.515717,29.376294,31.515717,31.515717,COMPONENT_SPLIT_OR_MERGE,WITHIN_VEHICLE_PROJECTION_ENVELOPE,0.008575,0.008538,0,0
WGV35A_PAIR_0206_S2A_043,WGV35A_PAIR_0206,319,PV_GM19_WHITE_SUV_NEAR_FIELD,77,counterfactual,scale_resize,range,resize,0.3,0,0,0,,range,SAR_MASK_S1_PARTIALLY_CENSORED_CENTER_INSIDE,SAR_MASK_S1_PARTIALLY_CENSORED_CENTER_INSIDE;bottom_near_range_mask;center_semantics_mask_censored_or_unconfirmed;bbox_bottom_within_110px_of_near_range_mask;observed_box_may_be_masked_response_center_not_full_vehicle_center,REAL_SAR_GRAY_REMEASURED,false,BASE_REGION_FROZEN_BACKGROUND,PERTURBED_LOCAL_RING_BACKGROUND,36,34,152969,4.850615,4.311664,1.124999,189823,BACKGROUND_STABLE,31536,2.331931,3.919461,4.572624,1.421134,2.595636,3.217439,0.059385,-0.913037,602,1,0.94023,0.455321,0.948441,14359,143826,147.060885,14.180121,14.180121,1.496321,AXIS_RESOLVED,147.165648,14.284884,14.284884,1.586209,AXIS_RESOLVED,147.165648,14.284884,14.284884,1.586209,AXIS_RESOLVED,TOP_COMPONENTS_TO_80_PERCENT_ENERGY,GLOBAL_AND_COMPONENT_AXIS_CONSISTENT,32.939115,32.834352,32.834352,32.939115,32.834352,32.834352,COMPONENT_SPLIT_OR_MERGE,WITHIN_VEHICLE_PROJECTION_ENVELOPE,0.000937,0,0,0.000048
WGV35A_PAIR_0206_S2A_044,WGV35A_PAIR_0206,319,PV_GM19_WHITE_SUV_NEAR_FIELD,77,counterfactual,scale_resize,azimuth,resize,-0.3,0,0,0,,azimuth,SAR_MASK_S1_PARTIALLY_CENSORED_CENTER_INSIDE,SAR_MASK_S1_PARTIALLY_CENSORED_CENTER_INSIDE;bottom_near_range_mask;center_semantics_mask_censored_or_unconfirmed;bbox_bottom_within_110px_of_near_range_mask;observed_box_may_be_masked_response_center_not_full_vehicle_center,REAL_SAR_GRAY_REMEASURED,false,BASE_REGION_FROZEN_BACKGROUND,PERTURBED_LOCAL_RING_BACKGROUND,36,34,139391,4.958769,4.020759,1.233292,173069,BACKGROUND_STABLE,28110,2.259669,3.757697,4.293174,1.339496,2.502959,3.102854,0.064282,-0.841465,549,1,0.945169,0.471647,0.949796,13258,131748,148.224906,15.344142,15.344142,1.50599,AXIS_RESOLVED,147.935488,15.054724,15.054724,1.603886,AXIS_RESOLVED,147.935488,15.054724,15.054724,1.603886,AXIS_RESOLVED,TOP_COMPONENTS_TO_80_PERCENT_ENERGY,GLOBAL_AND_COMPONENT_AXIS_CONSISTENT,31.775094,32.064512,32.064512,31.775094,32.064512,32.064512,SAME_COMPONENT_PERSISTENT,WITHIN_VEHICLE_PROJECTION_ENVELOPE,0.010055,0.009681,0,0
WGV35A_PAIR_0206_S2A_045,WGV35A_PAIR_0206,319,PV_GM19_WHITE_SUV_NEAR_FIELD,77,counterfactual,scale_resize,azimuth,resize,0.3,0,0,0,,azimuth,SAR_MASK_S1_PARTIALLY_CENSORED_CENTER_INSIDE,SAR_MASK_S1_PARTIALLY_CENSORED_CENTER_INSIDE;bottom_near_range_mask;center_semantics_mask_censored_or_unconfirmed;bbox_bottom_within_110px_of_near_range_mask;observed_box_may_be_masked_response_center_not_full_vehicle_center,REAL_SAR_GRAY_REMEASURED,false,BASE_REGION_FROZEN_BACKGROUND,PERTURBED_LOCAL_RING_BACKGROUND,36,34,154457,4.88788,3.964122,1.23303,190771,BACKGROUND_STABLE,31600,2.152853,3.709099,4.266541,1.518462,2.71037,3.340036,0.07096,-1.016311,597,1,0.94155,0.447184,0.945907,14131,145429,150.9226,18.041835,18.041835,1.334653,AXIS_RESOLVED,149.23621,16.355446,16.355446,1.390679,AXIS_RESOLVED,149.23621,16.355446,16.355446,1.390679,AXIS_RESOLVED,TOP_COMPONENTS_TO_80_PERCENT_ENERGY,GLOBAL_AND_COMPONENT_AXIS_CONSISTENT,29.0774,30.76379,30.76379,29.077401,30.76379,30.76379,COMPONENT_SPLIT_OR_MERGE,WITHIN_VEHICLE_PROJECTION_ENVELOPE,0.006714,0,0,0.001127
WGV35A_PAIR_0206_S2A_046,WGV35A_PAIR_0206,319,PV_GM19_WHITE_SUV_NEAR_FIELD,77,counterfactual,local_region_rotation,gt_region,rotate,0,-30,0,0,,,SAR_MASK_S1_PARTIALLY_CENSORED_CENTER_INSIDE,SAR_MASK_S1_PARTIALLY_CENSORED_CENTER_INSIDE;bottom_near_range_mask;center_semantics_mask_censored_or_unconfirmed;bbox_bottom_within_110px_of_near_range_mask;observed_box_may_be_masked_response_center_not_full_vehicle_center,REAL_SAR_GRAY_REMEASURED,false,BASE_REGION_FROZEN_BACKGROUND,PERTURBED_LOCAL_RING_BACKGROUND,36,38,78493,6.230592,5.150926,1.209606,62290,BACKGROUND_STABLE,12598,1.961281,3.581851,4.255484,1.031657,1.906202,2.325544,-0.243416,-0.355022,305,1,0.951129,0.590173,0.954289,7435,74657,153.730335,20.84957,20.84957,2.757743,AXIS_RESOLVED,153.603406,20.722642,20.722642,2.930492,AXIS_RESOLVED,153.603406,20.722642,20.722642,2.930492,AXIS_RESOLVED,TOP_COMPONENTS_TO_80_PERCENT_ENERGY,GLOBAL_AND_COMPONENT_AXIS_CONSISTENT,26.269665,26.396594,26.396594,26.269666,26.396594,26.396594,SAME_COMPONENT_PERSISTENT,WITHIN_VEHICLE_PROJECTION_ENVELOPE,0,0.008439,0.004702,0
WGV35A_PAIR_0206_S2A_047,WGV35A_PAIR_0206,319,PV_GM19_WHITE_SUV_NEAR_FIELD,77,counterfactual,local_region_rotation,gt_region,rotate,0,-15,0,0,,,SAR_MASK_S1_PARTIALLY_CENSORED_CENTER_INSIDE,SAR_MASK_S1_PARTIALLY_CENSORED_CENTER_INSIDE;bottom_near_range_mask;center_semantics_mask_censored_or_unconfirmed;bbox_bottom_within_110px_of_near_range_mask;observed_box_may_be_masked_response_center_not_full_vehicle_center,REAL_SAR_GRAY_REMEASURED,false,BASE_REGION_FROZEN_BACKGROUND,PERTURBED_LOCAL_RING_BACKGROUND,36,38,84171,6.596473,4.744628,1.390304,67562,BACKGROUND_STABLE,12760,1.662986,3.327429,4.0796,1.133766,2.212453,2.733754,-0.372559,-0.470157,269,1,0.9542,0.597884,0.957064,7629,80316,160.75624,27.875476,27.875476,2.615481,AXIS_RESOLVED,159.193874,26.31311,26.31311,2.720161,AXIS_RESOLVED,159.193874,26.31311,26.31311,2.720161,AXIS_RESOLVED,TOP_COMPONENTS_TO_80_PERCENT_ENERGY,GLOBAL_AND_COMPONENT_AXIS_CONSISTENT,19.24376,20.806126,20.806126,19.24376,20.806126,20.806126,SAME_COMPONENT_PERSISTENT,WITHIN_VEHICLE_PROJECTION_ENVELOPE,0.004289,0.005896,0,0
WGV35A_PAIR_0206_S2A_048,WGV35A_PAIR_0206,319,PV_GM19_WHITE_SUV_NEAR_FIELD,77,counterfactual,local_region_rotation,gt_region,rotate,0,-10,0,0,,,SAR_MASK_S1_PARTIALLY_CENSORED_CENTER_INSIDE,SAR_MASK_S1_PARTIALLY_CENSORED_CENTER_INSIDE;bottom_near_range_mask;center_semantics_mask_censored_or_unconfirmed;bbox_bottom_within_110px_of_near_range_mask;observed_box_may_be_masked_response_center_not_full_vehicle_center,REAL_SAR_GRAY_REMEASURED,false,BASE_REGION_FROZEN_BACKGROUND,PERTURBED_LOCAL_RING_BACKGROUND,36,37,82804,6.561331,3.955194,1.658915,74312,BACKGROUND_STABLE,12620,1.565621,3.173566,3.842529,1.143105,2.300348,2.820136,-0.395237,-0.505551,254,1,0.957285,0.594849,0.959942,7507,79267,163.603335,30.722571,30.722571,2.575145,AXIS_RESOLVED,162.062548,29.181783,29.181783,2.642896,AXIS_RESOLVED,162.062548,29.181783,29.181783,2.642896,AXIS_RESOLVED,TOP_COMPONENTS_TO_80_PERCENT_ENERGY,GLOBAL_AND_COMPONENT_AXIS_CONSISTENT,16.396665,17.937452,17.937452,16.396665,17.937453,17.937453,SAME_COMPONENT_PERSISTENT,WITHIN_VEHICLE_PROJECTION_ENVELOPE,0.001325,0.0065,0,0
WGV35A_PAIR_0206_S2A_049,WGV35A_PAIR_0206,319,PV_GM19_WHITE_SUV_NEAR_FIELD,77,counterfactual,local_region_rotation,gt_region,rotate,0,-5,0,0,,,SAR_MASK_S1_PARTIALLY_CENSORED_CENTER_INSIDE,SAR_MASK_S1_PARTIALLY_CENSORED_CENTER_INSIDE;bottom_near_range_mask;center_semantics_mask_censored_or_unconfirmed;bbox_bottom_within_110px_of_near_range_mask;observed_box_may_be_masked_response_center_not_full_vehicle_center,REAL_SAR_GRAY_REMEASURED,false,BASE_REGION_FROZEN_BACKGROUND,PERTURBED_LOCAL_RING_BACKGROUND,36,37,81140,6.456079,3.46371,1.86392,72846,BACKGROUND_STABLE,12568,1.509029,3.082495,3.707474,1.152555,2.363253,2.878241,-0.408035,-0.528805,247,1,0.950382,0.57543,0.958565,7232,77114,165.746912,32.866148,32.866148,2.551703,AXIS_RESOLVED,164.041023,31.160259,31.160259,2.54858,AXIS_RESOLVED,164.041023,31.160259,31.160259,2.54858,AXIS_RESOLVED,TOP_COMPONENTS_TO_80_PERCENT_ENERGY,GLOBAL_AND_COMPONENT_AXIS_CONSISTENT,14.253088,15.958977,15.958977,14.253088,15.958977,15.958977,SAME_COMPONENT_PERSISTENT,WITHIN_VEHICLE_PROJECTION_ENVELOPE,0.017504,0.036747,0,0
WGV35A_PAIR_0206_S2A_050,WGV35A_PAIR_0206,319,PV_GM19_WHITE_SUV_NEAR_FIELD,77,counterfactual,local_region_rotation,gt_region,rotate,0,0,0,0,,,SAR_MASK_S1_PARTIALLY_CENSORED_CENTER_INSIDE,SAR_MASK_S1_PARTIALLY_CENSORED_CENTER_INSIDE;bottom_near_range_mask;center_semantics_mask_censored_or_unconfirmed;bbox_bottom_within_110px_of_near_range_mask;observed_box_may_be_masked_response_center_not_full_vehicle_center,REAL_SAR_GRAY_REMEASURED,false,BASE_REGION_FROZEN_BACKGROUND,PERTURBED_LOCAL_RING_BACKGROUND,36,36,80486,6.312627,3.267068,1.932199,80486,BACKGROUND_STABLE,12750,1.474476,2.994544,3.552004,1.161987,2.402475,2.930071,-0.395181,-0.549045,257,1,0.948587,0.56251,0.957732,7172,76348,167.325345,34.444581,34.444581,2.495692,AXIS_RESOLVED,165.31955,32.438786,32.438786,2.493631,AXIS_RESOLVED,165.31955,32.438786,32.438786,2.493631,AXIS_RESOLVED,TOP_COMPONENTS_TO_80_PERCENT_ENERGY,GLOBAL_AND_COMPONENT_AXIS_CONSISTENT,12.674655,14.68045,14.68045,12.674655,14.68045,14.68045,SAME_COMPONENT_PERSISTENT,WITHIN_VEHICLE_PROJECTION_ENVELOPE,0.005456,0,0,0.002475
WGV35A_PAIR_0206_S2A_051,WGV35A_PAIR_0206,319,PV_GM19_WHITE_SUV_NEAR_FIELD,77,counterfactual,local_region_rotation,gt_region,rotate,0,5,0,0,,,SAR_MASK_S1_PARTIALLY_CENSORED_CENTER_INSIDE,SAR_MASK_S1_PARTIALLY_CENSORED_CENTER_INSIDE;bottom_near_range_mask;center_semantics_mask_censored_or_unconfirmed;bbox_bottom_within_110px_of_near_range_mask;observed_box_may_be_masked_response_center_not_full_vehicle_center,REAL_SAR_GRAY_REMEASURED,false,BASE_REGION_FROZEN_BACKGROUND,PERTURBED_LOCAL_RING_BACKGROUND,36,37,77965,6.203947,3.329839,1.863137,70038,BACKGROUND_STABLE,12567,1.395957,2.765318,3.360432,1.17297,2.418202,2.974018,-0.40245,-0.577578,264,1,0.948195,0.546033,0.955698,6862,73926,169.548311,36.667547,36.667547,2.418484,AXIS_RESOLVED,167.346757,34.465992,34.465992,2.408318,AXIS_RESOLVED,167.346757,34.465992,34.465992,2.408318,AXIS_RESOLVED,TOP_COMPONENTS_TO_80_PERCENT_ENERGY,GLOBAL_AND_COMPONENT_AXIS_CONSISTENT,10.451689,12.653243,12.653243,10.451689,12.653244,12.653244,SAME_COMPONENT_PERSISTENT,WITHIN_VEHICLE_PROJECTION_ENVELOPE,0.234682,0.081798,0,0
WGV35A_PAIR_0206_S2A_052,WGV35A_PAIR_0206,319,PV_GM19_WHITE_SUV_NEAR_FIELD,77,counterfactual,local_region_rotation,gt_region,rotate,0,10,0,0,,,SAR_MASK_S1_PARTIALLY_CENSORED_CENTER_INSIDE,SAR_MASK_S1_PARTIALLY_CENSORED_CENTER_INSIDE;bottom_near_range_mask;center_semantics_mask_censored_or_unconfirmed;bbox_bottom_within_110px_of_near_range_mask;observed_box_may_be_masked_response_center_not_full_vehicle_center,REAL_SAR_GRAY_REMEASURED,false,BASE_REGION_FROZEN_BACKGROUND,PERTURBED_LOCAL_RING_BACKGROUND,36,37,76385,6.052694,4.372302,1.384327,68654,BACKGROUND_STABLE,12620,1.391232,2.620887,3.173603,1.174594,2.421283,3.022691,-0.406388,-0.631533,272,1,0.951509,0.53019,0.954389,6691,72681,171.795154,38.91439,38.91439,2.22202,AXIS_RESOLVED,169.348975,36.468211,36.468211,2.212076,AXIS_RESOLVED,169.348975,36.468211,36.468211,2.212076,AXIS_RESOLVED,TOP_COMPONENTS_TO_80_PERCENT_ENERGY,GLOBAL_AND_COMPONENT_AXIS_CONSISTENT,8.204846,10.651025,10.651025,8.204846,10.651025,10.651025,SAME_COMPONENT_PERSISTENT,PARTIAL_SUPPORT_BELOW_ENVELOPE,0.379113,0.078717,0,0
WGV35A_PAIR_0206_S2A_053,WGV35A_PAIR_0206,319,PV_GM19_WHITE_SUV_NEAR_FIELD,77,counterfactual,local_region_rotation,gt_region,rotate,0,15,0,0,,,SAR_MASK_S1_PARTIALLY_CENSORED_CENTER_INSIDE,SAR_MASK_S1_PARTIALLY_CENSORED_CENTER_INSIDE;bottom_near_range_mask;center_semantics_mask_censored_or_unconfirmed;bbox_bottom_within_110px_of_near_range_mask;observed_box_may_be_masked_response_center_not_full_vehicle_center,REAL_SAR_GRAY_REMEASURED,false,BASE_REGION_FROZEN_BACKGROUND,PERTURBED_LOCAL_RING_BACKGROUND,36,38,76069,5.96152,7.073554,0.84279,61475,BACKGROUND_STABLE,12760,1.425841,2.468499,2.977286,1.227974,2.551613,3.284939,-0.394699,-0.746816,273,1,0.953306,0.518966,0.956198,6622,72517,177.14003,44.259266,44.259266,1.869034,AXIS_RESOLVED,174.083953,41.203188,41.203188,1.815486,AXIS_RESOLVED,174.083953,41.203188,41.203188,1.815486,AXIS_RESOLVED,TOP_COMPONENTS_TO_80_PERCENT_ENERGY,GLOBAL_AND_COMPONENT_AXIS_CONSISTENT,2.85997,5.916047,5.916047,2.85997,5.916048,5.916048,SAME_COMPONENT_PERSISTENT,PARTIAL_SUPPORT_BELOW_ENVELOPE,0.031501,0.448387,0,0
WGV35A_PAIR_0206_S2A_054,WGV35A_PAIR_0206,319,PV_GM19_WHITE_SUV_NEAR_FIELD,77,counterfactual,local_region_rotation,gt_region,rotate,0,30,0,0,,,SAR_MASK_S1_PARTIALLY_CENSORED_CENTER_INSIDE,SAR_MASK_S1_PARTIALLY_CENSORED_CENTER_INSIDE;bottom_near_range_mask;center_semantics_mask_censored_or_unconfirmed;bbox_bottom_within_110px_of_near_range_mask;observed_box_may_be_masked_response_center_not_full_vehicle_center,REAL_SAR_GRAY_REMEASURED,false,BASE_REGION_FROZEN_BACKGROUND,PERTURBED_LOCAL_RING_BACKGROUND,36,38,72443,5.750357,7.684722,0.748284,58840,BACKGROUND_STABLE,12598,0.979921,1.97385,2.29269,1.469807,2.479482,3.095028,-0.096288,-1.044662,259,1,0.955068,0.491745,0.95776,6195,69188,26.160595,73.279831,73.279831,1.486771,AXIS_RESOLVED,25.089545,72.208781,72.208781,1.382833,AXIS_RESOLVED,25.089545,72.208781,72.208781,1.382833,AXIS_RESOLVED,TOP_COMPONENTS_TO_80_PERCENT_ENERGY,GLOBAL_AND_COMPONENT_AXIS_CONSISTENT,26.160595,25.089545,25.089545,26.160595,25.089545,25.089545,SAME_COMPONENT_PERSISTENT,PARTIAL_SUPPORT_BELOW_ENVELOPE,0.02615,0.520519,0,0
WGV35A_PAIR_0206_S2A_055,WGV35A_PAIR_0206,319,PV_GM19_WHITE_SUV_NEAR_FIELD,77,counterfactual,local_region_rotation,gt_region,rotate,0,90,0,0,,,SAR_MASK_S1_PARTIALLY_CENSORED_CENTER_INSIDE,SAR_MASK_S1_PARTIALLY_CENSORED_CENTER_INSIDE;bottom_near_range_mask;center_semantics_mask_censored_or_unconfirmed;bbox_bottom_within_110px_of_near_range_mask;observed_box_may_be_masked_response_center_not_full_vehicle_center,REAL_SAR_GRAY_REMEASURED,false,BASE_REGION_FROZEN_BACKGROUND,PERTURBED_LOCAL_RING_BACKGROUND,36,36,62782,4.895283,4.054,1.207519,62782,BACKGROUND_STABLE,12825,1.231074,2.681999,3.280288,1.044283,2.024148,2.424533,0.547529,-0.703409,280,1,0.938772,0.468694,0.943917,6011,58938,103.410804,-29.46996,29.46996,1.753586,AXIS_RESOLVED,108.108347,-24.772418,24.772418,1.690372,AXIS_RESOLVED,108.108347,-24.772418,24.772418,1.690372,AXIS_RESOLVED,TOP_COMPONENTS_TO_80_PERCENT_ENERGY,GLOBAL_AND_COMPONENT_AXIS_CONSISTENT,76.589196,71.891653,71.891653,17.649276,22.346818,22.346818,COMPONENT_SPLIT_OR_MERGE,PARTIAL_SUPPORT_BELOW_ENVELOPE,0.318001,0.075852,0,0
WGV35A_PAIR_0206_S2A_056,WGV35A_PAIR_0206,319,PV_GM19_WHITE_SUV_NEAR_FIELD,77,matched_background,matched_background,deterministic_offset,control,0,0,0,3.6,,,SAR_MASK_S1_PARTIALLY_CENSORED_CENTER_INSIDE,SAR_MASK_S1_PARTIALLY_CENSORED_CENTER_INSIDE;bottom_near_range_mask;center_semantics_mask_censored_or_unconfirmed;bbox_bottom_within_110px_of_near_range_mask;observed_box_may_be_masked_response_center_not_full_vehicle_center,REAL_SAR_GRAY_REMEASURED,false,BASE_REGION_FROZEN_BACKGROUND,PERTURBED_LOCAL_RING_BACKGROUND,36,0,106,0.008314,0.075904,0.10953,5596,COUNTERFACTUAL_BACKGROUND_SENSITIVE,12750,0.10648,0.265571,0.353675,0.090451,0.163957,0.194584,-2.119853,-1.46422,12,0,0.235849,0.000549,0.45283,7,25,168.050712,-0.167673,0.167673,1.960168,AXIS_RESOLVED,156.938353,-11.280031,11.280031,1.108631,AXIS_FRAGMENTED_NO_DOMINANT_STRUCTURE,,,,,AXIS_FRAGMENTED_NO_DOMINANT_STRUCTURE,TOP_COMPONENTS_TO_80_PERCENT_ENERGY,NO_RESOLVED_AXIS_EVIDENCE,11.949288,23.061647,,46.951563,35.839205,,COMPONENT_TOO_SMALL,PARTIAL_SUPPORT_BELOW_ENVELOPE,2.734429,1.236043,0,0
WGV35A_PAIR_0207_S2A_001,WGV35A_PAIR_0207,320,PV_GM19_WHITE_SUV_NEAR_FIELD,81,gt_original,gt_original,gt,original,0,0,0,0,,,SAR_MASK_S2_CENTER_CENSORED,SAR_MASK_S2_CENTER_CENSORED;no_local_bbox_boundary_hot_band;center_semantics_mask_censored_or_unconfirmed;sar_bbox_partly_outside_reconstructed_mask,REAL_SAR_GRAY_REMEASURED,false,BASE_REGION_FROZEN_BACKGROUND,PERTURBED_LOCAL_RING_BACKGROUND,39,39,73945,6.48868,3.798707,1.708129,73945,BACKGROUND_STABLE,11396,0.94894,2.587188,3.411731,0.990143,2.070325,2.560877,-0.475746,-0.641527,288,2,0.708473,0.317655,0.905971,3620,52388,167.637094,30.737251,30.737251,2.335785,AXIS_RESOLVED,152.242755,15.342911,15.342911,1.093781,AXIS_NEAR_ISOTROPIC,163.199259,26.299415,26.299415,,AXIS_COMPONENT_LAYOUT_RESOLVED,TOP_COMPONENTS_TO_80_PERCENT_ENERGY,COMPONENT_LAYOUT_AXIS_ONLY,12.362906,27.757245,16.800741,12.363142,27.757482,16.800978,SAME_COMPONENT_PERSISTENT,PARTIAL_SUPPORT_BELOW_ENVELOPE,0.412812,0.029675,0,0
WGV35A_PAIR_0207_S2A_002,WGV35A_PAIR_0207,320,PV_GM19_WHITE_SUV_NEAR_FIELD,81,counterfactual,center_shift,range,shift,-0.15,0,-0.15,0,,,SAR_MASK_S2_CENTER_CENSORED,SAR_MASK_S2_CENTER_CENSORED;no_local_bbox_boundary_hot_band;center_semantics_mask_censored_or_unconfirmed;sar_bbox_partly_outside_reconstructed_mask,REAL_SAR_GRAY_REMEASURED,false,BASE_REGION_FROZEN_BACKGROUND,PERTURBED_LOCAL_RING_BACKGROUND,39,39,71140,6.242541,4.668965,1.337029,71140,BACKGROUND_STABLE,11396,0.872569,2.563665,3.436445,0.986134,2.038581,2.538171,-0.468603,-0.659547,303,2,0.740076,0.327571,0.900618,3733,52649,168.765914,31.866212,31.866212,2.285158,AXIS_RESOLVED,163.406732,26.507031,26.507031,1.100419,AXIS_NEAR_ISOTROPIC,164.024013,27.124312,27.124312,,AXIS_COMPONENT_LAYOUT_RESOLVED,TOP_COMPONENTS_TO_80_PERCENT_ENERGY,COMPONENT_LAYOUT_AXIS_ONLY,11.234086,16.593268,15.975987,11.234181,16.593362,15.976081,SAME_COMPONENT_PERSISTENT,PARTIAL_SUPPORT_BELOW_ENVELOPE,0.436335,0.061419,0,0
WGV35A_PAIR_0207_S2A_003,WGV35A_PAIR_0207,320,PV_GM19_WHITE_SUV_NEAR_FIELD,81,counterfactual,center_shift,range,shift,0.15,0,0.15,0,,,SAR_MASK_S2_CENTER_CENSORED,SAR_MASK_S2_CENTER_CENSORED;no_local_bbox_boundary_hot_band;center_semantics_mask_censored_or_unconfirmed;sar_bbox_partly_outside_reconstructed_mask,REAL_SAR_GRAY_REMEASURED,false,BASE_REGION_FROZEN_BACKGROUND,PERTURBED_LOCAL_RING_BACKGROUND,39,39,75697,6.596688,3.707759,1.779158,75697,BACKGROUND_STABLE,11475,1.086797,2.686054,3.416537,0.985115,2.072555,2.567925,-0.479099,-0.609527,286,1,0.904765,0.455076,0.933194,5222,68488,165.930211,29.030693,29.030693,2.367341,AXIS_RESOLVED,162.606333,25.706816,25.706816,2.536984,AXIS_RESOLVED,162.606333,25.706816,25.706816,2.536984,AXIS_RESOLVED,TOP_COMPONENTS_TO_80_PERCENT_ENERGY,GLOBAL_AND_COMPONENT_AXIS_CONSISTENT,14.069789,17.393667,17.393667,14.0697,17.393577,17.393577,SAME_COMPONENT_PERSISTENT,PARTIAL_SUPPORT_BELOW_ENVELOPE,0.313946,0.027445,0,0
WGV35A_PAIR_0207_S2A_004,WGV35A_PAIR_0207,320,PV_GM19_WHITE_SUV_NEAR_FIELD,81,counterfactual,center_shift,azimuth,shift,-0.15,0,0,-0.15,,,SAR_MASK_S2_CENTER_CENSORED,SAR_MASK_S2_CENTER_CENSORED;no_local_bbox_boundary_hot_band;center_semantics_mask_censored_or_unconfirmed;sar_bbox_partly_outside_reconstructed_mask,REAL_SAR_GRAY_REMEASURED,false,BASE_REGION_FROZEN_BACKGROUND,PERTURBED_LOCAL_RING_BACKGROUND,39,39,77702,6.862922,3.491775,1.965454,77702,BACKGROUND_STABLE,11322,1.022213,2.619088,3.359136,1.015734,2.092533,2.581679,-0.389888,-0.533062,277,1,0.910504,0.480392,0.9382,5439,70748,166.417407,31.19307,31.19307,2.325694,AXIS_RESOLVED,163.016152,27.791815,27.791815,2.493712,AXIS_RESOLVED,163.016152,27.791815,27.791815,2.493712,AXIS_RESOLVED,TOP_COMPONENTS_TO_80_PERCENT_ENERGY,GLOBAL_AND_COMPONENT_AXIS_CONSISTENT,13.582593,16.983848,16.983848,11.907323,15.308578,15.308578,SAME_COMPONENT_PERSISTENT,PARTIAL_SUPPORT_BELOW_ENVELOPE,0.380912,0.007467,0,0
WGV35A_PAIR_0207_S2A_005,WGV35A_PAIR_0207,320,PV_GM19_WHITE_SUV_NEAR_FIELD,81,counterfactual,center_shift,azimuth,shift,0.15,0,0,0.15,,,SAR_MASK_S2_CENTER_CENSORED,SAR_MASK_S2_CENTER_CENSORED;no_local_bbox_boundary_hot_band;center_semantics_mask_censored_or_unconfirmed;sar_bbox_partly_outside_reconstructed_mask,REAL_SAR_GRAY_REMEASURED,false,BASE_REGION_FROZEN_BACKGROUND,PERTURBED_LOCAL_RING_BACKGROUND,39,39,68900,5.965368,4.727897,1.261738,68900,BACKGROUND_STABLE,11550,0.889186,2.574987,3.444376,0.964658,2.043156,2.518154,-0.563379,-0.738558,312,2,0.722525,0.296104,0.895443,3420,49782,168.691814,30.116942,30.116942,2.342333,AXIS_RESOLVED,162.825128,24.250256,24.250256,1.068493,AXIS_NEAR_ISOTROPIC,164.022117,25.447245,25.447245,,AXIS_COMPONENT_LAYOUT_RESOLVED,TOP_COMPONENTS_TO_80_PERCENT_ENERGY,COMPONENT_LAYOUT_AXIS_ONLY,11.308186,17.174872,15.977883,12.983451,18.850137,17.653148,SAME_COMPONENT_PERSISTENT,PARTIAL_SUPPORT_BELOW_ENVELOPE,0.425014,0.056844,0,0
WGV35A_PAIR_0207_S2A_006,WGV35A_PAIR_0207,320,PV_GM19_WHITE_SUV_NEAR_FIELD,81,counterfactual,center_shift,range,shift,-0.3,0,-0.3,0,,,SAR_MASK_S2_CENTER_CENSORED,SAR_MASK_S2_CENTER_CENSORED;no_local_bbox_boundary_hot_band;center_semantics_mask_censored_or_unconfirmed;sar_bbox_partly_outside_reconstructed_mask,REAL_SAR_GRAY_REMEASURED,false,BASE_REGION_FROZEN_BACKGROUND,PERTURBED_LOCAL_RING_BACKGROUND,39,39,68244,5.94719,5.259483,1.130756,68244,BACKGROUND_STABLE,11475,0.818529,2.531529,3.384192,0.973865,1.990943,2.488316,-0.485412,-0.67632,325,2,0.769914,0.3322,0.895024,3812,52542,169.640576,32.741025,32.741025,2.195783,AXIS_RESOLVED,167.831161,30.931611,30.931611,1.104973,AXIS_NEAR_ISOTROPIC,164.755019,27.855468,27.855468,370658337.129758,AXIS_COMPONENT_LAYOUT_RESOLVED,TOP_COMPONENTS_TO_80_PERCENT_ENERGY,COMPONENT_LAYOUT_AXIS_ONLY,10.359424,12.168839,15.244981,10.359368,12.168782,15.244925,SAME_COMPONENT_PERSISTENT,PARTIAL_SUPPORT_BELOW_ENVELOPE,0.468471,0.009057,0,0
WGV35A_PAIR_0207_S2A_007,WGV35A_PAIR_0207,320,PV_GM19_WHITE_SUV_NEAR_FIELD,81,counterfactual,center_shift,range,shift,0.3,0,0.3,0,,,SAR_MASK_S2_CENTER_CENSORED,SAR_MASK_S2_CENTER_CENSORED;no_local_bbox_boundary_hot_band;center_semantics_mask_censored_or_unconfirmed;sar_bbox_partly_outside_reconstructed_mask,REAL_SAR_GRAY_REMEASURED,false,BASE_REGION_FROZEN_BACKGROUND,PERTURBED_LOCAL_RING_BACKGROUND,39,39,74880,6.570727,4.544396,1.445896,74880,BACKGROUND_STABLE,11396,1.237917,2.787951,3.422379,0.969259,2.037775,2.569923,-0.503805,-0.574247,269,1,0.906971,0.464988,0.93571,5299,67914,165.027338,28.127681,28.127681,2.421208,AXIS_RESOLVED,161.745569,24.845912,24.845912,2.643425,AXIS_RESOLVED,161.745569,24.845912,24.845912,2.643425,AXIS_RESOLVED,TOP_COMPONENTS_TO_80_PERCENT_ENERGY,GLOBAL_AND_COMPONENT_AXIS_CONSISTENT,14.972662,18.254431,18.254431,14.972712,18.254481,18.254481,SAME_COMPONENT_PERSISTENT,WITHIN_VEHICLE_PROJECTION_ENVELOPE,0.212049,0.062225,0,0
WGV35A_PAIR_0207_S2A_008,WGV35A_PAIR_0207,320,PV_GM19_WHITE_SUV_NEAR_FIELD,81,counterfactual,center_shift,azimuth,shift,-0.3,0,0,-0.3,,,SAR_MASK_S2_CENTER_CENSORED,SAR_MASK_S2_CENTER_CENSORED;no_local_bbox_boundary_hot_band;center_semantics_mask_censored_or_unconfirmed;sar_bbox_partly_outside_reconstructed_mask,REAL_SAR_GRAY_REMEASURED,false,BASE_REGION_FROZEN_BACKGROUND,PERTURBED_LOCAL_RING_BACKGROUND,39,39,80518,6.971255,3.693562,1.887407,80518,BACKGROUND_STABLE,11550,1.110838,2.672609,3.325956,1.038878,2.135354,2.630843,-0.344747,-0.42895,274,1,0.913609,0.502165,0.940336,5800,73562,165.38259,31.830663,31.830663,2.292556,AXIS_RESOLVED,161.885501,28.333574,28.333574,2.502931,AXIS_RESOLVED,161.885501,28.333574,28.333574,2.502931,AXIS_RESOLVED,TOP_COMPONENTS_TO_80_PERCENT_ENERGY,GLOBAL_AND_COMPONENT_AXIS_CONSISTENT,14.61741,18.114499,18.114499,11.26973,14.766819,14.766819,SAME_COMPONENT_PERSISTENT,PARTIAL_SUPPORT_BELOW_ENVELOPE,0.327391,0.064646,0,0
WGV35A_PAIR_0207_S2A_009,WGV35A_PAIR_0207,320,PV_GM19_WHITE_SUV_NEAR_FIELD,81,counterfactual,center_shift,azimuth,shift,0.3,0,0,0.3,,,SAR_MASK_S2_CENTER_CENSORED,SAR_MASK_S2_CENTER_CENSORED;no_local_bbox_boundary_hot_band;center_semantics_mask_censored_or_unconfirmed;sar_bbox_partly_outside_reconstructed_mask,REAL_SAR_GRAY_REMEASURED,false,BASE_REGION_FROZEN_BACKGROUND,PERTURBED_LOCAL_RING_BACKGROUND,39,39,59788,5.280692,5.901299,0.894836,59788,BACKGROUND_STABLE,11322,0.825139,2.450203,3.374074,0.944557,1.93761,2.447825,-0.656174,-0.801861,324,2,0.71874,0.255874,0.8633,2897,42972,170.368408,30.121115,30.121115,2.421568,AXIS_RESOLVED,30.116767,69.869474,69.869474,1.16174,AXIS_NEAR_ISOTROPIC,164.941302,24.694009,24.694009,,AXIS_COMPONENT_LAYOUT_RESOLVED,TOP_COMPONENTS_TO_80_PERCENT_ENERGY,COMPONENT_LAYOUT_AXIS_ONLY,9.631592,30.116767,15.058698,12.979278,26.769081,18.406384,SAME_COMPONENT_PERSISTENT,PARTIAL_SUPPORT_BELOW_ENVELOPE,0.549797,0.06239,0,0
WGV35A_PAIR_0207_S2A_010,WGV35A_PAIR_0207,320,PV_GM19_WHITE_SUV_NEAR_FIELD,81,counterfactual,center_shift,range,shift,-0.45,0,-0.45,0,,,SAR_MASK_S2_CENTER_CENSORED,SAR_MASK_S2_CENTER_CENSORED;no_local_bbox_boundary_hot_band;center_semantics_mask_censored_or_unconfirmed;sar_bbox_partly_outside_reconstructed_mask,REAL_SAR_GRAY_REMEASURED,false,BASE_REGION_FROZEN_BACKGROUND,PERTURBED_LOCAL_RING_BACKGROUND,39,39,66117,5.801773,4.853879,1.195286,66117,BACKGROUND_STABLE,11396,0.793388,2.350453,3.34682,0.918804,1.916577,2.442116,-0.497319,-0.686999,349,2,0.789797,0.325377,0.874283,3708,52219,170.264536,33.364877,33.364877,2.093407,AXIS_RESOLVED,157.13911,20.239452,20.239452,1.124204,AXIS_NEAR_ISOTROPIC,166.720861,29.821203,29.821203,333935325.919281,AXIS_COMPONENT_LAYOUT_RESOLVED,TOP_COMPONENTS_TO_80_PERCENT_ENERGY,COMPONENT_LAYOUT_AXIS_ONLY,9.735464,22.86089,13.279139,9.735516,22.860941,13.27919,SAME_COMPONENT_PERSISTENT,PARTIAL_SUPPORT_BELOW_ENVELOPE,0.649547,0.083423,0,0
WGV35A_PAIR_0207_S2A_011,WGV35A_PAIR_0207,320,PV_GM19_WHITE_SUV_NEAR_FIELD,81,counterfactual,center_shift,range,shift,0.45,0,0.45,0,,,SAR_MASK_S2_CENTER_CENSORED,SAR_MASK_S2_CENTER_CENSORED;no_local_bbox_boundary_hot_band;center_semantics_mask_censored_or_unconfirmed;sar_bbox_partly_outside_reconstructed_mask,REAL_SAR_GRAY_REMEASURED,false,BASE_REGION_FROZEN_BACKGROUND,PERTURBED_LOCAL_RING_BACKGROUND,39,40,72525,6.279221,5.45279,1.151561,65757,BACKGROUND_STABLE,11550,1.544794,2.949721,3.479653,0.925453,1.936905,2.485716,-0.466866,-0.506362,267,1,0.902006,0.465887,0.931679,5381,65418,163.29539,26.395826,26.395826,2.394829,AXIS_RESOLVED,160.070333,23.170769,23.170769,2.656599,AXIS_RESOLVED,160.070333,23.170769,23.170769,2.656599,AXIS_RESOLVED,TOP_COMPONENTS_TO_80_PERCENT_ENERGY,GLOBAL_AND_COMPONENT_AXIS_CONSISTENT,16.70461,19.929667,19.929667,16.704567,19.929624,19.929624,SAME_COMPONENT_PERSISTENT,WITHIN_VEHICLE_PROJECTION_ENVELOPE,0.050279,0.063095,0,0
WGV35A_PAIR_0207_S2A_012,WGV35A_PAIR_0207,320,PV_GM19_WHITE_SUV_NEAR_FIELD,81,counterfactual,center_shift,azimuth,shift,-0.45,0,0,-0.45,,,SAR_MASK_S2_CENTER_CENSORED,SAR_MASK_S2_CENTER_CENSORED;no_local_bbox_boundary_hot_band;center_semantics_mask_censored_or_unconfirmed;sar_bbox_partly_outside_reconstructed_mask,REAL_SAR_GRAY_REMEASURED,false,BASE_REGION_FROZEN_BACKGROUND,PERTURBED_LOCAL_RING_BACKGROUND,39,40,81175,7.16967,3.736797,1.918667,73985,BACKGROUND_STABLE,11322,1.146271,2.635052,3.228289,1.052752,2.168762,2.689374,-0.305444,-0.328053,286,1,0.906634,0.508391,0.933144,5756,73596,165.095491,33.210524,33.210524,2.245857,AXIS_RESOLVED,161.958169,30.073202,30.073202,2.430065,AXIS_RESOLVED,161.958169,30.073202,30.073202,2.430065,AXIS_RESOLVED,TOP_COMPONENTS_TO_80_PERCENT_ENERGY,GLOBAL_AND_COMPONENT_AXIS_CONSISTENT,14.904509,18.041831,18.041831,9.889869,13.027191,13.027191,SAME_COMPONENT_PERSISTENT,PARTIAL_SUPPORT_BELOW_ENVELOPE,0.364948,0.031238,0,0
WGV35A_PAIR_0207_S2A_013,WGV35A_PAIR_0207,320,PV_GM19_WHITE_SUV_NEAR_FIELD,81,counterfactual,center_shift,azimuth,shift,0.45,0,0,0.45,,,SAR_MASK_S2_CENTER_CENSORED,SAR_MASK_S2_CENTER_CENSORED;no_local_bbox_boundary_hot_band;center_semantics_mask_censored_or_unconfirmed;sar_bbox_partly_outside_reconstructed_mask,REAL_SAR_GRAY_REMEASURED,false,BASE_REGION_FROZEN_BACKGROUND,PERTURBED_LOCAL_RING_BACKGROUND,39,39,52170,4.577922,5.529741,0.827873,52170,BACKGROUND_STABLE,11396,0.816228,2.163999,3.216354,0.881366,1.733124,2.250086,-0.741489,-0.847482,347,2,0.728618,0.228677,0.836094,2606,38012,170.925436,29.011198,29.011198,2.429312,AXIS_RESOLVED,11.472228,49.55799,49.55799,1.106288,AXIS_NEAR_ISOTROPIC,166.532027,24.617789,24.617789,,AXIS_COMPONENT_LAYOUT_RESOLVED,TOP_COMPONENTS_TO_80_PERCENT_ENERGY,COMPONENT_LAYOUT_AXIS_ONLY,9.074564,11.472228,13.467973,14.089195,6.457597,18.482604,SAME_COMPONENT_PERSISTENT,PARTIAL_SUPPORT_BELOW_ENVELOPE,0.836001,0.066876,0,0
WGV35A_PAIR_0207_S2A_014,WGV35A_PAIR_0207,320,PV_GM19_WHITE_SUV_NEAR_FIELD,81,counterfactual,diagonal_center_shift,range+azimuth,shift,0.15,0,-0.15,-0.15,,,SAR_MASK_S2_CENTER_CENSORED,SAR_MASK_S2_CENTER_CENSORED;no_local_bbox_boundary_hot_band;center_semantics_mask_censored_or_unconfirmed;sar_bbox_partly_outside_reconstructed_mask,REAL_SAR_GRAY_REMEASURED,false,BASE_REGION_FROZEN_BACKGROUND,PERTURBED_LOCAL_RING_BACKGROUND,39,39,76453,6.619307,3.742489,1.768691,76453,BACKGROUND_STABLE,11550,0.957999,2.590958,3.399372,0.991934,2.055677,2.559388,-0.367575,-0.553257,298,1,0.910036,0.466234,0.938184,5385,69575,166.611286,31.437541,31.437541,2.244429,AXIS_RESOLVED,162.966315,27.792571,27.792571,2.368665,AXIS_RESOLVED,162.966315,27.792571,27.792571,2.368665,AXIS_RESOLVED,TOP_COMPONENTS_TO_80_PERCENT_ENERGY,GLOBAL_AND_COMPONENT_AXIS_CONSISTENT,13.388714,17.033685,17.033685,11.662852,15.307822,15.307822,SAME_COMPONENT_PERSISTENT,PARTIAL_SUPPORT_BELOW_ENVELOPE,0.409042,0.044323,0,0
WGV35A_PAIR_0207_S2A_015,WGV35A_PAIR_0207,320,PV_GM19_WHITE_SUV_NEAR_FIELD,81,counterfactual,diagonal_center_shift,range+azimuth,shift,0.15,0,-0.15,0.15,,,SAR_MASK_S2_CENTER_CENSORED,SAR_MASK_S2_CENTER_CENSORED;no_local_bbox_boundary_hot_band;center_semantics_mask_censored_or_unconfirmed;sar_bbox_partly_outside_reconstructed_mask,REAL_SAR_GRAY_REMEASURED,false,BASE_REGION_FROZEN_BACKGROUND,PERTURBED_LOCAL_RING_BACKGROUND,39,39,65079,5.748013,5.016883,1.145734,65079,BACKGROUND_STABLE,11322,0.797023,2.429562,3.38312,0.98132,2.00778,2.484036,-0.590277,-0.759435,316,2,0.747476,0.293941,0.877011,3328,48645,170.981586,32.356161,32.356161,2.314772,AXIS_RESOLVED,26.556954,67.93153,67.93153,1.145271,AXIS_NEAR_ISOTROPIC,165.41481,26.789385,26.789385,224213601.370884,AXIS_COMPONENT_LAYOUT_RESOLVED,TOP_COMPONENTS_TO_80_PERCENT_ENERGY,COMPONENT_LAYOUT_AXIS_ONLY,9.018414,26.556954,14.58519,10.744232,24.831137,16.311008,SAME_COMPONENT_PERSISTENT,PARTIAL_SUPPORT_BELOW_ENVELOPE,0.570438,0.09222,0,0
WGV35A_PAIR_0207_S2A_016,WGV35A_PAIR_0207,320,PV_GM19_WHITE_SUV_NEAR_FIELD,81,counterfactual,diagonal_center_shift,range+azimuth,shift,0.15,0,0.15,-0.15,,,SAR_MASK_S2_CENTER_CENSORED,SAR_MASK_S2_CENTER_CENSORED;no_local_bbox_boundary_hot_band;center_semantics_mask_censored_or_unconfirmed;sar_bbox_partly_outside_reconstructed_mask,REAL_SAR_GRAY_REMEASURED,false,BASE_REGION_FROZEN_BACKGROUND,PERTURBED_LOCAL_RING_BACKGROUND,39,39,79908,6.918442,3.598712,1.922477,79908,BACKGROUND_STABLE,11550,1.145299,2.738586,3.381215,1.023657,2.13154,2.620947,-0.429273,-0.51987,261,1,0.913213,0.49316,0.940144,5696,72973,165.70801,30.436185,30.436185,2.36899,AXIS_RESOLVED,162.391251,27.119425,27.119425,2.579537,AXIS_RESOLVED,162.391251,27.119425,27.119425,2.579537,AXIS_RESOLVED,TOP_COMPONENTS_TO_80_PERCENT_ENERGY,GLOBAL_AND_COMPONENT_AXIS_CONSISTENT,14.29199,17.608749,17.608749,12.664208,15.980968,15.980968,SAME_COMPONENT_PERSISTENT,WITHIN_VEHICLE_PROJECTION_ENVELOPE,0.261414,0.06846,0,0
WGV35A_PAIR_0207_S2A_017,WGV35A_PAIR_0207,320,PV_GM19_WHITE_SUV_NEAR_FIELD,81,counterfactual,diagonal_center_shift,range+azimuth,shift,0.15,0,0.15,0.15,,,SAR_MASK_S2_CENTER_CENSORED,SAR_MASK_S2_CENTER_CENSORED;no_local_bbox_boundary_hot_band;center_semantics_mask_censored_or_unconfirmed;sar_bbox_partly_outside_reconstructed_mask,REAL_SAR_GRAY_REMEASURED,false,BASE_REGION_FROZEN_BACKGROUND,PERTURBED_LOCAL_RING_BACKGROUND,39,39,69052,6.059319,4.860776,1.246574,69052,BACKGROUND_STABLE,11396,1.003833,2.598189,3.408999,0.94945,1.976923,2.503348,-0.543636,-0.69576,300,2,0.681342,0.280625,0.89589,3198,47048,166.956354,28.42892,28.42892,2.375466,AXIS_RESOLVED,136.363512,-2.163921,2.163921,1.105093,AXIS_NEAR_ISOTROPIC,162.664544,24.13711,24.13711,,AXIS_COMPONENT_LAYOUT_RESOLVED,TOP_COMPONENTS_TO_80_PERCENT_ENERGY,COMPONENT_LAYOUT_AXIS_ONLY,13.043646,43.636488,17.335456,14.671473,40.936472,18.963283,SAME_COMPONENT_PERSISTENT,PARTIAL_SUPPORT_BELOW_ENVELOPE,0.401811,0.023077,0,0
WGV35A_PAIR_0207_S2A_018,WGV35A_PAIR_0207,320,PV_GM19_WHITE_SUV_NEAR_FIELD,81,counterfactual,diagonal_center_shift,range+azimuth,shift,0.3,0,-0.3,-0.3,,,SAR_MASK_S2_CENTER_CENSORED,SAR_MASK_S2_CENTER_CENSORED;no_local_bbox_boundary_hot_band;center_semantics_mask_censored_or_unconfirmed;sar_bbox_partly_outside_reconstructed_mask,REAL_SAR_GRAY_REMEASURED,false,BASE_REGION_FROZEN_BACKGROUND,PERTURBED_LOCAL_RING_BACKGROUND,39,39,76983,6.708758,4.102155,1.635423,76983,BACKGROUND_STABLE,11475,0.959958,2.557759,3.360826,0.990849,2.056702,2.579583,-0.286587,-0.456989,318,1,0.901264,0.468322,0.929218,5374,69382,166.226199,32.881804,32.881804,2.159048,AXIS_RESOLVED,161.871758,28.527364,28.527364,2.256173,AXIS_RESOLVED,161.871758,28.527364,28.527364,2.256173,AXIS_RESOLVED,TOP_COMPONENTS_TO_80_PERCENT_ENERGY,GLOBAL_AND_COMPONENT_AXIS_CONSISTENT,13.773801,18.128242,18.128242,10.218589,14.573029,14.573029,SAME_COMPONENT_PERSISTENT,PARTIAL_SUPPORT_BELOW_ENVELOPE,0.442241,0.043298,0,0
WGV35A_PAIR_0207_S2A_019,WGV35A_PAIR_0207,320,PV_GM19_WHITE_SUV_NEAR_FIELD,81,counterfactual,diagonal_center_shift,range+azimuth,shift,0.3,0,-0.3,0.3,,,SAR_MASK_S2_CENTER_CENSORED,SAR_MASK_S2_CENTER_CENSORED;no_local_bbox_boundary_hot_band;center_semantics_mask_censored_or_unconfirmed;sar_bbox_partly_outside_reconstructed_mask,REAL_SAR_GRAY_REMEASURED,false,BASE_REGION_FROZEN_BACKGROUND,PERTURBED_LOCAL_RING_BACKGROUND,39,38,59637,5.267356,3.939394,1.337098,65648,BACKGROUND_STABLE,11322,0.766381,2.140174,3.15783,0.916446,1.834946,2.319232,-0.691382,-0.875822,334,2,0.798246,0.282371,0.86168,3197,47605,173.092788,32.637831,32.637831,2.06795,AXIS_RESOLVED,170.919701,30.464744,30.464744,1.077574,AXIS_NEAR_ISOTROPIC,168.789156,28.334199,28.334199,,AXIS_COMPONENT_LAYOUT_RESOLVED,TOP_COMPONENTS_TO_80_PERCENT_ENERGY,COMPONENT_LAYOUT_AXIS_ONLY,6.907212,9.080299,11.210844,10.462562,12.635649,14.766194,SAME_COMPONENT_PERSISTENT,PARTIAL_SUPPORT_BELOW_ENVELOPE,0.859826,0.065054,0,0
WGV35A_PAIR_0207_S2A_020,WGV35A_PAIR_0207,320,PV_GM19_WHITE_SUV_NEAR_FIELD,81,counterfactual,diagonal_center_shift,range+azimuth,shift,0.3,0,0.3,-0.3,,,SAR_MASK_S2_CENTER_CENSORED,SAR_MASK_S2_CENTER_CENSORED;no_local_bbox_boundary_hot_band;center_semantics_mask_censored_or_unconfirmed;sar_bbox_partly_outside_reconstructed_mask,REAL_SAR_GRAY_REMEASURED,false,BASE_REGION_FROZEN_BACKGROUND,PERTURBED_LOCAL_RING_BACKGROUND,39,40,82953,7.22902,4.070259,1.776059,75603,BACKGROUND_STABLE,11475,1.353572,2.790262,3.330444,1.036542,2.204231,2.709638,-0.430846,-0.420636,233,1,0.921269,0.531678,0.947211,6101,76422,164.913679,31.177312,31.177312,2.305999,AXIS_RESOLVED,161.982539,28.246172,28.246172,2.49992,AXIS_RESOLVED,161.982539,28.246172,28.246172,2.49992,AXIS_RESOLVED,TOP_COMPONENTS_TO_80_PERCENT_ENERGY,GLOBAL_AND_COMPONENT_AXIS_CONSISTENT,15.086321,18.017461,18.017461,11.923081,14.854221,14.854221,SAME_COMPONENT_PERSISTENT,WITHIN_VEHICLE_PROJECTION_ENVELOPE,0.209738,0,0,0.004231
WGV35A_PAIR_0207_S2A_021,WGV35A_PAIR_0207,320,PV_GM19_WHITE_SUV_NEAR_FIELD,81,counterfactual,diagonal_center_shift,range+azimuth,shift,0.3,0,0.3,0.3,,,SAR_MASK_S2_CENTER_CENSORED,SAR_MASK_S2_CENTER_CENSORED;no_local_bbox_boundary_hot_band;center_semantics_mask_censored_or_unconfirmed;sar_bbox_partly_outside_reconstructed_mask,REAL_SAR_GRAY_REMEASURED,false,BASE_REGION_FROZEN_BACKGROUND,PERTURBED_LOCAL_RING_BACKGROUND,39,39,59873,5.253861,5.793534,0.906849,59873,BACKGROUND_STABLE,11396,1.220744,2.65546,3.396898,0.906737,1.774445,2.253187,-0.524136,-0.678281,307,2,0.624238,0.239294,0.871678,2727,37375,165.038181,24.975472,24.975472,2.394343,AXIS_RESOLVED,119.856119,-20.20659,20.20659,1.266097,AXIS_RESOLVED,161.064909,21.002199,21.002199,,AXIS_COMPONENT_LAYOUT_RESOLVED,TOP_COMPONENTS_TO_80_PERCENT_ENERGY,MULTIPLE_AXIS_REPRESENTATIONS_CONFLICT,14.961819,60.143881,18.935091,18.124921,22.893803,22.098194,SAME_COMPONENT_PERSISTENT,PARTIAL_SUPPORT_BELOW_ENVELOPE,0.34454,0.025555,0,0
WGV35A_PAIR_0207_S2A_022,WGV35A_PAIR_0207,320,PV_GM19_WHITE_SUV_NEAR_FIELD,81,counterfactual,single_boundary_shift,range_near,near_outward,-0.15,0,0,0,range_near,,SAR_MASK_S2_CENTER_CENSORED,SAR_MASK_S2_CENTER_CENSORED;no_local_bbox_boundary_hot_band;center_semantics_mask_censored_or_unconfirmed;sar_bbox_partly_outside_reconstructed_mask,REAL_SAR_GRAY_REMEASURED,false,BASE_REGION_FROZEN_BACKGROUND,PERTURBED_LOCAL_RING_BACKGROUND,39,37,131140,4.934156,4.037838,1.22198,159902,BACKGROUND_STABLE,26578,2.255204,3.584573,4.118936,1.191506,2.204363,2.704129,0.069959,-0.926597,559,1,0.893145,0.370081,0.909555,9836,117127,144.745295,7.845637,7.845637,1.628378,AXIS_RESOLVED,141.760261,4.860603,4.860603,1.778851,AXIS_RESOLVED,141.760261,4.860603,4.860603,1.778851,AXIS_RESOLVED,TOP_COMPONENTS_TO_80_PERCENT_ENERGY,GLOBAL_AND_COMPONENT_AXIS_CONSISTENT,35.254705,38.239739,38.239739,35.254756,38.23979,38.23979,SAME_COMPONENT_PERSISTENT,WITHIN_VEHICLE_PROJECTION_ENVELOPE,0.009449,0,0,0.003424
WGV35A_PAIR_0207_S2A_023,WGV35A_PAIR_0207,320,PV_GM19_WHITE_SUV_NEAR_FIELD,81,counterfactual,single_boundary_shift,range_near,near_inward,0.15,0,0,0,range_near,,SAR_MASK_S2_CENTER_CENSORED,SAR_MASK_S2_CENTER_CENSORED;no_local_bbox_boundary_hot_band;center_semantics_mask_censored_or_unconfirmed;sar_bbox_partly_outside_reconstructed_mask,REAL_SAR_GRAY_REMEASURED,false,BASE_REGION_FROZEN_BACKGROUND,PERTURBED_LOCAL_RING_BACKGROUND,39,37,126004,5.039354,3.740254,1.347329,153335,BACKGROUND_STABLE,25004,2.175215,3.377374,3.9059,1.194488,2.225459,2.726881,0.021625,-0.927935,517,1,0.900122,0.378299,0.917201,9459,113419,146.565886,9.666329,9.666329,1.545369,AXIS_RESOLVED,143.843172,6.943614,6.943614,1.695672,AXIS_RESOLVED,143.843172,6.943614,6.943614,1.695672,AXIS_RESOLVED,TOP_COMPONENTS_TO_80_PERCENT_ENERGY,GLOBAL_AND_COMPONENT_AXIS_CONSISTENT,33.434114,36.156828,36.156828,33.434064,36.156779,36.156779,SAME_COMPONENT_PERSISTENT,WITHIN_VEHICLE_PROJECTION_ENVELOPE,0.0037,0,0,0.001376
WGV35A_PAIR_0207_S2A_024,WGV35A_PAIR_0207,320,PV_GM19_WHITE_SUV_NEAR_FIELD,81,counterfactual,single_boundary_shift,range_far,far_inward,-0.15,0,0,0,range_far,,SAR_MASK_S2_CENTER_CENSORED,SAR_MASK_S2_CENTER_CENSORED;no_local_bbox_boundary_hot_band;center_semantics_mask_censored_or_unconfirmed;sar_bbox_partly_outside_reconstructed_mask,REAL_SAR_GRAY_REMEASURED,false,BASE_REGION_FROZEN_BACKGROUND,PERTURBED_LOCAL_RING_BACKGROUND,39,36,124896,4.995041,3.74735,1.332953,167055,BACKGROUND_STABLE,25004,2.167585,3.364506,3.891239,1.186267,2.191283,2.686478,0.058701,-0.926409,522,1,0.898452,0.37326,0.915682,9333,112213,146.159061,9.259404,9.259404,1.563868,AXIS_RESOLVED,143.204728,6.305071,6.305071,1.720728,AXIS_RESOLVED,143.204728,6.305071,6.305071,1.720728,AXIS_RESOLVED,TOP_COMPONENTS_TO_80_PERCENT_ENERGY,GLOBAL_AND_COMPONENT_AXIS_CONSISTENT,33.840939,36.795272,36.795272,33.840989,36.795322,36.795322,SAME_COMPONENT_PERSISTENT,WITHIN_VEHICLE_PROJECTION_ENVELOPE,0.001298,0.008959,0,0
WGV35A_PAIR_0207_S2A_025,WGV35A_PAIR_0207,320,PV_GM19_WHITE_SUV_NEAR_FIELD,81,counterfactual,single_boundary_shift,range_far,far_outward,0.15,0,0,0,range_far,,SAR_MASK_S2_CENTER_CENSORED,SAR_MASK_S2_CENTER_CENSORED;no_local_bbox_boundary_hot_band;center_semantics_mask_censored_or_unconfirmed;sar_bbox_partly_outside_reconstructed_mask,REAL_SAR_GRAY_REMEASURED,false,BASE_REGION_FROZEN_BACKGROUND,PERTURBED_LOCAL_RING_BACKGROUND,39,36,131645,4.954275,3.603541,1.374835,176870,BACKGROUND_STABLE,26572,2.262833,3.621735,4.145659,1.194958,2.22286,2.71823,0.030808,-0.9168,549,1,0.901812,0.380476,0.918159,10110,118719,145.672118,8.77256,8.77256,1.632652,AXIS_RESOLVED,143.268057,6.368499,6.368499,1.794425,AXIS_RESOLVED,143.268057,6.368499,6.368499,1.794425,AXIS_RESOLVED,TOP_COMPONENTS_TO_80_PERCENT_ENERGY,GLOBAL_AND_COMPONENT_AXIS_CONSISTENT,34.327882,36.731943,36.731943,34.327833,36.731894,36.731894,SAME_COMPONENT_PERSISTENT,WITHIN_VEHICLE_PROJECTION_ENVELOPE,0.009252,0.016416,0,0
WGV35A_PAIR_0207_S2A_026,WGV35A_PAIR_0207,320,PV_GM19_WHITE_SUV_NEAR_FIELD,81,counterfactual,single_boundary_shift,azimuth_left,left_outward,-0.15,0,0,0,azimuth_left,,SAR_MASK_S2_CENTER_CENSORED,SAR_MASK_S2_CENTER_CENSORED;no_local_bbox_boundary_hot_band;center_semantics_mask_censored_or_unconfirmed;sar_bbox_partly_outside_reconstructed_mask,REAL_SAR_GRAY_REMEASURED,false,BASE_REGION_FROZEN_BACKGROUND,PERTURBED_LOCAL_RING_BACKGROUND,39,37,134067,5.062571,4.336352,1.167472,163218,BACKGROUND_STABLE,26482,2.187714,3.418655,3.977178,1.250185,2.312235,2.837742,0.071364,-0.917202,565,1,0.897275,0.377804,0.913327,10005,120295,145.381749,9.320074,9.320074,1.493855,AXIS_RESOLVED,142.014737,5.953062,5.953062,1.618026,AXIS_RESOLVED,142.014737,5.953062,5.953062,1.618026,AXIS_RESOLVED,TOP_COMPONENTS_TO_80_PERCENT_ENERGY,GLOBAL_AND_COMPONENT_AXIS_CONSISTENT,34.618251,37.985263,37.985263,33.780319,37.147331,37.147331,SAME_COMPONENT_PERSISTENT,WITHIN_VEHICLE_PROJECTION_ENVELOPE,0.014632,0.014628,0,0
WGV35A_PAIR_0207_S2A_027,WGV35A_PAIR_0207,320,PV_GM19_WHITE_SUV_NEAR_FIELD,81,counterfactual,single_boundary_shift,azimuth_left,left_inward,0.15,0,0,0,azimuth_left,,SAR_MASK_S2_CENTER_CENSORED,SAR_MASK_S2_CENTER_CENSORED;no_local_bbox_boundary_hot_band;center_semantics_mask_censored_or_unconfirmed;sar_bbox_partly_outside_reconstructed_mask,REAL_SAR_GRAY_REMEASURED,false,BASE_REGION_FROZEN_BACKGROUND,PERTURBED_LOCAL_RING_BACKGROUND,39,37,122489,4.925567,3.460493,1.423372,149238,BACKGROUND_STABLE,24868,2.23854,3.501599,4.026171,1.118126,2.09282,2.575712,0.019801,-0.933576,519,1,0.896309,0.36923,0.913878,9182,109788,146.261332,8.523795,8.523795,1.687911,AXIS_RESOLVED,143.749017,6.01148,6.01148,1.869094,AXIS_RESOLVED,143.749017,6.01148,6.01148,1.869094,AXIS_RESOLVED,TOP_COMPONENTS_TO_80_PERCENT_ENERGY,GLOBAL_AND_COMPONENT_AXIS_CONSISTENT,33.738668,36.250983,36.250983,34.576598,37.088913,37.088913,SAME_COMPONENT_PERSISTENT,WITHIN_VEHICLE_PROJECTION_ENVELOPE,0.008068,0.003716,0,0
WGV35A_PAIR_0207_S2A_028,WGV35A_PAIR_0207,320,PV_GM19_WHITE_SUV_NEAR_FIELD,81,counterfactual,single_boundary_shift,azimuth_right,right_inward,-0.15,0,0,0,azimuth_right,,SAR_MASK_S2_CENTER_CENSORED,SAR_MASK_S2_CENTER_CENSORED;no_local_bbox_boundary_hot_band;center_semantics_mask_censored_or_unconfirmed;sar_bbox_partly_outside_reconstructed_mask,REAL_SAR_GRAY_REMEASURED,false,BASE_REGION_FROZEN_BACKGROUND,PERTURBED_LOCAL_RING_BACKGROUND,39,37,128680,5.151527,3.85138,1.33758,156811,BACKGROUND_STABLE,24979,2.22073,3.45994,4.008214,1.191258,2.208561,2.725829,0.063543,-0.850712,539,1,0.896192,0.386845,0.912916,9663,115322,145.775874,9.714199,9.714199,1.587424,AXIS_RESOLVED,142.723727,6.662052,6.662052,1.735685,AXIS_RESOLVED,142.723727,6.662052,6.662052,1.735685,AXIS_RESOLVED,TOP_COMPONENTS_TO_80_PERCENT_ENERGY,GLOBAL_AND_COMPONENT_AXIS_CONSISTENT,34.224126,37.276273,37.276273,33.386194,36.438341,36.438341,SAME_COMPONENT_PERSISTENT,WITHIN_VEHICLE_PROJECTION_ENVELOPE,0.011277,0.008818,0,0
WGV35A_PAIR_0207_S2A_029,WGV35A_PAIR_0207,320,PV_GM19_WHITE_SUV_NEAR_FIELD,81,counterfactual,single_boundary_shift,azimuth_right,right_outward,0.15,0,0,0,azimuth_right,,SAR_MASK_S2_CENTER_CENSORED,SAR_MASK_S2_CENTER_CENSORED;no_local_bbox_boundary_hot_band;center_semantics_mask_censored_or_unconfirmed;sar_bbox_partly_outside_reconstructed_mask,REAL_SAR_GRAY_REMEASURED,false,BASE_REGION_FROZEN_BACKGROUND,PERTURBED_LOCAL_RING_BACKGROUND,39,36,128842,4.82464,3.785031,1.274663,172679,BACKGROUND_STABLE,26705,2.215813,3.487677,4.025996,1.192925,2.226382,2.720384,0.035962,-1.001644,537,1,0.895764,0.362254,0.912466,9674,115412,145.758157,8.02062,8.02062,1.589886,AXIS_RESOLVED,142.704793,4.967256,4.967256,1.73737,AXIS_RESOLVED,142.704793,4.967256,4.967256,1.73737,AXIS_RESOLVED,TOP_COMPONENTS_TO_80_PERCENT_ENERGY,GLOBAL_AND_COMPONENT_AXIS_CONSISTENT,34.241843,37.295207,37.295207,35.079773,38.133137,38.133137,SAME_COMPONENT_PERSISTENT,WITHIN_VEHICLE_PROJECTION_ENVELOPE,0.030719,0.015372,0,0
WGV35A_PAIR_0207_S2A_030,WGV35A_PAIR_0207,320,PV_GM19_WHITE_SUV_NEAR_FIELD,81,counterfactual,single_boundary_shift,range_near,near_outward,-0.3,0,0,0,range_near,,SAR_MASK_S2_CENTER_CENSORED,SAR_MASK_S2_CENTER_CENSORED;no_local_bbox_boundary_hot_band;center_semantics_mask_censored_or_unconfirmed;sar_bbox_partly_outside_reconstructed_mask,REAL_SAR_GRAY_REMEASURED,false,BASE_REGION_FROZEN_BACKGROUND,PERTURBED_LOCAL_RING_BACKGROUND,39,37,135224,4.943843,4.169295,1.185774,164807,BACKGROUND_STABLE,27352,2.311073,3.757596,4.364705,1.182857,2.183864,2.686267,0.063838,-0.929525,570,1,0.894316,0.371344,0.91023,10157,120933,143.975123,7.075422,7.075422,1.702186,AXIS_RESOLVED,141.107261,4.20756,4.20756,1.8717,AXIS_RESOLVED,141.107261,4.20756,4.20756,1.8717,AXIS_RESOLVED,TOP_COMPONENTS_TO_80_PERCENT_ENERGY,GLOBAL_AND_COMPONENT_AXIS_CONSISTENT,36.024877,38.892739,38.892739,36.024971,38.892833,38.892833,SAME_COMPONENT_PERSISTENT,WITHIN_VEHICLE_PROJECTION_ENVELOPE,0.042005,0.007038,0,0
WGV35A_PAIR_0207_S2A_031,WGV35A_PAIR_0207,320,PV_GM19_WHITE_SUV_NEAR_FIELD,81,counterfactual,single_boundary_shift,range_near,near_inward,0.3,0,0,0,range_near,,SAR_MASK_S2_CENTER_CENSORED,SAR_MASK_S2_CENTER_CENSORED;no_local_bbox_boundary_hot_band;center_semantics_mask_censored_or_unconfirmed;sar_bbox_partly_outside_reconstructed_mask,REAL_SAR_GRAY_REMEASURED,false,BASE_REGION_FROZEN_BACKGROUND,PERTURBED_LOCAL_RING_BACKGROUND,39,36,123751,5.13447,3.52743,1.455584,165078,BACKGROUND_STABLE,24102,2.136434,3.320908,3.84338,1.192484,2.228654,2.728457,-0.015077,-0.924314,496,1,0.903613,0.384408,0.921003,9265,111823,147.16882,10.269302,10.269302,1.519275,AXIS_RESOLVED,144.640931,7.741413,7.741413,1.673741,AXIS_RESOLVED,144.640931,7.741413,7.741413,1.673741,AXIS_RESOLVED,TOP_COMPONENTS_TO_80_PERCENT_ENERGY,GLOBAL_AND_COMPONENT_AXIS_CONSISTENT,32.83118,35.359069,35.359069,32.831091,35.35898,35.35898,SAME_COMPONENT_PERSISTENT,WITHIN_VEHICLE_PROJECTION_ENVELOPE,0.016985,0.028604,0,0
WGV35A_PAIR_0207_S2A_032,WGV35A_PAIR_0207,320,PV_GM19_WHITE_SUV_NEAR_FIELD,81,counterfactual,single_boundary_shift,range_far,far_inward,-0.3,0,0,0,range_far,,SAR_MASK_S2_CENTER_CENSORED,SAR_MASK_S2_CENTER_CENSORED;no_local_bbox_boundary_hot_band;center_semantics_mask_censored_or_unconfirmed;sar_bbox_partly_outside_reconstructed_mask,REAL_SAR_GRAY_REMEASURED,false,BASE_REGION_FROZEN_BACKGROUND,PERTURBED_LOCAL_RING_BACKGROUND,39,37,120219,4.964035,4.488812,1.105868,146360,BACKGROUND_STABLE,24218,2.063089,3.216201,3.766034,1.204552,2.181439,2.657508,0.042767,-0.945166,506,1,0.896381,0.370344,0.914281,8969,107762,145.749159,8.849458,8.849458,1.494244,AXIS_RESOLVED,142.105057,5.205355,5.205355,1.645776,AXIS_RESOLVED,142.105057,5.205355,5.205355,1.645776,AXIS_RESOLVED,TOP_COMPONENTS_TO_80_PERCENT_ENERGY,GLOBAL_AND_COMPONENT_AXIS_CONSISTENT,34.250841,37.894943,37.894943,34.250935,37.895038,37.895038,SAME_COMPONENT_PERSISTENT,WITHIN_VEHICLE_PROJECTION_ENVELOPE,0.005115,0.018562,0,0
WGV35A_PAIR_0207_S2A_033,WGV35A_PAIR_0207,320,PV_GM19_WHITE_SUV_NEAR_FIELD,81,counterfactual,single_boundary_shift,range_far,far_outward,0.3,0,0,0,range_far,,SAR_MASK_S2_CENTER_CENSORED,SAR_MASK_S2_CENTER_CENSORED;no_local_bbox_boundary_hot_band;center_semantics_mask_censored_or_unconfirmed;sar_bbox_partly_outside_reconstructed_mask,REAL_SAR_GRAY_REMEASURED,false,BASE_REGION_FROZEN_BACKGROUND,PERTURBED_LOCAL_RING_BACKGROUND,39,36,134149,4.903286,3.394897,1.444311,180803,BACKGROUND_STABLE,27359,2.306429,3.753377,4.267243,1.206593,2.243359,2.736131,0.00972,-0.898658,568,1,0.90269,0.382251,0.918732,10458,121095,146.446245,9.546727,9.546727,1.675501,AXIS_RESOLVED,144.351186,7.451668,7.451668,1.836927,AXIS_RESOLVED,144.351186,7.451668,7.451668,1.836927,AXIS_RESOLVED,TOP_COMPONENTS_TO_80_PERCENT_ENERGY,GLOBAL_AND_COMPONENT_AXIS_CONSISTENT,33.553755,35.648814,35.648814,33.553666,35.648725,35.648725,SAME_COMPONENT_PERSISTENT,WITHIN_VEHICLE_PROJECTION_ENVELOPE,0,0.005524,0.005655,0
WGV35A_PAIR_0207_S2A_034,WGV35A_PAIR_0207,320,PV_GM19_WHITE_SUV_NEAR_FIELD,81,counterfactual,single_boundary_shift,azimuth_left,left_outward,-0.3,0,0,0,azimuth_left,,SAR_MASK_S2_CENTER_CENSORED,SAR_MASK_S2_CENTER_CENSORED;no_local_bbox_boundary_hot_band;center_semantics_mask_censored_or_unconfirmed;sar_bbox_partly_outside_reconstructed_mask,REAL_SAR_GRAY_REMEASURED,false,BASE_REGION_FROZEN_BACKGROUND,PERTURBED_LOCAL_RING_BACKGROUND,39,37,141596,5.189328,4.557224,1.138704,171997,BACKGROUND_STABLE,27286,2.16074,3.392093,3.968251,1.318365,2.401974,2.960324,0.104504,-0.921269,588,1,0.89951,0.38408,0.914708,10480,127367,144.570503,9.346166,9.346166,1.399963,AXIS_RESOLVED,140.46441,5.240073,5.240073,1.498822,AXIS_RESOLVED,140.46441,5.240073,5.240073,1.498822,AXIS_RESOLVED,TOP_COMPONENTS_TO_80_PERCENT_ENERGY,GLOBAL_AND_COMPONENT_AXIS_CONSISTENT,35.429497,39.53559,39.53559,33.754227,37.86032,37.86032,SAME_COMPONENT_PERSISTENT,WITHIN_VEHICLE_PROJECTION_ENVELOPE,0.014405,0.003218,0,0
WGV35A_PAIR_0207_S2A_035,WGV35A_PAIR_0207,320,PV_GM19_WHITE_SUV_NEAR_FIELD,81,counterfactual,single_boundary_shift,azimuth_left,left_inward,0.3,0,0,0,azimuth_left,,SAR_MASK_S2_CENTER_CENSORED,SAR_MASK_S2_CENTER_CENSORED;no_local_bbox_boundary_hot_band;center_semantics_mask_censored_or_unconfirmed;sar_bbox_partly_outside_reconstructed_mask,REAL_SAR_GRAY_REMEASURED,false,BASE_REGION_FROZEN_BACKGROUND,PERTURBED_LOCAL_RING_BACKGROUND,39,36,117257,4.871095,3.538163,1.37673,156979,BACKGROUND_STABLE,24072,2.248184,3.518464,4.017358,1.058596,1.999446,2.462496,-0.008639,-0.9539,507,1,0.895384,0.361707,0.913736,8707,104990,146.801568,8.226696,8.226696,1.765059,AXIS_RESOLVED,144.771906,6.197034,6.197034,1.981986,AXIS_RESOLVED,144.771906,6.197034,6.197034,1.981986,AXIS_RESOLVED,TOP_COMPONENTS_TO_80_PERCENT_ENERGY,GLOBAL_AND_COMPONENT_AXIS_CONSISTENT,33.198432,35.228094,35.228094,34.873697,36.903359,36.903359,SAME_COMPONENT_PERSISTENT,WITHIN_VEHICLE_PROJECTION_ENVELOPE,0,0.033341,0.001185,0
WGV35A_PAIR_0207_S2A_036,WGV35A_PAIR_0207,320,PV_GM19_WHITE_SUV_NEAR_FIELD,81,counterfactual,single_boundary_shift,azimuth_right,right_inward,-0.3,0,0,0,azimuth_right,,SAR_MASK_S2_CENTER_CENSORED,SAR_MASK_S2_CENTER_CENSORED;no_local_bbox_boundary_hot_band;center_semantics_mask_censored_or_unconfirmed;sar_bbox_partly_outside_reconstructed_mask,REAL_SAR_GRAY_REMEASURED,false,BASE_REGION_FROZEN_BACKGROUND,PERTURBED_LOCAL_RING_BACKGROUND,39,37,128801,5.32808,3.904741,1.364515,156959,BACKGROUND_STABLE,24174,2.225957,3.448307,4.000843,1.18793,2.205326,2.736233,0.070003,-0.774955,540,1,0.896064,0.400058,0.912772,9671,115414,145.671648,10.447311,10.447311,1.589173,AXIS_RESOLVED,142.63914,7.414803,7.414803,1.738038,AXIS_RESOLVED,142.63914,7.414803,7.414803,1.738038,AXIS_RESOLVED,TOP_COMPONENTS_TO_80_PERCENT_ENERGY,GLOBAL_AND_COMPONENT_AXIS_CONSISTENT,34.328352,37.36086,37.36086,32.653082,35.68559,35.68559,SAME_COMPONENT_PERSISTENT,WITHIN_VEHICLE_PROJECTION_ENVELOPE,0.022911,0.012053,0,0
WGV35A_PAIR_0207_S2A_037,WGV35A_PAIR_0207,320,PV_GM19_WHITE_SUV_NEAR_FIELD,81,counterfactual,single_boundary_shift,azimuth_right,right_outward,0.3,0,0,0,azimuth_right,,SAR_MASK_S2_CENTER_CENSORED,SAR_MASK_S2_CENTER_CENSORED;no_local_bbox_boundary_hot_band;center_semantics_mask_censored_or_unconfirmed;sar_bbox_partly_outside_reconstructed_mask,REAL_SAR_GRAY_REMEASURED,false,BASE_REGION_FROZEN_BACKGROUND,PERTURBED_LOCAL_RING_BACKGROUND,39,36,128713,4.699785,3.757161,1.250887,172492,BACKGROUND_STABLE,27387,2.205874,3.497301,4.025259,1.194895,2.233608,2.72064,0.017506,-1.077683,539,1,0.89611,0.352868,0.912829,9664,115341,145.709661,7.13479,7.13479,1.587681,AXIS_RESOLVED,142.670821,4.095949,4.095949,1.736343,AXIS_RESOLVED,142.670821,4.095949,4.095949,1.736343,AXIS_RESOLVED,TOP_COMPONENTS_TO_80_PERCENT_ENERGY,GLOBAL_AND_COMPONENT_AXIS_CONSISTENT,34.290339,37.329179,37.329179,35.965603,39.004444,39.004444,SAME_COMPONENT_PERSISTENT,WITHIN_VEHICLE_PROJECTION_ENVELOPE,0.021095,0.008146,0,0
WGV35A_PAIR_0207_S2A_038,WGV35A_PAIR_0207,320,PV_GM19_WHITE_SUV_NEAR_FIELD,81,counterfactual,scale_resize,range,resize,-0.15,0,0,0,,range,SAR_MASK_S2_CENTER_CENSORED,SAR_MASK_S2_CENTER_CENSORED;no_local_bbox_boundary_hot_band;center_semantics_mask_censored_or_unconfirmed;sar_bbox_partly_outside_reconstructed_mask,REAL_SAR_GRAY_REMEASURED,false,BASE_REGION_FROZEN_BACKGROUND,PERTURBED_LOCAL_RING_BACKGROUND,39,36,125416,5.038204,3.719745,1.354449,167736,BACKGROUND_STABLE,24893,2.174021,3.375158,3.903897,1.189078,2.204748,2.706594,0.045879,-0.92386,524,1,0.899359,0.377134,0.916518,9388,112794,146.53436,9.634761,9.634761,1.557851,AXIS_RESOLVED,143.709418,6.809819,6.809819,1.709794,AXIS_RESOLVED,143.709418,6.809819,6.809819,1.709794,AXIS_RESOLVED,TOP_COMPONENTS_TO_80_PERCENT_ENERGY,GLOBAL_AND_COMPONENT_AXIS_CONSISTENT,33.46564,36.290582,36.290582,33.465632,36.290574,36.290574,SAME_COMPONENT_PERSISTENT,WITHIN_VEHICLE_PROJECTION_ENVELOPE,0,0.000653,0.004359,0
WGV35A_PAIR_0207_S2A_039,WGV35A_PAIR_0207,320,PV_GM19_WHITE_SUV_NEAR_FIELD,81,counterfactual,scale_resize,range,resize,0.15,0,0,0,,range,SAR_MASK_S2_CENTER_CENSORED,SAR_MASK_S2_CENTER_CENSORED;no_local_bbox_boundary_hot_band;center_semantics_mask_censored_or_unconfirmed;sar_bbox_partly_outside_reconstructed_mask,REAL_SAR_GRAY_REMEASURED,false,BASE_REGION_FROZEN_BACKGROUND,PERTURBED_LOCAL_RING_BACKGROUND,39,36.5,130819,4.944589,3.694123,1.338502,167569,BACKGROUND_STABLE,26457,2.261636,3.607882,4.133391,1.18468,2.202147,2.698532,0.049833,-0.915577,554,1,0.897729,0.374872,0.914179,9918,117440,145.309691,8.409848,8.409848,1.640905,AXIS_RESOLVED,142.773971,5.874127,5.874127,1.80714,AXIS_RESOLVED,142.773971,5.874127,5.874127,1.80714,AXIS_RESOLVED,TOP_COMPONENTS_TO_80_PERCENT_ENERGY,GLOBAL_AND_COMPONENT_AXIS_CONSISTENT,34.690309,37.226029,37.226029,34.690545,37.226266,37.226266,SAME_COMPONENT_PERSISTENT,WITHIN_VEHICLE_PROJECTION_ENVELOPE,0.016197,0.0088,0,0
WGV35A_PAIR_0207_S2A_040,WGV35A_PAIR_0207,320,PV_GM19_WHITE_SUV_NEAR_FIELD,81,counterfactual,scale_resize,azimuth,resize,-0.15,0,0,0,,azimuth,SAR_MASK_S2_CENTER_CENSORED,SAR_MASK_S2_CENTER_CENSORED;no_local_bbox_boundary_hot_band;center_semantics_mask_censored_or_unconfirmed;sar_bbox_partly_outside_reconstructed_mask,REAL_SAR_GRAY_REMEASURED,false,BASE_REGION_FROZEN_BACKGROUND,PERTURBED_LOCAL_RING_BACKGROUND,39,37,125374,5.019176,3.727813,1.346413,152827,BACKGROUND_STABLE,24979,2.231892,3.480259,4.019854,1.156136,2.150705,2.647276,0.044457,-0.888893,532,1,0.895752,0.376837,0.912917,9413,112304,146.16454,9.264697,9.264697,1.6415,AXIS_RESOLVED,143.39656,6.496717,6.496717,1.806496,AXIS_RESOLVED,143.39656,6.496717,6.496717,1.806496,AXIS_RESOLVED,TOP_COMPONENTS_TO_80_PERCENT_ENERGY,GLOBAL_AND_COMPONENT_AXIS_CONSISTENT,33.83546,36.60344,36.60344,33.835696,36.603676,36.603676,SAME_COMPONENT_PERSISTENT,WITHIN_VEHICLE_PROJECTION_ENVELOPE,0.019753,0.024496,0,0
WGV35A_PAIR_0207_S2A_041,WGV35A_PAIR_0207,320,PV_GM19_WHITE_SUV_NEAR_FIELD,81,counterfactual,scale_resize,azimuth,resize,0.15,0,0,0,,azimuth,SAR_MASK_S2_CENTER_CENSORED,SAR_MASK_S2_CENTER_CENSORED;no_local_bbox_boundary_hot_band;center_semantics_mask_censored_or_unconfirmed;sar_bbox_partly_outside_reconstructed_mask,REAL_SAR_GRAY_REMEASURED,false,BASE_REGION_FROZEN_BACKGROUND,PERTURBED_LOCAL_RING_BACKGROUND,39,37,130477,4.927007,4.002065,1.231116,158945,BACKGROUND_STABLE,26482,2.200141,3.450721,4.000762,1.217031,2.254003,2.756407,0.053201,-0.951066,549,1,0.897039,0.369572,0.913533,9787,117043,145.669471,8.769628,8.769628,1.551074,AXIS_RESOLVED,142.5054,5.605557,5.605557,1.689225,AXIS_RESOLVED,142.5054,5.605557,5.605557,1.689225,AXIS_RESOLVED,TOP_COMPONENTS_TO_80_PERCENT_ENERGY,GLOBAL_AND_COMPONENT_AXIS_CONSISTENT,34.330529,37.4946,37.4946,34.330765,37.494836,37.494836,SAME_COMPONENT_PERSISTENT,WITHIN_VEHICLE_PROJECTION_ENVELOPE,0.018774,0.020413,0,0
WGV35A_PAIR_0207_S2A_042,WGV35A_PAIR_0207,320,PV_GM19_WHITE_SUV_NEAR_FIELD,81,counterfactual,scale_resize,range,resize,-0.3,0,0,0,,range,SAR_MASK_S2_CENTER_CENSORED,SAR_MASK_S2_CENTER_CENSORED;no_local_bbox_boundary_hot_band;center_semantics_mask_censored_or_unconfirmed;sar_bbox_partly_outside_reconstructed_mask,REAL_SAR_GRAY_REMEASURED,false,BASE_REGION_FROZEN_BACKGROUND,PERTURBED_LOCAL_RING_BACKGROUND,39,37,122334,5.051367,3.670108,1.376354,148659,BACKGROUND_STABLE,24218,2.110515,3.288556,3.816671,1.189086,2.203347,2.699132,0.035162,-0.927229,503,1,0.902333,0.377075,0.919924,9132,110386,147.181854,10.28201,10.28201,1.521614,AXIS_RESOLVED,144.507234,7.60739,7.60739,1.679879,AXIS_RESOLVED,144.507234,7.60739,7.60739,1.679879,AXIS_RESOLVED,TOP_COMPONENTS_TO_80_PERCENT_ENERGY,GLOBAL_AND_COMPONENT_AXIS_CONSISTENT,32.818146,35.492766,35.492766,32.818383,35.493003,35.493003,SAME_COMPONENT_PERSISTENT,WITHIN_VEHICLE_PROJECTION_ENVELOPE,0.011444,0,0,0.003347
WGV35A_PAIR_0207_S2A_043,WGV35A_PAIR_0207,320,PV_GM19_WHITE_SUV_NEAR_FIELD,81,counterfactual,scale_resize,range,resize,0.3,0,0,0,,range,SAR_MASK_S2_CENTER_CENSORED,SAR_MASK_S2_CENTER_CENSORED;no_local_bbox_boundary_hot_band;center_semantics_mask_censored_or_unconfirmed;sar_bbox_partly_outside_reconstructed_mask,REAL_SAR_GRAY_REMEASURED,false,BASE_REGION_FROZEN_BACKGROUND,PERTURBED_LOCAL_RING_BACKGROUND,39,37,134143,4.902708,3.858607,1.27059,163866,BACKGROUND_STABLE,27361,2.303832,3.743923,4.250754,1.192912,2.210194,2.708378,0.055166,-0.915667,572,1,0.898362,0.375863,0.914405,10284,120509,144.851304,7.95146,7.95146,1.6747,AXIS_RESOLVED,142.417626,5.517782,5.517782,1.837563,AXIS_RESOLVED,142.417626,5.517782,5.517782,1.837563,AXIS_RESOLVED,TOP_COMPONENTS_TO_80_PERCENT_ENERGY,GLOBAL_AND_COMPONENT_AXIS_CONSISTENT,35.148696,37.582374,37.582374,35.148933,37.582611,37.582611,SAME_COMPONENT_PERSISTENT,WITHIN_VEHICLE_PROJECTION_ENVELOPE,0.007974,0,0,0.003663
WGV35A_PAIR_0207_S2A_044,WGV35A_PAIR_0207,320,PV_GM19_WHITE_SUV_NEAR_FIELD,81,counterfactual,scale_resize,azimuth,resize,-0.3,0,0,0,,azimuth,SAR_MASK_S2_CENTER_CENSORED,SAR_MASK_S2_CENTER_CENSORED;no_local_bbox_boundary_hot_band;center_semantics_mask_censored_or_unconfirmed;sar_bbox_partly_outside_reconstructed_mask,REAL_SAR_GRAY_REMEASURED,false,BASE_REGION_FROZEN_BACKGROUND,PERTURBED_LOCAL_RING_BACKGROUND,39,37,122548,5.092586,3.519655,1.4469,149326,BACKGROUND_STABLE,24064,2.241324,3.491718,4.022667,1.121758,2.085984,2.577549,0.038104,-0.857166,518,1,0.896008,0.381774,0.913569,9187,109804,146.432175,9.532331,9.532331,1.688887,AXIS_RESOLVED,143.863336,6.963492,6.963492,1.868873,AXIS_RESOLVED,143.863336,6.963492,6.963492,1.868873,AXIS_RESOLVED,TOP_COMPONENTS_TO_80_PERCENT_ENERGY,GLOBAL_AND_COMPONENT_AXIS_CONSISTENT,33.567825,36.136664,36.136664,33.568062,36.136901,36.136901,SAME_COMPONENT_PERSISTENT,WITHIN_VEHICLE_PROJECTION_ENVELOPE,0.008282,0.014016,0,0
WGV35A_PAIR_0207_S2A_045,WGV35A_PAIR_0207,320,PV_GM19_WHITE_SUV_NEAR_FIELD,81,counterfactual,scale_resize,azimuth,resize,0.3,0,0,0,,azimuth,SAR_MASK_S2_CENTER_CENSORED,SAR_MASK_S2_CENTER_CENSORED;no_local_bbox_boundary_hot_band;center_semantics_mask_censored_or_unconfirmed;sar_bbox_partly_outside_reconstructed_mask,REAL_SAR_GRAY_REMEASURED,false,BASE_REGION_FROZEN_BACKGROUND,PERTURBED_LOCAL_RING_BACKGROUND,39,37,134344,4.903782,4.259426,1.151278,163563,BACKGROUND_STABLE,27396,2.183268,3.440488,3.999145,1.254022,2.319128,2.826346,0.063646,-0.99174,567,1,0.896713,0.36571,0.912731,10019,120468,145.520323,8.620724,8.620724,1.497209,AXIS_RESOLVED,142.058835,5.159236,5.159236,1.620246,AXIS_RESOLVED,142.058835,5.159236,5.159236,1.620246,AXIS_RESOLVED,TOP_COMPONENTS_TO_80_PERCENT_ENERGY,GLOBAL_AND_COMPONENT_AXIS_CONSISTENT,34.479677,37.941165,37.941165,34.479669,37.941157,37.941157,SAME_COMPONENT_PERSISTENT,WITHIN_VEHICLE_PROJECTION_ENVELOPE,0,0.005953,0.002038,0
WGV35A_PAIR_0207_S2A_046,WGV35A_PAIR_0207,320,PV_GM19_WHITE_SUV_NEAR_FIELD,81,counterfactual,local_region_rotation,gt_region,rotate,0,-30,0,0,,,SAR_MASK_S2_CENTER_CENSORED,SAR_MASK_S2_CENTER_CENSORED;no_local_bbox_boundary_hot_band;center_semantics_mask_censored_or_unconfirmed;sar_bbox_partly_outside_reconstructed_mask,REAL_SAR_GRAY_REMEASURED,false,BASE_REGION_FROZEN_BACKGROUND,PERTURBED_LOCAL_RING_BACKGROUND,39,40,69252,6.099885,4.835236,1.261549,62527,BACKGROUND_STABLE,11353,1.502391,3.262822,3.753165,0.8135,1.593632,1.973468,-0.202117,-0.403796,397,2,0.530772,0.218004,0.872942,2475,36757,154.864029,17.964415,17.964415,2.632029,AXIS_RESOLVED,171.076062,34.176448,34.176448,1.414493,AXIS_RESOLVED,151.638665,14.73905,14.73905,,AXIS_COMPONENT_LAYOUT_RESOLVED,TOP_COMPONENTS_TO_80_PERCENT_ENERGY,GLOBAL_AND_COMPONENT_AXIS_CONSISTENT,25.135971,8.923938,28.361335,25.135978,8.923945,28.361343,SAME_COMPONENT_PERSISTENT,WITHIN_VEHICLE_PROJECTION_ENVELOPE,0.027042,0.026179,0,0
WGV35A_PAIR_0207_S2A_047,WGV35A_PAIR_0207,320,PV_GM19_WHITE_SUV_NEAR_FIELD,81,counterfactual,local_region_rotation,gt_region,rotate,0,-15,0,0,,,SAR_MASK_S2_CENTER_CENSORED,SAR_MASK_S2_CENTER_CENSORED;no_local_bbox_boundary_hot_band;center_semantics_mask_censored_or_unconfirmed;sar_bbox_partly_outside_reconstructed_mask,REAL_SAR_GRAY_REMEASURED,false,BASE_REGION_FROZEN_BACKGROUND,PERTURBED_LOCAL_RING_BACKGROUND,39,39,73745,6.490495,4.563474,1.42227,73745,BACKGROUND_STABLE,11362,1.075547,3.059842,3.645048,0.980723,1.900125,2.331573,-0.372984,-0.518618,338,2,0.639365,0.289386,0.89202,3288,47150,161.314085,24.41447,24.41447,2.578729,AXIS_RESOLVED,163.01293,26.113315,26.113315,1.189277,AXIS_NEAR_ISOTROPIC,158.042964,21.143349,21.143349,,AXIS_COMPONENT_LAYOUT_RESOLVED,TOP_COMPONENTS_TO_80_PERCENT_ENERGY,COMPONENT_LAYOUT_AXIS_ONLY,18.685915,16.98707,21.957036,18.685923,16.987078,21.957044,SAME_COMPONENT_PERSISTENT,WITHIN_VEHICLE_PROJECTION_ENVELOPE,0.001149,0.003477,0,0
WGV35A_PAIR_0207_S2A_048,WGV35A_PAIR_0207,320,PV_GM19_WHITE_SUV_NEAR_FIELD,81,counterfactual,local_region_rotation,gt_region,rotate,0,-10,0,0,,,SAR_MASK_S2_CENTER_CENSORED,SAR_MASK_S2_CENTER_CENSORED;no_local_bbox_boundary_hot_band;center_semantics_mask_censored_or_unconfirmed;sar_bbox_partly_outside_reconstructed_mask,REAL_SAR_GRAY_REMEASURED,false,BASE_REGION_FROZEN_BACKGROUND,PERTURBED_LOCAL_RING_BACKGROUND,39,39,74868,6.614365,4.419693,1.496567,74868,BACKGROUND_STABLE,11319,1.006211,2.900287,3.570086,1.00101,2.013058,2.43287,-0.411665,-0.567451,317,2,0.666947,0.304886,0.904485,3451,49933,163.607806,26.708191,26.708191,2.501293,AXIS_RESOLVED,161.969846,25.070231,25.070231,1.120313,AXIS_NEAR_ISOTROPIC,159.866643,22.967028,22.967028,,AXIS_COMPONENT_LAYOUT_RESOLVED,TOP_COMPONENTS_TO_80_PERCENT_ENERGY,COMPONENT_LAYOUT_AXIS_ONLY,16.392194,18.030154,20.133357,16.392202,18.030162,20.133365,SAME_COMPONENT_PERSISTENT,WITHIN_VEHICLE_PROJECTION_ENVELOPE,0.099713,0.086941,0,0
WGV35A_PAIR_0207_S2A_049,WGV35A_PAIR_0207,320,PV_GM19_WHITE_SUV_NEAR_FIELD,81,counterfactual,local_region_rotation,gt_region,rotate,0,-5,0,0,,,SAR_MASK_S2_CENTER_CENSORED,SAR_MASK_S2_CENTER_CENSORED;no_local_bbox_boundary_hot_band;center_semantics_mask_censored_or_unconfirmed;sar_bbox_partly_outside_reconstructed_mask,REAL_SAR_GRAY_REMEASURED,false,BASE_REGION_FROZEN_BACKGROUND,PERTURBED_LOCAL_RING_BACKGROUND,39,39,75043,6.609389,4.042765,1.634869,75043,BACKGROUND_STABLE,11354,0.973268,2.731271,3.494527,1.009833,2.069737,2.502804,-0.440165,-0.606285,298,2,0.686913,0.313017,0.906307,3554,51548,165.618919,28.719304,28.719304,2.427673,AXIS_RESOLVED,157.11252,20.212905,20.212905,1.099403,AXIS_NEAR_ISOTROPIC,161.626904,24.727289,24.727289,,AXIS_COMPONENT_LAYOUT_RESOLVED,TOP_COMPONENTS_TO_80_PERCENT_ENERGY,COMPONENT_LAYOUT_AXIS_ONLY,14.381081,22.88748,18.373096,14.381089,22.887488,18.373104,SAME_COMPONENT_PERSISTENT,WITHIN_VEHICLE_PROJECTION_ENVELOPE,0.268728,0.030263,0,0
WGV35A_PAIR_0207_S2A_050,WGV35A_PAIR_0207,320,PV_GM19_WHITE_SUV_NEAR_FIELD,81,counterfactual,local_region_rotation,gt_region,rotate,0,0,0,0,,,SAR_MASK_S2_CENTER_CENSORED,SAR_MASK_S2_CENTER_CENSORED;no_local_bbox_boundary_hot_band;center_semantics_mask_censored_or_unconfirmed;sar_bbox_partly_outside_reconstructed_mask,REAL_SAR_GRAY_REMEASURED,false,BASE_REGION_FROZEN_BACKGROUND,PERTURBED_LOCAL_RING_BACKGROUND,39,39,73945,6.48868,3.798707,1.708129,73945,BACKGROUND_STABLE,11396,0.94894,2.587188,3.411731,0.990143,2.070325,2.560877,-0.475746,-0.641527,288,2,0.708473,0.317655,0.905971,3620,52388,167.637094,30.737251,30.737251,2.335785,AXIS_RESOLVED,152.242755,15.342911,15.342911,1.093781,AXIS_NEAR_ISOTROPIC,163.199259,26.299415,26.299415,,AXIS_COMPONENT_LAYOUT_RESOLVED,TOP_COMPONENTS_TO_80_PERCENT_ENERGY,COMPONENT_LAYOUT_AXIS_ONLY,12.362906,27.757245,16.800741,12.363142,27.757482,16.800978,SAME_COMPONENT_PERSISTENT,PARTIAL_SUPPORT_BELOW_ENVELOPE,0.412812,0.029675,0,0
WGV35A_PAIR_0207_S2A_051,WGV35A_PAIR_0207,320,PV_GM19_WHITE_SUV_NEAR_FIELD,81,counterfactual,local_region_rotation,gt_region,rotate,0,5,0,0,,,SAR_MASK_S2_CENTER_CENSORED,SAR_MASK_S2_CENTER_CENSORED;no_local_bbox_boundary_hot_band;center_semantics_mask_censored_or_unconfirmed;sar_bbox_partly_outside_reconstructed_mask,REAL_SAR_GRAY_REMEASURED,false,BASE_REGION_FROZEN_BACKGROUND,PERTURBED_LOCAL_RING_BACKGROUND,39,39,72151,6.354677,3.815551,1.665468,72151,BACKGROUND_STABLE,11354,0.931462,2.491726,3.24714,0.963808,2.039992,2.579981,-0.498796,-0.675482,295,1,0.898394,0.42866,0.92822,4867,64820,169.611378,32.711778,32.711778,2.228017,AXIS_RESOLVED,165.368372,28.468773,28.468773,2.310969,AXIS_RESOLVED,165.368372,28.468773,28.468773,2.310969,AXIS_RESOLVED,TOP_COMPONENTS_TO_80_PERCENT_ENERGY,GLOBAL_AND_COMPONENT_AXIS_CONSISTENT,10.388622,14.631628,14.631628,10.388615,14.63162,14.63162,SAME_COMPONENT_PERSISTENT,PARTIAL_SUPPORT_BELOW_ENVELOPE,0.508275,0.060008,0,0
WGV35A_PAIR_0207_S2A_052,WGV35A_PAIR_0207,320,PV_GM19_WHITE_SUV_NEAR_FIELD,81,counterfactual,local_region_rotation,gt_region,rotate,0,10,0,0,,,SAR_MASK_S2_CENTER_CENSORED,SAR_MASK_S2_CENTER_CENSORED;no_local_bbox_boundary_hot_band;center_semantics_mask_censored_or_unconfirmed;sar_bbox_partly_outside_reconstructed_mask,REAL_SAR_GRAY_REMEASURED,false,BASE_REGION_FROZEN_BACKGROUND,PERTURBED_LOCAL_RING_BACKGROUND,39,39,69704,6.158141,3.948359,1.559671,69704,BACKGROUND_STABLE,11319,0.900906,2.336389,2.826519,0.942925,1.994352,2.568518,-0.535311,-0.721505,296,1,0.894913,0.411432,0.925786,4657,62379,172.052459,35.15286,35.15286,2.056255,AXIS_RESOLVED,166.564474,29.664875,29.664875,2.054777,AXIS_RESOLVED,166.564474,29.664875,29.664875,2.054777,AXIS_RESOLVED,TOP_COMPONENTS_TO_80_PERCENT_ENERGY,GLOBAL_AND_COMPONENT_AXIS_CONSISTENT,7.947541,13.435526,13.435526,7.947533,13.435518,13.435518,SAME_COMPONENT_PERSISTENT,PARTIAL_SUPPORT_BELOW_ENVELOPE,0.663611,0.005648,0,0
WGV35A_PAIR_0207_S2A_053,WGV35A_PAIR_0207,320,PV_GM19_WHITE_SUV_NEAR_FIELD,81,counterfactual,local_region_rotation,gt_region,rotate,0,15,0,0,,,SAR_MASK_S2_CENTER_CENSORED,SAR_MASK_S2_CENTER_CENSORED;no_local_bbox_boundary_hot_band;center_semantics_mask_censored_or_unconfirmed;sar_bbox_partly_outside_reconstructed_mask,REAL_SAR_GRAY_REMEASURED,false,BASE_REGION_FROZEN_BACKGROUND,PERTURBED_LOCAL_RING_BACKGROUND,39,39,67870,5.97342,4.206682,1.419984,67870,BACKGROUND_STABLE,11362,0.874186,2.102469,2.582966,0.928649,1.933069,2.559655,-0.577389,-0.777872,295,1,0.891705,0.396761,0.923412,4508,60520,174.818877,37.919278,37.919278,1.855749,AXIS_RESOLVED,167.110014,30.210414,30.210414,1.77039,AXIS_RESOLVED,167.110014,30.210414,30.210414,1.77039,AXIS_RESOLVED,TOP_COMPONENTS_TO_80_PERCENT_ENERGY,GLOBAL_AND_COMPONENT_AXIS_CONSISTENT,5.181123,12.889986,12.889986,5.181115,12.889979,12.889979,SAME_COMPONENT_PERSISTENT,PARTIAL_SUPPORT_BELOW_ENVELOPE,0.897531,0.066931,0,0
WGV35A_PAIR_0207_S2A_054,WGV35A_PAIR_0207,320,PV_GM19_WHITE_SUV_NEAR_FIELD,81,counterfactual,local_region_rotation,gt_region,rotate,0,30,0,0,,,SAR_MASK_S2_CENTER_CENSORED,SAR_MASK_S2_CENTER_CENSORED;no_local_bbox_boundary_hot_band;center_semantics_mask_censored_or_unconfirmed;sar_bbox_partly_outside_reconstructed_mask,REAL_SAR_GRAY_REMEASURED,false,BASE_REGION_FROZEN_BACKGROUND,PERTURBED_LOCAL_RING_BACKGROUND,39,39,66114,5.823483,7.184119,0.810605,66114,BACKGROUND_STABLE,11353,1.085392,2.005602,2.278304,1.174032,2.16618,2.628182,-0.349228,-0.982475,260,1,0.90049,0.387563,0.93304,4400,59535,12.987605,56.088006,56.088006,1.229892,AXIS_RESOLVED,164.740214,27.840615,27.840615,1.125998,AXIS_NEAR_ISOTROPIC,164.740214,27.840615,27.840615,1.125998,AXIS_NEAR_ISOTROPIC,TOP_COMPONENTS_TO_80_PERCENT_ENERGY,NO_RESOLVED_AXIS_EVIDENCE,12.987605,15.259786,15.259786,12.987613,15.259778,15.259778,SAME_COMPONENT_PERSISTENT,PARTIAL_SUPPORT_BELOW_ENVELOPE,0.094397,0.83382,0,0
WGV35A_PAIR_0207_S2A_055,WGV35A_PAIR_0207,320,PV_GM19_WHITE_SUV_NEAR_FIELD,81,counterfactual,local_region_rotation,gt_region,rotate,0,90,0,0,,,SAR_MASK_S2_CENTER_CENSORED,SAR_MASK_S2_CENTER_CENSORED;no_local_bbox_boundary_hot_band;center_semantics_mask_censored_or_unconfirmed;sar_bbox_partly_outside_reconstructed_mask,REAL_SAR_GRAY_REMEASURED,false,BASE_REGION_FROZEN_BACKGROUND,PERTURBED_LOCAL_RING_BACKGROUND,39,39,56273,4.937961,4.791811,1.0305,56273,BACKGROUND_STABLE,11396,1.041585,2.340009,2.733096,1.041792,1.983492,2.366133,0.482371,-0.784144,270,1,0.825316,0.353457,0.875162,4028,46443,103.267414,-33.632429,33.632429,1.653559,AXIS_RESOLVED,104.85253,-32.047314,32.047314,1.521125,AXIS_RESOLVED,104.85253,-32.047314,32.047314,1.521125,AXIS_RESOLVED,TOP_COMPONENTS_TO_80_PERCENT_ENERGY,GLOBAL_AND_COMPONENT_AXIS_CONSISTENT,76.732586,75.14747,75.14747,9.467964,11.053079,11.053079,COMPONENT_SPLIT_OR_MERGE,PARTIAL_SUPPORT_BELOW_ENVELOPE,0.659991,0.016508,0,0
WGV35A_PAIR_0207_S2A_056,WGV35A_PAIR_0207,320,PV_GM19_WHITE_SUV_NEAR_FIELD,81,matched_background,matched_background,deterministic_offset,control,0,0,0,-3.6,,,SAR_MASK_S2_CENTER_CENSORED,SAR_MASK_S2_CENTER_CENSORED;no_local_bbox_boundary_hot_band;center_semantics_mask_censored_or_unconfirmed;sar_bbox_partly_outside_reconstructed_mask,REAL_SAR_GRAY_REMEASURED,false,BASE_REGION_FROZEN_BACKGROUND,PERTURBED_LOCAL_RING_BACKGROUND,39,40,109344,9.594946,3.567672,2.689413,101314,BACKGROUND_STABLE,11396,0.616295,1.342559,1.858464,1.91776,3.155237,3.669175,-0.367729,0.157604,216,1,0.946856,0.598719,0.959806,6823,103533,176.274716,74.442232,74.442232,2.469803,AXIS_RESOLVED,173.939653,72.107169,72.107169,2.860065,AXIS_RESOLVED,173.939653,72.107169,72.107169,2.860065,AXIS_RESOLVED,TOP_COMPONENTS_TO_80_PERCENT_ENERGY,GLOBAL_AND_COMPONENT_AXIS_CONSISTENT,3.725284,6.060347,6.060347,31.341839,29.006776,29.006776,COMPONENT_IDENTITY_SWITCH,WITHIN_VEHICLE_PROJECTION_ENVELOPE,0.057441,0.044763,0,0
WGV35A_PAIR_0208_S2A_001,WGV35A_PAIR_0208,323,PV_GM19_SILVER_MPV_NEAR_FIELD,212,gt_original,gt_original,gt,original,0,0,0,0,,,SAR_MASK_S2_CENTER_CENSORED,SAR_MASK_S2_CENTER_CENSORED;no_local_bbox_boundary_hot_band;center_semantics_mask_censored_or_unconfirmed;sar_bbox_partly_outside_reconstructed_mask,REAL_SAR_GRAY_REMEASURED,false,BASE_REGION_FROZEN_BACKGROUND,PERTURBED_LOCAL_RING_BACKGROUND,46,46,155379,11.773812,7.330488,1.606143,155379,BACKGROUND_STABLE,13197,1.225202,2.465974,3.003915,1.215873,2.191348,2.669427,-0.391042,0.662449,211,1,0.966733,0.587103,0.970897,7748,150210,7.716567,-34.604281,34.604281,1.588903,AXIS_RESOLVED,10.153556,-32.167291,32.167291,1.540424,AXIS_RESOLVED,10.153556,-32.167291,32.167291,1.540424,AXIS_RESOLVED,TOP_COMPONENTS_TO_80_PERCENT_ENERGY,GLOBAL_AND_COMPONENT_AXIS_CONSISTENT,7.716567,10.153556,10.153556,7.716465,10.153455,10.153455,COMPONENT_IDENTITY_SWITCH,PARTIAL_SUPPORT_BELOW_ENVELOPE,0.534026,0.008652,0,0
WGV35A_PAIR_0208_S2A_002,WGV35A_PAIR_0208,323,PV_GM19_SILVER_MPV_NEAR_FIELD,212,counterfactual,center_shift,range,shift,-0.15,0,-0.15,0,,,SAR_MASK_S2_CENTER_CENSORED,SAR_MASK_S2_CENTER_CENSORED;no_local_bbox_boundary_hot_band;center_semantics_mask_censored_or_unconfirmed;sar_bbox_partly_outside_reconstructed_mask,REAL_SAR_GRAY_REMEASURED,false,BASE_REGION_FROZEN_BACKGROUND,PERTURBED_LOCAL_RING_BACKGROUND,46,45,149075,11.296128,7.310163,1.545264,158052,BACKGROUND_STABLE,13197,1.179441,2.428812,2.943688,1.214986,2.17798,2.694687,-0.307802,0.639544,232,1,0.960765,0.566189,0.965105,7472,143226,6.717239,-35.603507,35.603507,1.633488,AXIS_RESOLVED,8.344305,-33.976442,33.976442,1.586136,AXIS_RESOLVED,8.344305,-33.976442,33.976442,1.586136,AXIS_RESOLVED,TOP_COMPONENTS_TO_80_PERCENT_ENERGY,GLOBAL_AND_COMPONENT_AXIS_CONSISTENT,6.717239,8.344305,8.344305,6.717239,8.344304,8.344304,COMPONENT_IDENTITY_SWITCH,PARTIAL_SUPPORT_BELOW_ENVELOPE,0.571188,0.02202,0,0
WGV35A_PAIR_0208_S2A_003,WGV35A_PAIR_0208,323,PV_GM19_SILVER_MPV_NEAR_FIELD,212,counterfactual,center_shift,range,shift,0.15,0,0.15,0,,,SAR_MASK_S2_CENTER_CENSORED,SAR_MASK_S2_CENTER_CENSORED;no_local_bbox_boundary_hot_band;center_semantics_mask_censored_or_unconfirmed;sar_bbox_partly_outside_reconstructed_mask,REAL_SAR_GRAY_REMEASURED,false,BASE_REGION_FROZEN_BACKGROUND,PERTURBED_LOCAL_RING_BACKGROUND,46,46,161222,12.071129,7.748988,1.557769,161222,BACKGROUND_STABLE,13356,1.310181,2.52062,3.066495,1.193323,2.173495,2.62741,-0.456697,0.676881,200,1,0.969526,0.599131,0.97354,8002,156309,10.316523,-32.004222,32.004222,1.543452,AXIS_RESOLVED,13.567931,-28.752814,28.752814,1.493457,AXIS_RESOLVED,13.567931,-28.752814,28.752814,1.493457,AXIS_RESOLVED,TOP_COMPONENTS_TO_80_PERCENT_ENERGY,GLOBAL_AND_COMPONENT_AXIS_CONSISTENT,10.316523,13.567931,13.567931,10.316524,13.567932,13.567932,COMPONENT_IDENTITY_SWITCH,PARTIAL_SUPPORT_BELOW_ENVELOPE,0.47938,0.026505,0,0
WGV35A_PAIR_0208_S2A_004,WGV35A_PAIR_0208,323,PV_GM19_SILVER_MPV_NEAR_FIELD,212,counterfactual,center_shift,azimuth,shift,-0.15,0,0,-0.15,,,SAR_MASK_S2_CENTER_CENSORED,SAR_MASK_S2_CENTER_CENSORED;no_local_bbox_boundary_hot_band;center_semantics_mask_censored_or_unconfirmed;sar_bbox_partly_outside_reconstructed_mask,REAL_SAR_GRAY_REMEASURED,false,BASE_REGION_FROZEN_BACKGROUND,PERTURBED_LOCAL_RING_BACKGROUND,46,45,143934,10.77673,7.625506,1.413248,152638,BACKGROUND_STABLE,13356,1.209872,2.454286,2.987994,1.146679,2.073036,2.58079,-0.438445,0.724755,227,1,0.95912,0.53811,0.963615,7187,138050,9.199538,-31.60604,31.60604,1.612963,AXIS_RESOLVED,11.549916,-29.255662,29.255662,1.565146,AXIS_RESOLVED,11.549916,-29.255662,29.255662,1.565146,AXIS_RESOLVED,TOP_COMPONENTS_TO_80_PERCENT_ENERGY,GLOBAL_AND_COMPONENT_AXIS_CONSISTENT,9.199538,11.549916,11.549916,10.714706,13.065084,13.065084,COMPONENT_IDENTITY_SWITCH,PARTIAL_SUPPORT_BELOW_ENVELOPE,0.545714,0.026963,0,0
WGV35A_PAIR_0208_S2A_005,WGV35A_PAIR_0208,323,PV_GM19_SILVER_MPV_NEAR_FIELD,212,counterfactual,center_shift,azimuth,shift,0.15,0,0,0.15,,,SAR_MASK_S2_CENTER_CENSORED,SAR_MASK_S2_CENTER_CENSORED;no_local_bbox_boundary_hot_band;center_semantics_mask_censored_or_unconfirmed;sar_bbox_partly_outside_reconstructed_mask,REAL_SAR_GRAY_REMEASURED,false,BASE_REGION_FROZEN_BACKGROUND,PERTURBED_LOCAL_RING_BACKGROUND,46,46,167200,12.669546,7.17561,1.76564,167200,BACKGROUND_STABLE,13197,1.273391,2.49393,3.021996,1.257877,2.268051,2.750435,-0.331765,0.595732,196,1,0.971429,0.629537,0.975299,8308,162423,7.368933,-36.466981,36.466981,1.568849,AXIS_RESOLVED,9.824345,-34.011569,34.011569,1.518082,AXIS_RESOLVED,9.824345,-34.011569,34.011569,1.518082,AXIS_RESOLVED,TOP_COMPONENTS_TO_80_PERCENT_ENERGY,GLOBAL_AND_COMPONENT_AXIS_CONSISTENT,7.368933,9.824345,9.824345,5.853765,8.309177,8.309177,COMPONENT_IDENTITY_SWITCH,PARTIAL_SUPPORT_BELOW_ENVELOPE,0.50607,0.031949,0,0
WGV35A_PAIR_0208_S2A_006,WGV35A_PAIR_0208,323,PV_GM19_SILVER_MPV_NEAR_FIELD,212,counterfactual,center_shift,range,shift,-0.3,0,-0.3,0,,,SAR_MASK_S2_CENTER_CENSORED,SAR_MASK_S2_CENTER_CENSORED;no_local_bbox_boundary_hot_band;center_semantics_mask_censored_or_unconfirmed;sar_bbox_partly_outside_reconstructed_mask,REAL_SAR_GRAY_REMEASURED,false,BASE_REGION_FROZEN_BACKGROUND,PERTURBED_LOCAL_RING_BACKGROUND,46,45,141967,10.629455,7.330364,1.450058,150802,BACKGROUND_STABLE,13356,1.135075,2.394733,2.89536,1.208092,2.154179,2.70277,-0.229716,0.614847,264,1,0.954954,0.539458,0.959512,7205,135572,6.042054,-36.278564,36.278564,1.665911,AXIS_RESOLVED,7.006784,-35.313834,35.313834,1.63689,AXIS_RESOLVED,7.006784,-35.313834,35.313834,1.63689,AXIS_RESOLVED,TOP_COMPONENTS_TO_80_PERCENT_ENERGY,GLOBAL_AND_COMPONENT_AXIS_CONSISTENT,6.042054,7.006784,7.006784,6.042182,7.006912,7.006912,COMPONENT_IDENTITY_SWITCH,PARTIAL_SUPPORT_BELOW_ENVELOPE,0.605268,0.045821,0,0
WGV35A_PAIR_0208_S2A_007,WGV35A_PAIR_0208,323,PV_GM19_SILVER_MPV_NEAR_FIELD,212,counterfactual,center_shift,range,shift,0.3,0,0.3,0,,,SAR_MASK_S2_CENTER_CENSORED,SAR_MASK_S2_CENTER_CENSORED;no_local_bbox_boundary_hot_band;center_semantics_mask_censored_or_unconfirmed;sar_bbox_partly_outside_reconstructed_mask,REAL_SAR_GRAY_REMEASURED,false,BASE_REGION_FROZEN_BACKGROUND,PERTURBED_LOCAL_RING_BACKGROUND,46,46,162538,12.316284,8.903252,1.383347,162538,BACKGROUND_STABLE,13197,1.406106,2.581216,3.135021,1.16321,2.133103,2.56087,-0.528218,0.684159,185,1,0.971287,0.607865,0.975267,8022,157871,13.211063,-29.109797,29.109797,1.529676,AXIS_RESOLVED,17.375224,-24.945636,24.945636,1.490337,AXIS_RESOLVED,17.375224,-24.945636,24.945636,1.490337,AXIS_RESOLVED,TOP_COMPONENTS_TO_80_PERCENT_ENERGY,GLOBAL_AND_COMPONENT_AXIS_CONSISTENT,13.211063,17.375224,17.375224,13.210949,17.37511,17.37511,COMPONENT_IDENTITY_SWITCH,PARTIAL_SUPPORT_BELOW_ENVELOPE,0.418784,0.066897,0,0
WGV35A_PAIR_0208_S2A_008,WGV35A_PAIR_0208,323,PV_GM19_SILVER_MPV_NEAR_FIELD,212,counterfactual,center_shift,azimuth,shift,-0.3,0,0,-0.3,,,SAR_MASK_S2_CENTER_CENSORED,SAR_MASK_S2_CENTER_CENSORED;no_local_bbox_boundary_hot_band;center_semantics_mask_censored_or_unconfirmed;sar_bbox_partly_outside_reconstructed_mask,REAL_SAR_GRAY_REMEASURED,false,BASE_REGION_FROZEN_BACKGROUND,PERTURBED_LOCAL_RING_BACKGROUND,46,44,130625,9.898083,7.765854,1.274565,147243,BACKGROUND_STABLE,13197,1.180025,2.418927,2.923422,1.087082,1.954765,2.478163,-0.512478,0.785744,238,1,0.953814,0.496931,0.958767,6558,124592,9.437866,-29.854756,29.854756,1.660084,AXIS_RESOLVED,11.887457,-27.405166,27.405166,1.609739,AXIS_RESOLVED,11.887457,-27.405166,27.405166,1.609739,AXIS_RESOLVED,TOP_COMPONENTS_TO_80_PERCENT_ENERGY,GLOBAL_AND_COMPONENT_AXIS_CONSISTENT,9.437866,11.887457,11.887457,12.46599,14.91558,14.91558,COMPONENT_IDENTITY_SWITCH,PARTIAL_SUPPORT_BELOW_ENVELOPE,0.581073,0.045235,0,0
WGV35A_PAIR_0208_S2A_009,WGV35A_PAIR_0208,323,PV_GM19_SILVER_MPV_NEAR_FIELD,212,counterfactual,center_shift,azimuth,shift,0.3,0,0,0.3,,,SAR_MASK_S2_CENTER_CENSORED,SAR_MASK_S2_CENTER_CENSORED;no_local_bbox_boundary_hot_band;center_semantics_mask_censored_or_unconfirmed;sar_bbox_partly_outside_reconstructed_mask,REAL_SAR_GRAY_REMEASURED,false,BASE_REGION_FROZEN_BACKGROUND,PERTURBED_LOCAL_RING_BACKGROUND,46,47,178503,13.281473,8.1875,1.622165,168703,BACKGROUND_STABLE,13440,1.326044,2.52497,3.05387,1.297727,2.325758,2.825308,-0.278029,0.52564,190,1,0.974858,0.662946,0.978482,8910,174015,7.578459,-37.7704,37.7704,1.551587,AXIS_RESOLVED,10.05207,-35.296789,35.296789,1.512433,AXIS_RESOLVED,10.05207,-35.296789,35.296789,1.512433,AXIS_RESOLVED,TOP_COMPONENTS_TO_80_PERCENT_ENERGY,GLOBAL_AND_COMPONENT_AXIS_CONSISTENT,7.578459,10.05207,10.05207,4.550346,7.023957,7.023957,COMPONENT_IDENTITY_SWITCH,PARTIAL_SUPPORT_BELOW_ENVELOPE,0.47503,0.074242,0,0
WGV35A_PAIR_0208_S2A_010,WGV35A_PAIR_0208,323,PV_GM19_SILVER_MPV_NEAR_FIELD,212,counterfactual,center_shift,range,shift,-0.45,0,-0.45,0,,,SAR_MASK_S2_CENTER_CENSORED,SAR_MASK_S2_CENTER_CENSORED;no_local_bbox_boundary_hot_band;center_semantics_mask_censored_or_unconfirmed;sar_bbox_partly_outside_reconstructed_mask,REAL_SAR_GRAY_REMEASURED,false,BASE_REGION_FROZEN_BACKGROUND,PERTURBED_LOCAL_RING_BACKGROUND,46,45,130327,9.875502,7.228455,1.366198,138791,BACKGROUND_STABLE,13197,1.104383,2.334288,2.814565,1.171873,2.104966,2.607363,-0.166207,0.566917,301,1,0.947194,0.509586,0.952159,6725,123445,5.629757,-36.69097,36.69097,1.722659,AXIS_RESOLVED,5.966197,-36.354529,36.354529,1.697621,AXIS_RESOLVED,5.966197,-36.354529,36.354529,1.697621,AXIS_RESOLVED,TOP_COMPONENTS_TO_80_PERCENT_ENERGY,GLOBAL_AND_COMPONENT_AXIS_CONSISTENT,5.629757,5.966197,5.966197,5.629776,5.966217,5.966217,COMPONENT_IDENTITY_SWITCH,PARTIAL_SUPPORT_BELOW_ENVELOPE,0.665712,0.095034,0,0
WGV35A_PAIR_0208_S2A_011,WGV35A_PAIR_0208,323,PV_GM19_SILVER_MPV_NEAR_FIELD,212,counterfactual,center_shift,range,shift,0.45,0,0.45,0,,,SAR_MASK_S2_CENTER_CENSORED,SAR_MASK_S2_CENTER_CENSORED;no_local_bbox_boundary_hot_band;center_semantics_mask_censored_or_unconfirmed;sar_bbox_partly_outside_reconstructed_mask,REAL_SAR_GRAY_REMEASURED,false,BASE_REGION_FROZEN_BACKGROUND,PERTURBED_LOCAL_RING_BACKGROUND,46,47,163424,12.38342,10.028456,1.234828,154426,BACKGROUND_STABLE,13197,1.505849,2.64416,3.205534,1.136694,2.104601,2.516654,-0.593425,0.700791,177,1,0.971381,0.607562,0.97534,8018,158747,15.51089,-26.809872,26.809872,1.523186,AXIS_RESOLVED,20.197413,-22.123349,22.123349,1.497096,AXIS_RESOLVED,20.197413,-22.123349,22.123349,1.497096,AXIS_RESOLVED,TOP_COMPONENTS_TO_80_PERCENT_ENERGY,GLOBAL_AND_COMPONENT_AXIS_CONSISTENT,15.51089,20.197413,20.197413,15.510874,20.197397,20.197397,COMPONENT_IDENTITY_SWITCH,PARTIAL_SUPPORT_BELOW_ENVELOPE,0.35584,0.095399,0,0
WGV35A_PAIR_0208_S2A_012,WGV35A_PAIR_0208,323,PV_GM19_SILVER_MPV_NEAR_FIELD,212,counterfactual,center_shift,azimuth,shift,-0.45,0,0,-0.45,,,SAR_MASK_S2_CENTER_CENSORED,SAR_MASK_S2_CENTER_CENSORED;no_local_bbox_boundary_hot_band;center_semantics_mask_censored_or_unconfirmed;sar_bbox_partly_outside_reconstructed_mask,REAL_SAR_GRAY_REMEASURED,false,BASE_REGION_FROZEN_BACKGROUND,PERTURBED_LOCAL_RING_BACKGROUND,46,43,116746,8.846404,7.618293,1.161206,140537,BACKGROUND_STABLE,13197,1.152216,2.373593,2.834739,1.023431,1.827933,2.339436,-0.592261,0.83578,246,1,0.947142,0.449496,0.952684,5932,110575,9.82315,-27.960541,27.960541,1.718595,AXIS_RESOLVED,12.207393,-25.576297,25.576297,1.659804,AXIS_RESOLVED,12.207393,-25.576297,25.576297,1.659804,AXIS_RESOLVED,TOP_COMPONENTS_TO_80_PERCENT_ENERGY,GLOBAL_AND_COMPONENT_AXIS_CONSISTENT,9.82315,12.207393,12.207393,14.360205,16.744449,16.744449,COMPONENT_IDENTITY_SWITCH,PARTIAL_SUPPORT_BELOW_ENVELOPE,0.626407,0.072067,0,0
WGV35A_PAIR_0208_S2A_013,WGV35A_PAIR_0208,323,PV_GM19_SILVER_MPV_NEAR_FIELD,212,counterfactual,center_shift,azimuth,shift,0.45,0,0,0.45,,,SAR_MASK_S2_CENTER_CENSORED,SAR_MASK_S2_CENTER_CENSORED;no_local_bbox_boundary_hot_band;center_semantics_mask_censored_or_unconfirmed;sar_bbox_partly_outside_reconstructed_mask,REAL_SAR_GRAY_REMEASURED,false,BASE_REGION_FROZEN_BACKGROUND,PERTURBED_LOCAL_RING_BACKGROUND,46,48,185138,14.028794,9.363821,1.498191,165484,BACKGROUND_STABLE,13197,1.405071,2.560634,3.092515,1.335393,2.377732,2.878446,-0.225292,0.455509,165,1,0.977001,0.697659,0.980496,9207,180880,7.651576,-39.206229,39.206229,1.564303,AXIS_RESOLVED,10.08774,-36.770065,36.770065,1.537294,AXIS_RESOLVED,10.08774,-36.770065,36.770065,1.537294,AXIS_RESOLVED,TOP_COMPONENTS_TO_80_PERCENT_ENERGY,GLOBAL_AND_COMPONENT_AXIS_CONSISTENT,7.651576,10.08774,10.08774,3.114517,5.550681,5.550681,COMPONENT_IDENTITY_SWITCH,PARTIAL_SUPPORT_BELOW_ENVELOPE,0.439366,0.022268,0,0
WGV35A_PAIR_0208_S2A_014,WGV35A_PAIR_0208,323,PV_GM19_SILVER_MPV_NEAR_FIELD,212,counterfactual,diagonal_center_shift,range+azimuth,shift,0.15,0,-0.15,-0.15,,,SAR_MASK_S2_CENTER_CENSORED,SAR_MASK_S2_CENTER_CENSORED;no_local_bbox_boundary_hot_band;center_semantics_mask_censored_or_unconfirmed;sar_bbox_partly_outside_reconstructed_mask,REAL_SAR_GRAY_REMEASURED,false,BASE_REGION_FROZEN_BACKGROUND,PERTURBED_LOCAL_RING_BACKGROUND,46,44,135923,10.299538,7.517886,1.370004,153212,BACKGROUND_STABLE,13197,1.141615,2.396803,2.89982,1.150246,2.069314,2.608374,-0.381203,0.705891,245,1,0.954099,0.518072,0.958859,6837,129684,7.004107,-33.760432,33.760432,1.670547,AXIS_RESOLVED,8.589929,-32.174611,32.174611,1.625119,AXIS_RESOLVED,8.589929,-32.174611,32.174611,1.625119,AXIS_RESOLVED,TOP_COMPONENTS_TO_80_PERCENT_ENERGY,GLOBAL_AND_COMPONENT_AXIS_CONSISTENT,7.004107,8.589929,8.589929,8.560314,10.146135,10.146135,COMPONENT_IDENTITY_SWITCH,PARTIAL_SUPPORT_BELOW_ENVELOPE,0.603197,0.030686,0,0
WGV35A_PAIR_0208_S2A_015,WGV35A_PAIR_0208,323,PV_GM19_SILVER_MPV_NEAR_FIELD,212,counterfactual,diagonal_center_shift,range+azimuth,shift,0.15,0,-0.15,0.15,,,SAR_MASK_S2_CENTER_CENSORED,SAR_MASK_S2_CENTER_CENSORED;no_local_bbox_boundary_hot_band;center_semantics_mask_censored_or_unconfirmed;sar_bbox_partly_outside_reconstructed_mask,REAL_SAR_GRAY_REMEASURED,false,BASE_REGION_FROZEN_BACKGROUND,PERTURBED_LOCAL_RING_BACKGROUND,46,46,162222,12.146002,6.725911,1.805852,162222,BACKGROUND_STABLE,13356,1.21849,2.460259,2.980918,1.270062,2.27647,2.772992,-0.247654,0.574158,226,1,0.968142,0.610886,0.972131,8159,157054,6.076304,-37.800859,37.800859,1.587622,AXIS_RESOLVED,7.842861,-36.034302,36.034302,1.548982,AXIS_RESOLVED,7.842861,-36.034302,36.034302,1.548982,AXIS_RESOLVED,TOP_COMPONENTS_TO_80_PERCENT_ENERGY,GLOBAL_AND_COMPONENT_AXIS_CONSISTENT,6.076304,7.842861,7.842861,4.519887,6.286444,6.286444,COMPONENT_IDENTITY_SWITCH,PARTIAL_SUPPORT_BELOW_ENVELOPE,0.539741,0.02353,0,0
WGV35A_PAIR_0208_S2A_016,WGV35A_PAIR_0208,323,PV_GM19_SILVER_MPV_NEAR_FIELD,212,counterfactual,diagonal_center_shift,range+azimuth,shift,0.15,0,0.15,-0.15,,,SAR_MASK_S2_CENTER_CENSORED,SAR_MASK_S2_CENTER_CENSORED;no_local_bbox_boundary_hot_band;center_semantics_mask_censored_or_unconfirmed;sar_bbox_partly_outside_reconstructed_mask,REAL_SAR_GRAY_REMEASURED,false,BASE_REGION_FROZEN_BACKGROUND,PERTURBED_LOCAL_RING_BACKGROUND,46,45,149023,11.292188,7.571138,1.491478,157836,BACKGROUND_STABLE,13197,1.267546,2.494229,3.038174,1.141049,2.078403,2.552812,-0.516953,0.740687,209,1,0.965515,0.562325,0.969857,7421,143884,10.694525,-30.149977,30.149977,1.573776,AXIS_RESOLVED,13.970326,-26.874177,26.874177,1.525498,AXIS_RESOLVED,13.970326,-26.874177,26.874177,1.525498,AXIS_RESOLVED,TOP_COMPONENTS_TO_80_PERCENT_ENERGY,GLOBAL_AND_COMPONENT_AXIS_CONSISTENT,10.694525,13.970326,13.970326,12.170769,15.446569,15.446569,COMPONENT_IDENTITY_SWITCH,PARTIAL_SUPPORT_BELOW_ENVELOPE,0.505771,0.021596,0,0
WGV35A_PAIR_0208_S2A_017,WGV35A_PAIR_0208,323,PV_GM19_SILVER_MPV_NEAR_FIELD,212,counterfactual,diagonal_center_shift,range+azimuth,shift,0.15,0,0.15,0.15,,,SAR_MASK_S2_CENTER_CENSORED,SAR_MASK_S2_CENTER_CENSORED;no_local_bbox_boundary_hot_band;center_semantics_mask_censored_or_unconfirmed;sar_bbox_partly_outside_reconstructed_mask,REAL_SAR_GRAY_REMEASURED,false,BASE_REGION_FROZEN_BACKGROUND,PERTURBED_LOCAL_RING_BACKGROUND,46,46,170421,12.913617,8.47561,1.523621,170421,BACKGROUND_STABLE,13197,1.348437,2.54235,3.085481,1.236876,2.233231,2.69571,-0.412329,0.609867,180,1,0.973084,0.637721,0.976881,8416,165834,9.743001,-34.053789,34.053789,1.547128,AXIS_RESOLVED,12.988002,-30.808787,30.808787,1.502426,AXIS_RESOLVED,12.988002,-30.808787,30.808787,1.502426,AXIS_RESOLVED,TOP_COMPONENTS_TO_80_PERCENT_ENERGY,GLOBAL_AND_COMPONENT_AXIS_CONSISTENT,9.743001,12.988002,12.988002,8.266957,11.511959,11.511959,COMPONENT_IDENTITY_SWITCH,PARTIAL_SUPPORT_BELOW_ENVELOPE,0.45765,0.066769,0,0
WGV35A_PAIR_0208_S2A_018,WGV35A_PAIR_0208,323,PV_GM19_SILVER_MPV_NEAR_FIELD,212,counterfactual,diagonal_center_shift,range+azimuth,shift,0.3,0,-0.3,-0.3,,,SAR_MASK_S2_CENTER_CENSORED,SAR_MASK_S2_CENTER_CENSORED;no_local_bbox_boundary_hot_band;center_semantics_mask_censored_or_unconfirmed;sar_bbox_partly_outside_reconstructed_mask,REAL_SAR_GRAY_REMEASURED,false,BASE_REGION_FROZEN_BACKGROUND,PERTURBED_LOCAL_RING_BACKGROUND,46,43.5,115958,8.786694,7.172764,1.225008,136023,BACKGROUND_STABLE,13197,1.061309,2.298503,2.748802,1.083027,1.921198,2.400345,-0.38508,0.74546,280,1,0.941246,0.451012,0.946826,5952,109145,6.466802,-32.657002,32.657002,1.780564,AXIS_RESOLVED,7.092632,-32.031172,32.031172,1.732976,AXIS_RESOLVED,7.092632,-32.031172,32.031172,1.732976,AXIS_RESOLVED,TOP_COMPONENTS_TO_80_PERCENT_ENERGY,GLOBAL_AND_COMPONENT_AXIS_CONSISTENT,6.466802,7.092632,7.092632,9.663744,10.289574,10.289574,COMPONENT_IDENTITY_SWITCH,PARTIAL_SUPPORT_BELOW_ENVELOPE,0.701497,0.078802,0,0
WGV35A_PAIR_0208_S2A_019,WGV35A_PAIR_0208,323,PV_GM19_SILVER_MPV_NEAR_FIELD,212,counterfactual,diagonal_center_shift,range+azimuth,shift,0.3,0,-0.3,0.3,,,SAR_MASK_S2_CENTER_CENSORED,SAR_MASK_S2_CENTER_CENSORED;no_local_bbox_boundary_hot_band;center_semantics_mask_censored_or_unconfirmed;sar_bbox_partly_outside_reconstructed_mask,REAL_SAR_GRAY_REMEASURED,false,BASE_REGION_FROZEN_BACKGROUND,PERTURBED_LOCAL_RING_BACKGROUND,46,46,163560,12.393726,6.762195,1.832796,163560,BACKGROUND_STABLE,13197,1.212684,2.440377,2.94449,1.298804,2.323452,2.827948,-0.106844,0.447045,244,1,0.967541,0.627112,0.971497,8276,158251,5.424946,-40.092692,40.092692,1.596435,AXIS_RESOLVED,6.84467,-38.672968,38.672968,1.557994,AXIS_RESOLVED,6.84467,-38.672968,38.672968,1.557994,AXIS_RESOLVED,TOP_COMPONENTS_TO_80_PERCENT_ENERGY,GLOBAL_AND_COMPONENT_AXIS_CONSISTENT,5.424946,6.84467,6.84467,2.228054,3.647778,3.647778,COMPONENT_IDENTITY_SWITCH,PARTIAL_SUPPORT_BELOW_ENVELOPE,0.559623,0.076548,0,0
WGV35A_PAIR_0208_S2A_020,WGV35A_PAIR_0208,323,PV_GM19_SILVER_MPV_NEAR_FIELD,212,counterfactual,diagonal_center_shift,range+azimuth,shift,0.3,0,0.3,-0.3,,,SAR_MASK_S2_CENTER_CENSORED,SAR_MASK_S2_CENTER_CENSORED;no_local_bbox_boundary_hot_band;center_semantics_mask_censored_or_unconfirmed;sar_bbox_partly_outside_reconstructed_mask,REAL_SAR_GRAY_REMEASURED,false,BASE_REGION_FROZEN_BACKGROUND,PERTURBED_LOCAL_RING_BACKGROUND,46,45,139712,10.460617,7.959514,1.314228,148131,BACKGROUND_STABLE,13356,1.301471,2.513413,3.060057,1.064725,1.9694,2.463804,-0.620157,0.799001,207,1,0.962265,0.522686,0.966896,6981,134440,13.796496,-25.648026,25.648026,1.537534,AXIS_RESOLVED,18.017116,-21.427406,21.427406,1.49626,AXIS_RESOLVED,18.017116,-21.427406,21.427406,1.49626,AXIS_RESOLVED,TOP_COMPONENTS_TO_80_PERCENT_ENERGY,GLOBAL_AND_COMPONENT_AXIS_CONSISTENT,13.796496,18.017116,18.017116,16.67272,20.89334,20.89334,COMPONENT_IDENTITY_SWITCH,PARTIAL_SUPPORT_BELOW_ENVELOPE,0.486587,0.0306,0,0
WGV35A_PAIR_0208_S2A_021,WGV35A_PAIR_0208,323,PV_GM19_SILVER_MPV_NEAR_FIELD,212,counterfactual,diagonal_center_shift,range+azimuth,shift,0.3,0,0.3,0.3,,,SAR_MASK_S2_CENTER_CENSORED,SAR_MASK_S2_CENTER_CENSORED;no_local_bbox_boundary_hot_band;center_semantics_mask_censored_or_unconfirmed;sar_bbox_partly_outside_reconstructed_mask,REAL_SAR_GRAY_REMEASURED,false,BASE_REGION_FROZEN_BACKGROUND,PERTURBED_LOCAL_RING_BACKGROUND,46,50,183283,13.888232,9.955691,1.395004,146239,BACKGROUND_STABLE,13197,1.508098,2.629255,3.195808,1.258355,2.272061,2.738748,-0.417504,0.59737,158,1,0.975093,0.669698,0.978623,8838,178718,10.786333,-34.410662,34.410662,1.548322,AXIS_RESOLVED,14.509326,-30.687669,30.687669,1.526502,AXIS_RESOLVED,14.509326,-30.687669,30.687669,1.526502,AXIS_RESOLVED,TOP_COMPONENTS_TO_80_PERCENT_ENERGY,GLOBAL_AND_COMPONENT_AXIS_CONSISTENT,10.786333,14.509326,14.509326,7.910084,11.633077,11.633077,COMPONENT_IDENTITY_SWITCH,PARTIAL_SUPPORT_BELOW_ENVELOPE,0.370745,0.027939,0,0
WGV35A_PAIR_0208_S2A_022,WGV35A_PAIR_0208,323,PV_GM19_SILVER_MPV_NEAR_FIELD,212,counterfactual,single_boundary_shift,range_near,near_outward,-0.15,0,0,0,range_near,,SAR_MASK_S2_CENTER_CENSORED,SAR_MASK_S2_CENTER_CENSORED;no_local_bbox_boundary_hot_band;center_semantics_mask_censored_or_unconfirmed;sar_bbox_partly_outside_reconstructed_mask,REAL_SAR_GRAY_REMEASURED,false,BASE_REGION_FROZEN_BACKGROUND,PERTURBED_LOCAL_RING_BACKGROUND,46,39,250619,8.405521,4.308164,1.951068,376817,COUNTERFACTUAL_BACKGROUND_SENSITIVE,29816,1.815142,3.29771,3.867599,1.353078,2.342067,2.753819,0.142943,0.985975,595,1,0.949952,0.42873,0.953475,12783,238076,37.655163,-4.665635,4.665635,1.36942,AXIS_RESOLVED,39.558163,-2.762635,2.762635,1.39877,AXIS_RESOLVED,39.558163,-2.762635,2.762635,1.39877,AXIS_RESOLVED,TOP_COMPONENTS_TO_80_PERCENT_ENERGY,GLOBAL_AND_COMPONENT_AXIS_CONSISTENT,37.655163,39.558163,39.558163,37.655111,39.558111,39.558111,COMPONENT_IDENTITY_SWITCH,WITHIN_VEHICLE_PROJECTION_ENVELOPE,0.000197,0,0,0.000437
WGV35A_PAIR_0208_S2A_023,WGV35A_PAIR_0208,323,PV_GM19_SILVER_MPV_NEAR_FIELD,212,counterfactual,single_boundary_shift,range_near,near_inward,0.15,0,0,0,range_near,,SAR_MASK_S2_CENTER_CENSORED,SAR_MASK_S2_CENTER_CENSORED;no_local_bbox_boundary_hot_band;center_semantics_mask_censored_or_unconfirmed;sar_bbox_partly_outside_reconstructed_mask,REAL_SAR_GRAY_REMEASURED,false,BASE_REGION_FROZEN_BACKGROUND,PERTURBED_LOCAL_RING_BACKGROUND,46,39,248606,8.833043,4.358103,2.026809,370582,COUNTERFACTUAL_BACKGROUND_SENSITIVE,28145,1.803548,3.273178,3.819786,1.349845,2.337217,2.750369,0.012381,0.985466,487,1,0.956582,0.453757,0.960118,12771,237812,37.190198,-5.130497,5.130497,1.353,AXIS_RESOLVED,39.629543,-2.691152,2.691152,1.400738,AXIS_RESOLVED,39.629543,-2.691152,2.691152,1.400738,AXIS_RESOLVED,TOP_COMPONENTS_TO_80_PERCENT_ENERGY,GLOBAL_AND_COMPONENT_AXIS_CONSISTENT,37.190198,39.629543,39.629543,37.190249,39.629594,39.629594,COMPONENT_IDENTITY_SWITCH,WITHIN_VEHICLE_PROJECTION_ENVELOPE,0.015159,0.002139,0,0
WGV35A_PAIR_0208_S2A_024,WGV35A_PAIR_0208,323,PV_GM19_SILVER_MPV_NEAR_FIELD,212,counterfactual,single_boundary_shift,range_far,far_inward,-0.15,0,0,0,range_far,,SAR_MASK_S2_CENTER_CENSORED,SAR_MASK_S2_CENTER_CENSORED;no_local_bbox_boundary_hot_band;center_semantics_mask_censored_or_unconfirmed;sar_bbox_partly_outside_reconstructed_mask,REAL_SAR_GRAY_REMEASURED,false,BASE_REGION_FROZEN_BACKGROUND,PERTURBED_LOCAL_RING_BACKGROUND,46,40,247585,8.723311,4.041338,2.15852,350241,COUNTERFACTUAL_BACKGROUND_SENSITIVE,28382,1.786644,3.241447,3.760074,1.364827,2.354333,2.764102,0.122644,0.988147,531,1,0.953927,0.442922,0.957526,12571,236178,36.246813,-6.073985,6.073985,1.332077,AXIS_RESOLVED,38.091558,-4.22924,4.22924,1.368244,AXIS_RESOLVED,38.091558,-4.22924,4.22924,1.368244,AXIS_RESOLVED,TOP_COMPONENTS_TO_80_PERCENT_ENERGY,GLOBAL_AND_COMPONENT_AXIS_CONSISTENT,36.246813,38.091558,38.091558,36.246761,38.091506,38.091506,COMPONENT_IDENTITY_SWITCH,WITHIN_VEHICLE_PROJECTION_ENVELOPE,0,0.001164,0.001794,0
WGV35A_PAIR_0208_S2A_025,WGV35A_PAIR_0208,323,PV_GM19_SILVER_MPV_NEAR_FIELD,212,counterfactual,single_boundary_shift,range_far,far_outward,0.15,0,0,0,range_far,,SAR_MASK_S2_CENTER_CENSORED,SAR_MASK_S2_CENTER_CENSORED;no_local_bbox_boundary_hot_band;center_semantics_mask_censored_or_unconfirmed;sar_bbox_partly_outside_reconstructed_mask,REAL_SAR_GRAY_REMEASURED,false,BASE_REGION_FROZEN_BACKGROUND,PERTURBED_LOCAL_RING_BACKGROUND,46,39,253795,8.481036,5.014587,1.691273,381178,COUNTERFACTUAL_BACKGROUND_SENSITIVE,29925,1.832257,3.33414,3.922396,1.346552,2.341915,2.754548,0.037787,0.994297,570,1,0.952718,0.435823,0.956228,13042,241795,38.902699,-3.417996,3.417996,1.388685,AXIS_RESOLVED,40.894446,-1.426249,1.426249,1.431185,AXIS_RESOLVED,40.894446,-1.426249,1.426249,1.431185,AXIS_RESOLVED,TOP_COMPONENTS_TO_80_PERCENT_ENERGY,GLOBAL_AND_COMPONENT_AXIS_CONSISTENT,38.902699,40.894446,40.894446,38.90275,40.894497,40.894497,COMPONENT_IDENTITY_SWITCH,WITHIN_VEHICLE_PROJECTION_ENVELOPE,0.005498,0.015327,0,0
WGV35A_PAIR_0208_S2A_026,WGV35A_PAIR_0208,323,PV_GM19_SILVER_MPV_NEAR_FIELD,212,counterfactual,single_boundary_shift,azimuth_left,left_outward,-0.15,0,0,0,azimuth_left,,SAR_MASK_S2_CENTER_CENSORED,SAR_MASK_S2_CENTER_CENSORED;no_local_bbox_boundary_hot_band;center_semantics_mask_censored_or_unconfirmed;sar_bbox_partly_outside_reconstructed_mask,REAL_SAR_GRAY_REMEASURED,false,BASE_REGION_FROZEN_BACKGROUND,PERTURBED_LOCAL_RING_BACKGROUND,46,39,250166,8.351115,4.271751,1.954963,374742,COUNTERFACTUAL_BACKGROUND_SENSITIVE,29956,1.811446,3.290591,3.847884,1.355769,2.344516,2.758166,0.06427,1.063698,550,1,0.952995,0.427227,0.956557,12798,238407,37.350767,-4.212326,4.212326,1.359773,AXIS_RESOLVED,39.542675,-2.020417,2.020417,1.397929,AXIS_RESOLVED,39.542675,-2.020417,2.020417,1.397929,AXIS_RESOLVED,TOP_COMPONENTS_TO_80_PERCENT_ENERGY,GLOBAL_AND_COMPONENT_AXIS_CONSISTENT,37.350767,39.542675,39.542675,38.10842,40.300329,40.300329,COMPONENT_IDENTITY_SWITCH,WITHIN_VEHICLE_PROJECTION_ENVELOPE,0.007315,0,0,0.002886
WGV35A_PAIR_0208_S2A_027,WGV35A_PAIR_0208,323,PV_GM19_SILVER_MPV_NEAR_FIELD,212,counterfactual,single_boundary_shift,azimuth_left,left_inward,0.15,0,0,0,azimuth_left,,SAR_MASK_S2_CENTER_CENSORED,SAR_MASK_S2_CENTER_CENSORED;no_local_bbox_boundary_hot_band;center_semantics_mask_censored_or_unconfirmed;sar_bbox_partly_outside_reconstructed_mask,REAL_SAR_GRAY_REMEASURED,false,BASE_REGION_FROZEN_BACKGROUND,PERTURBED_LOCAL_RING_BACKGROUND,46,39,250064,8.857153,4.38856,2.018237,374477,COUNTERFACTUAL_BACKGROUND_SENSITIVE,28233,1.806514,3.282068,3.841837,1.352337,2.344094,2.767546,0.09002,0.911821,548,1,0.953204,0.453158,0.956767,12794,238362,37.346117,-5.732287,5.732287,1.358803,AXIS_RESOLVED,39.532392,-3.546012,3.546012,1.397363,AXIS_RESOLVED,39.532392,-3.546012,3.546012,1.397363,AXIS_RESOLVED,TOP_COMPONENTS_TO_80_PERCENT_ENERGY,GLOBAL_AND_COMPONENT_AXIS_CONSISTENT,37.346117,39.532392,39.532392,36.588459,38.774734,38.774734,COMPONENT_IDENTITY_SWITCH,WITHIN_VEHICLE_PROJECTION_ENVELOPE,0.00627,0,0,0.004738
WGV35A_PAIR_0208_S2A_028,WGV35A_PAIR_0208,323,PV_GM19_SILVER_MPV_NEAR_FIELD,212,counterfactual,single_boundary_shift,azimuth_right,right_inward,-0.15,0,0,0,azimuth_right,,SAR_MASK_S2_CENTER_CENSORED,SAR_MASK_S2_CENTER_CENSORED;no_local_bbox_boundary_hot_band;center_semantics_mask_censored_or_unconfirmed;sar_bbox_partly_outside_reconstructed_mask,REAL_SAR_GRAY_REMEASURED,false,BASE_REGION_FROZEN_BACKGROUND,PERTURBED_LOCAL_RING_BACKGROUND,46,39,238715,8.489456,4.363241,1.945676,357566,COUNTERFACTUAL_BACKGROUND_SENSITIVE,28119,1.84229,3.291479,3.826325,1.288429,2.221908,2.62284,0.063706,0.996575,526,1,0.954477,0.436609,0.957187,12277,227848,37.787642,-3.77545,3.77545,1.420443,AXIS_RESOLVED,39.629137,-1.933956,1.933956,1.467497,AXIS_RESOLVED,39.629137,-1.933956,1.933956,1.467497,AXIS_RESOLVED,TOP_COMPONENTS_TO_80_PERCENT_ENERGY,GLOBAL_AND_COMPONENT_AXIS_CONSISTENT,37.787642,39.629137,39.629137,38.545296,40.38679,40.38679,COMPONENT_IDENTITY_SWITCH,WITHIN_VEHICLE_PROJECTION_ENVELOPE,0,0.003438,0.005473,0
WGV35A_PAIR_0208_S2A_029,WGV35A_PAIR_0208,323,PV_GM19_SILVER_MPV_NEAR_FIELD,212,counterfactual,single_boundary_shift,azimuth_right,right_outward,0.15,0,0,0,azimuth_right,,SAR_MASK_S2_CENTER_CENSORED,SAR_MASK_S2_CENTER_CENSORED;no_local_bbox_boundary_hot_band;center_semantics_mask_censored_or_unconfirmed;sar_bbox_partly_outside_reconstructed_mask,REAL_SAR_GRAY_REMEASURED,false,BASE_REGION_FROZEN_BACKGROUND,PERTURBED_LOCAL_RING_BACKGROUND,46,39,260165,8.686064,3.666667,2.368927,389554,COUNTERFACTUAL_BACKGROUND_SENSITIVE,29952,1.784898,3.261578,3.832728,1.42092,2.467014,2.900741,0.090893,0.975399,563,1,0.954429,0.446615,0.958353,13377,248309,37.050238,-6.028165,6.028165,1.295444,AXIS_RESOLVED,39.71379,-3.364613,3.364613,1.324932,AXIS_RESOLVED,39.71379,-3.364613,3.364613,1.324932,AXIS_RESOLVED,TOP_COMPONENTS_TO_80_PERCENT_ENERGY,GLOBAL_AND_COMPONENT_AXIS_CONSISTENT,37.050238,39.71379,39.71379,36.292581,38.956133,38.956133,COMPONENT_IDENTITY_SWITCH,WITHIN_VEHICLE_PROJECTION_ENVELOPE,0.00149,0.030068,0,0
WGV35A_PAIR_0208_S2A_030,WGV35A_PAIR_0208,323,PV_GM19_SILVER_MPV_NEAR_FIELD,212,counterfactual,single_boundary_shift,range_near,near_outward,-0.3,0,0,0,range_near,,SAR_MASK_S2_CENTER_CENSORED,SAR_MASK_S2_CENTER_CENSORED;no_local_bbox_boundary_hot_band;center_semantics_mask_censored_or_unconfirmed;sar_bbox_partly_outside_reconstructed_mask,REAL_SAR_GRAY_REMEASURED,false,BASE_REGION_FROZEN_BACKGROUND,PERTURBED_LOCAL_RING_BACKGROUND,46,39,251544,8.209929,4.353366,1.88588,380125,COUNTERFACTUAL_BACKGROUND_SENSITIVE,30639,1.823592,3.313941,3.896095,1.352346,2.339719,2.749056,0.205405,0.984748,658,1,0.945616,0.416854,0.94911,12772,237864,37.928603,-4.392144,4.392144,1.384704,AXIS_RESOLVED,39.602821,-2.717926,2.717926,1.400404,AXIS_RESOLVED,39.602821,-2.717926,2.717926,1.400404,AXIS_RESOLVED,TOP_COMPONENTS_TO_80_PERCENT_ENERGY,GLOBAL_AND_COMPONENT_AXIS_CONSISTENT,37.928603,39.602821,39.602821,37.928602,39.60282,39.60282,COMPONENT_IDENTITY_SWITCH,WITHIN_VEHICLE_PROJECTION_ENVELOPE,0.002753,0.013917,0,0
WGV35A_PAIR_0208_S2A_031,WGV35A_PAIR_0208,323,PV_GM19_SILVER_MPV_NEAR_FIELD,212,counterfactual,single_boundary_shift,range_near,near_inward,0.3,0,0,0,range_near,,SAR_MASK_S2_CENTER_CENSORED,SAR_MASK_S2_CENTER_CENSORED;no_local_bbox_boundary_hot_band;center_semantics_mask_censored_or_unconfirmed;sar_bbox_partly_outside_reconstructed_mask,REAL_SAR_GRAY_REMEASURED,false,BASE_REGION_FROZEN_BACKGROUND,PERTURBED_LOCAL_RING_BACKGROUND,46,39,248185,9.083705,4.3464,2.089938,368116,COUNTERFACTUAL_BACKGROUND_SENSITIVE,27322,1.79781,3.263262,3.800686,1.351828,2.340451,2.75455,-0.056542,0.9868,425,1,0.959268,0.467865,0.962826,12783,238076,37.027668,-5.293077,5.293077,1.345499,AXIS_RESOLVED,39.558163,-2.762582,2.762582,1.39877,AXIS_RESOLVED,39.558163,-2.762582,2.762582,1.39877,AXIS_RESOLVED,TOP_COMPONENTS_TO_80_PERCENT_ENERGY,GLOBAL_AND_COMPONENT_AXIS_CONSISTENT,37.027668,39.558163,39.558163,37.027669,39.558164,39.558164,COMPONENT_IDENTITY_SWITCH,WITHIN_VEHICLE_PROJECTION_ENVELOPE,0,0.00546,0.002972,0
WGV35A_PAIR_0208_S2A_032,WGV35A_PAIR_0208,323,PV_GM19_SILVER_MPV_NEAR_FIELD,212,counterfactual,single_boundary_shift,range_far,far_inward,-0.3,0,0,0,range_far,,SAR_MASK_S2_CENTER_CENSORED,SAR_MASK_S2_CENTER_CENSORED;no_local_bbox_boundary_hot_band;center_semantics_mask_censored_or_unconfirmed;sar_bbox_partly_outside_reconstructed_mask,REAL_SAR_GRAY_REMEASURED,false,BASE_REGION_FROZEN_BACKGROUND,PERTURBED_LOCAL_RING_BACKGROUND,46,40,243191,8.866847,4.425651,2.003512,342437,COUNTERFACTUAL_BACKGROUND_SENSITIVE,27427,1.759763,3.163521,3.650999,1.366961,2.354334,2.764618,0.158124,0.982498,521,1,0.954521,0.444999,0.958185,12205,232131,34.445328,-7.875419,7.875419,1.305642,AXIS_RESOLVED,36.238765,-6.081982,6.081982,1.338001,AXIS_RESOLVED,36.238765,-6.081982,6.081982,1.338001,AXIS_RESOLVED,TOP_COMPONENTS_TO_80_PERCENT_ENERGY,GLOBAL_AND_COMPONENT_AXIS_CONSISTENT,34.445328,36.238765,36.238765,34.445327,36.238764,36.238764,COMPONENT_IDENTITY_SWITCH,WITHIN_VEHICLE_PROJECTION_ENVELOPE,0.00809,0,0,0.000858
WGV35A_PAIR_0208_S2A_033,WGV35A_PAIR_0208,323,PV_GM19_SILVER_MPV_NEAR_FIELD,212,counterfactual,single_boundary_shift,range_far,far_outward,0.3,0,0,0,range_far,,SAR_MASK_S2_CENTER_CENSORED,SAR_MASK_S2_CENTER_CENSORED;no_local_bbox_boundary_hot_band;center_semantics_mask_censored_or_unconfirmed;sar_bbox_partly_outside_reconstructed_mask,REAL_SAR_GRAY_REMEASURED,false,BASE_REGION_FROZEN_BACKGROUND,PERTURBED_LOCAL_RING_BACKGROUND,46,39,261098,8.453604,5.328679,1.586435,392295,COUNTERFACTUAL_BACKGROUND_SENSITIVE,30886,1.88492,3.444682,4.073182,1.347129,2.334502,2.746403,0.035921,1.013638,588,1,0.953087,0.4334,0.956499,13386,248849,42.581628,0.260883,0.260883,1.44655,AXIS_RESOLVED,44.417604,2.096859,2.096859,1.501376,AXIS_RESOLVED,44.417604,2.096859,2.096859,1.501376,AXIS_RESOLVED,TOP_COMPONENTS_TO_80_PERCENT_ENERGY,GLOBAL_AND_COMPONENT_AXIS_CONSISTENT,42.581628,44.417604,44.417604,42.059863,40.223887,40.223887,COMPONENT_IDENTITY_SWITCH,WITHIN_VEHICLE_PROJECTION_ENVELOPE,0.01927,0,0,0.006174
WGV35A_PAIR_0208_S2A_034,WGV35A_PAIR_0208,323,PV_GM19_SILVER_MPV_NEAR_FIELD,212,counterfactual,single_boundary_shift,azimuth_left,left_outward,-0.3,0,0,0,azimuth_left,,SAR_MASK_S2_CENTER_CENSORED,SAR_MASK_S2_CENTER_CENSORED;no_local_bbox_boundary_hot_band;center_semantics_mask_censored_or_unconfirmed;sar_bbox_partly_outside_reconstructed_mask,REAL_SAR_GRAY_REMEASURED,false,BASE_REGION_FROZEN_BACKGROUND,PERTURBED_LOCAL_RING_BACKGROUND,46,39,250075,8.116156,4.250381,1.909512,374515,COUNTERFACTUAL_BACKGROUND_SENSITIVE,30812,1.814374,3.293348,3.843414,1.359084,2.342021,2.76077,0.047852,1.139582,546,1,0.953162,0.415228,0.956725,12794,238362,37.339665,-3.465913,3.465913,1.358929,AXIS_RESOLVED,39.532392,-1.273186,1.273186,1.397363,AXIS_RESOLVED,39.532392,-1.273186,1.273186,1.397363,AXIS_RESOLVED,TOP_COMPONENTS_TO_80_PERCENT_ENERGY,GLOBAL_AND_COMPONENT_AXIS_CONSISTENT,37.339665,39.532392,39.532392,38.854833,41.04756,41.04756,COMPONENT_IDENTITY_SWITCH,WITHIN_VEHICLE_PROJECTION_ENVELOPE,0.004558,0,0,0.000391
WGV35A_PAIR_0208_S2A_035,WGV35A_PAIR_0208,323,PV_GM19_SILVER_MPV_NEAR_FIELD,212,counterfactual,single_boundary_shift,azimuth_left,left_inward,0.3,0,0,0,azimuth_left,,SAR_MASK_S2_CENTER_CENSORED,SAR_MASK_S2_CENTER_CENSORED;no_local_bbox_boundary_hot_band;center_semantics_mask_censored_or_unconfirmed;sar_bbox_partly_outside_reconstructed_mask,REAL_SAR_GRAY_REMEASURED,false,BASE_REGION_FROZEN_BACKGROUND,PERTURBED_LOCAL_RING_BACKGROUND,46,39,250153,9.138009,4.4596,2.049065,374720,COUNTERFACTUAL_BACKGROUND_SENSITIVE,27375,1.805675,3.277456,3.840861,1.349883,2.343497,2.773615,0.10061,0.835417,549,1,0.953045,0.467507,0.956607,12798,238407,37.341478,-6.494436,6.494436,1.359638,AXIS_RESOLVED,39.542675,-4.293239,4.293239,1.397929,AXIS_RESOLVED,39.542675,-4.293239,4.293239,1.397929,AXIS_RESOLVED,TOP_COMPONENTS_TO_80_PERCENT_ENERGY,GLOBAL_AND_COMPONENT_AXIS_CONSISTENT,37.341478,39.542675,39.542675,35.82631,38.027507,38.027507,COMPONENT_IDENTITY_SWITCH,WITHIN_VEHICLE_PROJECTION_ENVELOPE,0.010882,0,0,0.004141
WGV35A_PAIR_0208_S2A_036,WGV35A_PAIR_0208,323,PV_GM19_SILVER_MPV_NEAR_FIELD,212,counterfactual,single_boundary_shift,azimuth_right,right_inward,-0.3,0,0,0,azimuth_right,,SAR_MASK_S2_CENTER_CENSORED,SAR_MASK_S2_CENTER_CENSORED;no_local_bbox_boundary_hot_band;center_semantics_mask_censored_or_unconfirmed;sar_bbox_partly_outside_reconstructed_mask,REAL_SAR_GRAY_REMEASURED,false,BASE_REGION_FROZEN_BACKGROUND,PERTURBED_LOCAL_RING_BACKGROUND,46,38,229109,8.365306,4.65,1.79899,361973,COUNTERFACTUAL_BACKGROUND_SENSITIVE,27388,1.874464,3.302513,3.818445,1.237221,2.111983,2.510142,0.055659,1.014245,499,1,0.956305,0.434168,0.959129,11891,219098,38.416678,-2.3889,2.3889,1.480439,AXIS_RESOLVED,40.013576,-0.792002,0.792002,1.535555,AXIS_RESOLVED,40.013576,-0.792002,0.792002,1.535555,AXIS_RESOLVED,TOP_COMPONENTS_TO_80_PERCENT_ENERGY,GLOBAL_AND_COMPONENT_AXIS_CONSISTENT,38.416678,40.013576,40.013576,39.931846,41.528744,41.528744,COMPONENT_IDENTITY_SWITCH,WITHIN_VEHICLE_PROJECTION_ENVELOPE,0.003912,0.002909,0,0
WGV35A_PAIR_0208_S2A_037,WGV35A_PAIR_0208,323,PV_GM19_SILVER_MPV_NEAR_FIELD,212,counterfactual,single_boundary_shift,azimuth_right,right_outward,0.3,0,0,0,azimuth_right,,SAR_MASK_S2_CENTER_CENSORED,SAR_MASK_S2_CENTER_CENSORED;no_local_bbox_boundary_hot_band;center_semantics_mask_censored_or_unconfirmed;sar_bbox_partly_outside_reconstructed_mask,REAL_SAR_GRAY_REMEASURED,false,BASE_REGION_FROZEN_BACKGROUND,PERTURBED_LOCAL_RING_BACKGROUND,46,39,266361,8.679647,3.87197,2.241662,399891,COUNTERFACTUAL_BACKGROUND_SENSITIVE,30688,1.770245,3.249691,3.821898,1.462886,2.54361,3.009929,0.099804,0.939141,581,1,0.954089,0.449068,0.957929,13781,254132,36.310149,-7.525765,7.525765,1.259462,AXIS_RESOLVED,39.419836,-4.416078,4.416078,1.283823,AXIS_RESOLVED,39.419836,-4.416078,4.416078,1.283823,AXIS_RESOLVED,TOP_COMPONENTS_TO_80_PERCENT_ENERGY,GLOBAL_AND_COMPONENT_AXIS_CONSISTENT,36.310149,39.419836,39.419836,34.794981,37.904668,37.904668,COMPONENT_IDENTITY_SWITCH,WITHIN_VEHICLE_PROJECTION_ENVELOPE,0,0.005599,0.00394,0
WGV35A_PAIR_0208_S2A_038,WGV35A_PAIR_0208,323,PV_GM19_SILVER_MPV_NEAR_FIELD,212,counterfactual,scale_resize,range,resize,-0.15,0,0,0,,range,SAR_MASK_S2_CENTER_CENSORED,SAR_MASK_S2_CENTER_CENSORED;no_local_bbox_boundary_hot_band;center_semantics_mask_censored_or_unconfirmed;sar_bbox_partly_outside_reconstructed_mask,REAL_SAR_GRAY_REMEASURED,false,BASE_REGION_FROZEN_BACKGROUND,PERTURBED_LOCAL_RING_BACKGROUND,46,39,247816,8.8056,4.121344,2.136585,369229,COUNTERFACTUAL_BACKGROUND_SENSITIVE,28143,1.793113,3.25298,3.780487,1.35851,2.346037,2.759765,0.06451,0.987051,511,1,0.955919,0.450023,0.959514,12665,236892,36.439062,-5.881582,5.881582,1.339773,AXIS_RESOLVED,38.691376,-3.629268,3.629268,1.381735,AXIS_RESOLVED,38.691376,-3.629268,3.629268,1.381735,AXIS_RESOLVED,TOP_COMPONENTS_TO_80_PERCENT_ENERGY,GLOBAL_AND_COMPONENT_AXIS_CONSISTENT,36.439062,38.691376,38.691376,36.439164,38.691478,38.691478,COMPONENT_IDENTITY_SWITCH,WITHIN_VEHICLE_PROJECTION_ENVELOPE,0.00731,0,0,0.000126
WGV35A_PAIR_0208_S2A_039,WGV35A_PAIR_0208,323,PV_GM19_SILVER_MPV_NEAR_FIELD,212,counterfactual,scale_resize,range,resize,0.15,0,0,0,,range,SAR_MASK_S2_CENTER_CENSORED,SAR_MASK_S2_CENTER_CENSORED;no_local_bbox_boundary_hot_band;center_semantics_mask_censored_or_unconfirmed;sar_bbox_partly_outside_reconstructed_mask,REAL_SAR_GRAY_REMEASURED,false,BASE_REGION_FROZEN_BACKGROUND,PERTURBED_LOCAL_RING_BACKGROUND,46,39,252475,8.437772,4.685441,1.800849,379655,COUNTERFACTUAL_BACKGROUND_SENSITIVE,29922,1.826308,3.320256,3.904547,1.347341,2.340452,2.752928,0.092475,0.990197,589,1,0.951365,0.432558,0.954863,12943,240196,38.413606,-3.907038,3.907038,1.382672,AXIS_RESOLVED,40.315825,-2.004819,2.004819,1.419097,AXIS_RESOLVED,40.315825,-2.004819,2.004819,1.419097,AXIS_RESOLVED,TOP_COMPONENTS_TO_80_PERCENT_ENERGY,GLOBAL_AND_COMPONENT_AXIS_CONSISTENT,38.413606,40.315825,40.315825,38.413708,40.315927,40.315927,COMPONENT_IDENTITY_SWITCH,WITHIN_VEHICLE_PROJECTION_ENVELOPE,0.000376,0.022435,0,0
WGV35A_PAIR_0208_S2A_040,WGV35A_PAIR_0208,323,PV_GM19_SILVER_MPV_NEAR_FIELD,212,counterfactual,scale_resize,azimuth,resize,-0.15,0,0,0,,azimuth,SAR_MASK_S2_CENTER_CENSORED,SAR_MASK_S2_CENTER_CENSORED;no_local_bbox_boundary_hot_band;center_semantics_mask_censored_or_unconfirmed;sar_bbox_partly_outside_reconstructed_mask,REAL_SAR_GRAY_REMEASURED,false,BASE_REGION_FROZEN_BACKGROUND,PERTURBED_LOCAL_RING_BACKGROUND,46,39,244760,8.669288,4.268245,2.031113,366485,COUNTERFACTUAL_BACKGROUND_SENSITIVE,28233,1.821089,3.286696,3.832783,1.323853,2.289097,2.692489,0.075373,0.95667,540,1,0.953824,0.444197,0.956541,12541,233458,37.528932,-4.791712,4.791712,1.385298,AXIS_RESOLVED,39.542229,-2.778415,2.778415,1.427082,AXIS_RESOLVED,39.542229,-2.778415,2.778415,1.427082,AXIS_RESOLVED,TOP_COMPONENTS_TO_80_PERCENT_ENERGY,GLOBAL_AND_COMPONENT_AXIS_CONSISTENT,37.528932,39.542229,39.542229,37.529034,39.542331,39.542331,COMPONENT_IDENTITY_SWITCH,WITHIN_VEHICLE_PROJECTION_ENVELOPE,0.001197,0,0,0.002511
WGV35A_PAIR_0208_S2A_041,WGV35A_PAIR_0208,323,PV_GM19_SILVER_MPV_NEAR_FIELD,212,counterfactual,scale_resize,azimuth,resize,0.15,0,0,0,,azimuth,SAR_MASK_S2_CENTER_CENSORED,SAR_MASK_S2_CENTER_CENSORED;no_local_bbox_boundary_hot_band;center_semantics_mask_censored_or_unconfirmed;sar_bbox_partly_outside_reconstructed_mask,REAL_SAR_GRAY_REMEASURED,false,BASE_REGION_FROZEN_BACKGROUND,PERTURBED_LOCAL_RING_BACKGROUND,46,39,254889,8.509916,4.02682,2.113309,381514,COUNTERFACTUAL_BACKGROUND_SENSITIVE,29952,1.795974,3.275896,3.840718,1.38679,2.403396,2.820732,0.077852,1.01851,551,1,0.951041,0.433727,0.954863,12991,242410,37.193669,-5.127178,5.127178,1.327612,AXIS_RESOLVED,39.039105,-3.281743,3.281743,1.366047,AXIS_RESOLVED,39.039105,-3.281743,3.281743,1.366047,AXIS_RESOLVED,TOP_COMPONENTS_TO_80_PERCENT_ENERGY,GLOBAL_AND_COMPONENT_AXIS_CONSISTENT,37.193669,39.039105,39.039105,37.193568,39.039003,39.039003,COMPONENT_IDENTITY_SWITCH,WITHIN_VEHICLE_PROJECTION_ENVELOPE,0.002424,0.006881,0,0
WGV35A_PAIR_0208_S2A_042,WGV35A_PAIR_0208,323,PV_GM19_SILVER_MPV_NEAR_FIELD,212,counterfactual,scale_resize,range,resize,-0.3,0,0,0,,range,SAR_MASK_S2_CENTER_CENSORED,SAR_MASK_S2_CENTER_CENSORED;no_local_bbox_boundary_hot_band;center_semantics_mask_censored_or_unconfirmed;sar_bbox_partly_outside_reconstructed_mask,REAL_SAR_GRAY_REMEASURED,false,BASE_REGION_FROZEN_BACKGROUND,PERTURBED_LOCAL_RING_BACKGROUND,46,40,246174,8.975608,4.086974,2.19615,346839,COUNTERFACTUAL_BACKGROUND_SENSITIVE,27427,1.781577,3.229549,3.735025,1.360494,2.346767,2.759917,0.058417,0.985869,468,1,0.957542,0.457615,0.961113,12551,235722,36.034853,-6.285994,6.285994,1.326298,AXIS_RESOLVED,38.242696,-4.078152,4.078152,1.371503,AXIS_RESOLVED,38.242696,-4.078152,4.078152,1.371503,AXIS_RESOLVED,TOP_COMPONENTS_TO_80_PERCENT_ENERGY,GLOBAL_AND_COMPONENT_AXIS_CONSISTENT,36.034853,38.242696,38.242696,36.034752,38.242594,38.242594,COMPONENT_IDENTITY_SWITCH,WITHIN_VEHICLE_PROJECTION_ENVELOPE,0.010104,0.00873,0,0
WGV35A_PAIR_0208_S2A_043,WGV35A_PAIR_0208,323,PV_GM19_SILVER_MPV_NEAR_FIELD,212,counterfactual,scale_resize,range,resize,0.3,0,0,0,,range,SAR_MASK_S2_CENTER_CENSORED,SAR_MASK_S2_CENTER_CENSORED;no_local_bbox_boundary_hot_band;center_semantics_mask_censored_or_unconfirmed;sar_bbox_partly_outside_reconstructed_mask,REAL_SAR_GRAY_REMEASURED,false,BASE_REGION_FROZEN_BACKGROUND,PERTURBED_LOCAL_RING_BACKGROUND,46,39,254369,8.302131,4.989769,1.663831,383566,COUNTERFACTUAL_BACKGROUND_SENSITIVE,30639,1.839669,3.347135,3.938628,1.344992,2.339356,2.750214,0.103876,0.99242,616,1,0.949617,0.42534,0.953088,13032,241553,39.102905,-3.217739,3.217739,1.399477,AXIS_RESOLVED,40.931655,-1.388989,1.388989,1.432916,AXIS_RESOLVED,40.931655,-1.388989,1.388989,1.432916,AXIS_RESOLVED,TOP_COMPONENTS_TO_80_PERCENT_ENERGY,GLOBAL_AND_COMPONENT_AXIS_CONSISTENT,39.102905,40.931655,40.931655,39.103007,40.931757,40.931757,COMPONENT_IDENTITY_SWITCH,WITHIN_VEHICLE_PROJECTION_ENVELOPE,0.011924,0.022199,0,0
WGV35A_PAIR_0208_S2A_044,WGV35A_PAIR_0208,323,PV_GM19_SILVER_MPV_NEAR_FIELD,212,counterfactual,scale_resize,azimuth,resize,-0.3,0,0,0,,azimuth,SAR_MASK_S2_CENTER_CENSORED,SAR_MASK_S2_CENTER_CENSORED;no_local_bbox_boundary_hot_band;center_semantics_mask_censored_or_unconfirmed;sar_bbox_partly_outside_reconstructed_mask,REAL_SAR_GRAY_REMEASURED,false,BASE_REGION_FROZEN_BACKGROUND,PERTURBED_LOCAL_RING_BACKGROUND,46,39,238797,8.760621,4.412048,1.985613,357670,COUNTERFACTUAL_BACKGROUND_SENSITIVE,27258,1.83946,3.290141,3.826102,1.286902,2.221821,2.619838,0.077982,0.920707,523,1,0.954522,0.450547,0.957231,12281,227937,37.810828,-4.509816,4.509816,1.421268,AXIS_RESOLVED,39.6527,-2.667944,2.667944,1.46865,AXIS_RESOLVED,39.6527,-2.667944,2.667944,1.46865,AXIS_RESOLVED,TOP_COMPONENTS_TO_80_PERCENT_ENERGY,GLOBAL_AND_COMPONENT_AXIS_CONSISTENT,37.810828,39.6527,39.6527,37.81093,39.652802,39.652802,COMPONENT_IDENTITY_SWITCH,WITHIN_VEHICLE_PROJECTION_ENVELOPE,0,0.003525,0.004135,0
WGV35A_PAIR_0208_S2A_045,WGV35A_PAIR_0208,323,PV_GM19_SILVER_MPV_NEAR_FIELD,212,counterfactual,scale_resize,azimuth,resize,0.3,0,0,0,,azimuth,SAR_MASK_S2_CENTER_CENSORED,SAR_MASK_S2_CENTER_CENSORED;no_local_bbox_boundary_hot_band;center_semantics_mask_censored_or_unconfirmed;sar_bbox_partly_outside_reconstructed_mask,REAL_SAR_GRAY_REMEASURED,false,BASE_REGION_FROZEN_BACKGROUND,PERTURBED_LOCAL_RING_BACKGROUND,46,39,260285,8.44752,3.617247,2.335345,389873,COUNTERFACTUAL_BACKGROUND_SENSITIVE,30812,1.787529,3.26796,3.838367,1.421609,2.465609,2.896246,0.079259,1.051309,561,1,0.954242,0.434376,0.958165,13384,248375,37.018326,-5.302318,5.302318,1.296492,AXIS_RESOLVED,39.726974,-2.593669,2.593669,1.325672,AXIS_RESOLVED,39.726974,-2.593669,2.593669,1.325672,AXIS_RESOLVED,TOP_COMPONENTS_TO_80_PERCENT_ENERGY,GLOBAL_AND_COMPONENT_AXIS_CONSISTENT,37.018326,39.726974,39.726974,37.018428,39.727077,39.727077,COMPONENT_IDENTITY_SWITCH,WITHIN_VEHICLE_PROJECTION_ENVELOPE,0.011986,0,0,0.003798
WGV35A_PAIR_0208_S2A_046,WGV35A_PAIR_0208,323,PV_GM19_SILVER_MPV_NEAR_FIELD,212,counterfactual,local_region_rotation,gt_region,rotate,0,-30,0,0,,,SAR_MASK_S2_CENTER_CENSORED,SAR_MASK_S2_CENTER_CENSORED;no_local_bbox_boundary_hot_band;center_semantics_mask_censored_or_unconfirmed;sar_bbox_partly_outside_reconstructed_mask,REAL_SAR_GRAY_REMEASURED,false,BASE_REGION_FROZEN_BACKGROUND,PERTURBED_LOCAL_RING_BACKGROUND,46,48,162774,12.409392,9.241589,1.342777,146130,BACKGROUND_STABLE,13117,1.254435,2.028292,2.382463,1.318848,2.358518,2.819264,-0.245019,0.941263,114,1,0.976268,0.591751,0.980243,7762,158911,152.118535,-70.202313,70.202313,1.263477,AXIS_RESOLVED,148.916322,-73.404525,73.404525,1.189024,AXIS_NEAR_ISOTROPIC,148.916322,-73.404525,73.404525,1.189024,AXIS_NEAR_ISOTROPIC,TOP_COMPONENTS_TO_80_PERCENT_ENERGY,NO_RESOLVED_AXIS_EVIDENCE,27.881465,31.083678,31.083678,27.881567,31.083779,31.083779,COMPONENT_SPLIT_OR_MERGE,PARTIAL_SUPPORT_BELOW_ENVELOPE,0.071708,0.641482,0,0
WGV35A_PAIR_0208_S2A_047,WGV35A_PAIR_0208,323,PV_GM19_SILVER_MPV_NEAR_FIELD,212,counterfactual,local_region_rotation,gt_region,rotate,0,-15,0,0,,,SAR_MASK_S2_CENTER_CENSORED,SAR_MASK_S2_CENTER_CENSORED;no_local_bbox_boundary_hot_band;center_semantics_mask_censored_or_unconfirmed;sar_bbox_partly_outside_reconstructed_mask,REAL_SAR_GRAY_REMEASURED,false,BASE_REGION_FROZEN_BACKGROUND,PERTURBED_LOCAL_RING_BACKGROUND,46,47,162906,12.483218,9.098105,1.372068,154298,BACKGROUND_STABLE,13050,1.232105,2.279488,2.673541,1.320465,2.342067,2.815297,-0.392333,0.816392,155,1,0.973703,0.596322,0.977674,7782,158622,173.750366,-48.570482,48.570482,1.334001,AXIS_RESOLVED,176.151208,-46.169639,46.169639,1.250278,AXIS_RESOLVED,176.151208,-46.169639,46.169639,1.250278,AXIS_RESOLVED,TOP_COMPONENTS_TO_80_PERCENT_ENERGY,GLOBAL_AND_COMPONENT_AXIS_CONSISTENT,6.249634,3.848792,3.848792,6.249736,3.848893,3.848893,COMPONENT_IDENTITY_SWITCH,PARTIAL_SUPPORT_BELOW_ENVELOPE,0.020512,0.657933,0,0
WGV35A_PAIR_0208_S2A_048,WGV35A_PAIR_0208,323,PV_GM19_SILVER_MPV_NEAR_FIELD,212,counterfactual,local_region_rotation,gt_region,rotate,0,-10,0,0,,,SAR_MASK_S2_CENTER_CENSORED,SAR_MASK_S2_CENTER_CENSORED;no_local_bbox_boundary_hot_band;center_semantics_mask_censored_or_unconfirmed;sar_bbox_partly_outside_reconstructed_mask,REAL_SAR_GRAY_REMEASURED,false,BASE_REGION_FROZEN_BACKGROUND,PERTURBED_LOCAL_RING_BACKGROUND,46,46,157907,12.057651,9.177732,1.313794,157907,BACKGROUND_STABLE,13096,1.224688,2.3511,2.784449,1.266186,2.264209,2.709824,-0.407029,0.738473,171,1,0.971876,0.594075,0.975973,7780,153466,1.283733,-41.037114,41.037114,1.434142,AXIS_RESOLVED,4.380738,-37.94011,37.94011,1.35905,AXIS_RESOLVED,4.380738,-37.94011,37.94011,1.35905,AXIS_RESOLVED,TOP_COMPONENTS_TO_80_PERCENT_ENERGY,GLOBAL_AND_COMPONENT_AXIS_CONSISTENT,1.283733,4.380738,4.380738,1.283632,4.380636,4.380636,COMPONENT_IDENTITY_SWITCH,PARTIAL_SUPPORT_BELOW_ENVELOPE,0.6489,0.03579,0,0
WGV35A_PAIR_0208_S2A_049,WGV35A_PAIR_0208,323,PV_GM19_SILVER_MPV_NEAR_FIELD,212,counterfactual,local_region_rotation,gt_region,rotate,0,-5,0,0,,,SAR_MASK_S2_CENTER_CENSORED,SAR_MASK_S2_CENTER_CENSORED;no_local_bbox_boundary_hot_band;center_semantics_mask_censored_or_unconfirmed;sar_bbox_partly_outside_reconstructed_mask,REAL_SAR_GRAY_REMEASURED,false,BASE_REGION_FROZEN_BACKGROUND,PERTURBED_LOCAL_RING_BACKGROUND,46,46,156506,11.932449,7.629328,1.564024,156506,BACKGROUND_STABLE,13116,1.215287,2.403396,2.887057,1.244738,2.239677,2.697558,-0.403478,0.701744,194,1,0.969746,0.591034,0.97388,7752,151771,4.286424,-38.034423,38.034423,1.514056,AXIS_RESOLVED,7.052086,-35.268762,35.268762,1.44629,AXIS_RESOLVED,7.052086,-35.268762,35.268762,1.44629,AXIS_RESOLVED,TOP_COMPONENTS_TO_80_PERCENT_ENERGY,GLOBAL_AND_COMPONENT_AXIS_CONSISTENT,4.286424,7.052086,7.052086,4.286323,7.051984,7.051984,COMPONENT_IDENTITY_SWITCH,PARTIAL_SUPPORT_BELOW_ENVELOPE,0.596604,0.060323,0,0
WGV35A_PAIR_0208_S2A_050,WGV35A_PAIR_0208,323,PV_GM19_SILVER_MPV_NEAR_FIELD,212,counterfactual,local_region_rotation,gt_region,rotate,0,0,0,0,,,SAR_MASK_S2_CENTER_CENSORED,SAR_MASK_S2_CENTER_CENSORED;no_local_bbox_boundary_hot_band;center_semantics_mask_censored_or_unconfirmed;sar_bbox_partly_outside_reconstructed_mask,REAL_SAR_GRAY_REMEASURED,false,BASE_REGION_FROZEN_BACKGROUND,PERTURBED_LOCAL_RING_BACKGROUND,46,46,155379,11.773812,7.330488,1.606143,155379,BACKGROUND_STABLE,13197,1.225202,2.465974,3.003915,1.215873,2.191348,2.669427,-0.391042,0.662449,211,1,0.966733,0.587103,0.970897,7748,150210,7.716567,-34.604281,34.604281,1.588903,AXIS_RESOLVED,10.153556,-32.167291,32.167291,1.540424,AXIS_RESOLVED,10.153556,-32.167291,32.167291,1.540424,AXIS_RESOLVED,TOP_COMPONENTS_TO_80_PERCENT_ENERGY,GLOBAL_AND_COMPONENT_AXIS_CONSISTENT,7.716567,10.153556,10.153556,7.716465,10.153455,10.153455,COMPONENT_IDENTITY_SWITCH,PARTIAL_SUPPORT_BELOW_ENVELOPE,0.534026,0.008652,0,0
WGV35A_PAIR_0208_S2A_051,WGV35A_PAIR_0208,323,PV_GM19_SILVER_MPV_NEAR_FIELD,212,counterfactual,local_region_rotation,gt_region,rotate,0,5,0,0,,,SAR_MASK_S2_CENTER_CENSORED,SAR_MASK_S2_CENTER_CENSORED;no_local_bbox_boundary_hot_band;center_semantics_mask_censored_or_unconfirmed;sar_bbox_partly_outside_reconstructed_mask,REAL_SAR_GRAY_REMEASURED,false,BASE_REGION_FROZEN_BACKGROUND,PERTURBED_LOCAL_RING_BACKGROUND,46,45,150447,11.470494,7.553157,1.518636,159601,BACKGROUND_STABLE,13116,1.256418,2.532519,3.108873,1.151826,2.078972,2.599431,-0.375019,0.596283,221,1,0.961422,0.581732,0.965722,7630,144643,12.038749,-30.282098,30.282098,1.696918,AXIS_RESOLVED,14.082242,-28.238605,28.238605,1.664378,AXIS_RESOLVED,14.082242,-28.238605,28.238605,1.664378,AXIS_RESOLVED,TOP_COMPONENTS_TO_80_PERCENT_ENERGY,GLOBAL_AND_COMPONENT_AXIS_CONSISTENT,12.038749,14.082242,14.082242,12.038648,14.082141,14.082141,COMPONENT_IDENTITY_SWITCH,PARTIAL_SUPPORT_BELOW_ENVELOPE,0.467481,0.021028,0,0
WGV35A_PAIR_0208_S2A_052,WGV35A_PAIR_0208,323,PV_GM19_SILVER_MPV_NEAR_FIELD,212,counterfactual,local_region_rotation,gt_region,rotate,0,10,0,0,,,SAR_MASK_S2_CENTER_CENSORED,SAR_MASK_S2_CENTER_CENSORED;no_local_bbox_boundary_hot_band;center_semantics_mask_censored_or_unconfirmed;sar_bbox_partly_outside_reconstructed_mask,REAL_SAR_GRAY_REMEASURED,false,BASE_REGION_FROZEN_BACKGROUND,PERTURBED_LOCAL_RING_BACKGROUND,46,45,146534,11.189218,7.569485,1.478201,155707,BACKGROUND_STABLE,13096,1.318114,2.607364,3.218532,1.081315,1.945735,2.40178,-0.335613,0.531399,241,1,0.95919,0.578879,0.963606,7581,140554,16.679798,-25.64105,25.64105,1.800699,AXIS_RESOLVED,18.687394,-23.633454,23.633454,1.80028,AXIS_RESOLVED,18.687394,-23.633454,23.633454,1.80028,AXIS_RESOLVED,TOP_COMPONENTS_TO_80_PERCENT_ENERGY,GLOBAL_AND_COMPONENT_AXIS_CONSISTENT,16.679798,18.687394,18.687394,16.679696,18.687292,18.687292,COMPONENT_IDENTITY_SWITCH,PARTIAL_SUPPORT_BELOW_ENVELOPE,0.392636,0.054265,0,0
WGV35A_PAIR_0208_S2A_053,WGV35A_PAIR_0208,323,PV_GM19_SILVER_MPV_NEAR_FIELD,212,counterfactual,local_region_rotation,gt_region,rotate,0,15,0,0,,,SAR_MASK_S2_CENTER_CENSORED,SAR_MASK_S2_CENTER_CENSORED;no_local_bbox_boundary_hot_band;center_semantics_mask_censored_or_unconfirmed;sar_bbox_partly_outside_reconstructed_mask,REAL_SAR_GRAY_REMEASURED,false,BASE_REGION_FROZEN_BACKGROUND,PERTURBED_LOCAL_RING_BACKGROUND,46,45,143475,10.994253,6.848,1.605469,152692,BACKGROUND_STABLE,13050,1.388625,2.718271,3.344204,1.009188,1.826308,2.246361,-0.289375,0.471151,258,1,0.955477,0.577165,0.959986,7532,137087,21.153873,-21.166975,21.166975,1.916876,AXIS_RESOLVED,22.934517,-19.386331,19.386331,1.961055,AXIS_RESOLVED,22.934517,-19.386331,19.386331,1.961055,AXIS_RESOLVED,TOP_COMPONENTS_TO_80_PERCENT_ENERGY,GLOBAL_AND_COMPONENT_AXIS_CONSISTENT,21.153873,22.934517,22.934517,21.153771,22.934415,22.934415,COMPONENT_IDENTITY_SWITCH,WITHIN_VEHICLE_PROJECTION_ENVELOPE,0.281729,0.073692,0,0
WGV35A_PAIR_0208_S2A_054,WGV35A_PAIR_0208,323,PV_GM19_SILVER_MPV_NEAR_FIELD,212,counterfactual,local_region_rotation,gt_region,rotate,0,30,0,0,,,SAR_MASK_S2_CENTER_CENSORED,SAR_MASK_S2_CENTER_CENSORED;no_local_bbox_boundary_hot_band;center_semantics_mask_censored_or_unconfirmed;sar_bbox_partly_outside_reconstructed_mask,REAL_SAR_GRAY_REMEASURED,false,BASE_REGION_FROZEN_BACKGROUND,PERTURBED_LOCAL_RING_BACKGROUND,46,44,142575,10.869482,6.474299,1.678866,161911,BACKGROUND_STABLE,13117,1.671037,3.055329,3.550007,0.871618,1.611028,1.980182,-0.111979,0.392244,307,1,0.95232,0.577037,0.956858,7569,135777,30.718987,-11.60186,11.60186,2.030704,AXIS_RESOLVED,31.998419,-10.322429,10.322429,2.165707,AXIS_RESOLVED,31.998419,-10.322429,10.322429,2.165707,AXIS_RESOLVED,TOP_COMPONENTS_TO_80_PERCENT_ENERGY,GLOBAL_AND_COMPONENT_AXIS_CONSISTENT,30.718987,31.998419,31.998419,30.718886,31.998317,31.998317,COMPONENT_IDENTITY_SWITCH,WITHIN_VEHICLE_PROJECTION_ENVELOPE,0,0,0.004807,0.007243
WGV35A_PAIR_0208_S2A_055,WGV35A_PAIR_0208,323,PV_GM19_SILVER_MPV_NEAR_FIELD,212,counterfactual,local_region_rotation,gt_region,rotate,0,90,0,0,,,SAR_MASK_S2_CENTER_CENSORED,SAR_MASK_S2_CENTER_CENSORED;no_local_bbox_boundary_hot_band;center_semantics_mask_censored_or_unconfirmed;sar_bbox_partly_outside_reconstructed_mask,REAL_SAR_GRAY_REMEASURED,false,BASE_REGION_FROZEN_BACKGROUND,PERTURBED_LOCAL_RING_BACKGROUND,46,47,136701,10.358491,7.89065,1.312755,128504,BACKGROUND_STABLE,13197,1.345144,2.484924,2.891243,1.115763,2.079854,2.564249,0.386886,0.651646,152,1,0.97071,0.566568,0.975443,7477,132697,75.979746,33.658898,33.658898,1.477882,AXIS_RESOLVED,74.175645,31.854797,31.854797,1.459349,AXIS_RESOLVED,74.175645,31.854797,31.854797,1.459349,AXIS_RESOLVED,TOP_COMPONENTS_TO_80_PERCENT_ENERGY,GLOBAL_AND_COMPONENT_AXIS_CONSISTENT,75.979746,74.175645,74.175645,8.661848,10.465949,10.465949,SAME_COMPONENT_PERSISTENT,PARTIAL_SUPPORT_BELOW_ENVELOPE,0.515076,0.020146,0,0
WGV35A_PAIR_0208_S2A_056,WGV35A_PAIR_0208,323,PV_GM19_SILVER_MPV_NEAR_FIELD,212,matched_background,matched_background,deterministic_offset,control,0,0,-1.8,-1.8,,,SAR_MASK_S2_CENTER_CENSORED,SAR_MASK_S2_CENTER_CENSORED;no_local_bbox_boundary_hot_band;center_semantics_mask_censored_or_unconfirmed;sar_bbox_partly_outside_reconstructed_mask,REAL_SAR_GRAY_REMEASURED,false,BASE_REGION_FROZEN_BACKGROUND,PERTURBED_LOCAL_RING_BACKGROUND,46,0,3476,0.260258,1.217892,0.213695,109425,COUNTERFACTUAL_BACKGROUND_SENSITIVE,13356,0.726704,1.74145,2.174635,0.333357,0.681388,0.908937,-1.139832,1.254327,206,3,0.130898,0.004642,0.226985,62,455,11.744419,-5.638261,5.638261,2.908483,AXIS_RESOLVED,160.70816,-36.674519,36.674519,1.519252,AXIS_FRAGMENTED_NO_DOMINANT_STRUCTURE,8.842524,-8.540156,8.540156,4.386191,AXIS_COMPONENT_LAYOUT_RESOLVED,TOP_COMPONENTS_TO_80_PERCENT_ENERGY,COMPONENT_LAYOUT_AXIS_ONLY,11.744419,19.29184,8.842524,36.682485,5.646227,33.78059,COMPONENT_SPLIT_OR_MERGE,PARTIAL_SUPPORT_BELOW_ENVELOPE,1.25855,0.718612,0,0
WGV35A_PAIR_0209_S2A_001,WGV35A_PAIR_0209,324,PV_GM19_SILVER_MPV_NEAR_FIELD,238,gt_original,gt_original,gt,original,0,0,0,0,,,SAR_MASK_S1_PARTIALLY_CENSORED_CENTER_INSIDE,SAR_MASK_S1_PARTIALLY_CENSORED_CENTER_INSIDE;bottom_near_range_mask;center_semantics_mask_censored_or_unconfirmed;bbox_bottom_within_110px_of_near_range_mask;observed_box_may_be_masked_response_center_not_full_vehicle_center,REAL_SAR_GRAY_REMEASURED,false,BASE_REGION_FROZEN_BACKGROUND,PERTURBED_LOCAL_RING_BACKGROUND,51,51,118071,11.63605,7.253241,1.604255,118071,BACKGROUND_STABLE,10147,0.908132,1.896947,2.247398,1.077294,2.154234,2.898104,-0.153736,0.258199,303,1,0.895792,0.468513,0.929204,4754,105767,14.856047,-55.793576,55.793576,1.468573,AXIS_RESOLVED,31.89494,-38.754683,38.754683,1.622801,AXIS_RESOLVED,31.89494,-38.754683,38.754683,1.622801,AXIS_RESOLVED,TOP_COMPONENTS_TO_80_PERCENT_ENERGY,GLOBAL_AND_COMPONENT_AXIS_CONSISTENT,14.856047,31.89494,31.89494,14.856047,31.89494,31.89494,SAME_COMPONENT_PERSISTENT,PARTIAL_SUPPORT_BELOW_ENVELOPE,0.003052,0.845766,0,0
WGV35A_PAIR_0209_S2A_002,WGV35A_PAIR_0209,324,PV_GM19_SILVER_MPV_NEAR_FIELD,238,counterfactual,center_shift,range,shift,-0.15,0,-0.15,0,,,SAR_MASK_S1_PARTIALLY_CENSORED_CENTER_INSIDE,SAR_MASK_S1_PARTIALLY_CENSORED_CENTER_INSIDE;bottom_near_range_mask;center_semantics_mask_censored_or_unconfirmed;bbox_bottom_within_110px_of_near_range_mask;observed_box_may_be_masked_response_center_not_full_vehicle_center,REAL_SAR_GRAY_REMEASURED,false,BASE_REGION_FROZEN_BACKGROUND,PERTURBED_LOCAL_RING_BACKGROUND,51,50,109867,10.827535,6.563889,1.649561,116120,BACKGROUND_STABLE,10147,0.815282,1.775969,2.1837,0.993717,2.086168,2.870292,-0.143679,0.253143,345,2,0.829849,0.388194,0.879982,3939,91173,12.51393,-58.135746,58.135746,1.579518,AXIS_RESOLVED,32.072428,-38.577247,38.577247,1.438672,AXIS_RESOLVED,32.072428,-38.577247,38.577247,1.438672,AXIS_RESOLVED,TOP_COMPONENTS_TO_80_PERCENT_ENERGY,GLOBAL_AND_COMPONENT_AXIS_CONSISTENT,12.51393,32.072428,32.072428,12.513877,32.072376,32.072376,SAME_COMPONENT_PERSISTENT,PARTIAL_SUPPORT_BELOW_ENVELOPE,0.024031,0.913832,0,0
WGV35A_PAIR_0209_S2A_003,WGV35A_PAIR_0209,324,PV_GM19_SILVER_MPV_NEAR_FIELD,238,counterfactual,center_shift,range,shift,0.15,0,0.15,0,,,SAR_MASK_S1_PARTIALLY_CENSORED_CENTER_INSIDE,SAR_MASK_S1_PARTIALLY_CENSORED_CENTER_INSIDE;bottom_near_range_mask;center_semantics_mask_censored_or_unconfirmed;bbox_bottom_within_110px_of_near_range_mask;observed_box_may_be_masked_response_center_not_full_vehicle_center,REAL_SAR_GRAY_REMEASURED,false,BASE_REGION_FROZEN_BACKGROUND,PERTURBED_LOCAL_RING_BACKGROUND,51,52,125491,12.367301,7.953704,1.554911,119161,BACKGROUND_STABLE,10147,1.029919,2.034773,2.319166,1.102567,2.227693,2.911392,-0.154849,0.278725,283,1,0.919819,0.512171,0.949534,5197,115429,18.54618,-52.103395,52.103395,1.424334,AXIS_RESOLVED,32.035138,-38.614437,38.614437,1.515867,AXIS_RESOLVED,32.035138,-38.614437,38.614437,1.515867,AXIS_RESOLVED,TOP_COMPONENTS_TO_80_PERCENT_ENERGY,GLOBAL_AND_COMPONENT_AXIS_CONSISTENT,18.54618,32.035138,32.035138,18.546228,32.035186,32.035186,SAME_COMPONENT_PERSISTENT,PARTIAL_SUPPORT_BELOW_ENVELOPE,0.065226,0.772307,0,0
WGV35A_PAIR_0209_S2A_004,WGV35A_PAIR_0209,324,PV_GM19_SILVER_MPV_NEAR_FIELD,238,counterfactual,center_shift,azimuth,shift,-0.15,0,0,-0.15,,,SAR_MASK_S1_PARTIALLY_CENSORED_CENTER_INSIDE,SAR_MASK_S1_PARTIALLY_CENSORED_CENTER_INSIDE;bottom_near_range_mask;center_semantics_mask_censored_or_unconfirmed;bbox_bottom_within_110px_of_near_range_mask;observed_box_may_be_masked_response_center_not_full_vehicle_center,REAL_SAR_GRAY_REMEASURED,false,BASE_REGION_FROZEN_BACKGROUND,PERTURBED_LOCAL_RING_BACKGROUND,51,51,112961,11.132453,7.390278,1.506365,112961,BACKGROUND_STABLE,10147,0.891728,1.86679,2.256722,1.002374,2.042951,2.784611,-0.22045,0.365975,325,2,0.844548,0.406623,0.899726,4126,95401,14.362926,-54.09025,54.09025,1.500548,AXIS_RESOLVED,38.221894,-30.231282,30.231282,1.351676,AXIS_RESOLVED,38.221894,-30.231282,30.231282,1.351676,AXIS_RESOLVED,TOP_COMPONENTS_TO_80_PERCENT_ENERGY,MULTIPLE_AXIS_REPRESENTATIONS_CONFLICT,14.362926,38.221894,38.221894,16.559373,40.418341,40.418341,SAME_COMPONENT_PERSISTENT,PARTIAL_SUPPORT_BELOW_ENVELOPE,0.03321,0.957049,0,0
WGV35A_PAIR_0209_S2A_005,WGV35A_PAIR_0209,324,PV_GM19_SILVER_MPV_NEAR_FIELD,238,counterfactual,center_shift,azimuth,shift,0.15,0,0,0.15,,,SAR_MASK_S1_PARTIALLY_CENSORED_CENTER_INSIDE,SAR_MASK_S1_PARTIALLY_CENSORED_CENTER_INSIDE;bottom_near_range_mask;center_semantics_mask_censored_or_unconfirmed;bbox_bottom_within_110px_of_near_range_mask;observed_box_may_be_masked_response_center_not_full_vehicle_center,REAL_SAR_GRAY_REMEASURED,false,BASE_REGION_FROZEN_BACKGROUND,PERTURBED_LOCAL_RING_BACKGROUND,51,51,122187,12.041687,7.318982,1.645268,122187,BACKGROUND_STABLE,10147,0.931114,1.937986,2.241607,1.116859,2.234813,2.985087,-0.096693,0.144602,288,1,0.912634,0.498768,0.944822,5061,111512,16.963325,-55.882741,55.882741,1.448245,AXIS_RESOLVED,30.851902,-41.994164,41.994164,1.545941,AXIS_RESOLVED,30.851902,-41.994164,41.994164,1.545941,AXIS_RESOLVED,TOP_COMPONENTS_TO_80_PERCENT_ENERGY,GLOBAL_AND_COMPONENT_AXIS_CONSISTENT,16.963325,30.851902,30.851902,14.766882,28.655459,28.655459,SAME_COMPONENT_PERSISTENT,PARTIAL_SUPPORT_BELOW_ENVELOPE,0.062014,0.765187,0,0
WGV35A_PAIR_0209_S2A_006,WGV35A_PAIR_0209,324,PV_GM19_SILVER_MPV_NEAR_FIELD,238,counterfactual,center_shift,range,shift,-0.3,0,-0.3,0,,,SAR_MASK_S1_PARTIALLY_CENSORED_CENTER_INSIDE,SAR_MASK_S1_PARTIALLY_CENSORED_CENTER_INSIDE;bottom_near_range_mask;center_semantics_mask_censored_or_unconfirmed;bbox_bottom_within_110px_of_near_range_mask;observed_box_may_be_masked_response_center_not_full_vehicle_center,REAL_SAR_GRAY_REMEASURED,false,BASE_REGION_FROZEN_BACKGROUND,PERTURBED_LOCAL_RING_BACKGROUND,51,50,104756,10.32384,5.172685,1.995838,110788,BACKGROUND_STABLE,10147,0.770306,1.688202,2.131818,0.932558,2.047075,2.851252,-0.101548,0.272211,365,1,0.834797,0.364935,0.872437,3703,87450,10.688451,-59.96099,59.96099,1.652101,AXIS_RESOLVED,26.075436,-44.574005,44.574005,1.472929,AXIS_RESOLVED,26.075436,-44.574005,44.574005,1.472929,AXIS_RESOLVED,TOP_COMPONENTS_TO_80_PERCENT_ENERGY,GLOBAL_AND_COMPONENT_AXIS_CONSISTENT,10.688451,26.075436,26.075436,10.688633,26.075618,26.075618,SAME_COMPONENT_PERSISTENT,PARTIAL_SUPPORT_BELOW_ENVELOPE,0.011798,0.952925,0,0
WGV35A_PAIR_0209_S2A_007,WGV35A_PAIR_0209,324,PV_GM19_SILVER_MPV_NEAR_FIELD,238,counterfactual,center_shift,range,shift,0.3,0,0.3,0,,,SAR_MASK_S1_PARTIALLY_CENSORED_CENTER_INSIDE,SAR_MASK_S1_PARTIALLY_CENSORED_CENTER_INSIDE;bottom_near_range_mask;center_semantics_mask_censored_or_unconfirmed;bbox_bottom_within_110px_of_near_range_mask;observed_box_may_be_masked_response_center_not_full_vehicle_center,REAL_SAR_GRAY_REMEASURED,false,BASE_REGION_FROZEN_BACKGROUND,PERTURBED_LOCAL_RING_BACKGROUND,51,53,128542,12.667981,8.126852,1.558781,116058,BACKGROUND_STABLE,10147,1.229072,2.137206,2.409291,1.100209,2.189938,2.846715,-0.16587,0.288087,275,1,0.933166,0.528826,0.959857,5366,119951,23.985008,-46.664772,46.664772,1.45374,AXIS_RESOLVED,33.790914,-36.858865,36.858865,1.551387,AXIS_RESOLVED,33.790914,-36.858865,36.858865,1.551387,AXIS_RESOLVED,TOP_COMPONENTS_TO_80_PERCENT_ENERGY,GLOBAL_AND_COMPONENT_AXIS_CONSISTENT,23.985008,33.790914,33.790914,23.984851,33.790758,33.790758,SAME_COMPONENT_PERSISTENT,PARTIAL_SUPPORT_BELOW_ENVELOPE,0.062794,0.810062,0,0
WGV35A_PAIR_0209_S2A_008,WGV35A_PAIR_0209,324,PV_GM19_SILVER_MPV_NEAR_FIELD,238,counterfactual,center_shift,azimuth,shift,-0.3,0,0,-0.3,,,SAR_MASK_S1_PARTIALLY_CENSORED_CENTER_INSIDE,SAR_MASK_S1_PARTIALLY_CENSORED_CENTER_INSIDE;bottom_near_range_mask;center_semantics_mask_censored_or_unconfirmed;bbox_bottom_within_110px_of_near_range_mask;observed_box_may_be_masked_response_center_not_full_vehicle_center,REAL_SAR_GRAY_REMEASURED,false,BASE_REGION_FROZEN_BACKGROUND,PERTURBED_LOCAL_RING_BACKGROUND,51,50,109378,10.779344,7.21713,1.493578,115448,BACKGROUND_STABLE,10147,0.904709,1.857122,2.274699,0.95358,1.949819,2.625655,-0.26518,0.475686,324,2,0.854742,0.398541,0.908318,4044,93490,15.132861,-51.13088,51.13088,1.514333,AXIS_RESOLVED,36.792499,-29.471241,29.471241,1.345674,AXIS_RESOLVED,36.792499,-29.471241,29.471241,1.345674,AXIS_RESOLVED,TOP_COMPONENTS_TO_80_PERCENT_ENERGY,MULTIPLE_AXIS_REPRESENTATIONS_CONFLICT,15.132861,36.792499,36.792499,19.518743,41.178382,41.178382,SAME_COMPONENT_PERSISTENT,PARTIAL_SUPPORT_BELOW_ENVELOPE,0.042878,1.050181,0,0
WGV35A_PAIR_0209_S2A_009,WGV35A_PAIR_0209,324,PV_GM19_SILVER_MPV_NEAR_FIELD,238,counterfactual,center_shift,azimuth,shift,0.3,0,0,0.3,,,SAR_MASK_S1_PARTIALLY_CENSORED_CENTER_INSIDE,SAR_MASK_S1_PARTIALLY_CENSORED_CENTER_INSIDE;bottom_near_range_mask;center_semantics_mask_censored_or_unconfirmed;bbox_bottom_within_110px_of_near_range_mask;observed_box_may_be_masked_response_center_not_full_vehicle_center,REAL_SAR_GRAY_REMEASURED,false,BASE_REGION_FROZEN_BACKGROUND,PERTURBED_LOCAL_RING_BACKGROUND,51,51,122715,12.093722,7.771297,1.556204,122715,BACKGROUND_STABLE,10147,0.934529,1.912996,2.202285,1.130321,2.242484,2.998964,-0.081523,0.029778,286,1,0.918861,0.503301,0.950911,5107,112758,18.609374,-56.426157,56.426157,1.426753,AXIS_RESOLVED,31.442998,-43.592533,43.592533,1.519486,AXIS_RESOLVED,31.442998,-43.592533,43.592533,1.519486,AXIS_RESOLVED,TOP_COMPONENTS_TO_80_PERCENT_ENERGY,GLOBAL_AND_COMPONENT_AXIS_CONSISTENT,18.609374,31.442998,31.442998,14.223466,27.05709,27.05709,SAME_COMPONENT_PERSISTENT,PARTIAL_SUPPORT_BELOW_ENVELOPE,0.087004,0.757516,0,0
WGV35A_PAIR_0209_S2A_010,WGV35A_PAIR_0209,324,PV_GM19_SILVER_MPV_NEAR_FIELD,238,counterfactual,center_shift,range,shift,-0.45,0,-0.45,0,,,SAR_MASK_S1_PARTIALLY_CENSORED_CENTER_INSIDE,SAR_MASK_S1_PARTIALLY_CENSORED_CENTER_INSIDE;bottom_near_range_mask;center_semantics_mask_censored_or_unconfirmed;bbox_bottom_within_110px_of_near_range_mask;observed_box_may_be_masked_response_center_not_full_vehicle_center,REAL_SAR_GRAY_REMEASURED,false,BASE_REGION_FROZEN_BACKGROUND,PERTURBED_LOCAL_RING_BACKGROUND,51,50,100720,9.926087,5.351389,1.854862,106607,BACKGROUND_STABLE,10147,0.732731,1.60177,2.128785,0.912678,2.049611,2.804409,-0.050276,0.291083,372,1,0.852204,0.37213,0.890856,3776,85834,9.314533,-61.334957,61.334957,1.722158,AXIS_RESOLVED,24.26188,-46.38761,46.38761,1.668999,AXIS_RESOLVED,24.26188,-46.38761,46.38761,1.668999,AXIS_RESOLVED,TOP_COMPONENTS_TO_80_PERCENT_ENERGY,GLOBAL_AND_COMPONENT_AXIS_CONSISTENT,9.314533,24.26188,24.26188,9.314666,24.262013,24.262013,SAME_COMPONENT_PERSISTENT,PARTIAL_SUPPORT_BELOW_ENVELOPE,0.09823,0.950389,0,0
WGV35A_PAIR_0209_S2A_011,WGV35A_PAIR_0209,324,PV_GM19_SILVER_MPV_NEAR_FIELD,238,counterfactual,center_shift,range,shift,0.45,0,0.45,0,,,SAR_MASK_S1_PARTIALLY_CENSORED_CENTER_INSIDE,SAR_MASK_S1_PARTIALLY_CENSORED_CENTER_INSIDE;bottom_near_range_mask;center_semantics_mask_censored_or_unconfirmed;bbox_bottom_within_110px_of_near_range_mask;observed_box_may_be_masked_response_center_not_full_vehicle_center,REAL_SAR_GRAY_REMEASURED,false,BASE_REGION_FROZEN_BACKGROUND,PERTURBED_LOCAL_RING_BACKGROUND,51,55,120119,11.837883,12.314352,0.961308,96501,BACKGROUND_STABLE,10147,1.266651,2.154056,2.489662,1.174516,2.197385,2.799863,-0.086033,0.302258,280,1,0.945646,0.535035,0.971545,5429,113590,24.283043,-46.366686,46.366686,1.539267,AXIS_RESOLVED,30.048123,-40.601606,40.601606,1.551926,AXIS_RESOLVED,30.048123,-40.601606,40.601606,1.551926,AXIS_RESOLVED,TOP_COMPONENTS_TO_80_PERCENT_ENERGY,GLOBAL_AND_COMPONENT_AXIS_CONSISTENT,24.283043,30.048123,30.048123,24.282937,30.048017,30.048017,SAME_COMPONENT_PERSISTENT,PARTIAL_SUPPORT_BELOW_ENVELOPE,0.045944,0.802615,0,0
WGV35A_PAIR_0209_S2A_012,WGV35A_PAIR_0209,324,PV_GM19_SILVER_MPV_NEAR_FIELD,238,counterfactual,center_shift,azimuth,shift,-0.45,0,0,-0.45,,,SAR_MASK_S1_PARTIALLY_CENSORED_CENTER_INSIDE,SAR_MASK_S1_PARTIALLY_CENSORED_CENTER_INSIDE;bottom_near_range_mask;center_semantics_mask_censored_or_unconfirmed;bbox_bottom_within_110px_of_near_range_mask;observed_box_may_be_masked_response_center_not_full_vehicle_center,REAL_SAR_GRAY_REMEASURED,false,BASE_REGION_FROZEN_BACKGROUND,PERTURBED_LOCAL_RING_BACKGROUND,51,48,105082,10.355967,6.2375,1.660275,123116,BACKGROUND_STABLE,10147,0.909195,1.809572,2.240548,0.893511,1.864923,2.440733,-0.338444,0.583071,329,2,0.853743,0.377451,0.906159,3830,89713,15.178248,-48.908242,48.908242,1.547251,AXIS_RESOLVED,34.35914,-29.72735,29.72735,1.397858,AXIS_RESOLVED,34.35914,-29.72735,29.72735,1.397858,AXIS_RESOLVED,TOP_COMPONENTS_TO_80_PERCENT_ENERGY,GLOBAL_AND_COMPONENT_AXIS_CONSISTENT,15.178248,34.35914,34.35914,21.741381,40.922273,40.922273,SAME_COMPONENT_PERSISTENT,PARTIAL_SUPPORT_BELOW_ENVELOPE,0.090428,1.135077,0,0
WGV35A_PAIR_0209_S2A_013,WGV35A_PAIR_0209,324,PV_GM19_SILVER_MPV_NEAR_FIELD,238,counterfactual,center_shift,azimuth,shift,0.45,0,0,0.45,,,SAR_MASK_S1_PARTIALLY_CENSORED_CENTER_INSIDE,SAR_MASK_S1_PARTIALLY_CENSORED_CENTER_INSIDE;bottom_near_range_mask;center_semantics_mask_censored_or_unconfirmed;bbox_bottom_within_110px_of_near_range_mask;observed_box_may_be_masked_response_center_not_full_vehicle_center,REAL_SAR_GRAY_REMEASURED,false,BASE_REGION_FROZEN_BACKGROUND,PERTURBED_LOCAL_RING_BACKGROUND,51,53,123773,12.110861,8.302765,1.458654,111668,BACKGROUND_STABLE,10220,0.965245,1.916165,2.177818,1.139735,2.224499,2.951311,-0.047616,-0.085686,285,1,0.927617,0.504795,0.959393,5159,114814,21.737915,-55.474867,55.474867,1.395433,AXIS_RESOLVED,33.201887,-44.010895,44.010895,1.477817,AXIS_RESOLVED,33.201887,-44.010895,44.010895,1.477817,AXIS_RESOLVED,TOP_COMPONENTS_TO_80_PERCENT_ENERGY,GLOBAL_AND_COMPONENT_AXIS_CONSISTENT,21.737915,33.201887,33.201887,15.174756,26.638728,26.638728,SAME_COMPONENT_PERSISTENT,PARTIAL_SUPPORT_BELOW_ENVELOPE,0.083835,0.775501,0,0
WGV35A_PAIR_0209_S2A_014,WGV35A_PAIR_0209,324,PV_GM19_SILVER_MPV_NEAR_FIELD,238,counterfactual,diagonal_center_shift,range+azimuth,shift,0.15,0,-0.15,-0.15,,,SAR_MASK_S1_PARTIALLY_CENSORED_CENTER_INSIDE,SAR_MASK_S1_PARTIALLY_CENSORED_CENTER_INSIDE;bottom_near_range_mask;center_semantics_mask_censored_or_unconfirmed;bbox_bottom_within_110px_of_near_range_mask;observed_box_may_be_masked_response_center_not_full_vehicle_center,REAL_SAR_GRAY_REMEASURED,false,BASE_REGION_FROZEN_BACKGROUND,PERTURBED_LOCAL_RING_BACKGROUND,51,50,107501,10.594363,6.186574,1.712477,113597,BACKGROUND_STABLE,10147,0.834609,1.762157,2.188216,0.949092,2.007372,2.780547,-0.169951,0.365026,361,1,0.835583,0.379915,0.883871,3855,89826,12.073297,-56.292588,56.292588,1.589313,AXIS_RESOLVED,31.629433,-36.736453,36.736453,1.425069,AXIS_RESOLVED,31.629433,-36.736453,36.736453,1.425069,AXIS_RESOLVED,TOP_COMPONENTS_TO_80_PERCENT_ENERGY,GLOBAL_AND_COMPONENT_AXIS_CONSISTENT,12.073297,31.629433,31.629433,14.357035,33.91317,33.91317,SAME_COMPONENT_PERSISTENT,PARTIAL_SUPPORT_BELOW_ENVELOPE,0.037843,0.992628,0,0
WGV35A_PAIR_0209_S2A_015,WGV35A_PAIR_0209,324,PV_GM19_SILVER_MPV_NEAR_FIELD,238,counterfactual,diagonal_center_shift,range+azimuth,shift,0.15,0,-0.15,0.15,,,SAR_MASK_S1_PARTIALLY_CENSORED_CENTER_INSIDE,SAR_MASK_S1_PARTIALLY_CENSORED_CENTER_INSIDE;bottom_near_range_mask;center_semantics_mask_censored_or_unconfirmed;bbox_bottom_within_110px_of_near_range_mask;observed_box_may_be_masked_response_center_not_full_vehicle_center,REAL_SAR_GRAY_REMEASURED,false,BASE_REGION_FROZEN_BACKGROUND,PERTURBED_LOCAL_RING_BACKGROUND,51,51,112680,11.10476,7.289815,1.523325,112680,BACKGROUND_STABLE,10147,0.813311,1.793436,2.160196,1.040989,2.13835,2.91721,-0.10311,0.138523,330,1,0.846761,0.414507,0.896086,4206,95413,14.167385,-58.765808,58.765808,1.533458,AXIS_RESOLVED,33.688785,-39.244407,39.244407,1.410366,AXIS_RESOLVED,33.688785,-39.244407,39.244407,1.410366,AXIS_RESOLVED,TOP_COMPONENTS_TO_80_PERCENT_ENERGY,GLOBAL_AND_COMPONENT_AXIS_CONSISTENT,14.167385,33.688785,33.688785,11.883815,31.405216,31.405216,SAME_COMPONENT_PERSISTENT,PARTIAL_SUPPORT_BELOW_ENVELOPE,0.006564,0.86165,0,0
WGV35A_PAIR_0209_S2A_016,WGV35A_PAIR_0209,324,PV_GM19_SILVER_MPV_NEAR_FIELD,238,counterfactual,diagonal_center_shift,range+azimuth,shift,0.15,0,0.15,-0.15,,,SAR_MASK_S1_PARTIALLY_CENSORED_CENTER_INSIDE,SAR_MASK_S1_PARTIALLY_CENSORED_CENTER_INSIDE;bottom_near_range_mask;center_semantics_mask_censored_or_unconfirmed;bbox_bottom_within_110px_of_near_range_mask;observed_box_may_be_masked_response_center_not_full_vehicle_center,REAL_SAR_GRAY_REMEASURED,false,BASE_REGION_FROZEN_BACKGROUND,PERTURBED_LOCAL_RING_BACKGROUND,51,51,120883,11.913176,8.03287,1.483053,120883,BACKGROUND_STABLE,10147,1.000631,2.00639,2.332893,1.043987,2.112382,2.791916,-0.220838,0.378201,290,1,0.918905,0.491081,0.949133,4983,111080,18.45995,-50.074628,50.074628,1.424187,AXIS_RESOLVED,32.718008,-35.816569,35.816569,1.535375,AXIS_RESOLVED,32.718008,-35.816569,35.816569,1.535375,AXIS_RESOLVED,TOP_COMPONENTS_TO_80_PERCENT_ENERGY,GLOBAL_AND_COMPONENT_AXIS_CONSISTENT,18.45995,32.718008,32.718008,20.574995,34.833054,34.833054,SAME_COMPONENT_PERSISTENT,PARTIAL_SUPPORT_BELOW_ENVELOPE,0.09361,0.887618,0,0
WGV35A_PAIR_0209_S2A_017,WGV35A_PAIR_0209,324,PV_GM19_SILVER_MPV_NEAR_FIELD,238,counterfactual,diagonal_center_shift,range+azimuth,shift,0.15,0,0.15,0.15,,,SAR_MASK_S1_PARTIALLY_CENSORED_CENTER_INSIDE,SAR_MASK_S1_PARTIALLY_CENSORED_CENTER_INSIDE;bottom_near_range_mask;center_semantics_mask_censored_or_unconfirmed;bbox_bottom_within_110px_of_near_range_mask;observed_box_may_be_masked_response_center_not_full_vehicle_center,REAL_SAR_GRAY_REMEASURED,false,BASE_REGION_FROZEN_BACKGROUND,PERTURBED_LOCAL_RING_BACKGROUND,51,52,127179,12.533655,7.844907,1.59768,120776,BACKGROUND_STABLE,10147,1.038207,2.03227,2.300921,1.128438,2.277584,2.976129,-0.124728,0.159856,268,1,0.924665,0.523307,0.95559,5310,117598,20.102872,-52.661964,52.661964,1.434737,AXIS_RESOLVED,31.734337,-41.030499,41.030499,1.515975,AXIS_RESOLVED,31.734337,-41.030499,41.030499,1.515975,AXIS_RESOLVED,TOP_COMPONENTS_TO_80_PERCENT_ENERGY,GLOBAL_AND_COMPONENT_AXIS_CONSISTENT,20.102872,31.734337,31.734337,17.987659,29.619124,29.619124,SAME_COMPONENT_PERSISTENT,PARTIAL_SUPPORT_BELOW_ENVELOPE,0.06773,0.722416,0,0
WGV35A_PAIR_0209_S2A_018,WGV35A_PAIR_0209,324,PV_GM19_SILVER_MPV_NEAR_FIELD,238,counterfactual,diagonal_center_shift,range+azimuth,shift,0.3,0,-0.3,-0.3,,,SAR_MASK_S1_PARTIALLY_CENSORED_CENTER_INSIDE,SAR_MASK_S1_PARTIALLY_CENSORED_CENTER_INSIDE;bottom_near_range_mask;center_semantics_mask_censored_or_unconfirmed;bbox_bottom_within_110px_of_near_range_mask;observed_box_may_be_masked_response_center_not_full_vehicle_center,REAL_SAR_GRAY_REMEASURED,false,BASE_REGION_FROZEN_BACKGROUND,PERTURBED_LOCAL_RING_BACKGROUND,51,48,99011,9.757662,5.236111,1.863532,116804,BACKGROUND_STABLE,10147,0.795519,1.594817,2.124436,0.855418,1.896054,2.663607,-0.186967,0.502565,380,1,0.85036,0.35173,0.89075,3569,84195,9.097542,-56.803095,56.803095,1.685266,AXIS_RESOLVED,25.317613,-40.583024,40.583024,1.513773,AXIS_RESOLVED,25.317613,-40.583024,40.583024,1.513773,AXIS_RESOLVED,TOP_COMPONENTS_TO_80_PERCENT_ENERGY,GLOBAL_AND_COMPONENT_AXIS_CONSISTENT,9.097542,25.317613,25.317613,13.846528,30.066599,30.066599,SAME_COMPONENT_PERSISTENT,PARTIAL_SUPPORT_BELOW_ENVELOPE,0.005183,1.103946,0,0
WGV35A_PAIR_0209_S2A_019,WGV35A_PAIR_0209,324,PV_GM19_SILVER_MPV_NEAR_FIELD,238,counterfactual,diagonal_center_shift,range+azimuth,shift,0.3,0,-0.3,0.3,,,SAR_MASK_S1_PARTIALLY_CENSORED_CENTER_INSIDE,SAR_MASK_S1_PARTIALLY_CENSORED_CENTER_INSIDE;bottom_near_range_mask;center_semantics_mask_censored_or_unconfirmed;bbox_bottom_within_110px_of_near_range_mask;observed_box_may_be_masked_response_center_not_full_vehicle_center,REAL_SAR_GRAY_REMEASURED,false,BASE_REGION_FROZEN_BACKGROUND,PERTURBED_LOCAL_RING_BACKGROUND,51,51,107605,10.604612,6.568056,1.614574,107605,BACKGROUND_STABLE,10147,0.737484,1.69795,2.047797,0.961928,2.085115,2.826997,-0.04794,0.019742,352,1,0.850973,0.39657,0.889178,4024,91569,14.025979,-61.372563,61.372563,1.561838,AXIS_RESOLVED,29.523754,-45.874788,45.874788,1.500304,AXIS_RESOLVED,29.523754,-45.874788,45.874788,1.500304,AXIS_RESOLVED,TOP_COMPONENTS_TO_80_PERCENT_ENERGY,GLOBAL_AND_COMPONENT_AXIS_CONSISTENT,14.025979,29.523754,29.523754,9.27706,24.774835,24.774835,SAME_COMPONENT_PERSISTENT,PARTIAL_SUPPORT_BELOW_ENVELOPE,0.00205,0.914885,0,0
WGV35A_PAIR_0209_S2A_020,WGV35A_PAIR_0209,324,PV_GM19_SILVER_MPV_NEAR_FIELD,238,counterfactual,diagonal_center_shift,range+azimuth,shift,0.3,0,0.3,-0.3,,,SAR_MASK_S1_PARTIALLY_CENSORED_CENTER_INSIDE,SAR_MASK_S1_PARTIALLY_CENSORED_CENTER_INSIDE;bottom_near_range_mask;center_semantics_mask_censored_or_unconfirmed;bbox_bottom_within_110px_of_near_range_mask;observed_box_may_be_masked_response_center_not_full_vehicle_center,REAL_SAR_GRAY_REMEASURED,false,BASE_REGION_FROZEN_BACKGROUND,PERTURBED_LOCAL_RING_BACKGROUND,51,52,121836,11.921331,8.242857,1.446262,115830,BACKGROUND_STABLE,10220,1.123985,2.123224,2.418555,0.99936,2.005948,2.604141,-0.298445,0.494173,280,1,0.938926,0.497065,0.961489,5080,114395,24.96603,-41.608826,41.608826,1.439628,AXIS_RESOLVED,34.933953,-31.640903,31.640903,1.572823,AXIS_RESOLVED,34.933953,-31.640903,31.640903,1.572823,AXIS_RESOLVED,TOP_COMPONENTS_TO_80_PERCENT_ENERGY,GLOBAL_AND_COMPONENT_AXIS_CONSISTENT,24.96603,34.933953,34.933953,29.040797,39.00872,39.00872,SAME_COMPONENT_PERSISTENT,PARTIAL_SUPPORT_BELOW_ENVELOPE,0.876776,0.094052,0,0
WGV35A_PAIR_0209_S2A_021,WGV35A_PAIR_0209,324,PV_GM19_SILVER_MPV_NEAR_FIELD,238,counterfactual,diagonal_center_shift,range+azimuth,shift,0.3,0,0.3,0.3,,,SAR_MASK_S1_PARTIALLY_CENSORED_CENTER_INSIDE,SAR_MASK_S1_PARTIALLY_CENSORED_CENTER_INSIDE;bottom_near_range_mask;center_semantics_mask_censored_or_unconfirmed;bbox_bottom_within_110px_of_near_range_mask;observed_box_may_be_masked_response_center_not_full_vehicle_center,REAL_SAR_GRAY_REMEASURED,false,BASE_REGION_FROZEN_BACKGROUND,PERTURBED_LOCAL_RING_BACKGROUND,51,54,123748,12.195526,10.994445,1.109244,105266,BACKGROUND_STABLE,10147,1.263273,2.105699,2.394734,1.191773,2.320558,2.931097,-0.000953,0.053616,268,1,0.941664,0.541934,0.973446,5499,116529,24.411001,-50.313456,50.313456,1.537442,AXIS_RESOLVED,30.468024,-44.256432,44.256432,1.553373,AXIS_RESOLVED,30.468024,-44.256432,44.256432,1.553373,AXIS_RESOLVED,TOP_COMPONENTS_TO_80_PERCENT_ENERGY,GLOBAL_AND_COMPONENT_AXIS_CONSISTENT,24.411001,30.468024,30.468024,20.336167,26.393191,26.393191,SAME_COMPONENT_PERSISTENT,PARTIAL_SUPPORT_BELOW_ENVELOPE,0.094301,0.679442,0,0
WGV35A_PAIR_0209_S2A_022,WGV35A_PAIR_0209,324,PV_GM19_SILVER_MPV_NEAR_FIELD,238,counterfactual,single_boundary_shift,range_near,near_outward,-0.15,0,0,0,range_near,,SAR_MASK_S1_PARTIALLY_CENSORED_CENTER_INSIDE,SAR_MASK_S1_PARTIALLY_CENSORED_CENTER_INSIDE;bottom_near_range_mask;center_semantics_mask_censored_or_unconfirmed;bbox_bottom_within_110px_of_near_range_mask;observed_box_may_be_masked_response_center_not_full_vehicle_center,REAL_SAR_GRAY_REMEASURED,false,BASE_REGION_FROZEN_BACKGROUND,PERTURBED_LOCAL_RING_BACKGROUND,51,45,178282,9.652518,6.129412,1.574787,248325,COUNTERFACTUAL_BACKGROUND_SENSITIVE,18470,1.501868,2.532639,2.771383,1.211236,2.469467,3.085101,0.249721,0.440263,549,1,0.906205,0.417759,0.928636,7716,161560,78.91642,8.266983,8.266983,1.072982,AXIS_NEAR_ISOTROPIC,66.719898,-3.929539,3.929539,1.205876,AXIS_RESOLVED,66.719898,-3.929539,3.929539,1.205876,AXIS_RESOLVED,TOP_COMPONENTS_TO_80_PERCENT_ENERGY,DOMINANT_COMPONENT_AXIS_ONLY,78.91642,66.719898,66.719898,62.38264,66.720084,66.720084,SAME_COMPONENT_PERSISTENT,PARTIAL_SUPPORT_BELOW_ENVELOPE,0.467361,0.030534,0,0
WGV35A_PAIR_0209_S2A_023,WGV35A_PAIR_0209,324,PV_GM19_SILVER_MPV_NEAR_FIELD,238,counterfactual,single_boundary_shift,range_near,near_inward,0.15,0,0,0,range_near,,SAR_MASK_S1_PARTIALLY_CENSORED_CENTER_INSIDE,SAR_MASK_S1_PARTIALLY_CENSORED_CENTER_INSIDE;bottom_near_range_mask;center_semantics_mask_censored_or_unconfirmed;bbox_bottom_within_110px_of_near_range_mask;observed_box_may_be_masked_response_center_not_full_vehicle_center,REAL_SAR_GRAY_REMEASURED,false,BASE_REGION_FROZEN_BACKGROUND,PERTURBED_LOCAL_RING_BACKGROUND,51,46,173160,10.263766,6.443787,1.592816,226758,BACKGROUND_STABLE,16871,1.405146,2.470141,2.708526,1.208218,2.471169,3.093525,0.154946,0.431396,519,1,0.914541,0.439097,0.937636,7408,158362,99.837753,29.187952,29.187952,1.048758,AXIS_NEAR_ISOTROPIC,70.632423,-0.017379,0.017379,1.167747,AXIS_NEAR_ISOTROPIC,70.632423,-0.017379,0.017379,1.167747,AXIS_NEAR_ISOTROPIC,TOP_COMPONENTS_TO_80_PERCENT_ENERGY,NO_RESOLVED_AXIS_EVIDENCE,80.162247,70.632423,70.632423,41.461671,70.632244,70.632244,SAME_COMPONENT_PERSISTENT,PARTIAL_SUPPORT_BELOW_ENVELOPE,0.029859,0.528831,0,0
WGV35A_PAIR_0209_S2A_024,WGV35A_PAIR_0209,324,PV_GM19_SILVER_MPV_NEAR_FIELD,238,counterfactual,single_boundary_shift,range_far,far_inward,-0.15,0,0,0,range_far,,SAR_MASK_S1_PARTIALLY_CENSORED_CENTER_INSIDE,SAR_MASK_S1_PARTIALLY_CENSORED_CENTER_INSIDE;bottom_near_range_mask;center_semantics_mask_censored_or_unconfirmed;bbox_bottom_within_110px_of_near_range_mask;observed_box_may_be_masked_response_center_not_full_vehicle_center,REAL_SAR_GRAY_REMEASURED,false,BASE_REGION_FROZEN_BACKGROUND,PERTURBED_LOCAL_RING_BACKGROUND,51,46,163944,9.711172,5.573228,1.742468,216207,BACKGROUND_STABLE,16882,1.545333,2.360793,2.59566,1.17535,2.402569,3.061344,0.176507,0.428708,533,1,0.901637,0.411918,0.92603,6954,147818,109.413861,38.764424,38.764424,1.032673,AXIS_NEAR_ISOTROPIC,68.003539,-2.645898,2.645898,1.157409,AXIS_NEAR_ISOTROPIC,68.003539,-2.645898,2.645898,1.157409,AXIS_NEAR_ISOTROPIC,TOP_COMPONENTS_TO_80_PERCENT_ENERGY,NO_RESOLVED_AXIS_EVIDENCE,70.586139,68.003539,68.003539,31.885199,68.003725,68.003725,SAME_COMPONENT_PERSISTENT,PARTIAL_SUPPORT_BELOW_ENVELOPE,0.039207,0.59743,0,0
WGV35A_PAIR_0209_S2A_025,WGV35A_PAIR_0209,324,PV_GM19_SILVER_MPV_NEAR_FIELD,238,counterfactual,single_boundary_shift,range_far,far_outward,0.15,0,0,0,range_far,,SAR_MASK_S1_PARTIALLY_CENSORED_CENTER_INSIDE,SAR_MASK_S1_PARTIALLY_CENSORED_CENTER_INSIDE;bottom_near_range_mask;center_semantics_mask_censored_or_unconfirmed;bbox_bottom_within_110px_of_near_range_mask;observed_box_may_be_masked_response_center_not_full_vehicle_center,REAL_SAR_GRAY_REMEASURED,false,BASE_REGION_FROZEN_BACKGROUND,PERTURBED_LOCAL_RING_BACKGROUND,51,46,188984,10.213143,4.932954,2.070391,247552,BACKGROUND_STABLE,18504,1.43042,2.639973,2.868778,1.226041,2.504201,3.103466,0.239219,0.445051,550,1,0.914204,0.438392,0.935365,8112,172770,85.053806,14.404005,14.404005,1.104255,AXIS_NEAR_ISOTROPIC,71.292531,0.642729,0.642729,1.211442,AXIS_RESOLVED,71.292531,0.642729,0.642729,1.211442,AXIS_RESOLVED,TOP_COMPONENTS_TO_80_PERCENT_ENERGY,DOMINANT_COMPONENT_AXIS_ONLY,85.053806,71.292531,71.292531,56.245618,70.006894,70.006894,COMPONENT_IDENTITY_SWITCH,PARTIAL_SUPPORT_BELOW_ENVELOPE,0.360028,0.095799,0,0
WGV35A_PAIR_0209_S2A_026,WGV35A_PAIR_0209,324,PV_GM19_SILVER_MPV_NEAR_FIELD,238,counterfactual,single_boundary_shift,azimuth_left,left_outward,-0.15,0,0,0,azimuth_left,,SAR_MASK_S1_PARTIALLY_CENSORED_CENTER_INSIDE,SAR_MASK_S1_PARTIALLY_CENSORED_CENTER_INSIDE;bottom_near_range_mask;center_semantics_mask_censored_or_unconfirmed;bbox_bottom_within_110px_of_near_range_mask;observed_box_may_be_masked_response_center_not_full_vehicle_center,REAL_SAR_GRAY_REMEASURED,false,BASE_REGION_FROZEN_BACKGROUND,PERTURBED_LOCAL_RING_BACKGROUND,51,46,175564,9.633141,6.223574,1.547847,231025,BACKGROUND_STABLE,18225,1.472176,2.502226,2.742814,1.20823,2.465073,3.092526,0.19071,0.512267,539,1,0.907384,0.411687,0.930162,7503,159304,90.329071,20.777997,20.777997,1.059938,AXIS_NEAR_ISOTROPIC,69.319894,-0.231179,0.231179,1.179414,AXIS_NEAR_ISOTROPIC,69.319894,-0.231179,0.231179,1.179414,AXIS_NEAR_ISOTROPIC,TOP_COMPONENTS_TO_80_PERCENT_ENERGY,NO_RESOLVED_AXIS_EVIDENCE,89.670929,69.319894,69.319894,49.871626,70.418444,70.418444,SAME_COMPONENT_PERSISTENT,PARTIAL_SUPPORT_BELOW_ENVELOPE,0.497774,0.034927,0,0
WGV35A_PAIR_0209_S2A_027,WGV35A_PAIR_0209,324,PV_GM19_SILVER_MPV_NEAR_FIELD,238,counterfactual,single_boundary_shift,azimuth_left,left_inward,0.15,0,0,0,azimuth_left,,SAR_MASK_S1_PARTIALLY_CENSORED_CENTER_INSIDE,SAR_MASK_S1_PARTIALLY_CENSORED_CENTER_INSIDE;bottom_near_range_mask;center_semantics_mask_censored_or_unconfirmed;bbox_bottom_within_110px_of_near_range_mask;observed_box_may_be_masked_response_center_not_full_vehicle_center,REAL_SAR_GRAY_REMEASURED,false,BASE_REGION_FROZEN_BACKGROUND,PERTURBED_LOCAL_RING_BACKGROUND,51,47,176182,10.246118,6.396071,1.601939,219373,BACKGROUND_STABLE,17195,1.456057,2.508995,2.742681,1.210852,2.460504,3.068503,0.214402,0.357118,525,1,0.90902,0.438441,0.931718,7539,160153,86.484821,14.736642,14.736642,1.067004,AXIS_NEAR_ISOTROPIC,68.825481,-2.922699,2.922699,1.182615,AXIS_NEAR_ISOTROPIC,68.825481,-2.922699,2.922699,1.182615,AXIS_NEAR_ISOTROPIC,TOP_COMPONENTS_TO_80_PERCENT_ENERGY,NO_RESOLVED_AXIS_EVIDENCE,86.484821,68.825481,68.825481,55.912981,67.726924,67.726924,SAME_COMPONENT_PERSISTENT,PARTIAL_SUPPORT_BELOW_ENVELOPE,0.491005,0.039496,0,0
WGV35A_PAIR_0209_S2A_028,WGV35A_PAIR_0209,324,PV_GM19_SILVER_MPV_NEAR_FIELD,238,counterfactual,single_boundary_shift,azimuth_right,right_inward,-0.15,0,0,0,azimuth_right,,SAR_MASK_S1_PARTIALLY_CENSORED_CENTER_INSIDE,SAR_MASK_S1_PARTIALLY_CENSORED_CENTER_INSIDE;bottom_near_range_mask;center_semantics_mask_censored_or_unconfirmed;bbox_bottom_within_110px_of_near_range_mask;observed_box_may_be_masked_response_center_not_full_vehicle_center,REAL_SAR_GRAY_REMEASURED,false,BASE_REGION_FROZEN_BACKGROUND,PERTURBED_LOCAL_RING_BACKGROUND,51,46,172718,10.143176,6.599606,1.536937,226555,BACKGROUND_STABLE,17028,1.526478,2.499351,2.745669,1.178703,2.403583,2.999113,0.17819,0.483654,508,1,0.907827,0.430233,0.93098,7326,156798,74.600046,5.048972,5.048972,1.069092,AXIS_NEAR_ISOTROPIC,64.719461,-4.831613,4.831613,1.217638,AXIS_RESOLVED,64.719461,-4.831613,4.831613,1.217638,AXIS_RESOLVED,TOP_COMPONENTS_TO_80_PERCENT_ENERGY,DOMINANT_COMPONENT_AXIS_ONLY,74.600046,64.719461,64.719461,65.600651,65.81801,65.81801,SAME_COMPONENT_PERSISTENT,PARTIAL_SUPPORT_BELOW_ENVELOPE,0.500649,0.096417,0,0
WGV35A_PAIR_0209_S2A_029,WGV35A_PAIR_0209,324,PV_GM19_SILVER_MPV_NEAR_FIELD,238,counterfactual,single_boundary_shift,azimuth_right,right_outward,0.15,0,0,0,azimuth_right,,SAR_MASK_S1_PARTIALLY_CENSORED_CENTER_INSIDE,SAR_MASK_S1_PARTIALLY_CENSORED_CENTER_INSIDE;bottom_near_range_mask;center_semantics_mask_censored_or_unconfirmed;bbox_bottom_within_110px_of_near_range_mask;observed_box_may_be_masked_response_center_not_full_vehicle_center,REAL_SAR_GRAY_REMEASURED,false,BASE_REGION_FROZEN_BACKGROUND,PERTURBED_LOCAL_RING_BACKGROUND,51,45,178055,9.726061,5.911742,1.645211,247671,COUNTERFACTUAL_BACKGROUND_SENSITIVE,18307,1.446358,2.508999,2.742378,1.230553,2.517178,3.145189,0.219776,0.374803,559,1,0.907046,0.418692,0.929505,7665,161504,99.338143,27.589963,27.589963,1.063875,AXIS_NEAR_ISOTROPIC,72.575633,0.827453,0.827453,1.160718,AXIS_NEAR_ISOTROPIC,72.575633,0.827453,0.827453,1.160718,AXIS_NEAR_ISOTROPIC,TOP_COMPONENTS_TO_80_PERCENT_ENERGY,NO_RESOLVED_AXIS_EVIDENCE,80.661857,72.575633,72.575633,43.05966,69.82217,69.82217,SAME_COMPONENT_PERSISTENT,PARTIAL_SUPPORT_BELOW_ENVELOPE,0.091001,0.482822,0,0
WGV35A_PAIR_0209_S2A_030,WGV35A_PAIR_0209,324,PV_GM19_SILVER_MPV_NEAR_FIELD,238,counterfactual,single_boundary_shift,range_near,near_outward,-0.3,0,0,0,range_near,,SAR_MASK_S1_PARTIALLY_CENSORED_CENTER_INSIDE,SAR_MASK_S1_PARTIALLY_CENSORED_CENTER_INSIDE;bottom_near_range_mask;center_semantics_mask_censored_or_unconfirmed;bbox_bottom_within_110px_of_near_range_mask;observed_box_may_be_masked_response_center_not_full_vehicle_center,REAL_SAR_GRAY_REMEASURED,false,BASE_REGION_FROZEN_BACKGROUND,PERTURBED_LOCAL_RING_BACKGROUND,51,45,180366,9.381847,6.119403,1.533131,251998,COUNTERFACTUAL_BACKGROUND_SENSITIVE,19225,1.56437,2.55354,2.805926,1.202819,2.465237,3.075651,0.299446,0.445743,560,1,0.905481,0.410611,0.927653,7894,163318,72.465493,1.815818,1.815818,1.095231,AXIS_NEAR_ISOTROPIC,65.959428,-4.690247,4.690247,1.236811,AXIS_RESOLVED,65.959428,-4.690247,4.690247,1.236811,AXIS_RESOLVED,TOP_COMPONENTS_TO_80_PERCENT_ENERGY,DOMINANT_COMPONENT_AXIS_ONLY,72.465493,65.959428,65.959428,68.833805,65.959376,65.959376,COMPONENT_IDENTITY_SWITCH,PARTIAL_SUPPORT_BELOW_ENVELOPE,0.44646,0.034763,0,0
WGV35A_PAIR_0209_S2A_031,WGV35A_PAIR_0209,324,PV_GM19_SILVER_MPV_NEAR_FIELD,238,counterfactual,single_boundary_shift,range_near,near_inward,0.3,0,0,0,range_near,,SAR_MASK_S1_PARTIALLY_CENSORED_CENTER_INSIDE,SAR_MASK_S1_PARTIALLY_CENSORED_CENTER_INSIDE;bottom_near_range_mask;center_semantics_mask_censored_or_unconfirmed;bbox_bottom_within_110px_of_near_range_mask;observed_box_may_be_masked_response_center_not_full_vehicle_center,REAL_SAR_GRAY_REMEASURED,false,BASE_REGION_FROZEN_BACKGROUND,PERTURBED_LOCAL_RING_BACKGROUND,51,47,170926,10.573832,6.546693,1.615141,211639,BACKGROUND_STABLE,16165,1.368594,2.442328,2.678216,1.207681,2.467602,3.097402,0.102723,0.430512,480,1,0.918842,0.452954,0.942238,7322,157054,109.607007,38.957432,38.957432,1.046448,AXIS_NEAR_ISOTROPIC,72.552071,1.902496,1.902496,1.155688,AXIS_NEAR_ISOTROPIC,72.552071,1.902496,1.902496,1.155688,AXIS_NEAR_ISOTROPIC,TOP_COMPONENTS_TO_80_PERCENT_ENERGY,NO_RESOLVED_AXIS_EVIDENCE,70.392993,72.552071,72.552071,31.692191,68.747127,68.747127,COMPONENT_IDENTITY_SWITCH,PARTIAL_SUPPORT_BELOW_ENVELOPE,0.057673,0.532398,0,0
WGV35A_PAIR_0209_S2A_032,WGV35A_PAIR_0209,324,PV_GM19_SILVER_MPV_NEAR_FIELD,238,counterfactual,single_boundary_shift,range_far,far_inward,-0.3,0,0,0,range_far,,SAR_MASK_S1_PARTIALLY_CENSORED_CENTER_INSIDE,SAR_MASK_S1_PARTIALLY_CENSORED_CENTER_INSIDE;bottom_near_range_mask;center_semantics_mask_censored_or_unconfirmed;bbox_bottom_within_110px_of_near_range_mask;observed_box_may_be_masked_response_center_not_full_vehicle_center,REAL_SAR_GRAY_REMEASURED,false,BASE_REGION_FROZEN_BACKGROUND,PERTURBED_LOCAL_RING_BACKGROUND,51,46,154438,9.53792,5.4724,1.742913,204131,BACKGROUND_STABLE,16192,1.389813,2.260547,2.475533,1.145675,2.373412,3.039768,0.165831,0.424158,525,1,0.895751,0.400198,0.921645,6480,138338,141.146619,70.496943,70.496943,1.042967,AXIS_NEAR_ISOTROPIC,66.119763,-4.529913,4.529913,1.130484,AXIS_NEAR_ISOTROPIC,66.119763,-4.529913,4.529913,1.130484,AXIS_NEAR_ISOTROPIC,TOP_COMPONENTS_TO_80_PERCENT_ENERGY,NO_RESOLVED_AXIS_EVIDENCE,38.853381,66.119763,66.119763,0.15268,66.11971,66.11971,SAME_COMPONENT_PERSISTENT,PARTIAL_SUPPORT_BELOW_ENVELOPE,0.039453,0.626588,0,0
WGV35A_PAIR_0209_S2A_033,WGV35A_PAIR_0209,324,PV_GM19_SILVER_MPV_NEAR_FIELD,238,counterfactual,single_boundary_shift,range_far,far_outward,0.3,0,0,0,range_far,,SAR_MASK_S1_PARTIALLY_CENSORED_CENTER_INSIDE,SAR_MASK_S1_PARTIALLY_CENSORED_CENTER_INSIDE;bottom_near_range_mask;center_semantics_mask_censored_or_unconfirmed;bbox_bottom_within_110px_of_near_range_mask;observed_box_may_be_masked_response_center_not_full_vehicle_center,REAL_SAR_GRAY_REMEASURED,false,BASE_REGION_FROZEN_BACKGROUND,PERTURBED_LOCAL_RING_BACKGROUND,51,46,198386,10.285462,5.091992,2.019929,259916,BACKGROUND_STABLE,19288,1.477268,2.736167,3.005084,1.236832,2.507539,3.10195,0.241575,0.451012,562,1,0.917333,0.447117,0.937491,8624,181986,82.788477,12.138903,12.138903,1.139264,AXIS_NEAR_ISOTROPIC,72.304068,1.654493,1.654493,1.24223,AXIS_RESOLVED,72.304068,1.654493,1.654493,1.24223,AXIS_RESOLVED,TOP_COMPONENTS_TO_80_PERCENT_ENERGY,DOMINANT_COMPONENT_AXIS_ONLY,82.788477,72.304068,72.304068,58.51072,68.99513,68.99513,COMPONENT_IDENTITY_SWITCH,WITHIN_VEHICLE_PROJECTION_ENVELOPE,0.263833,0.092461,0,0
WGV35A_PAIR_0209_S2A_034,WGV35A_PAIR_0209,324,PV_GM19_SILVER_MPV_NEAR_FIELD,238,counterfactual,single_boundary_shift,azimuth_left,left_outward,-0.3,0,0,0,azimuth_left,,SAR_MASK_S1_PARTIALLY_CENSORED_CENTER_INSIDE,SAR_MASK_S1_PARTIALLY_CENSORED_CENTER_INSIDE;bottom_near_range_mask;center_semantics_mask_censored_or_unconfirmed;bbox_bottom_within_110px_of_near_range_mask;observed_box_may_be_masked_response_center_not_full_vehicle_center,REAL_SAR_GRAY_REMEASURED,false,BASE_REGION_FROZEN_BACKGROUND,PERTURBED_LOCAL_RING_BACKGROUND,51,45,176355,9.333422,5.992179,1.557601,244948,COUNTERFACTUAL_BACKGROUND_SENSITIVE,18895,1.49493,2.515282,2.767132,1.205002,2.460661,3.100288,0.183766,0.589276,548,1,0.907431,0.398677,0.930107,7533,160030,88.515506,20.06233,20.06233,1.060834,AXIS_NEAR_ISOTROPIC,68.880158,0.426982,0.426982,1.182545,AXIS_NEAR_ISOTROPIC,68.880158,0.426982,0.426982,1.182545,AXIS_NEAR_ISOTROPIC,TOP_COMPONENTS_TO_80_PERCENT_ENERGY,NO_RESOLVED_AXIS_EVIDENCE,88.515506,68.880158,68.880158,50.587293,70.222641,70.222641,SAME_COMPONENT_PERSISTENT,PARTIAL_SUPPORT_BELOW_ENVELOPE,0.484718,0.039339,0,0
WGV35A_PAIR_0209_S2A_035,WGV35A_PAIR_0209,324,PV_GM19_SILVER_MPV_NEAR_FIELD,238,counterfactual,single_boundary_shift,azimuth_left,left_inward,0.3,0,0,0,azimuth_left,,SAR_MASK_S1_PARTIALLY_CENSORED_CENTER_INSIDE,SAR_MASK_S1_PARTIALLY_CENSORED_CENTER_INSIDE;bottom_near_range_mask;center_semantics_mask_censored_or_unconfirmed;bbox_bottom_within_110px_of_near_range_mask;observed_box_may_be_masked_response_center_not_full_vehicle_center,REAL_SAR_GRAY_REMEASURED,false,BASE_REGION_FROZEN_BACKGROUND,PERTURBED_LOCAL_RING_BACKGROUND,51,47.5,174725,10.574014,6.769076,1.562106,211675,BACKGROUND_STABLE,16524,1.478906,2.493963,2.734918,1.212865,2.446872,3.045268,0.212847,0.287467,503,1,0.911604,0.454006,0.934114,7502,159280,85.36456,12.518494,12.518494,1.074491,AXIS_NEAR_ISOTROPIC,69.313636,-3.532429,3.532429,1.179044,AXIS_NEAR_ISOTROPIC,69.313636,-3.532429,3.532429,1.179044,AXIS_NEAR_ISOTROPIC,TOP_COMPONENTS_TO_80_PERCENT_ENERGY,NO_RESOLVED_AXIS_EVIDENCE,85.36456,69.313636,69.313636,58.131129,67.117194,67.117194,SAME_COMPONENT_PERSISTENT,PARTIAL_SUPPORT_BELOW_ENVELOPE,0.506037,0.053128,0,0
WGV35A_PAIR_0209_S2A_036,WGV35A_PAIR_0209,324,PV_GM19_SILVER_MPV_NEAR_FIELD,238,counterfactual,single_boundary_shift,azimuth_right,right_inward,-0.3,0,0,0,azimuth_right,,SAR_MASK_S1_PARTIALLY_CENSORED_CENTER_INSIDE,SAR_MASK_S1_PARTIALLY_CENSORED_CENTER_INSIDE;bottom_near_range_mask;center_semantics_mask_censored_or_unconfirmed;bbox_bottom_within_110px_of_near_range_mask;observed_box_may_be_masked_response_center_not_full_vehicle_center,REAL_SAR_GRAY_REMEASURED,false,BASE_REGION_FROZEN_BACKGROUND,PERTURBED_LOCAL_RING_BACKGROUND,51,47,169171,10.267723,7.232932,1.41958,210134,BACKGROUND_STABLE,16476,1.577923,2.5106,2.76401,1.133277,2.323422,2.890607,0.163062,0.524457,495,1,0.910818,0.435057,0.934457,7168,154084,67.223722,-1.229454,1.229454,1.101859,AXIS_NEAR_ISOTROPIC,62.082323,-6.370854,6.370854,1.269339,AXIS_RESOLVED,62.082323,-6.370854,6.370854,1.269339,AXIS_RESOLVED,TOP_COMPONENTS_TO_80_PERCENT_ENERGY,DOMINANT_COMPONENT_AXIS_ONLY,67.223722,62.082323,62.082323,69.420169,64.278769,64.278769,SAME_COMPONENT_PERSISTENT,PARTIAL_SUPPORT_BELOW_ENVELOPE,0.4894,0.076578,0,0
WGV35A_PAIR_0209_S2A_037,WGV35A_PAIR_0209,324,PV_GM19_SILVER_MPV_NEAR_FIELD,238,counterfactual,single_boundary_shift,azimuth_right,right_outward,0.3,0,0,0,azimuth_right,,SAR_MASK_S1_PARTIALLY_CENSORED_CENTER_INSIDE,SAR_MASK_S1_PARTIALLY_CENSORED_CENTER_INSIDE;bottom_near_range_mask;center_semantics_mask_censored_or_unconfirmed;bbox_bottom_within_110px_of_near_range_mask;observed_box_may_be_masked_response_center_not_full_vehicle_center,REAL_SAR_GRAY_REMEASURED,false,BASE_REGION_FROZEN_BACKGROUND,PERTURBED_LOCAL_RING_BACKGROUND,51,45,177571,9.473485,6.109328,1.550659,247776,COUNTERFACTUAL_BACKGROUND_SENSITIVE,18744,1.450241,2.485778,2.724612,1.246137,2.550863,3.199631,0.220342,0.303958,581,1,0.904855,0.408344,0.927376,7654,160676,108.269941,35.423875,35.423875,1.060465,AXIS_NEAR_ISOTROPIC,73.317563,0.471497,0.471497,1.146206,AXIS_NEAR_ISOTROPIC,73.317563,0.471497,0.471497,1.146206,AXIS_NEAR_ISOTROPIC,TOP_COMPONENTS_TO_80_PERCENT_ENERGY,NO_RESOLVED_AXIS_EVIDENCE,71.730059,73.317563,73.317563,35.225748,70.178126,70.178126,SAME_COMPONENT_PERSISTENT,PARTIAL_SUPPORT_BELOW_ENVELOPE,0.014222,0.449137,0,0
WGV35A_PAIR_0209_S2A_038,WGV35A_PAIR_0209,324,PV_GM19_SILVER_MPV_NEAR_FIELD,238,counterfactual,scale_resize,range,resize,-0.15,0,0,0,,range,SAR_MASK_S1_PARTIALLY_CENSORED_CENTER_INSIDE,SAR_MASK_S1_PARTIALLY_CENSORED_CENTER_INSIDE;bottom_near_range_mask;center_semantics_mask_censored_or_unconfirmed;bbox_bottom_within_110px_of_near_range_mask;observed_box_may_be_masked_response_center_not_full_vehicle_center,REAL_SAR_GRAY_REMEASURED,false,BASE_REGION_FROZEN_BACKGROUND,PERTURBED_LOCAL_RING_BACKGROUND,51,46,169744,10.028595,6.322047,1.586289,222955,BACKGROUND_STABLE,16926,1.47593,2.428686,2.663376,1.202641,2.455298,3.086616,0.172321,0.431926,526,1,0.908232,0.427213,0.931791,7231,154167,102.633194,31.983571,31.983571,1.042682,AXIS_NEAR_ISOTROPIC,69.65967,-0.989953,0.989953,1.161045,AXIS_NEAR_ISOTROPIC,69.65967,-0.989953,0.989953,1.161045,AXIS_NEAR_ISOTROPIC,TOP_COMPONENTS_TO_80_PERCENT_ENERGY,NO_RESOLVED_AXIS_EVIDENCE,77.366806,69.65967,69.65967,38.666052,69.65967,69.65967,SAME_COMPONENT_PERSISTENT,PARTIAL_SUPPORT_BELOW_ENVELOPE,0.071315,0.544702,0,0
WGV35A_PAIR_0209_S2A_039,WGV35A_PAIR_0209,324,PV_GM19_SILVER_MPV_NEAR_FIELD,238,counterfactual,scale_resize,range,resize,0.15,0,0,0,,range,SAR_MASK_S1_PARTIALLY_CENSORED_CENTER_INSIDE,SAR_MASK_S1_PARTIALLY_CENSORED_CENTER_INSIDE;bottom_near_range_mask;center_semantics_mask_censored_or_unconfirmed;bbox_bottom_within_110px_of_near_range_mask;observed_box_may_be_masked_response_center_not_full_vehicle_center,REAL_SAR_GRAY_REMEASURED,false,BASE_REGION_FROZEN_BACKGROUND,PERTURBED_LOCAL_RING_BACKGROUND,51,45,183438,9.931673,5.203415,1.908683,254182,COUNTERFACTUAL_BACKGROUND_SENSITIVE,18470,1.437507,2.585723,2.814527,1.214096,2.47941,3.084077,0.23935,0.439862,550,1,0.910406,0.427558,0.932206,7897,167003,81.758344,11.108721,11.108721,1.091882,AXIS_NEAR_ISOTROPIC,68.517939,-2.131684,2.131684,1.213875,AXIS_RESOLVED,68.517939,-2.131684,2.131684,1.213875,AXIS_RESOLVED,TOP_COMPONENTS_TO_80_PERCENT_ENERGY,DOMINANT_COMPONENT_AXIS_ONLY,81.758344,68.517939,68.517939,59.540902,68.517939,68.517939,COMPONENT_IDENTITY_SWITCH,PARTIAL_SUPPORT_BELOW_ENVELOPE,0.414278,0.02059,0,0
WGV35A_PAIR_0209_S2A_040,WGV35A_PAIR_0209,324,PV_GM19_SILVER_MPV_NEAR_FIELD,238,counterfactual,scale_resize,azimuth,resize,-0.15,0,0,0,,azimuth,SAR_MASK_S1_PARTIALLY_CENSORED_CENTER_INSIDE,SAR_MASK_S1_PARTIALLY_CENSORED_CENTER_INSIDE;bottom_near_range_mask;center_semantics_mask_censored_or_unconfirmed;bbox_bottom_within_110px_of_near_range_mask;observed_box_may_be_masked_response_center_not_full_vehicle_center,REAL_SAR_GRAY_REMEASURED,false,BASE_REGION_FROZEN_BACKGROUND,PERTURBED_LOCAL_RING_BACKGROUND,51,47,174578,10.205659,6.541338,1.560179,217322,BACKGROUND_STABLE,17106,1.467821,2.500807,2.738036,1.200279,2.444019,3.052072,0.196637,0.423464,516,1,0.908287,0.434877,0.931194,7439,158567,82.223349,11.573726,11.573726,1.061154,AXIS_NEAR_ISOTROPIC,66.934383,-3.71524,3.71524,1.192175,AXIS_NEAR_ISOTROPIC,66.934383,-3.71524,3.71524,1.192175,AXIS_NEAR_ISOTROPIC,TOP_COMPONENTS_TO_80_PERCENT_ENERGY,NO_RESOLVED_AXIS_EVIDENCE,82.223349,66.934383,66.934383,59.075897,66.934383,66.934383,SAME_COMPONENT_PERSISTENT,PARTIAL_SUPPORT_BELOW_ENVELOPE,0.499193,0.055981,0,0
WGV35A_PAIR_0209_S2A_041,WGV35A_PAIR_0209,324,PV_GM19_SILVER_MPV_NEAR_FIELD,238,counterfactual,scale_resize,azimuth,resize,0.15,0,0,0,,azimuth,SAR_MASK_S1_PARTIALLY_CENSORED_CENTER_INSIDE,SAR_MASK_S1_PARTIALLY_CENSORED_CENTER_INSIDE;bottom_near_range_mask;center_semantics_mask_censored_or_unconfirmed;bbox_bottom_within_110px_of_near_range_mask;observed_box_may_be_masked_response_center_not_full_vehicle_center,REAL_SAR_GRAY_REMEASURED,false,BASE_REGION_FROZEN_BACKGROUND,PERTURBED_LOCAL_RING_BACKGROUND,51,46,176745,9.683596,6.018216,1.609048,232780,BACKGROUND_STABLE,18252,1.433276,2.502145,2.735674,1.222698,2.496083,3.130432,0.20927,0.445509,550,1,0.907715,0.416064,0.93034,7594,160434,97.470001,26.820378,26.820378,1.059442,AXIS_NEAR_ISOTROPIC,71.196915,0.547292,0.547292,1.164954,AXIS_NEAR_ISOTROPIC,71.196915,0.547292,0.547292,1.164954,AXIS_NEAR_ISOTROPIC,TOP_COMPONENTS_TO_80_PERCENT_ENERGY,NO_RESOLVED_AXIS_EVIDENCE,82.529999,71.196915,71.196915,43.829245,70.102331,70.102331,SAME_COMPONENT_PERSISTENT,PARTIAL_SUPPORT_BELOW_ENVELOPE,0.497855,0.003917,0,0
WGV35A_PAIR_0209_S2A_042,WGV35A_PAIR_0209,324,PV_GM19_SILVER_MPV_NEAR_FIELD,238,counterfactual,scale_resize,range,resize,-0.3,0,0,0,,range,SAR_MASK_S1_PARTIALLY_CENSORED_CENTER_INSIDE,SAR_MASK_S1_PARTIALLY_CENSORED_CENTER_INSIDE;bottom_near_range_mask;center_semantics_mask_censored_or_unconfirmed;bbox_bottom_within_110px_of_near_range_mask;observed_box_may_be_masked_response_center_not_full_vehicle_center,REAL_SAR_GRAY_REMEASURED,false,BASE_REGION_FROZEN_BACKGROUND,PERTURBED_LOCAL_RING_BACKGROUND,51,46,161453,10.022534,5.689157,1.761691,212025,BACKGROUND_STABLE,16109,1.50522,2.333514,2.566334,1.172997,2.405773,3.072621,0.128084,0.426502,515,1,0.908487,0.425228,0.933256,6850,146678,126.285215,55.635592,55.635592,1.04036,AXIS_NEAR_ISOTROPIC,69.7588,-0.890823,0.890823,1.144833,AXIS_NEAR_ISOTROPIC,69.7588,-0.890823,0.890823,1.144833,AXIS_NEAR_ISOTROPIC,TOP_COMPONENTS_TO_80_PERCENT_ENERGY,NO_RESOLVED_AXIS_EVIDENCE,53.714785,69.7588,69.7588,15.014031,69.7588,69.7588,SAME_COMPONENT_PERSISTENT,PARTIAL_SUPPORT_BELOW_ENVELOPE,0.066486,0.594227,0,0
WGV35A_PAIR_0209_S2A_043,WGV35A_PAIR_0209,324,PV_GM19_SILVER_MPV_NEAR_FIELD,238,counterfactual,scale_resize,range,resize,0.3,0,0,0,,range,SAR_MASK_S1_PARTIALLY_CENSORED_CENTER_INSIDE,SAR_MASK_S1_PARTIALLY_CENSORED_CENTER_INSIDE;bottom_near_range_mask;center_semantics_mask_censored_or_unconfirmed;bbox_bottom_within_110px_of_near_range_mask;observed_box_may_be_masked_response_center_not_full_vehicle_center,REAL_SAR_GRAY_REMEASURED,false,BASE_REGION_FROZEN_BACKGROUND,PERTURBED_LOCAL_RING_BACKGROUND,51,45,191608,9.906318,4.782156,2.071517,265650,COUNTERFACTUAL_BACKGROUND_SENSITIVE,19342,1.457881,2.668277,2.903144,1.226891,2.504507,3.10382,0.285706,0.451272,561,1,0.912472,0.430049,0.933343,8318,174837,79.18955,8.539927,8.539927,1.119837,AXIS_NEAR_ISOTROPIC,69.09639,-1.553233,1.553233,1.235534,AXIS_RESOLVED,69.09639,-1.553233,1.553233,1.235534,AXIS_RESOLVED,TOP_COMPONENTS_TO_80_PERCENT_ENERGY,DOMINANT_COMPONENT_AXIS_ONLY,79.18955,69.09639,69.09639,62.109696,69.09639,69.09639,COMPONENT_IDENTITY_SWITCH,PARTIAL_SUPPORT_BELOW_ENVELOPE,0.331723,0.095492,0,0
WGV35A_PAIR_0209_S2A_044,WGV35A_PAIR_0209,324,PV_GM19_SILVER_MPV_NEAR_FIELD,238,counterfactual,scale_resize,azimuth,resize,-0.3,0,0,0,,azimuth,SAR_MASK_S1_PARTIALLY_CENSORED_CENTER_INSIDE,SAR_MASK_S1_PARTIALLY_CENSORED_CENTER_INSIDE;bottom_near_range_mask;center_semantics_mask_censored_or_unconfirmed;bbox_bottom_within_110px_of_near_range_mask;observed_box_may_be_masked_response_center_not_full_vehicle_center,REAL_SAR_GRAY_REMEASURED,false,BASE_REGION_FROZEN_BACKGROUND,PERTURBED_LOCAL_RING_BACKGROUND,51,47,173115,10.443714,6.696593,1.559556,215173,BACKGROUND_STABLE,16576,1.502366,2.50687,2.745437,1.180575,2.399041,2.985697,0.190054,0.407838,498,1,0.908731,0.443412,0.931831,7350,157315,73.350188,2.700565,2.700565,1.079489,AXIS_NEAR_ISOTROPIC,64.49009,-6.159533,6.159533,1.220542,AXIS_RESOLVED,64.49009,-6.159533,6.159533,1.220542,AXIS_RESOLVED,TOP_COMPONENTS_TO_80_PERCENT_ENERGY,DOMINANT_COMPONENT_AXIS_ONLY,73.350188,64.49009,64.49009,67.949058,64.49009,64.49009,SAME_COMPONENT_PERSISTENT,PARTIAL_SUPPORT_BELOW_ENVELOPE,0.49313,0.000959,0,0
WGV35A_PAIR_0209_S2A_045,WGV35A_PAIR_0209,324,PV_GM19_SILVER_MPV_NEAR_FIELD,238,counterfactual,scale_resize,azimuth,resize,0.3,0,0,0,,azimuth,SAR_MASK_S1_PARTIALLY_CENSORED_CENTER_INSIDE,SAR_MASK_S1_PARTIALLY_CENSORED_CENTER_INSIDE;bottom_near_range_mask;center_semantics_mask_censored_or_unconfirmed;bbox_bottom_within_110px_of_near_range_mask;observed_box_may_be_masked_response_center_not_full_vehicle_center,REAL_SAR_GRAY_REMEASURED,false,BASE_REGION_FROZEN_BACKGROUND,PERTURBED_LOCAL_RING_BACKGROUND,51,45,177962,9.41847,5.831285,1.615162,247841,COUNTERFACTUAL_BACKGROUND_SENSITIVE,18895,1.430776,2.512263,2.742583,1.228584,2.513109,3.150136,0.210008,0.454083,562,1,0.906705,0.405398,0.929176,7660,161359,99.766114,29.11649,29.11649,1.064739,AXIS_NEAR_ISOTROPIC,72.768951,2.119328,2.119328,1.160664,AXIS_NEAR_ISOTROPIC,72.768951,2.119328,2.119328,1.160664,AXIS_NEAR_ISOTROPIC,TOP_COMPONENTS_TO_80_PERCENT_ENERGY,NO_RESOLVED_AXIS_EVIDENCE,80.233886,72.768951,72.768951,41.533133,68.530295,68.530295,SAME_COMPONENT_PERSISTENT,PARTIAL_SUPPORT_BELOW_ENVELOPE,0.087737,0.486891,0,0
WGV35A_PAIR_0209_S2A_046,WGV35A_PAIR_0209,324,PV_GM19_SILVER_MPV_NEAR_FIELD,238,counterfactual,local_region_rotation,gt_region,rotate,0,-30,0,0,,,SAR_MASK_S1_PARTIALLY_CENSORED_CENTER_INSIDE,SAR_MASK_S1_PARTIALLY_CENSORED_CENTER_INSIDE;bottom_near_range_mask;center_semantics_mask_censored_or_unconfirmed;bbox_bottom_within_110px_of_near_range_mask;observed_box_may_be_masked_response_center_not_full_vehicle_center,REAL_SAR_GRAY_REMEASURED,false,BASE_REGION_FROZEN_BACKGROUND,PERTURBED_LOCAL_RING_BACKGROUND,51,51,111295,10.935934,10.251323,1.066783,111295,BACKGROUND_STABLE,10177,0.904431,1.829904,2.070165,1.065838,2.138546,2.666091,0.022599,0.382901,325,1,0.892017,0.447087,0.927229,4550,99277,131.98446,61.334837,61.334837,1.358185,AXIS_RESOLVED,106.184442,35.534819,35.534819,1.357372,AXIS_RESOLVED,106.184442,35.534819,35.534819,1.357372,AXIS_RESOLVED,TOP_COMPONENTS_TO_80_PERCENT_ENERGY,MULTIPLE_AXIS_REPRESENTATIONS_CONFLICT,48.01554,73.815558,73.815558,9.314786,35.114804,35.114804,SAME_COMPONENT_PERSISTENT,PARTIAL_SUPPORT_BELOW_ENVELOPE,0.070096,0.861454,0,0
WGV35A_PAIR_0209_S2A_047,WGV35A_PAIR_0209,324,PV_GM19_SILVER_MPV_NEAR_FIELD,238,counterfactual,local_region_rotation,gt_region,rotate,0,-15,0,0,,,SAR_MASK_S1_PARTIALLY_CENSORED_CENTER_INSIDE,SAR_MASK_S1_PARTIALLY_CENSORED_CENTER_INSIDE;bottom_near_range_mask;center_semantics_mask_censored_or_unconfirmed;bbox_bottom_within_110px_of_near_range_mask;observed_box_may_be_masked_response_center_not_full_vehicle_center,REAL_SAR_GRAY_REMEASURED,false,BASE_REGION_FROZEN_BACKGROUND,PERTURBED_LOCAL_RING_BACKGROUND,51,50,114563,11.324931,7.29642,1.552122,120842,BACKGROUND_STABLE,10116,0.858922,1.786935,2.025679,1.038025,2.130968,2.848718,-0.131999,0.345343,301,1,0.873973,0.43535,0.907989,4404,100125,172.951593,-77.69803,77.69803,1.258979,AXIS_RESOLVED,73.421794,2.772171,2.772171,1.060155,AXIS_NEAR_ISOTROPIC,73.421794,2.772171,2.772171,1.060155,AXIS_NEAR_ISOTROPIC,TOP_COMPONENTS_TO_80_PERCENT_ENERGY,NO_RESOLVED_AXIS_EVIDENCE,7.048407,73.421794,73.421794,7.048407,67.877452,67.877452,SAME_COMPONENT_PERSISTENT,PARTIAL_SUPPORT_BELOW_ENVELOPE,0.013065,0.869032,0,0
WGV35A_PAIR_0209_S2A_048,WGV35A_PAIR_0209,324,PV_GM19_SILVER_MPV_NEAR_FIELD,238,counterfactual,local_region_rotation,gt_region,rotate,0,-10,0,0,,,SAR_MASK_S1_PARTIALLY_CENSORED_CENTER_INSIDE,SAR_MASK_S1_PARTIALLY_CENSORED_CENTER_INSIDE;bottom_near_range_mask;center_semantics_mask_censored_or_unconfirmed;bbox_bottom_within_110px_of_near_range_mask;observed_box_may_be_masked_response_center_not_full_vehicle_center,REAL_SAR_GRAY_REMEASURED,false,BASE_REGION_FROZEN_BACKGROUND,PERTURBED_LOCAL_RING_BACKGROUND,51,50,115012,11.42806,6.846479,1.669188,121313,BACKGROUND_STABLE,10064,0.86717,1.789297,2.052784,1.054382,2.172599,2.910053,-0.170833,0.335579,297,1,0.868796,0.436506,0.906314,4393,99922,0.662059,-69.987564,69.987564,1.3273,AXIS_RESOLVED,40.078933,-30.57069,30.57069,1.088174,AXIS_NEAR_ISOTROPIC,40.078933,-30.57069,30.57069,1.088174,AXIS_NEAR_ISOTROPIC,TOP_COMPONENTS_TO_80_PERCENT_ENERGY,NO_RESOLVED_AXIS_EVIDENCE,0.662059,40.078933,40.078933,0.662059,40.078933,40.078933,SAME_COMPONENT_PERSISTENT,PARTIAL_SUPPORT_BELOW_ENVELOPE,0.010703,0.827401,0,0
WGV35A_PAIR_0209_S2A_049,WGV35A_PAIR_0209,324,PV_GM19_SILVER_MPV_NEAR_FIELD,238,counterfactual,local_region_rotation,gt_region,rotate,0,-5,0,0,,,SAR_MASK_S1_PARTIALLY_CENSORED_CENTER_INSIDE,SAR_MASK_S1_PARTIALLY_CENSORED_CENTER_INSIDE;bottom_near_range_mask;center_semantics_mask_censored_or_unconfirmed;bbox_bottom_within_110px_of_near_range_mask;observed_box_may_be_masked_response_center_not_full_vehicle_center,REAL_SAR_GRAY_REMEASURED,false,BASE_REGION_FROZEN_BACKGROUND,PERTURBED_LOCAL_RING_BACKGROUND,51,51,117087,11.643496,6.685847,1.741514,117087,BACKGROUND_STABLE,10056,0.895652,1.831912,2.154727,1.081664,2.203759,2.953022,-0.158932,0.309222,302,1,0.859062,0.437649,0.907206,4401,100585,7.228875,-63.420748,63.420748,1.382918,AXIS_RESOLVED,37.35592,-33.293703,33.293703,1.16052,AXIS_NEAR_ISOTROPIC,37.35592,-33.293703,33.293703,1.16052,AXIS_NEAR_ISOTROPIC,TOP_COMPONENTS_TO_80_PERCENT_ENERGY,NO_RESOLVED_AXIS_EVIDENCE,7.228875,37.35592,37.35592,7.228875,37.35592,37.35592,SAME_COMPONENT_PERSISTENT,PARTIAL_SUPPORT_BELOW_ENVELOPE,0.068088,0.796241,0,0
WGV35A_PAIR_0209_S2A_050,WGV35A_PAIR_0209,324,PV_GM19_SILVER_MPV_NEAR_FIELD,238,counterfactual,local_region_rotation,gt_region,rotate,0,0,0,0,,,SAR_MASK_S1_PARTIALLY_CENSORED_CENTER_INSIDE,SAR_MASK_S1_PARTIALLY_CENSORED_CENTER_INSIDE;bottom_near_range_mask;center_semantics_mask_censored_or_unconfirmed;bbox_bottom_within_110px_of_near_range_mask;observed_box_may_be_masked_response_center_not_full_vehicle_center,REAL_SAR_GRAY_REMEASURED,false,BASE_REGION_FROZEN_BACKGROUND,PERTURBED_LOCAL_RING_BACKGROUND,51,51,118071,11.63605,7.253241,1.604255,118071,BACKGROUND_STABLE,10147,0.908132,1.896947,2.247398,1.077294,2.154234,2.898104,-0.153736,0.258199,303,1,0.895792,0.468513,0.929204,4754,105767,14.856047,-55.793576,55.793576,1.468573,AXIS_RESOLVED,31.89494,-38.754683,38.754683,1.622801,AXIS_RESOLVED,31.89494,-38.754683,38.754683,1.622801,AXIS_RESOLVED,TOP_COMPONENTS_TO_80_PERCENT_ENERGY,GLOBAL_AND_COMPONENT_AXIS_CONSISTENT,14.856047,31.89494,31.89494,14.856047,31.89494,31.89494,SAME_COMPONENT_PERSISTENT,PARTIAL_SUPPORT_BELOW_ENVELOPE,0.003052,0.845766,0,0
WGV35A_PAIR_0209_S2A_051,WGV35A_PAIR_0209,324,PV_GM19_SILVER_MPV_NEAR_FIELD,238,counterfactual,local_region_rotation,gt_region,rotate,0,5,0,0,,,SAR_MASK_S1_PARTIALLY_CENSORED_CENTER_INSIDE,SAR_MASK_S1_PARTIALLY_CENSORED_CENTER_INSIDE;bottom_near_range_mask;center_semantics_mask_censored_or_unconfirmed;bbox_bottom_within_110px_of_near_range_mask;observed_box_may_be_masked_response_center_not_full_vehicle_center,REAL_SAR_GRAY_REMEASURED,false,BASE_REGION_FROZEN_BACKGROUND,PERTURBED_LOCAL_RING_BACKGROUND,51,51,118043,11.738564,7.51833,1.561326,118043,BACKGROUND_STABLE,10056,0.92195,1.994835,2.356564,1.061291,2.105556,2.80998,-0.136883,0.212897,301,1,0.904103,0.475636,0.937404,4783,106723,21.629105,-49.020518,49.020518,1.612126,AXIS_RESOLVED,33.376052,-37.273571,37.273571,1.839766,AXIS_RESOLVED,33.376052,-37.273571,37.273571,1.839766,AXIS_RESOLVED,TOP_COMPONENTS_TO_80_PERCENT_ENERGY,GLOBAL_AND_COMPONENT_AXIS_CONSISTENT,21.629105,33.376052,33.376052,21.629105,33.376052,33.376052,SAME_COMPONENT_PERSISTENT,PARTIAL_SUPPORT_BELOW_ENVELOPE,0.005165,0.894444,0,0
WGV35A_PAIR_0209_S2A_052,WGV35A_PAIR_0209,324,PV_GM19_SILVER_MPV_NEAR_FIELD,238,counterfactual,local_region_rotation,gt_region,rotate,0,10,0,0,,,SAR_MASK_S1_PARTIALLY_CENSORED_CENTER_INSIDE,SAR_MASK_S1_PARTIALLY_CENSORED_CENTER_INSIDE;bottom_near_range_mask;center_semantics_mask_censored_or_unconfirmed;bbox_bottom_within_110px_of_near_range_mask;observed_box_may_be_masked_response_center_not_full_vehicle_center,REAL_SAR_GRAY_REMEASURED,false,BASE_REGION_FROZEN_BACKGROUND,PERTURBED_LOCAL_RING_BACKGROUND,51,52,119167,11.840918,7.49953,1.578888,113051,BACKGROUND_STABLE,10064,0.949055,2.137877,2.538029,1.050504,2.05737,2.624145,-0.114557,0.19025,312,1,0.908985,0.478637,0.941981,4817,108321,27.320159,-43.329464,43.329464,1.773478,AXIS_RESOLVED,35.256157,-35.393466,35.393466,2.080028,AXIS_RESOLVED,35.256157,-35.393466,35.393466,2.080028,AXIS_RESOLVED,TOP_COMPONENTS_TO_80_PERCENT_ENERGY,GLOBAL_AND_COMPONENT_AXIS_CONSISTENT,27.320159,35.256157,35.256157,27.320159,35.256157,35.256157,SAME_COMPONENT_PERSISTENT,PARTIAL_SUPPORT_BELOW_ENVELOPE,0.862123,0.04263,0,0
WGV35A_PAIR_0209_S2A_053,WGV35A_PAIR_0209,324,PV_GM19_SILVER_MPV_NEAR_FIELD,238,counterfactual,local_region_rotation,gt_region,rotate,0,15,0,0,,,SAR_MASK_S1_PARTIALLY_CENSORED_CENTER_INSIDE,SAR_MASK_S1_PARTIALLY_CENSORED_CENTER_INSIDE;bottom_near_range_mask;center_semantics_mask_censored_or_unconfirmed;bbox_bottom_within_110px_of_near_range_mask;observed_box_may_be_masked_response_center_not_full_vehicle_center,REAL_SAR_GRAY_REMEASURED,false,BASE_REGION_FROZEN_BACKGROUND,PERTURBED_LOCAL_RING_BACKGROUND,51,52,121664,12.026888,7.126969,1.687518,115468,BACKGROUND_STABLE,10116,1.007358,2.254976,2.748961,1.027416,1.961667,2.462069,-0.069117,0.196876,297,1,0.926478,0.496244,0.957276,5020,112719,33.250801,-37.398822,37.398822,1.959617,AXIS_RESOLVED,37.316973,-33.33265,33.33265,2.183357,AXIS_RESOLVED,37.316973,-33.33265,33.33265,2.183357,AXIS_RESOLVED,TOP_COMPONENTS_TO_80_PERCENT_ENERGY,GLOBAL_AND_COMPONENT_AXIS_CONSISTENT,33.250801,37.316973,37.316973,33.250801,37.316973,37.316973,SAME_COMPONENT_PERSISTENT,PARTIAL_SUPPORT_BELOW_ENVELOPE,0.745024,0.038333,0,0
WGV35A_PAIR_0209_S2A_054,WGV35A_PAIR_0209,324,PV_GM19_SILVER_MPV_NEAR_FIELD,238,counterfactual,local_region_rotation,gt_region,rotate,0,30,0,0,,,SAR_MASK_S1_PARTIALLY_CENSORED_CENTER_INSIDE,SAR_MASK_S1_PARTIALLY_CENSORED_CENTER_INSIDE;bottom_near_range_mask;center_semantics_mask_censored_or_unconfirmed;bbox_bottom_within_110px_of_near_range_mask;observed_box_may_be_masked_response_center_not_full_vehicle_center,REAL_SAR_GRAY_REMEASURED,false,BASE_REGION_FROZEN_BACKGROUND,PERTURBED_LOCAL_RING_BACKGROUND,51,51,127308,12.509384,6.547619,1.910524,127308,BACKGROUND_STABLE,10177,1.186284,2.489843,2.989221,0.932736,1.738926,2.20429,-0.002058,0.153593,301,1,0.963624,0.551734,0.970112,5615,122677,41.923071,-28.726552,28.726552,2.225749,AXIS_RESOLVED,43.015656,-27.633967,27.633967,2.316231,AXIS_RESOLVED,43.015656,-27.633967,27.633967,2.316231,AXIS_RESOLVED,TOP_COMPONENTS_TO_80_PERCENT_ENERGY,GLOBAL_AND_COMPONENT_AXIS_CONSISTENT,41.923071,43.015656,43.015656,41.923071,43.015656,43.015656,SAME_COMPONENT_PERSISTENT,PARTIAL_SUPPORT_BELOW_ENVELOPE,0.510157,0.061074,0,0
WGV35A_PAIR_0209_S2A_055,WGV35A_PAIR_0209,324,PV_GM19_SILVER_MPV_NEAR_FIELD,238,counterfactual,local_region_rotation,gt_region,rotate,0,90,0,0,,,SAR_MASK_S1_PARTIALLY_CENSORED_CENTER_INSIDE,SAR_MASK_S1_PARTIALLY_CENSORED_CENTER_INSIDE;bottom_near_range_mask;center_semantics_mask_censored_or_unconfirmed;bbox_bottom_within_110px_of_near_range_mask;observed_box_may_be_masked_response_center_not_full_vehicle_center,REAL_SAR_GRAY_REMEASURED,false,BASE_REGION_FROZEN_BACKGROUND,PERTURBED_LOCAL_RING_BACKGROUND,51,53,140394,13.836011,8.160185,1.695551,127123,BACKGROUND_STABLE,10147,1.704204,2.655305,3.052072,0.763751,1.539588,1.931315,0.310701,0.327007,232,1,0.96279,0.588943,0.972349,5976,135170,78.057636,7.408013,7.408013,1.827634,AXIS_RESOLVED,75.267399,4.617776,4.617776,1.833945,AXIS_RESOLVED,75.267399,4.617776,4.617776,1.833945,AXIS_RESOLVED,TOP_COMPONENTS_TO_80_PERCENT_ENERGY,GLOBAL_AND_COMPONENT_AXIS_CONSISTENT,78.057636,75.267399,75.267399,63.24161,66.031847,66.031847,SAME_COMPONENT_PERSISTENT,PARTIAL_SUPPORT_BELOW_ENVELOPE,0.344695,0.060412,0,0
WGV35A_PAIR_0209_S2A_056,WGV35A_PAIR_0209,324,PV_GM19_SILVER_MPV_NEAR_FIELD,238,matched_background,matched_background,deterministic_offset,control,0,0,3.6,0,,,SAR_MASK_S1_PARTIALLY_CENSORED_CENTER_INSIDE,SAR_MASK_S1_PARTIALLY_CENSORED_CENTER_INSIDE;bottom_near_range_mask;center_semantics_mask_censored_or_unconfirmed;bbox_bottom_within_110px_of_near_range_mask;observed_box_may_be_masked_response_center_not_full_vehicle_center,REAL_SAR_GRAY_REMEASURED,false,BASE_REGION_FROZEN_BACKGROUND,PERTURBED_LOCAL_RING_BACKGROUND,51,50,70270,6.875734,8.341935,0.824237,75313,BACKGROUND_STABLE,10220,0.658422,1.685169,2.224485,1.054874,1.976825,2.345462,0.038683,0.878362,246,2,0.644244,0.200391,0.913804,2048,45271,177.475638,-73.174033,73.174033,1.115688,AXIS_NEAR_ISOTROPIC,173.824929,-76.824742,76.824742,3.509464,AXIS_RESOLVED,76.705538,6.055867,6.055867,,AXIS_COMPONENT_LAYOUT_RESOLVED,TOP_COMPONENTS_TO_80_PERCENT_ENERGY,DOMINANT_COMPONENT_AXIS_ONLY,2.524362,6.175071,76.705538,2.52441,6.175119,64.593756,SAME_COMPONENT_PERSISTENT,PARTIAL_SUPPORT_BELOW_ENVELOPE,0.014831,1.023175,0,0
WGV35A_PAIR_0210_S2A_001,WGV35A_PAIR_0210,325,PV_GM19_SILVER_MPV_NEAR_FIELD,269,gt_original,gt_original,gt,original,0,0,0,0,,,SAR_MASK_S1_PARTIALLY_CENSORED_CENTER_INSIDE,SAR_MASK_S1_PARTIALLY_CENSORED_CENTER_INSIDE;bottom_near_range_mask;center_semantics_mask_censored_or_unconfirmed;bbox_bottom_within_110px_of_near_range_mask;observed_box_may_be_masked_response_center_not_full_vehicle_center,REAL_SAR_GRAY_REMEASURED,false,BASE_REGION_FROZEN_BACKGROUND,PERTURBED_LOCAL_RING_BACKGROUND,44,44,73448,6.942811,7.257589,0.956628,73448,BACKGROUND_STABLE,10579,1.311417,2.247369,2.77164,1.230353,2.199744,2.609512,-0.333983,-0.520081,284,1,0.944083,0.435769,0.95989,4610,69341,160.226146,41.801599,41.801599,1.719249,AXIS_RESOLVED,158.727041,40.302494,40.302494,1.640559,AXIS_RESOLVED,158.727041,40.302494,40.302494,1.640559,AXIS_RESOLVED,TOP_COMPONENTS_TO_80_PERCENT_ENERGY,GLOBAL_AND_COMPONENT_AXIS_CONSISTENT,19.773854,21.272959,21.272959,19.773755,21.27286,21.27286,SAME_COMPONENT_PERSISTENT,PARTIAL_SUPPORT_BELOW_ENVELOPE,0.752631,0.000256,0,0
WGV35A_PAIR_0210_S2A_002,WGV35A_PAIR_0210,325,PV_GM19_SILVER_MPV_NEAR_FIELD,269,counterfactual,center_shift,range,shift,-0.15,0,-0.15,0,,,SAR_MASK_S1_PARTIALLY_CENSORED_CENTER_INSIDE,SAR_MASK_S1_PARTIALLY_CENSORED_CENTER_INSIDE;bottom_near_range_mask;center_semantics_mask_censored_or_unconfirmed;bbox_bottom_within_110px_of_near_range_mask;observed_box_may_be_masked_response_center_not_full_vehicle_center,REAL_SAR_GRAY_REMEASURED,false,BASE_REGION_FROZEN_BACKGROUND,PERTURBED_LOCAL_RING_BACKGROUND,44,43,69782,6.596276,5.139732,1.283389,75484,BACKGROUND_STABLE,10579,1.304104,2.124423,2.595927,1.207101,2.154723,2.523829,-0.325955,-0.513963,294,2,0.872775,0.3696,0.940959,3910,60904,160.251664,41.826956,41.826956,1.852621,AXIS_RESOLVED,163.979311,45.554603,45.554603,1.495044,AXIS_RESOLVED,163.979311,45.554603,45.554603,1.495044,AXIS_RESOLVED,TOP_COMPONENTS_TO_80_PERCENT_ENERGY,GLOBAL_AND_COMPONENT_AXIS_CONSISTENT,19.748336,16.020689,16.020689,19.748398,16.020751,16.020751,SAME_COMPONENT_PERSISTENT,PARTIAL_SUPPORT_BELOW_ENVELOPE,0.075577,0.845277,0,0
WGV35A_PAIR_0210_S2A_003,WGV35A_PAIR_0210,325,PV_GM19_SILVER_MPV_NEAR_FIELD,269,counterfactual,center_shift,range,shift,0.15,0,0.15,0,,,SAR_MASK_S1_PARTIALLY_CENSORED_CENTER_INSIDE,SAR_MASK_S1_PARTIALLY_CENSORED_CENTER_INSIDE;bottom_near_range_mask;center_semantics_mask_censored_or_unconfirmed;bbox_bottom_within_110px_of_near_range_mask;observed_box_may_be_masked_response_center_not_full_vehicle_center,REAL_SAR_GRAY_REMEASURED,false,BASE_REGION_FROZEN_BACKGROUND,PERTURBED_LOCAL_RING_BACKGROUND,44,43,79302,7.546821,8.676233,0.869827,85441,BACKGROUND_STABLE,10508,1.115325,2.344891,2.838163,1.313594,2.37328,2.902862,-0.251479,-0.583019,270,1,0.94265,0.456985,0.95729,4802,74754,166.892879,48.468291,48.468291,1.479435,AXIS_RESOLVED,166.46997,48.045382,48.045382,1.373887,AXIS_RESOLVED,166.46997,48.045382,48.045382,1.373887,AXIS_RESOLVED,TOP_COMPONENTS_TO_80_PERCENT_ENERGY,GLOBAL_AND_COMPONENT_AXIS_CONSISTENT,13.107121,13.53003,13.53003,13.107063,13.529972,13.529972,COMPONENT_SPLIT_OR_MERGE,PARTIAL_SUPPORT_BELOW_ENVELOPE,0.055109,0.62672,0,0
WGV35A_PAIR_0210_S2A_004,WGV35A_PAIR_0210,325,PV_GM19_SILVER_MPV_NEAR_FIELD,269,counterfactual,center_shift,azimuth,shift,-0.15,0,0,-0.15,,,SAR_MASK_S1_PARTIALLY_CENSORED_CENTER_INSIDE,SAR_MASK_S1_PARTIALLY_CENSORED_CENTER_INSIDE;bottom_near_range_mask;center_semantics_mask_censored_or_unconfirmed;bbox_bottom_within_110px_of_near_range_mask;observed_box_may_be_masked_response_center_not_full_vehicle_center,REAL_SAR_GRAY_REMEASURED,false,BASE_REGION_FROZEN_BACKGROUND,PERTURBED_LOCAL_RING_BACKGROUND,44,44,76555,7.339885,8.760538,0.837835,76555,BACKGROUND_STABLE,10430,1.251748,2.280773,2.746262,1.30526,2.317096,2.724736,-0.250612,-0.428477,277,1,0.947776,0.459732,0.962942,4795,72557,161.796682,45.449546,45.449546,1.633627,AXIS_RESOLVED,160.554125,44.206989,44.206989,1.563757,AXIS_RESOLVED,160.554125,44.206989,44.206989,1.563757,AXIS_RESOLVED,TOP_COMPONENTS_TO_80_PERCENT_ENERGY,GLOBAL_AND_COMPONENT_AXIS_CONSISTENT,18.203318,19.445875,19.445875,16.125808,17.368365,17.368365,COMPONENT_SPLIT_OR_MERGE,PARTIAL_SUPPORT_BELOW_ENVELOPE,0.019227,0.682904,0,0
WGV35A_PAIR_0210_S2A_005,WGV35A_PAIR_0210,325,PV_GM19_SILVER_MPV_NEAR_FIELD,269,counterfactual,center_shift,azimuth,shift,0.15,0,0,0.15,,,SAR_MASK_S1_PARTIALLY_CENSORED_CENTER_INSIDE,SAR_MASK_S1_PARTIALLY_CENSORED_CENTER_INSIDE;bottom_near_range_mask;center_semantics_mask_censored_or_unconfirmed;bbox_bottom_within_110px_of_near_range_mask;observed_box_may_be_masked_response_center_not_full_vehicle_center,REAL_SAR_GRAY_REMEASURED,false,BASE_REGION_FROZEN_BACKGROUND,PERTURBED_LOCAL_RING_BACKGROUND,44,43,69536,6.617434,6.065022,1.091082,75144,BACKGROUND_STABLE,10508,1.280763,2.179816,2.738992,1.156402,2.099727,2.52045,-0.391205,-0.611274,289,2,0.855787,0.355253,0.9375,3733,59508,159.69466,39.192488,39.192488,1.753837,AXIS_RESOLVED,164.625866,44.123694,44.123694,1.360272,AXIS_RESOLVED,164.625866,44.123694,44.123694,1.360272,AXIS_RESOLVED,TOP_COMPONENTS_TO_80_PERCENT_ENERGY,GLOBAL_AND_COMPONENT_AXIS_CONSISTENT,20.30534,15.374134,15.374134,22.382866,17.45166,17.45166,SAME_COMPONENT_PERSISTENT,PARTIAL_SUPPORT_BELOW_ENVELOPE,0.820184,0.000273,0,0
WGV35A_PAIR_0210_S2A_006,WGV35A_PAIR_0210,325,PV_GM19_SILVER_MPV_NEAR_FIELD,269,counterfactual,center_shift,range,shift,-0.3,0,-0.3,0,,,SAR_MASK_S1_PARTIALLY_CENSORED_CENTER_INSIDE,SAR_MASK_S1_PARTIALLY_CENSORED_CENTER_INSIDE;bottom_near_range_mask;center_semantics_mask_censored_or_unconfirmed;bbox_bottom_within_110px_of_near_range_mask;observed_box_may_be_masked_response_center_not_full_vehicle_center,REAL_SAR_GRAY_REMEASURED,false,BASE_REGION_FROZEN_BACKGROUND,PERTURBED_LOCAL_RING_BACKGROUND,44,41,66220,6.301865,4.415695,1.427151,83698,BACKGROUND_STABLE,10508,1.30802,2.028816,2.347593,1.167396,2.107008,2.502061,-0.342845,-0.525917,301,1,0.906116,0.37343,0.935639,3924,60003,161.664082,43.239414,43.239414,1.944899,AXIS_RESOLVED,162.978738,44.554069,44.554069,1.68405,AXIS_RESOLVED,162.978738,44.554069,44.554069,1.68405,AXIS_RESOLVED,TOP_COMPONENTS_TO_80_PERCENT_ENERGY,GLOBAL_AND_COMPONENT_AXIS_CONSISTENT,18.335918,17.021262,17.021262,18.33594,17.021285,17.021285,SAME_COMPONENT_PERSISTENT,PARTIAL_SUPPORT_BELOW_ENVELOPE,0.071184,0.892992,0,0
WGV35A_PAIR_0210_S2A_007,WGV35A_PAIR_0210,325,PV_GM19_SILVER_MPV_NEAR_FIELD,269,counterfactual,center_shift,range,shift,0.3,0,0.3,0,,,SAR_MASK_S1_PARTIALLY_CENSORED_CENTER_INSIDE,SAR_MASK_S1_PARTIALLY_CENSORED_CENTER_INSIDE;bottom_near_range_mask;center_semantics_mask_censored_or_unconfirmed;bbox_bottom_within_110px_of_near_range_mask;observed_box_may_be_masked_response_center_not_full_vehicle_center,REAL_SAR_GRAY_REMEASURED,false,BASE_REGION_FROZEN_BACKGROUND,PERTURBED_LOCAL_RING_BACKGROUND,44,43,79596,7.523963,8.788839,0.856081,85887,BACKGROUND_STABLE,10579,0.96678,2.147149,2.708948,1.454479,2.56519,3.05315,-0.178343,-0.621233,271,1,0.938615,0.463654,0.953201,4905,74710,0.296552,61.871926,61.871926,1.465047,AXIS_RESOLVED,4.070453,65.645827,65.645827,1.364273,AXIS_RESOLVED,4.070453,65.645827,65.645827,1.364273,AXIS_RESOLVED,TOP_COMPONENTS_TO_80_PERCENT_ENERGY,GLOBAL_AND_COMPONENT_AXIS_CONSISTENT,0.296552,4.070453,4.070453,0.296572,4.070473,4.070473,COMPONENT_IDENTITY_SWITCH,PARTIAL_SUPPORT_BELOW_ENVELOPE,0.052851,0.43481,0,0
WGV35A_PAIR_0210_S2A_008,WGV35A_PAIR_0210,325,PV_GM19_SILVER_MPV_NEAR_FIELD,269,counterfactual,center_shift,azimuth,shift,-0.3,0,0,-0.3,,,SAR_MASK_S1_PARTIALLY_CENSORED_CENTER_INSIDE,SAR_MASK_S1_PARTIALLY_CENSORED_CENTER_INSIDE;bottom_near_range_mask;center_semantics_mask_censored_or_unconfirmed;bbox_bottom_within_110px_of_near_range_mask;observed_box_may_be_masked_response_center_not_full_vehicle_center,REAL_SAR_GRAY_REMEASURED,false,BASE_REGION_FROZEN_BACKGROUND,PERTURBED_LOCAL_RING_BACKGROUND,44,44,83108,7.855941,8.75,0.897822,83108,BACKGROUND_STABLE,10579,1.145891,2.292914,2.712801,1.420476,2.518645,3.07954,-0.125387,-0.38261,271,1,0.949536,0.481331,0.963505,5092,78914,169.164697,54.889522,54.889522,1.475454,AXIS_RESOLVED,169.155344,54.880169,54.880169,1.399494,AXIS_RESOLVED,169.155344,54.880169,54.880169,1.399494,AXIS_RESOLVED,TOP_COMPONENTS_TO_80_PERCENT_ENERGY,GLOBAL_AND_COMPONENT_AXIS_CONSISTENT,10.835303,10.844656,10.844656,6.685832,6.695185,6.695185,COMPONENT_SPLIT_OR_MERGE,PARTIAL_SUPPORT_BELOW_ENVELOPE,0.007086,0.481355,0,0
WGV35A_PAIR_0210_S2A_009,WGV35A_PAIR_0210,325,PV_GM19_SILVER_MPV_NEAR_FIELD,269,counterfactual,center_shift,azimuth,shift,0.3,0,0,0.3,,,SAR_MASK_S1_PARTIALLY_CENSORED_CENTER_INSIDE,SAR_MASK_S1_PARTIALLY_CENSORED_CENTER_INSIDE;bottom_near_range_mask;center_semantics_mask_censored_or_unconfirmed;bbox_bottom_within_110px_of_near_range_mask;observed_box_may_be_masked_response_center_not_full_vehicle_center,REAL_SAR_GRAY_REMEASURED,false,BASE_REGION_FROZEN_BACKGROUND,PERTURBED_LOCAL_RING_BACKGROUND,44,43,64216,6.070139,5.289732,1.147532,69484,BACKGROUND_STABLE,10579,1.228232,2.101123,2.639046,1.0632,2.002102,2.452949,-0.480206,-0.696207,296,2,0.868584,0.333964,0.935296,3533,55777,160.053196,37.479042,37.479042,1.798633,AXIS_RESOLVED,164.217543,41.643389,41.643389,1.435564,AXIS_RESOLVED,164.217543,41.643389,41.643389,1.435564,AXIS_RESOLVED,TOP_COMPONENTS_TO_80_PERCENT_ENERGY,GLOBAL_AND_COMPONENT_AXIS_CONSISTENT,19.946804,15.782457,15.782457,24.096312,19.931965,19.931965,SAME_COMPONENT_PERSISTENT,PARTIAL_SUPPORT_BELOW_ENVELOPE,0.898877,0.097898,0,0
WGV35A_PAIR_0210_S2A_010,WGV35A_PAIR_0210,325,PV_GM19_SILVER_MPV_NEAR_FIELD,269,counterfactual,center_shift,range,shift,-0.45,0,-0.45,0,,,SAR_MASK_S1_PARTIALLY_CENSORED_CENTER_INSIDE,SAR_MASK_S1_PARTIALLY_CENSORED_CENTER_INSIDE;bottom_near_range_mask;center_semantics_mask_censored_or_unconfirmed;bbox_bottom_within_110px_of_near_range_mask;observed_box_may_be_masked_response_center_not_full_vehicle_center,REAL_SAR_GRAY_REMEASURED,false,BASE_REGION_FROZEN_BACKGROUND,PERTURBED_LOCAL_RING_BACKGROUND,44,41,64505,6.097457,4.041518,1.508705,81751,BACKGROUND_STABLE,10579,1.232963,1.972392,2.288295,1.165481,2.074094,2.487259,-0.318587,-0.527569,304,1,0.922812,0.378958,0.940919,4009,59526,162.655934,44.231308,44.231308,2.032204,AXIS_RESOLVED,163.851945,45.427319,45.427319,1.811007,AXIS_RESOLVED,163.851945,45.427319,45.427319,1.811007,AXIS_RESOLVED,TOP_COMPONENTS_TO_80_PERCENT_ENERGY,GLOBAL_AND_COMPONENT_AXIS_CONSISTENT,17.344066,16.148055,16.148055,17.344046,16.148035,16.148035,SAME_COMPONENT_PERSISTENT,PARTIAL_SUPPORT_BELOW_ENVELOPE,0.027609,0.925906,0,0
WGV35A_PAIR_0210_S2A_011,WGV35A_PAIR_0210,325,PV_GM19_SILVER_MPV_NEAR_FIELD,269,counterfactual,center_shift,range,shift,0.45,0,0.45,0,,,SAR_MASK_S1_PARTIALLY_CENSORED_CENTER_INSIDE,SAR_MASK_S1_PARTIALLY_CENSORED_CENTER_INSIDE;bottom_near_range_mask;center_semantics_mask_censored_or_unconfirmed;bbox_bottom_within_110px_of_near_range_mask;observed_box_may_be_masked_response_center_not_full_vehicle_center,REAL_SAR_GRAY_REMEASURED,false,BASE_REGION_FROZEN_BACKGROUND,PERTURBED_LOCAL_RING_BACKGROUND,44,43,77682,7.343038,7.416071,0.990152,84028,BACKGROUND_STABLE,10579,0.92925,1.914575,2.441981,1.500192,2.578251,3.015186,-0.173867,-0.630241,273,1,0.932751,0.464789,0.950426,4917,72458,4.167042,65.742381,65.742381,1.535539,AXIS_RESOLVED,9.322122,70.89746,70.89746,1.437018,AXIS_RESOLVED,9.322122,70.89746,70.89746,1.437018,AXIS_RESOLVED,TOP_COMPONENTS_TO_80_PERCENT_ENERGY,GLOBAL_AND_COMPONENT_AXIS_CONSISTENT,4.167042,9.322122,9.322122,4.167027,9.322106,9.322106,COMPONENT_IDENTITY_SWITCH,PARTIAL_SUPPORT_BELOW_ENVELOPE,0.085425,0.421749,0,0
WGV35A_PAIR_0210_S2A_012,WGV35A_PAIR_0210,325,PV_GM19_SILVER_MPV_NEAR_FIELD,269,counterfactual,center_shift,azimuth,shift,-0.45,0,0,-0.45,,,SAR_MASK_S1_PARTIALLY_CENSORED_CENTER_INSIDE,SAR_MASK_S1_PARTIALLY_CENSORED_CENTER_INSIDE;bottom_near_range_mask;center_semantics_mask_censored_or_unconfirmed;bbox_bottom_within_110px_of_near_range_mask;observed_box_may_be_masked_response_center_not_full_vehicle_center,REAL_SAR_GRAY_REMEASURED,false,BASE_REGION_FROZEN_BACKGROUND,PERTURBED_LOCAL_RING_BACKGROUND,44,44,85947,8.124303,8.605803,0.944049,85947,BACKGROUND_STABLE,10579,1.022967,2.162681,2.586978,1.53932,2.741273,3.238148,-0.008522,-0.316188,269,1,0.952075,0.49447,0.965583,5231,81828,1.003596,68.789951,68.789951,1.45553,AXIS_RESOLVED,2.790748,70.577103,70.577103,1.398787,AXIS_RESOLVED,2.790748,70.577103,70.577103,1.398787,AXIS_RESOLVED,TOP_COMPONENTS_TO_80_PERCENT_ENERGY,GLOBAL_AND_COMPONENT_AXIS_CONSISTENT,1.003596,2.790748,2.790748,7.214597,9.001749,9.001749,COMPONENT_IDENTITY_SWITCH,WITHIN_VEHICLE_PROJECTION_ENVELOPE,0.037319,0.258727,0,0
WGV35A_PAIR_0210_S2A_013,WGV35A_PAIR_0210,325,PV_GM19_SILVER_MPV_NEAR_FIELD,269,counterfactual,center_shift,azimuth,shift,0.45,0,0,0.45,,,SAR_MASK_S1_PARTIALLY_CENSORED_CENTER_INSIDE,SAR_MASK_S1_PARTIALLY_CENSORED_CENTER_INSIDE;bottom_near_range_mask;center_semantics_mask_censored_or_unconfirmed;bbox_bottom_within_110px_of_near_range_mask;observed_box_may_be_masked_response_center_not_full_vehicle_center,REAL_SAR_GRAY_REMEASURED,false,BASE_REGION_FROZEN_BACKGROUND,PERTURBED_LOCAL_RING_BACKGROUND,44,43,56379,5.329332,6.906696,0.771618,61304,BACKGROUND_STABLE,10579,1.080225,2.001947,2.533596,0.928554,1.805957,2.3144,-0.468466,-0.722322,296,2,0.869366,0.310048,0.928803,3280,49014,159.534783,34.899114,34.899114,1.6993,AXIS_RESOLVED,162.734367,38.098698,38.098698,1.353949,AXIS_RESOLVED,162.734367,38.098698,38.098698,1.353949,AXIS_RESOLVED,TOP_COMPONENTS_TO_80_PERCENT_ENERGY,GLOBAL_AND_COMPONENT_AXIS_CONSISTENT,20.465217,17.265633,17.265633,26.67624,23.476656,23.476656,COMPONENT_SPLIT_OR_MERGE,PARTIAL_SUPPORT_BELOW_ENVELOPE,0.998053,0.094043,0,0
WGV35A_PAIR_0210_S2A_014,WGV35A_PAIR_0210,325,PV_GM19_SILVER_MPV_NEAR_FIELD,269,counterfactual,diagonal_center_shift,range+azimuth,shift,0.15,0,-0.15,-0.15,,,SAR_MASK_S1_PARTIALLY_CENSORED_CENTER_INSIDE,SAR_MASK_S1_PARTIALLY_CENSORED_CENTER_INSIDE;bottom_near_range_mask;center_semantics_mask_censored_or_unconfirmed;bbox_bottom_within_110px_of_near_range_mask;observed_box_may_be_masked_response_center_not_full_vehicle_center,REAL_SAR_GRAY_REMEASURED,false,BASE_REGION_FROZEN_BACKGROUND,PERTURBED_LOCAL_RING_BACKGROUND,44,43,73020,6.902354,5.749554,1.200503,78941,BACKGROUND_STABLE,10579,1.327999,2.15641,2.634406,1.26265,2.264596,2.618936,-0.268203,-0.404389,287,2,0.865051,0.383874,0.942865,4061,63166,159.984893,43.715729,43.715729,1.811276,AXIS_RESOLVED,164.430628,48.161465,48.161465,1.441401,AXIS_RESOLVED,164.430628,48.161465,48.161465,1.441401,AXIS_RESOLVED,TOP_COMPONENTS_TO_80_PERCENT_ENERGY,GLOBAL_AND_COMPONENT_AXIS_CONSISTENT,20.015107,15.569372,15.569372,17.859625,13.413889,13.413889,SAME_COMPONENT_PERSISTENT,PARTIAL_SUPPORT_BELOW_ENVELOPE,0.04359,0.735404,0,0
WGV35A_PAIR_0210_S2A_015,WGV35A_PAIR_0210,325,PV_GM19_SILVER_MPV_NEAR_FIELD,269,counterfactual,diagonal_center_shift,range+azimuth,shift,0.15,0,-0.15,0.15,,,SAR_MASK_S1_PARTIALLY_CENSORED_CENTER_INSIDE,SAR_MASK_S1_PARTIALLY_CENSORED_CENTER_INSIDE;bottom_near_range_mask;center_semantics_mask_censored_or_unconfirmed;bbox_bottom_within_110px_of_near_range_mask;observed_box_may_be_masked_response_center_not_full_vehicle_center,REAL_SAR_GRAY_REMEASURED,false,BASE_REGION_FROZEN_BACKGROUND,PERTURBED_LOCAL_RING_BACKGROUND,44,43,66077,6.246054,4.86875,1.282886,71529,BACKGROUND_STABLE,10579,1.278483,2.073296,2.4748,1.128187,2.048611,2.464207,-0.417895,-0.62083,296,2,0.886708,0.355894,0.937421,3765,58591,160.748918,40.168662,40.168662,1.877405,AXIS_RESOLVED,163.027768,42.447512,42.447512,1.561433,AXIS_RESOLVED,163.027768,42.447512,42.447512,1.561433,AXIS_RESOLVED,TOP_COMPONENTS_TO_80_PERCENT_ENERGY,GLOBAL_AND_COMPONENT_AXIS_CONSISTENT,19.251082,16.972232,16.972232,21.406692,19.127842,19.127842,SAME_COMPONENT_PERSISTENT,PARTIAL_SUPPORT_BELOW_ENVELOPE,0.926704,0.051389,0,0
WGV35A_PAIR_0210_S2A_016,WGV35A_PAIR_0210,325,PV_GM19_SILVER_MPV_NEAR_FIELD,269,counterfactual,diagonal_center_shift,range+azimuth,shift,0.15,0,0.15,-0.15,,,SAR_MASK_S1_PARTIALLY_CENSORED_CENTER_INSIDE,SAR_MASK_S1_PARTIALLY_CENSORED_CENTER_INSIDE;bottom_near_range_mask;center_semantics_mask_censored_or_unconfirmed;bbox_bottom_within_110px_of_near_range_mask;observed_box_may_be_masked_response_center_not_full_vehicle_center,REAL_SAR_GRAY_REMEASURED,false,BASE_REGION_FROZEN_BACKGROUND,PERTURBED_LOCAL_RING_BACKGROUND,44,44,83827,7.923906,8.421429,0.940922,83827,BACKGROUND_STABLE,10579,1.011838,2.240227,2.734796,1.469423,2.62988,3.165344,-0.140035,-0.545589,268,1,0.945244,0.477833,0.959094,5055,79237,178.088117,61.668283,61.668283,1.454487,AXIS_RESOLVED,0.553989,64.134156,64.134156,1.364564,AXIS_RESOLVED,0.553989,64.134156,64.134156,1.364564,AXIS_RESOLVED,TOP_COMPONENTS_TO_80_PERCENT_ENERGY,GLOBAL_AND_COMPONENT_AXIS_CONSISTENT,1.911883,0.553989,0.553989,0.092929,2.558802,2.558802,COMPONENT_IDENTITY_SWITCH,PARTIAL_SUPPORT_BELOW_ENVELOPE,0.059773,0.37012,0,0
WGV35A_PAIR_0210_S2A_017,WGV35A_PAIR_0210,325,PV_GM19_SILVER_MPV_NEAR_FIELD,269,counterfactual,diagonal_center_shift,range+azimuth,shift,0.15,0,0.15,0.15,,,SAR_MASK_S1_PARTIALLY_CENSORED_CENTER_INSIDE,SAR_MASK_S1_PARTIALLY_CENSORED_CENTER_INSIDE;bottom_near_range_mask;center_semantics_mask_censored_or_unconfirmed;bbox_bottom_within_110px_of_near_range_mask;observed_box_may_be_masked_response_center_not_full_vehicle_center,REAL_SAR_GRAY_REMEASURED,false,BASE_REGION_FROZEN_BACKGROUND,PERTURBED_LOCAL_RING_BACKGROUND,44,44,73120,6.911806,7.808036,0.885217,73120,BACKGROUND_STABLE,10579,1.244298,2.315034,2.856759,1.18539,2.145382,2.598694,-0.389965,-0.621933,278,1,0.942847,0.425276,0.958725,4499,68941,159.66455,39.235205,39.235205,1.619054,AXIS_RESOLVED,157.749942,37.320597,37.320597,1.532907,AXIS_RESOLVED,157.749942,37.320597,37.320597,1.532907,AXIS_RESOLVED,TOP_COMPONENTS_TO_80_PERCENT_ENERGY,GLOBAL_AND_COMPONENT_AXIS_CONSISTENT,20.33545,22.250058,22.250058,22.340149,24.254757,24.254757,COMPONENT_SPLIT_OR_MERGE,PARTIAL_SUPPORT_BELOW_ENVELOPE,0.684966,0.054618,0,0
WGV35A_PAIR_0210_S2A_018,WGV35A_PAIR_0210,325,PV_GM19_SILVER_MPV_NEAR_FIELD,269,counterfactual,diagonal_center_shift,range+azimuth,shift,0.3,0,-0.3,-0.3,,,SAR_MASK_S1_PARTIALLY_CENSORED_CENTER_INSIDE,SAR_MASK_S1_PARTIALLY_CENSORED_CENTER_INSIDE;bottom_near_range_mask;center_semantics_mask_censored_or_unconfirmed;bbox_bottom_within_110px_of_near_range_mask;observed_box_may_be_masked_response_center_not_full_vehicle_center,REAL_SAR_GRAY_REMEASURED,false,BASE_REGION_FROZEN_BACKGROUND,PERTURBED_LOCAL_RING_BACKGROUND,44,43,71251,6.780643,4.88565,1.387869,77123,BACKGROUND_STABLE,10508,1.337296,2.07711,2.515938,1.285575,2.287864,2.662359,-0.196384,-0.271122,288,2,0.877054,0.389703,0.943818,4095,62491,160.143231,46.191268,46.191268,1.891957,AXIS_RESOLVED,163.562938,49.610974,49.610974,1.556938,AXIS_RESOLVED,163.562938,49.610974,49.610974,1.556938,AXIS_RESOLVED,TOP_COMPONENTS_TO_80_PERCENT_ENERGY,GLOBAL_AND_COMPONENT_AXIS_CONSISTENT,19.856769,16.437062,16.437062,15.384086,11.96438,11.96438,SAME_COMPONENT_PERSISTENT,PARTIAL_SUPPORT_BELOW_ENVELOPE,0.02289,0.712136,0,0
WGV35A_PAIR_0210_S2A_019,WGV35A_PAIR_0210,325,PV_GM19_SILVER_MPV_NEAR_FIELD,269,counterfactual,diagonal_center_shift,range+azimuth,shift,0.3,0,-0.3,0.3,,,SAR_MASK_S1_PARTIALLY_CENSORED_CENTER_INSIDE,SAR_MASK_S1_PARTIALLY_CENSORED_CENTER_INSIDE;bottom_near_range_mask;center_semantics_mask_censored_or_unconfirmed;bbox_bottom_within_110px_of_near_range_mask;observed_box_may_be_masked_response_center_not_full_vehicle_center,REAL_SAR_GRAY_REMEASURED,false,BASE_REGION_FROZEN_BACKGROUND,PERTURBED_LOCAL_RING_BACKGROUND,44,41,61332,5.797523,4.396429,1.318689,77583,BACKGROUND_STABLE,10579,1.294798,2.010491,2.317003,1.035839,1.935173,2.367714,-0.469791,-0.729686,300,1,0.919455,0.351262,0.938499,3716,56392,162.272503,39.375116,39.375116,1.950163,AXIS_RESOLVED,163.201721,40.304334,40.304334,1.712244,AXIS_RESOLVED,163.201721,40.304334,40.304334,1.712244,AXIS_RESOLVED,TOP_COMPONENTS_TO_80_PERCENT_ENERGY,GLOBAL_AND_COMPONENT_AXIS_CONSISTENT,17.727497,16.798279,16.798279,22.200238,21.27102,21.27102,SAME_COMPONENT_PERSISTENT,PARTIAL_SUPPORT_BELOW_ENVELOPE,0.989509,0.064827,0,0
WGV35A_PAIR_0210_S2A_020,WGV35A_PAIR_0210,325,PV_GM19_SILVER_MPV_NEAR_FIELD,269,counterfactual,diagonal_center_shift,range+azimuth,shift,0.3,0,0.3,-0.3,,,SAR_MASK_S1_PARTIALLY_CENSORED_CENTER_INSIDE,SAR_MASK_S1_PARTIALLY_CENSORED_CENTER_INSIDE;bottom_near_range_mask;center_semantics_mask_censored_or_unconfirmed;bbox_bottom_within_110px_of_near_range_mask;observed_box_may_be_masked_response_center_not_full_vehicle_center,REAL_SAR_GRAY_REMEASURED,false,BASE_REGION_FROZEN_BACKGROUND,PERTURBED_LOCAL_RING_BACKGROUND,44,44,84694,8.005861,6.670982,1.200102,84694,BACKGROUND_STABLE,10579,0.85836,1.789628,2.29772,1.651788,2.868636,3.247841,-0.010021,-0.511422,267,1,0.940905,0.498724,0.955392,5276,79689,8.131107,73.576073,73.576073,1.678702,AXIS_RESOLVED,11.835579,77.280546,77.280546,1.610687,AXIS_RESOLVED,11.835579,77.280546,77.280546,1.610687,AXIS_RESOLVED,TOP_COMPONENTS_TO_80_PERCENT_ENERGY,GLOBAL_AND_COMPONENT_AXIS_CONSISTENT,8.131107,11.835579,11.835579,12.000719,15.705192,15.705192,SAME_COMPONENT_PERSISTENT,WITHIN_VEHICLE_PROJECTION_ENVELOPE,0.010372,0.131364,0,0
WGV35A_PAIR_0210_S2A_021,WGV35A_PAIR_0210,325,PV_GM19_SILVER_MPV_NEAR_FIELD,269,counterfactual,diagonal_center_shift,range+azimuth,shift,0.3,0,0.3,0.3,,,SAR_MASK_S1_PARTIALLY_CENSORED_CENTER_INSIDE,SAR_MASK_S1_PARTIALLY_CENSORED_CENTER_INSIDE;bottom_near_range_mask;center_semantics_mask_censored_or_unconfirmed;bbox_bottom_within_110px_of_near_range_mask;observed_box_may_be_masked_response_center_not_full_vehicle_center,REAL_SAR_GRAY_REMEASURED,false,BASE_REGION_FROZEN_BACKGROUND,PERTURBED_LOCAL_RING_BACKGROUND,44,44,67213,6.353436,8.534822,0.744413,67213,BACKGROUND_STABLE,10579,1.02799,2.313637,2.834657,1.096164,2.105273,2.58326,-0.345498,-0.655937,275,1,0.933242,0.399943,0.950516,4231,62726,162.423425,40.129197,40.129197,1.406664,AXIS_RESOLVED,159.926937,37.632709,37.632709,1.291119,AXIS_RESOLVED,159.926937,37.632709,37.632709,1.291119,AXIS_RESOLVED,TOP_COMPONENTS_TO_80_PERCENT_ENERGY,GLOBAL_AND_COMPONENT_AXIS_CONSISTENT,17.576575,20.073063,20.073063,21.446157,23.942645,23.942645,COMPONENT_SPLIT_OR_MERGE,PARTIAL_SUPPORT_BELOW_ENVELOPE,0.686363,0.094727,0,0
WGV35A_PAIR_0210_S2A_022,WGV35A_PAIR_0210,325,PV_GM19_SILVER_MPV_NEAR_FIELD,269,counterfactual,single_boundary_shift,range_near,near_outward,-0.15,0,0,0,range_near,,SAR_MASK_S1_PARTIALLY_CENSORED_CENTER_INSIDE,SAR_MASK_S1_PARTIALLY_CENSORED_CENTER_INSIDE;bottom_near_range_mask;center_semantics_mask_censored_or_unconfirmed;bbox_bottom_within_110px_of_near_range_mask;observed_box_may_be_masked_response_center_not_full_vehicle_center,REAL_SAR_GRAY_REMEASURED,false,BASE_REGION_FROZEN_BACKGROUND,PERTURBED_LOCAL_RING_BACKGROUND,44,37,132412,5.908349,3.188848,1.852816,223071,COUNTERFACTUAL_BACKGROUND_SENSITIVE,22411,1.487827,2.993157,3.397091,1.442637,2.41995,2.93386,0.067574,-0.852845,514,1,0.947339,0.385927,0.956107,8649,125439,122.850083,4.425457,4.425457,1.175086,AXIS_NEAR_ISOTROPIC,117.425589,-0.999037,0.999037,1.205717,AXIS_RESOLVED,117.425589,-0.999037,0.999037,1.205717,AXIS_RESOLVED,TOP_COMPONENTS_TO_80_PERCENT_ENERGY,DOMINANT_COMPONENT_AXIS_ONLY,57.149917,62.574411,62.574411,57.149897,60.576317,60.576317,COMPONENT_IDENTITY_SWITCH,WITHIN_VEHICLE_PROJECTION_ENVELOPE,0.048272,0.032041,0,0
WGV35A_PAIR_0210_S2A_023,WGV35A_PAIR_0210,325,PV_GM19_SILVER_MPV_NEAR_FIELD,269,counterfactual,single_boundary_shift,range_near,near_inward,0.15,0,0,0,range_near,,SAR_MASK_S1_PARTIALLY_CENSORED_CENTER_INSIDE,SAR_MASK_S1_PARTIALLY_CENSORED_CENTER_INSIDE;bottom_near_range_mask;center_semantics_mask_censored_or_unconfirmed;bbox_bottom_within_110px_of_near_range_mask;observed_box_may_be_masked_response_center_not_full_vehicle_center,REAL_SAR_GRAY_REMEASURED,false,BASE_REGION_FROZEN_BACKGROUND,PERTURBED_LOCAL_RING_BACKGROUND,44,38,127262,6.097259,3.872797,1.574381,198690,COUNTERFACTUAL_BACKGROUND_SENSITIVE,20872,1.416427,2.863156,3.219897,1.473809,2.44616,2.961462,0.000552,-0.852262,498,1,0.945687,0.39105,0.95481,8162,120350,124.268381,5.843716,5.843716,1.099823,AXIS_NEAR_ISOTROPIC,116.006442,-2.418223,2.418223,1.126422,AXIS_NEAR_ISOTROPIC,116.006442,-2.418223,2.418223,1.126422,AXIS_NEAR_ISOTROPIC,TOP_COMPONENTS_TO_80_PERCENT_ENERGY,NO_RESOLVED_AXIS_EVIDENCE,55.731619,63.993558,63.993558,55.731638,59.157131,59.157131,COMPONENT_IDENTITY_SWITCH,WITHIN_VEHICLE_PROJECTION_ENVELOPE,0.136844,0.05384,0,0
WGV35A_PAIR_0210_S2A_024,WGV35A_PAIR_0210,325,PV_GM19_SILVER_MPV_NEAR_FIELD,269,counterfactual,single_boundary_shift,range_far,far_inward,-0.15,0,0,0,range_far,,SAR_MASK_S1_PARTIALLY_CENSORED_CENTER_INSIDE,SAR_MASK_S1_PARTIALLY_CENSORED_CENTER_INSIDE;bottom_near_range_mask;center_semantics_mask_censored_or_unconfirmed;bbox_bottom_within_110px_of_near_range_mask;observed_box_may_be_masked_response_center_not_full_vehicle_center,REAL_SAR_GRAY_REMEASURED,false,BASE_REGION_FROZEN_BACKGROUND,PERTURBED_LOCAL_RING_BACKGROUND,44,38,128218,6.113479,3.686424,1.658376,199229,COUNTERFACTUAL_BACKGROUND_SENSITIVE,20973,1.417384,2.874474,3.233218,1.446902,2.428919,2.938648,0.063755,-0.869295,482,1,0.955108,0.395985,0.964163,8305,122462,117.124308,-1.300318,1.300318,1.116654,AXIS_NEAR_ISOTROPIC,111.471629,-6.952997,6.952997,1.152867,AXIS_NEAR_ISOTROPIC,111.471629,-6.952997,6.952997,1.152867,AXIS_NEAR_ISOTROPIC,TOP_COMPONENTS_TO_80_PERCENT_ENERGY,NO_RESOLVED_AXIS_EVIDENCE,62.875692,68.528371,68.528371,60.275036,54.622357,54.622357,SAME_COMPONENT_PERSISTENT,WITHIN_VEHICLE_PROJECTION_ENVELOPE,0.125526,0.07108,0,0
WGV35A_PAIR_0210_S2A_025,WGV35A_PAIR_0210,325,PV_GM19_SILVER_MPV_NEAR_FIELD,269,counterfactual,single_boundary_shift,range_far,far_outward,0.15,0,0,0,range_far,,SAR_MASK_S1_PARTIALLY_CENSORED_CENTER_INSIDE,SAR_MASK_S1_PARTIALLY_CENSORED_CENTER_INSIDE;bottom_near_range_mask;center_semantics_mask_censored_or_unconfirmed;bbox_bottom_within_110px_of_near_range_mask;observed_box_may_be_masked_response_center_not_full_vehicle_center,REAL_SAR_GRAY_REMEASURED,false,BASE_REGION_FROZEN_BACKGROUND,PERTURBED_LOCAL_RING_BACKGROUND,44,38,133072,5.899105,3.401852,1.734086,209258,COUNTERFACTUAL_BACKGROUND_SENSITIVE,22558,1.49192,3.001342,3.413113,1.465537,2.453823,2.963378,-0.008288,-0.840399,534,1,0.939153,0.379644,0.949178,8564,124975,126.164403,7.739739,7.739739,1.16696,AXIS_NEAR_ISOTROPIC,119.280896,0.856232,0.856232,1.192121,AXIS_NEAR_ISOTROPIC,119.280896,0.856232,0.856232,1.192121,AXIS_NEAR_ISOTROPIC,TOP_COMPONENTS_TO_80_PERCENT_ENERGY,NO_RESOLVED_AXIS_EVIDENCE,53.835597,60.719104,60.719104,53.835615,60.719122,60.719122,COMPONENT_IDENTITY_SWITCH,WITHIN_VEHICLE_PROJECTION_ENVELOPE,0.040087,0,0,0.001831
WGV35A_PAIR_0210_S2A_026,WGV35A_PAIR_0210,325,PV_GM19_SILVER_MPV_NEAR_FIELD,269,counterfactual,single_boundary_shift,azimuth_left,left_outward,-0.15,0,0,0,azimuth_left,,SAR_MASK_S1_PARTIALLY_CENSORED_CENTER_INSIDE,SAR_MASK_S1_PARTIALLY_CENSORED_CENTER_INSIDE;bottom_near_range_mask;center_semantics_mask_censored_or_unconfirmed;bbox_bottom_within_110px_of_near_range_mask;observed_box_may_be_masked_response_center_not_full_vehicle_center,REAL_SAR_GRAY_REMEASURED,false,BASE_REGION_FROZEN_BACKGROUND,PERTURBED_LOCAL_RING_BACKGROUND,44,38,136010,6.098283,2.97885,2.047194,211718,COUNTERFACTUAL_BACKGROUND_SENSITIVE,22303,1.398517,2.931746,3.31044,1.510432,2.534348,3.072013,0.058449,-0.845534,520,1,0.9466,0.389454,0.955136,8686,128747,114.154663,-3.230651,3.230651,1.083741,AXIS_NEAR_ISOTROPIC,108.268403,-9.116911,9.116911,1.115742,AXIS_NEAR_ISOTROPIC,108.268403,-9.116911,9.116911,1.115742,AXIS_NEAR_ISOTROPIC,TOP_COMPONENTS_TO_80_PERCENT_ENERGY,NO_RESOLVED_AXIS_EVIDENCE,65.845337,71.731597,71.731597,58.344703,52.458443,52.458443,SAME_COMPONENT_PERSISTENT,WITHIN_VEHICLE_PROJECTION_ENVELOPE,0.068254,0.065652,0,0
WGV35A_PAIR_0210_S2A_027,WGV35A_PAIR_0210,325,PV_GM19_SILVER_MPV_NEAR_FIELD,269,counterfactual,single_boundary_shift,azimuth_left,left_inward,0.15,0,0,0,azimuth_left,,SAR_MASK_S1_PARTIALLY_CENSORED_CENTER_INSIDE,SAR_MASK_S1_PARTIALLY_CENSORED_CENTER_INSIDE;bottom_near_range_mask;center_semantics_mask_censored_or_unconfirmed;bbox_bottom_within_110px_of_near_range_mask;observed_box_may_be_masked_response_center_not_full_vehicle_center,REAL_SAR_GRAY_REMEASURED,false,BASE_REGION_FROZEN_BACKGROUND,PERTURBED_LOCAL_RING_BACKGROUND,44,38,124860,5.916694,3.686207,1.60509,196366,COUNTERFACTUAL_BACKGROUND_SENSITIVE,21103,1.526156,2.962259,3.342168,1.382645,2.338938,2.83334,-0.002761,-0.858184,488,1,0.946476,0.388523,0.955774,8199,118177,125.52116,6.057179,6.057179,1.213772,AXIS_RESOLVED,120.314355,0.850375,0.850375,1.245312,AXIS_RESOLVED,120.314355,0.850375,0.850375,1.245312,AXIS_RESOLVED,TOP_COMPONENTS_TO_80_PERCENT_ENERGY,GLOBAL_AND_COMPONENT_AXIS_CONSISTENT,54.47884,59.685645,59.685645,55.518175,60.724979,60.724979,COMPONENT_SPLIT_OR_MERGE,WITHIN_VEHICLE_PROJECTION_ENVELOPE,0.037741,0.061062,0,0
WGV35A_PAIR_0210_S2A_028,WGV35A_PAIR_0210,325,PV_GM19_SILVER_MPV_NEAR_FIELD,269,counterfactual,single_boundary_shift,azimuth_right,right_inward,-0.15,0,0,0,azimuth_right,,SAR_MASK_S1_PARTIALLY_CENSORED_CENTER_INSIDE,SAR_MASK_S1_PARTIALLY_CENSORED_CENTER_INSIDE;bottom_near_range_mask;center_semantics_mask_censored_or_unconfirmed;bbox_bottom_within_110px_of_near_range_mask;observed_box_may_be_masked_response_center_not_full_vehicle_center,REAL_SAR_GRAY_REMEASURED,false,BASE_REGION_FROZEN_BACKGROUND,PERTURBED_LOCAL_RING_BACKGROUND,44,38,130332,6.194487,3.682375,1.682199,203754,COUNTERFACTUAL_BACKGROUND_SENSITIVE,21040,1.452857,2.937154,3.312967,1.454778,2.424915,2.952622,0.044836,-0.774696,498,1,0.946368,0.400618,0.955276,8429,123342,123.175502,5.790187,5.790187,1.14313,AXIS_NEAR_ISOTROPIC,116.604407,-0.780908,0.780908,1.171894,AXIS_NEAR_ISOTROPIC,116.604407,-0.780908,0.780908,1.171894,AXIS_NEAR_ISOTROPIC,TOP_COMPONENTS_TO_80_PERCENT_ENERGY,NO_RESOLVED_AXIS_EVIDENCE,56.824498,63.395593,63.395593,55.785167,60.794446,60.794446,COMPONENT_IDENTITY_SWITCH,WITHIN_VEHICLE_PROJECTION_ENVELOPE,0.062846,0.075085,0,0
WGV35A_PAIR_0210_S2A_029,WGV35A_PAIR_0210,325,PV_GM19_SILVER_MPV_NEAR_FIELD,269,counterfactual,single_boundary_shift,azimuth_right,right_outward,0.15,0,0,0,azimuth_right,,SAR_MASK_S1_PARTIALLY_CENSORED_CENTER_INSIDE,SAR_MASK_S1_PARTIALLY_CENSORED_CENTER_INSIDE;bottom_near_range_mask;center_semantics_mask_censored_or_unconfirmed;bbox_bottom_within_110px_of_near_range_mask;observed_box_may_be_masked_response_center_not_full_vehicle_center,REAL_SAR_GRAY_REMEASURED,false,BASE_REGION_FROZEN_BACKGROUND,PERTURBED_LOCAL_RING_BACKGROUND,44,37,130355,5.81942,3.536296,1.645626,219292,COUNTERFACTUAL_BACKGROUND_SENSITIVE,22400,1.458468,2.942068,3.329619,1.454252,2.443912,2.949018,0.01373,-0.925378,505,1,0.9463,0.376384,0.955207,8431,123355,123.222831,3.758851,3.758851,1.142202,AXIS_NEAR_ISOTROPIC,116.603355,-2.860626,2.860626,1.172081,AXIS_NEAR_ISOTROPIC,116.603355,-2.860626,2.860626,1.172081,AXIS_NEAR_ISOTROPIC,TOP_COMPONENTS_TO_80_PERCENT_ENERGY,NO_RESOLVED_AXIS_EVIDENCE,56.777169,63.396645,63.396645,57.816503,58.714728,58.714728,COMPONENT_IDENTITY_SWITCH,WITHIN_VEHICLE_PROJECTION_ENVELOPE,0.057932,0.056088,0,0
WGV35A_PAIR_0210_S2A_030,WGV35A_PAIR_0210,325,PV_GM19_SILVER_MPV_NEAR_FIELD,269,counterfactual,single_boundary_shift,range_near,near_outward,-0.3,0,0,0,range_near,,SAR_MASK_S1_PARTIALLY_CENSORED_CENTER_INSIDE,SAR_MASK_S1_PARTIALLY_CENSORED_CENTER_INSIDE;bottom_near_range_mask;center_semantics_mask_censored_or_unconfirmed;bbox_bottom_within_110px_of_near_range_mask;observed_box_may_be_masked_response_center_not_full_vehicle_center,REAL_SAR_GRAY_REMEASURED,false,BASE_REGION_FROZEN_BACKGROUND,PERTURBED_LOCAL_RING_BACKGROUND,44,37,134125,5.758168,2.983942,1.929719,227074,COUNTERFACTUAL_BACKGROUND_SENSITIVE,23293,1.510816,3.024591,3.455692,1.430969,2.41464,2.929244,0.117541,-0.8585,532,1,0.946468,0.379384,0.955124,8837,126945,123.430514,5.005806,5.005806,1.198268,AXIS_NEAR_ISOTROPIC,118.099275,-0.325433,0.325433,1.227257,AXIS_RESOLVED,118.099275,-0.325433,0.325433,1.227257,AXIS_RESOLVED,TOP_COMPONENTS_TO_80_PERCENT_ENERGY,DOMINANT_COMPONENT_AXIS_ONLY,56.569486,61.900725,61.900725,56.569548,61.249921,61.249921,SAME_COMPONENT_PERSISTENT,WITHIN_VEHICLE_PROJECTION_ENVELOPE,0.016838,0.037352,0,0
WGV35A_PAIR_0210_S2A_031,WGV35A_PAIR_0210,325,PV_GM19_SILVER_MPV_NEAR_FIELD,269,counterfactual,single_boundary_shift,range_near,near_inward,0.3,0,0,0,range_near,,SAR_MASK_S1_PARTIALLY_CENSORED_CENTER_INSIDE,SAR_MASK_S1_PARTIALLY_CENSORED_CENTER_INSIDE;bottom_near_range_mask;center_semantics_mask_censored_or_unconfirmed;bbox_bottom_within_110px_of_near_range_mask;observed_box_may_be_masked_response_center_not_full_vehicle_center,REAL_SAR_GRAY_REMEASURED,false,BASE_REGION_FROZEN_BACKGROUND,PERTURBED_LOCAL_RING_BACKGROUND,44,39,120789,6.040054,4.923828,1.226699,176273,COUNTERFACTUAL_BACKGROUND_SENSITIVE,19998,1.331703,2.729757,3.078576,1.510551,2.460351,2.982969,0.021236,-0.845036,486,1,0.943646,0.390239,0.953257,7804,113982,135.143106,16.718518,16.718518,1.019408,AXIS_NEAR_ISOTROPIC,106.251121,-12.173467,12.173467,1.043673,AXIS_NEAR_ISOTROPIC,106.251121,-12.173467,12.173467,1.043673,AXIS_NEAR_ISOTROPIC,TOP_COMPONENTS_TO_80_PERCENT_ENERGY,NO_RESOLVED_AXIS_EVIDENCE,44.856894,73.748879,73.748879,44.856836,49.401887,49.401887,COMPONENT_IDENTITY_SWITCH,WITHIN_VEHICLE_PROJECTION_ENVELOPE,0.270243,0.039649,0,0
WGV35A_PAIR_0210_S2A_032,WGV35A_PAIR_0210,325,PV_GM19_SILVER_MPV_NEAR_FIELD,269,counterfactual,single_boundary_shift,range_far,far_inward,-0.3,0,0,0,range_far,,SAR_MASK_S1_PARTIALLY_CENSORED_CENTER_INSIDE,SAR_MASK_S1_PARTIALLY_CENSORED_CENTER_INSIDE;bottom_near_range_mask;center_semantics_mask_censored_or_unconfirmed;bbox_bottom_within_110px_of_near_range_mask;observed_box_may_be_masked_response_center_not_full_vehicle_center,REAL_SAR_GRAY_REMEASURED,false,BASE_REGION_FROZEN_BACKGROUND,PERTURBED_LOCAL_RING_BACKGROUND,44,38,125192,6.260226,3.436719,1.821571,192967,COUNTERFACTUAL_BACKGROUND_SENSITIVE,19998,1.38743,2.819357,3.167392,1.421042,2.407849,2.909392,0.100476,-0.87471,443,1,0.960525,0.40339,0.969798,8067,120250,111.889,-6.535708,6.535708,1.108356,AXIS_NEAR_ISOTROPIC,107.85003,-10.574678,10.574678,1.146872,AXIS_NEAR_ISOTROPIC,107.85003,-10.574678,10.574678,1.146872,AXIS_NEAR_ISOTROPIC,TOP_COMPONENTS_TO_80_PERCENT_ENERGY,NO_RESOLVED_AXIS_EVIDENCE,68.111,72.14997,72.14997,55.039646,51.000676,51.000676,COMPONENT_IDENTITY_SWITCH,WITHIN_VEHICLE_PROJECTION_ENVELOPE,0.180643,0.092151,0,0
WGV35A_PAIR_0210_S2A_033,WGV35A_PAIR_0210,325,PV_GM19_SILVER_MPV_NEAR_FIELD,269,counterfactual,single_boundary_shift,range_far,far_outward,0.3,0,0,0,range_far,,SAR_MASK_S1_PARTIALLY_CENSORED_CENTER_INSIDE,SAR_MASK_S1_PARTIALLY_CENSORED_CENTER_INSIDE;bottom_near_range_mask;center_semantics_mask_censored_or_unconfirmed;bbox_bottom_within_110px_of_near_range_mask;observed_box_may_be_masked_response_center_not_full_vehicle_center,REAL_SAR_GRAY_REMEASURED,false,BASE_REGION_FROZEN_BACKGROUND,PERTURBED_LOCAL_RING_BACKGROUND,44,38,135746,5.801111,3.39745,1.70749,214519,COUNTERFACTUAL_BACKGROUND_SENSITIVE,23400,1.520216,3.046619,3.490783,1.467711,2.463052,2.973043,-0.046963,-0.840355,577,1,0.933471,0.371795,0.943704,8700,126715,126.551162,8.126575,8.126575,1.187331,AXIS_NEAR_ISOTROPIC,121.337094,2.912506,2.912506,1.207489,AXIS_RESOLVED,121.337094,2.912506,2.912506,1.207489,AXIS_RESOLVED,TOP_COMPONENTS_TO_80_PERCENT_ENERGY,DOMINANT_COMPONENT_AXIS_ONLY,53.448838,58.662906,58.662906,53.448779,58.662848,58.662848,SAME_COMPONENT_PERSISTENT,WITHIN_VEHICLE_PROJECTION_ENVELOPE,0,0,0.005191,0.01106
WGV35A_PAIR_0210_S2A_034,WGV35A_PAIR_0210,325,PV_GM19_SILVER_MPV_NEAR_FIELD,269,counterfactual,single_boundary_shift,azimuth_left,left_outward,-0.3,0,0,0,azimuth_left,,SAR_MASK_S1_PARTIALLY_CENSORED_CENTER_INSIDE,SAR_MASK_S1_PARTIALLY_CENSORED_CENTER_INSIDE;bottom_near_range_mask;center_semantics_mask_censored_or_unconfirmed;bbox_bottom_within_110px_of_near_range_mask;observed_box_may_be_masked_response_center_not_full_vehicle_center,REAL_SAR_GRAY_REMEASURED,false,BASE_REGION_FROZEN_BACKGROUND,PERTURBED_LOCAL_RING_BACKGROUND,44,38,140615,6.097788,3.073358,1.98408,218855,COUNTERFACTUAL_BACKGROUND_SENSITIVE,23060,1.366729,2.925725,3.314135,1.538028,2.634342,3.20609,0.093153,-0.824854,529,1,0.951783,0.394493,0.96004,9097,133835,96.771352,-19.575784,19.575784,1.056503,AXIS_NEAR_ISOTROPIC,92.985142,-23.361993,23.361993,1.10383,AXIS_NEAR_ISOTROPIC,92.985142,-23.361993,23.361993,1.10383,AXIS_NEAR_ISOTROPIC,TOP_COMPONENTS_TO_80_PERCENT_ENERGY,NO_RESOLVED_AXIS_EVIDENCE,83.228648,87.014858,87.014858,41.99957,38.213361,38.213361,SAME_COMPONENT_PERSISTENT,WITHIN_VEHICLE_PROJECTION_ENVELOPE,0.119194,0.017619,0,0
WGV35A_PAIR_0210_S2A_035,WGV35A_PAIR_0210,325,PV_GM19_SILVER_MPV_NEAR_FIELD,269,counterfactual,single_boundary_shift,azimuth_left,left_inward,0.3,0,0,0,azimuth_left,,SAR_MASK_S1_PARTIALLY_CENSORED_CENTER_INSIDE,SAR_MASK_S1_PARTIALLY_CENSORED_CENTER_INSIDE;bottom_near_range_mask;center_semantics_mask_censored_or_unconfirmed;bbox_bottom_within_110px_of_near_range_mask;observed_box_may_be_masked_response_center_not_full_vehicle_center,REAL_SAR_GRAY_REMEASURED,false,BASE_REGION_FROZEN_BACKGROUND,PERTURBED_LOCAL_RING_BACKGROUND,44,38,118482,5.827366,3.503125,1.663476,187063,COUNTERFACTUAL_BACKGROUND_SENSITIVE,20332,1.603247,2.992766,3.36705,1.29599,2.212711,2.675162,-0.04703,-0.853607,472,1,0.946203,0.387566,0.956002,7880,112108,128.486715,7.984543,7.984543,1.309875,AXIS_RESOLVED,124.1095,3.607328,3.607328,1.34322,AXIS_RESOLVED,124.1095,3.607328,3.607328,1.34322,AXIS_RESOLVED,TOP_COMPONENTS_TO_80_PERCENT_ENERGY,GLOBAL_AND_COMPONENT_AXIS_CONSISTENT,51.513285,55.8905,55.8905,53.590811,57.968026,57.968026,COMPONENT_SPLIT_OR_MERGE,WITHIN_VEHICLE_PROJECTION_ENVELOPE,0.007235,0,0,0.012711
WGV35A_PAIR_0210_S2A_036,WGV35A_PAIR_0210,325,PV_GM19_SILVER_MPV_NEAR_FIELD,269,counterfactual,single_boundary_shift,azimuth_right,right_inward,-0.3,0,0,0,azimuth_right,,SAR_MASK_S1_PARTIALLY_CENSORED_CENTER_INSIDE,SAR_MASK_S1_PARTIALLY_CENSORED_CENTER_INSIDE;bottom_near_range_mask;center_semantics_mask_censored_or_unconfirmed;bbox_bottom_within_110px_of_near_range_mask;observed_box_may_be_masked_response_center_not_full_vehicle_center,REAL_SAR_GRAY_REMEASURED,false,BASE_REGION_FROZEN_BACKGROUND,PERTURBED_LOCAL_RING_BACKGROUND,44,38,130236,6.39886,3.691228,1.733531,203257,COUNTERFACTUAL_BACKGROUND_SENSITIVE,20353,1.451972,2.928021,3.301586,1.446104,2.41315,2.952354,0.054581,-0.700255,489,1,0.946904,0.413944,0.955819,8425,123321,122.744692,6.397557,6.397557,1.143623,AXIS_NEAR_ISOTROPIC,116.54884,0.201704,0.201704,1.171578,AXIS_NEAR_ISOTROPIC,116.54884,0.201704,0.201704,1.171578,AXIS_NEAR_ISOTROPIC,TOP_COMPONENTS_TO_80_PERCENT_ENERGY,NO_RESOLVED_AXIS_EVIDENCE,57.255308,63.45116,63.45116,55.177797,61.37365,61.37365,COMPONENT_IDENTITY_SWITCH,WITHIN_VEHICLE_PROJECTION_ENVELOPE,0.071979,0.08685,0,0
WGV35A_PAIR_0210_S2A_037,WGV35A_PAIR_0210,325,PV_GM19_SILVER_MPV_NEAR_FIELD,269,counterfactual,single_boundary_shift,azimuth_right,right_outward,0.3,0,0,0,azimuth_right,,SAR_MASK_S1_PARTIALLY_CENSORED_CENTER_INSIDE,SAR_MASK_S1_PARTIALLY_CENSORED_CENTER_INSIDE;bottom_near_range_mask;center_semantics_mask_censored_or_unconfirmed;bbox_bottom_within_110px_of_near_range_mask;observed_box_may_be_masked_response_center_not_full_vehicle_center,REAL_SAR_GRAY_REMEASURED,false,BASE_REGION_FROZEN_BACKGROUND,PERTURBED_LOCAL_RING_BACKGROUND,44,37,130218,5.673493,3.450457,1.644273,219142,COUNTERFACTUAL_BACKGROUND_SENSITIVE,22952,1.447883,2.938629,3.333777,1.453898,2.455418,2.947463,-0.007474,-1.001383,506,1,0.94659,0.366896,0.955505,8421,123263,122.82152,2.319348,2.319348,1.140789,AXIS_NEAR_ISOTROPIC,116.437481,-4.064691,4.064691,1.170842,AXIS_NEAR_ISOTROPIC,116.437481,-4.064691,4.064691,1.170842,AXIS_NEAR_ISOTROPIC,TOP_COMPONENTS_TO_80_PERCENT_ENERGY,NO_RESOLVED_AXIS_EVIDENCE,57.17848,63.562519,63.562519,59.256006,57.510663,57.510663,COMPONENT_IDENTITY_SWITCH,WITHIN_VEHICLE_PROJECTION_ENVELOPE,0.061371,0.044582,0,0
WGV35A_PAIR_0210_S2A_038,WGV35A_PAIR_0210,325,PV_GM19_SILVER_MPV_NEAR_FIELD,269,counterfactual,scale_resize,range,resize,-0.15,0,0,0,,range,SAR_MASK_S1_PARTIALLY_CENSORED_CENTER_INSIDE,SAR_MASK_S1_PARTIALLY_CENSORED_CENTER_INSIDE;bottom_near_range_mask;center_semantics_mask_censored_or_unconfirmed;bbox_bottom_within_110px_of_near_range_mask;observed_box_may_be_masked_response_center_not_full_vehicle_center,REAL_SAR_GRAY_REMEASURED,false,BASE_REGION_FROZEN_BACKGROUND,PERTURBED_LOCAL_RING_BACKGROUND,44,38,127634,6.115082,3.704598,1.650674,198834,COUNTERFACTUAL_BACKGROUND_SENSITIVE,20872,1.424438,2.874302,3.234436,1.451346,2.428656,2.946659,0.030059,-0.856588,495,1,0.950421,0.394117,0.959517,8226,121306,120.901854,2.477308,2.477308,1.114322,AXIS_NEAR_ISOTROPIC,114.367511,-4.057036,4.057036,1.145071,AXIS_NEAR_ISOTROPIC,114.367511,-4.057036,4.057036,1.145071,AXIS_NEAR_ISOTROPIC,TOP_COMPONENTS_TO_80_PERCENT_ENERGY,NO_RESOLVED_AXIS_EVIDENCE,59.098146,65.632489,65.632489,59.098046,57.518318,57.518318,SAME_COMPONENT_PERSISTENT,WITHIN_VEHICLE_PROJECTION_ENVELOPE,0.125698,0.071344,0,0
WGV35A_PAIR_0210_S2A_039,WGV35A_PAIR_0210,325,PV_GM19_SILVER_MPV_NEAR_FIELD,269,counterfactual,scale_resize,range,resize,0.15,0,0,0,,range,SAR_MASK_S1_PARTIALLY_CENSORED_CENTER_INSIDE,SAR_MASK_S1_PARTIALLY_CENSORED_CENTER_INSIDE;bottom_near_range_mask;center_semantics_mask_censored_or_unconfirmed;bbox_bottom_within_110px_of_near_range_mask;observed_box_may_be_masked_response_center_not_full_vehicle_center,REAL_SAR_GRAY_REMEASURED,false,BASE_REGION_FROZEN_BACKGROUND,PERTURBED_LOCAL_RING_BACKGROUND,44,38,132475,5.91116,3.476208,1.700462,207970,COUNTERFACTUAL_BACKGROUND_SENSITIVE,22411,1.486868,2.992201,3.396395,1.453523,2.430833,2.948573,0.023228,-0.849353,521,1,0.943046,0.382892,0.95181,8581,124930,123.19649,4.771944,4.771944,1.166225,AXIS_NEAR_ISOTROPIC,117.454878,-0.969668,0.969668,1.194941,AXIS_NEAR_ISOTROPIC,117.454878,-0.969668,0.969668,1.194941,AXIS_NEAR_ISOTROPIC,TOP_COMPONENTS_TO_80_PERCENT_ENERGY,NO_RESOLVED_AXIS_EVIDENCE,56.80351,62.545122,62.545122,56.80341,60.605686,60.605686,COMPONENT_IDENTITY_SWITCH,WITHIN_VEHICLE_PROJECTION_ENVELOPE,0.049228,0.021159,0,0
WGV35A_PAIR_0210_S2A_040,WGV35A_PAIR_0210,325,PV_GM19_SILVER_MPV_NEAR_FIELD,269,counterfactual,scale_resize,azimuth,resize,-0.15,0,0,0,,azimuth,SAR_MASK_S1_PARTIALLY_CENSORED_CENTER_INSIDE,SAR_MASK_S1_PARTIALLY_CENSORED_CENTER_INSIDE;bottom_near_range_mask;center_semantics_mask_censored_or_unconfirmed;bbox_bottom_within_110px_of_near_range_mask;observed_box_may_be_masked_response_center_not_full_vehicle_center,REAL_SAR_GRAY_REMEASURED,false,BASE_REGION_FROZEN_BACKGROUND,PERTURBED_LOCAL_RING_BACKGROUND,44,38,127606,6.046818,3.681992,1.642268,200078,COUNTERFACTUAL_BACKGROUND_SENSITIVE,21103,1.489739,2.948573,3.327435,1.419559,2.378854,2.889539,0.018915,-0.817162,493,1,0.946531,0.393972,0.955629,8314,120783,124.167983,5.743436,5.743436,1.17823,AXIS_NEAR_ISOTROPIC,118.584414,0.159867,0.159867,1.208462,AXIS_RESOLVED,118.584414,0.159867,0.159867,1.208462,AXIS_RESOLVED,TOP_COMPONENTS_TO_80_PERCENT_ENERGY,DOMINANT_COMPONENT_AXIS_ONLY,55.832017,61.415586,61.415586,55.831918,61.415487,61.415487,COMPONENT_SPLIT_OR_MERGE,WITHIN_VEHICLE_PROJECTION_ENVELOPE,0.051427,0.021146,0,0
WGV35A_PAIR_0210_S2A_041,WGV35A_PAIR_0210,325,PV_GM19_SILVER_MPV_NEAR_FIELD,269,counterfactual,scale_resize,azimuth,resize,0.15,0,0,0,,azimuth,SAR_MASK_S1_PARTIALLY_CENSORED_CENTER_INSIDE,SAR_MASK_S1_PARTIALLY_CENSORED_CENTER_INSIDE;bottom_near_range_mask;center_semantics_mask_censored_or_unconfirmed;bbox_bottom_within_110px_of_near_range_mask;observed_box_may_be_masked_response_center_not_full_vehicle_center,REAL_SAR_GRAY_REMEASURED,false,BASE_REGION_FROZEN_BACKGROUND,PERTURBED_LOCAL_RING_BACKGROUND,44,37,132926,5.960005,3.278293,1.818021,222837,COUNTERFACTUAL_BACKGROUND_SENSITIVE,22303,1.430442,2.932116,3.312892,1.48426,2.4836,3.000383,0.036712,-0.88385,513,1,0.946286,0.382594,0.95502,8533,125786,120.048928,1.624382,1.624382,1.111314,AXIS_NEAR_ISOTROPIC,113.500686,-4.923861,4.923861,1.14184,AXIS_NEAR_ISOTROPIC,113.500686,-4.923861,4.923861,1.14184,AXIS_NEAR_ISOTROPIC,TOP_COMPONENTS_TO_80_PERCENT_ENERGY,NO_RESOLVED_AXIS_EVIDENCE,59.951072,66.499314,66.499314,59.950972,56.651493,56.651493,COMPONENT_IDENTITY_SWITCH,WITHIN_VEHICLE_PROJECTION_ENVELOPE,0.067883,0.0164,0,0
WGV35A_PAIR_0210_S2A_042,WGV35A_PAIR_0210,325,PV_GM19_SILVER_MPV_NEAR_FIELD,269,counterfactual,scale_resize,range,resize,-0.3,0,0,0,,range,SAR_MASK_S1_PARTIALLY_CENSORED_CENTER_INSIDE,SAR_MASK_S1_PARTIALLY_CENSORED_CENTER_INSIDE;bottom_near_range_mask;center_semantics_mask_censored_or_unconfirmed;bbox_bottom_within_110px_of_near_range_mask;observed_box_may_be_masked_response_center_not_full_vehicle_center,REAL_SAR_GRAY_REMEASURED,false,BASE_REGION_FROZEN_BACKGROUND,PERTURBED_LOCAL_RING_BACKGROUND,44,38,125088,6.204762,4.03534,1.537606,193971,COUNTERFACTUAL_BACKGROUND_SENSITIVE,20160,1.372103,2.805247,3.150933,1.462136,2.43954,2.953189,0.037447,-0.870476,477,1,0.954248,0.398512,0.96353,8034,119365,116.398323,-2.026224,2.026224,1.072908,AXIS_NEAR_ISOTROPIC,109.143849,-9.280697,9.280697,1.107824,AXIS_NEAR_ISOTROPIC,109.143849,-9.280697,9.280697,1.107824,AXIS_NEAR_ISOTROPIC,TOP_COMPONENTS_TO_80_PERCENT_ENERGY,NO_RESOLVED_AXIS_EVIDENCE,63.601677,70.856151,70.856151,59.54913,52.294657,52.294657,SAME_COMPONENT_PERSISTENT,WITHIN_VEHICLE_PROJECTION_ENVELOPE,0.194753,0.06046,0,0
WGV35A_PAIR_0210_S2A_043,WGV35A_PAIR_0210,325,PV_GM19_SILVER_MPV_NEAR_FIELD,269,counterfactual,scale_resize,range,resize,0.3,0,0,0,,range,SAR_MASK_S1_PARTIALLY_CENSORED_CENTER_INSIDE,SAR_MASK_S1_PARTIALLY_CENSORED_CENTER_INSIDE;bottom_near_range_mask;center_semantics_mask_censored_or_unconfirmed;bbox_bottom_within_110px_of_near_range_mask;observed_box_may_be_masked_response_center_not_full_vehicle_center,REAL_SAR_GRAY_REMEASURED,false,BASE_REGION_FROZEN_BACKGROUND,PERTURBED_LOCAL_RING_BACKGROUND,44,37,135145,5.801958,3.055839,1.898646,229055,COUNTERFACTUAL_BACKGROUND_SENSITIVE,23293,1.526744,3.046882,3.49052,1.453523,2.441548,2.955103,0.03311,-0.842471,546,1,0.939761,0.377023,0.949632,8782,127004,125.742003,7.317457,7.317457,1.198309,AXIS_NEAR_ISOTROPIC,119.784012,1.359466,1.359466,1.225249,AXIS_RESOLVED,119.784012,1.359466,1.359466,1.225249,AXIS_RESOLVED,TOP_COMPONENTS_TO_80_PERCENT_ENERGY,DOMINANT_COMPONENT_AXIS_ONLY,54.257997,60.215988,60.215988,54.257897,60.215888,60.215888,SAME_COMPONENT_PERSISTENT,WITHIN_VEHICLE_PROJECTION_ENVELOPE,0,0.010444,0.005453,0
WGV35A_PAIR_0210_S2A_044,WGV35A_PAIR_0210,325,PV_GM19_SILVER_MPV_NEAR_FIELD,269,counterfactual,scale_resize,azimuth,resize,-0.3,0,0,0,,azimuth,SAR_MASK_S1_PARTIALLY_CENSORED_CENTER_INSIDE,SAR_MASK_S1_PARTIALLY_CENSORED_CENTER_INSIDE;bottom_near_range_mask;center_semantics_mask_censored_or_unconfirmed;bbox_bottom_within_110px_of_near_range_mask;observed_box_may_be_masked_response_center_not_full_vehicle_center,REAL_SAR_GRAY_REMEASURED,false,BASE_REGION_FROZEN_BACKGROUND,PERTURBED_LOCAL_RING_BACKGROUND,44,38,124806,6.10358,3.842802,1.588315,196171,COUNTERFACTUAL_BACKGROUND_SENSITIVE,20448,1.523178,2.957805,3.330043,1.380641,2.330347,2.833545,0.01679,-0.782317,482,1,0.945996,0.400577,0.955299,8191,118066,125.914196,7.489649,7.489649,1.213368,AXIS_RESOLVED,120.415151,1.990604,1.990604,1.243656,AXIS_RESOLVED,120.415151,1.990604,1.990604,1.243656,AXIS_RESOLVED,TOP_COMPONENTS_TO_80_PERCENT_ENERGY,GLOBAL_AND_COMPONENT_AXIS_CONSISTENT,54.085804,59.584849,59.584849,54.085705,59.58475,59.58475,COMPONENT_SPLIT_OR_MERGE,WITHIN_VEHICLE_PROJECTION_ENVELOPE,0.042195,0.069653,0,0
WGV35A_PAIR_0210_S2A_045,WGV35A_PAIR_0210,325,PV_GM19_SILVER_MPV_NEAR_FIELD,269,counterfactual,scale_resize,azimuth,resize,0.3,0,0,0,,azimuth,SAR_MASK_S1_PARTIALLY_CENSORED_CENTER_INSIDE,SAR_MASK_S1_PARTIALLY_CENSORED_CENTER_INSIDE;bottom_near_range_mask;center_semantics_mask_censored_or_unconfirmed;bbox_bottom_within_110px_of_near_range_mask;observed_box_may_be_masked_response_center_not_full_vehicle_center,REAL_SAR_GRAY_REMEASURED,false,BASE_REGION_FROZEN_BACKGROUND,PERTURBED_LOCAL_RING_BACKGROUND,44,37,135995,5.909743,2.974863,1.986559,227513,COUNTERFACTUAL_BACKGROUND_SENSITIVE,23012,1.405279,2.93281,3.316289,1.514209,2.548732,3.072571,0.046304,-0.920477,521,1,0.946086,0.377368,0.954623,8684,128663,115.05286,-3.371687,3.371687,1.081559,AXIS_NEAR_ISOTROPIC,108.388659,-10.035888,10.035888,1.114171,AXIS_NEAR_ISOTROPIC,108.388659,-10.035888,10.035888,1.114171,AXIS_NEAR_ISOTROPIC,TOP_COMPONENTS_TO_80_PERCENT_ENERGY,NO_RESOLVED_AXIS_EVIDENCE,64.94714,71.611341,71.611341,58.203667,51.539466,51.539466,SAME_COMPONENT_PERSISTENT,WITHIN_VEHICLE_PROJECTION_ENVELOPE,0.06719,0.051268,0,0
WGV35A_PAIR_0210_S2A_046,WGV35A_PAIR_0210,325,PV_GM19_SILVER_MPV_NEAR_FIELD,269,counterfactual,local_region_rotation,gt_region,rotate,0,-30,0,0,,,SAR_MASK_S1_PARTIALLY_CENSORED_CENTER_INSIDE,SAR_MASK_S1_PARTIALLY_CENSORED_CENTER_INSIDE;bottom_near_range_mask;center_semantics_mask_censored_or_unconfirmed;bbox_bottom_within_110px_of_near_range_mask;observed_box_may_be_masked_response_center_not_full_vehicle_center,REAL_SAR_GRAY_REMEASURED,false,BASE_REGION_FROZEN_BACKGROUND,PERTURBED_LOCAL_RING_BACKGROUND,44,43,75855,7.29375,5.238144,1.39243,82372,BACKGROUND_STABLE,10400,1.580298,2.87813,3.314806,0.984459,1.896467,2.222731,-0.319462,-0.289635,289,1,0.935008,0.487596,0.950313,5071,70925,143.902475,25.477928,25.477928,2.367444,AXIS_RESOLVED,142.538562,24.114015,24.114015,2.337667,AXIS_RESOLVED,142.538562,24.114015,24.114015,2.337667,AXIS_RESOLVED,TOP_COMPONENTS_TO_80_PERCENT_ENERGY,GLOBAL_AND_COMPONENT_AXIS_CONSISTENT,36.097525,37.461438,37.461438,36.097426,37.461339,37.461339,SAME_COMPONENT_PERSISTENT,WITHIN_VEHICLE_PROJECTION_ENVELOPE,0.12187,0.003533,0,0
WGV35A_PAIR_0210_S2A_047,WGV35A_PAIR_0210,325,PV_GM19_SILVER_MPV_NEAR_FIELD,269,counterfactual,local_region_rotation,gt_region,rotate,0,-15,0,0,,,SAR_MASK_S1_PARTIALLY_CENSORED_CENTER_INSIDE,SAR_MASK_S1_PARTIALLY_CENSORED_CENTER_INSIDE;bottom_near_range_mask;center_semantics_mask_censored_or_unconfirmed;bbox_bottom_within_110px_of_near_range_mask;observed_box_may_be_masked_response_center_not_full_vehicle_center,REAL_SAR_GRAY_REMEASURED,false,BASE_REGION_FROZEN_BACKGROUND,PERTURBED_LOCAL_RING_BACKGROUND,44,43,73910,7.075436,4.947222,1.430183,80104,BACKGROUND_STABLE,10446,1.519087,2.542202,3.127683,1.127428,2.029866,2.42222,-0.343916,-0.37316,284,1,0.932269,0.45673,0.947977,4771,68904,151.165064,32.740517,32.740517,2.180787,AXIS_RESOLVED,149.962775,31.538228,31.538228,2.069725,AXIS_RESOLVED,149.962775,31.538228,31.538228,2.069725,AXIS_RESOLVED,TOP_COMPONENTS_TO_80_PERCENT_ENERGY,GLOBAL_AND_COMPONENT_AXIS_CONSISTENT,28.834936,30.037225,30.037225,28.834837,30.037126,30.037126,SAME_COMPONENT_PERSISTENT,PARTIAL_SUPPORT_BELOW_ENVELOPE,0.457798,0.070134,0,0
WGV35A_PAIR_0210_S2A_048,WGV35A_PAIR_0210,325,PV_GM19_SILVER_MPV_NEAR_FIELD,269,counterfactual,local_region_rotation,gt_region,rotate,0,-10,0,0,,,SAR_MASK_S1_PARTIALLY_CENSORED_CENTER_INSIDE,SAR_MASK_S1_PARTIALLY_CENSORED_CENTER_INSIDE;bottom_near_range_mask;center_semantics_mask_censored_or_unconfirmed;bbox_bottom_within_110px_of_near_range_mask;observed_box_may_be_masked_response_center_not_full_vehicle_center,REAL_SAR_GRAY_REMEASURED,false,BASE_REGION_FROZEN_BACKGROUND,PERTURBED_LOCAL_RING_BACKGROUND,44,43,73387,7.009934,4.834389,1.450014,79452,BACKGROUND_STABLE,10469,1.463187,2.433272,3.062551,1.179763,2.085504,2.482473,-0.339709,-0.405994,278,1,0.934157,0.447512,0.949978,4685,68555,153.56385,35.139304,35.139304,2.107325,AXIS_RESOLVED,152.401815,33.977268,33.977268,1.986517,AXIS_RESOLVED,152.401815,33.977268,33.977268,1.986517,AXIS_RESOLVED,TOP_COMPONENTS_TO_80_PERCENT_ENERGY,GLOBAL_AND_COMPONENT_AXIS_CONSISTENT,26.43615,27.598185,27.598185,26.43605,27.598086,27.598086,SAME_COMPONENT_PERSISTENT,PARTIAL_SUPPORT_BELOW_ENVELOPE,0.566728,0.014496,0,0
WGV35A_PAIR_0210_S2A_049,WGV35A_PAIR_0210,325,PV_GM19_SILVER_MPV_NEAR_FIELD,269,counterfactual,local_region_rotation,gt_region,rotate,0,-5,0,0,,,SAR_MASK_S1_PARTIALLY_CENSORED_CENTER_INSIDE,SAR_MASK_S1_PARTIALLY_CENSORED_CENTER_INSIDE;bottom_near_range_mask;center_semantics_mask_censored_or_unconfirmed;bbox_bottom_within_110px_of_near_range_mask;observed_box_may_be_masked_response_center_not_full_vehicle_center,REAL_SAR_GRAY_REMEASURED,false,BASE_REGION_FROZEN_BACKGROUND,PERTURBED_LOCAL_RING_BACKGROUND,44,43,72315,6.945352,5.514798,1.259403,78230,BACKGROUND_STABLE,10412,1.366098,2.297002,2.940823,1.200573,2.128607,2.522874,-0.342657,-0.450678,275,1,0.937717,0.440261,0.953772,4584,67811,156.581135,38.156588,38.156588,1.929294,AXIS_RESOLVED,155.36949,36.944943,36.944943,1.819376,AXIS_RESOLVED,155.36949,36.944943,36.944943,1.819376,AXIS_RESOLVED,TOP_COMPONENTS_TO_80_PERCENT_ENERGY,GLOBAL_AND_COMPONENT_AXIS_CONSISTENT,23.418865,24.63051,24.63051,23.418766,24.630411,24.630411,SAME_COMPONENT_PERSISTENT,PARTIAL_SUPPORT_BELOW_ENVELOPE,0.702998,0.071393,0,0
WGV35A_PAIR_0210_S2A_050,WGV35A_PAIR_0210,325,PV_GM19_SILVER_MPV_NEAR_FIELD,269,counterfactual,local_region_rotation,gt_region,rotate,0,0,0,0,,,SAR_MASK_S1_PARTIALLY_CENSORED_CENTER_INSIDE,SAR_MASK_S1_PARTIALLY_CENSORED_CENTER_INSIDE;bottom_near_range_mask;center_semantics_mask_censored_or_unconfirmed;bbox_bottom_within_110px_of_near_range_mask;observed_box_may_be_masked_response_center_not_full_vehicle_center,REAL_SAR_GRAY_REMEASURED,false,BASE_REGION_FROZEN_BACKGROUND,PERTURBED_LOCAL_RING_BACKGROUND,44,44,73448,6.942811,7.257589,0.956628,73448,BACKGROUND_STABLE,10579,1.311417,2.247369,2.77164,1.230353,2.199744,2.609512,-0.333983,-0.520081,284,1,0.944083,0.435769,0.95989,4610,69341,160.226146,41.801599,41.801599,1.719249,AXIS_RESOLVED,158.727041,40.302494,40.302494,1.640559,AXIS_RESOLVED,158.727041,40.302494,40.302494,1.640559,AXIS_RESOLVED,TOP_COMPONENTS_TO_80_PERCENT_ENERGY,GLOBAL_AND_COMPONENT_AXIS_CONSISTENT,19.773854,21.272959,21.272959,19.773755,21.27286,21.27286,SAME_COMPONENT_PERSISTENT,PARTIAL_SUPPORT_BELOW_ENVELOPE,0.752631,0.000256,0,0
WGV35A_PAIR_0210_S2A_051,WGV35A_PAIR_0210,325,PV_GM19_SILVER_MPV_NEAR_FIELD,269,counterfactual,local_region_rotation,gt_region,rotate,0,5,0,0,,,SAR_MASK_S1_PARTIALLY_CENSORED_CENTER_INSIDE,SAR_MASK_S1_PARTIALLY_CENSORED_CENTER_INSIDE;bottom_near_range_mask;center_semantics_mask_censored_or_unconfirmed;bbox_bottom_within_110px_of_near_range_mask;observed_box_may_be_masked_response_center_not_full_vehicle_center,REAL_SAR_GRAY_REMEASURED,false,BASE_REGION_FROZEN_BACKGROUND,PERTURBED_LOCAL_RING_BACKGROUND,44,44,71750,6.889764,9.766816,0.705426,71750,BACKGROUND_STABLE,10414,1.030433,2.128513,2.507543,1.317947,2.376677,2.878655,-0.231272,-0.602596,279,2,0.867735,0.373152,0.946258,3886,62260,173.486869,55.062323,55.062323,1.46121,AXIS_RESOLVED,13.594013,75.169466,75.169466,1.235512,AXIS_RESOLVED,13.594013,75.169466,75.169466,1.235512,AXIS_RESOLVED,TOP_COMPONENTS_TO_80_PERCENT_ENERGY,MULTIPLE_AXIS_REPRESENTATIONS_CONFLICT,6.513131,13.594013,13.594013,6.513031,13.594112,13.594112,COMPONENT_SPLIT_OR_MERGE,PARTIAL_SUPPORT_BELOW_ENVELOPE,0.071487,0.623322,0,0
WGV35A_PAIR_0210_S2A_052,WGV35A_PAIR_0210,325,PV_GM19_SILVER_MPV_NEAR_FIELD,269,counterfactual,local_region_rotation,gt_region,rotate,0,10,0,0,,,SAR_MASK_S1_PARTIALLY_CENSORED_CENTER_INSIDE,SAR_MASK_S1_PARTIALLY_CENSORED_CENTER_INSIDE;bottom_near_range_mask;center_semantics_mask_censored_or_unconfirmed;bbox_bottom_within_110px_of_near_range_mask;observed_box_may_be_masked_response_center_not_full_vehicle_center,REAL_SAR_GRAY_REMEASURED,false,BASE_REGION_FROZEN_BACKGROUND,PERTURBED_LOCAL_RING_BACKGROUND,44,43,71277,6.808387,9.07828,0.749964,76913,BACKGROUND_STABLE,10469,0.844004,1.814877,2.271576,1.451778,2.588438,3.005956,-0.091217,-0.686888,276,2,0.882431,0.376063,0.941201,3937,62897,15.004688,76.580141,76.580141,1.443091,AXIS_RESOLVED,34.801591,-83.622956,83.622956,1.456865,AXIS_RESOLVED,34.801591,-83.622956,83.622956,1.456865,AXIS_RESOLVED,TOP_COMPONENTS_TO_80_PERCENT_ENERGY,GLOBAL_AND_COMPONENT_AXIS_CONSISTENT,15.004688,34.801591,34.801591,15.004787,22.047602,22.047602,COMPONENT_IDENTITY_SWITCH,PARTIAL_SUPPORT_BELOW_ENVELOPE,0.085123,0.411561,0,0
WGV35A_PAIR_0210_S2A_053,WGV35A_PAIR_0210,325,PV_GM19_SILVER_MPV_NEAR_FIELD,269,counterfactual,local_region_rotation,gt_region,rotate,0,15,0,0,,,SAR_MASK_S1_PARTIALLY_CENSORED_CENTER_INSIDE,SAR_MASK_S1_PARTIALLY_CENSORED_CENTER_INSIDE;bottom_near_range_mask;center_semantics_mask_censored_or_unconfirmed;bbox_bottom_within_110px_of_near_range_mask;observed_box_may_be_masked_response_center_not_full_vehicle_center,REAL_SAR_GRAY_REMEASURED,false,BASE_REGION_FROZEN_BACKGROUND,PERTURBED_LOCAL_RING_BACKGROUND,44,43,68396,6.548205,7.726389,0.847512,73922,BACKGROUND_STABLE,10445,0.797073,1.659017,2.041875,1.458308,2.470802,2.909129,-0.004978,-0.695862,275,1,0.896968,0.378171,0.940757,3950,61349,26.311384,87.886837,87.886837,1.514964,AXIS_RESOLVED,40.608551,-77.815995,77.815995,1.630272,AXIS_RESOLVED,40.608551,-77.815995,77.815995,1.630272,AXIS_RESOLVED,TOP_COMPONENTS_TO_80_PERCENT_ENERGY,GLOBAL_AND_COMPONENT_AXIS_CONSISTENT,26.311384,40.608551,40.608551,26.311483,16.240641,16.240641,COMPONENT_IDENTITY_SWITCH,PARTIAL_SUPPORT_BELOW_ENVELOPE,0.040983,0.529198,0,0
WGV35A_PAIR_0210_S2A_054,WGV35A_PAIR_0210,325,PV_GM19_SILVER_MPV_NEAR_FIELD,269,counterfactual,local_region_rotation,gt_region,rotate,0,30,0,0,,,SAR_MASK_S1_PARTIALLY_CENSORED_CENTER_INSIDE,SAR_MASK_S1_PARTIALLY_CENSORED_CENTER_INSIDE;bottom_near_range_mask;center_semantics_mask_censored_or_unconfirmed;bbox_bottom_within_110px_of_near_range_mask;observed_box_may_be_masked_response_center_not_full_vehicle_center,REAL_SAR_GRAY_REMEASURED,false,BASE_REGION_FROZEN_BACKGROUND,PERTURBED_LOCAL_RING_BACKGROUND,44,41,68793,6.614712,4.944845,1.337698,85518,BACKGROUND_STABLE,10400,0.82781,1.437066,1.796244,1.412334,2.224382,2.734898,0.158021,-0.774184,271,1,0.92758,0.383077,0.944457,3984,63811,44.685434,-73.739113,73.739113,1.771996,AXIS_RESOLVED,49.039877,-69.38467,69.38467,1.934302,AXIS_RESOLVED,49.039877,-69.38467,69.38467,1.934302,AXIS_RESOLVED,TOP_COMPONENTS_TO_80_PERCENT_ENERGY,GLOBAL_AND_COMPONENT_AXIS_CONSISTENT,44.685434,49.039877,49.039877,12.163759,7.809316,7.809316,COMPONENT_IDENTITY_SWITCH,PARTIAL_SUPPORT_BELOW_ENVELOPE,0.062934,0.775618,0,0
WGV35A_PAIR_0210_S2A_055,WGV35A_PAIR_0210,325,PV_GM19_SILVER_MPV_NEAR_FIELD,269,counterfactual,local_region_rotation,gt_region,rotate,0,90,0,0,,,SAR_MASK_S1_PARTIALLY_CENSORED_CENTER_INSIDE,SAR_MASK_S1_PARTIALLY_CENSORED_CENTER_INSIDE;bottom_near_range_mask;center_semantics_mask_censored_or_unconfirmed;bbox_bottom_within_110px_of_near_range_mask;observed_box_may_be_masked_response_center_not_full_vehicle_center,REAL_SAR_GRAY_REMEASURED,false,BASE_REGION_FROZEN_BACKGROUND,PERTURBED_LOCAL_RING_BACKGROUND,44,41,69595,6.578599,4.561607,1.442167,88366,BACKGROUND_STABLE,10579,1.339715,2.473504,3.135696,0.853499,1.779262,2.225339,0.371647,-0.381405,259,1,0.953258,0.461197,0.96971,4879,66342,96.958634,-21.465913,21.465913,1.73399,AXIS_RESOLVED,97.242941,-21.181606,21.181606,1.761094,AXIS_RESOLVED,97.242941,-21.181606,21.181606,1.761094,AXIS_RESOLVED,TOP_COMPONENTS_TO_80_PERCENT_ENERGY,GLOBAL_AND_COMPONENT_AXIS_CONSISTENT,83.041366,82.757059,82.757059,40.109441,40.393748,40.393748,COMPONENT_IDENTITY_SWITCH,PARTIAL_SUPPORT_BELOW_ENVELOPE,0.526496,0.020738,0,0
WGV35A_PAIR_0210_S2A_056,WGV35A_PAIR_0210,325,PV_GM19_SILVER_MPV_NEAR_FIELD,269,matched_background,matched_background,deterministic_offset,control,0,0,0,4.5,,,SAR_MASK_S1_PARTIALLY_CENSORED_CENTER_INSIDE,SAR_MASK_S1_PARTIALLY_CENSORED_CENTER_INSIDE;bottom_near_range_mask;center_semantics_mask_censored_or_unconfirmed;bbox_bottom_within_110px_of_near_range_mask;observed_box_may_be_masked_response_center_not_full_vehicle_center,REAL_SAR_GRAY_REMEASURED,false,BASE_REGION_FROZEN_BACKGROUND,PERTURBED_LOCAL_RING_BACKGROUND,44,0,8,0.000756,0.008929,0.084696,8767,COUNTERFACTUAL_BACKGROUND_SENSITIVE,10579,0.10902,0.378672,0.378672,0.043248,0.152011,0.167198,-1.730277,-1.392635,4,0,0.375,0.000095,0.625,1,3,146.596636,-19.248086,19.248086,3.656264,AXIS_RESOLVED,,,,,AXIS_ENERGY_INVALID,,,,,AXIS_FRAGMENTED_NO_DOMINANT_STRUCTURE,TOP_COMPONENTS_TO_80_PERCENT_ENERGY,NO_RESOLVED_AXIS_EVIDENCE,33.403364,,,42.327268,,,COMPONENT_TOO_SMALL,PARTIAL_SUPPORT_BELOW_ENVELOPE,2.621328,1.247989,0,0
WGV35A_PAIR_0211_S2A_001,WGV35A_PAIR_0211,326,PV_GM19_SILVER_MPV_NEAR_FIELD,273,gt_original,gt_original,gt,original,0,0,0,0,,,SAR_MASK_S1_PARTIALLY_CENSORED_CENTER_INSIDE,SAR_MASK_S1_PARTIALLY_CENSORED_CENTER_INSIDE;bottom_near_range_mask;center_semantics_mask_censored_or_unconfirmed;bbox_bottom_within_110px_of_near_range_mask;observed_box_may_be_masked_response_center_not_full_vehicle_center,REAL_SAR_GRAY_REMEASURED,false,BASE_REGION_FROZEN_BACKGROUND,PERTURBED_LOCAL_RING_BACKGROUND,32,32,49917,4.718499,3.964732,1.190118,49917,BACKGROUND_STABLE,10579,1.257566,2.244553,2.785548,1.19075,2.156678,2.518111,-0.297151,-0.376212,335,3,0.760983,0.297287,0.835647,3145,37986,159.822203,38.152359,38.152359,1.960832,AXIS_RESOLVED,157.187973,35.518129,35.518129,2.067099,AXIS_RESOLVED,56.382558,-65.287286,65.287286,,AXIS_COMPONENT_LAYOUT_RESOLVED,TOP_COMPONENTS_TO_80_PERCENT_ENERGY,GLOBAL_AND_COMPONENT_AXIS_CONSISTENT,20.177797,22.812027,56.382558,20.177797,22.812027,6.95713,COMPONENT_SPLIT_OR_MERGE,PARTIAL_SUPPORT_BELOW_ENVELOPE,0.755447,0.043322,0,0
WGV35A_PAIR_0211_S2A_002,WGV35A_PAIR_0211,326,PV_GM19_SILVER_MPV_NEAR_FIELD,273,counterfactual,center_shift,range,shift,-0.15,0,-0.15,0,,,SAR_MASK_S1_PARTIALLY_CENSORED_CENTER_INSIDE,SAR_MASK_S1_PARTIALLY_CENSORED_CENTER_INSIDE;bottom_near_range_mask;center_semantics_mask_censored_or_unconfirmed;bbox_bottom_within_110px_of_near_range_mask;observed_box_may_be_masked_response_center_not_full_vehicle_center,REAL_SAR_GRAY_REMEASURED,false,BASE_REGION_FROZEN_BACKGROUND,PERTURBED_LOCAL_RING_BACKGROUND,32,30,47743,4.577469,2.840359,1.611581,59168,BACKGROUND_STABLE,10430,1.284094,2.162484,2.523092,1.154938,2.132307,2.521927,-0.293255,-0.391814,328,2,0.802044,0.310834,0.862221,3242,38292,161.173628,39.503839,39.503839,2.11537,AXIS_RESOLVED,159.188019,37.51823,37.51823,2.295478,AXIS_RESOLVED,159.188019,37.51823,37.51823,2.295478,AXIS_RESOLVED,TOP_COMPONENTS_TO_80_PERCENT_ENERGY,GLOBAL_AND_COMPONENT_AXIS_CONSISTENT,18.826372,20.811981,20.811981,18.826317,20.811926,20.811926,COMPONENT_SPLIT_OR_MERGE,PARTIAL_SUPPORT_BELOW_ENVELOPE,0.837516,0.067693,0,0
WGV35A_PAIR_0211_S2A_003,WGV35A_PAIR_0211,326,PV_GM19_SILVER_MPV_NEAR_FIELD,273,counterfactual,center_shift,range,shift,0.15,0,0.15,0,,,SAR_MASK_S1_PARTIALLY_CENSORED_CENTER_INSIDE,SAR_MASK_S1_PARTIALLY_CENSORED_CENTER_INSIDE;bottom_near_range_mask;center_semantics_mask_censored_or_unconfirmed;bbox_bottom_within_110px_of_near_range_mask;observed_box_may_be_masked_response_center_not_full_vehicle_center,REAL_SAR_GRAY_REMEASURED,false,BASE_REGION_FROZEN_BACKGROUND,PERTURBED_LOCAL_RING_BACKGROUND,32,32,51965,4.94528,5.697758,0.867934,51965,BACKGROUND_STABLE,10508,1.194563,2.362434,2.909897,1.196557,2.168277,2.541983,-0.292299,-0.376839,325,2,0.813836,0.330986,0.882363,3478,42291,159.227886,37.557991,37.557991,1.771062,AXIS_RESOLVED,157.199244,35.529349,35.529349,1.422913,AXIS_RESOLVED,157.199244,35.529349,35.529349,1.422913,AXIS_RESOLVED,TOP_COMPONENTS_TO_80_PERCENT_ENERGY,GLOBAL_AND_COMPONENT_AXIS_CONSISTENT,20.772114,22.800756,22.800756,20.772165,22.800807,22.800807,COMPONENT_SPLIT_OR_MERGE,PARTIAL_SUPPORT_BELOW_ENVELOPE,0.637566,0.031723,0,0
WGV35A_PAIR_0211_S2A_004,WGV35A_PAIR_0211,326,PV_GM19_SILVER_MPV_NEAR_FIELD,273,counterfactual,center_shift,azimuth,shift,-0.15,0,0,-0.15,,,SAR_MASK_S1_PARTIALLY_CENSORED_CENTER_INSIDE,SAR_MASK_S1_PARTIALLY_CENSORED_CENTER_INSIDE;bottom_near_range_mask;center_semantics_mask_censored_or_unconfirmed;bbox_bottom_within_110px_of_near_range_mask;observed_box_may_be_masked_response_center_not_full_vehicle_center,REAL_SAR_GRAY_REMEASURED,false,BASE_REGION_FROZEN_BACKGROUND,PERTURBED_LOCAL_RING_BACKGROUND,32,32,51918,5.01139,4.954955,1.01139,51918,BACKGROUND_STABLE,10360,1.232817,2.261617,2.794972,1.271766,2.269411,2.62223,-0.242987,-0.285762,335,3,0.741419,0.303185,0.820563,3141,38493,161.236598,41.614804,41.614804,1.854024,AXIS_RESOLVED,157.013141,37.391346,37.391346,1.96928,AXIS_RESOLVED,55.961572,-63.660223,63.660223,,AXIS_COMPONENT_LAYOUT_RESOLVED,TOP_COMPONENTS_TO_80_PERCENT_ENERGY,GLOBAL_AND_COMPONENT_AXIS_CONSISTENT,18.763402,22.986859,55.961572,16.715352,20.93881,5.330067,COMPONENT_SPLIT_OR_MERGE,PARTIAL_SUPPORT_BELOW_ENVELOPE,0.038383,0.730589,0,0
WGV35A_PAIR_0211_S2A_005,WGV35A_PAIR_0211,326,PV_GM19_SILVER_MPV_NEAR_FIELD,273,counterfactual,center_shift,azimuth,shift,0.15,0,0,0.15,,,SAR_MASK_S1_PARTIALLY_CENSORED_CENTER_INSIDE,SAR_MASK_S1_PARTIALLY_CENSORED_CENTER_INSIDE;bottom_near_range_mask;center_semantics_mask_censored_or_unconfirmed;bbox_bottom_within_110px_of_near_range_mask;observed_box_may_be_masked_response_center_not_full_vehicle_center,REAL_SAR_GRAY_REMEASURED,false,BASE_REGION_FROZEN_BACKGROUND,PERTURBED_LOCAL_RING_BACKGROUND,32,30,46705,4.477948,3.389686,1.321051,57869,BACKGROUND_STABLE,10430,1.206748,2.205778,2.638129,1.065695,2.030316,2.412917,-0.357237,-0.469905,319,2,0.781501,0.290412,0.849224,3029,36500,160.104229,36.386332,36.386332,2.023703,AXIS_RESOLVED,157.29264,33.574742,33.574742,2.143465,AXIS_RESOLVED,54.299482,-69.418415,69.418415,129524973.424183,AXIS_COMPONENT_LAYOUT_RESOLVED,TOP_COMPONENTS_TO_80_PERCENT_ENERGY,GLOBAL_AND_COMPONENT_AXIS_CONSISTENT,19.895771,22.70736,54.299482,21.943824,24.755414,11.088259,COMPONENT_SPLIT_OR_MERGE,PARTIAL_SUPPORT_BELOW_ENVELOPE,0.794223,0.069684,0,0
WGV35A_PAIR_0211_S2A_006,WGV35A_PAIR_0211,326,PV_GM19_SILVER_MPV_NEAR_FIELD,273,counterfactual,center_shift,range,shift,-0.3,0,-0.3,0,,,SAR_MASK_S1_PARTIALLY_CENSORED_CENTER_INSIDE,SAR_MASK_S1_PARTIALLY_CENSORED_CENTER_INSIDE;bottom_near_range_mask;center_semantics_mask_censored_or_unconfirmed;bbox_bottom_within_110px_of_near_range_mask;observed_box_may_be_masked_response_center_not_full_vehicle_center,REAL_SAR_GRAY_REMEASURED,false,BASE_REGION_FROZEN_BACKGROUND,PERTURBED_LOCAL_RING_BACKGROUND,32,31,46352,4.474131,2.704054,1.654601,51656,BACKGROUND_STABLE,10360,1.286751,2.117888,2.404716,1.13653,2.058358,2.523914,-0.262405,-0.412428,324,2,0.835066,0.323552,0.88624,3352,38707,162.384417,40.714455,40.714455,2.153149,AXIS_RESOLVED,159.553283,37.883321,37.883321,2.42753,AXIS_RESOLVED,159.553283,37.883321,37.883321,2.42753,AXIS_RESOLVED,TOP_COMPONENTS_TO_80_PERCENT_ENERGY,GLOBAL_AND_COMPONENT_AXIS_CONSISTENT,17.615583,20.446717,20.446717,17.615701,20.446835,20.446835,SAME_COMPONENT_PERSISTENT,PARTIAL_SUPPORT_BELOW_ENVELOPE,0.882112,0.041641,0,0
WGV35A_PAIR_0211_S2A_007,WGV35A_PAIR_0211,326,PV_GM19_SILVER_MPV_NEAR_FIELD,273,counterfactual,center_shift,range,shift,0.3,0,0.3,0,,,SAR_MASK_S1_PARTIALLY_CENSORED_CENTER_INSIDE,SAR_MASK_S1_PARTIALLY_CENSORED_CENTER_INSIDE;bottom_near_range_mask;center_semantics_mask_censored_or_unconfirmed;bbox_bottom_within_110px_of_near_range_mask;observed_box_may_be_masked_response_center_not_full_vehicle_center,REAL_SAR_GRAY_REMEASURED,false,BASE_REGION_FROZEN_BACKGROUND,PERTURBED_LOCAL_RING_BACKGROUND,32,32,53049,5.086194,6.290134,0.808599,53049,BACKGROUND_STABLE,10430,0.990965,2.372713,2.963115,1.325543,2.376858,2.885522,-0.185343,-0.4263,300,1,0.900846,0.400288,0.916907,4175,47789,170.358238,48.688496,48.688496,1.529439,AXIS_RESOLVED,171.246669,49.576928,49.576928,1.389493,AXIS_RESOLVED,171.246669,49.576928,49.576928,1.389493,AXIS_RESOLVED,TOP_COMPONENTS_TO_80_PERCENT_ENERGY,GLOBAL_AND_COMPONENT_AXIS_CONSISTENT,9.641762,8.753331,8.753331,9.64166,8.753228,8.753228,COMPONENT_SPLIT_OR_MERGE,PARTIAL_SUPPORT_BELOW_ENVELOPE,0.027287,0.623142,0,0
WGV35A_PAIR_0211_S2A_008,WGV35A_PAIR_0211,326,PV_GM19_SILVER_MPV_NEAR_FIELD,273,counterfactual,center_shift,azimuth,shift,-0.3,0,0,-0.3,,,SAR_MASK_S1_PARTIALLY_CENSORED_CENTER_INSIDE,SAR_MASK_S1_PARTIALLY_CENSORED_CENTER_INSIDE;bottom_near_range_mask;center_semantics_mask_censored_or_unconfirmed;bbox_bottom_within_110px_of_near_range_mask;observed_box_may_be_masked_response_center_not_full_vehicle_center,REAL_SAR_GRAY_REMEASURED,false,BASE_REGION_FROZEN_BACKGROUND,PERTURBED_LOCAL_RING_BACKGROUND,32,32,55641,5.295108,6.295067,0.841152,55641,BACKGROUND_STABLE,10508,1.193048,2.324473,2.817705,1.35888,2.39915,2.78769,-0.159294,-0.211263,331,1,0.873924,0.398649,0.910012,4189,48626,163.703567,46.124961,46.124961,1.687422,AXIS_RESOLVED,156.334329,38.755723,38.755723,1.793918,AXIS_RESOLVED,156.334329,38.755723,38.755723,1.793918,AXIS_RESOLVED,TOP_COMPONENTS_TO_80_PERCENT_ENERGY,GLOBAL_AND_COMPONENT_AXIS_CONSISTENT,16.296433,23.665671,23.665671,12.205195,19.574433,19.574433,COMPONENT_SPLIT_OR_MERGE,PARTIAL_SUPPORT_BELOW_ENVELOPE,0.075527,0.60085,0,0
WGV35A_PAIR_0211_S2A_009,WGV35A_PAIR_0211,326,PV_GM19_SILVER_MPV_NEAR_FIELD,273,counterfactual,center_shift,azimuth,shift,0.3,0,0,0.3,,,SAR_MASK_S1_PARTIALLY_CENSORED_CENTER_INSIDE,SAR_MASK_S1_PARTIALLY_CENSORED_CENTER_INSIDE;bottom_near_range_mask;center_semantics_mask_censored_or_unconfirmed;bbox_bottom_within_110px_of_near_range_mask;observed_box_may_be_masked_response_center_not_full_vehicle_center,REAL_SAR_GRAY_REMEASURED,false,BASE_REGION_FROZEN_BACKGROUND,PERTURBED_LOCAL_RING_BACKGROUND,32,30,43710,4.219112,3.001351,1.405737,54209,BACKGROUND_STABLE,10360,1.162814,2.169851,2.525294,0.972088,1.899594,2.321488,-0.402661,-0.559409,305,2,0.799359,0.283398,0.861885,2936,34940,160.228205,34.467139,34.467139,1.988672,AXIS_RESOLVED,156.135143,30.374077,30.374077,2.103477,AXIS_RESOLVED,50.60338,-75.157686,75.157686,104067987.740305,AXIS_COMPONENT_LAYOUT_RESOLVED,TOP_COMPONENTS_TO_80_PERCENT_ENERGY,GLOBAL_AND_COMPONENT_AXIS_CONSISTENT,19.771795,23.864857,50.60338,23.863017,27.956079,16.82753,COMPONENT_SPLIT_OR_MERGE,PARTIAL_SUPPORT_BELOW_ENVELOPE,0.830149,0.000406,0,0
WGV35A_PAIR_0211_S2A_010,WGV35A_PAIR_0211,326,PV_GM19_SILVER_MPV_NEAR_FIELD,273,counterfactual,center_shift,range,shift,-0.45,0,-0.45,0,,,SAR_MASK_S1_PARTIALLY_CENSORED_CENTER_INSIDE,SAR_MASK_S1_PARTIALLY_CENSORED_CENTER_INSIDE;bottom_near_range_mask;center_semantics_mask_censored_or_unconfirmed;bbox_bottom_within_110px_of_near_range_mask;observed_box_may_be_masked_response_center_not_full_vehicle_center,REAL_SAR_GRAY_REMEASURED,false,BASE_REGION_FROZEN_BACKGROUND,PERTURBED_LOCAL_RING_BACKGROUND,32,30,45945,4.343038,2.464286,1.762392,57189,BACKGROUND_STABLE,10579,1.368319,2.103794,2.425936,1.129404,1.997512,2.47219,-0.246139,-0.428243,316,1,0.853912,0.333869,0.898074,3532,39233,162.328233,40.658325,40.658325,2.179779,AXIS_RESOLVED,159.64128,37.971372,37.971372,2.605482,AXIS_RESOLVED,159.64128,37.971372,37.971372,2.605482,AXIS_RESOLVED,TOP_COMPONENTS_TO_80_PERCENT_ENERGY,GLOBAL_AND_COMPONENT_AXIS_CONSISTENT,17.671767,20.35872,20.35872,17.671831,20.358784,20.358784,SAME_COMPONENT_PERSISTENT,PARTIAL_SUPPORT_BELOW_ENVELOPE,0.896206,0.002488,0,0
WGV35A_PAIR_0211_S2A_011,WGV35A_PAIR_0211,326,PV_GM19_SILVER_MPV_NEAR_FIELD,273,counterfactual,center_shift,range,shift,0.45,0,0.45,0,,,SAR_MASK_S1_PARTIALLY_CENSORED_CENTER_INSIDE,SAR_MASK_S1_PARTIALLY_CENSORED_CENTER_INSIDE;bottom_near_range_mask;center_semantics_mask_censored_or_unconfirmed;bbox_bottom_within_110px_of_near_range_mask;observed_box_may_be_masked_response_center_not_full_vehicle_center,REAL_SAR_GRAY_REMEASURED,false,BASE_REGION_FROZEN_BACKGROUND,PERTURBED_LOCAL_RING_BACKGROUND,32,32,52202,5.004986,5.651569,0.885592,52202,BACKGROUND_STABLE,10430,0.870265,2.028354,2.667004,1.42154,2.52591,3.062259,-0.121459,-0.445035,298,2,0.825007,0.364909,0.891288,3806,43067,1.00408,59.334288,59.334288,1.551758,AXIS_RESOLVED,20.836743,79.16695,79.16695,1.609205,AXIS_RESOLVED,20.836743,79.16695,79.16695,1.609205,AXIS_RESOLVED,TOP_COMPONENTS_TO_80_PERCENT_ENERGY,GLOBAL_AND_COMPONENT_AXIS_CONSISTENT,1.00408,20.836743,20.836743,1.004132,20.836794,20.836794,COMPONENT_IDENTITY_SWITCH,PARTIAL_SUPPORT_BELOW_ENVELOPE,0.071646,0.47409,0,0
WGV35A_PAIR_0211_S2A_012,WGV35A_PAIR_0211,326,PV_GM19_SILVER_MPV_NEAR_FIELD,273,counterfactual,center_shift,azimuth,shift,-0.45,0,0,-0.45,,,SAR_MASK_S1_PARTIALLY_CENSORED_CENTER_INSIDE,SAR_MASK_S1_PARTIALLY_CENSORED_CENTER_INSIDE;bottom_near_range_mask;center_semantics_mask_censored_or_unconfirmed;bbox_bottom_within_110px_of_near_range_mask;observed_box_may_be_masked_response_center_not_full_vehicle_center,REAL_SAR_GRAY_REMEASURED,false,BASE_REGION_FROZEN_BACKGROUND,PERTURBED_LOCAL_RING_BACKGROUND,32,32,57212,5.485331,6.673991,0.821897,57212,BACKGROUND_STABLE,10430,1.023411,2.297953,2.728457,1.488054,2.605788,3.2554,-0.043568,-0.162274,323,1,0.913672,0.42838,0.928564,4468,52273,173.944193,58.398053,58.398053,1.56287,AXIS_RESOLVED,174.11455,58.56841,58.56841,1.487195,AXIS_RESOLVED,174.11455,58.56841,58.56841,1.487195,AXIS_RESOLVED,TOP_COMPONENTS_TO_80_PERCENT_ENERGY,GLOBAL_AND_COMPONENT_AXIS_CONSISTENT,6.055807,5.88545,5.88545,0.067897,0.238254,0.238254,COMPONENT_IDENTITY_SWITCH,PARTIAL_SUPPORT_BELOW_ENVELOPE,0.002047,0.394212,0,0
WGV35A_PAIR_0211_S2A_013,WGV35A_PAIR_0211,326,PV_GM19_SILVER_MPV_NEAR_FIELD,273,counterfactual,center_shift,azimuth,shift,0.45,0,0,0.45,,,SAR_MASK_S1_PARTIALLY_CENSORED_CENTER_INSIDE,SAR_MASK_S1_PARTIALLY_CENSORED_CENTER_INSIDE;bottom_near_range_mask;center_semantics_mask_censored_or_unconfirmed;bbox_bottom_within_110px_of_near_range_mask;observed_box_may_be_masked_response_center_not_full_vehicle_center,REAL_SAR_GRAY_REMEASURED,false,BASE_REGION_FROZEN_BACKGROUND,PERTURBED_LOCAL_RING_BACKGROUND,32,30,40111,3.817187,3.62287,1.053636,50163,BACKGROUND_STABLE,10508,1.083715,2.031025,2.41371,0.861182,1.762051,2.255516,-0.408342,-0.634899,302,2,0.803196,0.269509,0.864277,2832,32217,161.049281,33.255746,33.255746,1.846991,AXIS_RESOLVED,153.839237,26.045701,26.045701,1.949822,AXIS_RESOLVED,153.839237,26.045701,26.045701,1.949822,AXIS_RESOLVED,TOP_COMPONENTS_TO_80_PERCENT_ENERGY,GLOBAL_AND_COMPONENT_AXIS_CONSISTENT,18.950719,26.160763,26.160763,25.07441,32.284455,32.284455,COMPONENT_SPLIT_OR_MERGE,PARTIAL_SUPPORT_BELOW_ENVELOPE,0.968975,0.037949,0,0
WGV35A_PAIR_0211_S2A_014,WGV35A_PAIR_0211,326,PV_GM19_SILVER_MPV_NEAR_FIELD,273,counterfactual,diagonal_center_shift,range+azimuth,shift,0.15,0,-0.15,-0.15,,,SAR_MASK_S1_PARTIALLY_CENSORED_CENTER_INSIDE,SAR_MASK_S1_PARTIALLY_CENSORED_CENTER_INSIDE;bottom_near_range_mask;center_semantics_mask_censored_or_unconfirmed;bbox_bottom_within_110px_of_near_range_mask;observed_box_may_be_masked_response_center_not_full_vehicle_center,REAL_SAR_GRAY_REMEASURED,false,BASE_REGION_FROZEN_BACKGROUND,PERTURBED_LOCAL_RING_BACKGROUND,32,31,49620,4.75743,3.281614,1.449723,55270,BACKGROUND_STABLE,10430,1.286665,2.168137,2.611098,1.257321,2.24968,2.605564,-0.224135,-0.27537,337,3,0.774405,0.309588,0.842825,3229,38426,161.500099,41.954616,41.954616,2.032778,AXIS_RESOLVED,158.891742,39.346259,39.346259,2.241297,AXIS_RESOLVED,58.217639,-61.327844,61.327844,,AXIS_COMPONENT_LAYOUT_RESOLVED,TOP_COMPONENTS_TO_80_PERCENT_ENERGY,GLOBAL_AND_COMPONENT_AXIS_CONSISTENT,18.499901,21.108258,58.217639,16.37554,18.983897,2.997688,COMPONENT_SPLIT_OR_MERGE,PARTIAL_SUPPORT_BELOW_ENVELOPE,0.031863,0.75032,0,0
WGV35A_PAIR_0211_S2A_015,WGV35A_PAIR_0211,326,PV_GM19_SILVER_MPV_NEAR_FIELD,273,counterfactual,diagonal_center_shift,range+azimuth,shift,0.15,0,-0.15,0.15,,,SAR_MASK_S1_PARTIALLY_CENSORED_CENTER_INSIDE,SAR_MASK_S1_PARTIALLY_CENSORED_CENTER_INSIDE;bottom_near_range_mask;center_semantics_mask_censored_or_unconfirmed;bbox_bottom_within_110px_of_near_range_mask;observed_box_may_be_masked_response_center_not_full_vehicle_center,REAL_SAR_GRAY_REMEASURED,false,BASE_REGION_FROZEN_BACKGROUND,PERTURBED_LOCAL_RING_BACKGROUND,32,30,45887,4.366863,2.920628,1.49518,56896,BACKGROUND_STABLE,10508,1.249114,2.165681,2.474082,1.050449,2.019827,2.411071,-0.335217,-0.492173,320,2,0.817334,0.303769,0.873799,3192,37505,160.744634,36.950668,36.950668,2.101297,AXIS_RESOLVED,158.063894,34.269927,34.269927,2.284777,AXIS_RESOLVED,158.063894,34.269927,34.269927,2.284777,AXIS_RESOLVED,TOP_COMPONENTS_TO_80_PERCENT_ENERGY,GLOBAL_AND_COMPONENT_AXIS_CONSISTENT,19.255366,21.936106,21.936106,21.379488,24.060229,24.060229,COMPONENT_SPLIT_OR_MERGE,PARTIAL_SUPPORT_BELOW_ENVELOPE,0.834319,0.080173,0,0
WGV35A_PAIR_0211_S2A_016,WGV35A_PAIR_0211,326,PV_GM19_SILVER_MPV_NEAR_FIELD,273,counterfactual,diagonal_center_shift,range+azimuth,shift,0.15,0,0.15,-0.15,,,SAR_MASK_S1_PARTIALLY_CENSORED_CENTER_INSIDE,SAR_MASK_S1_PARTIALLY_CENSORED_CENTER_INSIDE;bottom_near_range_mask;center_semantics_mask_censored_or_unconfirmed;bbox_bottom_within_110px_of_near_range_mask;observed_box_may_be_masked_response_center_not_full_vehicle_center,REAL_SAR_GRAY_REMEASURED,false,BASE_REGION_FROZEN_BACKGROUND,PERTURBED_LOCAL_RING_BACKGROUND,32,32,54273,5.203547,6.788341,0.766542,54273,BACKGROUND_STABLE,10430,1.117405,2.384408,2.922372,1.336871,2.342269,2.736177,-0.212492,-0.31775,314,1,0.909237,0.411793,0.924935,4295,49347,164.022798,44.330495,44.330495,1.664369,AXIS_RESOLVED,162.750243,43.057941,43.057941,1.575375,AXIS_RESOLVED,162.750243,43.057941,43.057941,1.575375,AXIS_RESOLVED,TOP_COMPONENTS_TO_80_PERCENT_ENERGY,GLOBAL_AND_COMPONENT_AXIS_CONSISTENT,15.977202,17.249757,17.249757,13.999661,15.272215,15.272215,COMPONENT_SPLIT_OR_MERGE,PARTIAL_SUPPORT_BELOW_ENVELOPE,0.615592,0.057731,0,0
WGV35A_PAIR_0211_S2A_017,WGV35A_PAIR_0211,326,PV_GM19_SILVER_MPV_NEAR_FIELD,273,counterfactual,diagonal_center_shift,range+azimuth,shift,0.15,0,0.15,0.15,,,SAR_MASK_S1_PARTIALLY_CENSORED_CENTER_INSIDE,SAR_MASK_S1_PARTIALLY_CENSORED_CENTER_INSIDE;bottom_near_range_mask;center_semantics_mask_censored_or_unconfirmed;bbox_bottom_within_110px_of_near_range_mask;observed_box_may_be_masked_response_center_not_full_vehicle_center,REAL_SAR_GRAY_REMEASURED,false,BASE_REGION_FROZEN_BACKGROUND,PERTURBED_LOCAL_RING_BACKGROUND,32,31,48222,4.623394,4.213005,1.09741,53647,BACKGROUND_STABLE,10430,1.164217,2.288199,2.894961,1.107681,2.040785,2.455947,-0.354882,-0.450841,323,3,0.742918,0.280153,0.824105,2922,35825,159.261855,35.614232,35.614232,1.873349,AXIS_RESOLVED,154.737547,31.089923,31.089923,1.866371,AXIS_RESOLVED,51.716994,-71.93063,71.93063,,AXIS_COMPONENT_LAYOUT_RESOLVED,TOP_COMPONENTS_TO_80_PERCENT_ENERGY,GLOBAL_AND_COMPONENT_AXIS_CONSISTENT,20.738145,25.262453,51.716994,22.715924,27.240233,13.600474,COMPONENT_SPLIT_OR_MERGE,PARTIAL_SUPPORT_BELOW_ENVELOPE,0.711801,0.059215,0,0
WGV35A_PAIR_0211_S2A_018,WGV35A_PAIR_0211,326,PV_GM19_SILVER_MPV_NEAR_FIELD,273,counterfactual,diagonal_center_shift,range+azimuth,shift,0.3,0,-0.3,-0.3,,,SAR_MASK_S1_PARTIALLY_CENSORED_CENTER_INSIDE,SAR_MASK_S1_PARTIALLY_CENSORED_CENTER_INSIDE;bottom_near_range_mask;center_semantics_mask_censored_or_unconfirmed;bbox_bottom_within_110px_of_near_range_mask;observed_box_may_be_masked_response_center_not_full_vehicle_center,REAL_SAR_GRAY_REMEASURED,false,BASE_REGION_FROZEN_BACKGROUND,PERTURBED_LOCAL_RING_BACKGROUND,32,31,48864,4.684947,3.017937,1.552367,54502,BACKGROUND_STABLE,10430,1.297584,2.099685,2.472569,1.274281,2.278615,2.654593,-0.151645,-0.152361,347,2,0.793611,0.317641,0.85521,3313,38779,161.72678,44.462039,44.462039,2.076284,AXIS_RESOLVED,159.35489,42.090149,42.090149,2.332673,AXIS_RESOLVED,58.612562,-58.65218,58.65218,,AXIS_COMPONENT_LAYOUT_RESOLVED,TOP_COMPONENTS_TO_80_PERCENT_ENERGY,GLOBAL_AND_COMPONENT_AXIS_CONSISTENT,18.27322,20.64511,58.612562,13.868117,16.240007,0.322024,COMPONENT_SPLIT_OR_MERGE,PARTIAL_SUPPORT_BELOW_ENVELOPE,0.000315,0.721385,0,0
WGV35A_PAIR_0211_S2A_019,WGV35A_PAIR_0211,326,PV_GM19_SILVER_MPV_NEAR_FIELD,273,counterfactual,diagonal_center_shift,range+azimuth,shift,0.3,0,-0.3,0.3,,,SAR_MASK_S1_PARTIALLY_CENSORED_CENTER_INSIDE,SAR_MASK_S1_PARTIALLY_CENSORED_CENTER_INSIDE;bottom_near_range_mask;center_semantics_mask_censored_or_unconfirmed;bbox_bottom_within_110px_of_near_range_mask;observed_box_may_be_masked_response_center_not_full_vehicle_center,REAL_SAR_GRAY_REMEASURED,false,BASE_REGION_FROZEN_BACKGROUND,PERTURBED_LOCAL_RING_BACKGROUND,32,30,42943,4.059268,2.938393,1.381459,53309,BACKGROUND_STABLE,10579,1.310719,2.143072,2.440622,0.95987,1.835877,2.285834,-0.398149,-0.614513,293,1,0.859837,0.307969,0.898656,3258,36924,161.195959,35.120796,35.120796,2.170512,AXIS_RESOLVED,158.460555,32.385392,32.385392,2.52406,AXIS_RESOLVED,158.460555,32.385392,32.385392,2.52406,AXIS_RESOLVED,TOP_COMPONENTS_TO_80_PERCENT_ENERGY,GLOBAL_AND_COMPONENT_AXIS_CONSISTENT,18.804041,21.539445,21.539445,23.20936,25.944764,25.944764,SAME_COMPONENT_PERSISTENT,PARTIAL_SUPPORT_BELOW_ENVELOPE,0.856928,0.064123,0,0
WGV35A_PAIR_0211_S2A_020,WGV35A_PAIR_0211,326,PV_GM19_SILVER_MPV_NEAR_FIELD,273,counterfactual,diagonal_center_shift,range+azimuth,shift,0.3,0,0.3,-0.3,,,SAR_MASK_S1_PARTIALLY_CENSORED_CENTER_INSIDE,SAR_MASK_S1_PARTIALLY_CENSORED_CENTER_INSIDE;bottom_near_range_mask;center_semantics_mask_censored_or_unconfirmed;bbox_bottom_within_110px_of_near_range_mask;observed_box_may_be_masked_response_center_not_full_vehicle_center,REAL_SAR_GRAY_REMEASURED,false,BASE_REGION_FROZEN_BACKGROUND,PERTURBED_LOCAL_RING_BACKGROUND,32,33,57153,5.516699,5.966216,0.924656,51477,BACKGROUND_STABLE,10360,0.841843,1.925422,2.589116,1.619531,2.784559,3.371688,-0.024013,-0.365088,308,2,0.828373,0.389672,0.908089,4037,47344,5.523841,67.673074,67.673074,1.656456,AXIS_RESOLVED,19.570384,81.719616,81.719616,1.916672,AXIS_RESOLVED,19.570384,81.719616,81.719616,1.916672,AXIS_RESOLVED,TOP_COMPONENTS_TO_80_PERCENT_ENERGY,GLOBAL_AND_COMPONENT_AXIS_CONSISTENT,5.523841,19.570384,19.570384,9.342918,23.38946,23.38946,COMPONENT_IDENTITY_SWITCH,WITHIN_VEHICLE_PROJECTION_ENVELOPE,0.074578,0.215441,0,0
WGV35A_PAIR_0211_S2A_021,WGV35A_PAIR_0211,326,PV_GM19_SILVER_MPV_NEAR_FIELD,273,counterfactual,diagonal_center_shift,range+azimuth,shift,0.3,0,0.3,0.3,,,SAR_MASK_S1_PARTIALLY_CENSORED_CENTER_INSIDE,SAR_MASK_S1_PARTIALLY_CENSORED_CENTER_INSIDE;bottom_near_range_mask;center_semantics_mask_censored_or_unconfirmed;bbox_bottom_within_110px_of_near_range_mask;observed_box_may_be_masked_response_center_not_full_vehicle_center,REAL_SAR_GRAY_REMEASURED,false,BASE_REGION_FROZEN_BACKGROUND,PERTURBED_LOCAL_RING_BACKGROUND,32,30.5,46308,4.406928,4.90852,0.897812,54654.5,BACKGROUND_STABLE,10508,1.043567,2.242115,2.984666,1.015304,1.96006,2.479815,-0.350077,-0.516635,318,2,0.803446,0.303007,0.876609,3184,37206,159.986186,34.497484,34.497484,1.648765,AXIS_RESOLVED,162.041232,36.552529,36.552529,1.181153,AXIS_NEAR_ISOTROPIC,162.041232,36.552529,36.552529,1.181153,AXIS_NEAR_ISOTROPIC,TOP_COMPONENTS_TO_80_PERCENT_ENERGY,NO_RESOLVED_AXIS_EVIDENCE,20.013814,17.958768,17.958768,23.832672,21.777627,21.777627,COMPONENT_SPLIT_OR_MERGE,PARTIAL_SUPPORT_BELOW_ENVELOPE,0.757885,0.03994,0,0
WGV35A_PAIR_0211_S2A_022,WGV35A_PAIR_0211,326,PV_GM19_SILVER_MPV_NEAR_FIELD,273,counterfactual,single_boundary_shift,range_near,near_outward,-0.15,0,0,0,range_near,,SAR_MASK_S1_PARTIALLY_CENSORED_CENTER_INSIDE,SAR_MASK_S1_PARTIALLY_CENSORED_CENTER_INSIDE;bottom_near_range_mask;center_semantics_mask_censored_or_unconfirmed;bbox_bottom_within_110px_of_near_range_mask;observed_box_may_be_masked_response_center_not_full_vehicle_center,REAL_SAR_GRAY_REMEASURED,false,BASE_REGION_FROZEN_BACKGROUND,PERTURBED_LOCAL_RING_BACKGROUND,32,27,91329,3.92965,2.331947,1.685137,156310,COUNTERFACTUAL_BACKGROUND_SENSITIVE,23241,1.475588,3.103378,3.511901,1.401145,2.469041,2.987155,0.149288,-0.785005,581,1,0.909667,0.335958,0.918996,7808,83079,126.207785,4.538036,4.538036,1.201268,AXIS_RESOLVED,119.408039,-2.26171,2.26171,1.228913,AXIS_RESOLVED,119.408039,-2.26171,2.26171,1.228913,AXIS_RESOLVED,TOP_COMPONENTS_TO_80_PERCENT_ENERGY,GLOBAL_AND_COMPONENT_AXIS_CONSISTENT,53.792215,60.591961,60.591961,53.79212,56.068446,56.068446,COMPONENT_SPLIT_OR_MERGE,WITHIN_VEHICLE_PROJECTION_ENVELOPE,0,0.030959,0.003378,0
WGV35A_PAIR_0211_S2A_023,WGV35A_PAIR_0211,326,PV_GM19_SILVER_MPV_NEAR_FIELD,273,counterfactual,single_boundary_shift,range_near,near_inward,0.15,0,0,0,range_near,,SAR_MASK_S1_PARTIALLY_CENSORED_CENTER_INSIDE,SAR_MASK_S1_PARTIALLY_CENSORED_CENTER_INSIDE;bottom_near_range_mask;center_semantics_mask_censored_or_unconfirmed;bbox_bottom_within_110px_of_near_range_mask;observed_box_may_be_masked_response_center_not_full_vehicle_center,REAL_SAR_GRAY_REMEASURED,false,BASE_REGION_FROZEN_BACKGROUND,PERTURBED_LOCAL_RING_BACKGROUND,32,29,88052,4.078747,2.657031,1.535077,122176,COUNTERFACTUAL_BACKGROUND_SENSITIVE,21588,1.394671,2.966433,3.373797,1.428169,2.489937,3.000749,0.074748,-0.775687,556,1,0.90835,0.340838,0.918026,7358,79982,125.423323,3.753388,3.753388,1.130576,AXIS_NEAR_ISOTROPIC,116.13132,-5.538616,5.538616,1.157261,AXIS_NEAR_ISOTROPIC,116.13132,-5.538616,5.538616,1.157261,AXIS_NEAR_ISOTROPIC,TOP_COMPONENTS_TO_80_PERCENT_ENERGY,NO_RESOLVED_AXIS_EVIDENCE,54.576677,63.86868,63.86868,54.576768,52.79154,52.79154,COMPONENT_SPLIT_OR_MERGE,WITHIN_VEHICLE_PROJECTION_ENVELOPE,0.033567,0.010063,0,0
WGV35A_PAIR_0211_S2A_024,WGV35A_PAIR_0211,326,PV_GM19_SILVER_MPV_NEAR_FIELD,273,counterfactual,single_boundary_shift,range_far,far_inward,-0.15,0,0,0,range_far,,SAR_MASK_S1_PARTIALLY_CENSORED_CENTER_INSIDE,SAR_MASK_S1_PARTIALLY_CENSORED_CENTER_INSIDE;bottom_near_range_mask;center_semantics_mask_censored_or_unconfirmed;bbox_bottom_within_110px_of_near_range_mask;observed_box_may_be_masked_response_center_not_full_vehicle_center,REAL_SAR_GRAY_REMEASURED,false,BASE_REGION_FROZEN_BACKGROUND,PERTURBED_LOCAL_RING_BACKGROUND,32,27,88170,4.0975,2.294141,1.786072,148878,COUNTERFACTUAL_BACKGROUND_SENSITIVE,21518,1.398327,2.973725,3.380259,1.39899,2.465062,2.982181,0.142777,-0.780082,527,1,0.923806,0.35073,0.933469,7547,81452,125.132443,3.462694,3.462694,1.155014,AXIS_NEAR_ISOTROPIC,117.556162,-4.113587,4.113587,1.19835,AXIS_NEAR_ISOTROPIC,117.556162,-4.113587,4.113587,1.19835,AXIS_NEAR_ISOTROPIC,TOP_COMPONENTS_TO_80_PERCENT_ENERGY,NO_RESOLVED_AXIS_EVIDENCE,54.867557,62.443838,62.443838,54.867462,54.216569,54.216569,COMPONENT_SPLIT_OR_MERGE,WITHIN_VEHICLE_PROJECTION_ENVELOPE,0.026275,0.034938,0,0
WGV35A_PAIR_0211_S2A_025,WGV35A_PAIR_0211,326,PV_GM19_SILVER_MPV_NEAR_FIELD,273,counterfactual,single_boundary_shift,range_far,far_outward,0.15,0,0,0,range_far,,SAR_MASK_S1_PARTIALLY_CENSORED_CENTER_INSIDE,SAR_MASK_S1_PARTIALLY_CENSORED_CENTER_INSIDE;bottom_near_range_mask;center_semantics_mask_censored_or_unconfirmed;bbox_bottom_within_110px_of_near_range_mask;observed_box_may_be_masked_response_center_not_full_vehicle_center,REAL_SAR_GRAY_REMEASURED,false,BASE_REGION_FROZEN_BACKGROUND,PERTURBED_LOCAL_RING_BACKGROUND,32,27,92129,3.971934,2.413585,1.645657,158145,COUNTERFACTUAL_BACKGROUND_SENSITIVE,23195,1.494825,3.14035,3.546217,1.435795,2.504351,3.032251,0.074628,-0.763922,588,1,0.889785,0.329209,0.903505,7636,81975,130.327568,8.657633,8.657633,1.188014,AXIS_NEAR_ISOTROPIC,117.805696,-3.86424,3.86424,1.197871,AXIS_NEAR_ISOTROPIC,117.805696,-3.86424,3.86424,1.197871,AXIS_NEAR_ISOTROPIC,TOP_COMPONENTS_TO_80_PERCENT_ENERGY,NO_RESOLVED_AXIS_EVIDENCE,49.672432,62.194304,62.194304,49.672523,54.465916,54.465916,COMPONENT_SPLIT_OR_MERGE,WITHIN_VEHICLE_PROJECTION_ENVELOPE,0.012782,0,0,0.000684
WGV35A_PAIR_0211_S2A_026,WGV35A_PAIR_0211,326,PV_GM19_SILVER_MPV_NEAR_FIELD,273,counterfactual,single_boundary_shift,azimuth_left,left_outward,-0.15,0,0,0,azimuth_left,,SAR_MASK_S1_PARTIALLY_CENSORED_CENTER_INSIDE,SAR_MASK_S1_PARTIALLY_CENSORED_CENTER_INSIDE;bottom_near_range_mask;center_semantics_mask_censored_or_unconfirmed;bbox_bottom_within_110px_of_near_range_mask;observed_box_may_be_masked_response_center_not_full_vehicle_center,REAL_SAR_GRAY_REMEASURED,false,BASE_REGION_FROZEN_BACKGROUND,PERTURBED_LOCAL_RING_BACKGROUND,32,27,93668,4.070575,2.431818,1.673881,158963,COUNTERFACTUAL_BACKGROUND_SENSITIVE,23011,1.407366,3.02545,3.438233,1.474803,2.588442,3.120027,0.129862,-0.773048,569,1,0.914838,0.345704,0.923933,7955,85691,121.874781,1.22957,1.22957,1.103467,AXIS_NEAR_ISOTROPIC,111.446379,-9.198832,9.198832,1.126969,AXIS_NEAR_ISOTROPIC,111.446379,-9.198832,9.198832,1.126969,AXIS_NEAR_ISOTROPIC,TOP_COMPONENTS_TO_80_PERCENT_ENERGY,NO_RESOLVED_AXIS_EVIDENCE,58.125219,68.553621,68.553621,57.100586,49.131324,49.131324,COMPONENT_SPLIT_OR_MERGE,WITHIN_VEHICLE_PROJECTION_ENVELOPE,0.059972,0.014734,0,0
WGV35A_PAIR_0211_S2A_027,WGV35A_PAIR_0211,326,PV_GM19_SILVER_MPV_NEAR_FIELD,273,counterfactual,single_boundary_shift,azimuth_left,left_inward,0.15,0,0,0,azimuth_left,,SAR_MASK_S1_PARTIALLY_CENSORED_CENTER_INSIDE,SAR_MASK_S1_PARTIALLY_CENSORED_CENTER_INSIDE;bottom_near_range_mask;center_semantics_mask_censored_or_unconfirmed;bbox_bottom_within_110px_of_near_range_mask;observed_box_may_be_masked_response_center_not_full_vehicle_center,REAL_SAR_GRAY_REMEASURED,false,BASE_REGION_FROZEN_BACKGROUND,PERTURBED_LOCAL_RING_BACKGROUND,32,27,86301,3.973343,2.321484,1.711553,147288,COUNTERFACTUAL_BACKGROUND_SENSITIVE,21720,1.498608,3.05955,3.461872,1.357338,2.368028,2.866513,0.077395,-0.790349,544,1,0.911809,0.339503,0.921681,7374,78690,127.430876,4.736396,4.736396,1.23954,AXIS_RESOLVED,121.033884,-1.660597,1.660597,1.266633,AXIS_RESOLVED,121.033884,-1.660597,1.660597,1.266633,AXIS_RESOLVED,TOP_COMPONENTS_TO_80_PERCENT_ENERGY,GLOBAL_AND_COMPONENT_AXIS_CONSISTENT,52.569124,58.966116,58.966116,53.59376,56.669559,56.669559,COMPONENT_SPLIT_OR_MERGE,WITHIN_VEHICLE_PROJECTION_ENVELOPE,0.018891,0.03527,0,0
WGV35A_PAIR_0211_S2A_028,WGV35A_PAIR_0211,326,PV_GM19_SILVER_MPV_NEAR_FIELD,273,counterfactual,single_boundary_shift,azimuth_right,right_inward,-0.15,0,0,0,azimuth_right,,SAR_MASK_S1_PARTIALLY_CENSORED_CENTER_INSIDE,SAR_MASK_S1_PARTIALLY_CENSORED_CENTER_INSIDE;bottom_near_range_mask;center_semantics_mask_censored_or_unconfirmed;bbox_bottom_within_110px_of_near_range_mask;observed_box_may_be_masked_response_center_not_full_vehicle_center,REAL_SAR_GRAY_REMEASURED,false,BASE_REGION_FROZEN_BACKGROUND,PERTURBED_LOCAL_RING_BACKGROUND,32,29,89914,4.15288,2.494922,1.664533,125009,COUNTERFACTUAL_BACKGROUND_SENSITIVE,21651,1.447316,3.041714,3.450787,1.409042,2.462308,2.999639,0.117477,-0.701332,564,1,0.909191,0.351254,0.918667,7605,81749,125.394918,4.749707,4.749707,1.17266,AXIS_NEAR_ISOTROPIC,117.845474,-2.799737,2.799737,1.200123,AXIS_RESOLVED,117.845474,-2.799737,2.799737,1.200123,AXIS_RESOLVED,TOP_COMPONENTS_TO_80_PERCENT_ENERGY,DOMINANT_COMPONENT_AXIS_ONLY,54.605082,62.154526,62.154526,53.580449,55.530419,55.530419,COMPONENT_SPLIT_OR_MERGE,WITHIN_VEHICLE_PROJECTION_ENVELOPE,0,0,0.000285,0.010316
WGV35A_PAIR_0211_S2A_029,WGV35A_PAIR_0211,326,PV_GM19_SILVER_MPV_NEAR_FIELD,273,counterfactual,single_boundary_shift,azimuth_right,right_outward,0.15,0,0,0,azimuth_right,,SAR_MASK_S1_PARTIALLY_CENSORED_CENTER_INSIDE,SAR_MASK_S1_PARTIALLY_CENSORED_CENTER_INSIDE;bottom_near_range_mask;center_semantics_mask_censored_or_unconfirmed;bbox_bottom_within_110px_of_near_range_mask;observed_box_may_be_masked_response_center_not_full_vehicle_center,REAL_SAR_GRAY_REMEASURED,false,BASE_REGION_FROZEN_BACKGROUND,PERTURBED_LOCAL_RING_BACKGROUND,32,27,89996,3.90489,2.434026,1.604292,153454,COUNTERFACTUAL_BACKGROUND_SENSITIVE,23047,1.436838,3.052032,3.463145,1.418295,2.489438,2.989803,0.091193,-0.854323,570,1,0.908374,0.330021,0.917841,7606,81750,125.622652,2.928172,2.928172,1.17337,AXIS_NEAR_ISOTROPIC,117.849195,-4.845286,4.845286,1.200142,AXIS_RESOLVED,117.849195,-4.845286,4.845286,1.200142,AXIS_RESOLVED,TOP_COMPONENTS_TO_80_PERCENT_ENERGY,DOMINANT_COMPONENT_AXIS_ONLY,54.377348,62.150805,62.150805,55.401984,53.48487,53.48487,COMPONENT_SPLIT_OR_MERGE,WITHIN_VEHICLE_PROJECTION_ENVELOPE,0.029899,0.013798,0,0
WGV35A_PAIR_0211_S2A_030,WGV35A_PAIR_0211,326,PV_GM19_SILVER_MPV_NEAR_FIELD,273,counterfactual,single_boundary_shift,range_near,near_outward,-0.3,0,0,0,range_near,,SAR_MASK_S1_PARTIALLY_CENSORED_CENTER_INSIDE,SAR_MASK_S1_PARTIALLY_CENSORED_CENTER_INSIDE;bottom_near_range_mask;center_semantics_mask_censored_or_unconfirmed;bbox_bottom_within_110px_of_near_range_mask;observed_box_may_be_masked_response_center_not_full_vehicle_center,REAL_SAR_GRAY_REMEASURED,false,BASE_REGION_FROZEN_BACKGROUND,PERTURBED_LOCAL_RING_BACKGROUND,32,27,92074,3.840417,2.194041,1.750385,158170,COUNTERFACTUAL_BACKGROUND_SENSITIVE,23975,1.502115,3.14632,3.553184,1.390038,2.457436,2.977373,0.201786,-0.786604,599,1,0.908356,0.330052,0.91761,7913,83636,126.894404,5.224614,5.224614,1.227358,AXIS_RESOLVED,120.202953,-1.466836,1.466836,1.251371,AXIS_RESOLVED,120.202953,-1.466836,1.466836,1.251371,AXIS_RESOLVED,TOP_COMPONENTS_TO_80_PERCENT_ENERGY,GLOBAL_AND_COMPONENT_AXIS_CONSISTENT,53.105596,59.797047,59.797047,53.105542,56.86332,56.86332,COMPONENT_SPLIT_OR_MERGE,WITHIN_VEHICLE_PROJECTION_ENVELOPE,0,0,0.004906,0.003699
WGV35A_PAIR_0211_S2A_031,WGV35A_PAIR_0211,326,PV_GM19_SILVER_MPV_NEAR_FIELD,273,counterfactual,single_boundary_shift,range_near,near_inward,0.3,0,0,0,range_near,,SAR_MASK_S1_PARTIALLY_CENSORED_CENTER_INSIDE,SAR_MASK_S1_PARTIALLY_CENSORED_CENTER_INSIDE;bottom_near_range_mask;center_semantics_mask_censored_or_unconfirmed;bbox_bottom_within_110px_of_near_range_mask;observed_box_may_be_masked_response_center_not_full_vehicle_center,REAL_SAR_GRAY_REMEASURED,false,BASE_REGION_FROZEN_BACKGROUND,PERTURBED_LOCAL_RING_BACKGROUND,32,29,85772,4.132196,3.003578,1.375758,118950,COUNTERFACTUAL_BACKGROUND_SENSITIVE,20757,1.342449,2.879216,3.273322,1.450886,2.512476,3.020812,0.055591,-0.776463,550,1,0.900807,0.338536,0.91074,7027,77264,126.604291,4.934396,4.934396,1.077288,AXIS_NEAR_ISOTROPIC,115.811679,-5.858215,5.858215,1.091891,AXIS_NEAR_ISOTROPIC,115.811679,-5.858215,5.858215,1.091891,AXIS_NEAR_ISOTROPIC,TOP_COMPONENTS_TO_80_PERCENT_ENERGY,NO_RESOLVED_AXIS_EVIDENCE,53.395709,64.188321,64.188321,53.39576,52.471941,52.471941,COMPONENT_IDENTITY_SWITCH,WITHIN_VEHICLE_PROJECTION_ENVELOPE,0.120784,0.087523,0,0
WGV35A_PAIR_0211_S2A_032,WGV35A_PAIR_0211,326,PV_GM19_SILVER_MPV_NEAR_FIELD,273,counterfactual,single_boundary_shift,range_far,far_inward,-0.3,0,0,0,range_far,,SAR_MASK_S1_PARTIALLY_CENSORED_CENTER_INSIDE,SAR_MASK_S1_PARTIALLY_CENSORED_CENTER_INSIDE;bottom_near_range_mask;center_semantics_mask_censored_or_unconfirmed;bbox_bottom_within_110px_of_near_range_mask;observed_box_may_be_masked_response_center_not_full_vehicle_center,REAL_SAR_GRAY_REMEASURED,false,BASE_REGION_FROZEN_BACKGROUND,PERTURBED_LOCAL_RING_BACKGROUND,32,27,86154,4.163437,2.462823,1.690514,144499,COUNTERFACTUAL_BACKGROUND_SENSITIVE,20693,1.362016,2.909397,3.305484,1.390367,2.44865,2.961622,0.179455,-0.784326,497,1,0.926875,0.354178,0.936764,7329,79854,123.01306,1.343271,1.343271,1.139011,AXIS_NEAR_ISOTROPIC,114.830536,-6.839253,6.839253,1.187972,AXIS_NEAR_ISOTROPIC,114.830536,-6.839253,6.839253,1.187972,AXIS_NEAR_ISOTROPIC,TOP_COMPONENTS_TO_80_PERCENT_ENERGY,NO_RESOLVED_AXIS_EVIDENCE,56.98694,65.169464,65.169464,56.986885,51.490903,51.490903,COMPONENT_SPLIT_OR_MERGE,WITHIN_VEHICLE_PROJECTION_ENVELOPE,0.090603,0.05135,0,0
WGV35A_PAIR_0211_S2A_033,WGV35A_PAIR_0211,326,PV_GM19_SILVER_MPV_NEAR_FIELD,273,counterfactual,single_boundary_shift,range_far,far_outward,0.3,0,0,0,range_far,,SAR_MASK_S1_PARTIALLY_CENSORED_CENTER_INSIDE,SAR_MASK_S1_PARTIALLY_CENSORED_CENTER_INSIDE;bottom_near_range_mask;center_semantics_mask_censored_or_unconfirmed;bbox_bottom_within_110px_of_near_range_mask;observed_box_may_be_masked_response_center_not_full_vehicle_center,REAL_SAR_GRAY_REMEASURED,false,BASE_REGION_FROZEN_BACKGROUND,PERTURBED_LOCAL_RING_BACKGROUND,32,26,93799,3.907315,2.080297,1.878248,178642,COUNTERFACTUAL_BACKGROUND_SENSITIVE,24006,1.547707,3.195228,3.642878,1.454699,2.508502,3.037721,0.041593,-0.74538,631,1,0.872067,0.317504,0.896651,7622,81799,132.942368,11.272473,11.272473,1.226319,AXIS_RESOLVED,118.125368,-3.544527,3.544527,1.201287,AXIS_RESOLVED,118.125368,-3.544527,3.544527,1.201287,AXIS_RESOLVED,TOP_COMPONENTS_TO_80_PERCENT_ENERGY,GLOBAL_AND_COMPONENT_AXIS_CONSISTENT,47.057632,61.874632,61.874632,47.057683,54.785629,54.785629,COMPONENT_SPLIT_OR_MERGE,WITHIN_VEHICLE_PROJECTION_ENVELOPE,0.004772,0,0,0.008502
WGV35A_PAIR_0211_S2A_034,WGV35A_PAIR_0211,326,PV_GM19_SILVER_MPV_NEAR_FIELD,273,counterfactual,single_boundary_shift,azimuth_left,left_outward,-0.3,0,0,0,azimuth_left,,SAR_MASK_S1_PARTIALLY_CENSORED_CENTER_INSIDE,SAR_MASK_S1_PARTIALLY_CENSORED_CENTER_INSIDE;bottom_near_range_mask;center_semantics_mask_censored_or_unconfirmed;bbox_bottom_within_110px_of_near_range_mask;observed_box_may_be_masked_response_center_not_full_vehicle_center,REAL_SAR_GRAY_REMEASURED,false,BASE_REGION_FROZEN_BACKGROUND,PERTURBED_LOCAL_RING_BACKGROUND,32,27,98144,4.1397,2.321788,1.782979,165616,COUNTERFACTUAL_BACKGROUND_SENSITIVE,23708,1.376023,3.019473,3.429526,1.550384,2.70918,3.270633,0.160356,-0.779396,574,1,0.919241,0.350177,0.927922,8302,90218,105.61666,-14.005134,14.005134,1.04321,AXIS_NEAR_ISOTROPIC,93.204326,-26.417468,26.417468,1.085712,AXIS_NEAR_ISOTROPIC,93.204326,-26.417468,26.417468,1.085712,AXIS_NEAR_ISOTROPIC,TOP_COMPONENTS_TO_80_PERCENT_ENERGY,NO_RESOLVED_AXIS_EVIDENCE,74.38334,86.795674,86.795674,44.325022,31.912688,31.912688,COMPONENT_SPLIT_OR_MERGE,WITHIN_VEHICLE_PROJECTION_ENVELOPE,0.069438,0,0,0.006065
WGV35A_PAIR_0211_S2A_035,WGV35A_PAIR_0211,326,PV_GM19_SILVER_MPV_NEAR_FIELD,273,counterfactual,single_boundary_shift,azimuth_left,left_inward,0.3,0,0,0,azimuth_left,,SAR_MASK_S1_PARTIALLY_CENSORED_CENTER_INSIDE,SAR_MASK_S1_PARTIALLY_CENSORED_CENTER_INSIDE;bottom_near_range_mask;center_semantics_mask_censored_or_unconfirmed;bbox_bottom_within_110px_of_near_range_mask;observed_box_may_be_masked_response_center_not_full_vehicle_center,REAL_SAR_GRAY_REMEASURED,false,BASE_REGION_FROZEN_BACKGROUND,PERTURBED_LOCAL_RING_BACKGROUND,32,27,82556,3.943821,2.235388,1.764267,140990,COUNTERFACTUAL_BACKGROUND_SENSITIVE,20933,1.54023,3.062232,3.462485,1.314231,2.247174,2.721972,0.038263,-0.799612,508,1,0.915633,0.340228,0.925953,7122,75591,130.434406,6.716508,6.716508,1.317475,AXIS_RESOLVED,124.689375,0.971478,0.971478,1.339719,AXIS_RESOLVED,124.689375,0.971478,0.971478,1.339719,AXIS_RESOLVED,TOP_COMPONENTS_TO_80_PERCENT_ENERGY,GLOBAL_AND_COMPONENT_AXIS_CONSISTENT,49.565594,55.310625,55.310625,51.613648,57.358678,57.358678,COMPONENT_SPLIT_OR_MERGE,WITHIN_VEHICLE_PROJECTION_ENVELOPE,0.043563,0.006956,0,0
WGV35A_PAIR_0211_S2A_036,WGV35A_PAIR_0211,326,PV_GM19_SILVER_MPV_NEAR_FIELD,273,counterfactual,single_boundary_shift,azimuth_right,right_inward,-0.3,0,0,0,azimuth_right,,SAR_MASK_S1_PARTIALLY_CENSORED_CENTER_INSIDE,SAR_MASK_S1_PARTIALLY_CENSORED_CENTER_INSIDE;bottom_near_range_mask;center_semantics_mask_censored_or_unconfirmed;bbox_bottom_within_110px_of_near_range_mask;observed_box_may_be_masked_response_center_not_full_vehicle_center,REAL_SAR_GRAY_REMEASURED,false,BASE_REGION_FROZEN_BACKGROUND,PERTURBED_LOCAL_RING_BACKGROUND,32,29,89996,4.272503,2.54495,1.678816,125113,COUNTERFACTUAL_BACKGROUND_SENSITIVE,21064,1.457838,3.039377,3.448511,1.406779,2.450806,3.011859,0.128595,-0.623559,566,1,0.90844,0.361185,0.917907,7608,81756,125.585141,5.963347,5.963347,1.173789,AXIS_NEAR_ISOTROPIC,117.856677,-1.765117,1.765117,1.2003,AXIS_RESOLVED,117.856677,-1.765117,1.765117,1.2003,AXIS_RESOLVED,TOP_COMPONENTS_TO_80_PERCENT_ENERGY,DOMINANT_COMPONENT_AXIS_ONLY,54.414859,62.143323,62.143323,52.366809,56.565039,56.565039,COMPONENT_SPLIT_OR_MERGE,WITHIN_VEHICLE_PROJECTION_ENVELOPE,0.002052,0.001186,0,0
WGV35A_PAIR_0211_S2A_037,WGV35A_PAIR_0211,326,PV_GM19_SILVER_MPV_NEAR_FIELD,273,counterfactual,single_boundary_shift,azimuth_right,right_outward,0.3,0,0,0,azimuth_right,,SAR_MASK_S1_PARTIALLY_CENSORED_CENTER_INSIDE,SAR_MASK_S1_PARTIALLY_CENSORED_CENTER_INSIDE;bottom_near_range_mask;center_semantics_mask_censored_or_unconfirmed;bbox_bottom_within_110px_of_near_range_mask;observed_box_may_be_masked_response_center_not_full_vehicle_center,REAL_SAR_GRAY_REMEASURED,false,BASE_REGION_FROZEN_BACKGROUND,PERTURBED_LOCAL_RING_BACKGROUND,32,27,89928,3.787399,2.376208,1.593884,153366,COUNTERFACTUAL_BACKGROUND_SENSITIVE,23744,1.431381,3.045736,3.462064,1.423291,2.497129,2.979439,0.071965,-0.931364,567,1,0.909049,0.320291,0.918524,7605,81749,125.416398,1.698501,1.698501,1.172767,AXIS_NEAR_ISOTROPIC,117.845474,-5.872424,5.872424,1.200123,AXIS_RESOLVED,117.845474,-5.872424,5.872424,1.200123,AXIS_RESOLVED,TOP_COMPONENTS_TO_80_PERCENT_ENERGY,DOMINANT_COMPONENT_AXIS_ONLY,54.583602,62.154526,62.154526,56.631655,52.457732,52.457732,COMPONENT_SPLIT_OR_MERGE,WITHIN_VEHICLE_PROJECTION_ENVELOPE,0.036195,0.006108,0,0
WGV35A_PAIR_0211_S2A_038,WGV35A_PAIR_0211,326,PV_GM19_SILVER_MPV_NEAR_FIELD,273,counterfactual,scale_resize,range,resize,-0.15,0,0,0,,range,SAR_MASK_S1_PARTIALLY_CENSORED_CENTER_INSIDE,SAR_MASK_S1_PARTIALLY_CENSORED_CENTER_INSIDE;bottom_near_range_mask;center_semantics_mask_censored_or_unconfirmed;bbox_bottom_within_110px_of_near_range_mask;observed_box_may_be_masked_response_center_not_full_vehicle_center,REAL_SAR_GRAY_REMEASURED,false,BASE_REGION_FROZEN_BACKGROUND,PERTURBED_LOCAL_RING_BACKGROUND,32,27,88421,4.109164,2.367188,1.735885,149528,COUNTERFACTUAL_BACKGROUND_SENSITIVE,21518,1.399485,2.977871,3.386393,1.410599,2.480813,2.994283,0.100161,-0.781158,541,1,0.917995,0.348824,0.92763,7506,81170,124.754659,3.084816,3.084816,1.145096,AXIS_NEAR_ISOTROPIC,116.926971,-4.742873,4.742873,1.183559,AXIS_NEAR_ISOTROPIC,116.926971,-4.742873,4.742873,1.183559,AXIS_NEAR_ISOTROPIC,TOP_COMPONENTS_TO_80_PERCENT_ENERGY,NO_RESOLVED_AXIS_EVIDENCE,55.245341,63.073029,63.073029,55.24534,53.587283,53.587283,COMPONENT_SPLIT_OR_MERGE,WITHIN_VEHICLE_PROJECTION_ENVELOPE,0.022129,0.019187,0,0
WGV35A_PAIR_0211_S2A_039,WGV35A_PAIR_0211,326,PV_GM19_SILVER_MPV_NEAR_FIELD,273,counterfactual,scale_resize,range,resize,0.15,0,0,0,,range,SAR_MASK_S1_PARTIALLY_CENSORED_CENTER_INSIDE,SAR_MASK_S1_PARTIALLY_CENSORED_CENTER_INSIDE;bottom_near_range_mask;center_semantics_mask_censored_or_unconfirmed;bbox_bottom_within_110px_of_near_range_mask;observed_box_may_be_masked_response_center_not_full_vehicle_center,REAL_SAR_GRAY_REMEASURED,false,BASE_REGION_FROZEN_BACKGROUND,PERTURBED_LOCAL_RING_BACKGROUND,32,27,91655,3.951498,2.340755,1.68813,157124,COUNTERFACTUAL_BACKGROUND_SENSITIVE,23195,1.490013,3.127915,3.532959,1.419049,2.481149,3.001411,0.115966,-0.771503,583,1,0.898914,0.332399,0.90821,7710,82390,127.816431,6.146587,6.146587,1.197575,AXIS_NEAR_ISOTROPIC,118.568757,-3.101087,3.101087,1.214899,AXIS_RESOLVED,118.568757,-3.101087,3.101087,1.214899,AXIS_RESOLVED,TOP_COMPONENTS_TO_80_PERCENT_ENERGY,DOMINANT_COMPONENT_AXIS_ONLY,52.183569,61.431243,61.431243,52.183569,55.229069,55.229069,COMPONENT_SPLIT_OR_MERGE,WITHIN_VEHICLE_PROJECTION_ENVELOPE,0.025217,0.022517,0,0
WGV35A_PAIR_0211_S2A_040,WGV35A_PAIR_0211,326,PV_GM19_SILVER_MPV_NEAR_FIELD,273,counterfactual,scale_resize,azimuth,resize,-0.15,0,0,0,,azimuth,SAR_MASK_S1_PARTIALLY_CENSORED_CENTER_INSIDE,SAR_MASK_S1_PARTIALLY_CENSORED_CENTER_INSIDE;bottom_near_range_mask;center_semantics_mask_censored_or_unconfirmed;bbox_bottom_within_110px_of_near_range_mask;observed_box_may_be_masked_response_center_not_full_vehicle_center,REAL_SAR_GRAY_REMEASURED,false,BASE_REGION_FROZEN_BACKGROUND,PERTURBED_LOCAL_RING_BACKGROUND,32,29,88004,4.065413,2.373437,1.71288,122445,COUNTERFACTUAL_BACKGROUND_SENSITIVE,21647,1.468955,3.050818,3.456687,1.380419,2.413997,2.926308,0.099954,-0.742729,552,1,0.910436,0.345544,0.920117,7480,80122,126.933812,5.263969,5.263969,1.206884,AXIS_RESOLVED,119.729923,-1.939921,1.939921,1.232762,AXIS_RESOLVED,119.729923,-1.939921,1.939921,1.232762,AXIS_RESOLVED,TOP_COMPONENTS_TO_80_PERCENT_ENERGY,GLOBAL_AND_COMPONENT_AXIS_CONSISTENT,53.066188,60.270077,60.270077,53.066187,56.390235,56.390235,COMPONENT_SPLIT_OR_MERGE,WITHIN_VEHICLE_PROJECTION_ENVELOPE,0.027623,0,0,0.0107
WGV35A_PAIR_0211_S2A_041,WGV35A_PAIR_0211,326,PV_GM19_SILVER_MPV_NEAR_FIELD,273,counterfactual,scale_resize,azimuth,resize,0.15,0,0,0,,azimuth,SAR_MASK_S1_PARTIALLY_CENSORED_CENTER_INSIDE,SAR_MASK_S1_PARTIALLY_CENSORED_CENTER_INSIDE;bottom_near_range_mask;center_semantics_mask_censored_or_unconfirmed;bbox_bottom_within_110px_of_near_range_mask;observed_box_may_be_masked_response_center_not_full_vehicle_center,REAL_SAR_GRAY_REMEASURED,false,BASE_REGION_FROZEN_BACKGROUND,PERTURBED_LOCAL_RING_BACKGROUND,32,27,91702,3.985138,2.500758,1.593572,156052,COUNTERFACTUAL_BACKGROUND_SENSITIVE,23011,1.414076,3.032749,3.446081,1.446076,2.536688,3.053971,0.113863,-0.8127,565,1,0.913186,0.338968,0.922477,7800,83741,124.230117,2.560273,2.560273,1.135497,AXIS_NEAR_ISOTROPIC,114.950636,-6.719208,6.719208,1.157449,AXIS_NEAR_ISOTROPIC,114.950636,-6.719208,6.719208,1.157449,AXIS_NEAR_ISOTROPIC,TOP_COMPONENTS_TO_80_PERCENT_ENERGY,NO_RESOLVED_AXIS_EVIDENCE,55.769883,65.049364,65.049364,55.769883,51.610948,51.610948,COMPONENT_SPLIT_OR_MERGE,WITHIN_VEHICLE_PROJECTION_ENVELOPE,0.010425,0.015288,0,0
WGV35A_PAIR_0211_S2A_042,WGV35A_PAIR_0211,326,PV_GM19_SILVER_MPV_NEAR_FIELD,273,counterfactual,scale_resize,range,resize,-0.3,0,0,0,,range,SAR_MASK_S1_PARTIALLY_CENSORED_CENTER_INSIDE,SAR_MASK_S1_PARTIALLY_CENSORED_CENTER_INSIDE;bottom_near_range_mask;center_semantics_mask_censored_or_unconfirmed;bbox_bottom_within_110px_of_near_range_mask;observed_box_may_be_masked_response_center_not_full_vehicle_center,REAL_SAR_GRAY_REMEASURED,false,BASE_REGION_FROZEN_BACKGROUND,PERTURBED_LOCAL_RING_BACKGROUND,32,27,86289,4.174803,2.501392,1.668992,145073,COUNTERFACTUAL_BACKGROUND_SENSITIVE,20669,1.359198,2.907578,3.303664,1.414575,2.482308,2.993784,0.112821,-0.777675,516,1,0.923339,0.352896,0.933213,7294,79674,124.974619,3.304776,3.304776,1.111993,AXIS_NEAR_ISOTROPIC,115.665558,-6.004286,6.004286,1.154338,AXIS_NEAR_ISOTROPIC,115.665558,-6.004286,6.004286,1.154338,AXIS_NEAR_ISOTROPIC,TOP_COMPONENTS_TO_80_PERCENT_ENERGY,NO_RESOLVED_AXIS_EVIDENCE,55.025381,64.334442,64.334442,55.02538,52.32587,52.32587,COMPONENT_SPLIT_OR_MERGE,WITHIN_VEHICLE_PROJECTION_ENVELOPE,0.092422,0.017692,0,0
WGV35A_PAIR_0211_S2A_043,WGV35A_PAIR_0211,326,PV_GM19_SILVER_MPV_NEAR_FIELD,273,counterfactual,scale_resize,range,resize,0.3,0,0,0,,range,SAR_MASK_S1_PARTIALLY_CENSORED_CENTER_INSIDE,SAR_MASK_S1_PARTIALLY_CENSORED_CENTER_INSIDE;bottom_near_range_mask;center_semantics_mask_censored_or_unconfirmed;bbox_bottom_within_110px_of_near_range_mask;observed_box_may_be_masked_response_center_not_full_vehicle_center,REAL_SAR_GRAY_REMEASURED,false,BASE_REGION_FROZEN_BACKGROUND,PERTURBED_LOCAL_RING_BACKGROUND,32,27,93512,3.895359,2.268773,1.716945,161131,COUNTERFACTUAL_BACKGROUND_SENSITIVE,24006,1.524667,3.174841,3.607899,1.426349,2.499716,3.028438,0.119047,-0.770665,604,1,0.890356,0.32621,0.903873,7831,83259,130.378443,8.7086,8.7086,1.216155,AXIS_RESOLVED,119.384539,-2.285305,2.285305,1.226096,AXIS_RESOLVED,119.384539,-2.285305,2.285305,1.226096,AXIS_RESOLVED,TOP_COMPONENTS_TO_80_PERCENT_ENERGY,GLOBAL_AND_COMPONENT_AXIS_CONSISTENT,49.621557,60.615461,60.615461,49.621556,56.044851,56.044851,COMPONENT_SPLIT_OR_MERGE,WITHIN_VEHICLE_PROJECTION_ENVELOPE,0.007029,0.00701,0,0
WGV35A_PAIR_0211_S2A_044,WGV35A_PAIR_0211,326,PV_GM19_SILVER_MPV_NEAR_FIELD,273,counterfactual,scale_resize,azimuth,resize,-0.3,0,0,0,,azimuth,SAR_MASK_S1_PARTIALLY_CENSORED_CENTER_INSIDE,SAR_MASK_S1_PARTIALLY_CENSORED_CENTER_INSIDE;bottom_near_range_mask;center_semantics_mask_censored_or_unconfirmed;bbox_bottom_within_110px_of_near_range_mask;observed_box_may_be_masked_response_center_not_full_vehicle_center,REAL_SAR_GRAY_REMEASURED,false,BASE_REGION_FROZEN_BACKGROUND,PERTURBED_LOCAL_RING_BACKGROUND,32,29,86219,4.118808,2.370974,1.73718,119990,COUNTERFACTUAL_BACKGROUND_SENSITIVE,20933,1.49764,3.053147,3.454205,1.351409,2.352988,2.869273,0.092536,-0.714042,541,1,0.91198,0.351837,0.921862,7365,78630,127.393824,5.72398,5.72398,1.23782,AXIS_RESOLVED,121.013464,-0.65638,0.65638,1.264951,AXIS_RESOLVED,121.013464,-0.65638,0.65638,1.264951,AXIS_RESOLVED,TOP_COMPONENTS_TO_80_PERCENT_ENERGY,GLOBAL_AND_COMPONENT_AXIS_CONSISTENT,52.606176,58.986536,58.986536,52.606176,57.673776,57.673776,COMPONENT_SPLIT_OR_MERGE,WITHIN_VEHICLE_PROJECTION_ENVELOPE,0,0,0.013463,0.000981
WGV35A_PAIR_0211_S2A_045,WGV35A_PAIR_0211,326,PV_GM19_SILVER_MPV_NEAR_FIELD,273,counterfactual,scale_resize,azimuth,resize,0.3,0,0,0,,azimuth,SAR_MASK_S1_PARTIALLY_CENSORED_CENTER_INSIDE,SAR_MASK_S1_PARTIALLY_CENSORED_CENTER_INSIDE;bottom_near_range_mask;center_semantics_mask_censored_or_unconfirmed;bbox_bottom_within_110px_of_near_range_mask;observed_box_may_be_masked_response_center_not_full_vehicle_center,REAL_SAR_GRAY_REMEASURED,false,BASE_REGION_FROZEN_BACKGROUND,PERTURBED_LOCAL_RING_BACKGROUND,32,27,93694,3.966219,2.404851,1.649258,159079,COUNTERFACTUAL_BACKGROUND_SENSITIVE,23623,1.398326,3.030095,3.441932,1.47774,2.601349,3.108849,0.118848,-0.849329,572,1,0.914103,0.336452,0.923197,7948,85646,122.440488,0.770644,0.770644,1.102944,AXIS_NEAR_ISOTROPIC,111.43704,-10.232804,10.232804,1.125622,AXIS_NEAR_ISOTROPIC,111.43704,-10.232804,10.232804,1.125622,AXIS_NEAR_ISOTROPIC,TOP_COMPONENTS_TO_80_PERCENT_ENERGY,NO_RESOLVED_AXIS_EVIDENCE,57.559512,68.56296,68.56296,57.559512,48.097352,48.097352,COMPONENT_SPLIT_OR_MERGE,WITHIN_VEHICLE_PROJECTION_ENVELOPE,0.014824,0.050613,0,0
WGV35A_PAIR_0211_S2A_046,WGV35A_PAIR_0211,326,PV_GM19_SILVER_MPV_NEAR_FIELD,273,counterfactual,local_region_rotation,gt_region,rotate,0,-30,0,0,,,SAR_MASK_S1_PARTIALLY_CENSORED_CENTER_INSIDE,SAR_MASK_S1_PARTIALLY_CENSORED_CENTER_INSIDE;bottom_near_range_mask;center_semantics_mask_censored_or_unconfirmed;bbox_bottom_within_110px_of_near_range_mask;observed_box_may_be_masked_response_center_not_full_vehicle_center,REAL_SAR_GRAY_REMEASURED,false,BASE_REGION_FROZEN_BACKGROUND,PERTURBED_LOCAL_RING_BACKGROUND,32,30,54604,5.283917,2.773643,1.905046,68016,BACKGROUND_STABLE,10334,1.773363,2.912214,3.421545,0.878552,1.880954,2.242061,-0.23555,-0.236368,314,1,0.892389,0.441649,0.907992,4564,48728,145.951694,24.28185,24.28185,2.420431,AXIS_RESOLVED,146.569031,24.899187,24.899187,2.397652,AXIS_RESOLVED,146.569031,24.899187,24.899187,2.397652,AXIS_RESOLVED,TOP_COMPONENTS_TO_80_PERCENT_ENERGY,GLOBAL_AND_COMPONENT_AXIS_CONSISTENT,34.048306,33.430969,33.430969,34.048306,33.430969,33.430969,COMPONENT_SPLIT_OR_MERGE,WITHIN_VEHICLE_PROJECTION_ENVELOPE,0.087786,0.019045,0,0
WGV35A_PAIR_0211_S2A_047,WGV35A_PAIR_0211,326,PV_GM19_SILVER_MPV_NEAR_FIELD,273,counterfactual,local_region_rotation,gt_region,rotate,0,-15,0,0,,,SAR_MASK_S1_PARTIALLY_CENSORED_CENTER_INSIDE,SAR_MASK_S1_PARTIALLY_CENSORED_CENTER_INSIDE;bottom_near_range_mask;center_semantics_mask_censored_or_unconfirmed;bbox_bottom_within_110px_of_near_range_mask;observed_box_may_be_masked_response_center_not_full_vehicle_center,REAL_SAR_GRAY_REMEASURED,false,BASE_REGION_FROZEN_BACKGROUND,PERTURBED_LOCAL_RING_BACKGROUND,32,31,51664,4.975347,3.460325,1.437827,57644,BACKGROUND_STABLE,10384,1.533951,2.476339,3.259065,1.015336,1.991209,2.368565,-0.290846,-0.284187,330,2,0.761594,0.330316,0.855063,3430,39347,152.403341,30.733497,30.733497,2.298557,AXIS_RESOLVED,153.988372,32.318528,32.318528,2.101483,AXIS_RESOLVED,146.844336,25.174492,25.174492,145602916.014566,AXIS_COMPONENT_LAYOUT_RESOLVED,TOP_COMPONENTS_TO_80_PERCENT_ENERGY,GLOBAL_AND_COMPONENT_AXIS_CONSISTENT,27.596659,26.011628,33.155664,27.596659,26.011628,33.155664,COMPONENT_SPLIT_OR_MERGE,PARTIAL_SUPPORT_BELOW_ENVELOPE,0.523661,0.00879,0,0
WGV35A_PAIR_0211_S2A_048,WGV35A_PAIR_0211,326,PV_GM19_SILVER_MPV_NEAR_FIELD,273,counterfactual,local_region_rotation,gt_region,rotate,0,-10,0,0,,,SAR_MASK_S1_PARTIALLY_CENSORED_CENTER_INSIDE,SAR_MASK_S1_PARTIALLY_CENSORED_CENTER_INSIDE;bottom_near_range_mask;center_semantics_mask_censored_or_unconfirmed;bbox_bottom_within_110px_of_near_range_mask;observed_box_may_be_masked_response_center_not_full_vehicle_center,REAL_SAR_GRAY_REMEASURED,false,BASE_REGION_FROZEN_BACKGROUND,PERTURBED_LOCAL_RING_BACKGROUND,32,31,50689,4.904596,3.5,1.401313,56519,BACKGROUND_STABLE,10335,1.410263,2.359119,3.195564,1.107187,2.063831,2.45279,-0.294695,-0.308508,329,3,0.760382,0.319013,0.843359,3297,38543,155.298345,33.628501,33.628501,2.260098,AXIS_RESOLVED,156.000829,34.330985,34.330985,2.155147,AXIS_RESOLVED,149.050554,27.38071,27.38071,140228277.821871,AXIS_COMPONENT_LAYOUT_RESOLVED,TOP_COMPONENTS_TO_80_PERCENT_ENERGY,GLOBAL_AND_COMPONENT_AXIS_CONSISTENT,24.701655,23.999171,30.949446,24.701655,23.999171,30.949446,COMPONENT_SPLIT_OR_MERGE,PARTIAL_SUPPORT_BELOW_ENVELOPE,0.640881,0.036169,0,0
WGV35A_PAIR_0211_S2A_049,WGV35A_PAIR_0211,326,PV_GM19_SILVER_MPV_NEAR_FIELD,273,counterfactual,local_region_rotation,gt_region,rotate,0,-5,0,0,,,SAR_MASK_S1_PARTIALLY_CENSORED_CENTER_INSIDE,SAR_MASK_S1_PARTIALLY_CENSORED_CENTER_INSIDE;bottom_near_range_mask;center_semantics_mask_censored_or_unconfirmed;bbox_bottom_within_110px_of_near_range_mask;observed_box_may_be_masked_response_center_not_full_vehicle_center,REAL_SAR_GRAY_REMEASURED,false,BASE_REGION_FROZEN_BACKGROUND,PERTURBED_LOCAL_RING_BACKGROUND,32,31,49640,4.817547,3.595946,1.339716,55285,BACKGROUND_STABLE,10304,1.330849,2.278708,2.996276,1.157093,2.10843,2.477326,-0.306357,-0.336675,333,3,0.7639,0.308812,0.833441,3182,37920,157.742703,36.072859,36.072859,2.152785,AXIS_RESOLVED,157.235662,35.565818,35.565818,2.160889,AXIS_RESOLVED,151.305607,29.635763,29.635763,129587768.923185,AXIS_COMPONENT_LAYOUT_RESOLVED,TOP_COMPONENTS_TO_80_PERCENT_ENERGY,GLOBAL_AND_COMPONENT_AXIS_CONSISTENT,22.257297,22.764338,28.694393,22.257297,22.764338,28.694393,COMPONENT_SPLIT_OR_MERGE,PARTIAL_SUPPORT_BELOW_ENVELOPE,0.721292,0.09157,0,0
WGV35A_PAIR_0211_S2A_050,WGV35A_PAIR_0211,326,PV_GM19_SILVER_MPV_NEAR_FIELD,273,counterfactual,local_region_rotation,gt_region,rotate,0,0,0,0,,,SAR_MASK_S1_PARTIALLY_CENSORED_CENTER_INSIDE,SAR_MASK_S1_PARTIALLY_CENSORED_CENTER_INSIDE;bottom_near_range_mask;center_semantics_mask_censored_or_unconfirmed;bbox_bottom_within_110px_of_near_range_mask;observed_box_may_be_masked_response_center_not_full_vehicle_center,REAL_SAR_GRAY_REMEASURED,false,BASE_REGION_FROZEN_BACKGROUND,PERTURBED_LOCAL_RING_BACKGROUND,32,32,49917,4.718499,3.964732,1.190118,49917,BACKGROUND_STABLE,10579,1.257566,2.244553,2.785548,1.19075,2.156678,2.518111,-0.297151,-0.376212,335,3,0.760983,0.297287,0.835647,3145,37986,159.822203,38.152359,38.152359,1.960832,AXIS_RESOLVED,157.187973,35.518129,35.518129,2.067099,AXIS_RESOLVED,56.382558,-65.287286,65.287286,,AXIS_COMPONENT_LAYOUT_RESOLVED,TOP_COMPONENTS_TO_80_PERCENT_ENERGY,GLOBAL_AND_COMPONENT_AXIS_CONSISTENT,20.177797,22.812027,56.382558,20.177797,22.812027,6.95713,COMPONENT_SPLIT_OR_MERGE,PARTIAL_SUPPORT_BELOW_ENVELOPE,0.755447,0.043322,0,0
WGV35A_PAIR_0211_S2A_051,WGV35A_PAIR_0211,326,PV_GM19_SILVER_MPV_NEAR_FIELD,273,counterfactual,local_region_rotation,gt_region,rotate,0,5,0,0,,,SAR_MASK_S1_PARTIALLY_CENSORED_CENTER_INSIDE,SAR_MASK_S1_PARTIALLY_CENSORED_CENTER_INSIDE;bottom_near_range_mask;center_semantics_mask_censored_or_unconfirmed;bbox_bottom_within_110px_of_near_range_mask;observed_box_may_be_masked_response_center_not_full_vehicle_center,REAL_SAR_GRAY_REMEASURED,false,BASE_REGION_FROZEN_BACKGROUND,PERTURBED_LOCAL_RING_BACKGROUND,32,32,48291,4.686627,5.785135,0.810115,48291,BACKGROUND_STABLE,10304,1.074028,2.162484,2.488277,1.225566,2.224989,2.602172,-0.291608,-0.428462,323,2,0.75892,0.288723,0.84699,2975,36649,164.982947,43.313103,43.313103,1.762774,AXIS_RESOLVED,158.804298,37.134454,37.134454,2.000177,AXIS_RESOLVED,55.155095,-66.514749,66.514749,,AXIS_COMPONENT_LAYOUT_RESOLVED,TOP_COMPONENTS_TO_80_PERCENT_ENERGY,GLOBAL_AND_COMPONENT_AXIS_CONSISTENT,15.017053,21.195702,55.155095,15.017053,21.195702,8.184593,COMPONENT_SPLIT_OR_MERGE,PARTIAL_SUPPORT_BELOW_ENVELOPE,0.037516,0.775011,0,0
WGV35A_PAIR_0211_S2A_052,WGV35A_PAIR_0211,326,PV_GM19_SILVER_MPV_NEAR_FIELD,273,counterfactual,local_region_rotation,gt_region,rotate,0,10,0,0,,,SAR_MASK_S1_PARTIALLY_CENSORED_CENTER_INSIDE,SAR_MASK_S1_PARTIALLY_CENSORED_CENTER_INSIDE;bottom_near_range_mask;center_semantics_mask_censored_or_unconfirmed;bbox_bottom_within_110px_of_near_range_mask;observed_box_may_be_masked_response_center_not_full_vehicle_center,REAL_SAR_GRAY_REMEASURED,false,BASE_REGION_FROZEN_BACKGROUND,PERTURBED_LOCAL_RING_BACKGROUND,32,31,47333,4.579874,5.922273,0.773331,52592,BACKGROUND_STABLE,10335,0.774927,1.918099,2.266608,1.329852,2.481973,3.072375,-0.135406,-0.548041,321,1,0.879492,0.336043,0.901168,3473,41629,8.448763,66.778919,66.778919,1.466156,AXIS_RESOLVED,21.43043,79.760587,79.760587,1.34819,AXIS_RESOLVED,21.43043,79.760587,79.760587,1.34819,AXIS_RESOLVED,TOP_COMPONENTS_TO_80_PERCENT_ENERGY,GLOBAL_AND_COMPONENT_AXIS_CONSISTENT,8.448763,21.43043,21.43043,8.448763,21.430431,21.430431,COMPONENT_SPLIT_OR_MERGE,PARTIAL_SUPPORT_BELOW_ENVELOPE,0.081901,0.518027,0,0
WGV35A_PAIR_0211_S2A_053,WGV35A_PAIR_0211,326,PV_GM19_SILVER_MPV_NEAR_FIELD,273,counterfactual,local_region_rotation,gt_region,rotate,0,15,0,0,,,SAR_MASK_S1_PARTIALLY_CENSORED_CENTER_INSIDE,SAR_MASK_S1_PARTIALLY_CENSORED_CENTER_INSIDE;bottom_near_range_mask;center_semantics_mask_censored_or_unconfirmed;bbox_bottom_within_110px_of_near_range_mask;observed_box_may_be_masked_response_center_not_full_vehicle_center,REAL_SAR_GRAY_REMEASURED,false,BASE_REGION_FROZEN_BACKGROUND,PERTURBED_LOCAL_RING_BACKGROUND,32,31,45186,4.351502,5.895592,0.738094,50351,BACKGROUND_STABLE,10384,0.710104,1.596455,2.088042,1.335658,2.473848,2.97356,-0.045104,-0.562746,319,1,0.891581,0.337635,0.903399,3506,40287,21.405789,79.735945,79.735945,1.476219,AXIS_RESOLVED,32.019507,-89.650337,89.650337,1.451806,AXIS_RESOLVED,32.019507,-89.650337,89.650337,1.451806,AXIS_RESOLVED,TOP_COMPONENTS_TO_80_PERCENT_ENERGY,GLOBAL_AND_COMPONENT_AXIS_CONSISTENT,21.405789,32.019507,32.019507,21.405789,31.320181,31.320181,COMPONENT_IDENTITY_SWITCH,PARTIAL_SUPPORT_BELOW_ENVELOPE,0.003545,0.526152,0,0
WGV35A_PAIR_0211_S2A_054,WGV35A_PAIR_0211,326,PV_GM19_SILVER_MPV_NEAR_FIELD,273,counterfactual,local_region_rotation,gt_region,rotate,0,30,0,0,,,SAR_MASK_S1_PARTIALLY_CENSORED_CENTER_INSIDE,SAR_MASK_S1_PARTIALLY_CENSORED_CENTER_INSIDE;bottom_near_range_mask;center_semantics_mask_censored_or_unconfirmed;bbox_bottom_within_110px_of_near_range_mask;observed_box_may_be_masked_response_center_not_full_vehicle_center,REAL_SAR_GRAY_REMEASURED,false,BASE_REGION_FROZEN_BACKGROUND,PERTURBED_LOCAL_RING_BACKGROUND,32,30,45505,4.403426,4.023773,1.094352,55965,BACKGROUND_STABLE,10334,0.716571,1.298849,1.654648,1.452045,2.376527,2.84971,0.190478,-0.656248,307,1,0.898143,0.332979,0.909878,3441,40870,44.137461,-77.532383,77.532383,1.906048,AXIS_RESOLVED,47.687024,-73.98282,73.98282,2.266056,AXIS_RESOLVED,47.687024,-73.98282,73.98282,2.266056,AXIS_RESOLVED,TOP_COMPONENTS_TO_80_PERCENT_ENERGY,GLOBAL_AND_COMPONENT_AXIS_CONSISTENT,44.137461,47.687024,47.687024,19.202227,15.652664,15.652664,COMPONENT_IDENTITY_SWITCH,PARTIAL_SUPPORT_BELOW_ENVELOPE,0.101151,0.623473,0,0
WGV35A_PAIR_0211_S2A_055,WGV35A_PAIR_0211,326,PV_GM19_SILVER_MPV_NEAR_FIELD,273,counterfactual,local_region_rotation,gt_region,rotate,0,90,0,0,,,SAR_MASK_S1_PARTIALLY_CENSORED_CENTER_INSIDE,SAR_MASK_S1_PARTIALLY_CENSORED_CENTER_INSIDE;bottom_near_range_mask;center_semantics_mask_censored_or_unconfirmed;bbox_bottom_within_110px_of_near_range_mask;observed_box_may_be_masked_response_center_not_full_vehicle_center,REAL_SAR_GRAY_REMEASURED,false,BASE_REGION_FROZEN_BACKGROUND,PERTURBED_LOCAL_RING_BACKGROUND,32,30,49536,4.682484,3.497321,1.338877,61721,BACKGROUND_STABLE,10579,1.141342,2.265774,2.879055,0.877068,1.880466,2.32596,0.410985,-0.403821,260,1,0.896843,0.402117,0.924217,4254,44426,91.5585,-30.111344,30.111344,1.645157,AXIS_RESOLVED,86.365881,-35.303963,35.303963,1.766316,AXIS_RESOLVED,86.365881,-35.303963,35.303963,1.766316,AXIS_RESOLVED,TOP_COMPONENTS_TO_80_PERCENT_ENERGY,GLOBAL_AND_COMPONENT_AXIS_CONSISTENT,88.4415,86.365881,86.365881,28.218812,23.026193,23.026193,COMPONENT_IDENTITY_SWITCH,PARTIAL_SUPPORT_BELOW_ENVELOPE,0.734226,0.019534,0,0
WGV35A_PAIR_0211_S2A_056,WGV35A_PAIR_0211,326,PV_GM19_SILVER_MPV_NEAR_FIELD,273,matched_background,matched_background,deterministic_offset,control,0,0,0,4.5,,,SAR_MASK_S1_PARTIALLY_CENSORED_CENTER_INSIDE,SAR_MASK_S1_PARTIALLY_CENSORED_CENTER_INSIDE;bottom_near_range_mask;center_semantics_mask_censored_or_unconfirmed;bbox_bottom_within_110px_of_near_range_mask;observed_box_may_be_masked_response_center_not_full_vehicle_center,REAL_SAR_GRAY_REMEASURED,false,BASE_REGION_FROZEN_BACKGROUND,PERTURBED_LOCAL_RING_BACKGROUND,32,0,0,0,0.001794,0,530,BACKGROUND_STABLE,10508,,,,,,,,,0,0,0,0,0,0,0,,,,,AXIS_ENERGY_INVALID,,,,,AXIS_ENERGY_INVALID,,,,,AXIS_ENERGY_INVALID,TOP_COMPONENTS_TO_80_PERCENT_ENERGY,NO_RESOLVED_AXIS_EVIDENCE,,,,,,,NO_STABLE_COMPONENT,AMBIGUOUS_ENVELOPE_COMPATIBILITY,,,,
WGV35A_PAIR_0212_S2A_001,WGV35A_PAIR_0212,327,PV_GM19_SILVER_MPV_NEAR_FIELD,288,gt_original,gt_original,gt,original,0,0,0,0,,,SAR_MASK_S1_PARTIALLY_CENSORED_CENTER_INSIDE,SAR_MASK_S1_PARTIALLY_CENSORED_CENTER_INSIDE;bottom_near_range_mask;center_semantics_mask_censored_or_unconfirmed;bbox_bottom_within_110px_of_near_range_mask;observed_box_may_be_masked_response_center_not_full_vehicle_center,REAL_SAR_GRAY_REMEASURED,false,BASE_REGION_FROZEN_BACKGROUND,PERTURBED_LOCAL_RING_BACKGROUND,32,32,59585,5.515087,4.548444,1.212522,59585,BACKGROUND_STABLE,10804,1.142085,2.441497,2.863405,1.045394,1.945712,2.484128,0.0029,-0.191635,351,2,0.862063,0.410866,0.912864,4439,51366,163.232603,32.372385,32.372385,2.056189,AXIS_RESOLVED,159.906679,29.04646,29.04646,1.949373,AXIS_RESOLVED,159.906679,29.04646,29.04646,1.949373,AXIS_RESOLVED,TOP_COMPONENTS_TO_80_PERCENT_ENERGY,GLOBAL_AND_COMPONENT_AXIS_CONSISTENT,16.767397,20.093321,20.093321,16.767396,20.093321,20.093321,SAME_COMPONENT_PERSISTENT,PARTIAL_SUPPORT_BELOW_ENVELOPE,0.558503,0.054288,0,0
WGV35A_PAIR_0212_S2A_002,WGV35A_PAIR_0212,327,PV_GM19_SILVER_MPV_NEAR_FIELD,288,counterfactual,center_shift,range,shift,-0.15,0,-0.15,0,,,SAR_MASK_S1_PARTIALLY_CENSORED_CENTER_INSIDE,SAR_MASK_S1_PARTIALLY_CENSORED_CENTER_INSIDE;bottom_near_range_mask;center_semantics_mask_censored_or_unconfirmed;bbox_bottom_within_110px_of_near_range_mask;observed_box_may_be_masked_response_center_not_full_vehicle_center,REAL_SAR_GRAY_REMEASURED,false,BASE_REGION_FROZEN_BACKGROUND,PERTURBED_LOCAL_RING_BACKGROUND,32,32,56025,5.150777,4.111505,1.252772,56025,BACKGROUND_STABLE,10877,1.249717,2.423685,2.832218,1.044826,1.919955,2.468809,0.009641,-0.182568,394,1,0.859473,0.384849,0.882178,4186,48152,162.907617,32.047264,32.047264,2.205624,AXIS_RESOLVED,159.87881,29.018457,29.018457,2.187666,AXIS_RESOLVED,159.87881,29.018457,29.018457,2.187666,AXIS_RESOLVED,TOP_COMPONENTS_TO_80_PERCENT_ENERGY,GLOBAL_AND_COMPONENT_AXIS_CONSISTENT,17.092383,20.12119,20.12119,17.092517,20.121324,20.121324,SAME_COMPONENT_PERSISTENT,PARTIAL_SUPPORT_BELOW_ENVELOPE,0.576315,0.080045,0,0
WGV35A_PAIR_0212_S2A_003,WGV35A_PAIR_0212,327,PV_GM19_SILVER_MPV_NEAR_FIELD,288,counterfactual,center_shift,range,shift,0.15,0,0.15,0,,,SAR_MASK_S1_PARTIALLY_CENSORED_CENTER_INSIDE,SAR_MASK_S1_PARTIALLY_CENSORED_CENTER_INSIDE;bottom_near_range_mask;center_semantics_mask_censored_or_unconfirmed;bbox_bottom_within_110px_of_near_range_mask;observed_box_may_be_masked_response_center_not_full_vehicle_center,REAL_SAR_GRAY_REMEASURED,false,BASE_REGION_FROZEN_BACKGROUND,PERTURBED_LOCAL_RING_BACKGROUND,32,33,64165,5.939004,6.144,0.966635,57699,BACKGROUND_STABLE,10804,1.039395,2.473937,2.916721,1.050961,1.984405,2.537572,-0.026171,-0.223404,316,2,0.861934,0.429841,0.919286,4644,55306,163.873935,33.013843,33.013843,1.89181,AXIS_RESOLVED,159.876385,29.016292,29.016292,1.748658,AXIS_RESOLVED,159.876385,29.016292,29.016292,1.748658,AXIS_RESOLVED,TOP_COMPONENTS_TO_80_PERCENT_ENERGY,GLOBAL_AND_COMPONENT_AXIS_CONSISTENT,16.126065,20.123615,20.123615,16.125938,20.123489,20.123489,SAME_COMPONENT_PERSISTENT,PARTIAL_SUPPORT_BELOW_ENVELOPE,0.526063,0.015595,0,0
WGV35A_PAIR_0212_S2A_004,WGV35A_PAIR_0212,327,PV_GM19_SILVER_MPV_NEAR_FIELD,288,counterfactual,center_shift,azimuth,shift,-0.15,0,0,-0.15,,,SAR_MASK_S1_PARTIALLY_CENSORED_CENTER_INSIDE,SAR_MASK_S1_PARTIALLY_CENSORED_CENTER_INSIDE;bottom_near_range_mask;center_semantics_mask_censored_or_unconfirmed;bbox_bottom_within_110px_of_near_range_mask;observed_box_may_be_masked_response_center_not_full_vehicle_center,REAL_SAR_GRAY_REMEASURED,false,BASE_REGION_FROZEN_BACKGROUND,PERTURBED_LOCAL_RING_BACKGROUND,32,33,62916,5.823399,6.164,0.944743,56507,BACKGROUND_STABLE,10804,1.044455,2.429942,2.834359,1.075026,1.995943,2.54758,0.056237,-0.096633,348,1,0.866965,0.427805,0.903681,4622,54546,163.378971,34.320981,34.320981,1.910249,AXIS_RESOLVED,159.514309,30.456319,30.456319,1.817239,AXIS_RESOLVED,159.514309,30.456319,30.456319,1.817239,AXIS_RESOLVED,TOP_COMPONENTS_TO_80_PERCENT_ENERGY,GLOBAL_AND_COMPONENT_AXIS_CONSISTENT,16.621029,20.485691,20.485691,14.8188,18.683462,18.683462,SAME_COMPONENT_PERSISTENT,PARTIAL_SUPPORT_BELOW_ENVELOPE,0.570058,0.004057,0,0
WGV35A_PAIR_0212_S2A_005,WGV35A_PAIR_0212,327,PV_GM19_SILVER_MPV_NEAR_FIELD,288,counterfactual,center_shift,azimuth,shift,0.15,0,0,0.15,,,SAR_MASK_S1_PARTIALLY_CENSORED_CENTER_INSIDE,SAR_MASK_S1_PARTIALLY_CENSORED_CENTER_INSIDE;bottom_near_range_mask;center_semantics_mask_censored_or_unconfirmed;bbox_bottom_within_110px_of_near_range_mask;observed_box_may_be_masked_response_center_not_full_vehicle_center,REAL_SAR_GRAY_REMEASURED,false,BASE_REGION_FROZEN_BACKGROUND,PERTURBED_LOCAL_RING_BACKGROUND,32,32,56196,5.201407,4.075111,1.276384,56196,BACKGROUND_STABLE,10804,1.215933,2.439649,2.814682,1.005718,1.895496,2.418467,-0.055953,-0.292694,352,1,0.856609,0.387171,0.905652,4183,48138,163.722709,31.06027,31.06027,2.163563,AXIS_RESOLVED,160.71505,28.052611,28.052611,2.075467,AXIS_RESOLVED,160.71505,28.052611,28.052611,2.075467,AXIS_RESOLVED,TOP_COMPONENTS_TO_80_PERCENT_ENERGY,GLOBAL_AND_COMPONENT_AXIS_CONSISTENT,16.277291,19.28495,19.28495,18.079511,21.08717,21.08717,SAME_COMPONENT_PERSISTENT,PARTIAL_SUPPORT_BELOW_ENVELOPE,0.560351,0.004504,0,0
WGV35A_PAIR_0212_S2A_006,WGV35A_PAIR_0212,327,PV_GM19_SILVER_MPV_NEAR_FIELD,288,counterfactual,center_shift,range,shift,-0.3,0,-0.3,0,,,SAR_MASK_S1_PARTIALLY_CENSORED_CENTER_INSIDE,SAR_MASK_S1_PARTIALLY_CENSORED_CENTER_INSIDE;bottom_near_range_mask;center_semantics_mask_censored_or_unconfirmed;bbox_bottom_within_110px_of_near_range_mask;observed_box_may_be_masked_response_center_not_full_vehicle_center,REAL_SAR_GRAY_REMEASURED,false,BASE_REGION_FROZEN_BACKGROUND,PERTURBED_LOCAL_RING_BACKGROUND,32,32,54778,5.036131,3.668584,1.372772,54778,BACKGROUND_STABLE,10877,1.372604,2.446373,2.978664,1.047205,1.910771,2.449874,0.050009,-0.190371,395,1,0.861349,0.375931,0.880737,4089,47183,162.053275,31.19303,31.19303,2.329971,AXIS_RESOLVED,159.233075,28.37283,28.37283,2.388214,AXIS_RESOLVED,159.233075,28.37283,28.37283,2.388214,AXIS_RESOLVED,TOP_COMPONENTS_TO_80_PERCENT_ENERGY,GLOBAL_AND_COMPONENT_AXIS_CONSISTENT,17.946725,20.766925,20.766925,17.946751,20.766951,20.766951,SAME_COMPONENT_PERSISTENT,PARTIAL_SUPPORT_BELOW_ENVELOPE,0.553627,0.089229,0,0
WGV35A_PAIR_0212_S2A_007,WGV35A_PAIR_0212,327,PV_GM19_SILVER_MPV_NEAR_FIELD,288,counterfactual,center_shift,range,shift,0.3,0,0.3,0,,,SAR_MASK_S1_PARTIALLY_CENSORED_CENTER_INSIDE,SAR_MASK_S1_PARTIALLY_CENSORED_CENTER_INSIDE;bottom_near_range_mask;center_semantics_mask_censored_or_unconfirmed;bbox_bottom_within_110px_of_near_range_mask;observed_box_may_be_masked_response_center_not_full_vehicle_center,REAL_SAR_GRAY_REMEASURED,false,BASE_REGION_FROZEN_BACKGROUND,PERTURBED_LOCAL_RING_BACKGROUND,32,33,71653,6.58757,5.234956,1.258381,64850,BACKGROUND_STABLE,10877,0.990635,2.505815,3.001353,1.129023,2.199607,2.811213,-0.054136,-0.313967,289,1,0.932382,0.521835,0.947204,5676,66808,168.344041,37.483846,37.483846,1.703217,AXIS_RESOLVED,166.032668,35.172473,35.172473,1.718406,AXIS_RESOLVED,166.032668,35.172473,35.172473,1.718406,AXIS_RESOLVED,TOP_COMPONENTS_TO_80_PERCENT_ENERGY,GLOBAL_AND_COMPONENT_AXIS_CONSISTENT,11.655959,13.967332,13.967332,11.655935,13.967308,13.967308,SAME_COMPONENT_PERSISTENT,PARTIAL_SUPPORT_BELOW_ENVELOPE,0.494185,0.000393,0,0
WGV35A_PAIR_0212_S2A_008,WGV35A_PAIR_0212,327,PV_GM19_SILVER_MPV_NEAR_FIELD,288,counterfactual,center_shift,azimuth,shift,-0.3,0,0,-0.3,,,SAR_MASK_S1_PARTIALLY_CENSORED_CENTER_INSIDE,SAR_MASK_S1_PARTIALLY_CENSORED_CENTER_INSIDE;bottom_near_range_mask;center_semantics_mask_censored_or_unconfirmed;bbox_bottom_within_110px_of_near_range_mask;observed_box_may_be_masked_response_center_not_full_vehicle_center,REAL_SAR_GRAY_REMEASURED,false,BASE_REGION_FROZEN_BACKGROUND,PERTURBED_LOCAL_RING_BACKGROUND,32,34,70072,6.442218,6.156637,1.046386,57308,BACKGROUND_STABLE,10877,0.983652,2.397085,2.796873,1.168546,2.239746,2.891567,0.131124,-0.08045,325,1,0.917984,0.495173,0.93314,5386,64325,169.404014,42.144417,42.144417,1.662056,AXIS_RESOLVED,166.896237,39.636639,39.636639,1.638017,AXIS_RESOLVED,166.896237,39.636639,39.636639,1.638017,AXIS_RESOLVED,TOP_COMPONENTS_TO_80_PERCENT_ENERGY,GLOBAL_AND_COMPONENT_AXIS_CONSISTENT,10.595986,13.103763,13.103763,6.995364,9.503142,9.503142,SAME_COMPONENT_PERSISTENT,PARTIAL_SUPPORT_BELOW_ENVELOPE,0.602915,0.060254,0,0
WGV35A_PAIR_0212_S2A_009,WGV35A_PAIR_0212,327,PV_GM19_SILVER_MPV_NEAR_FIELD,288,counterfactual,center_shift,azimuth,shift,0.3,0,0,0.3,,,SAR_MASK_S1_PARTIALLY_CENSORED_CENTER_INSIDE,SAR_MASK_S1_PARTIALLY_CENSORED_CENTER_INSIDE;bottom_near_range_mask;center_semantics_mask_censored_or_unconfirmed;bbox_bottom_within_110px_of_near_range_mask;observed_box_may_be_masked_response_center_not_full_vehicle_center,REAL_SAR_GRAY_REMEASURED,false,BASE_REGION_FROZEN_BACKGROUND,PERTURBED_LOCAL_RING_BACKGROUND,32,31,53858,4.951549,3.554425,1.393066,60271,BACKGROUND_STABLE,10877,1.29295,2.456231,2.847487,0.966582,1.857244,2.361695,-0.11075,-0.402192,371,1,0.848992,0.361129,0.875395,3928,45725,164.036657,29.575821,29.575821,2.268027,AXIS_RESOLVED,161.124103,26.663267,26.663267,2.198036,AXIS_RESOLVED,161.124103,26.663267,26.663267,2.198036,AXIS_RESOLVED,TOP_COMPONENTS_TO_80_PERCENT_ENERGY,GLOBAL_AND_COMPONENT_AXIS_CONSISTENT,15.963343,18.875897,18.875897,19.56396,22.476514,22.476514,SAME_COMPONENT_PERSISTENT,PARTIAL_SUPPORT_BELOW_ENVELOPE,0.543769,0.042756,0,0
WGV35A_PAIR_0212_S2A_010,WGV35A_PAIR_0212,327,PV_GM19_SILVER_MPV_NEAR_FIELD,288,counterfactual,center_shift,range,shift,-0.45,0,-0.45,0,,,SAR_MASK_S1_PARTIALLY_CENSORED_CENTER_INSIDE,SAR_MASK_S1_PARTIALLY_CENSORED_CENTER_INSIDE;bottom_near_range_mask;center_semantics_mask_censored_or_unconfirmed;bbox_bottom_within_110px_of_near_range_mask;observed_box_may_be_masked_response_center_not_full_vehicle_center,REAL_SAR_GRAY_REMEASURED,false,BASE_REGION_FROZEN_BACKGROUND,PERTURBED_LOCAL_RING_BACKGROUND,32,31,52854,4.892077,3.756889,1.302162,59265,BACKGROUND_STABLE,10804,1.716008,2.506505,3.186619,1.054012,1.917019,2.433306,0.046383,-0.19874,395,1,0.867711,0.374583,0.887804,4047,45862,161.445168,30.584778,30.584778,2.490578,AXIS_RESOLVED,158.627249,27.766859,27.766859,2.624098,AXIS_RESOLVED,158.627249,27.766859,27.766859,2.624098,AXIS_RESOLVED,TOP_COMPONENTS_TO_80_PERCENT_ENERGY,GLOBAL_AND_COMPONENT_AXIS_CONSISTENT,18.554832,21.372751,21.372751,18.555003,21.372922,21.372922,SAME_COMPONENT_PERSISTENT,PARTIAL_SUPPORT_BELOW_ENVELOPE,0.493495,0.082981,0,0
WGV35A_PAIR_0212_S2A_011,WGV35A_PAIR_0212,327,PV_GM19_SILVER_MPV_NEAR_FIELD,288,counterfactual,center_shift,range,shift,0.45,0,0.45,0,,,SAR_MASK_S1_PARTIALLY_CENSORED_CENTER_INSIDE,SAR_MASK_S1_PARTIALLY_CENSORED_CENTER_INSIDE;bottom_near_range_mask;center_semantics_mask_censored_or_unconfirmed;bbox_bottom_within_110px_of_near_range_mask;observed_box_may_be_masked_response_center_not_full_vehicle_center,REAL_SAR_GRAY_REMEASURED,false,BASE_REGION_FROZEN_BACKGROUND,PERTURBED_LOCAL_RING_BACKGROUND,32,33,74249,6.872362,5.261778,1.306091,67309,BACKGROUND_STABLE,10804,0.944446,2.53463,3.036978,1.176216,2.291054,2.907856,-0.093127,-0.346517,258,1,0.93744,0.542947,0.951743,5866,69604,171.501173,40.641096,40.641096,1.675674,AXIS_RESOLVED,169.875793,39.015716,39.015716,1.681874,AXIS_RESOLVED,169.875793,39.015716,39.015716,1.681874,AXIS_RESOLVED,TOP_COMPONENTS_TO_80_PERCENT_ENERGY,GLOBAL_AND_COMPONENT_AXIS_CONSISTENT,8.498827,10.124207,10.124207,8.498685,10.124065,10.124065,SAME_COMPONENT_PERSISTENT,PARTIAL_SUPPORT_BELOW_ENVELOPE,0.46537,0.008946,0,0
WGV35A_PAIR_0212_S2A_012,WGV35A_PAIR_0212,327,PV_GM19_SILVER_MPV_NEAR_FIELD,288,counterfactual,center_shift,azimuth,shift,-0.45,0,0,-0.45,,,SAR_MASK_S1_PARTIALLY_CENSORED_CENTER_INSIDE,SAR_MASK_S1_PARTIALLY_CENSORED_CENTER_INSIDE;bottom_near_range_mask;center_semantics_mask_censored_or_unconfirmed;bbox_bottom_within_110px_of_near_range_mask;observed_box_may_be_masked_response_center_not_full_vehicle_center,REAL_SAR_GRAY_REMEASURED,false,BASE_REGION_FROZEN_BACKGROUND,PERTURBED_LOCAL_RING_BACKGROUND,32,34,74986,6.893997,5.546903,1.242855,61794,BACKGROUND_STABLE,10877,0.935173,2.356813,2.771864,1.275765,2.425912,3.170762,0.183355,-0.043189,314,1,0.925199,0.517698,0.939362,5631,69377,175.521086,50.053092,50.053092,1.602727,AXIS_RESOLVED,174.684535,49.216541,49.216541,1.576339,AXIS_RESOLVED,174.684535,49.216541,49.216541,1.576339,AXIS_RESOLVED,TOP_COMPONENTS_TO_80_PERCENT_ENERGY,GLOBAL_AND_COMPONENT_AXIS_CONSISTENT,4.478914,5.315465,5.315465,0.913311,0.07676,0.07676,SAME_COMPONENT_PERSISTENT,PARTIAL_SUPPORT_BELOW_ENVELOPE,0.043187,0.574088,0,0
WGV35A_PAIR_0212_S2A_013,WGV35A_PAIR_0212,327,PV_GM19_SILVER_MPV_NEAR_FIELD,288,counterfactual,center_shift,azimuth,shift,0.45,0,0,0.45,,,SAR_MASK_S1_PARTIALLY_CENSORED_CENTER_INSIDE,SAR_MASK_S1_PARTIALLY_CENSORED_CENTER_INSIDE;bottom_near_range_mask;center_semantics_mask_censored_or_unconfirmed;bbox_bottom_within_110px_of_near_range_mask;observed_box_may_be_masked_response_center_not_full_vehicle_center,REAL_SAR_GRAY_REMEASURED,false,BASE_REGION_FROZEN_BACKGROUND,PERTURBED_LOCAL_RING_BACKGROUND,32,31,50639,4.655604,3.069469,1.516746,56705,BACKGROUND_STABLE,10877,1.477151,2.493527,2.92789,0.947171,1.831662,2.319329,-0.179892,-0.494742,355,1,0.845475,0.337777,0.879796,3674,42814,164.343379,28.090964,28.090964,2.415975,AXIS_RESOLVED,161.394841,25.142426,25.142426,2.328941,AXIS_RESOLVED,161.394841,25.142426,25.142426,2.328941,AXIS_RESOLVED,TOP_COMPONENTS_TO_80_PERCENT_ENERGY,GLOBAL_AND_COMPONENT_AXIS_CONSISTENT,15.656621,18.605159,18.605159,21.048817,23.997355,23.997355,SAME_COMPONENT_PERSISTENT,PARTIAL_SUPPORT_BELOW_ENVELOPE,0.506473,0.068338,0,0
WGV35A_PAIR_0212_S2A_014,WGV35A_PAIR_0212,327,PV_GM19_SILVER_MPV_NEAR_FIELD,288,counterfactual,diagonal_center_shift,range+azimuth,shift,0.15,0,-0.15,-0.15,,,SAR_MASK_S1_PARTIALLY_CENSORED_CENTER_INSIDE,SAR_MASK_S1_PARTIALLY_CENSORED_CENTER_INSIDE;bottom_near_range_mask;center_semantics_mask_censored_or_unconfirmed;bbox_bottom_within_110px_of_near_range_mask;observed_box_may_be_masked_response_center_not_full_vehicle_center,REAL_SAR_GRAY_REMEASURED,false,BASE_REGION_FROZEN_BACKGROUND,PERTURBED_LOCAL_RING_BACKGROUND,32,32,59676,5.52351,4.840889,1.141011,59676,BACKGROUND_STABLE,10804,1.130485,2.408589,2.795046,1.084994,1.982641,2.535716,0.099485,-0.080985,360,1,0.869328,0.417623,0.901267,4512,51878,163.139292,34.139912,34.139912,2.03191,AXIS_RESOLVED,159.914961,30.915581,30.915581,1.967008,AXIS_RESOLVED,159.914961,30.915581,30.915581,1.967008,AXIS_RESOLVED,TOP_COMPONENTS_TO_80_PERCENT_ENERGY,GLOBAL_AND_COMPONENT_AXIS_CONSISTENT,16.860708,20.085039,20.085039,14.999869,18.2242,18.2242,SAME_COMPONENT_PERSISTENT,PARTIAL_SUPPORT_BELOW_ENVELOPE,0.591411,0.017359,0,0
WGV35A_PAIR_0212_S2A_015,WGV35A_PAIR_0212,327,PV_GM19_SILVER_MPV_NEAR_FIELD,288,counterfactual,diagonal_center_shift,range+azimuth,shift,0.15,0,-0.15,0.15,,,SAR_MASK_S1_PARTIALLY_CENSORED_CENTER_INSIDE,SAR_MASK_S1_PARTIALLY_CENSORED_CENTER_INSIDE;bottom_near_range_mask;center_semantics_mask_censored_or_unconfirmed;bbox_bottom_within_110px_of_near_range_mask;observed_box_may_be_masked_response_center_not_full_vehicle_center,REAL_SAR_GRAY_REMEASURED,false,BASE_REGION_FROZEN_BACKGROUND,PERTURBED_LOCAL_RING_BACKGROUND,32,32,54001,4.964696,3.55,1.398506,54001,BACKGROUND_STABLE,10877,1.346448,2.452036,2.906864,0.9956,1.875197,2.404158,-0.033664,-0.293271,386,1,0.855058,0.366553,0.874725,3987,46174,162.91668,30.195871,30.195871,2.30519,AXIS_RESOLVED,160.122521,27.401712,27.401712,2.301792,AXIS_RESOLVED,160.122521,27.401712,27.401712,2.301792,AXIS_RESOLVED,TOP_COMPONENTS_TO_80_PERCENT_ENERGY,GLOBAL_AND_COMPONENT_AXIS_CONSISTENT,17.08332,19.877479,19.877479,18.94391,21.738069,21.738069,SAME_COMPONENT_PERSISTENT,PARTIAL_SUPPORT_BELOW_ENVELOPE,0.547964,0.024803,0,0
WGV35A_PAIR_0212_S2A_016,WGV35A_PAIR_0212,327,PV_GM19_SILVER_MPV_NEAR_FIELD,288,counterfactual,diagonal_center_shift,range+azimuth,shift,0.15,0,0.15,-0.15,,,SAR_MASK_S1_PARTIALLY_CENSORED_CENTER_INSIDE,SAR_MASK_S1_PARTIALLY_CENSORED_CENTER_INSIDE;bottom_near_range_mask;center_semantics_mask_censored_or_unconfirmed;bbox_bottom_within_110px_of_near_range_mask;observed_box_may_be_masked_response_center_not_full_vehicle_center,REAL_SAR_GRAY_REMEASURED,false,BASE_REGION_FROZEN_BACKGROUND,PERTURBED_LOCAL_RING_BACKGROUND,32,33,70164,6.450676,5.743805,1.123067,63412,BACKGROUND_STABLE,10877,0.997185,2.457977,2.900449,1.139887,2.197163,2.815836,0.032441,-0.183537,308,1,0.928553,0.512274,0.943689,5572,65151,167.913182,38.800104,38.800104,1.705697,AXIS_RESOLVED,165.76923,36.656153,36.656153,1.717759,AXIS_RESOLVED,165.76923,36.656153,36.656153,1.717759,AXIS_RESOLVED,TOP_COMPONENTS_TO_80_PERCENT_ENERGY,GLOBAL_AND_COMPONENT_AXIS_CONSISTENT,12.086818,14.23077,14.23077,10.339677,12.483628,12.483628,SAME_COMPONENT_PERSISTENT,PARTIAL_SUPPORT_BELOW_ENVELOPE,0.542023,0.002837,0,0
WGV35A_PAIR_0212_S2A_017,WGV35A_PAIR_0212,327,PV_GM19_SILVER_MPV_NEAR_FIELD,288,counterfactual,diagonal_center_shift,range+azimuth,shift,0.15,0,0.15,0.15,,,SAR_MASK_S1_PARTIALLY_CENSORED_CENTER_INSIDE,SAR_MASK_S1_PARTIALLY_CENSORED_CENTER_INSIDE;bottom_near_range_mask;center_semantics_mask_censored_or_unconfirmed;bbox_bottom_within_110px_of_near_range_mask;observed_box_may_be_masked_response_center_not_full_vehicle_center,REAL_SAR_GRAY_REMEASURED,false,BASE_REGION_FROZEN_BACKGROUND,PERTURBED_LOCAL_RING_BACKGROUND,32,32,60359,5.586727,4.840889,1.15407,60359,BACKGROUND_STABLE,10804,1.106495,2.481495,2.939867,1.007663,1.915436,2.436851,-0.081195,-0.307507,321,2,0.856194,0.407164,0.916533,4399,51679,163.326677,30.71907,30.71907,2.04986,AXIS_RESOLVED,159.362669,26.755062,26.755062,1.904836,AXIS_RESOLVED,159.362669,26.755062,26.755062,1.904836,AXIS_RESOLVED,TOP_COMPONENTS_TO_80_PERCENT_ENERGY,GLOBAL_AND_COMPONENT_AXIS_CONSISTENT,16.673323,20.637331,20.637331,18.420711,22.384719,22.384719,SAME_COMPONENT_PERSISTENT,PARTIAL_SUPPORT_BELOW_ENVELOPE,0.518505,0.084564,0,0
WGV35A_PAIR_0212_S2A_018,WGV35A_PAIR_0212,327,PV_GM19_SILVER_MPV_NEAR_FIELD,288,counterfactual,diagonal_center_shift,range+azimuth,shift,0.3,0,-0.3,-0.3,,,SAR_MASK_S1_PARTIALLY_CENSORED_CENTER_INSIDE,SAR_MASK_S1_PARTIALLY_CENSORED_CENTER_INSIDE;bottom_near_range_mask;center_semantics_mask_censored_or_unconfirmed;bbox_bottom_within_110px_of_near_range_mask;observed_box_may_be_masked_response_center_not_full_vehicle_center,REAL_SAR_GRAY_REMEASURED,false,BASE_REGION_FROZEN_BACKGROUND,PERTURBED_LOCAL_RING_BACKGROUND,32,33,58940,5.455387,4.715556,1.156892,52724,BACKGROUND_STABLE,10804,1.149701,2.378374,2.756123,1.132471,2.051362,2.601843,0.161264,0.045591,381,1,0.87394,0.418456,0.897455,4521,51510,162.828769,35.81023,35.81023,2.084347,AXIS_RESOLVED,159.487943,32.469404,32.469404,2.068481,AXIS_RESOLVED,159.487943,32.469404,32.469404,2.068481,AXIS_RESOLVED,TOP_COMPONENTS_TO_80_PERCENT_ENERGY,GLOBAL_AND_COMPONENT_AXIS_CONSISTENT,17.171231,20.512057,20.512057,13.329551,16.670377,16.670377,SAME_COMPONENT_PERSISTENT,PARTIAL_SUPPORT_BELOW_ENVELOPE,0.621626,0.048638,0,0
WGV35A_PAIR_0212_S2A_019,WGV35A_PAIR_0212,327,PV_GM19_SILVER_MPV_NEAR_FIELD,288,counterfactual,diagonal_center_shift,range+azimuth,shift,0.3,0,-0.3,0.3,,,SAR_MASK_S1_PARTIALLY_CENSORED_CENTER_INSIDE,SAR_MASK_S1_PARTIALLY_CENSORED_CENTER_INSIDE;bottom_near_range_mask;center_semantics_mask_censored_or_unconfirmed;bbox_bottom_within_110px_of_near_range_mask;observed_box_may_be_masked_response_center_not_full_vehicle_center,REAL_SAR_GRAY_REMEASURED,false,BASE_REGION_FROZEN_BACKGROUND,PERTURBED_LOCAL_RING_BACKGROUND,32,31,48907,4.526749,3.895111,1.162162,54946,BACKGROUND_STABLE,10804,1.820338,2.541357,3.198847,0.961975,1.820864,2.323353,-0.110811,-0.412002,390,1,0.858364,0.345243,0.880079,3730,41980,162.605374,27.903428,27.903428,2.513301,AXIS_RESOLVED,160.072064,25.370117,25.370117,2.566169,AXIS_RESOLVED,160.072064,25.370117,25.370117,2.566169,AXIS_RESOLVED,TOP_COMPONENTS_TO_80_PERCENT_ENERGY,GLOBAL_AND_COMPONENT_AXIS_CONSISTENT,17.394626,19.927936,19.927936,21.236353,23.769664,23.769664,COMPONENT_SPLIT_OR_MERGE,PARTIAL_SUPPORT_BELOW_ENVELOPE,0.458643,0.079136,0,0
WGV35A_PAIR_0212_S2A_020,WGV35A_PAIR_0212,327,PV_GM19_SILVER_MPV_NEAR_FIELD,288,counterfactual,diagonal_center_shift,range+azimuth,shift,0.3,0,0.3,-0.3,,,SAR_MASK_S1_PARTIALLY_CENSORED_CENTER_INSIDE,SAR_MASK_S1_PARTIALLY_CENSORED_CENTER_INSIDE;bottom_near_range_mask;center_semantics_mask_censored_or_unconfirmed;bbox_bottom_within_110px_of_near_range_mask;observed_box_may_be_masked_response_center_not_full_vehicle_center,REAL_SAR_GRAY_REMEASURED,false,BASE_REGION_FROZEN_BACKGROUND,PERTURBED_LOCAL_RING_BACKGROUND,32,34,76549,7.085246,6.269778,1.130063,62884,BACKGROUND_STABLE,10804,0.884853,2.330765,2.859225,1.33258,2.487221,3.181676,0.085786,-0.195156,270,1,0.941645,0.568123,0.955519,6138,72082,178.513378,51.041158,51.041158,1.671336,AXIS_RESOLVED,178.082119,50.609898,50.609898,1.682532,AXIS_RESOLVED,178.082119,50.609898,50.609898,1.682532,AXIS_RESOLVED,TOP_COMPONENTS_TO_80_PERCENT_ENERGY,GLOBAL_AND_COMPONENT_AXIS_CONSISTENT,1.486622,1.917881,1.917881,1.901377,1.470117,1.470117,SAME_COMPONENT_PERSISTENT,PARTIAL_SUPPORT_BELOW_ENVELOPE,0.069235,0.512779,0,0
WGV35A_PAIR_0212_S2A_021,WGV35A_PAIR_0212,327,PV_GM19_SILVER_MPV_NEAR_FIELD,288,counterfactual,diagonal_center_shift,range+azimuth,shift,0.3,0,0.3,0.3,,,SAR_MASK_S1_PARTIALLY_CENSORED_CENTER_INSIDE,SAR_MASK_S1_PARTIALLY_CENSORED_CENTER_INSIDE;bottom_near_range_mask;center_semantics_mask_censored_or_unconfirmed;bbox_bottom_within_110px_of_near_range_mask;observed_box_may_be_masked_response_center_not_full_vehicle_center,REAL_SAR_GRAY_REMEASURED,false,BASE_REGION_FROZEN_BACKGROUND,PERTURBED_LOCAL_RING_BACKGROUND,32,32,59928,5.546835,4.556889,1.217242,59928,BACKGROUND_STABLE,10804,1.097425,2.505169,3.050541,0.979842,1.893101,2.403288,-0.191578,-0.403511,302,2,0.846766,0.391984,0.918969,4235,50745,163.659305,29.411137,29.411137,2.086054,AXIS_RESOLVED,159.149183,24.901015,24.901015,1.881546,AXIS_RESOLVED,159.149183,24.901015,24.901015,1.881546,AXIS_RESOLVED,TOP_COMPONENTS_TO_80_PERCENT_ENERGY,GLOBAL_AND_COMPONENT_AXIS_CONSISTENT,16.340695,20.850817,20.850817,19.728644,24.238766,24.238766,SAME_COMPONENT_PERSISTENT,PARTIAL_SUPPORT_BELOW_ENVELOPE,0.494831,0.006899,0,0
WGV35A_PAIR_0212_S2A_022,WGV35A_PAIR_0212,327,PV_GM19_SILVER_MPV_NEAR_FIELD,288,counterfactual,single_boundary_shift,range_near,near_outward,-0.15,0,0,0,range_near,,SAR_MASK_S1_PARTIALLY_CENSORED_CENTER_INSIDE,SAR_MASK_S1_PARTIALLY_CENSORED_CENTER_INSIDE;bottom_near_range_mask;center_semantics_mask_censored_or_unconfirmed;bbox_bottom_within_110px_of_near_range_mask;observed_box_may_be_masked_response_center_not_full_vehicle_center,REAL_SAR_GRAY_REMEASURED,false,BASE_REGION_FROZEN_BACKGROUND,PERTURBED_LOCAL_RING_BACKGROUND,32,31,124300,4.973791,3.672951,1.354168,138229,BACKGROUND_STABLE,24991,1.27447,3.128741,3.704034,1.42467,2.4955,3.001916,0.449274,-0.732427,702,1,0.923628,0.408307,0.932172,10204,114807,138.08678,7.226633,7.226633,1.219648,AXIS_RESOLVED,132.816854,1.956708,1.956708,1.221985,AXIS_RESOLVED,132.816854,1.956708,1.956708,1.221985,AXIS_RESOLVED,TOP_COMPONENTS_TO_80_PERCENT_ENERGY,GLOBAL_AND_COMPONENT_AXIS_CONSISTENT,41.91322,47.183146,47.183146,41.913148,47.183073,47.183073,COMPONENT_IDENTITY_SWITCH,WITHIN_VEHICLE_PROJECTION_ENVELOPE,0.024391,0.008167,0,0
WGV35A_PAIR_0212_S2A_023,WGV35A_PAIR_0212,327,PV_GM19_SILVER_MPV_NEAR_FIELD,288,counterfactual,single_boundary_shift,range_near,near_inward,0.15,0,0,0,range_near,,SAR_MASK_S1_PARTIALLY_CENSORED_CENTER_INSIDE,SAR_MASK_S1_PARTIALLY_CENSORED_CENTER_INSIDE;bottom_near_range_mask;center_semantics_mask_censored_or_unconfirmed;bbox_bottom_within_110px_of_near_range_mask;observed_box_may_be_masked_response_center_not_full_vehicle_center,REAL_SAR_GRAY_REMEASURED,false,BASE_REGION_FROZEN_BACKGROUND,PERTURBED_LOCAL_RING_BACKGROUND,32,31,119661,5.113936,3.51017,1.456892,132938,BACKGROUND_STABLE,23399,1.206967,2.816088,3.511768,1.453611,2.525693,3.032542,0.406481,-0.728315,666,1,0.924445,0.41536,0.93332,9719,110620,143.458685,12.598397,12.598397,1.095127,AXIS_NEAR_ISOTROPIC,144.396283,13.535994,13.535994,1.086,AXIS_NEAR_ISOTROPIC,144.396283,13.535994,13.535994,1.086,AXIS_NEAR_ISOTROPIC,TOP_COMPONENTS_TO_80_PERCENT_ENERGY,NO_RESOLVED_AXIS_EVIDENCE,36.541315,35.603717,35.603717,36.541384,35.603787,35.603787,COMPONENT_IDENTITY_SWITCH,WITHIN_VEHICLE_PROJECTION_ENVELOPE,0.183912,0.074306,0,0
WGV35A_PAIR_0212_S2A_024,WGV35A_PAIR_0212,327,PV_GM19_SILVER_MPV_NEAR_FIELD,288,counterfactual,single_boundary_shift,range_far,far_inward,-0.15,0,0,0,range_far,,SAR_MASK_S1_PARTIALLY_CENSORED_CENTER_INSIDE,SAR_MASK_S1_PARTIALLY_CENSORED_CENTER_INSIDE;bottom_near_range_mask;center_semantics_mask_censored_or_unconfirmed;bbox_bottom_within_110px_of_near_range_mask;observed_box_may_be_masked_response_center_not_full_vehicle_center,REAL_SAR_GRAY_REMEASURED,false,BASE_REGION_FROZEN_BACKGROUND,PERTURBED_LOCAL_RING_BACKGROUND,32,30,118511,5.064789,3.322034,1.524605,145738,BACKGROUND_STABLE,23399,1.192779,2.894154,3.484075,1.42342,2.493442,2.993414,0.461739,-0.730579,675,1,0.92448,0.406983,0.933441,9523,109561,139.568041,8.707895,8.707895,1.137973,AXIS_NEAR_ISOTROPIC,134.20402,3.343874,3.343874,1.134377,AXIS_NEAR_ISOTROPIC,134.20402,3.343874,3.343874,1.134377,AXIS_NEAR_ISOTROPIC,TOP_COMPONENTS_TO_80_PERCENT_ENERGY,NO_RESOLVED_AXIS_EVIDENCE,40.431959,45.79598,45.79598,40.431886,45.795907,45.795907,COMPONENT_IDENTITY_SWITCH,WITHIN_VEHICLE_PROJECTION_ENVELOPE,0.105846,0.006558,0,0
WGV35A_PAIR_0212_S2A_025,WGV35A_PAIR_0212,327,PV_GM19_SILVER_MPV_NEAR_FIELD,288,counterfactual,single_boundary_shift,range_far,far_outward,0.15,0,0,0,range_far,,SAR_MASK_S1_PARTIALLY_CENSORED_CENTER_INSIDE,SAR_MASK_S1_PARTIALLY_CENSORED_CENTER_INSIDE;bottom_near_range_mask;center_semantics_mask_censored_or_unconfirmed;bbox_bottom_within_110px_of_near_range_mask;observed_box_may_be_masked_response_center_not_full_vehicle_center,REAL_SAR_GRAY_REMEASURED,false,BASE_REGION_FROZEN_BACKGROUND,PERTURBED_LOCAL_RING_BACKGROUND,32,30,125321,5.014645,3.278688,1.529467,154934,BACKGROUND_STABLE,24991,1.287848,3.082796,3.737158,1.461801,2.534193,3.056482,0.409743,-0.718637,704,1,0.922535,0.41623,0.931009,10402,115613,142.344138,11.483849,11.483849,1.167806,AXIS_NEAR_ISOTROPIC,134.931957,4.071668,4.071668,1.167503,AXIS_NEAR_ISOTROPIC,134.931957,4.071668,4.071668,1.167503,AXIS_NEAR_ISOTROPIC,TOP_COMPONENTS_TO_80_PERCENT_ENERGY,NO_RESOLVED_AXIS_EVIDENCE,37.655862,45.068043,45.068043,37.655932,45.068113,45.068113,COMPONENT_IDENTITY_SWITCH,WITHIN_VEHICLE_PROJECTION_ENVELOPE,0.038699,0.019525,0,0
WGV35A_PAIR_0212_S2A_026,WGV35A_PAIR_0212,327,PV_GM19_SILVER_MPV_NEAR_FIELD,288,counterfactual,single_boundary_shift,azimuth_left,left_outward,-0.15,0,0,0,azimuth_left,,SAR_MASK_S1_PARTIALLY_CENSORED_CENTER_INSIDE,SAR_MASK_S1_PARTIALLY_CENSORED_CENTER_INSIDE;bottom_near_range_mask;center_semantics_mask_censored_or_unconfirmed;bbox_bottom_within_110px_of_near_range_mask;observed_box_may_be_masked_response_center_not_full_vehicle_center,REAL_SAR_GRAY_REMEASURED,false,BASE_REGION_FROZEN_BACKGROUND,PERTURBED_LOCAL_RING_BACKGROUND,32,31,126832,5.083854,3.883197,1.309193,140985,BACKGROUND_STABLE,24948,1.259221,2.946549,3.586153,1.501549,2.630881,3.147899,0.450446,-0.71695,708,1,0.926036,0.416627,0.934409,10394,117451,138.190411,8.231645,8.231645,1.102129,AXIS_NEAR_ISOTROPIC,129.92921,-0.029556,0.029556,1.095211,AXIS_NEAR_ISOTROPIC,129.92921,-0.029556,0.029556,1.095211,AXIS_NEAR_ISOTROPIC,TOP_COMPONENTS_TO_80_PERCENT_ENERGY,NO_RESOLVED_AXIS_EVIDENCE,41.809589,50.07079,50.07079,40.908136,49.110225,49.110225,COMPONENT_IDENTITY_SWITCH,WITHIN_VEHICLE_PROJECTION_ENVELOPE,0.09837,0.02108,0,0
WGV35A_PAIR_0212_S2A_027,WGV35A_PAIR_0212,327,PV_GM19_SILVER_MPV_NEAR_FIELD,288,counterfactual,single_boundary_shift,azimuth_left,left_inward,0.15,0,0,0,azimuth_left,,SAR_MASK_S1_PARTIALLY_CENSORED_CENTER_INSIDE,SAR_MASK_S1_PARTIALLY_CENSORED_CENTER_INSIDE;bottom_near_range_mask;center_semantics_mask_censored_or_unconfirmed;bbox_bottom_within_110px_of_near_range_mask;observed_box_may_be_masked_response_center_not_full_vehicle_center,REAL_SAR_GRAY_REMEASURED,false,BASE_REGION_FROZEN_BACKGROUND,PERTURBED_LOCAL_RING_BACKGROUND,32,31,116667,4.978111,3.567373,1.395456,129710,BACKGROUND_STABLE,23436,1.21324,3.056206,3.606922,1.379417,2.39527,2.899589,0.416626,-0.741197,667,1,0.923337,0.406255,0.93244,9521,107723,140.347191,8.585518,8.585518,1.203603,AXIS_RESOLVED,137.375114,5.613441,5.613441,1.210392,AXIS_RESOLVED,137.375114,5.613441,5.613441,1.210392,AXIS_RESOLVED,TOP_COMPONENTS_TO_80_PERCENT_ENERGY,GLOBAL_AND_COMPONENT_AXIS_CONSISTENT,39.652809,42.624886,42.624886,40.554263,43.52634,43.52634,COMPONENT_IDENTITY_SWITCH,WITHIN_VEHICLE_PROJECTION_ENVELOPE,0.022236,0.008027,0,0
WGV35A_PAIR_0212_S2A_028,WGV35A_PAIR_0212,327,PV_GM19_SILVER_MPV_NEAR_FIELD,288,counterfactual,single_boundary_shift,azimuth_right,right_inward,-0.15,0,0,0,azimuth_right,,SAR_MASK_S1_PARTIALLY_CENSORED_CENTER_INSIDE,SAR_MASK_S1_PARTIALLY_CENSORED_CENTER_INSIDE;bottom_near_range_mask;center_semantics_mask_censored_or_unconfirmed;bbox_bottom_within_110px_of_near_range_mask;observed_box_may_be_masked_response_center_not_full_vehicle_center,REAL_SAR_GRAY_REMEASURED,false,BASE_REGION_FROZEN_BACKGROUND,PERTURBED_LOCAL_RING_BACKGROUND,32,31,121943,5.201015,3.657928,1.421847,135563,BACKGROUND_STABLE,23446,1.234316,3.004351,3.597276,1.433785,2.512116,3.027973,0.44352,-0.646614,684,1,0.925605,0.42664,0.934314,10003,112871,139.809738,9.850972,9.850972,1.153124,AXIS_NEAR_ISOTROPIC,134.617864,4.659098,4.659098,1.150745,AXIS_NEAR_ISOTROPIC,134.617864,4.659098,4.659098,1.150745,AXIS_NEAR_ISOTROPIC,TOP_COMPONENTS_TO_80_PERCENT_ENERGY,NO_RESOLVED_AXIS_EVIDENCE,40.190262,45.382136,45.382136,39.288809,44.480683,44.480683,COMPONENT_IDENTITY_SWITCH,WITHIN_VEHICLE_PROJECTION_ENVELOPE,0,0,0.004351,0.012116
WGV35A_PAIR_0212_S2A_029,WGV35A_PAIR_0212,327,PV_GM19_SILVER_MPV_NEAR_FIELD,288,counterfactual,single_boundary_shift,azimuth_right,right_outward,0.15,0,0,0,azimuth_right,,SAR_MASK_S1_PARTIALLY_CENSORED_CENTER_INSIDE,SAR_MASK_S1_PARTIALLY_CENSORED_CENTER_INSIDE;bottom_near_range_mask;center_semantics_mask_censored_or_unconfirmed;bbox_bottom_within_110px_of_near_range_mask;observed_box_may_be_masked_response_center_not_full_vehicle_center,REAL_SAR_GRAY_REMEASURED,false,BASE_REGION_FROZEN_BACKGROUND,PERTURBED_LOCAL_RING_BACKGROUND,32,31,121845,4.883959,3.542213,1.378787,135462,BACKGROUND_STABLE,24948,1.242781,3.013066,3.605252,1.449862,2.51513,3.026665,0.423192,-0.809818,687,1,0.925651,0.400513,0.934367,9992,112786,140.155565,8.393891,8.393891,1.150047,AXIS_NEAR_ISOTROPIC,134.777164,3.015491,3.015491,1.148102,AXIS_NEAR_ISOTROPIC,134.777164,3.015491,3.015491,1.148102,AXIS_NEAR_ISOTROPIC,TOP_COMPONENTS_TO_80_PERCENT_ENERGY,NO_RESOLVED_AXIS_EVIDENCE,39.844435,45.222836,45.222836,40.74589,46.12429,46.12429,COMPONENT_IDENTITY_SWITCH,WITHIN_VEHICLE_PROJECTION_ENVELOPE,0.030108,0.036847,0,0
WGV35A_PAIR_0212_S2A_030,WGV35A_PAIR_0212,327,PV_GM19_SILVER_MPV_NEAR_FIELD,288,counterfactual,single_boundary_shift,range_near,near_outward,-0.3,0,0,0,range_near,,SAR_MASK_S1_PARTIALLY_CENSORED_CENTER_INSIDE,SAR_MASK_S1_PARTIALLY_CENSORED_CENTER_INSIDE;bottom_near_range_mask;center_semantics_mask_censored_or_unconfirmed;bbox_bottom_within_110px_of_near_range_mask;observed_box_may_be_masked_response_center_not_full_vehicle_center,REAL_SAR_GRAY_REMEASURED,false,BASE_REGION_FROZEN_BACKGROUND,PERTURBED_LOCAL_RING_BACKGROUND,32,31,126906,4.94317,3.637833,1.358823,141137,BACKGROUND_STABLE,25673,1.316662,3.237433,3.826791,1.400732,2.47894,2.988541,0.463176,-0.737347,714,1,0.93221,0.414287,0.940578,10636,118303,137.747917,6.887564,6.887564,1.29132,AXIS_RESOLVED,135.743996,4.883642,4.883642,1.327745,AXIS_RESOLVED,135.743996,4.883642,4.883642,1.327745,AXIS_RESOLVED,TOP_COMPONENTS_TO_80_PERCENT_ENERGY,GLOBAL_AND_COMPONENT_AXIS_CONSISTENT,42.252083,44.256004,44.256004,42.252217,44.256139,44.256139,COMPONENT_IDENTITY_SWITCH,WITHIN_VEHICLE_PROJECTION_ENVELOPE,0.025634,0.018142,0,0
WGV35A_PAIR_0212_S2A_031,WGV35A_PAIR_0212,327,PV_GM19_SILVER_MPV_NEAR_FIELD,288,counterfactual,single_boundary_shift,range_near,near_inward,0.3,0,0,0,range_near,,SAR_MASK_S1_PARTIALLY_CENSORED_CENTER_INSIDE,SAR_MASK_S1_PARTIALLY_CENSORED_CENTER_INSIDE;bottom_near_range_mask;center_semantics_mask_censored_or_unconfirmed;bbox_bottom_within_110px_of_near_range_mask;observed_box_may_be_masked_response_center_not_full_vehicle_center,REAL_SAR_GRAY_REMEASURED,false,BASE_REGION_FROZEN_BACKGROUND,PERTURBED_LOCAL_RING_BACKGROUND,32,31,117807,5.232843,3.298495,1.586434,130698,BACKGROUND_STABLE,22513,1.181213,2.666575,3.459007,1.450985,2.523628,3.027789,0.365041,-0.722,625,1,0.93115,0.42642,0.940165,9600,109696,147.902609,17.042517,17.042517,1.064521,AXIS_NEAR_ISOTROPIC,147.216898,16.356805,16.356805,1.071336,AXIS_NEAR_ISOTROPIC,147.216898,16.356805,16.356805,1.071336,AXIS_NEAR_ISOTROPIC,TOP_COMPONENTS_TO_80_PERCENT_ENERGY,NO_RESOLVED_AXIS_EVIDENCE,32.097391,32.783102,32.783102,32.097264,32.782976,32.782976,COMPONENT_IDENTITY_SWITCH,PARTIAL_SUPPORT_BELOW_ENVELOPE,0.333426,0.076372,0,0
WGV35A_PAIR_0212_S2A_032,WGV35A_PAIR_0212,327,PV_GM19_SILVER_MPV_NEAR_FIELD,288,counterfactual,single_boundary_shift,range_far,far_inward,-0.3,0,0,0,range_far,,SAR_MASK_S1_PARTIALLY_CENSORED_CENTER_INSIDE,SAR_MASK_S1_PARTIALLY_CENSORED_CENTER_INSIDE;bottom_near_range_mask;center_semantics_mask_censored_or_unconfirmed;bbox_bottom_within_110px_of_near_range_mask;observed_box_may_be_masked_response_center_not_full_vehicle_center,REAL_SAR_GRAY_REMEASURED,false,BASE_REGION_FROZEN_BACKGROUND,PERTURBED_LOCAL_RING_BACKGROUND,32,31,114959,5.106339,3.564731,1.432461,127406,BACKGROUND_STABLE,22513,1.138211,2.784211,3.356315,1.401982,2.473811,2.965036,0.483036,-0.74664,668,1,0.89799,0.378715,0.91236,8526,103232,135.51074,4.650387,4.650387,1.12052,AXIS_NEAR_ISOTROPIC,116.545315,-14.315038,14.315038,1.193169,AXIS_NEAR_ISOTROPIC,116.545315,-14.315038,14.315038,1.193169,AXIS_NEAR_ISOTROPIC,TOP_COMPONENTS_TO_80_PERCENT_ENERGY,NO_RESOLVED_AXIS_EVIDENCE,44.48926,63.454685,63.454685,44.489394,34.824743,34.824743,COMPONENT_IDENTITY_SWITCH,WITHIN_VEHICLE_PROJECTION_ENVELOPE,0.215789,0.026189,0,0
WGV35A_PAIR_0212_S2A_033,WGV35A_PAIR_0212,327,PV_GM19_SILVER_MPV_NEAR_FIELD,288,counterfactual,single_boundary_shift,range_far,far_outward,0.3,0,0,0,range_far,,SAR_MASK_S1_PARTIALLY_CENSORED_CENTER_INSIDE,SAR_MASK_S1_PARTIALLY_CENSORED_CENTER_INSIDE;bottom_near_range_mask;center_semantics_mask_censored_or_unconfirmed;bbox_bottom_within_110px_of_near_range_mask;observed_box_may_be_masked_response_center_not_full_vehicle_center,REAL_SAR_GRAY_REMEASURED,false,BASE_REGION_FROZEN_BACKGROUND,PERTURBED_LOCAL_RING_BACKGROUND,32,31,127763,4.954743,3.261693,1.519071,142413,BACKGROUND_STABLE,25786,1.324844,3.190242,3.826791,1.477423,2.552322,3.070669,0.369576,-0.716798,724,1,0.92,0.414876,0.928313,10698,117542,142.557922,11.69783,11.69783,1.181569,AXIS_NEAR_ISOTROPIC,136.182878,5.322786,5.322786,1.181386,AXIS_NEAR_ISOTROPIC,136.182878,5.322786,5.322786,1.181386,AXIS_NEAR_ISOTROPIC,TOP_COMPONENTS_TO_80_PERCENT_ENERGY,NO_RESOLVED_AXIS_EVIDENCE,37.442078,43.817122,43.817122,37.441951,43.816995,43.816995,COMPONENT_IDENTITY_SWITCH,WITHIN_VEHICLE_PROJECTION_ENVELOPE,0,0.000393,0.001199,0
WGV35A_PAIR_0212_S2A_034,WGV35A_PAIR_0212,327,PV_GM19_SILVER_MPV_NEAR_FIELD,288,counterfactual,single_boundary_shift,azimuth_left,left_outward,-0.3,0,0,0,azimuth_left,,SAR_MASK_S1_PARTIALLY_CENSORED_CENTER_INSIDE,SAR_MASK_S1_PARTIALLY_CENSORED_CENTER_INSIDE;bottom_near_range_mask;center_semantics_mask_censored_or_unconfirmed;bbox_bottom_within_110px_of_near_range_mask;observed_box_may_be_masked_response_center_not_full_vehicle_center,REAL_SAR_GRAY_REMEASURED,false,BASE_REGION_FROZEN_BACKGROUND,PERTURBED_LOCAL_RING_BACKGROUND,32,31,132925,5.170771,3.981048,1.298846,147667,BACKGROUND_STABLE,25707,1.290971,2.915699,3.595092,1.580419,2.756076,3.280974,0.480935,-0.7168,720,1,0.928162,0.423464,0.936152,10886,123376,130.770607,1.712617,1.712617,1.050552,AXIS_NEAR_ISOTROPIC,113.302375,-15.755614,15.755614,1.052587,AXIS_NEAR_ISOTROPIC,113.302375,-15.755614,15.755614,1.052587,AXIS_NEAR_ISOTROPIC,TOP_COMPONENTS_TO_80_PERCENT_ENERGY,NO_RESOLVED_AXIS_EVIDENCE,49.229393,66.697625,66.697625,47.427164,33.384167,33.384167,COMPONENT_IDENTITY_SWITCH,WITHIN_VEHICLE_PROJECTION_ENVELOPE,0.216263,0,0,0.002631
WGV35A_PAIR_0212_S2A_035,WGV35A_PAIR_0212,327,PV_GM19_SILVER_MPV_NEAR_FIELD,288,counterfactual,single_boundary_shift,azimuth_left,left_inward,0.3,0,0,0,azimuth_left,,SAR_MASK_S1_PARTIALLY_CENSORED_CENTER_INSIDE,SAR_MASK_S1_PARTIALLY_CENSORED_CENTER_INSIDE;bottom_near_range_mask;center_semantics_mask_censored_or_unconfirmed;bbox_bottom_within_110px_of_near_range_mask;observed_box_may_be_masked_response_center_not_full_vehicle_center,REAL_SAR_GRAY_REMEASURED,false,BASE_REGION_FROZEN_BACKGROUND,PERTURBED_LOCAL_RING_BACKGROUND,32,31,111898,4.930296,3.534764,1.394802,124421,BACKGROUND_STABLE,22696,1.192568,3.087629,3.618383,1.314559,2.28912,2.78657,0.395534,-0.75806,642,1,0.923931,0.403067,0.933422,9148,103386,139.828335,7.165896,7.165896,1.260663,AXIS_RESOLVED,137.5652,4.90276,4.90276,1.275742,AXIS_RESOLVED,137.5652,4.90276,4.90276,1.275742,AXIS_RESOLVED,TOP_COMPONENTS_TO_80_PERCENT_ENERGY,GLOBAL_AND_COMPONENT_AXIS_CONSISTENT,40.171665,42.4348,42.4348,41.973885,44.237021,44.237021,COMPONENT_IDENTITY_SWITCH,WITHIN_VEHICLE_PROJECTION_ENVELOPE,0.012371,0.01088,0,0
WGV35A_PAIR_0212_S2A_036,WGV35A_PAIR_0212,327,PV_GM19_SILVER_MPV_NEAR_FIELD,288,counterfactual,single_boundary_shift,azimuth_right,right_inward,-0.3,0,0,0,azimuth_right,,SAR_MASK_S1_PARTIALLY_CENSORED_CENTER_INSIDE,SAR_MASK_S1_PARTIALLY_CENSORED_CENTER_INSIDE;bottom_near_range_mask;center_semantics_mask_censored_or_unconfirmed;bbox_bottom_within_110px_of_near_range_mask;observed_box_may_be_masked_response_center_not_full_vehicle_center,REAL_SAR_GRAY_REMEASURED,false,BASE_REGION_FROZEN_BACKGROUND,PERTURBED_LOCAL_RING_BACKGROUND,32,31,121638,5.384595,3.731183,1.443134,135189,BACKGROUND_STABLE,22590,1.228708,3.001257,3.583425,1.426351,2.51279,3.036006,0.453473,-0.566372,673,1,0.926372,0.441744,0.935103,9979,112682,139.564242,10.506252,10.506252,1.14921,AXIS_NEAR_ISOTROPIC,134.667261,5.609272,5.609272,1.146262,AXIS_NEAR_ISOTROPIC,134.667261,5.609272,5.609272,1.146262,AXIS_NEAR_ISOTROPIC,TOP_COMPONENTS_TO_80_PERCENT_ENERGY,NO_RESOLVED_AXIS_EVIDENCE,40.435758,45.332739,45.332739,38.633529,43.530509,43.530509,COMPONENT_IDENTITY_SWITCH,WITHIN_VEHICLE_PROJECTION_ENVELOPE,0,0,0.001257,0.01279
WGV35A_PAIR_0212_S2A_037,WGV35A_PAIR_0212,327,PV_GM19_SILVER_MPV_NEAR_FIELD,288,counterfactual,single_boundary_shift,azimuth_right,right_outward,0.3,0,0,0,azimuth_right,,SAR_MASK_S1_PARTIALLY_CENSORED_CENTER_INSIDE,SAR_MASK_S1_PARTIALLY_CENSORED_CENTER_INSIDE;bottom_near_range_mask;center_semantics_mask_censored_or_unconfirmed;bbox_bottom_within_110px_of_near_range_mask;observed_box_may_be_masked_response_center_not_full_vehicle_center,REAL_SAR_GRAY_REMEASURED,false,BASE_REGION_FROZEN_BACKGROUND,PERTURBED_LOCAL_RING_BACKGROUND,32,30,121681,4.754464,3.507071,1.35568,150078,BACKGROUND_STABLE,25593,1.245351,3.013229,3.601088,1.455567,2.517509,3.033125,0.408024,-0.892382,684,1,0.925929,0.389872,0.934657,9978,112668,139.985838,7.323398,7.323398,1.147826,AXIS_NEAR_ISOTROPIC,134.628487,1.966048,1.966048,1.14611,AXIS_NEAR_ISOTROPIC,134.628487,1.966048,1.966048,1.14611,AXIS_NEAR_ISOTROPIC,TOP_COMPONENTS_TO_80_PERCENT_ENERGY,NO_RESOLVED_AXIS_EVIDENCE,40.014162,45.371513,45.371513,41.816383,47.173733,47.173733,COMPONENT_IDENTITY_SWITCH,WITHIN_VEHICLE_PROJECTION_ENVELOPE,0.029945,0.034467,0,0
WGV35A_PAIR_0212_S2A_038,WGV35A_PAIR_0212,327,PV_GM19_SILVER_MPV_NEAR_FIELD,288,counterfactual,scale_resize,range,resize,-0.15,0,0,0,,range,SAR_MASK_S1_PARTIALLY_CENSORED_CENTER_INSIDE,SAR_MASK_S1_PARTIALLY_CENSORED_CENTER_INSIDE;bottom_near_range_mask;center_semantics_mask_censored_or_unconfirmed;bbox_bottom_within_110px_of_near_range_mask;observed_box_may_be_masked_response_center_not_full_vehicle_center,REAL_SAR_GRAY_REMEASURED,false,BASE_REGION_FROZEN_BACKGROUND,PERTURBED_LOCAL_RING_BACKGROUND,32,31,118758,5.099098,3.39322,1.502731,131862,BACKGROUND_STABLE,23290,1.194028,2.846154,3.481701,1.438295,2.511941,3.012354,0.437197,-0.731761,672,1,0.928594,0.414899,0.937537,9663,110278,140.363755,9.503537,9.503537,1.106573,AXIS_NEAR_ISOTROPIC,136.377886,5.517667,5.517667,1.109844,AXIS_NEAR_ISOTROPIC,136.377886,5.517667,5.517667,1.109844,AXIS_NEAR_ISOTROPIC,TOP_COMPONENTS_TO_80_PERCENT_ENERGY,NO_RESOLVED_AXIS_EVIDENCE,39.636245,43.622114,43.622114,39.636244,43.622114,43.622114,COMPONENT_IDENTITY_SWITCH,WITHIN_VEHICLE_PROJECTION_ENVELOPE,0.153846,0.088059,0,0
WGV35A_PAIR_0212_S2A_039,WGV35A_PAIR_0212,327,PV_GM19_SILVER_MPV_NEAR_FIELD,288,counterfactual,scale_resize,range,resize,0.15,0,0,0,,range,SAR_MASK_S1_PARTIALLY_CENSORED_CENTER_INSIDE,SAR_MASK_S1_PARTIALLY_CENSORED_CENTER_INSIDE;bottom_near_range_mask;center_semantics_mask_censored_or_unconfirmed;bbox_bottom_within_110px_of_near_range_mask;observed_box_may_be_masked_response_center_not_full_vehicle_center,REAL_SAR_GRAY_REMEASURED,false,BASE_REGION_FROZEN_BACKGROUND,PERTURBED_LOCAL_RING_BACKGROUND,32,31,125147,5.007683,3.629508,1.379714,139231,BACKGROUND_STABLE,24991,1.283659,3.116612,3.71447,1.448858,2.523944,3.03448,0.424632,-0.732964,704,1,0.924441,0.414269,0.932927,10353,115691,139.299658,8.43944,8.43944,1.188233,AXIS_NEAR_ISOTROPIC,133.19708,2.336861,2.336861,1.193584,AXIS_NEAR_ISOTROPIC,133.19708,2.336861,2.336861,1.193584,AXIS_NEAR_ISOTROPIC,TOP_COMPONENTS_TO_80_PERCENT_ENERGY,NO_RESOLVED_AXIS_EVIDENCE,40.700342,46.80292,46.80292,40.700341,46.80292,46.80292,COMPONENT_IDENTITY_SWITCH,WITHIN_VEHICLE_PROJECTION_ENVELOPE,0.004883,0.029775,0,0
WGV35A_PAIR_0212_S2A_040,WGV35A_PAIR_0212,327,PV_GM19_SILVER_MPV_NEAR_FIELD,288,counterfactual,scale_resize,azimuth,resize,-0.15,0,0,0,,azimuth,SAR_MASK_S1_PARTIALLY_CENSORED_CENTER_INSIDE,SAR_MASK_S1_PARTIALLY_CENSORED_CENTER_INSIDE;bottom_near_range_mask;center_semantics_mask_censored_or_unconfirmed;bbox_bottom_within_110px_of_near_range_mask;observed_box_may_be_masked_response_center_not_full_vehicle_center,REAL_SAR_GRAY_REMEASURED,false,BASE_REGION_FROZEN_BACKGROUND,PERTURBED_LOCAL_RING_BACKGROUND,32,31,118805,5.091061,3.677542,1.384365,132087,BACKGROUND_STABLE,23336,1.219904,3.031666,3.599335,1.400607,2.44581,2.949162,0.426402,-0.688347,677,1,0.924464,0.41661,0.933403,9722,109831,140.244321,9.384102,9.384102,1.183579,AXIS_NEAR_ISOTROPIC,135.88521,5.024991,5.024991,1.183682,AXIS_NEAR_ISOTROPIC,135.88521,5.024991,5.024991,1.183682,AXIS_NEAR_ISOTROPIC,TOP_COMPONENTS_TO_80_PERCENT_ENERGY,NO_RESOLVED_AXIS_EVIDENCE,39.755679,44.11479,44.11479,39.755679,44.11479,44.11479,COMPONENT_IDENTITY_SWITCH,WITHIN_VEHICLE_PROJECTION_ENVELOPE,0.009763,0.006182,0,0
WGV35A_PAIR_0212_S2A_041,WGV35A_PAIR_0212,327,PV_GM19_SILVER_MPV_NEAR_FIELD,288,counterfactual,scale_resize,azimuth,resize,0.15,0,0,0,,azimuth,SAR_MASK_S1_PARTIALLY_CENSORED_CENTER_INSIDE,SAR_MASK_S1_PARTIALLY_CENSORED_CENTER_INSIDE;bottom_near_range_mask;center_semantics_mask_censored_or_unconfirmed;bbox_bottom_within_110px_of_near_range_mask;observed_box_may_be_masked_response_center_not_full_vehicle_center,REAL_SAR_GRAY_REMEASURED,false,BASE_REGION_FROZEN_BACKGROUND,PERTURBED_LOCAL_RING_BACKGROUND,32,31,124782,4.978932,3.716156,1.339807,138745,BACKGROUND_STABLE,25062,1.254844,2.968225,3.603085,1.4823,2.578072,3.091423,0.443162,-0.765847,698,1,0.926344,0.409185,0.934854,10255,115591,139.269311,8.409092,8.409092,1.123146,AXIS_NEAR_ISOTROPIC,132.581423,1.721205,1.721205,1.120315,AXIS_NEAR_ISOTROPIC,132.581423,1.721205,1.721205,1.120315,AXIS_NEAR_ISOTROPIC,TOP_COMPONENTS_TO_80_PERCENT_ENERGY,NO_RESOLVED_AXIS_EVIDENCE,40.730689,47.418577,47.418577,40.730689,47.418576,47.418576,COMPONENT_IDENTITY_SWITCH,WITHIN_VEHICLE_PROJECTION_ENVELOPE,0.031775,0.021928,0,0
WGV35A_PAIR_0212_S2A_042,WGV35A_PAIR_0212,327,PV_GM19_SILVER_MPV_NEAR_FIELD,288,counterfactual,scale_resize,range,resize,-0.3,0,0,0,,range,SAR_MASK_S1_PARTIALLY_CENSORED_CENTER_INSIDE,SAR_MASK_S1_PARTIALLY_CENSORED_CENTER_INSIDE;bottom_near_range_mask;center_semantics_mask_censored_or_unconfirmed;bbox_bottom_within_110px_of_near_range_mask;observed_box_may_be_masked_response_center_not_full_vehicle_center,REAL_SAR_GRAY_REMEASURED,false,BASE_REGION_FROZEN_BACKGROUND,PERTURBED_LOCAL_RING_BACKGROUND,32,30,116444,5.151933,3.199138,1.610413,143002,BACKGROUND_STABLE,22602,1.160338,2.747334,3.40682,1.43467,2.509565,3.009854,0.436434,-0.730107,655,1,0.923148,0.409698,0.932268,9260,107495,143.88223,13.022011,13.022011,1.080009,AXIS_NEAR_ISOTROPIC,146.410769,15.550551,15.550551,1.069647,AXIS_NEAR_ISOTROPIC,146.410769,15.550551,15.550551,1.069647,AXIS_NEAR_ISOTROPIC,TOP_COMPONENTS_TO_80_PERCENT_ENERGY,NO_RESOLVED_AXIS_EVIDENCE,36.11777,33.589231,33.589231,36.11777,33.58923,33.58923,COMPONENT_IDENTITY_SWITCH,WITHIN_VEHICLE_PROJECTION_ENVELOPE,0.252666,0.090435,0,0
WGV35A_PAIR_0212_S2A_043,WGV35A_PAIR_0212,327,PV_GM19_SILVER_MPV_NEAR_FIELD,288,counterfactual,scale_resize,range,resize,0.3,0,0,0,,range,SAR_MASK_S1_PARTIALLY_CENSORED_CENTER_INSIDE,SAR_MASK_S1_PARTIALLY_CENSORED_CENTER_INSIDE;bottom_near_range_mask;center_semantics_mask_censored_or_unconfirmed;bbox_bottom_within_110px_of_near_range_mask;observed_box_may_be_masked_response_center_not_full_vehicle_center,REAL_SAR_GRAY_REMEASURED,false,BASE_REGION_FROZEN_BACKGROUND,PERTURBED_LOCAL_RING_BACKGROUND,32,30,127845,4.957923,3.318145,1.494185,158145,BACKGROUND_STABLE,25786,1.330288,3.243683,3.848106,1.44361,2.518629,3.041169,0.426711,-0.72174,719,1,0.920404,0.411851,0.928711,10620,117669,140.148682,9.288464,9.288464,1.233443,AXIS_RESOLVED,133.3059,2.445681,2.445681,1.238633,AXIS_RESOLVED,133.3059,2.445681,2.445681,1.238633,AXIS_RESOLVED,TOP_COMPONENTS_TO_80_PERCENT_ENERGY,GLOBAL_AND_COMPONENT_AXIS_CONSISTENT,39.851318,46.6941,46.6941,39.851317,46.6941,46.6941,COMPONENT_IDENTITY_SWITCH,WITHIN_VEHICLE_PROJECTION_ENVELOPE,0.002068,0.03058,0,0
WGV35A_PAIR_0212_S2A_044,WGV35A_PAIR_0212,327,PV_GM19_SILVER_MPV_NEAR_FIELD,288,counterfactual,scale_resize,azimuth,resize,-0.3,0,0,0,,azimuth,SAR_MASK_S1_PARTIALLY_CENSORED_CENTER_INSIDE,SAR_MASK_S1_PARTIALLY_CENSORED_CENTER_INSIDE;bottom_near_range_mask;center_semantics_mask_censored_or_unconfirmed;bbox_bottom_within_110px_of_near_range_mask;observed_box_may_be_masked_response_center_not_full_vehicle_center,REAL_SAR_GRAY_REMEASURED,false,BASE_REGION_FROZEN_BACKGROUND,PERTURBED_LOCAL_RING_BACKGROUND,32,31,116862,5.150829,3.569032,1.4432,129926,BACKGROUND_STABLE,22688,1.211966,3.058419,3.6084,1.373166,2.394182,2.895845,0.428014,-0.658665,665,1,0.923149,0.420487,0.932236,9540,107881,140.394262,9.534044,9.534044,1.20695,AXIS_RESOLVED,137.423397,6.563179,6.563179,1.213446,AXIS_RESOLVED,137.423397,6.563179,6.563179,1.213446,AXIS_RESOLVED,TOP_COMPONENTS_TO_80_PERCENT_ENERGY,GLOBAL_AND_COMPONENT_AXIS_CONSISTENT,39.605738,42.576603,42.576603,39.605737,42.576602,42.576602,COMPONENT_IDENTITY_SWITCH,WITHIN_VEHICLE_PROJECTION_ENVELOPE,0.020022,0.009115,0,0
WGV35A_PAIR_0212_S2A_045,WGV35A_PAIR_0212,327,PV_GM19_SILVER_MPV_NEAR_FIELD,288,counterfactual,scale_resize,azimuth,resize,0.3,0,0,0,,azimuth,SAR_MASK_S1_PARTIALLY_CENSORED_CENTER_INSIDE,SAR_MASK_S1_PARTIALLY_CENSORED_CENTER_INSIDE;bottom_near_range_mask;center_semantics_mask_censored_or_unconfirmed;bbox_bottom_within_110px_of_near_range_mask;observed_box_may_be_masked_response_center_not_full_vehicle_center,REAL_SAR_GRAY_REMEASURED,false,BASE_REGION_FROZEN_BACKGROUND,PERTURBED_LOCAL_RING_BACKGROUND,32,31,126887,4.936469,3.822581,1.291397,141058,BACKGROUND_STABLE,25704,1.26472,2.943847,3.593897,1.5108,2.633449,3.144988,0.441696,-0.797892,710,1,0.926163,0.404762,0.934532,10404,117518,138.941667,8.081449,8.081449,1.101288,AXIS_NEAR_ISOTROPIC,130.166176,-0.694042,0.694042,1.095043,AXIS_NEAR_ISOTROPIC,130.166176,-0.694042,0.694042,1.095043,AXIS_NEAR_ISOTROPIC,TOP_COMPONENTS_TO_80_PERCENT_ENERGY,NO_RESOLVED_AXIS_EVIDENCE,41.058333,49.833824,49.833824,41.058332,48.445739,48.445739,COMPONENT_IDENTITY_SWITCH,WITHIN_VEHICLE_PROJECTION_ENVELOPE,0.101072,0.018512,0,0
WGV35A_PAIR_0212_S2A_046,WGV35A_PAIR_0212,327,PV_GM19_SILVER_MPV_NEAR_FIELD,288,counterfactual,local_region_rotation,gt_region,rotate,0,-30,0,0,,,SAR_MASK_S1_PARTIALLY_CENSORED_CENTER_INSIDE,SAR_MASK_S1_PARTIALLY_CENSORED_CENTER_INSIDE;bottom_near_range_mask;center_semantics_mask_censored_or_unconfirmed;bbox_bottom_within_110px_of_near_range_mask;observed_box_may_be_masked_response_center_not_full_vehicle_center,REAL_SAR_GRAY_REMEASURED,false,BASE_REGION_FROZEN_BACKGROUND,PERTURBED_LOCAL_RING_BACKGROUND,32,33,66380,6.21885,4.132821,1.504747,59733,BACKGROUND_STABLE,10674,1.330851,2.90822,3.484639,0.843127,1.597559,2.057345,0.163419,-0.161885,331,1,0.910696,0.496627,0.926695,5301,60452,148.647322,17.787103,17.787103,2.216983,AXIS_RESOLVED,147.273563,16.413345,16.413345,2.319295,AXIS_RESOLVED,147.273563,16.413345,16.413345,2.319295,AXIS_RESOLVED,TOP_COMPONENTS_TO_80_PERCENT_ENERGY,GLOBAL_AND_COMPONENT_AXIS_CONSISTENT,31.352678,32.726437,32.726437,31.352678,32.726436,32.726436,SAME_COMPONENT_PERSISTENT,WITHIN_VEHICLE_PROJECTION_ENVELOPE,0.09178,0.002441,0,0
WGV35A_PAIR_0212_S2A_047,WGV35A_PAIR_0212,327,PV_GM19_SILVER_MPV_NEAR_FIELD,288,counterfactual,local_region_rotation,gt_region,rotate,0,-15,0,0,,,SAR_MASK_S1_PARTIALLY_CENSORED_CENTER_INSIDE,SAR_MASK_S1_PARTIALLY_CENSORED_CENTER_INSIDE;bottom_near_range_mask;center_semantics_mask_censored_or_unconfirmed;bbox_bottom_within_110px_of_near_range_mask;observed_box_may_be_masked_response_center_not_full_vehicle_center,REAL_SAR_GRAY_REMEASURED,false,BASE_REGION_FROZEN_BACKGROUND,PERTURBED_LOCAL_RING_BACKGROUND,32,32,63745,5.918756,4.251376,1.392198,63745,BACKGROUND_STABLE,10770,1.381668,2.701517,3.343628,0.92232,1.730069,2.264172,0.038946,-0.157585,348,1,0.908589,0.478087,0.925249,5149,57918,154.275598,23.41538,23.41538,2.224351,AXIS_RESOLVED,151.959868,21.099649,21.099649,2.331756,AXIS_RESOLVED,151.959868,21.099649,21.099649,2.331756,AXIS_RESOLVED,TOP_COMPONENTS_TO_80_PERCENT_ENERGY,GLOBAL_AND_COMPONENT_AXIS_CONSISTENT,25.724402,28.040132,28.040132,25.724401,28.040132,28.040132,SAME_COMPONENT_PERSISTENT,WITHIN_VEHICLE_PROJECTION_ENVELOPE,0.298483,0.069931,0,0
WGV35A_PAIR_0212_S2A_048,WGV35A_PAIR_0212,327,PV_GM19_SILVER_MPV_NEAR_FIELD,288,counterfactual,local_region_rotation,gt_region,rotate,0,-10,0,0,,,SAR_MASK_S1_PARTIALLY_CENSORED_CENTER_INSIDE,SAR_MASK_S1_PARTIALLY_CENSORED_CENTER_INSIDE;bottom_near_range_mask;center_semantics_mask_censored_or_unconfirmed;bbox_bottom_within_110px_of_near_range_mask;observed_box_may_be_masked_response_center_not_full_vehicle_center,REAL_SAR_GRAY_REMEASURED,false,BASE_REGION_FROZEN_BACKGROUND,PERTURBED_LOCAL_RING_BACKGROUND,32,32,61601,5.76141,4.338288,1.328038,61601,BACKGROUND_STABLE,10692,1.309974,2.588634,3.20568,0.970762,1.796199,2.331992,0.023692,-0.155483,350,1,0.901106,0.461654,0.918345,4936,55509,157.621554,26.761335,26.761335,2.207578,AXIS_RESOLVED,154.762634,23.902416,23.902416,2.33177,AXIS_RESOLVED,154.762634,23.902416,23.902416,2.33177,AXIS_RESOLVED,TOP_COMPONENTS_TO_80_PERCENT_ENERGY,GLOBAL_AND_COMPONENT_AXIS_CONSISTENT,22.378446,25.237366,25.237366,22.378446,25.237365,25.237365,SAME_COMPONENT_PERSISTENT,PARTIAL_SUPPORT_BELOW_ENVELOPE,0.411366,0.003801,0,0
WGV35A_PAIR_0212_S2A_049,WGV35A_PAIR_0212,327,PV_GM19_SILVER_MPV_NEAR_FIELD,288,counterfactual,local_region_rotation,gt_region,rotate,0,-5,0,0,,,SAR_MASK_S1_PARTIALLY_CENSORED_CENTER_INSIDE,SAR_MASK_S1_PARTIALLY_CENSORED_CENTER_INSIDE;bottom_near_range_mask;center_semantics_mask_censored_or_unconfirmed;bbox_bottom_within_110px_of_near_range_mask;observed_box_may_be_masked_response_center_not_full_vehicle_center,REAL_SAR_GRAY_REMEASURED,false,BASE_REGION_FROZEN_BACKGROUND,PERTURBED_LOCAL_RING_BACKGROUND,32,32,60049,5.629946,4.224053,1.33283,60049,BACKGROUND_STABLE,10666,1.229092,2.505252,3.077483,1.01114,1.876518,2.400184,0.012015,-0.164153,357,2,0.855302,0.412057,0.911156,4395,51360,160.47829,29.618071,29.618071,2.172656,AXIS_RESOLVED,157.392268,26.532049,26.532049,2.071343,AXIS_RESOLVED,157.392268,26.532049,26.532049,2.071343,AXIS_RESOLVED,TOP_COMPONENTS_TO_80_PERCENT_ENERGY,GLOBAL_AND_COMPONENT_AXIS_CONSISTENT,19.52171,22.607732,22.607732,19.52171,22.607732,22.607732,SAME_COMPONENT_PERSISTENT,PARTIAL_SUPPORT_BELOW_ENVELOPE,0.494748,0.023482,0,0
WGV35A_PAIR_0212_S2A_050,WGV35A_PAIR_0212,327,PV_GM19_SILVER_MPV_NEAR_FIELD,288,counterfactual,local_region_rotation,gt_region,rotate,0,0,0,0,,,SAR_MASK_S1_PARTIALLY_CENSORED_CENTER_INSIDE,SAR_MASK_S1_PARTIALLY_CENSORED_CENTER_INSIDE;bottom_near_range_mask;center_semantics_mask_censored_or_unconfirmed;bbox_bottom_within_110px_of_near_range_mask;observed_box_may_be_masked_response_center_not_full_vehicle_center,REAL_SAR_GRAY_REMEASURED,false,BASE_REGION_FROZEN_BACKGROUND,PERTURBED_LOCAL_RING_BACKGROUND,32,32,59585,5.515087,4.548444,1.212522,59585,BACKGROUND_STABLE,10804,1.142085,2.441497,2.863405,1.045394,1.945712,2.484128,0.0029,-0.191635,351,2,0.862063,0.410866,0.912864,4439,51366,163.232603,32.372385,32.372385,2.056189,AXIS_RESOLVED,159.906679,29.04646,29.04646,1.949373,AXIS_RESOLVED,159.906679,29.04646,29.04646,1.949373,AXIS_RESOLVED,TOP_COMPONENTS_TO_80_PERCENT_ENERGY,GLOBAL_AND_COMPONENT_AXIS_CONSISTENT,16.767397,20.093321,20.093321,16.767396,20.093321,20.093321,SAME_COMPONENT_PERSISTENT,PARTIAL_SUPPORT_BELOW_ENVELOPE,0.558503,0.054288,0,0
WGV35A_PAIR_0212_S2A_051,WGV35A_PAIR_0212,327,PV_GM19_SILVER_MPV_NEAR_FIELD,288,counterfactual,local_region_rotation,gt_region,rotate,0,5,0,0,,,SAR_MASK_S1_PARTIALLY_CENSORED_CENTER_INSIDE,SAR_MASK_S1_PARTIALLY_CENSORED_CENTER_INSIDE;bottom_near_range_mask;center_semantics_mask_censored_or_unconfirmed;bbox_bottom_within_110px_of_near_range_mask;observed_box_may_be_masked_response_center_not_full_vehicle_center,REAL_SAR_GRAY_REMEASURED,false,BASE_REGION_FROZEN_BACKGROUND,PERTURBED_LOCAL_RING_BACKGROUND,32,33,58308,5.466717,5.940312,0.920274,52281,BACKGROUND_STABLE,10666,1.056204,2.35199,2.643201,1.082958,2.044531,2.617201,-0.005373,-0.228493,341,1,0.867445,0.406338,0.889055,4334,50579,167.996453,37.136234,37.136234,1.916977,AXIS_RESOLVED,164.723728,33.863509,33.863509,1.798625,AXIS_RESOLVED,164.723728,33.863509,33.863509,1.798625,AXIS_RESOLVED,TOP_COMPONENTS_TO_80_PERCENT_ENERGY,GLOBAL_AND_COMPONENT_AXIS_CONSISTENT,12.003547,15.276272,15.276272,12.003547,15.276272,15.276272,SAME_COMPONENT_PERSISTENT,PARTIAL_SUPPORT_BELOW_ENVELOPE,0.64801,0.055469,0,0
WGV35A_PAIR_0212_S2A_052,WGV35A_PAIR_0212,327,PV_GM19_SILVER_MPV_NEAR_FIELD,288,counterfactual,local_region_rotation,gt_region,rotate,0,10,0,0,,,SAR_MASK_S1_PARTIALLY_CENSORED_CENTER_INSIDE,SAR_MASK_S1_PARTIALLY_CENSORED_CENTER_INSIDE;bottom_near_range_mask;center_semantics_mask_censored_or_unconfirmed;bbox_bottom_within_110px_of_near_range_mask;observed_box_may_be_masked_response_center_not_full_vehicle_center,REAL_SAR_GRAY_REMEASURED,false,BASE_REGION_FROZEN_BACKGROUND,PERTURBED_LOCAL_RING_BACKGROUND,32,32,60385,5.647681,5.704955,0.989961,60385,BACKGROUND_STABLE,10692,0.982011,2.256921,2.531691,1.173152,2.309989,2.973101,0.00021,-0.334621,340,1,0.880699,0.409746,0.898286,4381,53181,175.807938,44.947719,44.947719,1.700178,AXIS_RESOLVED,173.75253,42.892312,42.892312,1.568865,AXIS_RESOLVED,173.75253,42.892312,42.892312,1.568865,AXIS_RESOLVED,TOP_COMPONENTS_TO_80_PERCENT_ENERGY,GLOBAL_AND_COMPONENT_AXIS_CONSISTENT,4.192062,6.24747,6.24747,4.192062,6.247469,6.247469,SAME_COMPONENT_PERSISTENT,PARTIAL_SUPPORT_BELOW_ENVELOPE,0.043079,0.690011,0,0
WGV35A_PAIR_0212_S2A_053,WGV35A_PAIR_0212,327,PV_GM19_SILVER_MPV_NEAR_FIELD,288,counterfactual,local_region_rotation,gt_region,rotate,0,15,0,0,,,SAR_MASK_S1_PARTIALLY_CENSORED_CENTER_INSIDE,SAR_MASK_S1_PARTIALLY_CENSORED_CENTER_INSIDE;bottom_near_range_mask;center_semantics_mask_censored_or_unconfirmed;bbox_bottom_within_110px_of_near_range_mask;observed_box_may_be_masked_response_center_not_full_vehicle_center,REAL_SAR_GRAY_REMEASURED,false,BASE_REGION_FROZEN_BACKGROUND,PERTURBED_LOCAL_RING_BACKGROUND,32,32,62295,5.784123,5.868349,0.985647,62295,BACKGROUND_STABLE,10770,0.843938,2.097409,2.423684,1.271847,2.461563,3.129426,0.050992,-0.421176,332,1,0.894839,0.417549,0.911887,4497,55744,3.424236,52.564018,52.564018,1.574832,AXIS_RESOLVED,2.175981,51.315762,51.315762,1.464819,AXIS_RESOLVED,2.175981,51.315762,51.315762,1.464819,AXIS_RESOLVED,TOP_COMPONENTS_TO_80_PERCENT_ENERGY,GLOBAL_AND_COMPONENT_AXIS_CONSISTENT,3.424236,2.175981,2.175981,3.424237,2.175981,2.175981,COMPONENT_IDENTITY_SWITCH,PARTIAL_SUPPORT_BELOW_ENVELOPE,0.002591,0.538437,0,0
WGV35A_PAIR_0212_S2A_054,WGV35A_PAIR_0212,327,PV_GM19_SILVER_MPV_NEAR_FIELD,288,counterfactual,local_region_rotation,gt_region,rotate,0,30,0,0,,,SAR_MASK_S1_PARTIALLY_CENSORED_CENTER_INSIDE,SAR_MASK_S1_PARTIALLY_CENSORED_CENTER_INSIDE;bottom_near_range_mask;center_semantics_mask_censored_or_unconfirmed;bbox_bottom_within_110px_of_near_range_mask;observed_box_may_be_masked_response_center_not_full_vehicle_center,REAL_SAR_GRAY_REMEASURED,false,BASE_REGION_FROZEN_BACKGROUND,PERTURBED_LOCAL_RING_BACKGROUND,32,31,61829,5.792486,5.071795,1.142098,68179,BACKGROUND_STABLE,10674,0.594357,1.433983,1.974899,1.484113,2.564008,2.97979,0.244228,-0.555609,324,1,0.923046,0.431422,0.940222,4605,57071,26.544218,75.683999,75.683999,1.621235,AXIS_RESOLVED,25.18889,74.328671,74.328671,1.579314,AXIS_RESOLVED,25.18889,74.328671,74.328671,1.579314,AXIS_RESOLVED,TOP_COMPONENTS_TO_80_PERCENT_ENERGY,GLOBAL_AND_COMPONENT_AXIS_CONSISTENT,26.544218,25.18889,25.18889,26.544218,25.18889,25.18889,COMPONENT_IDENTITY_SWITCH,PARTIAL_SUPPORT_BELOW_ENVELOPE,0.066017,0.435992,0,0
WGV35A_PAIR_0212_S2A_055,WGV35A_PAIR_0212,327,PV_GM19_SILVER_MPV_NEAR_FIELD,288,counterfactual,local_region_rotation,gt_region,rotate,0,90,0,0,,,SAR_MASK_S1_PARTIALLY_CENSORED_CENTER_INSIDE,SAR_MASK_S1_PARTIALLY_CENSORED_CENTER_INSIDE;bottom_near_range_mask;center_semantics_mask_censored_or_unconfirmed;bbox_bottom_within_110px_of_near_range_mask;observed_box_may_be_masked_response_center_not_full_vehicle_center,REAL_SAR_GRAY_REMEASURED,false,BASE_REGION_FROZEN_BACKGROUND,PERTURBED_LOCAL_RING_BACKGROUND,32,32,69877,6.42429,3.874336,1.658165,69877,BACKGROUND_STABLE,10877,0.715741,1.614686,2.593385,1.161712,1.989526,2.380118,0.666747,-0.613983,309,1,0.932667,0.462811,0.947866,5034,65172,83.7238,-47.136419,47.136419,1.416057,AXIS_RESOLVED,72.525183,-58.335035,58.335035,1.302822,AXIS_RESOLVED,72.525183,-58.335035,58.335035,1.302822,AXIS_RESOLVED,TOP_COMPONENTS_TO_80_PERCENT_ENERGY,GLOBAL_AND_COMPONENT_AXIS_CONSISTENT,83.7238,72.525183,72.525183,2.003362,9.195254,9.195254,SAME_COMPONENT_PERSISTENT,PARTIAL_SUPPORT_BELOW_ENVELOPE,0.085315,1.010474,0,0
WGV35A_PAIR_0212_S2A_056,WGV35A_PAIR_0212,327,PV_GM19_SILVER_MPV_NEAR_FIELD,288,matched_background,matched_background,deterministic_offset,control,0,0,0,3.6,,,SAR_MASK_S1_PARTIALLY_CENSORED_CENTER_INSIDE,SAR_MASK_S1_PARTIALLY_CENSORED_CENTER_INSIDE;bottom_near_range_mask;center_semantics_mask_censored_or_unconfirmed;bbox_bottom_within_110px_of_near_range_mask;observed_box_may_be_masked_response_center_not_full_vehicle_center,REAL_SAR_GRAY_REMEASURED,false,BASE_REGION_FROZEN_BACKGROUND,PERTURBED_LOCAL_RING_BACKGROUND,32,0,17,0.001563,0.043805,0.035679,3308,COUNTERFACTUAL_BACKGROUND_SENSITIVE,10877,0.123621,0.184355,0.289137,0.060825,0.144614,0.144614,-1.803305,-1.404026,8,0,0.294118,0.000092,0.588235,1,5,143.41784,-24.499541,24.499541,2.350673,AXIS_RESOLVED,,,,,AXIS_FRAGMENTED_NO_DOMINANT_STRUCTURE,,,,,AXIS_FRAGMENTED_NO_DOMINANT_STRUCTURE,TOP_COMPONENTS_TO_80_PERCENT_ENERGY,NO_RESOLVED_AXIS_EVIDENCE,36.58216,,,24.64024,,,COMPONENT_TOO_SMALL,PARTIAL_SUPPORT_BELOW_ENVELOPE,2.815645,1.255386,0,0
WGV35A_PAIR_0213_S2A_001,WGV35A_PAIR_0213,328,PV_GM19_SILVER_MPV_NEAR_FIELD,290,gt_original,gt_original,gt,original,0,0,0,0,,,SAR_MASK_S1_PARTIALLY_CENSORED_CENTER_INSIDE,SAR_MASK_S1_PARTIALLY_CENSORED_CENTER_INSIDE;bottom_near_range_mask;center_semantics_mask_censored_or_unconfirmed;bbox_bottom_within_110px_of_near_range_mask;observed_box_may_be_masked_response_center_not_full_vehicle_center,REAL_SAR_GRAY_REMEASURED,false,BASE_REGION_FROZEN_BACKGROUND,PERTURBED_LOCAL_RING_BACKGROUND,27,27,47279,4.148736,4.354148,0.952824,47279,BACKGROUND_STABLE,11396,1.025511,2.453826,2.910844,1.033777,1.963449,2.509214,0.035083,-0.276164,481,2,0.566319,0.221306,0.819455,2522,26775,165.013283,32.266304,32.266304,1.816381,AXIS_RESOLVED,24.197755,71.450776,71.450776,2.42121,AXIS_RESOLVED,144.891121,12.144142,12.144142,,AXIS_COMPONENT_LAYOUT_RESOLVED,TOP_COMPONENTS_TO_80_PERCENT_ENERGY,MULTIPLE_AXIS_REPRESENTATIONS_CONFLICT,14.986717,24.197755,35.108879,14.986833,24.197639,35.108995,SAME_COMPONENT_PERSISTENT,PARTIAL_SUPPORT_BELOW_ENVELOPE,0.546174,0.036551,0,0
WGV35A_PAIR_0213_S2A_002,WGV35A_PAIR_0213,328,PV_GM19_SILVER_MPV_NEAR_FIELD,290,counterfactual,center_shift,range,shift,-0.15,0,-0.15,0,,,SAR_MASK_S1_PARTIALLY_CENSORED_CENTER_INSIDE,SAR_MASK_S1_PARTIALLY_CENSORED_CENTER_INSIDE;bottom_near_range_mask;center_semantics_mask_censored_or_unconfirmed;bbox_bottom_within_110px_of_near_range_mask;observed_box_may_be_masked_response_center_not_full_vehicle_center,REAL_SAR_GRAY_REMEASURED,false,BASE_REGION_FROZEN_BACKGROUND,PERTURBED_LOCAL_RING_BACKGROUND,27,26,42718,3.772342,3.855022,0.978553,48942,BACKGROUND_STABLE,11324,1.054144,2.417127,2.830363,0.989719,1.881999,2.359313,0.068531,-0.216456,520,2,0.518493,0.183504,0.798656,2078,22149,163.079187,30.332446,30.332446,1.998118,AXIS_RESOLVED,28.878522,76.131782,76.131782,2.128313,AXIS_RESOLVED,151.657158,18.910418,18.910418,12.650135,AXIS_COMPONENT_LAYOUT_RESOLVED,TOP_COMPONENTS_TO_80_PERCENT_ENERGY,MULTIPLE_AXIS_REPRESENTATIONS_CONFLICT,16.920813,28.878522,28.342842,16.920691,28.878645,28.342719,SAME_COMPONENT_PERSISTENT,PARTIAL_SUPPORT_BELOW_ENVELOPE,0.582873,0.018001,0,0
WGV35A_PAIR_0213_S2A_003,WGV35A_PAIR_0213,328,PV_GM19_SILVER_MPV_NEAR_FIELD,290,counterfactual,center_shift,range,shift,0.15,0,0.15,0,,,SAR_MASK_S1_PARTIALLY_CENSORED_CENTER_INSIDE,SAR_MASK_S1_PARTIALLY_CENSORED_CENTER_INSIDE;bottom_near_range_mask;center_semantics_mask_censored_or_unconfirmed;bbox_bottom_within_110px_of_near_range_mask;observed_box_may_be_masked_response_center_not_full_vehicle_center,REAL_SAR_GRAY_REMEASURED,false,BASE_REGION_FROZEN_BACKGROUND,PERTURBED_LOCAL_RING_BACKGROUND,27,26,53428,4.656847,3.74913,1.242114,60374,BACKGROUND_STABLE,11473,1.014459,2.488924,3.001955,1.118216,2.126004,2.800269,-0.013219,-0.362533,437,2,0.609849,0.254946,0.832971,2925,32583,168.515683,35.768705,35.768705,1.671807,AXIS_RESOLVED,23.421953,70.674976,70.674976,2.53308,AXIS_RESOLVED,139.457086,6.710108,6.710108,,AXIS_COMPONENT_LAYOUT_RESOLVED,TOP_COMPONENTS_TO_80_PERCENT_ENERGY,MULTIPLE_AXIS_REPRESENTATIONS_CONFLICT,11.484317,23.421953,40.542914,11.484432,23.421839,40.543029,COMPONENT_IDENTITY_SWITCH,PARTIAL_SUPPORT_BELOW_ENVELOPE,0.511075,0.073996,0,0
WGV35A_PAIR_0213_S2A_004,WGV35A_PAIR_0213,328,PV_GM19_SILVER_MPV_NEAR_FIELD,290,counterfactual,center_shift,azimuth,shift,-0.15,0,0,-0.15,,,SAR_MASK_S1_PARTIALLY_CENSORED_CENTER_INSIDE,SAR_MASK_S1_PARTIALLY_CENSORED_CENTER_INSIDE;bottom_near_range_mask;center_semantics_mask_censored_or_unconfirmed;bbox_bottom_within_110px_of_near_range_mask;observed_box_may_be_masked_response_center_not_full_vehicle_center,REAL_SAR_GRAY_REMEASURED,false,BASE_REGION_FROZEN_BACKGROUND,PERTURBED_LOCAL_RING_BACKGROUND,27,27,52273,4.616125,3.990393,1.15681,52273,BACKGROUND_STABLE,11324,1.007708,2.43304,2.894878,1.135416,2.15758,2.84307,0.081452,-0.240537,451,2,0.608306,0.25521,0.836359,2890,31798,169.224841,38.184362,38.184362,1.668624,AXIS_RESOLVED,21.912976,70.872498,70.872498,2.667874,AXIS_RESOLVED,139.455425,8.414946,8.414946,,AXIS_COMPONENT_LAYOUT_RESOLVED,TOP_COMPONENTS_TO_80_PERCENT_ENERGY,MULTIPLE_AXIS_REPRESENTATIONS_CONFLICT,10.775159,21.912976,40.544575,9.068775,23.619361,38.838191,COMPONENT_IDENTITY_SWITCH,PARTIAL_SUPPORT_BELOW_ENVELOPE,0.56696,0.04242,0,0
WGV35A_PAIR_0213_S2A_005,WGV35A_PAIR_0213,328,PV_GM19_SILVER_MPV_NEAR_FIELD,290,counterfactual,center_shift,azimuth,shift,0.15,0,0,0.15,,,SAR_MASK_S1_PARTIALLY_CENSORED_CENTER_INSIDE,SAR_MASK_S1_PARTIALLY_CENSORED_CENTER_INSIDE;bottom_near_range_mask;center_semantics_mask_censored_or_unconfirmed;bbox_bottom_within_110px_of_near_range_mask;observed_box_may_be_masked_response_center_not_full_vehicle_center,REAL_SAR_GRAY_REMEASURED,false,BASE_REGION_FROZEN_BACKGROUND,PERTURBED_LOCAL_RING_BACKGROUND,27,26,43586,3.799006,4.062609,0.935115,49860,BACKGROUND_STABLE,11473,1.047251,2.456166,2.901016,0.963298,1.873155,2.349945,-0.022369,-0.341626,504,2,0.526752,0.187396,0.801335,2150,22959,163.449534,28.996295,28.996295,1.974166,AXIS_RESOLVED,29.332263,74.879024,74.879024,2.113619,AXIS_RESOLVED,149.501167,15.047927,15.047927,,AXIS_COMPONENT_LAYOUT_RESOLVED,TOP_COMPONENTS_TO_80_PERCENT_ENERGY,MULTIPLE_AXIS_REPRESENTATIONS_CONFLICT,16.550466,29.332263,30.498833,18.256842,27.625887,32.20521,SAME_COMPONENT_PERSISTENT,PARTIAL_SUPPORT_BELOW_ENVELOPE,0.543834,0.026845,0,0
WGV35A_PAIR_0213_S2A_006,WGV35A_PAIR_0213,328,PV_GM19_SILVER_MPV_NEAR_FIELD,290,counterfactual,center_shift,range,shift,-0.3,0,-0.3,0,,,SAR_MASK_S1_PARTIALLY_CENSORED_CENTER_INSIDE,SAR_MASK_S1_PARTIALLY_CENSORED_CENTER_INSIDE;bottom_near_range_mask;center_semantics_mask_censored_or_unconfirmed;bbox_bottom_within_110px_of_near_range_mask;observed_box_may_be_masked_response_center_not_full_vehicle_center,REAL_SAR_GRAY_REMEASURED,false,BASE_REGION_FROZEN_BACKGROUND,PERTURBED_LOCAL_RING_BACKGROUND,27,26,41000,3.597754,3.080786,1.167804,47094,BACKGROUND_STABLE,11396,1.192025,2.410455,2.86045,0.97965,1.856632,2.343263,0.103047,-0.210879,552,2,0.476073,0.156546,0.767976,1784,19519,162.241876,29.495142,29.495142,2.093244,AXIS_RESOLVED,29.946743,77.200009,77.200009,2.395295,AXIS_RESOLVED,150.889688,18.142955,18.142955,22.730361,AXIS_COMPONENT_LAYOUT_RESOLVED,TOP_COMPONENTS_TO_80_PERCENT_ENERGY,MULTIPLE_AXIS_REPRESENTATIONS_CONFLICT,17.758124,29.946743,29.110312,17.757995,29.946872,29.110182,SAME_COMPONENT_PERSISTENT,PARTIAL_SUPPORT_BELOW_ENVELOPE,0.589545,0.043368,0,0
WGV35A_PAIR_0213_S2A_007,WGV35A_PAIR_0213,328,PV_GM19_SILVER_MPV_NEAR_FIELD,290,counterfactual,center_shift,range,shift,0.3,0,0.3,0,,,SAR_MASK_S1_PARTIALLY_CENSORED_CENTER_INSIDE,SAR_MASK_S1_PARTIALLY_CENSORED_CENTER_INSIDE;bottom_near_range_mask;center_semantics_mask_censored_or_unconfirmed;bbox_bottom_within_110px_of_near_range_mask;observed_box_may_be_masked_response_center_not_full_vehicle_center,REAL_SAR_GRAY_REMEASURED,false,BASE_REGION_FROZEN_BACKGROUND,PERTURBED_LOCAL_RING_BACKGROUND,27,27,56685,5.00574,3.446288,1.452502,56685,BACKGROUND_STABLE,11324,0.99646,2.543617,3.086467,1.153242,2.213779,2.921475,-0.078911,-0.393085,407,2,0.668889,0.311021,0.870618,3522,37916,170.236161,37.489184,37.489184,1.646262,AXIS_RESOLVED,16.930027,64.183049,64.183049,2.221891,AXIS_RESOLVED,139.538022,6.791045,6.791045,,AXIS_COMPONENT_LAYOUT_RESOLVED,TOP_COMPONENTS_TO_80_PERCENT_ENERGY,MULTIPLE_AXIS_REPRESENTATIONS_CONFLICT,9.763839,16.930027,40.461978,9.763953,16.929912,40.462092,SAME_COMPONENT_PERSISTENT,PARTIAL_SUPPORT_BELOW_ENVELOPE,0.456383,0.086221,0,0
WGV35A_PAIR_0213_S2A_008,WGV35A_PAIR_0213,328,PV_GM19_SILVER_MPV_NEAR_FIELD,290,counterfactual,center_shift,azimuth,shift,-0.3,0,0,-0.3,,,SAR_MASK_S1_PARTIALLY_CENSORED_CENTER_INSIDE,SAR_MASK_S1_PARTIALLY_CENSORED_CENTER_INSIDE;bottom_near_range_mask;center_semantics_mask_censored_or_unconfirmed;bbox_bottom_within_110px_of_near_range_mask;observed_box_may_be_masked_response_center_not_full_vehicle_center,REAL_SAR_GRAY_REMEASURED,false,BASE_REGION_FROZEN_BACKGROUND,PERTURBED_LOCAL_RING_BACKGROUND,27,27,57885,5.045324,3.560435,1.417053,57885,BACKGROUND_STABLE,11473,0.994602,2.425873,2.888016,1.209676,2.351015,3.146726,0.126109,-0.212031,462,2,0.679969,0.314652,0.881299,3610,39360,174.16213,44.825129,44.825129,1.569184,AXIS_RESOLVED,16.690664,67.353663,67.353663,2.56348,AXIS_RESOLVED,135.87045,6.533449,6.533449,151201511.442005,AXIS_COMPONENT_LAYOUT_RESOLVED,TOP_COMPONENTS_TO_80_PERCENT_ENERGY,MULTIPLE_AXIS_REPRESENTATIONS_CONFLICT,5.83787,16.690664,44.12955,2.428008,20.100526,40.719688,SAME_COMPONENT_PERSISTENT,PARTIAL_SUPPORT_BELOW_ENVELOPE,0.574127,0.048985,0,0
WGV35A_PAIR_0213_S2A_009,WGV35A_PAIR_0213,328,PV_GM19_SILVER_MPV_NEAR_FIELD,290,counterfactual,center_shift,azimuth,shift,0.3,0,0,0.3,,,SAR_MASK_S1_PARTIALLY_CENSORED_CENTER_INSIDE,SAR_MASK_S1_PARTIALLY_CENSORED_CENTER_INSIDE;bottom_near_range_mask;center_semantics_mask_censored_or_unconfirmed;bbox_bottom_within_110px_of_near_range_mask;observed_box_may_be_masked_response_center_not_full_vehicle_center,REAL_SAR_GRAY_REMEASURED,false,BASE_REGION_FROZEN_BACKGROUND,PERTURBED_LOCAL_RING_BACKGROUND,27,25,40416,3.569057,2.672052,1.335699,53066,BACKGROUND_STABLE,11324,1.185759,2.455497,2.937103,0.939006,1.831672,2.347762,-0.080397,-0.419464,492,2,0.482952,0.157542,0.779073,1784,19519,164.533892,28.377182,28.377182,2.163418,AXIS_RESOLVED,29.946743,73.790033,73.790033,2.395295,AXIS_RESOLVED,155.316578,19.159868,19.159868,8.050644,AXIS_COMPONENT_LAYOUT_RESOLVED,TOP_COMPONENTS_TO_80_PERCENT_ENERGY,MULTIPLE_AXIS_REPRESENTATIONS_CONFLICT,15.466108,29.946743,24.683422,18.875955,26.536896,28.093269,SAME_COMPONENT_PERSISTENT,PARTIAL_SUPPORT_BELOW_ENVELOPE,0.544503,0.068328,0,0
WGV35A_PAIR_0213_S2A_010,WGV35A_PAIR_0213,328,PV_GM19_SILVER_MPV_NEAR_FIELD,290,counterfactual,center_shift,range,shift,-0.45,0,-0.45,0,,,SAR_MASK_S1_PARTIALLY_CENSORED_CENTER_INSIDE,SAR_MASK_S1_PARTIALLY_CENSORED_CENTER_INSIDE;bottom_near_range_mask;center_semantics_mask_censored_or_unconfirmed;bbox_bottom_within_110px_of_near_range_mask;observed_box_may_be_masked_response_center_not_full_vehicle_center,REAL_SAR_GRAY_REMEASURED,false,BASE_REGION_FROZEN_BACKGROUND,PERTURBED_LOCAL_RING_BACKGROUND,27,26,39628,3.454022,2.761739,1.250669,45571,BACKGROUND_STABLE,11473,1.341311,2.451187,3.17855,0.975401,1.841272,2.331574,0.105727,-0.206543,569,3,0.440749,0.13754,0.742758,1578,17466,160.797887,28.050886,28.050886,2.274926,AXIS_RESOLVED,28.754272,76.007271,76.007271,2.419815,AXIS_RESOLVED,151.812191,19.065189,19.065189,15.642341,AXIS_COMPONENT_LAYOUT_RESOLVED,TOP_COMPONENTS_TO_80_PERCENT_ENERGY,MULTIPLE_AXIS_REPRESENTATIONS_CONFLICT,19.202113,28.754272,28.187809,19.202251,28.754134,28.187948,SAME_COMPONENT_PERSISTENT,PARTIAL_SUPPORT_BELOW_ENVELOPE,0.548813,0.058728,0,0
WGV35A_PAIR_0213_S2A_011,WGV35A_PAIR_0213,328,PV_GM19_SILVER_MPV_NEAR_FIELD,290,counterfactual,center_shift,range,shift,0.45,0,0.45,0,,,SAR_MASK_S1_PARTIALLY_CENSORED_CENTER_INSIDE,SAR_MASK_S1_PARTIALLY_CENSORED_CENTER_INSIDE;bottom_near_range_mask;center_semantics_mask_censored_or_unconfirmed;bbox_bottom_within_110px_of_near_range_mask;observed_box_may_be_masked_response_center_not_full_vehicle_center,REAL_SAR_GRAY_REMEASURED,false,BASE_REGION_FROZEN_BACKGROUND,PERTURBED_LOCAL_RING_BACKGROUND,27,27,59065,5.182959,3.762009,1.377711,59065,BACKGROUND_STABLE,11396,0.933289,2.592052,3.138795,1.191679,2.294605,2.967836,-0.129299,-0.432551,376,2,0.705511,0.34398,0.866503,3920,41671,173.213824,40.467077,40.467077,1.621799,AXIS_RESOLVED,17.441179,64.694432,64.694432,2.150578,AXIS_RESOLVED,140.516835,7.770088,7.770088,149884446.150533,AXIS_COMPONENT_LAYOUT_RESOLVED,TOP_COMPONENTS_TO_80_PERCENT_ENERGY,MULTIPLE_AXIS_REPRESENTATIONS_CONFLICT,6.786176,17.441179,39.483165,6.78606,17.441295,39.483049,COMPONENT_IDENTITY_SWITCH,PARTIAL_SUPPORT_BELOW_ENVELOPE,0.407948,0.005395,0,0
WGV35A_PAIR_0213_S2A_012,WGV35A_PAIR_0213,328,PV_GM19_SILVER_MPV_NEAR_FIELD,290,counterfactual,center_shift,azimuth,shift,-0.45,0,0,-0.45,,,SAR_MASK_S1_PARTIALLY_CENSORED_CENTER_INSIDE,SAR_MASK_S1_PARTIALLY_CENSORED_CENTER_INSIDE;bottom_near_range_mask;center_semantics_mask_censored_or_unconfirmed;bbox_bottom_within_110px_of_near_range_mask;observed_box_may_be_masked_response_center_not_full_vehicle_center,REAL_SAR_GRAY_REMEASURED,false,BASE_REGION_FROZEN_BACKGROUND,PERTURBED_LOCAL_RING_BACKGROUND,27,29,59738,5.310989,4.188597,1.267964,46612,BACKGROUND_STABLE,11248,0.930695,2.371204,2.817132,1.284045,2.510501,3.250967,0.174987,-0.149433,439,2,0.720697,0.352685,0.881382,3967,43053,179.607694,51.967888,51.967888,1.585793,AXIS_RESOLVED,16.985808,69.346003,69.346003,2.617803,AXIS_RESOLVED,136.213695,8.573889,8.573889,,AXIS_COMPONENT_LAYOUT_RESOLVED,TOP_COMPONENTS_TO_80_PERCENT_ENERGY,GLOBAL_AND_COMPONENT_AXIS_CONSISTENT,0.392306,16.985808,43.786305,4.714751,22.092866,38.679248,COMPONENT_IDENTITY_SWITCH,PARTIAL_SUPPORT_BELOW_ENVELOPE,0.028796,0.489499,0,0
WGV35A_PAIR_0213_S2A_013,WGV35A_PAIR_0213,328,PV_GM19_SILVER_MPV_NEAR_FIELD,290,counterfactual,center_shift,azimuth,shift,0.45,0,0,0.45,,,SAR_MASK_S1_PARTIALLY_CENSORED_CENTER_INSIDE,SAR_MASK_S1_PARTIALLY_CENSORED_CENTER_INSIDE;bottom_near_range_mask;center_semantics_mask_censored_or_unconfirmed;bbox_bottom_within_110px_of_near_range_mask;observed_box_may_be_masked_response_center_not_full_vehicle_center,REAL_SAR_GRAY_REMEASURED,false,BASE_REGION_FROZEN_BACKGROUND,PERTURBED_LOCAL_RING_BACKGROUND,27,25,38330,3.363461,2.169432,1.550387,50364,BACKGROUND_STABLE,11396,1.273326,2.472467,2.934228,0.907125,1.789519,2.291667,-0.140429,-0.525458,479,2,0.466136,0.142418,0.775267,1623,17867,164.775787,26.921846,26.921846,2.244957,AXIS_RESOLVED,28.927309,71.073369,71.073369,2.430017,AXIS_RESOLVED,157.03857,19.184629,19.184629,8.748051,AXIS_COMPONENT_LAYOUT_RESOLVED,TOP_COMPONENTS_TO_80_PERCENT_ENERGY,MULTIPLE_AXIS_REPRESENTATIONS_CONFLICT,15.224213,28.927309,22.96143,20.331291,23.820232,28.068508,SAME_COMPONENT_PERSISTENT,PARTIAL_SUPPORT_BELOW_ENVELOPE,0.527534,0.010481,0,0
WGV35A_PAIR_0213_S2A_014,WGV35A_PAIR_0213,328,PV_GM19_SILVER_MPV_NEAR_FIELD,290,counterfactual,diagonal_center_shift,range+azimuth,shift,0.15,0,-0.15,-0.15,,,SAR_MASK_S1_PARTIALLY_CENSORED_CENTER_INSIDE,SAR_MASK_S1_PARTIALLY_CENSORED_CENTER_INSIDE;bottom_near_range_mask;center_semantics_mask_censored_or_unconfirmed;bbox_bottom_within_110px_of_near_range_mask;observed_box_may_be_masked_response_center_not_full_vehicle_center,REAL_SAR_GRAY_REMEASURED,false,BASE_REGION_FROZEN_BACKGROUND,PERTURBED_LOCAL_RING_BACKGROUND,27,27,47393,4.15874,4.614847,0.901165,47393,BACKGROUND_STABLE,11396,1.014298,2.415009,2.837469,1.0651,1.98576,2.556731,0.142753,-0.16006,505,2,0.569789,0.225605,0.822316,2571,27004,165.210967,34.223088,34.223088,1.788132,AXIS_RESOLVED,22.939355,71.951476,71.951476,2.484235,AXIS_RESOLVED,144.41783,13.429951,13.429951,97111530.903238,AXIS_COMPONENT_LAYOUT_RESOLVED,TOP_COMPONENTS_TO_80_PERCENT_ENERGY,MULTIPLE_AXIS_REPRESENTATIONS_CONFLICT,14.789033,22.939355,35.58217,13.030049,24.698339,33.823186,SAME_COMPONENT_PERSISTENT,PARTIAL_SUPPORT_BELOW_ENVELOPE,0.584991,0.01424,0,0
WGV35A_PAIR_0213_S2A_015,WGV35A_PAIR_0213,328,PV_GM19_SILVER_MPV_NEAR_FIELD,290,counterfactual,diagonal_center_shift,range+azimuth,shift,0.15,0,-0.15,0.15,,,SAR_MASK_S1_PARTIALLY_CENSORED_CENTER_INSIDE,SAR_MASK_S1_PARTIALLY_CENSORED_CENTER_INSIDE;bottom_near_range_mask;center_semantics_mask_censored_or_unconfirmed;bbox_bottom_within_110px_of_near_range_mask;observed_box_may_be_masked_response_center_not_full_vehicle_center,REAL_SAR_GRAY_REMEASURED,false,BASE_REGION_FROZEN_BACKGROUND,PERTURBED_LOCAL_RING_BACKGROUND,27,26,40643,3.542491,2.926956,1.210299,46667,BACKGROUND_STABLE,11473,1.183136,2.422974,2.864225,0.945793,1.833054,2.316201,0.004243,-0.322482,536,2,0.480255,0.155496,0.774721,1784,19519,162.933958,28.428355,28.428355,2.100845,AXIS_RESOLVED,29.946743,75.44114,75.44114,2.395295,AXIS_RESOLVED,152.278352,17.772749,17.772749,12.349571,AXIS_COMPONENT_LAYOUT_RESOLVED,TOP_COMPONENTS_TO_80_PERCENT_ENERGY,MULTIPLE_AXIS_REPRESENTATIONS_CONFLICT,17.066042,29.946743,27.721648,18.824782,28.188003,29.480388,SAME_COMPONENT_PERSISTENT,PARTIAL_SUPPORT_BELOW_ENVELOPE,0.577026,0.066946,0,0
WGV35A_PAIR_0213_S2A_016,WGV35A_PAIR_0213,328,PV_GM19_SILVER_MPV_NEAR_FIELD,290,counterfactual,diagonal_center_shift,range+azimuth,shift,0.15,0,0.15,-0.15,,,SAR_MASK_S1_PARTIALLY_CENSORED_CENTER_INSIDE,SAR_MASK_S1_PARTIALLY_CENSORED_CENTER_INSIDE;bottom_near_range_mask;center_semantics_mask_censored_or_unconfirmed;bbox_bottom_within_110px_of_near_range_mask;observed_box_may_be_masked_response_center_not_full_vehicle_center,REAL_SAR_GRAY_REMEASURED,false,BASE_REGION_FROZEN_BACKGROUND,PERTURBED_LOCAL_RING_BACKGROUND,27,27,57524,5.013859,3.486957,1.43789,57524,BACKGROUND_STABLE,11473,1.003221,2.477614,2.969475,1.183351,2.277865,3.02058,0.019865,-0.312197,431,2,0.677022,0.312909,0.879615,3590,38945,171.854643,40.764822,40.764822,1.593859,AXIS_RESOLVED,16.210498,65.120677,65.120677,2.403408,AXIS_RESOLVED,137.515416,6.425595,6.425595,,AXIS_COMPONENT_LAYOUT_RESOLVED,TOP_COMPONENTS_TO_80_PERCENT_ENERGY,MULTIPLE_AXIS_REPRESENTATIONS_CONFLICT,8.145357,16.210498,42.484584,6.488315,17.86754,40.827542,SAME_COMPONENT_PERSISTENT,PARTIAL_SUPPORT_BELOW_ENVELOPE,0.522386,0.022135,0,0
WGV35A_PAIR_0213_S2A_017,WGV35A_PAIR_0213,328,PV_GM19_SILVER_MPV_NEAR_FIELD,290,counterfactual,diagonal_center_shift,range+azimuth,shift,0.15,0,0.15,0.15,,,SAR_MASK_S1_PARTIALLY_CENSORED_CENTER_INSIDE,SAR_MASK_S1_PARTIALLY_CENSORED_CENTER_INSIDE;bottom_near_range_mask;center_semantics_mask_censored_or_unconfirmed;bbox_bottom_within_110px_of_near_range_mask;observed_box_may_be_masked_response_center_not_full_vehicle_center,REAL_SAR_GRAY_REMEASURED,false,BASE_REGION_FROZEN_BACKGROUND,PERTURBED_LOCAL_RING_BACKGROUND,27,26,47057,4.183588,4.141228,1.010229,53525,BACKGROUND_STABLE,11248,1.035199,2.499052,3.030456,1.009796,1.933165,2.479571,-0.067097,-0.36846,448,2,0.559789,0.220395,0.814119,2479,26342,164.833286,30.429151,30.429151,1.891339,AXIS_RESOLVED,26.481531,72.077396,72.077396,2.295973,AXIS_RESOLVED,145.760578,11.356443,11.356443,,AXIS_COMPONENT_LAYOUT_RESOLVED,TOP_COMPONENTS_TO_80_PERCENT_ENERGY,MULTIPLE_AXIS_REPRESENTATIONS_CONFLICT,15.166714,26.481531,34.239422,16.823986,24.824259,35.896694,SAME_COMPONENT_PERSISTENT,PARTIAL_SUPPORT_BELOW_ENVELOPE,0.500948,0.066835,0,0
WGV35A_PAIR_0213_S2A_018,WGV35A_PAIR_0213,328,PV_GM19_SILVER_MPV_NEAR_FIELD,290,counterfactual,diagonal_center_shift,range+azimuth,shift,0.3,0,-0.3,-0.3,,,SAR_MASK_S1_PARTIALLY_CENSORED_CENTER_INSIDE,SAR_MASK_S1_PARTIALLY_CENSORED_CENTER_INSIDE;bottom_near_range_mask;center_semantics_mask_censored_or_unconfirmed;bbox_bottom_within_110px_of_near_range_mask;observed_box_may_be_masked_response_center_not_full_vehicle_center,REAL_SAR_GRAY_REMEASURED,false,BASE_REGION_FROZEN_BACKGROUND,PERTURBED_LOCAL_RING_BACKGROUND,27,27,46094,4.07047,4.990829,0.81559,46094,BACKGROUND_STABLE,11324,1.020972,2.37672,2.785418,1.087047,2.020517,2.591836,0.20951,-0.016042,542,2,0.529613,0.200989,0.789257,2276,24412,164.968342,35.846787,35.846787,1.852371,AXIS_RESOLVED,30.18007,81.058516,81.058516,2.061159,AXIS_RESOLVED,152.368047,23.246493,23.246493,3.383867,AXIS_COMPONENT_LAYOUT_RESOLVED,TOP_COMPONENTS_TO_80_PERCENT_ENERGY,MULTIPLE_AXIS_REPRESENTATIONS_CONFLICT,15.031658,30.18007,27.631953,11.40635,33.805379,24.006644,SAME_COMPONENT_PERSISTENT,PARTIAL_SUPPORT_BELOW_ENVELOPE,0.62328,0.079483,0,0
WGV35A_PAIR_0213_S2A_019,WGV35A_PAIR_0213,328,PV_GM19_SILVER_MPV_NEAR_FIELD,290,counterfactual,diagonal_center_shift,range+azimuth,shift,0.3,0,-0.3,0.3,,,SAR_MASK_S1_PARTIALLY_CENSORED_CENTER_INSIDE,SAR_MASK_S1_PARTIALLY_CENSORED_CENTER_INSIDE;bottom_near_range_mask;center_semantics_mask_censored_or_unconfirmed;bbox_bottom_within_110px_of_near_range_mask;observed_box_may_be_masked_response_center_not_full_vehicle_center,REAL_SAR_GRAY_REMEASURED,false,BASE_REGION_FROZEN_BACKGROUND,PERTURBED_LOCAL_RING_BACKGROUND,27,25,36630,3.192713,2.548696,1.252685,48597,BACKGROUND_STABLE,11473,1.448817,2.474886,3.032368,0.88803,1.763747,2.256462,-0.027507,-0.424273,530,2,0.430358,0.125425,0.757084,1439,15764,162.259356,25.88716,25.88716,2.310738,AXIS_RESOLVED,28.14017,71.767974,71.767974,2.361292,AXIS_RESOLVED,153.483491,17.111295,17.111295,10.259052,AXIS_COMPONENT_LAYOUT_RESOLVED,TOP_COMPONENTS_TO_80_PERCENT_ENERGY,MULTIPLE_AXIS_REPRESENTATIONS_CONFLICT,17.740644,28.14017,26.516509,21.365977,24.514837,30.141842,SAME_COMPONENT_PERSISTENT,PARTIAL_SUPPORT_BELOW_ENVELOPE,0.525114,0.036253,0,0
WGV35A_PAIR_0213_S2A_020,WGV35A_PAIR_0213,328,PV_GM19_SILVER_MPV_NEAR_FIELD,290,counterfactual,diagonal_center_shift,range+azimuth,shift,0.3,0,0.3,-0.3,,,SAR_MASK_S1_PARTIALLY_CENSORED_CENTER_INSIDE,SAR_MASK_S1_PARTIALLY_CENSORED_CENTER_INSIDE;bottom_near_range_mask;center_semantics_mask_censored_or_unconfirmed;bbox_bottom_within_110px_of_near_range_mask;observed_box_may_be_masked_response_center_not_full_vehicle_center,REAL_SAR_GRAY_REMEASURED,false,BASE_REGION_FROZEN_BACKGROUND,PERTURBED_LOCAL_RING_BACKGROUND,27,29,61233,5.407365,4.431878,1.220107,47731,BACKGROUND_STABLE,11324,0.87767,2.237864,2.89919,1.339812,2.589978,3.186421,0.043855,-0.308489,398,2,0.763918,0.385111,0.8913,4361,46777,2.203239,52.674894,52.674894,1.655677,AXIS_RESOLVED,16.824643,67.296299,67.296299,2.411539,AXIS_RESOLVED,138.140705,8.61236,8.61236,,AXIS_COMPONENT_LAYOUT_RESOLVED,TOP_COMPONENTS_TO_80_PERCENT_ENERGY,GLOBAL_AND_COMPONENT_AXIS_CONSISTENT,2.203239,16.824643,41.859295,5.421757,20.043162,38.640777,COMPONENT_IDENTITY_SWITCH,PARTIAL_SUPPORT_BELOW_ENVELOPE,0.062135,0.410022,0,0
WGV35A_PAIR_0213_S2A_021,WGV35A_PAIR_0213,328,PV_GM19_SILVER_MPV_NEAR_FIELD,290,counterfactual,diagonal_center_shift,range+azimuth,shift,0.3,0,0.3,0.3,,,SAR_MASK_S1_PARTIALLY_CENSORED_CENTER_INSIDE,SAR_MASK_S1_PARTIALLY_CENSORED_CENTER_INSIDE;bottom_near_range_mask;center_semantics_mask_censored_or_unconfirmed;bbox_bottom_within_110px_of_near_range_mask;observed_box_may_be_masked_response_center_not_full_vehicle_center,REAL_SAR_GRAY_REMEASURED,false,BASE_REGION_FROZEN_BACKGROUND,PERTURBED_LOCAL_RING_BACKGROUND,27,26,46359,4.121533,3.962281,1.040192,52693,BACKGROUND_STABLE,11248,1.02297,2.533663,3.123136,0.985676,1.897603,2.424518,-0.178498,-0.461114,418,2,0.562156,0.218083,0.808408,2453,26061,164.410487,28.445101,28.445101,1.921071,AXIS_RESOLVED,28.009334,72.043948,72.043948,2.218051,AXIS_RESOLVED,145.499562,9.534176,9.534176,,AXIS_COMPONENT_LAYOUT_RESOLVED,TOP_COMPONENTS_TO_80_PERCENT_ENERGY,MULTIPLE_AXIS_REPRESENTATIONS_CONFLICT,15.589513,28.009334,34.500438,18.808036,24.790811,37.718961,SAME_COMPONENT_PERSISTENT,PARTIAL_SUPPORT_BELOW_ENVELOPE,0.466337,0.002396,0,0
WGV35A_PAIR_0213_S2A_022,WGV35A_PAIR_0213,328,PV_GM19_SILVER_MPV_NEAR_FIELD,290,counterfactual,single_boundary_shift,range_near,near_outward,-0.15,0,0,0,range_near,,SAR_MASK_S1_PARTIALLY_CENSORED_CENTER_INSIDE,SAR_MASK_S1_PARTIALLY_CENSORED_CENTER_INSIDE;bottom_near_range_mask;center_semantics_mask_censored_or_unconfirmed;bbox_bottom_within_110px_of_near_range_mask;observed_box_may_be_masked_response_center_not_full_vehicle_center,REAL_SAR_GRAY_REMEASURED,false,BASE_REGION_FROZEN_BACKGROUND,PERTURBED_LOCAL_RING_BACKGROUND,27,24,93103,3.592768,2.293776,1.566312,136717,COUNTERFACTUAL_BACKGROUND_SENSITIVE,25914,1.243451,2.89548,3.657181,1.451391,2.479884,2.989521,0.475612,-0.792216,935,2,0.724402,0.26013,0.852948,6741,67444,143.924905,11.178161,11.178161,1.152054,AXIS_NEAR_ISOTROPIC,32.410873,79.664129,79.664129,1.506014,AXIS_RESOLVED,124.133445,-8.613299,8.613299,,AXIS_COMPONENT_LAYOUT_RESOLVED,TOP_COMPONENTS_TO_80_PERCENT_ENERGY,DOMINANT_COMPONENT_AXIS_ONLY,36.075095,32.410873,55.866555,36.074976,32.410992,38.639838,COMPONENT_IDENTITY_SWITCH,WITHIN_VEHICLE_PROJECTION_ENVELOPE,0.104521,0.020116,0,0
WGV35A_PAIR_0213_S2A_023,WGV35A_PAIR_0213,328,PV_GM19_SILVER_MPV_NEAR_FIELD,290,counterfactual,single_boundary_shift,range_near,near_inward,0.15,0,0,0,range_near,,SAR_MASK_S1_PARTIALLY_CENSORED_CENTER_INSIDE,SAR_MASK_S1_PARTIALLY_CENSORED_CENTER_INSIDE;bottom_near_range_mask;center_semantics_mask_censored_or_unconfirmed;bbox_bottom_within_110px_of_near_range_mask;observed_box_may_be_masked_response_center_not_full_vehicle_center,REAL_SAR_GRAY_REMEASURED,false,BASE_REGION_FROZEN_BACKGROUND,PERTURBED_LOCAL_RING_BACKGROUND,27,24,90793,3.715543,2.063113,1.80094,132554,COUNTERFACTUAL_BACKGROUND_SENSITIVE,24436,1.19175,2.707216,3.524993,1.465778,2.498235,3.010222,0.398267,-0.792336,873,2,0.743934,0.276314,0.87575,6752,67544,157.403919,24.656941,24.656941,1.075859,AXIS_NEAR_ISOTROPIC,32.222935,79.475956,79.475956,1.506722,AXIS_RESOLVED,124.07117,-8.675808,8.675808,,AXIS_COMPONENT_LAYOUT_RESOLVED,TOP_COMPONENTS_TO_80_PERCENT_ENERGY,DOMINANT_COMPONENT_AXIS_ONLY,22.596081,32.222935,55.92883,22.596196,32.222819,38.577329,COMPONENT_IDENTITY_SWITCH,WITHIN_VEHICLE_PROJECTION_ENVELOPE,0.292784,0.001765,0,0
WGV35A_PAIR_0213_S2A_024,WGV35A_PAIR_0213,328,PV_GM19_SILVER_MPV_NEAR_FIELD,290,counterfactual,single_boundary_shift,range_far,far_inward,-0.15,0,0,0,range_far,,SAR_MASK_S1_PARTIALLY_CENSORED_CENTER_INSIDE,SAR_MASK_S1_PARTIALLY_CENSORED_CENTER_INSIDE;bottom_near_range_mask;center_semantics_mask_censored_or_unconfirmed;bbox_bottom_within_110px_of_near_range_mask;observed_box_may_be_masked_response_center_not_full_vehicle_center,REAL_SAR_GRAY_REMEASURED,false,BASE_REGION_FROZEN_BACKGROUND,PERTURBED_LOCAL_RING_BACKGROUND,27,25,89845,3.694133,2.283333,1.617868,115598,BACKGROUND_STABLE,24321,1.173392,2.672811,3.484678,1.450069,2.478846,2.983541,0.476119,-0.800509,873,2,0.736925,0.267917,0.870132,6516,66209,147.499234,14.75249,14.75249,1.083095,AXIS_NEAR_ISOTROPIC,34.141602,81.394858,81.394858,1.554856,AXIS_RESOLVED,123.757753,-8.98899,8.98899,150333969.704732,AXIS_COMPONENT_LAYOUT_RESOLVED,TOP_COMPONENTS_TO_80_PERCENT_ENERGY,DOMINANT_COMPONENT_AXIS_ONLY,32.500766,34.141602,56.242247,32.500647,34.141721,38.264147,COMPONENT_IDENTITY_SWITCH,PARTIAL_SUPPORT_BELOW_ENVELOPE,0.327189,0.021154,0,0
WGV35A_PAIR_0213_S2A_025,WGV35A_PAIR_0213,328,PV_GM19_SILVER_MPV_NEAR_FIELD,290,counterfactual,single_boundary_shift,range_far,far_outward,0.15,0,0,0,range_far,,SAR_MASK_S1_PARTIALLY_CENSORED_CENTER_INSIDE,SAR_MASK_S1_PARTIALLY_CENSORED_CENTER_INSIDE;bottom_near_range_mask;center_semantics_mask_censored_or_unconfirmed;bbox_bottom_within_110px_of_near_range_mask;observed_box_may_be_masked_response_center_not_full_vehicle_center,REAL_SAR_GRAY_REMEASURED,false,BASE_REGION_FROZEN_BACKGROUND,PERTURBED_LOCAL_RING_BACKGROUND,27,25,92983,3.604551,2.319502,1.554019,120564,BACKGROUND_STABLE,25796,1.242758,2.893121,3.657177,1.466401,2.494203,3.009598,0.393961,-0.783628,931,2,0.731671,0.266979,0.860383,6887,68033,148.63701,15.890032,15.890032,1.123527,AXIS_NEAR_ISOTROPIC,31.725244,78.978266,78.978266,1.477676,AXIS_RESOLVED,124.340676,-8.406302,8.406302,,AXIS_COMPONENT_LAYOUT_RESOLVED,TOP_COMPONENTS_TO_80_PERCENT_ENERGY,DOMINANT_COMPONENT_AXIS_ONLY,31.36299,31.725244,55.659324,31.363105,31.725129,38.846835,COMPONENT_IDENTITY_SWITCH,WITHIN_VEHICLE_PROJECTION_ENVELOPE,0.106879,0.005797,0,0
WGV35A_PAIR_0213_S2A_026,WGV35A_PAIR_0213,328,PV_GM19_SILVER_MPV_NEAR_FIELD,290,counterfactual,single_boundary_shift,azimuth_left,left_outward,-0.15,0,0,0,azimuth_left,,SAR_MASK_S1_PARTIALLY_CENSORED_CENTER_INSIDE,SAR_MASK_S1_PARTIALLY_CENSORED_CENTER_INSIDE;bottom_near_range_mask;center_semantics_mask_censored_or_unconfirmed;bbox_bottom_within_110px_of_near_range_mask;observed_box_may_be_masked_response_center_not_full_vehicle_center,REAL_SAR_GRAY_REMEASURED,false,BASE_REGION_FROZEN_BACKGROUND,PERTURBED_LOCAL_RING_BACKGROUND,27,25,96011,3.708134,2.529046,1.466219,123972,BACKGROUND_STABLE,25892,1.242012,2.788811,3.577294,1.531004,2.619675,3.146457,0.454407,-0.785276,933,2,0.745133,0.279082,0.869786,7226,71541,155.95901,24.06547,24.06547,1.066976,AXIS_NEAR_ISOTROPIC,31.807481,79.913942,79.913942,1.51642,AXIS_RESOLVED,121.758841,-10.134699,10.134699,,AXIS_COMPONENT_LAYOUT_RESOLVED,TOP_COMPONENTS_TO_80_PERCENT_ENERGY,DOMINANT_COMPONENT_AXIS_ONLY,24.04099,31.807481,58.241159,23.187667,32.660805,37.118438,COMPONENT_IDENTITY_SWITCH,WITHIN_VEHICLE_PROJECTION_ENVELOPE,0.256108,0.032287,0,0
WGV35A_PAIR_0213_S2A_027,WGV35A_PAIR_0213,328,PV_GM19_SILVER_MPV_NEAR_FIELD,290,counterfactual,single_boundary_shift,azimuth_left,left_inward,0.15,0,0,0,azimuth_left,,SAR_MASK_S1_PARTIALLY_CENSORED_CENTER_INSIDE,SAR_MASK_S1_PARTIALLY_CENSORED_CENTER_INSIDE;bottom_near_range_mask;center_semantics_mask_censored_or_unconfirmed;bbox_bottom_within_110px_of_near_range_mask;observed_box_may_be_masked_response_center_not_full_vehicle_center,REAL_SAR_GRAY_REMEASURED,false,BASE_REGION_FROZEN_BACKGROUND,PERTURBED_LOCAL_RING_BACKGROUND,27,24,87137,3.595502,2.310493,1.556163,127777,COUNTERFACTUAL_BACKGROUND_SENSITIVE,24235,1.174111,2.794165,3.58133,1.393435,2.377323,2.888321,0.425792,-0.793655,882,2,0.724009,0.258593,0.861356,6267,63088,146.038553,12.438371,12.438371,1.15192,AXIS_NEAR_ISOTROPIC,33.975958,80.375775,80.375775,1.498672,AXIS_RESOLVED,126.668879,-6.931304,6.931304,,AXIS_COMPONENT_LAYOUT_RESOLVED,TOP_COMPONENTS_TO_80_PERCENT_ENERGY,DOMINANT_COMPONENT_AXIS_ONLY,33.961447,33.975958,53.331121,34.814766,33.122638,40.321833,COMPONENT_IDENTITY_SWITCH,WITHIN_VEHICLE_PROJECTION_ENVELOPE,0.205835,0.022677,0,0
WGV35A_PAIR_0213_S2A_028,WGV35A_PAIR_0213,328,PV_GM19_SILVER_MPV_NEAR_FIELD,290,counterfactual,single_boundary_shift,azimuth_right,right_inward,-0.15,0,0,0,azimuth_right,,SAR_MASK_S1_PARTIALLY_CENSORED_CENTER_INSIDE,SAR_MASK_S1_PARTIALLY_CENSORED_CENTER_INSIDE;bottom_near_range_mask;center_semantics_mask_censored_or_unconfirmed;bbox_bottom_within_110px_of_near_range_mask;observed_box_may_be_masked_response_center_not_full_vehicle_center,REAL_SAR_GRAY_REMEASURED,false,BASE_REGION_FROZEN_BACKGROUND,PERTURBED_LOCAL_RING_BACKGROUND,27,25,91767,3.768511,2.168017,1.738229,118553,BACKGROUND_STABLE,24351,1.211825,2.78911,3.581893,1.450554,2.489943,3.009509,0.453027,-0.709024,905,2,0.734948,0.276867,0.865366,6742,67444,148.535302,16.641762,16.641762,1.106778,AXIS_NEAR_ISOTROPIC,32.385683,80.492143,80.492143,1.505939,AXIS_RESOLVED,124.158015,-7.735524,7.735524,151231027.296856,AXIS_COMPONENT_LAYOUT_RESOLVED,TOP_COMPONENTS_TO_80_PERCENT_ENERGY,DOMINANT_COMPONENT_AXIS_ONLY,31.464698,32.385683,55.841985,30.611375,33.239006,39.517613,COMPONENT_IDENTITY_SWITCH,WITHIN_VEHICLE_PROJECTION_ENVELOPE,0.21089,0.010057,0,0
WGV35A_PAIR_0213_S2A_029,WGV35A_PAIR_0213,328,PV_GM19_SILVER_MPV_NEAR_FIELD,290,counterfactual,single_boundary_shift,azimuth_right,right_outward,0.15,0,0,0,azimuth_right,,SAR_MASK_S1_PARTIALLY_CENSORED_CENTER_INSIDE,SAR_MASK_S1_PARTIALLY_CENSORED_CENTER_INSIDE;bottom_near_range_mask;center_semantics_mask_censored_or_unconfirmed;bbox_bottom_within_110px_of_near_range_mask;observed_box_may_be_masked_response_center_not_full_vehicle_center,REAL_SAR_GRAY_REMEASURED,false,BASE_REGION_FROZEN_BACKGROUND,PERTURBED_LOCAL_RING_BACKGROUND,27,24,91876,3.531791,2.097521,1.683793,134610,COUNTERFACTUAL_BACKGROUND_SENSITIVE,26014,1.218638,2.816927,3.588545,1.465825,2.489017,3.01038,0.4298,-0.870796,907,2,0.734348,0.25936,0.864611,6747,67469,148.882472,15.28229,15.28229,1.108601,AXIS_NEAR_ISOTROPIC,32.295531,78.695349,78.695349,1.505931,AXIS_RESOLVED,124.175466,-9.424716,9.424716,151244592.649693,AXIS_COMPONENT_LAYOUT_RESOLVED,TOP_COMPONENTS_TO_80_PERCENT_ENERGY,DOMINANT_COMPONENT_AXIS_ONLY,31.117528,32.295531,55.824534,31.970847,31.442212,37.828421,COMPONENT_IDENTITY_SWITCH,WITHIN_VEHICLE_PROJECTION_ENVELOPE,0.183074,0.010983,0,0
WGV35A_PAIR_0213_S2A_030,WGV35A_PAIR_0213,328,PV_GM19_SILVER_MPV_NEAR_FIELD,290,counterfactual,single_boundary_shift,range_near,near_outward,-0.3,0,0,0,range_near,,SAR_MASK_S1_PARTIALLY_CENSORED_CENTER_INSIDE,SAR_MASK_S1_PARTIALLY_CENSORED_CENTER_INSIDE;bottom_near_range_mask;center_semantics_mask_censored_or_unconfirmed;bbox_bottom_within_110px_of_near_range_mask;observed_box_may_be_masked_response_center_not_full_vehicle_center,REAL_SAR_GRAY_REMEASURED,false,BASE_REGION_FROZEN_BACKGROUND,PERTURBED_LOCAL_RING_BACKGROUND,27,24,95468,3.559317,2.374847,1.498756,140416,COUNTERFACTUAL_BACKGROUND_SENSITIVE,26822,1.288835,3.138103,3.795061,1.437132,2.466885,2.977845,0.478943,-0.79785,959,2,0.707158,0.251585,0.83252,6748,67511,141.061026,8.314286,8.314286,1.235831,AXIS_RESOLVED,32.29822,79.55148,79.55148,1.506421,AXIS_RESOLVED,124.092039,-8.654701,8.654701,,AXIS_COMPONENT_LAYOUT_RESOLVED,TOP_COMPONENTS_TO_80_PERCENT_ENERGY,MULTIPLE_AXIS_REPRESENTATIONS_CONFLICT,38.938974,32.29822,55.907961,38.938851,32.298343,38.598436,COMPONENT_IDENTITY_SWITCH,WITHIN_VEHICLE_PROJECTION_ENVELOPE,0.015029,0.036781,0,0
WGV35A_PAIR_0213_S2A_031,WGV35A_PAIR_0213,328,PV_GM19_SILVER_MPV_NEAR_FIELD,290,counterfactual,single_boundary_shift,range_near,near_inward,0.3,0,0,0,range_near,,SAR_MASK_S1_PARTIALLY_CENSORED_CENTER_INSIDE,SAR_MASK_S1_PARTIALLY_CENSORED_CENTER_INSIDE;bottom_near_range_mask;center_semantics_mask_censored_or_unconfirmed;bbox_bottom_within_110px_of_near_range_mask;observed_box_may_be_masked_response_center_not_full_vehicle_center,REAL_SAR_GRAY_REMEASURED,false,BASE_REGION_FROZEN_BACKGROUND,PERTURBED_LOCAL_RING_BACKGROUND,27,24,90088,3.829132,1.903913,2.011191,130849,COUNTERFACTUAL_BACKGROUND_SENSITIVE,23527,1.178058,2.663851,3.495044,1.466749,2.500178,3.011889,0.342658,-0.790765,815,2,0.749234,0.286777,0.882082,6747,67497,164.607755,31.860777,31.860777,1.062525,AXIS_NEAR_ISOTROPIC,32.346738,79.599761,79.599761,1.506515,AXIS_RESOLVED,124.10133,-8.645648,8.645648,,AXIS_COMPONENT_LAYOUT_RESOLVED,TOP_COMPONENTS_TO_80_PERCENT_ENERGY,DOMINANT_COMPONENT_AXIS_ONLY,15.392245,32.346738,55.89867,15.39236,32.346624,38.607489,COMPONENT_IDENTITY_SWITCH,PARTIAL_SUPPORT_BELOW_ENVELOPE,0.336149,0,0,0.000178
WGV35A_PAIR_0213_S2A_032,WGV35A_PAIR_0213,328,PV_GM19_SILVER_MPV_NEAR_FIELD,290,counterfactual,single_boundary_shift,range_far,far_inward,-0.3,0,0,0,range_far,,SAR_MASK_S1_PARTIALLY_CENSORED_CENTER_INSIDE,SAR_MASK_S1_PARTIALLY_CENSORED_CENTER_INSIDE;bottom_near_range_mask;center_semantics_mask_censored_or_unconfirmed;bbox_bottom_within_110px_of_near_range_mask;observed_box_may_be_masked_response_center_not_full_vehicle_center,REAL_SAR_GRAY_REMEASURED,false,BASE_REGION_FROZEN_BACKGROUND,PERTURBED_LOCAL_RING_BACKGROUND,27,25,87439,3.733678,2.378696,1.569632,112140,BACKGROUND_STABLE,23419,1.130653,2.564733,3.380442,1.428384,2.457791,2.940455,0.506725,-0.80255,854,2,0.733597,0.264486,0.87047,6194,64145,147.851377,15.104636,15.104636,1.068212,AXIS_NEAR_ISOTROPIC,35.147586,82.400845,82.400845,1.624983,AXIS_RESOLVED,123.525336,-9.221405,9.221405,105557518.619046,AXIS_COMPONENT_LAYOUT_RESOLVED,TOP_COMPONENTS_TO_80_PERCENT_ENERGY,DOMINANT_COMPONENT_AXIS_ONLY,32.148623,35.147586,56.474664,32.148501,35.147708,38.031732,COMPONENT_IDENTITY_SWITCH,PARTIAL_SUPPORT_BELOW_ENVELOPE,0.435267,0.042209,0,0
WGV35A_PAIR_0213_S2A_033,WGV35A_PAIR_0213,328,PV_GM19_SILVER_MPV_NEAR_FIELD,290,counterfactual,single_boundary_shift,range_far,far_outward,0.3,0,0,0,range_far,,SAR_MASK_S1_PARTIALLY_CENSORED_CENTER_INSIDE,SAR_MASK_S1_PARTIALLY_CENSORED_CENTER_INSIDE;bottom_near_range_mask;center_semantics_mask_censored_or_unconfirmed;bbox_bottom_within_110px_of_near_range_mask;observed_box_may_be_masked_response_center_not_full_vehicle_center,REAL_SAR_GRAY_REMEASURED,false,BASE_REGION_FROZEN_BACKGROUND,PERTURBED_LOCAL_RING_BACKGROUND,27,25,95153,3.562449,2.24,1.590379,123777,BACKGROUND_STABLE,26710,1.281889,3.006335,3.774699,1.483849,2.510607,3.031977,0.363244,-0.777271,959,2,0.728479,0.265781,0.854256,7099,69317,148.9225,16.175522,16.175522,1.150322,AXIS_NEAR_ISOTROPIC,29.589656,76.842678,76.842678,1.438116,AXIS_RESOLVED,124.573136,-8.173842,8.173842,,AXIS_COMPONENT_LAYOUT_RESOLVED,TOP_COMPONENTS_TO_80_PERCENT_ENERGY,DOMINANT_COMPONENT_AXIS_ONLY,31.0775,29.589656,55.426864,31.077615,29.589541,39.079295,COMPONENT_IDENTITY_SWITCH,WITHIN_VEHICLE_PROJECTION_ENVELOPE,0,0,0.006335,0.010607
WGV35A_PAIR_0213_S2A_034,WGV35A_PAIR_0213,328,PV_GM19_SILVER_MPV_NEAR_FIELD,290,counterfactual,single_boundary_shift,azimuth_left,left_outward,-0.3,0,0,0,azimuth_left,,SAR_MASK_S1_PARTIALLY_CENSORED_CENTER_INSIDE,SAR_MASK_S1_PARTIALLY_CENSORED_CENTER_INSIDE;bottom_near_range_mask;center_semantics_mask_censored_or_unconfirmed;bbox_bottom_within_110px_of_near_range_mask;observed_box_may_be_masked_response_center_not_full_vehicle_center,REAL_SAR_GRAY_REMEASURED,false,BASE_REGION_FROZEN_BACKGROUND,PERTURBED_LOCAL_RING_BACKGROUND,27,25,100755,3.794344,2.542331,1.492466,129756,BACKGROUND_STABLE,26554,1.276924,2.774763,3.576821,1.620883,2.723148,3.263893,0.471299,-0.788785,945,2,0.756121,0.288883,0.874904,7671,76183,175.652219,44.61174,44.61174,1.033834,AXIS_NEAR_ISOTROPIC,31.777962,80.737483,80.737483,1.514692,AXIS_RESOLVED,119.145386,-11.895092,11.895092,205753921.499371,AXIS_COMPONENT_LAYOUT_RESOLVED,TOP_COMPONENTS_TO_80_PERCENT_ENERGY,DOMINANT_COMPONENT_AXIS_ONLY,4.347781,31.777962,60.854614,2.641397,33.484346,35.358045,COMPONENT_IDENTITY_SWITCH,PARTIAL_SUPPORT_BELOW_ENVELOPE,0.357199,0.030296,0,0
WGV35A_PAIR_0213_S2A_035,WGV35A_PAIR_0213,328,PV_GM19_SILVER_MPV_NEAR_FIELD,290,counterfactual,single_boundary_shift,azimuth_left,left_inward,0.3,0,0,0,azimuth_left,,SAR_MASK_S1_PARTIALLY_CENSORED_CENTER_INSIDE,SAR_MASK_S1_PARTIALLY_CENSORED_CENTER_INSIDE;bottom_near_range_mask;center_semantics_mask_censored_or_unconfirmed;bbox_bottom_within_110px_of_near_range_mask;observed_box_may_be_masked_response_center_not_full_vehicle_center,REAL_SAR_GRAY_REMEASURED,false,BASE_REGION_FROZEN_BACKGROUND,PERTURBED_LOCAL_RING_BACKGROUND,27,24,83118,3.526282,2.284165,1.543795,122202,COUNTERFACTUAL_BACKGROUND_SENSITIVE,23571,1.14951,2.859401,3.60248,1.309086,2.276752,2.772528,0.40863,-0.800187,860,2,0.711422,0.248101,0.85541,5848,59132,144.005122,9.551883,9.551883,1.212751,AXIS_RESOLVED,35.329114,80.875874,80.875874,1.477136,AXIS_RESOLVED,129.056857,-5.396383,5.396383,159148421.268564,AXIS_COMPONENT_LAYOUT_RESOLVED,TOP_COMPONENTS_TO_80_PERCENT_ENERGY,MULTIPLE_AXIS_REPRESENTATIONS_CONFLICT,35.994878,35.329114,50.943143,37.701254,33.622737,41.856754,COMPONENT_IDENTITY_SWITCH,WITHIN_VEHICLE_PROJECTION_ENVELOPE,0.140599,0.023248,0,0
WGV35A_PAIR_0213_S2A_036,WGV35A_PAIR_0213,328,PV_GM19_SILVER_MPV_NEAR_FIELD,290,counterfactual,single_boundary_shift,azimuth_right,right_inward,-0.3,0,0,0,azimuth_right,,SAR_MASK_S1_PARTIALLY_CENSORED_CENTER_INSIDE,SAR_MASK_S1_PARTIALLY_CENSORED_CENTER_INSIDE;bottom_near_range_mask;center_semantics_mask_censored_or_unconfirmed;bbox_bottom_within_110px_of_near_range_mask;observed_box_may_be_masked_response_center_not_full_vehicle_center,REAL_SAR_GRAY_REMEASURED,false,BASE_REGION_FROZEN_BACKGROUND,PERTURBED_LOCAL_RING_BACKGROUND,27,25,91741,3.892113,2.20564,1.764619,118485,BACKGROUND_STABLE,23571,1.209042,2.771024,3.58268,1.444104,2.490515,3.026209,0.461352,-0.628018,902,2,0.735287,0.286114,0.865742,6744,67456,148.160343,17.119864,17.119864,1.107242,AXIS_NEAR_ISOTROPIC,32.339036,81.298557,81.298557,1.506034,AXIS_RESOLVED,124.167194,-6.873285,6.873285,87316799.015826,AXIS_COMPONENT_LAYOUT_RESOLVED,TOP_COMPONENTS_TO_80_PERCENT_ENERGY,DOMINANT_COMPONENT_AXIS_ONLY,31.839657,32.339036,55.832806,30.133273,34.04542,40.379852,COMPONENT_IDENTITY_SWITCH,WITHIN_VEHICLE_PROJECTION_ENVELOPE,0.228976,0.009485,0,0
WGV35A_PAIR_0213_S2A_037,WGV35A_PAIR_0213,328,PV_GM19_SILVER_MPV_NEAR_FIELD,290,counterfactual,single_boundary_shift,azimuth_right,right_outward,0.3,0,0,0,azimuth_right,,SAR_MASK_S1_PARTIALLY_CENSORED_CENTER_INSIDE,SAR_MASK_S1_PARTIALLY_CENSORED_CENTER_INSIDE;bottom_near_range_mask;center_semantics_mask_censored_or_unconfirmed;bbox_bottom_within_110px_of_near_range_mask;observed_box_may_be_masked_response_center_not_full_vehicle_center,REAL_SAR_GRAY_REMEASURED,false,BASE_REGION_FROZEN_BACKGROUND,PERTURBED_LOCAL_RING_BACKGROUND,27,24,91705,3.438508,2.076735,1.655728,134291,COUNTERFACTUAL_BACKGROUND_SENSITIVE,26670,1.219379,2.822602,3.57904,1.471496,2.48685,3.008899,0.412883,-0.9537,904,2,0.735205,0.252606,0.865711,6737,67422,148.531372,14.078133,14.078133,1.105822,AXIS_NEAR_ISOTROPIC,32.465675,78.012435,78.012435,1.505917,AXIS_RESOLVED,124.142396,-10.310843,10.310843,,AXIS_COMPONENT_LAYOUT_RESOLVED,TOP_COMPONENTS_TO_80_PERCENT_ENERGY,DOMINANT_COMPONENT_AXIS_ONLY,31.468628,32.465675,55.857604,33.175004,30.759298,36.942294,COMPONENT_IDENTITY_SWITCH,WITHIN_VEHICLE_PROJECTION_ENVELOPE,0.177398,0.01315,0,0
WGV35A_PAIR_0213_S2A_038,WGV35A_PAIR_0213,328,PV_GM19_SILVER_MPV_NEAR_FIELD,290,counterfactual,scale_resize,range,resize,-0.15,0,0,0,,range,SAR_MASK_S1_PARTIALLY_CENSORED_CENTER_INSIDE,SAR_MASK_S1_PARTIALLY_CENSORED_CENTER_INSIDE;bottom_near_range_mask;center_semantics_mask_censored_or_unconfirmed;bbox_bottom_within_110px_of_near_range_mask;observed_box_may_be_masked_response_center_not_full_vehicle_center,REAL_SAR_GRAY_REMEASURED,false,BASE_REGION_FROZEN_BACKGROUND,PERTURBED_LOCAL_RING_BACKGROUND,27,25,89963,3.715637,2.250107,1.651316,115820,BACKGROUND_STABLE,24212,1.175694,2.670101,3.493926,1.454103,2.485167,2.990207,0.440321,-0.795594,871,2,0.74205,0.273459,0.875082,6621,66757,152.95808,20.211101,20.211101,1.072579,AXIS_NEAR_ISOTROPIC,33.603705,80.856726,80.856726,1.528418,AXIS_RESOLVED,123.931544,-8.815435,8.815435,,AXIS_COMPONENT_LAYOUT_RESOLVED,TOP_COMPONENTS_TO_80_PERCENT_ENERGY,DOMINANT_COMPONENT_AXIS_ONLY,27.04192,33.603705,56.068456,27.042036,33.603589,38.437702,COMPONENT_IDENTITY_SWITCH,PARTIAL_SUPPORT_BELOW_ENVELOPE,0.329899,0.014832,0,0
WGV35A_PAIR_0213_S2A_039,WGV35A_PAIR_0213,328,PV_GM19_SILVER_MPV_NEAR_FIELD,290,counterfactual,scale_resize,range,resize,0.15,0,0,0,,range,SAR_MASK_S1_PARTIALLY_CENSORED_CENTER_INSIDE,SAR_MASK_S1_PARTIALLY_CENSORED_CENTER_INSIDE;bottom_near_range_mask;center_semantics_mask_censored_or_unconfirmed;bbox_bottom_within_110px_of_near_range_mask;observed_box_may_be_masked_response_center_not_full_vehicle_center,REAL_SAR_GRAY_REMEASURED,false,BASE_REGION_FROZEN_BACKGROUND,PERTURBED_LOCAL_RING_BACKGROUND,27,24,93018,3.588657,2.225207,1.61273,136806,COUNTERFACTUAL_BACKGROUND_SENSITIVE,25920,1.241163,2.885826,3.653915,1.459381,2.490244,3.003202,0.435568,-0.787811,933,2,0.728891,0.263156,0.857554,6821,67800,146.923209,14.17623,14.17623,1.136344,AXIS_NEAR_ISOTROPIC,31.906368,79.15939,79.15939,1.49395,AXIS_RESOLVED,124.256941,-8.490038,8.490038,,AXIS_COMPONENT_LAYOUT_RESOLVED,TOP_COMPONENTS_TO_80_PERCENT_ENERGY,DOMINANT_COMPONENT_AXIS_ONLY,33.076791,31.906368,55.743059,33.076907,31.906253,38.763099,COMPONENT_IDENTITY_SWITCH,WITHIN_VEHICLE_PROJECTION_ENVELOPE,0.114174,0.009756,0,0
WGV35A_PAIR_0213_S2A_040,WGV35A_PAIR_0213,328,PV_GM19_SILVER_MPV_NEAR_FIELD,290,counterfactual,scale_resize,azimuth,resize,-0.15,0,0,0,,azimuth,SAR_MASK_S1_PARTIALLY_CENSORED_CENTER_INSIDE,SAR_MASK_S1_PARTIALLY_CENSORED_CENTER_INSIDE;bottom_near_range_mask;center_semantics_mask_censored_or_unconfirmed;bbox_bottom_within_110px_of_near_range_mask;observed_box_may_be_masked_response_center_not_full_vehicle_center,REAL_SAR_GRAY_REMEASURED,false,BASE_REGION_FROZEN_BACKGROUND,PERTURBED_LOCAL_RING_BACKGROUND,27,25,89665,3.68219,2.238806,1.644711,115845,BACKGROUND_STABLE,24351,1.192098,2.784562,3.579758,1.426372,2.434232,2.947886,0.436686,-0.754162,897,2,0.729593,0.26734,0.863068,6510,65419,147.037893,14.290914,14.290914,1.128295,AXIS_NEAR_ISOTROPIC,33.091111,80.344133,80.344133,1.505932,AXIS_RESOLVED,125.299917,-7.447062,7.447062,,AXIS_COMPONENT_LAYOUT_RESOLVED,TOP_COMPONENTS_TO_80_PERCENT_ENERGY,DOMINANT_COMPONENT_AXIS_ONLY,32.962107,33.091111,54.700083,32.962223,33.090996,39.806075,COMPONENT_IDENTITY_SWITCH,WITHIN_VEHICLE_PROJECTION_ENVELOPE,0.215438,0.065768,0,0
WGV35A_PAIR_0213_S2A_041,WGV35A_PAIR_0213,328,PV_GM19_SILVER_MPV_NEAR_FIELD,290,counterfactual,scale_resize,azimuth,resize,0.15,0,0,0,,azimuth,SAR_MASK_S1_PARTIALLY_CENSORED_CENTER_INSIDE,SAR_MASK_S1_PARTIALLY_CENSORED_CENTER_INSIDE;bottom_near_range_mask;center_semantics_mask_censored_or_unconfirmed;bbox_bottom_within_110px_of_near_range_mask;observed_box_may_be_masked_response_center_not_full_vehicle_center,REAL_SAR_GRAY_REMEASURED,false,BASE_REGION_FROZEN_BACKGROUND,PERTURBED_LOCAL_RING_BACKGROUND,27,24,93513,3.611656,2.248133,1.606514,136922,COUNTERFACTUAL_BACKGROUND_SENSITIVE,25892,1.228095,2.796659,3.574058,1.490521,2.545357,3.056995,0.439907,-0.823184,922,2,0.739181,0.268075,0.867163,6941,69123,151.137232,18.390253,18.390253,1.088051,AXIS_NEAR_ISOTROPIC,32.240697,79.493718,79.493718,1.515097,AXIS_RESOLVED,123.136675,-9.610304,9.610304,,AXIS_COMPONENT_LAYOUT_RESOLVED,TOP_COMPONENTS_TO_80_PERCENT_ENERGY,DOMINANT_COMPONENT_AXIS_ONLY,28.862768,32.240697,56.863325,28.862884,32.240581,37.642833,COMPONENT_IDENTITY_SWITCH,WITHIN_VEHICLE_PROJECTION_ENVELOPE,0.203341,0.054642,0,0
WGV35A_PAIR_0213_S2A_042,WGV35A_PAIR_0213,328,PV_GM19_SILVER_MPV_NEAR_FIELD,290,counterfactual,scale_resize,range,resize,-0.3,0,0,0,,range,SAR_MASK_S1_PARTIALLY_CENSORED_CENTER_INSIDE,SAR_MASK_S1_PARTIALLY_CENSORED_CENTER_INSIDE;bottom_near_range_mask;center_semantics_mask_censored_or_unconfirmed;bbox_bottom_within_110px_of_near_range_mask;observed_box_may_be_masked_response_center_not_full_vehicle_center,REAL_SAR_GRAY_REMEASURED,false,BASE_REGION_FROZEN_BACKGROUND,PERTURBED_LOCAL_RING_BACKGROUND,27,25,88907,3.761826,2.195671,1.713292,114127,BACKGROUND_STABLE,23634,1.153663,2.585387,3.43062,1.456742,2.492187,2.992571,0.433379,-0.803013,840,2,0.746375,0.276424,0.880988,6533,66358,160.275544,27.528565,27.528565,1.051676,AXIS_NEAR_ISOTROPIC,33.923887,81.176908,81.176908,1.555433,AXIS_RESOLVED,123.663872,-9.083107,9.083107,106160757.532814,AXIS_COMPONENT_LAYOUT_RESOLVED,TOP_COMPONENTS_TO_80_PERCENT_ENERGY,DOMINANT_COMPONENT_AXIS_ONLY,19.724456,33.923887,56.336128,19.724572,33.923771,38.17003,COMPONENT_IDENTITY_SWITCH,PARTIAL_SUPPORT_BELOW_ENVELOPE,0.414613,0.007813,0,0
WGV35A_PAIR_0213_S2A_043,WGV35A_PAIR_0213,328,PV_GM19_SILVER_MPV_NEAR_FIELD,290,counterfactual,scale_resize,range,resize,0.3,0,0,0,,range,SAR_MASK_S1_PARTIALLY_CENSORED_CENTER_INSIDE,SAR_MASK_S1_PARTIALLY_CENSORED_CENTER_INSIDE;bottom_near_range_mask;center_semantics_mask_censored_or_unconfirmed;bbox_bottom_within_110px_of_near_range_mask;observed_box_may_be_masked_response_center_not_full_vehicle_center,REAL_SAR_GRAY_REMEASURED,false,BASE_REGION_FROZEN_BACKGROUND,PERTURBED_LOCAL_RING_BACKGROUND,27,25,94364,3.548319,2.455624,1.444977,122553,BACKGROUND_STABLE,26594,1.268473,2.99598,3.736338,1.459454,2.48788,3.002578,0.428558,-0.786064,959,2,0.721568,0.259194,0.848396,6893,68090,144.487554,11.740576,11.740576,1.167314,AXIS_NEAR_ISOTROPIC,31.715999,78.96902,78.96902,1.478246,AXIS_RESOLVED,124.307899,-8.43908,8.43908,107321933.601249,AXIS_COMPONENT_LAYOUT_RESOLVED,TOP_COMPONENTS_TO_80_PERCENT_ENERGY,DOMINANT_COMPONENT_AXIS_ONLY,35.512446,31.715999,55.692101,35.512561,31.715883,38.814057,COMPONENT_IDENTITY_SWITCH,WITHIN_VEHICLE_PROJECTION_ENVELOPE,0.00402,0.01212,0,0
WGV35A_PAIR_0213_S2A_044,WGV35A_PAIR_0213,328,PV_GM19_SILVER_MPV_NEAR_FIELD,290,counterfactual,scale_resize,azimuth,resize,-0.3,0,0,0,,azimuth,SAR_MASK_S1_PARTIALLY_CENSORED_CENTER_INSIDE,SAR_MASK_S1_PARTIALLY_CENSORED_CENTER_INSIDE;bottom_near_range_mask;center_semantics_mask_censored_or_unconfirmed;bbox_bottom_within_110px_of_near_range_mask;observed_box_may_be_masked_response_center_not_full_vehicle_center,REAL_SAR_GRAY_REMEASURED,false,BASE_REGION_FROZEN_BACKGROUND,PERTURBED_LOCAL_RING_BACKGROUND,27,25,87143,3.713269,2.341432,1.585897,112645,BACKGROUND_STABLE,23468,1.171735,2.773308,3.578787,1.386343,2.374463,2.884085,0.438414,-0.712301,881,2,0.724086,0.267172,0.861423,6270,63099,146.030959,13.28398,13.28398,1.152054,AXIS_NEAR_ISOTROPIC,33.948425,81.201446,81.201446,1.498183,AXIS_RESOLVED,126.672975,-6.074004,6.074004,,AXIS_COMPONENT_LAYOUT_RESOLVED,TOP_COMPONENTS_TO_80_PERCENT_ENERGY,DOMINANT_COMPONENT_AXIS_ONLY,33.969041,33.948425,53.327025,33.969157,33.948309,41.179133,COMPONENT_IDENTITY_SWITCH,WITHIN_VEHICLE_PROJECTION_ENVELOPE,0.226692,0.025537,0,0
WGV35A_PAIR_0213_S2A_045,WGV35A_PAIR_0213,328,PV_GM19_SILVER_MPV_NEAR_FIELD,290,counterfactual,scale_resize,azimuth,resize,0.3,0,0,0,,azimuth,SAR_MASK_S1_PARTIALLY_CENSORED_CENTER_INSIDE,SAR_MASK_S1_PARTIALLY_CENSORED_CENTER_INSIDE;bottom_near_range_mask;center_semantics_mask_censored_or_unconfirmed;bbox_bottom_within_110px_of_near_range_mask;observed_box_may_be_masked_response_center_not_full_vehicle_center,REAL_SAR_GRAY_REMEASURED,false,BASE_REGION_FROZEN_BACKGROUND,PERTURBED_LOCAL_RING_BACKGROUND,27,25,96091,3.587359,2.494501,1.438107,124099,BACKGROUND_STABLE,26786,1.248109,2.812644,3.580387,1.536524,2.612007,3.128378,0.443059,-0.866031,935,2,0.744742,0.269954,0.869291,7231,71563,156.046583,23.299836,23.299836,1.068274,AXIS_NEAR_ISOTROPIC,31.733453,78.986706,78.986706,1.516648,AXIS_RESOLVED,121.775445,-10.971301,10.971301,,AXIS_COMPONENT_LAYOUT_RESOLVED,TOP_COMPONENTS_TO_80_PERCENT_ENERGY,DOMINANT_COMPONENT_AXIS_ONLY,23.953417,31.733453,58.224555,23.953301,31.733569,36.281836,COMPONENT_IDENTITY_SWITCH,WITHIN_VEHICLE_PROJECTION_ENVELOPE,0.187356,0,0,0.012007
WGV35A_PAIR_0213_S2A_046,WGV35A_PAIR_0213,328,PV_GM19_SILVER_MPV_NEAR_FIELD,290,counterfactual,local_region_rotation,gt_region,rotate,0,-30,0,0,,,SAR_MASK_S1_PARTIALLY_CENSORED_CENTER_INSIDE,SAR_MASK_S1_PARTIALLY_CENSORED_CENTER_INSIDE;bottom_near_range_mask;center_semantics_mask_censored_or_unconfirmed;bbox_bottom_within_110px_of_near_range_mask;observed_box_may_be_masked_response_center_not_full_vehicle_center,REAL_SAR_GRAY_REMEASURED,false,BASE_REGION_FROZEN_BACKGROUND,PERTURBED_LOCAL_RING_BACKGROUND,27,27,49004,4.357073,3.055276,1.426081,49004,BACKGROUND_STABLE,11247,1.23977,2.850379,3.411228,0.830845,1.599557,2.008482,0.200676,-0.199934,486,2,0.616235,0.273851,0.856195,3080,30198,149.857918,17.110939,17.110939,2.049919,AXIS_RESOLVED,6.703933,53.956954,53.956954,1.140898,AXIS_NEAR_ISOTROPIC,145.923365,13.176386,13.176386,,AXIS_COMPONENT_LAYOUT_RESOLVED,TOP_COMPONENTS_TO_80_PERCENT_ENERGY,COMPONENT_LAYOUT_AXIS_ONLY,30.142082,6.703933,34.076635,30.142198,6.703817,34.076751,SAME_COMPONENT_PERSISTENT,WITHIN_VEHICLE_PROJECTION_ENVELOPE,0.149621,0.000443,0,0
WGV35A_PAIR_0213_S2A_047,WGV35A_PAIR_0213,328,PV_GM19_SILVER_MPV_NEAR_FIELD,290,counterfactual,local_region_rotation,gt_region,rotate,0,-15,0,0,,,SAR_MASK_S1_PARTIALLY_CENSORED_CENTER_INSIDE,SAR_MASK_S1_PARTIALLY_CENSORED_CENTER_INSIDE;bottom_near_range_mask;center_semantics_mask_censored_or_unconfirmed;bbox_bottom_within_110px_of_near_range_mask;observed_box_may_be_masked_response_center_not_full_vehicle_center,REAL_SAR_GRAY_REMEASURED,false,BASE_REGION_FROZEN_BACKGROUND,PERTURBED_LOCAL_RING_BACKGROUND,27,27,47692,4.216799,2.978378,1.415804,47692,BACKGROUND_STABLE,11310,1.189734,2.692828,3.266672,0.903334,1.736122,2.17604,0.105448,-0.192274,513,2,0.584626,0.242794,0.83557,2746,27882,155.314663,22.567685,22.567685,2.070814,AXIS_RESOLVED,13.909207,61.162228,61.162228,1.406155,AXIS_RESOLVED,148.248843,15.501865,15.501865,,AXIS_COMPONENT_LAYOUT_RESOLVED,TOP_COMPONENTS_TO_80_PERCENT_ENERGY,MULTIPLE_AXIS_REPRESENTATIONS_CONFLICT,24.685337,13.909207,31.751157,24.685452,13.909091,31.751272,SAME_COMPONENT_PERSISTENT,PARTIAL_SUPPORT_BELOW_ENVELOPE,0.307172,0.063878,0,0
WGV35A_PAIR_0213_S2A_048,WGV35A_PAIR_0213,328,PV_GM19_SILVER_MPV_NEAR_FIELD,290,counterfactual,local_region_rotation,gt_region,rotate,0,-10,0,0,,,SAR_MASK_S1_PARTIALLY_CENSORED_CENTER_INSIDE,SAR_MASK_S1_PARTIALLY_CENSORED_CENTER_INSIDE;bottom_near_range_mask;center_semantics_mask_censored_or_unconfirmed;bbox_bottom_within_110px_of_near_range_mask;observed_box_may_be_masked_response_center_not_full_vehicle_center,REAL_SAR_GRAY_REMEASURED,false,BASE_REGION_FROZEN_BACKGROUND,PERTURBED_LOCAL_RING_BACKGROUND,27,26,47045,4.159961,3.052539,1.362787,53693,BACKGROUND_STABLE,11309,1.154012,2.608041,3.215939,0.937938,1.788175,2.242133,0.076224,-0.193593,500,2,0.577745,0.236184,0.832139,2671,27180,157.584123,24.837144,24.837144,2.058383,AXIS_RESOLVED,12.712775,59.965797,59.965797,1.50139,AXIS_RESOLVED,148.6856,15.938621,15.938621,,AXIS_COMPONENT_LAYOUT_RESOLVED,TOP_COMPONENTS_TO_80_PERCENT_ENERGY,MULTIPLE_AXIS_REPRESENTATIONS_CONFLICT,22.415877,12.712775,31.3144,22.415993,12.71266,31.314516,SAME_COMPONENT_PERSISTENT,PARTIAL_SUPPORT_BELOW_ENVELOPE,0.391959,0.011825,0,0
WGV35A_PAIR_0213_S2A_049,WGV35A_PAIR_0213,328,PV_GM19_SILVER_MPV_NEAR_FIELD,290,counterfactual,local_region_rotation,gt_region,rotate,0,-5,0,0,,,SAR_MASK_S1_PARTIALLY_CENSORED_CENTER_INSIDE,SAR_MASK_S1_PARTIALLY_CENSORED_CENTER_INSIDE;bottom_near_range_mask;center_semantics_mask_censored_or_unconfirmed;bbox_bottom_within_110px_of_near_range_mask;observed_box_may_be_masked_response_center_not_full_vehicle_center,REAL_SAR_GRAY_REMEASURED,false,BASE_REGION_FROZEN_BACKGROUND,PERTURBED_LOCAL_RING_BACKGROUND,27,26,45956,4.106147,3.401316,1.207223,52463,BACKGROUND_STABLE,11192,1.091255,2.530274,3.090078,0.97498,1.842317,2.298914,0.052118,-0.202361,491,2,0.53573,0.207023,0.796153,2317,24620,160.25168,27.504702,27.504702,2.024402,AXIS_RESOLVED,29.788097,77.041119,77.041119,1.881131,AXIS_RESOLVED,149.955166,17.208187,17.208187,19.450928,AXIS_COMPONENT_LAYOUT_RESOLVED,TOP_COMPONENTS_TO_80_PERCENT_ENERGY,MULTIPLE_AXIS_REPRESENTATIONS_CONFLICT,19.74832,29.788097,30.044834,19.748435,29.787982,30.04495,SAME_COMPONENT_PERSISTENT,PARTIAL_SUPPORT_BELOW_ENVELOPE,0.469726,0.057683,0,0
WGV35A_PAIR_0213_S2A_050,WGV35A_PAIR_0213,328,PV_GM19_SILVER_MPV_NEAR_FIELD,290,counterfactual,local_region_rotation,gt_region,rotate,0,0,0,0,,,SAR_MASK_S1_PARTIALLY_CENSORED_CENTER_INSIDE,SAR_MASK_S1_PARTIALLY_CENSORED_CENTER_INSIDE;bottom_near_range_mask;center_semantics_mask_censored_or_unconfirmed;bbox_bottom_within_110px_of_near_range_mask;observed_box_may_be_masked_response_center_not_full_vehicle_center,REAL_SAR_GRAY_REMEASURED,false,BASE_REGION_FROZEN_BACKGROUND,PERTURBED_LOCAL_RING_BACKGROUND,27,27,47279,4.148736,4.354148,0.952824,47279,BACKGROUND_STABLE,11396,1.025511,2.453826,2.910844,1.033777,1.963449,2.509214,0.035083,-0.276164,481,2,0.566319,0.221306,0.819455,2522,26775,165.013283,32.266304,32.266304,1.816381,AXIS_RESOLVED,24.197755,71.450776,71.450776,2.42121,AXIS_RESOLVED,144.891121,12.144142,12.144142,,AXIS_COMPONENT_LAYOUT_RESOLVED,TOP_COMPONENTS_TO_80_PERCENT_ENERGY,MULTIPLE_AXIS_REPRESENTATIONS_CONFLICT,14.986717,24.197755,35.108879,14.986833,24.197639,35.108995,SAME_COMPONENT_PERSISTENT,PARTIAL_SUPPORT_BELOW_ENVELOPE,0.546174,0.036551,0,0
WGV35A_PAIR_0213_S2A_051,WGV35A_PAIR_0213,328,PV_GM19_SILVER_MPV_NEAR_FIELD,290,counterfactual,local_region_rotation,gt_region,rotate,0,5,0,0,,,SAR_MASK_S1_PARTIALLY_CENSORED_CENTER_INSIDE,SAR_MASK_S1_PARTIALLY_CENSORED_CENTER_INSIDE;bottom_near_range_mask;center_semantics_mask_censored_or_unconfirmed;bbox_bottom_within_110px_of_near_range_mask;observed_box_may_be_masked_response_center_not_full_vehicle_center,REAL_SAR_GRAY_REMEASURED,false,BASE_REGION_FROZEN_BACKGROUND,PERTURBED_LOCAL_RING_BACKGROUND,27,26,48031,4.291548,4.039912,1.062287,54451,BACKGROUND_STABLE,11192,0.977417,2.344717,2.669826,1.113561,2.175069,2.882417,-0.004085,-0.370344,464,2,0.596698,0.231594,0.844746,2592,28660,172.933199,40.186221,40.186221,1.649744,AXIS_RESOLVED,23.510258,70.763279,70.763279,3.043945,AXIS_RESOLVED,140.890746,8.143767,8.143767,,AXIS_COMPONENT_LAYOUT_RESOLVED,TOP_COMPONENTS_TO_80_PERCENT_ENERGY,MULTIPLE_AXIS_REPRESENTATIONS_CONFLICT,7.066801,23.510258,39.109254,7.066916,23.510142,39.10937,SAME_COMPONENT_PERSISTENT,PARTIAL_SUPPORT_BELOW_ENVELOPE,0.655283,0.024931,0,0
WGV35A_PAIR_0213_S2A_052,WGV35A_PAIR_0213,328,PV_GM19_SILVER_MPV_NEAR_FIELD,290,counterfactual,local_region_rotation,gt_region,rotate,0,10,0,0,,,SAR_MASK_S1_PARTIALLY_CENSORED_CENTER_INSIDE,SAR_MASK_S1_PARTIALLY_CENSORED_CENTER_INSIDE;bottom_near_range_mask;center_semantics_mask_censored_or_unconfirmed;bbox_bottom_within_110px_of_near_range_mask;observed_box_may_be_masked_response_center_not_full_vehicle_center,REAL_SAR_GRAY_REMEASURED,false,BASE_REGION_FROZEN_BACKGROUND,PERTURBED_LOCAL_RING_BACKGROUND,27,26,50181,4.437262,3.886976,1.141572,56647,BACKGROUND_STABLE,11309,0.920013,2.259929,2.58469,1.195361,2.365006,3.080694,0.013815,-0.447823,466,2,0.625456,0.244584,0.855503,2766,31386,179.392073,46.645095,46.645095,1.553299,AXIS_RESOLVED,25.049964,72.302985,72.302985,3.36624,AXIS_RESOLVED,137.260072,4.513093,4.513093,,AXIS_COMPONENT_LAYOUT_RESOLVED,TOP_COMPONENTS_TO_80_PERCENT_ENERGY,MULTIPLE_AXIS_REPRESENTATIONS_CONFLICT,0.607927,25.049964,42.739928,0.608042,25.049848,42.740044,COMPONENT_IDENTITY_SWITCH,PARTIAL_SUPPORT_BELOW_ENVELOPE,0.040071,0.634994,0,0
WGV35A_PAIR_0213_S2A_053,WGV35A_PAIR_0213,328,PV_GM19_SILVER_MPV_NEAR_FIELD,290,counterfactual,local_region_rotation,gt_region,rotate,0,15,0,0,,,SAR_MASK_S1_PARTIALLY_CENSORED_CENTER_INSIDE,SAR_MASK_S1_PARTIALLY_CENSORED_CENTER_INSIDE;bottom_near_range_mask;center_semantics_mask_censored_or_unconfirmed;bbox_bottom_within_110px_of_near_range_mask;observed_box_may_be_masked_response_center_not_full_vehicle_center,REAL_SAR_GRAY_REMEASURED,false,BASE_REGION_FROZEN_BACKGROUND,PERTURBED_LOCAL_RING_BACKGROUND,27,26,51213,4.528117,4.01036,1.129105,57679,BACKGROUND_STABLE,11310,0.799503,2.106686,2.46453,1.296827,2.564603,3.095009,0.074807,-0.513118,450,2,0.654209,0.252343,0.852537,2854,33504,8.006708,55.25973,55.25973,1.533742,AXIS_RESOLVED,27.850419,75.103441,75.103441,3.658632,AXIS_RESOLVED,134.188556,1.441577,1.441577,,AXIS_COMPONENT_LAYOUT_RESOLVED,TOP_COMPONENTS_TO_80_PERCENT_ENERGY,GLOBAL_AND_COMPONENT_AXIS_CONSISTENT,8.006708,27.850419,45.811444,8.006593,27.850304,45.81156,COMPONENT_IDENTITY_SWITCH,PARTIAL_SUPPORT_BELOW_ENVELOPE,0.093314,0.435397,0,0
WGV35A_PAIR_0213_S2A_054,WGV35A_PAIR_0213,328,PV_GM19_SILVER_MPV_NEAR_FIELD,290,counterfactual,local_region_rotation,gt_region,rotate,0,30,0,0,,,SAR_MASK_S1_PARTIALLY_CENSORED_CENTER_INSIDE,SAR_MASK_S1_PARTIALLY_CENSORED_CENTER_INSIDE;bottom_near_range_mask;center_semantics_mask_censored_or_unconfirmed;bbox_bottom_within_110px_of_near_range_mask;observed_box_may_be_masked_response_center_not_full_vehicle_center,REAL_SAR_GRAY_REMEASURED,false,BASE_REGION_FROZEN_BACKGROUND,PERTURBED_LOCAL_RING_BACKGROUND,27,26,50104,4.454877,4.265326,1.04444,56310,BACKGROUND_STABLE,11247,0.608943,1.352911,2.042261,1.424356,2.46814,2.942186,0.222415,-0.641879,418,2,0.765428,0.291811,0.863304,3282,38351,28.964616,76.217638,76.217638,1.595052,AXIS_RESOLVED,32.408214,79.661235,79.661235,3.303257,AXIS_RESOLVED,137.30273,4.555751,4.555751,,AXIS_COMPONENT_LAYOUT_RESOLVED,TOP_COMPONENTS_TO_80_PERCENT_ENERGY,GLOBAL_AND_COMPONENT_AXIS_CONSISTENT,28.964616,32.408214,42.69727,28.964501,32.408098,42.697386,COMPONENT_IDENTITY_SWITCH,PARTIAL_SUPPORT_BELOW_ENVELOPE,0.047089,0.53186,0,0
WGV35A_PAIR_0213_S2A_055,WGV35A_PAIR_0213,328,PV_GM19_SILVER_MPV_NEAR_FIELD,290,counterfactual,local_region_rotation,gt_region,rotate,0,90,0,0,,,SAR_MASK_S1_PARTIALLY_CENSORED_CENTER_INSIDE,SAR_MASK_S1_PARTIALLY_CENSORED_CENTER_INSIDE;bottom_near_range_mask;center_semantics_mask_censored_or_unconfirmed;bbox_bottom_within_110px_of_near_range_mask;observed_box_may_be_masked_response_center_not_full_vehicle_center,REAL_SAR_GRAY_REMEASURED,false,BASE_REGION_FROZEN_BACKGROUND,PERTURBED_LOCAL_RING_BACKGROUND,27,26,54177,4.784264,3.119214,1.533804,60572,BACKGROUND_STABLE,11324,0.676282,1.540209,2.383005,1.161031,2.016198,2.455842,0.596157,-0.664827,370,2,0.853019,0.37054,0.912066,4196,46214,78.57168,-54.175298,54.175298,1.395583,AXIS_RESOLVED,47.703169,-85.04381,85.04381,1.631446,AXIS_RESOLVED,47.703169,-85.04381,85.04381,1.631446,AXIS_RESOLVED,TOP_COMPONENTS_TO_80_PERCENT_ENERGY,MULTIPLE_AXIS_REPRESENTATIONS_CONFLICT,78.57168,47.703169,47.703169,6.922161,37.790673,37.790673,COMPONENT_IDENTITY_SWITCH,PARTIAL_SUPPORT_BELOW_ENVELOPE,0.059791,0.983802,0,0
WGV35A_PAIR_0213_S2A_056,WGV35A_PAIR_0213,328,PV_GM19_SILVER_MPV_NEAR_FIELD,290,matched_background,matched_background,deterministic_offset,control,0,0,4.5,0,,,SAR_MASK_S1_PARTIALLY_CENSORED_CENTER_INSIDE,SAR_MASK_S1_PARTIALLY_CENSORED_CENTER_INSIDE;bottom_near_range_mask;center_semantics_mask_censored_or_unconfirmed;bbox_bottom_within_110px_of_near_range_mask;observed_box_may_be_masked_response_center_not_full_vehicle_center,REAL_SAR_GRAY_REMEASURED,false,BASE_REGION_FROZEN_BACKGROUND,PERTURBED_LOCAL_RING_BACKGROUND,27,27,28075,2.479248,3.61179,0.686432,28075,BACKGROUND_STABLE,11324,1.397043,2.384397,2.842735,1.520123,2.591987,3.083336,-0.08475,-0.581974,454,2,0.604809,0.187566,0.720855,2124,16980,3.180513,50.433606,50.433606,1.647269,AXIS_RESOLVED,10.909591,58.162683,58.162683,3.453948,AXIS_RESOLVED,131.009285,-1.737623,1.737623,1.925511,AXIS_COMPONENT_LAYOUT_RESOLVED,TOP_COMPONENTS_TO_80_PERCENT_ENERGY,GLOBAL_AND_COMPONENT_AXIS_CONSISTENT,3.180513,10.909591,48.990715,3.180469,10.909546,45.515514,COMPONENT_IDENTITY_SWITCH,PARTIAL_SUPPORT_BELOW_ENVELOPE,0.015603,0.408013,0,0
