scene,global_vehicle_id,frame_index,atomic_tracklet_id,observation_id,selected_detection_source,bbox,lifecycle_state,is_interpolated_gap,source_tracker_ids,incoming_edge_id,transition_evidence_summary,identity_confidence_or_stability,review_flags,notes
GM_RM011,GM_RM011:GV001,0,GM_RM011:AT0033,GM_RM011:YOLO26l:GM_RM011_000000_001,YOLO26l,"[4.132,292.04,493.018,597.389]",birth_or_entry,false,"[""YOLO11l:botsort:bs_0002"",""YOLO11l:bytetrack:bt_0002"",""YOLO26l:botsort:bs_0001"",""YOLO26l:bytetrack:bt_0001""]",,birth_or_entry,stable,[],selected from provenance-preserving alternative cluster
GM_RM011,GM_RM011:GV001,1,GM_RM011:AT0033,GM_RM011:YOLO26l:GM_RM011_000001_001,YOLO26l,"[3.125,289.141,505.305,597.294]",active_visible,false,"[""YOLO11l:botsort:bs_0002"",""YOLO11l:bytetrack:bt_0002"",""YOLO26l:botsort:bs_0001"",""YOLO26l:bytetrack:bt_0001""]",,birth_or_entry,stable,[],selected from provenance-preserving alternative cluster
GM_RM011,GM_RM011:GV001,2,GM_RM011:AT0033,GM_RM011:YOLO26l:GM_RM011_000002_001,YOLO26l,"[3.295,279.753,519.276,596.977]",active_visible,false,"[""YOLO11l:botsort:bs_0002"",""YOLO11l:bytetrack:bt_0002"",""YOLO26l:botsort:bs_0001"",""YOLO26l:bytetrack:bt_0001""]",,birth_or_entry,stable,[],selected from provenance-preserving alternative cluster
GM_RM011,GM_RM011:GV001,3,GM_RM011:AT0033,GM_RM011:YOLO26l:GM_RM011_000003_001,YOLO26l,"[2.344,242.918,525.607,597.111]",active_visible,false,"[""YOLO11l:botsort:bs_0002"",""YOLO11l:bytetrack:bt_0002"",""YOLO26l:botsort:bs_0001"",""YOLO26l:bytetrack:bt_0001""]",,birth_or_entry,stable,[],selected from provenance-preserving alternative cluster
GM_RM011,GM_RM011:GV001,4,GM_RM011:AT0033,GM_RM011:YOLO26l:GM_RM011_000004_001,YOLO26l,"[3.366,199.798,559.398,594.92]",active_visible,false,"[""YOLO26l:botsort:bs_0001"",""YOLO26l:bytetrack:bt_0001""]",,birth_or_entry,stable,[],selected from provenance-preserving alternative cluster
GM_RM011,GM_RM011:GV001,5,GM_RM011:AT0033,GM_RM011:YOLO26l:GM_RM011_000005_001,YOLO26l,"[7.923,233.077,580.078,595.423]",active_visible,false,"[""YOLO26l:botsort:bs_0001"",""YOLO26l:bytetrack:bt_0001""]",,birth_or_entry,stable,[],selected from provenance-preserving alternative cluster
GM_RM011,GM_RM011:GV001,6,GM_RM011:AT0033,GM_RM011:YOLO26l:GM_RM011_000006_001,YOLO26l,"[14.002,265.071,602.215,597.379]",active_visible,false,"[""YOLO26l:botsort:bs_0001"",""YOLO26l:bytetrack:bt_0001""]",,birth_or_entry,stable,[],selected from provenance-preserving alternative cluster
GM_RM011,GM_RM011:GV001,7,GM_RM011:AT0033,GM_RM011:YOLO26l:GM_RM011_000007_001,YOLO26l,"[3.265,308.796,581.527,598.024]",active_visible,false,"[""YOLO26l:botsort:bs_0001"",""YOLO26l:bytetrack:bt_0001""]",,birth_or_entry,stable,[],selected from provenance-preserving alternative cluster
GM_RM011,GM_RM011:GV001,8,GM_RM011:AT0033,GM_RM011:YOLO26l:GM_RM011_000008_001,YOLO26l,"[9.065,309.388,604.393,597.619]",active_visible,false,"[""YOLO11l:botsort:bs_0007"",""YOLO11l:bytetrack:bt_0007"",""YOLO26l:botsort:bs_0001"",""YOLO26l:bytetrack:bt_0001""]",,birth_or_entry,stable,[],selected from provenance-preserving alternative cluster
GM_RM011,GM_RM011:GV001,9,GM_RM011:AT0033,GM_RM011:YOLO26l:GM_RM011_000009_001,YOLO26l,"[8.623,306.67,603.278,597.894]",active_visible,false,"[""YOLO11l:botsort:bs_0007"",""YOLO11l:bytetrack:bt_0007"",""YOLO26l:botsort:bs_0001"",""YOLO26l:bytetrack:bt_0001""]",,birth_or_entry,stable,[],selected from provenance-preserving alternative cluster
GM_RM011,GM_RM011:GV001,10,GM_RM011:AT0033,GM_RM011:YOLO26l:GM_RM011_000010_002,YOLO26l,"[39.757,289.333,650.536,597.693]",active_visible,false,"[""YOLO11l:botsort:bs_0007"",""YOLO11l:bytetrack:bt_0007"",""YOLO26l:botsort:bs_0001"",""YOLO26l:bytetrack:bt_0001""]",,birth_or_entry,stable,[],selected from provenance-preserving alternative cluster
GM_RM011,GM_RM011:GV001,11,GM_RM011:AT0033,GM_RM011:YOLO26l:GM_RM011_000011_002,YOLO26l,"[67.034,239.828,675.419,598.705]",active_visible,false,"[""YOLO26l:botsort:bs_0001"",""YOLO26l:bytetrack:bt_0001""]",,birth_or_entry,stable,[],selected from provenance-preserving alternative cluster
GM_RM011,GM_RM011:GV001,12,GM_RM011:AT0033,GM_RM011:YOLO26l:GM_RM011_000012_001,YOLO26l,"[118.625,236.026,729.059,598.625]",active_visible,false,"[""YOLO26l:botsort:bs_0001"",""YOLO26l:bytetrack:bt_0001""]",,birth_or_entry,stable,[],selected from provenance-preserving alternative cluster
GM_RM011,GM_RM011:GV001,13,GM_RM011:AT0033,GM_RM011:YOLO26l:GM_RM011_000013_001,YOLO26l,"[169.602,253.026,772.916,597.579]",active_visible,false,"[""YOLO11l:botsort:bs_0015"",""YOLO11l:bytetrack:bt_0015"",""YOLO26l:botsort:bs_0001"",""YOLO26l:bytetrack:bt_0001""]",,birth_or_entry,stable,[],selected from provenance-preserving alternative cluster
GM_RM011,GM_RM011:GV001,14,GM_RM011:AT0039,GM_RM011:YOLO26l:GM_RM011_000014_001,YOLO26l,"[216.216,263.124,795.807,597.319]",active_visible,false,"[""YOLO11l:botsort:bs_0015"",""YOLO11l:bytetrack:bt_0015"",""YOLO26l:botsort:bs_0004"",""YOLO26l:bytetrack:bt_0001""]",GM_RM011:E000102,"{""edge_id"":""GM_RM011:E000102"",""gap"":0,""motion"":0.0191,""appearance"":0.0743,""color"":0.0909,""shape"":0.0449,""boundary_support"":1.0,""shared_trackers"":[""YOLO11l:botsort:bs_0015"",""YOLO11l:bytetrack:bt_0015"",""YOLO26l:bytetrack:bt_0001""],""total_cost"":0}",stable,[],selected from provenance-preserving alternative cluster
GM_RM011,GM_RM011:GV001,15,GM_RM011:AT0039,GM_RM011:YOLO26l:GM_RM011_000015_001,YOLO26l,"[234.055,276.684,796.445,596.129]",active_visible,false,"[""YOLO11l:botsort:bs_0015"",""YOLO11l:bytetrack:bt_0015"",""YOLO26l:botsort:bs_0004"",""YOLO26l:bytetrack:bt_0001""]",,birth_or_entry,stable,[],selected from provenance-preserving alternative cluster
GM_RM011,GM_RM011:GV001,16,GM_RM011:AT0039,GM_RM011:YOLO26l:GM_RM011_000016_001,YOLO26l,"[242.751,288.467,795.159,596.521]",active_visible,false,"[""YOLO11l:botsort:bs_0015"",""YOLO11l:bytetrack:bt_0015"",""YOLO26l:botsort:bs_0004"",""YOLO26l:bytetrack:bt_0001""]",,birth_or_entry,stable,[],selected from provenance-preserving alternative cluster
GM_RM011,GM_RM011:GV001,17,,,,,missed_or_occluded,true,"[""YOLO11l:botsort:bs_0002"",""YOLO11l:botsort:bs_0007"",""YOLO11l:botsort:bs_0015"",""YOLO11l:bytetrack:bt_0002"",""YOLO11l:bytetrack:bt_0007"",""YOLO11l:bytetrack:bt_0015"",""YOLO26l:botsort:bs_0001"",""YOLO26l:botsort:bs_0004"",""YOLO26l:bytetrack:bt_0001"",""YOLO26l:bytetrack:bt_0004""]",GM_RM011:E000706,gap_state_without_synthetic_bbox,moderate,"[""gap_recovery""]",No bbox is fabricated for an optical miss or occlusion gap.
GM_RM011,GM_RM011:GV001,18,GM_RM011:AT0079,GM_RM011:YOLO26l:GM_RM011_000018_001,YOLO26l,"[246.353,303.279,795.362,596.939]",recovery,false,"[""YOLO11l:botsort:bs_0015"",""YOLO11l:bytetrack:bt_0015"",""YOLO26l:bytetrack:bt_0001""]",GM_RM011:E000706,"{""edge_id"":""GM_RM011:E000706"",""gap"":1,""motion"":0.0114,""appearance"":0.1214,""color"":0.0553,""shape"":0.0687,""boundary_support"":1.0,""shared_trackers"":[""YOLO11l:botsort:bs_0015"",""YOLO11l:bytetrack:bt_0015"",""YOLO26l:bytetrack:bt_0001""],""total_cost"":0}",moderate_gap,[],selected from provenance-preserving alternative cluster
GM_RM011,GM_RM011:GV001,19,GM_RM011:AT0035,GM_RM011:YOLO26l:GM_RM011_000019_001,YOLO26l,"[248.712,284.47,796.694,596.891]",active_visible,false,"[""YOLO11l:botsort:bs_0015"",""YOLO11l:bytetrack:bt_0015"",""YOLO26l:botsort:bs_0001"",""YOLO26l:bytetrack:bt_0001""]",GM_RM011:E000749,"{""edge_id"":""GM_RM011:E000749"",""gap"":0,""motion"":0.0153,""appearance"":0.1343,""color"":0.0407,""shape"":0.0938,""boundary_support"":1.0,""shared_trackers"":[""YOLO11l:botsort:bs_0015"",""YOLO11l:bytetrack:bt_0015"",""YOLO26l:bytetrack:bt_0001""],""total_cost"":0}",stable,[],selected from provenance-preserving alternative cluster
GM_RM011,GM_RM011:GV001,20,GM_RM011:AT0035,GM_RM011:YOLO26l:GM_RM011_000020_001,YOLO26l,"[251.774,233.568,796.216,598.16]",active_visible,false,"[""YOLO11l:botsort:bs_0015"",""YOLO11l:bytetrack:bt_0015"",""YOLO26l:botsort:bs_0001"",""YOLO26l:bytetrack:bt_0001""]",,birth_or_entry,stable,[],selected from provenance-preserving alternative cluster
GM_RM011,GM_RM011:GV001,21,GM_RM011:AT0035,GM_RM011:YOLO26l:GM_RM011_000021_001,YOLO26l,"[287.488,162.34,797.633,593.908]",active_visible,false,"[""YOLO11l:botsort:bs_0015"",""YOLO11l:bytetrack:bt_0015"",""YOLO26l:botsort:bs_0001"",""YOLO26l:bytetrack:bt_0001""]",,birth_or_entry,stable,[],selected from provenance-preserving alternative cluster
GM_RM011,GM_RM011:GV001,22,GM_RM011:AT0035,GM_RM011:YOLO26l:GM_RM011_000022_001,YOLO26l,"[323.488,167.704,798.236,593.804]",active_visible,false,"[""YOLO11l:botsort:bs_0015"",""YOLO11l:bytetrack:bt_0015"",""YOLO26l:botsort:bs_0001"",""YOLO26l:bytetrack:bt_0001""]",,birth_or_entry,stable,[],selected from provenance-preserving alternative cluster
GM_RM011,GM_RM011:GV001,23,GM_RM011:AT0035,GM_RM011:YOLO26l:GM_RM011_000023_001,YOLO26l,"[372.806,257.189,798.463,597.132]",active_visible,false,"[""YOLO11l:botsort:bs_0015"",""YOLO11l:bytetrack:bt_0015"",""YOLO26l:botsort:bs_0001"",""YOLO26l:bytetrack:bt_0004""]",,birth_or_entry,stable,[],selected from provenance-preserving alternative cluster
GM_RM011,GM_RM011:GV001,24,GM_RM011:AT0035,GM_RM011:YOLO26l:GM_RM011_000024_002,YOLO26l,"[410.574,367.859,798.564,595.974]",active_visible,false,"[""YOLO11l:botsort:bs_0015"",""YOLO11l:bytetrack:bt_0015"",""YOLO26l:botsort:bs_0001"",""YOLO26l:bytetrack:bt_0004""]",,birth_or_entry,stable,[],selected from provenance-preserving alternative cluster
GM_RM011,GM_RM011:GV001,25,GM_RM011:AT0035,GM_RM011:YOLO26l:GM_RM011_000025_001,YOLO26l,"[442.495,399.534,798.376,595.818]",active_visible,false,"[""YOLO11l:botsort:bs_0015"",""YOLO11l:bytetrack:bt_0015"",""YOLO26l:botsort:bs_0001"",""YOLO26l:bytetrack:bt_0004""]",,birth_or_entry,stable,[],selected from provenance-preserving alternative cluster
GM_RM011,GM_RM011:GV001,26,GM_RM011:AT0035,GM_RM011:YOLO26l:GM_RM011_000026_002,YOLO26l,"[470.967,396.329,798.68,595.476]",active_visible,false,"[""YOLO11l:botsort:bs_0015"",""YOLO11l:bytetrack:bt_0015"",""YOLO26l:botsort:bs_0001"",""YOLO26l:bytetrack:bt_0004""]",,birth_or_entry,stable,[],selected from provenance-preserving alternative cluster
GM_RM011,GM_RM011:GV001,27,GM_RM011:AT0035,GM_RM011:YOLO26l:GM_RM011_000027_002,YOLO26l,"[493.685,378.242,798.715,595.302]",active_visible,false,"[""YOLO11l:botsort:bs_0015"",""YOLO11l:bytetrack:bt_0015"",""YOLO26l:botsort:bs_0001"",""YOLO26l:bytetrack:bt_0004""]",,birth_or_entry,stable,[],selected from provenance-preserving alternative cluster
GM_RM011,GM_RM011:GV001,28,GM_RM011:AT0035,GM_RM011:YOLO26l:GM_RM011_000028_001,YOLO26l,"[520.478,353.742,799.07,595.992]",active_visible,false,"[""YOLO11l:botsort:bs_0015"",""YOLO11l:bytetrack:bt_0015"",""YOLO26l:botsort:bs_0001"",""YOLO26l:bytetrack:bt_0004""]",,birth_or_entry,stable,[],selected from provenance-preserving alternative cluster
GM_RM011,GM_RM011:GV001,29,GM_RM011:AT0035,GM_RM011:YOLO26l:GM_RM011_000029_001,YOLO26l,"[548.813,349.253,799.005,595.054]",active_visible,false,"[""YOLO11l:botsort:bs_0015"",""YOLO11l:bytetrack:bt_0015"",""YOLO26l:botsort:bs_0001"",""YOLO26l:bytetrack:bt_0004""]",,birth_or_entry,stable,[],selected from provenance-preserving alternative cluster
GM_RM011,GM_RM011:GV001,30,GM_RM011:AT0035,GM_RM011:YOLO26l:GM_RM011_000030_001,YOLO26l,"[584.665,376.323,799.152,595.045]",active_visible,false,"[""YOLO11l:botsort:bs_0015"",""YOLO11l:bytetrack:bt_0015"",""YOLO26l:botsort:bs_0001"",""YOLO26l:bytetrack:bt_0004""]",,birth_or_entry,stable,[],selected from provenance-preserving alternative cluster
GM_RM011,GM_RM011:GV001,31,GM_RM011:AT0036,GM_RM011:YOLO26l:GM_RM011_000031_002,YOLO26l,"[621.672,410.19,799.324,594.803]",active_visible,false,"[""YOLO11l:botsort:bs_0015"",""YOLO11l:bytetrack:bt_0015"",""YOLO26l:botsort:bs_0001"",""YOLO26l:bytetrack:bt_0004""]",GM_RM011:E000823,"{""edge_id"":""GM_RM011:E000823"",""gap"":0,""motion"":0.0119,""appearance"":0.1299,""color"":0.1441,""shape"":0.1979,""boundary_support"":1.0,""shared_trackers"":[""YOLO11l:botsort:bs_0015"",""YOLO11l:bytetrack:bt_0015"",""YOLO26l:botsort:bs_0001"",""YOLO26l:bytetrack:bt_0004""],""total_cost"":0}",stable,[],selected from provenance-preserving alternative cluster
GM_RM011,GM_RM011:GV001,32,GM_RM011:AT0036,GM_RM011:YOLO26l:GM_RM011_000032_002,YOLO26l,"[660.59,436.006,799.333,595.379]",active_visible,false,"[""YOLO11l:botsort:bs_0015"",""YOLO11l:bytetrack:bt_0015"",""YOLO26l:botsort:bs_0001"",""YOLO26l:bytetrack:bt_0004""]",,birth_or_entry,stable,[],selected from provenance-preserving alternative cluster
GM_RM011,GM_RM011:GV001,33,GM_RM011:AT0036,GM_RM011:YOLO26l:GM_RM011_000033_002,YOLO26l,"[698.888,442.098,799.475,595.692]",active_visible,false,"[""YOLO11l:botsort:bs_0015"",""YOLO11l:bytetrack:bt_0015"",""YOLO26l:botsort:bs_0001"",""YOLO26l:bytetrack:bt_0004""]",,birth_or_entry,stable,[],selected from provenance-preserving alternative cluster
GM_RM011,GM_RM011:GV001,34,GM_RM011:AT0036,GM_RM011:YOLO26l:GM_RM011_000034_002,YOLO26l,"[730.202,443.685,799.698,597.063]",active_visible,false,"[""YOLO11l:botsort:bs_0015"",""YOLO11l:bytetrack:bt_0015"",""YOLO26l:botsort:bs_0001"",""YOLO26l:bytetrack:bt_0004""]",,birth_or_entry,stable,[],selected from provenance-preserving alternative cluster
GM_RM011,GM_RM011:GV001,35,GM_RM011:AT0036,GM_RM011:YOLO26l:GM_RM011_000035_002,YOLO26l,"[765.718,445.615,799.825,595.423]",exit_or_death,false,"[""YOLO11l:botsort:bs_0015"",""YOLO26l:botsort:bs_0001""]",,birth_or_entry,stable,[],selected from provenance-preserving alternative cluster
GM_RM011,GM_RM011:GV002,0,GM_RM011:AT0001,GM_RM011:YOLO11l:GM_RM011_000000_001,YOLO11l,"[711.513,318.622,799.758,508.34]",birth_or_entry,false,"[""YOLO11l:botsort:bs_0001"",""YOLO11l:bytetrack:bt_0001"",""YOLO26l:botsort:bs_0002"",""YOLO26l:bytetrack:bt_0002""]",,birth_or_entry,stable,[],selected from provenance-preserving alternative cluster
GM_RM011,GM_RM011:GV002,1,GM_RM011:AT0001,GM_RM011:YOLO11l:GM_RM011_000001_001,YOLO11l,"[736.191,336.693,799.779,501.586]",active_visible,false,"[""YOLO11l:botsort:bs_0001"",""YOLO11l:bytetrack:bt_0001"",""YOLO26l:botsort:bs_0002"",""YOLO26l:bytetrack:bt_0002""]",,birth_or_entry,stable,[],selected from provenance-preserving alternative cluster
GM_RM011,GM_RM011:GV002,2,GM_RM011:AT0001,GM_RM011:YOLO11l:GM_RM011_000002_001,YOLO11l,"[744.97,341.324,799.794,484.851]",active_visible,false,"[""YOLO11l:botsort:bs_0001"",""YOLO11l:bytetrack:bt_0001"",""YOLO26l:botsort:bs_0002"",""YOLO26l:bytetrack:bt_0002""]",,birth_or_entry,stable,[],selected from provenance-preserving alternative cluster
GM_RM011,GM_RM011:GV002,3,GM_RM011:AT0001,GM_RM011:YOLO11l:GM_RM011_000003_001,YOLO11l,"[735.242,300.056,799.701,436.991]",active_visible,false,"[""YOLO11l:botsort:bs_0001"",""YOLO11l:bytetrack:bt_0001"",""YOLO26l:botsort:bs_0002"",""YOLO26l:bytetrack:bt_0002""]",,birth_or_entry,stable,[],selected from provenance-preserving alternative cluster
GM_RM011,GM_RM011:GV002,4,GM_RM011:AT0001,GM_RM011:YOLO11l:GM_RM011_000004_001,YOLO11l,"[740.427,261.288,799.705,414.666]",active_visible,false,"[""YOLO11l:botsort:bs_0001"",""YOLO11l:bytetrack:bt_0001"",""YOLO26l:botsort:bs_0002"",""YOLO26l:bytetrack:bt_0002""]",,birth_or_entry,stable,[],selected from provenance-preserving alternative cluster
GM_RM011,GM_RM011:GV002,5,,,,,missed_or_occluded,true,"[""YOLO11l:botsort:bs_0001"",""YOLO11l:botsort:bs_0016"",""YOLO11l:bytetrack:bt_0001"",""YOLO11l:bytetrack:bt_0016"",""YOLO26l:botsort:bs_0002"",""YOLO26l:botsort:bs_0009"",""YOLO26l:botsort:bs_0011"",""YOLO26l:bytetrack:bt_0002"",""YOLO26l:bytetrack:bt_0009"",""YOLO26l:bytetrack:bt_0011"",""YOLO26l:bytetrack:bt_0013""]",GM_RM011:E000020,gap_state_without_synthetic_bbox,review_gap,"[""gap_recovery""]",No bbox is fabricated for an optical miss or occlusion gap.
GM_RM011,GM_RM011:GV002,6,,,,,missed_or_occluded,true,"[""YOLO11l:botsort:bs_0001"",""YOLO11l:botsort:bs_0016"",""YOLO11l:bytetrack:bt_0001"",""YOLO11l:bytetrack:bt_0016"",""YOLO26l:botsort:bs_0002"",""YOLO26l:botsort:bs_0009"",""YOLO26l:botsort:bs_0011"",""YOLO26l:bytetrack:bt_0002"",""YOLO26l:bytetrack:bt_0009"",""YOLO26l:bytetrack:bt_0011"",""YOLO26l:bytetrack:bt_0013""]",,gap_state_without_synthetic_bbox,review_gap,"[""gap_recovery""]",No bbox is fabricated for an optical miss or occlusion gap.
GM_RM011,GM_RM011:GV002,7,,,,,missed_or_occluded,true,"[""YOLO11l:botsort:bs_0001"",""YOLO11l:botsort:bs_0016"",""YOLO11l:bytetrack:bt_0001"",""YOLO11l:bytetrack:bt_0016"",""YOLO26l:botsort:bs_0002"",""YOLO26l:botsort:bs_0009"",""YOLO26l:botsort:bs_0011"",""YOLO26l:bytetrack:bt_0002"",""YOLO26l:bytetrack:bt_0009"",""YOLO26l:bytetrack:bt_0011"",""YOLO26l:bytetrack:bt_0013""]",,gap_state_without_synthetic_bbox,review_gap,"[""gap_recovery""]",No bbox is fabricated for an optical miss or occlusion gap.
GM_RM011,GM_RM011:GV002,8,,,,,missed_or_occluded,true,"[""YOLO11l:botsort:bs_0001"",""YOLO11l:botsort:bs_0016"",""YOLO11l:bytetrack:bt_0001"",""YOLO11l:bytetrack:bt_0016"",""YOLO26l:botsort:bs_0002"",""YOLO26l:botsort:bs_0009"",""YOLO26l:botsort:bs_0011"",""YOLO26l:bytetrack:bt_0002"",""YOLO26l:bytetrack:bt_0009"",""YOLO26l:bytetrack:bt_0011"",""YOLO26l:bytetrack:bt_0013""]",,gap_state_without_synthetic_bbox,review_gap,"[""gap_recovery""]",No bbox is fabricated for an optical miss or occlusion gap.
GM_RM011,GM_RM011:GV002,9,,,,,missed_or_occluded,true,"[""YOLO11l:botsort:bs_0001"",""YOLO11l:botsort:bs_0016"",""YOLO11l:bytetrack:bt_0001"",""YOLO11l:bytetrack:bt_0016"",""YOLO26l:botsort:bs_0002"",""YOLO26l:botsort:bs_0009"",""YOLO26l:botsort:bs_0011"",""YOLO26l:bytetrack:bt_0002"",""YOLO26l:bytetrack:bt_0009"",""YOLO26l:bytetrack:bt_0011"",""YOLO26l:bytetrack:bt_0013""]",,gap_state_without_synthetic_bbox,review_gap,"[""gap_recovery""]",No bbox is fabricated for an optical miss or occlusion gap.
GM_RM011,GM_RM011:GV002,10,,,,,missed_or_occluded,true,"[""YOLO11l:botsort:bs_0001"",""YOLO11l:botsort:bs_0016"",""YOLO11l:bytetrack:bt_0001"",""YOLO11l:bytetrack:bt_0016"",""YOLO26l:botsort:bs_0002"",""YOLO26l:botsort:bs_0009"",""YOLO26l:botsort:bs_0011"",""YOLO26l:bytetrack:bt_0002"",""YOLO26l:bytetrack:bt_0009"",""YOLO26l:bytetrack:bt_0011"",""YOLO26l:bytetrack:bt_0013""]",,gap_state_without_synthetic_bbox,review_gap,"[""gap_recovery""]",No bbox is fabricated for an optical miss or occlusion gap.
GM_RM011,GM_RM011:GV002,11,,,,,missed_or_occluded,true,"[""YOLO11l:botsort:bs_0001"",""YOLO11l:botsort:bs_0016"",""YOLO11l:bytetrack:bt_0001"",""YOLO11l:bytetrack:bt_0016"",""YOLO26l:botsort:bs_0002"",""YOLO26l:botsort:bs_0009"",""YOLO26l:botsort:bs_0011"",""YOLO26l:bytetrack:bt_0002"",""YOLO26l:bytetrack:bt_0009"",""YOLO26l:bytetrack:bt_0011"",""YOLO26l:bytetrack:bt_0013""]",,gap_state_without_synthetic_bbox,review_gap,"[""gap_recovery""]",No bbox is fabricated for an optical miss or occlusion gap.
GM_RM011,GM_RM011:GV002,12,,,,,missed_or_occluded,true,"[""YOLO11l:botsort:bs_0001"",""YOLO11l:botsort:bs_0016"",""YOLO11l:bytetrack:bt_0001"",""YOLO11l:bytetrack:bt_0016"",""YOLO26l:botsort:bs_0002"",""YOLO26l:botsort:bs_0009"",""YOLO26l:botsort:bs_0011"",""YOLO26l:bytetrack:bt_0002"",""YOLO26l:bytetrack:bt_0009"",""YOLO26l:bytetrack:bt_0011"",""YOLO26l:bytetrack:bt_0013""]",,gap_state_without_synthetic_bbox,review_gap,"[""gap_recovery""]",No bbox is fabricated for an optical miss or occlusion gap.
GM_RM011,GM_RM011:GV002,13,,,,,missed_or_occluded,true,"[""YOLO11l:botsort:bs_0001"",""YOLO11l:botsort:bs_0016"",""YOLO11l:bytetrack:bt_0001"",""YOLO11l:bytetrack:bt_0016"",""YOLO26l:botsort:bs_0002"",""YOLO26l:botsort:bs_0009"",""YOLO26l:botsort:bs_0011"",""YOLO26l:bytetrack:bt_0002"",""YOLO26l:bytetrack:bt_0009"",""YOLO26l:bytetrack:bt_0011"",""YOLO26l:bytetrack:bt_0013""]",,gap_state_without_synthetic_bbox,review_gap,"[""gap_recovery""]",No bbox is fabricated for an optical miss or occlusion gap.
GM_RM011,GM_RM011:GV002,14,,,,,missed_or_occluded,true,"[""YOLO11l:botsort:bs_0001"",""YOLO11l:botsort:bs_0016"",""YOLO11l:bytetrack:bt_0001"",""YOLO11l:bytetrack:bt_0016"",""YOLO26l:botsort:bs_0002"",""YOLO26l:botsort:bs_0009"",""YOLO26l:botsort:bs_0011"",""YOLO26l:bytetrack:bt_0002"",""YOLO26l:bytetrack:bt_0009"",""YOLO26l:bytetrack:bt_0011"",""YOLO26l:bytetrack:bt_0013""]",,gap_state_without_synthetic_bbox,review_gap,"[""gap_recovery""]",No bbox is fabricated for an optical miss or occlusion gap.
GM_RM011,GM_RM011:GV002,15,,,,,missed_or_occluded,true,"[""YOLO11l:botsort:bs_0001"",""YOLO11l:botsort:bs_0016"",""YOLO11l:bytetrack:bt_0001"",""YOLO11l:bytetrack:bt_0016"",""YOLO26l:botsort:bs_0002"",""YOLO26l:botsort:bs_0009"",""YOLO26l:botsort:bs_0011"",""YOLO26l:bytetrack:bt_0002"",""YOLO26l:bytetrack:bt_0009"",""YOLO26l:bytetrack:bt_0011"",""YOLO26l:bytetrack:bt_0013""]",,gap_state_without_synthetic_bbox,review_gap,"[""gap_recovery""]",No bbox is fabricated for an optical miss or occlusion gap.
GM_RM011,GM_RM011:GV002,16,,,,,missed_or_occluded,true,"[""YOLO11l:botsort:bs_0001"",""YOLO11l:botsort:bs_0016"",""YOLO11l:bytetrack:bt_0001"",""YOLO11l:bytetrack:bt_0016"",""YOLO26l:botsort:bs_0002"",""YOLO26l:botsort:bs_0009"",""YOLO26l:botsort:bs_0011"",""YOLO26l:bytetrack:bt_0002"",""YOLO26l:bytetrack:bt_0009"",""YOLO26l:bytetrack:bt_0011"",""YOLO26l:bytetrack:bt_0013""]",,gap_state_without_synthetic_bbox,review_gap,"[""gap_recovery""]",No bbox is fabricated for an optical miss or occlusion gap.
GM_RM011,GM_RM011:GV002,17,,,,,missed_or_occluded,true,"[""YOLO11l:botsort:bs_0001"",""YOLO11l:botsort:bs_0016"",""YOLO11l:bytetrack:bt_0001"",""YOLO11l:bytetrack:bt_0016"",""YOLO26l:botsort:bs_0002"",""YOLO26l:botsort:bs_0009"",""YOLO26l:botsort:bs_0011"",""YOLO26l:bytetrack:bt_0002"",""YOLO26l:bytetrack:bt_0009"",""YOLO26l:bytetrack:bt_0011"",""YOLO26l:bytetrack:bt_0013""]",,gap_state_without_synthetic_bbox,review_gap,"[""gap_recovery""]",No bbox is fabricated for an optical miss or occlusion gap.
GM_RM011,GM_RM011:GV002,18,,,,,missed_or_occluded,true,"[""YOLO11l:botsort:bs_0001"",""YOLO11l:botsort:bs_0016"",""YOLO11l:bytetrack:bt_0001"",""YOLO11l:bytetrack:bt_0016"",""YOLO26l:botsort:bs_0002"",""YOLO26l:botsort:bs_0009"",""YOLO26l:botsort:bs_0011"",""YOLO26l:bytetrack:bt_0002"",""YOLO26l:bytetrack:bt_0009"",""YOLO26l:bytetrack:bt_0011"",""YOLO26l:bytetrack:bt_0013""]",,gap_state_without_synthetic_bbox,review_gap,"[""gap_recovery""]",No bbox is fabricated for an optical miss or occlusion gap.
GM_RM011,GM_RM011:GV002,19,,,,,missed_or_occluded,true,"[""YOLO11l:botsort:bs_0001"",""YOLO11l:botsort:bs_0016"",""YOLO11l:bytetrack:bt_0001"",""YOLO11l:bytetrack:bt_0016"",""YOLO26l:botsort:bs_0002"",""YOLO26l:botsort:bs_0009"",""YOLO26l:botsort:bs_0011"",""YOLO26l:bytetrack:bt_0002"",""YOLO26l:bytetrack:bt_0009"",""YOLO26l:bytetrack:bt_0011"",""YOLO26l:bytetrack:bt_0013""]",,gap_state_without_synthetic_bbox,review_gap,"[""gap_recovery""]",No bbox is fabricated for an optical miss or occlusion gap.
GM_RM011,GM_RM011:GV002,20,GM_RM011:AT0007,GM_RM011:YOLO11l:GM_RM011_000020_002,YOLO11l,"[0.34,266.43,102.396,587.182]",recovery,false,"[""YOLO11l:botsort:bs_0016"",""YOLO11l:bytetrack:bt_0016"",""YOLO26l:botsort:bs_0009"",""YOLO26l:bytetrack:bt_0009""]",GM_RM011:E000020,"{""edge_id"":""GM_RM011:E000020"",""gap"":15,""motion"":3.8111,""appearance"":0.2121,""color"":0.033,""shape"":0.835,""boundary_support"":1.0,""shared_trackers"":[],""total_cost"":216}",moderate_gap,[],selected from provenance-preserving alternative cluster
GM_RM011,GM_RM011:GV002,21,GM_RM011:AT0007,GM_RM011:YOLO11l:GM_RM011_000021_002,YOLO11l,"[0.267,216.139,115.732,577.968]",active_visible,false,"[""YOLO11l:botsort:bs_0016"",""YOLO11l:bytetrack:bt_0016"",""YOLO26l:botsort:bs_0009"",""YOLO26l:bytetrack:bt_0009""]",,birth_or_entry,stable,[],selected from provenance-preserving alternative cluster
GM_RM011,GM_RM011:GV002,22,GM_RM011:AT0007,GM_RM011:YOLO11l:GM_RM011_000022_002,YOLO11l,"[0.405,207.272,141.117,593.689]",active_visible,false,"[""YOLO11l:botsort:bs_0016"",""YOLO11l:bytetrack:bt_0016"",""YOLO26l:botsort:bs_0009"",""YOLO26l:bytetrack:bt_0009""]",,birth_or_entry,stable,[],selected from provenance-preserving alternative cluster
GM_RM011,GM_RM011:GV002,23,GM_RM011:AT0007,GM_RM011:YOLO11l:GM_RM011_000023_002,YOLO11l,"[0.741,248.628,177.26,593.772]",active_visible,false,"[""YOLO11l:botsort:bs_0016"",""YOLO11l:bytetrack:bt_0016"",""YOLO26l:botsort:bs_0009"",""YOLO26l:bytetrack:bt_0009""]",,birth_or_entry,stable,[],selected from provenance-preserving alternative cluster
GM_RM011,GM_RM011:GV002,24,GM_RM011:AT0007,GM_RM011:YOLO11l:GM_RM011_000024_001,YOLO11l,"[0.917,290.496,208.949,594.064]",active_visible,false,"[""YOLO11l:botsort:bs_0016"",""YOLO11l:bytetrack:bt_0016"",""YOLO26l:botsort:bs_0009"",""YOLO26l:bytetrack:bt_0009""]",,birth_or_entry,stable,[],selected from provenance-preserving alternative cluster
GM_RM011,GM_RM011:GV002,25,GM_RM011:AT0007,GM_RM011:YOLO11l:GM_RM011_000025_001,YOLO11l,"[0.919,289.381,227.926,594.071]",active_visible,false,"[""YOLO11l:botsort:bs_0016"",""YOLO11l:bytetrack:bt_0016"",""YOLO26l:botsort:bs_0009"",""YOLO26l:bytetrack:bt_0011""]",,birth_or_entry,stable,[],selected from provenance-preserving alternative cluster
GM_RM011,GM_RM011:GV002,26,GM_RM011:AT0007,GM_RM011:YOLO11l:GM_RM011_000026_002,YOLO11l,"[1.085,288.19,244.123,594.029]",active_visible,false,"[""YOLO11l:botsort:bs_0016"",""YOLO11l:bytetrack:bt_0016"",""YOLO26l:botsort:bs_0009"",""YOLO26l:bytetrack:bt_0011""]",,birth_or_entry,stable,[],selected from provenance-preserving alternative cluster
GM_RM011,GM_RM011:GV002,27,GM_RM011:AT0007,GM_RM011:YOLO11l:GM_RM011_000027_002,YOLO11l,"[1.472,277.776,265.202,594.216]",active_visible,false,"[""YOLO11l:botsort:bs_0016"",""YOLO11l:bytetrack:bt_0016"",""YOLO26l:botsort:bs_0009"",""YOLO26l:bytetrack:bt_0011""]",,birth_or_entry,stable,[],selected from provenance-preserving alternative cluster
GM_RM011,GM_RM011:GV002,28,GM_RM011:AT0007,GM_RM011:YOLO11l:GM_RM011_000028_002,YOLO11l,"[1.4,252.468,296.628,594.014]",active_visible,false,"[""YOLO11l:botsort:bs_0016"",""YOLO11l:bytetrack:bt_0016"",""YOLO26l:botsort:bs_0009"",""YOLO26l:bytetrack:bt_0011""]",,birth_or_entry,stable,[],selected from provenance-preserving alternative cluster
GM_RM011,GM_RM011:GV002,29,GM_RM011:AT0007,GM_RM011:YOLO11l:GM_RM011_000029_002,YOLO11l,"[1.717,218.764,325.8,593.539]",active_visible,false,"[""YOLO11l:botsort:bs_0016"",""YOLO11l:bytetrack:bt_0016"",""YOLO26l:botsort:bs_0011"",""YOLO26l:bytetrack:bt_0013""]",,birth_or_entry,stable,[],selected from provenance-preserving alternative cluster
GM_RM011,GM_RM011:GV002,30,GM_RM011:AT0007,GM_RM011:YOLO11l:GM_RM011_000030_001,YOLO11l,"[1.547,220.529,359.211,594.078]",active_visible,false,"[""YOLO11l:botsort:bs_0016"",""YOLO11l:bytetrack:bt_0016"",""YOLO26l:botsort:bs_0009"",""YOLO26l:bytetrack:bt_0013""]",,birth_or_entry,stable,[],selected from provenance-preserving alternative cluster
GM_RM011,GM_RM011:GV002,31,GM_RM011:AT0008,GM_RM011:YOLO11l:GM_RM011_000031_001,YOLO11l,"[1.137,247.545,396.253,594.042]",active_visible,false,"[""YOLO11l:botsort:bs_0016"",""YOLO11l:bytetrack:bt_0016"",""YOLO26l:botsort:bs_0009""]",GM_RM011:E000834,"{""edge_id"":""GM_RM011:E000834"",""gap"":0,""motion"":0.0239,""appearance"":0.0885,""color"":0.1135,""shape"":0.187,""boundary_support"":1.0,""shared_trackers"":[""YOLO11l:botsort:bs_0016"",""YOLO11l:bytetrack:bt_0016"",""YOLO26l:botsort:bs_0009"",""YOLO26l:bytetrack:bt_0013""],""total_cost"":0}",stable,[],selected from provenance-preserving alternative cluster
GM_RM011,GM_RM011:GV002,32,GM_RM011:AT0008,GM_RM011:YOLO11l:GM_RM011_000032_001,YOLO11l,"[0.969,266.973,432.644,594.428]",active_visible,false,"[""YOLO11l:botsort:bs_0016"",""YOLO11l:bytetrack:bt_0016"",""YOLO26l:botsort:bs_0009"",""YOLO26l:bytetrack:bt_0013""]",,birth_or_entry,stable,[],selected from provenance-preserving alternative cluster
GM_RM011,GM_RM011:GV002,33,GM_RM011:AT0008,GM_RM011:YOLO11l:GM_RM011_000033_001,YOLO11l,"[0.549,275.844,472.011,594.393]",active_visible,false,"[""YOLO11l:botsort:bs_0016"",""YOLO11l:bytetrack:bt_0016"",""YOLO26l:botsort:bs_0009"",""YOLO26l:bytetrack:bt_0013""]",,birth_or_entry,stable,[],selected from provenance-preserving alternative cluster
GM_RM011,GM_RM011:GV002,34,GM_RM011:AT0008,GM_RM011:YOLO11l:GM_RM011_000034_001,YOLO11l,"[1.036,281.963,507.968,594.321]",active_visible,false,"[""YOLO11l:botsort:bs_0016"",""YOLO11l:bytetrack:bt_0016"",""YOLO26l:botsort:bs_0009"",""YOLO26l:bytetrack:bt_0013""]",,birth_or_entry,stable,[],selected from provenance-preserving alternative cluster
GM_RM011,GM_RM011:GV002,35,GM_RM011:AT0008,GM_RM011:YOLO11l:GM_RM011_000035_001,YOLO11l,"[8.87,278.998,544.787,594.373]",active_visible,false,"[""YOLO11l:botsort:bs_0016"",""YOLO11l:bytetrack:bt_0016"",""YOLO26l:botsort:bs_0009"",""YOLO26l:bytetrack:bt_0013""]",,birth_or_entry,stable,[],selected from provenance-preserving alternative cluster
GM_RM011,GM_RM011:GV002,36,GM_RM011:AT0008,GM_RM011:YOLO11l:GM_RM011_000036_001,YOLO11l,"[34.862,273.68,579.876,593.445]",active_visible,false,"[""YOLO11l:botsort:bs_0016"",""YOLO11l:bytetrack:bt_0016"",""YOLO26l:botsort:bs_0009"",""YOLO26l:bytetrack:bt_0013""]",,birth_or_entry,stable,[],selected from provenance-preserving alternative cluster
GM_RM011,GM_RM011:GV002,37,GM_RM011:AT0008,GM_RM011:YOLO11l:GM_RM011_000037_001,YOLO11l,"[71.427,245.547,617.446,593.795]",active_visible,false,"[""YOLO11l:botsort:bs_0016"",""YOLO11l:bytetrack:bt_0016"",""YOLO26l:botsort:bs_0009"",""YOLO26l:bytetrack:bt_0013""]",,birth_or_entry,stable,[],selected from provenance-preserving alternative cluster
GM_RM011,GM_RM011:GV002,38,GM_RM011:AT0008,GM_RM011:YOLO11l:GM_RM011_000038_001,YOLO11l,"[107.545,228.7,656.013,594.104]",active_visible,false,"[""YOLO11l:botsort:bs_0016"",""YOLO11l:bytetrack:bt_0016"",""YOLO26l:botsort:bs_0009"",""YOLO26l:bytetrack:bt_0013""]",,birth_or_entry,stable,[],selected from provenance-preserving alternative cluster
GM_RM011,GM_RM011:GV002,39,GM_RM011:AT0008,GM_RM011:YOLO11l:GM_RM011_000039_001,YOLO11l,"[117.795,224.454,679.414,594.89]",active_visible,false,"[""YOLO11l:botsort:bs_0016"",""YOLO11l:bytetrack:bt_0016"",""YOLO26l:botsort:bs_0009"",""YOLO26l:bytetrack:bt_0013""]",,birth_or_entry,stable,[],selected from provenance-preserving alternative cluster
GM_RM011,GM_RM011:GV002,40,GM_RM011:AT0008,GM_RM011:YOLO11l:GM_RM011_000040_002,YOLO11l,"[151.833,232.98,735.586,595.019]",active_visible,false,"[""YOLO11l:botsort:bs_0016"",""YOLO11l:bytetrack:bt_0016"",""YOLO26l:botsort:bs_0009"",""YOLO26l:bytetrack:bt_0013""]",,birth_or_entry,stable,[],selected from provenance-preserving alternative cluster
GM_RM011,GM_RM011:GV002,41,GM_RM011:AT0008,GM_RM011:YOLO11l:GM_RM011_000041_002,YOLO11l,"[168.355,242.75,751.834,595.101]",active_visible,false,"[""YOLO11l:botsort:bs_0016"",""YOLO11l:bytetrack:bt_0016"",""YOLO26l:botsort:bs_0009"",""YOLO26l:bytetrack:bt_0013""]",,birth_or_entry,stable,[],selected from provenance-preserving alternative cluster
GM_RM011,GM_RM011:GV002,42,GM_RM011:AT0008,GM_RM011:YOLO11l:GM_RM011_000042_002,YOLO11l,"[197.585,245.724,744.695,594.207]",active_visible,false,"[""YOLO11l:botsort:bs_0016"",""YOLO11l:bytetrack:bt_0016"",""YOLO26l:botsort:bs_0009"",""YOLO26l:bytetrack:bt_0013""]",,birth_or_entry,stable,[],selected from provenance-preserving alternative cluster
GM_RM011,GM_RM011:GV002,43,GM_RM011:AT0008,GM_RM011:YOLO11l:GM_RM011_000043_002,YOLO11l,"[231.707,247.215,797.446,594.075]",active_visible,false,"[""YOLO11l:botsort:bs_0016"",""YOLO11l:bytetrack:bt_0016"",""YOLO26l:botsort:bs_0009"",""YOLO26l:bytetrack:bt_0013""]",,birth_or_entry,stable,[],selected from provenance-preserving alternative cluster
GM_RM011,GM_RM011:GV002,44,GM_RM011:AT0008,GM_RM011:YOLO11l:GM_RM011_000044_002,YOLO11l,"[233.593,251.785,786.767,593.898]",active_visible,false,"[""YOLO11l:botsort:bs_0016"",""YOLO11l:bytetrack:bt_0016"",""YOLO26l:botsort:bs_0009"",""YOLO26l:bytetrack:bt_0013""]",,birth_or_entry,stable,[],selected from provenance-preserving alternative cluster
GM_RM011,GM_RM011:GV002,45,GM_RM011:AT0008,GM_RM011:YOLO11l:GM_RM011_000045_001,YOLO11l,"[245.562,253.086,787.4,593.514]",active_visible,false,"[""YOLO11l:botsort:bs_0016"",""YOLO11l:bytetrack:bt_0016"",""YOLO26l:botsort:bs_0009"",""YOLO26l:bytetrack:bt_0013""]",,birth_or_entry,stable,[],selected from provenance-preserving alternative cluster
GM_RM011,GM_RM011:GV002,46,GM_RM011:AT0008,GM_RM011:YOLO11l:GM_RM011_000046_001,YOLO11l,"[260.138,248.095,794.585,593.576]",active_visible,false,"[""YOLO11l:botsort:bs_0016"",""YOLO11l:bytetrack:bt_0016"",""YOLO26l:botsort:bs_0009"",""YOLO26l:bytetrack:bt_0013""]",,birth_or_entry,stable,[],selected from provenance-preserving alternative cluster
GM_RM011,GM_RM011:GV002,47,GM_RM011:AT0008,GM_RM011:YOLO11l:GM_RM011_000047_001,YOLO11l,"[277.497,248.655,798.948,593.542]",active_visible,false,"[""YOLO11l:botsort:bs_0016"",""YOLO11l:bytetrack:bt_0016"",""YOLO26l:botsort:bs_0009"",""YOLO26l:bytetrack:bt_0013""]",,birth_or_entry,stable,[],selected from provenance-preserving alternative cluster
GM_RM011,GM_RM011:GV002,48,GM_RM011:AT0008,GM_RM011:YOLO11l:GM_RM011_000048_001,YOLO11l,"[298.21,249.136,798.675,593.701]",active_visible,false,"[""YOLO11l:botsort:bs_0016"",""YOLO11l:bytetrack:bt_0016"",""YOLO26l:botsort:bs_0009"",""YOLO26l:bytetrack:bt_0013""]",,birth_or_entry,stable,[],selected from provenance-preserving alternative cluster
GM_RM011,GM_RM011:GV002,49,GM_RM011:AT0008,GM_RM011:YOLO11l:GM_RM011_000049_001,YOLO11l,"[312.621,252.31,798.838,593.55]",active_visible,false,"[""YOLO11l:botsort:bs_0016"",""YOLO11l:bytetrack:bt_0016"",""YOLO26l:botsort:bs_0009"",""YOLO26l:bytetrack:bt_0013""]",,birth_or_entry,stable,[],selected from provenance-preserving alternative cluster
GM_RM011,GM_RM011:GV002,50,GM_RM011:AT0008,GM_RM011:YOLO11l:GM_RM011_000050_001,YOLO11l,"[332.796,251.899,798.717,593.346]",active_visible,false,"[""YOLO11l:botsort:bs_0016"",""YOLO11l:bytetrack:bt_0016"",""YOLO26l:botsort:bs_0009"",""YOLO26l:bytetrack:bt_0013""]",,birth_or_entry,stable,[],selected from provenance-preserving alternative cluster
GM_RM011,GM_RM011:GV002,51,GM_RM011:AT0008,GM_RM011:YOLO11l:GM_RM011_000051_001,YOLO11l,"[351.039,252.567,798.692,593.678]",active_visible,false,"[""YOLO11l:botsort:bs_0016"",""YOLO11l:bytetrack:bt_0016"",""YOLO26l:botsort:bs_0009"",""YOLO26l:bytetrack:bt_0013""]",,birth_or_entry,stable,[],selected from provenance-preserving alternative cluster
GM_RM011,GM_RM011:GV002,52,GM_RM011:AT0008,GM_RM011:YOLO11l:GM_RM011_000052_001,YOLO11l,"[370.189,252.893,798.284,593.753]",active_visible,false,"[""YOLO11l:botsort:bs_0016"",""YOLO11l:bytetrack:bt_0016""]",,birth_or_entry,stable,[],selected from provenance-preserving alternative cluster
GM_RM011,GM_RM011:GV002,53,GM_RM011:AT0008,GM_RM011:YOLO11l:GM_RM011_000053_001,YOLO11l,"[389.938,251.201,798.929,593.603]",active_visible,false,"[""YOLO11l:botsort:bs_0016"",""YOLO11l:bytetrack:bt_0016""]",,birth_or_entry,stable,[],selected from provenance-preserving alternative cluster
GM_RM011,GM_RM011:GV002,54,GM_RM011:AT0008,GM_RM011:YOLO11l:GM_RM011_000054_001,YOLO11l,"[408.752,247.495,799.119,593.816]",active_visible,false,"[""YOLO11l:botsort:bs_0016"",""YOLO11l:bytetrack:bt_0016""]",,birth_or_entry,stable,[],selected from provenance-preserving alternative cluster
GM_RM011,GM_RM011:GV002,55,GM_RM011:AT0008,GM_RM011:YOLO11l:GM_RM011_000055_001,YOLO11l,"[433.627,238.54,798.857,591.752]",active_visible,false,"[""YOLO11l:botsort:bs_0016"",""YOLO11l:bytetrack:bt_0016"",""YOLO26l:botsort:bs_0009"",""YOLO26l:bytetrack:bt_0013""]",,birth_or_entry,stable,[],selected from provenance-preserving alternative cluster
GM_RM011,GM_RM011:GV002,56,GM_RM011:AT0008,GM_RM011:YOLO11l:GM_RM011_000056_001,YOLO11l,"[464.692,227.935,799.262,587.821]",active_visible,false,"[""YOLO11l:botsort:bs_0016"",""YOLO11l:bytetrack:bt_0016""]",,birth_or_entry,stable,[],selected from provenance-preserving alternative cluster
GM_RM011,GM_RM011:GV002,57,GM_RM011:AT0008,GM_RM011:YOLO11l:GM_RM011_000057_001,YOLO11l,"[484.303,229.966,799.326,578.071]",active_visible,false,"[""YOLO11l:botsort:bs_0016"",""YOLO11l:bytetrack:bt_0016""]",,birth_or_entry,stable,[],selected from provenance-preserving alternative cluster
GM_RM011,GM_RM011:GV002,58,GM_RM011:AT0008,GM_RM011:YOLO11l:GM_RM011_000058_001,YOLO11l,"[518.131,227.833,799.49,554.223]",active_visible,false,"[""YOLO11l:botsort:bs_0016"",""YOLO11l:bytetrack:bt_0016""]",,birth_or_entry,stable,[],selected from provenance-preserving alternative cluster
GM_RM011,GM_RM011:GV002,59,GM_RM011:AT0008,GM_RM011:YOLO11l:GM_RM011_000059_001,YOLO11l,"[552.877,228.773,799.605,539.86]",exit_or_death,false,"[""YOLO11l:botsort:bs_0016"",""YOLO11l:bytetrack:bt_0016""]",,birth_or_entry,stable,[],selected from provenance-preserving alternative cluster
GM_RM011,GM_RM011:GV003,39,GM_RM011:AT0009,GM_RM011:YOLO11l:GM_RM011_000039_002,YOLO11l,"[0.169,298.207,73.726,527.649]",birth_or_entry,false,"[""YOLO11l:botsort:bs_0018"",""YOLO11l:bytetrack:bt_0019""]",,birth_or_entry,stable,[],selected from provenance-preserving alternative cluster
GM_RM011,GM_RM011:GV003,40,GM_RM011:AT0009,GM_RM011:YOLO11l:GM_RM011_000040_001,YOLO11l,"[0.243,284.774,95.091,563.183]",active_visible,false,"[""YOLO11l:botsort:bs_0018"",""YOLO11l:bytetrack:bt_0019"",""YOLO26l:botsort:bs_0013"",""YOLO26l:bytetrack:bt_0017""]",,birth_or_entry,stable,[],selected from provenance-preserving alternative cluster
GM_RM011,GM_RM011:GV003,41,GM_RM011:AT0009,GM_RM011:YOLO11l:GM_RM011_000041_001,YOLO11l,"[0.202,279.735,124.428,590.014]",active_visible,false,"[""YOLO11l:botsort:bs_0018"",""YOLO11l:bytetrack:bt_0019"",""YOLO26l:botsort:bs_0013"",""YOLO26l:bytetrack:bt_0017""]",,birth_or_entry,stable,[],selected from provenance-preserving alternative cluster
GM_RM011,GM_RM011:GV003,42,GM_RM011:AT0009,GM_RM011:YOLO11l:GM_RM011_000042_001,YOLO11l,"[0.584,274.393,153.58,593.586]",active_visible,false,"[""YOLO11l:botsort:bs_0018"",""YOLO11l:bytetrack:bt_0019"",""YOLO26l:botsort:bs_0013"",""YOLO26l:bytetrack:bt_0017""]",,birth_or_entry,stable,[],selected from provenance-preserving alternative cluster
GM_RM011,GM_RM011:GV003,43,GM_RM011:AT0009,GM_RM011:YOLO11l:GM_RM011_000043_001,YOLO11l,"[0.655,269.439,183.033,593.841]",active_visible,false,"[""YOLO11l:botsort:bs_0018"",""YOLO11l:bytetrack:bt_0019"",""YOLO26l:botsort:bs_0013""]",,birth_or_entry,stable,[],selected from provenance-preserving alternative cluster
GM_RM011,GM_RM011:GV003,44,GM_RM011:AT0009,GM_RM011:YOLO11l:GM_RM011_000044_001,YOLO11l,"[0.662,272.422,208.096,594.026]",active_visible,false,"[""YOLO11l:botsort:bs_0018"",""YOLO11l:bytetrack:bt_0019"",""YOLO26l:botsort:bs_0013""]",,birth_or_entry,stable,[],selected from provenance-preserving alternative cluster
GM_RM011,GM_RM011:GV003,45,GM_RM011:AT0009,GM_RM011:YOLO11l:GM_RM011_000045_002,YOLO11l,"[0.832,272.847,230.812,594.089]",active_visible,false,"[""YOLO11l:botsort:bs_0018"",""YOLO11l:bytetrack:bt_0019"",""YOLO26l:botsort:bs_0013"",""YOLO26l:bytetrack:bt_0019""]",,birth_or_entry,stable,[],selected from provenance-preserving alternative cluster
GM_RM011,GM_RM011:GV003,46,GM_RM011:AT0009,GM_RM011:YOLO11l:GM_RM011_000046_002,YOLO11l,"[1.2,262.761,259.349,593.976]",active_visible,false,"[""YOLO11l:botsort:bs_0018"",""YOLO11l:bytetrack:bt_0019""]",,birth_or_entry,stable,[],selected from provenance-preserving alternative cluster
GM_RM011,GM_RM011:GV003,47,GM_RM011:AT0009,GM_RM011:YOLO11l:GM_RM011_000047_002,YOLO11l,"[0.771,262.23,287.102,593.886]",active_visible,false,"[""YOLO11l:botsort:bs_0018"",""YOLO11l:bytetrack:bt_0019""]",,birth_or_entry,stable,[],selected from provenance-preserving alternative cluster
GM_RM011,GM_RM011:GV003,48,GM_RM011:AT0009,GM_RM011:YOLO11l:GM_RM011_000048_002,YOLO11l,"[0.849,258.778,317.371,593.599]",active_visible,false,"[""YOLO11l:botsort:bs_0018"",""YOLO11l:bytetrack:bt_0019""]",,birth_or_entry,stable,[],selected from provenance-preserving alternative cluster
GM_RM011,GM_RM011:GV003,49,GM_RM011:AT0009,GM_RM011:YOLO11l:GM_RM011_000049_002,YOLO11l,"[1.255,259.019,349.106,593.717]",active_visible,false,"[""YOLO11l:botsort:bs_0018"",""YOLO11l:bytetrack:bt_0019""]",,birth_or_entry,stable,[],selected from provenance-preserving alternative cluster
GM_RM011,GM_RM011:GV003,50,GM_RM011:AT0009,GM_RM011:YOLO11l:GM_RM011_000050_002,YOLO11l,"[1.145,256.308,383.419,593.854]",active_visible,false,"[""YOLO11l:botsort:bs_0018"",""YOLO11l:bytetrack:bt_0019""]",,birth_or_entry,stable,[],selected from provenance-preserving alternative cluster
GM_RM011,GM_RM011:GV003,51,GM_RM011:AT0009,GM_RM011:YOLO11l:GM_RM011_000051_002,YOLO11l,"[1.54,253.606,418.717,594.265]",active_visible,false,"[""YOLO11l:botsort:bs_0018""]",,birth_or_entry,stable,[],selected from provenance-preserving alternative cluster
GM_RM011,GM_RM011:GV003,52,GM_RM011:AT0009,GM_RM011:YOLO11l:GM_RM011_000052_002,YOLO11l,"[1.981,247.819,454.038,594.314]",active_visible,false,"[""YOLO11l:botsort:bs_0018"",""YOLO11l:bytetrack:bt_0019""]",,birth_or_entry,stable,[],selected from provenance-preserving alternative cluster
GM_RM011,GM_RM011:GV003,53,GM_RM011:AT0009,GM_RM011:YOLO11l:GM_RM011_000053_002,YOLO11l,"[0.885,237.785,490.057,594.499]",active_visible,false,"[""YOLO11l:botsort:bs_0018"",""YOLO11l:bytetrack:bt_0019"",""YOLO26l:botsort:bs_0015"",""YOLO26l:bytetrack:bt_0021""]",,birth_or_entry,stable,[],selected from provenance-preserving alternative cluster
GM_RM011,GM_RM011:GV003,54,GM_RM011:AT0009,GM_RM011:YOLO11l:GM_RM011_000054_002,YOLO11l,"[1.706,223.986,530.214,594.158]",active_visible,false,"[""YOLO11l:botsort:bs_0018"",""YOLO11l:bytetrack:bt_0019"",""YOLO26l:botsort:bs_0015"",""YOLO26l:bytetrack:bt_0021""]",,birth_or_entry,stable,[],selected from provenance-preserving alternative cluster
GM_RM011,GM_RM011:GV003,55,GM_RM011:AT0009,GM_RM011:YOLO11l:GM_RM011_000055_002,YOLO11l,"[14.558,213.335,581.45,593.936]",exit_or_death,false,"[""YOLO11l:botsort:bs_0018"",""YOLO11l:bytetrack:bt_0019"",""YOLO26l:botsort:bs_0015"",""YOLO26l:bytetrack:bt_0021""]",,birth_or_entry,stable,[],selected from provenance-preserving alternative cluster
GM_RM011,GM_RM011:GV004,88,GM_RM011:AT0046,GM_RM011:YOLO26l:GM_RM011_000088_001,YOLO26l,"[0.187,285.203,63.645,419.415]",birth_or_entry,false,"[""YOLO11l:botsort:bs_0021"",""YOLO11l:bytetrack:bt_0023"",""YOLO26l:botsort:bs_0019"",""YOLO26l:bytetrack:bt_0025""]",,birth_or_entry,stable,[],selected from provenance-preserving alternative cluster
GM_RM011,GM_RM011:GV004,89,GM_RM011:AT0046,GM_RM011:YOLO26l:GM_RM011_000089_001,YOLO26l,"[0.193,278.514,79.606,418.571]",active_visible,false,"[""YOLO11l:botsort:bs_0021"",""YOLO11l:bytetrack:bt_0023"",""YOLO26l:botsort:bs_0019"",""YOLO26l:bytetrack:bt_0025""]",,birth_or_entry,stable,[],selected from provenance-preserving alternative cluster
GM_RM011,GM_RM011:GV004,90,GM_RM011:AT0046,GM_RM011:YOLO26l:GM_RM011_000090_001,YOLO26l,"[0.301,270.003,95.605,416.466]",active_visible,false,"[""YOLO11l:botsort:bs_0021"",""YOLO11l:bytetrack:bt_0023"",""YOLO26l:botsort:bs_0019"",""YOLO26l:bytetrack:bt_0025""]",,birth_or_entry,stable,[],selected from provenance-preserving alternative cluster
GM_RM011,GM_RM011:GV004,91,GM_RM011:AT0046,GM_RM011:YOLO26l:GM_RM011_000091_001,YOLO26l,"[0.411,265.348,114.87,418.057]",active_visible,false,"[""YOLO11l:botsort:bs_0021"",""YOLO11l:bytetrack:bt_0023"",""YOLO26l:botsort:bs_0019"",""YOLO26l:bytetrack:bt_0025""]",,birth_or_entry,stable,[],selected from provenance-preserving alternative cluster
GM_RM011,GM_RM011:GV004,92,GM_RM011:AT0046,GM_RM011:YOLO26l:GM_RM011_000092_001,YOLO26l,"[0.444,266.999,134.347,430.41]",active_visible,false,"[""YOLO11l:botsort:bs_0021"",""YOLO11l:bytetrack:bt_0023"",""YOLO26l:botsort:bs_0019"",""YOLO26l:bytetrack:bt_0025""]",,birth_or_entry,stable,[],selected from provenance-preserving alternative cluster
GM_RM011,GM_RM011:GV004,93,GM_RM011:AT0046,GM_RM011:YOLO26l:GM_RM011_000093_001,YOLO26l,"[0.534,271.363,152.474,441.352]",active_visible,false,"[""YOLO11l:botsort:bs_0021"",""YOLO11l:bytetrack:bt_0023"",""YOLO26l:botsort:bs_0019"",""YOLO26l:bytetrack:bt_0025""]",,birth_or_entry,stable,[],selected from provenance-preserving alternative cluster
GM_RM011,GM_RM011:GV004,94,GM_RM011:AT0046,GM_RM011:YOLO26l:GM_RM011_000094_001,YOLO26l,"[0.388,266.169,167.425,458.535]",active_visible,false,"[""YOLO11l:botsort:bs_0021"",""YOLO11l:bytetrack:bt_0023"",""YOLO26l:botsort:bs_0019"",""YOLO26l:bytetrack:bt_0025""]",,birth_or_entry,stable,[],selected from provenance-preserving alternative cluster
GM_RM011,GM_RM011:GV004,95,GM_RM011:AT0046,GM_RM011:YOLO26l:GM_RM011_000095_001,YOLO26l,"[0.501,262.455,183.655,469.51]",active_visible,false,"[""YOLO11l:botsort:bs_0021"",""YOLO11l:bytetrack:bt_0023"",""YOLO26l:botsort:bs_0019"",""YOLO26l:bytetrack:bt_0025""]",,birth_or_entry,stable,[],selected from provenance-preserving alternative cluster
GM_RM011,GM_RM011:GV004,96,GM_RM011:AT0046,GM_RM011:YOLO26l:GM_RM011_000096_001,YOLO26l,"[0.519,263.41,201.026,496.034]",active_visible,false,"[""YOLO11l:botsort:bs_0021"",""YOLO11l:bytetrack:bt_0023"",""YOLO26l:botsort:bs_0019"",""YOLO26l:bytetrack:bt_0025""]",,birth_or_entry,stable,[],selected from provenance-preserving alternative cluster
GM_RM011,GM_RM011:GV004,97,GM_RM011:AT0046,GM_RM011:YOLO26l:GM_RM011_000097_001,YOLO26l,"[0.507,266.776,219.958,571.509]",active_visible,false,"[""YOLO11l:botsort:bs_0021"",""YOLO11l:bytetrack:bt_0023"",""YOLO26l:botsort:bs_0019"",""YOLO26l:bytetrack:bt_0025""]",,birth_or_entry,stable,[],selected from provenance-preserving alternative cluster
GM_RM011,GM_RM011:GV004,98,GM_RM011:AT0046,GM_RM011:YOLO26l:GM_RM011_000098_001,YOLO26l,"[0.753,269.497,240.29,592.673]",active_visible,false,"[""YOLO11l:botsort:bs_0021"",""YOLO11l:bytetrack:bt_0023"",""YOLO26l:botsort:bs_0019"",""YOLO26l:bytetrack:bt_0025""]",,birth_or_entry,stable,[],selected from provenance-preserving alternative cluster
GM_RM011,GM_RM011:GV004,99,GM_RM011:AT0046,GM_RM011:YOLO26l:GM_RM011_000099_001,YOLO26l,"[0.953,275.6,258.633,594.824]",active_visible,false,"[""YOLO11l:botsort:bs_0021"",""YOLO11l:bytetrack:bt_0023"",""YOLO26l:botsort:bs_0019"",""YOLO26l:bytetrack:bt_0025""]",,birth_or_entry,stable,[],selected from provenance-preserving alternative cluster
GM_RM011,GM_RM011:GV004,100,GM_RM011:AT0046,GM_RM011:YOLO26l:GM_RM011_000100_001,YOLO26l,"[0.949,272.762,277.963,595.603]",active_visible,false,"[""YOLO11l:botsort:bs_0021"",""YOLO11l:bytetrack:bt_0023"",""YOLO26l:botsort:bs_0019"",""YOLO26l:bytetrack:bt_0025""]",,birth_or_entry,stable,[],selected from provenance-preserving alternative cluster
GM_RM011,GM_RM011:GV004,101,GM_RM011:AT0046,GM_RM011:YOLO26l:GM_RM011_000101_001,YOLO26l,"[1.188,271.044,299.435,595.262]",active_visible,false,"[""YOLO11l:botsort:bs_0021"",""YOLO11l:bytetrack:bt_0023"",""YOLO26l:botsort:bs_0019"",""YOLO26l:bytetrack:bt_0025""]",,birth_or_entry,stable,[],selected from provenance-preserving alternative cluster
GM_RM011,GM_RM011:GV004,102,GM_RM011:AT0046,GM_RM011:YOLO26l:GM_RM011_000102_001,YOLO26l,"[1.031,265.914,319.655,595.638]",active_visible,false,"[""YOLO11l:botsort:bs_0021"",""YOLO11l:bytetrack:bt_0023"",""YOLO26l:botsort:bs_0019"",""YOLO26l:bytetrack:bt_0025""]",,birth_or_entry,stable,[],selected from provenance-preserving alternative cluster
GM_RM011,GM_RM011:GV004,103,GM_RM011:AT0046,GM_RM011:YOLO26l:GM_RM011_000103_001,YOLO26l,"[1.054,272.062,338.593,595.255]",active_visible,false,"[""YOLO11l:botsort:bs_0021"",""YOLO11l:bytetrack:bt_0023"",""YOLO26l:botsort:bs_0019"",""YOLO26l:bytetrack:bt_0025""]",,birth_or_entry,stable,[],selected from provenance-preserving alternative cluster
GM_RM011,GM_RM011:GV004,104,GM_RM011:AT0046,GM_RM011:YOLO26l:GM_RM011_000104_001,YOLO26l,"[1.017,277.697,353.431,596.327]",active_visible,false,"[""YOLO11l:botsort:bs_0021"",""YOLO11l:bytetrack:bt_0023"",""YOLO26l:botsort:bs_0019"",""YOLO26l:bytetrack:bt_0025""]",,birth_or_entry,stable,[],selected from provenance-preserving alternative cluster
GM_RM011,GM_RM011:GV004,105,GM_RM011:AT0046,GM_RM011:YOLO26l:GM_RM011_000105_001,YOLO26l,"[1.59,272.04,374.483,596.625]",active_visible,false,"[""YOLO11l:botsort:bs_0021"",""YOLO11l:bytetrack:bt_0023"",""YOLO26l:botsort:bs_0019"",""YOLO26l:bytetrack:bt_0025""]",,birth_or_entry,stable,[],selected from provenance-preserving alternative cluster
GM_RM011,GM_RM011:GV004,106,GM_RM011:AT0046,GM_RM011:YOLO26l:GM_RM011_000106_001,YOLO26l,"[1.728,269.382,397.56,597.596]",active_visible,false,"[""YOLO11l:botsort:bs_0021"",""YOLO11l:bytetrack:bt_0023"",""YOLO26l:botsort:bs_0019"",""YOLO26l:bytetrack:bt_0025""]",,birth_or_entry,stable,[],selected from provenance-preserving alternative cluster
GM_RM011,GM_RM011:GV004,107,GM_RM011:AT0046,GM_RM011:YOLO26l:GM_RM011_000107_001,YOLO26l,"[1.813,271.564,428.771,597.704]",active_visible,false,"[""YOLO11l:botsort:bs_0021"",""YOLO11l:bytetrack:bt_0023"",""YOLO26l:botsort:bs_0019"",""YOLO26l:bytetrack:bt_0025""]",,birth_or_entry,stable,[],selected from provenance-preserving alternative cluster
GM_RM011,GM_RM011:GV004,108,GM_RM011:AT0046,GM_RM011:YOLO26l:GM_RM011_000108_001,YOLO26l,"[2.109,264.36,460.637,598.362]",active_visible,false,"[""YOLO11l:botsort:bs_0021"",""YOLO11l:bytetrack:bt_0023"",""YOLO26l:botsort:bs_0019"",""YOLO26l:bytetrack:bt_0025""]",,birth_or_entry,stable,[],selected from provenance-preserving alternative cluster
GM_RM011,GM_RM011:GV004,109,GM_RM011:AT0046,GM_RM011:YOLO26l:GM_RM011_000109_001,YOLO26l,"[4.659,264.629,503.666,597.127]",active_visible,false,"[""YOLO11l:botsort:bs_0021"",""YOLO11l:bytetrack:bt_0023"",""YOLO26l:botsort:bs_0019"",""YOLO26l:bytetrack:bt_0025""]",,birth_or_entry,stable,[],selected from provenance-preserving alternative cluster
GM_RM011,GM_RM011:GV004,110,GM_RM011:AT0046,GM_RM011:YOLO26l:GM_RM011_000110_001,YOLO26l,"[52.471,276.176,543.601,596.811]",active_visible,false,"[""YOLO11l:botsort:bs_0021"",""YOLO11l:bytetrack:bt_0023"",""YOLO26l:botsort:bs_0019"",""YOLO26l:bytetrack:bt_0025""]",,birth_or_entry,stable,[],selected from provenance-preserving alternative cluster
GM_RM011,GM_RM011:GV004,111,GM_RM011:AT0046,GM_RM011:YOLO26l:GM_RM011_000111_001,YOLO26l,"[111.529,280.856,596.878,596.968]",active_visible,false,"[""YOLO11l:botsort:bs_0021"",""YOLO11l:bytetrack:bt_0023"",""YOLO26l:botsort:bs_0019"",""YOLO26l:bytetrack:bt_0025""]",,birth_or_entry,stable,[],selected from provenance-preserving alternative cluster
GM_RM011,GM_RM011:GV004,112,GM_RM011:AT0046,GM_RM011:YOLO26l:GM_RM011_000112_001,YOLO26l,"[169.397,279.009,635.113,596.353]",active_visible,false,"[""YOLO11l:botsort:bs_0021"",""YOLO11l:bytetrack:bt_0023"",""YOLO26l:botsort:bs_0019"",""YOLO26l:bytetrack:bt_0025""]",,birth_or_entry,stable,[],selected from provenance-preserving alternative cluster
GM_RM011,GM_RM011:GV004,113,GM_RM011:AT0046,GM_RM011:YOLO26l:GM_RM011_000113_001,YOLO26l,"[226.857,278.478,754.323,596.958]",active_visible,false,"[""YOLO11l:botsort:bs_0021"",""YOLO11l:bytetrack:bt_0023"",""YOLO26l:botsort:bs_0019"",""YOLO26l:bytetrack:bt_0025""]",,birth_or_entry,stable,[],selected from provenance-preserving alternative cluster
GM_RM011,GM_RM011:GV004,114,GM_RM011:AT0046,GM_RM011:YOLO26l:GM_RM011_000114_001,YOLO26l,"[280.532,279.636,789.592,597.501]",active_visible,false,"[""YOLO11l:botsort:bs_0021"",""YOLO11l:bytetrack:bt_0023"",""YOLO26l:botsort:bs_0019"",""YOLO26l:bytetrack:bt_0025""]",,birth_or_entry,stable,[],selected from provenance-preserving alternative cluster
GM_RM011,GM_RM011:GV004,115,GM_RM011:AT0046,GM_RM011:YOLO26l:GM_RM011_000115_001,YOLO26l,"[343.181,283.821,796.245,596.864]",active_visible,false,"[""YOLO11l:botsort:bs_0021"",""YOLO11l:bytetrack:bt_0023"",""YOLO26l:botsort:bs_0019"",""YOLO26l:bytetrack:bt_0025""]",,birth_or_entry,stable,[],selected from provenance-preserving alternative cluster
GM_RM011,GM_RM011:GV004,116,GM_RM011:AT0046,GM_RM011:YOLO26l:GM_RM011_000116_001,YOLO26l,"[377.009,284.263,797.671,596.76]",active_visible,false,"[""YOLO11l:botsort:bs_0021"",""YOLO11l:bytetrack:bt_0023"",""YOLO26l:botsort:bs_0019"",""YOLO26l:bytetrack:bt_0025""]",,birth_or_entry,stable,[],selected from provenance-preserving alternative cluster
GM_RM011,GM_RM011:GV004,117,GM_RM011:AT0046,GM_RM011:YOLO26l:GM_RM011_000117_001,YOLO26l,"[414.838,283.468,798.909,596.281]",active_visible,false,"[""YOLO11l:botsort:bs_0021"",""YOLO11l:bytetrack:bt_0023"",""YOLO26l:botsort:bs_0019"",""YOLO26l:bytetrack:bt_0025""]",,birth_or_entry,stable,[],selected from provenance-preserving alternative cluster
GM_RM011,GM_RM011:GV004,118,GM_RM011:AT0046,GM_RM011:YOLO26l:GM_RM011_000118_002,YOLO26l,"[454.628,293.024,798.396,596.355]",active_visible,false,"[""YOLO11l:botsort:bs_0021"",""YOLO11l:bytetrack:bt_0023"",""YOLO26l:botsort:bs_0019"",""YOLO26l:bytetrack:bt_0025""]",,birth_or_entry,stable,[],selected from provenance-preserving alternative cluster
GM_RM011,GM_RM011:GV004,119,GM_RM011:AT0046,GM_RM011:YOLO26l:GM_RM011_000119_001,YOLO26l,"[480.969,292.869,799.196,596.623]",active_visible,false,"[""YOLO11l:botsort:bs_0021"",""YOLO11l:bytetrack:bt_0023"",""YOLO26l:botsort:bs_0019"",""YOLO26l:bytetrack:bt_0025""]",,birth_or_entry,stable,[],selected from provenance-preserving alternative cluster
GM_RM011,GM_RM011:GV004,120,GM_RM011:AT0046,GM_RM011:YOLO26l:GM_RM011_000120_001,YOLO26l,"[500.687,283.996,799.182,595.862]",active_visible,false,"[""YOLO11l:botsort:bs_0021"",""YOLO11l:bytetrack:bt_0023"",""YOLO26l:botsort:bs_0019"",""YOLO26l:bytetrack:bt_0025""]",,birth_or_entry,stable,[],selected from provenance-preserving alternative cluster
GM_RM011,GM_RM011:GV004,121,GM_RM011:AT0046,GM_RM011:YOLO26l:GM_RM011_000121_001,YOLO26l,"[524.638,272.245,799.098,594.692]",active_visible,false,"[""YOLO11l:botsort:bs_0021"",""YOLO11l:bytetrack:bt_0023"",""YOLO26l:botsort:bs_0019"",""YOLO26l:bytetrack:bt_0025""]",,birth_or_entry,stable,[],selected from provenance-preserving alternative cluster
GM_RM011,GM_RM011:GV004,122,GM_RM011:AT0046,GM_RM011:YOLO26l:GM_RM011_000122_001,YOLO26l,"[549.657,272.519,799.394,594.943]",active_visible,false,"[""YOLO11l:botsort:bs_0021"",""YOLO11l:bytetrack:bt_0023"",""YOLO26l:botsort:bs_0019"",""YOLO26l:bytetrack:bt_0025""]",,birth_or_entry,stable,[],selected from provenance-preserving alternative cluster
GM_RM011,GM_RM011:GV004,123,GM_RM011:AT0046,GM_RM011:YOLO26l:GM_RM011_000123_001,YOLO26l,"[571.304,282.277,799.43,595.403]",active_visible,false,"[""YOLO11l:botsort:bs_0021"",""YOLO11l:bytetrack:bt_0023"",""YOLO26l:botsort:bs_0019"",""YOLO26l:bytetrack:bt_0025""]",,birth_or_entry,stable,[],selected from provenance-preserving alternative cluster
GM_RM011,GM_RM011:GV004,124,GM_RM011:AT0046,GM_RM011:YOLO26l:GM_RM011_000124_001,YOLO26l,"[593.29,289.041,799.421,592.929]",active_visible,false,"[""YOLO11l:botsort:bs_0021"",""YOLO11l:bytetrack:bt_0023"",""YOLO26l:botsort:bs_0019"",""YOLO26l:bytetrack:bt_0025""]",,birth_or_entry,stable,[],selected from provenance-preserving alternative cluster
GM_RM011,GM_RM011:GV004,125,GM_RM011:AT0046,GM_RM011:YOLO26l:GM_RM011_000125_002,YOLO26l,"[621.305,288.486,799.54,544.216]",active_visible,false,"[""YOLO11l:botsort:bs_0021"",""YOLO11l:bytetrack:bt_0023"",""YOLO26l:botsort:bs_0019"",""YOLO26l:bytetrack:bt_0025""]",,birth_or_entry,stable,[],selected from provenance-preserving alternative cluster
GM_RM011,GM_RM011:GV004,126,GM_RM011:AT0046,GM_RM011:YOLO26l:GM_RM011_000126_002,YOLO26l,"[648.439,285.329,799.616,515.561]",active_visible,false,"[""YOLO11l:botsort:bs_0021"",""YOLO11l:bytetrack:bt_0023"",""YOLO26l:botsort:bs_0019"",""YOLO26l:bytetrack:bt_0025""]",,birth_or_entry,stable,[],selected from provenance-preserving alternative cluster
GM_RM011,GM_RM011:GV004,127,GM_RM011:AT0046,GM_RM011:YOLO26l:GM_RM011_000127_002,YOLO26l,"[669.767,290.426,799.584,512.249]",active_visible,false,"[""YOLO11l:botsort:bs_0021"",""YOLO11l:bytetrack:bt_0023"",""YOLO26l:botsort:bs_0019"",""YOLO26l:bytetrack:bt_0025""]",,birth_or_entry,stable,[],selected from provenance-preserving alternative cluster
GM_RM011,GM_RM011:GV004,128,GM_RM011:AT0046,GM_RM011:YOLO26l:GM_RM011_000128_003,YOLO26l,"[693.666,295.748,799.682,462.282]",active_visible,false,"[""YOLO26l:botsort:bs_0019""]",,birth_or_entry,stable,[],selected from provenance-preserving alternative cluster
GM_RM011,GM_RM011:GV004,129,GM_RM011:AT0046,GM_RM011:YOLO26l:GM_RM011_000129_002,YOLO26l,"[725.808,301.472,799.92,418.912]",active_visible,false,"[""YOLO26l:botsort:bs_0019""]",,birth_or_entry,stable,[],selected from provenance-preserving alternative cluster
GM_RM011,GM_RM011:GV004,130,GM_RM011:AT0046,GM_RM011:YOLO26l:GM_RM011_000130_003,YOLO26l,"[754.501,308.728,799.77,369.942]",active_visible,false,"[""YOLO26l:botsort:bs_0019""]",,birth_or_entry,stable,[],selected from provenance-preserving alternative cluster
GM_RM011,GM_RM011:GV004,131,,,,,missed_or_occluded,true,"[""YOLO11l:botsort:bs_0021"",""YOLO11l:botsort:bs_0022"",""YOLO11l:bytetrack:bt_0023"",""YOLO11l:bytetrack:bt_0024"",""YOLO26l:botsort:bs_0019"",""YOLO26l:botsort:bs_0025"",""YOLO26l:bytetrack:bt_0025"",""YOLO26l:bytetrack:bt_0031""]",GM_RM011:E001123,gap_state_without_synthetic_bbox,moderate,"[""gap_recovery""]",No bbox is fabricated for an optical miss or occlusion gap.
GM_RM011,GM_RM011:GV004,132,,,,,missed_or_occluded,true,"[""YOLO11l:botsort:bs_0021"",""YOLO11l:botsort:bs_0022"",""YOLO11l:bytetrack:bt_0023"",""YOLO11l:bytetrack:bt_0024"",""YOLO26l:botsort:bs_0019"",""YOLO26l:botsort:bs_0025"",""YOLO26l:bytetrack:bt_0025"",""YOLO26l:bytetrack:bt_0031""]",,gap_state_without_synthetic_bbox,moderate,"[""gap_recovery""]",No bbox is fabricated for an optical miss or occlusion gap.
GM_RM011,GM_RM011:GV004,133,,,,,missed_or_occluded,true,"[""YOLO11l:botsort:bs_0021"",""YOLO11l:botsort:bs_0022"",""YOLO11l:bytetrack:bt_0023"",""YOLO11l:bytetrack:bt_0024"",""YOLO26l:botsort:bs_0019"",""YOLO26l:botsort:bs_0025"",""YOLO26l:bytetrack:bt_0025"",""YOLO26l:bytetrack:bt_0031""]",,gap_state_without_synthetic_bbox,moderate,"[""gap_recovery""]",No bbox is fabricated for an optical miss or occlusion gap.
GM_RM011,GM_RM011:GV004,134,,,,,missed_or_occluded,true,"[""YOLO11l:botsort:bs_0021"",""YOLO11l:botsort:bs_0022"",""YOLO11l:bytetrack:bt_0023"",""YOLO11l:bytetrack:bt_0024"",""YOLO26l:botsort:bs_0019"",""YOLO26l:botsort:bs_0025"",""YOLO26l:bytetrack:bt_0025"",""YOLO26l:bytetrack:bt_0031""]",,gap_state_without_synthetic_bbox,moderate,"[""gap_recovery""]",No bbox is fabricated for an optical miss or occlusion gap.
GM_RM011,GM_RM011:GV004,135,GM_RM011:AT0048,GM_RM011:YOLO26l:GM_RM011_000135_002,YOLO26l,"[112.356,275.708,628.316,598.178]",recovery,false,"[""YOLO11l:botsort:bs_0022"",""YOLO11l:bytetrack:bt_0024"",""YOLO26l:botsort:bs_0025"",""YOLO26l:bytetrack:bt_0031""]",GM_RM011:E001123,"{""edge_id"":""GM_RM011:E001123"",""gap"":4,""motion"":1.5164,""appearance"":0.0657,""color"":0.17,""shape"":2.8193,""boundary_support"":1.0,""shared_trackers"":[],""total_cost"":163}",moderate_gap,[],selected from provenance-preserving alternative cluster
GM_RM011,GM_RM011:GV004,136,GM_RM011:AT0048,GM_RM011:YOLO26l:GM_RM011_000136_002,YOLO26l,"[165.149,277.893,663.168,597.746]",active_visible,false,"[""YOLO11l:botsort:bs_0022"",""YOLO11l:bytetrack:bt_0024"",""YOLO26l:botsort:bs_0025"",""YOLO26l:bytetrack:bt_0031""]",,birth_or_entry,stable,[],selected from provenance-preserving alternative cluster
GM_RM011,GM_RM011:GV004,137,GM_RM011:AT0048,GM_RM011:YOLO26l:GM_RM011_000137_002,YOLO26l,"[226.629,274.144,733.149,597.124]",active_visible,false,"[""YOLO11l:botsort:bs_0022"",""YOLO11l:bytetrack:bt_0024"",""YOLO26l:botsort:bs_0025"",""YOLO26l:bytetrack:bt_0031""]",,birth_or_entry,stable,[],selected from provenance-preserving alternative cluster
GM_RM011,GM_RM011:GV004,138,GM_RM011:AT0048,GM_RM011:YOLO26l:GM_RM011_000138_001,YOLO26l,"[290.385,273.05,788.512,597.826]",active_visible,false,"[""YOLO11l:botsort:bs_0022"",""YOLO11l:bytetrack:bt_0024"",""YOLO26l:botsort:bs_0025"",""YOLO26l:bytetrack:bt_0031""]",,birth_or_entry,stable,[],selected from provenance-preserving alternative cluster
GM_RM011,GM_RM011:GV004,139,GM_RM011:AT0048,GM_RM011:YOLO26l:GM_RM011_000139_002,YOLO26l,"[344.641,281.359,794.2,597.436]",active_visible,false,"[""YOLO11l:botsort:bs_0022"",""YOLO11l:bytetrack:bt_0024"",""YOLO26l:botsort:bs_0025"",""YOLO26l:bytetrack:bt_0031""]",,birth_or_entry,stable,[],selected from provenance-preserving alternative cluster
GM_RM011,GM_RM011:GV004,140,GM_RM011:AT0048,GM_RM011:YOLO26l:GM_RM011_000140_002,YOLO26l,"[381.261,280.203,798.597,597.948]",active_visible,false,"[""YOLO11l:botsort:bs_0022"",""YOLO11l:bytetrack:bt_0024"",""YOLO26l:botsort:bs_0025"",""YOLO26l:bytetrack:bt_0031""]",,birth_or_entry,stable,[],selected from provenance-preserving alternative cluster
GM_RM011,GM_RM011:GV004,141,GM_RM011:AT0048,GM_RM011:YOLO26l:GM_RM011_000141_001,YOLO26l,"[421.645,278.152,799.352,597.157]",active_visible,false,"[""YOLO11l:botsort:bs_0022"",""YOLO11l:bytetrack:bt_0024"",""YOLO26l:botsort:bs_0025"",""YOLO26l:bytetrack:bt_0031""]",,birth_or_entry,stable,[],selected from provenance-preserving alternative cluster
GM_RM011,GM_RM011:GV004,142,GM_RM011:AT0048,GM_RM011:YOLO26l:GM_RM011_000142_001,YOLO26l,"[456.287,269.987,798.648,596.264]",active_visible,false,"[""YOLO11l:botsort:bs_0022"",""YOLO11l:bytetrack:bt_0024"",""YOLO26l:botsort:bs_0025"",""YOLO26l:bytetrack:bt_0031""]",,birth_or_entry,stable,[],selected from provenance-preserving alternative cluster
GM_RM011,GM_RM011:GV004,143,GM_RM011:AT0048,GM_RM011:YOLO26l:GM_RM011_000143_001,YOLO26l,"[481.756,280.769,799.202,596.486]",active_visible,false,"[""YOLO11l:botsort:bs_0022"",""YOLO11l:bytetrack:bt_0024"",""YOLO26l:botsort:bs_0025"",""YOLO26l:bytetrack:bt_0031""]",,birth_or_entry,stable,[],selected from provenance-preserving alternative cluster
GM_RM011,GM_RM011:GV004,144,GM_RM011:AT0048,GM_RM011:YOLO26l:GM_RM011_000144_001,YOLO26l,"[506.445,293.031,798.917,596.534]",active_visible,false,"[""YOLO11l:botsort:bs_0022"",""YOLO11l:bytetrack:bt_0024"",""YOLO26l:botsort:bs_0025"",""YOLO26l:bytetrack:bt_0031""]",,birth_or_entry,stable,[],selected from provenance-preserving alternative cluster
GM_RM011,GM_RM011:GV004,145,GM_RM011:AT0048,GM_RM011:YOLO26l:GM_RM011_000145_001,YOLO26l,"[528.398,294.077,798.997,596.073]",active_visible,false,"[""YOLO11l:botsort:bs_0022"",""YOLO11l:bytetrack:bt_0024"",""YOLO26l:botsort:bs_0025"",""YOLO26l:bytetrack:bt_0031""]",,birth_or_entry,stable,[],selected from provenance-preserving alternative cluster
GM_RM011,GM_RM011:GV004,146,GM_RM011:AT0048,GM_RM011:YOLO26l:GM_RM011_000146_001,YOLO26l,"[550.988,284.68,799.115,595.653]",active_visible,false,"[""YOLO11l:botsort:bs_0022"",""YOLO11l:bytetrack:bt_0024"",""YOLO26l:botsort:bs_0025"",""YOLO26l:bytetrack:bt_0031""]",,birth_or_entry,stable,[],selected from provenance-preserving alternative cluster
GM_RM011,GM_RM011:GV004,147,GM_RM011:AT0048,GM_RM011:YOLO26l:GM_RM011_000147_001,YOLO26l,"[574.341,271.272,799.197,594.54]",active_visible,false,"[""YOLO11l:botsort:bs_0022"",""YOLO11l:bytetrack:bt_0024"",""YOLO26l:botsort:bs_0025"",""YOLO26l:bytetrack:bt_0031""]",,birth_or_entry,stable,[],selected from provenance-preserving alternative cluster
GM_RM011,GM_RM011:GV004,148,GM_RM011:AT0048,GM_RM011:YOLO26l:GM_RM011_000148_002,YOLO26l,"[602.547,269.67,799.54,592.246]",active_visible,false,"[""YOLO11l:botsort:bs_0022"",""YOLO11l:bytetrack:bt_0024"",""YOLO26l:botsort:bs_0025"",""YOLO26l:bytetrack:bt_0031""]",,birth_or_entry,stable,[],selected from provenance-preserving alternative cluster
GM_RM011,GM_RM011:GV004,149,GM_RM011:AT0048,GM_RM011:YOLO26l:GM_RM011_000149_002,YOLO26l,"[631.087,268.807,799.458,543.785]",active_visible,false,"[""YOLO11l:botsort:bs_0022"",""YOLO11l:bytetrack:bt_0024"",""YOLO26l:botsort:bs_0025"",""YOLO26l:bytetrack:bt_0031""]",,birth_or_entry,stable,[],selected from provenance-preserving alternative cluster
GM_RM011,GM_RM011:GV004,150,GM_RM011:AT0048,GM_RM011:YOLO26l:GM_RM011_000150_002,YOLO26l,"[662.538,268.716,799.512,519.111]",active_visible,false,"[""YOLO11l:botsort:bs_0022"",""YOLO11l:bytetrack:bt_0024"",""YOLO26l:botsort:bs_0025"",""YOLO26l:bytetrack:bt_0031""]",,birth_or_entry,stable,[],selected from provenance-preserving alternative cluster
GM_RM011,GM_RM011:GV004,151,GM_RM011:AT0048,GM_RM011:YOLO26l:GM_RM011_000151_002,YOLO26l,"[689.707,270.428,799.586,495.746]",exit_or_death,false,"[""YOLO26l:botsort:bs_0025""]",,birth_or_entry,stable,[],selected from provenance-preserving alternative cluster
GM_RM011,GM_RM011:GV005,110,GM_RM011:AT0014,GM_RM011:YOLO11l:GM_RM011_000110_002,YOLO11l,"[0.479,285.259,218.387,575.076]",birth_or_entry,false,"[""YOLO11l:botsort:bs_0024"",""YOLO11l:bytetrack:bt_0026""]",,birth_or_entry,stable,[],selected from provenance-preserving alternative cluster
GM_RM011,GM_RM011:GV005,111,GM_RM011:AT0014,GM_RM011:YOLO11l:GM_RM011_000111_002,YOLO11l,"[0.574,287.823,249.413,591.105]",active_visible,false,"[""YOLO11l:botsort:bs_0024"",""YOLO11l:bytetrack:bt_0026""]",,birth_or_entry,stable,[],selected from provenance-preserving alternative cluster
GM_RM011,GM_RM011:GV005,112,GM_RM011:AT0014,GM_RM011:YOLO11l:GM_RM011_000112_002,YOLO11l,"[0.707,284.467,276.045,593.264]",active_visible,false,"[""YOLO11l:botsort:bs_0024"",""YOLO11l:bytetrack:bt_0026""]",,birth_or_entry,stable,[],selected from provenance-preserving alternative cluster
GM_RM011,GM_RM011:GV005,113,GM_RM011:AT0014,GM_RM011:YOLO11l:GM_RM011_000113_002,YOLO11l,"[0.664,283.776,302.963,593.239]",active_visible,false,"[""YOLO11l:botsort:bs_0024"",""YOLO11l:bytetrack:bt_0026""]",,birth_or_entry,stable,[],selected from provenance-preserving alternative cluster
GM_RM011,GM_RM011:GV005,114,GM_RM011:AT0014,GM_RM011:YOLO11l:GM_RM011_000114_002,YOLO11l,"[0.73,287.636,342.597,593.761]",active_visible,false,"[""YOLO11l:botsort:bs_0024"",""YOLO11l:bytetrack:bt_0026""]",,birth_or_entry,stable,[],selected from provenance-preserving alternative cluster
GM_RM011,GM_RM011:GV005,115,GM_RM011:AT0014,GM_RM011:YOLO11l:GM_RM011_000115_002,YOLO11l,"[1.101,290.379,344.775,593.685]",active_visible,false,"[""YOLO11l:botsort:bs_0024"",""YOLO11l:bytetrack:bt_0026""]",,birth_or_entry,stable,[],selected from provenance-preserving alternative cluster
GM_RM011,GM_RM011:GV005,116,GM_RM011:AT0014,GM_RM011:YOLO11l:GM_RM011_000116_002,YOLO11l,"[0.903,287.539,360.32,593.879]",active_visible,false,"[""YOLO11l:botsort:bs_0024"",""YOLO11l:bytetrack:bt_0026""]",,birth_or_entry,stable,[],selected from provenance-preserving alternative cluster
GM_RM011,GM_RM011:GV005,117,GM_RM011:AT0014,GM_RM011:YOLO11l:GM_RM011_000117_002,YOLO11l,"[0.762,280.92,379.731,593.72]",active_visible,false,"[""YOLO11l:botsort:bs_0024"",""YOLO11l:bytetrack:bt_0026""]",,birth_or_entry,stable,[],selected from provenance-preserving alternative cluster
GM_RM011,GM_RM011:GV005,118,GM_RM011:AT0014,GM_RM011:YOLO11l:GM_RM011_000118_002,YOLO11l,"[0.785,298.72,401.475,593.6]",active_visible,false,"[""YOLO11l:botsort:bs_0024"",""YOLO11l:bytetrack:bt_0026""]",,birth_or_entry,stable,[],selected from provenance-preserving alternative cluster
GM_RM011,GM_RM011:GV005,119,GM_RM011:AT0014,GM_RM011:YOLO11l:GM_RM011_000119_002,YOLO11l,"[0.716,293.111,422.1,593.431]",active_visible,false,"[""YOLO11l:botsort:bs_0024"",""YOLO11l:bytetrack:bt_0026"",""YOLO26l:botsort:bs_0026"",""YOLO26l:bytetrack:bt_0032""]",,birth_or_entry,stable,[],selected from provenance-preserving alternative cluster
GM_RM011,GM_RM011:GV005,120,GM_RM011:AT0014,GM_RM011:YOLO11l:GM_RM011_000120_002,YOLO11l,"[0.749,278.444,441.981,593.769]",active_visible,false,"[""YOLO11l:botsort:bs_0024"",""YOLO11l:bytetrack:bt_0026"",""YOLO26l:botsort:bs_0026"",""YOLO26l:bytetrack:bt_0032""]",,birth_or_entry,stable,[],selected from provenance-preserving alternative cluster
GM_RM011,GM_RM011:GV005,121,GM_RM011:AT0014,GM_RM011:YOLO11l:GM_RM011_000121_002,YOLO11l,"[0.998,269.409,479.189,593.897]",active_visible,false,"[""YOLO11l:botsort:bs_0024"",""YOLO11l:bytetrack:bt_0026"",""YOLO26l:botsort:bs_0026"",""YOLO26l:bytetrack:bt_0032""]",,birth_or_entry,stable,[],selected from provenance-preserving alternative cluster
GM_RM011,GM_RM011:GV005,122,GM_RM011:AT0014,GM_RM011:YOLO11l:GM_RM011_000122_002,YOLO11l,"[36.165,285.225,532.044,594.248]",active_visible,false,"[""YOLO11l:botsort:bs_0024"",""YOLO11l:bytetrack:bt_0026"",""YOLO26l:botsort:bs_0026"",""YOLO26l:bytetrack:bt_0032""]",,birth_or_entry,stable,[],selected from provenance-preserving alternative cluster
GM_RM011,GM_RM011:GV005,123,GM_RM011:AT0014,GM_RM011:YOLO11l:GM_RM011_000123_003,YOLO11l,"[84.515,289.512,579.179,594.157]",active_visible,false,"[""YOLO11l:botsort:bs_0024"",""YOLO11l:bytetrack:bt_0026"",""YOLO26l:botsort:bs_0026"",""YOLO26l:bytetrack:bt_0032""]",,birth_or_entry,stable,[],selected from provenance-preserving alternative cluster
GM_RM011,GM_RM011:GV005,124,GM_RM011:AT0014,GM_RM011:YOLO11l:GM_RM011_000124_003,YOLO11l,"[139.945,291.53,640.094,594.219]",active_visible,false,"[""YOLO11l:botsort:bs_0024"",""YOLO11l:bytetrack:bt_0026"",""YOLO26l:botsort:bs_0026"",""YOLO26l:bytetrack:bt_0032""]",,birth_or_entry,stable,[],selected from provenance-preserving alternative cluster
GM_RM011,GM_RM011:GV005,125,GM_RM011:AT0014,GM_RM011:YOLO11l:GM_RM011_000125_003,YOLO11l,"[200.678,294.713,704.698,594.601]",active_visible,false,"[""YOLO11l:botsort:bs_0024"",""YOLO11l:bytetrack:bt_0026"",""YOLO26l:botsort:bs_0026"",""YOLO26l:bytetrack:bt_0032""]",,birth_or_entry,stable,[],selected from provenance-preserving alternative cluster
GM_RM011,GM_RM011:GV005,126,GM_RM011:AT0014,GM_RM011:YOLO11l:GM_RM011_000126_003,YOLO11l,"[258.142,293.661,777.261,594.094]",active_visible,false,"[""YOLO11l:botsort:bs_0024"",""YOLO11l:bytetrack:bt_0026"",""YOLO26l:botsort:bs_0026"",""YOLO26l:bytetrack:bt_0032""]",,birth_or_entry,stable,[],selected from provenance-preserving alternative cluster
GM_RM011,GM_RM011:GV005,127,GM_RM011:AT0014,GM_RM011:YOLO11l:GM_RM011_000127_002,YOLO11l,"[305.856,294.702,799.505,594.194]",active_visible,false,"[""YOLO11l:botsort:bs_0024"",""YOLO11l:bytetrack:bt_0026"",""YOLO26l:botsort:bs_0026"",""YOLO26l:bytetrack:bt_0032""]",,birth_or_entry,stable,[],selected from provenance-preserving alternative cluster
GM_RM011,GM_RM011:GV005,128,GM_RM011:AT0014,GM_RM011:YOLO11l:GM_RM011_000128_002,YOLO11l,"[355.187,292.491,798.84,594.113]",active_visible,false,"[""YOLO11l:botsort:bs_0024"",""YOLO11l:bytetrack:bt_0026"",""YOLO26l:botsort:bs_0026"",""YOLO26l:bytetrack:bt_0032""]",,birth_or_entry,stable,[],selected from provenance-preserving alternative cluster
GM_RM011,GM_RM011:GV005,129,GM_RM011:AT0014,GM_RM011:YOLO11l:GM_RM011_000129_002,YOLO11l,"[407.903,297.79,799.391,593.939]",active_visible,false,"[""YOLO11l:botsort:bs_0024"",""YOLO11l:bytetrack:bt_0026"",""YOLO26l:botsort:bs_0026"",""YOLO26l:bytetrack:bt_0032""]",,birth_or_entry,stable,[],selected from provenance-preserving alternative cluster
GM_RM011,GM_RM011:GV005,130,GM_RM011:AT0014,GM_RM011:YOLO11l:GM_RM011_000130_002,YOLO11l,"[444.941,300.421,799.54,594.359]",active_visible,false,"[""YOLO11l:botsort:bs_0024"",""YOLO11l:bytetrack:bt_0026"",""YOLO26l:botsort:bs_0026"",""YOLO26l:bytetrack:bt_0032""]",,birth_or_entry,stable,[],selected from provenance-preserving alternative cluster
GM_RM011,GM_RM011:GV005,131,GM_RM011:AT0014,GM_RM011:YOLO11l:GM_RM011_000131_002,YOLO11l,"[476.649,306.586,799.359,594.131]",active_visible,false,"[""YOLO11l:botsort:bs_0024"",""YOLO11l:bytetrack:bt_0026"",""YOLO26l:botsort:bs_0026"",""YOLO26l:bytetrack:bt_0032""]",,birth_or_entry,stable,[],selected from provenance-preserving alternative cluster
GM_RM011,GM_RM011:GV005,132,GM_RM011:AT0014,GM_RM011:YOLO11l:GM_RM011_000132_002,YOLO11l,"[498.726,301.949,799.552,594.321]",active_visible,false,"[""YOLO11l:botsort:bs_0024"",""YOLO11l:bytetrack:bt_0026"",""YOLO26l:botsort:bs_0026"",""YOLO26l:bytetrack:bt_0032""]",,birth_or_entry,stable,[],selected from provenance-preserving alternative cluster
GM_RM011,GM_RM011:GV005,133,GM_RM011:AT0014,GM_RM011:YOLO11l:GM_RM011_000133_002,YOLO11l,"[519.841,297.932,799.286,594.43]",active_visible,false,"[""YOLO11l:botsort:bs_0024"",""YOLO11l:bytetrack:bt_0026"",""YOLO26l:botsort:bs_0026"",""YOLO26l:bytetrack:bt_0032""]",,birth_or_entry,stable,[],selected from provenance-preserving alternative cluster
GM_RM011,GM_RM011:GV005,134,GM_RM011:AT0014,GM_RM011:YOLO11l:GM_RM011_000134_001,YOLO11l,"[543.55,291.83,799.37,594.051]",active_visible,false,"[""YOLO11l:botsort:bs_0024"",""YOLO11l:bytetrack:bt_0026""]",,birth_or_entry,stable,[],selected from provenance-preserving alternative cluster
GM_RM011,GM_RM011:GV005,135,GM_RM011:AT0015,GM_RM011:YOLO11l:GM_RM011_000135_003,YOLO11l,"[566.584,282.296,799.388,593.56]",active_visible,false,"[""YOLO11l:botsort:bs_0024"",""YOLO11l:bytetrack:bt_0026""]",GM_RM011:E001383,"{""edge_id"":""GM_RM011:E001383"",""gap"":0,""motion"":0.0046,""appearance"":null,""color"":0.2277,""shape"":0.1562,""boundary_support"":1.0,""shared_trackers"":[""YOLO11l:botsort:bs_0024"",""YOLO11l:bytetrack:bt_0026""],""total_cost"":0}",stable,[],selected from provenance-preserving alternative cluster
GM_RM011,GM_RM011:GV005,136,GM_RM011:AT0015,GM_RM011:YOLO11l:GM_RM011_000136_003,YOLO11l,"[589.387,286.688,799.566,593.355]",active_visible,false,"[""YOLO11l:botsort:bs_0024"",""YOLO11l:bytetrack:bt_0026""]",,birth_or_entry,stable,[],selected from provenance-preserving alternative cluster
GM_RM011,GM_RM011:GV005,137,GM_RM011:AT0015,GM_RM011:YOLO11l:GM_RM011_000137_003,YOLO11l,"[609.196,286.489,799.632,586.829]",active_visible,false,"[""YOLO11l:botsort:bs_0024"",""YOLO11l:bytetrack:bt_0026""]",,birth_or_entry,stable,[],selected from provenance-preserving alternative cluster
GM_RM011,GM_RM011:GV005,138,GM_RM011:AT0015,GM_RM011:YOLO11l:GM_RM011_000138_003,YOLO11l,"[635.094,283.279,799.437,480.609]",active_visible,false,"[""YOLO11l:botsort:bs_0024"",""YOLO11l:bytetrack:bt_0026""]",,birth_or_entry,stable,[],selected from provenance-preserving alternative cluster
GM_RM011,GM_RM011:GV005,139,GM_RM011:AT0015,GM_RM011:YOLO11l:GM_RM011_000139_003,YOLO11l,"[666.006,289.254,799.793,437.195]",active_visible,false,"[""YOLO11l:botsort:bs_0024""]",,birth_or_entry,stable,[],selected from provenance-preserving alternative cluster
GM_RM011,GM_RM011:GV005,140,GM_RM011:AT0015,GM_RM011:YOLO11l:GM_RM011_000140_003,YOLO11l,"[699.896,289.818,799.71,401.429]",active_visible,false,"[""YOLO11l:botsort:bs_0024"",""YOLO11l:bytetrack:bt_0032""]",,birth_or_entry,stable,[],selected from provenance-preserving alternative cluster
GM_RM011,GM_RM011:GV005,141,,,,,missed_or_occluded,true,"[""YOLO11l:botsort:bs_0024"",""YOLO11l:botsort:bs_0031"",""YOLO11l:botsort:bs_0038"",""YOLO11l:botsort:bs_0044"",""YOLO11l:botsort:bs_0061"",""YOLO11l:bytetrack:bt_0026"",""YOLO11l:bytetrack:bt_0032"",""YOLO11l:bytetrack:bt_0034"",""YOLO11l:bytetrack:bt_0041"",""YOLO11l:bytetrack:bt_0044"",""YOLO11l:bytetrack:bt_0051"",""YOLO11l:bytetrack:bt_0067"",""YOLO11l:bytetrack:bt_0074"",""YOLO11l:bytetrack:bt_0075"",""YOLO11l:bytetrack:bt_0077"",""YOLO26l:botsort:bs_0026"",""YOLO26l:botsort:bs_0039"",""YOLO26l:botsort:bs_0041"",""YOLO26l:botsort:bs_0052"",""YOLO26l:botsort:bs_0057"",""YOLO26l:bytetrack:bt_0032"",""YOLO26l:bytetrack:bt_0052"",""YOLO26l:bytetrack:bt_0054"",""YOLO26l:bytetrack:bt_0070"",""YOLO26l:bytetrack:bt_0074""]",GM_RM011:E001734,gap_state_without_synthetic_bbox,review_gap,"[""gap_recovery""]",No bbox is fabricated for an optical miss or occlusion gap.
GM_RM011,GM_RM011:GV005,142,,,,,missed_or_occluded,true,"[""YOLO11l:botsort:bs_0024"",""YOLO11l:botsort:bs_0031"",""YOLO11l:botsort:bs_0038"",""YOLO11l:botsort:bs_0044"",""YOLO11l:botsort:bs_0061"",""YOLO11l:bytetrack:bt_0026"",""YOLO11l:bytetrack:bt_0032"",""YOLO11l:bytetrack:bt_0034"",""YOLO11l:bytetrack:bt_0041"",""YOLO11l:bytetrack:bt_0044"",""YOLO11l:bytetrack:bt_0051"",""YOLO11l:bytetrack:bt_0067"",""YOLO11l:bytetrack:bt_0074"",""YOLO11l:bytetrack:bt_0075"",""YOLO11l:bytetrack:bt_0077"",""YOLO26l:botsort:bs_0026"",""YOLO26l:botsort:bs_0039"",""YOLO26l:botsort:bs_0041"",""YOLO26l:botsort:bs_0052"",""YOLO26l:botsort:bs_0057"",""YOLO26l:bytetrack:bt_0032"",""YOLO26l:bytetrack:bt_0052"",""YOLO26l:bytetrack:bt_0054"",""YOLO26l:bytetrack:bt_0070"",""YOLO26l:bytetrack:bt_0074""]",,gap_state_without_synthetic_bbox,review_gap,"[""gap_recovery""]",No bbox is fabricated for an optical miss or occlusion gap.
GM_RM011,GM_RM011:GV005,143,,,,,missed_or_occluded,true,"[""YOLO11l:botsort:bs_0024"",""YOLO11l:botsort:bs_0031"",""YOLO11l:botsort:bs_0038"",""YOLO11l:botsort:bs_0044"",""YOLO11l:botsort:bs_0061"",""YOLO11l:bytetrack:bt_0026"",""YOLO11l:bytetrack:bt_0032"",""YOLO11l:bytetrack:bt_0034"",""YOLO11l:bytetrack:bt_0041"",""YOLO11l:bytetrack:bt_0044"",""YOLO11l:bytetrack:bt_0051"",""YOLO11l:bytetrack:bt_0067"",""YOLO11l:bytetrack:bt_0074"",""YOLO11l:bytetrack:bt_0075"",""YOLO11l:bytetrack:bt_0077"",""YOLO26l:botsort:bs_0026"",""YOLO26l:botsort:bs_0039"",""YOLO26l:botsort:bs_0041"",""YOLO26l:botsort:bs_0052"",""YOLO26l:botsort:bs_0057"",""YOLO26l:bytetrack:bt_0032"",""YOLO26l:bytetrack:bt_0052"",""YOLO26l:bytetrack:bt_0054"",""YOLO26l:bytetrack:bt_0070"",""YOLO26l:bytetrack:bt_0074""]",,gap_state_without_synthetic_bbox,review_gap,"[""gap_recovery""]",No bbox is fabricated for an optical miss or occlusion gap.
GM_RM011,GM_RM011:GV005,144,,,,,missed_or_occluded,true,"[""YOLO11l:botsort:bs_0024"",""YOLO11l:botsort:bs_0031"",""YOLO11l:botsort:bs_0038"",""YOLO11l:botsort:bs_0044"",""YOLO11l:botsort:bs_0061"",""YOLO11l:bytetrack:bt_0026"",""YOLO11l:bytetrack:bt_0032"",""YOLO11l:bytetrack:bt_0034"",""YOLO11l:bytetrack:bt_0041"",""YOLO11l:bytetrack:bt_0044"",""YOLO11l:bytetrack:bt_0051"",""YOLO11l:bytetrack:bt_0067"",""YOLO11l:bytetrack:bt_0074"",""YOLO11l:bytetrack:bt_0075"",""YOLO11l:bytetrack:bt_0077"",""YOLO26l:botsort:bs_0026"",""YOLO26l:botsort:bs_0039"",""YOLO26l:botsort:bs_0041"",""YOLO26l:botsort:bs_0052"",""YOLO26l:botsort:bs_0057"",""YOLO26l:bytetrack:bt_0032"",""YOLO26l:bytetrack:bt_0052"",""YOLO26l:bytetrack:bt_0054"",""YOLO26l:bytetrack:bt_0070"",""YOLO26l:bytetrack:bt_0074""]",,gap_state_without_synthetic_bbox,review_gap,"[""gap_recovery""]",No bbox is fabricated for an optical miss or occlusion gap.
GM_RM011,GM_RM011:GV005,145,,,,,missed_or_occluded,true,"[""YOLO11l:botsort:bs_0024"",""YOLO11l:botsort:bs_0031"",""YOLO11l:botsort:bs_0038"",""YOLO11l:botsort:bs_0044"",""YOLO11l:botsort:bs_0061"",""YOLO11l:bytetrack:bt_0026"",""YOLO11l:bytetrack:bt_0032"",""YOLO11l:bytetrack:bt_0034"",""YOLO11l:bytetrack:bt_0041"",""YOLO11l:bytetrack:bt_0044"",""YOLO11l:bytetrack:bt_0051"",""YOLO11l:bytetrack:bt_0067"",""YOLO11l:bytetrack:bt_0074"",""YOLO11l:bytetrack:bt_0075"",""YOLO11l:bytetrack:bt_0077"",""YOLO26l:botsort:bs_0026"",""YOLO26l:botsort:bs_0039"",""YOLO26l:botsort:bs_0041"",""YOLO26l:botsort:bs_0052"",""YOLO26l:botsort:bs_0057"",""YOLO26l:bytetrack:bt_0032"",""YOLO26l:bytetrack:bt_0052"",""YOLO26l:bytetrack:bt_0054"",""YOLO26l:bytetrack:bt_0070"",""YOLO26l:bytetrack:bt_0074""]",,gap_state_without_synthetic_bbox,review_gap,"[""gap_recovery""]",No bbox is fabricated for an optical miss or occlusion gap.
GM_RM011,GM_RM011:GV005,146,,,,,missed_or_occluded,true,"[""YOLO11l:botsort:bs_0024"",""YOLO11l:botsort:bs_0031"",""YOLO11l:botsort:bs_0038"",""YOLO11l:botsort:bs_0044"",""YOLO11l:botsort:bs_0061"",""YOLO11l:bytetrack:bt_0026"",""YOLO11l:bytetrack:bt_0032"",""YOLO11l:bytetrack:bt_0034"",""YOLO11l:bytetrack:bt_0041"",""YOLO11l:bytetrack:bt_0044"",""YOLO11l:bytetrack:bt_0051"",""YOLO11l:bytetrack:bt_0067"",""YOLO11l:bytetrack:bt_0074"",""YOLO11l:bytetrack:bt_0075"",""YOLO11l:bytetrack:bt_0077"",""YOLO26l:botsort:bs_0026"",""YOLO26l:botsort:bs_0039"",""YOLO26l:botsort:bs_0041"",""YOLO26l:botsort:bs_0052"",""YOLO26l:botsort:bs_0057"",""YOLO26l:bytetrack:bt_0032"",""YOLO26l:bytetrack:bt_0052"",""YOLO26l:bytetrack:bt_0054"",""YOLO26l:bytetrack:bt_0070"",""YOLO26l:bytetrack:bt_0074""]",,gap_state_without_synthetic_bbox,review_gap,"[""gap_recovery""]",No bbox is fabricated for an optical miss or occlusion gap.
GM_RM011,GM_RM011:GV005,147,,,,,missed_or_occluded,true,"[""YOLO11l:botsort:bs_0024"",""YOLO11l:botsort:bs_0031"",""YOLO11l:botsort:bs_0038"",""YOLO11l:botsort:bs_0044"",""YOLO11l:botsort:bs_0061"",""YOLO11l:bytetrack:bt_0026"",""YOLO11l:bytetrack:bt_0032"",""YOLO11l:bytetrack:bt_0034"",""YOLO11l:bytetrack:bt_0041"",""YOLO11l:bytetrack:bt_0044"",""YOLO11l:bytetrack:bt_0051"",""YOLO11l:bytetrack:bt_0067"",""YOLO11l:bytetrack:bt_0074"",""YOLO11l:bytetrack:bt_0075"",""YOLO11l:bytetrack:bt_0077"",""YOLO26l:botsort:bs_0026"",""YOLO26l:botsort:bs_0039"",""YOLO26l:botsort:bs_0041"",""YOLO26l:botsort:bs_0052"",""YOLO26l:botsort:bs_0057"",""YOLO26l:bytetrack:bt_0032"",""YOLO26l:bytetrack:bt_0052"",""YOLO26l:bytetrack:bt_0054"",""YOLO26l:bytetrack:bt_0070"",""YOLO26l:bytetrack:bt_0074""]",,gap_state_without_synthetic_bbox,review_gap,"[""gap_recovery""]",No bbox is fabricated for an optical miss or occlusion gap.
GM_RM011,GM_RM011:GV005,148,,,,,missed_or_occluded,true,"[""YOLO11l:botsort:bs_0024"",""YOLO11l:botsort:bs_0031"",""YOLO11l:botsort:bs_0038"",""YOLO11l:botsort:bs_0044"",""YOLO11l:botsort:bs_0061"",""YOLO11l:bytetrack:bt_0026"",""YOLO11l:bytetrack:bt_0032"",""YOLO11l:bytetrack:bt_0034"",""YOLO11l:bytetrack:bt_0041"",""YOLO11l:bytetrack:bt_0044"",""YOLO11l:bytetrack:bt_0051"",""YOLO11l:bytetrack:bt_0067"",""YOLO11l:bytetrack:bt_0074"",""YOLO11l:bytetrack:bt_0075"",""YOLO11l:bytetrack:bt_0077"",""YOLO26l:botsort:bs_0026"",""YOLO26l:botsort:bs_0039"",""YOLO26l:botsort:bs_0041"",""YOLO26l:botsort:bs_0052"",""YOLO26l:botsort:bs_0057"",""YOLO26l:bytetrack:bt_0032"",""YOLO26l:bytetrack:bt_0052"",""YOLO26l:bytetrack:bt_0054"",""YOLO26l:bytetrack:bt_0070"",""YOLO26l:bytetrack:bt_0074""]",,gap_state_without_synthetic_bbox,review_gap,"[""gap_recovery""]",No bbox is fabricated for an optical miss or occlusion gap.
GM_RM011,GM_RM011:GV005,149,,,,,missed_or_occluded,true,"[""YOLO11l:botsort:bs_0024"",""YOLO11l:botsort:bs_0031"",""YOLO11l:botsort:bs_0038"",""YOLO11l:botsort:bs_0044"",""YOLO11l:botsort:bs_0061"",""YOLO11l:bytetrack:bt_0026"",""YOLO11l:bytetrack:bt_0032"",""YOLO11l:bytetrack:bt_0034"",""YOLO11l:bytetrack:bt_0041"",""YOLO11l:bytetrack:bt_0044"",""YOLO11l:bytetrack:bt_0051"",""YOLO11l:bytetrack:bt_0067"",""YOLO11l:bytetrack:bt_0074"",""YOLO11l:bytetrack:bt_0075"",""YOLO11l:bytetrack:bt_0077"",""YOLO26l:botsort:bs_0026"",""YOLO26l:botsort:bs_0039"",""YOLO26l:botsort:bs_0041"",""YOLO26l:botsort:bs_0052"",""YOLO26l:botsort:bs_0057"",""YOLO26l:bytetrack:bt_0032"",""YOLO26l:bytetrack:bt_0052"",""YOLO26l:bytetrack:bt_0054"",""YOLO26l:bytetrack:bt_0070"",""YOLO26l:bytetrack:bt_0074""]",,gap_state_without_synthetic_bbox,review_gap,"[""gap_recovery""]",No bbox is fabricated for an optical miss or occlusion gap.
GM_RM011,GM_RM011:GV005,150,,,,,missed_or_occluded,true,"[""YOLO11l:botsort:bs_0024"",""YOLO11l:botsort:bs_0031"",""YOLO11l:botsort:bs_0038"",""YOLO11l:botsort:bs_0044"",""YOLO11l:botsort:bs_0061"",""YOLO11l:bytetrack:bt_0026"",""YOLO11l:bytetrack:bt_0032"",""YOLO11l:bytetrack:bt_0034"",""YOLO11l:bytetrack:bt_0041"",""YOLO11l:bytetrack:bt_0044"",""YOLO11l:bytetrack:bt_0051"",""YOLO11l:bytetrack:bt_0067"",""YOLO11l:bytetrack:bt_0074"",""YOLO11l:bytetrack:bt_0075"",""YOLO11l:bytetrack:bt_0077"",""YOLO26l:botsort:bs_0026"",""YOLO26l:botsort:bs_0039"",""YOLO26l:botsort:bs_0041"",""YOLO26l:botsort:bs_0052"",""YOLO26l:botsort:bs_0057"",""YOLO26l:bytetrack:bt_0032"",""YOLO26l:bytetrack:bt_0052"",""YOLO26l:bytetrack:bt_0054"",""YOLO26l:bytetrack:bt_0070"",""YOLO26l:bytetrack:bt_0074""]",,gap_state_without_synthetic_bbox,review_gap,"[""gap_recovery""]",No bbox is fabricated for an optical miss or occlusion gap.
GM_RM011,GM_RM011:GV005,151,,,,,missed_or_occluded,true,"[""YOLO11l:botsort:bs_0024"",""YOLO11l:botsort:bs_0031"",""YOLO11l:botsort:bs_0038"",""YOLO11l:botsort:bs_0044"",""YOLO11l:botsort:bs_0061"",""YOLO11l:bytetrack:bt_0026"",""YOLO11l:bytetrack:bt_0032"",""YOLO11l:bytetrack:bt_0034"",""YOLO11l:bytetrack:bt_0041"",""YOLO11l:bytetrack:bt_0044"",""YOLO11l:bytetrack:bt_0051"",""YOLO11l:bytetrack:bt_0067"",""YOLO11l:bytetrack:bt_0074"",""YOLO11l:bytetrack:bt_0075"",""YOLO11l:bytetrack:bt_0077"",""YOLO26l:botsort:bs_0026"",""YOLO26l:botsort:bs_0039"",""YOLO26l:botsort:bs_0041"",""YOLO26l:botsort:bs_0052"",""YOLO26l:botsort:bs_0057"",""YOLO26l:bytetrack:bt_0032"",""YOLO26l:bytetrack:bt_0052"",""YOLO26l:bytetrack:bt_0054"",""YOLO26l:bytetrack:bt_0070"",""YOLO26l:bytetrack:bt_0074""]",,gap_state_without_synthetic_bbox,review_gap,"[""gap_recovery""]",No bbox is fabricated for an optical miss or occlusion gap.
GM_RM011,GM_RM011:GV005,152,,,,,missed_or_occluded,true,"[""YOLO11l:botsort:bs_0024"",""YOLO11l:botsort:bs_0031"",""YOLO11l:botsort:bs_0038"",""YOLO11l:botsort:bs_0044"",""YOLO11l:botsort:bs_0061"",""YOLO11l:bytetrack:bt_0026"",""YOLO11l:bytetrack:bt_0032"",""YOLO11l:bytetrack:bt_0034"",""YOLO11l:bytetrack:bt_0041"",""YOLO11l:bytetrack:bt_0044"",""YOLO11l:bytetrack:bt_0051"",""YOLO11l:bytetrack:bt_0067"",""YOLO11l:bytetrack:bt_0074"",""YOLO11l:bytetrack:bt_0075"",""YOLO11l:bytetrack:bt_0077"",""YOLO26l:botsort:bs_0026"",""YOLO26l:botsort:bs_0039"",""YOLO26l:botsort:bs_0041"",""YOLO26l:botsort:bs_0052"",""YOLO26l:botsort:bs_0057"",""YOLO26l:bytetrack:bt_0032"",""YOLO26l:bytetrack:bt_0052"",""YOLO26l:bytetrack:bt_0054"",""YOLO26l:bytetrack:bt_0070"",""YOLO26l:bytetrack:bt_0074""]",,gap_state_without_synthetic_bbox,review_gap,"[""gap_recovery""]",No bbox is fabricated for an optical miss or occlusion gap.
GM_RM011,GM_RM011:GV005,153,,,,,missed_or_occluded,true,"[""YOLO11l:botsort:bs_0024"",""YOLO11l:botsort:bs_0031"",""YOLO11l:botsort:bs_0038"",""YOLO11l:botsort:bs_0044"",""YOLO11l:botsort:bs_0061"",""YOLO11l:bytetrack:bt_0026"",""YOLO11l:bytetrack:bt_0032"",""YOLO11l:bytetrack:bt_0034"",""YOLO11l:bytetrack:bt_0041"",""YOLO11l:bytetrack:bt_0044"",""YOLO11l:bytetrack:bt_0051"",""YOLO11l:bytetrack:bt_0067"",""YOLO11l:bytetrack:bt_0074"",""YOLO11l:bytetrack:bt_0075"",""YOLO11l:bytetrack:bt_0077"",""YOLO26l:botsort:bs_0026"",""YOLO26l:botsort:bs_0039"",""YOLO26l:botsort:bs_0041"",""YOLO26l:botsort:bs_0052"",""YOLO26l:botsort:bs_0057"",""YOLO26l:bytetrack:bt_0032"",""YOLO26l:bytetrack:bt_0052"",""YOLO26l:bytetrack:bt_0054"",""YOLO26l:bytetrack:bt_0070"",""YOLO26l:bytetrack:bt_0074""]",,gap_state_without_synthetic_bbox,review_gap,"[""gap_recovery""]",No bbox is fabricated for an optical miss or occlusion gap.
GM_RM011,GM_RM011:GV005,154,,,,,missed_or_occluded,true,"[""YOLO11l:botsort:bs_0024"",""YOLO11l:botsort:bs_0031"",""YOLO11l:botsort:bs_0038"",""YOLO11l:botsort:bs_0044"",""YOLO11l:botsort:bs_0061"",""YOLO11l:bytetrack:bt_0026"",""YOLO11l:bytetrack:bt_0032"",""YOLO11l:bytetrack:bt_0034"",""YOLO11l:bytetrack:bt_0041"",""YOLO11l:bytetrack:bt_0044"",""YOLO11l:bytetrack:bt_0051"",""YOLO11l:bytetrack:bt_0067"",""YOLO11l:bytetrack:bt_0074"",""YOLO11l:bytetrack:bt_0075"",""YOLO11l:bytetrack:bt_0077"",""YOLO26l:botsort:bs_0026"",""YOLO26l:botsort:bs_0039"",""YOLO26l:botsort:bs_0041"",""YOLO26l:botsort:bs_0052"",""YOLO26l:botsort:bs_0057"",""YOLO26l:bytetrack:bt_0032"",""YOLO26l:bytetrack:bt_0052"",""YOLO26l:bytetrack:bt_0054"",""YOLO26l:bytetrack:bt_0070"",""YOLO26l:bytetrack:bt_0074""]",,gap_state_without_synthetic_bbox,review_gap,"[""gap_recovery""]",No bbox is fabricated for an optical miss or occlusion gap.
GM_RM011,GM_RM011:GV005,155,GM_RM011:AT0019,GM_RM011:YOLO11l:GM_RM011_000155_002,YOLO11l,"[0.229,360.206,64.334,540.522]",recovery,false,"[""YOLO11l:botsort:bs_0031"",""YOLO11l:bytetrack:bt_0034""]",GM_RM011:E001734,"{""edge_id"":""GM_RM011:E001734"",""gap"":14,""motion"":4.0,""appearance"":null,""color"":0.0998,""shape"":0.9409,""boundary_support"":1.0,""shared_trackers"":[],""total_cost"":224}",moderate_gap,[],selected from provenance-preserving alternative cluster
GM_RM011,GM_RM011:GV005,156,GM_RM011:AT0019,GM_RM011:YOLO11l:GM_RM011_000156_002,YOLO11l,"[0.281,354.887,98.056,569.356]",active_visible,false,"[""YOLO11l:botsort:bs_0031"",""YOLO11l:bytetrack:bt_0034""]",,birth_or_entry,stable,[],selected from provenance-preserving alternative cluster
GM_RM011,GM_RM011:GV005,157,GM_RM011:AT0019,GM_RM011:YOLO11l:GM_RM011_000157_002,YOLO11l,"[0.234,346.7,129.473,589.856]",active_visible,false,"[""YOLO11l:botsort:bs_0031"",""YOLO11l:bytetrack:bt_0034""]",,birth_or_entry,stable,[],selected from provenance-preserving alternative cluster
GM_RM011,GM_RM011:GV005,158,GM_RM011:AT0019,GM_RM011:YOLO11l:GM_RM011_000158_002,YOLO11l,"[0.438,330.528,165.637,594.665]",active_visible,false,"[""YOLO11l:botsort:bs_0031"",""YOLO11l:bytetrack:bt_0034""]",,birth_or_entry,stable,[],selected from provenance-preserving alternative cluster
GM_RM011,GM_RM011:GV005,159,GM_RM011:AT0019,GM_RM011:YOLO11l:GM_RM011_000159_002,YOLO11l,"[0.545,317.1,201.839,594.723]",active_visible,false,"[""YOLO11l:botsort:bs_0031"",""YOLO11l:bytetrack:bt_0034""]",,birth_or_entry,stable,[],selected from provenance-preserving alternative cluster
GM_RM011,GM_RM011:GV005,160,GM_RM011:AT0019,GM_RM011:YOLO11l:GM_RM011_000160_002,YOLO11l,"[0.588,302.761,234.606,594.824]",active_visible,false,"[""YOLO11l:botsort:bs_0031"",""YOLO11l:bytetrack:bt_0034""]",,birth_or_entry,stable,[],selected from provenance-preserving alternative cluster
GM_RM011,GM_RM011:GV005,161,GM_RM011:AT0019,GM_RM011:YOLO11l:GM_RM011_000161_002,YOLO11l,"[0.939,292.944,271.567,594.753]",active_visible,false,"[""YOLO11l:botsort:bs_0031"",""YOLO11l:bytetrack:bt_0034""]",,birth_or_entry,stable,[],selected from provenance-preserving alternative cluster
GM_RM011,GM_RM011:GV005,162,GM_RM011:AT0019,GM_RM011:YOLO11l:GM_RM011_000162_001,YOLO11l,"[0.655,295.483,310.424,595.338]",active_visible,false,"[""YOLO11l:botsort:bs_0031"",""YOLO11l:bytetrack:bt_0034""]",,birth_or_entry,stable,[],selected from provenance-preserving alternative cluster
GM_RM011,GM_RM011:GV005,163,GM_RM011:AT0019,GM_RM011:YOLO11l:GM_RM011_000163_001,YOLO11l,"[0.907,295.312,350.911,595.154]",active_visible,false,"[""YOLO11l:botsort:bs_0031"",""YOLO11l:bytetrack:bt_0034""]",,birth_or_entry,stable,[],selected from provenance-preserving alternative cluster
GM_RM011,GM_RM011:GV005,164,GM_RM011:AT0019,GM_RM011:YOLO11l:GM_RM011_000164_002,YOLO11l,"[1.057,304.882,397.375,594.926]",active_visible,false,"[""YOLO11l:botsort:bs_0031""]",,birth_or_entry,stable,[],selected from provenance-preserving alternative cluster
GM_RM011,GM_RM011:GV005,165,GM_RM011:AT0019,GM_RM011:YOLO11l:GM_RM011_000165_002,YOLO11l,"[1.22,309.318,454.549,594.492]",active_visible,false,"[""YOLO11l:botsort:bs_0031"",""YOLO11l:bytetrack:bt_0034""]",,birth_or_entry,stable,[],selected from provenance-preserving alternative cluster
GM_RM011,GM_RM011:GV005,166,GM_RM011:AT0019,GM_RM011:YOLO11l:GM_RM011_000166_001,YOLO11l,"[1.565,325.946,503.322,593.899]",active_visible,false,"[""YOLO11l:botsort:bs_0031"",""YOLO11l:bytetrack:bt_0034""]",,birth_or_entry,stable,[],selected from provenance-preserving alternative cluster
GM_RM011,GM_RM011:GV005,167,GM_RM011:AT0020,GM_RM011:YOLO11l:GM_RM011_000167_001,YOLO11l,"[9.404,309.981,557.225,592.875]",active_visible,false,"[""YOLO11l:botsort:bs_0031""]",GM_RM011:E001904,"{""edge_id"":""GM_RM011:E001904"",""gap"":0,""motion"":0.0298,""appearance"":null,""color"":0.1436,""shape"":0.1046,""boundary_support"":1.0,""shared_trackers"":[""YOLO11l:botsort:bs_0031""],""total_cost"":0}",stable,[],selected from provenance-preserving alternative cluster
GM_RM011,GM_RM011:GV005,168,,,,,missed_or_occluded,true,"[""YOLO11l:botsort:bs_0024"",""YOLO11l:botsort:bs_0031"",""YOLO11l:botsort:bs_0038"",""YOLO11l:botsort:bs_0044"",""YOLO11l:botsort:bs_0061"",""YOLO11l:bytetrack:bt_0026"",""YOLO11l:bytetrack:bt_0032"",""YOLO11l:bytetrack:bt_0034"",""YOLO11l:bytetrack:bt_0041"",""YOLO11l:bytetrack:bt_0044"",""YOLO11l:bytetrack:bt_0051"",""YOLO11l:bytetrack:bt_0067"",""YOLO11l:bytetrack:bt_0074"",""YOLO11l:bytetrack:bt_0075"",""YOLO11l:bytetrack:bt_0077"",""YOLO26l:botsort:bs_0026"",""YOLO26l:botsort:bs_0039"",""YOLO26l:botsort:bs_0041"",""YOLO26l:botsort:bs_0052"",""YOLO26l:botsort:bs_0057"",""YOLO26l:bytetrack:bt_0032"",""YOLO26l:bytetrack:bt_0052"",""YOLO26l:bytetrack:bt_0054"",""YOLO26l:bytetrack:bt_0070"",""YOLO26l:bytetrack:bt_0074""]",GM_RM011:E001940,gap_state_without_synthetic_bbox,review_gap,"[""gap_recovery""]",No bbox is fabricated for an optical miss or occlusion gap.
GM_RM011,GM_RM011:GV005,169,,,,,missed_or_occluded,true,"[""YOLO11l:botsort:bs_0024"",""YOLO11l:botsort:bs_0031"",""YOLO11l:botsort:bs_0038"",""YOLO11l:botsort:bs_0044"",""YOLO11l:botsort:bs_0061"",""YOLO11l:bytetrack:bt_0026"",""YOLO11l:bytetrack:bt_0032"",""YOLO11l:bytetrack:bt_0034"",""YOLO11l:bytetrack:bt_0041"",""YOLO11l:bytetrack:bt_0044"",""YOLO11l:bytetrack:bt_0051"",""YOLO11l:bytetrack:bt_0067"",""YOLO11l:bytetrack:bt_0074"",""YOLO11l:bytetrack:bt_0075"",""YOLO11l:bytetrack:bt_0077"",""YOLO26l:botsort:bs_0026"",""YOLO26l:botsort:bs_0039"",""YOLO26l:botsort:bs_0041"",""YOLO26l:botsort:bs_0052"",""YOLO26l:botsort:bs_0057"",""YOLO26l:bytetrack:bt_0032"",""YOLO26l:bytetrack:bt_0052"",""YOLO26l:bytetrack:bt_0054"",""YOLO26l:bytetrack:bt_0070"",""YOLO26l:bytetrack:bt_0074""]",,gap_state_without_synthetic_bbox,review_gap,"[""gap_recovery""]",No bbox is fabricated for an optical miss or occlusion gap.
GM_RM011,GM_RM011:GV005,170,,,,,missed_or_occluded,true,"[""YOLO11l:botsort:bs_0024"",""YOLO11l:botsort:bs_0031"",""YOLO11l:botsort:bs_0038"",""YOLO11l:botsort:bs_0044"",""YOLO11l:botsort:bs_0061"",""YOLO11l:bytetrack:bt_0026"",""YOLO11l:bytetrack:bt_0032"",""YOLO11l:bytetrack:bt_0034"",""YOLO11l:bytetrack:bt_0041"",""YOLO11l:bytetrack:bt_0044"",""YOLO11l:bytetrack:bt_0051"",""YOLO11l:bytetrack:bt_0067"",""YOLO11l:bytetrack:bt_0074"",""YOLO11l:bytetrack:bt_0075"",""YOLO11l:bytetrack:bt_0077"",""YOLO26l:botsort:bs_0026"",""YOLO26l:botsort:bs_0039"",""YOLO26l:botsort:bs_0041"",""YOLO26l:botsort:bs_0052"",""YOLO26l:botsort:bs_0057"",""YOLO26l:bytetrack:bt_0032"",""YOLO26l:bytetrack:bt_0052"",""YOLO26l:bytetrack:bt_0054"",""YOLO26l:bytetrack:bt_0070"",""YOLO26l:bytetrack:bt_0074""]",,gap_state_without_synthetic_bbox,review_gap,"[""gap_recovery""]",No bbox is fabricated for an optical miss or occlusion gap.
GM_RM011,GM_RM011:GV005,171,,,,,missed_or_occluded,true,"[""YOLO11l:botsort:bs_0024"",""YOLO11l:botsort:bs_0031"",""YOLO11l:botsort:bs_0038"",""YOLO11l:botsort:bs_0044"",""YOLO11l:botsort:bs_0061"",""YOLO11l:bytetrack:bt_0026"",""YOLO11l:bytetrack:bt_0032"",""YOLO11l:bytetrack:bt_0034"",""YOLO11l:bytetrack:bt_0041"",""YOLO11l:bytetrack:bt_0044"",""YOLO11l:bytetrack:bt_0051"",""YOLO11l:bytetrack:bt_0067"",""YOLO11l:bytetrack:bt_0074"",""YOLO11l:bytetrack:bt_0075"",""YOLO11l:bytetrack:bt_0077"",""YOLO26l:botsort:bs_0026"",""YOLO26l:botsort:bs_0039"",""YOLO26l:botsort:bs_0041"",""YOLO26l:botsort:bs_0052"",""YOLO26l:botsort:bs_0057"",""YOLO26l:bytetrack:bt_0032"",""YOLO26l:bytetrack:bt_0052"",""YOLO26l:bytetrack:bt_0054"",""YOLO26l:bytetrack:bt_0070"",""YOLO26l:bytetrack:bt_0074""]",,gap_state_without_synthetic_bbox,review_gap,"[""gap_recovery""]",No bbox is fabricated for an optical miss or occlusion gap.
GM_RM011,GM_RM011:GV005,172,,,,,missed_or_occluded,true,"[""YOLO11l:botsort:bs_0024"",""YOLO11l:botsort:bs_0031"",""YOLO11l:botsort:bs_0038"",""YOLO11l:botsort:bs_0044"",""YOLO11l:botsort:bs_0061"",""YOLO11l:bytetrack:bt_0026"",""YOLO11l:bytetrack:bt_0032"",""YOLO11l:bytetrack:bt_0034"",""YOLO11l:bytetrack:bt_0041"",""YOLO11l:bytetrack:bt_0044"",""YOLO11l:bytetrack:bt_0051"",""YOLO11l:bytetrack:bt_0067"",""YOLO11l:bytetrack:bt_0074"",""YOLO11l:bytetrack:bt_0075"",""YOLO11l:bytetrack:bt_0077"",""YOLO26l:botsort:bs_0026"",""YOLO26l:botsort:bs_0039"",""YOLO26l:botsort:bs_0041"",""YOLO26l:botsort:bs_0052"",""YOLO26l:botsort:bs_0057"",""YOLO26l:bytetrack:bt_0032"",""YOLO26l:bytetrack:bt_0052"",""YOLO26l:bytetrack:bt_0054"",""YOLO26l:bytetrack:bt_0070"",""YOLO26l:bytetrack:bt_0074""]",,gap_state_without_synthetic_bbox,review_gap,"[""gap_recovery""]",No bbox is fabricated for an optical miss or occlusion gap.
GM_RM011,GM_RM011:GV005,173,,,,,missed_or_occluded,true,"[""YOLO11l:botsort:bs_0024"",""YOLO11l:botsort:bs_0031"",""YOLO11l:botsort:bs_0038"",""YOLO11l:botsort:bs_0044"",""YOLO11l:botsort:bs_0061"",""YOLO11l:bytetrack:bt_0026"",""YOLO11l:bytetrack:bt_0032"",""YOLO11l:bytetrack:bt_0034"",""YOLO11l:bytetrack:bt_0041"",""YOLO11l:bytetrack:bt_0044"",""YOLO11l:bytetrack:bt_0051"",""YOLO11l:bytetrack:bt_0067"",""YOLO11l:bytetrack:bt_0074"",""YOLO11l:bytetrack:bt_0075"",""YOLO11l:bytetrack:bt_0077"",""YOLO26l:botsort:bs_0026"",""YOLO26l:botsort:bs_0039"",""YOLO26l:botsort:bs_0041"",""YOLO26l:botsort:bs_0052"",""YOLO26l:botsort:bs_0057"",""YOLO26l:bytetrack:bt_0032"",""YOLO26l:bytetrack:bt_0052"",""YOLO26l:bytetrack:bt_0054"",""YOLO26l:bytetrack:bt_0070"",""YOLO26l:bytetrack:bt_0074""]",,gap_state_without_synthetic_bbox,review_gap,"[""gap_recovery""]",No bbox is fabricated for an optical miss or occlusion gap.
GM_RM011,GM_RM011:GV005,174,,,,,missed_or_occluded,true,"[""YOLO11l:botsort:bs_0024"",""YOLO11l:botsort:bs_0031"",""YOLO11l:botsort:bs_0038"",""YOLO11l:botsort:bs_0044"",""YOLO11l:botsort:bs_0061"",""YOLO11l:bytetrack:bt_0026"",""YOLO11l:bytetrack:bt_0032"",""YOLO11l:bytetrack:bt_0034"",""YOLO11l:bytetrack:bt_0041"",""YOLO11l:bytetrack:bt_0044"",""YOLO11l:bytetrack:bt_0051"",""YOLO11l:bytetrack:bt_0067"",""YOLO11l:bytetrack:bt_0074"",""YOLO11l:bytetrack:bt_0075"",""YOLO11l:bytetrack:bt_0077"",""YOLO26l:botsort:bs_0026"",""YOLO26l:botsort:bs_0039"",""YOLO26l:botsort:bs_0041"",""YOLO26l:botsort:bs_0052"",""YOLO26l:botsort:bs_0057"",""YOLO26l:bytetrack:bt_0032"",""YOLO26l:bytetrack:bt_0052"",""YOLO26l:bytetrack:bt_0054"",""YOLO26l:bytetrack:bt_0070"",""YOLO26l:bytetrack:bt_0074""]",,gap_state_without_synthetic_bbox,review_gap,"[""gap_recovery""]",No bbox is fabricated for an optical miss or occlusion gap.
GM_RM011,GM_RM011:GV005,175,,,,,missed_or_occluded,true,"[""YOLO11l:botsort:bs_0024"",""YOLO11l:botsort:bs_0031"",""YOLO11l:botsort:bs_0038"",""YOLO11l:botsort:bs_0044"",""YOLO11l:botsort:bs_0061"",""YOLO11l:bytetrack:bt_0026"",""YOLO11l:bytetrack:bt_0032"",""YOLO11l:bytetrack:bt_0034"",""YOLO11l:bytetrack:bt_0041"",""YOLO11l:bytetrack:bt_0044"",""YOLO11l:bytetrack:bt_0051"",""YOLO11l:bytetrack:bt_0067"",""YOLO11l:bytetrack:bt_0074"",""YOLO11l:bytetrack:bt_0075"",""YOLO11l:bytetrack:bt_0077"",""YOLO26l:botsort:bs_0026"",""YOLO26l:botsort:bs_0039"",""YOLO26l:botsort:bs_0041"",""YOLO26l:botsort:bs_0052"",""YOLO26l:botsort:bs_0057"",""YOLO26l:bytetrack:bt_0032"",""YOLO26l:bytetrack:bt_0052"",""YOLO26l:bytetrack:bt_0054"",""YOLO26l:bytetrack:bt_0070"",""YOLO26l:bytetrack:bt_0074""]",,gap_state_without_synthetic_bbox,review_gap,"[""gap_recovery""]",No bbox is fabricated for an optical miss or occlusion gap.
GM_RM011,GM_RM011:GV005,176,,,,,missed_or_occluded,true,"[""YOLO11l:botsort:bs_0024"",""YOLO11l:botsort:bs_0031"",""YOLO11l:botsort:bs_0038"",""YOLO11l:botsort:bs_0044"",""YOLO11l:botsort:bs_0061"",""YOLO11l:bytetrack:bt_0026"",""YOLO11l:bytetrack:bt_0032"",""YOLO11l:bytetrack:bt_0034"",""YOLO11l:bytetrack:bt_0041"",""YOLO11l:bytetrack:bt_0044"",""YOLO11l:bytetrack:bt_0051"",""YOLO11l:bytetrack:bt_0067"",""YOLO11l:bytetrack:bt_0074"",""YOLO11l:bytetrack:bt_0075"",""YOLO11l:bytetrack:bt_0077"",""YOLO26l:botsort:bs_0026"",""YOLO26l:botsort:bs_0039"",""YOLO26l:botsort:bs_0041"",""YOLO26l:botsort:bs_0052"",""YOLO26l:botsort:bs_0057"",""YOLO26l:bytetrack:bt_0032"",""YOLO26l:bytetrack:bt_0052"",""YOLO26l:bytetrack:bt_0054"",""YOLO26l:bytetrack:bt_0070"",""YOLO26l:bytetrack:bt_0074""]",,gap_state_without_synthetic_bbox,review_gap,"[""gap_recovery""]",No bbox is fabricated for an optical miss or occlusion gap.
GM_RM011,GM_RM011:GV005,177,,,,,missed_or_occluded,true,"[""YOLO11l:botsort:bs_0024"",""YOLO11l:botsort:bs_0031"",""YOLO11l:botsort:bs_0038"",""YOLO11l:botsort:bs_0044"",""YOLO11l:botsort:bs_0061"",""YOLO11l:bytetrack:bt_0026"",""YOLO11l:bytetrack:bt_0032"",""YOLO11l:bytetrack:bt_0034"",""YOLO11l:bytetrack:bt_0041"",""YOLO11l:bytetrack:bt_0044"",""YOLO11l:bytetrack:bt_0051"",""YOLO11l:bytetrack:bt_0067"",""YOLO11l:bytetrack:bt_0074"",""YOLO11l:bytetrack:bt_0075"",""YOLO11l:bytetrack:bt_0077"",""YOLO26l:botsort:bs_0026"",""YOLO26l:botsort:bs_0039"",""YOLO26l:botsort:bs_0041"",""YOLO26l:botsort:bs_0052"",""YOLO26l:botsort:bs_0057"",""YOLO26l:bytetrack:bt_0032"",""YOLO26l:bytetrack:bt_0052"",""YOLO26l:bytetrack:bt_0054"",""YOLO26l:bytetrack:bt_0070"",""YOLO26l:bytetrack:bt_0074""]",,gap_state_without_synthetic_bbox,review_gap,"[""gap_recovery""]",No bbox is fabricated for an optical miss or occlusion gap.
GM_RM011,GM_RM011:GV005,178,,,,,missed_or_occluded,true,"[""YOLO11l:botsort:bs_0024"",""YOLO11l:botsort:bs_0031"",""YOLO11l:botsort:bs_0038"",""YOLO11l:botsort:bs_0044"",""YOLO11l:botsort:bs_0061"",""YOLO11l:bytetrack:bt_0026"",""YOLO11l:bytetrack:bt_0032"",""YOLO11l:bytetrack:bt_0034"",""YOLO11l:bytetrack:bt_0041"",""YOLO11l:bytetrack:bt_0044"",""YOLO11l:bytetrack:bt_0051"",""YOLO11l:bytetrack:bt_0067"",""YOLO11l:bytetrack:bt_0074"",""YOLO11l:bytetrack:bt_0075"",""YOLO11l:bytetrack:bt_0077"",""YOLO26l:botsort:bs_0026"",""YOLO26l:botsort:bs_0039"",""YOLO26l:botsort:bs_0041"",""YOLO26l:botsort:bs_0052"",""YOLO26l:botsort:bs_0057"",""YOLO26l:bytetrack:bt_0032"",""YOLO26l:bytetrack:bt_0052"",""YOLO26l:bytetrack:bt_0054"",""YOLO26l:bytetrack:bt_0070"",""YOLO26l:bytetrack:bt_0074""]",,gap_state_without_synthetic_bbox,review_gap,"[""gap_recovery""]",No bbox is fabricated for an optical miss or occlusion gap.
GM_RM011,GM_RM011:GV005,179,,,,,missed_or_occluded,true,"[""YOLO11l:botsort:bs_0024"",""YOLO11l:botsort:bs_0031"",""YOLO11l:botsort:bs_0038"",""YOLO11l:botsort:bs_0044"",""YOLO11l:botsort:bs_0061"",""YOLO11l:bytetrack:bt_0026"",""YOLO11l:bytetrack:bt_0032"",""YOLO11l:bytetrack:bt_0034"",""YOLO11l:bytetrack:bt_0041"",""YOLO11l:bytetrack:bt_0044"",""YOLO11l:bytetrack:bt_0051"",""YOLO11l:bytetrack:bt_0067"",""YOLO11l:bytetrack:bt_0074"",""YOLO11l:bytetrack:bt_0075"",""YOLO11l:bytetrack:bt_0077"",""YOLO26l:botsort:bs_0026"",""YOLO26l:botsort:bs_0039"",""YOLO26l:botsort:bs_0041"",""YOLO26l:botsort:bs_0052"",""YOLO26l:botsort:bs_0057"",""YOLO26l:bytetrack:bt_0032"",""YOLO26l:bytetrack:bt_0052"",""YOLO26l:bytetrack:bt_0054"",""YOLO26l:bytetrack:bt_0070"",""YOLO26l:bytetrack:bt_0074""]",,gap_state_without_synthetic_bbox,review_gap,"[""gap_recovery""]",No bbox is fabricated for an optical miss or occlusion gap.
GM_RM011,GM_RM011:GV005,180,,,,,missed_or_occluded,true,"[""YOLO11l:botsort:bs_0024"",""YOLO11l:botsort:bs_0031"",""YOLO11l:botsort:bs_0038"",""YOLO11l:botsort:bs_0044"",""YOLO11l:botsort:bs_0061"",""YOLO11l:bytetrack:bt_0026"",""YOLO11l:bytetrack:bt_0032"",""YOLO11l:bytetrack:bt_0034"",""YOLO11l:bytetrack:bt_0041"",""YOLO11l:bytetrack:bt_0044"",""YOLO11l:bytetrack:bt_0051"",""YOLO11l:bytetrack:bt_0067"",""YOLO11l:bytetrack:bt_0074"",""YOLO11l:bytetrack:bt_0075"",""YOLO11l:bytetrack:bt_0077"",""YOLO26l:botsort:bs_0026"",""YOLO26l:botsort:bs_0039"",""YOLO26l:botsort:bs_0041"",""YOLO26l:botsort:bs_0052"",""YOLO26l:botsort:bs_0057"",""YOLO26l:bytetrack:bt_0032"",""YOLO26l:bytetrack:bt_0052"",""YOLO26l:bytetrack:bt_0054"",""YOLO26l:bytetrack:bt_0070"",""YOLO26l:bytetrack:bt_0074""]",,gap_state_without_synthetic_bbox,review_gap,"[""gap_recovery""]",No bbox is fabricated for an optical miss or occlusion gap.
GM_RM011,GM_RM011:GV005,181,,,,,missed_or_occluded,true,"[""YOLO11l:botsort:bs_0024"",""YOLO11l:botsort:bs_0031"",""YOLO11l:botsort:bs_0038"",""YOLO11l:botsort:bs_0044"",""YOLO11l:botsort:bs_0061"",""YOLO11l:bytetrack:bt_0026"",""YOLO11l:bytetrack:bt_0032"",""YOLO11l:bytetrack:bt_0034"",""YOLO11l:bytetrack:bt_0041"",""YOLO11l:bytetrack:bt_0044"",""YOLO11l:bytetrack:bt_0051"",""YOLO11l:bytetrack:bt_0067"",""YOLO11l:bytetrack:bt_0074"",""YOLO11l:bytetrack:bt_0075"",""YOLO11l:bytetrack:bt_0077"",""YOLO26l:botsort:bs_0026"",""YOLO26l:botsort:bs_0039"",""YOLO26l:botsort:bs_0041"",""YOLO26l:botsort:bs_0052"",""YOLO26l:botsort:bs_0057"",""YOLO26l:bytetrack:bt_0032"",""YOLO26l:bytetrack:bt_0052"",""YOLO26l:bytetrack:bt_0054"",""YOLO26l:bytetrack:bt_0070"",""YOLO26l:bytetrack:bt_0074""]",,gap_state_without_synthetic_bbox,review_gap,"[""gap_recovery""]",No bbox is fabricated for an optical miss or occlusion gap.
GM_RM011,GM_RM011:GV005,182,,,,,missed_or_occluded,true,"[""YOLO11l:botsort:bs_0024"",""YOLO11l:botsort:bs_0031"",""YOLO11l:botsort:bs_0038"",""YOLO11l:botsort:bs_0044"",""YOLO11l:botsort:bs_0061"",""YOLO11l:bytetrack:bt_0026"",""YOLO11l:bytetrack:bt_0032"",""YOLO11l:bytetrack:bt_0034"",""YOLO11l:bytetrack:bt_0041"",""YOLO11l:bytetrack:bt_0044"",""YOLO11l:bytetrack:bt_0051"",""YOLO11l:bytetrack:bt_0067"",""YOLO11l:bytetrack:bt_0074"",""YOLO11l:bytetrack:bt_0075"",""YOLO11l:bytetrack:bt_0077"",""YOLO26l:botsort:bs_0026"",""YOLO26l:botsort:bs_0039"",""YOLO26l:botsort:bs_0041"",""YOLO26l:botsort:bs_0052"",""YOLO26l:botsort:bs_0057"",""YOLO26l:bytetrack:bt_0032"",""YOLO26l:bytetrack:bt_0052"",""YOLO26l:bytetrack:bt_0054"",""YOLO26l:bytetrack:bt_0070"",""YOLO26l:bytetrack:bt_0074""]",,gap_state_without_synthetic_bbox,review_gap,"[""gap_recovery""]",No bbox is fabricated for an optical miss or occlusion gap.
GM_RM011,GM_RM011:GV005,183,,,,,missed_or_occluded,true,"[""YOLO11l:botsort:bs_0024"",""YOLO11l:botsort:bs_0031"",""YOLO11l:botsort:bs_0038"",""YOLO11l:botsort:bs_0044"",""YOLO11l:botsort:bs_0061"",""YOLO11l:bytetrack:bt_0026"",""YOLO11l:bytetrack:bt_0032"",""YOLO11l:bytetrack:bt_0034"",""YOLO11l:bytetrack:bt_0041"",""YOLO11l:bytetrack:bt_0044"",""YOLO11l:bytetrack:bt_0051"",""YOLO11l:bytetrack:bt_0067"",""YOLO11l:bytetrack:bt_0074"",""YOLO11l:bytetrack:bt_0075"",""YOLO11l:bytetrack:bt_0077"",""YOLO26l:botsort:bs_0026"",""YOLO26l:botsort:bs_0039"",""YOLO26l:botsort:bs_0041"",""YOLO26l:botsort:bs_0052"",""YOLO26l:botsort:bs_0057"",""YOLO26l:bytetrack:bt_0032"",""YOLO26l:bytetrack:bt_0052"",""YOLO26l:bytetrack:bt_0054"",""YOLO26l:bytetrack:bt_0070"",""YOLO26l:bytetrack:bt_0074""]",,gap_state_without_synthetic_bbox,review_gap,"[""gap_recovery""]",No bbox is fabricated for an optical miss or occlusion gap.
GM_RM011,GM_RM011:GV005,184,,,,,missed_or_occluded,true,"[""YOLO11l:botsort:bs_0024"",""YOLO11l:botsort:bs_0031"",""YOLO11l:botsort:bs_0038"",""YOLO11l:botsort:bs_0044"",""YOLO11l:botsort:bs_0061"",""YOLO11l:bytetrack:bt_0026"",""YOLO11l:bytetrack:bt_0032"",""YOLO11l:bytetrack:bt_0034"",""YOLO11l:bytetrack:bt_0041"",""YOLO11l:bytetrack:bt_0044"",""YOLO11l:bytetrack:bt_0051"",""YOLO11l:bytetrack:bt_0067"",""YOLO11l:bytetrack:bt_0074"",""YOLO11l:bytetrack:bt_0075"",""YOLO11l:bytetrack:bt_0077"",""YOLO26l:botsort:bs_0026"",""YOLO26l:botsort:bs_0039"",""YOLO26l:botsort:bs_0041"",""YOLO26l:botsort:bs_0052"",""YOLO26l:botsort:bs_0057"",""YOLO26l:bytetrack:bt_0032"",""YOLO26l:bytetrack:bt_0052"",""YOLO26l:bytetrack:bt_0054"",""YOLO26l:bytetrack:bt_0070"",""YOLO26l:bytetrack:bt_0074""]",,gap_state_without_synthetic_bbox,review_gap,"[""gap_recovery""]",No bbox is fabricated for an optical miss or occlusion gap.
GM_RM011,GM_RM011:GV005,185,,,,,missed_or_occluded,true,"[""YOLO11l:botsort:bs_0024"",""YOLO11l:botsort:bs_0031"",""YOLO11l:botsort:bs_0038"",""YOLO11l:botsort:bs_0044"",""YOLO11l:botsort:bs_0061"",""YOLO11l:bytetrack:bt_0026"",""YOLO11l:bytetrack:bt_0032"",""YOLO11l:bytetrack:bt_0034"",""YOLO11l:bytetrack:bt_0041"",""YOLO11l:bytetrack:bt_0044"",""YOLO11l:bytetrack:bt_0051"",""YOLO11l:bytetrack:bt_0067"",""YOLO11l:bytetrack:bt_0074"",""YOLO11l:bytetrack:bt_0075"",""YOLO11l:bytetrack:bt_0077"",""YOLO26l:botsort:bs_0026"",""YOLO26l:botsort:bs_0039"",""YOLO26l:botsort:bs_0041"",""YOLO26l:botsort:bs_0052"",""YOLO26l:botsort:bs_0057"",""YOLO26l:bytetrack:bt_0032"",""YOLO26l:bytetrack:bt_0052"",""YOLO26l:bytetrack:bt_0054"",""YOLO26l:bytetrack:bt_0070"",""YOLO26l:bytetrack:bt_0074""]",,gap_state_without_synthetic_bbox,review_gap,"[""gap_recovery""]",No bbox is fabricated for an optical miss or occlusion gap.
GM_RM011,GM_RM011:GV005,186,,,,,missed_or_occluded,true,"[""YOLO11l:botsort:bs_0024"",""YOLO11l:botsort:bs_0031"",""YOLO11l:botsort:bs_0038"",""YOLO11l:botsort:bs_0044"",""YOLO11l:botsort:bs_0061"",""YOLO11l:bytetrack:bt_0026"",""YOLO11l:bytetrack:bt_0032"",""YOLO11l:bytetrack:bt_0034"",""YOLO11l:bytetrack:bt_0041"",""YOLO11l:bytetrack:bt_0044"",""YOLO11l:bytetrack:bt_0051"",""YOLO11l:bytetrack:bt_0067"",""YOLO11l:bytetrack:bt_0074"",""YOLO11l:bytetrack:bt_0075"",""YOLO11l:bytetrack:bt_0077"",""YOLO26l:botsort:bs_0026"",""YOLO26l:botsort:bs_0039"",""YOLO26l:botsort:bs_0041"",""YOLO26l:botsort:bs_0052"",""YOLO26l:botsort:bs_0057"",""YOLO26l:bytetrack:bt_0032"",""YOLO26l:bytetrack:bt_0052"",""YOLO26l:bytetrack:bt_0054"",""YOLO26l:bytetrack:bt_0070"",""YOLO26l:bytetrack:bt_0074""]",,gap_state_without_synthetic_bbox,review_gap,"[""gap_recovery""]",No bbox is fabricated for an optical miss or occlusion gap.
GM_RM011,GM_RM011:GV005,187,,,,,missed_or_occluded,true,"[""YOLO11l:botsort:bs_0024"",""YOLO11l:botsort:bs_0031"",""YOLO11l:botsort:bs_0038"",""YOLO11l:botsort:bs_0044"",""YOLO11l:botsort:bs_0061"",""YOLO11l:bytetrack:bt_0026"",""YOLO11l:bytetrack:bt_0032"",""YOLO11l:bytetrack:bt_0034"",""YOLO11l:bytetrack:bt_0041"",""YOLO11l:bytetrack:bt_0044"",""YOLO11l:bytetrack:bt_0051"",""YOLO11l:bytetrack:bt_0067"",""YOLO11l:bytetrack:bt_0074"",""YOLO11l:bytetrack:bt_0075"",""YOLO11l:bytetrack:bt_0077"",""YOLO26l:botsort:bs_0026"",""YOLO26l:botsort:bs_0039"",""YOLO26l:botsort:bs_0041"",""YOLO26l:botsort:bs_0052"",""YOLO26l:botsort:bs_0057"",""YOLO26l:bytetrack:bt_0032"",""YOLO26l:bytetrack:bt_0052"",""YOLO26l:bytetrack:bt_0054"",""YOLO26l:bytetrack:bt_0070"",""YOLO26l:bytetrack:bt_0074""]",,gap_state_without_synthetic_bbox,review_gap,"[""gap_recovery""]",No bbox is fabricated for an optical miss or occlusion gap.
GM_RM011,GM_RM011:GV005,188,GM_RM011:AT0021,GM_RM011:YOLO11l:GM_RM011_000188_001,YOLO11l,"[278.378,283.801,798.067,593.054]",recovery,false,"[""YOLO11l:botsort:bs_0031""]",GM_RM011:E001940,"{""edge_id"":""GM_RM011:E001940"",""gap"":20,""motion"":0.418,""appearance"":null,""color"":0.1692,""shape"":0.16,""boundary_support"":1.0,""shared_trackers"":[""YOLO11l:botsort:bs_0031""],""total_cost"":0}",moderate_gap,[],selected from provenance-preserving alternative cluster
GM_RM011,GM_RM011:GV005,189,GM_RM011:AT0021,GM_RM011:YOLO11l:GM_RM011_000189_001,YOLO11l,"[345.246,289.929,798.984,594.287]",active_visible,false,"[""YOLO11l:botsort:bs_0031"",""YOLO11l:bytetrack:bt_0041"",""YOLO26l:botsort:bs_0039"",""YOLO26l:bytetrack:bt_0052""]",,birth_or_entry,stable,[],selected from provenance-preserving alternative cluster
GM_RM011,GM_RM011:GV005,190,GM_RM011:AT0021,GM_RM011:YOLO11l:GM_RM011_000190_001,YOLO11l,"[401.073,308.998,799.142,594.09]",active_visible,false,"[""YOLO11l:botsort:bs_0031"",""YOLO11l:bytetrack:bt_0041""]",,birth_or_entry,stable,[],selected from provenance-preserving alternative cluster
GM_RM011,GM_RM011:GV005,191,GM_RM011:AT0021,GM_RM011:YOLO11l:GM_RM011_000191_001,YOLO11l,"[457.894,316.587,798.702,593.68]",active_visible,false,"[""YOLO11l:botsort:bs_0031"",""YOLO11l:bytetrack:bt_0041""]",,birth_or_entry,stable,[],selected from provenance-preserving alternative cluster
GM_RM011,GM_RM011:GV005,192,GM_RM011:AT0127,GM_RM011:YOLO26l:GM_RM011_000192_001,YOLO26l,"[504.574,343.297,799.045,595.28]",active_visible,false,[],GM_RM011:E001965,"{""edge_id"":""GM_RM011:E001965"",""gap"":0,""motion"":0.028,""appearance"":0.1394,""color"":0.0825,""shape"":0.1717,""boundary_support"":1.0,""shared_trackers"":[],""total_cost"":25}",stable,"[""detector_source_switch""]",selected from provenance-preserving alternative cluster
GM_RM011,GM_RM011:GV005,193,,,,,missed_or_occluded,true,"[""YOLO11l:botsort:bs_0024"",""YOLO11l:botsort:bs_0031"",""YOLO11l:botsort:bs_0038"",""YOLO11l:botsort:bs_0044"",""YOLO11l:botsort:bs_0061"",""YOLO11l:bytetrack:bt_0026"",""YOLO11l:bytetrack:bt_0032"",""YOLO11l:bytetrack:bt_0034"",""YOLO11l:bytetrack:bt_0041"",""YOLO11l:bytetrack:bt_0044"",""YOLO11l:bytetrack:bt_0051"",""YOLO11l:bytetrack:bt_0067"",""YOLO11l:bytetrack:bt_0074"",""YOLO11l:bytetrack:bt_0075"",""YOLO11l:bytetrack:bt_0077"",""YOLO26l:botsort:bs_0026"",""YOLO26l:botsort:bs_0039"",""YOLO26l:botsort:bs_0041"",""YOLO26l:botsort:bs_0052"",""YOLO26l:botsort:bs_0057"",""YOLO26l:bytetrack:bt_0032"",""YOLO26l:bytetrack:bt_0052"",""YOLO26l:bytetrack:bt_0054"",""YOLO26l:bytetrack:bt_0070"",""YOLO26l:bytetrack:bt_0074""]",GM_RM011:E002013,gap_state_without_synthetic_bbox,review_gap,"[""gap_recovery""]",No bbox is fabricated for an optical miss or occlusion gap.
GM_RM011,GM_RM011:GV005,194,,,,,missed_or_occluded,true,"[""YOLO11l:botsort:bs_0024"",""YOLO11l:botsort:bs_0031"",""YOLO11l:botsort:bs_0038"",""YOLO11l:botsort:bs_0044"",""YOLO11l:botsort:bs_0061"",""YOLO11l:bytetrack:bt_0026"",""YOLO11l:bytetrack:bt_0032"",""YOLO11l:bytetrack:bt_0034"",""YOLO11l:bytetrack:bt_0041"",""YOLO11l:bytetrack:bt_0044"",""YOLO11l:bytetrack:bt_0051"",""YOLO11l:bytetrack:bt_0067"",""YOLO11l:bytetrack:bt_0074"",""YOLO11l:bytetrack:bt_0075"",""YOLO11l:bytetrack:bt_0077"",""YOLO26l:botsort:bs_0026"",""YOLO26l:botsort:bs_0039"",""YOLO26l:botsort:bs_0041"",""YOLO26l:botsort:bs_0052"",""YOLO26l:botsort:bs_0057"",""YOLO26l:bytetrack:bt_0032"",""YOLO26l:bytetrack:bt_0052"",""YOLO26l:bytetrack:bt_0054"",""YOLO26l:bytetrack:bt_0070"",""YOLO26l:bytetrack:bt_0074""]",,gap_state_without_synthetic_bbox,review_gap,"[""gap_recovery""]",No bbox is fabricated for an optical miss or occlusion gap.
GM_RM011,GM_RM011:GV005,195,,,,,missed_or_occluded,true,"[""YOLO11l:botsort:bs_0024"",""YOLO11l:botsort:bs_0031"",""YOLO11l:botsort:bs_0038"",""YOLO11l:botsort:bs_0044"",""YOLO11l:botsort:bs_0061"",""YOLO11l:bytetrack:bt_0026"",""YOLO11l:bytetrack:bt_0032"",""YOLO11l:bytetrack:bt_0034"",""YOLO11l:bytetrack:bt_0041"",""YOLO11l:bytetrack:bt_0044"",""YOLO11l:bytetrack:bt_0051"",""YOLO11l:bytetrack:bt_0067"",""YOLO11l:bytetrack:bt_0074"",""YOLO11l:bytetrack:bt_0075"",""YOLO11l:bytetrack:bt_0077"",""YOLO26l:botsort:bs_0026"",""YOLO26l:botsort:bs_0039"",""YOLO26l:botsort:bs_0041"",""YOLO26l:botsort:bs_0052"",""YOLO26l:botsort:bs_0057"",""YOLO26l:bytetrack:bt_0032"",""YOLO26l:bytetrack:bt_0052"",""YOLO26l:bytetrack:bt_0054"",""YOLO26l:bytetrack:bt_0070"",""YOLO26l:bytetrack:bt_0074""]",,gap_state_without_synthetic_bbox,review_gap,"[""gap_recovery""]",No bbox is fabricated for an optical miss or occlusion gap.
GM_RM011,GM_RM011:GV005,196,,,,,missed_or_occluded,true,"[""YOLO11l:botsort:bs_0024"",""YOLO11l:botsort:bs_0031"",""YOLO11l:botsort:bs_0038"",""YOLO11l:botsort:bs_0044"",""YOLO11l:botsort:bs_0061"",""YOLO11l:bytetrack:bt_0026"",""YOLO11l:bytetrack:bt_0032"",""YOLO11l:bytetrack:bt_0034"",""YOLO11l:bytetrack:bt_0041"",""YOLO11l:bytetrack:bt_0044"",""YOLO11l:bytetrack:bt_0051"",""YOLO11l:bytetrack:bt_0067"",""YOLO11l:bytetrack:bt_0074"",""YOLO11l:bytetrack:bt_0075"",""YOLO11l:bytetrack:bt_0077"",""YOLO26l:botsort:bs_0026"",""YOLO26l:botsort:bs_0039"",""YOLO26l:botsort:bs_0041"",""YOLO26l:botsort:bs_0052"",""YOLO26l:botsort:bs_0057"",""YOLO26l:bytetrack:bt_0032"",""YOLO26l:bytetrack:bt_0052"",""YOLO26l:bytetrack:bt_0054"",""YOLO26l:bytetrack:bt_0070"",""YOLO26l:bytetrack:bt_0074""]",,gap_state_without_synthetic_bbox,review_gap,"[""gap_recovery""]",No bbox is fabricated for an optical miss or occlusion gap.
GM_RM011,GM_RM011:GV005,197,,,,,missed_or_occluded,true,"[""YOLO11l:botsort:bs_0024"",""YOLO11l:botsort:bs_0031"",""YOLO11l:botsort:bs_0038"",""YOLO11l:botsort:bs_0044"",""YOLO11l:botsort:bs_0061"",""YOLO11l:bytetrack:bt_0026"",""YOLO11l:bytetrack:bt_0032"",""YOLO11l:bytetrack:bt_0034"",""YOLO11l:bytetrack:bt_0041"",""YOLO11l:bytetrack:bt_0044"",""YOLO11l:bytetrack:bt_0051"",""YOLO11l:bytetrack:bt_0067"",""YOLO11l:bytetrack:bt_0074"",""YOLO11l:bytetrack:bt_0075"",""YOLO11l:bytetrack:bt_0077"",""YOLO26l:botsort:bs_0026"",""YOLO26l:botsort:bs_0039"",""YOLO26l:botsort:bs_0041"",""YOLO26l:botsort:bs_0052"",""YOLO26l:botsort:bs_0057"",""YOLO26l:bytetrack:bt_0032"",""YOLO26l:bytetrack:bt_0052"",""YOLO26l:bytetrack:bt_0054"",""YOLO26l:bytetrack:bt_0070"",""YOLO26l:bytetrack:bt_0074""]",,gap_state_without_synthetic_bbox,review_gap,"[""gap_recovery""]",No bbox is fabricated for an optical miss or occlusion gap.
GM_RM011,GM_RM011:GV005,198,,,,,missed_or_occluded,true,"[""YOLO11l:botsort:bs_0024"",""YOLO11l:botsort:bs_0031"",""YOLO11l:botsort:bs_0038"",""YOLO11l:botsort:bs_0044"",""YOLO11l:botsort:bs_0061"",""YOLO11l:bytetrack:bt_0026"",""YOLO11l:bytetrack:bt_0032"",""YOLO11l:bytetrack:bt_0034"",""YOLO11l:bytetrack:bt_0041"",""YOLO11l:bytetrack:bt_0044"",""YOLO11l:bytetrack:bt_0051"",""YOLO11l:bytetrack:bt_0067"",""YOLO11l:bytetrack:bt_0074"",""YOLO11l:bytetrack:bt_0075"",""YOLO11l:bytetrack:bt_0077"",""YOLO26l:botsort:bs_0026"",""YOLO26l:botsort:bs_0039"",""YOLO26l:botsort:bs_0041"",""YOLO26l:botsort:bs_0052"",""YOLO26l:botsort:bs_0057"",""YOLO26l:bytetrack:bt_0032"",""YOLO26l:bytetrack:bt_0052"",""YOLO26l:bytetrack:bt_0054"",""YOLO26l:bytetrack:bt_0070"",""YOLO26l:bytetrack:bt_0074""]",,gap_state_without_synthetic_bbox,review_gap,"[""gap_recovery""]",No bbox is fabricated for an optical miss or occlusion gap.
GM_RM011,GM_RM011:GV005,199,,,,,missed_or_occluded,true,"[""YOLO11l:botsort:bs_0024"",""YOLO11l:botsort:bs_0031"",""YOLO11l:botsort:bs_0038"",""YOLO11l:botsort:bs_0044"",""YOLO11l:botsort:bs_0061"",""YOLO11l:bytetrack:bt_0026"",""YOLO11l:bytetrack:bt_0032"",""YOLO11l:bytetrack:bt_0034"",""YOLO11l:bytetrack:bt_0041"",""YOLO11l:bytetrack:bt_0044"",""YOLO11l:bytetrack:bt_0051"",""YOLO11l:bytetrack:bt_0067"",""YOLO11l:bytetrack:bt_0074"",""YOLO11l:bytetrack:bt_0075"",""YOLO11l:bytetrack:bt_0077"",""YOLO26l:botsort:bs_0026"",""YOLO26l:botsort:bs_0039"",""YOLO26l:botsort:bs_0041"",""YOLO26l:botsort:bs_0052"",""YOLO26l:botsort:bs_0057"",""YOLO26l:bytetrack:bt_0032"",""YOLO26l:bytetrack:bt_0052"",""YOLO26l:bytetrack:bt_0054"",""YOLO26l:bytetrack:bt_0070"",""YOLO26l:bytetrack:bt_0074""]",,gap_state_without_synthetic_bbox,review_gap,"[""gap_recovery""]",No bbox is fabricated for an optical miss or occlusion gap.
GM_RM011,GM_RM011:GV005,200,,,,,missed_or_occluded,true,"[""YOLO11l:botsort:bs_0024"",""YOLO11l:botsort:bs_0031"",""YOLO11l:botsort:bs_0038"",""YOLO11l:botsort:bs_0044"",""YOLO11l:botsort:bs_0061"",""YOLO11l:bytetrack:bt_0026"",""YOLO11l:bytetrack:bt_0032"",""YOLO11l:bytetrack:bt_0034"",""YOLO11l:bytetrack:bt_0041"",""YOLO11l:bytetrack:bt_0044"",""YOLO11l:bytetrack:bt_0051"",""YOLO11l:bytetrack:bt_0067"",""YOLO11l:bytetrack:bt_0074"",""YOLO11l:bytetrack:bt_0075"",""YOLO11l:bytetrack:bt_0077"",""YOLO26l:botsort:bs_0026"",""YOLO26l:botsort:bs_0039"",""YOLO26l:botsort:bs_0041"",""YOLO26l:botsort:bs_0052"",""YOLO26l:botsort:bs_0057"",""YOLO26l:bytetrack:bt_0032"",""YOLO26l:bytetrack:bt_0052"",""YOLO26l:bytetrack:bt_0054"",""YOLO26l:bytetrack:bt_0070"",""YOLO26l:bytetrack:bt_0074""]",,gap_state_without_synthetic_bbox,review_gap,"[""gap_recovery""]",No bbox is fabricated for an optical miss or occlusion gap.
GM_RM011,GM_RM011:GV005,201,,,,,missed_or_occluded,true,"[""YOLO11l:botsort:bs_0024"",""YOLO11l:botsort:bs_0031"",""YOLO11l:botsort:bs_0038"",""YOLO11l:botsort:bs_0044"",""YOLO11l:botsort:bs_0061"",""YOLO11l:bytetrack:bt_0026"",""YOLO11l:bytetrack:bt_0032"",""YOLO11l:bytetrack:bt_0034"",""YOLO11l:bytetrack:bt_0041"",""YOLO11l:bytetrack:bt_0044"",""YOLO11l:bytetrack:bt_0051"",""YOLO11l:bytetrack:bt_0067"",""YOLO11l:bytetrack:bt_0074"",""YOLO11l:bytetrack:bt_0075"",""YOLO11l:bytetrack:bt_0077"",""YOLO26l:botsort:bs_0026"",""YOLO26l:botsort:bs_0039"",""YOLO26l:botsort:bs_0041"",""YOLO26l:botsort:bs_0052"",""YOLO26l:botsort:bs_0057"",""YOLO26l:bytetrack:bt_0032"",""YOLO26l:bytetrack:bt_0052"",""YOLO26l:bytetrack:bt_0054"",""YOLO26l:bytetrack:bt_0070"",""YOLO26l:bytetrack:bt_0074""]",,gap_state_without_synthetic_bbox,review_gap,"[""gap_recovery""]",No bbox is fabricated for an optical miss or occlusion gap.
GM_RM011,GM_RM011:GV005,202,,,,,missed_or_occluded,true,"[""YOLO11l:botsort:bs_0024"",""YOLO11l:botsort:bs_0031"",""YOLO11l:botsort:bs_0038"",""YOLO11l:botsort:bs_0044"",""YOLO11l:botsort:bs_0061"",""YOLO11l:bytetrack:bt_0026"",""YOLO11l:bytetrack:bt_0032"",""YOLO11l:bytetrack:bt_0034"",""YOLO11l:bytetrack:bt_0041"",""YOLO11l:bytetrack:bt_0044"",""YOLO11l:bytetrack:bt_0051"",""YOLO11l:bytetrack:bt_0067"",""YOLO11l:bytetrack:bt_0074"",""YOLO11l:bytetrack:bt_0075"",""YOLO11l:bytetrack:bt_0077"",""YOLO26l:botsort:bs_0026"",""YOLO26l:botsort:bs_0039"",""YOLO26l:botsort:bs_0041"",""YOLO26l:botsort:bs_0052"",""YOLO26l:botsort:bs_0057"",""YOLO26l:bytetrack:bt_0032"",""YOLO26l:bytetrack:bt_0052"",""YOLO26l:bytetrack:bt_0054"",""YOLO26l:bytetrack:bt_0070"",""YOLO26l:bytetrack:bt_0074""]",,gap_state_without_synthetic_bbox,review_gap,"[""gap_recovery""]",No bbox is fabricated for an optical miss or occlusion gap.
GM_RM011,GM_RM011:GV005,203,,,,,missed_or_occluded,true,"[""YOLO11l:botsort:bs_0024"",""YOLO11l:botsort:bs_0031"",""YOLO11l:botsort:bs_0038"",""YOLO11l:botsort:bs_0044"",""YOLO11l:botsort:bs_0061"",""YOLO11l:bytetrack:bt_0026"",""YOLO11l:bytetrack:bt_0032"",""YOLO11l:bytetrack:bt_0034"",""YOLO11l:bytetrack:bt_0041"",""YOLO11l:bytetrack:bt_0044"",""YOLO11l:bytetrack:bt_0051"",""YOLO11l:bytetrack:bt_0067"",""YOLO11l:bytetrack:bt_0074"",""YOLO11l:bytetrack:bt_0075"",""YOLO11l:bytetrack:bt_0077"",""YOLO26l:botsort:bs_0026"",""YOLO26l:botsort:bs_0039"",""YOLO26l:botsort:bs_0041"",""YOLO26l:botsort:bs_0052"",""YOLO26l:botsort:bs_0057"",""YOLO26l:bytetrack:bt_0032"",""YOLO26l:bytetrack:bt_0052"",""YOLO26l:bytetrack:bt_0054"",""YOLO26l:bytetrack:bt_0070"",""YOLO26l:bytetrack:bt_0074""]",,gap_state_without_synthetic_bbox,review_gap,"[""gap_recovery""]",No bbox is fabricated for an optical miss or occlusion gap.
GM_RM011,GM_RM011:GV005,204,,,,,missed_or_occluded,true,"[""YOLO11l:botsort:bs_0024"",""YOLO11l:botsort:bs_0031"",""YOLO11l:botsort:bs_0038"",""YOLO11l:botsort:bs_0044"",""YOLO11l:botsort:bs_0061"",""YOLO11l:bytetrack:bt_0026"",""YOLO11l:bytetrack:bt_0032"",""YOLO11l:bytetrack:bt_0034"",""YOLO11l:bytetrack:bt_0041"",""YOLO11l:bytetrack:bt_0044"",""YOLO11l:bytetrack:bt_0051"",""YOLO11l:bytetrack:bt_0067"",""YOLO11l:bytetrack:bt_0074"",""YOLO11l:bytetrack:bt_0075"",""YOLO11l:bytetrack:bt_0077"",""YOLO26l:botsort:bs_0026"",""YOLO26l:botsort:bs_0039"",""YOLO26l:botsort:bs_0041"",""YOLO26l:botsort:bs_0052"",""YOLO26l:botsort:bs_0057"",""YOLO26l:bytetrack:bt_0032"",""YOLO26l:bytetrack:bt_0052"",""YOLO26l:bytetrack:bt_0054"",""YOLO26l:bytetrack:bt_0070"",""YOLO26l:bytetrack:bt_0074""]",,gap_state_without_synthetic_bbox,review_gap,"[""gap_recovery""]",No bbox is fabricated for an optical miss or occlusion gap.
GM_RM011,GM_RM011:GV005,205,,,,,missed_or_occluded,true,"[""YOLO11l:botsort:bs_0024"",""YOLO11l:botsort:bs_0031"",""YOLO11l:botsort:bs_0038"",""YOLO11l:botsort:bs_0044"",""YOLO11l:botsort:bs_0061"",""YOLO11l:bytetrack:bt_0026"",""YOLO11l:bytetrack:bt_0032"",""YOLO11l:bytetrack:bt_0034"",""YOLO11l:bytetrack:bt_0041"",""YOLO11l:bytetrack:bt_0044"",""YOLO11l:bytetrack:bt_0051"",""YOLO11l:bytetrack:bt_0067"",""YOLO11l:bytetrack:bt_0074"",""YOLO11l:bytetrack:bt_0075"",""YOLO11l:bytetrack:bt_0077"",""YOLO26l:botsort:bs_0026"",""YOLO26l:botsort:bs_0039"",""YOLO26l:botsort:bs_0041"",""YOLO26l:botsort:bs_0052"",""YOLO26l:botsort:bs_0057"",""YOLO26l:bytetrack:bt_0032"",""YOLO26l:bytetrack:bt_0052"",""YOLO26l:bytetrack:bt_0054"",""YOLO26l:bytetrack:bt_0070"",""YOLO26l:bytetrack:bt_0074""]",,gap_state_without_synthetic_bbox,review_gap,"[""gap_recovery""]",No bbox is fabricated for an optical miss or occlusion gap.
GM_RM011,GM_RM011:GV005,206,,,,,missed_or_occluded,true,"[""YOLO11l:botsort:bs_0024"",""YOLO11l:botsort:bs_0031"",""YOLO11l:botsort:bs_0038"",""YOLO11l:botsort:bs_0044"",""YOLO11l:botsort:bs_0061"",""YOLO11l:bytetrack:bt_0026"",""YOLO11l:bytetrack:bt_0032"",""YOLO11l:bytetrack:bt_0034"",""YOLO11l:bytetrack:bt_0041"",""YOLO11l:bytetrack:bt_0044"",""YOLO11l:bytetrack:bt_0051"",""YOLO11l:bytetrack:bt_0067"",""YOLO11l:bytetrack:bt_0074"",""YOLO11l:bytetrack:bt_0075"",""YOLO11l:bytetrack:bt_0077"",""YOLO26l:botsort:bs_0026"",""YOLO26l:botsort:bs_0039"",""YOLO26l:botsort:bs_0041"",""YOLO26l:botsort:bs_0052"",""YOLO26l:botsort:bs_0057"",""YOLO26l:bytetrack:bt_0032"",""YOLO26l:bytetrack:bt_0052"",""YOLO26l:bytetrack:bt_0054"",""YOLO26l:bytetrack:bt_0070"",""YOLO26l:bytetrack:bt_0074""]",,gap_state_without_synthetic_bbox,review_gap,"[""gap_recovery""]",No bbox is fabricated for an optical miss or occlusion gap.
GM_RM011,GM_RM011:GV005,207,,,,,missed_or_occluded,true,"[""YOLO11l:botsort:bs_0024"",""YOLO11l:botsort:bs_0031"",""YOLO11l:botsort:bs_0038"",""YOLO11l:botsort:bs_0044"",""YOLO11l:botsort:bs_0061"",""YOLO11l:bytetrack:bt_0026"",""YOLO11l:bytetrack:bt_0032"",""YOLO11l:bytetrack:bt_0034"",""YOLO11l:bytetrack:bt_0041"",""YOLO11l:bytetrack:bt_0044"",""YOLO11l:bytetrack:bt_0051"",""YOLO11l:bytetrack:bt_0067"",""YOLO11l:bytetrack:bt_0074"",""YOLO11l:bytetrack:bt_0075"",""YOLO11l:bytetrack:bt_0077"",""YOLO26l:botsort:bs_0026"",""YOLO26l:botsort:bs_0039"",""YOLO26l:botsort:bs_0041"",""YOLO26l:botsort:bs_0052"",""YOLO26l:botsort:bs_0057"",""YOLO26l:bytetrack:bt_0032"",""YOLO26l:bytetrack:bt_0052"",""YOLO26l:bytetrack:bt_0054"",""YOLO26l:bytetrack:bt_0070"",""YOLO26l:bytetrack:bt_0074""]",,gap_state_without_synthetic_bbox,review_gap,"[""gap_recovery""]",No bbox is fabricated for an optical miss or occlusion gap.
GM_RM011,GM_RM011:GV005,208,,,,,missed_or_occluded,true,"[""YOLO11l:botsort:bs_0024"",""YOLO11l:botsort:bs_0031"",""YOLO11l:botsort:bs_0038"",""YOLO11l:botsort:bs_0044"",""YOLO11l:botsort:bs_0061"",""YOLO11l:bytetrack:bt_0026"",""YOLO11l:bytetrack:bt_0032"",""YOLO11l:bytetrack:bt_0034"",""YOLO11l:bytetrack:bt_0041"",""YOLO11l:bytetrack:bt_0044"",""YOLO11l:bytetrack:bt_0051"",""YOLO11l:bytetrack:bt_0067"",""YOLO11l:bytetrack:bt_0074"",""YOLO11l:bytetrack:bt_0075"",""YOLO11l:bytetrack:bt_0077"",""YOLO26l:botsort:bs_0026"",""YOLO26l:botsort:bs_0039"",""YOLO26l:botsort:bs_0041"",""YOLO26l:botsort:bs_0052"",""YOLO26l:botsort:bs_0057"",""YOLO26l:bytetrack:bt_0032"",""YOLO26l:bytetrack:bt_0052"",""YOLO26l:bytetrack:bt_0054"",""YOLO26l:bytetrack:bt_0070"",""YOLO26l:bytetrack:bt_0074""]",,gap_state_without_synthetic_bbox,review_gap,"[""gap_recovery""]",No bbox is fabricated for an optical miss or occlusion gap.
GM_RM011,GM_RM011:GV005,209,,,,,missed_or_occluded,true,"[""YOLO11l:botsort:bs_0024"",""YOLO11l:botsort:bs_0031"",""YOLO11l:botsort:bs_0038"",""YOLO11l:botsort:bs_0044"",""YOLO11l:botsort:bs_0061"",""YOLO11l:bytetrack:bt_0026"",""YOLO11l:bytetrack:bt_0032"",""YOLO11l:bytetrack:bt_0034"",""YOLO11l:bytetrack:bt_0041"",""YOLO11l:bytetrack:bt_0044"",""YOLO11l:bytetrack:bt_0051"",""YOLO11l:bytetrack:bt_0067"",""YOLO11l:bytetrack:bt_0074"",""YOLO11l:bytetrack:bt_0075"",""YOLO11l:bytetrack:bt_0077"",""YOLO26l:botsort:bs_0026"",""YOLO26l:botsort:bs_0039"",""YOLO26l:botsort:bs_0041"",""YOLO26l:botsort:bs_0052"",""YOLO26l:botsort:bs_0057"",""YOLO26l:bytetrack:bt_0032"",""YOLO26l:bytetrack:bt_0052"",""YOLO26l:bytetrack:bt_0054"",""YOLO26l:bytetrack:bt_0070"",""YOLO26l:bytetrack:bt_0074""]",,gap_state_without_synthetic_bbox,review_gap,"[""gap_recovery""]",No bbox is fabricated for an optical miss or occlusion gap.
GM_RM011,GM_RM011:GV005,210,,,,,missed_or_occluded,true,"[""YOLO11l:botsort:bs_0024"",""YOLO11l:botsort:bs_0031"",""YOLO11l:botsort:bs_0038"",""YOLO11l:botsort:bs_0044"",""YOLO11l:botsort:bs_0061"",""YOLO11l:bytetrack:bt_0026"",""YOLO11l:bytetrack:bt_0032"",""YOLO11l:bytetrack:bt_0034"",""YOLO11l:bytetrack:bt_0041"",""YOLO11l:bytetrack:bt_0044"",""YOLO11l:bytetrack:bt_0051"",""YOLO11l:bytetrack:bt_0067"",""YOLO11l:bytetrack:bt_0074"",""YOLO11l:bytetrack:bt_0075"",""YOLO11l:bytetrack:bt_0077"",""YOLO26l:botsort:bs_0026"",""YOLO26l:botsort:bs_0039"",""YOLO26l:botsort:bs_0041"",""YOLO26l:botsort:bs_0052"",""YOLO26l:botsort:bs_0057"",""YOLO26l:bytetrack:bt_0032"",""YOLO26l:bytetrack:bt_0052"",""YOLO26l:bytetrack:bt_0054"",""YOLO26l:bytetrack:bt_0070"",""YOLO26l:bytetrack:bt_0074""]",,gap_state_without_synthetic_bbox,review_gap,"[""gap_recovery""]",No bbox is fabricated for an optical miss or occlusion gap.
GM_RM011,GM_RM011:GV005,211,GM_RM011:AT0052,GM_RM011:YOLO26l:GM_RM011_000211_001,YOLO26l,"[0.573,385.444,111.88,595.47]",recovery,false,"[""YOLO11l:botsort:bs_0038"",""YOLO11l:bytetrack:bt_0044"",""YOLO26l:botsort:bs_0041"",""YOLO26l:bytetrack:bt_0054""]",GM_RM011:E002013,"{""edge_id"":""GM_RM011:E002013"",""gap"":18,""motion"":1.9063,""appearance"":0.2503,""color"":0.2035,""shape"":1.3683,""boundary_support"":1.0,""shared_trackers"":[],""total_cost"":184}",moderate_gap,[],selected from provenance-preserving alternative cluster
GM_RM011,GM_RM011:GV005,212,GM_RM011:AT0052,GM_RM011:YOLO26l:GM_RM011_000212_001,YOLO26l,"[0.623,361.539,145.543,595.128]",active_visible,false,"[""YOLO11l:botsort:bs_0038"",""YOLO11l:bytetrack:bt_0044"",""YOLO26l:botsort:bs_0041"",""YOLO26l:bytetrack:bt_0054""]",,birth_or_entry,stable,[],selected from provenance-preserving alternative cluster
GM_RM011,GM_RM011:GV005,213,GM_RM011:AT0052,GM_RM011:YOLO26l:GM_RM011_000213_001,YOLO26l,"[0.989,345.374,184.39,595.333]",active_visible,false,"[""YOLO11l:botsort:bs_0038"",""YOLO11l:bytetrack:bt_0044"",""YOLO26l:botsort:bs_0041"",""YOLO26l:bytetrack:bt_0054""]",,birth_or_entry,stable,[],selected from provenance-preserving alternative cluster
GM_RM011,GM_RM011:GV005,214,GM_RM011:AT0052,GM_RM011:YOLO26l:GM_RM011_000214_001,YOLO26l,"[1.059,331.605,225.539,594.934]",active_visible,false,"[""YOLO11l:botsort:bs_0038"",""YOLO11l:bytetrack:bt_0044"",""YOLO26l:botsort:bs_0041"",""YOLO26l:bytetrack:bt_0054""]",,birth_or_entry,stable,[],selected from provenance-preserving alternative cluster
GM_RM011,GM_RM011:GV005,215,GM_RM011:AT0052,GM_RM011:YOLO26l:GM_RM011_000215_001,YOLO26l,"[1.422,328.54,266.645,595.498]",active_visible,false,"[""YOLO11l:botsort:bs_0038"",""YOLO11l:bytetrack:bt_0044"",""YOLO26l:botsort:bs_0041"",""YOLO26l:bytetrack:bt_0054""]",,birth_or_entry,stable,[],selected from provenance-preserving alternative cluster
GM_RM011,GM_RM011:GV005,216,GM_RM011:AT0052,GM_RM011:YOLO26l:GM_RM011_000216_001,YOLO26l,"[1.256,328.4,308.814,595.897]",active_visible,false,"[""YOLO11l:botsort:bs_0038"",""YOLO11l:bytetrack:bt_0044"",""YOLO26l:botsort:bs_0041"",""YOLO26l:bytetrack:bt_0054""]",,birth_or_entry,stable,[],selected from provenance-preserving alternative cluster
GM_RM011,GM_RM011:GV005,217,GM_RM011:AT0052,GM_RM011:YOLO26l:GM_RM011_000217_001,YOLO26l,"[1.254,322.53,352.589,596.468]",active_visible,false,"[""YOLO11l:botsort:bs_0038"",""YOLO11l:bytetrack:bt_0044"",""YOLO26l:botsort:bs_0041""]",,birth_or_entry,stable,[],selected from provenance-preserving alternative cluster
GM_RM011,GM_RM011:GV005,218,GM_RM011:AT0052,GM_RM011:YOLO26l:GM_RM011_000218_001,YOLO26l,"[1.066,317.3,390.477,596.417]",active_visible,false,"[""YOLO11l:botsort:bs_0038"",""YOLO11l:bytetrack:bt_0044"",""YOLO26l:botsort:bs_0041"",""YOLO26l:bytetrack:bt_0054""]",,birth_or_entry,stable,[],selected from provenance-preserving alternative cluster
GM_RM011,GM_RM011:GV005,219,GM_RM011:AT0052,GM_RM011:YOLO26l:GM_RM011_000219_001,YOLO26l,"[1.37,309.176,435.192,596.109]",active_visible,false,"[""YOLO11l:botsort:bs_0038"",""YOLO11l:bytetrack:bt_0044"",""YOLO26l:botsort:bs_0041"",""YOLO26l:bytetrack:bt_0054""]",,birth_or_entry,stable,[],selected from provenance-preserving alternative cluster
GM_RM011,GM_RM011:GV005,220,GM_RM011:AT0052,GM_RM011:YOLO26l:GM_RM011_000220_001,YOLO26l,"[1.307,301.158,455.279,596.981]",active_visible,false,"[""YOLO11l:botsort:bs_0038"",""YOLO11l:bytetrack:bt_0044"",""YOLO26l:botsort:bs_0041"",""YOLO26l:bytetrack:bt_0054""]",,birth_or_entry,stable,[],selected from provenance-preserving alternative cluster
GM_RM011,GM_RM011:GV005,221,GM_RM011:AT0052,GM_RM011:YOLO26l:GM_RM011_000221_001,YOLO26l,"[2.868,299.16,494.872,597.474]",active_visible,false,"[""YOLO11l:botsort:bs_0038"",""YOLO11l:bytetrack:bt_0044"",""YOLO26l:botsort:bs_0041"",""YOLO26l:bytetrack:bt_0054""]",,birth_or_entry,stable,[],selected from provenance-preserving alternative cluster
GM_RM011,GM_RM011:GV005,222,GM_RM011:AT0052,GM_RM011:YOLO26l:GM_RM011_000222_001,YOLO26l,"[3.686,303.766,501.122,596.304]",active_visible,false,"[""YOLO11l:botsort:bs_0038"",""YOLO26l:botsort:bs_0041"",""YOLO26l:bytetrack:bt_0054""]",,birth_or_entry,stable,[],selected from provenance-preserving alternative cluster
GM_RM011,GM_RM011:GV005,223,GM_RM011:AT0052,GM_RM011:YOLO26l:GM_RM011_000223_001,YOLO26l,"[3.483,306.628,518.949,595.407]",active_visible,false,"[""YOLO26l:botsort:bs_0041"",""YOLO26l:bytetrack:bt_0054""]",,birth_or_entry,stable,[],selected from provenance-preserving alternative cluster
GM_RM011,GM_RM011:GV005,224,GM_RM011:AT0052,GM_RM011:YOLO26l:GM_RM011_000224_001,YOLO26l,"[8.485,306.064,578.673,596.196]",active_visible,false,"[""YOLO26l:botsort:bs_0041"",""YOLO26l:bytetrack:bt_0054""]",,birth_or_entry,stable,[],selected from provenance-preserving alternative cluster
GM_RM011,GM_RM011:GV005,225,GM_RM011:AT0052,GM_RM011:YOLO26l:GM_RM011_000225_001,YOLO26l,"[6.52,298.53,577.723,598.294]",active_visible,false,"[""YOLO26l:botsort:bs_0041"",""YOLO26l:bytetrack:bt_0054""]",,birth_or_entry,stable,[],selected from provenance-preserving alternative cluster
GM_RM011,GM_RM011:GV005,226,GM_RM011:AT0052,GM_RM011:YOLO26l:GM_RM011_000226_001,YOLO26l,"[6.715,288.237,580.135,598.326]",active_visible,false,"[""YOLO26l:botsort:bs_0041"",""YOLO26l:bytetrack:bt_0054""]",,birth_or_entry,stable,[],selected from provenance-preserving alternative cluster
GM_RM011,GM_RM011:GV005,227,GM_RM011:AT0052,GM_RM011:YOLO26l:GM_RM011_000227_001,YOLO26l,"[7.231,279.909,580.283,597.151]",active_visible,false,"[""YOLO26l:botsort:bs_0041"",""YOLO26l:bytetrack:bt_0054""]",,birth_or_entry,stable,[],selected from provenance-preserving alternative cluster
GM_RM011,GM_RM011:GV005,228,GM_RM011:AT0052,GM_RM011:YOLO26l:GM_RM011_000228_001,YOLO26l,"[5.67,269.84,578.418,597.962]",active_visible,false,"[""YOLO26l:botsort:bs_0041"",""YOLO26l:bytetrack:bt_0054""]",,birth_or_entry,stable,[],selected from provenance-preserving alternative cluster
GM_RM011,GM_RM011:GV005,229,GM_RM011:AT0052,GM_RM011:YOLO26l:GM_RM011_000229_001,YOLO26l,"[11.901,266.004,600.124,597.347]",active_visible,false,"[""YOLO11l:botsort:bs_0044"",""YOLO11l:bytetrack:bt_0051"",""YOLO26l:botsort:bs_0041"",""YOLO26l:bytetrack:bt_0054""]",,birth_or_entry,stable,[],selected from provenance-preserving alternative cluster
GM_RM011,GM_RM011:GV005,230,GM_RM011:AT0052,GM_RM011:YOLO26l:GM_RM011_000230_001,YOLO26l,"[11.158,261.568,598.996,598.511]",active_visible,false,"[""YOLO26l:botsort:bs_0041"",""YOLO26l:bytetrack:bt_0054""]",,birth_or_entry,stable,[],selected from provenance-preserving alternative cluster
GM_RM011,GM_RM011:GV005,231,GM_RM011:AT0052,GM_RM011:YOLO26l:GM_RM011_000231_001,YOLO26l,"[69.712,258.777,677.034,596.455]",active_visible,false,"[""YOLO26l:botsort:bs_0041"",""YOLO26l:bytetrack:bt_0054""]",,birth_or_entry,stable,[],selected from provenance-preserving alternative cluster
GM_RM011,GM_RM011:GV005,232,GM_RM011:AT0052,GM_RM011:YOLO26l:GM_RM011_000232_001,YOLO26l,"[21.067,274.112,624.457,598.646]",active_visible,false,"[""YOLO11l:botsort:bs_0044"",""YOLO11l:bytetrack:bt_0051"",""YOLO26l:botsort:bs_0041"",""YOLO26l:bytetrack:bt_0054""]",,birth_or_entry,stable,[],selected from provenance-preserving alternative cluster
GM_RM011,GM_RM011:GV005,233,GM_RM011:AT0052,GM_RM011:YOLO26l:GM_RM011_000233_001,YOLO26l,"[241.954,257.931,796.442,597.259]",active_visible,false,"[""YOLO26l:botsort:bs_0041"",""YOLO26l:bytetrack:bt_0054""]",,birth_or_entry,stable,[],selected from provenance-preserving alternative cluster
GM_RM011,GM_RM011:GV005,234,GM_RM011:AT0052,GM_RM011:YOLO26l:GM_RM011_000234_001,YOLO26l,"[245.13,249.522,796.321,594.192]",active_visible,false,"[""YOLO26l:botsort:bs_0041"",""YOLO26l:bytetrack:bt_0054""]",,birth_or_entry,stable,[],selected from provenance-preserving alternative cluster
GM_RM011,GM_RM011:GV005,235,GM_RM011:AT0052,GM_RM011:YOLO26l:GM_RM011_000235_001,YOLO26l,"[203.818,259.26,786.211,597.026]",active_visible,false,"[""YOLO26l:botsort:bs_0041"",""YOLO26l:bytetrack:bt_0054""]",,birth_or_entry,stable,[],selected from provenance-preserving alternative cluster
GM_RM011,GM_RM011:GV005,236,GM_RM011:AT0052,GM_RM011:YOLO26l:GM_RM011_000236_001,YOLO26l,"[253.986,266.45,797.734,596.785]",active_visible,false,"[""YOLO11l:botsort:bs_0038"",""YOLO26l:botsort:bs_0041"",""YOLO26l:bytetrack:bt_0054""]",,birth_or_entry,stable,[],selected from provenance-preserving alternative cluster
GM_RM011,GM_RM011:GV005,237,GM_RM011:AT0052,GM_RM011:YOLO26l:GM_RM011_000237_001,YOLO26l,"[285.925,275.472,798.044,596.572]",active_visible,false,"[""YOLO11l:botsort:bs_0038"",""YOLO11l:bytetrack:bt_0051"",""YOLO26l:botsort:bs_0041"",""YOLO26l:bytetrack:bt_0054""]",,birth_or_entry,stable,[],selected from provenance-preserving alternative cluster
GM_RM011,GM_RM011:GV005,238,GM_RM011:AT0052,GM_RM011:YOLO26l:GM_RM011_000238_001,YOLO26l,"[354.799,279.434,798.318,596.512]",active_visible,false,"[""YOLO11l:botsort:bs_0038"",""YOLO11l:bytetrack:bt_0044"",""YOLO26l:botsort:bs_0041"",""YOLO26l:bytetrack:bt_0054""]",,birth_or_entry,stable,[],selected from provenance-preserving alternative cluster
GM_RM011,GM_RM011:GV005,239,GM_RM011:AT0052,GM_RM011:YOLO26l:GM_RM011_000239_001,YOLO26l,"[413.781,287.336,798.34,596.715]",active_visible,false,"[""YOLO11l:botsort:bs_0038"",""YOLO11l:bytetrack:bt_0044"",""YOLO26l:botsort:bs_0041"",""YOLO26l:bytetrack:bt_0054""]",,birth_or_entry,stable,[],selected from provenance-preserving alternative cluster
GM_RM011,GM_RM011:GV005,240,,,,,missed_or_occluded,true,"[""YOLO11l:botsort:bs_0024"",""YOLO11l:botsort:bs_0031"",""YOLO11l:botsort:bs_0038"",""YOLO11l:botsort:bs_0044"",""YOLO11l:botsort:bs_0061"",""YOLO11l:bytetrack:bt_0026"",""YOLO11l:bytetrack:bt_0032"",""YOLO11l:bytetrack:bt_0034"",""YOLO11l:bytetrack:bt_0041"",""YOLO11l:bytetrack:bt_0044"",""YOLO11l:bytetrack:bt_0051"",""YOLO11l:bytetrack:bt_0067"",""YOLO11l:bytetrack:bt_0074"",""YOLO11l:bytetrack:bt_0075"",""YOLO11l:bytetrack:bt_0077"",""YOLO26l:botsort:bs_0026"",""YOLO26l:botsort:bs_0039"",""YOLO26l:botsort:bs_0041"",""YOLO26l:botsort:bs_0052"",""YOLO26l:botsort:bs_0057"",""YOLO26l:bytetrack:bt_0032"",""YOLO26l:bytetrack:bt_0052"",""YOLO26l:bytetrack:bt_0054"",""YOLO26l:bytetrack:bt_0070"",""YOLO26l:bytetrack:bt_0074""]",GM_RM011:E002195,gap_state_without_synthetic_bbox,moderate,"[""gap_recovery""]",No bbox is fabricated for an optical miss or occlusion gap.
GM_RM011,GM_RM011:GV005,241,,,,,missed_or_occluded,true,"[""YOLO11l:botsort:bs_0024"",""YOLO11l:botsort:bs_0031"",""YOLO11l:botsort:bs_0038"",""YOLO11l:botsort:bs_0044"",""YOLO11l:botsort:bs_0061"",""YOLO11l:bytetrack:bt_0026"",""YOLO11l:bytetrack:bt_0032"",""YOLO11l:bytetrack:bt_0034"",""YOLO11l:bytetrack:bt_0041"",""YOLO11l:bytetrack:bt_0044"",""YOLO11l:bytetrack:bt_0051"",""YOLO11l:bytetrack:bt_0067"",""YOLO11l:bytetrack:bt_0074"",""YOLO11l:bytetrack:bt_0075"",""YOLO11l:bytetrack:bt_0077"",""YOLO26l:botsort:bs_0026"",""YOLO26l:botsort:bs_0039"",""YOLO26l:botsort:bs_0041"",""YOLO26l:botsort:bs_0052"",""YOLO26l:botsort:bs_0057"",""YOLO26l:bytetrack:bt_0032"",""YOLO26l:bytetrack:bt_0052"",""YOLO26l:bytetrack:bt_0054"",""YOLO26l:bytetrack:bt_0070"",""YOLO26l:bytetrack:bt_0074""]",,gap_state_without_synthetic_bbox,moderate,"[""gap_recovery""]",No bbox is fabricated for an optical miss or occlusion gap.
GM_RM011,GM_RM011:GV005,242,GM_RM011:AT0053,GM_RM011:YOLO26l:GM_RM011_000242_001,YOLO26l,"[578.975,338.325,799.363,595.842]",recovery,false,"[""YOLO11l:botsort:bs_0038"",""YOLO11l:bytetrack:bt_0044"",""YOLO26l:botsort:bs_0041"",""YOLO26l:bytetrack:bt_0054""]",GM_RM011:E002195,"{""edge_id"":""GM_RM011:E002195"",""gap"":2,""motion"":0.0336,""appearance"":0.2036,""color"":0.0843,""shape"":0.7433,""boundary_support"":1.0,""shared_trackers"":[""YOLO11l:botsort:bs_0038"",""YOLO11l:bytetrack:bt_0044"",""YOLO26l:botsort:bs_0041"",""YOLO26l:bytetrack:bt_0054""],""total_cost"":0}",moderate_gap,[],selected from provenance-preserving alternative cluster
GM_RM011,GM_RM011:GV005,243,GM_RM011:AT0053,GM_RM011:YOLO26l:GM_RM011_000243_002,YOLO26l,"[627.75,364.844,799.343,596.151]",active_visible,false,"[""YOLO11l:botsort:bs_0038"",""YOLO11l:bytetrack:bt_0044"",""YOLO26l:botsort:bs_0041""]",,birth_or_entry,stable,[],selected from provenance-preserving alternative cluster
GM_RM011,GM_RM011:GV005,244,GM_RM011:AT0053,GM_RM011:YOLO26l:GM_RM011_000244_002,YOLO26l,"[685.484,366.766,799.476,595.67]",active_visible,false,"[""YOLO11l:botsort:bs_0038"",""YOLO11l:bytetrack:bt_0044"",""YOLO26l:botsort:bs_0041"",""YOLO26l:bytetrack:bt_0054""]",,birth_or_entry,stable,[],selected from provenance-preserving alternative cluster
GM_RM011,GM_RM011:GV005,245,GM_RM011:AT0053,GM_RM011:YOLO26l:GM_RM011_000245_002,YOLO26l,"[737.2,389.707,799.609,591.668]",active_visible,false,"[""YOLO11l:botsort:bs_0038"",""YOLO11l:bytetrack:bt_0044"",""YOLO26l:botsort:bs_0041""]",,birth_or_entry,stable,[],selected from provenance-preserving alternative cluster
GM_RM011,GM_RM011:GV005,246,,,,,missed_or_occluded,true,"[""YOLO11l:botsort:bs_0024"",""YOLO11l:botsort:bs_0031"",""YOLO11l:botsort:bs_0038"",""YOLO11l:botsort:bs_0044"",""YOLO11l:botsort:bs_0061"",""YOLO11l:bytetrack:bt_0026"",""YOLO11l:bytetrack:bt_0032"",""YOLO11l:bytetrack:bt_0034"",""YOLO11l:bytetrack:bt_0041"",""YOLO11l:bytetrack:bt_0044"",""YOLO11l:bytetrack:bt_0051"",""YOLO11l:bytetrack:bt_0067"",""YOLO11l:bytetrack:bt_0074"",""YOLO11l:bytetrack:bt_0075"",""YOLO11l:bytetrack:bt_0077"",""YOLO26l:botsort:bs_0026"",""YOLO26l:botsort:bs_0039"",""YOLO26l:botsort:bs_0041"",""YOLO26l:botsort:bs_0052"",""YOLO26l:botsort:bs_0057"",""YOLO26l:bytetrack:bt_0032"",""YOLO26l:bytetrack:bt_0052"",""YOLO26l:bytetrack:bt_0054"",""YOLO26l:bytetrack:bt_0070"",""YOLO26l:bytetrack:bt_0074""]",GM_RM011:E003224,gap_state_without_synthetic_bbox,review_gap,"[""gap_recovery""]",No bbox is fabricated for an optical miss or occlusion gap.
GM_RM011,GM_RM011:GV005,247,,,,,missed_or_occluded,true,"[""YOLO11l:botsort:bs_0024"",""YOLO11l:botsort:bs_0031"",""YOLO11l:botsort:bs_0038"",""YOLO11l:botsort:bs_0044"",""YOLO11l:botsort:bs_0061"",""YOLO11l:bytetrack:bt_0026"",""YOLO11l:bytetrack:bt_0032"",""YOLO11l:bytetrack:bt_0034"",""YOLO11l:bytetrack:bt_0041"",""YOLO11l:bytetrack:bt_0044"",""YOLO11l:bytetrack:bt_0051"",""YOLO11l:bytetrack:bt_0067"",""YOLO11l:bytetrack:bt_0074"",""YOLO11l:bytetrack:bt_0075"",""YOLO11l:bytetrack:bt_0077"",""YOLO26l:botsort:bs_0026"",""YOLO26l:botsort:bs_0039"",""YOLO26l:botsort:bs_0041"",""YOLO26l:botsort:bs_0052"",""YOLO26l:botsort:bs_0057"",""YOLO26l:bytetrack:bt_0032"",""YOLO26l:bytetrack:bt_0052"",""YOLO26l:bytetrack:bt_0054"",""YOLO26l:bytetrack:bt_0070"",""YOLO26l:bytetrack:bt_0074""]",,gap_state_without_synthetic_bbox,review_gap,"[""gap_recovery""]",No bbox is fabricated for an optical miss or occlusion gap.
GM_RM011,GM_RM011:GV005,248,,,,,missed_or_occluded,true,"[""YOLO11l:botsort:bs_0024"",""YOLO11l:botsort:bs_0031"",""YOLO11l:botsort:bs_0038"",""YOLO11l:botsort:bs_0044"",""YOLO11l:botsort:bs_0061"",""YOLO11l:bytetrack:bt_0026"",""YOLO11l:bytetrack:bt_0032"",""YOLO11l:bytetrack:bt_0034"",""YOLO11l:bytetrack:bt_0041"",""YOLO11l:bytetrack:bt_0044"",""YOLO11l:bytetrack:bt_0051"",""YOLO11l:bytetrack:bt_0067"",""YOLO11l:bytetrack:bt_0074"",""YOLO11l:bytetrack:bt_0075"",""YOLO11l:bytetrack:bt_0077"",""YOLO26l:botsort:bs_0026"",""YOLO26l:botsort:bs_0039"",""YOLO26l:botsort:bs_0041"",""YOLO26l:botsort:bs_0052"",""YOLO26l:botsort:bs_0057"",""YOLO26l:bytetrack:bt_0032"",""YOLO26l:bytetrack:bt_0052"",""YOLO26l:bytetrack:bt_0054"",""YOLO26l:bytetrack:bt_0070"",""YOLO26l:bytetrack:bt_0074""]",,gap_state_without_synthetic_bbox,review_gap,"[""gap_recovery""]",No bbox is fabricated for an optical miss or occlusion gap.
GM_RM011,GM_RM011:GV005,249,,,,,missed_or_occluded,true,"[""YOLO11l:botsort:bs_0024"",""YOLO11l:botsort:bs_0031"",""YOLO11l:botsort:bs_0038"",""YOLO11l:botsort:bs_0044"",""YOLO11l:botsort:bs_0061"",""YOLO11l:bytetrack:bt_0026"",""YOLO11l:bytetrack:bt_0032"",""YOLO11l:bytetrack:bt_0034"",""YOLO11l:bytetrack:bt_0041"",""YOLO11l:bytetrack:bt_0044"",""YOLO11l:bytetrack:bt_0051"",""YOLO11l:bytetrack:bt_0067"",""YOLO11l:bytetrack:bt_0074"",""YOLO11l:bytetrack:bt_0075"",""YOLO11l:bytetrack:bt_0077"",""YOLO26l:botsort:bs_0026"",""YOLO26l:botsort:bs_0039"",""YOLO26l:botsort:bs_0041"",""YOLO26l:botsort:bs_0052"",""YOLO26l:botsort:bs_0057"",""YOLO26l:bytetrack:bt_0032"",""YOLO26l:bytetrack:bt_0052"",""YOLO26l:bytetrack:bt_0054"",""YOLO26l:bytetrack:bt_0070"",""YOLO26l:bytetrack:bt_0074""]",,gap_state_without_synthetic_bbox,review_gap,"[""gap_recovery""]",No bbox is fabricated for an optical miss or occlusion gap.
GM_RM011,GM_RM011:GV005,250,,,,,missed_or_occluded,true,"[""YOLO11l:botsort:bs_0024"",""YOLO11l:botsort:bs_0031"",""YOLO11l:botsort:bs_0038"",""YOLO11l:botsort:bs_0044"",""YOLO11l:botsort:bs_0061"",""YOLO11l:bytetrack:bt_0026"",""YOLO11l:bytetrack:bt_0032"",""YOLO11l:bytetrack:bt_0034"",""YOLO11l:bytetrack:bt_0041"",""YOLO11l:bytetrack:bt_0044"",""YOLO11l:bytetrack:bt_0051"",""YOLO11l:bytetrack:bt_0067"",""YOLO11l:bytetrack:bt_0074"",""YOLO11l:bytetrack:bt_0075"",""YOLO11l:bytetrack:bt_0077"",""YOLO26l:botsort:bs_0026"",""YOLO26l:botsort:bs_0039"",""YOLO26l:botsort:bs_0041"",""YOLO26l:botsort:bs_0052"",""YOLO26l:botsort:bs_0057"",""YOLO26l:bytetrack:bt_0032"",""YOLO26l:bytetrack:bt_0052"",""YOLO26l:bytetrack:bt_0054"",""YOLO26l:bytetrack:bt_0070"",""YOLO26l:bytetrack:bt_0074""]",,gap_state_without_synthetic_bbox,review_gap,"[""gap_recovery""]",No bbox is fabricated for an optical miss or occlusion gap.
GM_RM011,GM_RM011:GV005,251,,,,,missed_or_occluded,true,"[""YOLO11l:botsort:bs_0024"",""YOLO11l:botsort:bs_0031"",""YOLO11l:botsort:bs_0038"",""YOLO11l:botsort:bs_0044"",""YOLO11l:botsort:bs_0061"",""YOLO11l:bytetrack:bt_0026"",""YOLO11l:bytetrack:bt_0032"",""YOLO11l:bytetrack:bt_0034"",""YOLO11l:bytetrack:bt_0041"",""YOLO11l:bytetrack:bt_0044"",""YOLO11l:bytetrack:bt_0051"",""YOLO11l:bytetrack:bt_0067"",""YOLO11l:bytetrack:bt_0074"",""YOLO11l:bytetrack:bt_0075"",""YOLO11l:bytetrack:bt_0077"",""YOLO26l:botsort:bs_0026"",""YOLO26l:botsort:bs_0039"",""YOLO26l:botsort:bs_0041"",""YOLO26l:botsort:bs_0052"",""YOLO26l:botsort:bs_0057"",""YOLO26l:bytetrack:bt_0032"",""YOLO26l:bytetrack:bt_0052"",""YOLO26l:bytetrack:bt_0054"",""YOLO26l:bytetrack:bt_0070"",""YOLO26l:bytetrack:bt_0074""]",,gap_state_without_synthetic_bbox,review_gap,"[""gap_recovery""]",No bbox is fabricated for an optical miss or occlusion gap.
GM_RM011,GM_RM011:GV005,252,,,,,missed_or_occluded,true,"[""YOLO11l:botsort:bs_0024"",""YOLO11l:botsort:bs_0031"",""YOLO11l:botsort:bs_0038"",""YOLO11l:botsort:bs_0044"",""YOLO11l:botsort:bs_0061"",""YOLO11l:bytetrack:bt_0026"",""YOLO11l:bytetrack:bt_0032"",""YOLO11l:bytetrack:bt_0034"",""YOLO11l:bytetrack:bt_0041"",""YOLO11l:bytetrack:bt_0044"",""YOLO11l:bytetrack:bt_0051"",""YOLO11l:bytetrack:bt_0067"",""YOLO11l:bytetrack:bt_0074"",""YOLO11l:bytetrack:bt_0075"",""YOLO11l:bytetrack:bt_0077"",""YOLO26l:botsort:bs_0026"",""YOLO26l:botsort:bs_0039"",""YOLO26l:botsort:bs_0041"",""YOLO26l:botsort:bs_0052"",""YOLO26l:botsort:bs_0057"",""YOLO26l:bytetrack:bt_0032"",""YOLO26l:bytetrack:bt_0052"",""YOLO26l:bytetrack:bt_0054"",""YOLO26l:bytetrack:bt_0070"",""YOLO26l:bytetrack:bt_0074""]",,gap_state_without_synthetic_bbox,review_gap,"[""gap_recovery""]",No bbox is fabricated for an optical miss or occlusion gap.
GM_RM011,GM_RM011:GV005,253,,,,,missed_or_occluded,true,"[""YOLO11l:botsort:bs_0024"",""YOLO11l:botsort:bs_0031"",""YOLO11l:botsort:bs_0038"",""YOLO11l:botsort:bs_0044"",""YOLO11l:botsort:bs_0061"",""YOLO11l:bytetrack:bt_0026"",""YOLO11l:bytetrack:bt_0032"",""YOLO11l:bytetrack:bt_0034"",""YOLO11l:bytetrack:bt_0041"",""YOLO11l:bytetrack:bt_0044"",""YOLO11l:bytetrack:bt_0051"",""YOLO11l:bytetrack:bt_0067"",""YOLO11l:bytetrack:bt_0074"",""YOLO11l:bytetrack:bt_0075"",""YOLO11l:bytetrack:bt_0077"",""YOLO26l:botsort:bs_0026"",""YOLO26l:botsort:bs_0039"",""YOLO26l:botsort:bs_0041"",""YOLO26l:botsort:bs_0052"",""YOLO26l:botsort:bs_0057"",""YOLO26l:bytetrack:bt_0032"",""YOLO26l:bytetrack:bt_0052"",""YOLO26l:bytetrack:bt_0054"",""YOLO26l:bytetrack:bt_0070"",""YOLO26l:bytetrack:bt_0074""]",,gap_state_without_synthetic_bbox,review_gap,"[""gap_recovery""]",No bbox is fabricated for an optical miss or occlusion gap.
GM_RM011,GM_RM011:GV005,254,,,,,missed_or_occluded,true,"[""YOLO11l:botsort:bs_0024"",""YOLO11l:botsort:bs_0031"",""YOLO11l:botsort:bs_0038"",""YOLO11l:botsort:bs_0044"",""YOLO11l:botsort:bs_0061"",""YOLO11l:bytetrack:bt_0026"",""YOLO11l:bytetrack:bt_0032"",""YOLO11l:bytetrack:bt_0034"",""YOLO11l:bytetrack:bt_0041"",""YOLO11l:bytetrack:bt_0044"",""YOLO11l:bytetrack:bt_0051"",""YOLO11l:bytetrack:bt_0067"",""YOLO11l:bytetrack:bt_0074"",""YOLO11l:bytetrack:bt_0075"",""YOLO11l:bytetrack:bt_0077"",""YOLO26l:botsort:bs_0026"",""YOLO26l:botsort:bs_0039"",""YOLO26l:botsort:bs_0041"",""YOLO26l:botsort:bs_0052"",""YOLO26l:botsort:bs_0057"",""YOLO26l:bytetrack:bt_0032"",""YOLO26l:bytetrack:bt_0052"",""YOLO26l:bytetrack:bt_0054"",""YOLO26l:bytetrack:bt_0070"",""YOLO26l:bytetrack:bt_0074""]",,gap_state_without_synthetic_bbox,review_gap,"[""gap_recovery""]",No bbox is fabricated for an optical miss or occlusion gap.
GM_RM011,GM_RM011:GV005,255,,,,,missed_or_occluded,true,"[""YOLO11l:botsort:bs_0024"",""YOLO11l:botsort:bs_0031"",""YOLO11l:botsort:bs_0038"",""YOLO11l:botsort:bs_0044"",""YOLO11l:botsort:bs_0061"",""YOLO11l:bytetrack:bt_0026"",""YOLO11l:bytetrack:bt_0032"",""YOLO11l:bytetrack:bt_0034"",""YOLO11l:bytetrack:bt_0041"",""YOLO11l:bytetrack:bt_0044"",""YOLO11l:bytetrack:bt_0051"",""YOLO11l:bytetrack:bt_0067"",""YOLO11l:bytetrack:bt_0074"",""YOLO11l:bytetrack:bt_0075"",""YOLO11l:bytetrack:bt_0077"",""YOLO26l:botsort:bs_0026"",""YOLO26l:botsort:bs_0039"",""YOLO26l:botsort:bs_0041"",""YOLO26l:botsort:bs_0052"",""YOLO26l:botsort:bs_0057"",""YOLO26l:bytetrack:bt_0032"",""YOLO26l:bytetrack:bt_0052"",""YOLO26l:bytetrack:bt_0054"",""YOLO26l:bytetrack:bt_0070"",""YOLO26l:bytetrack:bt_0074""]",,gap_state_without_synthetic_bbox,review_gap,"[""gap_recovery""]",No bbox is fabricated for an optical miss or occlusion gap.
GM_RM011,GM_RM011:GV005,256,,,,,missed_or_occluded,true,"[""YOLO11l:botsort:bs_0024"",""YOLO11l:botsort:bs_0031"",""YOLO11l:botsort:bs_0038"",""YOLO11l:botsort:bs_0044"",""YOLO11l:botsort:bs_0061"",""YOLO11l:bytetrack:bt_0026"",""YOLO11l:bytetrack:bt_0032"",""YOLO11l:bytetrack:bt_0034"",""YOLO11l:bytetrack:bt_0041"",""YOLO11l:bytetrack:bt_0044"",""YOLO11l:bytetrack:bt_0051"",""YOLO11l:bytetrack:bt_0067"",""YOLO11l:bytetrack:bt_0074"",""YOLO11l:bytetrack:bt_0075"",""YOLO11l:bytetrack:bt_0077"",""YOLO26l:botsort:bs_0026"",""YOLO26l:botsort:bs_0039"",""YOLO26l:botsort:bs_0041"",""YOLO26l:botsort:bs_0052"",""YOLO26l:botsort:bs_0057"",""YOLO26l:bytetrack:bt_0032"",""YOLO26l:bytetrack:bt_0052"",""YOLO26l:bytetrack:bt_0054"",""YOLO26l:bytetrack:bt_0070"",""YOLO26l:bytetrack:bt_0074""]",,gap_state_without_synthetic_bbox,review_gap,"[""gap_recovery""]",No bbox is fabricated for an optical miss or occlusion gap.
GM_RM011,GM_RM011:GV005,257,,,,,missed_or_occluded,true,"[""YOLO11l:botsort:bs_0024"",""YOLO11l:botsort:bs_0031"",""YOLO11l:botsort:bs_0038"",""YOLO11l:botsort:bs_0044"",""YOLO11l:botsort:bs_0061"",""YOLO11l:bytetrack:bt_0026"",""YOLO11l:bytetrack:bt_0032"",""YOLO11l:bytetrack:bt_0034"",""YOLO11l:bytetrack:bt_0041"",""YOLO11l:bytetrack:bt_0044"",""YOLO11l:bytetrack:bt_0051"",""YOLO11l:bytetrack:bt_0067"",""YOLO11l:bytetrack:bt_0074"",""YOLO11l:bytetrack:bt_0075"",""YOLO11l:bytetrack:bt_0077"",""YOLO26l:botsort:bs_0026"",""YOLO26l:botsort:bs_0039"",""YOLO26l:botsort:bs_0041"",""YOLO26l:botsort:bs_0052"",""YOLO26l:botsort:bs_0057"",""YOLO26l:bytetrack:bt_0032"",""YOLO26l:bytetrack:bt_0052"",""YOLO26l:bytetrack:bt_0054"",""YOLO26l:bytetrack:bt_0070"",""YOLO26l:bytetrack:bt_0074""]",,gap_state_without_synthetic_bbox,review_gap,"[""gap_recovery""]",No bbox is fabricated for an optical miss or occlusion gap.
GM_RM011,GM_RM011:GV005,258,,,,,missed_or_occluded,true,"[""YOLO11l:botsort:bs_0024"",""YOLO11l:botsort:bs_0031"",""YOLO11l:botsort:bs_0038"",""YOLO11l:botsort:bs_0044"",""YOLO11l:botsort:bs_0061"",""YOLO11l:bytetrack:bt_0026"",""YOLO11l:bytetrack:bt_0032"",""YOLO11l:bytetrack:bt_0034"",""YOLO11l:bytetrack:bt_0041"",""YOLO11l:bytetrack:bt_0044"",""YOLO11l:bytetrack:bt_0051"",""YOLO11l:bytetrack:bt_0067"",""YOLO11l:bytetrack:bt_0074"",""YOLO11l:bytetrack:bt_0075"",""YOLO11l:bytetrack:bt_0077"",""YOLO26l:botsort:bs_0026"",""YOLO26l:botsort:bs_0039"",""YOLO26l:botsort:bs_0041"",""YOLO26l:botsort:bs_0052"",""YOLO26l:botsort:bs_0057"",""YOLO26l:bytetrack:bt_0032"",""YOLO26l:bytetrack:bt_0052"",""YOLO26l:bytetrack:bt_0054"",""YOLO26l:bytetrack:bt_0070"",""YOLO26l:bytetrack:bt_0074""]",,gap_state_without_synthetic_bbox,review_gap,"[""gap_recovery""]",No bbox is fabricated for an optical miss or occlusion gap.
GM_RM011,GM_RM011:GV005,259,,,,,missed_or_occluded,true,"[""YOLO11l:botsort:bs_0024"",""YOLO11l:botsort:bs_0031"",""YOLO11l:botsort:bs_0038"",""YOLO11l:botsort:bs_0044"",""YOLO11l:botsort:bs_0061"",""YOLO11l:bytetrack:bt_0026"",""YOLO11l:bytetrack:bt_0032"",""YOLO11l:bytetrack:bt_0034"",""YOLO11l:bytetrack:bt_0041"",""YOLO11l:bytetrack:bt_0044"",""YOLO11l:bytetrack:bt_0051"",""YOLO11l:bytetrack:bt_0067"",""YOLO11l:bytetrack:bt_0074"",""YOLO11l:bytetrack:bt_0075"",""YOLO11l:bytetrack:bt_0077"",""YOLO26l:botsort:bs_0026"",""YOLO26l:botsort:bs_0039"",""YOLO26l:botsort:bs_0041"",""YOLO26l:botsort:bs_0052"",""YOLO26l:botsort:bs_0057"",""YOLO26l:bytetrack:bt_0032"",""YOLO26l:bytetrack:bt_0052"",""YOLO26l:bytetrack:bt_0054"",""YOLO26l:bytetrack:bt_0070"",""YOLO26l:bytetrack:bt_0074""]",,gap_state_without_synthetic_bbox,review_gap,"[""gap_recovery""]",No bbox is fabricated for an optical miss or occlusion gap.
GM_RM011,GM_RM011:GV005,260,,,,,missed_or_occluded,true,"[""YOLO11l:botsort:bs_0024"",""YOLO11l:botsort:bs_0031"",""YOLO11l:botsort:bs_0038"",""YOLO11l:botsort:bs_0044"",""YOLO11l:botsort:bs_0061"",""YOLO11l:bytetrack:bt_0026"",""YOLO11l:bytetrack:bt_0032"",""YOLO11l:bytetrack:bt_0034"",""YOLO11l:bytetrack:bt_0041"",""YOLO11l:bytetrack:bt_0044"",""YOLO11l:bytetrack:bt_0051"",""YOLO11l:bytetrack:bt_0067"",""YOLO11l:bytetrack:bt_0074"",""YOLO11l:bytetrack:bt_0075"",""YOLO11l:bytetrack:bt_0077"",""YOLO26l:botsort:bs_0026"",""YOLO26l:botsort:bs_0039"",""YOLO26l:botsort:bs_0041"",""YOLO26l:botsort:bs_0052"",""YOLO26l:botsort:bs_0057"",""YOLO26l:bytetrack:bt_0032"",""YOLO26l:bytetrack:bt_0052"",""YOLO26l:bytetrack:bt_0054"",""YOLO26l:bytetrack:bt_0070"",""YOLO26l:bytetrack:bt_0074""]",,gap_state_without_synthetic_bbox,review_gap,"[""gap_recovery""]",No bbox is fabricated for an optical miss or occlusion gap.
GM_RM011,GM_RM011:GV005,261,,,,,missed_or_occluded,true,"[""YOLO11l:botsort:bs_0024"",""YOLO11l:botsort:bs_0031"",""YOLO11l:botsort:bs_0038"",""YOLO11l:botsort:bs_0044"",""YOLO11l:botsort:bs_0061"",""YOLO11l:bytetrack:bt_0026"",""YOLO11l:bytetrack:bt_0032"",""YOLO11l:bytetrack:bt_0034"",""YOLO11l:bytetrack:bt_0041"",""YOLO11l:bytetrack:bt_0044"",""YOLO11l:bytetrack:bt_0051"",""YOLO11l:bytetrack:bt_0067"",""YOLO11l:bytetrack:bt_0074"",""YOLO11l:bytetrack:bt_0075"",""YOLO11l:bytetrack:bt_0077"",""YOLO26l:botsort:bs_0026"",""YOLO26l:botsort:bs_0039"",""YOLO26l:botsort:bs_0041"",""YOLO26l:botsort:bs_0052"",""YOLO26l:botsort:bs_0057"",""YOLO26l:bytetrack:bt_0032"",""YOLO26l:bytetrack:bt_0052"",""YOLO26l:bytetrack:bt_0054"",""YOLO26l:bytetrack:bt_0070"",""YOLO26l:bytetrack:bt_0074""]",,gap_state_without_synthetic_bbox,review_gap,"[""gap_recovery""]",No bbox is fabricated for an optical miss or occlusion gap.
GM_RM011,GM_RM011:GV005,262,GM_RM011:AT0059,GM_RM011:YOLO26l:GM_RM011_000262_002,YOLO26l,"[0.655,392.723,177.555,594.83]",recovery,false,"[""YOLO11l:botsort:bs_0061"",""YOLO11l:bytetrack:bt_0074"",""YOLO26l:botsort:bs_0057"",""YOLO26l:bytetrack:bt_0074""]",GM_RM011:E003224,"{""edge_id"":""GM_RM011:E003224"",""gap"":16,""motion"":4.0,""appearance"":0.1875,""color"":0.1117,""shape"":1.5624,""boundary_support"":1.0,""shared_trackers"":[],""total_cost"":237}",moderate_gap,[],selected from provenance-preserving alternative cluster
GM_RM011,GM_RM011:GV005,263,GM_RM011:AT0059,GM_RM011:YOLO26l:GM_RM011_000263_002,YOLO26l,"[0.621,375.746,208.526,595.248]",active_visible,false,"[""YOLO11l:botsort:bs_0061"",""YOLO11l:bytetrack:bt_0074"",""YOLO26l:botsort:bs_0057"",""YOLO26l:bytetrack:bt_0074""]",,birth_or_entry,stable,[],selected from provenance-preserving alternative cluster
GM_RM011,GM_RM011:GV005,264,GM_RM011:AT0059,GM_RM011:YOLO26l:GM_RM011_000264_002,YOLO26l,"[0.648,360.214,239.985,595.54]",active_visible,false,"[""YOLO11l:botsort:bs_0061"",""YOLO11l:bytetrack:bt_0074"",""YOLO26l:botsort:bs_0057"",""YOLO26l:bytetrack:bt_0074""]",,birth_or_entry,stable,[],selected from provenance-preserving alternative cluster
GM_RM011,GM_RM011:GV005,265,GM_RM011:AT0059,GM_RM011:YOLO26l:GM_RM011_000265_001,YOLO26l,"[0.92,347.613,287.977,595.557]",active_visible,false,"[""YOLO11l:botsort:bs_0061"",""YOLO11l:bytetrack:bt_0074"",""YOLO26l:botsort:bs_0057""]",,birth_or_entry,stable,[],selected from provenance-preserving alternative cluster
GM_RM011,GM_RM011:GV005,266,GM_RM011:AT0059,GM_RM011:YOLO26l:GM_RM011_000266_001,YOLO26l,"[1.217,341.286,344.592,596.392]",active_visible,false,"[""YOLO11l:botsort:bs_0061"",""YOLO11l:bytetrack:bt_0074"",""YOLO26l:botsort:bs_0057"",""YOLO26l:bytetrack:bt_0074""]",,birth_or_entry,stable,[],selected from provenance-preserving alternative cluster
GM_RM011,GM_RM011:GV005,267,,,,,missed_or_occluded,true,"[""YOLO11l:botsort:bs_0024"",""YOLO11l:botsort:bs_0031"",""YOLO11l:botsort:bs_0038"",""YOLO11l:botsort:bs_0044"",""YOLO11l:botsort:bs_0061"",""YOLO11l:bytetrack:bt_0026"",""YOLO11l:bytetrack:bt_0032"",""YOLO11l:bytetrack:bt_0034"",""YOLO11l:bytetrack:bt_0041"",""YOLO11l:bytetrack:bt_0044"",""YOLO11l:bytetrack:bt_0051"",""YOLO11l:bytetrack:bt_0067"",""YOLO11l:bytetrack:bt_0074"",""YOLO11l:bytetrack:bt_0075"",""YOLO11l:bytetrack:bt_0077"",""YOLO26l:botsort:bs_0026"",""YOLO26l:botsort:bs_0039"",""YOLO26l:botsort:bs_0041"",""YOLO26l:botsort:bs_0052"",""YOLO26l:botsort:bs_0057"",""YOLO26l:bytetrack:bt_0032"",""YOLO26l:bytetrack:bt_0052"",""YOLO26l:bytetrack:bt_0054"",""YOLO26l:bytetrack:bt_0070"",""YOLO26l:bytetrack:bt_0074""]",GM_RM011:E003764,gap_state_without_synthetic_bbox,moderate,"[""gap_recovery""]",No bbox is fabricated for an optical miss or occlusion gap.
GM_RM011,GM_RM011:GV005,268,,,,,missed_or_occluded,true,"[""YOLO11l:botsort:bs_0024"",""YOLO11l:botsort:bs_0031"",""YOLO11l:botsort:bs_0038"",""YOLO11l:botsort:bs_0044"",""YOLO11l:botsort:bs_0061"",""YOLO11l:bytetrack:bt_0026"",""YOLO11l:bytetrack:bt_0032"",""YOLO11l:bytetrack:bt_0034"",""YOLO11l:bytetrack:bt_0041"",""YOLO11l:bytetrack:bt_0044"",""YOLO11l:bytetrack:bt_0051"",""YOLO11l:bytetrack:bt_0067"",""YOLO11l:bytetrack:bt_0074"",""YOLO11l:bytetrack:bt_0075"",""YOLO11l:bytetrack:bt_0077"",""YOLO26l:botsort:bs_0026"",""YOLO26l:botsort:bs_0039"",""YOLO26l:botsort:bs_0041"",""YOLO26l:botsort:bs_0052"",""YOLO26l:botsort:bs_0057"",""YOLO26l:bytetrack:bt_0032"",""YOLO26l:bytetrack:bt_0052"",""YOLO26l:bytetrack:bt_0054"",""YOLO26l:bytetrack:bt_0070"",""YOLO26l:bytetrack:bt_0074""]",,gap_state_without_synthetic_bbox,moderate,"[""gap_recovery""]",No bbox is fabricated for an optical miss or occlusion gap.
GM_RM011,GM_RM011:GV005,269,GM_RM011:AT0169,GM_RM011:YOLO26l:GM_RM011_000269_001,YOLO26l,"[2.923,325.158,499.633,595.61]",recovery,false,"[""YOLO11l:botsort:bs_0061"",""YOLO11l:bytetrack:bt_0074""]",GM_RM011:E003764,"{""edge_id"":""GM_RM011:E003764"",""gap"":2,""motion"":0.0141,""appearance"":0.1832,""color"":0.1957,""shape"":0.5246,""boundary_support"":1.0,""shared_trackers"":[""YOLO11l:botsort:bs_0061"",""YOLO11l:bytetrack:bt_0074""],""total_cost"":0}",moderate_gap,[],selected from provenance-preserving alternative cluster
GM_RM011,GM_RM011:GV005,270,GM_RM011:AT0060,GM_RM011:YOLO26l:GM_RM011_000270_001,YOLO26l,"[3.079,323.358,502.999,595.166]",active_visible,false,"[""YOLO11l:botsort:bs_0061"",""YOLO26l:botsort:bs_0057"",""YOLO26l:bytetrack:bt_0074""]",GM_RM011:E003800,"{""edge_id"":""GM_RM011:E003800"",""gap"":0,""motion"":0.0037,""appearance"":0.2057,""color"":0.1078,""shape"":0.0072,""boundary_support"":1.0,""shared_trackers"":[""YOLO11l:botsort:bs_0061""],""total_cost"":0}",stable,[],selected from provenance-preserving alternative cluster
GM_RM011,GM_RM011:GV005,271,GM_RM011:AT0060,GM_RM011:YOLO26l:GM_RM011_000271_001,YOLO26l,"[2.779,320.844,529.315,594.317]",active_visible,false,"[""YOLO26l:botsort:bs_0057"",""YOLO26l:bytetrack:bt_0074""]",,birth_or_entry,stable,[],selected from provenance-preserving alternative cluster
GM_RM011,GM_RM011:GV005,272,GM_RM011:AT0060,GM_RM011:YOLO26l:GM_RM011_000272_001,YOLO26l,"[6.846,313.135,578.978,595.82]",active_visible,false,"[""YOLO26l:botsort:bs_0057"",""YOLO26l:bytetrack:bt_0074""]",,birth_or_entry,stable,[],selected from provenance-preserving alternative cluster
GM_RM011,GM_RM011:GV005,273,GM_RM011:AT0060,GM_RM011:YOLO26l:GM_RM011_000273_001,YOLO26l,"[8.548,305.698,581.182,598.791]",active_visible,false,"[""YOLO26l:botsort:bs_0057"",""YOLO26l:bytetrack:bt_0074""]",,birth_or_entry,stable,[],selected from provenance-preserving alternative cluster
GM_RM011,GM_RM011:GV005,274,GM_RM011:AT0060,GM_RM011:YOLO26l:GM_RM011_000274_001,YOLO26l,"[8.177,299.55,576.564,597.404]",active_visible,false,"[""YOLO26l:botsort:bs_0057"",""YOLO26l:bytetrack:bt_0074""]",,birth_or_entry,stable,[],selected from provenance-preserving alternative cluster
GM_RM011,GM_RM011:GV005,275,GM_RM011:AT0060,GM_RM011:YOLO26l:GM_RM011_000275_001,YOLO26l,"[8.331,295.248,579.646,598.166]",active_visible,false,"[""YOLO26l:botsort:bs_0057"",""YOLO26l:bytetrack:bt_0074""]",,birth_or_entry,stable,[],selected from provenance-preserving alternative cluster
GM_RM011,GM_RM011:GV005,276,GM_RM011:AT0060,GM_RM011:YOLO26l:GM_RM011_000276_001,YOLO26l,"[14.268,291.302,601.191,597.521]",active_visible,false,"[""YOLO11l:bytetrack:bt_0067"",""YOLO26l:botsort:bs_0057"",""YOLO26l:bytetrack:bt_0074""]",,birth_or_entry,stable,[],selected from provenance-preserving alternative cluster
GM_RM011,GM_RM011:GV005,277,GM_RM011:AT0060,GM_RM011:YOLO26l:GM_RM011_000277_001,YOLO26l,"[13.873,287.702,602.114,597.664]",active_visible,false,"[""YOLO11l:bytetrack:bt_0067"",""YOLO26l:botsort:bs_0057"",""YOLO26l:bytetrack:bt_0074""]",,birth_or_entry,stable,[],selected from provenance-preserving alternative cluster
GM_RM011,GM_RM011:GV005,278,GM_RM011:AT0060,GM_RM011:YOLO26l:GM_RM011_000278_001,YOLO26l,"[11.376,289.917,600.288,597.378]",active_visible,false,"[""YOLO26l:botsort:bs_0057"",""YOLO26l:bytetrack:bt_0074""]",,birth_or_entry,stable,[],selected from provenance-preserving alternative cluster
GM_RM011,GM_RM011:GV005,279,GM_RM011:AT0060,GM_RM011:YOLO26l:GM_RM011_000279_001,YOLO26l,"[11.013,293.677,599.736,596.414]",active_visible,false,"[""YOLO26l:botsort:bs_0057"",""YOLO26l:bytetrack:bt_0074""]",,birth_or_entry,stable,[],selected from provenance-preserving alternative cluster
GM_RM011,GM_RM011:GV005,280,GM_RM011:AT0058,GM_RM011:YOLO26l:GM_RM011_000280_001,YOLO26l,"[119.2,285.303,731.0,597.826]",active_visible,false,"[""YOLO11l:botsort:bs_0061"",""YOLO11l:bytetrack:bt_0077"",""YOLO26l:botsort:bs_0052"",""YOLO26l:bytetrack:bt_0070""]",GM_RM011:E003835,"{""edge_id"":""GM_RM011:E003835"",""gap"":0,""motion"":0.1783,""appearance"":0.1135,""color"":0.0413,""shape"":0.0418,""boundary_support"":1.0,""shared_trackers"":[""YOLO11l:botsort:bs_0061"",""YOLO26l:bytetrack:bt_0074""],""total_cost"":0}",stable,[],selected from provenance-preserving alternative cluster
GM_RM011,GM_RM011:GV005,281,GM_RM011:AT0058,GM_RM011:YOLO26l:GM_RM011_000281_001,YOLO26l,"[219.802,288.591,794.09,593.941]",active_visible,false,"[""YOLO11l:botsort:bs_0061"",""YOLO11l:bytetrack:bt_0077"",""YOLO26l:botsort:bs_0052"",""YOLO26l:bytetrack:bt_0070""]",,birth_or_entry,stable,[],selected from provenance-preserving alternative cluster
GM_RM011,GM_RM011:GV005,282,GM_RM011:AT0058,GM_RM011:YOLO26l:GM_RM011_000282_002,YOLO26l,"[269.185,299.546,798.038,595.41]",active_visible,false,"[""YOLO26l:botsort:bs_0052"",""YOLO26l:bytetrack:bt_0070""]",,birth_or_entry,stable,[],selected from provenance-preserving alternative cluster
GM_RM011,GM_RM011:GV005,283,GM_RM011:AT0058,GM_RM011:YOLO26l:GM_RM011_000283_002,YOLO26l,"[248.555,298.736,796.398,595.939]",active_visible,false,"[""YOLO11l:botsort:bs_0061"",""YOLO11l:bytetrack:bt_0077"",""YOLO26l:botsort:bs_0052"",""YOLO26l:bytetrack:bt_0070""]",,birth_or_entry,stable,[],selected from provenance-preserving alternative cluster
GM_RM011,GM_RM011:GV005,284,GM_RM011:AT0058,GM_RM011:YOLO26l:GM_RM011_000284_002,YOLO26l,"[274.018,300.517,797.048,595.349]",active_visible,false,"[""YOLO11l:botsort:bs_0061"",""YOLO11l:bytetrack:bt_0077"",""YOLO26l:botsort:bs_0052"",""YOLO26l:bytetrack:bt_0070""]",,birth_or_entry,stable,[],selected from provenance-preserving alternative cluster
GM_RM011,GM_RM011:GV005,285,GM_RM011:AT0058,GM_RM011:YOLO26l:GM_RM011_000285_002,YOLO26l,"[313.022,299.207,797.966,595.396]",active_visible,false,"[""YOLO11l:botsort:bs_0061"",""YOLO11l:bytetrack:bt_0077"",""YOLO26l:botsort:bs_0052"",""YOLO26l:bytetrack:bt_0070""]",,birth_or_entry,stable,[],selected from provenance-preserving alternative cluster
GM_RM011,GM_RM011:GV005,286,GM_RM011:AT0058,GM_RM011:YOLO26l:GM_RM011_000286_001,YOLO26l,"[367.895,301.179,798.949,595.428]",active_visible,false,"[""YOLO11l:botsort:bs_0061"",""YOLO11l:bytetrack:bt_0077"",""YOLO26l:botsort:bs_0052"",""YOLO26l:bytetrack:bt_0070""]",,birth_or_entry,stable,[],selected from provenance-preserving alternative cluster
GM_RM011,GM_RM011:GV005,287,GM_RM011:AT0058,GM_RM011:YOLO26l:GM_RM011_000287_001,YOLO26l,"[422.156,323.708,798.834,595.368]",active_visible,false,"[""YOLO11l:botsort:bs_0061"",""YOLO11l:bytetrack:bt_0077"",""YOLO26l:botsort:bs_0052"",""YOLO26l:bytetrack:bt_0074""]",,birth_or_entry,stable,[],selected from provenance-preserving alternative cluster
GM_RM011,GM_RM011:GV005,288,GM_RM011:AT0058,GM_RM011:YOLO26l:GM_RM011_000288_001,YOLO26l,"[491.352,357.935,798.802,595.33]",active_visible,false,"[""YOLO11l:botsort:bs_0061"",""YOLO11l:bytetrack:bt_0077"",""YOLO26l:botsort:bs_0052"",""YOLO26l:bytetrack:bt_0074""]",,birth_or_entry,stable,[],selected from provenance-preserving alternative cluster
GM_RM011,GM_RM011:GV005,289,GM_RM011:AT0058,GM_RM011:YOLO26l:GM_RM011_000289_002,YOLO26l,"[551.364,383.849,798.974,595.053]",active_visible,false,"[""YOLO11l:botsort:bs_0061"",""YOLO11l:bytetrack:bt_0077"",""YOLO26l:botsort:bs_0052""]",,birth_or_entry,stable,[],selected from provenance-preserving alternative cluster
GM_RM011,GM_RM011:GV005,290,GM_RM011:AT0058,GM_RM011:YOLO26l:GM_RM011_000290_001,YOLO26l,"[610.431,388.64,799.452,595.044]",active_visible,false,"[""YOLO11l:botsort:bs_0061"",""YOLO11l:bytetrack:bt_0077"",""YOLO26l:botsort:bs_0052"",""YOLO26l:bytetrack:bt_0074""]",,birth_or_entry,stable,[],selected from provenance-preserving alternative cluster
GM_RM011,GM_RM011:GV005,291,GM_RM011:AT0058,GM_RM011:YOLO26l:GM_RM011_000291_001,YOLO26l,"[672.532,402.19,799.443,594.847]",active_visible,false,"[""YOLO11l:botsort:bs_0061"",""YOLO11l:bytetrack:bt_0075"",""YOLO26l:botsort:bs_0052"",""YOLO26l:bytetrack:bt_0074""]",,birth_or_entry,stable,[],selected from provenance-preserving alternative cluster
GM_RM011,GM_RM011:GV005,292,GM_RM011:AT0058,GM_RM011:YOLO26l:GM_RM011_000292_001,YOLO26l,"[737.224,424.589,799.646,596.961]",exit_or_death,false,"[""YOLO11l:botsort:bs_0061"",""YOLO11l:bytetrack:bt_0075"",""YOLO26l:botsort:bs_0052""]",,birth_or_entry,stable,[],selected from provenance-preserving alternative cluster
GM_RM011,GM_RM011:GV006,116,GM_RM011:AT0047,GM_RM011:YOLO26l:GM_RM011_000116_002,YOLO26l,"[0.203,282.735,67.611,345.265]",birth_or_entry,false,"[""YOLO11l:botsort:bs_0022"",""YOLO11l:bytetrack:bt_0024"",""YOLO26l:botsort:bs_0025"",""YOLO26l:bytetrack:bt_0031""]",,birth_or_entry,stable,[],selected from provenance-preserving alternative cluster
GM_RM011,GM_RM011:GV006,117,GM_RM011:AT0047,GM_RM011:YOLO26l:GM_RM011_000117_002,YOLO26l,"[0.407,276.444,90.17,364.152]",active_visible,false,"[""YOLO11l:botsort:bs_0022"",""YOLO11l:bytetrack:bt_0024"",""YOLO26l:botsort:bs_0025"",""YOLO26l:bytetrack:bt_0031""]",,birth_or_entry,stable,[],selected from provenance-preserving alternative cluster
GM_RM011,GM_RM011:GV006,118,GM_RM011:AT0047,GM_RM011:YOLO26l:GM_RM011_000118_001,YOLO26l,"[0.368,289.602,119.889,406.83]",active_visible,false,"[""YOLO11l:botsort:bs_0022"",""YOLO11l:bytetrack:bt_0024"",""YOLO26l:botsort:bs_0025"",""YOLO26l:bytetrack:bt_0031""]",,birth_or_entry,stable,[],selected from provenance-preserving alternative cluster
GM_RM011,GM_RM011:GV006,119,GM_RM011:AT0047,GM_RM011:YOLO26l:GM_RM011_000119_002,YOLO26l,"[0.356,282.913,140.144,417.298]",active_visible,false,"[""YOLO11l:botsort:bs_0022"",""YOLO11l:bytetrack:bt_0024"",""YOLO26l:botsort:bs_0025"",""YOLO26l:bytetrack:bt_0031""]",,birth_or_entry,stable,[],selected from provenance-preserving alternative cluster
GM_RM011,GM_RM011:GV006,120,GM_RM011:AT0047,GM_RM011:YOLO26l:GM_RM011_000120_003,YOLO26l,"[0.385,271.055,161.441,429.735]",active_visible,false,"[""YOLO11l:botsort:bs_0022"",""YOLO11l:bytetrack:bt_0024"",""YOLO26l:botsort:bs_0025"",""YOLO26l:bytetrack:bt_0031""]",,birth_or_entry,stable,[],selected from provenance-preserving alternative cluster
GM_RM011,GM_RM011:GV006,121,GM_RM011:AT0047,GM_RM011:YOLO26l:GM_RM011_000121_003,YOLO26l,"[0.474,267.848,187.611,481.504]",active_visible,false,"[""YOLO11l:botsort:bs_0022"",""YOLO11l:bytetrack:bt_0024"",""YOLO26l:botsort:bs_0025"",""YOLO26l:bytetrack:bt_0031""]",,birth_or_entry,stable,[],selected from provenance-preserving alternative cluster
GM_RM011,GM_RM011:GV006,122,GM_RM011:AT0047,GM_RM011:YOLO26l:GM_RM011_000122_002,YOLO26l,"[0.459,278.51,216.461,594.938]",active_visible,false,"[""YOLO11l:botsort:bs_0022"",""YOLO11l:bytetrack:bt_0024"",""YOLO26l:botsort:bs_0025"",""YOLO26l:bytetrack:bt_0031""]",,birth_or_entry,stable,[],selected from provenance-preserving alternative cluster
GM_RM011,GM_RM011:GV006,123,GM_RM011:AT0047,GM_RM011:YOLO26l:GM_RM011_000123_002,YOLO26l,"[0.717,277.689,245.014,594.46]",active_visible,false,"[""YOLO11l:botsort:bs_0022"",""YOLO11l:bytetrack:bt_0024"",""YOLO26l:botsort:bs_0025"",""YOLO26l:bytetrack:bt_0031""]",,birth_or_entry,stable,[],selected from provenance-preserving alternative cluster
GM_RM011,GM_RM011:GV006,124,GM_RM011:AT0047,GM_RM011:YOLO26l:GM_RM011_000124_002,YOLO26l,"[0.63,274.733,266.007,595.474]",active_visible,false,"[""YOLO11l:botsort:bs_0022"",""YOLO11l:bytetrack:bt_0024"",""YOLO26l:botsort:bs_0025"",""YOLO26l:bytetrack:bt_0031""]",,birth_or_entry,stable,[],selected from provenance-preserving alternative cluster
GM_RM011,GM_RM011:GV006,125,GM_RM011:AT0047,GM_RM011:YOLO26l:GM_RM011_000125_001,YOLO26l,"[1.076,281.689,297.377,594.101]",active_visible,false,"[""YOLO11l:botsort:bs_0022"",""YOLO11l:bytetrack:bt_0024"",""YOLO26l:botsort:bs_0025"",""YOLO26l:bytetrack:bt_0031""]",,birth_or_entry,stable,[],selected from provenance-preserving alternative cluster
GM_RM011,GM_RM011:GV006,126,GM_RM011:AT0047,GM_RM011:YOLO26l:GM_RM011_000126_001,YOLO26l,"[0.992,284.1,307.863,595.664]",active_visible,false,"[""YOLO11l:botsort:bs_0022"",""YOLO11l:bytetrack:bt_0024"",""YOLO26l:botsort:bs_0025"",""YOLO26l:bytetrack:bt_0031""]",,birth_or_entry,stable,[],selected from provenance-preserving alternative cluster
GM_RM011,GM_RM011:GV006,127,GM_RM011:AT0047,GM_RM011:YOLO26l:GM_RM011_000127_001,YOLO26l,"[1.221,281.999,330.488,595.608]",active_visible,false,"[""YOLO11l:botsort:bs_0022"",""YOLO11l:bytetrack:bt_0024"",""YOLO26l:botsort:bs_0025"",""YOLO26l:bytetrack:bt_0031""]",,birth_or_entry,stable,[],selected from provenance-preserving alternative cluster
GM_RM011,GM_RM011:GV006,128,GM_RM011:AT0047,GM_RM011:YOLO26l:GM_RM011_000128_001,YOLO26l,"[1.65,274.533,349.841,594.987]",active_visible,false,"[""YOLO11l:botsort:bs_0022"",""YOLO11l:bytetrack:bt_0024"",""YOLO26l:botsort:bs_0025"",""YOLO26l:bytetrack:bt_0031""]",,birth_or_entry,stable,[],selected from provenance-preserving alternative cluster
GM_RM011,GM_RM011:GV006,129,GM_RM011:AT0047,GM_RM011:YOLO26l:GM_RM011_000129_001,YOLO26l,"[1.475,283.456,373.424,596.277]",active_visible,false,"[""YOLO11l:botsort:bs_0022"",""YOLO11l:bytetrack:bt_0024"",""YOLO26l:botsort:bs_0025"",""YOLO26l:bytetrack:bt_0031""]",,birth_or_entry,stable,[],selected from provenance-preserving alternative cluster
GM_RM011,GM_RM011:GV006,130,GM_RM011:AT0047,GM_RM011:YOLO26l:GM_RM011_000130_001,YOLO26l,"[1.396,285.831,397.903,597.988]",active_visible,false,"[""YOLO11l:botsort:bs_0022"",""YOLO11l:bytetrack:bt_0024"",""YOLO26l:botsort:bs_0025"",""YOLO26l:bytetrack:bt_0031""]",,birth_or_entry,stable,[],selected from provenance-preserving alternative cluster
GM_RM011,GM_RM011:GV006,131,GM_RM011:AT0047,GM_RM011:YOLO26l:GM_RM011_000131_001,YOLO26l,"[0.78,289.239,433.623,598.322]",active_visible,false,"[""YOLO11l:botsort:bs_0022"",""YOLO11l:bytetrack:bt_0024"",""YOLO26l:botsort:bs_0025"",""YOLO26l:bytetrack:bt_0031""]",,birth_or_entry,stable,[],selected from provenance-preserving alternative cluster
GM_RM011,GM_RM011:GV006,132,GM_RM011:AT0047,GM_RM011:YOLO26l:GM_RM011_000132_001,YOLO26l,"[2.232,282.83,526.766,598.798]",active_visible,false,"[""YOLO11l:botsort:bs_0022"",""YOLO11l:bytetrack:bt_0024"",""YOLO26l:botsort:bs_0025"",""YOLO26l:bytetrack:bt_0031""]",,birth_or_entry,stable,[],selected from provenance-preserving alternative cluster
GM_RM011,GM_RM011:GV006,133,GM_RM011:AT0047,GM_RM011:YOLO26l:GM_RM011_000133_001,YOLO26l,"[1.83,277.677,477.993,598.114]",active_visible,false,"[""YOLO11l:botsort:bs_0022"",""YOLO11l:bytetrack:bt_0024"",""YOLO26l:botsort:bs_0025"",""YOLO26l:bytetrack:bt_0031""]",,birth_or_entry,stable,[],selected from provenance-preserving alternative cluster
GM_RM011,GM_RM011:GV006,134,GM_RM011:AT0047,GM_RM011:YOLO26l:GM_RM011_000134_002,YOLO26l,"[47.235,278.559,589.763,598.508]",active_visible,false,"[""YOLO11l:botsort:bs_0022"",""YOLO11l:bytetrack:bt_0024"",""YOLO26l:botsort:bs_0025"",""YOLO26l:bytetrack:bt_0031""]",,birth_or_entry,stable,[],selected from provenance-preserving alternative cluster
GM_RM011,GM_RM011:GV006,135,GM_RM011:AT0050,GM_RM011:YOLO26l:GM_RM011_000135_001,YOLO26l,"[0.834,270.974,306.768,590.36]",active_visible,false,"[""YOLO11l:botsort:bs_0029"",""YOLO11l:bytetrack:bt_0031"",""YOLO26l:botsort:bs_0030"",""YOLO26l:bytetrack:bt_0039""]",GM_RM011:E001512,"{""edge_id"":""GM_RM011:E001512"",""gap"":0,""motion"":0.4541,""appearance"":0.0765,""color"":0.1308,""shape"":0.8584,""boundary_support"":1.0,""shared_trackers"":[],""total_cost"":54}",stable,[],selected from provenance-preserving alternative cluster
GM_RM011,GM_RM011:GV006,136,GM_RM011:AT0050,GM_RM011:YOLO26l:GM_RM011_000136_001,YOLO26l,"[1.171,271.054,321.775,590.143]",active_visible,false,"[""YOLO11l:botsort:bs_0029"",""YOLO11l:bytetrack:bt_0031"",""YOLO26l:botsort:bs_0030"",""YOLO26l:bytetrack:bt_0039""]",,birth_or_entry,stable,[],selected from provenance-preserving alternative cluster
GM_RM011,GM_RM011:GV006,137,GM_RM011:AT0050,GM_RM011:YOLO26l:GM_RM011_000137_001,YOLO26l,"[1.123,265.717,341.149,589.468]",active_visible,false,"[""YOLO11l:botsort:bs_0029"",""YOLO11l:bytetrack:bt_0031"",""YOLO26l:botsort:bs_0030"",""YOLO26l:bytetrack:bt_0039""]",,birth_or_entry,stable,[],selected from provenance-preserving alternative cluster
GM_RM011,GM_RM011:GV006,138,GM_RM011:AT0050,GM_RM011:YOLO26l:GM_RM011_000138_002,YOLO26l,"[1.393,266.718,372.528,595.795]",active_visible,false,"[""YOLO11l:botsort:bs_0029"",""YOLO11l:bytetrack:bt_0031"",""YOLO26l:botsort:bs_0030"",""YOLO26l:bytetrack:bt_0039""]",,birth_or_entry,stable,[],selected from provenance-preserving alternative cluster
GM_RM011,GM_RM011:GV006,139,GM_RM011:AT0050,GM_RM011:YOLO26l:GM_RM011_000139_001,YOLO26l,"[2.024,278.035,396.552,596.736]",active_visible,false,"[""YOLO11l:botsort:bs_0029"",""YOLO11l:bytetrack:bt_0031"",""YOLO26l:botsort:bs_0030"",""YOLO26l:bytetrack:bt_0039""]",,birth_or_entry,stable,[],selected from provenance-preserving alternative cluster
GM_RM011,GM_RM011:GV006,140,GM_RM011:AT0050,GM_RM011:YOLO26l:GM_RM011_000140_001,YOLO26l,"[1.82,278.029,421.78,597.063]",active_visible,false,"[""YOLO11l:botsort:bs_0029"",""YOLO11l:bytetrack:bt_0031"",""YOLO26l:botsort:bs_0030"",""YOLO26l:bytetrack:bt_0039""]",,birth_or_entry,stable,[],selected from provenance-preserving alternative cluster
GM_RM011,GM_RM011:GV006,141,GM_RM011:AT0050,GM_RM011:YOLO26l:GM_RM011_000141_002,YOLO26l,"[20.216,275.511,448.666,597.117]",active_visible,false,"[""YOLO11l:botsort:bs_0029"",""YOLO11l:bytetrack:bt_0031"",""YOLO26l:botsort:bs_0030"",""YOLO26l:bytetrack:bt_0039""]",,birth_or_entry,stable,[],selected from provenance-preserving alternative cluster
GM_RM011,GM_RM011:GV006,142,GM_RM011:AT0050,GM_RM011:YOLO26l:GM_RM011_000142_002,YOLO26l,"[59.225,269.023,463.241,597.148]",active_visible,false,"[""YOLO11l:botsort:bs_0029"",""YOLO11l:bytetrack:bt_0031"",""YOLO26l:botsort:bs_0030"",""YOLO26l:bytetrack:bt_0039""]",,birth_or_entry,stable,[],selected from provenance-preserving alternative cluster
GM_RM011,GM_RM011:GV006,143,GM_RM011:AT0050,GM_RM011:YOLO26l:GM_RM011_000143_002,YOLO26l,"[95.353,280.873,478.662,597.486]",active_visible,false,"[""YOLO11l:botsort:bs_0029"",""YOLO11l:bytetrack:bt_0031"",""YOLO26l:botsort:bs_0030"",""YOLO26l:bytetrack:bt_0039""]",,birth_or_entry,stable,[],selected from provenance-preserving alternative cluster
GM_RM011,GM_RM011:GV006,144,GM_RM011:AT0050,GM_RM011:YOLO26l:GM_RM011_000144_002,YOLO26l,"[133.897,291.349,500.235,597.291]",active_visible,false,"[""YOLO11l:botsort:bs_0029"",""YOLO11l:bytetrack:bt_0031"",""YOLO26l:botsort:bs_0030"",""YOLO26l:bytetrack:bt_0039""]",,birth_or_entry,stable,[],selected from provenance-preserving alternative cluster
GM_RM011,GM_RM011:GV006,145,GM_RM011:AT0050,GM_RM011:YOLO26l:GM_RM011_000145_002,YOLO26l,"[170.541,287.761,529.782,597.597]",active_visible,false,"[""YOLO11l:botsort:bs_0029"",""YOLO11l:bytetrack:bt_0031"",""YOLO26l:botsort:bs_0030"",""YOLO26l:bytetrack:bt_0039""]",,birth_or_entry,stable,[],selected from provenance-preserving alternative cluster
GM_RM011,GM_RM011:GV006,146,GM_RM011:AT0050,GM_RM011:YOLO26l:GM_RM011_000146_002,YOLO26l,"[212.721,281.399,574.07,597.418]",active_visible,false,"[""YOLO11l:botsort:bs_0029"",""YOLO11l:bytetrack:bt_0031"",""YOLO26l:botsort:bs_0030"",""YOLO26l:bytetrack:bt_0039""]",,birth_or_entry,stable,[],selected from provenance-preserving alternative cluster
GM_RM011,GM_RM011:GV006,147,GM_RM011:AT0050,GM_RM011:YOLO26l:GM_RM011_000147_002,YOLO26l,"[253.603,273.371,617.206,597.467]",active_visible,false,"[""YOLO11l:botsort:bs_0029"",""YOLO11l:bytetrack:bt_0031"",""YOLO26l:botsort:bs_0030"",""YOLO26l:bytetrack:bt_0039""]",,birth_or_entry,stable,[],selected from provenance-preserving alternative cluster
GM_RM011,GM_RM011:GV006,148,GM_RM011:AT0050,GM_RM011:YOLO26l:GM_RM011_000148_001,YOLO26l,"[290.147,267.952,660.228,597.57]",active_visible,false,"[""YOLO11l:botsort:bs_0029"",""YOLO11l:bytetrack:bt_0031"",""YOLO26l:botsort:bs_0030"",""YOLO26l:bytetrack:bt_0039""]",,birth_or_entry,stable,[],selected from provenance-preserving alternative cluster
GM_RM011,GM_RM011:GV006,149,GM_RM011:AT0050,GM_RM011:YOLO26l:GM_RM011_000149_001,YOLO26l,"[327.634,265.88,708.068,597.512]",active_visible,false,"[""YOLO11l:botsort:bs_0029"",""YOLO11l:bytetrack:bt_0031"",""YOLO26l:botsort:bs_0030"",""YOLO26l:bytetrack:bt_0039""]",,birth_or_entry,stable,[],selected from provenance-preserving alternative cluster
GM_RM011,GM_RM011:GV006,150,GM_RM011:AT0050,GM_RM011:YOLO26l:GM_RM011_000150_001,YOLO26l,"[366.104,262.761,753.531,597.71]",active_visible,false,"[""YOLO11l:botsort:bs_0029"",""YOLO11l:bytetrack:bt_0031"",""YOLO26l:botsort:bs_0030"",""YOLO26l:bytetrack:bt_0039""]",,birth_or_entry,stable,[],selected from provenance-preserving alternative cluster
GM_RM011,GM_RM011:GV006,151,GM_RM011:AT0050,GM_RM011:YOLO26l:GM_RM011_000151_001,YOLO26l,"[407.896,261.616,798.185,597.293]",active_visible,false,"[""YOLO11l:botsort:bs_0029"",""YOLO11l:bytetrack:bt_0031"",""YOLO26l:botsort:bs_0030"",""YOLO26l:bytetrack:bt_0039""]",,birth_or_entry,stable,[],selected from provenance-preserving alternative cluster
GM_RM011,GM_RM011:GV006,152,GM_RM011:AT0050,GM_RM011:YOLO26l:GM_RM011_000152_001,YOLO26l,"[450.543,269.111,798.517,596.878]",active_visible,false,"[""YOLO11l:botsort:bs_0029"",""YOLO11l:bytetrack:bt_0031"",""YOLO26l:botsort:bs_0030"",""YOLO26l:bytetrack:bt_0039""]",,birth_or_entry,stable,[],selected from provenance-preserving alternative cluster
GM_RM011,GM_RM011:GV006,153,GM_RM011:AT0050,GM_RM011:YOLO26l:GM_RM011_000153_001,YOLO26l,"[485.397,273.241,799.023,597.259]",active_visible,false,"[""YOLO11l:botsort:bs_0029"",""YOLO11l:bytetrack:bt_0031"",""YOLO26l:botsort:bs_0030"",""YOLO26l:bytetrack:bt_0039""]",,birth_or_entry,stable,[],selected from provenance-preserving alternative cluster
GM_RM011,GM_RM011:GV006,154,GM_RM011:AT0050,GM_RM011:YOLO26l:GM_RM011_000154_001,YOLO26l,"[514.402,274.589,799.278,596.964]",active_visible,false,"[""YOLO11l:botsort:bs_0029"",""YOLO11l:bytetrack:bt_0031"",""YOLO26l:botsort:bs_0030"",""YOLO26l:bytetrack:bt_0039""]",,birth_or_entry,stable,[],selected from provenance-preserving alternative cluster
GM_RM011,GM_RM011:GV006,155,GM_RM011:AT0050,GM_RM011:YOLO26l:GM_RM011_000155_001,YOLO26l,"[536.94,272.884,799.1,596.643]",active_visible,false,"[""YOLO11l:botsort:bs_0029"",""YOLO11l:bytetrack:bt_0031"",""YOLO26l:botsort:bs_0030"",""YOLO26l:bytetrack:bt_0039""]",,birth_or_entry,stable,[],selected from provenance-preserving alternative cluster
GM_RM011,GM_RM011:GV006,156,GM_RM011:AT0050,GM_RM011:YOLO26l:GM_RM011_000156_001,YOLO26l,"[556.326,270.009,799.168,596.17]",active_visible,false,"[""YOLO11l:botsort:bs_0029"",""YOLO11l:bytetrack:bt_0031"",""YOLO26l:botsort:bs_0030"",""YOLO26l:bytetrack:bt_0039""]",,birth_or_entry,stable,[],selected from provenance-preserving alternative cluster
GM_RM011,GM_RM011:GV006,157,GM_RM011:AT0050,GM_RM011:YOLO26l:GM_RM011_000157_001,YOLO26l,"[575.808,270.502,799.382,596.582]",active_visible,false,"[""YOLO11l:botsort:bs_0029"",""YOLO11l:bytetrack:bt_0031"",""YOLO26l:botsort:bs_0030"",""YOLO26l:bytetrack:bt_0039""]",,birth_or_entry,stable,[],selected from provenance-preserving alternative cluster
GM_RM011,GM_RM011:GV006,158,GM_RM011:AT0050,GM_RM011:YOLO26l:GM_RM011_000158_001,YOLO26l,"[597.998,266.481,799.291,596.842]",active_visible,false,"[""YOLO11l:botsort:bs_0029"",""YOLO11l:bytetrack:bt_0031"",""YOLO26l:botsort:bs_0030"",""YOLO26l:bytetrack:bt_0039""]",,birth_or_entry,stable,[],selected from provenance-preserving alternative cluster
GM_RM011,GM_RM011:GV006,159,GM_RM011:AT0050,GM_RM011:YOLO26l:GM_RM011_000159_001,YOLO26l,"[617.92,260.561,799.433,592.726]",active_visible,false,"[""YOLO11l:botsort:bs_0029"",""YOLO11l:bytetrack:bt_0031"",""YOLO26l:botsort:bs_0030"",""YOLO26l:bytetrack:bt_0039""]",,birth_or_entry,stable,[],selected from provenance-preserving alternative cluster
GM_RM011,GM_RM011:GV006,160,GM_RM011:AT0050,GM_RM011:YOLO26l:GM_RM011_000160_001,YOLO26l,"[634.768,253.282,799.517,561.453]",active_visible,false,"[""YOLO11l:botsort:bs_0029"",""YOLO11l:bytetrack:bt_0031"",""YOLO26l:botsort:bs_0030"",""YOLO26l:bytetrack:bt_0039""]",,birth_or_entry,stable,[],selected from provenance-preserving alternative cluster
GM_RM011,GM_RM011:GV006,161,GM_RM011:AT0050,GM_RM011:YOLO26l:GM_RM011_000161_001,YOLO26l,"[655.266,249.284,799.574,545.321]",active_visible,false,"[""YOLO11l:botsort:bs_0029"",""YOLO11l:bytetrack:bt_0031"",""YOLO26l:botsort:bs_0030"",""YOLO26l:bytetrack:bt_0039""]",,birth_or_entry,stable,[],selected from provenance-preserving alternative cluster
GM_RM011,GM_RM011:GV006,162,,,,,missed_or_occluded,true,"[""YOLO11l:botsort:bs_0022"",""YOLO11l:botsort:bs_0029"",""YOLO11l:bytetrack:bt_0024"",""YOLO11l:bytetrack:bt_0031"",""YOLO11l:bytetrack:bt_0032"",""YOLO26l:botsort:bs_0025"",""YOLO26l:botsort:bs_0030"",""YOLO26l:bytetrack:bt_0031"",""YOLO26l:bytetrack:bt_0039"",""YOLO26l:bytetrack:bt_0049""]",,gap_state_without_synthetic_bbox,moderate,"[""gap_recovery""]",No bbox is fabricated for an optical miss or occlusion gap.
GM_RM011,GM_RM011:GV006,163,GM_RM011:AT0050,GM_RM011:YOLO26l:GM_RM011_000163_001,YOLO26l,"[701.747,266.193,799.632,435.085]",recovery,false,"[""YOLO11l:bytetrack:bt_0032"",""YOLO26l:botsort:bs_0030""]",,birth_or_entry,stable,[],selected from provenance-preserving alternative cluster
GM_RM011,GM_RM011:GV006,164,GM_RM011:AT0050,GM_RM011:YOLO26l:GM_RM011_000164_001,YOLO26l,"[727.768,278.541,799.702,411.806]",active_visible,false,"[""YOLO11l:botsort:bs_0029"",""YOLO11l:bytetrack:bt_0032"",""YOLO26l:botsort:bs_0030""]",,birth_or_entry,stable,[],selected from provenance-preserving alternative cluster
GM_RM011,GM_RM011:GV006,165,GM_RM011:AT0050,GM_RM011:YOLO26l:GM_RM011_000165_001,YOLO26l,"[747.851,281.479,799.7,424.472]",active_visible,false,"[""YOLO11l:botsort:bs_0029"",""YOLO11l:bytetrack:bt_0032"",""YOLO26l:botsort:bs_0030"",""YOLO26l:bytetrack:bt_0049""]",,birth_or_entry,stable,[],selected from provenance-preserving alternative cluster
GM_RM011,GM_RM011:GV006,166,GM_RM011:AT0050,GM_RM011:YOLO26l:GM_RM011_000166_001,YOLO26l,"[770.269,311.284,799.779,453.447]",exit_or_death,false,"[""YOLO11l:botsort:bs_0029"",""YOLO26l:botsort:bs_0030""]",,birth_or_entry,stable,[],selected from provenance-preserving alternative cluster
GM_RM011,GM_RM011:GV007,243,GM_RM011:AT0054,GM_RM011:YOLO26l:GM_RM011_000243_001,YOLO26l,"[1.072,334.841,372.379,596.387]",birth_or_entry,false,"[""YOLO11l:botsort:bs_0051"",""YOLO11l:bytetrack:bt_0060"",""YOLO26l:botsort:bs_0051"",""YOLO26l:bytetrack:bt_0065""]",,birth_or_entry,stable,[],selected from provenance-preserving alternative cluster
GM_RM011,GM_RM011:GV007,244,GM_RM011:AT0054,GM_RM011:YOLO26l:GM_RM011_000244_001,YOLO26l,"[1.139,321.397,418.752,597.557]",active_visible,false,"[""YOLO11l:botsort:bs_0051"",""YOLO11l:bytetrack:bt_0060"",""YOLO26l:botsort:bs_0051"",""YOLO26l:bytetrack:bt_0065""]",,birth_or_entry,stable,[],selected from provenance-preserving alternative cluster
GM_RM011,GM_RM011:GV007,245,GM_RM011:AT0054,GM_RM011:YOLO26l:GM_RM011_000245_001,YOLO26l,"[1.48,320.687,469.417,598.222]",active_visible,false,"[""YOLO11l:botsort:bs_0051"",""YOLO11l:bytetrack:bt_0060"",""YOLO26l:botsort:bs_0051"",""YOLO26l:bytetrack:bt_0065""]",,birth_or_entry,stable,[],selected from provenance-preserving alternative cluster
GM_RM011,GM_RM011:GV007,246,GM_RM011:AT0054,GM_RM011:YOLO26l:GM_RM011_000246_001,YOLO26l,"[2.048,333.807,512.465,597.828]",active_visible,false,"[""YOLO11l:botsort:bs_0051"",""YOLO11l:bytetrack:bt_0060"",""YOLO26l:botsort:bs_0051"",""YOLO26l:bytetrack:bt_0065""]",,birth_or_entry,stable,[],selected from provenance-preserving alternative cluster
GM_RM011,GM_RM011:GV007,247,GM_RM011:AT0054,GM_RM011:YOLO26l:GM_RM011_000247_001,YOLO26l,"[4.306,340.356,554.468,598.283]",active_visible,false,"[""YOLO11l:botsort:bs_0051"",""YOLO26l:botsort:bs_0051"",""YOLO26l:bytetrack:bt_0065""]",,birth_or_entry,stable,[],selected from provenance-preserving alternative cluster
GM_RM011,GM_RM011:GV007,248,GM_RM011:AT0054,GM_RM011:YOLO26l:GM_RM011_000248_001,YOLO26l,"[3.507,343.142,510.907,597.782]",active_visible,false,"[""YOLO26l:botsort:bs_0051"",""YOLO26l:bytetrack:bt_0065""]",,birth_or_entry,stable,[],selected from provenance-preserving alternative cluster
GM_RM011,GM_RM011:GV007,249,GM_RM011:AT0054,GM_RM011:YOLO26l:GM_RM011_000249_001,YOLO26l,"[1.238,343.467,541.268,597.429]",active_visible,false,"[""YOLO26l:botsort:bs_0051"",""YOLO26l:bytetrack:bt_0065""]",,birth_or_entry,stable,[],selected from provenance-preserving alternative cluster
GM_RM011,GM_RM011:GV007,250,GM_RM011:AT0054,GM_RM011:YOLO26l:GM_RM011_000250_002,YOLO26l,"[1.057,346.908,543.041,597.507]",active_visible,false,"[""YOLO26l:botsort:bs_0051""]",,birth_or_entry,stable,[],selected from provenance-preserving alternative cluster
GM_RM011,GM_RM011:GV007,251,GM_RM011:AT0054,GM_RM011:YOLO26l:GM_RM011_000251_001,YOLO26l,"[0.329,334.977,543.415,597.031]",active_visible,false,"[""YOLO11l:botsort:bs_0051"",""YOLO26l:botsort:bs_0051"",""YOLO26l:bytetrack:bt_0065""]",,birth_or_entry,stable,[],selected from provenance-preserving alternative cluster
GM_RM011,GM_RM011:GV007,252,GM_RM011:AT0054,GM_RM011:YOLO26l:GM_RM011_000252_001,YOLO26l,"[2.033,320.298,559.558,595.499]",active_visible,false,"[""YOLO26l:botsort:bs_0051"",""YOLO26l:bytetrack:bt_0065""]",,birth_or_entry,stable,[],selected from provenance-preserving alternative cluster
GM_RM011,GM_RM011:GV007,253,GM_RM011:AT0054,GM_RM011:YOLO26l:GM_RM011_000253_001,YOLO26l,"[7.097,305.842,581.683,595.275]",active_visible,false,"[""YOLO26l:botsort:bs_0051"",""YOLO26l:bytetrack:bt_0065""]",,birth_or_entry,stable,[],selected from provenance-preserving alternative cluster
GM_RM011,GM_RM011:GV007,254,GM_RM011:AT0054,GM_RM011:YOLO26l:GM_RM011_000254_001,YOLO26l,"[5.639,295.163,582.26,597.121]",active_visible,false,"[""YOLO26l:botsort:bs_0051"",""YOLO26l:bytetrack:bt_0065""]",,birth_or_entry,stable,[],selected from provenance-preserving alternative cluster
GM_RM011,GM_RM011:GV007,255,GM_RM011:AT0054,GM_RM011:YOLO26l:GM_RM011_000255_001,YOLO26l,"[3.793,298.001,579.184,597.672]",active_visible,false,"[""YOLO26l:botsort:bs_0051"",""YOLO26l:bytetrack:bt_0065""]",,birth_or_entry,stable,[],selected from provenance-preserving alternative cluster
GM_RM011,GM_RM011:GV007,256,GM_RM011:AT0054,GM_RM011:YOLO26l:GM_RM011_000256_001,YOLO26l,"[6.304,295.624,581.196,596.258]",active_visible,false,"[""YOLO11l:botsort:bs_0056"",""YOLO11l:bytetrack:bt_0067"",""YOLO26l:botsort:bs_0051"",""YOLO26l:bytetrack:bt_0065""]",,birth_or_entry,stable,[],selected from provenance-preserving alternative cluster
GM_RM011,GM_RM011:GV007,257,GM_RM011:AT0054,GM_RM011:YOLO26l:GM_RM011_000257_001,YOLO26l,"[9.531,283.948,601.91,597.761]",active_visible,false,"[""YOLO26l:botsort:bs_0051"",""YOLO26l:bytetrack:bt_0065""]",,birth_or_entry,stable,[],selected from provenance-preserving alternative cluster
GM_RM011,GM_RM011:GV007,258,GM_RM011:AT0054,GM_RM011:YOLO26l:GM_RM011_000258_001,YOLO26l,"[8.853,293.713,601.421,598.63]",active_visible,false,"[""YOLO11l:botsort:bs_0056"",""YOLO11l:bytetrack:bt_0070"",""YOLO26l:botsort:bs_0051"",""YOLO26l:bytetrack:bt_0065""]",,birth_or_entry,stable,[],selected from provenance-preserving alternative cluster
GM_RM011,GM_RM011:GV007,259,GM_RM011:AT0054,GM_RM011:YOLO26l:GM_RM011_000259_001,YOLO26l,"[51.102,296.678,652.487,599.138]",active_visible,false,"[""YOLO11l:botsort:bs_0056"",""YOLO11l:bytetrack:bt_0070"",""YOLO26l:botsort:bs_0051"",""YOLO26l:bytetrack:bt_0065""]",,birth_or_entry,stable,[],selected from provenance-preserving alternative cluster
GM_RM011,GM_RM011:GV007,260,GM_RM011:AT0027,GM_RM011:YOLO11l:GM_RM011_000260_002,YOLO11l,"[271.869,305.287,798.379,592.369]",active_visible,false,"[""YOLO11l:botsort:bs_0051"",""YOLO26l:botsort:bs_0052"",""YOLO26l:bytetrack:bt_0070""]",GM_RM011:E003241,"{""edge_id"":""GM_RM011:E003241"",""gap"":0,""motion"":0.2148,""appearance"":0.0675,""color"":0.1294,""shape"":0.1734,""boundary_support"":1.0,""shared_trackers"":[""YOLO11l:botsort:bs_0051"",""YOLO11l:bytetrack:bt_0060"",""YOLO26l:botsort:bs_0051"",""YOLO26l:bytetrack:bt_0065""],""total_cost"":0}",stable,"[""detector_source_switch""]",selected from provenance-preserving alternative cluster
GM_RM011,GM_RM011:GV007,261,GM_RM011:AT0027,GM_RM011:YOLO11l:GM_RM011_000261_001,YOLO11l,"[246.63,303.753,797.413,592.757]",active_visible,false,"[""YOLO11l:botsort:bs_0051"",""YOLO11l:bytetrack:bt_0060"",""YOLO26l:botsort:bs_0052"",""YOLO26l:bytetrack:bt_0065""]",,birth_or_entry,stable,[],selected from provenance-preserving alternative cluster
GM_RM011,GM_RM011:GV007,262,GM_RM011:AT0027,GM_RM011:YOLO11l:GM_RM011_000262_001,YOLO11l,"[268.577,302.257,798.93,593.191]",active_visible,false,"[""YOLO11l:botsort:bs_0051"",""YOLO11l:bytetrack:bt_0060"",""YOLO26l:botsort:bs_0051"",""YOLO26l:bytetrack:bt_0065""]",,birth_or_entry,stable,[],selected from provenance-preserving alternative cluster
GM_RM011,GM_RM011:GV007,263,GM_RM011:AT0027,GM_RM011:YOLO11l:GM_RM011_000263_001,YOLO11l,"[334.227,302.425,798.236,593.308]",active_visible,false,"[""YOLO11l:botsort:bs_0051"",""YOLO11l:bytetrack:bt_0060"",""YOLO26l:botsort:bs_0051"",""YOLO26l:bytetrack:bt_0065""]",,birth_or_entry,stable,[],selected from provenance-preserving alternative cluster
GM_RM011,GM_RM011:GV007,264,GM_RM011:AT0027,GM_RM011:YOLO11l:GM_RM011_000264_001,YOLO11l,"[396.613,301.638,799.018,593.447]",active_visible,false,"[""YOLO11l:botsort:bs_0051"",""YOLO11l:bytetrack:bt_0060"",""YOLO26l:botsort:bs_0051"",""YOLO26l:bytetrack:bt_0065""]",,birth_or_entry,stable,[],selected from provenance-preserving alternative cluster
GM_RM011,GM_RM011:GV007,265,GM_RM011:AT0027,GM_RM011:YOLO11l:GM_RM011_000265_001,YOLO11l,"[457.917,302.599,798.761,593.762]",active_visible,false,"[""YOLO11l:botsort:bs_0051"",""YOLO11l:bytetrack:bt_0060""]",,birth_or_entry,stable,[],selected from provenance-preserving alternative cluster
GM_RM011,GM_RM011:GV007,266,GM_RM011:AT0027,GM_RM011:YOLO11l:GM_RM011_000266_001,YOLO11l,"[515.062,305.223,799.104,593.904]",active_visible,false,"[""YOLO11l:botsort:bs_0051"",""YOLO11l:bytetrack:bt_0060"",""YOLO26l:botsort:bs_0051"",""YOLO26l:bytetrack:bt_0065""]",,birth_or_entry,stable,[],selected from provenance-preserving alternative cluster
GM_RM011,GM_RM011:GV007,267,GM_RM011:AT0027,GM_RM011:YOLO11l:GM_RM011_000267_001,YOLO11l,"[571.099,315.449,799.027,594.287]",active_visible,false,"[""YOLO11l:botsort:bs_0051"",""YOLO11l:bytetrack:bt_0060""]",,birth_or_entry,stable,[],selected from provenance-preserving alternative cluster
GM_RM011,GM_RM011:GV007,268,GM_RM011:AT0027,GM_RM011:YOLO11l:GM_RM011_000268_001,YOLO11l,"[622.975,327.321,799.213,593.763]",active_visible,false,"[""YOLO11l:botsort:bs_0051"",""YOLO11l:bytetrack:bt_0060""]",,birth_or_entry,stable,[],selected from provenance-preserving alternative cluster
GM_RM011,GM_RM011:GV007,269,GM_RM011:AT0027,GM_RM011:YOLO11l:GM_RM011_000269_002,YOLO11l,"[671.922,333.727,799.506,590.985]",active_visible,false,"[""YOLO11l:botsort:bs_0051""]",,birth_or_entry,stable,[],selected from provenance-preserving alternative cluster
GM_RM011,GM_RM011:GV007,270,GM_RM011:AT0027,GM_RM011:YOLO11l:GM_RM011_000270_001,YOLO11l,"[724.474,351.406,799.752,554.928]",active_visible,false,"[""YOLO11l:botsort:bs_0051"",""YOLO11l:bytetrack:bt_0075""]",,birth_or_entry,stable,[],selected from provenance-preserving alternative cluster
GM_RM011,GM_RM011:GV007,271,,,,,missed_or_occluded,true,"[""YOLO11l:botsort:bs_0051"",""YOLO11l:botsort:bs_0056"",""YOLO11l:botsort:bs_0064"",""YOLO11l:bytetrack:bt_0060"",""YOLO11l:bytetrack:bt_0067"",""YOLO11l:bytetrack:bt_0070"",""YOLO11l:bytetrack:bt_0075"",""YOLO11l:bytetrack:bt_0079"",""YOLO11l:bytetrack:bt_0080"",""YOLO11l:bytetrack:bt_0081"",""YOLO26l:botsort:bs_0051"",""YOLO26l:botsort:bs_0052"",""YOLO26l:botsort:bs_0062"",""YOLO26l:bytetrack:bt_0065"",""YOLO26l:bytetrack:bt_0070"",""YOLO26l:bytetrack:bt_0080"",""YOLO26l:bytetrack:bt_0081"",""YOLO26l:bytetrack:bt_0088""]",GM_RM011:E003685,gap_state_without_synthetic_bbox,review_gap,"[""gap_recovery""]",No bbox is fabricated for an optical miss or occlusion gap.
GM_RM011,GM_RM011:GV007,272,,,,,missed_or_occluded,true,"[""YOLO11l:botsort:bs_0051"",""YOLO11l:botsort:bs_0056"",""YOLO11l:botsort:bs_0064"",""YOLO11l:bytetrack:bt_0060"",""YOLO11l:bytetrack:bt_0067"",""YOLO11l:bytetrack:bt_0070"",""YOLO11l:bytetrack:bt_0075"",""YOLO11l:bytetrack:bt_0079"",""YOLO11l:bytetrack:bt_0080"",""YOLO11l:bytetrack:bt_0081"",""YOLO26l:botsort:bs_0051"",""YOLO26l:botsort:bs_0052"",""YOLO26l:botsort:bs_0062"",""YOLO26l:bytetrack:bt_0065"",""YOLO26l:bytetrack:bt_0070"",""YOLO26l:bytetrack:bt_0080"",""YOLO26l:bytetrack:bt_0081"",""YOLO26l:bytetrack:bt_0088""]",,gap_state_without_synthetic_bbox,review_gap,"[""gap_recovery""]",No bbox is fabricated for an optical miss or occlusion gap.
GM_RM011,GM_RM011:GV007,273,,,,,missed_or_occluded,true,"[""YOLO11l:botsort:bs_0051"",""YOLO11l:botsort:bs_0056"",""YOLO11l:botsort:bs_0064"",""YOLO11l:bytetrack:bt_0060"",""YOLO11l:bytetrack:bt_0067"",""YOLO11l:bytetrack:bt_0070"",""YOLO11l:bytetrack:bt_0075"",""YOLO11l:bytetrack:bt_0079"",""YOLO11l:bytetrack:bt_0080"",""YOLO11l:bytetrack:bt_0081"",""YOLO26l:botsort:bs_0051"",""YOLO26l:botsort:bs_0052"",""YOLO26l:botsort:bs_0062"",""YOLO26l:bytetrack:bt_0065"",""YOLO26l:bytetrack:bt_0070"",""YOLO26l:bytetrack:bt_0080"",""YOLO26l:bytetrack:bt_0081"",""YOLO26l:bytetrack:bt_0088""]",,gap_state_without_synthetic_bbox,review_gap,"[""gap_recovery""]",No bbox is fabricated for an optical miss or occlusion gap.
GM_RM011,GM_RM011:GV007,274,,,,,missed_or_occluded,true,"[""YOLO11l:botsort:bs_0051"",""YOLO11l:botsort:bs_0056"",""YOLO11l:botsort:bs_0064"",""YOLO11l:bytetrack:bt_0060"",""YOLO11l:bytetrack:bt_0067"",""YOLO11l:bytetrack:bt_0070"",""YOLO11l:bytetrack:bt_0075"",""YOLO11l:bytetrack:bt_0079"",""YOLO11l:bytetrack:bt_0080"",""YOLO11l:bytetrack:bt_0081"",""YOLO26l:botsort:bs_0051"",""YOLO26l:botsort:bs_0052"",""YOLO26l:botsort:bs_0062"",""YOLO26l:bytetrack:bt_0065"",""YOLO26l:bytetrack:bt_0070"",""YOLO26l:bytetrack:bt_0080"",""YOLO26l:bytetrack:bt_0081"",""YOLO26l:bytetrack:bt_0088""]",,gap_state_without_synthetic_bbox,review_gap,"[""gap_recovery""]",No bbox is fabricated for an optical miss or occlusion gap.
GM_RM011,GM_RM011:GV007,275,,,,,missed_or_occluded,true,"[""YOLO11l:botsort:bs_0051"",""YOLO11l:botsort:bs_0056"",""YOLO11l:botsort:bs_0064"",""YOLO11l:bytetrack:bt_0060"",""YOLO11l:bytetrack:bt_0067"",""YOLO11l:bytetrack:bt_0070"",""YOLO11l:bytetrack:bt_0075"",""YOLO11l:bytetrack:bt_0079"",""YOLO11l:bytetrack:bt_0080"",""YOLO11l:bytetrack:bt_0081"",""YOLO26l:botsort:bs_0051"",""YOLO26l:botsort:bs_0052"",""YOLO26l:botsort:bs_0062"",""YOLO26l:bytetrack:bt_0065"",""YOLO26l:bytetrack:bt_0070"",""YOLO26l:bytetrack:bt_0080"",""YOLO26l:bytetrack:bt_0081"",""YOLO26l:bytetrack:bt_0088""]",,gap_state_without_synthetic_bbox,review_gap,"[""gap_recovery""]",No bbox is fabricated for an optical miss or occlusion gap.
GM_RM011,GM_RM011:GV007,276,,,,,missed_or_occluded,true,"[""YOLO11l:botsort:bs_0051"",""YOLO11l:botsort:bs_0056"",""YOLO11l:botsort:bs_0064"",""YOLO11l:bytetrack:bt_0060"",""YOLO11l:bytetrack:bt_0067"",""YOLO11l:bytetrack:bt_0070"",""YOLO11l:bytetrack:bt_0075"",""YOLO11l:bytetrack:bt_0079"",""YOLO11l:bytetrack:bt_0080"",""YOLO11l:bytetrack:bt_0081"",""YOLO26l:botsort:bs_0051"",""YOLO26l:botsort:bs_0052"",""YOLO26l:botsort:bs_0062"",""YOLO26l:bytetrack:bt_0065"",""YOLO26l:bytetrack:bt_0070"",""YOLO26l:bytetrack:bt_0080"",""YOLO26l:bytetrack:bt_0081"",""YOLO26l:bytetrack:bt_0088""]",,gap_state_without_synthetic_bbox,review_gap,"[""gap_recovery""]",No bbox is fabricated for an optical miss or occlusion gap.
GM_RM011,GM_RM011:GV007,277,,,,,missed_or_occluded,true,"[""YOLO11l:botsort:bs_0051"",""YOLO11l:botsort:bs_0056"",""YOLO11l:botsort:bs_0064"",""YOLO11l:bytetrack:bt_0060"",""YOLO11l:bytetrack:bt_0067"",""YOLO11l:bytetrack:bt_0070"",""YOLO11l:bytetrack:bt_0075"",""YOLO11l:bytetrack:bt_0079"",""YOLO11l:bytetrack:bt_0080"",""YOLO11l:bytetrack:bt_0081"",""YOLO26l:botsort:bs_0051"",""YOLO26l:botsort:bs_0052"",""YOLO26l:botsort:bs_0062"",""YOLO26l:bytetrack:bt_0065"",""YOLO26l:bytetrack:bt_0070"",""YOLO26l:bytetrack:bt_0080"",""YOLO26l:bytetrack:bt_0081"",""YOLO26l:bytetrack:bt_0088""]",,gap_state_without_synthetic_bbox,review_gap,"[""gap_recovery""]",No bbox is fabricated for an optical miss or occlusion gap.
GM_RM011,GM_RM011:GV007,278,,,,,missed_or_occluded,true,"[""YOLO11l:botsort:bs_0051"",""YOLO11l:botsort:bs_0056"",""YOLO11l:botsort:bs_0064"",""YOLO11l:bytetrack:bt_0060"",""YOLO11l:bytetrack:bt_0067"",""YOLO11l:bytetrack:bt_0070"",""YOLO11l:bytetrack:bt_0075"",""YOLO11l:bytetrack:bt_0079"",""YOLO11l:bytetrack:bt_0080"",""YOLO11l:bytetrack:bt_0081"",""YOLO26l:botsort:bs_0051"",""YOLO26l:botsort:bs_0052"",""YOLO26l:botsort:bs_0062"",""YOLO26l:bytetrack:bt_0065"",""YOLO26l:bytetrack:bt_0070"",""YOLO26l:bytetrack:bt_0080"",""YOLO26l:bytetrack:bt_0081"",""YOLO26l:bytetrack:bt_0088""]",,gap_state_without_synthetic_bbox,review_gap,"[""gap_recovery""]",No bbox is fabricated for an optical miss or occlusion gap.
GM_RM011,GM_RM011:GV007,279,,,,,missed_or_occluded,true,"[""YOLO11l:botsort:bs_0051"",""YOLO11l:botsort:bs_0056"",""YOLO11l:botsort:bs_0064"",""YOLO11l:bytetrack:bt_0060"",""YOLO11l:bytetrack:bt_0067"",""YOLO11l:bytetrack:bt_0070"",""YOLO11l:bytetrack:bt_0075"",""YOLO11l:bytetrack:bt_0079"",""YOLO11l:bytetrack:bt_0080"",""YOLO11l:bytetrack:bt_0081"",""YOLO26l:botsort:bs_0051"",""YOLO26l:botsort:bs_0052"",""YOLO26l:botsort:bs_0062"",""YOLO26l:bytetrack:bt_0065"",""YOLO26l:bytetrack:bt_0070"",""YOLO26l:bytetrack:bt_0080"",""YOLO26l:bytetrack:bt_0081"",""YOLO26l:bytetrack:bt_0088""]",,gap_state_without_synthetic_bbox,review_gap,"[""gap_recovery""]",No bbox is fabricated for an optical miss or occlusion gap.
GM_RM011,GM_RM011:GV007,280,,,,,missed_or_occluded,true,"[""YOLO11l:botsort:bs_0051"",""YOLO11l:botsort:bs_0056"",""YOLO11l:botsort:bs_0064"",""YOLO11l:bytetrack:bt_0060"",""YOLO11l:bytetrack:bt_0067"",""YOLO11l:bytetrack:bt_0070"",""YOLO11l:bytetrack:bt_0075"",""YOLO11l:bytetrack:bt_0079"",""YOLO11l:bytetrack:bt_0080"",""YOLO11l:bytetrack:bt_0081"",""YOLO26l:botsort:bs_0051"",""YOLO26l:botsort:bs_0052"",""YOLO26l:botsort:bs_0062"",""YOLO26l:bytetrack:bt_0065"",""YOLO26l:bytetrack:bt_0070"",""YOLO26l:bytetrack:bt_0080"",""YOLO26l:bytetrack:bt_0081"",""YOLO26l:bytetrack:bt_0088""]",,gap_state_without_synthetic_bbox,review_gap,"[""gap_recovery""]",No bbox is fabricated for an optical miss or occlusion gap.
GM_RM011,GM_RM011:GV007,281,,,,,missed_or_occluded,true,"[""YOLO11l:botsort:bs_0051"",""YOLO11l:botsort:bs_0056"",""YOLO11l:botsort:bs_0064"",""YOLO11l:bytetrack:bt_0060"",""YOLO11l:bytetrack:bt_0067"",""YOLO11l:bytetrack:bt_0070"",""YOLO11l:bytetrack:bt_0075"",""YOLO11l:bytetrack:bt_0079"",""YOLO11l:bytetrack:bt_0080"",""YOLO11l:bytetrack:bt_0081"",""YOLO26l:botsort:bs_0051"",""YOLO26l:botsort:bs_0052"",""YOLO26l:botsort:bs_0062"",""YOLO26l:bytetrack:bt_0065"",""YOLO26l:bytetrack:bt_0070"",""YOLO26l:bytetrack:bt_0080"",""YOLO26l:bytetrack:bt_0081"",""YOLO26l:bytetrack:bt_0088""]",,gap_state_without_synthetic_bbox,review_gap,"[""gap_recovery""]",No bbox is fabricated for an optical miss or occlusion gap.
GM_RM011,GM_RM011:GV007,282,,,,,missed_or_occluded,true,"[""YOLO11l:botsort:bs_0051"",""YOLO11l:botsort:bs_0056"",""YOLO11l:botsort:bs_0064"",""YOLO11l:bytetrack:bt_0060"",""YOLO11l:bytetrack:bt_0067"",""YOLO11l:bytetrack:bt_0070"",""YOLO11l:bytetrack:bt_0075"",""YOLO11l:bytetrack:bt_0079"",""YOLO11l:bytetrack:bt_0080"",""YOLO11l:bytetrack:bt_0081"",""YOLO26l:botsort:bs_0051"",""YOLO26l:botsort:bs_0052"",""YOLO26l:botsort:bs_0062"",""YOLO26l:bytetrack:bt_0065"",""YOLO26l:bytetrack:bt_0070"",""YOLO26l:bytetrack:bt_0080"",""YOLO26l:bytetrack:bt_0081"",""YOLO26l:bytetrack:bt_0088""]",,gap_state_without_synthetic_bbox,review_gap,"[""gap_recovery""]",No bbox is fabricated for an optical miss or occlusion gap.
GM_RM011,GM_RM011:GV007,283,,,,,missed_or_occluded,true,"[""YOLO11l:botsort:bs_0051"",""YOLO11l:botsort:bs_0056"",""YOLO11l:botsort:bs_0064"",""YOLO11l:bytetrack:bt_0060"",""YOLO11l:bytetrack:bt_0067"",""YOLO11l:bytetrack:bt_0070"",""YOLO11l:bytetrack:bt_0075"",""YOLO11l:bytetrack:bt_0079"",""YOLO11l:bytetrack:bt_0080"",""YOLO11l:bytetrack:bt_0081"",""YOLO26l:botsort:bs_0051"",""YOLO26l:botsort:bs_0052"",""YOLO26l:botsort:bs_0062"",""YOLO26l:bytetrack:bt_0065"",""YOLO26l:bytetrack:bt_0070"",""YOLO26l:bytetrack:bt_0080"",""YOLO26l:bytetrack:bt_0081"",""YOLO26l:bytetrack:bt_0088""]",,gap_state_without_synthetic_bbox,review_gap,"[""gap_recovery""]",No bbox is fabricated for an optical miss or occlusion gap.
GM_RM011,GM_RM011:GV007,284,GM_RM011:AT0062,GM_RM011:YOLO26l:GM_RM011_000284_001,YOLO26l,"[0.527,325.264,124.905,595.645]",recovery,false,"[""YOLO11l:botsort:bs_0064"",""YOLO26l:botsort:bs_0062"",""YOLO26l:bytetrack:bt_0080""]",GM_RM011:E003685,"{""edge_id"":""GM_RM011:E003685"",""gap"":13,""motion"":4.0,""appearance"":0.1102,""color"":0.0727,""shape"":0.6112,""boundary_support"":1.0,""shared_trackers"":[],""total_cost"":212}",moderate_gap,"[""detector_source_switch""]",selected from provenance-preserving alternative cluster
GM_RM011,GM_RM011:GV007,285,GM_RM011:AT0062,GM_RM011:YOLO26l:GM_RM011_000285_001,YOLO26l,"[0.595,298.696,169.085,595.175]",active_visible,false,"[""YOLO11l:botsort:bs_0064"",""YOLO11l:bytetrack:bt_0079"",""YOLO26l:botsort:bs_0062"",""YOLO26l:bytetrack:bt_0080""]",,birth_or_entry,stable,[],selected from provenance-preserving alternative cluster
GM_RM011,GM_RM011:GV007,286,GM_RM011:AT0062,GM_RM011:YOLO26l:GM_RM011_000286_002,YOLO26l,"[0.916,274.23,215.254,595.78]",active_visible,false,"[""YOLO11l:botsort:bs_0064"",""YOLO11l:bytetrack:bt_0079"",""YOLO26l:botsort:bs_0062"",""YOLO26l:bytetrack:bt_0080""]",,birth_or_entry,stable,[],selected from provenance-preserving alternative cluster
GM_RM011,GM_RM011:GV007,287,GM_RM011:AT0062,GM_RM011:YOLO26l:GM_RM011_000287_002,YOLO26l,"[0.967,263.26,267.656,596.049]",active_visible,false,"[""YOLO11l:botsort:bs_0064"",""YOLO26l:botsort:bs_0062"",""YOLO26l:bytetrack:bt_0080""]",,birth_or_entry,stable,[],selected from provenance-preserving alternative cluster
GM_RM011,GM_RM011:GV007,288,,,,,missed_or_occluded,true,"[""YOLO11l:botsort:bs_0051"",""YOLO11l:botsort:bs_0056"",""YOLO11l:botsort:bs_0064"",""YOLO11l:bytetrack:bt_0060"",""YOLO11l:bytetrack:bt_0067"",""YOLO11l:bytetrack:bt_0070"",""YOLO11l:bytetrack:bt_0075"",""YOLO11l:bytetrack:bt_0079"",""YOLO11l:bytetrack:bt_0080"",""YOLO11l:bytetrack:bt_0081"",""YOLO26l:botsort:bs_0051"",""YOLO26l:botsort:bs_0052"",""YOLO26l:botsort:bs_0062"",""YOLO26l:bytetrack:bt_0065"",""YOLO26l:bytetrack:bt_0070"",""YOLO26l:bytetrack:bt_0080"",""YOLO26l:bytetrack:bt_0081"",""YOLO26l:bytetrack:bt_0088""]",,gap_state_without_synthetic_bbox,moderate,"[""gap_recovery""]",No bbox is fabricated for an optical miss or occlusion gap.
GM_RM011,GM_RM011:GV007,289,GM_RM011:AT0062,GM_RM011:YOLO26l:GM_RM011_000289_001,YOLO26l,"[0.998,247.014,369.667,596.981]",recovery,false,"[""YOLO11l:botsort:bs_0064"",""YOLO11l:bytetrack:bt_0080"",""YOLO26l:botsort:bs_0062""]",,birth_or_entry,stable,[],selected from provenance-preserving alternative cluster
GM_RM011,GM_RM011:GV007,290,GM_RM011:AT0062,GM_RM011:YOLO26l:GM_RM011_000290_002,YOLO26l,"[1.525,236.199,421.757,597.706]",active_visible,false,"[""YOLO11l:botsort:bs_0064"",""YOLO11l:bytetrack:bt_0080"",""YOLO26l:botsort:bs_0062"",""YOLO26l:bytetrack:bt_0081""]",,birth_or_entry,stable,[],selected from provenance-preserving alternative cluster
GM_RM011,GM_RM011:GV007,291,GM_RM011:AT0062,GM_RM011:YOLO26l:GM_RM011_000291_002,YOLO26l,"[1.376,230.134,453.171,597.412]",active_visible,false,"[""YOLO11l:botsort:bs_0064"",""YOLO11l:bytetrack:bt_0080"",""YOLO26l:botsort:bs_0062"",""YOLO26l:bytetrack:bt_0081""]",,birth_or_entry,stable,[],selected from provenance-preserving alternative cluster
GM_RM011,GM_RM011:GV007,292,GM_RM011:AT0062,GM_RM011:YOLO26l:GM_RM011_000292_002,YOLO26l,"[1.752,227.742,465.393,596.506]",active_visible,false,"[""YOLO11l:botsort:bs_0064"",""YOLO11l:bytetrack:bt_0080"",""YOLO26l:botsort:bs_0062"",""YOLO26l:bytetrack:bt_0081""]",,birth_or_entry,stable,[],selected from provenance-preserving alternative cluster
GM_RM011,GM_RM011:GV007,293,GM_RM011:AT0062,GM_RM011:YOLO26l:GM_RM011_000293_001,YOLO26l,"[3.584,226.87,488.819,592.304]",active_visible,false,"[""YOLO26l:botsort:bs_0062"",""YOLO26l:bytetrack:bt_0081""]",,birth_or_entry,stable,[],selected from provenance-preserving alternative cluster
GM_RM011,GM_RM011:GV007,294,GM_RM011:AT0062,GM_RM011:YOLO26l:GM_RM011_000294_001,YOLO26l,"[9.308,220.441,558.871,594.031]",active_visible,false,"[""YOLO26l:botsort:bs_0062"",""YOLO26l:bytetrack:bt_0081""]",,birth_or_entry,stable,[],selected from provenance-preserving alternative cluster
GM_RM011,GM_RM011:GV007,295,,,,,missed_or_occluded,true,"[""YOLO11l:botsort:bs_0051"",""YOLO11l:botsort:bs_0056"",""YOLO11l:botsort:bs_0064"",""YOLO11l:bytetrack:bt_0060"",""YOLO11l:bytetrack:bt_0067"",""YOLO11l:bytetrack:bt_0070"",""YOLO11l:bytetrack:bt_0075"",""YOLO11l:bytetrack:bt_0079"",""YOLO11l:bytetrack:bt_0080"",""YOLO11l:bytetrack:bt_0081"",""YOLO26l:botsort:bs_0051"",""YOLO26l:botsort:bs_0052"",""YOLO26l:botsort:bs_0062"",""YOLO26l:bytetrack:bt_0065"",""YOLO26l:bytetrack:bt_0070"",""YOLO26l:bytetrack:bt_0080"",""YOLO26l:bytetrack:bt_0081"",""YOLO26l:bytetrack:bt_0088""]",,gap_state_without_synthetic_bbox,moderate,"[""gap_recovery""]",No bbox is fabricated for an optical miss or occlusion gap.
GM_RM011,GM_RM011:GV007,296,GM_RM011:AT0062,GM_RM011:YOLO26l:GM_RM011_000296_001,YOLO26l,"[4.045,211.918,556.953,597.007]",recovery,false,"[""YOLO26l:botsort:bs_0062"",""YOLO26l:bytetrack:bt_0081""]",,birth_or_entry,stable,[],selected from provenance-preserving alternative cluster
GM_RM011,GM_RM011:GV007,297,GM_RM011:AT0062,GM_RM011:YOLO26l:GM_RM011_000297_001,YOLO26l,"[9.089,199.512,580.239,594.641]",active_visible,false,"[""YOLO26l:botsort:bs_0062"",""YOLO26l:bytetrack:bt_0081""]",,birth_or_entry,stable,[],selected from provenance-preserving alternative cluster
GM_RM011,GM_RM011:GV007,298,GM_RM011:AT0062,GM_RM011:YOLO26l:GM_RM011_000298_001,YOLO26l,"[13.314,182.769,601.633,587.407]",active_visible,false,"[""YOLO26l:botsort:bs_0062"",""YOLO26l:bytetrack:bt_0081""]",,birth_or_entry,stable,[],selected from provenance-preserving alternative cluster
GM_RM011,GM_RM011:GV007,299,GM_RM011:AT0062,GM_RM011:YOLO26l:GM_RM011_000299_001,YOLO26l,"[13.705,177.266,603.504,588.243]",active_visible,false,"[""YOLO26l:botsort:bs_0062"",""YOLO26l:bytetrack:bt_0081""]",,birth_or_entry,stable,[],selected from provenance-preserving alternative cluster
GM_RM011,GM_RM011:GV007,300,GM_RM011:AT0062,GM_RM011:YOLO26l:GM_RM011_000300_001,YOLO26l,"[5.455,180.635,576.988,596.425]",active_visible,false,"[""YOLO26l:botsort:bs_0062"",""YOLO26l:bytetrack:bt_0081""]",,birth_or_entry,stable,[],selected from provenance-preserving alternative cluster
GM_RM011,GM_RM011:GV007,301,,,,,missed_or_occluded,true,"[""YOLO11l:botsort:bs_0051"",""YOLO11l:botsort:bs_0056"",""YOLO11l:botsort:bs_0064"",""YOLO11l:bytetrack:bt_0060"",""YOLO11l:bytetrack:bt_0067"",""YOLO11l:bytetrack:bt_0070"",""YOLO11l:bytetrack:bt_0075"",""YOLO11l:bytetrack:bt_0079"",""YOLO11l:bytetrack:bt_0080"",""YOLO11l:bytetrack:bt_0081"",""YOLO26l:botsort:bs_0051"",""YOLO26l:botsort:bs_0052"",""YOLO26l:botsort:bs_0062"",""YOLO26l:bytetrack:bt_0065"",""YOLO26l:bytetrack:bt_0070"",""YOLO26l:bytetrack:bt_0080"",""YOLO26l:bytetrack:bt_0081"",""YOLO26l:bytetrack:bt_0088""]",,gap_state_without_synthetic_bbox,moderate,"[""gap_recovery""]",No bbox is fabricated for an optical miss or occlusion gap.
GM_RM011,GM_RM011:GV007,302,GM_RM011:AT0062,GM_RM011:YOLO26l:GM_RM011_000302_001,YOLO26l,"[222.015,178.513,794.665,592.056]",recovery,false,"[""YOLO26l:botsort:bs_0062"",""YOLO26l:bytetrack:bt_0081""]",,birth_or_entry,stable,[],selected from provenance-preserving alternative cluster
GM_RM011,GM_RM011:GV007,303,GM_RM011:AT0062,GM_RM011:YOLO26l:GM_RM011_000303_001,YOLO26l,"[171.641,168.571,775.033,593.685]",active_visible,false,"[""YOLO11l:botsort:bs_0064"",""YOLO11l:bytetrack:bt_0081"",""YOLO26l:botsort:bs_0062"",""YOLO26l:bytetrack:bt_0081""]",,birth_or_entry,stable,[],selected from provenance-preserving alternative cluster
GM_RM011,GM_RM011:GV007,304,GM_RM011:AT0062,GM_RM011:YOLO26l:GM_RM011_000304_001,YOLO26l,"[241.317,156.667,797.605,583.115]",active_visible,false,"[""YOLO11l:botsort:bs_0064"",""YOLO11l:bytetrack:bt_0081"",""YOLO26l:botsort:bs_0062"",""YOLO26l:bytetrack:bt_0081""]",,birth_or_entry,stable,[],selected from provenance-preserving alternative cluster
GM_RM011,GM_RM011:GV007,305,GM_RM011:AT0062,GM_RM011:YOLO26l:GM_RM011_000305_001,YOLO26l,"[250.47,154.385,795.781,591.747]",active_visible,false,"[""YOLO11l:botsort:bs_0064"",""YOLO11l:bytetrack:bt_0081"",""YOLO26l:botsort:bs_0062"",""YOLO26l:bytetrack:bt_0081""]",,birth_or_entry,stable,[],selected from provenance-preserving alternative cluster
GM_RM011,GM_RM011:GV007,306,GM_RM011:AT0062,GM_RM011:YOLO26l:GM_RM011_000306_001,YOLO26l,"[270.6,189.615,797.081,597.516]",active_visible,false,"[""YOLO11l:botsort:bs_0064"",""YOLO11l:bytetrack:bt_0081"",""YOLO26l:botsort:bs_0062"",""YOLO26l:bytetrack:bt_0081""]",,birth_or_entry,stable,[],selected from provenance-preserving alternative cluster
GM_RM011,GM_RM011:GV007,307,GM_RM011:AT0062,GM_RM011:YOLO26l:GM_RM011_000307_001,YOLO26l,"[282.89,223.112,797.1,598.039]",active_visible,false,"[""YOLO11l:botsort:bs_0064"",""YOLO11l:bytetrack:bt_0081"",""YOLO26l:botsort:bs_0062"",""YOLO26l:bytetrack:bt_0081""]",,birth_or_entry,stable,[],selected from provenance-preserving alternative cluster
GM_RM011,GM_RM011:GV007,308,GM_RM011:AT0062,GM_RM011:YOLO26l:GM_RM011_000308_001,YOLO26l,"[337.912,227.925,798.416,597.74]",active_visible,false,"[""YOLO11l:botsort:bs_0064"",""YOLO11l:bytetrack:bt_0081"",""YOLO26l:botsort:bs_0062"",""YOLO26l:bytetrack:bt_0081""]",,birth_or_entry,stable,[],selected from provenance-preserving alternative cluster
GM_RM011,GM_RM011:GV007,309,GM_RM011:AT0062,GM_RM011:YOLO26l:GM_RM011_000309_001,YOLO26l,"[387.793,246.524,798.56,597.05]",active_visible,false,"[""YOLO11l:botsort:bs_0064"",""YOLO11l:bytetrack:bt_0081"",""YOLO26l:botsort:bs_0062"",""YOLO26l:bytetrack:bt_0081""]",,birth_or_entry,stable,[],selected from provenance-preserving alternative cluster
GM_RM011,GM_RM011:GV007,310,GM_RM011:AT0062,GM_RM011:YOLO26l:GM_RM011_000310_001,YOLO26l,"[444.346,264.683,798.682,597.026]",active_visible,false,"[""YOLO11l:botsort:bs_0064"",""YOLO11l:bytetrack:bt_0081"",""YOLO26l:botsort:bs_0062"",""YOLO26l:bytetrack:bt_0081""]",,birth_or_entry,stable,[],selected from provenance-preserving alternative cluster
GM_RM011,GM_RM011:GV007,311,GM_RM011:AT0062,GM_RM011:YOLO26l:GM_RM011_000311_001,YOLO26l,"[504.909,299.585,798.865,595.864]",active_visible,false,"[""YOLO11l:botsort:bs_0064"",""YOLO11l:bytetrack:bt_0081"",""YOLO26l:botsort:bs_0062"",""YOLO26l:bytetrack:bt_0081""]",,birth_or_entry,stable,[],selected from provenance-preserving alternative cluster
GM_RM011,GM_RM011:GV007,312,GM_RM011:AT0062,GM_RM011:YOLO26l:GM_RM011_000312_001,YOLO26l,"[568.715,340.665,799.179,595.766]",active_visible,false,"[""YOLO11l:botsort:bs_0064"",""YOLO11l:bytetrack:bt_0081"",""YOLO26l:botsort:bs_0062"",""YOLO26l:bytetrack:bt_0081""]",,birth_or_entry,stable,[],selected from provenance-preserving alternative cluster
GM_RM011,GM_RM011:GV007,313,GM_RM011:AT0062,GM_RM011:YOLO26l:GM_RM011_000313_001,YOLO26l,"[631.115,373.892,799.376,595.632]",active_visible,false,"[""YOLO11l:botsort:bs_0064"",""YOLO11l:bytetrack:bt_0081"",""YOLO26l:botsort:bs_0062"",""YOLO26l:bytetrack:bt_0081""]",,birth_or_entry,stable,[],selected from provenance-preserving alternative cluster
GM_RM011,GM_RM011:GV007,314,GM_RM011:AT0062,GM_RM011:YOLO26l:GM_RM011_000314_001,YOLO26l,"[685.713,386.369,799.388,595.348]",active_visible,false,"[""YOLO11l:botsort:bs_0064"",""YOLO11l:bytetrack:bt_0081"",""YOLO26l:botsort:bs_0062"",""YOLO26l:bytetrack:bt_0081""]",,birth_or_entry,stable,[],selected from provenance-preserving alternative cluster
GM_RM011,GM_RM011:GV007,315,GM_RM011:AT0062,GM_RM011:YOLO26l:GM_RM011_000315_001,YOLO26l,"[734.51,389.92,799.522,595.215]",exit_or_death,false,"[""YOLO11l:botsort:bs_0064"",""YOLO11l:bytetrack:bt_0081"",""YOLO26l:botsort:bs_0062"",""YOLO26l:bytetrack:bt_0088""]",,birth_or_entry,stable,[],selected from provenance-preserving alternative cluster
GM_RM017,GM_RM017:GV001,118,GM_RM017:AT0005,GM_RM017:YOLO26l:GM_RM017_000118_001,YOLO26l,"[0.293,269.354,67.575,376.701]",birth_or_entry,false,"[""YOLO11l:botsort:bs_0001"",""YOLO11l:bytetrack:bt_0001"",""YOLO26l:botsort:bs_0006"",""YOLO26l:bytetrack:bt_0006""]",,birth_or_entry,stable,[],selected from provenance-preserving alternative cluster
GM_RM017,GM_RM017:GV001,119,GM_RM017:AT0005,GM_RM017:YOLO26l:GM_RM017_000119_001,YOLO26l,"[0.279,265.653,79.547,382.742]",active_visible,false,"[""YOLO11l:botsort:bs_0001"",""YOLO11l:bytetrack:bt_0001"",""YOLO26l:botsort:bs_0006"",""YOLO26l:bytetrack:bt_0006""]",,birth_or_entry,stable,[],selected from provenance-preserving alternative cluster
GM_RM017,GM_RM017:GV001,120,GM_RM017:AT0005,GM_RM017:YOLO26l:GM_RM017_000120_001,YOLO26l,"[0.241,260.793,116.348,382.552]",active_visible,false,"[""YOLO11l:botsort:bs_0001"",""YOLO11l:bytetrack:bt_0001"",""YOLO26l:botsort:bs_0006"",""YOLO26l:bytetrack:bt_0006""]",,birth_or_entry,stable,[],selected from provenance-preserving alternative cluster
GM_RM017,GM_RM017:GV001,121,GM_RM017:AT0005,GM_RM017:YOLO26l:GM_RM017_000121_001,YOLO26l,"[0.264,258.055,126.132,387.513]",active_visible,false,"[""YOLO11l:botsort:bs_0001"",""YOLO11l:bytetrack:bt_0001"",""YOLO26l:botsort:bs_0006"",""YOLO26l:bytetrack:bt_0006""]",,birth_or_entry,stable,[],selected from provenance-preserving alternative cluster
GM_RM017,GM_RM017:GV001,122,GM_RM017:AT0005,GM_RM017:YOLO26l:GM_RM017_000122_001,YOLO26l,"[0.431,254.359,133.812,386.186]",active_visible,false,"[""YOLO11l:botsort:bs_0001"",""YOLO11l:bytetrack:bt_0001"",""YOLO26l:botsort:bs_0006"",""YOLO26l:bytetrack:bt_0006""]",,birth_or_entry,stable,[],selected from provenance-preserving alternative cluster
GM_RM017,GM_RM017:GV001,123,GM_RM017:AT0005,GM_RM017:YOLO26l:GM_RM017_000123_001,YOLO26l,"[0.286,250.935,150.073,385.241]",active_visible,false,"[""YOLO11l:botsort:bs_0001"",""YOLO11l:bytetrack:bt_0001"",""YOLO26l:botsort:bs_0006"",""YOLO26l:bytetrack:bt_0006""]",,birth_or_entry,stable,[],selected from provenance-preserving alternative cluster
GM_RM017,GM_RM017:GV001,124,GM_RM017:AT0005,GM_RM017:YOLO26l:GM_RM017_000124_001,YOLO26l,"[0.253,247.679,166.62,384.854]",active_visible,false,"[""YOLO11l:botsort:bs_0001"",""YOLO11l:bytetrack:bt_0001"",""YOLO26l:botsort:bs_0006"",""YOLO26l:bytetrack:bt_0006""]",,birth_or_entry,stable,[],selected from provenance-preserving alternative cluster
GM_RM017,GM_RM017:GV001,125,GM_RM017:AT0005,GM_RM017:YOLO26l:GM_RM017_000125_001,YOLO26l,"[0.395,246.038,180.528,384.283]",active_visible,false,"[""YOLO11l:botsort:bs_0001"",""YOLO11l:bytetrack:bt_0001"",""YOLO26l:botsort:bs_0006"",""YOLO26l:bytetrack:bt_0006""]",,birth_or_entry,stable,[],selected from provenance-preserving alternative cluster
GM_RM017,GM_RM017:GV001,126,GM_RM017:AT0005,GM_RM017:YOLO26l:GM_RM017_000126_001,YOLO26l,"[0.453,247.343,194.712,385.749]",active_visible,false,"[""YOLO11l:botsort:bs_0001"",""YOLO11l:bytetrack:bt_0001"",""YOLO26l:botsort:bs_0006"",""YOLO26l:bytetrack:bt_0006""]",,birth_or_entry,stable,[],selected from provenance-preserving alternative cluster
GM_RM017,GM_RM017:GV001,127,GM_RM017:AT0005,GM_RM017:YOLO26l:GM_RM017_000127_001,YOLO26l,"[0.489,248.054,208.722,386.996]",active_visible,false,"[""YOLO11l:botsort:bs_0001"",""YOLO11l:bytetrack:bt_0001"",""YOLO26l:botsort:bs_0006"",""YOLO26l:bytetrack:bt_0006""]",,birth_or_entry,stable,[],selected from provenance-preserving alternative cluster
GM_RM017,GM_RM017:GV001,128,GM_RM017:AT0005,GM_RM017:YOLO26l:GM_RM017_000128_001,YOLO26l,"[0.413,248.493,221.92,389.544]",active_visible,false,"[""YOLO11l:botsort:bs_0001"",""YOLO11l:bytetrack:bt_0001"",""YOLO26l:botsort:bs_0006"",""YOLO26l:bytetrack:bt_0006""]",,birth_or_entry,stable,[],selected from provenance-preserving alternative cluster
GM_RM017,GM_RM017:GV001,129,GM_RM017:AT0005,GM_RM017:YOLO26l:GM_RM017_000129_001,YOLO26l,"[15.313,246.398,235.206,389.163]",active_visible,false,"[""YOLO11l:botsort:bs_0001"",""YOLO11l:bytetrack:bt_0001"",""YOLO26l:botsort:bs_0006"",""YOLO26l:bytetrack:bt_0006""]",,birth_or_entry,stable,[],selected from provenance-preserving alternative cluster
GM_RM017,GM_RM017:GV001,130,GM_RM017:AT0005,GM_RM017:YOLO26l:GM_RM017_000130_001,YOLO26l,"[33.306,244.016,247.802,388.53]",active_visible,false,"[""YOLO11l:botsort:bs_0001"",""YOLO11l:bytetrack:bt_0001"",""YOLO26l:botsort:bs_0006"",""YOLO26l:bytetrack:bt_0006""]",,birth_or_entry,stable,[],selected from provenance-preserving alternative cluster
GM_RM017,GM_RM017:GV001,131,GM_RM017:AT0005,GM_RM017:YOLO26l:GM_RM017_000131_001,YOLO26l,"[52.22,243.175,262.107,388.927]",active_visible,false,"[""YOLO11l:botsort:bs_0001"",""YOLO11l:bytetrack:bt_0001"",""YOLO26l:botsort:bs_0006"",""YOLO26l:bytetrack:bt_0006""]",,birth_or_entry,stable,[],selected from provenance-preserving alternative cluster
GM_RM017,GM_RM017:GV001,132,GM_RM017:AT0005,GM_RM017:YOLO26l:GM_RM017_000132_001,YOLO26l,"[71.748,244.263,276.17,390.019]",active_visible,false,"[""YOLO11l:botsort:bs_0001"",""YOLO11l:bytetrack:bt_0001"",""YOLO26l:botsort:bs_0006"",""YOLO26l:bytetrack:bt_0006""]",,birth_or_entry,stable,[],selected from provenance-preserving alternative cluster
GM_RM017,GM_RM017:GV001,133,GM_RM017:AT0005,GM_RM017:YOLO26l:GM_RM017_000133_001,YOLO26l,"[91.249,243.354,288.646,389.792]",active_visible,false,"[""YOLO11l:botsort:bs_0001"",""YOLO11l:bytetrack:bt_0001"",""YOLO26l:botsort:bs_0006"",""YOLO26l:bytetrack:bt_0006""]",,birth_or_entry,stable,[],selected from provenance-preserving alternative cluster
GM_RM017,GM_RM017:GV001,134,GM_RM017:AT0005,GM_RM017:YOLO26l:GM_RM017_000134_001,YOLO26l,"[108.995,241.04,304.258,387.694]",active_visible,false,"[""YOLO11l:botsort:bs_0001"",""YOLO11l:bytetrack:bt_0001"",""YOLO26l:botsort:bs_0006"",""YOLO26l:bytetrack:bt_0006""]",,birth_or_entry,stable,[],selected from provenance-preserving alternative cluster
GM_RM017,GM_RM017:GV001,135,GM_RM017:AT0005,GM_RM017:YOLO26l:GM_RM017_000135_001,YOLO26l,"[128.297,240.36,320.591,389.335]",active_visible,false,"[""YOLO11l:botsort:bs_0001"",""YOLO11l:bytetrack:bt_0001"",""YOLO26l:botsort:bs_0006"",""YOLO26l:bytetrack:bt_0006""]",,birth_or_entry,stable,[],selected from provenance-preserving alternative cluster
GM_RM017,GM_RM017:GV001,136,GM_RM017:AT0005,GM_RM017:YOLO26l:GM_RM017_000136_001,YOLO26l,"[147.684,240.608,330.582,389.041]",active_visible,false,"[""YOLO11l:botsort:bs_0001"",""YOLO11l:bytetrack:bt_0001"",""YOLO26l:botsort:bs_0006"",""YOLO26l:bytetrack:bt_0006""]",,birth_or_entry,stable,[],selected from provenance-preserving alternative cluster
GM_RM017,GM_RM017:GV001,137,GM_RM017:AT0005,GM_RM017:YOLO26l:GM_RM017_000137_001,YOLO26l,"[166.647,239.414,343.181,388.356]",active_visible,false,"[""YOLO11l:botsort:bs_0001"",""YOLO11l:bytetrack:bt_0001"",""YOLO26l:botsort:bs_0006"",""YOLO26l:bytetrack:bt_0006""]",,birth_or_entry,stable,[],selected from provenance-preserving alternative cluster
GM_RM017,GM_RM017:GV001,138,GM_RM017:AT0005,GM_RM017:YOLO26l:GM_RM017_000138_001,YOLO26l,"[186.049,237.347,356.183,387.126]",active_visible,false,"[""YOLO11l:botsort:bs_0001"",""YOLO11l:bytetrack:bt_0001"",""YOLO26l:botsort:bs_0006"",""YOLO26l:bytetrack:bt_0006""]",,birth_or_entry,stable,[],selected from provenance-preserving alternative cluster
GM_RM017,GM_RM017:GV001,139,GM_RM017:AT0005,GM_RM017:YOLO26l:GM_RM017_000139_001,YOLO26l,"[205.527,236.448,372.169,385.767]",active_visible,false,"[""YOLO11l:botsort:bs_0001"",""YOLO11l:bytetrack:bt_0001"",""YOLO26l:botsort:bs_0006"",""YOLO26l:bytetrack:bt_0006""]",,birth_or_entry,stable,[],selected from provenance-preserving alternative cluster
GM_RM017,GM_RM017:GV001,140,GM_RM017:AT0005,GM_RM017:YOLO26l:GM_RM017_000140_001,YOLO26l,"[225.31,235.535,386.463,385.019]",active_visible,false,"[""YOLO11l:botsort:bs_0001"",""YOLO11l:bytetrack:bt_0001"",""YOLO26l:botsort:bs_0006"",""YOLO26l:bytetrack:bt_0006""]",,birth_or_entry,stable,[],selected from provenance-preserving alternative cluster
GM_RM017,GM_RM017:GV001,141,GM_RM017:AT0005,GM_RM017:YOLO26l:GM_RM017_000141_001,YOLO26l,"[244.791,233.145,401.247,383.318]",active_visible,false,"[""YOLO11l:botsort:bs_0001"",""YOLO11l:bytetrack:bt_0001"",""YOLO26l:botsort:bs_0006"",""YOLO26l:bytetrack:bt_0006""]",,birth_or_entry,stable,[],selected from provenance-preserving alternative cluster
GM_RM017,GM_RM017:GV001,142,GM_RM017:AT0005,GM_RM017:YOLO26l:GM_RM017_000142_001,YOLO26l,"[264.926,230.252,415.154,385.603]",active_visible,false,"[""YOLO11l:botsort:bs_0001"",""YOLO11l:bytetrack:bt_0001"",""YOLO26l:botsort:bs_0006"",""YOLO26l:bytetrack:bt_0006""]",,birth_or_entry,stable,[],selected from provenance-preserving alternative cluster
GM_RM017,GM_RM017:GV001,143,GM_RM017:AT0005,GM_RM017:YOLO26l:GM_RM017_000143_001,YOLO26l,"[284.491,228.4,430.336,385.218]",active_visible,false,"[""YOLO11l:botsort:bs_0001"",""YOLO11l:bytetrack:bt_0001"",""YOLO26l:botsort:bs_0006"",""YOLO26l:bytetrack:bt_0006""]",,birth_or_entry,stable,[],selected from provenance-preserving alternative cluster
GM_RM017,GM_RM017:GV001,144,GM_RM017:AT0005,GM_RM017:YOLO26l:GM_RM017_000144_001,YOLO26l,"[305.919,228.849,445.817,385.283]",active_visible,false,"[""YOLO11l:botsort:bs_0001"",""YOLO11l:bytetrack:bt_0001"",""YOLO26l:botsort:bs_0006"",""YOLO26l:bytetrack:bt_0006""]",,birth_or_entry,stable,[],selected from provenance-preserving alternative cluster
GM_RM017,GM_RM017:GV001,145,GM_RM017:AT0005,GM_RM017:YOLO26l:GM_RM017_000145_001,YOLO26l,"[327.124,226.612,461.171,384.118]",active_visible,false,"[""YOLO11l:botsort:bs_0001"",""YOLO11l:bytetrack:bt_0001"",""YOLO26l:botsort:bs_0006"",""YOLO26l:bytetrack:bt_0006""]",,birth_or_entry,stable,[],selected from provenance-preserving alternative cluster
GM_RM017,GM_RM017:GV001,146,GM_RM017:AT0005,GM_RM017:YOLO26l:GM_RM017_000146_001,YOLO26l,"[348.481,225.108,475.602,383.616]",active_visible,false,"[""YOLO11l:botsort:bs_0001"",""YOLO11l:bytetrack:bt_0001"",""YOLO26l:botsort:bs_0006"",""YOLO26l:bytetrack:bt_0006""]",,birth_or_entry,stable,[],selected from provenance-preserving alternative cluster
GM_RM017,GM_RM017:GV001,147,GM_RM017:AT0005,GM_RM017:YOLO26l:GM_RM017_000147_001,YOLO26l,"[369.53,223.385,495.241,382.516]",active_visible,false,"[""YOLO11l:botsort:bs_0001"",""YOLO11l:bytetrack:bt_0001"",""YOLO26l:botsort:bs_0006"",""YOLO26l:bytetrack:bt_0006""]",,birth_or_entry,stable,[],selected from provenance-preserving alternative cluster
GM_RM017,GM_RM017:GV001,148,GM_RM017:AT0005,GM_RM017:YOLO26l:GM_RM017_000148_001,YOLO26l,"[391.319,222.427,516.841,381.491]",active_visible,false,"[""YOLO11l:botsort:bs_0001"",""YOLO11l:bytetrack:bt_0001"",""YOLO26l:botsort:bs_0006"",""YOLO26l:bytetrack:bt_0006""]",,birth_or_entry,stable,[],selected from provenance-preserving alternative cluster
GM_RM017,GM_RM017:GV001,149,GM_RM017:AT0005,GM_RM017:YOLO26l:GM_RM017_000149_002,YOLO26l,"[413.676,220.912,540.497,381.583]",active_visible,false,"[""YOLO11l:botsort:bs_0001"",""YOLO11l:bytetrack:bt_0001"",""YOLO26l:botsort:bs_0006"",""YOLO26l:bytetrack:bt_0006""]",,birth_or_entry,stable,[],selected from provenance-preserving alternative cluster
GM_RM017,GM_RM017:GV001,150,GM_RM017:AT0005,GM_RM017:YOLO26l:GM_RM017_000150_002,YOLO26l,"[435.852,220.091,562.924,380.951]",active_visible,false,"[""YOLO11l:botsort:bs_0001"",""YOLO11l:bytetrack:bt_0001"",""YOLO26l:botsort:bs_0006"",""YOLO26l:bytetrack:bt_0006""]",,birth_or_entry,stable,[],selected from provenance-preserving alternative cluster
GM_RM017,GM_RM017:GV001,151,GM_RM017:AT0005,GM_RM017:YOLO26l:GM_RM017_000151_002,YOLO26l,"[457.398,219.461,586.391,380.569]",active_visible,false,"[""YOLO11l:botsort:bs_0001"",""YOLO11l:bytetrack:bt_0001"",""YOLO26l:botsort:bs_0006"",""YOLO26l:bytetrack:bt_0006""]",,birth_or_entry,stable,[],selected from provenance-preserving alternative cluster
GM_RM017,GM_RM017:GV001,152,GM_RM017:AT0005,GM_RM017:YOLO26l:GM_RM017_000152_002,YOLO26l,"[480.041,215.945,610.757,377.808]",active_visible,false,"[""YOLO11l:botsort:bs_0001"",""YOLO11l:bytetrack:bt_0001"",""YOLO26l:botsort:bs_0006"",""YOLO26l:bytetrack:bt_0006""]",,birth_or_entry,stable,[],selected from provenance-preserving alternative cluster
GM_RM017,GM_RM017:GV001,153,GM_RM017:AT0005,GM_RM017:YOLO26l:GM_RM017_000153_002,YOLO26l,"[501.542,214.144,635.451,375.567]",active_visible,false,"[""YOLO11l:botsort:bs_0001"",""YOLO11l:bytetrack:bt_0001"",""YOLO26l:botsort:bs_0006"",""YOLO26l:bytetrack:bt_0006""]",,birth_or_entry,stable,[],selected from provenance-preserving alternative cluster
GM_RM017,GM_RM017:GV001,154,GM_RM017:AT0005,GM_RM017:YOLO26l:GM_RM017_000154_002,YOLO26l,"[518.455,213.463,661.121,377.363]",active_visible,false,"[""YOLO11l:botsort:bs_0001"",""YOLO11l:bytetrack:bt_0001"",""YOLO26l:botsort:bs_0006"",""YOLO26l:bytetrack:bt_0006""]",,birth_or_entry,stable,[],selected from provenance-preserving alternative cluster
GM_RM017,GM_RM017:GV001,155,GM_RM017:AT0005,GM_RM017:YOLO26l:GM_RM017_000155_002,YOLO26l,"[534.818,215.083,687.131,381.293]",active_visible,false,"[""YOLO11l:botsort:bs_0001"",""YOLO11l:bytetrack:bt_0001"",""YOLO26l:botsort:bs_0006"",""YOLO26l:bytetrack:bt_0006""]",,birth_or_entry,stable,[],selected from provenance-preserving alternative cluster
GM_RM017,GM_RM017:GV001,156,GM_RM017:AT0005,GM_RM017:YOLO26l:GM_RM017_000156_001,YOLO26l,"[551.893,213.694,713.227,380.789]",active_visible,false,"[""YOLO11l:botsort:bs_0001"",""YOLO11l:bytetrack:bt_0001"",""YOLO26l:botsort:bs_0006"",""YOLO26l:bytetrack:bt_0006""]",,birth_or_entry,stable,[],selected from provenance-preserving alternative cluster
GM_RM017,GM_RM017:GV001,157,GM_RM017:AT0005,GM_RM017:YOLO26l:GM_RM017_000157_001,YOLO26l,"[568.346,208.912,739.413,376.899]",active_visible,false,"[""YOLO11l:botsort:bs_0001"",""YOLO11l:bytetrack:bt_0001"",""YOLO26l:botsort:bs_0006"",""YOLO26l:bytetrack:bt_0006""]",,birth_or_entry,stable,[],selected from provenance-preserving alternative cluster
GM_RM017,GM_RM017:GV001,158,GM_RM017:AT0005,GM_RM017:YOLO26l:GM_RM017_000158_003,YOLO26l,"[585.85,206.811,765.994,376.631]",active_visible,false,"[""YOLO11l:botsort:bs_0001"",""YOLO11l:bytetrack:bt_0001"",""YOLO26l:botsort:bs_0006"",""YOLO26l:bytetrack:bt_0006""]",,birth_or_entry,stable,[],selected from provenance-preserving alternative cluster
GM_RM017,GM_RM017:GV001,159,GM_RM017:AT0005,GM_RM017:YOLO26l:GM_RM017_000159_003,YOLO26l,"[600.85,205.087,794.072,376.417]",active_visible,false,"[""YOLO11l:botsort:bs_0001"",""YOLO11l:bytetrack:bt_0001"",""YOLO26l:botsort:bs_0006"",""YOLO26l:bytetrack:bt_0006""]",,birth_or_entry,stable,[],selected from provenance-preserving alternative cluster
GM_RM017,GM_RM017:GV001,160,GM_RM017:AT0005,GM_RM017:YOLO26l:GM_RM017_000160_001,YOLO26l,"[618.65,203.795,799.752,375.442]",active_visible,false,"[""YOLO11l:botsort:bs_0001"",""YOLO11l:bytetrack:bt_0001"",""YOLO26l:botsort:bs_0006"",""YOLO26l:bytetrack:bt_0006""]",,birth_or_entry,stable,[],selected from provenance-preserving alternative cluster
GM_RM017,GM_RM017:GV001,161,GM_RM017:AT0005,GM_RM017:YOLO26l:GM_RM017_000161_003,YOLO26l,"[635.612,203.421,799.653,375.006]",active_visible,false,"[""YOLO11l:botsort:bs_0001"",""YOLO11l:bytetrack:bt_0001"",""YOLO26l:botsort:bs_0006"",""YOLO26l:bytetrack:bt_0006""]",,birth_or_entry,stable,[],selected from provenance-preserving alternative cluster
GM_RM017,GM_RM017:GV001,162,GM_RM017:AT0005,GM_RM017:YOLO26l:GM_RM017_000162_001,YOLO26l,"[654.231,202.656,799.703,372.904]",active_visible,false,"[""YOLO11l:botsort:bs_0001"",""YOLO11l:bytetrack:bt_0001"",""YOLO26l:botsort:bs_0006"",""YOLO26l:bytetrack:bt_0006""]",,birth_or_entry,stable,[],selected from provenance-preserving alternative cluster
GM_RM017,GM_RM017:GV001,163,GM_RM017:AT0005,GM_RM017:YOLO26l:GM_RM017_000163_001,YOLO26l,"[671.422,203.041,799.677,372.826]",active_visible,false,"[""YOLO11l:botsort:bs_0001"",""YOLO11l:bytetrack:bt_0001"",""YOLO26l:botsort:bs_0006"",""YOLO26l:bytetrack:bt_0006""]",,birth_or_entry,stable,[],selected from provenance-preserving alternative cluster
GM_RM017,GM_RM017:GV001,164,GM_RM017:AT0005,GM_RM017:YOLO26l:GM_RM017_000164_004,YOLO26l,"[687.757,206.364,799.699,371.781]",exit_or_death,false,"[""YOLO11l:botsort:bs_0001"",""YOLO11l:bytetrack:bt_0001"",""YOLO26l:botsort:bs_0006"",""YOLO26l:bytetrack:bt_0006""]",,birth_or_entry,stable,[],selected from provenance-preserving alternative cluster
GM_RM017,GM_RM017:GV002,145,GM_RM017:AT0006,GM_RM017:YOLO26l:GM_RM017_000145_002,YOLO26l,"[0.175,325.217,97.681,410.929]",birth_or_entry,false,"[""YOLO11l:botsort:bs_0008"",""YOLO11l:bytetrack:bt_0008"",""YOLO26l:botsort:bs_0011"",""YOLO26l:bytetrack:bt_0011""]",,birth_or_entry,stable,[],selected from provenance-preserving alternative cluster
GM_RM017,GM_RM017:GV002,146,GM_RM017:AT0006,GM_RM017:YOLO26l:GM_RM017_000146_002,YOLO26l,"[0.233,325.135,93.572,409.892]",active_visible,false,"[""YOLO11l:botsort:bs_0008"",""YOLO11l:bytetrack:bt_0008"",""YOLO26l:botsort:bs_0011"",""YOLO26l:bytetrack:bt_0011""]",,birth_or_entry,stable,[],selected from provenance-preserving alternative cluster
GM_RM017,GM_RM017:GV002,147,GM_RM017:AT0006,GM_RM017:YOLO26l:GM_RM017_000147_002,YOLO26l,"[0.366,321.648,118.6,408.341]",active_visible,false,"[""YOLO11l:botsort:bs_0008"",""YOLO11l:bytetrack:bt_0008"",""YOLO26l:botsort:bs_0011"",""YOLO26l:bytetrack:bt_0011""]",,birth_or_entry,stable,[],selected from provenance-preserving alternative cluster
GM_RM017,GM_RM017:GV002,148,GM_RM017:AT0006,GM_RM017:YOLO26l:GM_RM017_000148_002,YOLO26l,"[0.396,319.938,145.649,407.364]",active_visible,false,"[""YOLO11l:botsort:bs_0008"",""YOLO11l:bytetrack:bt_0008"",""YOLO26l:botsort:bs_0011"",""YOLO26l:bytetrack:bt_0011""]",,birth_or_entry,stable,[],selected from provenance-preserving alternative cluster
GM_RM017,GM_RM017:GV002,149,GM_RM017:AT0006,GM_RM017:YOLO26l:GM_RM017_000149_001,YOLO26l,"[0.221,320.017,166.458,407.47]",active_visible,false,"[""YOLO11l:botsort:bs_0008"",""YOLO11l:bytetrack:bt_0008"",""YOLO26l:botsort:bs_0011"",""YOLO26l:bytetrack:bt_0011""]",,birth_or_entry,stable,[],selected from provenance-preserving alternative cluster
GM_RM017,GM_RM017:GV002,150,GM_RM017:AT0006,GM_RM017:YOLO26l:GM_RM017_000150_001,YOLO26l,"[0.334,318.077,192.738,406.032]",active_visible,false,"[""YOLO11l:botsort:bs_0008"",""YOLO11l:bytetrack:bt_0008"",""YOLO26l:botsort:bs_0011"",""YOLO26l:bytetrack:bt_0011""]",,birth_or_entry,stable,[],selected from provenance-preserving alternative cluster
GM_RM017,GM_RM017:GV002,151,GM_RM017:AT0006,GM_RM017:YOLO26l:GM_RM017_000151_001,YOLO26l,"[0.554,317.297,215.815,407.035]",active_visible,false,"[""YOLO11l:botsort:bs_0008"",""YOLO11l:bytetrack:bt_0008"",""YOLO26l:botsort:bs_0011"",""YOLO26l:bytetrack:bt_0011""]",,birth_or_entry,stable,[],selected from provenance-preserving alternative cluster
GM_RM017,GM_RM017:GV002,152,GM_RM017:AT0006,GM_RM017:YOLO26l:GM_RM017_000152_001,YOLO26l,"[0.738,315.724,241.24,405.755]",active_visible,false,"[""YOLO11l:botsort:bs_0008"",""YOLO11l:bytetrack:bt_0008"",""YOLO26l:botsort:bs_0011"",""YOLO26l:bytetrack:bt_0011""]",,birth_or_entry,stable,[],selected from provenance-preserving alternative cluster
GM_RM017,GM_RM017:GV002,153,GM_RM017:AT0006,GM_RM017:YOLO26l:GM_RM017_000153_001,YOLO26l,"[0.743,314.201,261.216,406.526]",active_visible,false,"[""YOLO11l:botsort:bs_0008"",""YOLO11l:bytetrack:bt_0008"",""YOLO26l:botsort:bs_0011"",""YOLO26l:bytetrack:bt_0011""]",,birth_or_entry,stable,[],selected from provenance-preserving alternative cluster
GM_RM017,GM_RM017:GV002,154,GM_RM017:AT0006,GM_RM017:YOLO26l:GM_RM017_000154_001,YOLO26l,"[24.574,315.231,284.036,407.678]",active_visible,false,"[""YOLO11l:botsort:bs_0008"",""YOLO11l:bytetrack:bt_0008"",""YOLO26l:botsort:bs_0011"",""YOLO26l:bytetrack:bt_0011""]",,birth_or_entry,stable,[],selected from provenance-preserving alternative cluster
GM_RM017,GM_RM017:GV002,155,GM_RM017:AT0006,GM_RM017:YOLO26l:GM_RM017_000155_001,YOLO26l,"[45.637,317.618,307.918,410.151]",active_visible,false,"[""YOLO11l:botsort:bs_0008"",""YOLO11l:bytetrack:bt_0008"",""YOLO26l:botsort:bs_0011"",""YOLO26l:bytetrack:bt_0011""]",,birth_or_entry,stable,[],selected from provenance-preserving alternative cluster
GM_RM017,GM_RM017:GV002,156,GM_RM017:AT0006,GM_RM017:YOLO26l:GM_RM017_000156_002,YOLO26l,"[66.899,316.551,332.061,410.52]",active_visible,false,"[""YOLO11l:botsort:bs_0008"",""YOLO11l:bytetrack:bt_0008"",""YOLO26l:botsort:bs_0011"",""YOLO26l:bytetrack:bt_0011""]",,birth_or_entry,stable,[],selected from provenance-preserving alternative cluster
GM_RM017,GM_RM017:GV002,157,GM_RM017:AT0006,GM_RM017:YOLO26l:GM_RM017_000157_002,YOLO26l,"[90.797,313.664,354.688,408.835]",active_visible,false,"[""YOLO11l:botsort:bs_0008"",""YOLO11l:bytetrack:bt_0008"",""YOLO26l:botsort:bs_0011"",""YOLO26l:bytetrack:bt_0011""]",,birth_or_entry,stable,[],selected from provenance-preserving alternative cluster
GM_RM017,GM_RM017:GV002,158,GM_RM017:AT0006,GM_RM017:YOLO26l:GM_RM017_000158_002,YOLO26l,"[112.184,313.331,377.222,409.493]",active_visible,false,"[""YOLO11l:botsort:bs_0008"",""YOLO11l:bytetrack:bt_0008"",""YOLO26l:botsort:bs_0011"",""YOLO26l:bytetrack:bt_0011""]",,birth_or_entry,stable,[],selected from provenance-preserving alternative cluster
GM_RM017,GM_RM017:GV002,159,GM_RM017:AT0006,GM_RM017:YOLO26l:GM_RM017_000159_002,YOLO26l,"[133.946,312.097,399.578,409.238]",active_visible,false,"[""YOLO11l:botsort:bs_0008"",""YOLO11l:bytetrack:bt_0008"",""YOLO26l:botsort:bs_0011"",""YOLO26l:bytetrack:bt_0011""]",,birth_or_entry,stable,[],selected from provenance-preserving alternative cluster
GM_RM017,GM_RM017:GV002,160,GM_RM017:AT0006,GM_RM017:YOLO26l:GM_RM017_000160_003,YOLO26l,"[156.409,310.999,422.889,408.405]",active_visible,false,"[""YOLO11l:botsort:bs_0008"",""YOLO11l:bytetrack:bt_0008"",""YOLO26l:botsort:bs_0011"",""YOLO26l:bytetrack:bt_0011""]",,birth_or_entry,stable,[],selected from provenance-preserving alternative cluster
GM_RM017,GM_RM017:GV002,161,GM_RM017:AT0006,GM_RM017:YOLO26l:GM_RM017_000161_002,YOLO26l,"[178.665,308.999,446.103,407.212]",active_visible,false,"[""YOLO11l:botsort:bs_0008"",""YOLO11l:bytetrack:bt_0008"",""YOLO26l:botsort:bs_0011"",""YOLO26l:bytetrack:bt_0011""]",,birth_or_entry,stable,[],selected from provenance-preserving alternative cluster
GM_RM017,GM_RM017:GV002,162,GM_RM017:AT0006,GM_RM017:YOLO26l:GM_RM017_000162_003,YOLO26l,"[201.342,307.304,470.062,405.884]",active_visible,false,"[""YOLO11l:botsort:bs_0008"",""YOLO11l:bytetrack:bt_0008"",""YOLO26l:botsort:bs_0011"",""YOLO26l:bytetrack:bt_0011""]",,birth_or_entry,stable,[],selected from provenance-preserving alternative cluster
GM_RM017,GM_RM017:GV002,163,GM_RM017:AT0006,GM_RM017:YOLO26l:GM_RM017_000163_003,YOLO26l,"[222.421,305.956,494.495,404.519]",active_visible,false,"[""YOLO11l:botsort:bs_0008"",""YOLO11l:bytetrack:bt_0008"",""YOLO26l:botsort:bs_0011"",""YOLO26l:bytetrack:bt_0011""]",,birth_or_entry,stable,[],selected from provenance-preserving alternative cluster
GM_RM017,GM_RM017:GV002,164,GM_RM017:AT0006,GM_RM017:YOLO26l:GM_RM017_000164_002,YOLO26l,"[244.8,305.438,518.959,404.801]",active_visible,false,"[""YOLO11l:botsort:bs_0008"",""YOLO11l:bytetrack:bt_0008"",""YOLO26l:botsort:bs_0011"",""YOLO26l:bytetrack:bt_0011""]",,birth_or_entry,stable,[],selected from provenance-preserving alternative cluster
GM_RM017,GM_RM017:GV002,165,GM_RM017:AT0006,GM_RM017:YOLO26l:GM_RM017_000165_002,YOLO26l,"[268.479,304.973,546.083,404.995]",active_visible,false,"[""YOLO11l:botsort:bs_0008"",""YOLO11l:bytetrack:bt_0008"",""YOLO26l:botsort:bs_0011"",""YOLO26l:bytetrack:bt_0011""]",,birth_or_entry,stable,[],selected from provenance-preserving alternative cluster
GM_RM017,GM_RM017:GV002,166,GM_RM017:AT0006,GM_RM017:YOLO26l:GM_RM017_000166_002,YOLO26l,"[292.087,303.899,572.994,404.172]",active_visible,false,"[""YOLO11l:botsort:bs_0008"",""YOLO11l:bytetrack:bt_0008"",""YOLO26l:botsort:bs_0011"",""YOLO26l:bytetrack:bt_0011""]",,birth_or_entry,stable,[],selected from provenance-preserving alternative cluster
GM_RM017,GM_RM017:GV002,167,GM_RM017:AT0006,GM_RM017:YOLO26l:GM_RM017_000167_003,YOLO26l,"[316.147,301.637,599.892,402.697]",active_visible,false,"[""YOLO11l:botsort:bs_0008"",""YOLO11l:bytetrack:bt_0008"",""YOLO26l:botsort:bs_0011"",""YOLO26l:bytetrack:bt_0011""]",,birth_or_entry,stable,[],selected from provenance-preserving alternative cluster
GM_RM017,GM_RM017:GV002,168,GM_RM017:AT0006,GM_RM017:YOLO26l:GM_RM017_000168_002,YOLO26l,"[339.849,300.773,627.309,402.528]",active_visible,false,"[""YOLO11l:botsort:bs_0008"",""YOLO11l:bytetrack:bt_0008"",""YOLO26l:botsort:bs_0011"",""YOLO26l:bytetrack:bt_0011""]",,birth_or_entry,stable,[],selected from provenance-preserving alternative cluster
GM_RM017,GM_RM017:GV002,169,GM_RM017:AT0006,GM_RM017:YOLO26l:GM_RM017_000169_001,YOLO26l,"[364.161,298.198,656.072,399.949]",active_visible,false,"[""YOLO11l:botsort:bs_0008"",""YOLO11l:bytetrack:bt_0008"",""YOLO26l:botsort:bs_0011"",""YOLO26l:bytetrack:bt_0011""]",,birth_or_entry,stable,[],selected from provenance-preserving alternative cluster
GM_RM017,GM_RM017:GV002,170,GM_RM017:AT0006,GM_RM017:YOLO26l:GM_RM017_000170_001,YOLO26l,"[390.074,295.933,685.461,399.13]",active_visible,false,"[""YOLO11l:botsort:bs_0008"",""YOLO11l:bytetrack:bt_0008"",""YOLO26l:botsort:bs_0011"",""YOLO26l:bytetrack:bt_0011""]",,birth_or_entry,stable,[],selected from provenance-preserving alternative cluster
GM_RM017,GM_RM017:GV002,171,GM_RM017:AT0006,GM_RM017:YOLO26l:GM_RM017_000171_001,YOLO26l,"[413.507,293.631,715.589,398.255]",active_visible,false,"[""YOLO11l:botsort:bs_0008"",""YOLO11l:bytetrack:bt_0008"",""YOLO26l:botsort:bs_0011"",""YOLO26l:bytetrack:bt_0011""]",,birth_or_entry,stable,[],selected from provenance-preserving alternative cluster
GM_RM017,GM_RM017:GV002,172,GM_RM017:AT0006,GM_RM017:YOLO26l:GM_RM017_000172_001,YOLO26l,"[438.971,293.917,745.686,398.819]",active_visible,false,"[""YOLO11l:botsort:bs_0008"",""YOLO11l:bytetrack:bt_0008"",""YOLO26l:botsort:bs_0011"",""YOLO26l:bytetrack:bt_0011""]",,birth_or_entry,stable,[],selected from provenance-preserving alternative cluster
GM_RM017,GM_RM017:GV002,173,GM_RM017:AT0006,GM_RM017:YOLO26l:GM_RM017_000173_001,YOLO26l,"[463.926,292.296,777.836,397.467]",active_visible,false,"[""YOLO11l:botsort:bs_0008"",""YOLO11l:bytetrack:bt_0008"",""YOLO26l:botsort:bs_0011"",""YOLO26l:bytetrack:bt_0011""]",,birth_or_entry,stable,[],selected from provenance-preserving alternative cluster
GM_RM017,GM_RM017:GV002,174,GM_RM017:AT0006,GM_RM017:YOLO26l:GM_RM017_000174_002,YOLO26l,"[490.301,289.472,799.298,395.757]",active_visible,false,"[""YOLO11l:botsort:bs_0008"",""YOLO11l:bytetrack:bt_0008"",""YOLO26l:botsort:bs_0011"",""YOLO26l:bytetrack:bt_0011""]",,birth_or_entry,stable,[],selected from provenance-preserving alternative cluster
GM_RM017,GM_RM017:GV002,175,GM_RM017:AT0006,GM_RM017:YOLO26l:GM_RM017_000175_002,YOLO26l,"[515.66,290.092,799.51,397.295]",active_visible,false,"[""YOLO11l:botsort:bs_0008"",""YOLO11l:bytetrack:bt_0008"",""YOLO26l:botsort:bs_0011"",""YOLO26l:bytetrack:bt_0011""]",,birth_or_entry,stable,[],selected from provenance-preserving alternative cluster
GM_RM017,GM_RM017:GV002,176,GM_RM017:AT0006,GM_RM017:YOLO26l:GM_RM017_000176_001,YOLO26l,"[540.161,288.245,799.572,394.886]",active_visible,false,"[""YOLO11l:botsort:bs_0008"",""YOLO11l:bytetrack:bt_0008"",""YOLO26l:botsort:bs_0011"",""YOLO26l:bytetrack:bt_0011""]",,birth_or_entry,stable,[],selected from provenance-preserving alternative cluster
GM_RM017,GM_RM017:GV002,177,GM_RM017:AT0006,GM_RM017:YOLO26l:GM_RM017_000177_001,YOLO26l,"[563.084,285.235,799.344,391.93]",active_visible,false,"[""YOLO11l:botsort:bs_0008"",""YOLO11l:bytetrack:bt_0008"",""YOLO26l:botsort:bs_0011"",""YOLO26l:bytetrack:bt_0011""]",,birth_or_entry,stable,[],selected from provenance-preserving alternative cluster
GM_RM017,GM_RM017:GV002,178,GM_RM017:AT0006,GM_RM017:YOLO26l:GM_RM017_000178_001,YOLO26l,"[588.581,282.685,799.318,390.755]",active_visible,false,"[""YOLO11l:botsort:bs_0008"",""YOLO11l:bytetrack:bt_0008"",""YOLO26l:botsort:bs_0011"",""YOLO26l:bytetrack:bt_0011""]",,birth_or_entry,stable,[],selected from provenance-preserving alternative cluster
GM_RM017,GM_RM017:GV002,179,GM_RM017:AT0006,GM_RM017:YOLO26l:GM_RM017_000179_001,YOLO26l,"[614.397,285.324,799.464,392.667]",active_visible,false,"[""YOLO11l:botsort:bs_0008"",""YOLO11l:bytetrack:bt_0008"",""YOLO26l:botsort:bs_0011"",""YOLO26l:bytetrack:bt_0011""]",,birth_or_entry,stable,[],selected from provenance-preserving alternative cluster
GM_RM017,GM_RM017:GV002,180,GM_RM017:AT0006,GM_RM017:YOLO26l:GM_RM017_000180_001,YOLO26l,"[642.325,288.149,799.539,394.05]",active_visible,false,"[""YOLO11l:botsort:bs_0008"",""YOLO11l:bytetrack:bt_0008"",""YOLO26l:botsort:bs_0011"",""YOLO26l:bytetrack:bt_0011""]",,birth_or_entry,stable,[],selected from provenance-preserving alternative cluster
GM_RM017,GM_RM017:GV002,181,GM_RM017:AT0006,GM_RM017:YOLO26l:GM_RM017_000181_001,YOLO26l,"[667.727,290.37,799.395,392.71]",active_visible,false,"[""YOLO11l:botsort:bs_0008"",""YOLO11l:bytetrack:bt_0008"",""YOLO26l:botsort:bs_0011"",""YOLO26l:bytetrack:bt_0011""]",,birth_or_entry,stable,[],selected from provenance-preserving alternative cluster
GM_RM017,GM_RM017:GV002,182,GM_RM017:AT0006,GM_RM017:YOLO26l:GM_RM017_000182_003,YOLO26l,"[695.939,298.526,799.746,392.89]",active_visible,false,"[""YOLO11l:botsort:bs_0008"",""YOLO11l:bytetrack:bt_0008"",""YOLO26l:botsort:bs_0011"",""YOLO26l:bytetrack:bt_0011""]",,birth_or_entry,stable,[],selected from provenance-preserving alternative cluster
GM_RM017,GM_RM017:GV002,183,GM_RM017:AT0006,GM_RM017:YOLO26l:GM_RM017_000183_003,YOLO26l,"[723.367,318.741,799.667,382.892]",active_visible,false,"[""YOLO11l:botsort:bs_0008"",""YOLO26l:botsort:bs_0011"",""YOLO26l:bytetrack:bt_0011""]",,birth_or_entry,stable,[],selected from provenance-preserving alternative cluster
GM_RM017,GM_RM017:GV002,184,GM_RM017:AT0006,GM_RM017:YOLO26l:GM_RM017_000184_003,YOLO26l,"[750.888,318.665,799.74,378.547]",active_visible,false,"[""YOLO11l:botsort:bs_0008"",""YOLO11l:bytetrack:bt_0014"",""YOLO26l:botsort:bs_0011"",""YOLO26l:bytetrack:bt_0011""]",,birth_or_entry,stable,[],selected from provenance-preserving alternative cluster
GM_RM017,GM_RM017:GV002,185,GM_RM017:AT0006,GM_RM017:YOLO26l:GM_RM017_000185_003,YOLO26l,"[777.33,319.482,799.792,366.859]",exit_or_death,false,"[""YOLO11l:botsort:bs_0008"",""YOLO26l:botsort:bs_0011""]",,birth_or_entry,stable,[],selected from provenance-preserving alternative cluster
GM_RM017,GM_RM017:GV003,151,GM_RM017:AT0007,GM_RM017:YOLO26l:GM_RM017_000151_003,YOLO26l,"[0.096,309.688,49.789,352.93]",birth_or_entry,false,"[""YOLO11l:botsort:bs_0010"",""YOLO11l:bytetrack:bt_0010"",""YOLO26l:botsort:bs_0013"",""YOLO26l:bytetrack:bt_0013""]",,birth_or_entry,stable,[],selected from provenance-preserving alternative cluster
GM_RM017,GM_RM017:GV003,152,GM_RM017:AT0007,GM_RM017:YOLO26l:GM_RM017_000152_003,YOLO26l,"[0.099,307.026,66.273,354.917]",active_visible,false,"[""YOLO11l:botsort:bs_0010"",""YOLO11l:bytetrack:bt_0010"",""YOLO26l:botsort:bs_0013"",""YOLO26l:bytetrack:bt_0013""]",,birth_or_entry,stable,[],selected from provenance-preserving alternative cluster
GM_RM017,GM_RM017:GV003,153,GM_RM017:AT0007,GM_RM017:YOLO26l:GM_RM017_000153_003,YOLO26l,"[0.183,310.098,84.29,368.377]",active_visible,false,"[""YOLO11l:botsort:bs_0010"",""YOLO11l:bytetrack:bt_0010"",""YOLO26l:botsort:bs_0013"",""YOLO26l:bytetrack:bt_0013""]",,birth_or_entry,stable,[],selected from provenance-preserving alternative cluster
GM_RM017,GM_RM017:GV003,154,GM_RM017:AT0007,GM_RM017:YOLO26l:GM_RM017_000154_003,YOLO26l,"[0.228,309.097,101.126,391.427]",active_visible,false,"[""YOLO11l:botsort:bs_0010"",""YOLO11l:bytetrack:bt_0010"",""YOLO26l:botsort:bs_0013"",""YOLO26l:bytetrack:bt_0013""]",,birth_or_entry,stable,[],selected from provenance-preserving alternative cluster
GM_RM017,GM_RM017:GV003,155,GM_RM017:AT0007,GM_RM017:YOLO26l:GM_RM017_000155_003,YOLO26l,"[0.162,310.72,119.612,394.725]",active_visible,false,"[""YOLO11l:botsort:bs_0010"",""YOLO11l:bytetrack:bt_0010"",""YOLO26l:botsort:bs_0013"",""YOLO26l:bytetrack:bt_0013""]",,birth_or_entry,stable,[],selected from provenance-preserving alternative cluster
GM_RM017,GM_RM017:GV003,156,GM_RM017:AT0007,GM_RM017:YOLO26l:GM_RM017_000156_003,YOLO26l,"[0.134,310.167,136.746,394.893]",active_visible,false,"[""YOLO11l:botsort:bs_0010"",""YOLO11l:bytetrack:bt_0010"",""YOLO26l:botsort:bs_0013"",""YOLO26l:bytetrack:bt_0013""]",,birth_or_entry,stable,[],selected from provenance-preserving alternative cluster
GM_RM017,GM_RM017:GV003,157,GM_RM017:AT0007,GM_RM017:YOLO26l:GM_RM017_000157_003,YOLO26l,"[0.337,308.064,156.239,392.783]",active_visible,false,"[""YOLO11l:botsort:bs_0010"",""YOLO11l:bytetrack:bt_0010"",""YOLO26l:botsort:bs_0013"",""YOLO26l:bytetrack:bt_0013""]",,birth_or_entry,stable,[],selected from provenance-preserving alternative cluster
GM_RM017,GM_RM017:GV003,158,GM_RM017:AT0007,GM_RM017:YOLO26l:GM_RM017_000158_001,YOLO26l,"[0.494,308.649,172.416,393.771]",active_visible,false,"[""YOLO11l:botsort:bs_0010"",""YOLO11l:bytetrack:bt_0010"",""YOLO26l:botsort:bs_0013"",""YOLO26l:bytetrack:bt_0013""]",,birth_or_entry,stable,[],selected from provenance-preserving alternative cluster
GM_RM017,GM_RM017:GV003,159,GM_RM017:AT0007,GM_RM017:YOLO26l:GM_RM017_000159_001,YOLO26l,"[0.351,307.805,188.719,398.699]",active_visible,false,"[""YOLO11l:botsort:bs_0010"",""YOLO11l:bytetrack:bt_0010"",""YOLO26l:botsort:bs_0013"",""YOLO26l:bytetrack:bt_0013""]",,birth_or_entry,stable,[],selected from provenance-preserving alternative cluster
GM_RM017,GM_RM017:GV003,160,GM_RM017:AT0007,GM_RM017:YOLO26l:GM_RM017_000160_002,YOLO26l,"[0.489,307.002,205.529,397.814]",active_visible,false,"[""YOLO11l:botsort:bs_0010"",""YOLO11l:bytetrack:bt_0010"",""YOLO26l:botsort:bs_0013"",""YOLO26l:bytetrack:bt_0013""]",,birth_or_entry,stable,[],selected from provenance-preserving alternative cluster
GM_RM017,GM_RM017:GV003,161,GM_RM017:AT0007,GM_RM017:YOLO26l:GM_RM017_000161_001,YOLO26l,"[2.598,304.73,222.44,396.387]",active_visible,false,"[""YOLO11l:botsort:bs_0010"",""YOLO11l:bytetrack:bt_0010"",""YOLO26l:botsort:bs_0013"",""YOLO26l:bytetrack:bt_0013""]",,birth_or_entry,stable,[],selected from provenance-preserving alternative cluster
GM_RM017,GM_RM017:GV003,162,GM_RM017:AT0007,GM_RM017:YOLO26l:GM_RM017_000162_002,YOLO26l,"[21.744,302.701,238.667,394.968]",active_visible,false,"[""YOLO11l:botsort:bs_0010"",""YOLO11l:bytetrack:bt_0010"",""YOLO26l:botsort:bs_0013"",""YOLO26l:bytetrack:bt_0013""]",,birth_or_entry,stable,[],selected from provenance-preserving alternative cluster
GM_RM017,GM_RM017:GV003,163,GM_RM017:AT0007,GM_RM017:YOLO26l:GM_RM017_000163_002,YOLO26l,"[37.787,301.091,255.078,393.505]",active_visible,false,"[""YOLO11l:botsort:bs_0010"",""YOLO11l:bytetrack:bt_0010"",""YOLO26l:botsort:bs_0013"",""YOLO26l:bytetrack:bt_0013""]",,birth_or_entry,stable,[],selected from provenance-preserving alternative cluster
GM_RM017,GM_RM017:GV003,164,GM_RM017:AT0007,GM_RM017:YOLO26l:GM_RM017_000164_001,YOLO26l,"[53.732,300.824,271.698,393.093]",active_visible,false,"[""YOLO11l:botsort:bs_0010"",""YOLO11l:bytetrack:bt_0010"",""YOLO26l:botsort:bs_0013"",""YOLO26l:bytetrack:bt_0013""]",,birth_or_entry,stable,[],selected from provenance-preserving alternative cluster
GM_RM017,GM_RM017:GV003,165,GM_RM017:AT0007,GM_RM017:YOLO26l:GM_RM017_000165_001,YOLO26l,"[70.839,300.721,289.108,393.591]",active_visible,false,"[""YOLO11l:botsort:bs_0010"",""YOLO11l:bytetrack:bt_0010"",""YOLO26l:botsort:bs_0013"",""YOLO26l:bytetrack:bt_0013""]",,birth_or_entry,stable,[],selected from provenance-preserving alternative cluster
GM_RM017,GM_RM017:GV003,166,GM_RM017:AT0007,GM_RM017:YOLO26l:GM_RM017_000166_001,YOLO26l,"[86.584,299.662,307.277,392.588]",active_visible,false,"[""YOLO11l:botsort:bs_0010"",""YOLO11l:bytetrack:bt_0010"",""YOLO26l:botsort:bs_0013"",""YOLO26l:bytetrack:bt_0013""]",,birth_or_entry,stable,[],selected from provenance-preserving alternative cluster
GM_RM017,GM_RM017:GV003,167,GM_RM017:AT0007,GM_RM017:YOLO26l:GM_RM017_000167_001,YOLO26l,"[105.129,297.27,324.946,391.043]",active_visible,false,"[""YOLO11l:botsort:bs_0010"",""YOLO11l:bytetrack:bt_0010"",""YOLO26l:botsort:bs_0013"",""YOLO26l:bytetrack:bt_0013""]",,birth_or_entry,stable,[],selected from provenance-preserving alternative cluster
GM_RM017,GM_RM017:GV003,168,GM_RM017:AT0007,GM_RM017:YOLO26l:GM_RM017_000168_001,YOLO26l,"[117.282,297.101,343.152,390.944]",active_visible,false,"[""YOLO11l:botsort:bs_0010"",""YOLO11l:bytetrack:bt_0010"",""YOLO26l:botsort:bs_0013"",""YOLO26l:bytetrack:bt_0013""]",,birth_or_entry,stable,[],selected from provenance-preserving alternative cluster
GM_RM017,GM_RM017:GV003,169,GM_RM017:AT0007,GM_RM017:YOLO26l:GM_RM017_000169_002,YOLO26l,"[142.336,294.004,361.867,388.944]",active_visible,false,"[""YOLO11l:botsort:bs_0010"",""YOLO11l:bytetrack:bt_0010"",""YOLO26l:botsort:bs_0013"",""YOLO26l:bytetrack:bt_0013""]",,birth_or_entry,stable,[],selected from provenance-preserving alternative cluster
GM_RM017,GM_RM017:GV003,170,GM_RM017:AT0007,GM_RM017:YOLO26l:GM_RM017_000170_002,YOLO26l,"[160.417,292.773,381.118,388.915]",active_visible,false,"[""YOLO11l:botsort:bs_0010"",""YOLO11l:bytetrack:bt_0010"",""YOLO26l:botsort:bs_0013"",""YOLO26l:bytetrack:bt_0013""]",,birth_or_entry,stable,[],selected from provenance-preserving alternative cluster
GM_RM017,GM_RM017:GV003,171,GM_RM017:AT0007,GM_RM017:YOLO26l:GM_RM017_000171_002,YOLO26l,"[179.504,291.213,401.423,389.025]",active_visible,false,"[""YOLO11l:botsort:bs_0010"",""YOLO11l:bytetrack:bt_0010"",""YOLO26l:botsort:bs_0013"",""YOLO26l:bytetrack:bt_0013""]",,birth_or_entry,stable,[],selected from provenance-preserving alternative cluster
GM_RM017,GM_RM017:GV003,172,GM_RM017:AT0007,GM_RM017:YOLO26l:GM_RM017_000172_003,YOLO26l,"[198.237,291.6,420.564,389.377]",active_visible,false,"[""YOLO11l:botsort:bs_0010"",""YOLO11l:bytetrack:bt_0010"",""YOLO26l:botsort:bs_0013"",""YOLO26l:bytetrack:bt_0013""]",,birth_or_entry,stable,[],selected from provenance-preserving alternative cluster
GM_RM017,GM_RM017:GV003,173,GM_RM017:AT0007,GM_RM017:YOLO26l:GM_RM017_000173_003,YOLO26l,"[217.238,290.231,441.476,388.037]",active_visible,false,"[""YOLO11l:botsort:bs_0010"",""YOLO11l:bytetrack:bt_0010"",""YOLO26l:botsort:bs_0013"",""YOLO26l:bytetrack:bt_0013""]",,birth_or_entry,stable,[],selected from provenance-preserving alternative cluster
GM_RM017,GM_RM017:GV003,174,GM_RM017:AT0007,GM_RM017:YOLO26l:GM_RM017_000174_001,YOLO26l,"[237.755,288.042,463.08,387.76]",active_visible,false,"[""YOLO11l:botsort:bs_0010"",""YOLO11l:bytetrack:bt_0010"",""YOLO26l:botsort:bs_0013"",""YOLO26l:bytetrack:bt_0013""]",,birth_or_entry,stable,[],selected from provenance-preserving alternative cluster
GM_RM017,GM_RM017:GV003,175,GM_RM017:AT0007,GM_RM017:YOLO26l:GM_RM017_000175_001,YOLO26l,"[257.357,289.394,484.736,389.404]",active_visible,false,"[""YOLO11l:botsort:bs_0010"",""YOLO11l:bytetrack:bt_0010"",""YOLO26l:botsort:bs_0013"",""YOLO26l:bytetrack:bt_0013""]",,birth_or_entry,stable,[],selected from provenance-preserving alternative cluster
GM_RM017,GM_RM017:GV003,176,GM_RM017:AT0007,GM_RM017:YOLO26l:GM_RM017_000176_002,YOLO26l,"[275.481,286.087,505.352,385.711]",active_visible,false,"[""YOLO11l:botsort:bs_0010"",""YOLO11l:bytetrack:bt_0010"",""YOLO26l:botsort:bs_0013"",""YOLO26l:bytetrack:bt_0013""]",,birth_or_entry,stable,[],selected from provenance-preserving alternative cluster
GM_RM017,GM_RM017:GV003,177,GM_RM017:AT0007,GM_RM017:YOLO26l:GM_RM017_000177_002,YOLO26l,"[293.597,282.713,525.144,382.274]",active_visible,false,"[""YOLO11l:botsort:bs_0010"",""YOLO11l:bytetrack:bt_0010"",""YOLO26l:botsort:bs_0013"",""YOLO26l:bytetrack:bt_0013""]",,birth_or_entry,stable,[],selected from provenance-preserving alternative cluster
GM_RM017,GM_RM017:GV003,178,GM_RM017:AT0007,GM_RM017:YOLO26l:GM_RM017_000178_002,YOLO26l,"[313.204,281.162,546.878,381.488]",active_visible,false,"[""YOLO11l:botsort:bs_0010"",""YOLO11l:bytetrack:bt_0010"",""YOLO26l:botsort:bs_0013"",""YOLO26l:bytetrack:bt_0013""]",,birth_or_entry,stable,[],selected from provenance-preserving alternative cluster
GM_RM017,GM_RM017:GV003,179,GM_RM017:AT0007,GM_RM017:YOLO26l:GM_RM017_000179_002,YOLO26l,"[333.312,282.515,568.798,382.997]",active_visible,false,"[""YOLO11l:botsort:bs_0010"",""YOLO11l:bytetrack:bt_0010"",""YOLO26l:botsort:bs_0013"",""YOLO26l:bytetrack:bt_0013""]",,birth_or_entry,stable,[],selected from provenance-preserving alternative cluster
GM_RM017,GM_RM017:GV003,180,GM_RM017:AT0007,GM_RM017:YOLO26l:GM_RM017_000180_002,YOLO26l,"[354.156,282.693,592.156,384.264]",active_visible,false,"[""YOLO11l:botsort:bs_0010"",""YOLO11l:bytetrack:bt_0010"",""YOLO26l:botsort:bs_0013"",""YOLO26l:bytetrack:bt_0013""]",,birth_or_entry,stable,[],selected from provenance-preserving alternative cluster
GM_RM017,GM_RM017:GV003,181,GM_RM017:AT0007,GM_RM017:YOLO26l:GM_RM017_000181_002,YOLO26l,"[374.902,282.907,615.601,384.208]",active_visible,false,"[""YOLO11l:botsort:bs_0010"",""YOLO11l:bytetrack:bt_0010"",""YOLO26l:botsort:bs_0013"",""YOLO26l:bytetrack:bt_0013""]",,birth_or_entry,stable,[],selected from provenance-preserving alternative cluster
GM_RM017,GM_RM017:GV003,182,GM_RM017:AT0007,GM_RM017:YOLO26l:GM_RM017_000182_001,YOLO26l,"[396.151,282.96,639.284,385.768]",active_visible,false,"[""YOLO11l:botsort:bs_0010"",""YOLO11l:bytetrack:bt_0010"",""YOLO26l:botsort:bs_0013"",""YOLO26l:bytetrack:bt_0013""]",,birth_or_entry,stable,[],selected from provenance-preserving alternative cluster
GM_RM017,GM_RM017:GV003,183,GM_RM017:AT0007,GM_RM017:YOLO26l:GM_RM017_000183_001,YOLO26l,"[417.028,282.511,662.738,385.099]",active_visible,false,"[""YOLO11l:botsort:bs_0010"",""YOLO11l:bytetrack:bt_0010"",""YOLO26l:botsort:bs_0013"",""YOLO26l:bytetrack:bt_0013""]",,birth_or_entry,stable,[],selected from provenance-preserving alternative cluster
GM_RM017,GM_RM017:GV003,184,GM_RM017:AT0007,GM_RM017:YOLO26l:GM_RM017_000184_001,YOLO26l,"[437.87,281.139,685.82,384.383]",active_visible,false,"[""YOLO11l:botsort:bs_0010"",""YOLO11l:bytetrack:bt_0010"",""YOLO26l:botsort:bs_0013"",""YOLO26l:bytetrack:bt_0013""]",,birth_or_entry,stable,[],selected from provenance-preserving alternative cluster
GM_RM017,GM_RM017:GV003,185,GM_RM017:AT0007,GM_RM017:YOLO26l:GM_RM017_000185_001,YOLO26l,"[458.554,276.775,709.243,381.632]",active_visible,false,"[""YOLO11l:botsort:bs_0010"",""YOLO11l:bytetrack:bt_0010"",""YOLO26l:botsort:bs_0013"",""YOLO26l:bytetrack:bt_0013""]",,birth_or_entry,stable,[],selected from provenance-preserving alternative cluster
GM_RM017,GM_RM017:GV003,186,GM_RM017:AT0007,GM_RM017:YOLO26l:GM_RM017_000186_001,YOLO26l,"[479.297,277.952,733.235,383.769]",active_visible,false,"[""YOLO11l:botsort:bs_0010"",""YOLO11l:bytetrack:bt_0010"",""YOLO26l:botsort:bs_0013"",""YOLO26l:bytetrack:bt_0013""]",,birth_or_entry,stable,[],selected from provenance-preserving alternative cluster
GM_RM017,GM_RM017:GV003,187,GM_RM017:AT0007,GM_RM017:YOLO26l:GM_RM017_000187_001,YOLO26l,"[500.779,277.782,759.166,384.17]",active_visible,false,"[""YOLO11l:botsort:bs_0010"",""YOLO11l:bytetrack:bt_0010"",""YOLO26l:botsort:bs_0013"",""YOLO26l:bytetrack:bt_0013""]",,birth_or_entry,stable,[],selected from provenance-preserving alternative cluster
GM_RM017,GM_RM017:GV003,188,GM_RM017:AT0007,GM_RM017:YOLO26l:GM_RM017_000188_001,YOLO26l,"[522.913,276.968,785.361,383.857]",active_visible,false,"[""YOLO11l:botsort:bs_0010"",""YOLO11l:bytetrack:bt_0010"",""YOLO26l:botsort:bs_0013"",""YOLO26l:bytetrack:bt_0013""]",,birth_or_entry,stable,[],selected from provenance-preserving alternative cluster
GM_RM017,GM_RM017:GV003,189,GM_RM017:AT0007,GM_RM017:YOLO26l:GM_RM017_000189_001,YOLO26l,"[542.409,274.199,799.572,381.669]",active_visible,false,"[""YOLO11l:botsort:bs_0010"",""YOLO11l:bytetrack:bt_0010"",""YOLO26l:botsort:bs_0013"",""YOLO26l:bytetrack:bt_0013""]",,birth_or_entry,stable,[],selected from provenance-preserving alternative cluster
GM_RM017,GM_RM017:GV003,190,GM_RM017:AT0007,GM_RM017:YOLO26l:GM_RM017_000190_001,YOLO26l,"[563.115,273.367,799.55,381.131]",active_visible,false,"[""YOLO11l:botsort:bs_0010"",""YOLO11l:bytetrack:bt_0010"",""YOLO26l:botsort:bs_0013"",""YOLO26l:bytetrack:bt_0013""]",,birth_or_entry,stable,[],selected from provenance-preserving alternative cluster
GM_RM017,GM_RM017:GV003,191,GM_RM017:AT0007,GM_RM017:YOLO26l:GM_RM017_000191_001,YOLO26l,"[584.082,272.787,799.649,381.07]",active_visible,false,"[""YOLO11l:botsort:bs_0010"",""YOLO11l:bytetrack:bt_0010"",""YOLO26l:botsort:bs_0013"",""YOLO26l:bytetrack:bt_0013""]",,birth_or_entry,stable,[],selected from provenance-preserving alternative cluster
GM_RM017,GM_RM017:GV003,192,GM_RM017:AT0007,GM_RM017:YOLO26l:GM_RM017_000192_002,YOLO26l,"[606.337,272.02,799.457,380.384]",active_visible,false,"[""YOLO11l:botsort:bs_0010"",""YOLO11l:bytetrack:bt_0010"",""YOLO26l:botsort:bs_0013"",""YOLO26l:bytetrack:bt_0013""]",,birth_or_entry,stable,[],selected from provenance-preserving alternative cluster
GM_RM017,GM_RM017:GV003,193,GM_RM017:AT0007,GM_RM017:YOLO26l:GM_RM017_000193_001,YOLO26l,"[626.286,272.51,799.424,376.186]",active_visible,false,"[""YOLO11l:botsort:bs_0010"",""YOLO11l:bytetrack:bt_0010"",""YOLO26l:botsort:bs_0013"",""YOLO26l:bytetrack:bt_0013""]",,birth_or_entry,stable,[],selected from provenance-preserving alternative cluster
GM_RM017,GM_RM017:GV003,194,GM_RM017:AT0007,GM_RM017:YOLO26l:GM_RM017_000194_001,YOLO26l,"[648.053,274.926,799.607,380.175]",active_visible,false,"[""YOLO11l:botsort:bs_0010"",""YOLO11l:bytetrack:bt_0010"",""YOLO26l:botsort:bs_0013"",""YOLO26l:bytetrack:bt_0013""]",,birth_or_entry,stable,[],selected from provenance-preserving alternative cluster
GM_RM017,GM_RM017:GV003,195,GM_RM017:AT0007,GM_RM017:YOLO26l:GM_RM017_000195_002,YOLO26l,"[669.076,280.494,799.613,379.032]",active_visible,false,"[""YOLO11l:botsort:bs_0010"",""YOLO11l:bytetrack:bt_0010"",""YOLO26l:botsort:bs_0013"",""YOLO26l:bytetrack:bt_0013""]",,birth_or_entry,stable,[],selected from provenance-preserving alternative cluster
GM_RM017,GM_RM017:GV003,196,GM_RM017:AT0007,GM_RM017:YOLO26l:GM_RM017_000196_002,YOLO26l,"[690.991,281.193,799.461,376.619]",active_visible,false,"[""YOLO11l:botsort:bs_0010"",""YOLO11l:bytetrack:bt_0010"",""YOLO26l:botsort:bs_0013"",""YOLO26l:bytetrack:bt_0013""]",,birth_or_entry,stable,[],selected from provenance-preserving alternative cluster
GM_RM017,GM_RM017:GV003,197,GM_RM017:AT0007,GM_RM017:YOLO26l:GM_RM017_000197_002,YOLO26l,"[713.304,284.083,799.646,375.273]",active_visible,false,"[""YOLO11l:botsort:bs_0010"",""YOLO11l:bytetrack:bt_0010"",""YOLO26l:botsort:bs_0013"",""YOLO26l:bytetrack:bt_0013""]",,birth_or_entry,stable,[],selected from provenance-preserving alternative cluster
GM_RM017,GM_RM017:GV003,198,GM_RM017:AT0007,GM_RM017:YOLO26l:GM_RM017_000198_002,YOLO26l,"[736.985,296.431,799.738,367.766]",active_visible,false,"[""YOLO11l:botsort:bs_0010"",""YOLO11l:bytetrack:bt_0014"",""YOLO26l:botsort:bs_0013"",""YOLO26l:bytetrack:bt_0013""]",,birth_or_entry,stable,[],selected from provenance-preserving alternative cluster
GM_RM017,GM_RM017:GV003,199,GM_RM017:AT0007,GM_RM017:YOLO26l:GM_RM017_000199_002,YOLO26l,"[761.26,308.652,799.715,367.365]",active_visible,false,"[""YOLO11l:botsort:bs_0010"",""YOLO11l:bytetrack:bt_0014"",""YOLO26l:botsort:bs_0013"",""YOLO26l:bytetrack:bt_0013""]",,birth_or_entry,stable,[],selected from provenance-preserving alternative cluster
GM_RM017,GM_RM017:GV003,200,GM_RM017:AT0007,GM_RM017:YOLO26l:GM_RM017_000200_002,YOLO26l,"[785.915,313.014,799.79,356.788]",exit_or_death,false,"[""YOLO11l:botsort:bs_0010"",""YOLO26l:botsort:bs_0013""]",,birth_or_entry,stable,[],selected from provenance-preserving alternative cluster
GM_RM017,GM_RM017:GV004,162,GM_RM017:AT0008,GM_RM017:YOLO26l:GM_RM017_000162_004,YOLO26l,"[0.13,327.056,69.069,379.632]",birth_or_entry,false,"[""YOLO11l:botsort:bs_0012"",""YOLO11l:bytetrack:bt_0012"",""YOLO26l:botsort:bs_0016"",""YOLO26l:bytetrack:bt_0016""]",,birth_or_entry,stable,[],selected from provenance-preserving alternative cluster
GM_RM017,GM_RM017:GV004,163,GM_RM017:AT0008,GM_RM017:YOLO26l:GM_RM017_000163_004,YOLO26l,"[0.162,324.216,86.038,379.953]",active_visible,false,"[""YOLO11l:botsort:bs_0012"",""YOLO11l:bytetrack:bt_0012"",""YOLO26l:botsort:bs_0016"",""YOLO26l:bytetrack:bt_0016""]",,birth_or_entry,stable,[],selected from provenance-preserving alternative cluster
GM_RM017,GM_RM017:GV004,164,GM_RM017:AT0008,GM_RM017:YOLO26l:GM_RM017_000164_003,YOLO26l,"[0.172,323.914,101.14,381.707]",active_visible,false,"[""YOLO11l:botsort:bs_0012"",""YOLO11l:bytetrack:bt_0012"",""YOLO26l:botsort:bs_0016"",""YOLO26l:bytetrack:bt_0016""]",,birth_or_entry,stable,[],selected from provenance-preserving alternative cluster
GM_RM017,GM_RM017:GV004,165,GM_RM017:AT0008,GM_RM017:YOLO26l:GM_RM017_000165_003,YOLO26l,"[0.302,323.931,116.789,382.256]",active_visible,false,"[""YOLO11l:botsort:bs_0012"",""YOLO11l:bytetrack:bt_0012"",""YOLO26l:botsort:bs_0016"",""YOLO26l:bytetrack:bt_0016""]",,birth_or_entry,stable,[],selected from provenance-preserving alternative cluster
GM_RM017,GM_RM017:GV004,166,GM_RM017:AT0008,GM_RM017:YOLO26l:GM_RM017_000166_003,YOLO26l,"[0.237,322.552,133.527,384.562]",active_visible,false,"[""YOLO11l:botsort:bs_0012"",""YOLO11l:bytetrack:bt_0012"",""YOLO26l:botsort:bs_0016"",""YOLO26l:bytetrack:bt_0016""]",,birth_or_entry,stable,[],selected from provenance-preserving alternative cluster
GM_RM017,GM_RM017:GV004,167,GM_RM017:AT0008,GM_RM017:YOLO26l:GM_RM017_000167_002,YOLO26l,"[0.343,320.659,148.351,384.737]",active_visible,false,"[""YOLO11l:botsort:bs_0012"",""YOLO11l:bytetrack:bt_0012"",""YOLO26l:botsort:bs_0016"",""YOLO26l:bytetrack:bt_0016""]",,birth_or_entry,stable,[],selected from provenance-preserving alternative cluster
GM_RM017,GM_RM017:GV004,168,GM_RM017:AT0008,GM_RM017:YOLO26l:GM_RM017_000168_003,YOLO26l,"[0.159,320.161,163.403,385.101]",active_visible,false,"[""YOLO11l:botsort:bs_0012"",""YOLO11l:bytetrack:bt_0012"",""YOLO26l:botsort:bs_0016"",""YOLO26l:bytetrack:bt_0016""]",,birth_or_entry,stable,[],selected from provenance-preserving alternative cluster
GM_RM017,GM_RM017:GV004,169,GM_RM017:AT0008,GM_RM017:YOLO26l:GM_RM017_000169_003,YOLO26l,"[11.878,318.104,179.15,382.869]",active_visible,false,"[""YOLO11l:botsort:bs_0012"",""YOLO11l:bytetrack:bt_0012"",""YOLO26l:botsort:bs_0016"",""YOLO26l:bytetrack:bt_0016""]",,birth_or_entry,stable,[],selected from provenance-preserving alternative cluster
GM_RM017,GM_RM017:GV004,170,GM_RM017:AT0008,GM_RM017:YOLO26l:GM_RM017_000170_003,YOLO26l,"[26.531,318.431,193.595,382.726]",active_visible,false,"[""YOLO11l:botsort:bs_0012"",""YOLO11l:bytetrack:bt_0012"",""YOLO26l:botsort:bs_0016"",""YOLO26l:bytetrack:bt_0016""]",,birth_or_entry,stable,[],selected from provenance-preserving alternative cluster
GM_RM017,GM_RM017:GV004,171,GM_RM017:AT0008,GM_RM017:YOLO26l:GM_RM017_000171_003,YOLO26l,"[42.05,317.108,210.225,382.364]",active_visible,false,"[""YOLO11l:botsort:bs_0012"",""YOLO11l:bytetrack:bt_0012"",""YOLO26l:botsort:bs_0016"",""YOLO26l:bytetrack:bt_0016""]",,birth_or_entry,stable,[],selected from provenance-preserving alternative cluster
GM_RM017,GM_RM017:GV004,172,GM_RM017:AT0008,GM_RM017:YOLO26l:GM_RM017_000172_002,YOLO26l,"[56.633,318.066,225.263,382.983]",active_visible,false,"[""YOLO11l:botsort:bs_0012"",""YOLO11l:bytetrack:bt_0012"",""YOLO26l:botsort:bs_0016"",""YOLO26l:bytetrack:bt_0016""]",,birth_or_entry,stable,[],selected from provenance-preserving alternative cluster
GM_RM017,GM_RM017:GV004,173,GM_RM017:AT0008,GM_RM017:YOLO26l:GM_RM017_000173_002,YOLO26l,"[72.523,316.606,242.586,382.472]",active_visible,false,"[""YOLO11l:botsort:bs_0012"",""YOLO11l:bytetrack:bt_0012"",""YOLO26l:botsort:bs_0016"",""YOLO26l:bytetrack:bt_0016""]",,birth_or_entry,stable,[],selected from provenance-preserving alternative cluster
GM_RM017,GM_RM017:GV004,174,GM_RM017:AT0008,GM_RM017:YOLO26l:GM_RM017_000174_003,YOLO26l,"[89.695,316.066,262.87,382.57]",active_visible,false,"[""YOLO11l:botsort:bs_0012"",""YOLO11l:bytetrack:bt_0012"",""YOLO26l:botsort:bs_0016"",""YOLO26l:bytetrack:bt_0016""]",,birth_or_entry,stable,[],selected from provenance-preserving alternative cluster
GM_RM017,GM_RM017:GV004,175,GM_RM017:AT0008,GM_RM017:YOLO26l:GM_RM017_000175_003,YOLO26l,"[105.206,317.557,281.154,384.89]",active_visible,false,"[""YOLO11l:botsort:bs_0012"",""YOLO11l:bytetrack:bt_0012"",""YOLO26l:botsort:bs_0016"",""YOLO26l:bytetrack:bt_0016""]",,birth_or_entry,stable,[],selected from provenance-preserving alternative cluster
GM_RM017,GM_RM017:GV004,176,GM_RM017:AT0008,GM_RM017:YOLO26l:GM_RM017_000176_003,YOLO26l,"[119.029,313.706,297.831,381.191]",active_visible,false,"[""YOLO11l:botsort:bs_0012"",""YOLO11l:bytetrack:bt_0012"",""YOLO26l:botsort:bs_0016"",""YOLO26l:bytetrack:bt_0016""]",,birth_or_entry,stable,[],selected from provenance-preserving alternative cluster
GM_RM017,GM_RM017:GV004,177,GM_RM017:AT0008,GM_RM017:YOLO26l:GM_RM017_000177_003,YOLO26l,"[132.253,309.853,313.676,377.672]",active_visible,false,"[""YOLO11l:botsort:bs_0012"",""YOLO11l:bytetrack:bt_0012"",""YOLO26l:botsort:bs_0016"",""YOLO26l:bytetrack:bt_0016""]",,birth_or_entry,stable,[],selected from provenance-preserving alternative cluster
GM_RM017,GM_RM017:GV004,178,GM_RM017:AT0008,GM_RM017:YOLO26l:GM_RM017_000178_003,YOLO26l,"[147.943,308.479,332.681,376.872]",active_visible,false,"[""YOLO11l:botsort:bs_0012"",""YOLO11l:bytetrack:bt_0012"",""YOLO26l:botsort:bs_0016"",""YOLO26l:bytetrack:bt_0016""]",,birth_or_entry,stable,[],selected from provenance-preserving alternative cluster
GM_RM017,GM_RM017:GV004,179,GM_RM017:AT0008,GM_RM017:YOLO26l:GM_RM017_000179_003,YOLO26l,"[163.435,309.78,351.415,378.53]",active_visible,false,"[""YOLO11l:botsort:bs_0012"",""YOLO11l:bytetrack:bt_0012"",""YOLO26l:botsort:bs_0016"",""YOLO26l:bytetrack:bt_0016""]",,birth_or_entry,stable,[],selected from provenance-preserving alternative cluster
GM_RM017,GM_RM017:GV004,180,GM_RM017:AT0008,GM_RM017:YOLO26l:GM_RM017_000180_003,YOLO26l,"[179.76,310.279,368.638,380.169]",active_visible,false,"[""YOLO11l:botsort:bs_0012"",""YOLO11l:bytetrack:bt_0012"",""YOLO26l:botsort:bs_0016"",""YOLO26l:bytetrack:bt_0016""]",,birth_or_entry,stable,[],selected from provenance-preserving alternative cluster
GM_RM017,GM_RM017:GV004,181,GM_RM017:AT0008,GM_RM017:YOLO26l:GM_RM017_000181_003,YOLO26l,"[196.175,311.218,387.082,380.925]",active_visible,false,"[""YOLO11l:botsort:bs_0012"",""YOLO11l:bytetrack:bt_0012"",""YOLO26l:botsort:bs_0016"",""YOLO26l:bytetrack:bt_0016""]",,birth_or_entry,stable,[],selected from provenance-preserving alternative cluster
GM_RM017,GM_RM017:GV004,182,GM_RM017:AT0008,GM_RM017:YOLO26l:GM_RM017_000182_002,YOLO26l,"[212.225,313.372,404.716,383.095]",active_visible,false,"[""YOLO11l:botsort:bs_0012"",""YOLO11l:bytetrack:bt_0012"",""YOLO26l:botsort:bs_0016"",""YOLO26l:bytetrack:bt_0016""]",,birth_or_entry,stable,[],selected from provenance-preserving alternative cluster
GM_RM017,GM_RM017:GV004,183,GM_RM017:AT0008,GM_RM017:YOLO26l:GM_RM017_000183_002,YOLO26l,"[228.787,312.603,423.81,382.415]",active_visible,false,"[""YOLO11l:botsort:bs_0012"",""YOLO11l:bytetrack:bt_0012"",""YOLO26l:botsort:bs_0016"",""YOLO26l:bytetrack:bt_0016""]",,birth_or_entry,stable,[],selected from provenance-preserving alternative cluster
GM_RM017,GM_RM017:GV004,184,GM_RM017:AT0008,GM_RM017:YOLO26l:GM_RM017_000184_002,YOLO26l,"[244.686,312.469,442.208,382.946]",active_visible,false,"[""YOLO11l:botsort:bs_0012"",""YOLO11l:bytetrack:bt_0012"",""YOLO26l:botsort:bs_0016"",""YOLO26l:bytetrack:bt_0016""]",,birth_or_entry,stable,[],selected from provenance-preserving alternative cluster
GM_RM017,GM_RM017:GV004,185,GM_RM017:AT0008,GM_RM017:YOLO26l:GM_RM017_000185_002,YOLO26l,"[263.597,309.384,462.05,380.465]",active_visible,false,"[""YOLO11l:botsort:bs_0012"",""YOLO11l:bytetrack:bt_0012"",""YOLO26l:botsort:bs_0016"",""YOLO26l:bytetrack:bt_0016""]",,birth_or_entry,stable,[],selected from provenance-preserving alternative cluster
GM_RM017,GM_RM017:GV004,186,GM_RM017:AT0008,GM_RM017:YOLO26l:GM_RM017_000186_002,YOLO26l,"[277.348,311.489,481.82,382.411]",active_visible,false,"[""YOLO11l:botsort:bs_0012"",""YOLO11l:bytetrack:bt_0012"",""YOLO26l:botsort:bs_0016"",""YOLO26l:bytetrack:bt_0016""]",,birth_or_entry,stable,[],selected from provenance-preserving alternative cluster
GM_RM017,GM_RM017:GV004,187,GM_RM017:AT0008,GM_RM017:YOLO26l:GM_RM017_000187_002,YOLO26l,"[295.166,311.432,503.276,383.443]",active_visible,false,"[""YOLO11l:botsort:bs_0012"",""YOLO11l:bytetrack:bt_0012"",""YOLO26l:botsort:bs_0016"",""YOLO26l:bytetrack:bt_0016""]",,birth_or_entry,stable,[],selected from provenance-preserving alternative cluster
GM_RM017,GM_RM017:GV004,188,GM_RM017:AT0008,GM_RM017:YOLO26l:GM_RM017_000188_002,YOLO26l,"[312.126,311.63,522.288,383.542]",active_visible,false,"[""YOLO11l:botsort:bs_0012"",""YOLO11l:bytetrack:bt_0012"",""YOLO26l:botsort:bs_0016"",""YOLO26l:bytetrack:bt_0016""]",,birth_or_entry,stable,[],selected from provenance-preserving alternative cluster
GM_RM017,GM_RM017:GV004,189,GM_RM017:AT0008,GM_RM017:YOLO26l:GM_RM017_000189_002,YOLO26l,"[328.454,308.581,541.904,381.606]",active_visible,false,"[""YOLO11l:botsort:bs_0012"",""YOLO11l:bytetrack:bt_0012"",""YOLO26l:botsort:bs_0016"",""YOLO26l:bytetrack:bt_0016""]",,birth_or_entry,stable,[],selected from provenance-preserving alternative cluster
GM_RM017,GM_RM017:GV004,190,GM_RM017:AT0008,GM_RM017:YOLO26l:GM_RM017_000190_002,YOLO26l,"[344.443,308.61,560.112,380.422]",active_visible,false,"[""YOLO11l:botsort:bs_0012"",""YOLO11l:bytetrack:bt_0012"",""YOLO26l:botsort:bs_0016"",""YOLO26l:bytetrack:bt_0016""]",,birth_or_entry,stable,[],selected from provenance-preserving alternative cluster
GM_RM017,GM_RM017:GV004,191,GM_RM017:AT0008,GM_RM017:YOLO26l:GM_RM017_000191_002,YOLO26l,"[360.777,307.369,557.808,379.457]",active_visible,false,"[""YOLO11l:botsort:bs_0012"",""YOLO11l:bytetrack:bt_0012"",""YOLO26l:botsort:bs_0016"",""YOLO26l:bytetrack:bt_0016""]",,birth_or_entry,stable,[],selected from provenance-preserving alternative cluster
GM_RM017,GM_RM017:GV004,192,GM_RM017:AT0008,GM_RM017:YOLO26l:GM_RM017_000192_001,YOLO26l,"[378.543,306.022,597.152,377.838]",active_visible,false,"[""YOLO11l:botsort:bs_0012"",""YOLO11l:bytetrack:bt_0012"",""YOLO26l:botsort:bs_0016"",""YOLO26l:bytetrack:bt_0016""]",,birth_or_entry,stable,[],selected from provenance-preserving alternative cluster
GM_RM017,GM_RM017:GV004,193,GM_RM017:AT0008,GM_RM017:YOLO26l:GM_RM017_000193_002,YOLO26l,"[396.023,304.292,617.177,376.462]",active_visible,false,"[""YOLO11l:botsort:bs_0012"",""YOLO11l:bytetrack:bt_0012"",""YOLO26l:botsort:bs_0016"",""YOLO26l:bytetrack:bt_0016""]",,birth_or_entry,stable,[],selected from provenance-preserving alternative cluster
GM_RM017,GM_RM017:GV004,194,GM_RM017:AT0008,GM_RM017:YOLO26l:GM_RM017_000194_002,YOLO26l,"[412.637,304.763,636.852,376.389]",active_visible,false,"[""YOLO11l:botsort:bs_0012"",""YOLO11l:bytetrack:bt_0012"",""YOLO26l:botsort:bs_0016"",""YOLO26l:bytetrack:bt_0016""]",,birth_or_entry,stable,[],selected from provenance-preserving alternative cluster
GM_RM017,GM_RM017:GV004,195,GM_RM017:AT0008,GM_RM017:YOLO26l:GM_RM017_000195_001,YOLO26l,"[430.01,303.23,655.983,375.046]",active_visible,false,"[""YOLO11l:botsort:bs_0012"",""YOLO11l:bytetrack:bt_0012"",""YOLO26l:botsort:bs_0016"",""YOLO26l:bytetrack:bt_0016""]",,birth_or_entry,stable,[],selected from provenance-preserving alternative cluster
GM_RM017,GM_RM017:GV004,196,GM_RM017:AT0008,GM_RM017:YOLO26l:GM_RM017_000196_001,YOLO26l,"[446.219,300.718,675.307,372.625]",active_visible,false,"[""YOLO11l:botsort:bs_0012"",""YOLO11l:bytetrack:bt_0012"",""YOLO26l:botsort:bs_0016"",""YOLO26l:bytetrack:bt_0016""]",,birth_or_entry,stable,[],selected from provenance-preserving alternative cluster
GM_RM017,GM_RM017:GV004,197,GM_RM017:AT0008,GM_RM017:YOLO26l:GM_RM017_000197_001,YOLO26l,"[464.685,299.1,695.239,371.059]",active_visible,false,"[""YOLO11l:botsort:bs_0012"",""YOLO11l:bytetrack:bt_0012"",""YOLO26l:botsort:bs_0016"",""YOLO26l:bytetrack:bt_0016""]",,birth_or_entry,stable,[],selected from provenance-preserving alternative cluster
GM_RM017,GM_RM017:GV004,198,GM_RM017:AT0008,GM_RM017:YOLO26l:GM_RM017_000198_001,YOLO26l,"[482.994,297.78,716.86,370.969]",active_visible,false,"[""YOLO11l:botsort:bs_0012"",""YOLO11l:bytetrack:bt_0012"",""YOLO26l:botsort:bs_0016"",""YOLO26l:bytetrack:bt_0016""]",,birth_or_entry,stable,[],selected from provenance-preserving alternative cluster
GM_RM017,GM_RM017:GV004,199,GM_RM017:AT0008,GM_RM017:YOLO26l:GM_RM017_000199_001,YOLO26l,"[501.842,299.683,739.085,373.118]",active_visible,false,"[""YOLO11l:botsort:bs_0012"",""YOLO11l:bytetrack:bt_0012"",""YOLO26l:botsort:bs_0016"",""YOLO26l:bytetrack:bt_0016""]",,birth_or_entry,stable,[],selected from provenance-preserving alternative cluster
GM_RM017,GM_RM017:GV004,200,GM_RM017:AT0008,GM_RM017:YOLO26l:GM_RM017_000200_001,YOLO26l,"[520.76,299.764,761.448,372.787]",active_visible,false,"[""YOLO11l:botsort:bs_0012"",""YOLO11l:bytetrack:bt_0012"",""YOLO26l:botsort:bs_0016"",""YOLO26l:bytetrack:bt_0016""]",,birth_or_entry,stable,[],selected from provenance-preserving alternative cluster
GM_RM017,GM_RM017:GV004,201,GM_RM017:AT0008,GM_RM017:YOLO26l:GM_RM017_000201_001,YOLO26l,"[539.24,297.798,784.765,371.759]",active_visible,false,"[""YOLO11l:botsort:bs_0012"",""YOLO11l:bytetrack:bt_0012"",""YOLO26l:botsort:bs_0016"",""YOLO26l:bytetrack:bt_0016""]",,birth_or_entry,stable,[],selected from provenance-preserving alternative cluster
GM_RM017,GM_RM017:GV004,202,GM_RM017:AT0008,GM_RM017:YOLO26l:GM_RM017_000202_001,YOLO26l,"[559.066,296.499,799.664,370.687]",active_visible,false,"[""YOLO11l:botsort:bs_0012"",""YOLO11l:bytetrack:bt_0012"",""YOLO26l:botsort:bs_0016"",""YOLO26l:bytetrack:bt_0016""]",,birth_or_entry,stable,[],selected from provenance-preserving alternative cluster
GM_RM017,GM_RM017:GV004,203,GM_RM017:AT0008,GM_RM017:YOLO26l:GM_RM017_000203_001,YOLO26l,"[577.255,294.151,799.513,369.69]",active_visible,false,"[""YOLO11l:botsort:bs_0012"",""YOLO11l:bytetrack:bt_0012"",""YOLO26l:botsort:bs_0016"",""YOLO26l:bytetrack:bt_0016""]",,birth_or_entry,stable,[],selected from provenance-preserving alternative cluster
GM_RM017,GM_RM017:GV004,204,GM_RM017:AT0008,GM_RM017:YOLO26l:GM_RM017_000204_001,YOLO26l,"[595.375,293.599,799.699,368.731]",active_visible,false,"[""YOLO11l:botsort:bs_0012"",""YOLO11l:bytetrack:bt_0012"",""YOLO26l:botsort:bs_0016"",""YOLO26l:bytetrack:bt_0016""]",,birth_or_entry,stable,[],selected from provenance-preserving alternative cluster
GM_RM017,GM_RM017:GV004,205,GM_RM017:AT0008,GM_RM017:YOLO26l:GM_RM017_000205_001,YOLO26l,"[611.929,290.883,799.519,366.809]",active_visible,false,"[""YOLO11l:botsort:bs_0012"",""YOLO11l:bytetrack:bt_0012"",""YOLO26l:botsort:bs_0016"",""YOLO26l:bytetrack:bt_0016""]",,birth_or_entry,stable,[],selected from provenance-preserving alternative cluster
GM_RM017,GM_RM017:GV004,206,GM_RM017:AT0008,GM_RM017:YOLO26l:GM_RM017_000206_001,YOLO26l,"[629.732,288.85,799.391,364.2]",active_visible,false,"[""YOLO11l:botsort:bs_0012"",""YOLO11l:bytetrack:bt_0012"",""YOLO26l:botsort:bs_0016"",""YOLO26l:bytetrack:bt_0016""]",,birth_or_entry,stable,[],selected from provenance-preserving alternative cluster
GM_RM017,GM_RM017:GV004,207,GM_RM017:AT0008,GM_RM017:YOLO26l:GM_RM017_000207_001,YOLO26l,"[648.414,287.449,799.485,363.763]",active_visible,false,"[""YOLO11l:botsort:bs_0012"",""YOLO11l:bytetrack:bt_0012"",""YOLO26l:botsort:bs_0016"",""YOLO26l:bytetrack:bt_0016""]",,birth_or_entry,stable,[],selected from provenance-preserving alternative cluster
GM_RM017,GM_RM017:GV004,208,GM_RM017:AT0008,GM_RM017:YOLO26l:GM_RM017_000208_001,YOLO26l,"[666.542,288.82,799.674,364.423]",active_visible,false,"[""YOLO11l:botsort:bs_0012"",""YOLO11l:bytetrack:bt_0012"",""YOLO26l:botsort:bs_0016"",""YOLO26l:bytetrack:bt_0016""]",,birth_or_entry,stable,[],selected from provenance-preserving alternative cluster
GM_RM017,GM_RM017:GV004,209,GM_RM017:AT0008,GM_RM017:YOLO26l:GM_RM017_000209_001,YOLO26l,"[684.649,290.87,799.465,364.795]",active_visible,false,"[""YOLO11l:botsort:bs_0012"",""YOLO11l:bytetrack:bt_0012"",""YOLO26l:botsort:bs_0016"",""YOLO26l:bytetrack:bt_0016""]",,birth_or_entry,stable,[],selected from provenance-preserving alternative cluster
GM_RM017,GM_RM017:GV004,210,GM_RM017:AT0008,GM_RM017:YOLO26l:GM_RM017_000210_001,YOLO26l,"[703.161,291.618,799.694,362.605]",active_visible,false,"[""YOLO11l:botsort:bs_0012"",""YOLO11l:bytetrack:bt_0012"",""YOLO26l:botsort:bs_0016"",""YOLO26l:bytetrack:bt_0016""]",,birth_or_entry,stable,[],selected from provenance-preserving alternative cluster
GM_RM017,GM_RM017:GV004,211,GM_RM017:AT0008,GM_RM017:YOLO26l:GM_RM017_000211_001,YOLO26l,"[722.073,302.424,799.658,362.753]",active_visible,false,"[""YOLO11l:botsort:bs_0012"",""YOLO11l:bytetrack:bt_0014"",""YOLO26l:botsort:bs_0016"",""YOLO26l:bytetrack:bt_0016""]",,birth_or_entry,stable,[],selected from provenance-preserving alternative cluster
GM_RM017,GM_RM017:GV004,212,GM_RM017:AT0008,GM_RM017:YOLO26l:GM_RM017_000212_001,YOLO26l,"[741.408,308.628,799.774,356.738]",active_visible,false,"[""YOLO11l:botsort:bs_0012"",""YOLO11l:bytetrack:bt_0014"",""YOLO26l:botsort:bs_0016"",""YOLO26l:bytetrack:bt_0016""]",,birth_or_entry,stable,[],selected from provenance-preserving alternative cluster
GM_RM017,GM_RM017:GV004,213,GM_RM017:AT0008,GM_RM017:YOLO26l:GM_RM017_000213_001,YOLO26l,"[761.797,318.926,799.775,358.033]",active_visible,false,"[""YOLO11l:botsort:bs_0012"",""YOLO11l:bytetrack:bt_0014"",""YOLO26l:botsort:bs_0016""]",,birth_or_entry,stable,[],selected from provenance-preserving alternative cluster
GM_RM017,GM_RM017:GV004,214,GM_RM017:AT0008,GM_RM017:YOLO26l:GM_RM017_000214_001,YOLO26l,"[781.799,319.933,799.79,351.191]",exit_or_death,false,"[""YOLO11l:botsort:bs_0012"",""YOLO26l:botsort:bs_0016""]",,birth_or_entry,stable,[],selected from provenance-preserving alternative cluster
GM_RM019,GM_RM019:GV001,0,GM_RM019:AT0001,GM_RM019:YOLO11l:GM_RM019_000000_001,YOLO11l,"[225.894,342.176,795.307,596.276]",birth_or_entry,false,"[""YOLO11l:botsort:bs_0001"",""YOLO11l:bytetrack:bt_0001"",""YOLO26l:botsort:bs_0001"",""YOLO26l:bytetrack:bt_0001""]",,birth_or_entry,stable,[],selected from provenance-preserving alternative cluster
GM_RM019,GM_RM019:GV001,1,GM_RM019:AT0001,GM_RM019:YOLO11l:GM_RM019_000001_001,YOLO11l,"[171.88,345.171,797.958,595.445]",active_visible,false,"[""YOLO11l:botsort:bs_0001"",""YOLO11l:bytetrack:bt_0001"",""YOLO26l:botsort:bs_0002"",""YOLO26l:bytetrack:bt_0002""]",,birth_or_entry,stable,[],selected from provenance-preserving alternative cluster
GM_RM019,GM_RM019:GV001,2,GM_RM019:AT0001,GM_RM019:YOLO11l:GM_RM019_000002_001,YOLO11l,"[248.584,359.935,797.611,594.144]",active_visible,false,"[""YOLO11l:botsort:bs_0001"",""YOLO11l:bytetrack:bt_0001"",""YOLO26l:botsort:bs_0002"",""YOLO26l:bytetrack:bt_0002""]",,birth_or_entry,stable,[],selected from provenance-preserving alternative cluster
GM_RM019,GM_RM019:GV001,3,GM_RM019:AT0001,GM_RM019:YOLO11l:GM_RM019_000003_001,YOLO11l,"[250.516,366.961,795.453,595.777]",active_visible,false,"[""YOLO11l:botsort:bs_0001"",""YOLO11l:bytetrack:bt_0001"",""YOLO26l:botsort:bs_0002"",""YOLO26l:bytetrack:bt_0001""]",,birth_or_entry,stable,[],selected from provenance-preserving alternative cluster
GM_RM019,GM_RM019:GV001,4,GM_RM019:AT0001,GM_RM019:YOLO11l:GM_RM019_000004_001,YOLO11l,"[285.192,374.535,799.344,594.957]",active_visible,false,"[""YOLO11l:botsort:bs_0001"",""YOLO11l:bytetrack:bt_0001"",""YOLO26l:botsort:bs_0002"",""YOLO26l:bytetrack:bt_0001""]",,birth_or_entry,stable,[],selected from provenance-preserving alternative cluster
GM_RM019,GM_RM019:GV001,5,GM_RM019:AT0001,GM_RM019:YOLO11l:GM_RM019_000005_001,YOLO11l,"[333.697,386.899,799.272,595.325]",active_visible,false,"[""YOLO11l:botsort:bs_0001"",""YOLO11l:bytetrack:bt_0001"",""YOLO26l:botsort:bs_0002"",""YOLO26l:bytetrack:bt_0001""]",,birth_or_entry,stable,[],selected from provenance-preserving alternative cluster
GM_RM019,GM_RM019:GV001,6,GM_RM019:AT0001,GM_RM019:YOLO11l:GM_RM019_000006_001,YOLO11l,"[378.799,382.519,798.884,595.324]",active_visible,false,"[""YOLO11l:botsort:bs_0001"",""YOLO11l:bytetrack:bt_0001"",""YOLO26l:botsort:bs_0002"",""YOLO26l:bytetrack:bt_0001""]",,birth_or_entry,stable,[],selected from provenance-preserving alternative cluster
GM_RM019,GM_RM019:GV001,7,GM_RM019:AT0001,GM_RM019:YOLO11l:GM_RM019_000007_001,YOLO11l,"[413.675,375.441,798.915,595.125]",active_visible,false,"[""YOLO11l:botsort:bs_0001"",""YOLO11l:bytetrack:bt_0001"",""YOLO26l:botsort:bs_0002"",""YOLO26l:bytetrack:bt_0001""]",,birth_or_entry,stable,[],selected from provenance-preserving alternative cluster
GM_RM019,GM_RM019:GV001,8,GM_RM019:AT0001,GM_RM019:YOLO11l:GM_RM019_000008_001,YOLO11l,"[451.882,361.781,799.444,595.654]",active_visible,false,"[""YOLO11l:botsort:bs_0001"",""YOLO11l:bytetrack:bt_0001"",""YOLO26l:botsort:bs_0002"",""YOLO26l:bytetrack:bt_0001""]",,birth_or_entry,stable,[],selected from provenance-preserving alternative cluster
GM_RM019,GM_RM019:GV001,9,GM_RM019:AT0001,GM_RM019:YOLO11l:GM_RM019_000009_001,YOLO11l,"[487.265,334.04,799.489,587.228]",active_visible,false,"[""YOLO11l:botsort:bs_0001"",""YOLO11l:bytetrack:bt_0001"",""YOLO26l:botsort:bs_0002"",""YOLO26l:bytetrack:bt_0001""]",,birth_or_entry,stable,[],selected from provenance-preserving alternative cluster
GM_RM019,GM_RM019:GV001,10,GM_RM019:AT0001,GM_RM019:YOLO11l:GM_RM019_000010_001,YOLO11l,"[519.675,311.341,799.606,582.986]",active_visible,false,"[""YOLO11l:botsort:bs_0001"",""YOLO11l:bytetrack:bt_0001"",""YOLO26l:botsort:bs_0002"",""YOLO26l:bytetrack:bt_0001""]",,birth_or_entry,stable,[],selected from provenance-preserving alternative cluster
GM_RM019,GM_RM019:GV001,11,GM_RM019:AT0001,GM_RM019:YOLO11l:GM_RM019_000011_002,YOLO11l,"[560.047,340.929,799.557,594.71]",active_visible,false,"[""YOLO11l:botsort:bs_0001"",""YOLO11l:bytetrack:bt_0001"",""YOLO26l:botsort:bs_0002"",""YOLO26l:bytetrack:bt_0001""]",,birth_or_entry,stable,[],selected from provenance-preserving alternative cluster
GM_RM019,GM_RM019:GV001,12,GM_RM019:AT0001,GM_RM019:YOLO11l:GM_RM019_000012_002,YOLO11l,"[611.429,419.419,799.578,594.041]",active_visible,false,"[""YOLO11l:botsort:bs_0001"",""YOLO26l:botsort:bs_0002"",""YOLO26l:bytetrack:bt_0004""]",,birth_or_entry,stable,[],selected from provenance-preserving alternative cluster
GM_RM019,GM_RM019:GV001,13,GM_RM019:AT0001,GM_RM019:YOLO11l:GM_RM019_000013_002,YOLO11l,"[665.995,441.419,799.574,585.907]",active_visible,false,"[""YOLO11l:botsort:bs_0001"",""YOLO11l:bytetrack:bt_0007"",""YOLO26l:botsort:bs_0002"",""YOLO26l:bytetrack:bt_0004""]",,birth_or_entry,stable,[],selected from provenance-preserving alternative cluster
GM_RM019,GM_RM019:GV001,14,GM_RM019:AT0001,GM_RM019:YOLO11l:GM_RM019_000014_002,YOLO11l,"[718.406,451.506,799.718,577.618]",exit_or_death,false,"[""YOLO11l:botsort:bs_0001"",""YOLO11l:bytetrack:bt_0007"",""YOLO26l:botsort:bs_0002"",""YOLO26l:bytetrack:bt_0004""]",,birth_or_entry,stable,[],selected from provenance-preserving alternative cluster
GM_RM019,GM_RM019:GV002,5,GM_RM019:AT0003,GM_RM019:YOLO11l:GM_RM019_000005_002,YOLO11l,"[0.341,334.168,95.64,521.336]",birth_or_entry,false,"[""YOLO11l:botsort:bs_0004"",""YOLO11l:bytetrack:bt_0004"",""YOLO26l:botsort:bs_0003"",""YOLO26l:bytetrack:bt_0003""]",,birth_or_entry,stable,[],selected from provenance-preserving alternative cluster
GM_RM019,GM_RM019:GV002,6,GM_RM019:AT0003,GM_RM019:YOLO11l:GM_RM019_000006_002,YOLO11l,"[0.173,332.39,128.489,531.723]",active_visible,false,"[""YOLO11l:botsort:bs_0004"",""YOLO11l:bytetrack:bt_0004"",""YOLO26l:botsort:bs_0003"",""YOLO26l:bytetrack:bt_0003""]",,birth_or_entry,stable,[],selected from provenance-preserving alternative cluster
GM_RM019,GM_RM019:GV002,7,GM_RM019:AT0003,GM_RM019:YOLO11l:GM_RM019_000007_002,YOLO11l,"[0.256,324.79,154.932,537.9]",active_visible,false,"[""YOLO11l:botsort:bs_0004"",""YOLO11l:bytetrack:bt_0004"",""YOLO26l:botsort:bs_0003"",""YOLO26l:bytetrack:bt_0003""]",,birth_or_entry,stable,[],selected from provenance-preserving alternative cluster
GM_RM019,GM_RM019:GV002,8,GM_RM019:AT0003,GM_RM019:YOLO11l:GM_RM019_000008_002,YOLO11l,"[0.345,313.489,182.701,539.254]",active_visible,false,"[""YOLO11l:botsort:bs_0004"",""YOLO11l:bytetrack:bt_0004"",""YOLO26l:botsort:bs_0003"",""YOLO26l:bytetrack:bt_0003""]",,birth_or_entry,stable,[],selected from provenance-preserving alternative cluster
GM_RM019,GM_RM019:GV002,9,GM_RM019:AT0003,GM_RM019:YOLO11l:GM_RM019_000009_002,YOLO11l,"[0.516,292.059,209.169,549.529]",active_visible,false,"[""YOLO11l:botsort:bs_0004"",""YOLO11l:bytetrack:bt_0004"",""YOLO26l:botsort:bs_0003"",""YOLO26l:bytetrack:bt_0003""]",,birth_or_entry,stable,[],selected from provenance-preserving alternative cluster
GM_RM019,GM_RM019:GV002,10,GM_RM019:AT0003,GM_RM019:YOLO11l:GM_RM019_000010_002,YOLO11l,"[0.473,275.672,231.319,558.934]",active_visible,false,"[""YOLO11l:botsort:bs_0004"",""YOLO11l:bytetrack:bt_0004"",""YOLO26l:botsort:bs_0003"",""YOLO26l:bytetrack:bt_0003""]",,birth_or_entry,stable,[],selected from provenance-preserving alternative cluster
GM_RM019,GM_RM019:GV002,11,GM_RM019:AT0003,GM_RM019:YOLO11l:GM_RM019_000011_001,YOLO11l,"[0.331,283.174,265.098,588.102]",active_visible,false,"[""YOLO11l:botsort:bs_0004"",""YOLO11l:bytetrack:bt_0004"",""YOLO26l:botsort:bs_0003"",""YOLO26l:bytetrack:bt_0003""]",,birth_or_entry,stable,[],selected from provenance-preserving alternative cluster
GM_RM019,GM_RM019:GV002,12,GM_RM019:AT0003,GM_RM019:YOLO11l:GM_RM019_000012_001,YOLO11l,"[0.735,300.979,306.337,594.729]",active_visible,false,"[""YOLO11l:botsort:bs_0004"",""YOLO11l:bytetrack:bt_0004"",""YOLO26l:botsort:bs_0003"",""YOLO26l:bytetrack:bt_0003""]",,birth_or_entry,stable,[],selected from provenance-preserving alternative cluster
GM_RM019,GM_RM019:GV002,13,GM_RM019:AT0003,GM_RM019:YOLO11l:GM_RM019_000013_001,YOLO11l,"[0.841,318.156,353.538,594.295]",active_visible,false,"[""YOLO11l:botsort:bs_0004"",""YOLO11l:bytetrack:bt_0004"",""YOLO26l:botsort:bs_0003"",""YOLO26l:bytetrack:bt_0003""]",,birth_or_entry,stable,[],selected from provenance-preserving alternative cluster
GM_RM019,GM_RM019:GV002,14,GM_RM019:AT0003,GM_RM019:YOLO11l:GM_RM019_000014_001,YOLO11l,"[1.03,337.382,398.852,594.943]",active_visible,false,"[""YOLO11l:botsort:bs_0004"",""YOLO11l:bytetrack:bt_0004"",""YOLO26l:botsort:bs_0003"",""YOLO26l:bytetrack:bt_0003""]",,birth_or_entry,stable,[],selected from provenance-preserving alternative cluster
GM_RM019,GM_RM019:GV002,15,GM_RM019:AT0003,GM_RM019:YOLO11l:GM_RM019_000015_001,YOLO11l,"[0.82,357.176,455.357,595.401]",active_visible,false,"[""YOLO11l:botsort:bs_0004"",""YOLO11l:bytetrack:bt_0004"",""YOLO26l:botsort:bs_0003"",""YOLO26l:bytetrack:bt_0003""]",,birth_or_entry,stable,[],selected from provenance-preserving alternative cluster
GM_RM019,GM_RM019:GV002,16,GM_RM019:AT0003,GM_RM019:YOLO11l:GM_RM019_000016_001,YOLO11l,"[1.645,356.666,494.246,595.115]",active_visible,false,"[""YOLO11l:botsort:bs_0004"",""YOLO11l:bytetrack:bt_0004"",""YOLO26l:botsort:bs_0003"",""YOLO26l:bytetrack:bt_0003""]",,birth_or_entry,stable,[],selected from provenance-preserving alternative cluster
GM_RM019,GM_RM019:GV002,17,GM_RM019:AT0003,GM_RM019:YOLO11l:GM_RM019_000017_001,YOLO11l,"[1.794,342.769,524.766,594.724]",active_visible,false,"[""YOLO11l:botsort:bs_0004"",""YOLO11l:bytetrack:bt_0004"",""YOLO26l:botsort:bs_0003"",""YOLO26l:bytetrack:bt_0003""]",,birth_or_entry,stable,[],selected from provenance-preserving alternative cluster
GM_RM019,GM_RM019:GV002,18,GM_RM019:AT0003,GM_RM019:YOLO11l:GM_RM019_000018_001,YOLO11l,"[8.161,319.82,546.472,594.023]",active_visible,false,"[""YOLO11l:botsort:bs_0004"",""YOLO11l:bytetrack:bt_0004"",""YOLO26l:botsort:bs_0003"",""YOLO26l:bytetrack:bt_0003""]",,birth_or_entry,stable,[],selected from provenance-preserving alternative cluster
GM_RM019,GM_RM019:GV002,19,GM_RM019:AT0003,GM_RM019:YOLO11l:GM_RM019_000019_001,YOLO11l,"[10.177,283.683,557.593,585.042]",active_visible,false,"[""YOLO11l:botsort:bs_0004"",""YOLO11l:bytetrack:bt_0004"",""YOLO26l:botsort:bs_0003"",""YOLO26l:bytetrack:bt_0003""]",,birth_or_entry,stable,[],selected from provenance-preserving alternative cluster
GM_RM019,GM_RM019:GV002,20,GM_RM019:AT0003,GM_RM019:YOLO11l:GM_RM019_000020_001,YOLO11l,"[9.61,246.732,597.307,565.33]",active_visible,false,"[""YOLO11l:botsort:bs_0004"",""YOLO11l:bytetrack:bt_0004"",""YOLO26l:botsort:bs_0003"",""YOLO26l:bytetrack:bt_0003""]",,birth_or_entry,stable,[],selected from provenance-preserving alternative cluster
GM_RM019,GM_RM019:GV002,21,GM_RM019:AT0003,GM_RM019:YOLO11l:GM_RM019_000021_001,YOLO11l,"[53.44,251.968,654.554,585.569]",active_visible,false,"[""YOLO11l:botsort:bs_0004"",""YOLO11l:bytetrack:bt_0004"",""YOLO26l:botsort:bs_0003"",""YOLO26l:bytetrack:bt_0003""]",,birth_or_entry,stable,[],selected from provenance-preserving alternative cluster
GM_RM019,GM_RM019:GV002,22,GM_RM019:AT0003,GM_RM019:YOLO11l:GM_RM019_000022_001,YOLO11l,"[174.805,271.653,731.525,595.095]",active_visible,false,"[""YOLO11l:botsort:bs_0004"",""YOLO11l:bytetrack:bt_0004"",""YOLO26l:botsort:bs_0003"",""YOLO26l:bytetrack:bt_0003""]",,birth_or_entry,stable,[],selected from provenance-preserving alternative cluster
GM_RM019,GM_RM019:GV002,23,GM_RM019:AT0003,GM_RM019:YOLO11l:GM_RM019_000023_002,YOLO11l,"[190.715,301.457,794.071,593.634]",active_visible,false,"[""YOLO11l:botsort:bs_0004"",""YOLO11l:bytetrack:bt_0004"",""YOLO26l:botsort:bs_0003"",""YOLO26l:bytetrack:bt_0003""]",,birth_or_entry,stable,[],selected from provenance-preserving alternative cluster
GM_RM019,GM_RM019:GV002,24,GM_RM019:AT0003,GM_RM019:YOLO11l:GM_RM019_000024_001,YOLO11l,"[254.331,321.3,797.567,593.844]",active_visible,false,"[""YOLO11l:botsort:bs_0004"",""YOLO11l:bytetrack:bt_0004""]",,birth_or_entry,stable,[],selected from provenance-preserving alternative cluster
GM_RM019,GM_RM019:GV002,25,GM_RM019:AT0003,GM_RM019:YOLO11l:GM_RM019_000025_001,YOLO11l,"[268.562,324.593,799.069,594.151]",active_visible,false,"[""YOLO11l:botsort:bs_0004"",""YOLO11l:bytetrack:bt_0004"",""YOLO26l:botsort:bs_0005"",""YOLO26l:bytetrack:bt_0003""]",,birth_or_entry,stable,[],selected from provenance-preserving alternative cluster
GM_RM019,GM_RM019:GV002,26,GM_RM019:AT0003,GM_RM019:YOLO11l:GM_RM019_000026_001,YOLO11l,"[222.309,311.729,795.255,593.673]",active_visible,false,"[""YOLO11l:botsort:bs_0004"",""YOLO11l:bytetrack:bt_0004"",""YOLO26l:botsort:bs_0005"",""YOLO26l:bytetrack:bt_0003""]",,birth_or_entry,stable,[],selected from provenance-preserving alternative cluster
GM_RM019,GM_RM019:GV002,27,GM_RM019:AT0003,GM_RM019:YOLO11l:GM_RM019_000027_001,YOLO11l,"[223.089,300.527,795.608,595.306]",active_visible,false,"[""YOLO11l:botsort:bs_0004"",""YOLO11l:bytetrack:bt_0004"",""YOLO26l:botsort:bs_0003"",""YOLO26l:bytetrack:bt_0005""]",,birth_or_entry,stable,[],selected from provenance-preserving alternative cluster
GM_RM019,GM_RM019:GV002,28,GM_RM019:AT0003,GM_RM019:YOLO11l:GM_RM019_000028_001,YOLO11l,"[190.846,292.844,796.929,594.2]",active_visible,false,"[""YOLO11l:botsort:bs_0004"",""YOLO11l:bytetrack:bt_0004"",""YOLO26l:botsort:bs_0003"",""YOLO26l:bytetrack:bt_0005""]",,birth_or_entry,stable,[],selected from provenance-preserving alternative cluster
GM_RM019,GM_RM019:GV002,29,GM_RM019:AT0003,GM_RM019:YOLO11l:GM_RM019_000029_001,YOLO11l,"[241.803,287.63,793.404,594.338]",active_visible,false,"[""YOLO11l:botsort:bs_0004"",""YOLO11l:bytetrack:bt_0004"",""YOLO26l:botsort:bs_0005"",""YOLO26l:bytetrack:bt_0003""]",,birth_or_entry,stable,[],selected from provenance-preserving alternative cluster
GM_RM019,GM_RM019:GV002,30,GM_RM019:AT0003,GM_RM019:YOLO11l:GM_RM019_000030_001,YOLO11l,"[266.436,291.19,799.428,594.004]",active_visible,false,"[""YOLO11l:botsort:bs_0004"",""YOLO11l:bytetrack:bt_0004"",""YOLO26l:bytetrack:bt_0003""]",,birth_or_entry,stable,[],selected from provenance-preserving alternative cluster
GM_RM019,GM_RM019:GV002,31,GM_RM019:AT0003,GM_RM019:YOLO11l:GM_RM019_000031_001,YOLO11l,"[304.956,304.719,798.955,594.704]",active_visible,false,"[""YOLO11l:botsort:bs_0004"",""YOLO11l:bytetrack:bt_0004"",""YOLO26l:botsort:bs_0003"",""YOLO26l:bytetrack:bt_0003""]",,birth_or_entry,stable,[],selected from provenance-preserving alternative cluster
GM_RM019,GM_RM019:GV002,32,GM_RM019:AT0003,GM_RM019:YOLO11l:GM_RM019_000032_001,YOLO11l,"[347.252,304.391,799.356,594.421]",active_visible,false,"[""YOLO11l:botsort:bs_0004"",""YOLO11l:bytetrack:bt_0004"",""YOLO26l:botsort:bs_0003"",""YOLO26l:bytetrack:bt_0003""]",,birth_or_entry,stable,[],selected from provenance-preserving alternative cluster
GM_RM019,GM_RM019:GV002,33,GM_RM019:AT0003,GM_RM019:YOLO11l:GM_RM019_000033_001,YOLO11l,"[391.455,309.493,799.142,594.662]",active_visible,false,"[""YOLO11l:botsort:bs_0004"",""YOLO11l:bytetrack:bt_0004"",""YOLO26l:botsort:bs_0003"",""YOLO26l:bytetrack:bt_0003""]",,birth_or_entry,stable,[],selected from provenance-preserving alternative cluster
GM_RM019,GM_RM019:GV002,34,GM_RM019:AT0003,GM_RM019:YOLO11l:GM_RM019_000034_001,YOLO11l,"[433.884,311.099,799.305,594.864]",active_visible,false,"[""YOLO11l:botsort:bs_0004"",""YOLO11l:bytetrack:bt_0004"",""YOLO26l:botsort:bs_0003"",""YOLO26l:bytetrack:bt_0003""]",,birth_or_entry,stable,[],selected from provenance-preserving alternative cluster
GM_RM019,GM_RM019:GV002,35,GM_RM019:AT0003,GM_RM019:YOLO11l:GM_RM019_000035_001,YOLO11l,"[475.002,316.271,799.208,594.854]",active_visible,false,"[""YOLO11l:botsort:bs_0004"",""YOLO11l:bytetrack:bt_0004"",""YOLO26l:botsort:bs_0003"",""YOLO26l:bytetrack:bt_0003""]",,birth_or_entry,stable,[],selected from provenance-preserving alternative cluster
GM_RM019,GM_RM019:GV002,36,GM_RM019:AT0003,GM_RM019:YOLO11l:GM_RM019_000036_001,YOLO11l,"[514.55,328.854,799.542,594.716]",active_visible,false,"[""YOLO11l:botsort:bs_0004"",""YOLO11l:bytetrack:bt_0004"",""YOLO26l:botsort:bs_0003"",""YOLO26l:bytetrack:bt_0003""]",,birth_or_entry,stable,[],selected from provenance-preserving alternative cluster
GM_RM019,GM_RM019:GV002,37,GM_RM019:AT0003,GM_RM019:YOLO11l:GM_RM019_000037_001,YOLO11l,"[551.964,338.927,799.487,595.115]",active_visible,false,"[""YOLO11l:botsort:bs_0004"",""YOLO11l:bytetrack:bt_0004"",""YOLO26l:botsort:bs_0003"",""YOLO26l:bytetrack:bt_0003""]",,birth_or_entry,stable,[],selected from provenance-preserving alternative cluster
GM_RM019,GM_RM019:GV002,38,GM_RM019:AT0003,GM_RM019:YOLO11l:GM_RM019_000038_001,YOLO11l,"[590.774,359.014,799.418,595.083]",active_visible,false,"[""YOLO11l:botsort:bs_0004"",""YOLO11l:bytetrack:bt_0004"",""YOLO26l:botsort:bs_0003"",""YOLO26l:bytetrack:bt_0003""]",,birth_or_entry,stable,[],selected from provenance-preserving alternative cluster
GM_RM019,GM_RM019:GV002,39,GM_RM019:AT0003,GM_RM019:YOLO11l:GM_RM019_000039_001,YOLO11l,"[628.057,376.738,799.448,594.541]",active_visible,false,"[""YOLO11l:botsort:bs_0004"",""YOLO11l:bytetrack:bt_0004"",""YOLO26l:botsort:bs_0003"",""YOLO26l:bytetrack:bt_0003""]",,birth_or_entry,stable,[],selected from provenance-preserving alternative cluster
GM_RM019,GM_RM019:GV002,40,GM_RM019:AT0003,GM_RM019:YOLO11l:GM_RM019_000040_001,YOLO11l,"[664.687,394.24,799.514,591.01]",active_visible,false,"[""YOLO11l:botsort:bs_0004"",""YOLO11l:bytetrack:bt_0004"",""YOLO26l:botsort:bs_0003"",""YOLO26l:bytetrack:bt_0003""]",,birth_or_entry,stable,[],selected from provenance-preserving alternative cluster
GM_RM019,GM_RM019:GV002,41,GM_RM019:AT0003,GM_RM019:YOLO11l:GM_RM019_000041_001,YOLO11l,"[703.394,402.239,799.646,579.614]",active_visible,false,"[""YOLO11l:botsort:bs_0004"",""YOLO11l:bytetrack:bt_0004"",""YOLO26l:botsort:bs_0003"",""YOLO26l:bytetrack:bt_0003""]",,birth_or_entry,stable,[],selected from provenance-preserving alternative cluster
GM_RM019,GM_RM019:GV002,42,GM_RM019:AT0003,GM_RM019:YOLO11l:GM_RM019_000042_001,YOLO11l,"[740.245,408.315,799.759,553.017]",active_visible,false,"[""YOLO11l:botsort:bs_0004"",""YOLO26l:botsort:bs_0003""]",,birth_or_entry,stable,[],selected from provenance-preserving alternative cluster
GM_RM019,GM_RM019:GV002,43,GM_RM019:AT0003,GM_RM019:YOLO11l:GM_RM019_000043_001,YOLO11l,"[776.193,416.612,799.701,528.346]",exit_or_death,false,"[""YOLO11l:botsort:bs_0004"",""YOLO26l:botsort:bs_0003""]",,birth_or_entry,stable,[],selected from provenance-preserving alternative cluster
GM_RM019,GM_RM019:GV003,45,GM_RM019:AT0005,GM_RM019:YOLO11l:GM_RM019_000045_001,YOLO11l,"[396.63,314.356,413.586,340.37]",birth_or_entry,false,"[""YOLO11l:botsort:bs_0023"",""YOLO11l:bytetrack:bt_0026"",""YOLO26l:botsort:bs_0014"",""YOLO26l:bytetrack:bt_0016""]",,birth_or_entry,stable,[],selected from provenance-preserving alternative cluster
GM_RM019,GM_RM019:GV003,46,GM_RM019:AT0005,GM_RM019:YOLO11l:GM_RM019_000046_001,YOLO11l,"[402.742,316.116,420.993,342.654]",active_visible,false,"[""YOLO11l:botsort:bs_0023"",""YOLO26l:botsort:bs_0014"",""YOLO26l:bytetrack:bt_0016""]",,birth_or_entry,stable,[],selected from provenance-preserving alternative cluster
GM_RM019,GM_RM019:GV003,47,GM_RM019:AT0005,GM_RM019:YOLO11l:GM_RM019_000047_001,YOLO11l,"[408.08,320.777,428.601,346.985]",active_visible,false,"[""YOLO11l:botsort:bs_0023"",""YOLO26l:botsort:bs_0014"",""YOLO26l:bytetrack:bt_0016""]",,birth_or_entry,stable,[],selected from provenance-preserving alternative cluster
GM_RM019,GM_RM019:GV003,48,GM_RM019:AT0005,GM_RM019:YOLO11l:GM_RM019_000048_001,YOLO11l,"[414.603,324.604,435.632,350.35]",active_visible,false,"[""YOLO11l:botsort:bs_0023"",""YOLO26l:botsort:bs_0014"",""YOLO26l:bytetrack:bt_0016""]",,birth_or_entry,stable,[],selected from provenance-preserving alternative cluster
GM_RM019,GM_RM019:GV003,49,GM_RM019:AT0005,GM_RM019:YOLO11l:GM_RM019_000049_001,YOLO11l,"[418.862,326.194,442.662,352.822]",active_visible,false,"[""YOLO11l:botsort:bs_0023"",""YOLO11l:bytetrack:bt_0033"",""YOLO26l:botsort:bs_0014"",""YOLO26l:bytetrack:bt_0016""]",,birth_or_entry,stable,[],selected from provenance-preserving alternative cluster
GM_RM019,GM_RM019:GV003,50,GM_RM019:AT0005,GM_RM019:YOLO11l:GM_RM019_000050_002,YOLO11l,"[424.69,326.3,449.877,351.954]",active_visible,false,"[""YOLO11l:botsort:bs_0023""]",,birth_or_entry,stable,[],selected from provenance-preserving alternative cluster
GM_RM019,GM_RM019:GV003,51,,,,,missed_or_occluded,true,"[""YOLO11l:botsort:bs_0023"",""YOLO11l:botsort:bs_0039"",""YOLO11l:botsort:bs_0055"",""YOLO11l:bytetrack:bt_0026"",""YOLO11l:bytetrack:bt_0033"",""YOLO11l:bytetrack:bt_0050"",""YOLO11l:bytetrack:bt_0066"",""YOLO26l:botsort:bs_0014"",""YOLO26l:botsort:bs_0031"",""YOLO26l:botsort:bs_0050"",""YOLO26l:bytetrack:bt_0016"",""YOLO26l:bytetrack:bt_0033"",""YOLO26l:bytetrack:bt_0053""]",,gap_state_without_synthetic_bbox,moderate,"[""gap_recovery""]",No bbox is fabricated for an optical miss or occlusion gap.
GM_RM019,GM_RM019:GV003,52,GM_RM019:AT0005,GM_RM019:YOLO11l:GM_RM019_000052_002,YOLO11l,"[437.39,322.723,459.935,348.595]",recovery,false,"[""YOLO11l:botsort:bs_0023""]",,birth_or_entry,stable,[],selected from provenance-preserving alternative cluster
GM_RM019,GM_RM019:GV003,53,GM_RM019:AT0005,GM_RM019:YOLO11l:GM_RM019_000053_001,YOLO11l,"[443.889,320.628,464.341,346.555]",active_visible,false,"[""YOLO11l:botsort:bs_0023""]",,birth_or_entry,stable,[],selected from provenance-preserving alternative cluster
GM_RM019,GM_RM019:GV003,54,GM_RM019:AT0005,GM_RM019:YOLO11l:GM_RM019_000054_001,YOLO11l,"[451.367,323.444,469.692,349.301]",active_visible,false,"[""YOLO11l:botsort:bs_0023""]",,birth_or_entry,stable,[],selected from provenance-preserving alternative cluster
GM_RM019,GM_RM019:GV003,55,GM_RM019:AT0005,GM_RM019:YOLO11l:GM_RM019_000055_001,YOLO11l,"[460.953,323.834,475.673,350.383]",active_visible,false,"[""YOLO11l:botsort:bs_0023""]",,birth_or_entry,stable,[],selected from provenance-preserving alternative cluster
GM_RM019,GM_RM019:GV003,56,,,,,missed_or_occluded,true,"[""YOLO11l:botsort:bs_0023"",""YOLO11l:botsort:bs_0039"",""YOLO11l:botsort:bs_0055"",""YOLO11l:bytetrack:bt_0026"",""YOLO11l:bytetrack:bt_0033"",""YOLO11l:bytetrack:bt_0050"",""YOLO11l:bytetrack:bt_0066"",""YOLO26l:botsort:bs_0014"",""YOLO26l:botsort:bs_0031"",""YOLO26l:botsort:bs_0050"",""YOLO26l:bytetrack:bt_0016"",""YOLO26l:bytetrack:bt_0033"",""YOLO26l:bytetrack:bt_0053""]",GM_RM019:E007708,gap_state_without_synthetic_bbox,moderate,"[""gap_recovery""]",No bbox is fabricated for an optical miss or occlusion gap.
GM_RM019,GM_RM019:GV003,57,,,,,missed_or_occluded,true,"[""YOLO11l:botsort:bs_0023"",""YOLO11l:botsort:bs_0039"",""YOLO11l:botsort:bs_0055"",""YOLO11l:bytetrack:bt_0026"",""YOLO11l:bytetrack:bt_0033"",""YOLO11l:bytetrack:bt_0050"",""YOLO11l:bytetrack:bt_0066"",""YOLO26l:botsort:bs_0014"",""YOLO26l:botsort:bs_0031"",""YOLO26l:botsort:bs_0050"",""YOLO26l:bytetrack:bt_0016"",""YOLO26l:bytetrack:bt_0033"",""YOLO26l:bytetrack:bt_0053""]",,gap_state_without_synthetic_bbox,moderate,"[""gap_recovery""]",No bbox is fabricated for an optical miss or occlusion gap.
GM_RM019,GM_RM019:GV003,58,,,,,missed_or_occluded,true,"[""YOLO11l:botsort:bs_0023"",""YOLO11l:botsort:bs_0039"",""YOLO11l:botsort:bs_0055"",""YOLO11l:bytetrack:bt_0026"",""YOLO11l:bytetrack:bt_0033"",""YOLO11l:bytetrack:bt_0050"",""YOLO11l:bytetrack:bt_0066"",""YOLO26l:botsort:bs_0014"",""YOLO26l:botsort:bs_0031"",""YOLO26l:botsort:bs_0050"",""YOLO26l:bytetrack:bt_0016"",""YOLO26l:bytetrack:bt_0033"",""YOLO26l:bytetrack:bt_0053""]",,gap_state_without_synthetic_bbox,moderate,"[""gap_recovery""]",No bbox is fabricated for an optical miss or occlusion gap.
GM_RM019,GM_RM019:GV003,59,,,,,missed_or_occluded,true,"[""YOLO11l:botsort:bs_0023"",""YOLO11l:botsort:bs_0039"",""YOLO11l:botsort:bs_0055"",""YOLO11l:bytetrack:bt_0026"",""YOLO11l:bytetrack:bt_0033"",""YOLO11l:bytetrack:bt_0050"",""YOLO11l:bytetrack:bt_0066"",""YOLO26l:botsort:bs_0014"",""YOLO26l:botsort:bs_0031"",""YOLO26l:botsort:bs_0050"",""YOLO26l:bytetrack:bt_0016"",""YOLO26l:bytetrack:bt_0033"",""YOLO26l:bytetrack:bt_0053""]",,gap_state_without_synthetic_bbox,moderate,"[""gap_recovery""]",No bbox is fabricated for an optical miss or occlusion gap.
GM_RM019,GM_RM019:GV003,60,GM_RM019:AT0033,GM_RM019:YOLO26l:GM_RM019_000060_001,YOLO26l,"[461.435,322.746,489.69,349.929]",recovery,false,"[""YOLO11l:botsort:bs_0039"",""YOLO11l:bytetrack:bt_0050"",""YOLO26l:botsort:bs_0031"",""YOLO26l:bytetrack:bt_0033""]",GM_RM019:E007708,"{""edge_id"":""GM_RM019:E007708"",""gap"":4,""motion"":0.9195,""appearance"":0.0569,""color"":0.0207,""shape"":0.9663,""boundary_support"":0.0,""shared_trackers"":[],""total_cost"":92}",moderate_gap,"[""detector_source_switch""]",selected from provenance-preserving alternative cluster
GM_RM019,GM_RM019:GV003,61,GM_RM019:AT0033,GM_RM019:YOLO26l:GM_RM019_000061_001,YOLO26l,"[465.292,322.595,495.996,349.947]",active_visible,false,"[""YOLO11l:botsort:bs_0039"",""YOLO11l:bytetrack:bt_0050"",""YOLO26l:botsort:bs_0031"",""YOLO26l:bytetrack:bt_0033""]",,birth_or_entry,stable,[],selected from provenance-preserving alternative cluster
GM_RM019,GM_RM019:GV003,62,GM_RM019:AT0033,GM_RM019:YOLO26l:GM_RM019_000062_001,YOLO26l,"[469.639,323.277,502.063,350.807]",active_visible,false,"[""YOLO11l:botsort:bs_0039"",""YOLO11l:bytetrack:bt_0050"",""YOLO26l:botsort:bs_0031"",""YOLO26l:bytetrack:bt_0033""]",,birth_or_entry,stable,[],selected from provenance-preserving alternative cluster
GM_RM019,GM_RM019:GV003,63,GM_RM019:AT0033,GM_RM019:YOLO26l:GM_RM019_000063_001,YOLO26l,"[473.15,324.686,508.373,351.589]",active_visible,false,"[""YOLO11l:botsort:bs_0039"",""YOLO11l:bytetrack:bt_0050"",""YOLO26l:botsort:bs_0031"",""YOLO26l:bytetrack:bt_0033""]",,birth_or_entry,stable,[],selected from provenance-preserving alternative cluster
GM_RM019,GM_RM019:GV003,64,GM_RM019:AT0033,GM_RM019:YOLO26l:GM_RM019_000064_001,YOLO26l,"[477.416,325.165,512.542,351.864]",active_visible,false,"[""YOLO11l:botsort:bs_0039"",""YOLO11l:bytetrack:bt_0050"",""YOLO26l:botsort:bs_0031"",""YOLO26l:bytetrack:bt_0033""]",,birth_or_entry,stable,[],selected from provenance-preserving alternative cluster
GM_RM019,GM_RM019:GV003,65,GM_RM019:AT0033,GM_RM019:YOLO26l:GM_RM019_000065_001,YOLO26l,"[480.637,325.24,516.818,352.253]",active_visible,false,"[""YOLO11l:botsort:bs_0039"",""YOLO11l:bytetrack:bt_0050"",""YOLO26l:botsort:bs_0031"",""YOLO26l:bytetrack:bt_0033""]",,birth_or_entry,stable,[],selected from provenance-preserving alternative cluster
GM_RM019,GM_RM019:GV003,66,GM_RM019:AT0033,GM_RM019:YOLO26l:GM_RM019_000066_001,YOLO26l,"[484.042,325.349,520.776,351.671]",active_visible,false,"[""YOLO11l:botsort:bs_0039"",""YOLO11l:bytetrack:bt_0050"",""YOLO26l:botsort:bs_0031"",""YOLO26l:bytetrack:bt_0033""]",,birth_or_entry,stable,[],selected from provenance-preserving alternative cluster
GM_RM019,GM_RM019:GV003,67,GM_RM019:AT0033,GM_RM019:YOLO26l:GM_RM019_000067_001,YOLO26l,"[488.232,323.265,519.035,351.898]",active_visible,false,"[""YOLO11l:botsort:bs_0039"",""YOLO11l:bytetrack:bt_0050"",""YOLO26l:botsort:bs_0031"",""YOLO26l:bytetrack:bt_0033""]",,birth_or_entry,stable,[],selected from provenance-preserving alternative cluster
GM_RM019,GM_RM019:GV003,68,GM_RM019:AT0033,GM_RM019:YOLO26l:GM_RM019_000068_001,YOLO26l,"[491.987,326.128,524.555,352.574]",active_visible,false,"[""YOLO11l:botsort:bs_0039"",""YOLO11l:bytetrack:bt_0050"",""YOLO26l:botsort:bs_0031"",""YOLO26l:bytetrack:bt_0033""]",,birth_or_entry,stable,[],selected from provenance-preserving alternative cluster
GM_RM019,GM_RM019:GV003,69,GM_RM019:AT0033,GM_RM019:YOLO26l:GM_RM019_000069_001,YOLO26l,"[496.541,326.509,530.841,353.101]",active_visible,false,"[""YOLO11l:botsort:bs_0039"",""YOLO11l:bytetrack:bt_0050"",""YOLO26l:botsort:bs_0031"",""YOLO26l:bytetrack:bt_0033""]",,birth_or_entry,stable,[],selected from provenance-preserving alternative cluster
GM_RM019,GM_RM019:GV003,70,GM_RM019:AT0033,GM_RM019:YOLO26l:GM_RM019_000070_001,YOLO26l,"[500.657,327.387,537.028,354.473]",active_visible,false,"[""YOLO11l:botsort:bs_0039"",""YOLO11l:bytetrack:bt_0050"",""YOLO26l:botsort:bs_0031"",""YOLO26l:bytetrack:bt_0033""]",,birth_or_entry,stable,[],selected from provenance-preserving alternative cluster
GM_RM019,GM_RM019:GV003,71,GM_RM019:AT0033,GM_RM019:YOLO26l:GM_RM019_000071_001,YOLO26l,"[502.636,326.797,541.787,354.598]",active_visible,false,"[""YOLO11l:botsort:bs_0039"",""YOLO11l:bytetrack:bt_0050"",""YOLO26l:botsort:bs_0031"",""YOLO26l:bytetrack:bt_0033""]",,birth_or_entry,stable,[],selected from provenance-preserving alternative cluster
GM_RM019,GM_RM019:GV003,72,GM_RM019:AT0033,GM_RM019:YOLO26l:GM_RM019_000072_001,YOLO26l,"[503.83,324.547,545.36,352.518]",active_visible,false,"[""YOLO11l:botsort:bs_0039"",""YOLO11l:bytetrack:bt_0050"",""YOLO26l:botsort:bs_0031"",""YOLO26l:bytetrack:bt_0033""]",,birth_or_entry,stable,[],selected from provenance-preserving alternative cluster
GM_RM019,GM_RM019:GV003,73,GM_RM019:AT0033,GM_RM019:YOLO26l:GM_RM019_000073_001,YOLO26l,"[509.507,323.601,548.342,350.441]",active_visible,false,"[""YOLO11l:botsort:bs_0039"",""YOLO11l:bytetrack:bt_0050"",""YOLO26l:botsort:bs_0031"",""YOLO26l:bytetrack:bt_0033""]",,birth_or_entry,stable,[],selected from provenance-preserving alternative cluster
GM_RM019,GM_RM019:GV003,74,GM_RM019:AT0033,GM_RM019:YOLO26l:GM_RM019_000074_001,YOLO26l,"[512.568,322.199,551.753,348.619]",active_visible,false,"[""YOLO11l:botsort:bs_0039"",""YOLO11l:bytetrack:bt_0050"",""YOLO26l:botsort:bs_0031"",""YOLO26l:bytetrack:bt_0033""]",,birth_or_entry,stable,[],selected from provenance-preserving alternative cluster
GM_RM019,GM_RM019:GV003,75,GM_RM019:AT0033,GM_RM019:YOLO26l:GM_RM019_000075_001,YOLO26l,"[517.765,321.184,555.534,348.174]",active_visible,false,"[""YOLO11l:botsort:bs_0039"",""YOLO11l:bytetrack:bt_0050"",""YOLO26l:botsort:bs_0031"",""YOLO26l:bytetrack:bt_0033""]",,birth_or_entry,stable,[],selected from provenance-preserving alternative cluster
GM_RM019,GM_RM019:GV003,76,GM_RM019:AT0033,GM_RM019:YOLO26l:GM_RM019_000076_001,YOLO26l,"[526.431,323.959,560.206,351.278]",active_visible,false,"[""YOLO11l:botsort:bs_0039"",""YOLO11l:bytetrack:bt_0050"",""YOLO26l:botsort:bs_0031"",""YOLO26l:bytetrack:bt_0033""]",,birth_or_entry,stable,[],selected from provenance-preserving alternative cluster
GM_RM019,GM_RM019:GV003,77,GM_RM019:AT0033,GM_RM019:YOLO26l:GM_RM019_000077_001,YOLO26l,"[532.39,325.523,564.944,352.222]",active_visible,false,"[""YOLO11l:botsort:bs_0039"",""YOLO11l:bytetrack:bt_0050"",""YOLO26l:botsort:bs_0031"",""YOLO26l:bytetrack:bt_0033""]",,birth_or_entry,stable,[],selected from provenance-preserving alternative cluster
GM_RM019,GM_RM019:GV003,78,GM_RM019:AT0033,GM_RM019:YOLO26l:GM_RM019_000078_003,YOLO26l,"[543.265,329.49,569.765,356.183]",active_visible,false,"[""YOLO11l:botsort:bs_0039"",""YOLO11l:bytetrack:bt_0050"",""YOLO26l:botsort:bs_0031"",""YOLO26l:bytetrack:bt_0033""]",,birth_or_entry,stable,[],selected from provenance-preserving alternative cluster
GM_RM019,GM_RM019:GV003,79,GM_RM019:AT0033,GM_RM019:YOLO26l:GM_RM019_000079_001,YOLO26l,"[550.299,329.319,573.785,355.924]",active_visible,false,"[""YOLO11l:botsort:bs_0039"",""YOLO11l:bytetrack:bt_0050"",""YOLO26l:botsort:bs_0031"",""YOLO26l:bytetrack:bt_0033""]",,birth_or_entry,stable,[],selected from provenance-preserving alternative cluster
GM_RM019,GM_RM019:GV003,80,GM_RM019:AT0033,GM_RM019:YOLO26l:GM_RM019_000080_001,YOLO26l,"[558.376,328.681,577.508,355.441]",active_visible,false,"[""YOLO11l:botsort:bs_0039"",""YOLO11l:bytetrack:bt_0050"",""YOLO26l:botsort:bs_0031"",""YOLO26l:bytetrack:bt_0033""]",,birth_or_entry,stable,[],selected from provenance-preserving alternative cluster
GM_RM019,GM_RM019:GV003,81,GM_RM019:AT0033,GM_RM019:YOLO26l:GM_RM019_000081_002,YOLO26l,"[565.831,326.932,581.718,353.352]",active_visible,false,"[""YOLO26l:botsort:bs_0031""]",,birth_or_entry,stable,[],selected from provenance-preserving alternative cluster
GM_RM019,GM_RM019:GV003,82,,,,,missed_or_occluded,true,"[""YOLO11l:botsort:bs_0023"",""YOLO11l:botsort:bs_0039"",""YOLO11l:botsort:bs_0055"",""YOLO11l:bytetrack:bt_0026"",""YOLO11l:bytetrack:bt_0033"",""YOLO11l:bytetrack:bt_0050"",""YOLO11l:bytetrack:bt_0066"",""YOLO26l:botsort:bs_0014"",""YOLO26l:botsort:bs_0031"",""YOLO26l:botsort:bs_0050"",""YOLO26l:bytetrack:bt_0016"",""YOLO26l:bytetrack:bt_0033"",""YOLO26l:bytetrack:bt_0053""]",GM_RM019:E010882,gap_state_without_synthetic_bbox,moderate,"[""gap_recovery""]",No bbox is fabricated for an optical miss or occlusion gap.
GM_RM019,GM_RM019:GV003,83,GM_RM019:AT0035,GM_RM019:YOLO26l:GM_RM019_000083_001,YOLO26l,"[545.119,325.188,576.549,351.065]",recovery,false,"[""YOLO26l:botsort:bs_0050"",""YOLO26l:bytetrack:bt_0053""]",GM_RM019:E010882,"{""edge_id"":""GM_RM019:E010882"",""gap"":1,""motion"":0.6897,""appearance"":0.0254,""color"":0.0585,""shape"":1.0338,""boundary_support"":0.0,""shared_trackers"":[],""total_cost"":68}",moderate_gap,[],selected from provenance-preserving alternative cluster
GM_RM019,GM_RM019:GV003,84,GM_RM019:AT0035,GM_RM019:YOLO26l:GM_RM019_000084_001,YOLO26l,"[547.121,324.586,581.853,350.59]",active_visible,false,"[""YOLO11l:botsort:bs_0055"",""YOLO11l:bytetrack:bt_0066"",""YOLO26l:botsort:bs_0050"",""YOLO26l:bytetrack:bt_0053""]",,birth_or_entry,stable,[],selected from provenance-preserving alternative cluster
GM_RM019,GM_RM019:GV003,85,GM_RM019:AT0035,GM_RM019:YOLO26l:GM_RM019_000085_001,YOLO26l,"[549.815,324.175,586.433,350.539]",active_visible,false,"[""YOLO11l:botsort:bs_0055"",""YOLO11l:bytetrack:bt_0066"",""YOLO26l:botsort:bs_0050"",""YOLO26l:bytetrack:bt_0053""]",,birth_or_entry,stable,[],selected from provenance-preserving alternative cluster
GM_RM019,GM_RM019:GV003,86,GM_RM019:AT0035,GM_RM019:YOLO26l:GM_RM019_000086_001,YOLO26l,"[553.024,323.792,591.295,350.608]",active_visible,false,"[""YOLO11l:botsort:bs_0055"",""YOLO11l:bytetrack:bt_0066"",""YOLO26l:botsort:bs_0050"",""YOLO26l:bytetrack:bt_0053""]",,birth_or_entry,stable,[],selected from provenance-preserving alternative cluster
GM_RM019,GM_RM019:GV003,87,GM_RM019:AT0035,GM_RM019:YOLO26l:GM_RM019_000087_001,YOLO26l,"[556.105,324.708,597.461,351.421]",active_visible,false,"[""YOLO11l:botsort:bs_0055"",""YOLO11l:bytetrack:bt_0066"",""YOLO26l:botsort:bs_0050"",""YOLO26l:bytetrack:bt_0053""]",,birth_or_entry,stable,[],selected from provenance-preserving alternative cluster
GM_RM019,GM_RM019:GV003,88,GM_RM019:AT0035,GM_RM019:YOLO26l:GM_RM019_000088_001,YOLO26l,"[562.161,324.621,604.076,351.126]",active_visible,false,"[""YOLO11l:botsort:bs_0055"",""YOLO11l:bytetrack:bt_0066"",""YOLO26l:botsort:bs_0050"",""YOLO26l:bytetrack:bt_0053""]",,birth_or_entry,stable,[],selected from provenance-preserving alternative cluster
GM_RM019,GM_RM019:GV003,89,GM_RM019:AT0035,GM_RM019:YOLO26l:GM_RM019_000089_001,YOLO26l,"[563.852,324.51,610.539,352.094]",active_visible,false,"[""YOLO11l:botsort:bs_0055"",""YOLO11l:bytetrack:bt_0066"",""YOLO26l:botsort:bs_0050"",""YOLO26l:bytetrack:bt_0053""]",,birth_or_entry,stable,[],selected from provenance-preserving alternative cluster
GM_RM019,GM_RM019:GV003,90,GM_RM019:AT0035,GM_RM019:YOLO26l:GM_RM019_000090_001,YOLO26l,"[567.385,325.324,614.81,352.956]",active_visible,false,"[""YOLO11l:botsort:bs_0055"",""YOLO11l:bytetrack:bt_0066"",""YOLO26l:botsort:bs_0050"",""YOLO26l:bytetrack:bt_0053""]",,birth_or_entry,stable,[],selected from provenance-preserving alternative cluster
GM_RM019,GM_RM019:GV003,91,GM_RM019:AT0035,GM_RM019:YOLO26l:GM_RM019_000091_001,YOLO26l,"[572.807,326.546,619.728,354.532]",active_visible,false,"[""YOLO11l:botsort:bs_0055"",""YOLO11l:bytetrack:bt_0066"",""YOLO26l:botsort:bs_0050"",""YOLO26l:bytetrack:bt_0053""]",,birth_or_entry,stable,[],selected from provenance-preserving alternative cluster
GM_RM019,GM_RM019:GV003,92,GM_RM019:AT0035,GM_RM019:YOLO26l:GM_RM019_000092_001,YOLO26l,"[580.288,328.015,623.601,355.797]",active_visible,false,"[""YOLO11l:botsort:bs_0055"",""YOLO11l:bytetrack:bt_0066"",""YOLO26l:botsort:bs_0050"",""YOLO26l:bytetrack:bt_0053""]",,birth_or_entry,stable,[],selected from provenance-preserving alternative cluster
GM_RM019,GM_RM019:GV003,93,GM_RM019:AT0035,GM_RM019:YOLO26l:GM_RM019_000093_001,YOLO26l,"[585.938,327.446,626.073,354.825]",active_visible,false,"[""YOLO11l:botsort:bs_0055"",""YOLO11l:bytetrack:bt_0066"",""YOLO26l:botsort:bs_0050"",""YOLO26l:bytetrack:bt_0053""]",,birth_or_entry,stable,[],selected from provenance-preserving alternative cluster
GM_RM019,GM_RM019:GV003,94,GM_RM019:AT0035,GM_RM019:YOLO26l:GM_RM019_000094_001,YOLO26l,"[591.377,324.394,628.202,352.028]",active_visible,false,"[""YOLO11l:botsort:bs_0055"",""YOLO11l:bytetrack:bt_0066"",""YOLO26l:botsort:bs_0050"",""YOLO26l:bytetrack:bt_0053""]",,birth_or_entry,stable,[],selected from provenance-preserving alternative cluster
GM_RM019,GM_RM019:GV003,95,GM_RM019:AT0035,GM_RM019:YOLO26l:GM_RM019_000095_001,YOLO26l,"[595.829,321.659,631.557,349.163]",active_visible,false,"[""YOLO11l:botsort:bs_0055"",""YOLO11l:bytetrack:bt_0066"",""YOLO26l:botsort:bs_0050"",""YOLO26l:bytetrack:bt_0053""]",,birth_or_entry,stable,[],selected from provenance-preserving alternative cluster
GM_RM019,GM_RM019:GV003,96,GM_RM019:AT0035,GM_RM019:YOLO26l:GM_RM019_000096_001,YOLO26l,"[601.318,321.361,633.052,348.83]",active_visible,false,"[""YOLO11l:botsort:bs_0055"",""YOLO11l:bytetrack:bt_0066"",""YOLO26l:botsort:bs_0050"",""YOLO26l:bytetrack:bt_0053""]",,birth_or_entry,stable,[],selected from provenance-preserving alternative cluster
GM_RM019,GM_RM019:GV003,97,GM_RM019:AT0035,GM_RM019:YOLO26l:GM_RM019_000097_002,YOLO26l,"[608.76,324.581,637.477,352.066]",active_visible,false,"[""YOLO11l:botsort:bs_0055"",""YOLO11l:bytetrack:bt_0066"",""YOLO26l:botsort:bs_0050"",""YOLO26l:bytetrack:bt_0053""]",,birth_or_entry,stable,[],selected from provenance-preserving alternative cluster
GM_RM019,GM_RM019:GV003,98,GM_RM019:AT0035,GM_RM019:YOLO26l:GM_RM019_000098_001,YOLO26l,"[618.659,326.517,643.617,354.711]",active_visible,false,"[""YOLO11l:botsort:bs_0055"",""YOLO11l:bytetrack:bt_0066"",""YOLO26l:botsort:bs_0050"",""YOLO26l:bytetrack:bt_0053""]",,birth_or_entry,stable,[],selected from provenance-preserving alternative cluster
GM_RM019,GM_RM019:GV003,99,GM_RM019:AT0035,GM_RM019:YOLO26l:GM_RM019_000099_002,YOLO26l,"[626.433,328.578,649.657,355.586]",active_visible,false,"[""YOLO11l:botsort:bs_0055"",""YOLO11l:bytetrack:bt_0066"",""YOLO26l:botsort:bs_0050""]",,birth_or_entry,stable,[],selected from provenance-preserving alternative cluster
GM_RM019,GM_RM019:GV003,100,GM_RM019:AT0035,GM_RM019:YOLO26l:GM_RM019_000100_002,YOLO26l,"[635.376,328.731,655.732,355.417]",exit_or_death,false,"[""YOLO11l:botsort:bs_0055"",""YOLO11l:bytetrack:bt_0066"",""YOLO26l:botsort:bs_0050""]",,birth_or_entry,stable,[],selected from provenance-preserving alternative cluster
GM_RM019,GM_RM019:GV004,51,GM_RM019:AT0006,GM_RM019:YOLO11l:GM_RM019_000051_001,YOLO11l,"[173.328,331.854,209.349,358.903]",birth_or_entry,false,"[""YOLO11l:botsort:bs_0032"",""YOLO11l:bytetrack:bt_0039""]",,birth_or_entry,stable,[],selected from provenance-preserving alternative cluster
GM_RM019,GM_RM019:GV004,52,GM_RM019:AT0006,GM_RM019:YOLO11l:GM_RM019_000052_001,YOLO11l,"[176.553,329.759,220.321,357.133]",active_visible,false,"[""YOLO11l:botsort:bs_0032"",""YOLO11l:bytetrack:bt_0039""]",,birth_or_entry,stable,[],selected from provenance-preserving alternative cluster
GM_RM019,GM_RM019:GV004,53,GM_RM019:AT0006,GM_RM019:YOLO11l:GM_RM019_000053_002,YOLO11l,"[181.435,327.788,223.762,353.859]",active_visible,false,"[""YOLO11l:botsort:bs_0032"",""YOLO11l:bytetrack:bt_0039""]",,birth_or_entry,stable,[],selected from provenance-preserving alternative cluster
GM_RM019,GM_RM019:GV004,54,GM_RM019:AT0006,GM_RM019:YOLO11l:GM_RM019_000054_002,YOLO11l,"[188.687,329.957,227.557,357.288]",active_visible,false,"[""YOLO11l:botsort:bs_0032"",""YOLO11l:bytetrack:bt_0039""]",,birth_or_entry,stable,[],selected from provenance-preserving alternative cluster
GM_RM019,GM_RM019:GV004,55,GM_RM019:AT0006,GM_RM019:YOLO11l:GM_RM019_000055_002,YOLO11l,"[190.27,331.906,233.39,359.514]",active_visible,false,"[""YOLO11l:botsort:bs_0032"",""YOLO11l:bytetrack:bt_0039""]",,birth_or_entry,stable,[],selected from provenance-preserving alternative cluster
GM_RM019,GM_RM019:GV004,56,GM_RM019:AT0006,GM_RM019:YOLO11l:GM_RM019_000056_001,YOLO11l,"[202.563,333.19,238.965,358.857]",active_visible,false,"[""YOLO11l:botsort:bs_0032"",""YOLO11l:bytetrack:bt_0039""]",,birth_or_entry,stable,[],selected from provenance-preserving alternative cluster
GM_RM019,GM_RM019:GV004,57,,,,,missed_or_occluded,true,"[""YOLO11l:botsort:bs_0032"",""YOLO11l:botsort:bs_0057"",""YOLO11l:botsort:bs_0066"",""YOLO11l:bytetrack:bt_0039"",""YOLO11l:bytetrack:bt_0068"",""YOLO11l:bytetrack:bt_0077"",""YOLO26l:botsort:bs_0033"",""YOLO26l:botsort:bs_0054"",""YOLO26l:botsort:bs_0065"",""YOLO26l:bytetrack:bt_0035"",""YOLO26l:bytetrack:bt_0057"",""YOLO26l:bytetrack:bt_0068""]",GM_RM019:E009007,gap_state_without_synthetic_bbox,moderate,"[""gap_recovery""]",No bbox is fabricated for an optical miss or occlusion gap.
GM_RM019,GM_RM019:GV004,58,,,,,missed_or_occluded,true,"[""YOLO11l:botsort:bs_0032"",""YOLO11l:botsort:bs_0057"",""YOLO11l:botsort:bs_0066"",""YOLO11l:bytetrack:bt_0039"",""YOLO11l:bytetrack:bt_0068"",""YOLO11l:bytetrack:bt_0077"",""YOLO26l:botsort:bs_0033"",""YOLO26l:botsort:bs_0054"",""YOLO26l:botsort:bs_0065"",""YOLO26l:bytetrack:bt_0035"",""YOLO26l:bytetrack:bt_0057"",""YOLO26l:bytetrack:bt_0068""]",,gap_state_without_synthetic_bbox,moderate,"[""gap_recovery""]",No bbox is fabricated for an optical miss or occlusion gap.
GM_RM019,GM_RM019:GV004,59,,,,,missed_or_occluded,true,"[""YOLO11l:botsort:bs_0032"",""YOLO11l:botsort:bs_0057"",""YOLO11l:botsort:bs_0066"",""YOLO11l:bytetrack:bt_0039"",""YOLO11l:bytetrack:bt_0068"",""YOLO11l:bytetrack:bt_0077"",""YOLO26l:botsort:bs_0033"",""YOLO26l:botsort:bs_0054"",""YOLO26l:botsort:bs_0065"",""YOLO26l:bytetrack:bt_0035"",""YOLO26l:bytetrack:bt_0057"",""YOLO26l:bytetrack:bt_0068""]",,gap_state_without_synthetic_bbox,moderate,"[""gap_recovery""]",No bbox is fabricated for an optical miss or occlusion gap.
GM_RM019,GM_RM019:GV004,60,GM_RM019:AT0007,GM_RM019:YOLO11l:GM_RM019_000060_002,YOLO11l,"[220.332,330.797,280.037,357.764]",recovery,false,"[""YOLO11l:botsort:bs_0032"",""YOLO11l:bytetrack:bt_0039""]",GM_RM019:E009007,"{""edge_id"":""GM_RM019:E009007"",""gap"":3,""motion"":0.127,""appearance"":0.0828,""color"":0.0934,""shape"":0.7175,""boundary_support"":0.0,""shared_trackers"":[""YOLO11l:botsort:bs_0032"",""YOLO11l:bytetrack:bt_0039""],""total_cost"":0}",moderate_gap,[],selected from provenance-preserving alternative cluster
GM_RM019,GM_RM019:GV004,61,GM_RM019:AT0007,GM_RM019:YOLO11l:GM_RM019_000061_002,YOLO11l,"[236.685,332.066,284.404,354.968]",active_visible,false,"[""YOLO11l:botsort:bs_0032"",""YOLO11l:bytetrack:bt_0039""]",,birth_or_entry,stable,[],selected from provenance-preserving alternative cluster
GM_RM019,GM_RM019:GV004,62,GM_RM019:AT0007,GM_RM019:YOLO11l:GM_RM019_000062_002,YOLO11l,"[230.703,332.361,287.615,358.691]",active_visible,false,"[""YOLO11l:botsort:bs_0032""]",,birth_or_entry,stable,[],selected from provenance-preserving alternative cluster
GM_RM019,GM_RM019:GV004,63,GM_RM019:AT0007,GM_RM019:YOLO11l:GM_RM019_000063_002,YOLO11l,"[255.712,334.308,293.78,356.302]",active_visible,false,"[""YOLO11l:botsort:bs_0032"",""YOLO11l:bytetrack:bt_0039""]",,birth_or_entry,stable,[],selected from provenance-preserving alternative cluster
GM_RM019,GM_RM019:GV004,64,GM_RM019:AT0007,GM_RM019:YOLO11l:GM_RM019_000064_002,YOLO11l,"[262.779,335.117,297.415,357.261]",active_visible,false,"[""YOLO11l:botsort:bs_0032"",""YOLO11l:bytetrack:bt_0039"",""YOLO26l:botsort:bs_0033"",""YOLO26l:bytetrack:bt_0035""]",,birth_or_entry,stable,[],selected from provenance-preserving alternative cluster
GM_RM019,GM_RM019:GV004,65,,,,,missed_or_occluded,true,"[""YOLO11l:botsort:bs_0032"",""YOLO11l:botsort:bs_0057"",""YOLO11l:botsort:bs_0066"",""YOLO11l:bytetrack:bt_0039"",""YOLO11l:bytetrack:bt_0068"",""YOLO11l:bytetrack:bt_0077"",""YOLO26l:botsort:bs_0033"",""YOLO26l:botsort:bs_0054"",""YOLO26l:botsort:bs_0065"",""YOLO26l:bytetrack:bt_0035"",""YOLO26l:bytetrack:bt_0057"",""YOLO26l:bytetrack:bt_0068""]",,gap_state_without_synthetic_bbox,moderate,"[""gap_recovery""]",No bbox is fabricated for an optical miss or occlusion gap.
GM_RM019,GM_RM019:GV004,66,GM_RM019:AT0007,GM_RM019:YOLO11l:GM_RM019_000066_002,YOLO11l,"[276.532,334.35,307.657,356.545]",recovery,false,"[""YOLO11l:botsort:bs_0032"",""YOLO11l:bytetrack:bt_0039""]",,birth_or_entry,stable,[],selected from provenance-preserving alternative cluster
GM_RM019,GM_RM019:GV004,67,,,,,missed_or_occluded,true,"[""YOLO11l:botsort:bs_0032"",""YOLO11l:botsort:bs_0057"",""YOLO11l:botsort:bs_0066"",""YOLO11l:bytetrack:bt_0039"",""YOLO11l:bytetrack:bt_0068"",""YOLO11l:bytetrack:bt_0077"",""YOLO26l:botsort:bs_0033"",""YOLO26l:botsort:bs_0054"",""YOLO26l:botsort:bs_0065"",""YOLO26l:bytetrack:bt_0035"",""YOLO26l:bytetrack:bt_0057"",""YOLO26l:bytetrack:bt_0068""]",GM_RM019:E010757,gap_state_without_synthetic_bbox,moderate,"[""gap_recovery""]",No bbox is fabricated for an optical miss or occlusion gap.
GM_RM019,GM_RM019:GV004,68,,,,,missed_or_occluded,true,"[""YOLO11l:botsort:bs_0032"",""YOLO11l:botsort:bs_0057"",""YOLO11l:botsort:bs_0066"",""YOLO11l:bytetrack:bt_0039"",""YOLO11l:bytetrack:bt_0068"",""YOLO11l:bytetrack:bt_0077"",""YOLO26l:botsort:bs_0033"",""YOLO26l:botsort:bs_0054"",""YOLO26l:botsort:bs_0065"",""YOLO26l:bytetrack:bt_0035"",""YOLO26l:bytetrack:bt_0057"",""YOLO26l:bytetrack:bt_0068""]",,gap_state_without_synthetic_bbox,moderate,"[""gap_recovery""]",No bbox is fabricated for an optical miss or occlusion gap.
GM_RM019,GM_RM019:GV004,69,,,,,missed_or_occluded,true,"[""YOLO11l:botsort:bs_0032"",""YOLO11l:botsort:bs_0057"",""YOLO11l:botsort:bs_0066"",""YOLO11l:bytetrack:bt_0039"",""YOLO11l:bytetrack:bt_0068"",""YOLO11l:bytetrack:bt_0077"",""YOLO26l:botsort:bs_0033"",""YOLO26l:botsort:bs_0054"",""YOLO26l:botsort:bs_0065"",""YOLO26l:bytetrack:bt_0035"",""YOLO26l:bytetrack:bt_0057"",""YOLO26l:bytetrack:bt_0068""]",,gap_state_without_synthetic_bbox,moderate,"[""gap_recovery""]",No bbox is fabricated for an optical miss or occlusion gap.
GM_RM019,GM_RM019:GV004,70,,,,,missed_or_occluded,true,"[""YOLO11l:botsort:bs_0032"",""YOLO11l:botsort:bs_0057"",""YOLO11l:botsort:bs_0066"",""YOLO11l:bytetrack:bt_0039"",""YOLO11l:bytetrack:bt_0068"",""YOLO11l:bytetrack:bt_0077"",""YOLO26l:botsort:bs_0033"",""YOLO26l:botsort:bs_0054"",""YOLO26l:botsort:bs_0065"",""YOLO26l:bytetrack:bt_0035"",""YOLO26l:bytetrack:bt_0057"",""YOLO26l:bytetrack:bt_0068""]",,gap_state_without_synthetic_bbox,moderate,"[""gap_recovery""]",No bbox is fabricated for an optical miss or occlusion gap.
GM_RM019,GM_RM019:GV004,71,,,,,missed_or_occluded,true,"[""YOLO11l:botsort:bs_0032"",""YOLO11l:botsort:bs_0057"",""YOLO11l:botsort:bs_0066"",""YOLO11l:bytetrack:bt_0039"",""YOLO11l:bytetrack:bt_0068"",""YOLO11l:bytetrack:bt_0077"",""YOLO26l:botsort:bs_0033"",""YOLO26l:botsort:bs_0054"",""YOLO26l:botsort:bs_0065"",""YOLO26l:bytetrack:bt_0035"",""YOLO26l:bytetrack:bt_0057"",""YOLO26l:bytetrack:bt_0068""]",,gap_state_without_synthetic_bbox,moderate,"[""gap_recovery""]",No bbox is fabricated for an optical miss or occlusion gap.
GM_RM019,GM_RM019:GV004,72,GM_RM019:AT0008,GM_RM019:YOLO11l:GM_RM019_000072_002,YOLO11l,"[320.499,333.986,351.949,352.285]",recovery,false,"[""YOLO11l:botsort:bs_0032"",""YOLO11l:bytetrack:bt_0039""]",GM_RM019:E010757,"{""edge_id"":""GM_RM019:E010757"",""gap"":5,""motion"":0.2181,""appearance"":null,""color"":0.0284,""shape"":0.2947,""boundary_support"":0.0,""shared_trackers"":[""YOLO11l:botsort:bs_0032"",""YOLO11l:bytetrack:bt_0039""],""total_cost"":0}",moderate_gap,[],selected from provenance-preserving alternative cluster
GM_RM019,GM_RM019:GV004,73,,,,,missed_or_occluded,true,"[""YOLO11l:botsort:bs_0032"",""YOLO11l:botsort:bs_0057"",""YOLO11l:botsort:bs_0066"",""YOLO11l:bytetrack:bt_0039"",""YOLO11l:bytetrack:bt_0068"",""YOLO11l:bytetrack:bt_0077"",""YOLO26l:botsort:bs_0033"",""YOLO26l:botsort:bs_0054"",""YOLO26l:botsort:bs_0065"",""YOLO26l:bytetrack:bt_0035"",""YOLO26l:bytetrack:bt_0057"",""YOLO26l:bytetrack:bt_0068""]",GM_RM019:E011671,gap_state_without_synthetic_bbox,moderate,"[""gap_recovery""]",No bbox is fabricated for an optical miss or occlusion gap.
GM_RM019,GM_RM019:GV004,74,,,,,missed_or_occluded,true,"[""YOLO11l:botsort:bs_0032"",""YOLO11l:botsort:bs_0057"",""YOLO11l:botsort:bs_0066"",""YOLO11l:bytetrack:bt_0039"",""YOLO11l:bytetrack:bt_0068"",""YOLO11l:bytetrack:bt_0077"",""YOLO26l:botsort:bs_0033"",""YOLO26l:botsort:bs_0054"",""YOLO26l:botsort:bs_0065"",""YOLO26l:bytetrack:bt_0035"",""YOLO26l:bytetrack:bt_0057"",""YOLO26l:bytetrack:bt_0068""]",,gap_state_without_synthetic_bbox,moderate,"[""gap_recovery""]",No bbox is fabricated for an optical miss or occlusion gap.
GM_RM019,GM_RM019:GV004,75,,,,,missed_or_occluded,true,"[""YOLO11l:botsort:bs_0032"",""YOLO11l:botsort:bs_0057"",""YOLO11l:botsort:bs_0066"",""YOLO11l:bytetrack:bt_0039"",""YOLO11l:bytetrack:bt_0068"",""YOLO11l:bytetrack:bt_0077"",""YOLO26l:botsort:bs_0033"",""YOLO26l:botsort:bs_0054"",""YOLO26l:botsort:bs_0065"",""YOLO26l:bytetrack:bt_0035"",""YOLO26l:bytetrack:bt_0057"",""YOLO26l:bytetrack:bt_0068""]",,gap_state_without_synthetic_bbox,moderate,"[""gap_recovery""]",No bbox is fabricated for an optical miss or occlusion gap.
GM_RM019,GM_RM019:GV004,76,GM_RM019:AT0009,GM_RM019:YOLO11l:GM_RM019_000076_002,YOLO11l,"[347.815,330.83,381.68,349.276]",recovery,false,"[""YOLO11l:botsort:bs_0032"",""YOLO11l:bytetrack:bt_0039""]",GM_RM019:E011671,"{""edge_id"":""GM_RM019:E011671"",""gap"":3,""motion"":0.7656,""appearance"":null,""color"":0.0311,""shape"":0.107,""boundary_support"":0.0,""shared_trackers"":[""YOLO11l:botsort:bs_0032"",""YOLO11l:bytetrack:bt_0039""],""total_cost"":0}",moderate_gap,[],selected from provenance-preserving alternative cluster
GM_RM019,GM_RM019:GV004,77,GM_RM019:AT0009,GM_RM019:YOLO11l:GM_RM019_000077_002,YOLO11l,"[353.061,332.828,386.614,351.575]",active_visible,false,"[""YOLO11l:botsort:bs_0032"",""YOLO11l:bytetrack:bt_0039""]",,birth_or_entry,stable,[],selected from provenance-preserving alternative cluster
GM_RM019,GM_RM019:GV004,78,GM_RM019:AT0009,GM_RM019:YOLO11l:GM_RM019_000078_001,YOLO11l,"[358.621,335.296,390.718,356.165]",active_visible,false,"[""YOLO11l:botsort:bs_0032"",""YOLO11l:bytetrack:bt_0039""]",,birth_or_entry,stable,[],selected from provenance-preserving alternative cluster
GM_RM019,GM_RM019:GV004,79,,,,,missed_or_occluded,true,"[""YOLO11l:botsort:bs_0032"",""YOLO11l:botsort:bs_0057"",""YOLO11l:botsort:bs_0066"",""YOLO11l:bytetrack:bt_0039"",""YOLO11l:bytetrack:bt_0068"",""YOLO11l:bytetrack:bt_0077"",""YOLO26l:botsort:bs_0033"",""YOLO26l:botsort:bs_0054"",""YOLO26l:botsort:bs_0065"",""YOLO26l:bytetrack:bt_0035"",""YOLO26l:bytetrack:bt_0057"",""YOLO26l:bytetrack:bt_0068""]",,gap_state_without_synthetic_bbox,moderate,"[""gap_recovery""]",No bbox is fabricated for an optical miss or occlusion gap.
GM_RM019,GM_RM019:GV004,80,GM_RM019:AT0009,GM_RM019:YOLO11l:GM_RM019_000080_002,YOLO11l,"[372.785,335.113,402.714,354.486]",recovery,false,"[""YOLO11l:botsort:bs_0032"",""YOLO11l:bytetrack:bt_0039""]",,birth_or_entry,stable,[],selected from provenance-preserving alternative cluster
GM_RM019,GM_RM019:GV004,81,GM_RM019:AT0009,GM_RM019:YOLO11l:GM_RM019_000081_001,YOLO11l,"[380.529,334.592,410.158,352.244]",active_visible,false,"[""YOLO11l:botsort:bs_0032"",""YOLO11l:bytetrack:bt_0039""]",,birth_or_entry,stable,[],selected from provenance-preserving alternative cluster
GM_RM019,GM_RM019:GV004,82,GM_RM019:AT0009,GM_RM019:YOLO11l:GM_RM019_000082_001,YOLO11l,"[387.06,333.57,416.229,352.197]",active_visible,false,"[""YOLO11l:botsort:bs_0032"",""YOLO11l:bytetrack:bt_0039""]",,birth_or_entry,stable,[],selected from provenance-preserving alternative cluster
GM_RM019,GM_RM019:GV004,83,,,,,missed_or_occluded,true,"[""YOLO11l:botsort:bs_0032"",""YOLO11l:botsort:bs_0057"",""YOLO11l:botsort:bs_0066"",""YOLO11l:bytetrack:bt_0039"",""YOLO11l:bytetrack:bt_0068"",""YOLO11l:bytetrack:bt_0077"",""YOLO26l:botsort:bs_0033"",""YOLO26l:botsort:bs_0054"",""YOLO26l:botsort:bs_0065"",""YOLO26l:bytetrack:bt_0035"",""YOLO26l:bytetrack:bt_0057"",""YOLO26l:bytetrack:bt_0068""]",GM_RM019:E012142,gap_state_without_synthetic_bbox,moderate,"[""gap_recovery""]",No bbox is fabricated for an optical miss or occlusion gap.
GM_RM019,GM_RM019:GV004,84,,,,,missed_or_occluded,true,"[""YOLO11l:botsort:bs_0032"",""YOLO11l:botsort:bs_0057"",""YOLO11l:botsort:bs_0066"",""YOLO11l:bytetrack:bt_0039"",""YOLO11l:bytetrack:bt_0068"",""YOLO11l:bytetrack:bt_0077"",""YOLO26l:botsort:bs_0033"",""YOLO26l:botsort:bs_0054"",""YOLO26l:botsort:bs_0065"",""YOLO26l:bytetrack:bt_0035"",""YOLO26l:bytetrack:bt_0057"",""YOLO26l:bytetrack:bt_0068""]",,gap_state_without_synthetic_bbox,moderate,"[""gap_recovery""]",No bbox is fabricated for an optical miss or occlusion gap.
GM_RM019,GM_RM019:GV004,85,,,,,missed_or_occluded,true,"[""YOLO11l:botsort:bs_0032"",""YOLO11l:botsort:bs_0057"",""YOLO11l:botsort:bs_0066"",""YOLO11l:bytetrack:bt_0039"",""YOLO11l:bytetrack:bt_0068"",""YOLO11l:bytetrack:bt_0077"",""YOLO26l:botsort:bs_0033"",""YOLO26l:botsort:bs_0054"",""YOLO26l:botsort:bs_0065"",""YOLO26l:bytetrack:bt_0035"",""YOLO26l:bytetrack:bt_0057"",""YOLO26l:bytetrack:bt_0068""]",,gap_state_without_synthetic_bbox,moderate,"[""gap_recovery""]",No bbox is fabricated for an optical miss or occlusion gap.
GM_RM019,GM_RM019:GV004,86,GM_RM019:AT0016,GM_RM019:YOLO11l:GM_RM019_000086_002,YOLO11l,"[455.425,323.673,465.939,330.789]",recovery,false,"[""YOLO11l:botsort:bs_0057"",""YOLO11l:bytetrack:bt_0068"",""YOLO26l:botsort:bs_0054"",""YOLO26l:bytetrack:bt_0057""]",GM_RM019:E012142,"{""edge_id"":""GM_RM019:E012142"",""gap"":3,""motion"":1.2144,""appearance"":0.1984,""color"":0.2841,""shape"":1.0495,""boundary_support"":0.0,""shared_trackers"":[],""total_cost"":125}",moderate_gap,[],selected from provenance-preserving alternative cluster
GM_RM019,GM_RM019:GV004,87,GM_RM019:AT0016,GM_RM019:YOLO11l:GM_RM019_000087_004,YOLO11l,"[456.231,324.661,466.639,331.673]",active_visible,false,"[""YOLO11l:botsort:bs_0057"",""YOLO11l:bytetrack:bt_0068""]",,birth_or_entry,stable,[],selected from provenance-preserving alternative cluster
GM_RM019,GM_RM019:GV004,88,GM_RM019:AT0016,GM_RM019:YOLO11l:GM_RM019_000088_002,YOLO11l,"[458.488,324.779,468.661,332.053]",active_visible,false,"[""YOLO11l:botsort:bs_0057"",""YOLO11l:bytetrack:bt_0068""]",,birth_or_entry,stable,[],selected from provenance-preserving alternative cluster
GM_RM019,GM_RM019:GV004,89,GM_RM019:AT0016,GM_RM019:YOLO11l:GM_RM019_000089_002,YOLO11l,"[458.861,324.942,470.122,332.509]",active_visible,false,"[""YOLO11l:botsort:bs_0057"",""YOLO11l:bytetrack:bt_0068""]",,birth_or_entry,stable,[],selected from provenance-preserving alternative cluster
GM_RM019,GM_RM019:GV004,90,GM_RM019:AT0016,GM_RM019:YOLO11l:GM_RM019_000090_002,YOLO11l,"[458.531,325.306,470.467,333.266]",active_visible,false,"[""YOLO11l:botsort:bs_0057"",""YOLO11l:bytetrack:bt_0068""]",,birth_or_entry,stable,[],selected from provenance-preserving alternative cluster
GM_RM019,GM_RM019:GV004,91,GM_RM019:AT0016,GM_RM019:YOLO11l:GM_RM019_000091_002,YOLO11l,"[461.869,325.03,472.662,334.097]",active_visible,false,"[""YOLO11l:botsort:bs_0057"",""YOLO11l:bytetrack:bt_0068""]",,birth_or_entry,stable,[],selected from provenance-preserving alternative cluster
GM_RM019,GM_RM019:GV004,92,GM_RM019:AT0016,GM_RM019:YOLO11l:GM_RM019_000092_003,YOLO11l,"[463.806,325.85,473.912,335.047]",active_visible,false,"[""YOLO11l:botsort:bs_0057"",""YOLO11l:bytetrack:bt_0068""]",,birth_or_entry,stable,[],selected from provenance-preserving alternative cluster
GM_RM019,GM_RM019:GV004,93,,,,,missed_or_occluded,true,"[""YOLO11l:botsort:bs_0032"",""YOLO11l:botsort:bs_0057"",""YOLO11l:botsort:bs_0066"",""YOLO11l:bytetrack:bt_0039"",""YOLO11l:bytetrack:bt_0068"",""YOLO11l:bytetrack:bt_0077"",""YOLO26l:botsort:bs_0033"",""YOLO26l:botsort:bs_0054"",""YOLO26l:botsort:bs_0065"",""YOLO26l:bytetrack:bt_0035"",""YOLO26l:bytetrack:bt_0057"",""YOLO26l:bytetrack:bt_0068""]",GM_RM019:E013798,gap_state_without_synthetic_bbox,review_gap,"[""gap_recovery""]",No bbox is fabricated for an optical miss or occlusion gap.
GM_RM019,GM_RM019:GV004,94,,,,,missed_or_occluded,true,"[""YOLO11l:botsort:bs_0032"",""YOLO11l:botsort:bs_0057"",""YOLO11l:botsort:bs_0066"",""YOLO11l:bytetrack:bt_0039"",""YOLO11l:bytetrack:bt_0068"",""YOLO11l:bytetrack:bt_0077"",""YOLO26l:botsort:bs_0033"",""YOLO26l:botsort:bs_0054"",""YOLO26l:botsort:bs_0065"",""YOLO26l:bytetrack:bt_0035"",""YOLO26l:bytetrack:bt_0057"",""YOLO26l:bytetrack:bt_0068""]",,gap_state_without_synthetic_bbox,review_gap,"[""gap_recovery""]",No bbox is fabricated for an optical miss or occlusion gap.
GM_RM019,GM_RM019:GV004,95,,,,,missed_or_occluded,true,"[""YOLO11l:botsort:bs_0032"",""YOLO11l:botsort:bs_0057"",""YOLO11l:botsort:bs_0066"",""YOLO11l:bytetrack:bt_0039"",""YOLO11l:bytetrack:bt_0068"",""YOLO11l:bytetrack:bt_0077"",""YOLO26l:botsort:bs_0033"",""YOLO26l:botsort:bs_0054"",""YOLO26l:botsort:bs_0065"",""YOLO26l:bytetrack:bt_0035"",""YOLO26l:bytetrack:bt_0057"",""YOLO26l:bytetrack:bt_0068""]",,gap_state_without_synthetic_bbox,review_gap,"[""gap_recovery""]",No bbox is fabricated for an optical miss or occlusion gap.
GM_RM019,GM_RM019:GV004,96,,,,,missed_or_occluded,true,"[""YOLO11l:botsort:bs_0032"",""YOLO11l:botsort:bs_0057"",""YOLO11l:botsort:bs_0066"",""YOLO11l:bytetrack:bt_0039"",""YOLO11l:bytetrack:bt_0068"",""YOLO11l:bytetrack:bt_0077"",""YOLO26l:botsort:bs_0033"",""YOLO26l:botsort:bs_0054"",""YOLO26l:botsort:bs_0065"",""YOLO26l:bytetrack:bt_0035"",""YOLO26l:bytetrack:bt_0057"",""YOLO26l:bytetrack:bt_0068""]",,gap_state_without_synthetic_bbox,review_gap,"[""gap_recovery""]",No bbox is fabricated for an optical miss or occlusion gap.
GM_RM019,GM_RM019:GV004,97,,,,,missed_or_occluded,true,"[""YOLO11l:botsort:bs_0032"",""YOLO11l:botsort:bs_0057"",""YOLO11l:botsort:bs_0066"",""YOLO11l:bytetrack:bt_0039"",""YOLO11l:bytetrack:bt_0068"",""YOLO11l:bytetrack:bt_0077"",""YOLO26l:botsort:bs_0033"",""YOLO26l:botsort:bs_0054"",""YOLO26l:botsort:bs_0065"",""YOLO26l:bytetrack:bt_0035"",""YOLO26l:bytetrack:bt_0057"",""YOLO26l:bytetrack:bt_0068""]",,gap_state_without_synthetic_bbox,review_gap,"[""gap_recovery""]",No bbox is fabricated for an optical miss or occlusion gap.
GM_RM019,GM_RM019:GV004,98,,,,,missed_or_occluded,true,"[""YOLO11l:botsort:bs_0032"",""YOLO11l:botsort:bs_0057"",""YOLO11l:botsort:bs_0066"",""YOLO11l:bytetrack:bt_0039"",""YOLO11l:bytetrack:bt_0068"",""YOLO11l:bytetrack:bt_0077"",""YOLO26l:botsort:bs_0033"",""YOLO26l:botsort:bs_0054"",""YOLO26l:botsort:bs_0065"",""YOLO26l:bytetrack:bt_0035"",""YOLO26l:bytetrack:bt_0057"",""YOLO26l:bytetrack:bt_0068""]",,gap_state_without_synthetic_bbox,review_gap,"[""gap_recovery""]",No bbox is fabricated for an optical miss or occlusion gap.
GM_RM019,GM_RM019:GV004,99,,,,,missed_or_occluded,true,"[""YOLO11l:botsort:bs_0032"",""YOLO11l:botsort:bs_0057"",""YOLO11l:botsort:bs_0066"",""YOLO11l:bytetrack:bt_0039"",""YOLO11l:bytetrack:bt_0068"",""YOLO11l:bytetrack:bt_0077"",""YOLO26l:botsort:bs_0033"",""YOLO26l:botsort:bs_0054"",""YOLO26l:botsort:bs_0065"",""YOLO26l:bytetrack:bt_0035"",""YOLO26l:bytetrack:bt_0057"",""YOLO26l:bytetrack:bt_0068""]",,gap_state_without_synthetic_bbox,review_gap,"[""gap_recovery""]",No bbox is fabricated for an optical miss or occlusion gap.
GM_RM019,GM_RM019:GV004,100,,,,,missed_or_occluded,true,"[""YOLO11l:botsort:bs_0032"",""YOLO11l:botsort:bs_0057"",""YOLO11l:botsort:bs_0066"",""YOLO11l:bytetrack:bt_0039"",""YOLO11l:bytetrack:bt_0068"",""YOLO11l:bytetrack:bt_0077"",""YOLO26l:botsort:bs_0033"",""YOLO26l:botsort:bs_0054"",""YOLO26l:botsort:bs_0065"",""YOLO26l:bytetrack:bt_0035"",""YOLO26l:bytetrack:bt_0057"",""YOLO26l:bytetrack:bt_0068""]",,gap_state_without_synthetic_bbox,review_gap,"[""gap_recovery""]",No bbox is fabricated for an optical miss or occlusion gap.
GM_RM019,GM_RM019:GV004,101,,,,,missed_or_occluded,true,"[""YOLO11l:botsort:bs_0032"",""YOLO11l:botsort:bs_0057"",""YOLO11l:botsort:bs_0066"",""YOLO11l:bytetrack:bt_0039"",""YOLO11l:bytetrack:bt_0068"",""YOLO11l:bytetrack:bt_0077"",""YOLO26l:botsort:bs_0033"",""YOLO26l:botsort:bs_0054"",""YOLO26l:botsort:bs_0065"",""YOLO26l:bytetrack:bt_0035"",""YOLO26l:bytetrack:bt_0057"",""YOLO26l:bytetrack:bt_0068""]",,gap_state_without_synthetic_bbox,review_gap,"[""gap_recovery""]",No bbox is fabricated for an optical miss or occlusion gap.
GM_RM019,GM_RM019:GV004,102,,,,,missed_or_occluded,true,"[""YOLO11l:botsort:bs_0032"",""YOLO11l:botsort:bs_0057"",""YOLO11l:botsort:bs_0066"",""YOLO11l:bytetrack:bt_0039"",""YOLO11l:bytetrack:bt_0068"",""YOLO11l:bytetrack:bt_0077"",""YOLO26l:botsort:bs_0033"",""YOLO26l:botsort:bs_0054"",""YOLO26l:botsort:bs_0065"",""YOLO26l:bytetrack:bt_0035"",""YOLO26l:bytetrack:bt_0057"",""YOLO26l:bytetrack:bt_0068""]",,gap_state_without_synthetic_bbox,review_gap,"[""gap_recovery""]",No bbox is fabricated for an optical miss or occlusion gap.
GM_RM019,GM_RM019:GV004,103,,,,,missed_or_occluded,true,"[""YOLO11l:botsort:bs_0032"",""YOLO11l:botsort:bs_0057"",""YOLO11l:botsort:bs_0066"",""YOLO11l:bytetrack:bt_0039"",""YOLO11l:bytetrack:bt_0068"",""YOLO11l:bytetrack:bt_0077"",""YOLO26l:botsort:bs_0033"",""YOLO26l:botsort:bs_0054"",""YOLO26l:botsort:bs_0065"",""YOLO26l:bytetrack:bt_0035"",""YOLO26l:bytetrack:bt_0057"",""YOLO26l:bytetrack:bt_0068""]",,gap_state_without_synthetic_bbox,review_gap,"[""gap_recovery""]",No bbox is fabricated for an optical miss or occlusion gap.
GM_RM019,GM_RM019:GV004,104,,,,,missed_or_occluded,true,"[""YOLO11l:botsort:bs_0032"",""YOLO11l:botsort:bs_0057"",""YOLO11l:botsort:bs_0066"",""YOLO11l:bytetrack:bt_0039"",""YOLO11l:bytetrack:bt_0068"",""YOLO11l:bytetrack:bt_0077"",""YOLO26l:botsort:bs_0033"",""YOLO26l:botsort:bs_0054"",""YOLO26l:botsort:bs_0065"",""YOLO26l:bytetrack:bt_0035"",""YOLO26l:bytetrack:bt_0057"",""YOLO26l:bytetrack:bt_0068""]",,gap_state_without_synthetic_bbox,review_gap,"[""gap_recovery""]",No bbox is fabricated for an optical miss or occlusion gap.
GM_RM019,GM_RM019:GV004,105,,,,,missed_or_occluded,true,"[""YOLO11l:botsort:bs_0032"",""YOLO11l:botsort:bs_0057"",""YOLO11l:botsort:bs_0066"",""YOLO11l:bytetrack:bt_0039"",""YOLO11l:bytetrack:bt_0068"",""YOLO11l:bytetrack:bt_0077"",""YOLO26l:botsort:bs_0033"",""YOLO26l:botsort:bs_0054"",""YOLO26l:botsort:bs_0065"",""YOLO26l:bytetrack:bt_0035"",""YOLO26l:bytetrack:bt_0057"",""YOLO26l:bytetrack:bt_0068""]",,gap_state_without_synthetic_bbox,review_gap,"[""gap_recovery""]",No bbox is fabricated for an optical miss or occlusion gap.
GM_RM019,GM_RM019:GV004,106,,,,,missed_or_occluded,true,"[""YOLO11l:botsort:bs_0032"",""YOLO11l:botsort:bs_0057"",""YOLO11l:botsort:bs_0066"",""YOLO11l:bytetrack:bt_0039"",""YOLO11l:bytetrack:bt_0068"",""YOLO11l:bytetrack:bt_0077"",""YOLO26l:botsort:bs_0033"",""YOLO26l:botsort:bs_0054"",""YOLO26l:botsort:bs_0065"",""YOLO26l:bytetrack:bt_0035"",""YOLO26l:bytetrack:bt_0057"",""YOLO26l:bytetrack:bt_0068""]",,gap_state_without_synthetic_bbox,review_gap,"[""gap_recovery""]",No bbox is fabricated for an optical miss or occlusion gap.
GM_RM019,GM_RM019:GV004,107,,,,,missed_or_occluded,true,"[""YOLO11l:botsort:bs_0032"",""YOLO11l:botsort:bs_0057"",""YOLO11l:botsort:bs_0066"",""YOLO11l:bytetrack:bt_0039"",""YOLO11l:bytetrack:bt_0068"",""YOLO11l:bytetrack:bt_0077"",""YOLO26l:botsort:bs_0033"",""YOLO26l:botsort:bs_0054"",""YOLO26l:botsort:bs_0065"",""YOLO26l:bytetrack:bt_0035"",""YOLO26l:bytetrack:bt_0057"",""YOLO26l:bytetrack:bt_0068""]",,gap_state_without_synthetic_bbox,review_gap,"[""gap_recovery""]",No bbox is fabricated for an optical miss or occlusion gap.
GM_RM019,GM_RM019:GV004,108,,,,,missed_or_occluded,true,"[""YOLO11l:botsort:bs_0032"",""YOLO11l:botsort:bs_0057"",""YOLO11l:botsort:bs_0066"",""YOLO11l:bytetrack:bt_0039"",""YOLO11l:bytetrack:bt_0068"",""YOLO11l:bytetrack:bt_0077"",""YOLO26l:botsort:bs_0033"",""YOLO26l:botsort:bs_0054"",""YOLO26l:botsort:bs_0065"",""YOLO26l:bytetrack:bt_0035"",""YOLO26l:bytetrack:bt_0057"",""YOLO26l:bytetrack:bt_0068""]",,gap_state_without_synthetic_bbox,review_gap,"[""gap_recovery""]",No bbox is fabricated for an optical miss or occlusion gap.
GM_RM019,GM_RM019:GV004,109,,,,,missed_or_occluded,true,"[""YOLO11l:botsort:bs_0032"",""YOLO11l:botsort:bs_0057"",""YOLO11l:botsort:bs_0066"",""YOLO11l:bytetrack:bt_0039"",""YOLO11l:bytetrack:bt_0068"",""YOLO11l:bytetrack:bt_0077"",""YOLO26l:botsort:bs_0033"",""YOLO26l:botsort:bs_0054"",""YOLO26l:botsort:bs_0065"",""YOLO26l:bytetrack:bt_0035"",""YOLO26l:bytetrack:bt_0057"",""YOLO26l:bytetrack:bt_0068""]",,gap_state_without_synthetic_bbox,review_gap,"[""gap_recovery""]",No bbox is fabricated for an optical miss or occlusion gap.
GM_RM019,GM_RM019:GV004,110,,,,,missed_or_occluded,true,"[""YOLO11l:botsort:bs_0032"",""YOLO11l:botsort:bs_0057"",""YOLO11l:botsort:bs_0066"",""YOLO11l:bytetrack:bt_0039"",""YOLO11l:bytetrack:bt_0068"",""YOLO11l:bytetrack:bt_0077"",""YOLO26l:botsort:bs_0033"",""YOLO26l:botsort:bs_0054"",""YOLO26l:botsort:bs_0065"",""YOLO26l:bytetrack:bt_0035"",""YOLO26l:bytetrack:bt_0057"",""YOLO26l:bytetrack:bt_0068""]",,gap_state_without_synthetic_bbox,review_gap,"[""gap_recovery""]",No bbox is fabricated for an optical miss or occlusion gap.
GM_RM019,GM_RM019:GV004,111,,,,,missed_or_occluded,true,"[""YOLO11l:botsort:bs_0032"",""YOLO11l:botsort:bs_0057"",""YOLO11l:botsort:bs_0066"",""YOLO11l:bytetrack:bt_0039"",""YOLO11l:bytetrack:bt_0068"",""YOLO11l:bytetrack:bt_0077"",""YOLO26l:botsort:bs_0033"",""YOLO26l:botsort:bs_0054"",""YOLO26l:botsort:bs_0065"",""YOLO26l:bytetrack:bt_0035"",""YOLO26l:bytetrack:bt_0057"",""YOLO26l:bytetrack:bt_0068""]",,gap_state_without_synthetic_bbox,review_gap,"[""gap_recovery""]",No bbox is fabricated for an optical miss or occlusion gap.
GM_RM019,GM_RM019:GV004,112,,,,,missed_or_occluded,true,"[""YOLO11l:botsort:bs_0032"",""YOLO11l:botsort:bs_0057"",""YOLO11l:botsort:bs_0066"",""YOLO11l:bytetrack:bt_0039"",""YOLO11l:bytetrack:bt_0068"",""YOLO11l:bytetrack:bt_0077"",""YOLO26l:botsort:bs_0033"",""YOLO26l:botsort:bs_0054"",""YOLO26l:botsort:bs_0065"",""YOLO26l:bytetrack:bt_0035"",""YOLO26l:bytetrack:bt_0057"",""YOLO26l:bytetrack:bt_0068""]",,gap_state_without_synthetic_bbox,review_gap,"[""gap_recovery""]",No bbox is fabricated for an optical miss or occlusion gap.
GM_RM019,GM_RM019:GV004,113,,,,,missed_or_occluded,true,"[""YOLO11l:botsort:bs_0032"",""YOLO11l:botsort:bs_0057"",""YOLO11l:botsort:bs_0066"",""YOLO11l:bytetrack:bt_0039"",""YOLO11l:bytetrack:bt_0068"",""YOLO11l:bytetrack:bt_0077"",""YOLO26l:botsort:bs_0033"",""YOLO26l:botsort:bs_0054"",""YOLO26l:botsort:bs_0065"",""YOLO26l:bytetrack:bt_0035"",""YOLO26l:bytetrack:bt_0057"",""YOLO26l:bytetrack:bt_0068""]",,gap_state_without_synthetic_bbox,review_gap,"[""gap_recovery""]",No bbox is fabricated for an optical miss or occlusion gap.
GM_RM019,GM_RM019:GV004,114,,,,,missed_or_occluded,true,"[""YOLO11l:botsort:bs_0032"",""YOLO11l:botsort:bs_0057"",""YOLO11l:botsort:bs_0066"",""YOLO11l:bytetrack:bt_0039"",""YOLO11l:bytetrack:bt_0068"",""YOLO11l:bytetrack:bt_0077"",""YOLO26l:botsort:bs_0033"",""YOLO26l:botsort:bs_0054"",""YOLO26l:botsort:bs_0065"",""YOLO26l:bytetrack:bt_0035"",""YOLO26l:bytetrack:bt_0057"",""YOLO26l:bytetrack:bt_0068""]",,gap_state_without_synthetic_bbox,review_gap,"[""gap_recovery""]",No bbox is fabricated for an optical miss or occlusion gap.
GM_RM019,GM_RM019:GV004,115,,,,,missed_or_occluded,true,"[""YOLO11l:botsort:bs_0032"",""YOLO11l:botsort:bs_0057"",""YOLO11l:botsort:bs_0066"",""YOLO11l:bytetrack:bt_0039"",""YOLO11l:bytetrack:bt_0068"",""YOLO11l:bytetrack:bt_0077"",""YOLO26l:botsort:bs_0033"",""YOLO26l:botsort:bs_0054"",""YOLO26l:botsort:bs_0065"",""YOLO26l:bytetrack:bt_0035"",""YOLO26l:bytetrack:bt_0057"",""YOLO26l:bytetrack:bt_0068""]",,gap_state_without_synthetic_bbox,review_gap,"[""gap_recovery""]",No bbox is fabricated for an optical miss or occlusion gap.
GM_RM019,GM_RM019:GV004,116,,,,,missed_or_occluded,true,"[""YOLO11l:botsort:bs_0032"",""YOLO11l:botsort:bs_0057"",""YOLO11l:botsort:bs_0066"",""YOLO11l:bytetrack:bt_0039"",""YOLO11l:bytetrack:bt_0068"",""YOLO11l:bytetrack:bt_0077"",""YOLO26l:botsort:bs_0033"",""YOLO26l:botsort:bs_0054"",""YOLO26l:botsort:bs_0065"",""YOLO26l:bytetrack:bt_0035"",""YOLO26l:bytetrack:bt_0057"",""YOLO26l:bytetrack:bt_0068""]",,gap_state_without_synthetic_bbox,review_gap,"[""gap_recovery""]",No bbox is fabricated for an optical miss or occlusion gap.
GM_RM019,GM_RM019:GV004,117,,,,,missed_or_occluded,true,"[""YOLO11l:botsort:bs_0032"",""YOLO11l:botsort:bs_0057"",""YOLO11l:botsort:bs_0066"",""YOLO11l:bytetrack:bt_0039"",""YOLO11l:bytetrack:bt_0068"",""YOLO11l:bytetrack:bt_0077"",""YOLO26l:botsort:bs_0033"",""YOLO26l:botsort:bs_0054"",""YOLO26l:botsort:bs_0065"",""YOLO26l:bytetrack:bt_0035"",""YOLO26l:bytetrack:bt_0057"",""YOLO26l:bytetrack:bt_0068""]",,gap_state_without_synthetic_bbox,review_gap,"[""gap_recovery""]",No bbox is fabricated for an optical miss or occlusion gap.
GM_RM019,GM_RM019:GV004,118,,,,,missed_or_occluded,true,"[""YOLO11l:botsort:bs_0032"",""YOLO11l:botsort:bs_0057"",""YOLO11l:botsort:bs_0066"",""YOLO11l:bytetrack:bt_0039"",""YOLO11l:bytetrack:bt_0068"",""YOLO11l:bytetrack:bt_0077"",""YOLO26l:botsort:bs_0033"",""YOLO26l:botsort:bs_0054"",""YOLO26l:botsort:bs_0065"",""YOLO26l:bytetrack:bt_0035"",""YOLO26l:bytetrack:bt_0057"",""YOLO26l:bytetrack:bt_0068""]",,gap_state_without_synthetic_bbox,review_gap,"[""gap_recovery""]",No bbox is fabricated for an optical miss or occlusion gap.
GM_RM019,GM_RM019:GV004,119,,,,,missed_or_occluded,true,"[""YOLO11l:botsort:bs_0032"",""YOLO11l:botsort:bs_0057"",""YOLO11l:botsort:bs_0066"",""YOLO11l:bytetrack:bt_0039"",""YOLO11l:bytetrack:bt_0068"",""YOLO11l:bytetrack:bt_0077"",""YOLO26l:botsort:bs_0033"",""YOLO26l:botsort:bs_0054"",""YOLO26l:botsort:bs_0065"",""YOLO26l:bytetrack:bt_0035"",""YOLO26l:bytetrack:bt_0057"",""YOLO26l:bytetrack:bt_0068""]",,gap_state_without_synthetic_bbox,review_gap,"[""gap_recovery""]",No bbox is fabricated for an optical miss or occlusion gap.
GM_RM019,GM_RM019:GV004,120,,,,,missed_or_occluded,true,"[""YOLO11l:botsort:bs_0032"",""YOLO11l:botsort:bs_0057"",""YOLO11l:botsort:bs_0066"",""YOLO11l:bytetrack:bt_0039"",""YOLO11l:bytetrack:bt_0068"",""YOLO11l:bytetrack:bt_0077"",""YOLO26l:botsort:bs_0033"",""YOLO26l:botsort:bs_0054"",""YOLO26l:botsort:bs_0065"",""YOLO26l:bytetrack:bt_0035"",""YOLO26l:bytetrack:bt_0057"",""YOLO26l:bytetrack:bt_0068""]",,gap_state_without_synthetic_bbox,review_gap,"[""gap_recovery""]",No bbox is fabricated for an optical miss or occlusion gap.
GM_RM019,GM_RM019:GV004,121,,,,,missed_or_occluded,true,"[""YOLO11l:botsort:bs_0032"",""YOLO11l:botsort:bs_0057"",""YOLO11l:botsort:bs_0066"",""YOLO11l:bytetrack:bt_0039"",""YOLO11l:bytetrack:bt_0068"",""YOLO11l:bytetrack:bt_0077"",""YOLO26l:botsort:bs_0033"",""YOLO26l:botsort:bs_0054"",""YOLO26l:botsort:bs_0065"",""YOLO26l:bytetrack:bt_0035"",""YOLO26l:bytetrack:bt_0057"",""YOLO26l:bytetrack:bt_0068""]",,gap_state_without_synthetic_bbox,review_gap,"[""gap_recovery""]",No bbox is fabricated for an optical miss or occlusion gap.
GM_RM019,GM_RM019:GV004,122,,,,,missed_or_occluded,true,"[""YOLO11l:botsort:bs_0032"",""YOLO11l:botsort:bs_0057"",""YOLO11l:botsort:bs_0066"",""YOLO11l:bytetrack:bt_0039"",""YOLO11l:bytetrack:bt_0068"",""YOLO11l:bytetrack:bt_0077"",""YOLO26l:botsort:bs_0033"",""YOLO26l:botsort:bs_0054"",""YOLO26l:botsort:bs_0065"",""YOLO26l:bytetrack:bt_0035"",""YOLO26l:bytetrack:bt_0057"",""YOLO26l:bytetrack:bt_0068""]",,gap_state_without_synthetic_bbox,review_gap,"[""gap_recovery""]",No bbox is fabricated for an optical miss or occlusion gap.
GM_RM019,GM_RM019:GV004,123,,,,,missed_or_occluded,true,"[""YOLO11l:botsort:bs_0032"",""YOLO11l:botsort:bs_0057"",""YOLO11l:botsort:bs_0066"",""YOLO11l:bytetrack:bt_0039"",""YOLO11l:bytetrack:bt_0068"",""YOLO11l:bytetrack:bt_0077"",""YOLO26l:botsort:bs_0033"",""YOLO26l:botsort:bs_0054"",""YOLO26l:botsort:bs_0065"",""YOLO26l:bytetrack:bt_0035"",""YOLO26l:bytetrack:bt_0057"",""YOLO26l:bytetrack:bt_0068""]",,gap_state_without_synthetic_bbox,review_gap,"[""gap_recovery""]",No bbox is fabricated for an optical miss or occlusion gap.
GM_RM019,GM_RM019:GV004,124,,,,,missed_or_occluded,true,"[""YOLO11l:botsort:bs_0032"",""YOLO11l:botsort:bs_0057"",""YOLO11l:botsort:bs_0066"",""YOLO11l:bytetrack:bt_0039"",""YOLO11l:bytetrack:bt_0068"",""YOLO11l:bytetrack:bt_0077"",""YOLO26l:botsort:bs_0033"",""YOLO26l:botsort:bs_0054"",""YOLO26l:botsort:bs_0065"",""YOLO26l:bytetrack:bt_0035"",""YOLO26l:bytetrack:bt_0057"",""YOLO26l:bytetrack:bt_0068""]",,gap_state_without_synthetic_bbox,review_gap,"[""gap_recovery""]",No bbox is fabricated for an optical miss or occlusion gap.
GM_RM019,GM_RM019:GV004,125,GM_RM019:AT0019,GM_RM019:YOLO11l:GM_RM019_000125_001,YOLO11l,"[252.925,263.031,797.774,593.972]",recovery,false,"[""YOLO11l:botsort:bs_0066"",""YOLO11l:bytetrack:bt_0077"",""YOLO26l:botsort:bs_0065"",""YOLO26l:bytetrack:bt_0068""]",GM_RM019:E013798,"{""edge_id"":""GM_RM019:E013798"",""gap"":32,""motion"":0.2118,""appearance"":0.6563,""color"":0.2063,""shape"":3.0,""boundary_support"":1.0,""shared_trackers"":[],""total_cost"":174}",moderate_gap,[],selected from provenance-preserving alternative cluster
GM_RM019,GM_RM019:GV004,126,GM_RM019:AT0019,GM_RM019:YOLO11l:GM_RM019_000126_001,YOLO11l,"[216.666,261.684,795.623,593.32]",active_visible,false,"[""YOLO11l:botsort:bs_0066"",""YOLO11l:bytetrack:bt_0077"",""YOLO26l:botsort:bs_0065"",""YOLO26l:bytetrack:bt_0068""]",,birth_or_entry,stable,[],selected from provenance-preserving alternative cluster
GM_RM019,GM_RM019:GV004,127,GM_RM019:AT0019,GM_RM019:YOLO11l:GM_RM019_000127_001,YOLO11l,"[233.118,258.641,797.022,593.481]",active_visible,false,"[""YOLO11l:botsort:bs_0066"",""YOLO11l:bytetrack:bt_0077"",""YOLO26l:botsort:bs_0065"",""YOLO26l:bytetrack:bt_0068""]",,birth_or_entry,stable,[],selected from provenance-preserving alternative cluster
GM_RM019,GM_RM019:GV004,128,GM_RM019:AT0019,GM_RM019:YOLO11l:GM_RM019_000128_001,YOLO11l,"[250.116,256.604,794.992,594.058]",active_visible,false,"[""YOLO11l:botsort:bs_0066"",""YOLO11l:bytetrack:bt_0077"",""YOLO26l:botsort:bs_0065"",""YOLO26l:bytetrack:bt_0068""]",,birth_or_entry,stable,[],selected from provenance-preserving alternative cluster
GM_RM019,GM_RM019:GV004,129,GM_RM019:AT0019,GM_RM019:YOLO11l:GM_RM019_000129_001,YOLO11l,"[287.1,255.956,798.714,594.245]",active_visible,false,"[""YOLO11l:botsort:bs_0066"",""YOLO11l:bytetrack:bt_0077"",""YOLO26l:botsort:bs_0065"",""YOLO26l:bytetrack:bt_0068""]",,birth_or_entry,stable,[],selected from provenance-preserving alternative cluster
GM_RM019,GM_RM019:GV004,130,GM_RM019:AT0019,GM_RM019:YOLO11l:GM_RM019_000130_001,YOLO11l,"[328.152,259.842,798.986,594.648]",active_visible,false,"[""YOLO11l:botsort:bs_0066"",""YOLO11l:bytetrack:bt_0077"",""YOLO26l:botsort:bs_0065"",""YOLO26l:bytetrack:bt_0068""]",,birth_or_entry,stable,[],selected from provenance-preserving alternative cluster
GM_RM019,GM_RM019:GV004,131,GM_RM019:AT0019,GM_RM019:YOLO11l:GM_RM019_000131_001,YOLO11l,"[370.022,258.301,798.882,594.288]",active_visible,false,"[""YOLO11l:botsort:bs_0066"",""YOLO11l:bytetrack:bt_0077"",""YOLO26l:botsort:bs_0065"",""YOLO26l:bytetrack:bt_0068""]",,birth_or_entry,stable,[],selected from provenance-preserving alternative cluster
GM_RM019,GM_RM019:GV004,132,GM_RM019:AT0019,GM_RM019:YOLO11l:GM_RM019_000132_001,YOLO11l,"[410.093,270.626,798.995,595.053]",active_visible,false,"[""YOLO11l:botsort:bs_0066"",""YOLO11l:bytetrack:bt_0077"",""YOLO26l:botsort:bs_0065"",""YOLO26l:bytetrack:bt_0068""]",,birth_or_entry,stable,[],selected from provenance-preserving alternative cluster
GM_RM019,GM_RM019:GV004,133,GM_RM019:AT0019,GM_RM019:YOLO11l:GM_RM019_000133_001,YOLO11l,"[451.116,284.589,799.091,594.73]",active_visible,false,"[""YOLO11l:botsort:bs_0066"",""YOLO11l:bytetrack:bt_0077"",""YOLO26l:botsort:bs_0065"",""YOLO26l:bytetrack:bt_0068""]",,birth_or_entry,stable,[],selected from provenance-preserving alternative cluster
GM_RM019,GM_RM019:GV004,134,GM_RM019:AT0019,GM_RM019:YOLO11l:GM_RM019_000134_001,YOLO11l,"[489.433,294.119,799.242,594.773]",active_visible,false,"[""YOLO11l:botsort:bs_0066"",""YOLO11l:bytetrack:bt_0077"",""YOLO26l:botsort:bs_0065"",""YOLO26l:bytetrack:bt_0068""]",,birth_or_entry,stable,[],selected from provenance-preserving alternative cluster
GM_RM019,GM_RM019:GV004,135,GM_RM019:AT0019,GM_RM019:YOLO11l:GM_RM019_000135_001,YOLO11l,"[527.825,305.441,799.446,594.681]",active_visible,false,"[""YOLO11l:botsort:bs_0066"",""YOLO11l:bytetrack:bt_0077"",""YOLO26l:botsort:bs_0065"",""YOLO26l:bytetrack:bt_0068""]",,birth_or_entry,stable,[],selected from provenance-preserving alternative cluster
GM_RM019,GM_RM019:GV004,136,GM_RM019:AT0019,GM_RM019:YOLO11l:GM_RM019_000136_001,YOLO11l,"[564.722,320.307,799.644,594.955]",active_visible,false,"[""YOLO11l:botsort:bs_0066"",""YOLO11l:bytetrack:bt_0077"",""YOLO26l:botsort:bs_0065"",""YOLO26l:bytetrack:bt_0068""]",,birth_or_entry,stable,[],selected from provenance-preserving alternative cluster
GM_RM019,GM_RM019:GV004,137,GM_RM019:AT0019,GM_RM019:YOLO11l:GM_RM019_000137_001,YOLO11l,"[603.776,342.425,799.487,595.256]",active_visible,false,"[""YOLO11l:botsort:bs_0066"",""YOLO11l:bytetrack:bt_0077"",""YOLO26l:botsort:bs_0065"",""YOLO26l:bytetrack:bt_0068""]",,birth_or_entry,stable,[],selected from provenance-preserving alternative cluster
GM_RM019,GM_RM019:GV004,138,GM_RM019:AT0019,GM_RM019:YOLO11l:GM_RM019_000138_001,YOLO11l,"[641.497,361.36,799.548,595.49]",active_visible,false,"[""YOLO11l:botsort:bs_0066"",""YOLO11l:bytetrack:bt_0077"",""YOLO26l:botsort:bs_0065"",""YOLO26l:bytetrack:bt_0068""]",,birth_or_entry,stable,[],selected from provenance-preserving alternative cluster
GM_RM019,GM_RM019:GV004,139,GM_RM019:AT0019,GM_RM019:YOLO11l:GM_RM019_000139_001,YOLO11l,"[680.215,391.076,799.649,595.109]",active_visible,false,"[""YOLO11l:botsort:bs_0066"",""YOLO11l:bytetrack:bt_0077"",""YOLO26l:botsort:bs_0065"",""YOLO26l:bytetrack:bt_0068""]",,birth_or_entry,stable,[],selected from provenance-preserving alternative cluster
GM_RM019,GM_RM019:GV004,140,GM_RM019:AT0019,GM_RM019:YOLO11l:GM_RM019_000140_001,YOLO11l,"[719.428,409.456,799.706,593.478]",active_visible,false,"[""YOLO11l:botsort:bs_0066"",""YOLO11l:bytetrack:bt_0077"",""YOLO26l:botsort:bs_0065"",""YOLO26l:bytetrack:bt_0068""]",,birth_or_entry,stable,[],selected from provenance-preserving alternative cluster
GM_RM019,GM_RM019:GV004,141,GM_RM019:AT0019,GM_RM019:YOLO11l:GM_RM019_000141_001,YOLO11l,"[757.611,424.85,799.702,569.468]",exit_or_death,false,"[""YOLO11l:botsort:bs_0066"",""YOLO26l:botsort:bs_0065""]",,birth_or_entry,stable,[],selected from provenance-preserving alternative cluster
GM_RM019,GM_RM019:GV005,98,GM_RM019:AT0018,GM_RM019:YOLO11l:GM_RM019_000098_001,YOLO11l,"[0.323,304.164,58.818,493.422]",birth_or_entry,false,"[""YOLO11l:botsort:bs_0066"",""YOLO11l:bytetrack:bt_0077""]",,birth_or_entry,stable,[],selected from provenance-preserving alternative cluster
GM_RM019,GM_RM019:GV005,99,GM_RM019:AT0018,GM_RM019:YOLO11l:GM_RM019_000099_001,YOLO11l,"[0.395,301.085,83.824,505.353]",active_visible,false,"[""YOLO11l:botsort:bs_0066"",""YOLO11l:bytetrack:bt_0077"",""YOLO26l:botsort:bs_0065"",""YOLO26l:bytetrack:bt_0068""]",,birth_or_entry,stable,[],selected from provenance-preserving alternative cluster
GM_RM019,GM_RM019:GV005,100,GM_RM019:AT0018,GM_RM019:YOLO11l:GM_RM019_000100_001,YOLO11l,"[0.232,300.065,109.086,523.49]",active_visible,false,"[""YOLO11l:botsort:bs_0066"",""YOLO11l:bytetrack:bt_0077"",""YOLO26l:botsort:bs_0065"",""YOLO26l:bytetrack:bt_0068""]",,birth_or_entry,stable,[],selected from provenance-preserving alternative cluster
GM_RM019,GM_RM019:GV005,101,GM_RM019:AT0018,GM_RM019:YOLO11l:GM_RM019_000101_001,YOLO11l,"[0.292,302.515,135.832,533.985]",active_visible,false,"[""YOLO11l:botsort:bs_0066"",""YOLO11l:bytetrack:bt_0077"",""YOLO26l:botsort:bs_0065"",""YOLO26l:bytetrack:bt_0068""]",,birth_or_entry,stable,[],selected from provenance-preserving alternative cluster
GM_RM019,GM_RM019:GV005,102,GM_RM019:AT0018,GM_RM019:YOLO11l:GM_RM019_000102_001,YOLO11l,"[0.373,299.091,159.676,538.969]",active_visible,false,"[""YOLO11l:botsort:bs_0066"",""YOLO11l:bytetrack:bt_0077"",""YOLO26l:botsort:bs_0065"",""YOLO26l:bytetrack:bt_0068""]",,birth_or_entry,stable,[],selected from provenance-preserving alternative cluster
GM_RM019,GM_RM019:GV005,103,GM_RM019:AT0018,GM_RM019:YOLO11l:GM_RM019_000103_001,YOLO11l,"[0.466,288.674,182.113,541.669]",active_visible,false,"[""YOLO11l:botsort:bs_0066"",""YOLO11l:bytetrack:bt_0077"",""YOLO26l:botsort:bs_0065"",""YOLO26l:bytetrack:bt_0068""]",,birth_or_entry,stable,[],selected from provenance-preserving alternative cluster
GM_RM019,GM_RM019:GV005,104,GM_RM019:AT0018,GM_RM019:YOLO11l:GM_RM019_000104_001,YOLO11l,"[0.433,279.864,204.885,571.762]",active_visible,false,"[""YOLO11l:botsort:bs_0066"",""YOLO11l:bytetrack:bt_0077"",""YOLO26l:botsort:bs_0065"",""YOLO26l:bytetrack:bt_0068""]",,birth_or_entry,stable,[],selected from provenance-preserving alternative cluster
GM_RM019,GM_RM019:GV005,105,GM_RM019:AT0018,GM_RM019:YOLO11l:GM_RM019_000105_001,YOLO11l,"[0.541,272.758,226.553,587.504]",active_visible,false,"[""YOLO11l:botsort:bs_0066"",""YOLO11l:bytetrack:bt_0077"",""YOLO26l:botsort:bs_0065"",""YOLO26l:bytetrack:bt_0068""]",,birth_or_entry,stable,[],selected from provenance-preserving alternative cluster
GM_RM019,GM_RM019:GV005,106,GM_RM019:AT0018,GM_RM019:YOLO11l:GM_RM019_000106_001,YOLO11l,"[0.649,265.55,252.491,593.012]",active_visible,false,"[""YOLO11l:botsort:bs_0066"",""YOLO11l:bytetrack:bt_0077"",""YOLO26l:botsort:bs_0065"",""YOLO26l:bytetrack:bt_0068""]",,birth_or_entry,stable,[],selected from provenance-preserving alternative cluster
GM_RM019,GM_RM019:GV005,107,GM_RM019:AT0018,GM_RM019:YOLO11l:GM_RM019_000107_001,YOLO11l,"[0.649,268.22,278.985,594.087]",active_visible,false,"[""YOLO11l:botsort:bs_0066"",""YOLO11l:bytetrack:bt_0077"",""YOLO26l:botsort:bs_0065"",""YOLO26l:bytetrack:bt_0068""]",,birth_or_entry,stable,[],selected from provenance-preserving alternative cluster
GM_RM019,GM_RM019:GV005,108,GM_RM019:AT0018,GM_RM019:YOLO11l:GM_RM019_000108_001,YOLO11l,"[0.849,265.689,307.52,594.397]",active_visible,false,"[""YOLO11l:botsort:bs_0066"",""YOLO11l:bytetrack:bt_0077"",""YOLO26l:botsort:bs_0065"",""YOLO26l:bytetrack:bt_0068""]",,birth_or_entry,stable,[],selected from provenance-preserving alternative cluster
GM_RM019,GM_RM019:GV005,109,GM_RM019:AT0018,GM_RM019:YOLO11l:GM_RM019_000109_001,YOLO11l,"[0.832,268.152,337.411,594.84]",active_visible,false,"[""YOLO11l:botsort:bs_0066"",""YOLO11l:bytetrack:bt_0077"",""YOLO26l:botsort:bs_0065"",""YOLO26l:bytetrack:bt_0068""]",,birth_or_entry,stable,[],selected from provenance-preserving alternative cluster
GM_RM019,GM_RM019:GV005,110,GM_RM019:AT0018,GM_RM019:YOLO11l:GM_RM019_000110_001,YOLO11l,"[0.876,275.631,367.803,595.104]",active_visible,false,"[""YOLO11l:botsort:bs_0066"",""YOLO11l:bytetrack:bt_0077"",""YOLO26l:botsort:bs_0065"",""YOLO26l:bytetrack:bt_0068""]",,birth_or_entry,stable,[],selected from provenance-preserving alternative cluster
GM_RM019,GM_RM019:GV005,111,GM_RM019:AT0018,GM_RM019:YOLO11l:GM_RM019_000111_001,YOLO11l,"[1.481,279.73,397.886,594.933]",active_visible,false,"[""YOLO11l:botsort:bs_0066"",""YOLO11l:bytetrack:bt_0077"",""YOLO26l:botsort:bs_0065"",""YOLO26l:bytetrack:bt_0068""]",,birth_or_entry,stable,[],selected from provenance-preserving alternative cluster
GM_RM019,GM_RM019:GV005,112,GM_RM019:AT0018,GM_RM019:YOLO11l:GM_RM019_000112_001,YOLO11l,"[0.81,281.774,435.45,595.303]",active_visible,false,"[""YOLO11l:botsort:bs_0066"",""YOLO11l:bytetrack:bt_0077"",""YOLO26l:botsort:bs_0065"",""YOLO26l:bytetrack:bt_0068""]",,birth_or_entry,stable,[],selected from provenance-preserving alternative cluster
GM_RM019,GM_RM019:GV005,113,GM_RM019:AT0018,GM_RM019:YOLO11l:GM_RM019_000113_001,YOLO11l,"[0.849,284.501,465.0,594.571]",active_visible,false,"[""YOLO11l:botsort:bs_0066"",""YOLO11l:bytetrack:bt_0077"",""YOLO26l:botsort:bs_0065"",""YOLO26l:bytetrack:bt_0068""]",,birth_or_entry,stable,[],selected from provenance-preserving alternative cluster
GM_RM019,GM_RM019:GV005,114,GM_RM019:AT0018,GM_RM019:YOLO11l:GM_RM019_000114_001,YOLO11l,"[0.836,282.354,497.995,594.44]",active_visible,false,"[""YOLO11l:botsort:bs_0066"",""YOLO11l:bytetrack:bt_0077"",""YOLO26l:botsort:bs_0065"",""YOLO26l:bytetrack:bt_0068""]",,birth_or_entry,stable,[],selected from provenance-preserving alternative cluster
GM_RM019,GM_RM019:GV005,115,GM_RM019:AT0018,GM_RM019:YOLO11l:GM_RM019_000115_001,YOLO11l,"[1.528,288.386,535.811,593.721]",active_visible,false,"[""YOLO11l:botsort:bs_0066"",""YOLO11l:bytetrack:bt_0077"",""YOLO26l:botsort:bs_0065"",""YOLO26l:bytetrack:bt_0068""]",,birth_or_entry,stable,[],selected from provenance-preserving alternative cluster
GM_RM019,GM_RM019:GV005,116,GM_RM019:AT0018,GM_RM019:YOLO11l:GM_RM019_000116_001,YOLO11l,"[6.116,281.816,570.839,593.823]",active_visible,false,"[""YOLO11l:botsort:bs_0066"",""YOLO11l:bytetrack:bt_0077"",""YOLO26l:botsort:bs_0065"",""YOLO26l:bytetrack:bt_0068""]",,birth_or_entry,stable,[],selected from provenance-preserving alternative cluster
GM_RM019,GM_RM019:GV005,117,GM_RM019:AT0018,GM_RM019:YOLO11l:GM_RM019_000117_001,YOLO11l,"[2.54,280.154,614.457,594.115]",active_visible,false,"[""YOLO11l:botsort:bs_0066"",""YOLO11l:bytetrack:bt_0077"",""YOLO26l:botsort:bs_0065"",""YOLO26l:bytetrack:bt_0068""]",,birth_or_entry,stable,[],selected from provenance-preserving alternative cluster
GM_RM019,GM_RM019:GV005,118,GM_RM019:AT0018,GM_RM019:YOLO11l:GM_RM019_000118_001,YOLO11l,"[118.919,273.509,657.958,594.558]",active_visible,false,"[""YOLO11l:botsort:bs_0066"",""YOLO11l:bytetrack:bt_0077"",""YOLO26l:botsort:bs_0065"",""YOLO26l:bytetrack:bt_0068""]",,birth_or_entry,stable,[],selected from provenance-preserving alternative cluster
GM_RM019,GM_RM019:GV005,119,GM_RM019:AT0018,GM_RM019:YOLO11l:GM_RM019_000119_001,YOLO11l,"[148.546,262.29,699.273,594.518]",active_visible,false,"[""YOLO11l:botsort:bs_0066"",""YOLO11l:bytetrack:bt_0077"",""YOLO26l:botsort:bs_0065"",""YOLO26l:bytetrack:bt_0068""]",,birth_or_entry,stable,[],selected from provenance-preserving alternative cluster
GM_RM019,GM_RM019:GV005,120,GM_RM019:AT0018,GM_RM019:YOLO11l:GM_RM019_000120_001,YOLO11l,"[221.502,263.755,750.016,594.07]",active_visible,false,"[""YOLO11l:botsort:bs_0066"",""YOLO11l:bytetrack:bt_0077""]",,birth_or_entry,stable,[],selected from provenance-preserving alternative cluster
GM_RM019,GM_RM019:GV005,121,GM_RM019:AT0018,GM_RM019:YOLO11l:GM_RM019_000121_002,YOLO11l,"[228.579,261.679,795.545,594.23]",active_visible,false,"[""YOLO11l:botsort:bs_0066""]",,birth_or_entry,stable,[],selected from provenance-preserving alternative cluster
GM_RM019,GM_RM019:GV005,122,GM_RM019:AT0177,GM_RM019:YOLO11l:GM_RM019_000122_001,YOLO11l,"[20.373,256.125,705.151,421.504]",active_visible,false,"[""YOLO26l:botsort:bs_0065"",""YOLO26l:bytetrack:bt_0068""]",GM_RM019:E014267,"{""edge_id"":""GM_RM019:E014267"",""gap"":0,""motion"":0.2886,""appearance"":0.0842,""color"":0.0397,""shape"":1.1422,""boundary_support"":1.0,""shared_trackers"":[""YOLO26l:botsort:bs_0065"",""YOLO26l:bytetrack:bt_0068""],""total_cost"":0}",stable,[],selected from provenance-preserving alternative cluster
GM_RM019,GM_RM019:GV005,123,,,,,missed_or_occluded,true,"[""YOLO11l:botsort:bs_0066"",""YOLO11l:botsort:bs_0078"",""YOLO11l:botsort:bs_0079"",""YOLO11l:botsort:bs_0082"",""YOLO11l:bytetrack:bt_0077"",""YOLO11l:bytetrack:bt_0090"",""YOLO11l:bytetrack:bt_0091"",""YOLO11l:bytetrack:bt_0095"",""YOLO26l:botsort:bs_0065"",""YOLO26l:botsort:bs_0070"",""YOLO26l:botsort:bs_0074"",""YOLO26l:bytetrack:bt_0068"",""YOLO26l:bytetrack:bt_0075"",""YOLO26l:bytetrack:bt_0078"",""YOLO26l:bytetrack:bt_0080""]",GM_RM019:E014476,gap_state_without_synthetic_bbox,moderate,"[""gap_recovery""]",No bbox is fabricated for an optical miss or occlusion gap.
GM_RM019,GM_RM019:GV005,124,GM_RM019:AT0020,GM_RM019:YOLO11l:GM_RM019_000124_001,YOLO11l,"[85.372,260.465,754.419,436.644]",recovery,false,"[""YOLO11l:botsort:bs_0078"",""YOLO11l:bytetrack:bt_0090"",""YOLO26l:botsort:bs_0065"",""YOLO26l:bytetrack:bt_0068""]",GM_RM019:E014476,"{""edge_id"":""GM_RM019:E014476"",""gap"":1,""motion"":0.083,""appearance"":0.0361,""color"":0.0155,""shape"":0.1065,""boundary_support"":0.0,""shared_trackers"":[""YOLO26l:botsort:bs_0065"",""YOLO26l:bytetrack:bt_0068""],""total_cost"":0}",moderate_gap,[],selected from provenance-preserving alternative cluster
GM_RM019,GM_RM019:GV005,125,GM_RM019:AT0020,GM_RM019:YOLO11l:GM_RM019_000125_002,YOLO11l,"[130.576,263.979,800.0,425.941]",active_visible,false,"[""YOLO11l:botsort:bs_0078"",""YOLO11l:bytetrack:bt_0090""]",,birth_or_entry,stable,[],selected from provenance-preserving alternative cluster
GM_RM019,GM_RM019:GV005,126,GM_RM019:AT0020,GM_RM019:YOLO11l:GM_RM019_000126_002,YOLO11l,"[164.226,260.62,800.0,439.54]",active_visible,false,"[""YOLO11l:botsort:bs_0078"",""YOLO11l:bytetrack:bt_0090""]",,birth_or_entry,stable,[],selected from provenance-preserving alternative cluster
GM_RM019,GM_RM019:GV005,127,GM_RM019:AT0020,GM_RM019:YOLO11l:GM_RM019_000127_002,YOLO11l,"[211.361,258.176,787.747,442.955]",active_visible,false,"[""YOLO11l:botsort:bs_0078"",""YOLO11l:bytetrack:bt_0090""]",,birth_or_entry,stable,[],selected from provenance-preserving alternative cluster
GM_RM019,GM_RM019:GV005,128,,,,,missed_or_occluded,true,"[""YOLO11l:botsort:bs_0066"",""YOLO11l:botsort:bs_0078"",""YOLO11l:botsort:bs_0079"",""YOLO11l:botsort:bs_0082"",""YOLO11l:bytetrack:bt_0077"",""YOLO11l:bytetrack:bt_0090"",""YOLO11l:bytetrack:bt_0091"",""YOLO11l:bytetrack:bt_0095"",""YOLO26l:botsort:bs_0065"",""YOLO26l:botsort:bs_0070"",""YOLO26l:botsort:bs_0074"",""YOLO26l:bytetrack:bt_0068"",""YOLO26l:bytetrack:bt_0075"",""YOLO26l:bytetrack:bt_0078"",""YOLO26l:bytetrack:bt_0080""]",GM_RM019:E014522,gap_state_without_synthetic_bbox,review_gap,"[""gap_recovery""]",No bbox is fabricated for an optical miss or occlusion gap.
GM_RM019,GM_RM019:GV005,129,,,,,missed_or_occluded,true,"[""YOLO11l:botsort:bs_0066"",""YOLO11l:botsort:bs_0078"",""YOLO11l:botsort:bs_0079"",""YOLO11l:botsort:bs_0082"",""YOLO11l:bytetrack:bt_0077"",""YOLO11l:bytetrack:bt_0090"",""YOLO11l:bytetrack:bt_0091"",""YOLO11l:bytetrack:bt_0095"",""YOLO26l:botsort:bs_0065"",""YOLO26l:botsort:bs_0070"",""YOLO26l:botsort:bs_0074"",""YOLO26l:bytetrack:bt_0068"",""YOLO26l:bytetrack:bt_0075"",""YOLO26l:bytetrack:bt_0078"",""YOLO26l:bytetrack:bt_0080""]",,gap_state_without_synthetic_bbox,review_gap,"[""gap_recovery""]",No bbox is fabricated for an optical miss or occlusion gap.
GM_RM019,GM_RM019:GV005,130,,,,,missed_or_occluded,true,"[""YOLO11l:botsort:bs_0066"",""YOLO11l:botsort:bs_0078"",""YOLO11l:botsort:bs_0079"",""YOLO11l:botsort:bs_0082"",""YOLO11l:bytetrack:bt_0077"",""YOLO11l:bytetrack:bt_0090"",""YOLO11l:bytetrack:bt_0091"",""YOLO11l:bytetrack:bt_0095"",""YOLO26l:botsort:bs_0065"",""YOLO26l:botsort:bs_0070"",""YOLO26l:botsort:bs_0074"",""YOLO26l:bytetrack:bt_0068"",""YOLO26l:bytetrack:bt_0075"",""YOLO26l:bytetrack:bt_0078"",""YOLO26l:bytetrack:bt_0080""]",,gap_state_without_synthetic_bbox,review_gap,"[""gap_recovery""]",No bbox is fabricated for an optical miss or occlusion gap.
GM_RM019,GM_RM019:GV005,131,,,,,missed_or_occluded,true,"[""YOLO11l:botsort:bs_0066"",""YOLO11l:botsort:bs_0078"",""YOLO11l:botsort:bs_0079"",""YOLO11l:botsort:bs_0082"",""YOLO11l:bytetrack:bt_0077"",""YOLO11l:bytetrack:bt_0090"",""YOLO11l:bytetrack:bt_0091"",""YOLO11l:bytetrack:bt_0095"",""YOLO26l:botsort:bs_0065"",""YOLO26l:botsort:bs_0070"",""YOLO26l:botsort:bs_0074"",""YOLO26l:bytetrack:bt_0068"",""YOLO26l:bytetrack:bt_0075"",""YOLO26l:bytetrack:bt_0078"",""YOLO26l:bytetrack:bt_0080""]",,gap_state_without_synthetic_bbox,review_gap,"[""gap_recovery""]",No bbox is fabricated for an optical miss or occlusion gap.
GM_RM019,GM_RM019:GV005,132,,,,,missed_or_occluded,true,"[""YOLO11l:botsort:bs_0066"",""YOLO11l:botsort:bs_0078"",""YOLO11l:botsort:bs_0079"",""YOLO11l:botsort:bs_0082"",""YOLO11l:bytetrack:bt_0077"",""YOLO11l:bytetrack:bt_0090"",""YOLO11l:bytetrack:bt_0091"",""YOLO11l:bytetrack:bt_0095"",""YOLO26l:botsort:bs_0065"",""YOLO26l:botsort:bs_0070"",""YOLO26l:botsort:bs_0074"",""YOLO26l:bytetrack:bt_0068"",""YOLO26l:bytetrack:bt_0075"",""YOLO26l:bytetrack:bt_0078"",""YOLO26l:bytetrack:bt_0080""]",,gap_state_without_synthetic_bbox,review_gap,"[""gap_recovery""]",No bbox is fabricated for an optical miss or occlusion gap.
GM_RM019,GM_RM019:GV005,133,,,,,missed_or_occluded,true,"[""YOLO11l:botsort:bs_0066"",""YOLO11l:botsort:bs_0078"",""YOLO11l:botsort:bs_0079"",""YOLO11l:botsort:bs_0082"",""YOLO11l:bytetrack:bt_0077"",""YOLO11l:bytetrack:bt_0090"",""YOLO11l:bytetrack:bt_0091"",""YOLO11l:bytetrack:bt_0095"",""YOLO26l:botsort:bs_0065"",""YOLO26l:botsort:bs_0070"",""YOLO26l:botsort:bs_0074"",""YOLO26l:bytetrack:bt_0068"",""YOLO26l:bytetrack:bt_0075"",""YOLO26l:bytetrack:bt_0078"",""YOLO26l:bytetrack:bt_0080""]",,gap_state_without_synthetic_bbox,review_gap,"[""gap_recovery""]",No bbox is fabricated for an optical miss or occlusion gap.
GM_RM019,GM_RM019:GV005,134,,,,,missed_or_occluded,true,"[""YOLO11l:botsort:bs_0066"",""YOLO11l:botsort:bs_0078"",""YOLO11l:botsort:bs_0079"",""YOLO11l:botsort:bs_0082"",""YOLO11l:bytetrack:bt_0077"",""YOLO11l:bytetrack:bt_0090"",""YOLO11l:bytetrack:bt_0091"",""YOLO11l:bytetrack:bt_0095"",""YOLO26l:botsort:bs_0065"",""YOLO26l:botsort:bs_0070"",""YOLO26l:botsort:bs_0074"",""YOLO26l:bytetrack:bt_0068"",""YOLO26l:bytetrack:bt_0075"",""YOLO26l:bytetrack:bt_0078"",""YOLO26l:bytetrack:bt_0080""]",,gap_state_without_synthetic_bbox,review_gap,"[""gap_recovery""]",No bbox is fabricated for an optical miss or occlusion gap.
GM_RM019,GM_RM019:GV005,135,,,,,missed_or_occluded,true,"[""YOLO11l:botsort:bs_0066"",""YOLO11l:botsort:bs_0078"",""YOLO11l:botsort:bs_0079"",""YOLO11l:botsort:bs_0082"",""YOLO11l:bytetrack:bt_0077"",""YOLO11l:bytetrack:bt_0090"",""YOLO11l:bytetrack:bt_0091"",""YOLO11l:bytetrack:bt_0095"",""YOLO26l:botsort:bs_0065"",""YOLO26l:botsort:bs_0070"",""YOLO26l:botsort:bs_0074"",""YOLO26l:bytetrack:bt_0068"",""YOLO26l:bytetrack:bt_0075"",""YOLO26l:bytetrack:bt_0078"",""YOLO26l:bytetrack:bt_0080""]",,gap_state_without_synthetic_bbox,review_gap,"[""gap_recovery""]",No bbox is fabricated for an optical miss or occlusion gap.
GM_RM019,GM_RM019:GV005,136,,,,,missed_or_occluded,true,"[""YOLO11l:botsort:bs_0066"",""YOLO11l:botsort:bs_0078"",""YOLO11l:botsort:bs_0079"",""YOLO11l:botsort:bs_0082"",""YOLO11l:bytetrack:bt_0077"",""YOLO11l:bytetrack:bt_0090"",""YOLO11l:bytetrack:bt_0091"",""YOLO11l:bytetrack:bt_0095"",""YOLO26l:botsort:bs_0065"",""YOLO26l:botsort:bs_0070"",""YOLO26l:botsort:bs_0074"",""YOLO26l:bytetrack:bt_0068"",""YOLO26l:bytetrack:bt_0075"",""YOLO26l:bytetrack:bt_0078"",""YOLO26l:bytetrack:bt_0080""]",,gap_state_without_synthetic_bbox,review_gap,"[""gap_recovery""]",No bbox is fabricated for an optical miss or occlusion gap.
GM_RM019,GM_RM019:GV005,137,GM_RM019:AT0038,GM_RM019:YOLO26l:GM_RM019_000137_002,YOLO26l,"[740.589,326.55,799.024,353.311]",recovery,false,"[""YOLO26l:botsort:bs_0070"",""YOLO26l:bytetrack:bt_0075""]",GM_RM019:E014522,"{""edge_id"":""GM_RM019:E014522"",""gap"":9,""motion"":0.29,""appearance"":0.3949,""color"":0.0898,""shape"":2.4672,""boundary_support"":1.0,""shared_trackers"":[],""total_cost"":120}",moderate_gap,"[""detector_source_switch""]",selected from provenance-preserving alternative cluster
GM_RM019,GM_RM019:GV005,138,GM_RM019:AT0038,GM_RM019:YOLO26l:GM_RM019_000138_002,YOLO26l,"[745.387,327.096,799.627,354.712]",active_visible,false,"[""YOLO11l:botsort:bs_0079"",""YOLO11l:bytetrack:bt_0091"",""YOLO26l:botsort:bs_0070"",""YOLO26l:bytetrack:bt_0075""]",,birth_or_entry,stable,[],selected from provenance-preserving alternative cluster
GM_RM019,GM_RM019:GV005,139,GM_RM019:AT0038,GM_RM019:YOLO26l:GM_RM019_000139_002,YOLO26l,"[750.024,326.094,799.607,353.608]",active_visible,false,"[""YOLO11l:botsort:bs_0079"",""YOLO11l:bytetrack:bt_0091"",""YOLO26l:botsort:bs_0070"",""YOLO26l:bytetrack:bt_0075""]",,birth_or_entry,stable,[],selected from provenance-preserving alternative cluster
GM_RM019,GM_RM019:GV005,140,GM_RM019:AT0038,GM_RM019:YOLO26l:GM_RM019_000140_001,YOLO26l,"[753.876,324.469,799.707,352.874]",active_visible,false,"[""YOLO11l:botsort:bs_0079"",""YOLO11l:bytetrack:bt_0091"",""YOLO26l:botsort:bs_0070"",""YOLO26l:bytetrack:bt_0075""]",,birth_or_entry,stable,[],selected from provenance-preserving alternative cluster
GM_RM019,GM_RM019:GV005,141,GM_RM019:AT0038,GM_RM019:YOLO26l:GM_RM019_000141_001,YOLO26l,"[757.665,323.603,799.662,351.885]",active_visible,false,"[""YOLO11l:botsort:bs_0079"",""YOLO11l:bytetrack:bt_0091"",""YOLO26l:botsort:bs_0070"",""YOLO26l:bytetrack:bt_0075""]",,birth_or_entry,stable,[],selected from provenance-preserving alternative cluster
GM_RM019,GM_RM019:GV005,142,GM_RM019:AT0038,GM_RM019:YOLO26l:GM_RM019_000142_001,YOLO26l,"[761.484,319.992,799.971,347.681]",active_visible,false,"[""YOLO11l:botsort:bs_0079"",""YOLO11l:bytetrack:bt_0091"",""YOLO26l:botsort:bs_0070"",""YOLO26l:bytetrack:bt_0075""]",,birth_or_entry,stable,[],selected from provenance-preserving alternative cluster
GM_RM019,GM_RM019:GV005,143,GM_RM019:AT0038,GM_RM019:YOLO26l:GM_RM019_000143_001,YOLO26l,"[768.767,315.421,799.779,342.541]",active_visible,false,"[""YOLO11l:botsort:bs_0079"",""YOLO11l:bytetrack:bt_0091"",""YOLO26l:botsort:bs_0070"",""YOLO26l:bytetrack:bt_0075""]",,birth_or_entry,stable,[],selected from provenance-preserving alternative cluster
GM_RM019,GM_RM019:GV005,144,,,,,missed_or_occluded,true,"[""YOLO11l:botsort:bs_0066"",""YOLO11l:botsort:bs_0078"",""YOLO11l:botsort:bs_0079"",""YOLO11l:botsort:bs_0082"",""YOLO11l:bytetrack:bt_0077"",""YOLO11l:bytetrack:bt_0090"",""YOLO11l:bytetrack:bt_0091"",""YOLO11l:bytetrack:bt_0095"",""YOLO26l:botsort:bs_0065"",""YOLO26l:botsort:bs_0070"",""YOLO26l:botsort:bs_0074"",""YOLO26l:bytetrack:bt_0068"",""YOLO26l:bytetrack:bt_0075"",""YOLO26l:bytetrack:bt_0078"",""YOLO26l:bytetrack:bt_0080""]",GM_RM019:E014660,gap_state_without_synthetic_bbox,review_gap,"[""gap_recovery""]",No bbox is fabricated for an optical miss or occlusion gap.
GM_RM019,GM_RM019:GV005,145,,,,,missed_or_occluded,true,"[""YOLO11l:botsort:bs_0066"",""YOLO11l:botsort:bs_0078"",""YOLO11l:botsort:bs_0079"",""YOLO11l:botsort:bs_0082"",""YOLO11l:bytetrack:bt_0077"",""YOLO11l:bytetrack:bt_0090"",""YOLO11l:bytetrack:bt_0091"",""YOLO11l:bytetrack:bt_0095"",""YOLO26l:botsort:bs_0065"",""YOLO26l:botsort:bs_0070"",""YOLO26l:botsort:bs_0074"",""YOLO26l:bytetrack:bt_0068"",""YOLO26l:bytetrack:bt_0075"",""YOLO26l:bytetrack:bt_0078"",""YOLO26l:bytetrack:bt_0080""]",,gap_state_without_synthetic_bbox,review_gap,"[""gap_recovery""]",No bbox is fabricated for an optical miss or occlusion gap.
GM_RM019,GM_RM019:GV005,146,,,,,missed_or_occluded,true,"[""YOLO11l:botsort:bs_0066"",""YOLO11l:botsort:bs_0078"",""YOLO11l:botsort:bs_0079"",""YOLO11l:botsort:bs_0082"",""YOLO11l:bytetrack:bt_0077"",""YOLO11l:bytetrack:bt_0090"",""YOLO11l:bytetrack:bt_0091"",""YOLO11l:bytetrack:bt_0095"",""YOLO26l:botsort:bs_0065"",""YOLO26l:botsort:bs_0070"",""YOLO26l:botsort:bs_0074"",""YOLO26l:bytetrack:bt_0068"",""YOLO26l:bytetrack:bt_0075"",""YOLO26l:bytetrack:bt_0078"",""YOLO26l:bytetrack:bt_0080""]",,gap_state_without_synthetic_bbox,review_gap,"[""gap_recovery""]",No bbox is fabricated for an optical miss or occlusion gap.
GM_RM019,GM_RM019:GV005,147,,,,,missed_or_occluded,true,"[""YOLO11l:botsort:bs_0066"",""YOLO11l:botsort:bs_0078"",""YOLO11l:botsort:bs_0079"",""YOLO11l:botsort:bs_0082"",""YOLO11l:bytetrack:bt_0077"",""YOLO11l:bytetrack:bt_0090"",""YOLO11l:bytetrack:bt_0091"",""YOLO11l:bytetrack:bt_0095"",""YOLO26l:botsort:bs_0065"",""YOLO26l:botsort:bs_0070"",""YOLO26l:botsort:bs_0074"",""YOLO26l:bytetrack:bt_0068"",""YOLO26l:bytetrack:bt_0075"",""YOLO26l:bytetrack:bt_0078"",""YOLO26l:bytetrack:bt_0080""]",,gap_state_without_synthetic_bbox,review_gap,"[""gap_recovery""]",No bbox is fabricated for an optical miss or occlusion gap.
GM_RM019,GM_RM019:GV005,148,,,,,missed_or_occluded,true,"[""YOLO11l:botsort:bs_0066"",""YOLO11l:botsort:bs_0078"",""YOLO11l:botsort:bs_0079"",""YOLO11l:botsort:bs_0082"",""YOLO11l:bytetrack:bt_0077"",""YOLO11l:bytetrack:bt_0090"",""YOLO11l:bytetrack:bt_0091"",""YOLO11l:bytetrack:bt_0095"",""YOLO26l:botsort:bs_0065"",""YOLO26l:botsort:bs_0070"",""YOLO26l:botsort:bs_0074"",""YOLO26l:bytetrack:bt_0068"",""YOLO26l:bytetrack:bt_0075"",""YOLO26l:bytetrack:bt_0078"",""YOLO26l:bytetrack:bt_0080""]",,gap_state_without_synthetic_bbox,review_gap,"[""gap_recovery""]",No bbox is fabricated for an optical miss or occlusion gap.
GM_RM019,GM_RM019:GV005,149,,,,,missed_or_occluded,true,"[""YOLO11l:botsort:bs_0066"",""YOLO11l:botsort:bs_0078"",""YOLO11l:botsort:bs_0079"",""YOLO11l:botsort:bs_0082"",""YOLO11l:bytetrack:bt_0077"",""YOLO11l:bytetrack:bt_0090"",""YOLO11l:bytetrack:bt_0091"",""YOLO11l:bytetrack:bt_0095"",""YOLO26l:botsort:bs_0065"",""YOLO26l:botsort:bs_0070"",""YOLO26l:botsort:bs_0074"",""YOLO26l:bytetrack:bt_0068"",""YOLO26l:bytetrack:bt_0075"",""YOLO26l:bytetrack:bt_0078"",""YOLO26l:bytetrack:bt_0080""]",,gap_state_without_synthetic_bbox,review_gap,"[""gap_recovery""]",No bbox is fabricated for an optical miss or occlusion gap.
GM_RM019,GM_RM019:GV005,150,,,,,missed_or_occluded,true,"[""YOLO11l:botsort:bs_0066"",""YOLO11l:botsort:bs_0078"",""YOLO11l:botsort:bs_0079"",""YOLO11l:botsort:bs_0082"",""YOLO11l:bytetrack:bt_0077"",""YOLO11l:bytetrack:bt_0090"",""YOLO11l:bytetrack:bt_0091"",""YOLO11l:bytetrack:bt_0095"",""YOLO26l:botsort:bs_0065"",""YOLO26l:botsort:bs_0070"",""YOLO26l:botsort:bs_0074"",""YOLO26l:bytetrack:bt_0068"",""YOLO26l:bytetrack:bt_0075"",""YOLO26l:bytetrack:bt_0078"",""YOLO26l:bytetrack:bt_0080""]",,gap_state_without_synthetic_bbox,review_gap,"[""gap_recovery""]",No bbox is fabricated for an optical miss or occlusion gap.
GM_RM019,GM_RM019:GV005,151,,,,,missed_or_occluded,true,"[""YOLO11l:botsort:bs_0066"",""YOLO11l:botsort:bs_0078"",""YOLO11l:botsort:bs_0079"",""YOLO11l:botsort:bs_0082"",""YOLO11l:bytetrack:bt_0077"",""YOLO11l:bytetrack:bt_0090"",""YOLO11l:bytetrack:bt_0091"",""YOLO11l:bytetrack:bt_0095"",""YOLO26l:botsort:bs_0065"",""YOLO26l:botsort:bs_0070"",""YOLO26l:botsort:bs_0074"",""YOLO26l:bytetrack:bt_0068"",""YOLO26l:bytetrack:bt_0075"",""YOLO26l:bytetrack:bt_0078"",""YOLO26l:bytetrack:bt_0080""]",,gap_state_without_synthetic_bbox,review_gap,"[""gap_recovery""]",No bbox is fabricated for an optical miss or occlusion gap.
GM_RM019,GM_RM019:GV005,152,,,,,missed_or_occluded,true,"[""YOLO11l:botsort:bs_0066"",""YOLO11l:botsort:bs_0078"",""YOLO11l:botsort:bs_0079"",""YOLO11l:botsort:bs_0082"",""YOLO11l:bytetrack:bt_0077"",""YOLO11l:bytetrack:bt_0090"",""YOLO11l:bytetrack:bt_0091"",""YOLO11l:bytetrack:bt_0095"",""YOLO26l:botsort:bs_0065"",""YOLO26l:botsort:bs_0070"",""YOLO26l:botsort:bs_0074"",""YOLO26l:bytetrack:bt_0068"",""YOLO26l:bytetrack:bt_0075"",""YOLO26l:bytetrack:bt_0078"",""YOLO26l:bytetrack:bt_0080""]",,gap_state_without_synthetic_bbox,review_gap,"[""gap_recovery""]",No bbox is fabricated for an optical miss or occlusion gap.
GM_RM019,GM_RM019:GV005,153,,,,,missed_or_occluded,true,"[""YOLO11l:botsort:bs_0066"",""YOLO11l:botsort:bs_0078"",""YOLO11l:botsort:bs_0079"",""YOLO11l:botsort:bs_0082"",""YOLO11l:bytetrack:bt_0077"",""YOLO11l:bytetrack:bt_0090"",""YOLO11l:bytetrack:bt_0091"",""YOLO11l:bytetrack:bt_0095"",""YOLO26l:botsort:bs_0065"",""YOLO26l:botsort:bs_0070"",""YOLO26l:botsort:bs_0074"",""YOLO26l:bytetrack:bt_0068"",""YOLO26l:bytetrack:bt_0075"",""YOLO26l:bytetrack:bt_0078"",""YOLO26l:bytetrack:bt_0080""]",,gap_state_without_synthetic_bbox,review_gap,"[""gap_recovery""]",No bbox is fabricated for an optical miss or occlusion gap.
GM_RM019,GM_RM019:GV005,154,,,,,missed_or_occluded,true,"[""YOLO11l:botsort:bs_0066"",""YOLO11l:botsort:bs_0078"",""YOLO11l:botsort:bs_0079"",""YOLO11l:botsort:bs_0082"",""YOLO11l:bytetrack:bt_0077"",""YOLO11l:bytetrack:bt_0090"",""YOLO11l:bytetrack:bt_0091"",""YOLO11l:bytetrack:bt_0095"",""YOLO26l:botsort:bs_0065"",""YOLO26l:botsort:bs_0070"",""YOLO26l:botsort:bs_0074"",""YOLO26l:bytetrack:bt_0068"",""YOLO26l:bytetrack:bt_0075"",""YOLO26l:bytetrack:bt_0078"",""YOLO26l:bytetrack:bt_0080""]",,gap_state_without_synthetic_bbox,review_gap,"[""gap_recovery""]",No bbox is fabricated for an optical miss or occlusion gap.
GM_RM019,GM_RM019:GV005,155,,,,,missed_or_occluded,true,"[""YOLO11l:botsort:bs_0066"",""YOLO11l:botsort:bs_0078"",""YOLO11l:botsort:bs_0079"",""YOLO11l:botsort:bs_0082"",""YOLO11l:bytetrack:bt_0077"",""YOLO11l:bytetrack:bt_0090"",""YOLO11l:bytetrack:bt_0091"",""YOLO11l:bytetrack:bt_0095"",""YOLO26l:botsort:bs_0065"",""YOLO26l:botsort:bs_0070"",""YOLO26l:botsort:bs_0074"",""YOLO26l:bytetrack:bt_0068"",""YOLO26l:bytetrack:bt_0075"",""YOLO26l:bytetrack:bt_0078"",""YOLO26l:bytetrack:bt_0080""]",,gap_state_without_synthetic_bbox,review_gap,"[""gap_recovery""]",No bbox is fabricated for an optical miss or occlusion gap.
GM_RM019,GM_RM019:GV005,156,,,,,missed_or_occluded,true,"[""YOLO11l:botsort:bs_0066"",""YOLO11l:botsort:bs_0078"",""YOLO11l:botsort:bs_0079"",""YOLO11l:botsort:bs_0082"",""YOLO11l:bytetrack:bt_0077"",""YOLO11l:bytetrack:bt_0090"",""YOLO11l:bytetrack:bt_0091"",""YOLO11l:bytetrack:bt_0095"",""YOLO26l:botsort:bs_0065"",""YOLO26l:botsort:bs_0070"",""YOLO26l:botsort:bs_0074"",""YOLO26l:bytetrack:bt_0068"",""YOLO26l:bytetrack:bt_0075"",""YOLO26l:bytetrack:bt_0078"",""YOLO26l:bytetrack:bt_0080""]",,gap_state_without_synthetic_bbox,review_gap,"[""gap_recovery""]",No bbox is fabricated for an optical miss or occlusion gap.
GM_RM019,GM_RM019:GV005,157,,,,,missed_or_occluded,true,"[""YOLO11l:botsort:bs_0066"",""YOLO11l:botsort:bs_0078"",""YOLO11l:botsort:bs_0079"",""YOLO11l:botsort:bs_0082"",""YOLO11l:bytetrack:bt_0077"",""YOLO11l:bytetrack:bt_0090"",""YOLO11l:bytetrack:bt_0091"",""YOLO11l:bytetrack:bt_0095"",""YOLO26l:botsort:bs_0065"",""YOLO26l:botsort:bs_0070"",""YOLO26l:botsort:bs_0074"",""YOLO26l:bytetrack:bt_0068"",""YOLO26l:bytetrack:bt_0075"",""YOLO26l:bytetrack:bt_0078"",""YOLO26l:bytetrack:bt_0080""]",,gap_state_without_synthetic_bbox,review_gap,"[""gap_recovery""]",No bbox is fabricated for an optical miss or occlusion gap.
GM_RM019,GM_RM019:GV005,158,,,,,missed_or_occluded,true,"[""YOLO11l:botsort:bs_0066"",""YOLO11l:botsort:bs_0078"",""YOLO11l:botsort:bs_0079"",""YOLO11l:botsort:bs_0082"",""YOLO11l:bytetrack:bt_0077"",""YOLO11l:bytetrack:bt_0090"",""YOLO11l:bytetrack:bt_0091"",""YOLO11l:bytetrack:bt_0095"",""YOLO26l:botsort:bs_0065"",""YOLO26l:botsort:bs_0070"",""YOLO26l:botsort:bs_0074"",""YOLO26l:bytetrack:bt_0068"",""YOLO26l:bytetrack:bt_0075"",""YOLO26l:bytetrack:bt_0078"",""YOLO26l:bytetrack:bt_0080""]",,gap_state_without_synthetic_bbox,review_gap,"[""gap_recovery""]",No bbox is fabricated for an optical miss or occlusion gap.
GM_RM019,GM_RM019:GV005,159,,,,,missed_or_occluded,true,"[""YOLO11l:botsort:bs_0066"",""YOLO11l:botsort:bs_0078"",""YOLO11l:botsort:bs_0079"",""YOLO11l:botsort:bs_0082"",""YOLO11l:bytetrack:bt_0077"",""YOLO11l:bytetrack:bt_0090"",""YOLO11l:bytetrack:bt_0091"",""YOLO11l:bytetrack:bt_0095"",""YOLO26l:botsort:bs_0065"",""YOLO26l:botsort:bs_0070"",""YOLO26l:botsort:bs_0074"",""YOLO26l:bytetrack:bt_0068"",""YOLO26l:bytetrack:bt_0075"",""YOLO26l:bytetrack:bt_0078"",""YOLO26l:bytetrack:bt_0080""]",,gap_state_without_synthetic_bbox,review_gap,"[""gap_recovery""]",No bbox is fabricated for an optical miss or occlusion gap.
GM_RM019,GM_RM019:GV005,160,,,,,missed_or_occluded,true,"[""YOLO11l:botsort:bs_0066"",""YOLO11l:botsort:bs_0078"",""YOLO11l:botsort:bs_0079"",""YOLO11l:botsort:bs_0082"",""YOLO11l:bytetrack:bt_0077"",""YOLO11l:bytetrack:bt_0090"",""YOLO11l:bytetrack:bt_0091"",""YOLO11l:bytetrack:bt_0095"",""YOLO26l:botsort:bs_0065"",""YOLO26l:botsort:bs_0070"",""YOLO26l:botsort:bs_0074"",""YOLO26l:bytetrack:bt_0068"",""YOLO26l:bytetrack:bt_0075"",""YOLO26l:bytetrack:bt_0078"",""YOLO26l:bytetrack:bt_0080""]",,gap_state_without_synthetic_bbox,review_gap,"[""gap_recovery""]",No bbox is fabricated for an optical miss or occlusion gap.
GM_RM019,GM_RM019:GV005,161,,,,,missed_or_occluded,true,"[""YOLO11l:botsort:bs_0066"",""YOLO11l:botsort:bs_0078"",""YOLO11l:botsort:bs_0079"",""YOLO11l:botsort:bs_0082"",""YOLO11l:bytetrack:bt_0077"",""YOLO11l:bytetrack:bt_0090"",""YOLO11l:bytetrack:bt_0091"",""YOLO11l:bytetrack:bt_0095"",""YOLO26l:botsort:bs_0065"",""YOLO26l:botsort:bs_0070"",""YOLO26l:botsort:bs_0074"",""YOLO26l:bytetrack:bt_0068"",""YOLO26l:bytetrack:bt_0075"",""YOLO26l:bytetrack:bt_0078"",""YOLO26l:bytetrack:bt_0080""]",,gap_state_without_synthetic_bbox,review_gap,"[""gap_recovery""]",No bbox is fabricated for an optical miss or occlusion gap.
GM_RM019,GM_RM019:GV005,162,,,,,missed_or_occluded,true,"[""YOLO11l:botsort:bs_0066"",""YOLO11l:botsort:bs_0078"",""YOLO11l:botsort:bs_0079"",""YOLO11l:botsort:bs_0082"",""YOLO11l:bytetrack:bt_0077"",""YOLO11l:bytetrack:bt_0090"",""YOLO11l:bytetrack:bt_0091"",""YOLO11l:bytetrack:bt_0095"",""YOLO26l:botsort:bs_0065"",""YOLO26l:botsort:bs_0070"",""YOLO26l:botsort:bs_0074"",""YOLO26l:bytetrack:bt_0068"",""YOLO26l:bytetrack:bt_0075"",""YOLO26l:bytetrack:bt_0078"",""YOLO26l:bytetrack:bt_0080""]",,gap_state_without_synthetic_bbox,review_gap,"[""gap_recovery""]",No bbox is fabricated for an optical miss or occlusion gap.
GM_RM019,GM_RM019:GV005,163,,,,,missed_or_occluded,true,"[""YOLO11l:botsort:bs_0066"",""YOLO11l:botsort:bs_0078"",""YOLO11l:botsort:bs_0079"",""YOLO11l:botsort:bs_0082"",""YOLO11l:bytetrack:bt_0077"",""YOLO11l:bytetrack:bt_0090"",""YOLO11l:bytetrack:bt_0091"",""YOLO11l:bytetrack:bt_0095"",""YOLO26l:botsort:bs_0065"",""YOLO26l:botsort:bs_0070"",""YOLO26l:botsort:bs_0074"",""YOLO26l:bytetrack:bt_0068"",""YOLO26l:bytetrack:bt_0075"",""YOLO26l:bytetrack:bt_0078"",""YOLO26l:bytetrack:bt_0080""]",,gap_state_without_synthetic_bbox,review_gap,"[""gap_recovery""]",No bbox is fabricated for an optical miss or occlusion gap.
GM_RM019,GM_RM019:GV005,164,,,,,missed_or_occluded,true,"[""YOLO11l:botsort:bs_0066"",""YOLO11l:botsort:bs_0078"",""YOLO11l:botsort:bs_0079"",""YOLO11l:botsort:bs_0082"",""YOLO11l:bytetrack:bt_0077"",""YOLO11l:bytetrack:bt_0090"",""YOLO11l:bytetrack:bt_0091"",""YOLO11l:bytetrack:bt_0095"",""YOLO26l:botsort:bs_0065"",""YOLO26l:botsort:bs_0070"",""YOLO26l:botsort:bs_0074"",""YOLO26l:bytetrack:bt_0068"",""YOLO26l:bytetrack:bt_0075"",""YOLO26l:bytetrack:bt_0078"",""YOLO26l:bytetrack:bt_0080""]",,gap_state_without_synthetic_bbox,review_gap,"[""gap_recovery""]",No bbox is fabricated for an optical miss or occlusion gap.
GM_RM019,GM_RM019:GV005,165,,,,,missed_or_occluded,true,"[""YOLO11l:botsort:bs_0066"",""YOLO11l:botsort:bs_0078"",""YOLO11l:botsort:bs_0079"",""YOLO11l:botsort:bs_0082"",""YOLO11l:bytetrack:bt_0077"",""YOLO11l:bytetrack:bt_0090"",""YOLO11l:bytetrack:bt_0091"",""YOLO11l:bytetrack:bt_0095"",""YOLO26l:botsort:bs_0065"",""YOLO26l:botsort:bs_0070"",""YOLO26l:botsort:bs_0074"",""YOLO26l:bytetrack:bt_0068"",""YOLO26l:bytetrack:bt_0075"",""YOLO26l:bytetrack:bt_0078"",""YOLO26l:bytetrack:bt_0080""]",,gap_state_without_synthetic_bbox,review_gap,"[""gap_recovery""]",No bbox is fabricated for an optical miss or occlusion gap.
GM_RM019,GM_RM019:GV005,166,,,,,missed_or_occluded,true,"[""YOLO11l:botsort:bs_0066"",""YOLO11l:botsort:bs_0078"",""YOLO11l:botsort:bs_0079"",""YOLO11l:botsort:bs_0082"",""YOLO11l:bytetrack:bt_0077"",""YOLO11l:bytetrack:bt_0090"",""YOLO11l:bytetrack:bt_0091"",""YOLO11l:bytetrack:bt_0095"",""YOLO26l:botsort:bs_0065"",""YOLO26l:botsort:bs_0070"",""YOLO26l:botsort:bs_0074"",""YOLO26l:bytetrack:bt_0068"",""YOLO26l:bytetrack:bt_0075"",""YOLO26l:bytetrack:bt_0078"",""YOLO26l:bytetrack:bt_0080""]",,gap_state_without_synthetic_bbox,review_gap,"[""gap_recovery""]",No bbox is fabricated for an optical miss or occlusion gap.
GM_RM019,GM_RM019:GV005,167,,,,,missed_or_occluded,true,"[""YOLO11l:botsort:bs_0066"",""YOLO11l:botsort:bs_0078"",""YOLO11l:botsort:bs_0079"",""YOLO11l:botsort:bs_0082"",""YOLO11l:bytetrack:bt_0077"",""YOLO11l:bytetrack:bt_0090"",""YOLO11l:bytetrack:bt_0091"",""YOLO11l:bytetrack:bt_0095"",""YOLO26l:botsort:bs_0065"",""YOLO26l:botsort:bs_0070"",""YOLO26l:botsort:bs_0074"",""YOLO26l:bytetrack:bt_0068"",""YOLO26l:bytetrack:bt_0075"",""YOLO26l:bytetrack:bt_0078"",""YOLO26l:bytetrack:bt_0080""]",,gap_state_without_synthetic_bbox,review_gap,"[""gap_recovery""]",No bbox is fabricated for an optical miss or occlusion gap.
GM_RM019,GM_RM019:GV005,168,,,,,missed_or_occluded,true,"[""YOLO11l:botsort:bs_0066"",""YOLO11l:botsort:bs_0078"",""YOLO11l:botsort:bs_0079"",""YOLO11l:botsort:bs_0082"",""YOLO11l:bytetrack:bt_0077"",""YOLO11l:bytetrack:bt_0090"",""YOLO11l:bytetrack:bt_0091"",""YOLO11l:bytetrack:bt_0095"",""YOLO26l:botsort:bs_0065"",""YOLO26l:botsort:bs_0070"",""YOLO26l:botsort:bs_0074"",""YOLO26l:bytetrack:bt_0068"",""YOLO26l:bytetrack:bt_0075"",""YOLO26l:bytetrack:bt_0078"",""YOLO26l:bytetrack:bt_0080""]",,gap_state_without_synthetic_bbox,review_gap,"[""gap_recovery""]",No bbox is fabricated for an optical miss or occlusion gap.
GM_RM019,GM_RM019:GV005,169,GM_RM019:AT0040,GM_RM019:YOLO26l:GM_RM019_000169_001,YOLO26l,"[219.625,298.631,793.997,598.073]",recovery,false,"[""YOLO26l:botsort:bs_0074"",""YOLO26l:bytetrack:bt_0080""]",GM_RM019:E014660,"{""edge_id"":""GM_RM019:E014660"",""gap"":25,""motion"":1.2884,""appearance"":0.3037,""color"":0.0547,""shape"":3.0,""boundary_support"":1.0,""shared_trackers"":[],""total_cost"":191}",moderate_gap,[],selected from provenance-preserving alternative cluster
GM_RM019,GM_RM019:GV005,170,GM_RM019:AT0040,GM_RM019:YOLO26l:GM_RM019_000170_001,YOLO26l,"[249.979,296.689,795.792,597.022]",active_visible,false,"[""YOLO26l:botsort:bs_0074"",""YOLO26l:bytetrack:bt_0080""]",,birth_or_entry,stable,[],selected from provenance-preserving alternative cluster
GM_RM019,GM_RM019:GV005,171,GM_RM019:AT0040,GM_RM019:YOLO26l:GM_RM019_000171_001,YOLO26l,"[260.578,295.251,796.229,596.906]",active_visible,false,"[""YOLO11l:botsort:bs_0082"",""YOLO26l:botsort:bs_0074"",""YOLO26l:bytetrack:bt_0080""]",,birth_or_entry,stable,[],selected from provenance-preserving alternative cluster
GM_RM019,GM_RM019:GV005,172,GM_RM019:AT0040,GM_RM019:YOLO26l:GM_RM019_000172_001,YOLO26l,"[276.717,294.609,797.339,597.269]",active_visible,false,"[""YOLO11l:botsort:bs_0082"",""YOLO11l:bytetrack:bt_0095"",""YOLO26l:botsort:bs_0074"",""YOLO26l:bytetrack:bt_0080""]",,birth_or_entry,stable,[],selected from provenance-preserving alternative cluster
GM_RM019,GM_RM019:GV005,173,GM_RM019:AT0040,GM_RM019:YOLO26l:GM_RM019_000173_001,YOLO26l,"[284.446,300.671,795.881,597.065]",active_visible,false,"[""YOLO11l:botsort:bs_0082"",""YOLO11l:bytetrack:bt_0095"",""YOLO26l:botsort:bs_0074"",""YOLO26l:bytetrack:bt_0078""]",,birth_or_entry,stable,[],selected from provenance-preserving alternative cluster
GM_RM019,GM_RM019:GV005,174,GM_RM019:AT0040,GM_RM019:YOLO26l:GM_RM019_000174_001,YOLO26l,"[301.73,307.311,796.395,597.119]",active_visible,false,"[""YOLO11l:botsort:bs_0082"",""YOLO11l:bytetrack:bt_0095"",""YOLO26l:botsort:bs_0074"",""YOLO26l:bytetrack:bt_0078""]",,birth_or_entry,stable,[],selected from provenance-preserving alternative cluster
GM_RM019,GM_RM019:GV005,175,GM_RM019:AT0040,GM_RM019:YOLO26l:GM_RM019_000175_001,YOLO26l,"[343.689,316.801,797.928,597.12]",active_visible,false,"[""YOLO11l:botsort:bs_0082"",""YOLO11l:bytetrack:bt_0095"",""YOLO26l:botsort:bs_0074"",""YOLO26l:bytetrack:bt_0078""]",,birth_or_entry,stable,[],selected from provenance-preserving alternative cluster
GM_RM019,GM_RM019:GV005,176,GM_RM019:AT0040,GM_RM019:YOLO26l:GM_RM019_000176_001,YOLO26l,"[394.168,326.577,799.171,597.295]",active_visible,false,"[""YOLO11l:botsort:bs_0082"",""YOLO11l:bytetrack:bt_0095"",""YOLO26l:botsort:bs_0074"",""YOLO26l:bytetrack:bt_0078""]",,birth_or_entry,stable,[],selected from provenance-preserving alternative cluster
GM_RM019,GM_RM019:GV005,177,GM_RM019:AT0040,GM_RM019:YOLO26l:GM_RM019_000177_001,YOLO26l,"[443.001,336.536,798.842,597.803]",active_visible,false,"[""YOLO11l:botsort:bs_0082"",""YOLO11l:bytetrack:bt_0095"",""YOLO26l:botsort:bs_0074"",""YOLO26l:bytetrack:bt_0078""]",,birth_or_entry,stable,[],selected from provenance-preserving alternative cluster
GM_RM019,GM_RM019:GV005,178,GM_RM019:AT0040,GM_RM019:YOLO26l:GM_RM019_000178_001,YOLO26l,"[500.531,352.758,799.005,597.586]",active_visible,false,"[""YOLO11l:botsort:bs_0082"",""YOLO11l:bytetrack:bt_0095"",""YOLO26l:botsort:bs_0074"",""YOLO26l:bytetrack:bt_0078""]",,birth_or_entry,stable,[],selected from provenance-preserving alternative cluster
GM_RM019,GM_RM019:GV005,179,GM_RM019:AT0040,GM_RM019:YOLO26l:GM_RM019_000179_001,YOLO26l,"[550.82,364.488,799.106,596.691]",active_visible,false,"[""YOLO11l:botsort:bs_0082"",""YOLO11l:bytetrack:bt_0095"",""YOLO26l:botsort:bs_0074"",""YOLO26l:bytetrack:bt_0078""]",,birth_or_entry,stable,[],selected from provenance-preserving alternative cluster
GM_RM019,GM_RM019:GV005,180,GM_RM019:AT0040,GM_RM019:YOLO26l:GM_RM019_000180_001,YOLO26l,"[601.072,386.435,799.159,596.886]",active_visible,false,"[""YOLO11l:botsort:bs_0082"",""YOLO11l:bytetrack:bt_0095"",""YOLO26l:botsort:bs_0074"",""YOLO26l:bytetrack:bt_0078""]",,birth_or_entry,stable,[],selected from provenance-preserving alternative cluster
GM_RM019,GM_RM019:GV005,181,GM_RM019:AT0040,GM_RM019:YOLO26l:GM_RM019_000181_001,YOLO26l,"[653.394,394.617,799.513,596.346]",active_visible,false,"[""YOLO11l:botsort:bs_0082"",""YOLO11l:bytetrack:bt_0095"",""YOLO26l:botsort:bs_0074"",""YOLO26l:bytetrack:bt_0078""]",,birth_or_entry,stable,[],selected from provenance-preserving alternative cluster
GM_RM019,GM_RM019:GV005,182,GM_RM019:AT0040,GM_RM019:YOLO26l:GM_RM019_000182_001,YOLO26l,"[705.453,406.16,799.65,595.33]",active_visible,false,"[""YOLO11l:botsort:bs_0082"",""YOLO11l:bytetrack:bt_0095"",""YOLO26l:botsort:bs_0074"",""YOLO26l:bytetrack:bt_0078""]",,birth_or_entry,stable,[],selected from provenance-preserving alternative cluster
GM_RM019,GM_RM019:GV005,183,GM_RM019:AT0040,GM_RM019:YOLO26l:GM_RM019_000183_001,YOLO26l,"[757.444,420.264,799.78,568.742]",exit_or_death,false,"[""YOLO26l:botsort:bs_0074""]",,birth_or_entry,stable,[],selected from provenance-preserving alternative cluster
GM_RM019,GM_RM019:GV006,149,GM_RM019:AT0039,GM_RM019:YOLO26l:GM_RM019_000149_001,YOLO26l,"[0.436,326.113,93.434,539.165]",birth_or_entry,false,"[""YOLO11l:botsort:bs_0082"",""YOLO11l:bytetrack:bt_0095"",""YOLO26l:botsort:bs_0072"",""YOLO26l:bytetrack:bt_0078""]",,birth_or_entry,stable,[],selected from provenance-preserving alternative cluster
GM_RM019,GM_RM019:GV006,150,GM_RM019:AT0039,GM_RM019:YOLO26l:GM_RM019_000150_001,YOLO26l,"[0.541,301.57,124.6,552.117]",active_visible,false,"[""YOLO11l:botsort:bs_0082"",""YOLO11l:bytetrack:bt_0095"",""YOLO26l:botsort:bs_0072"",""YOLO26l:bytetrack:bt_0078""]",,birth_or_entry,stable,[],selected from provenance-preserving alternative cluster
GM_RM019,GM_RM019:GV006,151,GM_RM019:AT0039,GM_RM019:YOLO26l:GM_RM019_000151_001,YOLO26l,"[0.636,297.893,156.444,579.764]",active_visible,false,"[""YOLO11l:botsort:bs_0082"",""YOLO11l:bytetrack:bt_0095"",""YOLO26l:botsort:bs_0072"",""YOLO26l:bytetrack:bt_0078""]",,birth_or_entry,stable,[],selected from provenance-preserving alternative cluster
GM_RM019,GM_RM019:GV006,152,GM_RM019:AT0039,GM_RM019:YOLO26l:GM_RM019_000152_001,YOLO26l,"[0.675,296.306,190.274,593.637]",active_visible,false,"[""YOLO11l:botsort:bs_0082"",""YOLO11l:bytetrack:bt_0095"",""YOLO26l:botsort:bs_0072"",""YOLO26l:bytetrack:bt_0078""]",,birth_or_entry,stable,[],selected from provenance-preserving alternative cluster
GM_RM019,GM_RM019:GV006,153,GM_RM019:AT0039,GM_RM019:YOLO26l:GM_RM019_000153_001,YOLO26l,"[0.886,297.275,223.13,594.538]",active_visible,false,"[""YOLO11l:botsort:bs_0082"",""YOLO11l:bytetrack:bt_0095"",""YOLO26l:botsort:bs_0072"",""YOLO26l:bytetrack:bt_0078""]",,birth_or_entry,stable,[],selected from provenance-preserving alternative cluster
GM_RM019,GM_RM019:GV006,154,GM_RM019:AT0039,GM_RM019:YOLO26l:GM_RM019_000154_001,YOLO26l,"[0.946,296.516,257.246,595.57]",active_visible,false,"[""YOLO11l:botsort:bs_0082"",""YOLO11l:bytetrack:bt_0095"",""YOLO26l:botsort:bs_0072"",""YOLO26l:bytetrack:bt_0078""]",,birth_or_entry,stable,[],selected from provenance-preserving alternative cluster
GM_RM019,GM_RM019:GV006,155,GM_RM019:AT0039,GM_RM019:YOLO26l:GM_RM019_000155_001,YOLO26l,"[1.469,300.562,291.156,595.383]",active_visible,false,"[""YOLO11l:botsort:bs_0082"",""YOLO11l:bytetrack:bt_0095"",""YOLO26l:botsort:bs_0072"",""YOLO26l:bytetrack:bt_0078""]",,birth_or_entry,stable,[],selected from provenance-preserving alternative cluster
GM_RM019,GM_RM019:GV006,156,GM_RM019:AT0039,GM_RM019:YOLO26l:GM_RM019_000156_001,YOLO26l,"[1.278,295.819,326.935,596.385]",active_visible,false,"[""YOLO11l:botsort:bs_0082"",""YOLO11l:bytetrack:bt_0095"",""YOLO26l:botsort:bs_0072"",""YOLO26l:bytetrack:bt_0078""]",,birth_or_entry,stable,[],selected from provenance-preserving alternative cluster
GM_RM019,GM_RM019:GV006,157,GM_RM019:AT0039,GM_RM019:YOLO26l:GM_RM019_000157_001,YOLO26l,"[1.17,297.515,368.116,596.842]",active_visible,false,"[""YOLO11l:botsort:bs_0082"",""YOLO11l:bytetrack:bt_0095"",""YOLO26l:botsort:bs_0072"",""YOLO26l:bytetrack:bt_0078""]",,birth_or_entry,stable,[],selected from provenance-preserving alternative cluster
GM_RM019,GM_RM019:GV006,158,GM_RM019:AT0039,GM_RM019:YOLO26l:GM_RM019_000158_001,YOLO26l,"[1.736,300.371,408.873,596.96]",active_visible,false,"[""YOLO11l:botsort:bs_0082"",""YOLO11l:bytetrack:bt_0095"",""YOLO26l:botsort:bs_0072"",""YOLO26l:bytetrack:bt_0078""]",,birth_or_entry,stable,[],selected from provenance-preserving alternative cluster
GM_RM019,GM_RM019:GV006,159,GM_RM019:AT0039,GM_RM019:YOLO26l:GM_RM019_000159_001,YOLO26l,"[1.946,301.202,445.011,597.168]",active_visible,false,"[""YOLO11l:botsort:bs_0082"",""YOLO11l:bytetrack:bt_0095"",""YOLO26l:botsort:bs_0072"",""YOLO26l:bytetrack:bt_0078""]",,birth_or_entry,stable,[],selected from provenance-preserving alternative cluster
GM_RM019,GM_RM019:GV006,160,GM_RM019:AT0039,GM_RM019:YOLO26l:GM_RM019_000160_001,YOLO26l,"[2.251,302.55,481.853,597.562]",active_visible,false,"[""YOLO11l:botsort:bs_0082"",""YOLO11l:bytetrack:bt_0095"",""YOLO26l:botsort:bs_0072"",""YOLO26l:bytetrack:bt_0078""]",,birth_or_entry,stable,[],selected from provenance-preserving alternative cluster
GM_RM019,GM_RM019:GV006,161,GM_RM019:AT0039,GM_RM019:YOLO26l:GM_RM019_000161_001,YOLO26l,"[2.638,301.503,498.087,597.569]",active_visible,false,"[""YOLO11l:botsort:bs_0082"",""YOLO11l:bytetrack:bt_0095"",""YOLO26l:botsort:bs_0072"",""YOLO26l:bytetrack:bt_0078""]",,birth_or_entry,stable,[],selected from provenance-preserving alternative cluster
GM_RM019,GM_RM019:GV006,162,GM_RM019:AT0039,GM_RM019:YOLO26l:GM_RM019_000162_001,YOLO26l,"[2.575,302.618,500.062,597.764]",active_visible,false,"[""YOLO11l:botsort:bs_0082"",""YOLO11l:bytetrack:bt_0095"",""YOLO26l:botsort:bs_0072"",""YOLO26l:bytetrack:bt_0078""]",,birth_or_entry,stable,[],selected from provenance-preserving alternative cluster
GM_RM019,GM_RM019:GV006,163,GM_RM019:AT0039,GM_RM019:YOLO26l:GM_RM019_000163_001,YOLO26l,"[1.523,301.993,511.361,597.706]",active_visible,false,"[""YOLO11l:botsort:bs_0082"",""YOLO26l:botsort:bs_0072"",""YOLO26l:bytetrack:bt_0078""]",,birth_or_entry,stable,[],selected from provenance-preserving alternative cluster
GM_RM019,GM_RM019:GV006,164,GM_RM019:AT0039,GM_RM019:YOLO26l:GM_RM019_000164_001,YOLO26l,"[2.966,302.322,541.07,597.499]",active_visible,false,"[""YOLO26l:botsort:bs_0072"",""YOLO26l:bytetrack:bt_0078""]",,birth_or_entry,stable,[],selected from provenance-preserving alternative cluster
GM_RM019,GM_RM019:GV006,165,GM_RM019:AT0039,GM_RM019:YOLO26l:GM_RM019_000165_001,YOLO26l,"[6.866,303.692,578.877,597.264]",active_visible,false,"[""YOLO26l:botsort:bs_0072"",""YOLO26l:bytetrack:bt_0078""]",,birth_or_entry,stable,[],selected from provenance-preserving alternative cluster
GM_RM019,GM_RM019:GV006,166,GM_RM019:AT0039,GM_RM019:YOLO26l:GM_RM019_000166_001,YOLO26l,"[15.352,304.228,602.824,597.329]",active_visible,false,"[""YOLO26l:botsort:bs_0072"",""YOLO26l:bytetrack:bt_0078""]",,birth_or_entry,stable,[],selected from provenance-preserving alternative cluster
GM_RM019,GM_RM019:GV006,167,GM_RM019:AT0039,GM_RM019:YOLO26l:GM_RM019_000167_001,YOLO26l,"[10.974,306.427,602.81,597.415]",active_visible,false,"[""YOLO26l:botsort:bs_0072"",""YOLO26l:bytetrack:bt_0078""]",,birth_or_entry,stable,[],selected from provenance-preserving alternative cluster
GM_RM019,GM_RM019:GV006,168,GM_RM019:AT0039,GM_RM019:YOLO26l:GM_RM019_000168_001,YOLO26l,"[22.602,303.676,626.582,597.104]",active_visible,false,"[""YOLO26l:botsort:bs_0072"",""YOLO26l:bytetrack:bt_0078""]",,birth_or_entry,stable,[],selected from provenance-preserving alternative cluster
GM_RM019,GM_RM019:GV006,169,GM_RM019:AT0039,GM_RM019:YOLO26l:GM_RM019_000169_002,YOLO26l,"[39.6,302.288,650.702,597.133]",active_visible,false,"[""YOLO26l:botsort:bs_0072"",""YOLO26l:bytetrack:bt_0078""]",,birth_or_entry,stable,[],selected from provenance-preserving alternative cluster
GM_RM019,GM_RM019:GV006,170,GM_RM019:AT0039,GM_RM019:YOLO26l:GM_RM019_000170_002,YOLO26l,"[78.212,303.604,677.32,597.045]",exit_or_death,false,"[""YOLO26l:botsort:bs_0072"",""YOLO26l:bytetrack:bt_0078""]",,birth_or_entry,stable,[],selected from provenance-preserving alternative cluster
