research_unit_id,unit_type,counterfactual_semantic_class,temporal_direction_applicability,temporal_correspondence_applicability,scene,canonical_vehicle_id,research_role,anchor_variant,representation,axis_rule,normalization_path,pair_rule_id,source_pair_set_hash,pair_set_hash,frame_count,candidate_pair_count,eligible_pair_count,eligible_unique_frame_count,eligible_max_frame_pair_degree,eligible_pair_graph_component_count,pair_evidence_state,nonadjacent_field_ncc_median,nonadjacent_orientation_pair_agreement_median,nonadjacent_orientation_angle_diff_deg_median,nonadjacent_thin_edge_jaccard_median,nonadjacent_thin_edge_endpoint_count_absdiff_median,nonadjacent_thin_edge_branch_count_absdiff_median,nonadjacent_thin_edge_keypoint_relation_distance_absdiff_median,nonadjacent_thin_edge_centroid_distance_median,nonadjacent_thin_edge_adjacency_mean_degree_absdiff_median,nonadjacent_thin_edge_collinearity_proxy_absdiff_median,nonadjacent_thin_edge_parallel_representation_x_axis_fraction_absdiff_median,nonadjacent_thin_edge_parallel_representation_y_axis_fraction_absdiff_median,nonadjacent_common_valid_fraction_median,adjacent_field_ncc_median,adjacent_orientation_pair_agreement_median,adjacent_orientation_angle_diff_deg_median,adjacent_thin_edge_jaccard_median,adjacent_thin_edge_endpoint_count_absdiff_median,adjacent_thin_edge_branch_count_absdiff_median,adjacent_thin_edge_keypoint_relation_distance_absdiff_median,adjacent_thin_edge_centroid_distance_median,adjacent_thin_edge_adjacency_mean_degree_absdiff_median,adjacent_thin_edge_collinearity_proxy_absdiff_median,adjacent_thin_edge_parallel_representation_x_axis_fraction_absdiff_median,adjacent_thin_edge_parallel_representation_y_axis_fraction_absdiff_median,orientation_dominant_axial_direction_deg,orientation_anisotropy_median,orientation_coherence_median,orientation_temporal_axial_dispersion_deg,orientation_to_representation_x_axis_diff_median_deg,orientation_to_representation_y_axis_diff_median_deg,orientation_to_body_long_axis_diff_median_deg,orientation_to_body_short_axis_diff_median_deg,orientation_axis_relation_definition,topology_component_count_median,topology_endpoint_count_median,topology_endpoint_count_cv,topology_branch_count_median,topology_branch_count_cv,topology_thin_edge_fraction_median,topology_thin_edge_fraction_cv,topology_thin_edge_largest_component_fraction_median,topology_thin_edge_relative_centroid_x_median,topology_thin_edge_relative_centroid_y_median,topology_thin_edge_adjacency_mean_degree_median,topology_thin_edge_collinearity_proxy_median,topology_thin_edge_parallel_representation_x_fraction_median,topology_thin_edge_parallel_representation_y_fraction_median,topology_thin_edge_parallel_body_long_axis_fraction_median,topology_thin_edge_parallel_body_short_axis_fraction_median,topology_axis_relation_definition,topology_estimator_id,structure_boundary_guard_id,structure_valid_fraction_median,structure_valid_fraction_min,valid_fraction_mean,valid_fraction_min,normalization_status_counts,background_median_median,dynamic_range_high_median,saturation_high_fraction_median,evidence_validity_status,representation_attribution_scope,support_geometry,review_status,notes
S0MV-GM_RM017-PV002-SEG02,vehicle_thread,TRUE_VEHICLE_POSITIVE,NOT_A_TEMPORAL_DIRECTION_TEST,NOT_A_TEMPORAL_CORRESPONDENCE_TEST,GM_RM017,GM_RM017:PV002,mechanism_discovery_gt_proxy,raw_gt,WORLD_FIXED,REPRESENTATION_DEFINED_AXIS,FIXED_REFERENCE,SOURCE_POSITIVE_GT_CONDITIONED_VIEW_GAP10_DIFF5_RELIABILITY_AND_FINITE_COMMON_VALID_PROJECTED_NO_RESELECTION,369267f7470fa21a7f75d20a878c2056eb190faf3a9bb522937c013f7db00e6c,fe00de604990c155fd9239e7643555cbea5f31d71699c09b0b1408e1f8bbf821,65,8,8,11,3,3,PAIR_COUNT_GT4_SHARED_FRAME_REPEATED_EVIDENCE,0.207078,0.990725,3.903969,0.080828,48.500000,602.500000,0.040153,0.199623,0.064365,0.211437,0.017337,0.006435,1.000000,0.784892,0.998049,1.789692,0.143086,25.500000,179.500000,0.020694,0.034100,0.026656,0.046462,0.007635,0.007116,6.542210,0.212602,0.378649,2.607420,6.291657,83.708343,,,REPRESENTATION_X_Y_AXES_ONLY,140.000000,260.000000,0.323541,2814.000000,0.311800,0.140472,0.305041,0.101558,0.078926,-0.101255,2.788021,0.349066,0.186850,0.151036,,,REPRESENTATION_X_Y_AXES_ONLY,CANNY_THIN_EDGE_CONNECTIVITY_PROXY_NOT_MORPHOLOGICAL_SKELETON,TELEA_INPAINT_INVALID_PLUS_ERODE_VALID_6PX,1.000000,1.000000,1.000000,1.000000,PASS:65,44.000000,99.000000,0.012634,PASS,TRACKED_OR_FIXED_CENTER_WITH_GLOBAL_AXES_AND_EQUAL_WINDOW_DIMENSIONS,EQUAL_WINDOW_DIMENSIONS_GRID_DENSITY_MASK_GRAY;ROTATED_ANISOTROPIC_WINDOWS_SAMPLE_DIFFERENT_SOURCE_PIXELS,directly_reviewed_complete,metrics remain separate; no combined score or parameter selection; rotated-window deltas are not pure coordinate-axis attribution
S0MV-GM_RM017-PV002-SEG02,vehicle_thread,TRUE_VEHICLE_POSITIVE,NOT_A_TEMPORAL_DIRECTION_TEST,NOT_A_TEMPORAL_CORRESPONDENCE_TEST,GM_RM017,GM_RM017:PV002,mechanism_discovery_gt_proxy,raw_gt,CENTER_TRACKED_CARTESIAN,REPRESENTATION_DEFINED_AXIS,FIXED_REFERENCE,SOURCE_POSITIVE_GT_CONDITIONED_VIEW_GAP10_DIFF5_RELIABILITY_AND_FINITE_COMMON_VALID_PROJECTED_NO_RESELECTION,369267f7470fa21a7f75d20a878c2056eb190faf3a9bb522937c013f7db00e6c,fe00de604990c155fd9239e7643555cbea5f31d71699c09b0b1408e1f8bbf821,65,8,8,11,3,3,PAIR_COUNT_GT4_SHARED_FRAME_REPEATED_EVIDENCE,0.720209,0.912018,12.105294,0.119650,69.500000,367.500000,0.017663,0.085744,0.030783,0.119446,0.012159,0.008265,1.000000,0.768540,0.995202,2.807289,0.136390,28.000000,284.500000,0.019808,0.044754,0.025268,0.055019,0.006765,0.008588,7.673521,0.230110,0.371573,13.601225,15.354142,74.645858,,,REPRESENTATION_X_Y_AXES_ONLY,139.000000,230.000000,0.260676,2701.000000,0.209562,0.135529,0.215835,0.090977,0.135537,-0.016587,2.794795,0.334577,0.181598,0.147585,,,REPRESENTATION_X_Y_AXES_ONLY,CANNY_THIN_EDGE_CONNECTIVITY_PROXY_NOT_MORPHOLOGICAL_SKELETON,TELEA_INPAINT_INVALID_PLUS_ERODE_VALID_6PX,1.000000,1.000000,1.000000,1.000000,PASS:65,44.000000,89.000000,0.006805,PASS,TRACKED_OR_FIXED_CENTER_WITH_GLOBAL_AXES_AND_EQUAL_WINDOW_DIMENSIONS,EQUAL_WINDOW_DIMENSIONS_GRID_DENSITY_MASK_GRAY;ROTATED_ANISOTROPIC_WINDOWS_SAMPLE_DIFFERENT_SOURCE_PIXELS,directly_reviewed_complete,metrics remain separate; no combined score or parameter selection; rotated-window deltas are not pure coordinate-axis attribution
S0MV-GM_RM017-PV002-SEG02,vehicle_thread,TRUE_VEHICLE_POSITIVE,NOT_A_TEMPORAL_DIRECTION_TEST,NOT_A_TEMPORAL_CORRESPONDENCE_TEST,GM_RM017,GM_RM017:PV002,mechanism_discovery_gt_proxy,raw_gt,CENTER_TRACKED_RADIAL,REPRESENTATION_DEFINED_AXIS,FIXED_REFERENCE,SOURCE_POSITIVE_GT_CONDITIONED_VIEW_GAP10_DIFF5_RELIABILITY_AND_FINITE_COMMON_VALID_PROJECTED_NO_RESELECTION,369267f7470fa21a7f75d20a878c2056eb190faf3a9bb522937c013f7db00e6c,fe00de604990c155fd9239e7643555cbea5f31d71699c09b0b1408e1f8bbf821,65,8,8,11,3,3,PAIR_COUNT_GT4_SHARED_FRAME_REPEATED_EVIDENCE,0.252119,0.992753,3.373586,0.097357,54.000000,370.000000,0.021917,0.129106,0.020285,0.164316,0.014602,0.010932,1.000000,0.764762,0.996015,2.558370,0.131056,32.000000,241.500000,0.020307,0.045324,0.017509,0.048095,0.008469,0.006947,2.592006,0.217755,0.364779,8.208550,8.395107,81.604893,,,REPRESENTATION_X_Y_AXES_ONLY,131.000000,233.000000,0.262533,2595.000000,0.217948,0.125732,0.225821,0.105446,0.077168,-0.009926,2.802882,0.270395,0.180632,0.144525,,,REPRESENTATION_X_Y_AXES_ONLY,CANNY_THIN_EDGE_CONNECTIVITY_PROXY_NOT_MORPHOLOGICAL_SKELETON,TELEA_INPAINT_INVALID_PLUS_ERODE_VALID_6PX,1.000000,1.000000,1.000000,1.000000,PASS:65,44.000000,85.000000,0.004974,PASS,AXIS_ORIENTATION_PLUS_ROTATED_ANISOTROPIC_SUPPORT_FOOTPRINT,EQUAL_WINDOW_DIMENSIONS_GRID_DENSITY_MASK_GRAY;ROTATED_ANISOTROPIC_WINDOWS_SAMPLE_DIFFERENT_SOURCE_PIXELS,directly_reviewed_complete,metrics remain separate; no combined score or parameter selection; rotated-window deltas are not pure coordinate-axis attribution
S0MV-GM_RM017-PV002-SEG02,vehicle_thread,TRUE_VEHICLE_POSITIVE,NOT_A_TEMPORAL_DIRECTION_TEST,NOT_A_TEMPORAL_CORRESPONDENCE_TEST,GM_RM017,GM_RM017:PV002,mechanism_discovery_gt_proxy,raw_gt,CENTER_TRACKED_BODY,GT_DERIVED_UNSIGNED_BODY,FIXED_REFERENCE,SOURCE_POSITIVE_GT_CONDITIONED_VIEW_GAP10_DIFF5_RELIABILITY_AND_FINITE_COMMON_VALID_PROJECTED_NO_RESELECTION,369267f7470fa21a7f75d20a878c2056eb190faf3a9bb522937c013f7db00e6c,fe00de604990c155fd9239e7643555cbea5f31d71699c09b0b1408e1f8bbf821,65,8,8,11,3,3,PAIR_COUNT_GT4_SHARED_FRAME_REPEATED_EVIDENCE,0.343522,0.995350,2.760694,0.107136,64.000000,363.000000,0.024264,0.103908,0.014213,0.085308,0.009856,0.008893,1.000000,0.730938,0.991245,3.792637,0.131847,31.000000,256.000000,0.013319,0.051157,0.020948,0.044441,0.007649,0.007087,10.809285,0.234907,0.370731,12.966287,17.458854,72.541146,17.458854,72.541146,BODY_LONG_SHORT_AXES,134.000000,230.000000,0.260674,2696.000000,0.212920,0.131165,0.216312,0.088549,0.155788,-0.003884,2.805138,0.351067,0.181218,0.149266,0.181218,0.149266,BODY_LONG_SHORT_AXES,CANNY_THIN_EDGE_CONNECTIVITY_PROXY_NOT_MORPHOLOGICAL_SKELETON,TELEA_INPAINT_INVALID_PLUS_ERODE_VALID_6PX,1.000000,1.000000,1.000000,1.000000,PASS:65,44.000000,89.000000,0.006683,PASS,AXIS_ORIENTATION_PLUS_ROTATED_ANISOTROPIC_SUPPORT_FOOTPRINT,EQUAL_WINDOW_DIMENSIONS_GRID_DENSITY_MASK_GRAY;ROTATED_ANISOTROPIC_WINDOWS_SAMPLE_DIFFERENT_SOURCE_PIXELS,directly_reviewed_complete,metrics remain separate; no combined score or parameter selection; rotated-window deltas are not pure coordinate-axis attribution
S0MV-GM_RM017-PV002-SEG02,vehicle_thread,TRUE_VEHICLE_POSITIVE,NOT_A_TEMPORAL_DIRECTION_TEST,NOT_A_TEMPORAL_CORRESPONDENCE_TEST,GM_RM017,GM_RM017:PV002,mechanism_discovery_gt_proxy,raw_gt,WORLD_FIXED,REPRESENTATION_DEFINED_AXIS,CANDIDATE_LOCAL_REESTIMATED,SOURCE_POSITIVE_GT_CONDITIONED_VIEW_GAP10_DIFF5_RELIABILITY_AND_FINITE_COMMON_VALID_PROJECTED_NO_RESELECTION,369267f7470fa21a7f75d20a878c2056eb190faf3a9bb522937c013f7db00e6c,fe00de604990c155fd9239e7643555cbea5f31d71699c09b0b1408e1f8bbf821,65,8,8,11,3,3,PAIR_COUNT_GT4_SHARED_FRAME_REPEATED_EVIDENCE,0.201893,0.989489,4.072175,0.082672,40.000000,649.500000,0.043758,0.198207,0.049039,0.185473,0.020651,0.011823,1.000000,0.788279,0.997472,2.037296,0.143928,26.500000,189.000000,0.017960,0.036303,0.021475,0.034673,0.010146,0.007576,6.132645,0.222262,0.378028,2.896454,5.227263,84.772737,,,REPRESENTATION_X_Y_AXES_ONLY,150.000000,269.000000,0.161180,2793.000000,0.159418,0.139252,0.149460,0.107318,0.083021,-0.101229,2.782879,0.344052,0.185458,0.152895,,,REPRESENTATION_X_Y_AXES_ONLY,CANNY_THIN_EDGE_CONNECTIVITY_PROXY_NOT_MORPHOLOGICAL_SKELETON,TELEA_INPAINT_INVALID_PLUS_ERODE_VALID_6PX,1.000000,1.000000,1.000000,1.000000,PASS:65,45.000000,99.000000,0.010284,PASS,TRACKED_OR_FIXED_CENTER_WITH_GLOBAL_AXES_AND_EQUAL_WINDOW_DIMENSIONS,EQUAL_WINDOW_DIMENSIONS_GRID_DENSITY_MASK_GRAY;ROTATED_ANISOTROPIC_WINDOWS_SAMPLE_DIFFERENT_SOURCE_PIXELS,directly_reviewed_complete,metrics remain separate; no combined score or parameter selection; rotated-window deltas are not pure coordinate-axis attribution
S0MV-GM_RM017-PV002-SEG02,vehicle_thread,TRUE_VEHICLE_POSITIVE,NOT_A_TEMPORAL_DIRECTION_TEST,NOT_A_TEMPORAL_CORRESPONDENCE_TEST,GM_RM017,GM_RM017:PV002,mechanism_discovery_gt_proxy,raw_gt,CENTER_TRACKED_CARTESIAN,REPRESENTATION_DEFINED_AXIS,CANDIDATE_LOCAL_REESTIMATED,SOURCE_POSITIVE_GT_CONDITIONED_VIEW_GAP10_DIFF5_RELIABILITY_AND_FINITE_COMMON_VALID_PROJECTED_NO_RESELECTION,369267f7470fa21a7f75d20a878c2056eb190faf3a9bb522937c013f7db00e6c,fe00de604990c155fd9239e7643555cbea5f31d71699c09b0b1408e1f8bbf821,65,8,8,11,3,3,PAIR_COUNT_GT4_SHARED_FRAME_REPEATED_EVIDENCE,0.723920,0.907039,12.450363,0.119759,65.500000,523.500000,0.022222,0.070430,0.026494,0.100157,0.012404,0.009388,1.000000,0.774786,0.995403,2.746736,0.139199,28.000000,245.000000,0.018691,0.033380,0.019271,0.043556,0.007993,0.007175,7.631948,0.227289,0.374431,14.276776,15.447209,74.552791,,,REPRESENTATION_X_Y_AXES_ONLY,165.000000,289.000000,0.154396,3024.000000,0.168278,0.153961,0.159388,0.092673,0.134920,-0.025031,2.799554,0.256171,0.176053,0.154830,,,REPRESENTATION_X_Y_AXES_ONLY,CANNY_THIN_EDGE_CONNECTIVITY_PROXY_NOT_MORPHOLOGICAL_SKELETON,TELEA_INPAINT_INVALID_PLUS_ERODE_VALID_6PX,1.000000,1.000000,1.000000,1.000000,PASS:65,44.000000,89.000000,0.010406,PASS,TRACKED_OR_FIXED_CENTER_WITH_GLOBAL_AXES_AND_EQUAL_WINDOW_DIMENSIONS,EQUAL_WINDOW_DIMENSIONS_GRID_DENSITY_MASK_GRAY;ROTATED_ANISOTROPIC_WINDOWS_SAMPLE_DIFFERENT_SOURCE_PIXELS,directly_reviewed_complete,metrics remain separate; no combined score or parameter selection; rotated-window deltas are not pure coordinate-axis attribution
S0MV-GM_RM017-PV002-SEG02,vehicle_thread,TRUE_VEHICLE_POSITIVE,NOT_A_TEMPORAL_DIRECTION_TEST,NOT_A_TEMPORAL_CORRESPONDENCE_TEST,GM_RM017,GM_RM017:PV002,mechanism_discovery_gt_proxy,raw_gt,CENTER_TRACKED_RADIAL,REPRESENTATION_DEFINED_AXIS,CANDIDATE_LOCAL_REESTIMATED,SOURCE_POSITIVE_GT_CONDITIONED_VIEW_GAP10_DIFF5_RELIABILITY_AND_FINITE_COMMON_VALID_PROJECTED_NO_RESELECTION,369267f7470fa21a7f75d20a878c2056eb190faf3a9bb522937c013f7db00e6c,fe00de604990c155fd9239e7643555cbea5f31d71699c09b0b1408e1f8bbf821,65,8,8,11,3,3,PAIR_COUNT_GT4_SHARED_FRAME_REPEATED_EVIDENCE,0.259948,0.990519,3.895232,0.108747,38.000000,596.000000,0.023819,0.115307,0.030051,0.089913,0.018427,0.007080,1.000000,0.771874,0.994681,2.956206,0.133329,32.000000,374.500000,0.021893,0.044438,0.030027,0.031783,0.007552,0.006474,2.911012,0.210989,0.366610,8.001833,7.732550,82.267450,,,REPRESENTATION_X_Y_AXES_ONLY,172.000000,296.000000,0.153197,3169.000000,0.163838,0.159668,0.151821,0.088645,0.073005,0.006822,2.803911,0.209080,0.176846,0.150839,,,REPRESENTATION_X_Y_AXES_ONLY,CANNY_THIN_EDGE_CONNECTIVITY_PROXY_NOT_MORPHOLOGICAL_SKELETON,TELEA_INPAINT_INVALID_PLUS_ERODE_VALID_6PX,1.000000,1.000000,1.000000,1.000000,PASS:65,44.000000,85.000000,0.010376,PASS,AXIS_ORIENTATION_PLUS_ROTATED_ANISOTROPIC_SUPPORT_FOOTPRINT,EQUAL_WINDOW_DIMENSIONS_GRID_DENSITY_MASK_GRAY;ROTATED_ANISOTROPIC_WINDOWS_SAMPLE_DIFFERENT_SOURCE_PIXELS,directly_reviewed_complete,metrics remain separate; no combined score or parameter selection; rotated-window deltas are not pure coordinate-axis attribution
S0MV-GM_RM017-PV002-SEG02,vehicle_thread,TRUE_VEHICLE_POSITIVE,NOT_A_TEMPORAL_DIRECTION_TEST,NOT_A_TEMPORAL_CORRESPONDENCE_TEST,GM_RM017,GM_RM017:PV002,mechanism_discovery_gt_proxy,raw_gt,CENTER_TRACKED_BODY,GT_DERIVED_UNSIGNED_BODY,CANDIDATE_LOCAL_REESTIMATED,SOURCE_POSITIVE_GT_CONDITIONED_VIEW_GAP10_DIFF5_RELIABILITY_AND_FINITE_COMMON_VALID_PROJECTED_NO_RESELECTION,369267f7470fa21a7f75d20a878c2056eb190faf3a9bb522937c013f7db00e6c,fe00de604990c155fd9239e7643555cbea5f31d71699c09b0b1408e1f8bbf821,65,8,8,11,3,3,PAIR_COUNT_GT4_SHARED_FRAME_REPEATED_EVIDENCE,0.356709,0.996280,2.461999,0.113966,59.000000,1020.500000,0.015994,0.104421,0.013187,0.116876,0.005149,0.010042,1.000000,0.735626,0.989399,4.168391,0.136042,27.000000,293.500000,0.017482,0.033414,0.021031,0.042664,0.006397,0.005128,10.798708,0.229925,0.373193,12.571465,17.734474,72.265526,17.734474,72.265526,BODY_LONG_SHORT_AXES,164.000000,291.000000,0.167282,3087.000000,0.173987,0.153839,0.163747,0.091531,0.148129,-0.014885,2.806589,0.265545,0.176460,0.152732,0.176460,0.152732,BODY_LONG_SHORT_AXES,CANNY_THIN_EDGE_CONNECTIVITY_PROXY_NOT_MORPHOLOGICAL_SKELETON,TELEA_INPAINT_INVALID_PLUS_ERODE_VALID_6PX,1.000000,1.000000,1.000000,1.000000,PASS:65,44.000000,89.000000,0.010406,PASS,AXIS_ORIENTATION_PLUS_ROTATED_ANISOTROPIC_SUPPORT_FOOTPRINT,EQUAL_WINDOW_DIMENSIONS_GRID_DENSITY_MASK_GRAY;ROTATED_ANISOTROPIC_WINDOWS_SAMPLE_DIFFERENT_SOURCE_PIXELS,directly_reviewed_complete,metrics remain separate; no combined score or parameter selection; rotated-window deltas are not pure coordinate-axis attribution
S0MV-GM_RM017-PV002-SEG02,vehicle_thread,TRUE_VEHICLE_POSITIVE,NOT_A_TEMPORAL_DIRECTION_TEST,NOT_A_TEMPORAL_CORRESPONDENCE_TEST,GM_RM017,GM_RM017:PV002,mechanism_discovery_gt_proxy,smoothed_gt,WORLD_FIXED,REPRESENTATION_DEFINED_AXIS,FIXED_REFERENCE,SOURCE_POSITIVE_GT_CONDITIONED_VIEW_GAP10_DIFF5_RELIABILITY_AND_FINITE_COMMON_VALID_PROJECTED_NO_RESELECTION,7af9116724c7a8702700075845d02acd180c1bd14d4b238413ba2ed3adaafc86,ed546402acc4ce6014d9b55287c5bd2e9525b45c88e831b366822566c34e6b33,65,3,0,0,0,0,NO_ELIGIBLE_PAIRS,,,,,,,,,,,,,,0.784998,0.997932,1.842637,0.142278,27.500000,173.000000,0.016572,0.038229,0.021157,0.048646,0.008933,0.008375,6.585333,0.211892,0.378382,2.428468,6.296706,83.703294,,,REPRESENTATION_X_Y_AXES_ONLY,143.000000,268.000000,0.320267,2756.000000,0.318695,0.138397,0.311844,0.107046,0.088810,-0.096355,2.785467,0.343233,0.188328,0.152040,,,REPRESENTATION_X_Y_AXES_ONLY,CANNY_THIN_EDGE_CONNECTIVITY_PROXY_NOT_MORPHOLOGICAL_SKELETON,TELEA_INPAINT_INVALID_PLUS_ERODE_VALID_6PX,1.000000,1.000000,1.000000,1.000000,PASS:65,44.000000,99.000000,0.012726,PASS,TRACKED_OR_FIXED_CENTER_WITH_GLOBAL_AXES_AND_EQUAL_WINDOW_DIMENSIONS,EQUAL_WINDOW_DIMENSIONS_GRID_DENSITY_MASK_GRAY;ROTATED_ANISOTROPIC_WINDOWS_SAMPLE_DIFFERENT_SOURCE_PIXELS,directly_reviewed_complete,metrics remain separate; no combined score or parameter selection; rotated-window deltas are not pure coordinate-axis attribution
S0MV-GM_RM017-PV002-SEG02,vehicle_thread,TRUE_VEHICLE_POSITIVE,NOT_A_TEMPORAL_DIRECTION_TEST,NOT_A_TEMPORAL_CORRESPONDENCE_TEST,GM_RM017,GM_RM017:PV002,mechanism_discovery_gt_proxy,smoothed_gt,CENTER_TRACKED_CARTESIAN,REPRESENTATION_DEFINED_AXIS,FIXED_REFERENCE,SOURCE_POSITIVE_GT_CONDITIONED_VIEW_GAP10_DIFF5_RELIABILITY_AND_FINITE_COMMON_VALID_PROJECTED_NO_RESELECTION,7af9116724c7a8702700075845d02acd180c1bd14d4b238413ba2ed3adaafc86,ed546402acc4ce6014d9b55287c5bd2e9525b45c88e831b366822566c34e6b33,65,3,0,0,0,0,NO_ELIGIBLE_PAIRS,,,,,,,,,,,,,,0.826427,0.995994,2.565257,0.143217,27.500000,280.500000,0.021602,0.037705,0.028284,0.049421,0.008053,0.006566,7.636848,0.229319,0.373250,13.580713,15.591925,74.408075,,,REPRESENTATION_X_Y_AXES_ONLY,147.000000,231.000000,0.257491,2730.000000,0.210150,0.133728,0.216436,0.087454,0.138710,-0.016587,2.795708,0.331566,0.181598,0.150247,,,REPRESENTATION_X_Y_AXES_ONLY,CANNY_THIN_EDGE_CONNECTIVITY_PROXY_NOT_MORPHOLOGICAL_SKELETON,TELEA_INPAINT_INVALID_PLUS_ERODE_VALID_6PX,1.000000,1.000000,1.000000,1.000000,PASS:65,44.000000,89.000000,0.006714,PASS,TRACKED_OR_FIXED_CENTER_WITH_GLOBAL_AXES_AND_EQUAL_WINDOW_DIMENSIONS,EQUAL_WINDOW_DIMENSIONS_GRID_DENSITY_MASK_GRAY;ROTATED_ANISOTROPIC_WINDOWS_SAMPLE_DIFFERENT_SOURCE_PIXELS,directly_reviewed_complete,metrics remain separate; no combined score or parameter selection; rotated-window deltas are not pure coordinate-axis attribution
S0MV-GM_RM017-PV002-SEG02,vehicle_thread,TRUE_VEHICLE_POSITIVE,NOT_A_TEMPORAL_DIRECTION_TEST,NOT_A_TEMPORAL_CORRESPONDENCE_TEST,GM_RM017,GM_RM017:PV002,mechanism_discovery_gt_proxy,smoothed_gt,CENTER_TRACKED_RADIAL,REPRESENTATION_DEFINED_AXIS,FIXED_REFERENCE,SOURCE_POSITIVE_GT_CONDITIONED_VIEW_GAP10_DIFF5_RELIABILITY_AND_FINITE_COMMON_VALID_PROJECTED_NO_RESELECTION,7af9116724c7a8702700075845d02acd180c1bd14d4b238413ba2ed3adaafc86,ed546402acc4ce6014d9b55287c5bd2e9525b45c88e831b366822566c34e6b33,65,3,0,0,0,0,NO_ELIGIBLE_PAIRS,,,,,,,,,,,,,,0.797131,0.994953,2.879250,0.137078,22.500000,200.500000,0.021048,0.041465,0.020135,0.061441,0.009060,0.005928,2.718642,0.217755,0.363792,8.176862,8.520421,81.479579,,,REPRESENTATION_X_Y_AXES_ONLY,137.000000,232.000000,0.263648,2608.000000,0.214284,0.128815,0.221250,0.101806,0.074875,-0.008722,2.802882,0.254638,0.180400,0.143791,,,REPRESENTATION_X_Y_AXES_ONLY,CANNY_THIN_EDGE_CONNECTIVITY_PROXY_NOT_MORPHOLOGICAL_SKELETON,TELEA_INPAINT_INVALID_PLUS_ERODE_VALID_6PX,1.000000,1.000000,1.000000,1.000000,PASS:65,44.000000,85.000000,0.004974,PASS,AXIS_ORIENTATION_PLUS_ROTATED_ANISOTROPIC_SUPPORT_FOOTPRINT,EQUAL_WINDOW_DIMENSIONS_GRID_DENSITY_MASK_GRAY;ROTATED_ANISOTROPIC_WINDOWS_SAMPLE_DIFFERENT_SOURCE_PIXELS,directly_reviewed_complete,metrics remain separate; no combined score or parameter selection; rotated-window deltas are not pure coordinate-axis attribution
S0MV-GM_RM017-PV002-SEG02,vehicle_thread,TRUE_VEHICLE_POSITIVE,NOT_A_TEMPORAL_DIRECTION_TEST,NOT_A_TEMPORAL_CORRESPONDENCE_TEST,GM_RM017,GM_RM017:PV002,mechanism_discovery_gt_proxy,smoothed_gt,CENTER_TRACKED_BODY,GT_DERIVED_UNSIGNED_BODY,FIXED_REFERENCE,SOURCE_POSITIVE_GT_CONDITIONED_VIEW_GAP10_DIFF5_RELIABILITY_AND_FINITE_COMMON_VALID_PROJECTED_NO_RESELECTION,7af9116724c7a8702700075845d02acd180c1bd14d4b238413ba2ed3adaafc86,ed546402acc4ce6014d9b55287c5bd2e9525b45c88e831b366822566c34e6b33,65,3,0,0,0,0,NO_ELIGIBLE_PAIRS,,,,,,,,,,,,,,0.824825,0.994781,2.926996,0.139765,31.000000,265.500000,0.016359,0.041469,0.022740,0.059401,0.007347,0.005582,11.000615,0.234907,0.373013,13.291200,15.790122,74.209878,15.790122,74.209878,BODY_LONG_SHORT_AXES,138.000000,230.000000,0.258294,2620.000000,0.209473,0.131104,0.217975,0.094920,0.155788,-0.005664,2.804139,0.368579,0.179710,0.149038,0.179710,0.149038,BODY_LONG_SHORT_AXES,CANNY_THIN_EDGE_CONNECTIVITY_PROXY_NOT_MORPHOLOGICAL_SKELETON,TELEA_INPAINT_INVALID_PLUS_ERODE_VALID_6PX,1.000000,1.000000,1.000000,1.000000,PASS:65,44.000000,89.000000,0.006836,PASS,AXIS_ORIENTATION_PLUS_ROTATED_ANISOTROPIC_SUPPORT_FOOTPRINT,EQUAL_WINDOW_DIMENSIONS_GRID_DENSITY_MASK_GRAY;ROTATED_ANISOTROPIC_WINDOWS_SAMPLE_DIFFERENT_SOURCE_PIXELS,directly_reviewed_complete,metrics remain separate; no combined score or parameter selection; rotated-window deltas are not pure coordinate-axis attribution
S0MV-GM_RM017-PV002-SEG02,vehicle_thread,TRUE_VEHICLE_POSITIVE,NOT_A_TEMPORAL_DIRECTION_TEST,NOT_A_TEMPORAL_CORRESPONDENCE_TEST,GM_RM017,GM_RM017:PV002,mechanism_discovery_gt_proxy,smoothed_gt,WORLD_FIXED,REPRESENTATION_DEFINED_AXIS,CANDIDATE_LOCAL_REESTIMATED,SOURCE_POSITIVE_GT_CONDITIONED_VIEW_GAP10_DIFF5_RELIABILITY_AND_FINITE_COMMON_VALID_PROJECTED_NO_RESELECTION,7af9116724c7a8702700075845d02acd180c1bd14d4b238413ba2ed3adaafc86,ed546402acc4ce6014d9b55287c5bd2e9525b45c88e831b366822566c34e6b33,65,3,0,0,0,0,NO_ELIGIBLE_PAIRS,,,,,,,,,,,,,,0.787646,0.997425,2.056106,0.143876,24.000000,157.000000,0.018870,0.040026,0.020282,0.037965,0.008977,0.008565,6.171391,0.219581,0.379210,2.848951,5.391598,84.608402,,,REPRESENTATION_X_Y_AXES_ONLY,152.000000,264.000000,0.157732,2794.000000,0.163377,0.139740,0.153743,0.093947,0.088868,-0.093293,2.784162,0.364786,0.186150,0.155053,,,REPRESENTATION_X_Y_AXES_ONLY,CANNY_THIN_EDGE_CONNECTIVITY_PROXY_NOT_MORPHOLOGICAL_SKELETON,TELEA_INPAINT_INVALID_PLUS_ERODE_VALID_6PX,1.000000,1.000000,1.000000,1.000000,PASS:65,45.000000,99.000000,0.010284,PASS,TRACKED_OR_FIXED_CENTER_WITH_GLOBAL_AXES_AND_EQUAL_WINDOW_DIMENSIONS,EQUAL_WINDOW_DIMENSIONS_GRID_DENSITY_MASK_GRAY;ROTATED_ANISOTROPIC_WINDOWS_SAMPLE_DIFFERENT_SOURCE_PIXELS,directly_reviewed_complete,metrics remain separate; no combined score or parameter selection; rotated-window deltas are not pure coordinate-axis attribution
S0MV-GM_RM017-PV002-SEG02,vehicle_thread,TRUE_VEHICLE_POSITIVE,NOT_A_TEMPORAL_DIRECTION_TEST,NOT_A_TEMPORAL_CORRESPONDENCE_TEST,GM_RM017,GM_RM017:PV002,mechanism_discovery_gt_proxy,smoothed_gt,CENTER_TRACKED_CARTESIAN,REPRESENTATION_DEFINED_AXIS,CANDIDATE_LOCAL_REESTIMATED,SOURCE_POSITIVE_GT_CONDITIONED_VIEW_GAP10_DIFF5_RELIABILITY_AND_FINITE_COMMON_VALID_PROJECTED_NO_RESELECTION,7af9116724c7a8702700075845d02acd180c1bd14d4b238413ba2ed3adaafc86,ed546402acc4ce6014d9b55287c5bd2e9525b45c88e831b366822566c34e6b33,65,3,0,0,0,0,NO_ELIGIBLE_PAIRS,,,,,,,,,,,,,,0.832728,0.994963,2.876422,0.143971,18.000000,204.500000,0.021062,0.028551,0.021871,0.040892,0.008330,0.005801,7.594488,0.230645,0.375578,14.257192,15.631229,74.368771,,,REPRESENTATION_X_Y_AXES_ONLY,166.000000,284.000000,0.155755,3055.000000,0.171739,0.153564,0.163879,0.088645,0.137125,-0.022177,2.798712,0.251431,0.175747,0.153587,,,REPRESENTATION_X_Y_AXES_ONLY,CANNY_THIN_EDGE_CONNECTIVITY_PROXY_NOT_MORPHOLOGICAL_SKELETON,TELEA_INPAINT_INVALID_PLUS_ERODE_VALID_6PX,1.000000,1.000000,1.000000,1.000000,PASS:65,44.000000,89.000000,0.010437,PASS,TRACKED_OR_FIXED_CENTER_WITH_GLOBAL_AXES_AND_EQUAL_WINDOW_DIMENSIONS,EQUAL_WINDOW_DIMENSIONS_GRID_DENSITY_MASK_GRAY;ROTATED_ANISOTROPIC_WINDOWS_SAMPLE_DIFFERENT_SOURCE_PIXELS,directly_reviewed_complete,metrics remain separate; no combined score or parameter selection; rotated-window deltas are not pure coordinate-axis attribution
S0MV-GM_RM017-PV002-SEG02,vehicle_thread,TRUE_VEHICLE_POSITIVE,NOT_A_TEMPORAL_DIRECTION_TEST,NOT_A_TEMPORAL_CORRESPONDENCE_TEST,GM_RM017,GM_RM017:PV002,mechanism_discovery_gt_proxy,smoothed_gt,CENTER_TRACKED_RADIAL,REPRESENTATION_DEFINED_AXIS,CANDIDATE_LOCAL_REESTIMATED,SOURCE_POSITIVE_GT_CONDITIONED_VIEW_GAP10_DIFF5_RELIABILITY_AND_FINITE_COMMON_VALID_PROJECTED_NO_RESELECTION,7af9116724c7a8702700075845d02acd180c1bd14d4b238413ba2ed3adaafc86,ed546402acc4ce6014d9b55287c5bd2e9525b45c88e831b366822566c34e6b33,65,3,0,0,0,0,NO_ELIGIBLE_PAIRS,,,,,,,,,,,,,,0.799210,0.994513,3.002386,0.139535,26.500000,260.500000,0.020238,0.038988,0.024656,0.030000,0.008646,0.005659,3.066278,0.213370,0.366644,7.550087,7.559347,82.440653,,,REPRESENTATION_X_Y_AXES_ONLY,175.000000,296.000000,0.159909,3239.000000,0.163281,0.160980,0.153210,0.081011,0.074875,0.006822,2.807537,0.209080,0.173748,0.150683,,,REPRESENTATION_X_Y_AXES_ONLY,CANNY_THIN_EDGE_CONNECTIVITY_PROXY_NOT_MORPHOLOGICAL_SKELETON,TELEA_INPAINT_INVALID_PLUS_ERODE_VALID_6PX,1.000000,1.000000,1.000000,1.000000,PASS:65,44.000000,85.000000,0.010376,PASS,AXIS_ORIENTATION_PLUS_ROTATED_ANISOTROPIC_SUPPORT_FOOTPRINT,EQUAL_WINDOW_DIMENSIONS_GRID_DENSITY_MASK_GRAY;ROTATED_ANISOTROPIC_WINDOWS_SAMPLE_DIFFERENT_SOURCE_PIXELS,directly_reviewed_complete,metrics remain separate; no combined score or parameter selection; rotated-window deltas are not pure coordinate-axis attribution
S0MV-GM_RM017-PV002-SEG02,vehicle_thread,TRUE_VEHICLE_POSITIVE,NOT_A_TEMPORAL_DIRECTION_TEST,NOT_A_TEMPORAL_CORRESPONDENCE_TEST,GM_RM017,GM_RM017:PV002,mechanism_discovery_gt_proxy,smoothed_gt,CENTER_TRACKED_BODY,GT_DERIVED_UNSIGNED_BODY,CANDIDATE_LOCAL_REESTIMATED,SOURCE_POSITIVE_GT_CONDITIONED_VIEW_GAP10_DIFF5_RELIABILITY_AND_FINITE_COMMON_VALID_PROJECTED_NO_RESELECTION,7af9116724c7a8702700075845d02acd180c1bd14d4b238413ba2ed3adaafc86,ed546402acc4ce6014d9b55287c5bd2e9525b45c88e831b366822566c34e6b33,65,3,0,0,0,0,NO_ELIGIBLE_PAIRS,,,,,,,,,,,,,,0.828783,0.993268,3.325938,0.143326,27.000000,242.500000,0.020075,0.028660,0.025392,0.049198,0.007271,0.005994,11.034961,0.229890,0.374494,13.344465,16.256415,73.743585,16.256415,73.743585,BODY_LONG_SHORT_AXES,167.000000,279.000000,0.174398,3014.000000,0.189220,0.151367,0.174933,0.083241,0.155409,-0.014103,2.803345,0.265892,0.176957,0.153045,0.176957,0.153045,BODY_LONG_SHORT_AXES,CANNY_THIN_EDGE_CONNECTIVITY_PROXY_NOT_MORPHOLOGICAL_SKELETON,TELEA_INPAINT_INVALID_PLUS_ERODE_VALID_6PX,1.000000,1.000000,1.000000,1.000000,PASS:65,44.000000,89.000000,0.010437,PASS,AXIS_ORIENTATION_PLUS_ROTATED_ANISOTROPIC_SUPPORT_FOOTPRINT,EQUAL_WINDOW_DIMENSIONS_GRID_DENSITY_MASK_GRAY;ROTATED_ANISOTROPIC_WINDOWS_SAMPLE_DIFFERENT_SOURCE_PIXELS,directly_reviewed_complete,metrics remain separate; no combined score or parameter selection; rotated-window deltas are not pure coordinate-axis attribution
S0MV-GM_RM017-PV003-SEG01,vehicle_thread,TRUE_VEHICLE_POSITIVE,NOT_A_TEMPORAL_DIRECTION_TEST,NOT_A_TEMPORAL_CORRESPONDENCE_TEST,GM_RM017,GM_RM017:PV003,within_scene_other_vehicle_fixed_rule_replay,raw_gt,WORLD_FIXED,REPRESENTATION_DEFINED_AXIS,FIXED_REFERENCE,SOURCE_POSITIVE_GT_CONDITIONED_VIEW_GAP10_DIFF5_RELIABILITY_AND_FINITE_COMMON_VALID_PROJECTED_NO_RESELECTION,dea555659746fbdda8c19188f372cb0e24d32061d75e17b0b3e5bc39e425cf75,d6c43bdf9d204ac3d91dd4847a02665c61bb920fd373f5b30bfb4f40e5dbb8ba,67,4,4,6,2,2,SPARSE_PAIR_EVIDENCE,0.086484,0.876827,11.375775,0.078404,47.500000,479.000000,0.037752,0.157805,0.016998,0.211076,0.027186,0.024351,1.000000,0.817153,0.998879,1.356673,0.128164,27.500000,333.500000,0.026262,0.034896,0.027269,0.042588,0.009496,0.007334,172.143464,0.235337,0.340665,3.545618,5.288465,84.711535,,,REPRESENTATION_X_Y_AXES_ONLY,177.000000,273.000000,0.302024,2651.000000,0.282313,0.136139,0.278251,0.106980,0.094718,-0.000096,2.768287,0.184012,0.179784,0.155944,,,REPRESENTATION_X_Y_AXES_ONLY,CANNY_THIN_EDGE_CONNECTIVITY_PROXY_NOT_MORPHOLOGICAL_SKELETON,TELEA_INPAINT_INVALID_PLUS_ERODE_VALID_6PX,1.000000,1.000000,1.000000,1.000000,PASS:67,45.000000,86.330000,0.010803,PASS,TRACKED_OR_FIXED_CENTER_WITH_GLOBAL_AXES_AND_EQUAL_WINDOW_DIMENSIONS,EQUAL_WINDOW_DIMENSIONS_GRID_DENSITY_MASK_GRAY;ROTATED_ANISOTROPIC_WINDOWS_SAMPLE_DIFFERENT_SOURCE_PIXELS,directly_reviewed_complete,metrics remain separate; no combined score or parameter selection; rotated-window deltas are not pure coordinate-axis attribution
S0MV-GM_RM017-PV003-SEG01,vehicle_thread,TRUE_VEHICLE_POSITIVE,NOT_A_TEMPORAL_DIRECTION_TEST,NOT_A_TEMPORAL_CORRESPONDENCE_TEST,GM_RM017,GM_RM017:PV003,within_scene_other_vehicle_fixed_rule_replay,raw_gt,CENTER_TRACKED_CARTESIAN,REPRESENTATION_DEFINED_AXIS,FIXED_REFERENCE,SOURCE_POSITIVE_GT_CONDITIONED_VIEW_GAP10_DIFF5_RELIABILITY_AND_FINITE_COMMON_VALID_PROJECTED_NO_RESELECTION,dea555659746fbdda8c19188f372cb0e24d32061d75e17b0b3e5bc39e425cf75,d6c43bdf9d204ac3d91dd4847a02665c61bb920fd373f5b30bfb4f40e5dbb8ba,67,4,4,6,2,2,SPARSE_PAIR_EVIDENCE,0.564850,0.934574,9.840527,0.104750,24.500000,288.000000,0.027511,0.039960,0.033348,0.105706,0.017615,0.003843,1.000000,0.802204,0.998050,1.789500,0.133067,30.500000,423.000000,0.026458,0.035109,0.028935,0.037831,0.008596,0.008320,169.966133,0.218622,0.346473,7.044426,5.610881,84.389119,,,REPRESENTATION_X_Y_AXES_ONLY,188.000000,291.000000,0.233159,2823.000000,0.207082,0.145294,0.207062,0.093180,0.037209,-0.001643,2.782228,0.122434,0.171861,0.158439,,,REPRESENTATION_X_Y_AXES_ONLY,CANNY_THIN_EDGE_CONNECTIVITY_PROXY_NOT_MORPHOLOGICAL_SKELETON,TELEA_INPAINT_INVALID_PLUS_ERODE_VALID_6PX,1.000000,1.000000,1.000000,1.000000,PASS:67,45.000000,86.000000,0.010376,PASS,TRACKED_OR_FIXED_CENTER_WITH_GLOBAL_AXES_AND_EQUAL_WINDOW_DIMENSIONS,EQUAL_WINDOW_DIMENSIONS_GRID_DENSITY_MASK_GRAY;ROTATED_ANISOTROPIC_WINDOWS_SAMPLE_DIFFERENT_SOURCE_PIXELS,directly_reviewed_complete,metrics remain separate; no combined score or parameter selection; rotated-window deltas are not pure coordinate-axis attribution
S0MV-GM_RM017-PV003-SEG01,vehicle_thread,TRUE_VEHICLE_POSITIVE,NOT_A_TEMPORAL_DIRECTION_TEST,NOT_A_TEMPORAL_CORRESPONDENCE_TEST,GM_RM017,GM_RM017:PV003,within_scene_other_vehicle_fixed_rule_replay,raw_gt,CENTER_TRACKED_RADIAL,REPRESENTATION_DEFINED_AXIS,FIXED_REFERENCE,SOURCE_POSITIVE_GT_CONDITIONED_VIEW_GAP10_DIFF5_RELIABILITY_AND_FINITE_COMMON_VALID_PROJECTED_NO_RESELECTION,dea555659746fbdda8c19188f372cb0e24d32061d75e17b0b3e5bc39e425cf75,d6c43bdf9d204ac3d91dd4847a02665c61bb920fd373f5b30bfb4f40e5dbb8ba,67,4,4,6,2,2,SPARSE_PAIR_EVIDENCE,0.295728,0.957652,8.340552,0.111964,54.500000,343.000000,0.017695,0.051955,0.069700,0.056018,0.016922,0.006174,1.000000,0.794794,0.997050,2.200951,0.134703,32.000000,421.000000,0.020690,0.043668,0.027244,0.032261,0.007402,0.006623,174.097312,0.211127,0.343279,12.487396,14.151526,75.848474,,,REPRESENTATION_X_Y_AXES_ONLY,193.000000,307.000000,0.222631,2915.000000,0.189348,0.152466,0.184459,0.097098,0.095122,0.018678,2.781176,0.117309,0.172600,0.154607,,,REPRESENTATION_X_Y_AXES_ONLY,CANNY_THIN_EDGE_CONNECTIVITY_PROXY_NOT_MORPHOLOGICAL_SKELETON,TELEA_INPAINT_INVALID_PLUS_ERODE_VALID_6PX,1.000000,1.000000,1.000000,1.000000,PASS:67,45.000000,86.000000,0.010468,PASS,AXIS_ORIENTATION_PLUS_ROTATED_ANISOTROPIC_SUPPORT_FOOTPRINT,EQUAL_WINDOW_DIMENSIONS_GRID_DENSITY_MASK_GRAY;ROTATED_ANISOTROPIC_WINDOWS_SAMPLE_DIFFERENT_SOURCE_PIXELS,directly_reviewed_complete,metrics remain separate; no combined score or parameter selection; rotated-window deltas are not pure coordinate-axis attribution
S0MV-GM_RM017-PV003-SEG01,vehicle_thread,TRUE_VEHICLE_POSITIVE,NOT_A_TEMPORAL_DIRECTION_TEST,NOT_A_TEMPORAL_CORRESPONDENCE_TEST,GM_RM017,GM_RM017:PV003,within_scene_other_vehicle_fixed_rule_replay,raw_gt,CENTER_TRACKED_BODY,GT_DERIVED_UNSIGNED_BODY,FIXED_REFERENCE,SOURCE_POSITIVE_GT_CONDITIONED_VIEW_GAP10_DIFF5_RELIABILITY_AND_FINITE_COMMON_VALID_PROJECTED_NO_RESELECTION,dea555659746fbdda8c19188f372cb0e24d32061d75e17b0b3e5bc39e425cf75,d6c43bdf9d204ac3d91dd4847a02665c61bb920fd373f5b30bfb4f40e5dbb8ba,67,4,4,6,2,2,SPARSE_PAIR_EVIDENCE,0.453491,0.926333,10.758636,0.106118,48.500000,253.500000,0.002120,0.041535,0.028018,0.122177,0.023490,0.005491,1.000000,0.789563,0.995707,2.639435,0.131575,32.000000,409.000000,0.016769,0.030935,0.028854,0.033153,0.007797,0.007115,174.788758,0.219736,0.344035,8.408126,5.796884,84.203116,5.796884,84.203116,BODY_LONG_SHORT_AXES,191.000000,290.000000,0.234434,2831.000000,0.207571,0.143585,0.204255,0.086375,0.055870,-0.023064,2.788016,0.103918,0.170881,0.157437,0.170881,0.157437,BODY_LONG_SHORT_AXES,CANNY_THIN_EDGE_CONNECTIVITY_PROXY_NOT_MORPHOLOGICAL_SKELETON,TELEA_INPAINT_INVALID_PLUS_ERODE_VALID_6PX,1.000000,1.000000,1.000000,1.000000,PASS:67,45.000000,86.000000,0.010468,PASS,AXIS_ORIENTATION_PLUS_ROTATED_ANISOTROPIC_SUPPORT_FOOTPRINT,EQUAL_WINDOW_DIMENSIONS_GRID_DENSITY_MASK_GRAY;ROTATED_ANISOTROPIC_WINDOWS_SAMPLE_DIFFERENT_SOURCE_PIXELS,directly_reviewed_complete,metrics remain separate; no combined score or parameter selection; rotated-window deltas are not pure coordinate-axis attribution
S0MV-GM_RM017-PV003-SEG01,vehicle_thread,TRUE_VEHICLE_POSITIVE,NOT_A_TEMPORAL_DIRECTION_TEST,NOT_A_TEMPORAL_CORRESPONDENCE_TEST,GM_RM017,GM_RM017:PV003,within_scene_other_vehicle_fixed_rule_replay,raw_gt,WORLD_FIXED,REPRESENTATION_DEFINED_AXIS,CANDIDATE_LOCAL_REESTIMATED,SOURCE_POSITIVE_GT_CONDITIONED_VIEW_GAP10_DIFF5_RELIABILITY_AND_FINITE_COMMON_VALID_PROJECTED_NO_RESELECTION,dea555659746fbdda8c19188f372cb0e24d32061d75e17b0b3e5bc39e425cf75,d6c43bdf9d204ac3d91dd4847a02665c61bb920fd373f5b30bfb4f40e5dbb8ba,67,4,4,6,2,2,SPARSE_PAIR_EVIDENCE,0.099625,0.844373,12.628861,0.094636,25.000000,142.500000,0.023529,0.138716,0.013232,0.114810,0.015679,0.006435,1.000000,0.812813,0.998486,1.576111,0.130673,34.000000,305.000000,0.017407,0.033735,0.017057,0.037189,0.006838,0.007187,172.059126,0.219732,0.345116,3.448885,5.672851,84.327149,,,REPRESENTATION_X_Y_AXES_ONLY,206.000000,307.000000,0.255185,2994.000000,0.204537,0.153961,0.203079,0.086259,0.087712,-0.004835,2.768061,0.125189,0.173186,0.159638,,,REPRESENTATION_X_Y_AXES_ONLY,CANNY_THIN_EDGE_CONNECTIVITY_PROXY_NOT_MORPHOLOGICAL_SKELETON,TELEA_INPAINT_INVALID_PLUS_ERODE_VALID_6PX,1.000000,1.000000,1.000000,1.000000,PASS:67,45.000000,86.330000,0.010376,PASS,TRACKED_OR_FIXED_CENTER_WITH_GLOBAL_AXES_AND_EQUAL_WINDOW_DIMENSIONS,EQUAL_WINDOW_DIMENSIONS_GRID_DENSITY_MASK_GRAY;ROTATED_ANISOTROPIC_WINDOWS_SAMPLE_DIFFERENT_SOURCE_PIXELS,directly_reviewed_complete,metrics remain separate; no combined score or parameter selection; rotated-window deltas are not pure coordinate-axis attribution
S0MV-GM_RM017-PV003-SEG01,vehicle_thread,TRUE_VEHICLE_POSITIVE,NOT_A_TEMPORAL_DIRECTION_TEST,NOT_A_TEMPORAL_CORRESPONDENCE_TEST,GM_RM017,GM_RM017:PV003,within_scene_other_vehicle_fixed_rule_replay,raw_gt,CENTER_TRACKED_CARTESIAN,REPRESENTATION_DEFINED_AXIS,CANDIDATE_LOCAL_REESTIMATED,SOURCE_POSITIVE_GT_CONDITIONED_VIEW_GAP10_DIFF5_RELIABILITY_AND_FINITE_COMMON_VALID_PROJECTED_NO_RESELECTION,dea555659746fbdda8c19188f372cb0e24d32061d75e17b0b3e5bc39e425cf75,d6c43bdf9d204ac3d91dd4847a02665c61bb920fd373f5b30bfb4f40e5dbb8ba,67,4,4,6,2,2,SPARSE_PAIR_EVIDENCE,0.555095,0.934137,10.094353,0.137382,63.000000,253.000000,0.011080,0.033549,0.058043,0.079795,0.014679,0.004085,1.000000,0.792469,0.998518,1.559887,0.143464,39.000000,297.500000,0.014807,0.025091,0.017846,0.031236,0.006385,0.006805,169.099723,0.205693,0.353405,8.343636,5.729691,84.270309,,,REPRESENTATION_X_Y_AXES_ONLY,224.000000,372.000000,0.228966,3726.000000,0.198942,0.189178,0.196627,0.078515,0.029386,-0.009703,2.796918,0.080560,0.165220,0.163417,,,REPRESENTATION_X_Y_AXES_ONLY,CANNY_THIN_EDGE_CONNECTIVITY_PROXY_NOT_MORPHOLOGICAL_SKELETON,TELEA_INPAINT_INVALID_PLUS_ERODE_VALID_6PX,1.000000,1.000000,1.000000,1.000000,PASS:67,45.000000,86.000000,0.010345,PASS,TRACKED_OR_FIXED_CENTER_WITH_GLOBAL_AXES_AND_EQUAL_WINDOW_DIMENSIONS,EQUAL_WINDOW_DIMENSIONS_GRID_DENSITY_MASK_GRAY;ROTATED_ANISOTROPIC_WINDOWS_SAMPLE_DIFFERENT_SOURCE_PIXELS,directly_reviewed_complete,metrics remain separate; no combined score or parameter selection; rotated-window deltas are not pure coordinate-axis attribution
S0MV-GM_RM017-PV003-SEG01,vehicle_thread,TRUE_VEHICLE_POSITIVE,NOT_A_TEMPORAL_DIRECTION_TEST,NOT_A_TEMPORAL_CORRESPONDENCE_TEST,GM_RM017,GM_RM017:PV003,within_scene_other_vehicle_fixed_rule_replay,raw_gt,CENTER_TRACKED_RADIAL,REPRESENTATION_DEFINED_AXIS,CANDIDATE_LOCAL_REESTIMATED,SOURCE_POSITIVE_GT_CONDITIONED_VIEW_GAP10_DIFF5_RELIABILITY_AND_FINITE_COMMON_VALID_PROJECTED_NO_RESELECTION,dea555659746fbdda8c19188f372cb0e24d32061d75e17b0b3e5bc39e425cf75,d6c43bdf9d204ac3d91dd4847a02665c61bb920fd373f5b30bfb4f40e5dbb8ba,67,4,4,6,2,2,SPARSE_PAIR_EVIDENCE,0.316751,0.973055,6.652523,0.130464,111.500000,790.500000,0.035011,0.039540,0.022991,0.015535,0.006729,0.004089,1.000000,0.789877,0.996705,2.326061,0.142326,39.000000,318.000000,0.017757,0.029199,0.022382,0.024545,0.005943,0.006605,173.744587,0.211345,0.350965,12.710082,14.586081,75.413919,,,REPRESENTATION_X_Y_AXES_ONLY,223.000000,358.000000,0.220303,3709.000000,0.178305,0.187897,0.177259,0.093359,0.064068,0.016391,2.794413,0.071344,0.169521,0.157746,,,REPRESENTATION_X_Y_AXES_ONLY,CANNY_THIN_EDGE_CONNECTIVITY_PROXY_NOT_MORPHOLOGICAL_SKELETON,TELEA_INPAINT_INVALID_PLUS_ERODE_VALID_6PX,1.000000,1.000000,1.000000,1.000000,PASS:67,45.000000,86.000000,0.010315,PASS,AXIS_ORIENTATION_PLUS_ROTATED_ANISOTROPIC_SUPPORT_FOOTPRINT,EQUAL_WINDOW_DIMENSIONS_GRID_DENSITY_MASK_GRAY;ROTATED_ANISOTROPIC_WINDOWS_SAMPLE_DIFFERENT_SOURCE_PIXELS,directly_reviewed_complete,metrics remain separate; no combined score or parameter selection; rotated-window deltas are not pure coordinate-axis attribution
S0MV-GM_RM017-PV003-SEG01,vehicle_thread,TRUE_VEHICLE_POSITIVE,NOT_A_TEMPORAL_DIRECTION_TEST,NOT_A_TEMPORAL_CORRESPONDENCE_TEST,GM_RM017,GM_RM017:PV003,within_scene_other_vehicle_fixed_rule_replay,raw_gt,CENTER_TRACKED_BODY,GT_DERIVED_UNSIGNED_BODY,CANDIDATE_LOCAL_REESTIMATED,SOURCE_POSITIVE_GT_CONDITIONED_VIEW_GAP10_DIFF5_RELIABILITY_AND_FINITE_COMMON_VALID_PROJECTED_NO_RESELECTION,dea555659746fbdda8c19188f372cb0e24d32061d75e17b0b3e5bc39e425cf75,d6c43bdf9d204ac3d91dd4847a02665c61bb920fd373f5b30bfb4f40e5dbb8ba,67,4,4,6,2,2,SPARSE_PAIR_EVIDENCE,0.457475,0.932996,9.878091,0.136387,85.000000,311.500000,0.013735,0.038958,0.048619,0.067241,0.016903,0.006058,1.000000,0.782885,0.997224,2.134143,0.144908,25.500000,311.500000,0.020117,0.023038,0.018951,0.025518,0.005473,0.005614,174.073541,0.205543,0.353024,9.116337,6.412892,83.587108,6.412892,83.587108,BODY_LONG_SHORT_AXES,226.000000,372.000000,0.221757,3831.000000,0.204787,0.193146,0.199633,0.079452,0.043162,-0.022139,2.797745,0.069267,0.165111,0.162820,0.165111,0.162820,BODY_LONG_SHORT_AXES,CANNY_THIN_EDGE_CONNECTIVITY_PROXY_NOT_MORPHOLOGICAL_SKELETON,TELEA_INPAINT_INVALID_PLUS_ERODE_VALID_6PX,1.000000,1.000000,1.000000,1.000000,PASS:67,45.000000,86.000000,0.010376,PASS,AXIS_ORIENTATION_PLUS_ROTATED_ANISOTROPIC_SUPPORT_FOOTPRINT,EQUAL_WINDOW_DIMENSIONS_GRID_DENSITY_MASK_GRAY;ROTATED_ANISOTROPIC_WINDOWS_SAMPLE_DIFFERENT_SOURCE_PIXELS,directly_reviewed_complete,metrics remain separate; no combined score or parameter selection; rotated-window deltas are not pure coordinate-axis attribution
S0MV-GM_RM017-PV003-SEG01,vehicle_thread,TRUE_VEHICLE_POSITIVE,NOT_A_TEMPORAL_DIRECTION_TEST,NOT_A_TEMPORAL_CORRESPONDENCE_TEST,GM_RM017,GM_RM017:PV003,within_scene_other_vehicle_fixed_rule_replay,smoothed_gt,WORLD_FIXED,REPRESENTATION_DEFINED_AXIS,FIXED_REFERENCE,SOURCE_POSITIVE_GT_CONDITIONED_VIEW_GAP10_DIFF5_RELIABILITY_AND_FINITE_COMMON_VALID_PROJECTED_NO_RESELECTION,7ddc0ea2c9debdb67c200ac1d3fff6fb41d7b648112b792b0937af117df73db0,3b5e1a94ce1fd2acd1b8a4f0c78ee4f7672eb82b97642d7b665b3e54395d5d52,67,1,1,2,1,1,SPARSE_PAIR_EVIDENCE,0.042253,0.748375,20.775097,0.106137,30.000000,307.000000,0.010074,0.080541,0.030806,0.186464,0.001947,0.003370,1.000000,0.816803,0.999058,1.243440,0.128144,29.500000,317.500000,0.026344,0.038180,0.019415,0.046767,0.007044,0.008414,172.164165,0.237422,0.339598,3.625032,5.350116,84.649884,,,REPRESENTATION_X_Y_AXES_ONLY,176.000000,274.000000,0.296918,2657.000000,0.281212,0.137421,0.276507,0.101638,0.089950,0.005277,2.772275,0.175643,0.181012,0.154930,,,REPRESENTATION_X_Y_AXES_ONLY,CANNY_THIN_EDGE_CONNECTIVITY_PROXY_NOT_MORPHOLOGICAL_SKELETON,TELEA_INPAINT_INVALID_PLUS_ERODE_VALID_6PX,1.000000,1.000000,1.000000,1.000000,PASS:67,45.000000,87.000000,0.010712,PASS,TRACKED_OR_FIXED_CENTER_WITH_GLOBAL_AXES_AND_EQUAL_WINDOW_DIMENSIONS,EQUAL_WINDOW_DIMENSIONS_GRID_DENSITY_MASK_GRAY;ROTATED_ANISOTROPIC_WINDOWS_SAMPLE_DIFFERENT_SOURCE_PIXELS,directly_reviewed_complete,metrics remain separate; no combined score or parameter selection; rotated-window deltas are not pure coordinate-axis attribution
S0MV-GM_RM017-PV003-SEG01,vehicle_thread,TRUE_VEHICLE_POSITIVE,NOT_A_TEMPORAL_DIRECTION_TEST,NOT_A_TEMPORAL_CORRESPONDENCE_TEST,GM_RM017,GM_RM017:PV003,within_scene_other_vehicle_fixed_rule_replay,smoothed_gt,CENTER_TRACKED_CARTESIAN,REPRESENTATION_DEFINED_AXIS,FIXED_REFERENCE,SOURCE_POSITIVE_GT_CONDITIONED_VIEW_GAP10_DIFF5_RELIABILITY_AND_FINITE_COMMON_VALID_PROJECTED_NO_RESELECTION,7ddc0ea2c9debdb67c200ac1d3fff6fb41d7b648112b792b0937af117df73db0,3b5e1a94ce1fd2acd1b8a4f0c78ee4f7672eb82b97642d7b665b3e54395d5d52,67,1,1,2,1,1,SPARSE_PAIR_EVIDENCE,0.465947,0.890977,13.501846,0.089630,85.000000,58.000000,0.064331,0.052411,0.055396,0.061047,0.006723,0.003107,1.000000,0.865666,0.997940,1.838833,0.145414,28.000000,413.000000,0.022868,0.035565,0.022955,0.034892,0.007110,0.007524,169.972042,0.218269,0.343957,7.020580,5.610881,84.389119,,,REPRESENTATION_X_Y_AXES_ONLY,188.000000,288.000000,0.224102,2823.000000,0.207747,0.145386,0.208775,0.090014,0.038657,-0.005666,2.784992,0.124117,0.168914,0.159107,,,REPRESENTATION_X_Y_AXES_ONLY,CANNY_THIN_EDGE_CONNECTIVITY_PROXY_NOT_MORPHOLOGICAL_SKELETON,TELEA_INPAINT_INVALID_PLUS_ERODE_VALID_6PX,1.000000,1.000000,1.000000,1.000000,PASS:67,45.000000,86.000000,0.010498,PASS,TRACKED_OR_FIXED_CENTER_WITH_GLOBAL_AXES_AND_EQUAL_WINDOW_DIMENSIONS,EQUAL_WINDOW_DIMENSIONS_GRID_DENSITY_MASK_GRAY;ROTATED_ANISOTROPIC_WINDOWS_SAMPLE_DIFFERENT_SOURCE_PIXELS,directly_reviewed_complete,metrics remain separate; no combined score or parameter selection; rotated-window deltas are not pure coordinate-axis attribution
S0MV-GM_RM017-PV003-SEG01,vehicle_thread,TRUE_VEHICLE_POSITIVE,NOT_A_TEMPORAL_DIRECTION_TEST,NOT_A_TEMPORAL_CORRESPONDENCE_TEST,GM_RM017,GM_RM017:PV003,within_scene_other_vehicle_fixed_rule_replay,smoothed_gt,CENTER_TRACKED_RADIAL,REPRESENTATION_DEFINED_AXIS,FIXED_REFERENCE,SOURCE_POSITIVE_GT_CONDITIONED_VIEW_GAP10_DIFF5_RELIABILITY_AND_FINITE_COMMON_VALID_PROJECTED_NO_RESELECTION,7ddc0ea2c9debdb67c200ac1d3fff6fb41d7b648112b792b0937af117df73db0,3b5e1a94ce1fd2acd1b8a4f0c78ee4f7672eb82b97642d7b665b3e54395d5d52,67,1,1,2,1,1,SPARSE_PAIR_EVIDENCE,0.403704,0.930628,10.733510,0.106749,84.000000,292.000000,0.009674,0.037693,0.088384,0.018182,0.018540,0.002523,1.000000,0.850656,0.995524,2.710844,0.144826,31.500000,405.500000,0.015925,0.037473,0.023222,0.030470,0.006495,0.006841,174.266990,0.211066,0.345980,12.155233,14.146895,75.853105,,,REPRESENTATION_X_Y_AXES_ONLY,186.000000,307.000000,0.222591,2964.000000,0.188145,0.151825,0.185137,0.105955,0.101509,0.020654,2.791834,0.114127,0.171314,0.153139,,,REPRESENTATION_X_Y_AXES_ONLY,CANNY_THIN_EDGE_CONNECTIVITY_PROXY_NOT_MORPHOLOGICAL_SKELETON,TELEA_INPAINT_INVALID_PLUS_ERODE_VALID_6PX,1.000000,1.000000,1.000000,1.000000,PASS:67,45.000000,86.000000,0.010223,PASS,AXIS_ORIENTATION_PLUS_ROTATED_ANISOTROPIC_SUPPORT_FOOTPRINT,EQUAL_WINDOW_DIMENSIONS_GRID_DENSITY_MASK_GRAY;ROTATED_ANISOTROPIC_WINDOWS_SAMPLE_DIFFERENT_SOURCE_PIXELS,directly_reviewed_complete,metrics remain separate; no combined score or parameter selection; rotated-window deltas are not pure coordinate-axis attribution
S0MV-GM_RM017-PV003-SEG01,vehicle_thread,TRUE_VEHICLE_POSITIVE,NOT_A_TEMPORAL_DIRECTION_TEST,NOT_A_TEMPORAL_CORRESPONDENCE_TEST,GM_RM017,GM_RM017:PV003,within_scene_other_vehicle_fixed_rule_replay,smoothed_gt,CENTER_TRACKED_BODY,GT_DERIVED_UNSIGNED_BODY,FIXED_REFERENCE,SOURCE_POSITIVE_GT_CONDITIONED_VIEW_GAP10_DIFF5_RELIABILITY_AND_FINITE_COMMON_VALID_PROJECTED_NO_RESELECTION,7ddc0ea2c9debdb67c200ac1d3fff6fb41d7b648112b792b0937af117df73db0,3b5e1a94ce1fd2acd1b8a4f0c78ee4f7672eb82b97642d7b665b3e54395d5d52,67,1,1,2,1,1,SPARSE_PAIR_EVIDENCE,0.465962,0.874031,14.534764,0.095031,132.000000,34.000000,0.019240,0.036616,0.068218,0.024530,0.003603,0.006407,1.000000,0.864221,0.997902,1.855946,0.144003,35.000000,399.500000,0.017698,0.034158,0.032524,0.028774,0.007739,0.007659,174.803986,0.219736,0.344364,8.079971,5.991308,84.008692,5.991308,84.008692,BODY_LONG_SHORT_AXES,187.000000,288.000000,0.237513,2815.000000,0.203630,0.145660,0.202774,0.089290,0.052947,-0.023545,2.781807,0.108614,0.169937,0.157783,0.169937,0.157783,BODY_LONG_SHORT_AXES,CANNY_THIN_EDGE_CONNECTIVITY_PROXY_NOT_MORPHOLOGICAL_SKELETON,TELEA_INPAINT_INVALID_PLUS_ERODE_VALID_6PX,1.000000,1.000000,1.000000,1.000000,PASS:67,45.000000,86.000000,0.010681,PASS,AXIS_ORIENTATION_PLUS_ROTATED_ANISOTROPIC_SUPPORT_FOOTPRINT,EQUAL_WINDOW_DIMENSIONS_GRID_DENSITY_MASK_GRAY;ROTATED_ANISOTROPIC_WINDOWS_SAMPLE_DIFFERENT_SOURCE_PIXELS,directly_reviewed_complete,metrics remain separate; no combined score or parameter selection; rotated-window deltas are not pure coordinate-axis attribution
S0MV-GM_RM017-PV003-SEG01,vehicle_thread,TRUE_VEHICLE_POSITIVE,NOT_A_TEMPORAL_DIRECTION_TEST,NOT_A_TEMPORAL_CORRESPONDENCE_TEST,GM_RM017,GM_RM017:PV003,within_scene_other_vehicle_fixed_rule_replay,smoothed_gt,WORLD_FIXED,REPRESENTATION_DEFINED_AXIS,CANDIDATE_LOCAL_REESTIMATED,SOURCE_POSITIVE_GT_CONDITIONED_VIEW_GAP10_DIFF5_RELIABILITY_AND_FINITE_COMMON_VALID_PROJECTED_NO_RESELECTION,7ddc0ea2c9debdb67c200ac1d3fff6fb41d7b648112b792b0937af117df73db0,3b5e1a94ce1fd2acd1b8a4f0c78ee4f7672eb82b97642d7b665b3e54395d5d52,67,1,1,2,1,1,SPARSE_PAIR_EVIDENCE,0.038660,0.679445,23.599841,0.097489,185.000000,881.000000,0.046754,0.184738,0.011887,0.138004,0.010857,0.010443,1.000000,0.812556,0.998455,1.592621,0.131985,32.000000,291.000000,0.020076,0.028756,0.020787,0.033842,0.005506,0.006737,172.155501,0.221893,0.345270,3.637145,5.534276,84.465724,,,REPRESENTATION_X_Y_AXES_ONLY,206.000000,299.000000,0.250712,2998.000000,0.199945,0.154968,0.195535,0.094516,0.084886,-0.000502,2.775769,0.134436,0.173541,0.157619,,,REPRESENTATION_X_Y_AXES_ONLY,CANNY_THIN_EDGE_CONNECTIVITY_PROXY_NOT_MORPHOLOGICAL_SKELETON,TELEA_INPAINT_INVALID_PLUS_ERODE_VALID_6PX,1.000000,1.000000,1.000000,1.000000,PASS:67,45.000000,87.000000,0.010345,PASS,TRACKED_OR_FIXED_CENTER_WITH_GLOBAL_AXES_AND_EQUAL_WINDOW_DIMENSIONS,EQUAL_WINDOW_DIMENSIONS_GRID_DENSITY_MASK_GRAY;ROTATED_ANISOTROPIC_WINDOWS_SAMPLE_DIFFERENT_SOURCE_PIXELS,directly_reviewed_complete,metrics remain separate; no combined score or parameter selection; rotated-window deltas are not pure coordinate-axis attribution
S0MV-GM_RM017-PV003-SEG01,vehicle_thread,TRUE_VEHICLE_POSITIVE,NOT_A_TEMPORAL_DIRECTION_TEST,NOT_A_TEMPORAL_CORRESPONDENCE_TEST,GM_RM017,GM_RM017:PV003,within_scene_other_vehicle_fixed_rule_replay,smoothed_gt,CENTER_TRACKED_CARTESIAN,REPRESENTATION_DEFINED_AXIS,CANDIDATE_LOCAL_REESTIMATED,SOURCE_POSITIVE_GT_CONDITIONED_VIEW_GAP10_DIFF5_RELIABILITY_AND_FINITE_COMMON_VALID_PROJECTED_NO_RESELECTION,7ddc0ea2c9debdb67c200ac1d3fff6fb41d7b648112b792b0937af117df73db0,3b5e1a94ce1fd2acd1b8a4f0c78ee4f7672eb82b97642d7b665b3e54395d5d52,67,1,1,2,1,1,SPARSE_PAIR_EVIDENCE,0.442823,0.907519,12.417638,0.140120,54.000000,78.000000,0.043309,0.019023,0.012302,0.000922,0.001947,0.004495,1.000000,0.853891,0.998347,1.639940,0.156158,29.500000,270.500000,0.020673,0.022642,0.019742,0.024873,0.005188,0.005329,169.086646,0.201137,0.352673,8.162902,5.896597,84.103403,,,REPRESENTATION_X_Y_AXES_ONLY,228.000000,362.000000,0.241953,3749.000000,0.202178,0.189667,0.200572,0.076958,0.034467,-0.007052,2.794661,0.082377,0.164627,0.162841,,,REPRESENTATION_X_Y_AXES_ONLY,CANNY_THIN_EDGE_CONNECTIVITY_PROXY_NOT_MORPHOLOGICAL_SKELETON,TELEA_INPAINT_INVALID_PLUS_ERODE_VALID_6PX,1.000000,1.000000,1.000000,1.000000,PASS:67,45.000000,86.000000,0.010345,PASS,TRACKED_OR_FIXED_CENTER_WITH_GLOBAL_AXES_AND_EQUAL_WINDOW_DIMENSIONS,EQUAL_WINDOW_DIMENSIONS_GRID_DENSITY_MASK_GRAY;ROTATED_ANISOTROPIC_WINDOWS_SAMPLE_DIFFERENT_SOURCE_PIXELS,directly_reviewed_complete,metrics remain separate; no combined score or parameter selection; rotated-window deltas are not pure coordinate-axis attribution
S0MV-GM_RM017-PV003-SEG01,vehicle_thread,TRUE_VEHICLE_POSITIVE,NOT_A_TEMPORAL_DIRECTION_TEST,NOT_A_TEMPORAL_CORRESPONDENCE_TEST,GM_RM017,GM_RM017:PV003,within_scene_other_vehicle_fixed_rule_replay,smoothed_gt,CENTER_TRACKED_RADIAL,REPRESENTATION_DEFINED_AXIS,CANDIDATE_LOCAL_REESTIMATED,SOURCE_POSITIVE_GT_CONDITIONED_VIEW_GAP10_DIFF5_RELIABILITY_AND_FINITE_COMMON_VALID_PROJECTED_NO_RESELECTION,7ddc0ea2c9debdb67c200ac1d3fff6fb41d7b648112b792b0937af117df73db0,3b5e1a94ce1fd2acd1b8a4f0c78ee4f7672eb82b97642d7b665b3e54395d5d52,67,1,1,2,1,1,SPARSE_PAIR_EVIDENCE,0.415652,0.943445,9.680785,0.138961,157.000000,732.000000,0.015240,0.038406,0.021276,0.007163,0.005759,0.006765,1.000000,0.845906,0.996759,2.306885,0.151073,24.500000,382.500000,0.017945,0.025473,0.019717,0.028278,0.006347,0.004293,173.889013,0.199287,0.351007,12.423132,14.421290,75.578710,,,REPRESENTATION_X_Y_AXES_ONLY,230.000000,366.000000,0.208428,3708.000000,0.172195,0.183868,0.171289,0.091071,0.068608,0.022025,2.797713,0.066813,0.168672,0.157713,,,REPRESENTATION_X_Y_AXES_ONLY,CANNY_THIN_EDGE_CONNECTIVITY_PROXY_NOT_MORPHOLOGICAL_SKELETON,TELEA_INPAINT_INVALID_PLUS_ERODE_VALID_6PX,1.000000,1.000000,1.000000,1.000000,PASS:67,45.000000,86.000000,0.010376,PASS,AXIS_ORIENTATION_PLUS_ROTATED_ANISOTROPIC_SUPPORT_FOOTPRINT,EQUAL_WINDOW_DIMENSIONS_GRID_DENSITY_MASK_GRAY;ROTATED_ANISOTROPIC_WINDOWS_SAMPLE_DIFFERENT_SOURCE_PIXELS,directly_reviewed_complete,metrics remain separate; no combined score or parameter selection; rotated-window deltas are not pure coordinate-axis attribution
S0MV-GM_RM017-PV003-SEG01,vehicle_thread,TRUE_VEHICLE_POSITIVE,NOT_A_TEMPORAL_DIRECTION_TEST,NOT_A_TEMPORAL_CORRESPONDENCE_TEST,GM_RM017,GM_RM017:PV003,within_scene_other_vehicle_fixed_rule_replay,smoothed_gt,CENTER_TRACKED_BODY,GT_DERIVED_UNSIGNED_BODY,CANDIDATE_LOCAL_REESTIMATED,SOURCE_POSITIVE_GT_CONDITIONED_VIEW_GAP10_DIFF5_RELIABILITY_AND_FINITE_COMMON_VALID_PROJECTED_NO_RESELECTION,7ddc0ea2c9debdb67c200ac1d3fff6fb41d7b648112b792b0937af117df73db0,3b5e1a94ce1fd2acd1b8a4f0c78ee4f7672eb82b97642d7b665b3e54395d5d52,67,1,1,2,1,1,SPARSE_PAIR_EVIDENCE,0.444786,0.890300,13.544524,0.142099,97.000000,278.000000,0.001736,0.008579,0.069767,0.006983,0.003963,0.010377,1.000000,0.856850,0.998256,1.692292,0.153429,25.000000,346.500000,0.019518,0.022196,0.029310,0.020062,0.005207,0.006521,174.101585,0.205016,0.352461,8.654562,6.726106,83.273894,6.726106,83.273894,BODY_LONG_SHORT_AXES,222.000000,372.000000,0.229807,3791.000000,0.203271,0.190155,0.199133,0.079340,0.043400,-0.020370,2.796034,0.067587,0.165670,0.162855,0.165670,0.162855,BODY_LONG_SHORT_AXES,CANNY_THIN_EDGE_CONNECTIVITY_PROXY_NOT_MORPHOLOGICAL_SKELETON,TELEA_INPAINT_INVALID_PLUS_ERODE_VALID_6PX,1.000000,1.000000,1.000000,1.000000,PASS:67,45.000000,86.000000,0.010345,PASS,AXIS_ORIENTATION_PLUS_ROTATED_ANISOTROPIC_SUPPORT_FOOTPRINT,EQUAL_WINDOW_DIMENSIONS_GRID_DENSITY_MASK_GRAY;ROTATED_ANISOTROPIC_WINDOWS_SAMPLE_DIFFERENT_SOURCE_PIXELS,directly_reviewed_complete,metrics remain separate; no combined score or parameter selection; rotated-window deltas are not pure coordinate-axis attribution
S0MV-GM_RM017-PV004-SEG01,vehicle_thread,TRUE_VEHICLE_POSITIVE,NOT_A_TEMPORAL_DIRECTION_TEST,NOT_A_TEMPORAL_CORRESPONDENCE_TEST,GM_RM017,GM_RM017:PV004,within_scene_other_vehicle_fixed_rule_replay,raw_gt,WORLD_FIXED,REPRESENTATION_DEFINED_AXIS,FIXED_REFERENCE,SOURCE_POSITIVE_GT_CONDITIONED_VIEW_GAP10_DIFF5_RELIABILITY_AND_FINITE_COMMON_VALID_PROJECTED_NO_RESELECTION,d7d699e32cfe5a89f674f94b3439e486b7d5e611002a7e9a1bbb438496c89030,cab0ec7b026c53949910427e44fce37e2837bf490d8df10ec34a8f1def1a236c,58,14,14,19,5,5,PAIR_COUNT_GT4_SHARED_FRAME_REPEATED_EVIDENCE,0.082151,0.964237,7.640336,0.135541,83.500000,293.000000,0.014706,0.056568,0.018176,0.026035,0.003479,0.005441,1.000000,0.604938,0.989195,4.215079,0.115360,45.000000,346.000000,0.019546,0.039188,0.029287,0.028879,0.004710,0.007355,161.607485,0.135305,0.323434,8.571544,18.125331,71.874669,,,REPRESENTATION_X_Y_AXES_ONLY,283.000000,346.500000,0.373544,3120.000000,0.349939,0.163696,0.334914,0.078177,0.065732,-0.057195,2.768706,0.081703,0.167871,0.162771,,,REPRESENTATION_X_Y_AXES_ONLY,CANNY_THIN_EDGE_CONNECTIVITY_PROXY_NOT_MORPHOLOGICAL_SKELETON,TELEA_INPAINT_INVALID_PLUS_ERODE_VALID_6PX,1.000000,1.000000,1.000000,1.000000,PASS:58,45.000000,64.000000,0.003387,PASS,TRACKED_OR_FIXED_CENTER_WITH_GLOBAL_AXES_AND_EQUAL_WINDOW_DIMENSIONS,EQUAL_WINDOW_DIMENSIONS_GRID_DENSITY_MASK_GRAY;ROTATED_ANISOTROPIC_WINDOWS_SAMPLE_DIFFERENT_SOURCE_PIXELS,directly_reviewed_complete,metrics remain separate; no combined score or parameter selection; rotated-window deltas are not pure coordinate-axis attribution
S0MV-GM_RM017-PV004-SEG01,vehicle_thread,TRUE_VEHICLE_POSITIVE,NOT_A_TEMPORAL_DIRECTION_TEST,NOT_A_TEMPORAL_CORRESPONDENCE_TEST,GM_RM017,GM_RM017:PV004,within_scene_other_vehicle_fixed_rule_replay,raw_gt,CENTER_TRACKED_CARTESIAN,REPRESENTATION_DEFINED_AXIS,FIXED_REFERENCE,SOURCE_POSITIVE_GT_CONDITIONED_VIEW_GAP10_DIFF5_RELIABILITY_AND_FINITE_COMMON_VALID_PROJECTED_NO_RESELECTION,d7d699e32cfe5a89f674f94b3439e486b7d5e611002a7e9a1bbb438496c89030,cab0ec7b026c53949910427e44fce37e2837bf490d8df10ec34a8f1def1a236c,58,14,14,19,5,5,PAIR_COUNT_GT4_SHARED_FRAME_REPEATED_EVIDENCE,0.388830,0.937998,10.139734,0.120950,52.500000,359.500000,0.024922,0.032988,0.028842,0.062508,0.006575,0.005754,1.000000,0.533610,0.996768,2.303841,0.126944,43.000000,330.000000,0.017349,0.027344,0.022369,0.040049,0.003796,0.006626,159.147887,0.171811,0.326594,14.388577,15.301235,74.698765,,,REPRESENTATION_X_Y_AXES_ONLY,297.000000,376.000000,0.229450,3401.000000,0.156634,0.178680,0.160490,0.063906,0.124777,-0.050106,2.765021,0.110919,0.166987,0.163801,,,REPRESENTATION_X_Y_AXES_ONLY,CANNY_THIN_EDGE_CONNECTIVITY_PROXY_NOT_MORPHOLOGICAL_SKELETON,TELEA_INPAINT_INVALID_PLUS_ERODE_VALID_6PX,1.000000,1.000000,1.000000,1.000000,PASS:58,45.000000,65.000000,0.003647,PASS,TRACKED_OR_FIXED_CENTER_WITH_GLOBAL_AXES_AND_EQUAL_WINDOW_DIMENSIONS,EQUAL_WINDOW_DIMENSIONS_GRID_DENSITY_MASK_GRAY;ROTATED_ANISOTROPIC_WINDOWS_SAMPLE_DIFFERENT_SOURCE_PIXELS,directly_reviewed_complete,metrics remain separate; no combined score or parameter selection; rotated-window deltas are not pure coordinate-axis attribution
S0MV-GM_RM017-PV004-SEG01,vehicle_thread,TRUE_VEHICLE_POSITIVE,NOT_A_TEMPORAL_DIRECTION_TEST,NOT_A_TEMPORAL_CORRESPONDENCE_TEST,GM_RM017,GM_RM017:PV004,within_scene_other_vehicle_fixed_rule_replay,raw_gt,CENTER_TRACKED_RADIAL,REPRESENTATION_DEFINED_AXIS,FIXED_REFERENCE,SOURCE_POSITIVE_GT_CONDITIONED_VIEW_GAP10_DIFF5_RELIABILITY_AND_FINITE_COMMON_VALID_PROJECTED_NO_RESELECTION,d7d699e32cfe5a89f674f94b3439e486b7d5e611002a7e9a1bbb438496c89030,cab0ec7b026c53949910427e44fce37e2837bf490d8df10ec34a8f1def1a236c,58,14,14,19,5,5,PAIR_COUNT_GT4_SHARED_FRAME_REPEATED_EVIDENCE,0.280602,0.994994,2.854162,0.135337,57.000000,407.000000,0.010903,0.043482,0.028520,0.022867,0.015688,0.009971,1.000000,0.533380,0.997452,2.045308,0.136606,41.000000,325.000000,0.015586,0.031297,0.030579,0.026493,0.004648,0.007578,170.133905,0.175369,0.326052,3.222204,9.398398,80.601602,,,REPRESENTATION_X_Y_AXES_ONLY,277.500000,381.500000,0.199132,3639.500000,0.169841,0.188156,0.166590,0.086084,0.170487,0.048765,2.781597,0.096240,0.175202,0.155690,,,REPRESENTATION_X_Y_AXES_ONLY,CANNY_THIN_EDGE_CONNECTIVITY_PROXY_NOT_MORPHOLOGICAL_SKELETON,TELEA_INPAINT_INVALID_PLUS_ERODE_VALID_6PX,1.000000,1.000000,1.000000,1.000000,PASS:58,45.000000,66.000000,0.004456,PASS,AXIS_ORIENTATION_PLUS_ROTATED_ANISOTROPIC_SUPPORT_FOOTPRINT,EQUAL_WINDOW_DIMENSIONS_GRID_DENSITY_MASK_GRAY;ROTATED_ANISOTROPIC_WINDOWS_SAMPLE_DIFFERENT_SOURCE_PIXELS,directly_reviewed_complete,metrics remain separate; no combined score or parameter selection; rotated-window deltas are not pure coordinate-axis attribution
S0MV-GM_RM017-PV004-SEG01,vehicle_thread,TRUE_VEHICLE_POSITIVE,NOT_A_TEMPORAL_DIRECTION_TEST,NOT_A_TEMPORAL_CORRESPONDENCE_TEST,GM_RM017,GM_RM017:PV004,within_scene_other_vehicle_fixed_rule_replay,raw_gt,CENTER_TRACKED_BODY,GT_DERIVED_UNSIGNED_BODY,FIXED_REFERENCE,SOURCE_POSITIVE_GT_CONDITIONED_VIEW_GAP10_DIFF5_RELIABILITY_AND_FINITE_COMMON_VALID_PROJECTED_NO_RESELECTION,d7d699e32cfe5a89f674f94b3439e486b7d5e611002a7e9a1bbb438496c89030,cab0ec7b026c53949910427e44fce37e2837bf490d8df10ec34a8f1def1a236c,58,14,14,19,5,5,PAIR_COUNT_GT4_SHARED_FRAME_REPEATED_EVIDENCE,0.363183,0.972127,6.761943,0.121509,47.000000,344.500000,0.009491,0.036924,0.040043,0.041163,0.008198,0.003612,1.000000,0.535529,0.995588,2.692007,0.126778,41.000000,360.000000,0.020095,0.030654,0.036557,0.036155,0.005200,0.005757,162.292302,0.176629,0.326829,14.296155,12.276452,77.723548,12.276452,77.723548,BODY_LONG_SHORT_AXES,288.500000,390.500000,0.217869,3406.000000,0.159299,0.179718,0.160214,0.061786,0.133481,-0.052195,2.764454,0.116155,0.168407,0.162007,0.168407,0.162007,BODY_LONG_SHORT_AXES,CANNY_THIN_EDGE_CONNECTIVITY_PROXY_NOT_MORPHOLOGICAL_SKELETON,TELEA_INPAINT_INVALID_PLUS_ERODE_VALID_6PX,1.000000,1.000000,1.000000,1.000000,PASS:58,45.000000,65.000000,0.003601,PASS,AXIS_ORIENTATION_PLUS_ROTATED_ANISOTROPIC_SUPPORT_FOOTPRINT,EQUAL_WINDOW_DIMENSIONS_GRID_DENSITY_MASK_GRAY;ROTATED_ANISOTROPIC_WINDOWS_SAMPLE_DIFFERENT_SOURCE_PIXELS,directly_reviewed_complete,metrics remain separate; no combined score or parameter selection; rotated-window deltas are not pure coordinate-axis attribution
S0MV-GM_RM017-PV004-SEG01,vehicle_thread,TRUE_VEHICLE_POSITIVE,NOT_A_TEMPORAL_DIRECTION_TEST,NOT_A_TEMPORAL_CORRESPONDENCE_TEST,GM_RM017,GM_RM017:PV004,within_scene_other_vehicle_fixed_rule_replay,raw_gt,WORLD_FIXED,REPRESENTATION_DEFINED_AXIS,CANDIDATE_LOCAL_REESTIMATED,SOURCE_POSITIVE_GT_CONDITIONED_VIEW_GAP10_DIFF5_RELIABILITY_AND_FINITE_COMMON_VALID_PROJECTED_NO_RESELECTION,d7d699e32cfe5a89f674f94b3439e486b7d5e611002a7e9a1bbb438496c89030,cab0ec7b026c53949910427e44fce37e2837bf490d8df10ec34a8f1def1a236c,58,14,14,19,5,5,PAIR_COUNT_GT4_SHARED_FRAME_REPEATED_EVIDENCE,0.087707,0.953139,8.792848,0.130486,58.500000,546.500000,0.024632,0.108104,0.019837,0.019574,0.001831,0.006425,1.000000,0.585449,0.991540,3.729122,0.139818,37.000000,363.000000,0.018393,0.018535,0.022866,0.013960,0.005343,0.005551,159.504876,0.111491,0.329324,8.117993,18.710287,71.289713,,,REPRESENTATION_X_Y_AXES_ONLY,408.000000,528.000000,0.108650,4193.000000,0.096560,0.222580,0.084242,0.065673,0.058182,-0.029710,2.746438,0.050238,0.165953,0.166665,,,REPRESENTATION_X_Y_AXES_ONLY,CANNY_THIN_EDGE_CONNECTIVITY_PROXY_NOT_MORPHOLOGICAL_SKELETON,TELEA_INPAINT_INVALID_PLUS_ERODE_VALID_6PX,1.000000,1.000000,1.000000,1.000000,PASS:58,44.000000,64.000000,0.010803,PASS,TRACKED_OR_FIXED_CENTER_WITH_GLOBAL_AXES_AND_EQUAL_WINDOW_DIMENSIONS,EQUAL_WINDOW_DIMENSIONS_GRID_DENSITY_MASK_GRAY;ROTATED_ANISOTROPIC_WINDOWS_SAMPLE_DIFFERENT_SOURCE_PIXELS,directly_reviewed_complete,metrics remain separate; no combined score or parameter selection; rotated-window deltas are not pure coordinate-axis attribution
S0MV-GM_RM017-PV004-SEG01,vehicle_thread,TRUE_VEHICLE_POSITIVE,NOT_A_TEMPORAL_DIRECTION_TEST,NOT_A_TEMPORAL_CORRESPONDENCE_TEST,GM_RM017,GM_RM017:PV004,within_scene_other_vehicle_fixed_rule_replay,raw_gt,CENTER_TRACKED_CARTESIAN,REPRESENTATION_DEFINED_AXIS,CANDIDATE_LOCAL_REESTIMATED,SOURCE_POSITIVE_GT_CONDITIONED_VIEW_GAP10_DIFF5_RELIABILITY_AND_FINITE_COMMON_VALID_PROJECTED_NO_RESELECTION,d7d699e32cfe5a89f674f94b3439e486b7d5e611002a7e9a1bbb438496c89030,cab0ec7b026c53949910427e44fce37e2837bf490d8df10ec34a8f1def1a236c,58,14,14,19,5,5,PAIR_COUNT_GT4_SHARED_FRAME_REPEATED_EVIDENCE,0.349793,0.891217,13.468899,0.150066,33.000000,264.000000,0.024159,0.015310,0.024893,0.025672,0.003903,0.005020,1.000000,0.538197,0.994988,2.869405,0.148850,43.000000,391.000000,0.022977,0.020677,0.025446,0.016285,0.005630,0.005665,157.943643,0.133275,0.337502,16.068113,17.995338,72.004662,,,REPRESENTATION_X_Y_AXES_ONLY,366.500000,517.500000,0.202295,4679.000000,0.131000,0.241730,0.131598,0.065859,0.069934,-0.025671,2.775149,0.056142,0.165251,0.166885,,,REPRESENTATION_X_Y_AXES_ONLY,CANNY_THIN_EDGE_CONNECTIVITY_PROXY_NOT_MORPHOLOGICAL_SKELETON,TELEA_INPAINT_INVALID_PLUS_ERODE_VALID_6PX,1.000000,1.000000,1.000000,1.000000,PASS:58,44.000000,65.000000,0.010498,PASS,TRACKED_OR_FIXED_CENTER_WITH_GLOBAL_AXES_AND_EQUAL_WINDOW_DIMENSIONS,EQUAL_WINDOW_DIMENSIONS_GRID_DENSITY_MASK_GRAY;ROTATED_ANISOTROPIC_WINDOWS_SAMPLE_DIFFERENT_SOURCE_PIXELS,directly_reviewed_complete,metrics remain separate; no combined score or parameter selection; rotated-window deltas are not pure coordinate-axis attribution
S0MV-GM_RM017-PV004-SEG01,vehicle_thread,TRUE_VEHICLE_POSITIVE,NOT_A_TEMPORAL_DIRECTION_TEST,NOT_A_TEMPORAL_CORRESPONDENCE_TEST,GM_RM017,GM_RM017:PV004,within_scene_other_vehicle_fixed_rule_replay,raw_gt,CENTER_TRACKED_RADIAL,REPRESENTATION_DEFINED_AXIS,CANDIDATE_LOCAL_REESTIMATED,SOURCE_POSITIVE_GT_CONDITIONED_VIEW_GAP10_DIFF5_RELIABILITY_AND_FINITE_COMMON_VALID_PROJECTED_NO_RESELECTION,d7d699e32cfe5a89f674f94b3439e486b7d5e611002a7e9a1bbb438496c89030,cab0ec7b026c53949910427e44fce37e2837bf490d8df10ec34a8f1def1a236c,58,14,14,19,5,5,PAIR_COUNT_GT4_SHARED_FRAME_REPEATED_EVIDENCE,0.275404,0.983463,5.216131,0.142673,35.000000,271.000000,0.015996,0.035752,0.028529,0.018349,0.010170,0.008035,1.000000,0.544757,0.997136,2.168562,0.145383,37.000000,385.000000,0.023322,0.027949,0.024223,0.019654,0.004718,0.006470,169.437781,0.140563,0.330182,3.606716,10.387036,79.612964,,,REPRESENTATION_X_Y_AXES_ONLY,364.000000,491.500000,0.179090,4237.500000,0.111741,0.222031,0.112848,0.080257,0.128305,0.034603,2.776771,0.057101,0.174195,0.158156,,,REPRESENTATION_X_Y_AXES_ONLY,CANNY_THIN_EDGE_CONNECTIVITY_PROXY_NOT_MORPHOLOGICAL_SKELETON,TELEA_INPAINT_INVALID_PLUS_ERODE_VALID_6PX,1.000000,1.000000,1.000000,1.000000,PASS:58,44.000000,66.000000,0.010620,PASS,AXIS_ORIENTATION_PLUS_ROTATED_ANISOTROPIC_SUPPORT_FOOTPRINT,EQUAL_WINDOW_DIMENSIONS_GRID_DENSITY_MASK_GRAY;ROTATED_ANISOTROPIC_WINDOWS_SAMPLE_DIFFERENT_SOURCE_PIXELS,directly_reviewed_complete,metrics remain separate; no combined score or parameter selection; rotated-window deltas are not pure coordinate-axis attribution
S0MV-GM_RM017-PV004-SEG01,vehicle_thread,TRUE_VEHICLE_POSITIVE,NOT_A_TEMPORAL_DIRECTION_TEST,NOT_A_TEMPORAL_CORRESPONDENCE_TEST,GM_RM017,GM_RM017:PV004,within_scene_other_vehicle_fixed_rule_replay,raw_gt,CENTER_TRACKED_BODY,GT_DERIVED_UNSIGNED_BODY,CANDIDATE_LOCAL_REESTIMATED,SOURCE_POSITIVE_GT_CONDITIONED_VIEW_GAP10_DIFF5_RELIABILITY_AND_FINITE_COMMON_VALID_PROJECTED_NO_RESELECTION,d7d699e32cfe5a89f674f94b3439e486b7d5e611002a7e9a1bbb438496c89030,cab0ec7b026c53949910427e44fce37e2837bf490d8df10ec34a8f1def1a236c,58,14,14,19,5,5,PAIR_COUNT_GT4_SHARED_FRAME_REPEATED_EVIDENCE,0.319053,0.949099,9.179662,0.147312,26.000000,185.500000,0.026158,0.014685,0.023847,0.010764,0.006763,0.006157,1.000000,0.535213,0.991999,3.626432,0.148890,44.000000,341.000000,0.016839,0.019738,0.021464,0.018614,0.005220,0.005675,161.226583,0.133717,0.336999,15.272094,12.980479,77.019521,12.980479,77.019521,BODY_LONG_SHORT_AXES,365.500000,527.500000,0.208676,4705.500000,0.129558,0.242783,0.132816,0.063157,0.070636,-0.028857,2.780893,0.057652,0.169280,0.165911,0.169280,0.165911,BODY_LONG_SHORT_AXES,CANNY_THIN_EDGE_CONNECTIVITY_PROXY_NOT_MORPHOLOGICAL_SKELETON,TELEA_INPAINT_INVALID_PLUS_ERODE_VALID_6PX,1.000000,1.000000,1.000000,1.000000,PASS:58,44.000000,65.000000,0.010666,PASS,AXIS_ORIENTATION_PLUS_ROTATED_ANISOTROPIC_SUPPORT_FOOTPRINT,EQUAL_WINDOW_DIMENSIONS_GRID_DENSITY_MASK_GRAY;ROTATED_ANISOTROPIC_WINDOWS_SAMPLE_DIFFERENT_SOURCE_PIXELS,directly_reviewed_complete,metrics remain separate; no combined score or parameter selection; rotated-window deltas are not pure coordinate-axis attribution
S0MV-GM_RM017-PV004-SEG01,vehicle_thread,TRUE_VEHICLE_POSITIVE,NOT_A_TEMPORAL_DIRECTION_TEST,NOT_A_TEMPORAL_CORRESPONDENCE_TEST,GM_RM017,GM_RM017:PV004,within_scene_other_vehicle_fixed_rule_replay,smoothed_gt,WORLD_FIXED,REPRESENTATION_DEFINED_AXIS,FIXED_REFERENCE,SOURCE_POSITIVE_GT_CONDITIONED_VIEW_GAP10_DIFF5_RELIABILITY_AND_FINITE_COMMON_VALID_PROJECTED_NO_RESELECTION,eb14eb59a5003dab80c0bbc1fd0121984baa56d87fae334f38a6b126ae1f1b26,405eac680a90ab0e46a3a8af558a750d417ca7edd14276b758184cfa2071e799,58,3,3,4,2,1,SPARSE_PAIR_EVIDENCE,0.097039,0.956627,8.468361,0.129431,38.000000,701.000000,0.008228,0.058664,0.048836,0.006696,0.002900,0.006052,1.000000,0.605473,0.988302,4.386159,0.116508,41.000000,390.000000,0.020381,0.041294,0.030383,0.024563,0.006620,0.008440,161.679644,0.136662,0.323351,8.200531,17.580674,72.419326,,,REPRESENTATION_X_Y_AXES_ONLY,287.500000,346.000000,0.373252,3169.000000,0.344900,0.163559,0.333764,0.080350,0.065002,-0.055514,2.773683,0.083829,0.168034,0.163604,,,REPRESENTATION_X_Y_AXES_ONLY,CANNY_THIN_EDGE_CONNECTIVITY_PROXY_NOT_MORPHOLOGICAL_SKELETON,TELEA_INPAINT_INVALID_PLUS_ERODE_VALID_6PX,1.000000,1.000000,1.000000,1.000000,PASS:58,45.000000,64.000000,0.003296,PASS,TRACKED_OR_FIXED_CENTER_WITH_GLOBAL_AXES_AND_EQUAL_WINDOW_DIMENSIONS,EQUAL_WINDOW_DIMENSIONS_GRID_DENSITY_MASK_GRAY;ROTATED_ANISOTROPIC_WINDOWS_SAMPLE_DIFFERENT_SOURCE_PIXELS,directly_reviewed_complete,metrics remain separate; no combined score or parameter selection; rotated-window deltas are not pure coordinate-axis attribution
S0MV-GM_RM017-PV004-SEG01,vehicle_thread,TRUE_VEHICLE_POSITIVE,NOT_A_TEMPORAL_DIRECTION_TEST,NOT_A_TEMPORAL_CORRESPONDENCE_TEST,GM_RM017,GM_RM017:PV004,within_scene_other_vehicle_fixed_rule_replay,smoothed_gt,CENTER_TRACKED_CARTESIAN,REPRESENTATION_DEFINED_AXIS,FIXED_REFERENCE,SOURCE_POSITIVE_GT_CONDITIONED_VIEW_GAP10_DIFF5_RELIABILITY_AND_FINITE_COMMON_VALID_PROJECTED_NO_RESELECTION,eb14eb59a5003dab80c0bbc1fd0121984baa56d87fae334f38a6b126ae1f1b26,405eac680a90ab0e46a3a8af558a750d417ca7edd14276b758184cfa2071e799,58,3,3,4,2,1,SPARSE_PAIR_EVIDENCE,0.444375,0.990213,4.011270,0.123590,37.000000,159.000000,0.016918,0.017860,0.013161,0.050852,0.001303,0.002282,1.000000,0.762945,0.996858,2.271632,0.138257,48.000000,349.000000,0.021278,0.029169,0.024633,0.033486,0.004685,0.007637,159.386311,0.168317,0.328081,14.218922,15.057687,74.942313,,,REPRESENTATION_X_Y_AXES_ONLY,303.500000,382.500000,0.225091,3409.500000,0.166213,0.180298,0.165037,0.056722,0.124624,-0.047708,2.762242,0.112169,0.168497,0.162389,,,REPRESENTATION_X_Y_AXES_ONLY,CANNY_THIN_EDGE_CONNECTIVITY_PROXY_NOT_MORPHOLOGICAL_SKELETON,TELEA_INPAINT_INVALID_PLUS_ERODE_VALID_6PX,1.000000,1.000000,1.000000,1.000000,PASS:58,45.000000,65.000000,0.003647,PASS,TRACKED_OR_FIXED_CENTER_WITH_GLOBAL_AXES_AND_EQUAL_WINDOW_DIMENSIONS,EQUAL_WINDOW_DIMENSIONS_GRID_DENSITY_MASK_GRAY;ROTATED_ANISOTROPIC_WINDOWS_SAMPLE_DIFFERENT_SOURCE_PIXELS,directly_reviewed_complete,metrics remain separate; no combined score or parameter selection; rotated-window deltas are not pure coordinate-axis attribution
S0MV-GM_RM017-PV004-SEG01,vehicle_thread,TRUE_VEHICLE_POSITIVE,NOT_A_TEMPORAL_DIRECTION_TEST,NOT_A_TEMPORAL_CORRESPONDENCE_TEST,GM_RM017,GM_RM017:PV004,within_scene_other_vehicle_fixed_rule_replay,smoothed_gt,CENTER_TRACKED_RADIAL,REPRESENTATION_DEFINED_AXIS,FIXED_REFERENCE,SOURCE_POSITIVE_GT_CONDITIONED_VIEW_GAP10_DIFF5_RELIABILITY_AND_FINITE_COMMON_VALID_PROJECTED_NO_RESELECTION,eb14eb59a5003dab80c0bbc1fd0121984baa56d87fae334f38a6b126ae1f1b26,405eac680a90ab0e46a3a8af558a750d417ca7edd14276b758184cfa2071e799,58,3,3,4,2,1,SPARSE_PAIR_EVIDENCE,0.285131,0.966041,7.487239,0.132563,54.000000,264.000000,0.018470,0.020604,0.026526,0.012885,0.004368,0.004302,1.000000,0.740047,0.997619,1.977425,0.148867,41.000000,361.000000,0.014307,0.031607,0.023543,0.020590,0.005371,0.007612,170.118091,0.176387,0.324646,3.448475,9.848568,80.151432,,,REPRESENTATION_X_Y_AXES_ONLY,281.000000,396.500000,0.207078,3564.500000,0.171568,0.187531,0.171274,0.081918,0.171526,0.048412,2.779637,0.094237,0.174546,0.154801,,,REPRESENTATION_X_Y_AXES_ONLY,CANNY_THIN_EDGE_CONNECTIVITY_PROXY_NOT_MORPHOLOGICAL_SKELETON,TELEA_INPAINT_INVALID_PLUS_ERODE_VALID_6PX,1.000000,1.000000,1.000000,1.000000,PASS:58,45.000000,66.500000,0.004623,PASS,AXIS_ORIENTATION_PLUS_ROTATED_ANISOTROPIC_SUPPORT_FOOTPRINT,EQUAL_WINDOW_DIMENSIONS_GRID_DENSITY_MASK_GRAY;ROTATED_ANISOTROPIC_WINDOWS_SAMPLE_DIFFERENT_SOURCE_PIXELS,directly_reviewed_complete,metrics remain separate; no combined score or parameter selection; rotated-window deltas are not pure coordinate-axis attribution
S0MV-GM_RM017-PV004-SEG01,vehicle_thread,TRUE_VEHICLE_POSITIVE,NOT_A_TEMPORAL_DIRECTION_TEST,NOT_A_TEMPORAL_CORRESPONDENCE_TEST,GM_RM017,GM_RM017:PV004,within_scene_other_vehicle_fixed_rule_replay,smoothed_gt,CENTER_TRACKED_BODY,GT_DERIVED_UNSIGNED_BODY,FIXED_REFERENCE,SOURCE_POSITIVE_GT_CONDITIONED_VIEW_GAP10_DIFF5_RELIABILITY_AND_FINITE_COMMON_VALID_PROJECTED_NO_RESELECTION,eb14eb59a5003dab80c0bbc1fd0121984baa56d87fae334f38a6b126ae1f1b26,405eac680a90ab0e46a3a8af558a750d417ca7edd14276b758184cfa2071e799,58,3,3,4,2,1,SPARSE_PAIR_EVIDENCE,0.453806,0.988064,4.430610,0.124532,52.000000,213.000000,0.018721,0.012552,0.022750,0.042131,0.001866,0.008339,1.000000,0.758389,0.996706,2.325910,0.138946,33.000000,358.000000,0.020049,0.031092,0.027966,0.027868,0.004749,0.008892,162.749647,0.178477,0.326574,13.960162,11.358581,78.641419,11.358581,78.641419,BODY_LONG_SHORT_AXES,290.500000,402.500000,0.221228,3408.500000,0.161329,0.178894,0.163511,0.064765,0.130937,-0.053809,2.764223,0.116132,0.170229,0.161841,0.170229,0.161841,BODY_LONG_SHORT_AXES,CANNY_THIN_EDGE_CONNECTIVITY_PROXY_NOT_MORPHOLOGICAL_SKELETON,TELEA_INPAINT_INVALID_PLUS_ERODE_VALID_6PX,1.000000,1.000000,1.000000,1.000000,PASS:58,45.000000,65.000000,0.003616,PASS,AXIS_ORIENTATION_PLUS_ROTATED_ANISOTROPIC_SUPPORT_FOOTPRINT,EQUAL_WINDOW_DIMENSIONS_GRID_DENSITY_MASK_GRAY;ROTATED_ANISOTROPIC_WINDOWS_SAMPLE_DIFFERENT_SOURCE_PIXELS,directly_reviewed_complete,metrics remain separate; no combined score or parameter selection; rotated-window deltas are not pure coordinate-axis attribution
S0MV-GM_RM017-PV004-SEG01,vehicle_thread,TRUE_VEHICLE_POSITIVE,NOT_A_TEMPORAL_DIRECTION_TEST,NOT_A_TEMPORAL_CORRESPONDENCE_TEST,GM_RM017,GM_RM017:PV004,within_scene_other_vehicle_fixed_rule_replay,smoothed_gt,WORLD_FIXED,REPRESENTATION_DEFINED_AXIS,CANDIDATE_LOCAL_REESTIMATED,SOURCE_POSITIVE_GT_CONDITIONED_VIEW_GAP10_DIFF5_RELIABILITY_AND_FINITE_COMMON_VALID_PROJECTED_NO_RESELECTION,eb14eb59a5003dab80c0bbc1fd0121984baa56d87fae334f38a6b126ae1f1b26,405eac680a90ab0e46a3a8af558a750d417ca7edd14276b758184cfa2071e799,58,3,3,4,2,1,SPARSE_PAIR_EVIDENCE,0.093653,0.953289,8.790642,0.125699,105.000000,183.000000,0.048481,0.103865,0.069663,0.014154,0.004661,0.008237,1.000000,0.583984,0.989436,4.167688,0.139715,45.000000,326.000000,0.019726,0.016899,0.025217,0.016686,0.005334,0.005688,159.579557,0.112374,0.328441,7.981236,18.447369,71.552631,,,REPRESENTATION_X_Y_AXES_ONLY,407.500000,522.500000,0.118976,4190.000000,0.096238,0.222366,0.084286,0.070416,0.055722,-0.029904,2.754186,0.047509,0.166203,0.167953,,,REPRESENTATION_X_Y_AXES_ONLY,CANNY_THIN_EDGE_CONNECTIVITY_PROXY_NOT_MORPHOLOGICAL_SKELETON,TELEA_INPAINT_INVALID_PLUS_ERODE_VALID_6PX,1.000000,1.000000,1.000000,1.000000,PASS:58,44.000000,64.000000,0.010757,PASS,TRACKED_OR_FIXED_CENTER_WITH_GLOBAL_AXES_AND_EQUAL_WINDOW_DIMENSIONS,EQUAL_WINDOW_DIMENSIONS_GRID_DENSITY_MASK_GRAY;ROTATED_ANISOTROPIC_WINDOWS_SAMPLE_DIFFERENT_SOURCE_PIXELS,directly_reviewed_complete,metrics remain separate; no combined score or parameter selection; rotated-window deltas are not pure coordinate-axis attribution
S0MV-GM_RM017-PV004-SEG01,vehicle_thread,TRUE_VEHICLE_POSITIVE,NOT_A_TEMPORAL_DIRECTION_TEST,NOT_A_TEMPORAL_CORRESPONDENCE_TEST,GM_RM017,GM_RM017:PV004,within_scene_other_vehicle_fixed_rule_replay,smoothed_gt,CENTER_TRACKED_CARTESIAN,REPRESENTATION_DEFINED_AXIS,CANDIDATE_LOCAL_REESTIMATED,SOURCE_POSITIVE_GT_CONDITIONED_VIEW_GAP10_DIFF5_RELIABILITY_AND_FINITE_COMMON_VALID_PROJECTED_NO_RESELECTION,eb14eb59a5003dab80c0bbc1fd0121984baa56d87fae334f38a6b126ae1f1b26,405eac680a90ab0e46a3a8af558a750d417ca7edd14276b758184cfa2071e799,58,3,3,4,2,1,SPARSE_PAIR_EVIDENCE,0.383804,0.999565,0.844944,0.150909,62.000000,130.000000,0.032996,0.007456,0.017627,0.051808,0.002063,0.004857,1.000000,0.724776,0.994066,3.122473,0.155223,43.000000,397.000000,0.025696,0.022557,0.025003,0.016306,0.005615,0.005537,158.230196,0.139919,0.337798,15.795618,17.011920,72.988080,,,REPRESENTATION_X_Y_AXES_ONLY,375.000000,511.000000,0.197836,4635.500000,0.123275,0.240570,0.124893,0.065400,0.075964,-0.029291,2.771135,0.053187,0.165764,0.167540,,,REPRESENTATION_X_Y_AXES_ONLY,CANNY_THIN_EDGE_CONNECTIVITY_PROXY_NOT_MORPHOLOGICAL_SKELETON,TELEA_INPAINT_INVALID_PLUS_ERODE_VALID_6PX,1.000000,1.000000,1.000000,1.000000,PASS:58,44.000000,65.000000,0.010651,PASS,TRACKED_OR_FIXED_CENTER_WITH_GLOBAL_AXES_AND_EQUAL_WINDOW_DIMENSIONS,EQUAL_WINDOW_DIMENSIONS_GRID_DENSITY_MASK_GRAY;ROTATED_ANISOTROPIC_WINDOWS_SAMPLE_DIFFERENT_SOURCE_PIXELS,directly_reviewed_complete,metrics remain separate; no combined score or parameter selection; rotated-window deltas are not pure coordinate-axis attribution
S0MV-GM_RM017-PV004-SEG01,vehicle_thread,TRUE_VEHICLE_POSITIVE,NOT_A_TEMPORAL_DIRECTION_TEST,NOT_A_TEMPORAL_CORRESPONDENCE_TEST,GM_RM017,GM_RM017:PV004,within_scene_other_vehicle_fixed_rule_replay,smoothed_gt,CENTER_TRACKED_RADIAL,REPRESENTATION_DEFINED_AXIS,CANDIDATE_LOCAL_REESTIMATED,SOURCE_POSITIVE_GT_CONDITIONED_VIEW_GAP10_DIFF5_RELIABILITY_AND_FINITE_COMMON_VALID_PROJECTED_NO_RESELECTION,eb14eb59a5003dab80c0bbc1fd0121984baa56d87fae334f38a6b126ae1f1b26,405eac680a90ab0e46a3a8af558a750d417ca7edd14276b758184cfa2071e799,58,3,3,4,2,1,SPARSE_PAIR_EVIDENCE,0.290590,0.980958,5.599640,0.137143,59.000000,199.000000,0.018273,0.014341,0.007574,0.002714,0.003781,0.006028,1.000000,0.714239,0.997319,2.098117,0.157499,40.000000,359.000000,0.020191,0.025755,0.024179,0.016437,0.005290,0.004529,169.459967,0.141710,0.330416,3.860249,10.774130,79.225870,,,REPRESENTATION_X_Y_AXES_ONLY,373.500000,496.500000,0.182464,4234.500000,0.108987,0.222137,0.113086,0.080363,0.130616,0.035029,2.765909,0.064173,0.173680,0.157921,,,REPRESENTATION_X_Y_AXES_ONLY,CANNY_THIN_EDGE_CONNECTIVITY_PROXY_NOT_MORPHOLOGICAL_SKELETON,TELEA_INPAINT_INVALID_PLUS_ERODE_VALID_6PX,1.000000,1.000000,1.000000,1.000000,PASS:58,44.500000,66.500000,0.010590,PASS,AXIS_ORIENTATION_PLUS_ROTATED_ANISOTROPIC_SUPPORT_FOOTPRINT,EQUAL_WINDOW_DIMENSIONS_GRID_DENSITY_MASK_GRAY;ROTATED_ANISOTROPIC_WINDOWS_SAMPLE_DIFFERENT_SOURCE_PIXELS,directly_reviewed_complete,metrics remain separate; no combined score or parameter selection; rotated-window deltas are not pure coordinate-axis attribution
S0MV-GM_RM017-PV004-SEG01,vehicle_thread,TRUE_VEHICLE_POSITIVE,NOT_A_TEMPORAL_DIRECTION_TEST,NOT_A_TEMPORAL_CORRESPONDENCE_TEST,GM_RM017,GM_RM017:PV004,within_scene_other_vehicle_fixed_rule_replay,smoothed_gt,CENTER_TRACKED_BODY,GT_DERIVED_UNSIGNED_BODY,CANDIDATE_LOCAL_REESTIMATED,SOURCE_POSITIVE_GT_CONDITIONED_VIEW_GAP10_DIFF5_RELIABILITY_AND_FINITE_COMMON_VALID_PROJECTED_NO_RESELECTION,eb14eb59a5003dab80c0bbc1fd0121984baa56d87fae334f38a6b126ae1f1b26,405eac680a90ab0e46a3a8af558a750d417ca7edd14276b758184cfa2071e799,58,3,3,4,2,1,SPARSE_PAIR_EVIDENCE,0.404381,0.997149,2.163643,0.153739,59.000000,199.000000,0.018444,0.010992,0.018386,0.034037,0.004209,0.001771,1.000000,0.725808,0.993399,3.293357,0.155361,38.000000,327.000000,0.010904,0.022952,0.026556,0.014849,0.004759,0.006494,161.855628,0.146550,0.336077,14.552999,12.334388,77.665612,12.334388,77.665612,BODY_LONG_SHORT_AXES,367.500000,522.000000,0.202277,4614.500000,0.132209,0.238266,0.134194,0.071283,0.076638,-0.031355,2.771628,0.059498,0.168270,0.165410,0.168270,0.165410,BODY_LONG_SHORT_AXES,CANNY_THIN_EDGE_CONNECTIVITY_PROXY_NOT_MORPHOLOGICAL_SKELETON,TELEA_INPAINT_INVALID_PLUS_ERODE_VALID_6PX,1.000000,1.000000,1.000000,1.000000,PASS:58,44.000000,65.000000,0.010605,PASS,AXIS_ORIENTATION_PLUS_ROTATED_ANISOTROPIC_SUPPORT_FOOTPRINT,EQUAL_WINDOW_DIMENSIONS_GRID_DENSITY_MASK_GRAY;ROTATED_ANISOTROPIC_WINDOWS_SAMPLE_DIFFERENT_SOURCE_PIXELS,directly_reviewed_complete,metrics remain separate; no combined score or parameter selection; rotated-window deltas are not pure coordinate-axis attribution
SWAP-GM_RM017_PV002-AROUND-GM_RM017_PV003,trajectory_swap,IDENTITY_NEGATIVE_CLASS_POSITIVE,NOT_A_TEMPORAL_DIRECTION_TEST,NOT_A_TEMPORAL_CORRESPONDENCE_TEST,GM_RM017,GM_RM017:PV002,identity_specificity_falsification,raw_gt,WORLD_FIXED,REPRESENTATION_DEFINED_AXIS,FIXED_REFERENCE,SOURCE_POSITIVE_GT_CONDITIONED_VIEW_GAP10_DIFF5_RELIABILITY_AND_FINITE_COMMON_VALID_PROJECTED_NO_RESELECTION,369267f7470fa21a7f75d20a878c2056eb190faf3a9bb522937c013f7db00e6c,fe00de604990c155fd9239e7643555cbea5f31d71699c09b0b1408e1f8bbf821,58,8,8,11,3,3,PAIR_COUNT_GT4_SHARED_FRAME_REPEATED_EVIDENCE,0.296177,0.999628,0.716452,0.065116,16.000000,136.000000,0.028811,0.134618,0.019964,0.199584,0.019768,0.014510,1.000000,0.815013,0.998767,1.422836,0.127926,24.000000,225.000000,0.022271,0.040684,0.024569,0.057206,0.007824,0.008665,171.241707,0.260385,0.351495,3.603039,6.157167,83.842833,,,REPRESENTATION_X_Y_AXES_ONLY,121.500000,201.000000,0.284346,2050.000000,0.261142,0.105423,0.255076,0.101057,0.116297,0.035687,2.785335,0.201977,0.190398,0.142853,,,REPRESENTATION_X_Y_AXES_ONLY,CANNY_THIN_EDGE_CONNECTIVITY_PROXY_NOT_MORPHOLOGICAL_SKELETON,TELEA_INPAINT_INVALID_PLUS_ERODE_VALID_6PX,1.000000,1.000000,1.000000,1.000000,PASS:58,45.500000,88.000000,0.006577,PASS,TRACKED_OR_FIXED_CENTER_WITH_GLOBAL_AXES_AND_EQUAL_WINDOW_DIMENSIONS,EQUAL_WINDOW_DIMENSIONS_GRID_DENSITY_MASK_GRAY;ROTATED_ANISOTROPIC_WINDOWS_SAMPLE_DIFFERENT_SOURCE_PIXELS,directly_reviewed_complete,metrics remain separate; no combined score or parameter selection; rotated-window deltas are not pure coordinate-axis attribution
SWAP-GM_RM017_PV002-AROUND-GM_RM017_PV003,trajectory_swap,IDENTITY_NEGATIVE_CLASS_POSITIVE,NOT_A_TEMPORAL_DIRECTION_TEST,NOT_A_TEMPORAL_CORRESPONDENCE_TEST,GM_RM017,GM_RM017:PV002,identity_specificity_falsification,raw_gt,CENTER_TRACKED_CARTESIAN,REPRESENTATION_DEFINED_AXIS,FIXED_REFERENCE,SOURCE_POSITIVE_GT_CONDITIONED_VIEW_GAP10_DIFF5_RELIABILITY_AND_FINITE_COMMON_VALID_PROJECTED_NO_RESELECTION,369267f7470fa21a7f75d20a878c2056eb190faf3a9bb522937c013f7db00e6c,fe00de604990c155fd9239e7643555cbea5f31d71699c09b0b1408e1f8bbf821,58,8,8,11,3,3,PAIR_COUNT_GT4_SHARED_FRAME_REPEATED_EVIDENCE,0.679048,0.999654,0.698058,0.102171,49.500000,364.000000,0.018582,0.069911,0.026655,0.042874,0.012966,0.011184,1.000000,0.793082,0.999012,1.273789,0.127675,26.000000,262.000000,0.019582,0.041014,0.022217,0.041657,0.008643,0.008199,169.032585,0.254856,0.350418,6.495605,5.379024,84.620976,,,REPRESENTATION_X_Y_AXES_ONLY,130.500000,198.500000,0.341166,2198.500000,0.319727,0.113220,0.319352,0.109928,0.054898,0.040179,2.796605,0.145604,0.183041,0.147005,,,REPRESENTATION_X_Y_AXES_ONLY,CANNY_THIN_EDGE_CONNECTIVITY_PROXY_NOT_MORPHOLOGICAL_SKELETON,TELEA_INPAINT_INVALID_PLUS_ERODE_VALID_6PX,1.000000,1.000000,1.000000,1.000000,PASS:58,45.500000,87.165000,0.006241,PASS,TRACKED_OR_FIXED_CENTER_WITH_GLOBAL_AXES_AND_EQUAL_WINDOW_DIMENSIONS,EQUAL_WINDOW_DIMENSIONS_GRID_DENSITY_MASK_GRAY;ROTATED_ANISOTROPIC_WINDOWS_SAMPLE_DIFFERENT_SOURCE_PIXELS,directly_reviewed_complete,metrics remain separate; no combined score or parameter selection; rotated-window deltas are not pure coordinate-axis attribution
SWAP-GM_RM017_PV002-AROUND-GM_RM017_PV003,trajectory_swap,IDENTITY_NEGATIVE_CLASS_POSITIVE,NOT_A_TEMPORAL_DIRECTION_TEST,NOT_A_TEMPORAL_CORRESPONDENCE_TEST,GM_RM017,GM_RM017:PV002,identity_specificity_falsification,raw_gt,CENTER_TRACKED_RADIAL,REPRESENTATION_DEFINED_AXIS,FIXED_REFERENCE,SOURCE_POSITIVE_GT_CONDITIONED_VIEW_GAP10_DIFF5_RELIABILITY_AND_FINITE_COMMON_VALID_PROJECTED_NO_RESELECTION,369267f7470fa21a7f75d20a878c2056eb190faf3a9bb522937c013f7db00e6c,fe00de604990c155fd9239e7643555cbea5f31d71699c09b0b1408e1f8bbf821,58,8,8,11,3,3,PAIR_COUNT_GT4_SHARED_FRAME_REPEATED_EVIDENCE,0.494396,0.904465,12.562945,0.098265,46.000000,344.500000,0.013316,0.123467,0.022253,0.106661,0.011213,0.013079,1.000000,0.780223,0.996670,2.338676,0.129728,28.000000,229.000000,0.018169,0.043868,0.028022,0.045451,0.006965,0.007433,172.179640,0.237024,0.344972,8.255838,11.525401,78.474599,,,REPRESENTATION_X_Y_AXES_ONLY,127.000000,206.500000,0.298642,2268.500000,0.258815,0.115646,0.260895,0.102511,0.156423,0.000113,2.807195,0.161079,0.180991,0.145142,,,REPRESENTATION_X_Y_AXES_ONLY,CANNY_THIN_EDGE_CONNECTIVITY_PROXY_NOT_MORPHOLOGICAL_SKELETON,TELEA_INPAINT_INVALID_PLUS_ERODE_VALID_6PX,1.000000,1.000000,1.000000,1.000000,PASS:58,45.500000,87.165000,0.006180,PASS,AXIS_ORIENTATION_PLUS_ROTATED_ANISOTROPIC_SUPPORT_FOOTPRINT,EQUAL_WINDOW_DIMENSIONS_GRID_DENSITY_MASK_GRAY;ROTATED_ANISOTROPIC_WINDOWS_SAMPLE_DIFFERENT_SOURCE_PIXELS,directly_reviewed_complete,metrics remain separate; no combined score or parameter selection; rotated-window deltas are not pure coordinate-axis attribution
SWAP-GM_RM017_PV002-AROUND-GM_RM017_PV003,trajectory_swap,IDENTITY_NEGATIVE_CLASS_POSITIVE,NOT_A_TEMPORAL_DIRECTION_TEST,NOT_A_TEMPORAL_CORRESPONDENCE_TEST,GM_RM017,GM_RM017:PV002,identity_specificity_falsification,raw_gt,CENTER_TRACKED_BODY,GT_DERIVED_UNSIGNED_BODY,FIXED_REFERENCE,SOURCE_POSITIVE_GT_CONDITIONED_VIEW_GAP10_DIFF5_RELIABILITY_AND_FINITE_COMMON_VALID_PROJECTED_NO_RESELECTION,369267f7470fa21a7f75d20a878c2056eb190faf3a9bb522937c013f7db00e6c,fe00de604990c155fd9239e7643555cbea5f31d71699c09b0b1408e1f8bbf821,58,8,8,11,3,3,PAIR_COUNT_GT4_SHARED_FRAME_REPEATED_EVIDENCE,0.542220,0.958096,8.315061,0.098263,37.500000,366.000000,0.013550,0.098698,0.025799,0.099884,0.013858,0.014570,1.000000,0.771366,0.997918,1.849091,0.118264,27.000000,212.000000,0.014979,0.032619,0.019537,0.049251,0.007656,0.006998,171.782681,0.255428,0.352563,7.043727,5.188020,84.811980,5.188020,84.811980,BODY_LONG_SHORT_AXES,130.000000,208.000000,0.332971,2203.000000,0.314860,0.114059,0.314916,0.111133,0.070264,0.026268,2.796908,0.135326,0.184169,0.145638,0.184169,0.145638,BODY_LONG_SHORT_AXES,CANNY_THIN_EDGE_CONNECTIVITY_PROXY_NOT_MORPHOLOGICAL_SKELETON,TELEA_INPAINT_INVALID_PLUS_ERODE_VALID_6PX,1.000000,1.000000,1.000000,1.000000,PASS:58,45.500000,88.000000,0.006180,PASS,AXIS_ORIENTATION_PLUS_ROTATED_ANISOTROPIC_SUPPORT_FOOTPRINT,EQUAL_WINDOW_DIMENSIONS_GRID_DENSITY_MASK_GRAY;ROTATED_ANISOTROPIC_WINDOWS_SAMPLE_DIFFERENT_SOURCE_PIXELS,directly_reviewed_complete,metrics remain separate; no combined score or parameter selection; rotated-window deltas are not pure coordinate-axis attribution
SWAP-GM_RM017_PV002-AROUND-GM_RM017_PV003,trajectory_swap,IDENTITY_NEGATIVE_CLASS_POSITIVE,NOT_A_TEMPORAL_DIRECTION_TEST,NOT_A_TEMPORAL_CORRESPONDENCE_TEST,GM_RM017,GM_RM017:PV002,identity_specificity_falsification,raw_gt,WORLD_FIXED,REPRESENTATION_DEFINED_AXIS,CANDIDATE_LOCAL_REESTIMATED,SOURCE_POSITIVE_GT_CONDITIONED_VIEW_GAP10_DIFF5_RELIABILITY_AND_FINITE_COMMON_VALID_PROJECTED_NO_RESELECTION,369267f7470fa21a7f75d20a878c2056eb190faf3a9bb522937c013f7db00e6c,fe00de604990c155fd9239e7643555cbea5f31d71699c09b0b1408e1f8bbf821,58,8,8,11,3,3,PAIR_COUNT_GT4_SHARED_FRAME_REPEATED_EVIDENCE,0.290219,0.999407,0.971086,0.081914,78.000000,881.000000,0.023768,0.131182,0.025082,0.179883,0.015742,0.016983,1.000000,0.799671,0.998961,1.305834,0.131161,28.000000,308.000000,0.016951,0.028909,0.024383,0.028624,0.006194,0.008008,170.914257,0.229067,0.358185,3.341769,6.387211,83.612789,,,REPRESENTATION_X_Y_AXES_ONLY,207.500000,315.000000,0.273616,3280.500000,0.250730,0.167282,0.248169,0.082084,0.070145,0.010373,2.781366,0.116309,0.176835,0.155081,,,REPRESENTATION_X_Y_AXES_ONLY,CANNY_THIN_EDGE_CONNECTIVITY_PROXY_NOT_MORPHOLOGICAL_SKELETON,TELEA_INPAINT_INVALID_PLUS_ERODE_VALID_6PX,1.000000,1.000000,1.000000,1.000000,PASS:58,45.500000,88.000000,0.010345,PASS,TRACKED_OR_FIXED_CENTER_WITH_GLOBAL_AXES_AND_EQUAL_WINDOW_DIMENSIONS,EQUAL_WINDOW_DIMENSIONS_GRID_DENSITY_MASK_GRAY;ROTATED_ANISOTROPIC_WINDOWS_SAMPLE_DIFFERENT_SOURCE_PIXELS,directly_reviewed_complete,metrics remain separate; no combined score or parameter selection; rotated-window deltas are not pure coordinate-axis attribution
SWAP-GM_RM017_PV002-AROUND-GM_RM017_PV003,trajectory_swap,IDENTITY_NEGATIVE_CLASS_POSITIVE,NOT_A_TEMPORAL_DIRECTION_TEST,NOT_A_TEMPORAL_CORRESPONDENCE_TEST,GM_RM017,GM_RM017:PV002,identity_specificity_falsification,raw_gt,CENTER_TRACKED_CARTESIAN,REPRESENTATION_DEFINED_AXIS,CANDIDATE_LOCAL_REESTIMATED,SOURCE_POSITIVE_GT_CONDITIONED_VIEW_GAP10_DIFF5_RELIABILITY_AND_FINITE_COMMON_VALID_PROJECTED_NO_RESELECTION,369267f7470fa21a7f75d20a878c2056eb190faf3a9bb522937c013f7db00e6c,fe00de604990c155fd9239e7643555cbea5f31d71699c09b0b1408e1f8bbf821,58,8,8,11,3,3,PAIR_COUNT_GT4_SHARED_FRAME_REPEATED_EVIDENCE,0.680406,0.999705,0.687104,0.111001,102.000000,749.000000,0.056112,0.052691,0.036815,0.030755,0.020475,0.010728,1.000000,0.780134,0.999106,1.211137,0.137421,33.000000,299.000000,0.020095,0.031112,0.018671,0.029336,0.007579,0.005845,168.176059,0.213692,0.362761,7.299664,5.353933,84.646067,,,REPRESENTATION_X_Y_AXES_ONLY,219.000000,342.000000,0.224160,3725.500000,0.231675,0.186371,0.222820,0.083777,0.024875,0.003761,2.807282,0.068694,0.166739,0.157482,,,REPRESENTATION_X_Y_AXES_ONLY,CANNY_THIN_EDGE_CONNECTIVITY_PROXY_NOT_MORPHOLOGICAL_SKELETON,TELEA_INPAINT_INVALID_PLUS_ERODE_VALID_6PX,1.000000,1.000000,1.000000,1.000000,PASS:58,45.000000,87.165000,0.010300,PASS,TRACKED_OR_FIXED_CENTER_WITH_GLOBAL_AXES_AND_EQUAL_WINDOW_DIMENSIONS,EQUAL_WINDOW_DIMENSIONS_GRID_DENSITY_MASK_GRAY;ROTATED_ANISOTROPIC_WINDOWS_SAMPLE_DIFFERENT_SOURCE_PIXELS,directly_reviewed_complete,metrics remain separate; no combined score or parameter selection; rotated-window deltas are not pure coordinate-axis attribution
SWAP-GM_RM017_PV002-AROUND-GM_RM017_PV003,trajectory_swap,IDENTITY_NEGATIVE_CLASS_POSITIVE,NOT_A_TEMPORAL_DIRECTION_TEST,NOT_A_TEMPORAL_CORRESPONDENCE_TEST,GM_RM017,GM_RM017:PV002,identity_specificity_falsification,raw_gt,CENTER_TRACKED_RADIAL,REPRESENTATION_DEFINED_AXIS,CANDIDATE_LOCAL_REESTIMATED,SOURCE_POSITIVE_GT_CONDITIONED_VIEW_GAP10_DIFF5_RELIABILITY_AND_FINITE_COMMON_VALID_PROJECTED_NO_RESELECTION,369267f7470fa21a7f75d20a878c2056eb190faf3a9bb522937c013f7db00e6c,fe00de604990c155fd9239e7643555cbea5f31d71699c09b0b1408e1f8bbf821,58,8,8,11,3,3,PAIR_COUNT_GT4_SHARED_FRAME_REPEATED_EVIDENCE,0.493737,0.895304,13.154510,0.107750,74.500000,673.000000,0.021989,0.092523,0.034951,0.073888,0.019586,0.011149,1.000000,0.778505,0.995265,2.788899,0.135774,32.000000,415.000000,0.017236,0.031687,0.027625,0.026807,0.006380,0.007241,171.581110,0.210000,0.360625,8.940530,12.007334,77.992666,,,REPRESENTATION_X_Y_AXES_ONLY,213.000000,335.000000,0.213009,3713.500000,0.198563,0.185135,0.189534,0.095269,0.069521,0.012968,2.803113,0.057261,0.172049,0.153144,,,REPRESENTATION_X_Y_AXES_ONLY,CANNY_THIN_EDGE_CONNECTIVITY_PROXY_NOT_MORPHOLOGICAL_SKELETON,TELEA_INPAINT_INVALID_PLUS_ERODE_VALID_6PX,1.000000,1.000000,1.000000,1.000000,PASS:58,45.000000,87.165000,0.010330,PASS,AXIS_ORIENTATION_PLUS_ROTATED_ANISOTROPIC_SUPPORT_FOOTPRINT,EQUAL_WINDOW_DIMENSIONS_GRID_DENSITY_MASK_GRAY;ROTATED_ANISOTROPIC_WINDOWS_SAMPLE_DIFFERENT_SOURCE_PIXELS,directly_reviewed_complete,metrics remain separate; no combined score or parameter selection; rotated-window deltas are not pure coordinate-axis attribution
SWAP-GM_RM017_PV002-AROUND-GM_RM017_PV003,trajectory_swap,IDENTITY_NEGATIVE_CLASS_POSITIVE,NOT_A_TEMPORAL_DIRECTION_TEST,NOT_A_TEMPORAL_CORRESPONDENCE_TEST,GM_RM017,GM_RM017:PV002,identity_specificity_falsification,raw_gt,CENTER_TRACKED_BODY,GT_DERIVED_UNSIGNED_BODY,CANDIDATE_LOCAL_REESTIMATED,SOURCE_POSITIVE_GT_CONDITIONED_VIEW_GAP10_DIFF5_RELIABILITY_AND_FINITE_COMMON_VALID_PROJECTED_NO_RESELECTION,369267f7470fa21a7f75d20a878c2056eb190faf3a9bb522937c013f7db00e6c,fe00de604990c155fd9239e7643555cbea5f31d71699c09b0b1408e1f8bbf821,58,8,8,11,3,3,PAIR_COUNT_GT4_SHARED_FRAME_REPEATED_EVIDENCE,0.547864,0.958474,8.284736,0.105470,74.000000,801.000000,0.041689,0.089032,0.038943,0.121446,0.006245,0.010270,1.000000,0.754341,0.997264,2.119692,0.137668,24.000000,330.000000,0.022221,0.026649,0.022279,0.031706,0.006079,0.004662,171.000792,0.213149,0.364207,7.801085,5.921558,84.078442,5.921558,84.078442,BODY_LONG_SHORT_AXES,208.500000,341.000000,0.229353,3775.500000,0.231456,0.187851,0.220551,0.089736,0.030652,-0.002519,2.805119,0.059363,0.169035,0.157167,0.169035,0.157167,BODY_LONG_SHORT_AXES,CANNY_THIN_EDGE_CONNECTIVITY_PROXY_NOT_MORPHOLOGICAL_SKELETON,TELEA_INPAINT_INVALID_PLUS_ERODE_VALID_6PX,1.000000,1.000000,1.000000,1.000000,PASS:58,45.000000,88.000000,0.010315,PASS,AXIS_ORIENTATION_PLUS_ROTATED_ANISOTROPIC_SUPPORT_FOOTPRINT,EQUAL_WINDOW_DIMENSIONS_GRID_DENSITY_MASK_GRAY;ROTATED_ANISOTROPIC_WINDOWS_SAMPLE_DIFFERENT_SOURCE_PIXELS,directly_reviewed_complete,metrics remain separate; no combined score or parameter selection; rotated-window deltas are not pure coordinate-axis attribution
SWAP-GM_RM017_PV002-AROUND-GM_RM017_PV003,trajectory_swap,IDENTITY_NEGATIVE_CLASS_POSITIVE,NOT_A_TEMPORAL_DIRECTION_TEST,NOT_A_TEMPORAL_CORRESPONDENCE_TEST,GM_RM017,GM_RM017:PV002,identity_specificity_falsification,smoothed_gt,WORLD_FIXED,REPRESENTATION_DEFINED_AXIS,FIXED_REFERENCE,SOURCE_POSITIVE_GT_CONDITIONED_VIEW_GAP10_DIFF5_RELIABILITY_AND_FINITE_COMMON_VALID_PROJECTED_NO_RESELECTION,7af9116724c7a8702700075845d02acd180c1bd14d4b238413ba2ed3adaafc86,b6d69d2fc2beb967335d5bf40cb3cf27037bcb4351ac93dcc74661fba7b87934,58,0,0,0,0,0,NO_ELIGIBLE_PAIRS,,,,,,,,,,,,,,0.815976,0.998711,1.454963,0.123765,22.000000,215.000000,0.025987,0.042832,0.027314,0.046405,0.009674,0.008674,170.936777,0.257534,0.350645,3.690517,6.325369,83.674631,,,REPRESENTATION_X_Y_AXES_ONLY,123.500000,199.500000,0.277920,2046.000000,0.257711,0.103912,0.254312,0.102626,0.114552,0.033850,2.785662,0.201805,0.190113,0.142819,,,REPRESENTATION_X_Y_AXES_ONLY,CANNY_THIN_EDGE_CONNECTIVITY_PROXY_NOT_MORPHOLOGICAL_SKELETON,TELEA_INPAINT_INVALID_PLUS_ERODE_VALID_6PX,1.000000,1.000000,1.000000,1.000000,PASS:58,45.500000,87.665000,0.006607,PASS,TRACKED_OR_FIXED_CENTER_WITH_GLOBAL_AXES_AND_EQUAL_WINDOW_DIMENSIONS,EQUAL_WINDOW_DIMENSIONS_GRID_DENSITY_MASK_GRAY;ROTATED_ANISOTROPIC_WINDOWS_SAMPLE_DIFFERENT_SOURCE_PIXELS,directly_reviewed_complete,metrics remain separate; no combined score or parameter selection; rotated-window deltas are not pure coordinate-axis attribution
SWAP-GM_RM017_PV002-AROUND-GM_RM017_PV003,trajectory_swap,IDENTITY_NEGATIVE_CLASS_POSITIVE,NOT_A_TEMPORAL_DIRECTION_TEST,NOT_A_TEMPORAL_CORRESPONDENCE_TEST,GM_RM017,GM_RM017:PV002,identity_specificity_falsification,smoothed_gt,CENTER_TRACKED_CARTESIAN,REPRESENTATION_DEFINED_AXIS,FIXED_REFERENCE,SOURCE_POSITIVE_GT_CONDITIONED_VIEW_GAP10_DIFF5_RELIABILITY_AND_FINITE_COMMON_VALID_PROJECTED_NO_RESELECTION,7af9116724c7a8702700075845d02acd180c1bd14d4b238413ba2ed3adaafc86,b6d69d2fc2beb967335d5bf40cb3cf27037bcb4351ac93dcc74661fba7b87934,58,0,0,0,0,0,NO_ELIGIBLE_PAIRS,,,,,,,,,,,,,,0.856918,0.998870,1.361985,0.133133,24.000000,234.000000,0.023419,0.036684,0.024330,0.051439,0.008764,0.007932,168.994296,0.255155,0.352022,6.594379,5.347399,84.652601,,,REPRESENTATION_X_Y_AXES_ONLY,129.500000,206.000000,0.328283,2161.500000,0.325724,0.113037,0.321209,0.100290,0.054615,0.035888,2.789514,0.139529,0.182628,0.146140,,,REPRESENTATION_X_Y_AXES_ONLY,CANNY_THIN_EDGE_CONNECTIVITY_PROXY_NOT_MORPHOLOGICAL_SKELETON,TELEA_INPAINT_INVALID_PLUS_ERODE_VALID_6PX,1.000000,1.000000,1.000000,1.000000,PASS:58,45.500000,88.000000,0.006226,PASS,TRACKED_OR_FIXED_CENTER_WITH_GLOBAL_AXES_AND_EQUAL_WINDOW_DIMENSIONS,EQUAL_WINDOW_DIMENSIONS_GRID_DENSITY_MASK_GRAY;ROTATED_ANISOTROPIC_WINDOWS_SAMPLE_DIFFERENT_SOURCE_PIXELS,directly_reviewed_complete,metrics remain separate; no combined score or parameter selection; rotated-window deltas are not pure coordinate-axis attribution
SWAP-GM_RM017_PV002-AROUND-GM_RM017_PV003,trajectory_swap,IDENTITY_NEGATIVE_CLASS_POSITIVE,NOT_A_TEMPORAL_DIRECTION_TEST,NOT_A_TEMPORAL_CORRESPONDENCE_TEST,GM_RM017,GM_RM017:PV002,identity_specificity_falsification,smoothed_gt,CENTER_TRACKED_RADIAL,REPRESENTATION_DEFINED_AXIS,FIXED_REFERENCE,SOURCE_POSITIVE_GT_CONDITIONED_VIEW_GAP10_DIFF5_RELIABILITY_AND_FINITE_COMMON_VALID_PROJECTED_NO_RESELECTION,7af9116724c7a8702700075845d02acd180c1bd14d4b238413ba2ed3adaafc86,b6d69d2fc2beb967335d5bf40cb3cf27037bcb4351ac93dcc74661fba7b87934,58,0,0,0,0,0,NO_ELIGIBLE_PAIRS,,,,,,,,,,,,,,0.845927,0.996593,2.365463,0.135192,22.000000,290.000000,0.017712,0.043675,0.019046,0.040052,0.007529,0.008007,172.170806,0.236590,0.345981,8.351832,11.444184,78.555816,,,REPRESENTATION_X_Y_AXES_ONLY,137.500000,216.500000,0.289552,2340.500000,0.260026,0.116898,0.261744,0.103309,0.164382,0.000616,2.800406,0.172804,0.180730,0.144340,,,REPRESENTATION_X_Y_AXES_ONLY,CANNY_THIN_EDGE_CONNECTIVITY_PROXY_NOT_MORPHOLOGICAL_SKELETON,TELEA_INPAINT_INVALID_PLUS_ERODE_VALID_6PX,1.000000,1.000000,1.000000,1.000000,PASS:58,45.500000,87.165000,0.006241,PASS,AXIS_ORIENTATION_PLUS_ROTATED_ANISOTROPIC_SUPPORT_FOOTPRINT,EQUAL_WINDOW_DIMENSIONS_GRID_DENSITY_MASK_GRAY;ROTATED_ANISOTROPIC_WINDOWS_SAMPLE_DIFFERENT_SOURCE_PIXELS,directly_reviewed_complete,metrics remain separate; no combined score or parameter selection; rotated-window deltas are not pure coordinate-axis attribution
SWAP-GM_RM017_PV002-AROUND-GM_RM017_PV003,trajectory_swap,IDENTITY_NEGATIVE_CLASS_POSITIVE,NOT_A_TEMPORAL_DIRECTION_TEST,NOT_A_TEMPORAL_CORRESPONDENCE_TEST,GM_RM017,GM_RM017:PV002,identity_specificity_falsification,smoothed_gt,CENTER_TRACKED_BODY,GT_DERIVED_UNSIGNED_BODY,FIXED_REFERENCE,SOURCE_POSITIVE_GT_CONDITIONED_VIEW_GAP10_DIFF5_RELIABILITY_AND_FINITE_COMMON_VALID_PROJECTED_NO_RESELECTION,7af9116724c7a8702700075845d02acd180c1bd14d4b238413ba2ed3adaafc86,b6d69d2fc2beb967335d5bf40cb3cf27037bcb4351ac93dcc74661fba7b87934,58,0,0,0,0,0,NO_ELIGIBLE_PAIRS,,,,,,,,,,,,,,0.847855,0.998711,1.454858,0.133133,25.000000,226.000000,0.021342,0.035293,0.025361,0.065770,0.009403,0.008254,172.065910,0.256504,0.347658,6.929924,4.030629,85.969371,4.030629,85.969371,BODY_LONG_SHORT_AXES,133.000000,209.500000,0.326121,2174.500000,0.315972,0.112946,0.317446,0.095125,0.058061,0.026028,2.791225,0.135313,0.183547,0.144312,0.183547,0.144312,BODY_LONG_SHORT_AXES,CANNY_THIN_EDGE_CONNECTIVITY_PROXY_NOT_MORPHOLOGICAL_SKELETON,TELEA_INPAINT_INVALID_PLUS_ERODE_VALID_6PX,1.000000,1.000000,1.000000,1.000000,PASS:58,45.500000,88.000000,0.006195,PASS,AXIS_ORIENTATION_PLUS_ROTATED_ANISOTROPIC_SUPPORT_FOOTPRINT,EQUAL_WINDOW_DIMENSIONS_GRID_DENSITY_MASK_GRAY;ROTATED_ANISOTROPIC_WINDOWS_SAMPLE_DIFFERENT_SOURCE_PIXELS,directly_reviewed_complete,metrics remain separate; no combined score or parameter selection; rotated-window deltas are not pure coordinate-axis attribution
SWAP-GM_RM017_PV002-AROUND-GM_RM017_PV003,trajectory_swap,IDENTITY_NEGATIVE_CLASS_POSITIVE,NOT_A_TEMPORAL_DIRECTION_TEST,NOT_A_TEMPORAL_CORRESPONDENCE_TEST,GM_RM017,GM_RM017:PV002,identity_specificity_falsification,smoothed_gt,WORLD_FIXED,REPRESENTATION_DEFINED_AXIS,CANDIDATE_LOCAL_REESTIMATED,SOURCE_POSITIVE_GT_CONDITIONED_VIEW_GAP10_DIFF5_RELIABILITY_AND_FINITE_COMMON_VALID_PROJECTED_NO_RESELECTION,7af9116724c7a8702700075845d02acd180c1bd14d4b238413ba2ed3adaafc86,b6d69d2fc2beb967335d5bf40cb3cf27037bcb4351ac93dcc74661fba7b87934,58,0,0,0,0,0,NO_ELIGIBLE_PAIRS,,,,,,,,,,,,,,0.800690,0.999078,1.230529,0.130761,32.000000,359.000000,0.020570,0.031521,0.021599,0.035134,0.005849,0.006838,170.575252,0.225340,0.358369,3.581889,6.544270,83.455730,,,REPRESENTATION_X_Y_AXES_ONLY,217.500000,315.500000,0.284245,3361.500000,0.241163,0.168854,0.240568,0.085181,0.079204,0.000554,2.781935,0.108577,0.176208,0.156698,,,REPRESENTATION_X_Y_AXES_ONLY,CANNY_THIN_EDGE_CONNECTIVITY_PROXY_NOT_MORPHOLOGICAL_SKELETON,TELEA_INPAINT_INVALID_PLUS_ERODE_VALID_6PX,1.000000,1.000000,1.000000,1.000000,PASS:58,45.500000,87.665000,0.010376,PASS,TRACKED_OR_FIXED_CENTER_WITH_GLOBAL_AXES_AND_EQUAL_WINDOW_DIMENSIONS,EQUAL_WINDOW_DIMENSIONS_GRID_DENSITY_MASK_GRAY;ROTATED_ANISOTROPIC_WINDOWS_SAMPLE_DIFFERENT_SOURCE_PIXELS,directly_reviewed_complete,metrics remain separate; no combined score or parameter selection; rotated-window deltas are not pure coordinate-axis attribution
SWAP-GM_RM017_PV002-AROUND-GM_RM017_PV003,trajectory_swap,IDENTITY_NEGATIVE_CLASS_POSITIVE,NOT_A_TEMPORAL_DIRECTION_TEST,NOT_A_TEMPORAL_CORRESPONDENCE_TEST,GM_RM017,GM_RM017:PV002,identity_specificity_falsification,smoothed_gt,CENTER_TRACKED_CARTESIAN,REPRESENTATION_DEFINED_AXIS,CANDIDATE_LOCAL_REESTIMATED,SOURCE_POSITIVE_GT_CONDITIONED_VIEW_GAP10_DIFF5_RELIABILITY_AND_FINITE_COMMON_VALID_PROJECTED_NO_RESELECTION,7af9116724c7a8702700075845d02acd180c1bd14d4b238413ba2ed3adaafc86,b6d69d2fc2beb967335d5bf40cb3cf27037bcb4351ac93dcc74661fba7b87934,58,0,0,0,0,0,NO_ELIGIBLE_PAIRS,,,,,,,,,,,,,,0.849526,0.998543,1.546667,0.144821,35.000000,351.000000,0.015547,0.027480,0.025934,0.026309,0.006692,0.005749,168.123813,0.213643,0.363721,7.349034,5.464264,84.535736,,,REPRESENTATION_X_Y_AXES_ONLY,219.500000,339.500000,0.215768,3794.500000,0.236624,0.187424,0.222375,0.077900,0.033612,-0.002785,2.803495,0.068446,0.166498,0.156554,,,REPRESENTATION_X_Y_AXES_ONLY,CANNY_THIN_EDGE_CONNECTIVITY_PROXY_NOT_MORPHOLOGICAL_SKELETON,TELEA_INPAINT_INVALID_PLUS_ERODE_VALID_6PX,1.000000,1.000000,1.000000,1.000000,PASS:58,45.000000,88.000000,0.010345,PASS,TRACKED_OR_FIXED_CENTER_WITH_GLOBAL_AXES_AND_EQUAL_WINDOW_DIMENSIONS,EQUAL_WINDOW_DIMENSIONS_GRID_DENSITY_MASK_GRAY;ROTATED_ANISOTROPIC_WINDOWS_SAMPLE_DIFFERENT_SOURCE_PIXELS,directly_reviewed_complete,metrics remain separate; no combined score or parameter selection; rotated-window deltas are not pure coordinate-axis attribution
SWAP-GM_RM017_PV002-AROUND-GM_RM017_PV003,trajectory_swap,IDENTITY_NEGATIVE_CLASS_POSITIVE,NOT_A_TEMPORAL_DIRECTION_TEST,NOT_A_TEMPORAL_CORRESPONDENCE_TEST,GM_RM017,GM_RM017:PV002,identity_specificity_falsification,smoothed_gt,CENTER_TRACKED_RADIAL,REPRESENTATION_DEFINED_AXIS,CANDIDATE_LOCAL_REESTIMATED,SOURCE_POSITIVE_GT_CONDITIONED_VIEW_GAP10_DIFF5_RELIABILITY_AND_FINITE_COMMON_VALID_PROJECTED_NO_RESELECTION,7af9116724c7a8702700075845d02acd180c1bd14d4b238413ba2ed3adaafc86,b6d69d2fc2beb967335d5bf40cb3cf27037bcb4351ac93dcc74661fba7b87934,58,0,0,0,0,0,NO_ELIGIBLE_PAIRS,,,,,,,,,,,,,,0.837958,0.995070,2.845797,0.140846,25.000000,334.000000,0.014996,0.030676,0.020846,0.028799,0.006705,0.009238,171.556302,0.211682,0.357334,9.086218,12.336141,77.663859,,,REPRESENTATION_X_Y_AXES_ONLY,217.500000,347.000000,0.207381,3719.500000,0.197028,0.184692,0.188168,0.087198,0.067059,0.012094,2.802615,0.057809,0.172194,0.153087,,,REPRESENTATION_X_Y_AXES_ONLY,CANNY_THIN_EDGE_CONNECTIVITY_PROXY_NOT_MORPHOLOGICAL_SKELETON,TELEA_INPAINT_INVALID_PLUS_ERODE_VALID_6PX,1.000000,1.000000,1.000000,1.000000,PASS:58,45.000000,87.165000,0.010376,PASS,AXIS_ORIENTATION_PLUS_ROTATED_ANISOTROPIC_SUPPORT_FOOTPRINT,EQUAL_WINDOW_DIMENSIONS_GRID_DENSITY_MASK_GRAY;ROTATED_ANISOTROPIC_WINDOWS_SAMPLE_DIFFERENT_SOURCE_PIXELS,directly_reviewed_complete,metrics remain separate; no combined score or parameter selection; rotated-window deltas are not pure coordinate-axis attribution
SWAP-GM_RM017_PV002-AROUND-GM_RM017_PV003,trajectory_swap,IDENTITY_NEGATIVE_CLASS_POSITIVE,NOT_A_TEMPORAL_DIRECTION_TEST,NOT_A_TEMPORAL_CORRESPONDENCE_TEST,GM_RM017,GM_RM017:PV002,identity_specificity_falsification,smoothed_gt,CENTER_TRACKED_BODY,GT_DERIVED_UNSIGNED_BODY,CANDIDATE_LOCAL_REESTIMATED,SOURCE_POSITIVE_GT_CONDITIONED_VIEW_GAP10_DIFF5_RELIABILITY_AND_FINITE_COMMON_VALID_PROJECTED_NO_RESELECTION,7af9116724c7a8702700075845d02acd180c1bd14d4b238413ba2ed3adaafc86,b6d69d2fc2beb967335d5bf40cb3cf27037bcb4351ac93dcc74661fba7b87934,58,0,0,0,0,0,NO_ELIGIBLE_PAIRS,,,,,,,,,,,,,,0.837491,0.998058,1.785476,0.145209,30.000000,298.000000,0.023700,0.022564,0.020441,0.027125,0.006577,0.005836,171.266375,0.213140,0.363239,7.571762,4.931948,85.068052,4.931948,85.068052,BODY_LONG_SHORT_AXES,218.000000,343.000000,0.225421,3714.500000,0.235070,0.185440,0.221825,0.083708,0.034713,-0.006531,2.800958,0.068504,0.169059,0.155886,0.169059,0.155886,BODY_LONG_SHORT_AXES,CANNY_THIN_EDGE_CONNECTIVITY_PROXY_NOT_MORPHOLOGICAL_SKELETON,TELEA_INPAINT_INVALID_PLUS_ERODE_VALID_6PX,1.000000,1.000000,1.000000,1.000000,PASS:58,45.000000,88.000000,0.010330,PASS,AXIS_ORIENTATION_PLUS_ROTATED_ANISOTROPIC_SUPPORT_FOOTPRINT,EQUAL_WINDOW_DIMENSIONS_GRID_DENSITY_MASK_GRAY;ROTATED_ANISOTROPIC_WINDOWS_SAMPLE_DIFFERENT_SOURCE_PIXELS,directly_reviewed_complete,metrics remain separate; no combined score or parameter selection; rotated-window deltas are not pure coordinate-axis attribution
SWAP-GM_RM017_PV003-AROUND-GM_RM017_PV002,trajectory_swap,IDENTITY_NEGATIVE_CLASS_POSITIVE,NOT_A_TEMPORAL_DIRECTION_TEST,NOT_A_TEMPORAL_CORRESPONDENCE_TEST,GM_RM017,GM_RM017:PV003,identity_specificity_falsification,raw_gt,WORLD_FIXED,REPRESENTATION_DEFINED_AXIS,FIXED_REFERENCE,SOURCE_POSITIVE_GT_CONDITIONED_VIEW_GAP10_DIFF5_RELIABILITY_AND_FINITE_COMMON_VALID_PROJECTED_NO_RESELECTION,dea555659746fbdda8c19188f372cb0e24d32061d75e17b0b3e5bc39e425cf75,d247da1a3462a20e40202a46d8895c5e775683db3bb660b70181c7ee50b305d3,58,0,0,0,0,0,NO_ELIGIBLE_PAIRS,,,,,,,,,,,,,,0.762731,0.995818,2.620897,0.150356,31.000000,288.000000,0.023017,0.028696,0.024963,0.053223,0.007427,0.006691,7.839340,0.187330,0.368802,3.544951,7.078913,82.921087,,,REPRESENTATION_X_Y_AXES_ONLY,181.500000,325.500000,0.359533,3095.000000,0.345617,0.156586,0.338540,0.119232,0.080836,-0.096544,2.773478,0.284114,0.176335,0.160495,,,REPRESENTATION_X_Y_AXES_ONLY,CANNY_THIN_EDGE_CONNECTIVITY_PROXY_NOT_MORPHOLOGICAL_SKELETON,TELEA_INPAINT_INVALID_PLUS_ERODE_VALID_6PX,1.000000,1.000000,1.000000,1.000000,PASS:58,45.500000,99.500000,0.020859,PASS,TRACKED_OR_FIXED_CENTER_WITH_GLOBAL_AXES_AND_EQUAL_WINDOW_DIMENSIONS,EQUAL_WINDOW_DIMENSIONS_GRID_DENSITY_MASK_GRAY;ROTATED_ANISOTROPIC_WINDOWS_SAMPLE_DIFFERENT_SOURCE_PIXELS,directly_reviewed_complete,metrics remain separate; no combined score or parameter selection; rotated-window deltas are not pure coordinate-axis attribution
SWAP-GM_RM017_PV003-AROUND-GM_RM017_PV002,trajectory_swap,IDENTITY_NEGATIVE_CLASS_POSITIVE,NOT_A_TEMPORAL_DIRECTION_TEST,NOT_A_TEMPORAL_CORRESPONDENCE_TEST,GM_RM017,GM_RM017:PV003,identity_specificity_falsification,raw_gt,CENTER_TRACKED_CARTESIAN,REPRESENTATION_DEFINED_AXIS,FIXED_REFERENCE,SOURCE_POSITIVE_GT_CONDITIONED_VIEW_GAP10_DIFF5_RELIABILITY_AND_FINITE_COMMON_VALID_PROJECTED_NO_RESELECTION,dea555659746fbdda8c19188f372cb0e24d32061d75e17b0b3e5bc39e425cf75,d247da1a3462a20e40202a46d8895c5e775683db3bb660b70181c7ee50b305d3,58,0,0,0,0,0,NO_ELIGIBLE_PAIRS,,,,,,,,,,,,,,0.779375,0.991552,3.726393,0.140221,26.000000,357.000000,0.014237,0.030522,0.026843,0.041767,0.007114,0.007271,9.460131,0.199845,0.363810,14.382641,19.115367,70.884633,,,REPRESENTATION_X_Y_AXES_ONLY,187.000000,290.500000,0.292930,3153.500000,0.236465,0.156662,0.245091,0.094817,0.116075,-0.054099,2.791076,0.304245,0.172586,0.159957,,,REPRESENTATION_X_Y_AXES_ONLY,CANNY_THIN_EDGE_CONNECTIVITY_PROXY_NOT_MORPHOLOGICAL_SKELETON,TELEA_INPAINT_INVALID_PLUS_ERODE_VALID_6PX,1.000000,1.000000,1.000000,1.000000,PASS:58,45.500000,90.000000,0.013580,PASS,TRACKED_OR_FIXED_CENTER_WITH_GLOBAL_AXES_AND_EQUAL_WINDOW_DIMENSIONS,EQUAL_WINDOW_DIMENSIONS_GRID_DENSITY_MASK_GRAY;ROTATED_ANISOTROPIC_WINDOWS_SAMPLE_DIFFERENT_SOURCE_PIXELS,directly_reviewed_complete,metrics remain separate; no combined score or parameter selection; rotated-window deltas are not pure coordinate-axis attribution
SWAP-GM_RM017_PV003-AROUND-GM_RM017_PV002,trajectory_swap,IDENTITY_NEGATIVE_CLASS_POSITIVE,NOT_A_TEMPORAL_DIRECTION_TEST,NOT_A_TEMPORAL_CORRESPONDENCE_TEST,GM_RM017,GM_RM017:PV003,identity_specificity_falsification,raw_gt,CENTER_TRACKED_RADIAL,REPRESENTATION_DEFINED_AXIS,FIXED_REFERENCE,SOURCE_POSITIVE_GT_CONDITIONED_VIEW_GAP10_DIFF5_RELIABILITY_AND_FINITE_COMMON_VALID_PROJECTED_NO_RESELECTION,dea555659746fbdda8c19188f372cb0e24d32061d75e17b0b3e5bc39e425cf75,d247da1a3462a20e40202a46d8895c5e775683db3bb660b70181c7ee50b305d3,58,0,0,0,0,0,NO_ELIGIBLE_PAIRS,,,,,,,,,,,,,,0.752288,0.993248,3.331061,0.140621,37.000000,377.000000,0.017506,0.042409,0.029395,0.053834,0.008072,0.006724,1.947766,0.191954,0.355113,8.263776,8.448357,81.551643,,,REPRESENTATION_X_Y_AXES_ONLY,184.500000,295.000000,0.289631,2963.500000,0.233861,0.149094,0.241256,0.104603,0.058743,0.016106,2.793308,0.229569,0.173127,0.153809,,,REPRESENTATION_X_Y_AXES_ONLY,CANNY_THIN_EDGE_CONNECTIVITY_PROXY_NOT_MORPHOLOGICAL_SKELETON,TELEA_INPAINT_INVALID_PLUS_ERODE_VALID_6PX,1.000000,1.000000,1.000000,1.000000,PASS:58,45.500000,88.000000,0.011688,PASS,AXIS_ORIENTATION_PLUS_ROTATED_ANISOTROPIC_SUPPORT_FOOTPRINT,EQUAL_WINDOW_DIMENSIONS_GRID_DENSITY_MASK_GRAY;ROTATED_ANISOTROPIC_WINDOWS_SAMPLE_DIFFERENT_SOURCE_PIXELS,directly_reviewed_complete,metrics remain separate; no combined score or parameter selection; rotated-window deltas are not pure coordinate-axis attribution
SWAP-GM_RM017_PV003-AROUND-GM_RM017_PV002,trajectory_swap,IDENTITY_NEGATIVE_CLASS_POSITIVE,NOT_A_TEMPORAL_DIRECTION_TEST,NOT_A_TEMPORAL_CORRESPONDENCE_TEST,GM_RM017,GM_RM017:PV003,identity_specificity_falsification,raw_gt,CENTER_TRACKED_BODY,GT_DERIVED_UNSIGNED_BODY,FIXED_REFERENCE,SOURCE_POSITIVE_GT_CONDITIONED_VIEW_GAP10_DIFF5_RELIABILITY_AND_FINITE_COMMON_VALID_PROJECTED_NO_RESELECTION,dea555659746fbdda8c19188f372cb0e24d32061d75e17b0b3e5bc39e425cf75,d247da1a3462a20e40202a46d8895c5e775683db3bb660b70181c7ee50b305d3,58,0,0,0,0,0,NO_ELIGIBLE_PAIRS,,,,,,,,,,,,,,0.734112,0.991602,3.715425,0.137094,31.000000,352.000000,0.019273,0.031609,0.025516,0.035994,0.007759,0.008816,14.399554,0.205947,0.361547,15.825997,23.877271,66.122729,23.877271,66.122729,BODY_LONG_SHORT_AXES,184.000000,295.000000,0.300092,3108.000000,0.246926,0.154968,0.254048,0.095457,0.136390,-0.035852,2.792979,0.342810,0.169273,0.160254,0.169273,0.160254,BODY_LONG_SHORT_AXES,CANNY_THIN_EDGE_CONNECTIVITY_PROXY_NOT_MORPHOLOGICAL_SKELETON,TELEA_INPAINT_INVALID_PLUS_ERODE_VALID_6PX,1.000000,1.000000,1.000000,1.000000,PASS:58,45.500000,91.000000,0.014389,PASS,AXIS_ORIENTATION_PLUS_ROTATED_ANISOTROPIC_SUPPORT_FOOTPRINT,EQUAL_WINDOW_DIMENSIONS_GRID_DENSITY_MASK_GRAY;ROTATED_ANISOTROPIC_WINDOWS_SAMPLE_DIFFERENT_SOURCE_PIXELS,directly_reviewed_complete,metrics remain separate; no combined score or parameter selection; rotated-window deltas are not pure coordinate-axis attribution
SWAP-GM_RM017_PV003-AROUND-GM_RM017_PV002,trajectory_swap,IDENTITY_NEGATIVE_CLASS_POSITIVE,NOT_A_TEMPORAL_DIRECTION_TEST,NOT_A_TEMPORAL_CORRESPONDENCE_TEST,GM_RM017,GM_RM017:PV003,identity_specificity_falsification,raw_gt,WORLD_FIXED,REPRESENTATION_DEFINED_AXIS,CANDIDATE_LOCAL_REESTIMATED,SOURCE_POSITIVE_GT_CONDITIONED_VIEW_GAP10_DIFF5_RELIABILITY_AND_FINITE_COMMON_VALID_PROJECTED_NO_RESELECTION,dea555659746fbdda8c19188f372cb0e24d32061d75e17b0b3e5bc39e425cf75,d247da1a3462a20e40202a46d8895c5e775683db3bb660b70181c7ee50b305d3,58,0,0,0,0,0,NO_ELIGIBLE_PAIRS,,,,,,,,,,,,,,0.773485,0.996617,2.357034,0.147792,18.000000,158.000000,0.018282,0.029511,0.024251,0.030762,0.007438,0.006803,7.057609,0.207845,0.366138,3.146557,5.701059,84.298941,,,REPRESENTATION_X_Y_AXES_ONLY,164.000000,290.500000,0.160483,2994.500000,0.155611,0.149872,0.144815,0.114964,0.092228,-0.106965,2.779563,0.345102,0.181294,0.157072,,,REPRESENTATION_X_Y_AXES_ONLY,CANNY_THIN_EDGE_CONNECTIVITY_PROXY_NOT_MORPHOLOGICAL_SKELETON,TELEA_INPAINT_INVALID_PLUS_ERODE_VALID_6PX,1.000000,1.000000,1.000000,1.000000,PASS:58,45.500000,99.500000,0.010269,PASS,TRACKED_OR_FIXED_CENTER_WITH_GLOBAL_AXES_AND_EQUAL_WINDOW_DIMENSIONS,EQUAL_WINDOW_DIMENSIONS_GRID_DENSITY_MASK_GRAY;ROTATED_ANISOTROPIC_WINDOWS_SAMPLE_DIFFERENT_SOURCE_PIXELS,directly_reviewed_complete,metrics remain separate; no combined score or parameter selection; rotated-window deltas are not pure coordinate-axis attribution
SWAP-GM_RM017_PV003-AROUND-GM_RM017_PV002,trajectory_swap,IDENTITY_NEGATIVE_CLASS_POSITIVE,NOT_A_TEMPORAL_DIRECTION_TEST,NOT_A_TEMPORAL_CORRESPONDENCE_TEST,GM_RM017,GM_RM017:PV003,identity_specificity_falsification,raw_gt,CENTER_TRACKED_CARTESIAN,REPRESENTATION_DEFINED_AXIS,CANDIDATE_LOCAL_REESTIMATED,SOURCE_POSITIVE_GT_CONDITIONED_VIEW_GAP10_DIFF5_RELIABILITY_AND_FINITE_COMMON_VALID_PROJECTED_NO_RESELECTION,dea555659746fbdda8c19188f372cb0e24d32061d75e17b0b3e5bc39e425cf75,d247da1a3462a20e40202a46d8895c5e775683db3bb660b70181c7ee50b305d3,58,0,0,0,0,0,NO_ELIGIBLE_PAIRS,,,,,,,,,,,,,,0.780420,0.992053,3.614043,0.141610,20.000000,203.000000,0.012078,0.027105,0.018420,0.036155,0.007682,0.009256,9.674980,0.207937,0.363999,14.460655,17.296362,72.703638,,,REPRESENTATION_X_Y_AXES_ONLY,173.000000,300.500000,0.183121,3120.500000,0.174839,0.157379,0.169480,0.095406,0.134614,-0.047521,2.794875,0.259934,0.172071,0.158693,,,REPRESENTATION_X_Y_AXES_ONLY,CANNY_THIN_EDGE_CONNECTIVITY_PROXY_NOT_MORPHOLOGICAL_SKELETON,TELEA_INPAINT_INVALID_PLUS_ERODE_VALID_6PX,1.000000,1.000000,1.000000,1.000000,PASS:58,45.000000,90.000000,0.010284,PASS,TRACKED_OR_FIXED_CENTER_WITH_GLOBAL_AXES_AND_EQUAL_WINDOW_DIMENSIONS,EQUAL_WINDOW_DIMENSIONS_GRID_DENSITY_MASK_GRAY;ROTATED_ANISOTROPIC_WINDOWS_SAMPLE_DIFFERENT_SOURCE_PIXELS,directly_reviewed_complete,metrics remain separate; no combined score or parameter selection; rotated-window deltas are not pure coordinate-axis attribution
SWAP-GM_RM017_PV003-AROUND-GM_RM017_PV002,trajectory_swap,IDENTITY_NEGATIVE_CLASS_POSITIVE,NOT_A_TEMPORAL_DIRECTION_TEST,NOT_A_TEMPORAL_CORRESPONDENCE_TEST,GM_RM017,GM_RM017:PV003,identity_specificity_falsification,raw_gt,CENTER_TRACKED_RADIAL,REPRESENTATION_DEFINED_AXIS,CANDIDATE_LOCAL_REESTIMATED,SOURCE_POSITIVE_GT_CONDITIONED_VIEW_GAP10_DIFF5_RELIABILITY_AND_FINITE_COMMON_VALID_PROJECTED_NO_RESELECTION,dea555659746fbdda8c19188f372cb0e24d32061d75e17b0b3e5bc39e425cf75,d247da1a3462a20e40202a46d8895c5e775683db3bb660b70181c7ee50b305d3,58,0,0,0,0,0,NO_ELIGIBLE_PAIRS,,,,,,,,,,,,,,0.757431,0.992995,3.392756,0.141596,27.000000,270.000000,0.016232,0.040393,0.023296,0.039122,0.007368,0.006513,2.236618,0.194618,0.356861,7.302389,8.363546,81.636454,,,REPRESENTATION_X_Y_AXES_ONLY,179.000000,309.500000,0.163829,3140.000000,0.163108,0.156143,0.157624,0.089131,0.082696,0.017341,2.794755,0.217745,0.173736,0.154895,,,REPRESENTATION_X_Y_AXES_ONLY,CANNY_THIN_EDGE_CONNECTIVITY_PROXY_NOT_MORPHOLOGICAL_SKELETON,TELEA_INPAINT_INVALID_PLUS_ERODE_VALID_6PX,1.000000,1.000000,1.000000,1.000000,PASS:58,45.500000,88.000000,0.010284,PASS,AXIS_ORIENTATION_PLUS_ROTATED_ANISOTROPIC_SUPPORT_FOOTPRINT,EQUAL_WINDOW_DIMENSIONS_GRID_DENSITY_MASK_GRAY;ROTATED_ANISOTROPIC_WINDOWS_SAMPLE_DIFFERENT_SOURCE_PIXELS,directly_reviewed_complete,metrics remain separate; no combined score or parameter selection; rotated-window deltas are not pure coordinate-axis attribution
SWAP-GM_RM017_PV003-AROUND-GM_RM017_PV002,trajectory_swap,IDENTITY_NEGATIVE_CLASS_POSITIVE,NOT_A_TEMPORAL_DIRECTION_TEST,NOT_A_TEMPORAL_CORRESPONDENCE_TEST,GM_RM017,GM_RM017:PV003,identity_specificity_falsification,raw_gt,CENTER_TRACKED_BODY,GT_DERIVED_UNSIGNED_BODY,CANDIDATE_LOCAL_REESTIMATED,SOURCE_POSITIVE_GT_CONDITIONED_VIEW_GAP10_DIFF5_RELIABILITY_AND_FINITE_COMMON_VALID_PROJECTED_NO_RESELECTION,dea555659746fbdda8c19188f372cb0e24d32061d75e17b0b3e5bc39e425cf75,d247da1a3462a20e40202a46d8895c5e775683db3bb660b70181c7ee50b305d3,58,0,0,0,0,0,NO_ELIGIBLE_PAIRS,,,,,,,,,,,,,,0.734174,0.993311,3.315378,0.141354,24.000000,168.000000,0.015459,0.035001,0.015828,0.041853,0.007962,0.007089,14.501780,0.210064,0.361008,16.666219,21.841492,68.158508,21.841492,68.158508,BODY_LONG_SHORT_AXES,168.500000,287.500000,0.195679,3047.000000,0.176238,0.153320,0.175357,0.083244,0.151087,-0.028909,2.801487,0.276619,0.168859,0.161429,0.168859,0.161429,BODY_LONG_SHORT_AXES,CANNY_THIN_EDGE_CONNECTIVITY_PROXY_NOT_MORPHOLOGICAL_SKELETON,TELEA_INPAINT_INVALID_PLUS_ERODE_VALID_6PX,1.000000,1.000000,1.000000,1.000000,PASS:58,44.500000,91.000000,0.010284,PASS,AXIS_ORIENTATION_PLUS_ROTATED_ANISOTROPIC_SUPPORT_FOOTPRINT,EQUAL_WINDOW_DIMENSIONS_GRID_DENSITY_MASK_GRAY;ROTATED_ANISOTROPIC_WINDOWS_SAMPLE_DIFFERENT_SOURCE_PIXELS,directly_reviewed_complete,metrics remain separate; no combined score or parameter selection; rotated-window deltas are not pure coordinate-axis attribution
SWAP-GM_RM017_PV003-AROUND-GM_RM017_PV002,trajectory_swap,IDENTITY_NEGATIVE_CLASS_POSITIVE,NOT_A_TEMPORAL_DIRECTION_TEST,NOT_A_TEMPORAL_CORRESPONDENCE_TEST,GM_RM017,GM_RM017:PV003,identity_specificity_falsification,smoothed_gt,WORLD_FIXED,REPRESENTATION_DEFINED_AXIS,FIXED_REFERENCE,SOURCE_POSITIVE_GT_CONDITIONED_VIEW_GAP10_DIFF5_RELIABILITY_AND_FINITE_COMMON_VALID_PROJECTED_NO_RESELECTION,7ddc0ea2c9debdb67c200ac1d3fff6fb41d7b648112b792b0937af117df73db0,fca021792bb62c93ea3c80488e6a6d245e622b257e593bdafa428aeab1f4df9a,58,0,0,0,0,0,NO_ELIGIBLE_PAIRS,,,,,,,,,,,,,,0.762731,0.995818,2.620897,0.150356,31.000000,288.000000,0.023017,0.028696,0.024963,0.053223,0.007427,0.006691,7.839340,0.187330,0.368802,3.544951,7.078913,82.921087,,,REPRESENTATION_X_Y_AXES_ONLY,181.500000,325.500000,0.359533,3095.000000,0.345617,0.156586,0.338540,0.119232,0.080836,-0.096544,2.773478,0.284114,0.176335,0.160495,,,REPRESENTATION_X_Y_AXES_ONLY,CANNY_THIN_EDGE_CONNECTIVITY_PROXY_NOT_MORPHOLOGICAL_SKELETON,TELEA_INPAINT_INVALID_PLUS_ERODE_VALID_6PX,1.000000,1.000000,1.000000,1.000000,PASS:58,45.500000,99.500000,0.020859,PASS,TRACKED_OR_FIXED_CENTER_WITH_GLOBAL_AXES_AND_EQUAL_WINDOW_DIMENSIONS,EQUAL_WINDOW_DIMENSIONS_GRID_DENSITY_MASK_GRAY;ROTATED_ANISOTROPIC_WINDOWS_SAMPLE_DIFFERENT_SOURCE_PIXELS,directly_reviewed_complete,metrics remain separate; no combined score or parameter selection; rotated-window deltas are not pure coordinate-axis attribution
SWAP-GM_RM017_PV003-AROUND-GM_RM017_PV002,trajectory_swap,IDENTITY_NEGATIVE_CLASS_POSITIVE,NOT_A_TEMPORAL_DIRECTION_TEST,NOT_A_TEMPORAL_CORRESPONDENCE_TEST,GM_RM017,GM_RM017:PV003,identity_specificity_falsification,smoothed_gt,CENTER_TRACKED_CARTESIAN,REPRESENTATION_DEFINED_AXIS,FIXED_REFERENCE,SOURCE_POSITIVE_GT_CONDITIONED_VIEW_GAP10_DIFF5_RELIABILITY_AND_FINITE_COMMON_VALID_PROJECTED_NO_RESELECTION,7ddc0ea2c9debdb67c200ac1d3fff6fb41d7b648112b792b0937af117df73db0,fca021792bb62c93ea3c80488e6a6d245e622b257e593bdafa428aeab1f4df9a,58,0,0,0,0,0,NO_ELIGIBLE_PAIRS,,,,,,,,,,,,,,0.861218,0.992461,3.520034,0.151774,32.000000,366.000000,0.020343,0.031689,0.027098,0.046663,0.006544,0.005408,9.419329,0.200696,0.363339,14.608811,18.421170,71.578830,,,REPRESENTATION_X_Y_AXES_ONLY,185.000000,296.000000,0.292948,3134.500000,0.233482,0.158249,0.243866,0.090121,0.116925,-0.056079,2.799354,0.303151,0.171121,0.159713,,,REPRESENTATION_X_Y_AXES_ONLY,CANNY_THIN_EDGE_CONNECTIVITY_PROXY_NOT_MORPHOLOGICAL_SKELETON,TELEA_INPAINT_INVALID_PLUS_ERODE_VALID_6PX,1.000000,1.000000,1.000000,1.000000,PASS:58,45.500000,90.000000,0.013412,PASS,TRACKED_OR_FIXED_CENTER_WITH_GLOBAL_AXES_AND_EQUAL_WINDOW_DIMENSIONS,EQUAL_WINDOW_DIMENSIONS_GRID_DENSITY_MASK_GRAY;ROTATED_ANISOTROPIC_WINDOWS_SAMPLE_DIFFERENT_SOURCE_PIXELS,directly_reviewed_complete,metrics remain separate; no combined score or parameter selection; rotated-window deltas are not pure coordinate-axis attribution
SWAP-GM_RM017_PV003-AROUND-GM_RM017_PV002,trajectory_swap,IDENTITY_NEGATIVE_CLASS_POSITIVE,NOT_A_TEMPORAL_DIRECTION_TEST,NOT_A_TEMPORAL_CORRESPONDENCE_TEST,GM_RM017,GM_RM017:PV003,identity_specificity_falsification,smoothed_gt,CENTER_TRACKED_RADIAL,REPRESENTATION_DEFINED_AXIS,FIXED_REFERENCE,SOURCE_POSITIVE_GT_CONDITIONED_VIEW_GAP10_DIFF5_RELIABILITY_AND_FINITE_COMMON_VALID_PROJECTED_NO_RESELECTION,7ddc0ea2c9debdb67c200ac1d3fff6fb41d7b648112b792b0937af117df73db0,fca021792bb62c93ea3c80488e6a6d245e622b257e593bdafa428aeab1f4df9a,58,0,0,0,0,0,NO_ELIGIBLE_PAIRS,,,,,,,,,,,,,,0.822574,0.992367,3.541971,0.146585,40.000000,341.000000,0.015832,0.041294,0.023297,0.051818,0.008651,0.007628,1.780962,0.192685,0.355449,8.924881,8.558958,81.441042,,,REPRESENTATION_X_Y_AXES_ONLY,186.500000,295.000000,0.291626,2994.000000,0.230382,0.150040,0.240121,0.097606,0.060156,0.007344,2.791943,0.233532,0.175260,0.153949,,,REPRESENTATION_X_Y_AXES_ONLY,CANNY_THIN_EDGE_CONNECTIVITY_PROXY_NOT_MORPHOLOGICAL_SKELETON,TELEA_INPAINT_INVALID_PLUS_ERODE_VALID_6PX,1.000000,1.000000,1.000000,1.000000,PASS:58,45.500000,87.000000,0.011581,PASS,AXIS_ORIENTATION_PLUS_ROTATED_ANISOTROPIC_SUPPORT_FOOTPRINT,EQUAL_WINDOW_DIMENSIONS_GRID_DENSITY_MASK_GRAY;ROTATED_ANISOTROPIC_WINDOWS_SAMPLE_DIFFERENT_SOURCE_PIXELS,directly_reviewed_complete,metrics remain separate; no combined score or parameter selection; rotated-window deltas are not pure coordinate-axis attribution
SWAP-GM_RM017_PV003-AROUND-GM_RM017_PV002,trajectory_swap,IDENTITY_NEGATIVE_CLASS_POSITIVE,NOT_A_TEMPORAL_DIRECTION_TEST,NOT_A_TEMPORAL_CORRESPONDENCE_TEST,GM_RM017,GM_RM017:PV003,identity_specificity_falsification,smoothed_gt,CENTER_TRACKED_BODY,GT_DERIVED_UNSIGNED_BODY,FIXED_REFERENCE,SOURCE_POSITIVE_GT_CONDITIONED_VIEW_GAP10_DIFF5_RELIABILITY_AND_FINITE_COMMON_VALID_PROJECTED_NO_RESELECTION,7ddc0ea2c9debdb67c200ac1d3fff6fb41d7b648112b792b0937af117df73db0,fca021792bb62c93ea3c80488e6a6d245e622b257e593bdafa428aeab1f4df9a,58,0,0,0,0,0,NO_ELIGIBLE_PAIRS,,,,,,,,,,,,,,0.853012,0.995595,2.689912,0.148944,33.000000,314.000000,0.015768,0.031226,0.031586,0.044562,0.007353,0.007715,14.506486,0.205101,0.362507,15.587204,23.961926,66.038074,23.961926,66.038074,BODY_LONG_SHORT_AXES,179.000000,290.500000,0.303749,3045.000000,0.248071,0.153961,0.258353,0.094835,0.137647,-0.034977,2.791365,0.336035,0.170621,0.160596,0.170621,0.160596,BODY_LONG_SHORT_AXES,CANNY_THIN_EDGE_CONNECTIVITY_PROXY_NOT_MORPHOLOGICAL_SKELETON,TELEA_INPAINT_INVALID_PLUS_ERODE_VALID_6PX,1.000000,1.000000,1.000000,1.000000,PASS:58,45.500000,91.000000,0.014542,PASS,AXIS_ORIENTATION_PLUS_ROTATED_ANISOTROPIC_SUPPORT_FOOTPRINT,EQUAL_WINDOW_DIMENSIONS_GRID_DENSITY_MASK_GRAY;ROTATED_ANISOTROPIC_WINDOWS_SAMPLE_DIFFERENT_SOURCE_PIXELS,directly_reviewed_complete,metrics remain separate; no combined score or parameter selection; rotated-window deltas are not pure coordinate-axis attribution
SWAP-GM_RM017_PV003-AROUND-GM_RM017_PV002,trajectory_swap,IDENTITY_NEGATIVE_CLASS_POSITIVE,NOT_A_TEMPORAL_DIRECTION_TEST,NOT_A_TEMPORAL_CORRESPONDENCE_TEST,GM_RM017,GM_RM017:PV003,identity_specificity_falsification,smoothed_gt,WORLD_FIXED,REPRESENTATION_DEFINED_AXIS,CANDIDATE_LOCAL_REESTIMATED,SOURCE_POSITIVE_GT_CONDITIONED_VIEW_GAP10_DIFF5_RELIABILITY_AND_FINITE_COMMON_VALID_PROJECTED_NO_RESELECTION,7ddc0ea2c9debdb67c200ac1d3fff6fb41d7b648112b792b0937af117df73db0,fca021792bb62c93ea3c80488e6a6d245e622b257e593bdafa428aeab1f4df9a,58,0,0,0,0,0,NO_ELIGIBLE_PAIRS,,,,,,,,,,,,,,0.773485,0.996617,2.357034,0.147792,18.000000,158.000000,0.018282,0.029511,0.024251,0.030762,0.007438,0.006803,7.057609,0.207845,0.366138,3.146557,5.701059,84.298941,,,REPRESENTATION_X_Y_AXES_ONLY,164.000000,290.500000,0.160483,2994.500000,0.155611,0.149872,0.144815,0.114964,0.092228,-0.106965,2.779563,0.345102,0.181294,0.157072,,,REPRESENTATION_X_Y_AXES_ONLY,CANNY_THIN_EDGE_CONNECTIVITY_PROXY_NOT_MORPHOLOGICAL_SKELETON,TELEA_INPAINT_INVALID_PLUS_ERODE_VALID_6PX,1.000000,1.000000,1.000000,1.000000,PASS:58,45.500000,99.500000,0.010269,PASS,TRACKED_OR_FIXED_CENTER_WITH_GLOBAL_AXES_AND_EQUAL_WINDOW_DIMENSIONS,EQUAL_WINDOW_DIMENSIONS_GRID_DENSITY_MASK_GRAY;ROTATED_ANISOTROPIC_WINDOWS_SAMPLE_DIFFERENT_SOURCE_PIXELS,directly_reviewed_complete,metrics remain separate; no combined score or parameter selection; rotated-window deltas are not pure coordinate-axis attribution
SWAP-GM_RM017_PV003-AROUND-GM_RM017_PV002,trajectory_swap,IDENTITY_NEGATIVE_CLASS_POSITIVE,NOT_A_TEMPORAL_DIRECTION_TEST,NOT_A_TEMPORAL_CORRESPONDENCE_TEST,GM_RM017,GM_RM017:PV003,identity_specificity_falsification,smoothed_gt,CENTER_TRACKED_CARTESIAN,REPRESENTATION_DEFINED_AXIS,CANDIDATE_LOCAL_REESTIMATED,SOURCE_POSITIVE_GT_CONDITIONED_VIEW_GAP10_DIFF5_RELIABILITY_AND_FINITE_COMMON_VALID_PROJECTED_NO_RESELECTION,7ddc0ea2c9debdb67c200ac1d3fff6fb41d7b648112b792b0937af117df73db0,fca021792bb62c93ea3c80488e6a6d245e622b257e593bdafa428aeab1f4df9a,58,0,0,0,0,0,NO_ELIGIBLE_PAIRS,,,,,,,,,,,,,,0.864848,0.993474,3.274669,0.153449,25.000000,234.000000,0.016828,0.023663,0.027153,0.039260,0.009065,0.007093,9.625991,0.207655,0.362314,14.741092,17.209103,72.790897,,,REPRESENTATION_X_Y_AXES_ONLY,169.500000,299.000000,0.166309,3097.500000,0.176119,0.157364,0.167615,0.096246,0.132892,-0.047795,2.791821,0.266740,0.172395,0.157722,,,REPRESENTATION_X_Y_AXES_ONLY,CANNY_THIN_EDGE_CONNECTIVITY_PROXY_NOT_MORPHOLOGICAL_SKELETON,TELEA_INPAINT_INVALID_PLUS_ERODE_VALID_6PX,1.000000,1.000000,1.000000,1.000000,PASS:58,45.500000,90.000000,0.010315,PASS,TRACKED_OR_FIXED_CENTER_WITH_GLOBAL_AXES_AND_EQUAL_WINDOW_DIMENSIONS,EQUAL_WINDOW_DIMENSIONS_GRID_DENSITY_MASK_GRAY;ROTATED_ANISOTROPIC_WINDOWS_SAMPLE_DIFFERENT_SOURCE_PIXELS,directly_reviewed_complete,metrics remain separate; no combined score or parameter selection; rotated-window deltas are not pure coordinate-axis attribution
SWAP-GM_RM017_PV003-AROUND-GM_RM017_PV002,trajectory_swap,IDENTITY_NEGATIVE_CLASS_POSITIVE,NOT_A_TEMPORAL_DIRECTION_TEST,NOT_A_TEMPORAL_CORRESPONDENCE_TEST,GM_RM017,GM_RM017:PV003,identity_specificity_falsification,smoothed_gt,CENTER_TRACKED_RADIAL,REPRESENTATION_DEFINED_AXIS,CANDIDATE_LOCAL_REESTIMATED,SOURCE_POSITIVE_GT_CONDITIONED_VIEW_GAP10_DIFF5_RELIABILITY_AND_FINITE_COMMON_VALID_PROJECTED_NO_RESELECTION,7ddc0ea2c9debdb67c200ac1d3fff6fb41d7b648112b792b0937af117df73db0,fca021792bb62c93ea3c80488e6a6d245e622b257e593bdafa428aeab1f4df9a,58,0,0,0,0,0,NO_ELIGIBLE_PAIRS,,,,,,,,,,,,,,0.830936,0.993742,3.206766,0.147973,25.000000,278.000000,0.015894,0.040164,0.023288,0.037565,0.007573,0.007833,2.117205,0.198346,0.355485,7.848855,8.803016,81.196984,,,REPRESENTATION_X_Y_AXES_ONLY,172.500000,308.000000,0.168371,3127.500000,0.160473,0.158096,0.156410,0.097749,0.078300,0.018254,2.802637,0.220563,0.174916,0.155203,,,REPRESENTATION_X_Y_AXES_ONLY,CANNY_THIN_EDGE_CONNECTIVITY_PROXY_NOT_MORPHOLOGICAL_SKELETON,TELEA_INPAINT_INVALID_PLUS_ERODE_VALID_6PX,1.000000,1.000000,1.000000,1.000000,PASS:58,45.500000,87.000000,0.010284,PASS,AXIS_ORIENTATION_PLUS_ROTATED_ANISOTROPIC_SUPPORT_FOOTPRINT,EQUAL_WINDOW_DIMENSIONS_GRID_DENSITY_MASK_GRAY;ROTATED_ANISOTROPIC_WINDOWS_SAMPLE_DIFFERENT_SOURCE_PIXELS,directly_reviewed_complete,metrics remain separate; no combined score or parameter selection; rotated-window deltas are not pure coordinate-axis attribution
SWAP-GM_RM017_PV003-AROUND-GM_RM017_PV002,trajectory_swap,IDENTITY_NEGATIVE_CLASS_POSITIVE,NOT_A_TEMPORAL_DIRECTION_TEST,NOT_A_TEMPORAL_CORRESPONDENCE_TEST,GM_RM017,GM_RM017:PV003,identity_specificity_falsification,smoothed_gt,CENTER_TRACKED_BODY,GT_DERIVED_UNSIGNED_BODY,CANDIDATE_LOCAL_REESTIMATED,SOURCE_POSITIVE_GT_CONDITIONED_VIEW_GAP10_DIFF5_RELIABILITY_AND_FINITE_COMMON_VALID_PROJECTED_NO_RESELECTION,7ddc0ea2c9debdb67c200ac1d3fff6fb41d7b648112b792b0937af117df73db0,fca021792bb62c93ea3c80488e6a6d245e622b257e593bdafa428aeab1f4df9a,58,0,0,0,0,0,NO_ELIGIBLE_PAIRS,,,,,,,,,,,,,,0.849342,0.993934,3.157072,0.150463,28.000000,301.000000,0.017301,0.026148,0.024429,0.051417,0.005617,0.006277,14.594589,0.214605,0.364167,16.605171,21.459411,68.540589,21.459411,68.540589,BODY_LONG_SHORT_AXES,168.500000,306.000000,0.176488,3106.000000,0.180929,0.156845,0.173992,0.091174,0.142065,-0.029782,2.798198,0.273449,0.170433,0.161708,0.170433,0.161708,BODY_LONG_SHORT_AXES,CANNY_THIN_EDGE_CONNECTIVITY_PROXY_NOT_MORPHOLOGICAL_SKELETON,TELEA_INPAINT_INVALID_PLUS_ERODE_VALID_6PX,1.000000,1.000000,1.000000,1.000000,PASS:58,44.500000,91.000000,0.010376,PASS,AXIS_ORIENTATION_PLUS_ROTATED_ANISOTROPIC_SUPPORT_FOOTPRINT,EQUAL_WINDOW_DIMENSIONS_GRID_DENSITY_MASK_GRAY;ROTATED_ANISOTROPIC_WINDOWS_SAMPLE_DIFFERENT_SOURCE_PIXELS,directly_reviewed_complete,metrics remain separate; no combined score or parameter selection; rotated-window deltas are not pure coordinate-axis attribution
CLASS-NEGATIVE-S1L-BG-0010,background_counterfactual,VEHICLE_CLASS_NEGATIVE,NOT_A_TEMPORAL_DIRECTION_TEST,NOT_A_TEMPORAL_CORRESPONDENCE_TEST,GM_RM017,GM_RM017:PV002,vehicle_class_falsification,raw_gt,WORLD_FIXED,REPRESENTATION_DEFINED_AXIS,FIXED_REFERENCE,SOURCE_POSITIVE_GT_CONDITIONED_VIEW_GAP10_DIFF5_RELIABILITY_AND_FINITE_COMMON_VALID_PROJECTED_NO_RESELECTION,369267f7470fa21a7f75d20a878c2056eb190faf3a9bb522937c013f7db00e6c,fe00de604990c155fd9239e7643555cbea5f31d71699c09b0b1408e1f8bbf821,65,8,8,11,3,3,PAIR_COUNT_GT4_SHARED_FRAME_REPEATED_EVIDENCE,0.417216,0.992878,3.398053,0.062083,57.000000,745.500000,0.037897,0.220155,0.023863,0.079450,0.012702,0.020638,1.000000,0.735184,0.999276,1.090176,0.116898,24.000000,356.000000,0.025410,0.047736,0.024669,0.046575,0.012653,0.008801,5.601615,0.414794,0.351388,2.810002,6.304692,83.695308,,,REPRESENTATION_X_Y_AXES_ONLY,149.000000,204.000000,0.378259,2525.000000,0.344970,0.127747,0.332171,0.107511,-0.035951,-0.001115,2.796559,0.170568,0.204545,0.138112,,,REPRESENTATION_X_Y_AXES_ONLY,CANNY_THIN_EDGE_CONNECTIVITY_PROXY_NOT_MORPHOLOGICAL_SKELETON,TELEA_INPAINT_INVALID_PLUS_ERODE_VALID_6PX,1.000000,1.000000,1.000000,1.000000,PASS:65,44.000000,77.000000,0.003937,PASS,TRACKED_OR_FIXED_CENTER_WITH_GLOBAL_AXES_AND_EQUAL_WINDOW_DIMENSIONS,EQUAL_WINDOW_DIMENSIONS_GRID_DENSITY_MASK_GRAY;ROTATED_ANISOTROPIC_WINDOWS_SAMPLE_DIFFERENT_SOURCE_PIXELS,directly_reviewed_complete,metrics remain separate; no combined score or parameter selection; rotated-window deltas are not pure coordinate-axis attribution
CLASS-NEGATIVE-S1L-BG-0010,background_counterfactual,VEHICLE_CLASS_NEGATIVE,NOT_A_TEMPORAL_DIRECTION_TEST,NOT_A_TEMPORAL_CORRESPONDENCE_TEST,GM_RM017,GM_RM017:PV002,vehicle_class_falsification,raw_gt,CENTER_TRACKED_CARTESIAN,REPRESENTATION_DEFINED_AXIS,FIXED_REFERENCE,SOURCE_POSITIVE_GT_CONDITIONED_VIEW_GAP10_DIFF5_RELIABILITY_AND_FINITE_COMMON_VALID_PROJECTED_NO_RESELECTION,369267f7470fa21a7f75d20a878c2056eb190faf3a9bb522937c013f7db00e6c,fe00de604990c155fd9239e7643555cbea5f31d71699c09b0b1408e1f8bbf821,65,8,8,11,3,3,PAIR_COUNT_GT4_SHARED_FRAME_REPEATED_EVIDENCE,0.022916,0.850990,15.711771,0.071914,49.000000,334.000000,0.008618,0.184421,0.027369,0.048702,0.020468,0.011504,1.000000,0.410858,0.998862,1.367056,0.100894,28.500000,420.000000,0.026875,0.056005,0.042237,0.046949,0.011599,0.006200,11.148085,0.335382,0.347929,17.707495,22.352408,67.647592,,,REPRESENTATION_X_Y_AXES_ONLY,148.000000,166.000000,0.318267,2351.000000,0.341441,0.114502,0.302766,0.090323,0.092157,-0.037065,2.831384,0.147636,0.184860,0.139535,,,REPRESENTATION_X_Y_AXES_ONLY,CANNY_THIN_EDGE_CONNECTIVITY_PROXY_NOT_MORPHOLOGICAL_SKELETON,TELEA_INPAINT_INVALID_PLUS_ERODE_VALID_6PX,1.000000,1.000000,1.000000,1.000000,PASS:65,44.000000,63.000000,0.000397,PASS,TRACKED_OR_FIXED_CENTER_WITH_GLOBAL_AXES_AND_EQUAL_WINDOW_DIMENSIONS,EQUAL_WINDOW_DIMENSIONS_GRID_DENSITY_MASK_GRAY;ROTATED_ANISOTROPIC_WINDOWS_SAMPLE_DIFFERENT_SOURCE_PIXELS,directly_reviewed_complete,metrics remain separate; no combined score or parameter selection; rotated-window deltas are not pure coordinate-axis attribution
CLASS-NEGATIVE-S1L-BG-0010,background_counterfactual,VEHICLE_CLASS_NEGATIVE,NOT_A_TEMPORAL_DIRECTION_TEST,NOT_A_TEMPORAL_CORRESPONDENCE_TEST,GM_RM017,GM_RM017:PV002,vehicle_class_falsification,raw_gt,CENTER_TRACKED_RADIAL,REPRESENTATION_DEFINED_AXIS,FIXED_REFERENCE,SOURCE_POSITIVE_GT_CONDITIONED_VIEW_GAP10_DIFF5_RELIABILITY_AND_FINITE_COMMON_VALID_PROJECTED_NO_RESELECTION,369267f7470fa21a7f75d20a878c2056eb190faf3a9bb522937c013f7db00e6c,fe00de604990c155fd9239e7643555cbea5f31d71699c09b0b1408e1f8bbf821,65,8,8,11,3,3,PAIR_COUNT_GT4_SHARED_FRAME_REPEATED_EVIDENCE,0.009522,0.987042,4.616831,0.073350,32.000000,325.000000,0.022053,0.196556,0.032855,0.129579,0.009795,0.003583,1.000000,0.425182,0.998416,1.612116,0.100427,28.500000,455.500000,0.023053,0.056332,0.025386,0.039729,0.011753,0.008267,179.222930,0.334268,0.349364,2.918044,3.132791,86.867209,,,REPRESENTATION_X_Y_AXES_ONLY,154.000000,170.000000,0.287904,2233.000000,0.328490,0.113190,0.291335,0.076842,0.052603,0.052657,2.817820,0.144221,0.202716,0.129230,,,REPRESENTATION_X_Y_AXES_ONLY,CANNY_THIN_EDGE_CONNECTIVITY_PROXY_NOT_MORPHOLOGICAL_SKELETON,TELEA_INPAINT_INVALID_PLUS_ERODE_VALID_6PX,1.000000,1.000000,1.000000,1.000000,PASS:65,44.000000,63.000000,0.000580,PASS,AXIS_ORIENTATION_PLUS_ROTATED_ANISOTROPIC_SUPPORT_FOOTPRINT,EQUAL_WINDOW_DIMENSIONS_GRID_DENSITY_MASK_GRAY;ROTATED_ANISOTROPIC_WINDOWS_SAMPLE_DIFFERENT_SOURCE_PIXELS,directly_reviewed_complete,metrics remain separate; no combined score or parameter selection; rotated-window deltas are not pure coordinate-axis attribution
CLASS-NEGATIVE-S1L-BG-0010,background_counterfactual,VEHICLE_CLASS_NEGATIVE,NOT_A_TEMPORAL_DIRECTION_TEST,NOT_A_TEMPORAL_CORRESPONDENCE_TEST,GM_RM017,GM_RM017:PV002,vehicle_class_falsification,raw_gt,CENTER_TRACKED_BODY,GT_DERIVED_UNSIGNED_BODY,FIXED_REFERENCE,SOURCE_POSITIVE_GT_CONDITIONED_VIEW_GAP10_DIFF5_RELIABILITY_AND_FINITE_COMMON_VALID_PROJECTED_NO_RESELECTION,369267f7470fa21a7f75d20a878c2056eb190faf3a9bb522937c013f7db00e6c,fe00de604990c155fd9239e7643555cbea5f31d71699c09b0b1408e1f8bbf821,65,8,8,11,3,3,PAIR_COUNT_GT4_SHARED_FRAME_REPEATED_EVIDENCE,0.019098,0.974217,6.245770,0.070983,36.000000,164.000000,0.064739,0.168275,0.035175,0.092049,0.006778,0.013924,1.000000,0.360304,0.994565,2.987543,0.097813,24.500000,451.000000,0.022644,0.057776,0.032640,0.040272,0.010386,0.008438,13.816477,0.336650,0.346592,15.642266,24.418871,65.581129,24.418871,65.581129,BODY_LONG_SHORT_AXES,145.000000,162.000000,0.306933,2355.000000,0.330104,0.113708,0.297575,0.091704,0.093679,-0.023583,2.832315,0.139536,0.184266,0.139535,0.184266,0.139535,BODY_LONG_SHORT_AXES,CANNY_THIN_EDGE_CONNECTIVITY_PROXY_NOT_MORPHOLOGICAL_SKELETON,TELEA_INPAINT_INVALID_PLUS_ERODE_VALID_6PX,1.000000,1.000000,1.000000,1.000000,PASS:65,44.000000,63.000000,0.000397,PASS,AXIS_ORIENTATION_PLUS_ROTATED_ANISOTROPIC_SUPPORT_FOOTPRINT,EQUAL_WINDOW_DIMENSIONS_GRID_DENSITY_MASK_GRAY;ROTATED_ANISOTROPIC_WINDOWS_SAMPLE_DIFFERENT_SOURCE_PIXELS,directly_reviewed_complete,metrics remain separate; no combined score or parameter selection; rotated-window deltas are not pure coordinate-axis attribution
CLASS-NEGATIVE-S1L-BG-0010,background_counterfactual,VEHICLE_CLASS_NEGATIVE,NOT_A_TEMPORAL_DIRECTION_TEST,NOT_A_TEMPORAL_CORRESPONDENCE_TEST,GM_RM017,GM_RM017:PV002,vehicle_class_falsification,raw_gt,WORLD_FIXED,REPRESENTATION_DEFINED_AXIS,CANDIDATE_LOCAL_REESTIMATED,SOURCE_POSITIVE_GT_CONDITIONED_VIEW_GAP10_DIFF5_RELIABILITY_AND_FINITE_COMMON_VALID_PROJECTED_NO_RESELECTION,369267f7470fa21a7f75d20a878c2056eb190faf3a9bb522937c013f7db00e6c,fe00de604990c155fd9239e7643555cbea5f31d71699c09b0b1408e1f8bbf821,65,8,8,11,3,3,PAIR_COUNT_GT4_SHARED_FRAME_REPEATED_EVIDENCE,0.324669,0.995899,2.521595,0.135815,108.500000,634.500000,0.022042,0.053548,0.015527,0.039058,0.015212,0.009178,1.000000,0.684305,0.998730,1.444175,0.140054,43.000000,282.500000,0.023228,0.022930,0.027222,0.020325,0.009102,0.008071,6.811614,0.309562,0.360070,1.650013,7.353261,82.646739,,,REPRESENTATION_X_Y_AXES_ONLY,284.000000,368.000000,0.274820,4166.000000,0.217657,0.211792,0.205778,0.087608,-0.015737,0.003980,2.793630,0.098196,0.186840,0.149278,,,REPRESENTATION_X_Y_AXES_ONLY,CANNY_THIN_EDGE_CONNECTIVITY_PROXY_NOT_MORPHOLOGICAL_SKELETON,TELEA_INPAINT_INVALID_PLUS_ERODE_VALID_6PX,1.000000,1.000000,1.000000,1.000000,PASS:65,44.000000,77.000000,0.010345,PASS,TRACKED_OR_FIXED_CENTER_WITH_GLOBAL_AXES_AND_EQUAL_WINDOW_DIMENSIONS,EQUAL_WINDOW_DIMENSIONS_GRID_DENSITY_MASK_GRAY;ROTATED_ANISOTROPIC_WINDOWS_SAMPLE_DIFFERENT_SOURCE_PIXELS,directly_reviewed_complete,metrics remain separate; no combined score or parameter selection; rotated-window deltas are not pure coordinate-axis attribution
CLASS-NEGATIVE-S1L-BG-0010,background_counterfactual,VEHICLE_CLASS_NEGATIVE,NOT_A_TEMPORAL_DIRECTION_TEST,NOT_A_TEMPORAL_CORRESPONDENCE_TEST,GM_RM017,GM_RM017:PV002,vehicle_class_falsification,raw_gt,CENTER_TRACKED_CARTESIAN,REPRESENTATION_DEFINED_AXIS,CANDIDATE_LOCAL_REESTIMATED,SOURCE_POSITIVE_GT_CONDITIONED_VIEW_GAP10_DIFF5_RELIABILITY_AND_FINITE_COMMON_VALID_PROJECTED_NO_RESELECTION,369267f7470fa21a7f75d20a878c2056eb190faf3a9bb522937c013f7db00e6c,fe00de604990c155fd9239e7643555cbea5f31d71699c09b0b1408e1f8bbf821,65,8,8,11,3,3,PAIR_COUNT_GT4_SHARED_FRAME_REPEATED_EVIDENCE,0.048047,0.882050,14.042864,0.132979,79.000000,280.000000,0.018382,0.049968,0.050787,0.033325,0.011494,0.009913,1.000000,0.411974,0.998220,1.709299,0.137780,35.500000,376.500000,0.024155,0.019641,0.026371,0.014799,0.006630,0.004840,10.620710,0.242651,0.360919,18.928047,21.056268,68.943732,,,REPRESENTATION_X_Y_AXES_ONLY,366.000000,458.000000,0.129162,4549.000000,0.092801,0.229431,0.079312,0.069576,0.032537,-0.017273,2.789460,0.054569,0.177646,0.152484,,,REPRESENTATION_X_Y_AXES_ONLY,CANNY_THIN_EDGE_CONNECTIVITY_PROXY_NOT_MORPHOLOGICAL_SKELETON,TELEA_INPAINT_INVALID_PLUS_ERODE_VALID_6PX,1.000000,1.000000,1.000000,1.000000,PASS:65,44.000000,63.000000,0.010468,PASS,TRACKED_OR_FIXED_CENTER_WITH_GLOBAL_AXES_AND_EQUAL_WINDOW_DIMENSIONS,EQUAL_WINDOW_DIMENSIONS_GRID_DENSITY_MASK_GRAY;ROTATED_ANISOTROPIC_WINDOWS_SAMPLE_DIFFERENT_SOURCE_PIXELS,directly_reviewed_complete,metrics remain separate; no combined score or parameter selection; rotated-window deltas are not pure coordinate-axis attribution
CLASS-NEGATIVE-S1L-BG-0010,background_counterfactual,VEHICLE_CLASS_NEGATIVE,NOT_A_TEMPORAL_DIRECTION_TEST,NOT_A_TEMPORAL_CORRESPONDENCE_TEST,GM_RM017,GM_RM017:PV002,vehicle_class_falsification,raw_gt,CENTER_TRACKED_RADIAL,REPRESENTATION_DEFINED_AXIS,CANDIDATE_LOCAL_REESTIMATED,SOURCE_POSITIVE_GT_CONDITIONED_VIEW_GAP10_DIFF5_RELIABILITY_AND_FINITE_COMMON_VALID_PROJECTED_NO_RESELECTION,369267f7470fa21a7f75d20a878c2056eb190faf3a9bb522937c013f7db00e6c,fe00de604990c155fd9239e7643555cbea5f31d71699c09b0b1408e1f8bbf821,65,8,8,11,3,3,PAIR_COUNT_GT4_SHARED_FRAME_REPEATED_EVIDENCE,0.025817,0.996326,2.449352,0.123649,89.000000,255.500000,0.021840,0.053962,0.031430,0.048847,0.005187,0.003597,1.000000,0.424693,0.997650,1.964516,0.135727,36.500000,337.000000,0.014434,0.019460,0.018933,0.018244,0.006334,0.005953,179.979092,0.246424,0.359880,2.204579,2.225487,87.774513,,,REPRESENTATION_X_Y_AXES_ONLY,379.000000,457.000000,0.128738,4443.000000,0.093911,0.227661,0.081231,0.065960,0.010769,0.024187,2.778636,0.050696,0.190957,0.143284,,,REPRESENTATION_X_Y_AXES_ONLY,CANNY_THIN_EDGE_CONNECTIVITY_PROXY_NOT_MORPHOLOGICAL_SKELETON,TELEA_INPAINT_INVALID_PLUS_ERODE_VALID_6PX,1.000000,1.000000,1.000000,1.000000,PASS:65,44.000000,63.000000,0.010620,PASS,AXIS_ORIENTATION_PLUS_ROTATED_ANISOTROPIC_SUPPORT_FOOTPRINT,EQUAL_WINDOW_DIMENSIONS_GRID_DENSITY_MASK_GRAY;ROTATED_ANISOTROPIC_WINDOWS_SAMPLE_DIFFERENT_SOURCE_PIXELS,directly_reviewed_complete,metrics remain separate; no combined score or parameter selection; rotated-window deltas are not pure coordinate-axis attribution
CLASS-NEGATIVE-S1L-BG-0010,background_counterfactual,VEHICLE_CLASS_NEGATIVE,NOT_A_TEMPORAL_DIRECTION_TEST,NOT_A_TEMPORAL_CORRESPONDENCE_TEST,GM_RM017,GM_RM017:PV002,vehicle_class_falsification,raw_gt,CENTER_TRACKED_BODY,GT_DERIVED_UNSIGNED_BODY,CANDIDATE_LOCAL_REESTIMATED,SOURCE_POSITIVE_GT_CONDITIONED_VIEW_GAP10_DIFF5_RELIABILITY_AND_FINITE_COMMON_VALID_PROJECTED_NO_RESELECTION,369267f7470fa21a7f75d20a878c2056eb190faf3a9bb522937c013f7db00e6c,fe00de604990c155fd9239e7643555cbea5f31d71699c09b0b1408e1f8bbf821,65,8,8,11,3,3,PAIR_COUNT_GT4_SHARED_FRAME_REPEATED_EVIDENCE,0.031073,0.983565,5.169261,0.130971,80.500000,287.000000,0.020277,0.040916,0.029469,0.031271,0.007330,0.007068,1.000000,0.386275,0.994292,3.062242,0.138885,43.500000,387.000000,0.023179,0.019885,0.026616,0.021471,0.007474,0.004880,13.436387,0.240832,0.360175,18.205429,22.664214,67.335786,22.664214,67.335786,BODY_LONG_SHORT_AXES,362.000000,444.000000,0.133541,4515.000000,0.094118,0.228943,0.079265,0.079186,0.036931,-0.016111,2.797228,0.057919,0.176382,0.153746,0.176382,0.153746,BODY_LONG_SHORT_AXES,CANNY_THIN_EDGE_CONNECTIVITY_PROXY_NOT_MORPHOLOGICAL_SKELETON,TELEA_INPAINT_INVALID_PLUS_ERODE_VALID_6PX,1.000000,1.000000,1.000000,1.000000,PASS:65,44.000000,63.000000,0.010468,PASS,AXIS_ORIENTATION_PLUS_ROTATED_ANISOTROPIC_SUPPORT_FOOTPRINT,EQUAL_WINDOW_DIMENSIONS_GRID_DENSITY_MASK_GRAY;ROTATED_ANISOTROPIC_WINDOWS_SAMPLE_DIFFERENT_SOURCE_PIXELS,directly_reviewed_complete,metrics remain separate; no combined score or parameter selection; rotated-window deltas are not pure coordinate-axis attribution
CLASS-NEGATIVE-S1L-BG-0010,background_counterfactual,VEHICLE_CLASS_NEGATIVE,NOT_A_TEMPORAL_DIRECTION_TEST,NOT_A_TEMPORAL_CORRESPONDENCE_TEST,GM_RM017,GM_RM017:PV002,vehicle_class_falsification,smoothed_gt,WORLD_FIXED,REPRESENTATION_DEFINED_AXIS,FIXED_REFERENCE,SOURCE_POSITIVE_GT_CONDITIONED_VIEW_GAP10_DIFF5_RELIABILITY_AND_FINITE_COMMON_VALID_PROJECTED_NO_RESELECTION,7af9116724c7a8702700075845d02acd180c1bd14d4b238413ba2ed3adaafc86,ed546402acc4ce6014d9b55287c5bd2e9525b45c88e831b366822566c34e6b33,65,3,0,0,0,0,NO_ELIGIBLE_PAIRS,,,,,,,,,,,,,,0.736035,0.999245,1.112759,0.114944,30.000000,402.000000,0.018576,0.053273,0.024634,0.042094,0.010674,0.008098,5.734565,0.402205,0.348866,2.927705,6.541604,83.458396,,,REPRESENTATION_X_Y_AXES_ONLY,152.000000,202.000000,0.374320,2546.000000,0.344972,0.128693,0.331024,0.100677,-0.031662,0.007311,2.803656,0.159263,0.200662,0.139323,,,REPRESENTATION_X_Y_AXES_ONLY,CANNY_THIN_EDGE_CONNECTIVITY_PROXY_NOT_MORPHOLOGICAL_SKELETON,TELEA_INPAINT_INVALID_PLUS_ERODE_VALID_6PX,1.000000,1.000000,1.000000,1.000000,PASS:65,44.000000,77.000000,0.003906,PASS,TRACKED_OR_FIXED_CENTER_WITH_GLOBAL_AXES_AND_EQUAL_WINDOW_DIMENSIONS,EQUAL_WINDOW_DIMENSIONS_GRID_DENSITY_MASK_GRAY;ROTATED_ANISOTROPIC_WINDOWS_SAMPLE_DIFFERENT_SOURCE_PIXELS,directly_reviewed_complete,metrics remain separate; no combined score or parameter selection; rotated-window deltas are not pure coordinate-axis attribution
CLASS-NEGATIVE-S1L-BG-0010,background_counterfactual,VEHICLE_CLASS_NEGATIVE,NOT_A_TEMPORAL_DIRECTION_TEST,NOT_A_TEMPORAL_CORRESPONDENCE_TEST,GM_RM017,GM_RM017:PV002,vehicle_class_falsification,smoothed_gt,CENTER_TRACKED_CARTESIAN,REPRESENTATION_DEFINED_AXIS,FIXED_REFERENCE,SOURCE_POSITIVE_GT_CONDITIONED_VIEW_GAP10_DIFF5_RELIABILITY_AND_FINITE_COMMON_VALID_PROJECTED_NO_RESELECTION,7af9116724c7a8702700075845d02acd180c1bd14d4b238413ba2ed3adaafc86,ed546402acc4ce6014d9b55287c5bd2e9525b45c88e831b366822566c34e6b33,65,3,0,0,0,0,NO_ELIGIBLE_PAIRS,,,,,,,,,,,,,,0.534971,0.998693,1.464736,0.101825,28.500000,431.000000,0.027719,0.053385,0.029856,0.045862,0.011242,0.006599,11.065075,0.333751,0.348091,18.337705,22.352408,67.647592,,,REPRESENTATION_X_Y_AXES_ONLY,149.000000,162.000000,0.296644,2351.000000,0.335013,0.111755,0.297945,0.087121,0.095848,-0.041481,2.845298,0.158165,0.182355,0.139979,,,REPRESENTATION_X_Y_AXES_ONLY,CANNY_THIN_EDGE_CONNECTIVITY_PROXY_NOT_MORPHOLOGICAL_SKELETON,TELEA_INPAINT_INVALID_PLUS_ERODE_VALID_6PX,1.000000,1.000000,1.000000,1.000000,PASS:65,44.000000,63.000000,0.000397,PASS,TRACKED_OR_FIXED_CENTER_WITH_GLOBAL_AXES_AND_EQUAL_WINDOW_DIMENSIONS,EQUAL_WINDOW_DIMENSIONS_GRID_DENSITY_MASK_GRAY;ROTATED_ANISOTROPIC_WINDOWS_SAMPLE_DIFFERENT_SOURCE_PIXELS,directly_reviewed_complete,metrics remain separate; no combined score or parameter selection; rotated-window deltas are not pure coordinate-axis attribution
CLASS-NEGATIVE-S1L-BG-0010,background_counterfactual,VEHICLE_CLASS_NEGATIVE,NOT_A_TEMPORAL_DIRECTION_TEST,NOT_A_TEMPORAL_CORRESPONDENCE_TEST,GM_RM017,GM_RM017:PV002,vehicle_class_falsification,smoothed_gt,CENTER_TRACKED_RADIAL,REPRESENTATION_DEFINED_AXIS,FIXED_REFERENCE,SOURCE_POSITIVE_GT_CONDITIONED_VIEW_GAP10_DIFF5_RELIABILITY_AND_FINITE_COMMON_VALID_PROJECTED_NO_RESELECTION,7af9116724c7a8702700075845d02acd180c1bd14d4b238413ba2ed3adaafc86,ed546402acc4ce6014d9b55287c5bd2e9525b45c88e831b366822566c34e6b33,65,3,0,0,0,0,NO_ELIGIBLE_PAIRS,,,,,,,,,,,,,,0.507549,0.998456,1.591900,0.102690,27.000000,403.500000,0.024930,0.053426,0.025727,0.047015,0.011347,0.008261,179.034799,0.334244,0.347793,3.209690,3.067968,86.932032,,,REPRESENTATION_X_Y_AXES_ONLY,152.000000,169.000000,0.290815,2252.000000,0.321827,0.112640,0.287685,0.071328,0.052603,0.053972,2.818325,0.145140,0.204096,0.128599,,,REPRESENTATION_X_Y_AXES_ONLY,CANNY_THIN_EDGE_CONNECTIVITY_PROXY_NOT_MORPHOLOGICAL_SKELETON,TELEA_INPAINT_INVALID_PLUS_ERODE_VALID_6PX,1.000000,1.000000,1.000000,1.000000,PASS:65,44.000000,63.000000,0.000549,PASS,AXIS_ORIENTATION_PLUS_ROTATED_ANISOTROPIC_SUPPORT_FOOTPRINT,EQUAL_WINDOW_DIMENSIONS_GRID_DENSITY_MASK_GRAY;ROTATED_ANISOTROPIC_WINDOWS_SAMPLE_DIFFERENT_SOURCE_PIXELS,directly_reviewed_complete,metrics remain separate; no combined score or parameter selection; rotated-window deltas are not pure coordinate-axis attribution
CLASS-NEGATIVE-S1L-BG-0010,background_counterfactual,VEHICLE_CLASS_NEGATIVE,NOT_A_TEMPORAL_DIRECTION_TEST,NOT_A_TEMPORAL_CORRESPONDENCE_TEST,GM_RM017,GM_RM017:PV002,vehicle_class_falsification,smoothed_gt,CENTER_TRACKED_BODY,GT_DERIVED_UNSIGNED_BODY,FIXED_REFERENCE,SOURCE_POSITIVE_GT_CONDITIONED_VIEW_GAP10_DIFF5_RELIABILITY_AND_FINITE_COMMON_VALID_PROJECTED_NO_RESELECTION,7af9116724c7a8702700075845d02acd180c1bd14d4b238413ba2ed3adaafc86,ed546402acc4ce6014d9b55287c5bd2e9525b45c88e831b366822566c34e6b33,65,3,0,0,0,0,NO_ELIGIBLE_PAIRS,,,,,,,,,,,,,,0.487003,0.998474,1.582982,0.101687,29.500000,447.500000,0.028109,0.056812,0.030257,0.047175,0.010063,0.007485,13.986096,0.333751,0.348459,16.906298,24.416701,65.583299,24.416701,65.583299,BODY_LONG_SHORT_AXES,142.000000,161.000000,0.308950,2403.000000,0.333500,0.112885,0.298077,0.082419,0.086876,-0.033113,2.852600,0.146755,0.180494,0.138335,0.180494,0.138335,BODY_LONG_SHORT_AXES,CANNY_THIN_EDGE_CONNECTIVITY_PROXY_NOT_MORPHOLOGICAL_SKELETON,TELEA_INPAINT_INVALID_PLUS_ERODE_VALID_6PX,1.000000,1.000000,1.000000,1.000000,PASS:65,44.000000,63.000000,0.000397,PASS,AXIS_ORIENTATION_PLUS_ROTATED_ANISOTROPIC_SUPPORT_FOOTPRINT,EQUAL_WINDOW_DIMENSIONS_GRID_DENSITY_MASK_GRAY;ROTATED_ANISOTROPIC_WINDOWS_SAMPLE_DIFFERENT_SOURCE_PIXELS,directly_reviewed_complete,metrics remain separate; no combined score or parameter selection; rotated-window deltas are not pure coordinate-axis attribution
CLASS-NEGATIVE-S1L-BG-0010,background_counterfactual,VEHICLE_CLASS_NEGATIVE,NOT_A_TEMPORAL_DIRECTION_TEST,NOT_A_TEMPORAL_CORRESPONDENCE_TEST,GM_RM017,GM_RM017:PV002,vehicle_class_falsification,smoothed_gt,WORLD_FIXED,REPRESENTATION_DEFINED_AXIS,CANDIDATE_LOCAL_REESTIMATED,SOURCE_POSITIVE_GT_CONDITIONED_VIEW_GAP10_DIFF5_RELIABILITY_AND_FINITE_COMMON_VALID_PROJECTED_NO_RESELECTION,7af9116724c7a8702700075845d02acd180c1bd14d4b238413ba2ed3adaafc86,ed546402acc4ce6014d9b55287c5bd2e9525b45c88e831b366822566c34e6b33,65,3,0,0,0,0,NO_ELIGIBLE_PAIRS,,,,,,,,,,,,,,0.687620,0.998592,1.520490,0.138004,31.500000,317.000000,0.024386,0.025331,0.026041,0.016763,0.009846,0.007947,6.937846,0.300118,0.358965,1.707239,7.284874,82.715126,,,REPRESENTATION_X_Y_AXES_ONLY,298.000000,372.000000,0.273348,4156.000000,0.223137,0.213165,0.209648,0.085776,-0.020069,0.003623,2.798002,0.091182,0.188517,0.148877,,,REPRESENTATION_X_Y_AXES_ONLY,CANNY_THIN_EDGE_CONNECTIVITY_PROXY_NOT_MORPHOLOGICAL_SKELETON,TELEA_INPAINT_INVALID_PLUS_ERODE_VALID_6PX,1.000000,1.000000,1.000000,1.000000,PASS:65,44.000000,77.000000,0.010284,PASS,TRACKED_OR_FIXED_CENTER_WITH_GLOBAL_AXES_AND_EQUAL_WINDOW_DIMENSIONS,EQUAL_WINDOW_DIMENSIONS_GRID_DENSITY_MASK_GRAY;ROTATED_ANISOTROPIC_WINDOWS_SAMPLE_DIFFERENT_SOURCE_PIXELS,directly_reviewed_complete,metrics remain separate; no combined score or parameter selection; rotated-window deltas are not pure coordinate-axis attribution
CLASS-NEGATIVE-S1L-BG-0010,background_counterfactual,VEHICLE_CLASS_NEGATIVE,NOT_A_TEMPORAL_DIRECTION_TEST,NOT_A_TEMPORAL_CORRESPONDENCE_TEST,GM_RM017,GM_RM017:PV002,vehicle_class_falsification,smoothed_gt,CENTER_TRACKED_CARTESIAN,REPRESENTATION_DEFINED_AXIS,CANDIDATE_LOCAL_REESTIMATED,SOURCE_POSITIVE_GT_CONDITIONED_VIEW_GAP10_DIFF5_RELIABILITY_AND_FINITE_COMMON_VALID_PROJECTED_NO_RESELECTION,7af9116724c7a8702700075845d02acd180c1bd14d4b238413ba2ed3adaafc86,ed546402acc4ce6014d9b55287c5bd2e9525b45c88e831b366822566c34e6b33,65,3,0,0,0,0,NO_ELIGIBLE_PAIRS,,,,,,,,,,,,,,0.492312,0.997972,1.824628,0.139448,42.500000,372.000000,0.019443,0.015949,0.025776,0.018641,0.006285,0.006119,10.549922,0.242516,0.359377,19.145588,21.056268,68.943732,,,REPRESENTATION_X_Y_AXES_ONLY,371.000000,452.000000,0.131018,4549.000000,0.092634,0.228546,0.079035,0.075326,0.028204,-0.020359,2.788579,0.052791,0.176686,0.152347,,,REPRESENTATION_X_Y_AXES_ONLY,CANNY_THIN_EDGE_CONNECTIVITY_PROXY_NOT_MORPHOLOGICAL_SKELETON,TELEA_INPAINT_INVALID_PLUS_ERODE_VALID_6PX,1.000000,1.000000,1.000000,1.000000,PASS:65,44.000000,63.000000,0.010529,PASS,TRACKED_OR_FIXED_CENTER_WITH_GLOBAL_AXES_AND_EQUAL_WINDOW_DIMENSIONS,EQUAL_WINDOW_DIMENSIONS_GRID_DENSITY_MASK_GRAY;ROTATED_ANISOTROPIC_WINDOWS_SAMPLE_DIFFERENT_SOURCE_PIXELS,directly_reviewed_complete,metrics remain separate; no combined score or parameter selection; rotated-window deltas are not pure coordinate-axis attribution
CLASS-NEGATIVE-S1L-BG-0010,background_counterfactual,VEHICLE_CLASS_NEGATIVE,NOT_A_TEMPORAL_DIRECTION_TEST,NOT_A_TEMPORAL_CORRESPONDENCE_TEST,GM_RM017,GM_RM017:PV002,vehicle_class_falsification,smoothed_gt,CENTER_TRACKED_RADIAL,REPRESENTATION_DEFINED_AXIS,CANDIDATE_LOCAL_REESTIMATED,SOURCE_POSITIVE_GT_CONDITIONED_VIEW_GAP10_DIFF5_RELIABILITY_AND_FINITE_COMMON_VALID_PROJECTED_NO_RESELECTION,7af9116724c7a8702700075845d02acd180c1bd14d4b238413ba2ed3adaafc86,ed546402acc4ce6014d9b55287c5bd2e9525b45c88e831b366822566c34e6b33,65,3,0,0,0,0,NO_ELIGIBLE_PAIRS,,,,,,,,,,,,,,0.495818,0.997735,1.928536,0.139478,43.000000,402.500000,0.018991,0.020954,0.022345,0.020662,0.007800,0.005542,179.747012,0.245357,0.359487,2.276709,2.297524,87.702476,,,REPRESENTATION_X_Y_AXES_ONLY,374.000000,453.000000,0.131793,4391.000000,0.092229,0.229797,0.078801,0.066631,0.012027,0.020853,2.780511,0.048210,0.190677,0.143028,,,REPRESENTATION_X_Y_AXES_ONLY,CANNY_THIN_EDGE_CONNECTIVITY_PROXY_NOT_MORPHOLOGICAL_SKELETON,TELEA_INPAINT_INVALID_PLUS_ERODE_VALID_6PX,1.000000,1.000000,1.000000,1.000000,PASS:65,44.000000,63.000000,0.010529,PASS,AXIS_ORIENTATION_PLUS_ROTATED_ANISOTROPIC_SUPPORT_FOOTPRINT,EQUAL_WINDOW_DIMENSIONS_GRID_DENSITY_MASK_GRAY;ROTATED_ANISOTROPIC_WINDOWS_SAMPLE_DIFFERENT_SOURCE_PIXELS,directly_reviewed_complete,metrics remain separate; no combined score or parameter selection; rotated-window deltas are not pure coordinate-axis attribution
CLASS-NEGATIVE-S1L-BG-0010,background_counterfactual,VEHICLE_CLASS_NEGATIVE,NOT_A_TEMPORAL_DIRECTION_TEST,NOT_A_TEMPORAL_CORRESPONDENCE_TEST,GM_RM017,GM_RM017:PV002,vehicle_class_falsification,smoothed_gt,CENTER_TRACKED_BODY,GT_DERIVED_UNSIGNED_BODY,CANDIDATE_LOCAL_REESTIMATED,SOURCE_POSITIVE_GT_CONDITIONED_VIEW_GAP10_DIFF5_RELIABILITY_AND_FINITE_COMMON_VALID_PROJECTED_NO_RESELECTION,7af9116724c7a8702700075845d02acd180c1bd14d4b238413ba2ed3adaafc86,ed546402acc4ce6014d9b55287c5bd2e9525b45c88e831b366822566c34e6b33,65,3,0,0,0,0,NO_ELIGIBLE_PAIRS,,,,,,,,,,,,,,0.481330,0.997675,1.953522,0.140081,39.000000,361.000000,0.020538,0.016667,0.025874,0.018633,0.005536,0.006639,13.608343,0.245538,0.360152,19.392073,22.584455,67.415545,22.584455,67.415545,BODY_LONG_SHORT_AXES,374.000000,449.000000,0.123160,4544.000000,0.092123,0.229034,0.079376,0.079025,0.035192,-0.018267,2.797560,0.052791,0.174124,0.152363,0.174124,0.152363,BODY_LONG_SHORT_AXES,CANNY_THIN_EDGE_CONNECTIVITY_PROXY_NOT_MORPHOLOGICAL_SKELETON,TELEA_INPAINT_INVALID_PLUS_ERODE_VALID_6PX,1.000000,1.000000,1.000000,1.000000,PASS:65,44.000000,63.000000,0.010468,PASS,AXIS_ORIENTATION_PLUS_ROTATED_ANISOTROPIC_SUPPORT_FOOTPRINT,EQUAL_WINDOW_DIMENSIONS_GRID_DENSITY_MASK_GRAY;ROTATED_ANISOTROPIC_WINDOWS_SAMPLE_DIFFERENT_SOURCE_PIXELS,directly_reviewed_complete,metrics remain separate; no combined score or parameter selection; rotated-window deltas are not pure coordinate-axis attribution
CLASS-NEGATIVE-S1L-BG-0011,background_counterfactual,VEHICLE_CLASS_NEGATIVE,NOT_A_TEMPORAL_DIRECTION_TEST,NOT_A_TEMPORAL_CORRESPONDENCE_TEST,GM_RM017,GM_RM017:PV002,vehicle_class_falsification,raw_gt,WORLD_FIXED,REPRESENTATION_DEFINED_AXIS,FIXED_REFERENCE,SOURCE_POSITIVE_GT_CONDITIONED_VIEW_GAP10_DIFF5_RELIABILITY_AND_FINITE_COMMON_VALID_PROJECTED_NO_RESELECTION,369267f7470fa21a7f75d20a878c2056eb190faf3a9bb522937c013f7db00e6c,fe00de604990c155fd9239e7643555cbea5f31d71699c09b0b1408e1f8bbf821,65,8,8,11,3,3,PAIR_COUNT_GT4_SHARED_FRAME_REPEATED_EVIDENCE,0.310084,0.994522,2.994481,0.093634,54.000000,314.000000,0.044069,0.103436,0.020198,0.056996,0.004306,0.004095,1.000000,0.731534,0.999435,0.963331,0.124623,34.000000,365.500000,0.025400,0.042333,0.029873,0.046765,0.009882,0.008899,179.000477,0.396472,0.361088,1.042399,0.978891,89.021109,,,REPRESENTATION_X_Y_AXES_ONLY,156.000000,216.000000,0.294209,2967.000000,0.330501,0.146454,0.295142,0.106596,-0.015763,0.054204,2.804003,0.167063,0.205605,0.135457,,,REPRESENTATION_X_Y_AXES_ONLY,CANNY_THIN_EDGE_CONNECTIVITY_PROXY_NOT_MORPHOLOGICAL_SKELETON,TELEA_INPAINT_INVALID_PLUS_ERODE_VALID_6PX,1.000000,1.000000,1.000000,1.000000,PASS:65,44.000000,73.000000,0.002716,PASS,TRACKED_OR_FIXED_CENTER_WITH_GLOBAL_AXES_AND_EQUAL_WINDOW_DIMENSIONS,EQUAL_WINDOW_DIMENSIONS_GRID_DENSITY_MASK_GRAY;ROTATED_ANISOTROPIC_WINDOWS_SAMPLE_DIFFERENT_SOURCE_PIXELS,directly_reviewed_complete,metrics remain separate; no combined score or parameter selection; rotated-window deltas are not pure coordinate-axis attribution
CLASS-NEGATIVE-S1L-BG-0011,background_counterfactual,VEHICLE_CLASS_NEGATIVE,NOT_A_TEMPORAL_DIRECTION_TEST,NOT_A_TEMPORAL_CORRESPONDENCE_TEST,GM_RM017,GM_RM017:PV002,vehicle_class_falsification,raw_gt,CENTER_TRACKED_CARTESIAN,REPRESENTATION_DEFINED_AXIS,FIXED_REFERENCE,SOURCE_POSITIVE_GT_CONDITIONED_VIEW_GAP10_DIFF5_RELIABILITY_AND_FINITE_COMMON_VALID_PROJECTED_NO_RESELECTION,369267f7470fa21a7f75d20a878c2056eb190faf3a9bb522937c013f7db00e6c,fe00de604990c155fd9239e7643555cbea5f31d71699c09b0b1408e1f8bbf821,65,8,8,11,3,3,PAIR_COUNT_GT4_SHARED_FRAME_REPEATED_EVIDENCE,0.310084,0.994522,2.994481,0.093634,54.000000,314.000000,0.044069,0.103436,0.020198,0.056996,0.004306,0.004095,1.000000,0.731534,0.999435,0.963331,0.124623,34.000000,365.500000,0.025400,0.042333,0.029873,0.046765,0.009882,0.008899,179.000477,0.396472,0.361088,1.042399,0.978891,89.021109,,,REPRESENTATION_X_Y_AXES_ONLY,156.000000,216.000000,0.294209,2967.000000,0.330501,0.146454,0.295142,0.106596,-0.015763,0.054204,2.804003,0.167063,0.205605,0.135457,,,REPRESENTATION_X_Y_AXES_ONLY,CANNY_THIN_EDGE_CONNECTIVITY_PROXY_NOT_MORPHOLOGICAL_SKELETON,TELEA_INPAINT_INVALID_PLUS_ERODE_VALID_6PX,1.000000,1.000000,1.000000,1.000000,PASS:65,44.000000,73.000000,0.002716,PASS,TRACKED_OR_FIXED_CENTER_WITH_GLOBAL_AXES_AND_EQUAL_WINDOW_DIMENSIONS,EQUAL_WINDOW_DIMENSIONS_GRID_DENSITY_MASK_GRAY;ROTATED_ANISOTROPIC_WINDOWS_SAMPLE_DIFFERENT_SOURCE_PIXELS,directly_reviewed_complete,metrics remain separate; no combined score or parameter selection; rotated-window deltas are not pure coordinate-axis attribution
CLASS-NEGATIVE-S1L-BG-0011,background_counterfactual,VEHICLE_CLASS_NEGATIVE,NOT_A_TEMPORAL_DIRECTION_TEST,NOT_A_TEMPORAL_CORRESPONDENCE_TEST,GM_RM017,GM_RM017:PV002,vehicle_class_falsification,raw_gt,CENTER_TRACKED_RADIAL,REPRESENTATION_DEFINED_AXIS,FIXED_REFERENCE,SOURCE_POSITIVE_GT_CONDITIONED_VIEW_GAP10_DIFF5_RELIABILITY_AND_FINITE_COMMON_VALID_PROJECTED_NO_RESELECTION,369267f7470fa21a7f75d20a878c2056eb190faf3a9bb522937c013f7db00e6c,fe00de604990c155fd9239e7643555cbea5f31d71699c09b0b1408e1f8bbf821,65,8,8,11,3,3,PAIR_COUNT_GT4_SHARED_FRAME_REPEATED_EVIDENCE,0.307641,0.995049,2.851479,0.097932,31.500000,425.000000,0.035989,0.065824,0.025346,0.065522,0.007931,0.009433,1.000000,0.727885,0.999528,0.880059,0.126662,29.000000,392.500000,0.022909,0.044801,0.019635,0.042441,0.008724,0.006865,176.121524,0.395722,0.358433,0.998159,4.210100,85.789900,,,REPRESENTATION_X_Y_AXES_ONLY,159.000000,214.000000,0.286706,2981.000000,0.326190,0.146393,0.292655,0.104575,-0.031125,-0.056746,2.807662,0.160813,0.204212,0.135363,,,REPRESENTATION_X_Y_AXES_ONLY,CANNY_THIN_EDGE_CONNECTIVITY_PROXY_NOT_MORPHOLOGICAL_SKELETON,TELEA_INPAINT_INVALID_PLUS_ERODE_VALID_6PX,1.000000,1.000000,1.000000,1.000000,PASS:65,44.000000,73.000000,0.002655,PASS,AXIS_ORIENTATION_PLUS_ROTATED_ANISOTROPIC_SUPPORT_FOOTPRINT,EQUAL_WINDOW_DIMENSIONS_GRID_DENSITY_MASK_GRAY;ROTATED_ANISOTROPIC_WINDOWS_SAMPLE_DIFFERENT_SOURCE_PIXELS,directly_reviewed_complete,metrics remain separate; no combined score or parameter selection; rotated-window deltas are not pure coordinate-axis attribution
CLASS-NEGATIVE-S1L-BG-0011,background_counterfactual,VEHICLE_CLASS_NEGATIVE,NOT_A_TEMPORAL_DIRECTION_TEST,NOT_A_TEMPORAL_CORRESPONDENCE_TEST,GM_RM017,GM_RM017:PV002,vehicle_class_falsification,raw_gt,CENTER_TRACKED_BODY,GT_DERIVED_UNSIGNED_BODY,FIXED_REFERENCE,SOURCE_POSITIVE_GT_CONDITIONED_VIEW_GAP10_DIFF5_RELIABILITY_AND_FINITE_COMMON_VALID_PROJECTED_NO_RESELECTION,369267f7470fa21a7f75d20a878c2056eb190faf3a9bb522937c013f7db00e6c,fe00de604990c155fd9239e7643555cbea5f31d71699c09b0b1408e1f8bbf821,65,8,8,11,3,3,PAIR_COUNT_GT4_SHARED_FRAME_REPEATED_EVIDENCE,0.038461,0.925188,11.116778,0.087985,39.000000,355.000000,0.053654,0.084972,0.017402,0.060568,0.004464,0.005699,1.000000,0.650904,0.998923,1.329565,0.116294,29.500000,419.500000,0.028915,0.043149,0.021614,0.042554,0.010261,0.007649,1.437332,0.397002,0.360318,1.385160,2.589502,87.410498,2.589502,87.410498,BODY_LONG_SHORT_AXES,160.000000,224.000000,0.282759,3029.000000,0.329600,0.147064,0.293398,0.099055,-0.015763,0.068962,2.799581,0.154700,0.204687,0.134838,0.204687,0.134838,BODY_LONG_SHORT_AXES,CANNY_THIN_EDGE_CONNECTIVITY_PROXY_NOT_MORPHOLOGICAL_SKELETON,TELEA_INPAINT_INVALID_PLUS_ERODE_VALID_6PX,1.000000,1.000000,1.000000,1.000000,PASS:65,44.000000,73.330000,0.002655,PASS,AXIS_ORIENTATION_PLUS_ROTATED_ANISOTROPIC_SUPPORT_FOOTPRINT,EQUAL_WINDOW_DIMENSIONS_GRID_DENSITY_MASK_GRAY;ROTATED_ANISOTROPIC_WINDOWS_SAMPLE_DIFFERENT_SOURCE_PIXELS,directly_reviewed_complete,metrics remain separate; no combined score or parameter selection; rotated-window deltas are not pure coordinate-axis attribution
CLASS-NEGATIVE-S1L-BG-0011,background_counterfactual,VEHICLE_CLASS_NEGATIVE,NOT_A_TEMPORAL_DIRECTION_TEST,NOT_A_TEMPORAL_CORRESPONDENCE_TEST,GM_RM017,GM_RM017:PV002,vehicle_class_falsification,raw_gt,WORLD_FIXED,REPRESENTATION_DEFINED_AXIS,CANDIDATE_LOCAL_REESTIMATED,SOURCE_POSITIVE_GT_CONDITIONED_VIEW_GAP10_DIFF5_RELIABILITY_AND_FINITE_COMMON_VALID_PROJECTED_NO_RESELECTION,369267f7470fa21a7f75d20a878c2056eb190faf3a9bb522937c013f7db00e6c,fe00de604990c155fd9239e7643555cbea5f31d71699c09b0b1408e1f8bbf821,65,8,8,11,3,3,PAIR_COUNT_GT4_SHARED_FRAME_REPEATED_EVIDENCE,0.273551,0.993153,3.319104,0.140070,82.000000,201.500000,0.009018,0.057987,0.015229,0.031338,0.004988,0.005055,1.000000,0.657390,0.999167,1.168398,0.146401,32.500000,406.000000,0.020989,0.023685,0.023809,0.024754,0.008573,0.007444,178.584287,0.296507,0.362216,1.228226,1.365629,88.634371,,,REPRESENTATION_X_Y_AXES_ONLY,314.000000,407.000000,0.224483,4442.000000,0.169347,0.223846,0.157353,0.085658,-0.013254,0.014835,2.789916,0.082746,0.195332,0.145253,,,REPRESENTATION_X_Y_AXES_ONLY,CANNY_THIN_EDGE_CONNECTIVITY_PROXY_NOT_MORPHOLOGICAL_SKELETON,TELEA_INPAINT_INVALID_PLUS_ERODE_VALID_6PX,1.000000,1.000000,1.000000,1.000000,PASS:65,44.000000,73.000000,0.010376,PASS,TRACKED_OR_FIXED_CENTER_WITH_GLOBAL_AXES_AND_EQUAL_WINDOW_DIMENSIONS,EQUAL_WINDOW_DIMENSIONS_GRID_DENSITY_MASK_GRAY;ROTATED_ANISOTROPIC_WINDOWS_SAMPLE_DIFFERENT_SOURCE_PIXELS,directly_reviewed_complete,metrics remain separate; no combined score or parameter selection; rotated-window deltas are not pure coordinate-axis attribution
CLASS-NEGATIVE-S1L-BG-0011,background_counterfactual,VEHICLE_CLASS_NEGATIVE,NOT_A_TEMPORAL_DIRECTION_TEST,NOT_A_TEMPORAL_CORRESPONDENCE_TEST,GM_RM017,GM_RM017:PV002,vehicle_class_falsification,raw_gt,CENTER_TRACKED_CARTESIAN,REPRESENTATION_DEFINED_AXIS,CANDIDATE_LOCAL_REESTIMATED,SOURCE_POSITIVE_GT_CONDITIONED_VIEW_GAP10_DIFF5_RELIABILITY_AND_FINITE_COMMON_VALID_PROJECTED_NO_RESELECTION,369267f7470fa21a7f75d20a878c2056eb190faf3a9bb522937c013f7db00e6c,fe00de604990c155fd9239e7643555cbea5f31d71699c09b0b1408e1f8bbf821,65,8,8,11,3,3,PAIR_COUNT_GT4_SHARED_FRAME_REPEATED_EVIDENCE,0.273551,0.993153,3.319104,0.140070,82.000000,201.500000,0.009018,0.057987,0.015229,0.031338,0.004988,0.005055,1.000000,0.657390,0.999167,1.168398,0.146401,32.500000,406.000000,0.020989,0.023685,0.023809,0.024754,0.008573,0.007444,178.584287,0.296507,0.362216,1.228226,1.365629,88.634371,,,REPRESENTATION_X_Y_AXES_ONLY,314.000000,407.000000,0.224483,4442.000000,0.169347,0.223846,0.157353,0.085658,-0.013254,0.014835,2.789916,0.082746,0.195332,0.145253,,,REPRESENTATION_X_Y_AXES_ONLY,CANNY_THIN_EDGE_CONNECTIVITY_PROXY_NOT_MORPHOLOGICAL_SKELETON,TELEA_INPAINT_INVALID_PLUS_ERODE_VALID_6PX,1.000000,1.000000,1.000000,1.000000,PASS:65,44.000000,73.000000,0.010376,PASS,TRACKED_OR_FIXED_CENTER_WITH_GLOBAL_AXES_AND_EQUAL_WINDOW_DIMENSIONS,EQUAL_WINDOW_DIMENSIONS_GRID_DENSITY_MASK_GRAY;ROTATED_ANISOTROPIC_WINDOWS_SAMPLE_DIFFERENT_SOURCE_PIXELS,directly_reviewed_complete,metrics remain separate; no combined score or parameter selection; rotated-window deltas are not pure coordinate-axis attribution
CLASS-NEGATIVE-S1L-BG-0011,background_counterfactual,VEHICLE_CLASS_NEGATIVE,NOT_A_TEMPORAL_DIRECTION_TEST,NOT_A_TEMPORAL_CORRESPONDENCE_TEST,GM_RM017,GM_RM017:PV002,vehicle_class_falsification,raw_gt,CENTER_TRACKED_RADIAL,REPRESENTATION_DEFINED_AXIS,CANDIDATE_LOCAL_REESTIMATED,SOURCE_POSITIVE_GT_CONDITIONED_VIEW_GAP10_DIFF5_RELIABILITY_AND_FINITE_COMMON_VALID_PROJECTED_NO_RESELECTION,369267f7470fa21a7f75d20a878c2056eb190faf3a9bb522937c013f7db00e6c,fe00de604990c155fd9239e7643555cbea5f31d71699c09b0b1408e1f8bbf821,65,8,8,11,3,3,PAIR_COUNT_GT4_SHARED_FRAME_REPEATED_EVIDENCE,0.269207,0.993229,3.197960,0.141315,29.000000,277.000000,0.032183,0.073611,0.025319,0.046030,0.000784,0.003522,1.000000,0.653198,0.999367,1.019226,0.146545,40.500000,376.500000,0.019884,0.025778,0.023853,0.021413,0.007376,0.006821,176.442362,0.295083,0.360816,1.173237,3.822272,86.177728,,,REPRESENTATION_X_Y_AXES_ONLY,319.000000,430.000000,0.232918,4427.000000,0.180437,0.226227,0.167405,0.088002,-0.017513,-0.021308,2.789394,0.070314,0.194011,0.146654,,,REPRESENTATION_X_Y_AXES_ONLY,CANNY_THIN_EDGE_CONNECTIVITY_PROXY_NOT_MORPHOLOGICAL_SKELETON,TELEA_INPAINT_INVALID_PLUS_ERODE_VALID_6PX,1.000000,1.000000,1.000000,1.000000,PASS:65,44.000000,73.000000,0.010345,PASS,AXIS_ORIENTATION_PLUS_ROTATED_ANISOTROPIC_SUPPORT_FOOTPRINT,EQUAL_WINDOW_DIMENSIONS_GRID_DENSITY_MASK_GRAY;ROTATED_ANISOTROPIC_WINDOWS_SAMPLE_DIFFERENT_SOURCE_PIXELS,directly_reviewed_complete,metrics remain separate; no combined score or parameter selection; rotated-window deltas are not pure coordinate-axis attribution
CLASS-NEGATIVE-S1L-BG-0011,background_counterfactual,VEHICLE_CLASS_NEGATIVE,NOT_A_TEMPORAL_DIRECTION_TEST,NOT_A_TEMPORAL_CORRESPONDENCE_TEST,GM_RM017,GM_RM017:PV002,vehicle_class_falsification,raw_gt,CENTER_TRACKED_BODY,GT_DERIVED_UNSIGNED_BODY,CANDIDATE_LOCAL_REESTIMATED,SOURCE_POSITIVE_GT_CONDITIONED_VIEW_GAP10_DIFF5_RELIABILITY_AND_FINITE_COMMON_VALID_PROJECTED_NO_RESELECTION,369267f7470fa21a7f75d20a878c2056eb190faf3a9bb522937c013f7db00e6c,fe00de604990c155fd9239e7643555cbea5f31d71699c09b0b1408e1f8bbf821,65,8,8,11,3,3,PAIR_COUNT_GT4_SHARED_FRAME_REPEATED_EVIDENCE,0.046419,0.916651,11.778554,0.135443,51.000000,171.500000,0.033207,0.080118,0.017648,0.031203,0.006646,0.004505,1.000000,0.586969,0.997591,1.987259,0.143302,37.000000,414.000000,0.015369,0.028861,0.023033,0.025756,0.008207,0.006342,1.070118,0.294949,0.362631,1.355110,2.113234,87.886766,2.113234,87.886766,BODY_LONG_SHORT_AXES,313.000000,400.000000,0.232888,4473.000000,0.170988,0.227417,0.158087,0.094178,-0.016408,0.021746,2.786921,0.073093,0.195165,0.146575,0.195165,0.146575,BODY_LONG_SHORT_AXES,CANNY_THIN_EDGE_CONNECTIVITY_PROXY_NOT_MORPHOLOGICAL_SKELETON,TELEA_INPAINT_INVALID_PLUS_ERODE_VALID_6PX,1.000000,1.000000,1.000000,1.000000,PASS:65,44.000000,73.330000,0.010345,PASS,AXIS_ORIENTATION_PLUS_ROTATED_ANISOTROPIC_SUPPORT_FOOTPRINT,EQUAL_WINDOW_DIMENSIONS_GRID_DENSITY_MASK_GRAY;ROTATED_ANISOTROPIC_WINDOWS_SAMPLE_DIFFERENT_SOURCE_PIXELS,directly_reviewed_complete,metrics remain separate; no combined score or parameter selection; rotated-window deltas are not pure coordinate-axis attribution
CLASS-NEGATIVE-S1L-BG-0011,background_counterfactual,VEHICLE_CLASS_NEGATIVE,NOT_A_TEMPORAL_DIRECTION_TEST,NOT_A_TEMPORAL_CORRESPONDENCE_TEST,GM_RM017,GM_RM017:PV002,vehicle_class_falsification,smoothed_gt,WORLD_FIXED,REPRESENTATION_DEFINED_AXIS,FIXED_REFERENCE,SOURCE_POSITIVE_GT_CONDITIONED_VIEW_GAP10_DIFF5_RELIABILITY_AND_FINITE_COMMON_VALID_PROJECTED_NO_RESELECTION,7af9116724c7a8702700075845d02acd180c1bd14d4b238413ba2ed3adaafc86,ed546402acc4ce6014d9b55287c5bd2e9525b45c88e831b366822566c34e6b33,65,3,0,0,0,0,NO_ELIGIBLE_PAIRS,,,,,,,,,,,,,,0.731534,0.999435,0.963331,0.124623,34.000000,365.500000,0.025400,0.042333,0.029873,0.046765,0.009882,0.008899,179.000477,0.396472,0.361088,1.042399,0.978891,89.021109,,,REPRESENTATION_X_Y_AXES_ONLY,156.000000,216.000000,0.294209,2967.000000,0.330501,0.146454,0.295142,0.106596,-0.015763,0.054204,2.804003,0.167063,0.205605,0.135457,,,REPRESENTATION_X_Y_AXES_ONLY,CANNY_THIN_EDGE_CONNECTIVITY_PROXY_NOT_MORPHOLOGICAL_SKELETON,TELEA_INPAINT_INVALID_PLUS_ERODE_VALID_6PX,1.000000,1.000000,1.000000,1.000000,PASS:65,44.000000,73.000000,0.002716,PASS,TRACKED_OR_FIXED_CENTER_WITH_GLOBAL_AXES_AND_EQUAL_WINDOW_DIMENSIONS,EQUAL_WINDOW_DIMENSIONS_GRID_DENSITY_MASK_GRAY;ROTATED_ANISOTROPIC_WINDOWS_SAMPLE_DIFFERENT_SOURCE_PIXELS,directly_reviewed_complete,metrics remain separate; no combined score or parameter selection; rotated-window deltas are not pure coordinate-axis attribution
CLASS-NEGATIVE-S1L-BG-0011,background_counterfactual,VEHICLE_CLASS_NEGATIVE,NOT_A_TEMPORAL_DIRECTION_TEST,NOT_A_TEMPORAL_CORRESPONDENCE_TEST,GM_RM017,GM_RM017:PV002,vehicle_class_falsification,smoothed_gt,CENTER_TRACKED_CARTESIAN,REPRESENTATION_DEFINED_AXIS,FIXED_REFERENCE,SOURCE_POSITIVE_GT_CONDITIONED_VIEW_GAP10_DIFF5_RELIABILITY_AND_FINITE_COMMON_VALID_PROJECTED_NO_RESELECTION,7af9116724c7a8702700075845d02acd180c1bd14d4b238413ba2ed3adaafc86,ed546402acc4ce6014d9b55287c5bd2e9525b45c88e831b366822566c34e6b33,65,3,0,0,0,0,NO_ELIGIBLE_PAIRS,,,,,,,,,,,,,,0.731534,0.999435,0.963331,0.124623,34.000000,365.500000,0.025400,0.042333,0.029873,0.046765,0.009882,0.008899,179.000477,0.396472,0.361088,1.042399,0.978891,89.021109,,,REPRESENTATION_X_Y_AXES_ONLY,156.000000,216.000000,0.294209,2967.000000,0.330501,0.146454,0.295142,0.106596,-0.015763,0.054204,2.804003,0.167063,0.205605,0.135457,,,REPRESENTATION_X_Y_AXES_ONLY,CANNY_THIN_EDGE_CONNECTIVITY_PROXY_NOT_MORPHOLOGICAL_SKELETON,TELEA_INPAINT_INVALID_PLUS_ERODE_VALID_6PX,1.000000,1.000000,1.000000,1.000000,PASS:65,44.000000,73.000000,0.002716,PASS,TRACKED_OR_FIXED_CENTER_WITH_GLOBAL_AXES_AND_EQUAL_WINDOW_DIMENSIONS,EQUAL_WINDOW_DIMENSIONS_GRID_DENSITY_MASK_GRAY;ROTATED_ANISOTROPIC_WINDOWS_SAMPLE_DIFFERENT_SOURCE_PIXELS,directly_reviewed_complete,metrics remain separate; no combined score or parameter selection; rotated-window deltas are not pure coordinate-axis attribution
CLASS-NEGATIVE-S1L-BG-0011,background_counterfactual,VEHICLE_CLASS_NEGATIVE,NOT_A_TEMPORAL_DIRECTION_TEST,NOT_A_TEMPORAL_CORRESPONDENCE_TEST,GM_RM017,GM_RM017:PV002,vehicle_class_falsification,smoothed_gt,CENTER_TRACKED_RADIAL,REPRESENTATION_DEFINED_AXIS,FIXED_REFERENCE,SOURCE_POSITIVE_GT_CONDITIONED_VIEW_GAP10_DIFF5_RELIABILITY_AND_FINITE_COMMON_VALID_PROJECTED_NO_RESELECTION,7af9116724c7a8702700075845d02acd180c1bd14d4b238413ba2ed3adaafc86,ed546402acc4ce6014d9b55287c5bd2e9525b45c88e831b366822566c34e6b33,65,3,0,0,0,0,NO_ELIGIBLE_PAIRS,,,,,,,,,,,,,,0.727885,0.999528,0.880059,0.126662,29.000000,392.500000,0.022909,0.044801,0.019635,0.042441,0.008724,0.006865,176.121524,0.395722,0.358433,0.998159,4.210100,85.789900,,,REPRESENTATION_X_Y_AXES_ONLY,159.000000,214.000000,0.286706,2981.000000,0.326190,0.146393,0.292655,0.104575,-0.031125,-0.056746,2.807662,0.160813,0.204212,0.135363,,,REPRESENTATION_X_Y_AXES_ONLY,CANNY_THIN_EDGE_CONNECTIVITY_PROXY_NOT_MORPHOLOGICAL_SKELETON,TELEA_INPAINT_INVALID_PLUS_ERODE_VALID_6PX,1.000000,1.000000,1.000000,1.000000,PASS:65,44.000000,73.000000,0.002655,PASS,AXIS_ORIENTATION_PLUS_ROTATED_ANISOTROPIC_SUPPORT_FOOTPRINT,EQUAL_WINDOW_DIMENSIONS_GRID_DENSITY_MASK_GRAY;ROTATED_ANISOTROPIC_WINDOWS_SAMPLE_DIFFERENT_SOURCE_PIXELS,directly_reviewed_complete,metrics remain separate; no combined score or parameter selection; rotated-window deltas are not pure coordinate-axis attribution
CLASS-NEGATIVE-S1L-BG-0011,background_counterfactual,VEHICLE_CLASS_NEGATIVE,NOT_A_TEMPORAL_DIRECTION_TEST,NOT_A_TEMPORAL_CORRESPONDENCE_TEST,GM_RM017,GM_RM017:PV002,vehicle_class_falsification,smoothed_gt,CENTER_TRACKED_BODY,GT_DERIVED_UNSIGNED_BODY,FIXED_REFERENCE,SOURCE_POSITIVE_GT_CONDITIONED_VIEW_GAP10_DIFF5_RELIABILITY_AND_FINITE_COMMON_VALID_PROJECTED_NO_RESELECTION,7af9116724c7a8702700075845d02acd180c1bd14d4b238413ba2ed3adaafc86,ed546402acc4ce6014d9b55287c5bd2e9525b45c88e831b366822566c34e6b33,65,3,0,0,0,0,NO_ELIGIBLE_PAIRS,,,,,,,,,,,,,,0.718202,0.999456,0.944583,0.125579,31.000000,376.000000,0.028435,0.043425,0.023184,0.043720,0.010261,0.008281,1.608069,0.397033,0.360318,1.214423,2.397382,87.602618,2.397382,87.602618,BODY_LONG_SHORT_AXES,160.000000,221.000000,0.287694,3029.000000,0.330738,0.147064,0.296239,0.094175,-0.018415,0.055305,2.802979,0.154700,0.203053,0.135917,0.203053,0.135917,BODY_LONG_SHORT_AXES,CANNY_THIN_EDGE_CONNECTIVITY_PROXY_NOT_MORPHOLOGICAL_SKELETON,TELEA_INPAINT_INVALID_PLUS_ERODE_VALID_6PX,1.000000,1.000000,1.000000,1.000000,PASS:65,44.000000,73.330000,0.002686,PASS,AXIS_ORIENTATION_PLUS_ROTATED_ANISOTROPIC_SUPPORT_FOOTPRINT,EQUAL_WINDOW_DIMENSIONS_GRID_DENSITY_MASK_GRAY;ROTATED_ANISOTROPIC_WINDOWS_SAMPLE_DIFFERENT_SOURCE_PIXELS,directly_reviewed_complete,metrics remain separate; no combined score or parameter selection; rotated-window deltas are not pure coordinate-axis attribution
CLASS-NEGATIVE-S1L-BG-0011,background_counterfactual,VEHICLE_CLASS_NEGATIVE,NOT_A_TEMPORAL_DIRECTION_TEST,NOT_A_TEMPORAL_CORRESPONDENCE_TEST,GM_RM017,GM_RM017:PV002,vehicle_class_falsification,smoothed_gt,WORLD_FIXED,REPRESENTATION_DEFINED_AXIS,CANDIDATE_LOCAL_REESTIMATED,SOURCE_POSITIVE_GT_CONDITIONED_VIEW_GAP10_DIFF5_RELIABILITY_AND_FINITE_COMMON_VALID_PROJECTED_NO_RESELECTION,7af9116724c7a8702700075845d02acd180c1bd14d4b238413ba2ed3adaafc86,ed546402acc4ce6014d9b55287c5bd2e9525b45c88e831b366822566c34e6b33,65,3,0,0,0,0,NO_ELIGIBLE_PAIRS,,,,,,,,,,,,,,0.657390,0.999167,1.168398,0.146401,32.500000,406.000000,0.020989,0.023685,0.023809,0.024754,0.008573,0.007444,178.584287,0.296507,0.362216,1.228226,1.365629,88.634371,,,REPRESENTATION_X_Y_AXES_ONLY,314.000000,407.000000,0.224483,4442.000000,0.169347,0.223846,0.157353,0.085658,-0.013254,0.014835,2.789916,0.082746,0.195332,0.145253,,,REPRESENTATION_X_Y_AXES_ONLY,CANNY_THIN_EDGE_CONNECTIVITY_PROXY_NOT_MORPHOLOGICAL_SKELETON,TELEA_INPAINT_INVALID_PLUS_ERODE_VALID_6PX,1.000000,1.000000,1.000000,1.000000,PASS:65,44.000000,73.000000,0.010376,PASS,TRACKED_OR_FIXED_CENTER_WITH_GLOBAL_AXES_AND_EQUAL_WINDOW_DIMENSIONS,EQUAL_WINDOW_DIMENSIONS_GRID_DENSITY_MASK_GRAY;ROTATED_ANISOTROPIC_WINDOWS_SAMPLE_DIFFERENT_SOURCE_PIXELS,directly_reviewed_complete,metrics remain separate; no combined score or parameter selection; rotated-window deltas are not pure coordinate-axis attribution
CLASS-NEGATIVE-S1L-BG-0011,background_counterfactual,VEHICLE_CLASS_NEGATIVE,NOT_A_TEMPORAL_DIRECTION_TEST,NOT_A_TEMPORAL_CORRESPONDENCE_TEST,GM_RM017,GM_RM017:PV002,vehicle_class_falsification,smoothed_gt,CENTER_TRACKED_CARTESIAN,REPRESENTATION_DEFINED_AXIS,CANDIDATE_LOCAL_REESTIMATED,SOURCE_POSITIVE_GT_CONDITIONED_VIEW_GAP10_DIFF5_RELIABILITY_AND_FINITE_COMMON_VALID_PROJECTED_NO_RESELECTION,7af9116724c7a8702700075845d02acd180c1bd14d4b238413ba2ed3adaafc86,ed546402acc4ce6014d9b55287c5bd2e9525b45c88e831b366822566c34e6b33,65,3,0,0,0,0,NO_ELIGIBLE_PAIRS,,,,,,,,,,,,,,0.657390,0.999167,1.168398,0.146401,32.500000,406.000000,0.020989,0.023685,0.023809,0.024754,0.008573,0.007444,178.584287,0.296507,0.362216,1.228226,1.365629,88.634371,,,REPRESENTATION_X_Y_AXES_ONLY,314.000000,407.000000,0.224483,4442.000000,0.169347,0.223846,0.157353,0.085658,-0.013254,0.014835,2.789916,0.082746,0.195332,0.145253,,,REPRESENTATION_X_Y_AXES_ONLY,CANNY_THIN_EDGE_CONNECTIVITY_PROXY_NOT_MORPHOLOGICAL_SKELETON,TELEA_INPAINT_INVALID_PLUS_ERODE_VALID_6PX,1.000000,1.000000,1.000000,1.000000,PASS:65,44.000000,73.000000,0.010376,PASS,TRACKED_OR_FIXED_CENTER_WITH_GLOBAL_AXES_AND_EQUAL_WINDOW_DIMENSIONS,EQUAL_WINDOW_DIMENSIONS_GRID_DENSITY_MASK_GRAY;ROTATED_ANISOTROPIC_WINDOWS_SAMPLE_DIFFERENT_SOURCE_PIXELS,directly_reviewed_complete,metrics remain separate; no combined score or parameter selection; rotated-window deltas are not pure coordinate-axis attribution
CLASS-NEGATIVE-S1L-BG-0011,background_counterfactual,VEHICLE_CLASS_NEGATIVE,NOT_A_TEMPORAL_DIRECTION_TEST,NOT_A_TEMPORAL_CORRESPONDENCE_TEST,GM_RM017,GM_RM017:PV002,vehicle_class_falsification,smoothed_gt,CENTER_TRACKED_RADIAL,REPRESENTATION_DEFINED_AXIS,CANDIDATE_LOCAL_REESTIMATED,SOURCE_POSITIVE_GT_CONDITIONED_VIEW_GAP10_DIFF5_RELIABILITY_AND_FINITE_COMMON_VALID_PROJECTED_NO_RESELECTION,7af9116724c7a8702700075845d02acd180c1bd14d4b238413ba2ed3adaafc86,ed546402acc4ce6014d9b55287c5bd2e9525b45c88e831b366822566c34e6b33,65,3,0,0,0,0,NO_ELIGIBLE_PAIRS,,,,,,,,,,,,,,0.653198,0.999367,1.019226,0.146545,40.500000,376.500000,0.019884,0.025778,0.023853,0.021413,0.007376,0.006821,176.442362,0.295083,0.360816,1.173237,3.822272,86.177728,,,REPRESENTATION_X_Y_AXES_ONLY,319.000000,430.000000,0.232918,4427.000000,0.180437,0.226227,0.167405,0.088002,-0.017513,-0.021308,2.789394,0.070314,0.194011,0.146654,,,REPRESENTATION_X_Y_AXES_ONLY,CANNY_THIN_EDGE_CONNECTIVITY_PROXY_NOT_MORPHOLOGICAL_SKELETON,TELEA_INPAINT_INVALID_PLUS_ERODE_VALID_6PX,1.000000,1.000000,1.000000,1.000000,PASS:65,44.000000,73.000000,0.010345,PASS,AXIS_ORIENTATION_PLUS_ROTATED_ANISOTROPIC_SUPPORT_FOOTPRINT,EQUAL_WINDOW_DIMENSIONS_GRID_DENSITY_MASK_GRAY;ROTATED_ANISOTROPIC_WINDOWS_SAMPLE_DIFFERENT_SOURCE_PIXELS,directly_reviewed_complete,metrics remain separate; no combined score or parameter selection; rotated-window deltas are not pure coordinate-axis attribution
CLASS-NEGATIVE-S1L-BG-0011,background_counterfactual,VEHICLE_CLASS_NEGATIVE,NOT_A_TEMPORAL_DIRECTION_TEST,NOT_A_TEMPORAL_CORRESPONDENCE_TEST,GM_RM017,GM_RM017:PV002,vehicle_class_falsification,smoothed_gt,CENTER_TRACKED_BODY,GT_DERIVED_UNSIGNED_BODY,CANDIDATE_LOCAL_REESTIMATED,SOURCE_POSITIVE_GT_CONDITIONED_VIEW_GAP10_DIFF5_RELIABILITY_AND_FINITE_COMMON_VALID_PROJECTED_NO_RESELECTION,7af9116724c7a8702700075845d02acd180c1bd14d4b238413ba2ed3adaafc86,ed546402acc4ce6014d9b55287c5bd2e9525b45c88e831b366822566c34e6b33,65,3,0,0,0,0,NO_ELIGIBLE_PAIRS,,,,,,,,,,,,,,0.638034,0.999431,0.966042,0.146536,41.500000,411.500000,0.019815,0.024739,0.027302,0.020710,0.007639,0.006352,1.257732,0.293030,0.362069,1.196165,2.127326,87.872674,2.127326,87.872674,BODY_LONG_SHORT_AXES,314.000000,413.000000,0.229745,4473.000000,0.173892,0.227478,0.160725,0.094024,-0.014666,0.021682,2.785217,0.069174,0.195997,0.147248,0.195997,0.147248,BODY_LONG_SHORT_AXES,CANNY_THIN_EDGE_CONNECTIVITY_PROXY_NOT_MORPHOLOGICAL_SKELETON,TELEA_INPAINT_INVALID_PLUS_ERODE_VALID_6PX,1.000000,1.000000,1.000000,1.000000,PASS:65,44.000000,73.330000,0.010376,PASS,AXIS_ORIENTATION_PLUS_ROTATED_ANISOTROPIC_SUPPORT_FOOTPRINT,EQUAL_WINDOW_DIMENSIONS_GRID_DENSITY_MASK_GRAY;ROTATED_ANISOTROPIC_WINDOWS_SAMPLE_DIFFERENT_SOURCE_PIXELS,directly_reviewed_complete,metrics remain separate; no combined score or parameter selection; rotated-window deltas are not pure coordinate-axis attribution
CLASS-NEGATIVE-S1L-BG-OCS-B3-SA35N,background_counterfactual,VEHICLE_CLASS_NEGATIVE,NOT_A_TEMPORAL_DIRECTION_TEST,NOT_A_TEMPORAL_CORRESPONDENCE_TEST,GM_RM017,GM_RM017:PV002,vehicle_class_falsification,raw_gt,WORLD_FIXED,REPRESENTATION_DEFINED_AXIS,FIXED_REFERENCE,SOURCE_POSITIVE_GT_CONDITIONED_VIEW_GAP10_DIFF5_RELIABILITY_AND_FINITE_COMMON_VALID_PROJECTED_NO_RESELECTION,369267f7470fa21a7f75d20a878c2056eb190faf3a9bb522937c013f7db00e6c,fe00de604990c155fd9239e7643555cbea5f31d71699c09b0b1408e1f8bbf821,65,8,8,11,3,3,PAIR_COUNT_GT4_SHARED_FRAME_REPEATED_EVIDENCE,0.475581,0.301068,35.868032,0.108700,43.500000,409.000000,0.084612,0.230999,0.025616,0.086049,0.020140,0.012390,1.000000,0.720099,0.983233,5.247341,0.142162,17.500000,179.000000,0.027511,0.054168,0.031062,0.044816,0.011602,0.011534,174.380732,0.110134,0.308532,11.321166,13.238726,76.761274,,,REPRESENTATION_X_Y_AXES_ONLY,50.000000,122.000000,0.314900,1487.000000,0.319975,0.073608,0.319813,0.289951,-0.181792,0.313925,2.823288,0.589344,0.171637,0.152699,,,REPRESENTATION_X_Y_AXES_ONLY,CANNY_THIN_EDGE_CONNECTIVITY_PROXY_NOT_MORPHOLOGICAL_SKELETON,TELEA_INPAINT_INVALID_PLUS_ERODE_VALID_6PX,1.000000,1.000000,1.000000,1.000000,PASS:65,44.000000,65.000000,0.000549,PASS,TRACKED_OR_FIXED_CENTER_WITH_GLOBAL_AXES_AND_EQUAL_WINDOW_DIMENSIONS,EQUAL_WINDOW_DIMENSIONS_GRID_DENSITY_MASK_GRAY;ROTATED_ANISOTROPIC_WINDOWS_SAMPLE_DIFFERENT_SOURCE_PIXELS,directly_reviewed_complete,metrics remain separate; no combined score or parameter selection; rotated-window deltas are not pure coordinate-axis attribution
CLASS-NEGATIVE-S1L-BG-OCS-B3-SA35N,background_counterfactual,VEHICLE_CLASS_NEGATIVE,NOT_A_TEMPORAL_DIRECTION_TEST,NOT_A_TEMPORAL_CORRESPONDENCE_TEST,GM_RM017,GM_RM017:PV002,vehicle_class_falsification,raw_gt,CENTER_TRACKED_CARTESIAN,REPRESENTATION_DEFINED_AXIS,FIXED_REFERENCE,SOURCE_POSITIVE_GT_CONDITIONED_VIEW_GAP10_DIFF5_RELIABILITY_AND_FINITE_COMMON_VALID_PROJECTED_NO_RESELECTION,369267f7470fa21a7f75d20a878c2056eb190faf3a9bb522937c013f7db00e6c,fe00de604990c155fd9239e7643555cbea5f31d71699c09b0b1408e1f8bbf821,65,8,8,11,3,3,PAIR_COUNT_GT4_SHARED_FRAME_REPEATED_EVIDENCE,0.187344,0.478975,30.671012,0.063185,40.500000,576.500000,0.042437,0.310988,0.020822,0.187168,0.025275,0.007080,1.000000,0.707151,0.978644,5.929380,0.133954,17.000000,198.500000,0.034573,0.074444,0.027264,0.055679,0.013382,0.010080,2.888034,0.110086,0.298742,14.277686,12.227084,77.772916,,,REPRESENTATION_X_Y_AXES_ONLY,39.000000,87.000000,0.393427,1196.000000,0.388460,0.059845,0.378526,0.283290,-0.064233,0.305417,2.822416,0.567060,0.174501,0.156928,,,REPRESENTATION_X_Y_AXES_ONLY,CANNY_THIN_EDGE_CONNECTIVITY_PROXY_NOT_MORPHOLOGICAL_SKELETON,TELEA_INPAINT_INVALID_PLUS_ERODE_VALID_6PX,1.000000,1.000000,1.000000,1.000000,PASS:65,44.000000,60.000000,0.000214,PASS,TRACKED_OR_FIXED_CENTER_WITH_GLOBAL_AXES_AND_EQUAL_WINDOW_DIMENSIONS,EQUAL_WINDOW_DIMENSIONS_GRID_DENSITY_MASK_GRAY;ROTATED_ANISOTROPIC_WINDOWS_SAMPLE_DIFFERENT_SOURCE_PIXELS,directly_reviewed_complete,metrics remain separate; no combined score or parameter selection; rotated-window deltas are not pure coordinate-axis attribution
CLASS-NEGATIVE-S1L-BG-OCS-B3-SA35N,background_counterfactual,VEHICLE_CLASS_NEGATIVE,NOT_A_TEMPORAL_DIRECTION_TEST,NOT_A_TEMPORAL_CORRESPONDENCE_TEST,GM_RM017,GM_RM017:PV002,vehicle_class_falsification,raw_gt,CENTER_TRACKED_RADIAL,REPRESENTATION_DEFINED_AXIS,FIXED_REFERENCE,SOURCE_POSITIVE_GT_CONDITIONED_VIEW_GAP10_DIFF5_RELIABILITY_AND_FINITE_COMMON_VALID_PROJECTED_NO_RESELECTION,369267f7470fa21a7f75d20a878c2056eb190faf3a9bb522937c013f7db00e6c,fe00de604990c155fd9239e7643555cbea5f31d71699c09b0b1408e1f8bbf821,65,8,8,11,3,3,PAIR_COUNT_GT4_SHARED_FRAME_REPEATED_EVIDENCE,0.158596,0.780792,19.222001,0.054836,66.500000,743.500000,0.062486,0.302047,0.035634,0.241870,0.021104,0.011626,1.000000,0.652468,0.951836,8.926784,0.124170,13.500000,172.000000,0.031131,0.074836,0.024580,0.058615,0.011754,0.012943,9.637973,0.072706,0.281919,22.399600,20.321671,69.678329,,,REPRESENTATION_X_Y_AXES_ONLY,34.000000,73.000000,0.597656,936.000000,0.552476,0.046661,0.559217,0.278947,-0.032811,-0.330258,2.840642,0.627103,0.165857,0.159177,,,REPRESENTATION_X_Y_AXES_ONLY,CANNY_THIN_EDGE_CONNECTIVITY_PROXY_NOT_MORPHOLOGICAL_SKELETON,TELEA_INPAINT_INVALID_PLUS_ERODE_VALID_6PX,1.000000,1.000000,1.000000,1.000000,PASS:65,44.000000,57.000000,0.000183,PASS,AXIS_ORIENTATION_PLUS_ROTATED_ANISOTROPIC_SUPPORT_FOOTPRINT,EQUAL_WINDOW_DIMENSIONS_GRID_DENSITY_MASK_GRAY;ROTATED_ANISOTROPIC_WINDOWS_SAMPLE_DIFFERENT_SOURCE_PIXELS,directly_reviewed_complete,metrics remain separate; no combined score or parameter selection; rotated-window deltas are not pure coordinate-axis attribution
CLASS-NEGATIVE-S1L-BG-OCS-B3-SA35N,background_counterfactual,VEHICLE_CLASS_NEGATIVE,NOT_A_TEMPORAL_DIRECTION_TEST,NOT_A_TEMPORAL_CORRESPONDENCE_TEST,GM_RM017,GM_RM017:PV002,vehicle_class_falsification,raw_gt,CENTER_TRACKED_BODY,GT_DERIVED_UNSIGNED_BODY,FIXED_REFERENCE,SOURCE_POSITIVE_GT_CONDITIONED_VIEW_GAP10_DIFF5_RELIABILITY_AND_FINITE_COMMON_VALID_PROJECTED_NO_RESELECTION,369267f7470fa21a7f75d20a878c2056eb190faf3a9bb522937c013f7db00e6c,fe00de604990c155fd9239e7643555cbea5f31d71699c09b0b1408e1f8bbf821,65,8,8,11,3,3,PAIR_COUNT_GT4_SHARED_FRAME_REPEATED_EVIDENCE,0.185441,0.584171,27.031959,0.063680,42.000000,653.000000,0.049175,0.281185,0.025862,0.172669,0.009504,0.008339,1.000000,0.692694,0.966383,7.448568,0.128035,16.000000,190.500000,0.033459,0.074680,0.037874,0.062273,0.011254,0.010516,9.500686,0.104698,0.297675,15.196314,11.416125,78.583875,11.416125,78.583875,BODY_LONG_SHORT_AXES,41.000000,98.000000,0.384539,1220.000000,0.367953,0.061157,0.362545,0.251949,-0.066545,0.299114,2.820523,0.582583,0.172918,0.158742,0.172918,0.158742,BODY_LONG_SHORT_AXES,CANNY_THIN_EDGE_CONNECTIVITY_PROXY_NOT_MORPHOLOGICAL_SKELETON,TELEA_INPAINT_INVALID_PLUS_ERODE_VALID_6PX,1.000000,1.000000,1.000000,1.000000,PASS:65,44.000000,59.330000,0.000183,PASS,AXIS_ORIENTATION_PLUS_ROTATED_ANISOTROPIC_SUPPORT_FOOTPRINT,EQUAL_WINDOW_DIMENSIONS_GRID_DENSITY_MASK_GRAY;ROTATED_ANISOTROPIC_WINDOWS_SAMPLE_DIFFERENT_SOURCE_PIXELS,directly_reviewed_complete,metrics remain separate; no combined score or parameter selection; rotated-window deltas are not pure coordinate-axis attribution
CLASS-NEGATIVE-S1L-BG-OCS-B3-SA35N,background_counterfactual,VEHICLE_CLASS_NEGATIVE,NOT_A_TEMPORAL_DIRECTION_TEST,NOT_A_TEMPORAL_CORRESPONDENCE_TEST,GM_RM017,GM_RM017:PV002,vehicle_class_falsification,raw_gt,WORLD_FIXED,REPRESENTATION_DEFINED_AXIS,CANDIDATE_LOCAL_REESTIMATED,SOURCE_POSITIVE_GT_CONDITIONED_VIEW_GAP10_DIFF5_RELIABILITY_AND_FINITE_COMMON_VALID_PROJECTED_NO_RESELECTION,369267f7470fa21a7f75d20a878c2056eb190faf3a9bb522937c013f7db00e6c,fe00de604990c155fd9239e7643555cbea5f31d71699c09b0b1408e1f8bbf821,65,8,8,11,3,3,PAIR_COUNT_GT4_SHARED_FRAME_REPEATED_EVIDENCE,0.628822,0.714799,20.771055,0.148722,61.000000,303.000000,0.037334,0.044392,0.039072,0.027080,0.009860,0.005319,1.000000,0.760092,0.988953,4.262083,0.155863,32.000000,491.500000,0.016946,0.027653,0.029632,0.027227,0.005263,0.007365,176.220242,0.076657,0.331008,9.362682,9.256837,80.743163,,,REPRESENTATION_X_Y_AXES_ONLY,327.000000,519.000000,0.178269,4442.000000,0.120642,0.233063,0.120090,0.221258,-0.062012,0.020706,2.772472,0.163278,0.156112,0.171193,,,REPRESENTATION_X_Y_AXES_ONLY,CANNY_THIN_EDGE_CONNECTIVITY_PROXY_NOT_MORPHOLOGICAL_SKELETON,TELEA_INPAINT_INVALID_PLUS_ERODE_VALID_6PX,1.000000,1.000000,1.000000,1.000000,PASS:65,43.000000,65.000000,0.011078,PASS,TRACKED_OR_FIXED_CENTER_WITH_GLOBAL_AXES_AND_EQUAL_WINDOW_DIMENSIONS,EQUAL_WINDOW_DIMENSIONS_GRID_DENSITY_MASK_GRAY;ROTATED_ANISOTROPIC_WINDOWS_SAMPLE_DIFFERENT_SOURCE_PIXELS,directly_reviewed_complete,metrics remain separate; no combined score or parameter selection; rotated-window deltas are not pure coordinate-axis attribution
CLASS-NEGATIVE-S1L-BG-OCS-B3-SA35N,background_counterfactual,VEHICLE_CLASS_NEGATIVE,NOT_A_TEMPORAL_DIRECTION_TEST,NOT_A_TEMPORAL_CORRESPONDENCE_TEST,GM_RM017,GM_RM017:PV002,vehicle_class_falsification,raw_gt,CENTER_TRACKED_CARTESIAN,REPRESENTATION_DEFINED_AXIS,CANDIDATE_LOCAL_REESTIMATED,SOURCE_POSITIVE_GT_CONDITIONED_VIEW_GAP10_DIFF5_RELIABILITY_AND_FINITE_COMMON_VALID_PROJECTED_NO_RESELECTION,369267f7470fa21a7f75d20a878c2056eb190faf3a9bb522937c013f7db00e6c,fe00de604990c155fd9239e7643555cbea5f31d71699c09b0b1408e1f8bbf821,65,8,8,11,3,3,PAIR_COUNT_GT4_SHARED_FRAME_REPEATED_EVIDENCE,0.260191,0.759648,20.258332,0.153695,16.500000,167.500000,0.015483,0.079749,0.012157,0.045733,0.008983,0.005835,1.000000,0.729027,0.972050,6.788824,0.163501,39.000000,530.500000,0.015884,0.027043,0.027198,0.023634,0.004960,0.004910,5.102570,0.061281,0.328009,12.648606,13.807872,76.192128,,,REPRESENTATION_X_Y_AXES_ONLY,338.000000,540.000000,0.082193,4680.000000,0.097693,0.238190,0.077681,0.190669,-0.037617,-0.002867,2.774451,0.149904,0.155818,0.176544,,,REPRESENTATION_X_Y_AXES_ONLY,CANNY_THIN_EDGE_CONNECTIVITY_PROXY_NOT_MORPHOLOGICAL_SKELETON,TELEA_INPAINT_INVALID_PLUS_ERODE_VALID_6PX,1.000000,1.000000,1.000000,1.000000,PASS:65,43.000000,60.000000,0.011566,PASS,TRACKED_OR_FIXED_CENTER_WITH_GLOBAL_AXES_AND_EQUAL_WINDOW_DIMENSIONS,EQUAL_WINDOW_DIMENSIONS_GRID_DENSITY_MASK_GRAY;ROTATED_ANISOTROPIC_WINDOWS_SAMPLE_DIFFERENT_SOURCE_PIXELS,directly_reviewed_complete,metrics remain separate; no combined score or parameter selection; rotated-window deltas are not pure coordinate-axis attribution
CLASS-NEGATIVE-S1L-BG-OCS-B3-SA35N,background_counterfactual,VEHICLE_CLASS_NEGATIVE,NOT_A_TEMPORAL_DIRECTION_TEST,NOT_A_TEMPORAL_CORRESPONDENCE_TEST,GM_RM017,GM_RM017:PV002,vehicle_class_falsification,raw_gt,CENTER_TRACKED_RADIAL,REPRESENTATION_DEFINED_AXIS,CANDIDATE_LOCAL_REESTIMATED,SOURCE_POSITIVE_GT_CONDITIONED_VIEW_GAP10_DIFF5_RELIABILITY_AND_FINITE_COMMON_VALID_PROJECTED_NO_RESELECTION,369267f7470fa21a7f75d20a878c2056eb190faf3a9bb522937c013f7db00e6c,fe00de604990c155fd9239e7643555cbea5f31d71699c09b0b1408e1f8bbf821,65,8,8,11,3,3,PAIR_COUNT_GT4_SHARED_FRAME_REPEATED_EVIDENCE,0.255251,0.801265,18.364365,0.154954,41.000000,502.500000,0.008767,0.051430,0.040209,0.040846,0.010270,0.005528,1.000000,0.680770,0.927392,10.984054,0.169159,33.500000,447.500000,0.012124,0.020154,0.028253,0.014123,0.004381,0.004174,37.573410,0.045772,0.316475,36.967882,40.272237,49.727763,,,REPRESENTATION_X_Y_AXES_ONLY,322.000000,533.000000,0.078895,4911.000000,0.087586,0.250977,0.071356,0.167388,-0.068110,0.026013,2.787860,0.202649,0.151413,0.175978,,,REPRESENTATION_X_Y_AXES_ONLY,CANNY_THIN_EDGE_CONNECTIVITY_PROXY_NOT_MORPHOLOGICAL_SKELETON,TELEA_INPAINT_INVALID_PLUS_ERODE_VALID_6PX,1.000000,1.000000,1.000000,1.000000,PASS:65,43.000000,57.000000,0.011139,PASS,AXIS_ORIENTATION_PLUS_ROTATED_ANISOTROPIC_SUPPORT_FOOTPRINT,EQUAL_WINDOW_DIMENSIONS_GRID_DENSITY_MASK_GRAY;ROTATED_ANISOTROPIC_WINDOWS_SAMPLE_DIFFERENT_SOURCE_PIXELS,directly_reviewed_complete,metrics remain separate; no combined score or parameter selection; rotated-window deltas are not pure coordinate-axis attribution
CLASS-NEGATIVE-S1L-BG-OCS-B3-SA35N,background_counterfactual,VEHICLE_CLASS_NEGATIVE,NOT_A_TEMPORAL_DIRECTION_TEST,NOT_A_TEMPORAL_CORRESPONDENCE_TEST,GM_RM017,GM_RM017:PV002,vehicle_class_falsification,raw_gt,CENTER_TRACKED_BODY,GT_DERIVED_UNSIGNED_BODY,CANDIDATE_LOCAL_REESTIMATED,SOURCE_POSITIVE_GT_CONDITIONED_VIEW_GAP10_DIFF5_RELIABILITY_AND_FINITE_COMMON_VALID_PROJECTED_NO_RESELECTION,369267f7470fa21a7f75d20a878c2056eb190faf3a9bb522937c013f7db00e6c,fe00de604990c155fd9239e7643555cbea5f31d71699c09b0b1408e1f8bbf821,65,8,8,11,3,3,PAIR_COUNT_GT4_SHARED_FRAME_REPEATED_EVIDENCE,0.255559,0.663633,24.204492,0.152462,28.500000,368.000000,0.023113,0.080882,0.014077,0.074972,0.010801,0.008279,1.000000,0.710763,0.961619,7.956943,0.159633,39.000000,486.000000,0.024830,0.028480,0.024974,0.023821,0.004879,0.006872,12.893970,0.065405,0.328223,10.843769,16.479595,73.520405,16.479595,73.520405,BODY_LONG_SHORT_AXES,342.000000,532.000000,0.080362,4595.000000,0.104700,0.238190,0.084588,0.184663,-0.015881,-0.001744,2.771962,0.135303,0.156524,0.175264,0.156524,0.175264,BODY_LONG_SHORT_AXES,CANNY_THIN_EDGE_CONNECTIVITY_PROXY_NOT_MORPHOLOGICAL_SKELETON,TELEA_INPAINT_INVALID_PLUS_ERODE_VALID_6PX,1.000000,1.000000,1.000000,1.000000,PASS:65,43.000000,59.330000,0.011536,PASS,AXIS_ORIENTATION_PLUS_ROTATED_ANISOTROPIC_SUPPORT_FOOTPRINT,EQUAL_WINDOW_DIMENSIONS_GRID_DENSITY_MASK_GRAY;ROTATED_ANISOTROPIC_WINDOWS_SAMPLE_DIFFERENT_SOURCE_PIXELS,directly_reviewed_complete,metrics remain separate; no combined score or parameter selection; rotated-window deltas are not pure coordinate-axis attribution
CLASS-NEGATIVE-S1L-BG-OCS-B3-SA35N,background_counterfactual,VEHICLE_CLASS_NEGATIVE,NOT_A_TEMPORAL_DIRECTION_TEST,NOT_A_TEMPORAL_CORRESPONDENCE_TEST,GM_RM017,GM_RM017:PV002,vehicle_class_falsification,smoothed_gt,WORLD_FIXED,REPRESENTATION_DEFINED_AXIS,FIXED_REFERENCE,SOURCE_POSITIVE_GT_CONDITIONED_VIEW_GAP10_DIFF5_RELIABILITY_AND_FINITE_COMMON_VALID_PROJECTED_NO_RESELECTION,7af9116724c7a8702700075845d02acd180c1bd14d4b238413ba2ed3adaafc86,ed546402acc4ce6014d9b55287c5bd2e9525b45c88e831b366822566c34e6b33,65,3,0,0,0,0,NO_ELIGIBLE_PAIRS,,,,,,,,,,,,,,0.721005,0.981990,5.445184,0.142334,19.000000,204.500000,0.030959,0.053862,0.028529,0.055546,0.010833,0.012758,174.486089,0.105966,0.307580,11.549434,13.267501,76.732499,,,REPRESENTATION_X_Y_AXES_ONLY,50.000000,116.000000,0.326975,1484.000000,0.316455,0.073029,0.317941,0.257278,-0.181349,0.299703,2.823897,0.577338,0.171246,0.152023,,,REPRESENTATION_X_Y_AXES_ONLY,CANNY_THIN_EDGE_CONNECTIVITY_PROXY_NOT_MORPHOLOGICAL_SKELETON,TELEA_INPAINT_INVALID_PLUS_ERODE_VALID_6PX,1.000000,1.000000,1.000000,1.000000,PASS:65,44.000000,65.000000,0.000580,PASS,TRACKED_OR_FIXED_CENTER_WITH_GLOBAL_AXES_AND_EQUAL_WINDOW_DIMENSIONS,EQUAL_WINDOW_DIMENSIONS_GRID_DENSITY_MASK_GRAY;ROTATED_ANISOTROPIC_WINDOWS_SAMPLE_DIFFERENT_SOURCE_PIXELS,directly_reviewed_complete,metrics remain separate; no combined score or parameter selection; rotated-window deltas are not pure coordinate-axis attribution
CLASS-NEGATIVE-S1L-BG-OCS-B3-SA35N,background_counterfactual,VEHICLE_CLASS_NEGATIVE,NOT_A_TEMPORAL_DIRECTION_TEST,NOT_A_TEMPORAL_CORRESPONDENCE_TEST,GM_RM017,GM_RM017:PV002,vehicle_class_falsification,smoothed_gt,CENTER_TRACKED_CARTESIAN,REPRESENTATION_DEFINED_AXIS,FIXED_REFERENCE,SOURCE_POSITIVE_GT_CONDITIONED_VIEW_GAP10_DIFF5_RELIABILITY_AND_FINITE_COMMON_VALID_PROJECTED_NO_RESELECTION,7af9116724c7a8702700075845d02acd180c1bd14d4b238413ba2ed3adaafc86,ed546402acc4ce6014d9b55287c5bd2e9525b45c88e831b366822566c34e6b33,65,3,0,0,0,0,NO_ELIGIBLE_PAIRS,,,,,,,,,,,,,,0.744101,0.978041,6.014531,0.137836,19.500000,194.000000,0.028485,0.065233,0.030906,0.052450,0.012690,0.010113,3.430011,0.109948,0.299816,13.681697,11.119785,78.880215,,,REPRESENTATION_X_Y_AXES_ONLY,39.000000,101.000000,0.363762,1234.000000,0.372400,0.061035,0.364576,0.251526,-0.067468,0.306172,2.822416,0.573541,0.174835,0.155453,,,REPRESENTATION_X_Y_AXES_ONLY,CANNY_THIN_EDGE_CONNECTIVITY_PROXY_NOT_MORPHOLOGICAL_SKELETON,TELEA_INPAINT_INVALID_PLUS_ERODE_VALID_6PX,1.000000,1.000000,1.000000,1.000000,PASS:65,44.000000,59.000000,0.000183,PASS,TRACKED_OR_FIXED_CENTER_WITH_GLOBAL_AXES_AND_EQUAL_WINDOW_DIMENSIONS,EQUAL_WINDOW_DIMENSIONS_GRID_DENSITY_MASK_GRAY;ROTATED_ANISOTROPIC_WINDOWS_SAMPLE_DIFFERENT_SOURCE_PIXELS,directly_reviewed_complete,metrics remain separate; no combined score or parameter selection; rotated-window deltas are not pure coordinate-axis attribution
CLASS-NEGATIVE-S1L-BG-OCS-B3-SA35N,background_counterfactual,VEHICLE_CLASS_NEGATIVE,NOT_A_TEMPORAL_DIRECTION_TEST,NOT_A_TEMPORAL_CORRESPONDENCE_TEST,GM_RM017,GM_RM017:PV002,vehicle_class_falsification,smoothed_gt,CENTER_TRACKED_RADIAL,REPRESENTATION_DEFINED_AXIS,FIXED_REFERENCE,SOURCE_POSITIVE_GT_CONDITIONED_VIEW_GAP10_DIFF5_RELIABILITY_AND_FINITE_COMMON_VALID_PROJECTED_NO_RESELECTION,7af9116724c7a8702700075845d02acd180c1bd14d4b238413ba2ed3adaafc86,ed546402acc4ce6014d9b55287c5bd2e9525b45c88e831b366822566c34e6b33,65,3,0,0,0,0,NO_ELIGIBLE_PAIRS,,,,,,,,,,,,,,0.719574,0.953810,8.740658,0.129292,17.000000,179.500000,0.028686,0.080273,0.038021,0.055238,0.013353,0.012366,10.021171,0.075808,0.279755,23.307118,20.361603,69.638397,,,REPRESENTATION_X_Y_AXES_ONLY,34.000000,74.000000,0.596196,908.000000,0.548180,0.045013,0.556318,0.279299,-0.033158,-0.311813,2.840000,0.624901,0.162833,0.158664,,,REPRESENTATION_X_Y_AXES_ONLY,CANNY_THIN_EDGE_CONNECTIVITY_PROXY_NOT_MORPHOLOGICAL_SKELETON,TELEA_INPAINT_INVALID_PLUS_ERODE_VALID_6PX,1.000000,1.000000,1.000000,1.000000,PASS:65,44.000000,57.000000,0.000183,PASS,AXIS_ORIENTATION_PLUS_ROTATED_ANISOTROPIC_SUPPORT_FOOTPRINT,EQUAL_WINDOW_DIMENSIONS_GRID_DENSITY_MASK_GRAY;ROTATED_ANISOTROPIC_WINDOWS_SAMPLE_DIFFERENT_SOURCE_PIXELS,directly_reviewed_complete,metrics remain separate; no combined score or parameter selection; rotated-window deltas are not pure coordinate-axis attribution
CLASS-NEGATIVE-S1L-BG-OCS-B3-SA35N,background_counterfactual,VEHICLE_CLASS_NEGATIVE,NOT_A_TEMPORAL_DIRECTION_TEST,NOT_A_TEMPORAL_CORRESPONDENCE_TEST,GM_RM017,GM_RM017:PV002,vehicle_class_falsification,smoothed_gt,CENTER_TRACKED_BODY,GT_DERIVED_UNSIGNED_BODY,FIXED_REFERENCE,SOURCE_POSITIVE_GT_CONDITIONED_VIEW_GAP10_DIFF5_RELIABILITY_AND_FINITE_COMMON_VALID_PROJECTED_NO_RESELECTION,7af9116724c7a8702700075845d02acd180c1bd14d4b238413ba2ed3adaafc86,ed546402acc4ce6014d9b55287c5bd2e9525b45c88e831b366822566c34e6b33,65,3,0,0,0,0,NO_ELIGIBLE_PAIRS,,,,,,,,,,,,,,0.751602,0.973049,6.665665,0.136854,21.000000,159.000000,0.030864,0.068330,0.028794,0.055201,0.009568,0.009542,9.859237,0.105676,0.300806,16.095972,10.348883,79.651117,10.348883,79.651117,BODY_LONG_SHORT_AXES,43.000000,105.000000,0.367244,1220.000000,0.359796,0.061432,0.351542,0.251949,-0.043190,0.306172,2.814685,0.563214,0.172310,0.157274,0.172310,0.157274,BODY_LONG_SHORT_AXES,CANNY_THIN_EDGE_CONNECTIVITY_PROXY_NOT_MORPHOLOGICAL_SKELETON,TELEA_INPAINT_INVALID_PLUS_ERODE_VALID_6PX,1.000000,1.000000,1.000000,1.000000,PASS:65,44.000000,59.000000,0.000214,PASS,AXIS_ORIENTATION_PLUS_ROTATED_ANISOTROPIC_SUPPORT_FOOTPRINT,EQUAL_WINDOW_DIMENSIONS_GRID_DENSITY_MASK_GRAY;ROTATED_ANISOTROPIC_WINDOWS_SAMPLE_DIFFERENT_SOURCE_PIXELS,directly_reviewed_complete,metrics remain separate; no combined score or parameter selection; rotated-window deltas are not pure coordinate-axis attribution
CLASS-NEGATIVE-S1L-BG-OCS-B3-SA35N,background_counterfactual,VEHICLE_CLASS_NEGATIVE,NOT_A_TEMPORAL_DIRECTION_TEST,NOT_A_TEMPORAL_CORRESPONDENCE_TEST,GM_RM017,GM_RM017:PV002,vehicle_class_falsification,smoothed_gt,WORLD_FIXED,REPRESENTATION_DEFINED_AXIS,CANDIDATE_LOCAL_REESTIMATED,SOURCE_POSITIVE_GT_CONDITIONED_VIEW_GAP10_DIFF5_RELIABILITY_AND_FINITE_COMMON_VALID_PROJECTED_NO_RESELECTION,7af9116724c7a8702700075845d02acd180c1bd14d4b238413ba2ed3adaafc86,ed546402acc4ce6014d9b55287c5bd2e9525b45c88e831b366822566c34e6b33,65,3,0,0,0,0,NO_ELIGIBLE_PAIRS,,,,,,,,,,,,,,0.760430,0.983074,5.276474,0.156450,33.500000,544.000000,0.017706,0.026912,0.028346,0.032696,0.005020,0.005805,176.501612,0.076084,0.332440,10.346398,9.968312,80.031688,,,REPRESENTATION_X_Y_AXES_ONLY,326.000000,510.000000,0.181797,4474.000000,0.124529,0.232483,0.123666,0.216941,-0.063427,0.012760,2.781114,0.152750,0.155710,0.171967,,,REPRESENTATION_X_Y_AXES_ONLY,CANNY_THIN_EDGE_CONNECTIVITY_PROXY_NOT_MORPHOLOGICAL_SKELETON,TELEA_INPAINT_INVALID_PLUS_ERODE_VALID_6PX,1.000000,1.000000,1.000000,1.000000,PASS:65,43.000000,65.000000,0.010986,PASS,TRACKED_OR_FIXED_CENTER_WITH_GLOBAL_AXES_AND_EQUAL_WINDOW_DIMENSIONS,EQUAL_WINDOW_DIMENSIONS_GRID_DENSITY_MASK_GRAY;ROTATED_ANISOTROPIC_WINDOWS_SAMPLE_DIFFERENT_SOURCE_PIXELS,directly_reviewed_complete,metrics remain separate; no combined score or parameter selection; rotated-window deltas are not pure coordinate-axis attribution
CLASS-NEGATIVE-S1L-BG-OCS-B3-SA35N,background_counterfactual,VEHICLE_CLASS_NEGATIVE,NOT_A_TEMPORAL_DIRECTION_TEST,NOT_A_TEMPORAL_CORRESPONDENCE_TEST,GM_RM017,GM_RM017:PV002,vehicle_class_falsification,smoothed_gt,CENTER_TRACKED_CARTESIAN,REPRESENTATION_DEFINED_AXIS,CANDIDATE_LOCAL_REESTIMATED,SOURCE_POSITIVE_GT_CONDITIONED_VIEW_GAP10_DIFF5_RELIABILITY_AND_FINITE_COMMON_VALID_PROJECTED_NO_RESELECTION,7af9116724c7a8702700075845d02acd180c1bd14d4b238413ba2ed3adaafc86,ed546402acc4ce6014d9b55287c5bd2e9525b45c88e831b366822566c34e6b33,65,3,0,0,0,0,NO_ELIGIBLE_PAIRS,,,,,,,,,,,,,,0.763637,0.962970,7.816245,0.162450,38.500000,461.000000,0.022552,0.024423,0.020484,0.019658,0.004925,0.005516,5.597864,0.059477,0.327112,12.075920,14.249840,75.750160,,,REPRESENTATION_X_Y_AXES_ONLY,337.000000,540.000000,0.085309,4657.000000,0.094831,0.238892,0.078358,0.211938,-0.037617,-0.002362,2.772905,0.156556,0.155509,0.175323,,,REPRESENTATION_X_Y_AXES_ONLY,CANNY_THIN_EDGE_CONNECTIVITY_PROXY_NOT_MORPHOLOGICAL_SKELETON,TELEA_INPAINT_INVALID_PLUS_ERODE_VALID_6PX,1.000000,1.000000,1.000000,1.000000,PASS:65,43.000000,59.000000,0.011719,PASS,TRACKED_OR_FIXED_CENTER_WITH_GLOBAL_AXES_AND_EQUAL_WINDOW_DIMENSIONS,EQUAL_WINDOW_DIMENSIONS_GRID_DENSITY_MASK_GRAY;ROTATED_ANISOTROPIC_WINDOWS_SAMPLE_DIFFERENT_SOURCE_PIXELS,directly_reviewed_complete,metrics remain separate; no combined score or parameter selection; rotated-window deltas are not pure coordinate-axis attribution
CLASS-NEGATIVE-S1L-BG-OCS-B3-SA35N,background_counterfactual,VEHICLE_CLASS_NEGATIVE,NOT_A_TEMPORAL_DIRECTION_TEST,NOT_A_TEMPORAL_CORRESPONDENCE_TEST,GM_RM017,GM_RM017:PV002,vehicle_class_falsification,smoothed_gt,CENTER_TRACKED_RADIAL,REPRESENTATION_DEFINED_AXIS,CANDIDATE_LOCAL_REESTIMATED,SOURCE_POSITIVE_GT_CONDITIONED_VIEW_GAP10_DIFF5_RELIABILITY_AND_FINITE_COMMON_VALID_PROJECTED_NO_RESELECTION,7af9116724c7a8702700075845d02acd180c1bd14d4b238413ba2ed3adaafc86,ed546402acc4ce6014d9b55287c5bd2e9525b45c88e831b366822566c34e6b33,65,3,0,0,0,0,NO_ELIGIBLE_PAIRS,,,,,,,,,,,,,,0.739189,0.949891,9.106613,0.170998,36.000000,505.000000,0.018436,0.017737,0.023319,0.015972,0.004022,0.005214,37.767875,0.042682,0.315569,37.386866,41.580965,48.419035,,,REPRESENTATION_X_Y_AXES_ONLY,323.000000,533.000000,0.078048,4978.000000,0.090139,0.251282,0.071907,0.171926,-0.064459,0.027851,2.796920,0.203525,0.151560,0.176382,,,REPRESENTATION_X_Y_AXES_ONLY,CANNY_THIN_EDGE_CONNECTIVITY_PROXY_NOT_MORPHOLOGICAL_SKELETON,TELEA_INPAINT_INVALID_PLUS_ERODE_VALID_6PX,1.000000,1.000000,1.000000,1.000000,PASS:65,43.000000,57.000000,0.011383,PASS,AXIS_ORIENTATION_PLUS_ROTATED_ANISOTROPIC_SUPPORT_FOOTPRINT,EQUAL_WINDOW_DIMENSIONS_GRID_DENSITY_MASK_GRAY;ROTATED_ANISOTROPIC_WINDOWS_SAMPLE_DIFFERENT_SOURCE_PIXELS,directly_reviewed_complete,metrics remain separate; no combined score or parameter selection; rotated-window deltas are not pure coordinate-axis attribution
CLASS-NEGATIVE-S1L-BG-OCS-B3-SA35N,background_counterfactual,VEHICLE_CLASS_NEGATIVE,NOT_A_TEMPORAL_DIRECTION_TEST,NOT_A_TEMPORAL_CORRESPONDENCE_TEST,GM_RM017,GM_RM017:PV002,vehicle_class_falsification,smoothed_gt,CENTER_TRACKED_BODY,GT_DERIVED_UNSIGNED_BODY,CANDIDATE_LOCAL_REESTIMATED,SOURCE_POSITIVE_GT_CONDITIONED_VIEW_GAP10_DIFF5_RELIABILITY_AND_FINITE_COMMON_VALID_PROJECTED_NO_RESELECTION,7af9116724c7a8702700075845d02acd180c1bd14d4b238413ba2ed3adaafc86,ed546402acc4ce6014d9b55287c5bd2e9525b45c88e831b366822566c34e6b33,65,3,0,0,0,0,NO_ELIGIBLE_PAIRS,,,,,,,,,,,,,,0.766337,0.974750,6.451430,0.162049,42.000000,379.000000,0.013335,0.025594,0.030899,0.019296,0.004639,0.005798,13.335052,0.063096,0.327069,10.377716,16.292440,73.707560,16.292440,73.707560,BODY_LONG_SHORT_AXES,342.000000,535.000000,0.082565,4603.000000,0.099364,0.238495,0.082582,0.180210,-0.015881,-0.000520,2.772964,0.146222,0.155824,0.175323,0.155824,0.175323,BODY_LONG_SHORT_AXES,CANNY_THIN_EDGE_CONNECTIVITY_PROXY_NOT_MORPHOLOGICAL_SKELETON,TELEA_INPAINT_INVALID_PLUS_ERODE_VALID_6PX,1.000000,1.000000,1.000000,1.000000,PASS:65,43.000000,59.000000,0.011658,PASS,AXIS_ORIENTATION_PLUS_ROTATED_ANISOTROPIC_SUPPORT_FOOTPRINT,EQUAL_WINDOW_DIMENSIONS_GRID_DENSITY_MASK_GRAY;ROTATED_ANISOTROPIC_WINDOWS_SAMPLE_DIFFERENT_SOURCE_PIXELS,directly_reviewed_complete,metrics remain separate; no combined score or parameter selection; rotated-window deltas are not pure coordinate-axis attribution
CLASS-NEGATIVE-S1L-BG-OCS-B4-FX88,background_counterfactual,VEHICLE_CLASS_NEGATIVE,NOT_A_TEMPORAL_DIRECTION_TEST,NOT_A_TEMPORAL_CORRESPONDENCE_TEST,GM_RM017,GM_RM017:PV002,vehicle_class_falsification,raw_gt,WORLD_FIXED,REPRESENTATION_DEFINED_AXIS,FIXED_REFERENCE,SOURCE_POSITIVE_GT_CONDITIONED_VIEW_GAP10_DIFF5_RELIABILITY_AND_FINITE_COMMON_VALID_PROJECTED_NO_RESELECTION,369267f7470fa21a7f75d20a878c2056eb190faf3a9bb522937c013f7db00e6c,fe00de604990c155fd9239e7643555cbea5f31d71699c09b0b1408e1f8bbf821,65,8,8,11,3,3,PAIR_COUNT_GT4_SHARED_FRAME_REPEATED_EVIDENCE,-0.013552,0.999258,1.094702,0.058584,35.000000,395.000000,0.008276,0.049847,0.036089,0.041915,0.005072,0.006677,1.000000,0.018850,0.998385,1.628419,0.067268,31.500000,485.500000,0.022095,0.045819,0.028025,0.036862,0.006709,0.006748,55.364351,0.376428,0.478724,0.854165,55.359945,34.640055,,,REPRESENTATION_X_Y_AXES_ONLY,149.000000,145.000000,0.369503,2588.000000,0.344586,0.118225,0.341518,0.033895,0.062997,-0.039459,2.896712,0.061364,0.107143,0.170404,,,REPRESENTATION_X_Y_AXES_ONLY,CANNY_THIN_EDGE_CONNECTIVITY_PROXY_NOT_MORPHOLOGICAL_SKELETON,TELEA_INPAINT_INVALID_PLUS_ERODE_VALID_6PX,1.000000,1.000000,1.000000,1.000000,PASS:65,44.000000,52.000000,0.000000,PASS,TRACKED_OR_FIXED_CENTER_WITH_GLOBAL_AXES_AND_EQUAL_WINDOW_DIMENSIONS,EQUAL_WINDOW_DIMENSIONS_GRID_DENSITY_MASK_GRAY;ROTATED_ANISOTROPIC_WINDOWS_SAMPLE_DIFFERENT_SOURCE_PIXELS,directly_reviewed_complete,metrics remain separate; no combined score or parameter selection; rotated-window deltas are not pure coordinate-axis attribution
CLASS-NEGATIVE-S1L-BG-OCS-B4-FX88,background_counterfactual,VEHICLE_CLASS_NEGATIVE,NOT_A_TEMPORAL_DIRECTION_TEST,NOT_A_TEMPORAL_CORRESPONDENCE_TEST,GM_RM017,GM_RM017:PV002,vehicle_class_falsification,raw_gt,CENTER_TRACKED_CARTESIAN,REPRESENTATION_DEFINED_AXIS,FIXED_REFERENCE,SOURCE_POSITIVE_GT_CONDITIONED_VIEW_GAP10_DIFF5_RELIABILITY_AND_FINITE_COMMON_VALID_PROJECTED_NO_RESELECTION,369267f7470fa21a7f75d20a878c2056eb190faf3a9bb522937c013f7db00e6c,fe00de604990c155fd9239e7643555cbea5f31d71699c09b0b1408e1f8bbf821,65,8,8,11,3,3,PAIR_COUNT_GT4_SHARED_FRAME_REPEATED_EVIDENCE,-0.013552,0.999258,1.094702,0.058584,35.000000,395.000000,0.008276,0.049847,0.036089,0.041915,0.005072,0.006677,1.000000,0.018850,0.998385,1.628419,0.067268,31.500000,485.500000,0.022095,0.045819,0.028025,0.036862,0.006709,0.006748,55.364351,0.376428,0.478724,0.854165,55.359945,34.640055,,,REPRESENTATION_X_Y_AXES_ONLY,149.000000,145.000000,0.369503,2588.000000,0.344586,0.118225,0.341518,0.033895,0.062997,-0.039459,2.896712,0.061364,0.107143,0.170404,,,REPRESENTATION_X_Y_AXES_ONLY,CANNY_THIN_EDGE_CONNECTIVITY_PROXY_NOT_MORPHOLOGICAL_SKELETON,TELEA_INPAINT_INVALID_PLUS_ERODE_VALID_6PX,1.000000,1.000000,1.000000,1.000000,PASS:65,44.000000,52.000000,0.000000,PASS,TRACKED_OR_FIXED_CENTER_WITH_GLOBAL_AXES_AND_EQUAL_WINDOW_DIMENSIONS,EQUAL_WINDOW_DIMENSIONS_GRID_DENSITY_MASK_GRAY;ROTATED_ANISOTROPIC_WINDOWS_SAMPLE_DIFFERENT_SOURCE_PIXELS,directly_reviewed_complete,metrics remain separate; no combined score or parameter selection; rotated-window deltas are not pure coordinate-axis attribution
CLASS-NEGATIVE-S1L-BG-OCS-B4-FX88,background_counterfactual,VEHICLE_CLASS_NEGATIVE,NOT_A_TEMPORAL_DIRECTION_TEST,NOT_A_TEMPORAL_CORRESPONDENCE_TEST,GM_RM017,GM_RM017:PV002,vehicle_class_falsification,raw_gt,CENTER_TRACKED_RADIAL,REPRESENTATION_DEFINED_AXIS,FIXED_REFERENCE,SOURCE_POSITIVE_GT_CONDITIONED_VIEW_GAP10_DIFF5_RELIABILITY_AND_FINITE_COMMON_VALID_PROJECTED_NO_RESELECTION,369267f7470fa21a7f75d20a878c2056eb190faf3a9bb522937c013f7db00e6c,fe00de604990c155fd9239e7643555cbea5f31d71699c09b0b1408e1f8bbf821,65,8,8,11,3,3,PAIR_COUNT_GT4_SHARED_FRAME_REPEATED_EVIDENCE,-0.012142,0.996129,2.520242,0.057468,63.000000,408.500000,0.020550,0.058588,0.026977,0.065727,0.016346,0.010521,1.000000,0.006012,0.998518,1.558833,0.062757,29.500000,405.000000,0.019861,0.068956,0.038943,0.042424,0.011855,0.006867,179.200437,0.346213,0.472647,1.128370,1.319134,88.680866,,,REPRESENTATION_X_Y_AXES_ONLY,150.000000,179.000000,0.371050,2099.000000,0.364734,0.112213,0.349251,0.036351,-0.004101,0.030269,2.723825,0.065776,0.268984,0.085148,,,REPRESENTATION_X_Y_AXES_ONLY,CANNY_THIN_EDGE_CONNECTIVITY_PROXY_NOT_MORPHOLOGICAL_SKELETON,TELEA_INPAINT_INVALID_PLUS_ERODE_VALID_6PX,1.000000,1.000000,1.000000,1.000000,PASS:65,44.000000,52.000000,0.000000,PASS,AXIS_ORIENTATION_PLUS_ROTATED_ANISOTROPIC_SUPPORT_FOOTPRINT,EQUAL_WINDOW_DIMENSIONS_GRID_DENSITY_MASK_GRAY;ROTATED_ANISOTROPIC_WINDOWS_SAMPLE_DIFFERENT_SOURCE_PIXELS,directly_reviewed_complete,metrics remain separate; no combined score or parameter selection; rotated-window deltas are not pure coordinate-axis attribution
CLASS-NEGATIVE-S1L-BG-OCS-B4-FX88,background_counterfactual,VEHICLE_CLASS_NEGATIVE,NOT_A_TEMPORAL_DIRECTION_TEST,NOT_A_TEMPORAL_CORRESPONDENCE_TEST,GM_RM017,GM_RM017:PV002,vehicle_class_falsification,raw_gt,CENTER_TRACKED_BODY,GT_DERIVED_UNSIGNED_BODY,FIXED_REFERENCE,SOURCE_POSITIVE_GT_CONDITIONED_VIEW_GAP10_DIFF5_RELIABILITY_AND_FINITE_COMMON_VALID_PROJECTED_NO_RESELECTION,369267f7470fa21a7f75d20a878c2056eb190faf3a9bb522937c013f7db00e6c,fe00de604990c155fd9239e7643555cbea5f31d71699c09b0b1408e1f8bbf821,65,8,8,11,3,3,PAIR_COUNT_GT4_SHARED_FRAME_REPEATED_EVIDENCE,-0.001065,0.964347,7.667386,0.061708,53.000000,344.500000,0.019028,0.045462,0.063314,0.033619,0.021091,0.028873,1.000000,0.024986,0.996960,2.234471,0.067394,29.000000,465.000000,0.022457,0.041344,0.035848,0.039966,0.007991,0.010746,57.628871,0.381280,0.482400,1.300888,58.017195,31.982805,58.017195,31.982805,BODY_LONG_SHORT_AXES,149.000000,160.000000,0.348879,2492.000000,0.339060,0.119049,0.335173,0.034956,0.063766,-0.026880,2.881811,0.061147,0.101146,0.180757,0.101146,0.180757,BODY_LONG_SHORT_AXES,CANNY_THIN_EDGE_CONNECTIVITY_PROXY_NOT_MORPHOLOGICAL_SKELETON,TELEA_INPAINT_INVALID_PLUS_ERODE_VALID_6PX,1.000000,1.000000,1.000000,1.000000,PASS:65,44.000000,52.000000,0.000000,PASS,AXIS_ORIENTATION_PLUS_ROTATED_ANISOTROPIC_SUPPORT_FOOTPRINT,EQUAL_WINDOW_DIMENSIONS_GRID_DENSITY_MASK_GRAY;ROTATED_ANISOTROPIC_WINDOWS_SAMPLE_DIFFERENT_SOURCE_PIXELS,directly_reviewed_complete,metrics remain separate; no combined score or parameter selection; rotated-window deltas are not pure coordinate-axis attribution
CLASS-NEGATIVE-S1L-BG-OCS-B4-FX88,background_counterfactual,VEHICLE_CLASS_NEGATIVE,NOT_A_TEMPORAL_DIRECTION_TEST,NOT_A_TEMPORAL_CORRESPONDENCE_TEST,GM_RM017,GM_RM017:PV002,vehicle_class_falsification,raw_gt,WORLD_FIXED,REPRESENTATION_DEFINED_AXIS,CANDIDATE_LOCAL_REESTIMATED,SOURCE_POSITIVE_GT_CONDITIONED_VIEW_GAP10_DIFF5_RELIABILITY_AND_FINITE_COMMON_VALID_PROJECTED_NO_RESELECTION,369267f7470fa21a7f75d20a878c2056eb190faf3a9bb522937c013f7db00e6c,fe00de604990c155fd9239e7643555cbea5f31d71699c09b0b1408e1f8bbf821,65,8,8,11,3,3,PAIR_COUNT_GT4_SHARED_FRAME_REPEATED_EVIDENCE,-0.012802,0.999138,1.188943,0.143135,13.500000,503.500000,0.005170,0.026134,0.008024,0.013839,0.002206,0.006767,1.000000,0.019165,0.998731,1.443460,0.142945,29.000000,313.000000,0.022279,0.015003,0.024187,0.010730,0.003969,0.004842,55.468055,0.370298,0.495095,0.853244,55.550619,34.449381,,,REPRESENTATION_X_Y_AXES_ONLY,372.000000,432.000000,0.065412,5231.000000,0.056649,0.250031,0.044097,0.042114,0.016774,-0.015045,2.843121,0.021418,0.116120,0.178795,,,REPRESENTATION_X_Y_AXES_ONLY,CANNY_THIN_EDGE_CONNECTIVITY_PROXY_NOT_MORPHOLOGICAL_SKELETON,TELEA_INPAINT_INVALID_PLUS_ERODE_VALID_6PX,1.000000,1.000000,1.000000,1.000000,PASS:65,43.000000,52.000000,0.013824,PASS,TRACKED_OR_FIXED_CENTER_WITH_GLOBAL_AXES_AND_EQUAL_WINDOW_DIMENSIONS,EQUAL_WINDOW_DIMENSIONS_GRID_DENSITY_MASK_GRAY;ROTATED_ANISOTROPIC_WINDOWS_SAMPLE_DIFFERENT_SOURCE_PIXELS,directly_reviewed_complete,metrics remain separate; no combined score or parameter selection; rotated-window deltas are not pure coordinate-axis attribution
CLASS-NEGATIVE-S1L-BG-OCS-B4-FX88,background_counterfactual,VEHICLE_CLASS_NEGATIVE,NOT_A_TEMPORAL_DIRECTION_TEST,NOT_A_TEMPORAL_CORRESPONDENCE_TEST,GM_RM017,GM_RM017:PV002,vehicle_class_falsification,raw_gt,CENTER_TRACKED_CARTESIAN,REPRESENTATION_DEFINED_AXIS,CANDIDATE_LOCAL_REESTIMATED,SOURCE_POSITIVE_GT_CONDITIONED_VIEW_GAP10_DIFF5_RELIABILITY_AND_FINITE_COMMON_VALID_PROJECTED_NO_RESELECTION,369267f7470fa21a7f75d20a878c2056eb190faf3a9bb522937c013f7db00e6c,fe00de604990c155fd9239e7643555cbea5f31d71699c09b0b1408e1f8bbf821,65,8,8,11,3,3,PAIR_COUNT_GT4_SHARED_FRAME_REPEATED_EVIDENCE,-0.012802,0.999138,1.188943,0.143135,13.500000,503.500000,0.005170,0.026134,0.008024,0.013839,0.002206,0.006767,1.000000,0.019165,0.998731,1.443460,0.142945,29.000000,313.000000,0.022279,0.015003,0.024187,0.010730,0.003969,0.004842,55.468055,0.370298,0.495095,0.853244,55.550619,34.449381,,,REPRESENTATION_X_Y_AXES_ONLY,372.000000,432.000000,0.065412,5231.000000,0.056649,0.250031,0.044097,0.042114,0.016774,-0.015045,2.843121,0.021418,0.116120,0.178795,,,REPRESENTATION_X_Y_AXES_ONLY,CANNY_THIN_EDGE_CONNECTIVITY_PROXY_NOT_MORPHOLOGICAL_SKELETON,TELEA_INPAINT_INVALID_PLUS_ERODE_VALID_6PX,1.000000,1.000000,1.000000,1.000000,PASS:65,43.000000,52.000000,0.013824,PASS,TRACKED_OR_FIXED_CENTER_WITH_GLOBAL_AXES_AND_EQUAL_WINDOW_DIMENSIONS,EQUAL_WINDOW_DIMENSIONS_GRID_DENSITY_MASK_GRAY;ROTATED_ANISOTROPIC_WINDOWS_SAMPLE_DIFFERENT_SOURCE_PIXELS,directly_reviewed_complete,metrics remain separate; no combined score or parameter selection; rotated-window deltas are not pure coordinate-axis attribution
CLASS-NEGATIVE-S1L-BG-OCS-B4-FX88,background_counterfactual,VEHICLE_CLASS_NEGATIVE,NOT_A_TEMPORAL_DIRECTION_TEST,NOT_A_TEMPORAL_CORRESPONDENCE_TEST,GM_RM017,GM_RM017:PV002,vehicle_class_falsification,raw_gt,CENTER_TRACKED_RADIAL,REPRESENTATION_DEFINED_AXIS,CANDIDATE_LOCAL_REESTIMATED,SOURCE_POSITIVE_GT_CONDITIONED_VIEW_GAP10_DIFF5_RELIABILITY_AND_FINITE_COMMON_VALID_PROJECTED_NO_RESELECTION,369267f7470fa21a7f75d20a878c2056eb190faf3a9bb522937c013f7db00e6c,fe00de604990c155fd9239e7643555cbea5f31d71699c09b0b1408e1f8bbf821,65,8,8,11,3,3,PAIR_COUNT_GT4_SHARED_FRAME_REPEATED_EVIDENCE,-0.010498,0.995840,2.601894,0.138451,22.000000,263.000000,0.014535,0.023347,0.009465,0.010686,0.010236,0.007525,1.000000,0.007652,0.998398,1.621719,0.136887,28.000000,343.500000,0.014967,0.017139,0.027105,0.008407,0.008793,0.006311,179.146206,0.340610,0.482923,0.845062,1.098381,88.901619,,,REPRESENTATION_X_Y_AXES_ONLY,393.000000,500.000000,0.061816,4502.000000,0.062138,0.242950,0.045295,0.037216,-0.005899,0.009516,2.709599,0.022195,0.261821,0.099050,,,REPRESENTATION_X_Y_AXES_ONLY,CANNY_THIN_EDGE_CONNECTIVITY_PROXY_NOT_MORPHOLOGICAL_SKELETON,TELEA_INPAINT_INVALID_PLUS_ERODE_VALID_6PX,1.000000,1.000000,1.000000,1.000000,PASS:65,43.000000,52.000000,0.014526,PASS,AXIS_ORIENTATION_PLUS_ROTATED_ANISOTROPIC_SUPPORT_FOOTPRINT,EQUAL_WINDOW_DIMENSIONS_GRID_DENSITY_MASK_GRAY;ROTATED_ANISOTROPIC_WINDOWS_SAMPLE_DIFFERENT_SOURCE_PIXELS,directly_reviewed_complete,metrics remain separate; no combined score or parameter selection; rotated-window deltas are not pure coordinate-axis attribution
CLASS-NEGATIVE-S1L-BG-OCS-B4-FX88,background_counterfactual,VEHICLE_CLASS_NEGATIVE,NOT_A_TEMPORAL_DIRECTION_TEST,NOT_A_TEMPORAL_CORRESPONDENCE_TEST,GM_RM017,GM_RM017:PV002,vehicle_class_falsification,raw_gt,CENTER_TRACKED_BODY,GT_DERIVED_UNSIGNED_BODY,CANDIDATE_LOCAL_REESTIMATED,SOURCE_POSITIVE_GT_CONDITIONED_VIEW_GAP10_DIFF5_RELIABILITY_AND_FINITE_COMMON_VALID_PROJECTED_NO_RESELECTION,369267f7470fa21a7f75d20a878c2056eb190faf3a9bb522937c013f7db00e6c,fe00de604990c155fd9239e7643555cbea5f31d71699c09b0b1408e1f8bbf821,65,8,8,11,3,3,PAIR_COUNT_GT4_SHARED_FRAME_REPEATED_EVIDENCE,-0.000650,0.966382,7.441097,0.144978,46.500000,318.000000,0.023460,0.026481,0.052052,0.012555,0.016632,0.022895,1.000000,0.025806,0.997417,2.058864,0.141701,27.500000,334.500000,0.022541,0.015361,0.024109,0.009812,0.004451,0.007688,57.719668,0.379887,0.499234,1.334740,57.820530,32.179470,57.820530,32.179470,BODY_LONG_SHORT_AXES,374.000000,448.000000,0.065011,5217.000000,0.056694,0.249420,0.043819,0.041946,0.017359,-0.012529,2.828992,0.019365,0.111162,0.188449,0.111162,0.188449,BODY_LONG_SHORT_AXES,CANNY_THIN_EDGE_CONNECTIVITY_PROXY_NOT_MORPHOLOGICAL_SKELETON,TELEA_INPAINT_INVALID_PLUS_ERODE_VALID_6PX,1.000000,1.000000,1.000000,1.000000,PASS:65,43.000000,52.000000,0.013336,PASS,AXIS_ORIENTATION_PLUS_ROTATED_ANISOTROPIC_SUPPORT_FOOTPRINT,EQUAL_WINDOW_DIMENSIONS_GRID_DENSITY_MASK_GRAY;ROTATED_ANISOTROPIC_WINDOWS_SAMPLE_DIFFERENT_SOURCE_PIXELS,directly_reviewed_complete,metrics remain separate; no combined score or parameter selection; rotated-window deltas are not pure coordinate-axis attribution
CLASS-NEGATIVE-S1L-BG-OCS-B4-FX88,background_counterfactual,VEHICLE_CLASS_NEGATIVE,NOT_A_TEMPORAL_DIRECTION_TEST,NOT_A_TEMPORAL_CORRESPONDENCE_TEST,GM_RM017,GM_RM017:PV002,vehicle_class_falsification,smoothed_gt,WORLD_FIXED,REPRESENTATION_DEFINED_AXIS,FIXED_REFERENCE,SOURCE_POSITIVE_GT_CONDITIONED_VIEW_GAP10_DIFF5_RELIABILITY_AND_FINITE_COMMON_VALID_PROJECTED_NO_RESELECTION,7af9116724c7a8702700075845d02acd180c1bd14d4b238413ba2ed3adaafc86,ed546402acc4ce6014d9b55287c5bd2e9525b45c88e831b366822566c34e6b33,65,3,0,0,0,0,NO_ELIGIBLE_PAIRS,,,,,,,,,,,,,,0.018850,0.998385,1.628419,0.067268,31.500000,485.500000,0.022095,0.045819,0.028025,0.036862,0.006709,0.006748,55.364351,0.376428,0.478724,0.854165,55.359945,34.640055,,,REPRESENTATION_X_Y_AXES_ONLY,149.000000,145.000000,0.369503,2588.000000,0.344586,0.118225,0.341518,0.033895,0.062997,-0.039459,2.896712,0.061364,0.107143,0.170404,,,REPRESENTATION_X_Y_AXES_ONLY,CANNY_THIN_EDGE_CONNECTIVITY_PROXY_NOT_MORPHOLOGICAL_SKELETON,TELEA_INPAINT_INVALID_PLUS_ERODE_VALID_6PX,1.000000,1.000000,1.000000,1.000000,PASS:65,44.000000,52.000000,0.000000,PASS,TRACKED_OR_FIXED_CENTER_WITH_GLOBAL_AXES_AND_EQUAL_WINDOW_DIMENSIONS,EQUAL_WINDOW_DIMENSIONS_GRID_DENSITY_MASK_GRAY;ROTATED_ANISOTROPIC_WINDOWS_SAMPLE_DIFFERENT_SOURCE_PIXELS,directly_reviewed_complete,metrics remain separate; no combined score or parameter selection; rotated-window deltas are not pure coordinate-axis attribution
CLASS-NEGATIVE-S1L-BG-OCS-B4-FX88,background_counterfactual,VEHICLE_CLASS_NEGATIVE,NOT_A_TEMPORAL_DIRECTION_TEST,NOT_A_TEMPORAL_CORRESPONDENCE_TEST,GM_RM017,GM_RM017:PV002,vehicle_class_falsification,smoothed_gt,CENTER_TRACKED_CARTESIAN,REPRESENTATION_DEFINED_AXIS,FIXED_REFERENCE,SOURCE_POSITIVE_GT_CONDITIONED_VIEW_GAP10_DIFF5_RELIABILITY_AND_FINITE_COMMON_VALID_PROJECTED_NO_RESELECTION,7af9116724c7a8702700075845d02acd180c1bd14d4b238413ba2ed3adaafc86,ed546402acc4ce6014d9b55287c5bd2e9525b45c88e831b366822566c34e6b33,65,3,0,0,0,0,NO_ELIGIBLE_PAIRS,,,,,,,,,,,,,,0.018850,0.998385,1.628419,0.067268,31.500000,485.500000,0.022095,0.045819,0.028025,0.036862,0.006709,0.006748,55.364351,0.376428,0.478724,0.854165,55.359945,34.640055,,,REPRESENTATION_X_Y_AXES_ONLY,149.000000,145.000000,0.369503,2588.000000,0.344586,0.118225,0.341518,0.033895,0.062997,-0.039459,2.896712,0.061364,0.107143,0.170404,,,REPRESENTATION_X_Y_AXES_ONLY,CANNY_THIN_EDGE_CONNECTIVITY_PROXY_NOT_MORPHOLOGICAL_SKELETON,TELEA_INPAINT_INVALID_PLUS_ERODE_VALID_6PX,1.000000,1.000000,1.000000,1.000000,PASS:65,44.000000,52.000000,0.000000,PASS,TRACKED_OR_FIXED_CENTER_WITH_GLOBAL_AXES_AND_EQUAL_WINDOW_DIMENSIONS,EQUAL_WINDOW_DIMENSIONS_GRID_DENSITY_MASK_GRAY;ROTATED_ANISOTROPIC_WINDOWS_SAMPLE_DIFFERENT_SOURCE_PIXELS,directly_reviewed_complete,metrics remain separate; no combined score or parameter selection; rotated-window deltas are not pure coordinate-axis attribution
CLASS-NEGATIVE-S1L-BG-OCS-B4-FX88,background_counterfactual,VEHICLE_CLASS_NEGATIVE,NOT_A_TEMPORAL_DIRECTION_TEST,NOT_A_TEMPORAL_CORRESPONDENCE_TEST,GM_RM017,GM_RM017:PV002,vehicle_class_falsification,smoothed_gt,CENTER_TRACKED_RADIAL,REPRESENTATION_DEFINED_AXIS,FIXED_REFERENCE,SOURCE_POSITIVE_GT_CONDITIONED_VIEW_GAP10_DIFF5_RELIABILITY_AND_FINITE_COMMON_VALID_PROJECTED_NO_RESELECTION,7af9116724c7a8702700075845d02acd180c1bd14d4b238413ba2ed3adaafc86,ed546402acc4ce6014d9b55287c5bd2e9525b45c88e831b366822566c34e6b33,65,3,0,0,0,0,NO_ELIGIBLE_PAIRS,,,,,,,,,,,,,,0.006012,0.998518,1.558833,0.062757,29.500000,405.000000,0.019861,0.068956,0.038943,0.042424,0.011855,0.006867,179.200437,0.346213,0.472647,1.128370,1.319134,88.680866,,,REPRESENTATION_X_Y_AXES_ONLY,150.000000,179.000000,0.371050,2099.000000,0.364734,0.112213,0.349251,0.036351,-0.004101,0.030269,2.723825,0.065776,0.268984,0.085148,,,REPRESENTATION_X_Y_AXES_ONLY,CANNY_THIN_EDGE_CONNECTIVITY_PROXY_NOT_MORPHOLOGICAL_SKELETON,TELEA_INPAINT_INVALID_PLUS_ERODE_VALID_6PX,1.000000,1.000000,1.000000,1.000000,PASS:65,44.000000,52.000000,0.000000,PASS,AXIS_ORIENTATION_PLUS_ROTATED_ANISOTROPIC_SUPPORT_FOOTPRINT,EQUAL_WINDOW_DIMENSIONS_GRID_DENSITY_MASK_GRAY;ROTATED_ANISOTROPIC_WINDOWS_SAMPLE_DIFFERENT_SOURCE_PIXELS,directly_reviewed_complete,metrics remain separate; no combined score or parameter selection; rotated-window deltas are not pure coordinate-axis attribution
CLASS-NEGATIVE-S1L-BG-OCS-B4-FX88,background_counterfactual,VEHICLE_CLASS_NEGATIVE,NOT_A_TEMPORAL_DIRECTION_TEST,NOT_A_TEMPORAL_CORRESPONDENCE_TEST,GM_RM017,GM_RM017:PV002,vehicle_class_falsification,smoothed_gt,CENTER_TRACKED_BODY,GT_DERIVED_UNSIGNED_BODY,FIXED_REFERENCE,SOURCE_POSITIVE_GT_CONDITIONED_VIEW_GAP10_DIFF5_RELIABILITY_AND_FINITE_COMMON_VALID_PROJECTED_NO_RESELECTION,7af9116724c7a8702700075845d02acd180c1bd14d4b238413ba2ed3adaafc86,ed546402acc4ce6014d9b55287c5bd2e9525b45c88e831b366822566c34e6b33,65,3,0,0,0,0,NO_ELIGIBLE_PAIRS,,,,,,,,,,,,,,0.021424,0.998733,1.439242,0.066999,27.000000,513.000000,0.023829,0.039509,0.033833,0.037474,0.004931,0.008376,57.806379,0.382982,0.481623,0.969268,58.017195,31.982805,58.017195,31.982805,BODY_LONG_SHORT_AXES,151.000000,149.000000,0.352923,2507.000000,0.339631,0.119232,0.337121,0.034328,0.060185,-0.033153,2.880000,0.062316,0.101146,0.181263,0.101146,0.181263,BODY_LONG_SHORT_AXES,CANNY_THIN_EDGE_CONNECTIVITY_PROXY_NOT_MORPHOLOGICAL_SKELETON,TELEA_INPAINT_INVALID_PLUS_ERODE_VALID_6PX,1.000000,1.000000,1.000000,1.000000,PASS:65,44.000000,52.000000,0.000000,PASS,AXIS_ORIENTATION_PLUS_ROTATED_ANISOTROPIC_SUPPORT_FOOTPRINT,EQUAL_WINDOW_DIMENSIONS_GRID_DENSITY_MASK_GRAY;ROTATED_ANISOTROPIC_WINDOWS_SAMPLE_DIFFERENT_SOURCE_PIXELS,directly_reviewed_complete,metrics remain separate; no combined score or parameter selection; rotated-window deltas are not pure coordinate-axis attribution
CLASS-NEGATIVE-S1L-BG-OCS-B4-FX88,background_counterfactual,VEHICLE_CLASS_NEGATIVE,NOT_A_TEMPORAL_DIRECTION_TEST,NOT_A_TEMPORAL_CORRESPONDENCE_TEST,GM_RM017,GM_RM017:PV002,vehicle_class_falsification,smoothed_gt,WORLD_FIXED,REPRESENTATION_DEFINED_AXIS,CANDIDATE_LOCAL_REESTIMATED,SOURCE_POSITIVE_GT_CONDITIONED_VIEW_GAP10_DIFF5_RELIABILITY_AND_FINITE_COMMON_VALID_PROJECTED_NO_RESELECTION,7af9116724c7a8702700075845d02acd180c1bd14d4b238413ba2ed3adaafc86,ed546402acc4ce6014d9b55287c5bd2e9525b45c88e831b366822566c34e6b33,65,3,0,0,0,0,NO_ELIGIBLE_PAIRS,,,,,,,,,,,,,,0.019165,0.998731,1.443460,0.142945,29.000000,313.000000,0.022279,0.015003,0.024187,0.010730,0.003969,0.004842,55.468055,0.370298,0.495095,0.853244,55.550619,34.449381,,,REPRESENTATION_X_Y_AXES_ONLY,372.000000,432.000000,0.065412,5231.000000,0.056649,0.250031,0.044097,0.042114,0.016774,-0.015045,2.843121,0.021418,0.116120,0.178795,,,REPRESENTATION_X_Y_AXES_ONLY,CANNY_THIN_EDGE_CONNECTIVITY_PROXY_NOT_MORPHOLOGICAL_SKELETON,TELEA_INPAINT_INVALID_PLUS_ERODE_VALID_6PX,1.000000,1.000000,1.000000,1.000000,PASS:65,43.000000,52.000000,0.013824,PASS,TRACKED_OR_FIXED_CENTER_WITH_GLOBAL_AXES_AND_EQUAL_WINDOW_DIMENSIONS,EQUAL_WINDOW_DIMENSIONS_GRID_DENSITY_MASK_GRAY;ROTATED_ANISOTROPIC_WINDOWS_SAMPLE_DIFFERENT_SOURCE_PIXELS,directly_reviewed_complete,metrics remain separate; no combined score or parameter selection; rotated-window deltas are not pure coordinate-axis attribution
CLASS-NEGATIVE-S1L-BG-OCS-B4-FX88,background_counterfactual,VEHICLE_CLASS_NEGATIVE,NOT_A_TEMPORAL_DIRECTION_TEST,NOT_A_TEMPORAL_CORRESPONDENCE_TEST,GM_RM017,GM_RM017:PV002,vehicle_class_falsification,smoothed_gt,CENTER_TRACKED_CARTESIAN,REPRESENTATION_DEFINED_AXIS,CANDIDATE_LOCAL_REESTIMATED,SOURCE_POSITIVE_GT_CONDITIONED_VIEW_GAP10_DIFF5_RELIABILITY_AND_FINITE_COMMON_VALID_PROJECTED_NO_RESELECTION,7af9116724c7a8702700075845d02acd180c1bd14d4b238413ba2ed3adaafc86,ed546402acc4ce6014d9b55287c5bd2e9525b45c88e831b366822566c34e6b33,65,3,0,0,0,0,NO_ELIGIBLE_PAIRS,,,,,,,,,,,,,,0.019165,0.998731,1.443460,0.142945,29.000000,313.000000,0.022279,0.015003,0.024187,0.010730,0.003969,0.004842,55.468055,0.370298,0.495095,0.853244,55.550619,34.449381,,,REPRESENTATION_X_Y_AXES_ONLY,372.000000,432.000000,0.065412,5231.000000,0.056649,0.250031,0.044097,0.042114,0.016774,-0.015045,2.843121,0.021418,0.116120,0.178795,,,REPRESENTATION_X_Y_AXES_ONLY,CANNY_THIN_EDGE_CONNECTIVITY_PROXY_NOT_MORPHOLOGICAL_SKELETON,TELEA_INPAINT_INVALID_PLUS_ERODE_VALID_6PX,1.000000,1.000000,1.000000,1.000000,PASS:65,43.000000,52.000000,0.013824,PASS,TRACKED_OR_FIXED_CENTER_WITH_GLOBAL_AXES_AND_EQUAL_WINDOW_DIMENSIONS,EQUAL_WINDOW_DIMENSIONS_GRID_DENSITY_MASK_GRAY;ROTATED_ANISOTROPIC_WINDOWS_SAMPLE_DIFFERENT_SOURCE_PIXELS,directly_reviewed_complete,metrics remain separate; no combined score or parameter selection; rotated-window deltas are not pure coordinate-axis attribution
CLASS-NEGATIVE-S1L-BG-OCS-B4-FX88,background_counterfactual,VEHICLE_CLASS_NEGATIVE,NOT_A_TEMPORAL_DIRECTION_TEST,NOT_A_TEMPORAL_CORRESPONDENCE_TEST,GM_RM017,GM_RM017:PV002,vehicle_class_falsification,smoothed_gt,CENTER_TRACKED_RADIAL,REPRESENTATION_DEFINED_AXIS,CANDIDATE_LOCAL_REESTIMATED,SOURCE_POSITIVE_GT_CONDITIONED_VIEW_GAP10_DIFF5_RELIABILITY_AND_FINITE_COMMON_VALID_PROJECTED_NO_RESELECTION,7af9116724c7a8702700075845d02acd180c1bd14d4b238413ba2ed3adaafc86,ed546402acc4ce6014d9b55287c5bd2e9525b45c88e831b366822566c34e6b33,65,3,0,0,0,0,NO_ELIGIBLE_PAIRS,,,,,,,,,,,,,,0.007652,0.998398,1.621719,0.136887,28.000000,343.500000,0.014967,0.017139,0.027105,0.008407,0.008793,0.006311,179.146206,0.340610,0.482923,0.845062,1.098381,88.901619,,,REPRESENTATION_X_Y_AXES_ONLY,393.000000,500.000000,0.061816,4502.000000,0.062138,0.242950,0.045295,0.037216,-0.005899,0.009516,2.709599,0.022195,0.261821,0.099050,,,REPRESENTATION_X_Y_AXES_ONLY,CANNY_THIN_EDGE_CONNECTIVITY_PROXY_NOT_MORPHOLOGICAL_SKELETON,TELEA_INPAINT_INVALID_PLUS_ERODE_VALID_6PX,1.000000,1.000000,1.000000,1.000000,PASS:65,43.000000,52.000000,0.014526,PASS,AXIS_ORIENTATION_PLUS_ROTATED_ANISOTROPIC_SUPPORT_FOOTPRINT,EQUAL_WINDOW_DIMENSIONS_GRID_DENSITY_MASK_GRAY;ROTATED_ANISOTROPIC_WINDOWS_SAMPLE_DIFFERENT_SOURCE_PIXELS,directly_reviewed_complete,metrics remain separate; no combined score or parameter selection; rotated-window deltas are not pure coordinate-axis attribution
CLASS-NEGATIVE-S1L-BG-OCS-B4-FX88,background_counterfactual,VEHICLE_CLASS_NEGATIVE,NOT_A_TEMPORAL_DIRECTION_TEST,NOT_A_TEMPORAL_CORRESPONDENCE_TEST,GM_RM017,GM_RM017:PV002,vehicle_class_falsification,smoothed_gt,CENTER_TRACKED_BODY,GT_DERIVED_UNSIGNED_BODY,CANDIDATE_LOCAL_REESTIMATED,SOURCE_POSITIVE_GT_CONDITIONED_VIEW_GAP10_DIFF5_RELIABILITY_AND_FINITE_COMMON_VALID_PROJECTED_NO_RESELECTION,7af9116724c7a8702700075845d02acd180c1bd14d4b238413ba2ed3adaafc86,ed546402acc4ce6014d9b55287c5bd2e9525b45c88e831b366822566c34e6b33,65,3,0,0,0,0,NO_ELIGIBLE_PAIRS,,,,,,,,,,,,,,0.020036,0.998814,1.395601,0.142053,19.500000,337.000000,0.023763,0.015513,0.024189,0.008067,0.003882,0.004903,57.879281,0.379887,0.499054,0.930264,57.820530,32.179470,57.820530,32.179470,BODY_LONG_SHORT_AXES,377.000000,448.000000,0.053155,5215.000000,0.057950,0.249969,0.043948,0.041314,0.017005,-0.012375,2.833608,0.017606,0.111943,0.188434,0.111943,0.188434,BODY_LONG_SHORT_AXES,CANNY_THIN_EDGE_CONNECTIVITY_PROXY_NOT_MORPHOLOGICAL_SKELETON,TELEA_INPAINT_INVALID_PLUS_ERODE_VALID_6PX,1.000000,1.000000,1.000000,1.000000,PASS:65,43.000000,52.000000,0.013397,PASS,AXIS_ORIENTATION_PLUS_ROTATED_ANISOTROPIC_SUPPORT_FOOTPRINT,EQUAL_WINDOW_DIMENSIONS_GRID_DENSITY_MASK_GRAY;ROTATED_ANISOTROPIC_WINDOWS_SAMPLE_DIFFERENT_SOURCE_PIXELS,directly_reviewed_complete,metrics remain separate; no combined score or parameter selection; rotated-window deltas are not pure coordinate-axis attribution
S0MV-GM_RM017-PV002-SEG02|TEMPORAL_SHUFFLE,temporal_counterfactual,TEMPORAL_NEGATIVE,NOT_EVALUATED_DIRECTION_INSENSITIVE_METRICS,APPLICABLE_TO_TEMPORAL_CORRESPONDENCE_CONTROL,GM_RM017,GM_RM017:PV002,temporal_relation_falsification,raw_gt,WORLD_FIXED,REPRESENTATION_DEFINED_AXIS,FIXED_REFERENCE,SOURCE_POSITIVE_GT_CONDITIONED_VIEW_GAP10_DIFF5_RELIABILITY_AND_FINITE_COMMON_VALID_PROJECTED_NO_RESELECTION,369267f7470fa21a7f75d20a878c2056eb190faf3a9bb522937c013f7db00e6c,fe00de604990c155fd9239e7643555cbea5f31d71699c09b0b1408e1f8bbf821,65,8,8,11,3,3,PAIR_COUNT_GT4_SHARED_FRAME_REPEATED_EVIDENCE,0.075873,0.995600,2.583918,0.051363,234.000000,2578.000000,0.081742,0.286701,0.068012,0.333314,0.032824,0.020874,1.000000,0.047160,0.988854,4.271794,0.065770,112.500000,1416.000000,0.060501,0.203023,0.052737,0.218598,0.030651,0.021235,6.653624,0.226632,0.368937,2.885425,5.987966,84.012034,,,REPRESENTATION_X_Y_AXES_ONLY,135.000000,235.000000,0.668007,2165.000000,0.704991,0.113831,0.680674,0.122206,0.046994,-0.041062,2.786730,0.344533,0.187133,0.151036,,,REPRESENTATION_X_Y_AXES_ONLY,CANNY_THIN_EDGE_CONNECTIVITY_PROXY_NOT_MORPHOLOGICAL_SKELETON,TELEA_INPAINT_INVALID_PLUS_ERODE_VALID_6PX,1.000000,1.000000,1.000000,1.000000,PASS:65,44.000000,99.000000,0.012634,PASS,TRACKED_OR_FIXED_CENTER_WITH_GLOBAL_AXES_AND_EQUAL_WINDOW_DIMENSIONS,EQUAL_WINDOW_DIMENSIONS_GRID_DENSITY_MASK_GRAY;ROTATED_ANISOTROPIC_WINDOWS_SAMPLE_DIFFERENT_SOURCE_PIXELS,directly_reviewed_complete,metrics remain separate; no combined score or parameter selection; rotated-window deltas are not pure coordinate-axis attribution
S0MV-GM_RM017-PV002-SEG02|TEMPORAL_SHUFFLE,temporal_counterfactual,TEMPORAL_NEGATIVE,NOT_EVALUATED_DIRECTION_INSENSITIVE_METRICS,APPLICABLE_TO_TEMPORAL_CORRESPONDENCE_CONTROL,GM_RM017,GM_RM017:PV002,temporal_relation_falsification,raw_gt,CENTER_TRACKED_CARTESIAN,REPRESENTATION_DEFINED_AXIS,FIXED_REFERENCE,SOURCE_POSITIVE_GT_CONDITIONED_VIEW_GAP10_DIFF5_RELIABILITY_AND_FINITE_COMMON_VALID_PROJECTED_NO_RESELECTION,369267f7470fa21a7f75d20a878c2056eb190faf3a9bb522937c013f7db00e6c,fe00de604990c155fd9239e7643555cbea5f31d71699c09b0b1408e1f8bbf821,65,8,8,11,3,3,PAIR_COUNT_GT4_SHARED_FRAME_REPEATED_EVIDENCE,-0.091312,0.762562,20.151136,0.044677,302.500000,3661.500000,0.064582,0.380950,0.099025,0.535065,0.044773,0.014208,1.000000,0.069559,0.982880,5.308598,0.050219,126.000000,1479.500000,0.050795,0.286828,0.047396,0.232440,0.023111,0.015967,11.286847,0.219301,0.347676,13.700776,11.960881,78.039119,,,REPRESENTATION_X_Y_AXES_ONLY,124.000000,204.000000,0.736834,1863.000000,0.793077,0.099182,0.765576,0.144708,0.019311,-0.089531,2.799009,0.402452,0.175168,0.153005,,,REPRESENTATION_X_Y_AXES_ONLY,CANNY_THIN_EDGE_CONNECTIVITY_PROXY_NOT_MORPHOLOGICAL_SKELETON,TELEA_INPAINT_INVALID_PLUS_ERODE_VALID_6PX,1.000000,1.000000,1.000000,1.000000,PASS:65,44.000000,90.000000,0.007507,PASS,TRACKED_OR_FIXED_CENTER_WITH_GLOBAL_AXES_AND_EQUAL_WINDOW_DIMENSIONS,EQUAL_WINDOW_DIMENSIONS_GRID_DENSITY_MASK_GRAY;ROTATED_ANISOTROPIC_WINDOWS_SAMPLE_DIFFERENT_SOURCE_PIXELS,directly_reviewed_complete,metrics remain separate; no combined score or parameter selection; rotated-window deltas are not pure coordinate-axis attribution
S0MV-GM_RM017-PV002-SEG02|TEMPORAL_SHUFFLE,temporal_counterfactual,TEMPORAL_NEGATIVE,NOT_EVALUATED_DIRECTION_INSENSITIVE_METRICS,APPLICABLE_TO_TEMPORAL_CORRESPONDENCE_CONTROL,GM_RM017,GM_RM017:PV002,temporal_relation_falsification,raw_gt,CENTER_TRACKED_RADIAL,REPRESENTATION_DEFINED_AXIS,FIXED_REFERENCE,SOURCE_POSITIVE_GT_CONDITIONED_VIEW_GAP10_DIFF5_RELIABILITY_AND_FINITE_COMMON_VALID_PROJECTED_NO_RESELECTION,369267f7470fa21a7f75d20a878c2056eb190faf3a9bb522937c013f7db00e6c,fe00de604990c155fd9239e7643555cbea5f31d71699c09b0b1408e1f8bbf821,65,8,8,11,3,3,PAIR_COUNT_GT4_SHARED_FRAME_REPEATED_EVIDENCE,-0.064148,0.940465,8.861385,0.046138,258.500000,3484.500000,0.110955,0.348851,0.093665,0.399371,0.038182,0.019527,1.000000,0.065991,0.981877,5.442498,0.053156,129.000000,1362.000000,0.085731,0.264749,0.042005,0.213693,0.018487,0.024314,177.977114,0.215381,0.336675,7.578443,8.675941,81.324059,,,REPRESENTATION_X_Y_AXES_ONLY,120.000000,186.000000,0.747750,1862.000000,0.812251,0.091309,0.784272,0.133282,0.006737,0.036460,2.815289,0.362374,0.177376,0.147376,,,REPRESENTATION_X_Y_AXES_ONLY,CANNY_THIN_EDGE_CONNECTIVITY_PROXY_NOT_MORPHOLOGICAL_SKELETON,TELEA_INPAINT_INVALID_PLUS_ERODE_VALID_6PX,1.000000,1.000000,1.000000,1.000000,PASS:65,44.000000,88.000000,0.005524,PASS,AXIS_ORIENTATION_PLUS_ROTATED_ANISOTROPIC_SUPPORT_FOOTPRINT,EQUAL_WINDOW_DIMENSIONS_GRID_DENSITY_MASK_GRAY;ROTATED_ANISOTROPIC_WINDOWS_SAMPLE_DIFFERENT_SOURCE_PIXELS,directly_reviewed_complete,metrics remain separate; no combined score or parameter selection; rotated-window deltas are not pure coordinate-axis attribution
S0MV-GM_RM017-PV002-SEG02|TEMPORAL_SHUFFLE,temporal_counterfactual,TEMPORAL_NEGATIVE,NOT_EVALUATED_DIRECTION_INSENSITIVE_METRICS,APPLICABLE_TO_TEMPORAL_CORRESPONDENCE_CONTROL,GM_RM017,GM_RM017:PV002,temporal_relation_falsification,raw_gt,CENTER_TRACKED_BODY,GT_DERIVED_UNSIGNED_BODY,FIXED_REFERENCE,SOURCE_POSITIVE_GT_CONDITIONED_VIEW_GAP10_DIFF5_RELIABILITY_AND_FINITE_COMMON_VALID_PROJECTED_NO_RESELECTION,369267f7470fa21a7f75d20a878c2056eb190faf3a9bb522937c013f7db00e6c,fe00de604990c155fd9239e7643555cbea5f31d71699c09b0b1408e1f8bbf821,65,8,8,11,3,3,PAIR_COUNT_GT4_SHARED_FRAME_REPEATED_EVIDENCE,-0.080805,0.908084,12.372562,0.046098,287.000000,3796.500000,0.093960,0.352935,0.084874,0.521342,0.040203,0.020714,1.000000,0.086246,0.971747,6.821734,0.050674,125.500000,1392.000000,0.065100,0.271011,0.062588,0.274654,0.022287,0.020214,14.128863,0.215676,0.348039,11.738208,12.438423,77.561577,12.438423,77.561577,BODY_LONG_SHORT_AXES,114.000000,196.000000,0.746059,2042.000000,0.790528,0.103302,0.765500,0.143022,0.024449,-0.083048,2.817963,0.391107,0.170246,0.150583,0.170246,0.150583,BODY_LONG_SHORT_AXES,CANNY_THIN_EDGE_CONNECTIVITY_PROXY_NOT_MORPHOLOGICAL_SKELETON,TELEA_INPAINT_INVALID_PLUS_ERODE_VALID_6PX,1.000000,1.000000,1.000000,1.000000,PASS:65,44.000000,90.000000,0.007996,PASS,AXIS_ORIENTATION_PLUS_ROTATED_ANISOTROPIC_SUPPORT_FOOTPRINT,EQUAL_WINDOW_DIMENSIONS_GRID_DENSITY_MASK_GRAY;ROTATED_ANISOTROPIC_WINDOWS_SAMPLE_DIFFERENT_SOURCE_PIXELS,directly_reviewed_complete,metrics remain separate; no combined score or parameter selection; rotated-window deltas are not pure coordinate-axis attribution
S0MV-GM_RM017-PV002-SEG02|TEMPORAL_SHUFFLE,temporal_counterfactual,TEMPORAL_NEGATIVE,NOT_EVALUATED_DIRECTION_INSENSITIVE_METRICS,APPLICABLE_TO_TEMPORAL_CORRESPONDENCE_CONTROL,GM_RM017,GM_RM017:PV002,temporal_relation_falsification,raw_gt,WORLD_FIXED,REPRESENTATION_DEFINED_AXIS,CANDIDATE_LOCAL_REESTIMATED,SOURCE_POSITIVE_GT_CONDITIONED_VIEW_GAP10_DIFF5_RELIABILITY_AND_FINITE_COMMON_VALID_PROJECTED_NO_RESELECTION,369267f7470fa21a7f75d20a878c2056eb190faf3a9bb522937c013f7db00e6c,fe00de604990c155fd9239e7643555cbea5f31d71699c09b0b1408e1f8bbf821,65,8,8,11,3,3,PAIR_COUNT_GT4_SHARED_FRAME_REPEATED_EVIDENCE,0.072401,0.998109,1.758092,0.077623,32.000000,152.000000,0.046867,0.215451,0.022236,0.102723,0.016571,0.012065,1.000000,0.043440,0.992973,3.390973,0.078895,36.000000,372.000000,0.028461,0.189136,0.027735,0.140964,0.013607,0.009996,6.132645,0.222262,0.378028,2.896454,5.227263,84.772737,,,REPRESENTATION_X_Y_AXES_ONLY,150.000000,269.000000,0.161180,2793.000000,0.159418,0.139252,0.149460,0.107318,0.083021,-0.101229,2.782879,0.344052,0.185458,0.152895,,,REPRESENTATION_X_Y_AXES_ONLY,CANNY_THIN_EDGE_CONNECTIVITY_PROXY_NOT_MORPHOLOGICAL_SKELETON,TELEA_INPAINT_INVALID_PLUS_ERODE_VALID_6PX,1.000000,1.000000,1.000000,1.000000,PASS:65,45.000000,99.000000,0.010284,PASS,TRACKED_OR_FIXED_CENTER_WITH_GLOBAL_AXES_AND_EQUAL_WINDOW_DIMENSIONS,EQUAL_WINDOW_DIMENSIONS_GRID_DENSITY_MASK_GRAY;ROTATED_ANISOTROPIC_WINDOWS_SAMPLE_DIFFERENT_SOURCE_PIXELS,directly_reviewed_complete,metrics remain separate; no combined score or parameter selection; rotated-window deltas are not pure coordinate-axis attribution
S0MV-GM_RM017-PV002-SEG02|TEMPORAL_SHUFFLE,temporal_counterfactual,TEMPORAL_NEGATIVE,NOT_EVALUATED_DIRECTION_INSENSITIVE_METRICS,APPLICABLE_TO_TEMPORAL_CORRESPONDENCE_CONTROL,GM_RM017,GM_RM017:PV002,temporal_relation_falsification,raw_gt,CENTER_TRACKED_CARTESIAN,REPRESENTATION_DEFINED_AXIS,CANDIDATE_LOCAL_REESTIMATED,SOURCE_POSITIVE_GT_CONDITIONED_VIEW_GAP10_DIFF5_RELIABILITY_AND_FINITE_COMMON_VALID_PROJECTED_NO_RESELECTION,369267f7470fa21a7f75d20a878c2056eb190faf3a9bb522937c013f7db00e6c,fe00de604990c155fd9239e7643555cbea5f31d71699c09b0b1408e1f8bbf821,65,8,8,11,3,3,PAIR_COUNT_GT4_SHARED_FRAME_REPEATED_EVIDENCE,-0.108063,0.764101,20.062464,0.078806,84.000000,960.500000,0.014453,0.311379,0.058757,0.155529,0.021779,0.006161,1.000000,0.079639,0.976784,6.184532,0.092764,41.500000,475.000000,0.024195,0.158994,0.032116,0.160748,0.013411,0.010880,11.048235,0.220408,0.364497,13.566119,10.583335,79.416665,,,REPRESENTATION_X_Y_AXES_ONLY,173.000000,282.000000,0.214763,3004.000000,0.216058,0.152740,0.202905,0.105975,0.071572,-0.153646,2.791070,0.301854,0.174138,0.156044,,,REPRESENTATION_X_Y_AXES_ONLY,CANNY_THIN_EDGE_CONNECTIVITY_PROXY_NOT_MORPHOLOGICAL_SKELETON,TELEA_INPAINT_INVALID_PLUS_ERODE_VALID_6PX,1.000000,1.000000,1.000000,1.000000,PASS:65,44.000000,90.000000,0.010315,PASS,TRACKED_OR_FIXED_CENTER_WITH_GLOBAL_AXES_AND_EQUAL_WINDOW_DIMENSIONS,EQUAL_WINDOW_DIMENSIONS_GRID_DENSITY_MASK_GRAY;ROTATED_ANISOTROPIC_WINDOWS_SAMPLE_DIFFERENT_SOURCE_PIXELS,directly_reviewed_complete,metrics remain separate; no combined score or parameter selection; rotated-window deltas are not pure coordinate-axis attribution
S0MV-GM_RM017-PV002-SEG02|TEMPORAL_SHUFFLE,temporal_counterfactual,TEMPORAL_NEGATIVE,NOT_EVALUATED_DIRECTION_INSENSITIVE_METRICS,APPLICABLE_TO_TEMPORAL_CORRESPONDENCE_CONTROL,GM_RM017,GM_RM017:PV002,temporal_relation_falsification,raw_gt,CENTER_TRACKED_RADIAL,REPRESENTATION_DEFINED_AXIS,CANDIDATE_LOCAL_REESTIMATED,SOURCE_POSITIVE_GT_CONDITIONED_VIEW_GAP10_DIFF5_RELIABILITY_AND_FINITE_COMMON_VALID_PROJECTED_NO_RESELECTION,369267f7470fa21a7f75d20a878c2056eb190faf3a9bb522937c013f7db00e6c,fe00de604990c155fd9239e7643555cbea5f31d71699c09b0b1408e1f8bbf821,65,8,8,11,3,3,PAIR_COUNT_GT4_SHARED_FRAME_REPEATED_EVIDENCE,-0.072961,0.945005,8.549312,0.083247,86.000000,948.000000,0.035752,0.336946,0.021173,0.080728,0.015571,0.010589,1.000000,0.087532,0.980914,5.598419,0.092452,43.000000,401.500000,0.026235,0.185228,0.023888,0.115530,0.013575,0.013440,177.195056,0.202775,0.354659,7.622216,8.008842,81.991158,,,REPRESENTATION_X_Y_AXES_ONLY,178.000000,281.000000,0.233199,2957.000000,0.237374,0.151978,0.224726,0.109072,0.075356,0.073631,2.796776,0.301409,0.176940,0.153819,,,REPRESENTATION_X_Y_AXES_ONLY,CANNY_THIN_EDGE_CONNECTIVITY_PROXY_NOT_MORPHOLOGICAL_SKELETON,TELEA_INPAINT_INVALID_PLUS_ERODE_VALID_6PX,1.000000,1.000000,1.000000,1.000000,PASS:65,44.000000,88.000000,0.010315,PASS,AXIS_ORIENTATION_PLUS_ROTATED_ANISOTROPIC_SUPPORT_FOOTPRINT,EQUAL_WINDOW_DIMENSIONS_GRID_DENSITY_MASK_GRAY;ROTATED_ANISOTROPIC_WINDOWS_SAMPLE_DIFFERENT_SOURCE_PIXELS,directly_reviewed_complete,metrics remain separate; no combined score or parameter selection; rotated-window deltas are not pure coordinate-axis attribution
S0MV-GM_RM017-PV002-SEG02|TEMPORAL_SHUFFLE,temporal_counterfactual,TEMPORAL_NEGATIVE,NOT_EVALUATED_DIRECTION_INSENSITIVE_METRICS,APPLICABLE_TO_TEMPORAL_CORRESPONDENCE_CONTROL,GM_RM017,GM_RM017:PV002,temporal_relation_falsification,raw_gt,CENTER_TRACKED_BODY,GT_DERIVED_UNSIGNED_BODY,CANDIDATE_LOCAL_REESTIMATED,SOURCE_POSITIVE_GT_CONDITIONED_VIEW_GAP10_DIFF5_RELIABILITY_AND_FINITE_COMMON_VALID_PROJECTED_NO_RESELECTION,369267f7470fa21a7f75d20a878c2056eb190faf3a9bb522937c013f7db00e6c,fe00de604990c155fd9239e7643555cbea5f31d71699c09b0b1408e1f8bbf821,65,8,8,11,3,3,PAIR_COUNT_GT4_SHARED_FRAME_REPEATED_EVIDENCE,-0.095118,0.893770,13.299988,0.079325,86.500000,1034.000000,0.028399,0.318426,0.034213,0.230916,0.014733,0.011519,1.000000,0.089923,0.972832,6.692582,0.092602,46.500000,456.500000,0.021519,0.158647,0.036395,0.155638,0.013400,0.009317,13.934295,0.221650,0.363974,12.927485,11.307867,78.692133,11.307867,78.692133,BODY_LONG_SHORT_AXES,175.000000,285.000000,0.211912,3020.000000,0.221942,0.152130,0.207211,0.094880,0.090906,-0.130240,2.800988,0.317443,0.170712,0.156853,0.170712,0.156853,BODY_LONG_SHORT_AXES,CANNY_THIN_EDGE_CONNECTIVITY_PROXY_NOT_MORPHOLOGICAL_SKELETON,TELEA_INPAINT_INVALID_PLUS_ERODE_VALID_6PX,1.000000,1.000000,1.000000,1.000000,PASS:65,44.000000,90.000000,0.010315,PASS,AXIS_ORIENTATION_PLUS_ROTATED_ANISOTROPIC_SUPPORT_FOOTPRINT,EQUAL_WINDOW_DIMENSIONS_GRID_DENSITY_MASK_GRAY;ROTATED_ANISOTROPIC_WINDOWS_SAMPLE_DIFFERENT_SOURCE_PIXELS,directly_reviewed_complete,metrics remain separate; no combined score or parameter selection; rotated-window deltas are not pure coordinate-axis attribution
S0MV-GM_RM017-PV002-SEG02|TEMPORAL_SHUFFLE,temporal_counterfactual,TEMPORAL_NEGATIVE,NOT_EVALUATED_DIRECTION_INSENSITIVE_METRICS,APPLICABLE_TO_TEMPORAL_CORRESPONDENCE_CONTROL,GM_RM017,GM_RM017:PV002,temporal_relation_falsification,smoothed_gt,WORLD_FIXED,REPRESENTATION_DEFINED_AXIS,FIXED_REFERENCE,SOURCE_POSITIVE_GT_CONDITIONED_VIEW_GAP10_DIFF5_RELIABILITY_AND_FINITE_COMMON_VALID_PROJECTED_NO_RESELECTION,7af9116724c7a8702700075845d02acd180c1bd14d4b238413ba2ed3adaafc86,ed546402acc4ce6014d9b55287c5bd2e9525b45c88e831b366822566c34e6b33,65,3,0,0,0,0,NO_ELIGIBLE_PAIRS,,,,,,,,,,,,,,0.047023,0.987959,4.441602,0.063638,118.000000,1479.000000,0.072699,0.210262,0.047174,0.236373,0.025517,0.019469,6.670559,0.226483,0.369787,2.746036,6.296706,83.703294,,,REPRESENTATION_X_Y_AXES_ONLY,130.000000,228.000000,0.668663,2180.000000,0.706657,0.111328,0.682620,0.122659,0.044992,-0.027142,2.788593,0.344899,0.189533,0.153702,,,REPRESENTATION_X_Y_AXES_ONLY,CANNY_THIN_EDGE_CONNECTIVITY_PROXY_NOT_MORPHOLOGICAL_SKELETON,TELEA_INPAINT_INVALID_PLUS_ERODE_VALID_6PX,1.000000,1.000000,1.000000,1.000000,PASS:65,44.000000,99.000000,0.012726,PASS,TRACKED_OR_FIXED_CENTER_WITH_GLOBAL_AXES_AND_EQUAL_WINDOW_DIMENSIONS,EQUAL_WINDOW_DIMENSIONS_GRID_DENSITY_MASK_GRAY;ROTATED_ANISOTROPIC_WINDOWS_SAMPLE_DIFFERENT_SOURCE_PIXELS,directly_reviewed_complete,metrics remain separate; no combined score or parameter selection; rotated-window deltas are not pure coordinate-axis attribution
S0MV-GM_RM017-PV002-SEG02|TEMPORAL_SHUFFLE,temporal_counterfactual,TEMPORAL_NEGATIVE,NOT_EVALUATED_DIRECTION_INSENSITIVE_METRICS,APPLICABLE_TO_TEMPORAL_CORRESPONDENCE_CONTROL,GM_RM017,GM_RM017:PV002,temporal_relation_falsification,smoothed_gt,CENTER_TRACKED_CARTESIAN,REPRESENTATION_DEFINED_AXIS,FIXED_REFERENCE,SOURCE_POSITIVE_GT_CONDITIONED_VIEW_GAP10_DIFF5_RELIABILITY_AND_FINITE_COMMON_VALID_PROJECTED_NO_RESELECTION,7af9116724c7a8702700075845d02acd180c1bd14d4b238413ba2ed3adaafc86,ed546402acc4ce6014d9b55287c5bd2e9525b45c88e831b366822566c34e6b33,65,3,0,0,0,0,NO_ELIGIBLE_PAIRS,,,,,,,,,,,,,,0.078146,0.980898,5.606976,0.054667,118.500000,1441.000000,0.065706,0.262220,0.054035,0.224530,0.021944,0.018771,11.369000,0.215389,0.349090,13.780934,11.960881,78.039119,,,REPRESENTATION_X_Y_AXES_ONLY,124.000000,204.000000,0.731721,1896.000000,0.788729,0.099365,0.763036,0.141288,0.018388,-0.089531,2.812500,0.420381,0.173829,0.152934,,,REPRESENTATION_X_Y_AXES_ONLY,CANNY_THIN_EDGE_CONNECTIVITY_PROXY_NOT_MORPHOLOGICAL_SKELETON,TELEA_INPAINT_INVALID_PLUS_ERODE_VALID_6PX,1.000000,1.000000,1.000000,1.000000,PASS:65,44.000000,90.000000,0.007324,PASS,TRACKED_OR_FIXED_CENTER_WITH_GLOBAL_AXES_AND_EQUAL_WINDOW_DIMENSIONS,EQUAL_WINDOW_DIMENSIONS_GRID_DENSITY_MASK_GRAY;ROTATED_ANISOTROPIC_WINDOWS_SAMPLE_DIFFERENT_SOURCE_PIXELS,directly_reviewed_complete,metrics remain separate; no combined score or parameter selection; rotated-window deltas are not pure coordinate-axis attribution
S0MV-GM_RM017-PV002-SEG02|TEMPORAL_SHUFFLE,temporal_counterfactual,TEMPORAL_NEGATIVE,NOT_EVALUATED_DIRECTION_INSENSITIVE_METRICS,APPLICABLE_TO_TEMPORAL_CORRESPONDENCE_CONTROL,GM_RM017,GM_RM017:PV002,temporal_relation_falsification,smoothed_gt,CENTER_TRACKED_RADIAL,REPRESENTATION_DEFINED_AXIS,FIXED_REFERENCE,SOURCE_POSITIVE_GT_CONDITIONED_VIEW_GAP10_DIFF5_RELIABILITY_AND_FINITE_COMMON_VALID_PROJECTED_NO_RESELECTION,7af9116724c7a8702700075845d02acd180c1bd14d4b238413ba2ed3adaafc86,ed546402acc4ce6014d9b55287c5bd2e9525b45c88e831b366822566c34e6b33,65,3,0,0,0,0,NO_ELIGIBLE_PAIRS,,,,,,,,,,,,,,0.071443,0.982269,5.402733,0.052956,124.500000,1380.500000,0.064910,0.264825,0.040642,0.240007,0.019739,0.022430,177.818835,0.214485,0.338714,7.720380,8.587816,81.412184,,,REPRESENTATION_X_Y_AXES_ONLY,118.000000,193.000000,0.744490,1862.000000,0.811541,0.091309,0.783504,0.147574,0.009381,0.025939,2.817387,0.369393,0.179269,0.149024,,,REPRESENTATION_X_Y_AXES_ONLY,CANNY_THIN_EDGE_CONNECTIVITY_PROXY_NOT_MORPHOLOGICAL_SKELETON,TELEA_INPAINT_INVALID_PLUS_ERODE_VALID_6PX,1.000000,1.000000,1.000000,1.000000,PASS:65,44.000000,88.000000,0.005707,PASS,AXIS_ORIENTATION_PLUS_ROTATED_ANISOTROPIC_SUPPORT_FOOTPRINT,EQUAL_WINDOW_DIMENSIONS_GRID_DENSITY_MASK_GRAY;ROTATED_ANISOTROPIC_WINDOWS_SAMPLE_DIFFERENT_SOURCE_PIXELS,directly_reviewed_complete,metrics remain separate; no combined score or parameter selection; rotated-window deltas are not pure coordinate-axis attribution
S0MV-GM_RM017-PV002-SEG02|TEMPORAL_SHUFFLE,temporal_counterfactual,TEMPORAL_NEGATIVE,NOT_EVALUATED_DIRECTION_INSENSITIVE_METRICS,APPLICABLE_TO_TEMPORAL_CORRESPONDENCE_CONTROL,GM_RM017,GM_RM017:PV002,temporal_relation_falsification,smoothed_gt,CENTER_TRACKED_BODY,GT_DERIVED_UNSIGNED_BODY,FIXED_REFERENCE,SOURCE_POSITIVE_GT_CONDITIONED_VIEW_GAP10_DIFF5_RELIABILITY_AND_FINITE_COMMON_VALID_PROJECTED_NO_RESELECTION,7af9116724c7a8702700075845d02acd180c1bd14d4b238413ba2ed3adaafc86,ed546402acc4ce6014d9b55287c5bd2e9525b45c88e831b366822566c34e6b33,65,3,0,0,0,0,NO_ELIGIBLE_PAIRS,,,,,,,,,,,,,,0.080916,0.971134,6.882205,0.051994,121.000000,1466.000000,0.067015,0.268650,0.052360,0.257004,0.018568,0.018567,14.373974,0.217644,0.347930,12.611089,12.148147,77.851853,12.148147,77.851853,BODY_LONG_SHORT_AXES,116.000000,196.000000,0.743648,1986.000000,0.792408,0.100433,0.766116,0.121564,0.022166,-0.075198,2.814700,0.408147,0.172512,0.153799,0.172512,0.153799,BODY_LONG_SHORT_AXES,CANNY_THIN_EDGE_CONNECTIVITY_PROXY_NOT_MORPHOLOGICAL_SKELETON,TELEA_INPAINT_INVALID_PLUS_ERODE_VALID_6PX,1.000000,1.000000,1.000000,1.000000,PASS:65,44.000000,90.000000,0.007355,PASS,AXIS_ORIENTATION_PLUS_ROTATED_ANISOTROPIC_SUPPORT_FOOTPRINT,EQUAL_WINDOW_DIMENSIONS_GRID_DENSITY_MASK_GRAY;ROTATED_ANISOTROPIC_WINDOWS_SAMPLE_DIFFERENT_SOURCE_PIXELS,directly_reviewed_complete,metrics remain separate; no combined score or parameter selection; rotated-window deltas are not pure coordinate-axis attribution
S0MV-GM_RM017-PV002-SEG02|TEMPORAL_SHUFFLE,temporal_counterfactual,TEMPORAL_NEGATIVE,NOT_EVALUATED_DIRECTION_INSENSITIVE_METRICS,APPLICABLE_TO_TEMPORAL_CORRESPONDENCE_CONTROL,GM_RM017,GM_RM017:PV002,temporal_relation_falsification,smoothed_gt,WORLD_FIXED,REPRESENTATION_DEFINED_AXIS,CANDIDATE_LOCAL_REESTIMATED,SOURCE_POSITIVE_GT_CONDITIONED_VIEW_GAP10_DIFF5_RELIABILITY_AND_FINITE_COMMON_VALID_PROJECTED_NO_RESELECTION,7af9116724c7a8702700075845d02acd180c1bd14d4b238413ba2ed3adaafc86,ed546402acc4ce6014d9b55287c5bd2e9525b45c88e831b366822566c34e6b33,65,3,0,0,0,0,NO_ELIGIBLE_PAIRS,,,,,,,,,,,,,,0.042331,0.993879,3.153361,0.079077,36.500000,451.000000,0.022981,0.197097,0.034695,0.139567,0.013547,0.010778,6.171391,0.219581,0.379210,2.848951,5.391598,84.608402,,,REPRESENTATION_X_Y_AXES_ONLY,152.000000,264.000000,0.157732,2794.000000,0.163377,0.139740,0.153743,0.093947,0.088868,-0.093293,2.784162,0.364786,0.186150,0.155053,,,REPRESENTATION_X_Y_AXES_ONLY,CANNY_THIN_EDGE_CONNECTIVITY_PROXY_NOT_MORPHOLOGICAL_SKELETON,TELEA_INPAINT_INVALID_PLUS_ERODE_VALID_6PX,1.000000,1.000000,1.000000,1.000000,PASS:65,45.000000,99.000000,0.010284,PASS,TRACKED_OR_FIXED_CENTER_WITH_GLOBAL_AXES_AND_EQUAL_WINDOW_DIMENSIONS,EQUAL_WINDOW_DIMENSIONS_GRID_DENSITY_MASK_GRAY;ROTATED_ANISOTROPIC_WINDOWS_SAMPLE_DIFFERENT_SOURCE_PIXELS,directly_reviewed_complete,metrics remain separate; no combined score or parameter selection; rotated-window deltas are not pure coordinate-axis attribution
S0MV-GM_RM017-PV002-SEG02|TEMPORAL_SHUFFLE,temporal_counterfactual,TEMPORAL_NEGATIVE,NOT_EVALUATED_DIRECTION_INSENSITIVE_METRICS,APPLICABLE_TO_TEMPORAL_CORRESPONDENCE_CONTROL,GM_RM017,GM_RM017:PV002,temporal_relation_falsification,smoothed_gt,CENTER_TRACKED_CARTESIAN,REPRESENTATION_DEFINED_AXIS,CANDIDATE_LOCAL_REESTIMATED,SOURCE_POSITIVE_GT_CONDITIONED_VIEW_GAP10_DIFF5_RELIABILITY_AND_FINITE_COMMON_VALID_PROJECTED_NO_RESELECTION,7af9116724c7a8702700075845d02acd180c1bd14d4b238413ba2ed3adaafc86,ed546402acc4ce6014d9b55287c5bd2e9525b45c88e831b366822566c34e6b33,65,3,0,0,0,0,NO_ELIGIBLE_PAIRS,,,,,,,,,,,,,,0.082599,0.979547,5.785253,0.090203,40.500000,497.500000,0.028400,0.171207,0.027697,0.156262,0.011157,0.008896,11.176773,0.217086,0.364848,13.512483,10.109527,79.890473,,,REPRESENTATION_X_Y_AXES_ONLY,174.000000,280.000000,0.213173,3002.000000,0.219417,0.153076,0.201918,0.100367,0.073436,-0.151345,2.790781,0.303582,0.173896,0.155443,,,REPRESENTATION_X_Y_AXES_ONLY,CANNY_THIN_EDGE_CONNECTIVITY_PROXY_NOT_MORPHOLOGICAL_SKELETON,TELEA_INPAINT_INVALID_PLUS_ERODE_VALID_6PX,1.000000,1.000000,1.000000,1.000000,PASS:65,44.000000,90.000000,0.010284,PASS,TRACKED_OR_FIXED_CENTER_WITH_GLOBAL_AXES_AND_EQUAL_WINDOW_DIMENSIONS,EQUAL_WINDOW_DIMENSIONS_GRID_DENSITY_MASK_GRAY;ROTATED_ANISOTROPIC_WINDOWS_SAMPLE_DIFFERENT_SOURCE_PIXELS,directly_reviewed_complete,metrics remain separate; no combined score or parameter selection; rotated-window deltas are not pure coordinate-axis attribution
S0MV-GM_RM017-PV002-SEG02|TEMPORAL_SHUFFLE,temporal_counterfactual,TEMPORAL_NEGATIVE,NOT_EVALUATED_DIRECTION_INSENSITIVE_METRICS,APPLICABLE_TO_TEMPORAL_CORRESPONDENCE_CONTROL,GM_RM017,GM_RM017:PV002,temporal_relation_falsification,smoothed_gt,CENTER_TRACKED_RADIAL,REPRESENTATION_DEFINED_AXIS,CANDIDATE_LOCAL_REESTIMATED,SOURCE_POSITIVE_GT_CONDITIONED_VIEW_GAP10_DIFF5_RELIABILITY_AND_FINITE_COMMON_VALID_PROJECTED_NO_RESELECTION,7af9116724c7a8702700075845d02acd180c1bd14d4b238413ba2ed3adaafc86,ed546402acc4ce6014d9b55287c5bd2e9525b45c88e831b366822566c34e6b33,65,3,0,0,0,0,NO_ELIGIBLE_PAIRS,,,,,,,,,,,,,,0.082712,0.980884,5.609469,0.094535,42.500000,452.000000,0.023184,0.173821,0.024877,0.124563,0.013012,0.012004,177.221680,0.203812,0.354659,7.622171,7.409036,82.590964,,,REPRESENTATION_X_Y_AXES_ONLY,180.000000,288.000000,0.225910,2955.000000,0.235366,0.148224,0.224391,0.107953,0.075620,0.076093,2.796599,0.287266,0.175857,0.153005,,,REPRESENTATION_X_Y_AXES_ONLY,CANNY_THIN_EDGE_CONNECTIVITY_PROXY_NOT_MORPHOLOGICAL_SKELETON,TELEA_INPAINT_INVALID_PLUS_ERODE_VALID_6PX,1.000000,1.000000,1.000000,1.000000,PASS:65,44.000000,88.000000,0.010315,PASS,AXIS_ORIENTATION_PLUS_ROTATED_ANISOTROPIC_SUPPORT_FOOTPRINT,EQUAL_WINDOW_DIMENSIONS_GRID_DENSITY_MASK_GRAY;ROTATED_ANISOTROPIC_WINDOWS_SAMPLE_DIFFERENT_SOURCE_PIXELS,directly_reviewed_complete,metrics remain separate; no combined score or parameter selection; rotated-window deltas are not pure coordinate-axis attribution
S0MV-GM_RM017-PV002-SEG02|TEMPORAL_SHUFFLE,temporal_counterfactual,TEMPORAL_NEGATIVE,NOT_EVALUATED_DIRECTION_INSENSITIVE_METRICS,APPLICABLE_TO_TEMPORAL_CORRESPONDENCE_CONTROL,GM_RM017,GM_RM017:PV002,temporal_relation_falsification,smoothed_gt,CENTER_TRACKED_BODY,GT_DERIVED_UNSIGNED_BODY,CANDIDATE_LOCAL_REESTIMATED,SOURCE_POSITIVE_GT_CONDITIONED_VIEW_GAP10_DIFF5_RELIABILITY_AND_FINITE_COMMON_VALID_PROJECTED_NO_RESELECTION,7af9116724c7a8702700075845d02acd180c1bd14d4b238413ba2ed3adaafc86,ed546402acc4ce6014d9b55287c5bd2e9525b45c88e831b366822566c34e6b33,65,3,0,0,0,0,NO_ELIGIBLE_PAIRS,,,,,,,,,,,,,,0.084563,0.977579,6.066931,0.090053,40.000000,457.500000,0.028167,0.161912,0.033865,0.163671,0.011731,0.009561,14.171354,0.219114,0.365190,12.715660,12.283727,77.716273,12.283727,77.716273,BODY_LONG_SHORT_AXES,179.000000,280.000000,0.204939,3036.000000,0.227986,0.153076,0.208671,0.093245,0.084819,-0.144781,2.795444,0.317443,0.173896,0.155123,0.173896,0.155123,BODY_LONG_SHORT_AXES,CANNY_THIN_EDGE_CONNECTIVITY_PROXY_NOT_MORPHOLOGICAL_SKELETON,TELEA_INPAINT_INVALID_PLUS_ERODE_VALID_6PX,1.000000,1.000000,1.000000,1.000000,PASS:65,44.000000,90.000000,0.010284,PASS,AXIS_ORIENTATION_PLUS_ROTATED_ANISOTROPIC_SUPPORT_FOOTPRINT,EQUAL_WINDOW_DIMENSIONS_GRID_DENSITY_MASK_GRAY;ROTATED_ANISOTROPIC_WINDOWS_SAMPLE_DIFFERENT_SOURCE_PIXELS,directly_reviewed_complete,metrics remain separate; no combined score or parameter selection; rotated-window deltas are not pure coordinate-axis attribution
S0MV-GM_RM017-PV002-SEG02|TEMPORAL_REVERSE,temporal_counterfactual,TEMPORAL_NEGATIVE,NOT_APPLICABLE_TO_TIME_REVERSAL,APPLICABLE_TO_TEMPORAL_CORRESPONDENCE_CONTROL,GM_RM017,GM_RM017:PV002,temporal_relation_falsification,raw_gt,WORLD_FIXED,REPRESENTATION_DEFINED_AXIS,FIXED_REFERENCE,SOURCE_POSITIVE_GT_CONDITIONED_VIEW_GAP10_DIFF5_RELIABILITY_AND_FINITE_COMMON_VALID_PROJECTED_NO_RESELECTION,369267f7470fa21a7f75d20a878c2056eb190faf3a9bb522937c013f7db00e6c,fe00de604990c155fd9239e7643555cbea5f31d71699c09b0b1408e1f8bbf821,65,8,8,11,3,3,PAIR_COUNT_GT4_SHARED_FRAME_REPEATED_EVIDENCE,0.140228,0.985086,4.952031,0.082455,379.000000,4149.000000,0.090041,0.123132,0.031613,0.451621,0.010154,0.017507,1.000000,0.755424,0.997109,2.179002,0.139926,37.000000,303.000000,0.024592,0.040183,0.023181,0.035774,0.009859,0.007724,6.686804,0.215759,0.371393,2.906971,6.628541,83.371459,,,REPRESENTATION_X_Y_AXES_ONLY,129.000000,260.000000,0.654397,2592.000000,0.676108,0.131073,0.657813,0.117069,0.073189,-0.058918,2.794179,0.270333,0.186672,0.153762,,,REPRESENTATION_X_Y_AXES_ONLY,CANNY_THIN_EDGE_CONNECTIVITY_PROXY_NOT_MORPHOLOGICAL_SKELETON,TELEA_INPAINT_INVALID_PLUS_ERODE_VALID_6PX,1.000000,1.000000,1.000000,1.000000,PASS:65,44.000000,99.000000,0.012634,PASS,TRACKED_OR_FIXED_CENTER_WITH_GLOBAL_AXES_AND_EQUAL_WINDOW_DIMENSIONS,EQUAL_WINDOW_DIMENSIONS_GRID_DENSITY_MASK_GRAY;ROTATED_ANISOTROPIC_WINDOWS_SAMPLE_DIFFERENT_SOURCE_PIXELS,directly_reviewed_complete,metrics remain separate; no combined score or parameter selection; rotated-window deltas are not pure coordinate-axis attribution
S0MV-GM_RM017-PV002-SEG02|TEMPORAL_REVERSE,temporal_counterfactual,TEMPORAL_NEGATIVE,NOT_APPLICABLE_TO_TIME_REVERSAL,APPLICABLE_TO_TEMPORAL_CORRESPONDENCE_CONTROL,GM_RM017,GM_RM017:PV002,temporal_relation_falsification,raw_gt,CENTER_TRACKED_CARTESIAN,REPRESENTATION_DEFINED_AXIS,FIXED_REFERENCE,SOURCE_POSITIVE_GT_CONDITIONED_VIEW_GAP10_DIFF5_RELIABILITY_AND_FINITE_COMMON_VALID_PROJECTED_NO_RESELECTION,369267f7470fa21a7f75d20a878c2056eb190faf3a9bb522937c013f7db00e6c,fe00de604990c155fd9239e7643555cbea5f31d71699c09b0b1408e1f8bbf821,65,8,8,11,3,3,PAIR_COUNT_GT4_SHARED_FRAME_REPEATED_EVIDENCE,0.002740,0.908530,12.287449,0.081628,383.000000,4345.000000,0.066186,0.249433,0.026492,0.556888,0.014613,0.009429,1.000000,0.542850,0.994496,3.007034,0.114578,34.500000,291.500000,0.024784,0.067777,0.029599,0.052143,0.011427,0.007250,13.452289,0.196465,0.351029,14.973732,13.308901,76.691099,,,REPRESENTATION_X_Y_AXES_ONLY,115.000000,204.000000,0.742000,2163.000000,0.781170,0.112427,0.758219,0.143903,0.019541,-0.126700,2.814348,0.274498,0.170298,0.159380,,,REPRESENTATION_X_Y_AXES_ONLY,CANNY_THIN_EDGE_CONNECTIVITY_PROXY_NOT_MORPHOLOGICAL_SKELETON,TELEA_INPAINT_INVALID_PLUS_ERODE_VALID_6PX,1.000000,1.000000,1.000000,1.000000,PASS:65,44.000000,95.000000,0.010254,PASS,TRACKED_OR_FIXED_CENTER_WITH_GLOBAL_AXES_AND_EQUAL_WINDOW_DIMENSIONS,EQUAL_WINDOW_DIMENSIONS_GRID_DENSITY_MASK_GRAY;ROTATED_ANISOTROPIC_WINDOWS_SAMPLE_DIFFERENT_SOURCE_PIXELS,directly_reviewed_complete,metrics remain separate; no combined score or parameter selection; rotated-window deltas are not pure coordinate-axis attribution
S0MV-GM_RM017-PV002-SEG02|TEMPORAL_REVERSE,temporal_counterfactual,TEMPORAL_NEGATIVE,NOT_APPLICABLE_TO_TIME_REVERSAL,APPLICABLE_TO_TEMPORAL_CORRESPONDENCE_CONTROL,GM_RM017,GM_RM017:PV002,temporal_relation_falsification,raw_gt,CENTER_TRACKED_RADIAL,REPRESENTATION_DEFINED_AXIS,FIXED_REFERENCE,SOURCE_POSITIVE_GT_CONDITIONED_VIEW_GAP10_DIFF5_RELIABILITY_AND_FINITE_COMMON_VALID_PROJECTED_NO_RESELECTION,369267f7470fa21a7f75d20a878c2056eb190faf3a9bb522937c013f7db00e6c,fe00de604990c155fd9239e7643555cbea5f31d71699c09b0b1408e1f8bbf821,65,8,8,11,3,3,PAIR_COUNT_GT4_SHARED_FRAME_REPEATED_EVIDENCE,0.011117,0.974331,6.444968,0.069972,436.000000,4866.500000,0.051425,0.260321,0.042915,0.514028,0.020511,0.014423,1.000000,0.542463,0.991197,3.804063,0.118326,34.500000,268.000000,0.032686,0.064234,0.026923,0.048570,0.010737,0.010154,177.979874,0.195374,0.352368,8.788582,7.472377,82.527623,,,REPRESENTATION_X_Y_AXES_ONLY,112.000000,196.000000,0.758022,2039.000000,0.799147,0.106415,0.776434,0.127743,0.020285,0.112964,2.823252,0.294215,0.171036,0.154114,,,REPRESENTATION_X_Y_AXES_ONLY,CANNY_THIN_EDGE_CONNECTIVITY_PROXY_NOT_MORPHOLOGICAL_SKELETON,TELEA_INPAINT_INVALID_PLUS_ERODE_VALID_6PX,1.000000,1.000000,1.000000,1.000000,PASS:65,44.000000,93.000000,0.008972,PASS,AXIS_ORIENTATION_PLUS_ROTATED_ANISOTROPIC_SUPPORT_FOOTPRINT,EQUAL_WINDOW_DIMENSIONS_GRID_DENSITY_MASK_GRAY;ROTATED_ANISOTROPIC_WINDOWS_SAMPLE_DIFFERENT_SOURCE_PIXELS,directly_reviewed_complete,metrics remain separate; no combined score or parameter selection; rotated-window deltas are not pure coordinate-axis attribution
S0MV-GM_RM017-PV002-SEG02|TEMPORAL_REVERSE,temporal_counterfactual,TEMPORAL_NEGATIVE,NOT_APPLICABLE_TO_TIME_REVERSAL,APPLICABLE_TO_TEMPORAL_CORRESPONDENCE_CONTROL,GM_RM017,GM_RM017:PV002,temporal_relation_falsification,raw_gt,CENTER_TRACKED_BODY,GT_DERIVED_UNSIGNED_BODY,FIXED_REFERENCE,SOURCE_POSITIVE_GT_CONDITIONED_VIEW_GAP10_DIFF5_RELIABILITY_AND_FINITE_COMMON_VALID_PROJECTED_NO_RESELECTION,369267f7470fa21a7f75d20a878c2056eb190faf3a9bb522937c013f7db00e6c,fe00de604990c155fd9239e7643555cbea5f31d71699c09b0b1408e1f8bbf821,65,8,8,11,3,3,PAIR_COUNT_GT4_SHARED_FRAME_REPEATED_EVIDENCE,0.009956,0.978691,5.919580,0.077900,397.000000,4558.500000,0.060904,0.263313,0.031807,0.598815,0.013892,0.013662,1.000000,0.528851,0.991740,3.684308,0.107891,33.000000,192.500000,0.023093,0.072570,0.020537,0.055854,0.011635,0.007443,16.220395,0.193918,0.351273,13.425177,16.556269,73.443731,16.556269,73.443731,BODY_LONG_SHORT_AXES,117.000000,212.000000,0.746154,2218.000000,0.782837,0.111328,0.758615,0.143650,0.020058,-0.140253,2.826606,0.289281,0.170203,0.159738,0.170203,0.159738,BODY_LONG_SHORT_AXES,CANNY_THIN_EDGE_CONNECTIVITY_PROXY_NOT_MORPHOLOGICAL_SKELETON,TELEA_INPAINT_INVALID_PLUS_ERODE_VALID_6PX,1.000000,1.000000,1.000000,1.000000,PASS:65,44.000000,95.000000,0.010406,PASS,AXIS_ORIENTATION_PLUS_ROTATED_ANISOTROPIC_SUPPORT_FOOTPRINT,EQUAL_WINDOW_DIMENSIONS_GRID_DENSITY_MASK_GRAY;ROTATED_ANISOTROPIC_WINDOWS_SAMPLE_DIFFERENT_SOURCE_PIXELS,directly_reviewed_complete,metrics remain separate; no combined score or parameter selection; rotated-window deltas are not pure coordinate-axis attribution
S0MV-GM_RM017-PV002-SEG02|TEMPORAL_REVERSE,temporal_counterfactual,TEMPORAL_NEGATIVE,NOT_APPLICABLE_TO_TIME_REVERSAL,APPLICABLE_TO_TEMPORAL_CORRESPONDENCE_CONTROL,GM_RM017,GM_RM017:PV002,temporal_relation_falsification,raw_gt,WORLD_FIXED,REPRESENTATION_DEFINED_AXIS,CANDIDATE_LOCAL_REESTIMATED,SOURCE_POSITIVE_GT_CONDITIONED_VIEW_GAP10_DIFF5_RELIABILITY_AND_FINITE_COMMON_VALID_PROJECTED_NO_RESELECTION,369267f7470fa21a7f75d20a878c2056eb190faf3a9bb522937c013f7db00e6c,fe00de604990c155fd9239e7643555cbea5f31d71699c09b0b1408e1f8bbf821,65,8,8,11,3,3,PAIR_COUNT_GT4_SHARED_FRAME_REPEATED_EVIDENCE,0.158784,0.981666,5.489025,0.091099,30.000000,468.500000,0.024142,0.111469,0.013070,0.259787,0.008091,0.008932,1.000000,0.788279,0.997472,2.037296,0.143928,26.500000,189.000000,0.017960,0.036303,0.021475,0.034673,0.010146,0.007576,6.132645,0.222262,0.378028,2.896454,5.227263,84.772737,,,REPRESENTATION_X_Y_AXES_ONLY,150.000000,269.000000,0.161180,2793.000000,0.159418,0.139252,0.149460,0.107318,0.083021,-0.101229,2.782879,0.344052,0.185458,0.152895,,,REPRESENTATION_X_Y_AXES_ONLY,CANNY_THIN_EDGE_CONNECTIVITY_PROXY_NOT_MORPHOLOGICAL_SKELETON,TELEA_INPAINT_INVALID_PLUS_ERODE_VALID_6PX,1.000000,1.000000,1.000000,1.000000,PASS:65,45.000000,99.000000,0.010284,PASS,TRACKED_OR_FIXED_CENTER_WITH_GLOBAL_AXES_AND_EQUAL_WINDOW_DIMENSIONS,EQUAL_WINDOW_DIMENSIONS_GRID_DENSITY_MASK_GRAY;ROTATED_ANISOTROPIC_WINDOWS_SAMPLE_DIFFERENT_SOURCE_PIXELS,directly_reviewed_complete,metrics remain separate; no combined score or parameter selection; rotated-window deltas are not pure coordinate-axis attribution
S0MV-GM_RM017-PV002-SEG02|TEMPORAL_REVERSE,temporal_counterfactual,TEMPORAL_NEGATIVE,NOT_APPLICABLE_TO_TIME_REVERSAL,APPLICABLE_TO_TEMPORAL_CORRESPONDENCE_CONTROL,GM_RM017,GM_RM017:PV002,temporal_relation_falsification,raw_gt,CENTER_TRACKED_CARTESIAN,REPRESENTATION_DEFINED_AXIS,CANDIDATE_LOCAL_REESTIMATED,SOURCE_POSITIVE_GT_CONDITIONED_VIEW_GAP10_DIFF5_RELIABILITY_AND_FINITE_COMMON_VALID_PROJECTED_NO_RESELECTION,369267f7470fa21a7f75d20a878c2056eb190faf3a9bb522937c013f7db00e6c,fe00de604990c155fd9239e7643555cbea5f31d71699c09b0b1408e1f8bbf821,65,8,8,11,3,3,PAIR_COUNT_GT4_SHARED_FRAME_REPEATED_EVIDENCE,0.002870,0.913101,12.028683,0.077341,41.500000,189.500000,0.015483,0.203855,0.022508,0.213863,0.016307,0.011704,1.000000,0.575576,0.993094,3.366114,0.122875,34.000000,179.000000,0.019019,0.042579,0.030095,0.037072,0.007231,0.009488,13.341418,0.191691,0.362466,14.962596,13.378477,76.621523,,,REPRESENTATION_X_Y_AXES_ONLY,170.000000,285.000000,0.423849,3079.000000,0.307232,0.154358,0.313875,0.088914,0.033304,-0.156329,2.795978,0.251736,0.173879,0.160293,,,REPRESENTATION_X_Y_AXES_ONLY,CANNY_THIN_EDGE_CONNECTIVITY_PROXY_NOT_MORPHOLOGICAL_SKELETON,TELEA_INPAINT_INVALID_PLUS_ERODE_VALID_6PX,1.000000,1.000000,1.000000,1.000000,PASS:65,44.000000,95.000000,0.010284,PASS,TRACKED_OR_FIXED_CENTER_WITH_GLOBAL_AXES_AND_EQUAL_WINDOW_DIMENSIONS,EQUAL_WINDOW_DIMENSIONS_GRID_DENSITY_MASK_GRAY;ROTATED_ANISOTROPIC_WINDOWS_SAMPLE_DIFFERENT_SOURCE_PIXELS,directly_reviewed_complete,metrics remain separate; no combined score or parameter selection; rotated-window deltas are not pure coordinate-axis attribution
S0MV-GM_RM017-PV002-SEG02|TEMPORAL_REVERSE,temporal_counterfactual,TEMPORAL_NEGATIVE,NOT_APPLICABLE_TO_TIME_REVERSAL,APPLICABLE_TO_TEMPORAL_CORRESPONDENCE_CONTROL,GM_RM017,GM_RM017:PV002,temporal_relation_falsification,raw_gt,CENTER_TRACKED_RADIAL,REPRESENTATION_DEFINED_AXIS,CANDIDATE_LOCAL_REESTIMATED,SOURCE_POSITIVE_GT_CONDITIONED_VIEW_GAP10_DIFF5_RELIABILITY_AND_FINITE_COMMON_VALID_PROJECTED_NO_RESELECTION,369267f7470fa21a7f75d20a878c2056eb190faf3a9bb522937c013f7db00e6c,fe00de604990c155fd9239e7643555cbea5f31d71699c09b0b1408e1f8bbf821,65,8,8,11,3,3,PAIR_COUNT_GT4_SHARED_FRAME_REPEATED_EVIDENCE,0.034263,0.953816,8.737083,0.072244,41.000000,299.500000,0.018739,0.253581,0.035431,0.109548,0.024811,0.010369,1.000000,0.588164,0.995190,2.810872,0.125572,21.000000,233.500000,0.017878,0.041755,0.023824,0.040410,0.006798,0.006545,176.011351,0.161794,0.353274,9.023758,8.432480,81.567520,,,REPRESENTATION_X_Y_AXES_ONLY,177.000000,297.000000,0.340079,3143.000000,0.292370,0.155731,0.291530,0.106189,0.045399,0.098915,2.801824,0.279713,0.172024,0.155490,,,REPRESENTATION_X_Y_AXES_ONLY,CANNY_THIN_EDGE_CONNECTIVITY_PROXY_NOT_MORPHOLOGICAL_SKELETON,TELEA_INPAINT_INVALID_PLUS_ERODE_VALID_6PX,1.000000,1.000000,1.000000,1.000000,PASS:65,44.000000,93.000000,0.010315,PASS,AXIS_ORIENTATION_PLUS_ROTATED_ANISOTROPIC_SUPPORT_FOOTPRINT,EQUAL_WINDOW_DIMENSIONS_GRID_DENSITY_MASK_GRAY;ROTATED_ANISOTROPIC_WINDOWS_SAMPLE_DIFFERENT_SOURCE_PIXELS,directly_reviewed_complete,metrics remain separate; no combined score or parameter selection; rotated-window deltas are not pure coordinate-axis attribution
S0MV-GM_RM017-PV002-SEG02|TEMPORAL_REVERSE,temporal_counterfactual,TEMPORAL_NEGATIVE,NOT_APPLICABLE_TO_TIME_REVERSAL,APPLICABLE_TO_TEMPORAL_CORRESPONDENCE_CONTROL,GM_RM017,GM_RM017:PV002,temporal_relation_falsification,raw_gt,CENTER_TRACKED_BODY,GT_DERIVED_UNSIGNED_BODY,CANDIDATE_LOCAL_REESTIMATED,SOURCE_POSITIVE_GT_CONDITIONED_VIEW_GAP10_DIFF5_RELIABILITY_AND_FINITE_COMMON_VALID_PROJECTED_NO_RESELECTION,369267f7470fa21a7f75d20a878c2056eb190faf3a9bb522937c013f7db00e6c,fe00de604990c155fd9239e7643555cbea5f31d71699c09b0b1408e1f8bbf821,65,8,8,11,3,3,PAIR_COUNT_GT4_SHARED_FRAME_REPEATED_EVIDENCE,0.005853,0.956817,8.375866,0.081297,12.000000,229.500000,0.044872,0.226865,0.024214,0.159221,0.016185,0.005046,1.000000,0.562567,0.992019,3.621508,0.123029,32.000000,186.500000,0.019281,0.051235,0.021052,0.031008,0.007651,0.007393,16.817586,0.195640,0.360647,15.062887,16.220291,73.779709,16.220291,73.779709,BODY_LONG_SHORT_AXES,171.000000,285.000000,0.429552,3128.000000,0.307325,0.154510,0.314797,0.099074,0.033304,-0.158618,2.800498,0.270377,0.173649,0.159454,0.173649,0.159454,BODY_LONG_SHORT_AXES,CANNY_THIN_EDGE_CONNECTIVITY_PROXY_NOT_MORPHOLOGICAL_SKELETON,TELEA_INPAINT_INVALID_PLUS_ERODE_VALID_6PX,1.000000,1.000000,1.000000,1.000000,PASS:65,44.000000,95.000000,0.010406,PASS,AXIS_ORIENTATION_PLUS_ROTATED_ANISOTROPIC_SUPPORT_FOOTPRINT,EQUAL_WINDOW_DIMENSIONS_GRID_DENSITY_MASK_GRAY;ROTATED_ANISOTROPIC_WINDOWS_SAMPLE_DIFFERENT_SOURCE_PIXELS,directly_reviewed_complete,metrics remain separate; no combined score or parameter selection; rotated-window deltas are not pure coordinate-axis attribution
S0MV-GM_RM017-PV002-SEG02|TEMPORAL_REVERSE,temporal_counterfactual,TEMPORAL_NEGATIVE,NOT_APPLICABLE_TO_TIME_REVERSAL,APPLICABLE_TO_TEMPORAL_CORRESPONDENCE_CONTROL,GM_RM017,GM_RM017:PV002,temporal_relation_falsification,smoothed_gt,WORLD_FIXED,REPRESENTATION_DEFINED_AXIS,FIXED_REFERENCE,SOURCE_POSITIVE_GT_CONDITIONED_VIEW_GAP10_DIFF5_RELIABILITY_AND_FINITE_COMMON_VALID_PROJECTED_NO_RESELECTION,7af9116724c7a8702700075845d02acd180c1bd14d4b238413ba2ed3adaafc86,ed546402acc4ce6014d9b55287c5bd2e9525b45c88e831b366822566c34e6b33,65,3,0,0,0,0,NO_ELIGIBLE_PAIRS,,,,,,,,,,,,,,0.755235,0.997308,2.102474,0.140240,35.500000,282.000000,0.018609,0.034689,0.019864,0.034616,0.011617,0.007193,6.721908,0.209920,0.373138,2.880992,6.718777,83.281223,,,REPRESENTATION_X_Y_AXES_ONLY,128.000000,239.000000,0.648751,2555.000000,0.672916,0.128906,0.656143,0.123207,0.063951,-0.050025,2.797299,0.297114,0.184072,0.155813,,,REPRESENTATION_X_Y_AXES_ONLY,CANNY_THIN_EDGE_CONNECTIVITY_PROXY_NOT_MORPHOLOGICAL_SKELETON,TELEA_INPAINT_INVALID_PLUS_ERODE_VALID_6PX,1.000000,1.000000,1.000000,1.000000,PASS:65,44.000000,99.000000,0.012726,PASS,TRACKED_OR_FIXED_CENTER_WITH_GLOBAL_AXES_AND_EQUAL_WINDOW_DIMENSIONS,EQUAL_WINDOW_DIMENSIONS_GRID_DENSITY_MASK_GRAY;ROTATED_ANISOTROPIC_WINDOWS_SAMPLE_DIFFERENT_SOURCE_PIXELS,directly_reviewed_complete,metrics remain separate; no combined score or parameter selection; rotated-window deltas are not pure coordinate-axis attribution
S0MV-GM_RM017-PV002-SEG02|TEMPORAL_REVERSE,temporal_counterfactual,TEMPORAL_NEGATIVE,NOT_APPLICABLE_TO_TIME_REVERSAL,APPLICABLE_TO_TEMPORAL_CORRESPONDENCE_CONTROL,GM_RM017,GM_RM017:PV002,temporal_relation_falsification,smoothed_gt,CENTER_TRACKED_CARTESIAN,REPRESENTATION_DEFINED_AXIS,FIXED_REFERENCE,SOURCE_POSITIVE_GT_CONDITIONED_VIEW_GAP10_DIFF5_RELIABILITY_AND_FINITE_COMMON_VALID_PROJECTED_NO_RESELECTION,7af9116724c7a8702700075845d02acd180c1bd14d4b238413ba2ed3adaafc86,ed546402acc4ce6014d9b55287c5bd2e9525b45c88e831b366822566c34e6b33,65,3,0,0,0,0,NO_ELIGIBLE_PAIRS,,,,,,,,,,,,,,0.582508,0.993292,3.319789,0.115710,41.500000,215.000000,0.031985,0.067803,0.027215,0.067381,0.010768,0.006911,13.489409,0.188687,0.351029,15.010852,13.455829,76.544171,,,REPRESENTATION_X_Y_AXES_ONLY,118.000000,209.000000,0.740616,2206.000000,0.787914,0.110382,0.762041,0.131893,0.021710,-0.117317,2.816831,0.312343,0.170423,0.159866,,,REPRESENTATION_X_Y_AXES_ONLY,CANNY_THIN_EDGE_CONNECTIVITY_PROXY_NOT_MORPHOLOGICAL_SKELETON,TELEA_INPAINT_INVALID_PLUS_ERODE_VALID_6PX,1.000000,1.000000,1.000000,1.000000,PASS:65,44.000000,95.000000,0.010437,PASS,TRACKED_OR_FIXED_CENTER_WITH_GLOBAL_AXES_AND_EQUAL_WINDOW_DIMENSIONS,EQUAL_WINDOW_DIMENSIONS_GRID_DENSITY_MASK_GRAY;ROTATED_ANISOTROPIC_WINDOWS_SAMPLE_DIFFERENT_SOURCE_PIXELS,directly_reviewed_complete,metrics remain separate; no combined score or parameter selection; rotated-window deltas are not pure coordinate-axis attribution
S0MV-GM_RM017-PV002-SEG02|TEMPORAL_REVERSE,temporal_counterfactual,TEMPORAL_NEGATIVE,NOT_APPLICABLE_TO_TIME_REVERSAL,APPLICABLE_TO_TEMPORAL_CORRESPONDENCE_CONTROL,GM_RM017,GM_RM017:PV002,temporal_relation_falsification,smoothed_gt,CENTER_TRACKED_RADIAL,REPRESENTATION_DEFINED_AXIS,FIXED_REFERENCE,SOURCE_POSITIVE_GT_CONDITIONED_VIEW_GAP10_DIFF5_RELIABILITY_AND_FINITE_COMMON_VALID_PROJECTED_NO_RESELECTION,7af9116724c7a8702700075845d02acd180c1bd14d4b238413ba2ed3adaafc86,ed546402acc4ce6014d9b55287c5bd2e9525b45c88e831b366822566c34e6b33,65,3,0,0,0,0,NO_ELIGIBLE_PAIRS,,,,,,,,,,,,,,0.608276,0.993363,3.301741,0.118784,33.500000,200.500000,0.037191,0.059564,0.026866,0.046447,0.011068,0.009395,177.383514,0.197244,0.347100,9.230888,7.429995,82.570005,,,REPRESENTATION_X_Y_AXES_ONLY,112.000000,202.000000,0.757364,1966.000000,0.799937,0.104095,0.778261,0.138068,0.011784,0.120396,2.833333,0.267057,0.171179,0.154188,,,REPRESENTATION_X_Y_AXES_ONLY,CANNY_THIN_EDGE_CONNECTIVITY_PROXY_NOT_MORPHOLOGICAL_SKELETON,TELEA_INPAINT_INVALID_PLUS_ERODE_VALID_6PX,1.000000,1.000000,1.000000,1.000000,PASS:65,44.000000,93.000000,0.009186,PASS,AXIS_ORIENTATION_PLUS_ROTATED_ANISOTROPIC_SUPPORT_FOOTPRINT,EQUAL_WINDOW_DIMENSIONS_GRID_DENSITY_MASK_GRAY;ROTATED_ANISOTROPIC_WINDOWS_SAMPLE_DIFFERENT_SOURCE_PIXELS,directly_reviewed_complete,metrics remain separate; no combined score or parameter selection; rotated-window deltas are not pure coordinate-axis attribution
S0MV-GM_RM017-PV002-SEG02|TEMPORAL_REVERSE,temporal_counterfactual,TEMPORAL_NEGATIVE,NOT_APPLICABLE_TO_TIME_REVERSAL,APPLICABLE_TO_TEMPORAL_CORRESPONDENCE_CONTROL,GM_RM017,GM_RM017:PV002,temporal_relation_falsification,smoothed_gt,CENTER_TRACKED_BODY,GT_DERIVED_UNSIGNED_BODY,FIXED_REFERENCE,SOURCE_POSITIVE_GT_CONDITIONED_VIEW_GAP10_DIFF5_RELIABILITY_AND_FINITE_COMMON_VALID_PROJECTED_NO_RESELECTION,7af9116724c7a8702700075845d02acd180c1bd14d4b238413ba2ed3adaafc86,ed546402acc4ce6014d9b55287c5bd2e9525b45c88e831b366822566c34e6b33,65,3,0,0,0,0,NO_ELIGIBLE_PAIRS,,,,,,,,,,,,,,0.585139,0.993193,3.344370,0.123086,39.000000,200.000000,0.031556,0.071259,0.028324,0.062682,0.011640,0.008567,16.596227,0.194068,0.351273,14.884072,16.577373,73.422627,16.577373,73.422627,BODY_LONG_SHORT_AXES,111.000000,218.000000,0.743132,2290.000000,0.783847,0.111633,0.759460,0.164600,0.020204,-0.126221,2.825498,0.284777,0.171794,0.158652,0.171794,0.158652,BODY_LONG_SHORT_AXES,CANNY_THIN_EDGE_CONNECTIVITY_PROXY_NOT_MORPHOLOGICAL_SKELETON,TELEA_INPAINT_INVALID_PLUS_ERODE_VALID_6PX,1.000000,1.000000,1.000000,1.000000,PASS:65,44.000000,95.000000,0.010345,PASS,AXIS_ORIENTATION_PLUS_ROTATED_ANISOTROPIC_SUPPORT_FOOTPRINT,EQUAL_WINDOW_DIMENSIONS_GRID_DENSITY_MASK_GRAY;ROTATED_ANISOTROPIC_WINDOWS_SAMPLE_DIFFERENT_SOURCE_PIXELS,directly_reviewed_complete,metrics remain separate; no combined score or parameter selection; rotated-window deltas are not pure coordinate-axis attribution
S0MV-GM_RM017-PV002-SEG02|TEMPORAL_REVERSE,temporal_counterfactual,TEMPORAL_NEGATIVE,NOT_APPLICABLE_TO_TIME_REVERSAL,APPLICABLE_TO_TEMPORAL_CORRESPONDENCE_CONTROL,GM_RM017,GM_RM017:PV002,temporal_relation_falsification,smoothed_gt,WORLD_FIXED,REPRESENTATION_DEFINED_AXIS,CANDIDATE_LOCAL_REESTIMATED,SOURCE_POSITIVE_GT_CONDITIONED_VIEW_GAP10_DIFF5_RELIABILITY_AND_FINITE_COMMON_VALID_PROJECTED_NO_RESELECTION,7af9116724c7a8702700075845d02acd180c1bd14d4b238413ba2ed3adaafc86,ed546402acc4ce6014d9b55287c5bd2e9525b45c88e831b366822566c34e6b33,65,3,0,0,0,0,NO_ELIGIBLE_PAIRS,,,,,,,,,,,,,,0.787646,0.997425,2.056106,0.143876,24.000000,157.000000,0.018870,0.040026,0.020282,0.037965,0.008977,0.008565,6.171391,0.219581,0.379210,2.848951,5.391598,84.608402,,,REPRESENTATION_X_Y_AXES_ONLY,152.000000,264.000000,0.157732,2794.000000,0.163377,0.139740,0.153743,0.093947,0.088868,-0.093293,2.784162,0.364786,0.186150,0.155053,,,REPRESENTATION_X_Y_AXES_ONLY,CANNY_THIN_EDGE_CONNECTIVITY_PROXY_NOT_MORPHOLOGICAL_SKELETON,TELEA_INPAINT_INVALID_PLUS_ERODE_VALID_6PX,1.000000,1.000000,1.000000,1.000000,PASS:65,45.000000,99.000000,0.010284,PASS,TRACKED_OR_FIXED_CENTER_WITH_GLOBAL_AXES_AND_EQUAL_WINDOW_DIMENSIONS,EQUAL_WINDOW_DIMENSIONS_GRID_DENSITY_MASK_GRAY;ROTATED_ANISOTROPIC_WINDOWS_SAMPLE_DIFFERENT_SOURCE_PIXELS,directly_reviewed_complete,metrics remain separate; no combined score or parameter selection; rotated-window deltas are not pure coordinate-axis attribution
S0MV-GM_RM017-PV002-SEG02|TEMPORAL_REVERSE,temporal_counterfactual,TEMPORAL_NEGATIVE,NOT_APPLICABLE_TO_TIME_REVERSAL,APPLICABLE_TO_TEMPORAL_CORRESPONDENCE_CONTROL,GM_RM017,GM_RM017:PV002,temporal_relation_falsification,smoothed_gt,CENTER_TRACKED_CARTESIAN,REPRESENTATION_DEFINED_AXIS,CANDIDATE_LOCAL_REESTIMATED,SOURCE_POSITIVE_GT_CONDITIONED_VIEW_GAP10_DIFF5_RELIABILITY_AND_FINITE_COMMON_VALID_PROJECTED_NO_RESELECTION,7af9116724c7a8702700075845d02acd180c1bd14d4b238413ba2ed3adaafc86,ed546402acc4ce6014d9b55287c5bd2e9525b45c88e831b366822566c34e6b33,65,3,0,0,0,0,NO_ELIGIBLE_PAIRS,,,,,,,,,,,,,,0.612154,0.993595,3.244017,0.125201,32.000000,221.500000,0.018176,0.042515,0.027545,0.039567,0.009100,0.007247,13.349430,0.193058,0.362466,15.091661,13.319266,76.680734,,,REPRESENTATION_X_Y_AXES_ONLY,162.000000,280.000000,0.447654,3091.000000,0.308161,0.152985,0.317917,0.095681,0.034500,-0.164609,2.797010,0.257040,0.175973,0.159104,,,REPRESENTATION_X_Y_AXES_ONLY,CANNY_THIN_EDGE_CONNECTIVITY_PROXY_NOT_MORPHOLOGICAL_SKELETON,TELEA_INPAINT_INVALID_PLUS_ERODE_VALID_6PX,1.000000,1.000000,1.000000,1.000000,PASS:65,44.000000,95.000000,0.010315,PASS,TRACKED_OR_FIXED_CENTER_WITH_GLOBAL_AXES_AND_EQUAL_WINDOW_DIMENSIONS,EQUAL_WINDOW_DIMENSIONS_GRID_DENSITY_MASK_GRAY;ROTATED_ANISOTROPIC_WINDOWS_SAMPLE_DIFFERENT_SOURCE_PIXELS,directly_reviewed_complete,metrics remain separate; no combined score or parameter selection; rotated-window deltas are not pure coordinate-axis attribution
S0MV-GM_RM017-PV002-SEG02|TEMPORAL_REVERSE,temporal_counterfactual,TEMPORAL_NEGATIVE,NOT_APPLICABLE_TO_TIME_REVERSAL,APPLICABLE_TO_TEMPORAL_CORRESPONDENCE_CONTROL,GM_RM017,GM_RM017:PV002,temporal_relation_falsification,smoothed_gt,CENTER_TRACKED_RADIAL,REPRESENTATION_DEFINED_AXIS,CANDIDATE_LOCAL_REESTIMATED,SOURCE_POSITIVE_GT_CONDITIONED_VIEW_GAP10_DIFF5_RELIABILITY_AND_FINITE_COMMON_VALID_PROJECTED_NO_RESELECTION,7af9116724c7a8702700075845d02acd180c1bd14d4b238413ba2ed3adaafc86,ed546402acc4ce6014d9b55287c5bd2e9525b45c88e831b366822566c34e6b33,65,3,0,0,0,0,NO_ELIGIBLE_PAIRS,,,,,,,,,,,,,,0.618031,0.995366,2.758916,0.125878,18.500000,200.500000,0.019862,0.048067,0.020600,0.038903,0.006880,0.006325,175.502189,0.170277,0.349279,9.723359,8.371447,81.628553,,,REPRESENTATION_X_Y_AXES_ONLY,175.000000,292.000000,0.347896,3084.000000,0.280774,0.153381,0.279627,0.118636,0.057534,0.099947,2.795023,0.282036,0.172131,0.156470,,,REPRESENTATION_X_Y_AXES_ONLY,CANNY_THIN_EDGE_CONNECTIVITY_PROXY_NOT_MORPHOLOGICAL_SKELETON,TELEA_INPAINT_INVALID_PLUS_ERODE_VALID_6PX,1.000000,1.000000,1.000000,1.000000,PASS:65,44.000000,93.000000,0.010406,PASS,AXIS_ORIENTATION_PLUS_ROTATED_ANISOTROPIC_SUPPORT_FOOTPRINT,EQUAL_WINDOW_DIMENSIONS_GRID_DENSITY_MASK_GRAY;ROTATED_ANISOTROPIC_WINDOWS_SAMPLE_DIFFERENT_SOURCE_PIXELS,directly_reviewed_complete,metrics remain separate; no combined score or parameter selection; rotated-window deltas are not pure coordinate-axis attribution
S0MV-GM_RM017-PV002-SEG02|TEMPORAL_REVERSE,temporal_counterfactual,TEMPORAL_NEGATIVE,NOT_APPLICABLE_TO_TIME_REVERSAL,APPLICABLE_TO_TEMPORAL_CORRESPONDENCE_CONTROL,GM_RM017,GM_RM017:PV002,temporal_relation_falsification,smoothed_gt,CENTER_TRACKED_BODY,GT_DERIVED_UNSIGNED_BODY,CANDIDATE_LOCAL_REESTIMATED,SOURCE_POSITIVE_GT_CONDITIONED_VIEW_GAP10_DIFF5_RELIABILITY_AND_FINITE_COMMON_VALID_PROJECTED_NO_RESELECTION,7af9116724c7a8702700075845d02acd180c1bd14d4b238413ba2ed3adaafc86,ed546402acc4ce6014d9b55287c5bd2e9525b45c88e831b366822566c34e6b33,65,3,0,0,0,0,NO_ELIGIBLE_PAIRS,,,,,,,,,,,,,,0.613067,0.993324,3.312023,0.125185,21.500000,196.500000,0.027737,0.041802,0.030625,0.035766,0.005723,0.008462,17.083930,0.189349,0.361898,16.066902,15.916044,74.083956,15.916044,74.083956,BODY_LONG_SHORT_AXES,162.000000,279.000000,0.438750,3136.000000,0.301381,0.155243,0.310860,0.103199,0.034500,-0.161412,2.796782,0.258494,0.172229,0.158802,0.172229,0.158802,BODY_LONG_SHORT_AXES,CANNY_THIN_EDGE_CONNECTIVITY_PROXY_NOT_MORPHOLOGICAL_SKELETON,TELEA_INPAINT_INVALID_PLUS_ERODE_VALID_6PX,1.000000,1.000000,1.000000,1.000000,PASS:65,44.000000,95.000000,0.010345,PASS,AXIS_ORIENTATION_PLUS_ROTATED_ANISOTROPIC_SUPPORT_FOOTPRINT,EQUAL_WINDOW_DIMENSIONS_GRID_DENSITY_MASK_GRAY;ROTATED_ANISOTROPIC_WINDOWS_SAMPLE_DIFFERENT_SOURCE_PIXELS,directly_reviewed_complete,metrics remain separate; no combined score or parameter selection; rotated-window deltas are not pure coordinate-axis attribution
S0MV-GM_RM017-PV002-SEG02|TRAJECTORY_TIME_SHIFT_P8,temporal_counterfactual,TEMPORAL_NEGATIVE,NOT_EVALUATED_DIRECTION_INSENSITIVE_METRICS,APPLICABLE_TO_TEMPORAL_CORRESPONDENCE_CONTROL,GM_RM017,GM_RM017:PV002,temporal_relation_falsification,raw_gt,WORLD_FIXED,REPRESENTATION_DEFINED_AXIS,FIXED_REFERENCE,SOURCE_POSITIVE_GT_CONDITIONED_VIEW_GAP10_DIFF5_RELIABILITY_AND_FINITE_COMMON_VALID_PROJECTED_NO_RESELECTION,369267f7470fa21a7f75d20a878c2056eb190faf3a9bb522937c013f7db00e6c,fe00de604990c155fd9239e7643555cbea5f31d71699c09b0b1408e1f8bbf821,56,8,8,11,3,3,PAIR_COUNT_GT4_SHARED_FRAME_REPEATED_EVIDENCE,0.136475,0.989755,4.100015,0.084135,72.500000,919.500000,0.019411,0.174499,0.062557,0.240556,0.022056,0.006689,1.000000,0.738812,0.997003,2.218346,0.143928,22.000000,183.000000,0.018052,0.035567,0.023832,0.042154,0.008084,0.007185,11.497498,0.197903,0.378447,3.701805,11.584632,78.415368,,,REPRESENTATION_X_Y_AXES_ONLY,163.000000,288.500000,0.269369,3139.000000,0.264985,0.155701,0.254684,0.091891,0.026535,-0.067950,2.796754,0.347244,0.178993,0.155700,,,REPRESENTATION_X_Y_AXES_ONLY,CANNY_THIN_EDGE_CONNECTIVITY_PROXY_NOT_MORPHOLOGICAL_SKELETON,TELEA_INPAINT_INVALID_PLUS_ERODE_VALID_6PX,1.000000,1.000000,1.000000,1.000000,PASS:56,46.000000,98.000000,0.011871,PASS,TRACKED_OR_FIXED_CENTER_WITH_GLOBAL_AXES_AND_EQUAL_WINDOW_DIMENSIONS,EQUAL_WINDOW_DIMENSIONS_GRID_DENSITY_MASK_GRAY;ROTATED_ANISOTROPIC_WINDOWS_SAMPLE_DIFFERENT_SOURCE_PIXELS,directly_reviewed_complete,metrics remain separate; no combined score or parameter selection; rotated-window deltas are not pure coordinate-axis attribution
S0MV-GM_RM017-PV002-SEG02|TRAJECTORY_TIME_SHIFT_P8,temporal_counterfactual,TEMPORAL_NEGATIVE,NOT_EVALUATED_DIRECTION_INSENSITIVE_METRICS,APPLICABLE_TO_TEMPORAL_CORRESPONDENCE_CONTROL,GM_RM017,GM_RM017:PV002,temporal_relation_falsification,raw_gt,CENTER_TRACKED_CARTESIAN,REPRESENTATION_DEFINED_AXIS,FIXED_REFERENCE,SOURCE_POSITIVE_GT_CONDITIONED_VIEW_GAP10_DIFF5_RELIABILITY_AND_FINITE_COMMON_VALID_PROJECTED_NO_RESELECTION,369267f7470fa21a7f75d20a878c2056eb190faf3a9bb522937c013f7db00e6c,fe00de604990c155fd9239e7643555cbea5f31d71699c09b0b1408e1f8bbf821,56,8,8,11,3,3,PAIR_COUNT_GT4_SHARED_FRAME_REPEATED_EVIDENCE,0.612341,0.923720,11.261723,0.123999,75.000000,589.500000,0.026345,0.104719,0.036639,0.088384,0.004047,0.002594,1.000000,0.735958,0.995469,2.728045,0.144076,33.000000,219.000000,0.026108,0.040690,0.027150,0.027193,0.008094,0.005714,13.848469,0.193080,0.378510,15.494622,18.950214,71.049786,,,REPRESENTATION_X_Y_AXES_ONLY,159.500000,284.000000,0.254583,3373.000000,0.199271,0.161285,0.206467,0.081772,0.152774,0.074824,2.813413,0.219379,0.171473,0.155909,,,REPRESENTATION_X_Y_AXES_ONLY,CANNY_THIN_EDGE_CONNECTIVITY_PROXY_NOT_MORPHOLOGICAL_SKELETON,TELEA_INPAINT_INVALID_PLUS_ERODE_VALID_6PX,1.000000,1.000000,1.000000,1.000000,PASS:56,46.000000,85.500000,0.005127,PASS,TRACKED_OR_FIXED_CENTER_WITH_GLOBAL_AXES_AND_EQUAL_WINDOW_DIMENSIONS,EQUAL_WINDOW_DIMENSIONS_GRID_DENSITY_MASK_GRAY;ROTATED_ANISOTROPIC_WINDOWS_SAMPLE_DIFFERENT_SOURCE_PIXELS,directly_reviewed_complete,metrics remain separate; no combined score or parameter selection; rotated-window deltas are not pure coordinate-axis attribution
S0MV-GM_RM017-PV002-SEG02|TRAJECTORY_TIME_SHIFT_P8,temporal_counterfactual,TEMPORAL_NEGATIVE,NOT_EVALUATED_DIRECTION_INSENSITIVE_METRICS,APPLICABLE_TO_TEMPORAL_CORRESPONDENCE_CONTROL,GM_RM017,GM_RM017:PV002,temporal_relation_falsification,raw_gt,CENTER_TRACKED_RADIAL,REPRESENTATION_DEFINED_AXIS,FIXED_REFERENCE,SOURCE_POSITIVE_GT_CONDITIONED_VIEW_GAP10_DIFF5_RELIABILITY_AND_FINITE_COMMON_VALID_PROJECTED_NO_RESELECTION,369267f7470fa21a7f75d20a878c2056eb190faf3a9bb522937c013f7db00e6c,fe00de604990c155fd9239e7643555cbea5f31d71699c09b0b1408e1f8bbf821,56,8,8,11,3,3,PAIR_COUNT_GT4_SHARED_FRAME_REPEATED_EVIDENCE,0.337013,0.983658,5.186180,0.108722,91.000000,729.000000,0.038701,0.078445,0.019202,0.182169,0.006543,0.006228,1.000000,0.708214,0.995727,2.649414,0.140651,36.000000,241.000000,0.023883,0.040935,0.017282,0.052716,0.008410,0.006564,178.506206,0.177247,0.372853,4.074741,4.032138,85.967862,,,REPRESENTATION_X_Y_AXES_ONLY,154.000000,272.500000,0.303134,3086.000000,0.229352,0.147781,0.237291,0.096269,0.161333,-0.055754,2.795206,0.333993,0.177475,0.150587,,,REPRESENTATION_X_Y_AXES_ONLY,CANNY_THIN_EDGE_CONNECTIVITY_PROXY_NOT_MORPHOLOGICAL_SKELETON,TELEA_INPAINT_INVALID_PLUS_ERODE_VALID_6PX,1.000000,1.000000,1.000000,1.000000,PASS:56,46.000000,84.000000,0.004669,PASS,AXIS_ORIENTATION_PLUS_ROTATED_ANISOTROPIC_SUPPORT_FOOTPRINT,EQUAL_WINDOW_DIMENSIONS_GRID_DENSITY_MASK_GRAY;ROTATED_ANISOTROPIC_WINDOWS_SAMPLE_DIFFERENT_SOURCE_PIXELS,directly_reviewed_complete,metrics remain separate; no combined score or parameter selection; rotated-window deltas are not pure coordinate-axis attribution
S0MV-GM_RM017-PV002-SEG02|TRAJECTORY_TIME_SHIFT_P8,temporal_counterfactual,TEMPORAL_NEGATIVE,NOT_EVALUATED_DIRECTION_INSENSITIVE_METRICS,APPLICABLE_TO_TEMPORAL_CORRESPONDENCE_CONTROL,GM_RM017,GM_RM017:PV002,temporal_relation_falsification,raw_gt,CENTER_TRACKED_BODY,GT_DERIVED_UNSIGNED_BODY,FIXED_REFERENCE,SOURCE_POSITIVE_GT_CONDITIONED_VIEW_GAP10_DIFF5_RELIABILITY_AND_FINITE_COMMON_VALID_PROJECTED_NO_RESELECTION,369267f7470fa21a7f75d20a878c2056eb190faf3a9bb522937c013f7db00e6c,fe00de604990c155fd9239e7643555cbea5f31d71699c09b0b1408e1f8bbf821,56,8,8,11,3,3,PAIR_COUNT_GT4_SHARED_FRAME_REPEATED_EVIDENCE,0.522335,0.894973,13.090935,0.120580,74.500000,666.000000,0.013240,0.097114,0.022054,0.124983,0.013671,0.004678,1.000000,0.688689,0.995001,2.865623,0.143416,30.000000,223.000000,0.021463,0.039488,0.019576,0.038043,0.006723,0.007444,16.901206,0.199552,0.380625,13.832265,19.121913,70.878087,19.121913,70.878087,BODY_LONG_SHORT_AXES,159.000000,295.500000,0.267033,3325.500000,0.201025,0.158936,0.208199,0.090104,0.153471,0.079993,2.813331,0.209694,0.170951,0.155982,0.170951,0.155982,BODY_LONG_SHORT_AXES,CANNY_THIN_EDGE_CONNECTIVITY_PROXY_NOT_MORPHOLOGICAL_SKELETON,TELEA_INPAINT_INVALID_PLUS_ERODE_VALID_6PX,1.000000,1.000000,1.000000,1.000000,PASS:56,46.000000,85.500000,0.005157,PASS,AXIS_ORIENTATION_PLUS_ROTATED_ANISOTROPIC_SUPPORT_FOOTPRINT,EQUAL_WINDOW_DIMENSIONS_GRID_DENSITY_MASK_GRAY;ROTATED_ANISOTROPIC_WINDOWS_SAMPLE_DIFFERENT_SOURCE_PIXELS,directly_reviewed_complete,metrics remain separate; no combined score or parameter selection; rotated-window deltas are not pure coordinate-axis attribution
S0MV-GM_RM017-PV002-SEG02|TRAJECTORY_TIME_SHIFT_P8,temporal_counterfactual,TEMPORAL_NEGATIVE,NOT_EVALUATED_DIRECTION_INSENSITIVE_METRICS,APPLICABLE_TO_TEMPORAL_CORRESPONDENCE_CONTROL,GM_RM017,GM_RM017:PV002,temporal_relation_falsification,raw_gt,WORLD_FIXED,REPRESENTATION_DEFINED_AXIS,CANDIDATE_LOCAL_REESTIMATED,SOURCE_POSITIVE_GT_CONDITIONED_VIEW_GAP10_DIFF5_RELIABILITY_AND_FINITE_COMMON_VALID_PROJECTED_NO_RESELECTION,369267f7470fa21a7f75d20a878c2056eb190faf3a9bb522937c013f7db00e6c,fe00de604990c155fd9239e7643555cbea5f31d71699c09b0b1408e1f8bbf821,56,8,8,11,3,3,PAIR_COUNT_GT4_SHARED_FRAME_REPEATED_EVIDENCE,0.129600,0.988595,4.330257,0.085494,75.500000,813.000000,0.047940,0.180048,0.049114,0.247382,0.019603,0.007015,1.000000,0.748604,0.997273,2.115989,0.145692,17.000000,203.000000,0.014273,0.035642,0.023216,0.042806,0.010187,0.008844,11.306929,0.199635,0.379328,3.730300,10.815773,79.184227,,,REPRESENTATION_X_Y_AXES_ONLY,160.500000,277.000000,0.151126,3003.000000,0.147606,0.150131,0.137665,0.090107,0.032787,-0.064098,2.796427,0.398114,0.180767,0.153802,,,REPRESENTATION_X_Y_AXES_ONLY,CANNY_THIN_EDGE_CONNECTIVITY_PROXY_NOT_MORPHOLOGICAL_SKELETON,TELEA_INPAINT_INVALID_PLUS_ERODE_VALID_6PX,1.000000,1.000000,1.000000,1.000000,PASS:56,46.500000,98.000000,0.010254,PASS,TRACKED_OR_FIXED_CENTER_WITH_GLOBAL_AXES_AND_EQUAL_WINDOW_DIMENSIONS,EQUAL_WINDOW_DIMENSIONS_GRID_DENSITY_MASK_GRAY;ROTATED_ANISOTROPIC_WINDOWS_SAMPLE_DIFFERENT_SOURCE_PIXELS,directly_reviewed_complete,metrics remain separate; no combined score or parameter selection; rotated-window deltas are not pure coordinate-axis attribution
S0MV-GM_RM017-PV002-SEG02|TRAJECTORY_TIME_SHIFT_P8,temporal_counterfactual,TEMPORAL_NEGATIVE,NOT_EVALUATED_DIRECTION_INSENSITIVE_METRICS,APPLICABLE_TO_TEMPORAL_CORRESPONDENCE_CONTROL,GM_RM017,GM_RM017:PV002,temporal_relation_falsification,raw_gt,CENTER_TRACKED_CARTESIAN,REPRESENTATION_DEFINED_AXIS,CANDIDATE_LOCAL_REESTIMATED,SOURCE_POSITIVE_GT_CONDITIONED_VIEW_GAP10_DIFF5_RELIABILITY_AND_FINITE_COMMON_VALID_PROJECTED_NO_RESELECTION,369267f7470fa21a7f75d20a878c2056eb190faf3a9bb522937c013f7db00e6c,fe00de604990c155fd9239e7643555cbea5f31d71699c09b0b1408e1f8bbf821,56,8,8,11,3,3,PAIR_COUNT_GT4_SHARED_FRAME_REPEATED_EVIDENCE,0.619808,0.930643,10.731381,0.129127,18.000000,166.500000,0.021741,0.118172,0.045452,0.072325,0.009120,0.005361,1.000000,0.744466,0.995736,2.646574,0.144299,22.000000,222.000000,0.018958,0.034939,0.021884,0.026759,0.007039,0.007213,13.975788,0.192407,0.379264,15.942661,18.931416,71.068584,,,REPRESENTATION_X_Y_AXES_ONLY,187.000000,321.000000,0.113371,3301.500000,0.112500,0.163864,0.099817,0.092299,0.162435,0.067389,2.804306,0.157733,0.170639,0.158038,,,REPRESENTATION_X_Y_AXES_ONLY,CANNY_THIN_EDGE_CONNECTIVITY_PROXY_NOT_MORPHOLOGICAL_SKELETON,TELEA_INPAINT_INVALID_PLUS_ERODE_VALID_6PX,1.000000,1.000000,1.000000,1.000000,PASS:56,46.000000,85.500000,0.010178,PASS,TRACKED_OR_FIXED_CENTER_WITH_GLOBAL_AXES_AND_EQUAL_WINDOW_DIMENSIONS,EQUAL_WINDOW_DIMENSIONS_GRID_DENSITY_MASK_GRAY;ROTATED_ANISOTROPIC_WINDOWS_SAMPLE_DIFFERENT_SOURCE_PIXELS,directly_reviewed_complete,metrics remain separate; no combined score or parameter selection; rotated-window deltas are not pure coordinate-axis attribution
S0MV-GM_RM017-PV002-SEG02|TRAJECTORY_TIME_SHIFT_P8,temporal_counterfactual,TEMPORAL_NEGATIVE,NOT_EVALUATED_DIRECTION_INSENSITIVE_METRICS,APPLICABLE_TO_TEMPORAL_CORRESPONDENCE_CONTROL,GM_RM017,GM_RM017:PV002,temporal_relation_falsification,raw_gt,CENTER_TRACKED_RADIAL,REPRESENTATION_DEFINED_AXIS,CANDIDATE_LOCAL_REESTIMATED,SOURCE_POSITIVE_GT_CONDITIONED_VIEW_GAP10_DIFF5_RELIABILITY_AND_FINITE_COMMON_VALID_PROJECTED_NO_RESELECTION,369267f7470fa21a7f75d20a878c2056eb190faf3a9bb522937c013f7db00e6c,fe00de604990c155fd9239e7643555cbea5f31d71699c09b0b1408e1f8bbf821,56,8,8,11,3,3,PAIR_COUNT_GT4_SHARED_FRAME_REPEATED_EVIDENCE,0.341820,0.995441,2.713985,0.126930,85.000000,911.500000,0.018035,0.126269,0.019987,0.109843,0.011233,0.008770,1.000000,0.715738,0.995220,2.802271,0.145037,22.000000,235.000000,0.021017,0.028526,0.013125,0.041495,0.009074,0.006609,178.152368,0.180255,0.372442,2.717547,3.722522,86.277478,,,REPRESENTATION_X_Y_AXES_ONLY,191.500000,324.000000,0.163985,3280.500000,0.153402,0.164017,0.151296,0.094417,0.171406,-0.038095,2.794788,0.233911,0.176673,0.152372,,,REPRESENTATION_X_Y_AXES_ONLY,CANNY_THIN_EDGE_CONNECTIVITY_PROXY_NOT_MORPHOLOGICAL_SKELETON,TELEA_INPAINT_INVALID_PLUS_ERODE_VALID_6PX,1.000000,1.000000,1.000000,1.000000,PASS:56,46.000000,84.000000,0.010345,PASS,AXIS_ORIENTATION_PLUS_ROTATED_ANISOTROPIC_SUPPORT_FOOTPRINT,EQUAL_WINDOW_DIMENSIONS_GRID_DENSITY_MASK_GRAY;ROTATED_ANISOTROPIC_WINDOWS_SAMPLE_DIFFERENT_SOURCE_PIXELS,directly_reviewed_complete,metrics remain separate; no combined score or parameter selection; rotated-window deltas are not pure coordinate-axis attribution
S0MV-GM_RM017-PV002-SEG02|TRAJECTORY_TIME_SHIFT_P8,temporal_counterfactual,TEMPORAL_NEGATIVE,NOT_EVALUATED_DIRECTION_INSENSITIVE_METRICS,APPLICABLE_TO_TEMPORAL_CORRESPONDENCE_CONTROL,GM_RM017,GM_RM017:PV002,temporal_relation_falsification,raw_gt,CENTER_TRACKED_BODY,GT_DERIVED_UNSIGNED_BODY,CANDIDATE_LOCAL_REESTIMATED,SOURCE_POSITIVE_GT_CONDITIONED_VIEW_GAP10_DIFF5_RELIABILITY_AND_FINITE_COMMON_VALID_PROJECTED_NO_RESELECTION,369267f7470fa21a7f75d20a878c2056eb190faf3a9bb522937c013f7db00e6c,fe00de604990c155fd9239e7643555cbea5f31d71699c09b0b1408e1f8bbf821,56,8,8,11,3,3,PAIR_COUNT_GT4_SHARED_FRAME_REPEATED_EVIDENCE,0.532380,0.900536,12.723652,0.128634,17.000000,251.500000,0.026920,0.090960,0.049278,0.076542,0.015993,0.009024,1.000000,0.702925,0.992799,3.440008,0.144619,28.000000,295.000000,0.018831,0.034229,0.020747,0.035735,0.006760,0.007411,17.023089,0.196566,0.380157,14.099671,18.931416,71.068584,18.931416,71.068584,BODY_LONG_SHORT_AXES,191.000000,321.500000,0.100271,3361.500000,0.116680,0.165070,0.104689,0.096530,0.158005,0.075244,2.806870,0.181006,0.167942,0.157740,0.167942,0.157740,BODY_LONG_SHORT_AXES,CANNY_THIN_EDGE_CONNECTIVITY_PROXY_NOT_MORPHOLOGICAL_SKELETON,TELEA_INPAINT_INVALID_PLUS_ERODE_VALID_6PX,1.000000,1.000000,1.000000,1.000000,PASS:56,46.000000,85.500000,0.010269,PASS,AXIS_ORIENTATION_PLUS_ROTATED_ANISOTROPIC_SUPPORT_FOOTPRINT,EQUAL_WINDOW_DIMENSIONS_GRID_DENSITY_MASK_GRAY;ROTATED_ANISOTROPIC_WINDOWS_SAMPLE_DIFFERENT_SOURCE_PIXELS,directly_reviewed_complete,metrics remain separate; no combined score or parameter selection; rotated-window deltas are not pure coordinate-axis attribution
S0MV-GM_RM017-PV002-SEG02|TRAJECTORY_TIME_SHIFT_P8,temporal_counterfactual,TEMPORAL_NEGATIVE,NOT_EVALUATED_DIRECTION_INSENSITIVE_METRICS,APPLICABLE_TO_TEMPORAL_CORRESPONDENCE_CONTROL,GM_RM017,GM_RM017:PV002,temporal_relation_falsification,smoothed_gt,WORLD_FIXED,REPRESENTATION_DEFINED_AXIS,FIXED_REFERENCE,SOURCE_POSITIVE_GT_CONDITIONED_VIEW_GAP10_DIFF5_RELIABILITY_AND_FINITE_COMMON_VALID_PROJECTED_NO_RESELECTION,7af9116724c7a8702700075845d02acd180c1bd14d4b238413ba2ed3adaafc86,b6d69d2fc2beb967335d5bf40cb3cf27037bcb4351ac93dcc74661fba7b87934,56,0,0,0,0,0,NO_ELIGIBLE_PAIRS,,,,,,,,,,,,,,0.738834,0.996905,2.254390,0.142809,23.000000,220.000000,0.014908,0.032347,0.021136,0.039483,0.007736,0.006291,11.483514,0.199363,0.379323,3.463614,11.533721,78.466279,,,REPRESENTATION_X_Y_AXES_ONLY,166.500000,292.000000,0.262227,3146.000000,0.263704,0.156555,0.255475,0.101509,0.023351,-0.058071,2.797277,0.342662,0.178928,0.155510,,,REPRESENTATION_X_Y_AXES_ONLY,CANNY_THIN_EDGE_CONNECTIVITY_PROXY_NOT_MORPHOLOGICAL_SKELETON,TELEA_INPAINT_INVALID_PLUS_ERODE_VALID_6PX,1.000000,1.000000,1.000000,1.000000,PASS:56,46.000000,98.000000,0.011902,PASS,TRACKED_OR_FIXED_CENTER_WITH_GLOBAL_AXES_AND_EQUAL_WINDOW_DIMENSIONS,EQUAL_WINDOW_DIMENSIONS_GRID_DENSITY_MASK_GRAY;ROTATED_ANISOTROPIC_WINDOWS_SAMPLE_DIFFERENT_SOURCE_PIXELS,directly_reviewed_complete,metrics remain separate; no combined score or parameter selection; rotated-window deltas are not pure coordinate-axis attribution
S0MV-GM_RM017-PV002-SEG02|TRAJECTORY_TIME_SHIFT_P8,temporal_counterfactual,TEMPORAL_NEGATIVE,NOT_EVALUATED_DIRECTION_INSENSITIVE_METRICS,APPLICABLE_TO_TEMPORAL_CORRESPONDENCE_CONTROL,GM_RM017,GM_RM017:PV002,temporal_relation_falsification,smoothed_gt,CENTER_TRACKED_CARTESIAN,REPRESENTATION_DEFINED_AXIS,FIXED_REFERENCE,SOURCE_POSITIVE_GT_CONDITIONED_VIEW_GAP10_DIFF5_RELIABILITY_AND_FINITE_COMMON_VALID_PROJECTED_NO_RESELECTION,7af9116724c7a8702700075845d02acd180c1bd14d4b238413ba2ed3adaafc86,b6d69d2fc2beb967335d5bf40cb3cf27037bcb4351ac93dcc74661fba7b87934,56,0,0,0,0,0,NO_ELIGIBLE_PAIRS,,,,,,,,,,,,,,0.779533,0.995095,2.838747,0.153501,27.000000,231.000000,0.020071,0.041839,0.013370,0.033400,0.008148,0.007097,13.761913,0.194252,0.379456,15.306317,18.177574,71.822426,,,REPRESENTATION_X_Y_AXES_ONLY,158.000000,293.500000,0.260075,3380.500000,0.202678,0.159348,0.208492,0.088950,0.152180,0.069783,2.811872,0.205661,0.173464,0.155680,,,REPRESENTATION_X_Y_AXES_ONLY,CANNY_THIN_EDGE_CONNECTIVITY_PROXY_NOT_MORPHOLOGICAL_SKELETON,TELEA_INPAINT_INVALID_PLUS_ERODE_VALID_6PX,1.000000,1.000000,1.000000,1.000000,PASS:56,46.000000,85.500000,0.005112,PASS,TRACKED_OR_FIXED_CENTER_WITH_GLOBAL_AXES_AND_EQUAL_WINDOW_DIMENSIONS,EQUAL_WINDOW_DIMENSIONS_GRID_DENSITY_MASK_GRAY;ROTATED_ANISOTROPIC_WINDOWS_SAMPLE_DIFFERENT_SOURCE_PIXELS,directly_reviewed_complete,metrics remain separate; no combined score or parameter selection; rotated-window deltas are not pure coordinate-axis attribution
S0MV-GM_RM017-PV002-SEG02|TRAJECTORY_TIME_SHIFT_P8,temporal_counterfactual,TEMPORAL_NEGATIVE,NOT_EVALUATED_DIRECTION_INSENSITIVE_METRICS,APPLICABLE_TO_TEMPORAL_CORRESPONDENCE_CONTROL,GM_RM017,GM_RM017:PV002,temporal_relation_falsification,smoothed_gt,CENTER_TRACKED_RADIAL,REPRESENTATION_DEFINED_AXIS,FIXED_REFERENCE,SOURCE_POSITIVE_GT_CONDITIONED_VIEW_GAP10_DIFF5_RELIABILITY_AND_FINITE_COMMON_VALID_PROJECTED_NO_RESELECTION,7af9116724c7a8702700075845d02acd180c1bd14d4b238413ba2ed3adaafc86,b6d69d2fc2beb967335d5bf40cb3cf27037bcb4351ac93dcc74661fba7b87934,56,0,0,0,0,0,NO_ELIGIBLE_PAIRS,,,,,,,,,,,,,,0.766134,0.995844,2.612686,0.145905,33.000000,255.000000,0.014232,0.038336,0.024142,0.053575,0.009835,0.006698,178.406078,0.178895,0.374093,4.010220,4.083867,85.916133,,,REPRESENTATION_X_Y_AXES_ONLY,155.500000,272.500000,0.299121,2988.500000,0.227061,0.145279,0.235630,0.093750,0.166031,-0.047235,2.804892,0.333131,0.178214,0.149768,,,REPRESENTATION_X_Y_AXES_ONLY,CANNY_THIN_EDGE_CONNECTIVITY_PROXY_NOT_MORPHOLOGICAL_SKELETON,TELEA_INPAINT_INVALID_PLUS_ERODE_VALID_6PX,1.000000,1.000000,1.000000,1.000000,PASS:56,46.000000,83.500000,0.004654,PASS,AXIS_ORIENTATION_PLUS_ROTATED_ANISOTROPIC_SUPPORT_FOOTPRINT,EQUAL_WINDOW_DIMENSIONS_GRID_DENSITY_MASK_GRAY;ROTATED_ANISOTROPIC_WINDOWS_SAMPLE_DIFFERENT_SOURCE_PIXELS,directly_reviewed_complete,metrics remain separate; no combined score or parameter selection; rotated-window deltas are not pure coordinate-axis attribution
S0MV-GM_RM017-PV002-SEG02|TRAJECTORY_TIME_SHIFT_P8,temporal_counterfactual,TEMPORAL_NEGATIVE,NOT_EVALUATED_DIRECTION_INSENSITIVE_METRICS,APPLICABLE_TO_TEMPORAL_CORRESPONDENCE_CONTROL,GM_RM017,GM_RM017:PV002,temporal_relation_falsification,smoothed_gt,CENTER_TRACKED_BODY,GT_DERIVED_UNSIGNED_BODY,FIXED_REFERENCE,SOURCE_POSITIVE_GT_CONDITIONED_VIEW_GAP10_DIFF5_RELIABILITY_AND_FINITE_COMMON_VALID_PROJECTED_NO_RESELECTION,7af9116724c7a8702700075845d02acd180c1bd14d4b238413ba2ed3adaafc86,b6d69d2fc2beb967335d5bf40cb3cf27037bcb4351ac93dcc74661fba7b87934,56,0,0,0,0,0,NO_ELIGIBLE_PAIRS,,,,,,,,,,,,,,0.781821,0.996507,2.395031,0.150125,33.000000,243.000000,0.024533,0.037814,0.017738,0.033249,0.007701,0.005430,16.957278,0.199189,0.379899,14.955680,19.102548,70.897452,19.102548,70.897452,BODY_LONG_SHORT_AXES,157.500000,292.000000,0.262619,3308.000000,0.204761,0.157242,0.209120,0.096367,0.153018,0.075303,2.814594,0.196567,0.172228,0.157028,0.172228,0.157028,BODY_LONG_SHORT_AXES,CANNY_THIN_EDGE_CONNECTIVITY_PROXY_NOT_MORPHOLOGICAL_SKELETON,TELEA_INPAINT_INVALID_PLUS_ERODE_VALID_6PX,1.000000,1.000000,1.000000,1.000000,PASS:56,46.000000,85.500000,0.005219,PASS,AXIS_ORIENTATION_PLUS_ROTATED_ANISOTROPIC_SUPPORT_FOOTPRINT,EQUAL_WINDOW_DIMENSIONS_GRID_DENSITY_MASK_GRAY;ROTATED_ANISOTROPIC_WINDOWS_SAMPLE_DIFFERENT_SOURCE_PIXELS,directly_reviewed_complete,metrics remain separate; no combined score or parameter selection; rotated-window deltas are not pure coordinate-axis attribution
S0MV-GM_RM017-PV002-SEG02|TRAJECTORY_TIME_SHIFT_P8,temporal_counterfactual,TEMPORAL_NEGATIVE,NOT_EVALUATED_DIRECTION_INSENSITIVE_METRICS,APPLICABLE_TO_TEMPORAL_CORRESPONDENCE_CONTROL,GM_RM017,GM_RM017:PV002,temporal_relation_falsification,smoothed_gt,WORLD_FIXED,REPRESENTATION_DEFINED_AXIS,CANDIDATE_LOCAL_REESTIMATED,SOURCE_POSITIVE_GT_CONDITIONED_VIEW_GAP10_DIFF5_RELIABILITY_AND_FINITE_COMMON_VALID_PROJECTED_NO_RESELECTION,7af9116724c7a8702700075845d02acd180c1bd14d4b238413ba2ed3adaafc86,b6d69d2fc2beb967335d5bf40cb3cf27037bcb4351ac93dcc74661fba7b87934,56,0,0,0,0,0,NO_ELIGIBLE_PAIRS,,,,,,,,,,,,,,0.748539,0.997379,2.074533,0.147040,23.000000,175.000000,0.023149,0.036956,0.018601,0.044834,0.007124,0.008740,11.275313,0.201451,0.381435,3.571887,11.034730,78.965270,,,REPRESENTATION_X_Y_AXES_ONLY,156.000000,282.500000,0.153913,3014.000000,0.148380,0.149673,0.138160,0.106934,0.035337,-0.057702,2.791788,0.403120,0.179654,0.154658,,,REPRESENTATION_X_Y_AXES_ONLY,CANNY_THIN_EDGE_CONNECTIVITY_PROXY_NOT_MORPHOLOGICAL_SKELETON,TELEA_INPAINT_INVALID_PLUS_ERODE_VALID_6PX,1.000000,1.000000,1.000000,1.000000,PASS:56,46.500000,98.000000,0.010254,PASS,TRACKED_OR_FIXED_CENTER_WITH_GLOBAL_AXES_AND_EQUAL_WINDOW_DIMENSIONS,EQUAL_WINDOW_DIMENSIONS_GRID_DENSITY_MASK_GRAY;ROTATED_ANISOTROPIC_WINDOWS_SAMPLE_DIFFERENT_SOURCE_PIXELS,directly_reviewed_complete,metrics remain separate; no combined score or parameter selection; rotated-window deltas are not pure coordinate-axis attribution
S0MV-GM_RM017-PV002-SEG02|TRAJECTORY_TIME_SHIFT_P8,temporal_counterfactual,TEMPORAL_NEGATIVE,NOT_EVALUATED_DIRECTION_INSENSITIVE_METRICS,APPLICABLE_TO_TEMPORAL_CORRESPONDENCE_CONTROL,GM_RM017,GM_RM017:PV002,temporal_relation_falsification,smoothed_gt,CENTER_TRACKED_CARTESIAN,REPRESENTATION_DEFINED_AXIS,CANDIDATE_LOCAL_REESTIMATED,SOURCE_POSITIVE_GT_CONDITIONED_VIEW_GAP10_DIFF5_RELIABILITY_AND_FINITE_COMMON_VALID_PROJECTED_NO_RESELECTION,7af9116724c7a8702700075845d02acd180c1bd14d4b238413ba2ed3adaafc86,b6d69d2fc2beb967335d5bf40cb3cf27037bcb4351ac93dcc74661fba7b87934,56,0,0,0,0,0,NO_ELIGIBLE_PAIRS,,,,,,,,,,,,,,0.788865,0.994772,2.930570,0.153191,25.000000,231.000000,0.019612,0.032558,0.014899,0.028491,0.008006,0.007411,13.890978,0.193109,0.378797,15.825928,18.001300,71.998700,,,REPRESENTATION_X_Y_AXES_ONLY,185.500000,321.000000,0.111160,3362.000000,0.105498,0.164658,0.097008,0.098555,0.162435,0.071618,2.800635,0.157552,0.171906,0.157007,,,REPRESENTATION_X_Y_AXES_ONLY,CANNY_THIN_EDGE_CONNECTIVITY_PROXY_NOT_MORPHOLOGICAL_SKELETON,TELEA_INPAINT_INVALID_PLUS_ERODE_VALID_6PX,1.000000,1.000000,1.000000,1.000000,PASS:56,46.000000,85.500000,0.010284,PASS,TRACKED_OR_FIXED_CENTER_WITH_GLOBAL_AXES_AND_EQUAL_WINDOW_DIMENSIONS,EQUAL_WINDOW_DIMENSIONS_GRID_DENSITY_MASK_GRAY;ROTATED_ANISOTROPIC_WINDOWS_SAMPLE_DIFFERENT_SOURCE_PIXELS,directly_reviewed_complete,metrics remain separate; no combined score or parameter selection; rotated-window deltas are not pure coordinate-axis attribution
S0MV-GM_RM017-PV002-SEG02|TRAJECTORY_TIME_SHIFT_P8,temporal_counterfactual,TEMPORAL_NEGATIVE,NOT_EVALUATED_DIRECTION_INSENSITIVE_METRICS,APPLICABLE_TO_TEMPORAL_CORRESPONDENCE_CONTROL,GM_RM017,GM_RM017:PV002,temporal_relation_falsification,smoothed_gt,CENTER_TRACKED_RADIAL,REPRESENTATION_DEFINED_AXIS,CANDIDATE_LOCAL_REESTIMATED,SOURCE_POSITIVE_GT_CONDITIONED_VIEW_GAP10_DIFF5_RELIABILITY_AND_FINITE_COMMON_VALID_PROJECTED_NO_RESELECTION,7af9116724c7a8702700075845d02acd180c1bd14d4b238413ba2ed3adaafc86,b6d69d2fc2beb967335d5bf40cb3cf27037bcb4351ac93dcc74661fba7b87934,56,0,0,0,0,0,NO_ELIGIBLE_PAIRS,,,,,,,,,,,,,,0.772758,0.995972,2.572138,0.153061,26.000000,225.000000,0.013474,0.026206,0.021363,0.026071,0.008302,0.006462,178.104280,0.181561,0.372696,2.640119,3.503782,86.496218,,,REPRESENTATION_X_Y_AXES_ONLY,185.000000,322.500000,0.190985,3312.000000,0.154131,0.164062,0.153572,0.096201,0.171418,-0.039787,2.796181,0.227977,0.176969,0.153161,,,REPRESENTATION_X_Y_AXES_ONLY,CANNY_THIN_EDGE_CONNECTIVITY_PROXY_NOT_MORPHOLOGICAL_SKELETON,TELEA_INPAINT_INVALID_PLUS_ERODE_VALID_6PX,1.000000,1.000000,1.000000,1.000000,PASS:56,46.000000,83.500000,0.010345,PASS,AXIS_ORIENTATION_PLUS_ROTATED_ANISOTROPIC_SUPPORT_FOOTPRINT,EQUAL_WINDOW_DIMENSIONS_GRID_DENSITY_MASK_GRAY;ROTATED_ANISOTROPIC_WINDOWS_SAMPLE_DIFFERENT_SOURCE_PIXELS,directly_reviewed_complete,metrics remain separate; no combined score or parameter selection; rotated-window deltas are not pure coordinate-axis attribution
S0MV-GM_RM017-PV002-SEG02|TRAJECTORY_TIME_SHIFT_P8,temporal_counterfactual,TEMPORAL_NEGATIVE,NOT_EVALUATED_DIRECTION_INSENSITIVE_METRICS,APPLICABLE_TO_TEMPORAL_CORRESPONDENCE_CONTROL,GM_RM017,GM_RM017:PV002,temporal_relation_falsification,smoothed_gt,CENTER_TRACKED_BODY,GT_DERIVED_UNSIGNED_BODY,CANDIDATE_LOCAL_REESTIMATED,SOURCE_POSITIVE_GT_CONDITIONED_VIEW_GAP10_DIFF5_RELIABILITY_AND_FINITE_COMMON_VALID_PROJECTED_NO_RESELECTION,7af9116724c7a8702700075845d02acd180c1bd14d4b238413ba2ed3adaafc86,b6d69d2fc2beb967335d5bf40cb3cf27037bcb4351ac93dcc74661fba7b87934,56,0,0,0,0,0,NO_ELIGIBLE_PAIRS,,,,,,,,,,,,,,0.792814,0.995456,2.732212,0.152355,16.000000,229.000000,0.016574,0.034030,0.016052,0.024339,0.006539,0.005740,17.077363,0.196458,0.380196,15.965058,19.564763,70.435237,19.564763,70.435237,BODY_LONG_SHORT_AXES,184.000000,320.500000,0.093821,3318.000000,0.105071,0.165588,0.094926,0.100244,0.157642,0.073642,2.805531,0.182181,0.170136,0.158546,0.170136,0.158546,BODY_LONG_SHORT_AXES,CANNY_THIN_EDGE_CONNECTIVITY_PROXY_NOT_MORPHOLOGICAL_SKELETON,TELEA_INPAINT_INVALID_PLUS_ERODE_VALID_6PX,1.000000,1.000000,1.000000,1.000000,PASS:56,46.000000,85.500000,0.010361,PASS,AXIS_ORIENTATION_PLUS_ROTATED_ANISOTROPIC_SUPPORT_FOOTPRINT,EQUAL_WINDOW_DIMENSIONS_GRID_DENSITY_MASK_GRAY;ROTATED_ANISOTROPIC_WINDOWS_SAMPLE_DIFFERENT_SOURCE_PIXELS,directly_reviewed_complete,metrics remain separate; no combined score or parameter selection; rotated-window deltas are not pure coordinate-axis attribution
S0MV-GM_RM017-PV002-SEG02|CENTER_PHASE_SHIFT_P8,temporal_counterfactual,TEMPORAL_NEGATIVE,NOT_EVALUATED_DIRECTION_INSENSITIVE_METRICS,APPLICABLE_TO_TEMPORAL_CORRESPONDENCE_CONTROL,GM_RM017,GM_RM017:PV002,temporal_relation_falsification,raw_gt,WORLD_FIXED,REPRESENTATION_DEFINED_AXIS,FIXED_REFERENCE,SOURCE_POSITIVE_GT_CONDITIONED_VIEW_GAP10_DIFF5_RELIABILITY_AND_FINITE_COMMON_VALID_PROJECTED_NO_RESELECTION,369267f7470fa21a7f75d20a878c2056eb190faf3a9bb522937c013f7db00e6c,fe00de604990c155fd9239e7643555cbea5f31d71699c09b0b1408e1f8bbf821,56,8,8,11,3,3,PAIR_COUNT_GT4_SHARED_FRAME_REPEATED_EVIDENCE,0.136475,0.989755,4.100015,0.084135,72.500000,919.500000,0.019411,0.174499,0.062557,0.240556,0.022056,0.006689,1.000000,0.738812,0.997003,2.218346,0.143928,22.000000,183.000000,0.018052,0.035567,0.023832,0.042154,0.008084,0.007185,11.497498,0.197903,0.378447,3.701805,11.584632,78.415368,,,REPRESENTATION_X_Y_AXES_ONLY,163.000000,288.500000,0.269369,3139.000000,0.264985,0.155701,0.254684,0.091891,0.026535,-0.067950,2.796754,0.347244,0.178993,0.155700,,,REPRESENTATION_X_Y_AXES_ONLY,CANNY_THIN_EDGE_CONNECTIVITY_PROXY_NOT_MORPHOLOGICAL_SKELETON,TELEA_INPAINT_INVALID_PLUS_ERODE_VALID_6PX,1.000000,1.000000,1.000000,1.000000,PASS:56,46.000000,98.000000,0.011871,PASS,TRACKED_OR_FIXED_CENTER_WITH_GLOBAL_AXES_AND_EQUAL_WINDOW_DIMENSIONS,EQUAL_WINDOW_DIMENSIONS_GRID_DENSITY_MASK_GRAY;ROTATED_ANISOTROPIC_WINDOWS_SAMPLE_DIFFERENT_SOURCE_PIXELS,directly_reviewed_complete,metrics remain separate; no combined score or parameter selection; rotated-window deltas are not pure coordinate-axis attribution
S0MV-GM_RM017-PV002-SEG02|CENTER_PHASE_SHIFT_P8,temporal_counterfactual,TEMPORAL_NEGATIVE,NOT_EVALUATED_DIRECTION_INSENSITIVE_METRICS,APPLICABLE_TO_TEMPORAL_CORRESPONDENCE_CONTROL,GM_RM017,GM_RM017:PV002,temporal_relation_falsification,raw_gt,CENTER_TRACKED_CARTESIAN,REPRESENTATION_DEFINED_AXIS,FIXED_REFERENCE,SOURCE_POSITIVE_GT_CONDITIONED_VIEW_GAP10_DIFF5_RELIABILITY_AND_FINITE_COMMON_VALID_PROJECTED_NO_RESELECTION,369267f7470fa21a7f75d20a878c2056eb190faf3a9bb522937c013f7db00e6c,fe00de604990c155fd9239e7643555cbea5f31d71699c09b0b1408e1f8bbf821,56,8,8,11,3,3,PAIR_COUNT_GT4_SHARED_FRAME_REPEATED_EVIDENCE,0.612341,0.923720,11.261723,0.123999,75.000000,589.500000,0.026345,0.104719,0.036639,0.088384,0.004047,0.002594,1.000000,0.735958,0.995469,2.728045,0.144076,33.000000,219.000000,0.026108,0.040690,0.027150,0.027193,0.008094,0.005714,13.848469,0.193080,0.378510,15.494622,18.950214,71.049786,,,REPRESENTATION_X_Y_AXES_ONLY,159.500000,284.000000,0.254583,3373.000000,0.199271,0.161285,0.206467,0.081772,0.152774,0.074824,2.813413,0.219379,0.171473,0.155909,,,REPRESENTATION_X_Y_AXES_ONLY,CANNY_THIN_EDGE_CONNECTIVITY_PROXY_NOT_MORPHOLOGICAL_SKELETON,TELEA_INPAINT_INVALID_PLUS_ERODE_VALID_6PX,1.000000,1.000000,1.000000,1.000000,PASS:56,46.000000,85.500000,0.005127,PASS,TRACKED_OR_FIXED_CENTER_WITH_GLOBAL_AXES_AND_EQUAL_WINDOW_DIMENSIONS,EQUAL_WINDOW_DIMENSIONS_GRID_DENSITY_MASK_GRAY;ROTATED_ANISOTROPIC_WINDOWS_SAMPLE_DIFFERENT_SOURCE_PIXELS,directly_reviewed_complete,metrics remain separate; no combined score or parameter selection; rotated-window deltas are not pure coordinate-axis attribution
S0MV-GM_RM017-PV002-SEG02|CENTER_PHASE_SHIFT_P8,temporal_counterfactual,TEMPORAL_NEGATIVE,NOT_EVALUATED_DIRECTION_INSENSITIVE_METRICS,APPLICABLE_TO_TEMPORAL_CORRESPONDENCE_CONTROL,GM_RM017,GM_RM017:PV002,temporal_relation_falsification,raw_gt,CENTER_TRACKED_RADIAL,REPRESENTATION_DEFINED_AXIS,FIXED_REFERENCE,SOURCE_POSITIVE_GT_CONDITIONED_VIEW_GAP10_DIFF5_RELIABILITY_AND_FINITE_COMMON_VALID_PROJECTED_NO_RESELECTION,369267f7470fa21a7f75d20a878c2056eb190faf3a9bb522937c013f7db00e6c,fe00de604990c155fd9239e7643555cbea5f31d71699c09b0b1408e1f8bbf821,56,8,8,11,3,3,PAIR_COUNT_GT4_SHARED_FRAME_REPEATED_EVIDENCE,0.337013,0.983658,5.186180,0.108722,91.000000,729.000000,0.038701,0.078445,0.019202,0.182169,0.006543,0.006228,1.000000,0.708214,0.995727,2.649414,0.140651,36.000000,241.000000,0.023883,0.040935,0.017282,0.052716,0.008410,0.006564,178.506206,0.177247,0.372853,4.074741,4.032138,85.967862,,,REPRESENTATION_X_Y_AXES_ONLY,154.000000,272.500000,0.303134,3086.000000,0.229352,0.147781,0.237291,0.096269,0.161333,-0.055754,2.795206,0.333993,0.177475,0.150587,,,REPRESENTATION_X_Y_AXES_ONLY,CANNY_THIN_EDGE_CONNECTIVITY_PROXY_NOT_MORPHOLOGICAL_SKELETON,TELEA_INPAINT_INVALID_PLUS_ERODE_VALID_6PX,1.000000,1.000000,1.000000,1.000000,PASS:56,46.000000,84.000000,0.004669,PASS,AXIS_ORIENTATION_PLUS_ROTATED_ANISOTROPIC_SUPPORT_FOOTPRINT,EQUAL_WINDOW_DIMENSIONS_GRID_DENSITY_MASK_GRAY;ROTATED_ANISOTROPIC_WINDOWS_SAMPLE_DIFFERENT_SOURCE_PIXELS,directly_reviewed_complete,metrics remain separate; no combined score or parameter selection; rotated-window deltas are not pure coordinate-axis attribution
S0MV-GM_RM017-PV002-SEG02|CENTER_PHASE_SHIFT_P8,temporal_counterfactual,TEMPORAL_NEGATIVE,NOT_EVALUATED_DIRECTION_INSENSITIVE_METRICS,APPLICABLE_TO_TEMPORAL_CORRESPONDENCE_CONTROL,GM_RM017,GM_RM017:PV002,temporal_relation_falsification,raw_gt,CENTER_TRACKED_BODY,GT_DERIVED_UNSIGNED_BODY,FIXED_REFERENCE,SOURCE_POSITIVE_GT_CONDITIONED_VIEW_GAP10_DIFF5_RELIABILITY_AND_FINITE_COMMON_VALID_PROJECTED_NO_RESELECTION,369267f7470fa21a7f75d20a878c2056eb190faf3a9bb522937c013f7db00e6c,fe00de604990c155fd9239e7643555cbea5f31d71699c09b0b1408e1f8bbf821,56,8,8,11,3,3,PAIR_COUNT_GT4_SHARED_FRAME_REPEATED_EVIDENCE,0.399062,0.984227,5.060797,0.120034,89.000000,526.500000,0.054278,0.092836,0.039532,0.069408,0.004936,0.004719,1.000000,0.695167,0.992442,3.524490,0.141525,28.000000,244.000000,0.018094,0.042314,0.015478,0.031421,0.008010,0.009102,16.431053,0.200803,0.383082,14.663243,20.765377,69.234623,20.765377,69.234623,BODY_LONG_SHORT_AXES,162.500000,295.500000,0.259707,3301.500000,0.200407,0.158569,0.206493,0.087665,0.145546,0.075753,2.811961,0.231390,0.171390,0.156915,0.171390,0.156915,BODY_LONG_SHORT_AXES,CANNY_THIN_EDGE_CONNECTIVITY_PROXY_NOT_MORPHOLOGICAL_SKELETON,TELEA_INPAINT_INVALID_PLUS_ERODE_VALID_6PX,1.000000,1.000000,1.000000,1.000000,PASS:56,46.000000,85.500000,0.005234,PASS,AXIS_ORIENTATION_PLUS_ROTATED_ANISOTROPIC_SUPPORT_FOOTPRINT,EQUAL_WINDOW_DIMENSIONS_GRID_DENSITY_MASK_GRAY;ROTATED_ANISOTROPIC_WINDOWS_SAMPLE_DIFFERENT_SOURCE_PIXELS,directly_reviewed_complete,metrics remain separate; no combined score or parameter selection; rotated-window deltas are not pure coordinate-axis attribution
S0MV-GM_RM017-PV002-SEG02|CENTER_PHASE_SHIFT_P8,temporal_counterfactual,TEMPORAL_NEGATIVE,NOT_EVALUATED_DIRECTION_INSENSITIVE_METRICS,APPLICABLE_TO_TEMPORAL_CORRESPONDENCE_CONTROL,GM_RM017,GM_RM017:PV002,temporal_relation_falsification,raw_gt,WORLD_FIXED,REPRESENTATION_DEFINED_AXIS,CANDIDATE_LOCAL_REESTIMATED,SOURCE_POSITIVE_GT_CONDITIONED_VIEW_GAP10_DIFF5_RELIABILITY_AND_FINITE_COMMON_VALID_PROJECTED_NO_RESELECTION,369267f7470fa21a7f75d20a878c2056eb190faf3a9bb522937c013f7db00e6c,fe00de604990c155fd9239e7643555cbea5f31d71699c09b0b1408e1f8bbf821,56,8,8,11,3,3,PAIR_COUNT_GT4_SHARED_FRAME_REPEATED_EVIDENCE,0.129600,0.988595,4.330257,0.085494,75.500000,813.000000,0.047940,0.180048,0.049114,0.247382,0.019603,0.007015,1.000000,0.748604,0.997273,2.115989,0.145692,17.000000,203.000000,0.014273,0.035642,0.023216,0.042806,0.010187,0.008844,11.306929,0.199635,0.379328,3.730300,10.815773,79.184227,,,REPRESENTATION_X_Y_AXES_ONLY,160.500000,277.000000,0.151126,3003.000000,0.147606,0.150131,0.137665,0.090107,0.032787,-0.064098,2.796427,0.398114,0.180767,0.153802,,,REPRESENTATION_X_Y_AXES_ONLY,CANNY_THIN_EDGE_CONNECTIVITY_PROXY_NOT_MORPHOLOGICAL_SKELETON,TELEA_INPAINT_INVALID_PLUS_ERODE_VALID_6PX,1.000000,1.000000,1.000000,1.000000,PASS:56,46.500000,98.000000,0.010254,PASS,TRACKED_OR_FIXED_CENTER_WITH_GLOBAL_AXES_AND_EQUAL_WINDOW_DIMENSIONS,EQUAL_WINDOW_DIMENSIONS_GRID_DENSITY_MASK_GRAY;ROTATED_ANISOTROPIC_WINDOWS_SAMPLE_DIFFERENT_SOURCE_PIXELS,directly_reviewed_complete,metrics remain separate; no combined score or parameter selection; rotated-window deltas are not pure coordinate-axis attribution
S0MV-GM_RM017-PV002-SEG02|CENTER_PHASE_SHIFT_P8,temporal_counterfactual,TEMPORAL_NEGATIVE,NOT_EVALUATED_DIRECTION_INSENSITIVE_METRICS,APPLICABLE_TO_TEMPORAL_CORRESPONDENCE_CONTROL,GM_RM017,GM_RM017:PV002,temporal_relation_falsification,raw_gt,CENTER_TRACKED_CARTESIAN,REPRESENTATION_DEFINED_AXIS,CANDIDATE_LOCAL_REESTIMATED,SOURCE_POSITIVE_GT_CONDITIONED_VIEW_GAP10_DIFF5_RELIABILITY_AND_FINITE_COMMON_VALID_PROJECTED_NO_RESELECTION,369267f7470fa21a7f75d20a878c2056eb190faf3a9bb522937c013f7db00e6c,fe00de604990c155fd9239e7643555cbea5f31d71699c09b0b1408e1f8bbf821,56,8,8,11,3,3,PAIR_COUNT_GT4_SHARED_FRAME_REPEATED_EVIDENCE,0.619808,0.930643,10.731381,0.129127,18.000000,166.500000,0.021741,0.118172,0.045452,0.072325,0.009120,0.005361,1.000000,0.744466,0.995736,2.646574,0.144299,22.000000,222.000000,0.018958,0.034939,0.021884,0.026759,0.007039,0.007213,13.975788,0.192407,0.379264,15.942661,18.931416,71.068584,,,REPRESENTATION_X_Y_AXES_ONLY,187.000000,321.000000,0.113371,3301.500000,0.112500,0.163864,0.099817,0.092299,0.162435,0.067389,2.804306,0.157733,0.170639,0.158038,,,REPRESENTATION_X_Y_AXES_ONLY,CANNY_THIN_EDGE_CONNECTIVITY_PROXY_NOT_MORPHOLOGICAL_SKELETON,TELEA_INPAINT_INVALID_PLUS_ERODE_VALID_6PX,1.000000,1.000000,1.000000,1.000000,PASS:56,46.000000,85.500000,0.010178,PASS,TRACKED_OR_FIXED_CENTER_WITH_GLOBAL_AXES_AND_EQUAL_WINDOW_DIMENSIONS,EQUAL_WINDOW_DIMENSIONS_GRID_DENSITY_MASK_GRAY;ROTATED_ANISOTROPIC_WINDOWS_SAMPLE_DIFFERENT_SOURCE_PIXELS,directly_reviewed_complete,metrics remain separate; no combined score or parameter selection; rotated-window deltas are not pure coordinate-axis attribution
S0MV-GM_RM017-PV002-SEG02|CENTER_PHASE_SHIFT_P8,temporal_counterfactual,TEMPORAL_NEGATIVE,NOT_EVALUATED_DIRECTION_INSENSITIVE_METRICS,APPLICABLE_TO_TEMPORAL_CORRESPONDENCE_CONTROL,GM_RM017,GM_RM017:PV002,temporal_relation_falsification,raw_gt,CENTER_TRACKED_RADIAL,REPRESENTATION_DEFINED_AXIS,CANDIDATE_LOCAL_REESTIMATED,SOURCE_POSITIVE_GT_CONDITIONED_VIEW_GAP10_DIFF5_RELIABILITY_AND_FINITE_COMMON_VALID_PROJECTED_NO_RESELECTION,369267f7470fa21a7f75d20a878c2056eb190faf3a9bb522937c013f7db00e6c,fe00de604990c155fd9239e7643555cbea5f31d71699c09b0b1408e1f8bbf821,56,8,8,11,3,3,PAIR_COUNT_GT4_SHARED_FRAME_REPEATED_EVIDENCE,0.341820,0.995441,2.713985,0.126930,85.000000,911.500000,0.018035,0.126269,0.019987,0.109843,0.011233,0.008770,1.000000,0.715738,0.995220,2.802271,0.145037,22.000000,235.000000,0.021017,0.028526,0.013125,0.041495,0.009074,0.006609,178.152368,0.180255,0.372442,2.717547,3.722522,86.277478,,,REPRESENTATION_X_Y_AXES_ONLY,191.500000,324.000000,0.163985,3280.500000,0.153402,0.164017,0.151296,0.094417,0.171406,-0.038095,2.794788,0.233911,0.176673,0.152372,,,REPRESENTATION_X_Y_AXES_ONLY,CANNY_THIN_EDGE_CONNECTIVITY_PROXY_NOT_MORPHOLOGICAL_SKELETON,TELEA_INPAINT_INVALID_PLUS_ERODE_VALID_6PX,1.000000,1.000000,1.000000,1.000000,PASS:56,46.000000,84.000000,0.010345,PASS,AXIS_ORIENTATION_PLUS_ROTATED_ANISOTROPIC_SUPPORT_FOOTPRINT,EQUAL_WINDOW_DIMENSIONS_GRID_DENSITY_MASK_GRAY;ROTATED_ANISOTROPIC_WINDOWS_SAMPLE_DIFFERENT_SOURCE_PIXELS,directly_reviewed_complete,metrics remain separate; no combined score or parameter selection; rotated-window deltas are not pure coordinate-axis attribution
S0MV-GM_RM017-PV002-SEG02|CENTER_PHASE_SHIFT_P8,temporal_counterfactual,TEMPORAL_NEGATIVE,NOT_EVALUATED_DIRECTION_INSENSITIVE_METRICS,APPLICABLE_TO_TEMPORAL_CORRESPONDENCE_CONTROL,GM_RM017,GM_RM017:PV002,temporal_relation_falsification,raw_gt,CENTER_TRACKED_BODY,GT_DERIVED_UNSIGNED_BODY,CANDIDATE_LOCAL_REESTIMATED,SOURCE_POSITIVE_GT_CONDITIONED_VIEW_GAP10_DIFF5_RELIABILITY_AND_FINITE_COMMON_VALID_PROJECTED_NO_RESELECTION,369267f7470fa21a7f75d20a878c2056eb190faf3a9bb522937c013f7db00e6c,fe00de604990c155fd9239e7643555cbea5f31d71699c09b0b1408e1f8bbf821,56,8,8,11,3,3,PAIR_COUNT_GT4_SHARED_FRAME_REPEATED_EVIDENCE,0.404934,0.986663,4.634102,0.127116,16.500000,174.500000,0.022566,0.114024,0.038339,0.069126,0.004034,0.003792,1.000000,0.694633,0.989058,4.241739,0.143377,22.000000,227.000000,0.015888,0.031783,0.017699,0.026885,0.007321,0.007656,16.574453,0.195179,0.378511,15.412165,21.382912,68.617088,21.382912,68.617088,BODY_LONG_SHORT_AXES,189.500000,317.000000,0.106962,3341.000000,0.123877,0.163544,0.112192,0.090491,0.159093,0.076352,2.809819,0.175038,0.169757,0.156738,0.169757,0.156738,BODY_LONG_SHORT_AXES,CANNY_THIN_EDGE_CONNECTIVITY_PROXY_NOT_MORPHOLOGICAL_SKELETON,TELEA_INPAINT_INVALID_PLUS_ERODE_VALID_6PX,1.000000,1.000000,1.000000,1.000000,PASS:56,46.000000,85.500000,0.010376,PASS,AXIS_ORIENTATION_PLUS_ROTATED_ANISOTROPIC_SUPPORT_FOOTPRINT,EQUAL_WINDOW_DIMENSIONS_GRID_DENSITY_MASK_GRAY;ROTATED_ANISOTROPIC_WINDOWS_SAMPLE_DIFFERENT_SOURCE_PIXELS,directly_reviewed_complete,metrics remain separate; no combined score or parameter selection; rotated-window deltas are not pure coordinate-axis attribution
S0MV-GM_RM017-PV002-SEG02|CENTER_PHASE_SHIFT_P8,temporal_counterfactual,TEMPORAL_NEGATIVE,NOT_EVALUATED_DIRECTION_INSENSITIVE_METRICS,APPLICABLE_TO_TEMPORAL_CORRESPONDENCE_CONTROL,GM_RM017,GM_RM017:PV002,temporal_relation_falsification,smoothed_gt,WORLD_FIXED,REPRESENTATION_DEFINED_AXIS,FIXED_REFERENCE,SOURCE_POSITIVE_GT_CONDITIONED_VIEW_GAP10_DIFF5_RELIABILITY_AND_FINITE_COMMON_VALID_PROJECTED_NO_RESELECTION,7af9116724c7a8702700075845d02acd180c1bd14d4b238413ba2ed3adaafc86,b6d69d2fc2beb967335d5bf40cb3cf27037bcb4351ac93dcc74661fba7b87934,56,0,0,0,0,0,NO_ELIGIBLE_PAIRS,,,,,,,,,,,,,,0.738834,0.996905,2.254390,0.142809,23.000000,220.000000,0.014908,0.032347,0.021136,0.039483,0.007736,0.006291,11.483514,0.199363,0.379323,3.463614,11.533721,78.466279,,,REPRESENTATION_X_Y_AXES_ONLY,166.500000,292.000000,0.262227,3146.000000,0.263704,0.156555,0.255475,0.101509,0.023351,-0.058071,2.797277,0.342662,0.178928,0.155510,,,REPRESENTATION_X_Y_AXES_ONLY,CANNY_THIN_EDGE_CONNECTIVITY_PROXY_NOT_MORPHOLOGICAL_SKELETON,TELEA_INPAINT_INVALID_PLUS_ERODE_VALID_6PX,1.000000,1.000000,1.000000,1.000000,PASS:56,46.000000,98.000000,0.011902,PASS,TRACKED_OR_FIXED_CENTER_WITH_GLOBAL_AXES_AND_EQUAL_WINDOW_DIMENSIONS,EQUAL_WINDOW_DIMENSIONS_GRID_DENSITY_MASK_GRAY;ROTATED_ANISOTROPIC_WINDOWS_SAMPLE_DIFFERENT_SOURCE_PIXELS,directly_reviewed_complete,metrics remain separate; no combined score or parameter selection; rotated-window deltas are not pure coordinate-axis attribution
S0MV-GM_RM017-PV002-SEG02|CENTER_PHASE_SHIFT_P8,temporal_counterfactual,TEMPORAL_NEGATIVE,NOT_EVALUATED_DIRECTION_INSENSITIVE_METRICS,APPLICABLE_TO_TEMPORAL_CORRESPONDENCE_CONTROL,GM_RM017,GM_RM017:PV002,temporal_relation_falsification,smoothed_gt,CENTER_TRACKED_CARTESIAN,REPRESENTATION_DEFINED_AXIS,FIXED_REFERENCE,SOURCE_POSITIVE_GT_CONDITIONED_VIEW_GAP10_DIFF5_RELIABILITY_AND_FINITE_COMMON_VALID_PROJECTED_NO_RESELECTION,7af9116724c7a8702700075845d02acd180c1bd14d4b238413ba2ed3adaafc86,b6d69d2fc2beb967335d5bf40cb3cf27037bcb4351ac93dcc74661fba7b87934,56,0,0,0,0,0,NO_ELIGIBLE_PAIRS,,,,,,,,,,,,,,0.779533,0.995095,2.838747,0.153501,27.000000,231.000000,0.020071,0.041839,0.013370,0.033400,0.008148,0.007097,13.761913,0.194252,0.379456,15.306317,18.177574,71.822426,,,REPRESENTATION_X_Y_AXES_ONLY,158.000000,293.500000,0.260075,3380.500000,0.202678,0.159348,0.208492,0.088950,0.152180,0.069783,2.811872,0.205661,0.173464,0.155680,,,REPRESENTATION_X_Y_AXES_ONLY,CANNY_THIN_EDGE_CONNECTIVITY_PROXY_NOT_MORPHOLOGICAL_SKELETON,TELEA_INPAINT_INVALID_PLUS_ERODE_VALID_6PX,1.000000,1.000000,1.000000,1.000000,PASS:56,46.000000,85.500000,0.005112,PASS,TRACKED_OR_FIXED_CENTER_WITH_GLOBAL_AXES_AND_EQUAL_WINDOW_DIMENSIONS,EQUAL_WINDOW_DIMENSIONS_GRID_DENSITY_MASK_GRAY;ROTATED_ANISOTROPIC_WINDOWS_SAMPLE_DIFFERENT_SOURCE_PIXELS,directly_reviewed_complete,metrics remain separate; no combined score or parameter selection; rotated-window deltas are not pure coordinate-axis attribution
S0MV-GM_RM017-PV002-SEG02|CENTER_PHASE_SHIFT_P8,temporal_counterfactual,TEMPORAL_NEGATIVE,NOT_EVALUATED_DIRECTION_INSENSITIVE_METRICS,APPLICABLE_TO_TEMPORAL_CORRESPONDENCE_CONTROL,GM_RM017,GM_RM017:PV002,temporal_relation_falsification,smoothed_gt,CENTER_TRACKED_RADIAL,REPRESENTATION_DEFINED_AXIS,FIXED_REFERENCE,SOURCE_POSITIVE_GT_CONDITIONED_VIEW_GAP10_DIFF5_RELIABILITY_AND_FINITE_COMMON_VALID_PROJECTED_NO_RESELECTION,7af9116724c7a8702700075845d02acd180c1bd14d4b238413ba2ed3adaafc86,b6d69d2fc2beb967335d5bf40cb3cf27037bcb4351ac93dcc74661fba7b87934,56,0,0,0,0,0,NO_ELIGIBLE_PAIRS,,,,,,,,,,,,,,0.766134,0.995844,2.612686,0.145905,33.000000,255.000000,0.014232,0.038336,0.024142,0.053575,0.009835,0.006698,178.406078,0.178895,0.374093,4.010220,4.083867,85.916133,,,REPRESENTATION_X_Y_AXES_ONLY,155.500000,272.500000,0.299121,2988.500000,0.227061,0.145279,0.235630,0.093750,0.166031,-0.047235,2.804892,0.333131,0.178214,0.149768,,,REPRESENTATION_X_Y_AXES_ONLY,CANNY_THIN_EDGE_CONNECTIVITY_PROXY_NOT_MORPHOLOGICAL_SKELETON,TELEA_INPAINT_INVALID_PLUS_ERODE_VALID_6PX,1.000000,1.000000,1.000000,1.000000,PASS:56,46.000000,83.500000,0.004654,PASS,AXIS_ORIENTATION_PLUS_ROTATED_ANISOTROPIC_SUPPORT_FOOTPRINT,EQUAL_WINDOW_DIMENSIONS_GRID_DENSITY_MASK_GRAY;ROTATED_ANISOTROPIC_WINDOWS_SAMPLE_DIFFERENT_SOURCE_PIXELS,directly_reviewed_complete,metrics remain separate; no combined score or parameter selection; rotated-window deltas are not pure coordinate-axis attribution
S0MV-GM_RM017-PV002-SEG02|CENTER_PHASE_SHIFT_P8,temporal_counterfactual,TEMPORAL_NEGATIVE,NOT_EVALUATED_DIRECTION_INSENSITIVE_METRICS,APPLICABLE_TO_TEMPORAL_CORRESPONDENCE_CONTROL,GM_RM017,GM_RM017:PV002,temporal_relation_falsification,smoothed_gt,CENTER_TRACKED_BODY,GT_DERIVED_UNSIGNED_BODY,FIXED_REFERENCE,SOURCE_POSITIVE_GT_CONDITIONED_VIEW_GAP10_DIFF5_RELIABILITY_AND_FINITE_COMMON_VALID_PROJECTED_NO_RESELECTION,7af9116724c7a8702700075845d02acd180c1bd14d4b238413ba2ed3adaafc86,b6d69d2fc2beb967335d5bf40cb3cf27037bcb4351ac93dcc74661fba7b87934,56,0,0,0,0,0,NO_ELIGIBLE_PAIRS,,,,,,,,,,,,,,0.773090,0.996030,2.553477,0.152589,28.000000,251.000000,0.022321,0.033552,0.016131,0.032804,0.007468,0.006407,16.716068,0.201997,0.380761,14.743768,21.686435,68.313565,21.686435,68.313565,BODY_LONG_SHORT_AXES,165.500000,297.500000,0.264917,3344.500000,0.200677,0.159454,0.207872,0.091684,0.151041,0.073854,2.810821,0.220588,0.172993,0.155672,0.172993,0.155672,BODY_LONG_SHORT_AXES,CANNY_THIN_EDGE_CONNECTIVITY_PROXY_NOT_MORPHOLOGICAL_SKELETON,TELEA_INPAINT_INVALID_PLUS_ERODE_VALID_6PX,1.000000,1.000000,1.000000,1.000000,PASS:56,46.000000,85.500000,0.005127,PASS,AXIS_ORIENTATION_PLUS_ROTATED_ANISOTROPIC_SUPPORT_FOOTPRINT,EQUAL_WINDOW_DIMENSIONS_GRID_DENSITY_MASK_GRAY;ROTATED_ANISOTROPIC_WINDOWS_SAMPLE_DIFFERENT_SOURCE_PIXELS,directly_reviewed_complete,metrics remain separate; no combined score or parameter selection; rotated-window deltas are not pure coordinate-axis attribution
S0MV-GM_RM017-PV002-SEG02|CENTER_PHASE_SHIFT_P8,temporal_counterfactual,TEMPORAL_NEGATIVE,NOT_EVALUATED_DIRECTION_INSENSITIVE_METRICS,APPLICABLE_TO_TEMPORAL_CORRESPONDENCE_CONTROL,GM_RM017,GM_RM017:PV002,temporal_relation_falsification,smoothed_gt,WORLD_FIXED,REPRESENTATION_DEFINED_AXIS,CANDIDATE_LOCAL_REESTIMATED,SOURCE_POSITIVE_GT_CONDITIONED_VIEW_GAP10_DIFF5_RELIABILITY_AND_FINITE_COMMON_VALID_PROJECTED_NO_RESELECTION,7af9116724c7a8702700075845d02acd180c1bd14d4b238413ba2ed3adaafc86,b6d69d2fc2beb967335d5bf40cb3cf27037bcb4351ac93dcc74661fba7b87934,56,0,0,0,0,0,NO_ELIGIBLE_PAIRS,,,,,,,,,,,,,,0.748539,0.997379,2.074533,0.147040,23.000000,175.000000,0.023149,0.036956,0.018601,0.044834,0.007124,0.008740,11.275313,0.201451,0.381435,3.571887,11.034730,78.965270,,,REPRESENTATION_X_Y_AXES_ONLY,156.000000,282.500000,0.153913,3014.000000,0.148380,0.149673,0.138160,0.106934,0.035337,-0.057702,2.791788,0.403120,0.179654,0.154658,,,REPRESENTATION_X_Y_AXES_ONLY,CANNY_THIN_EDGE_CONNECTIVITY_PROXY_NOT_MORPHOLOGICAL_SKELETON,TELEA_INPAINT_INVALID_PLUS_ERODE_VALID_6PX,1.000000,1.000000,1.000000,1.000000,PASS:56,46.500000,98.000000,0.010254,PASS,TRACKED_OR_FIXED_CENTER_WITH_GLOBAL_AXES_AND_EQUAL_WINDOW_DIMENSIONS,EQUAL_WINDOW_DIMENSIONS_GRID_DENSITY_MASK_GRAY;ROTATED_ANISOTROPIC_WINDOWS_SAMPLE_DIFFERENT_SOURCE_PIXELS,directly_reviewed_complete,metrics remain separate; no combined score or parameter selection; rotated-window deltas are not pure coordinate-axis attribution
S0MV-GM_RM017-PV002-SEG02|CENTER_PHASE_SHIFT_P8,temporal_counterfactual,TEMPORAL_NEGATIVE,NOT_EVALUATED_DIRECTION_INSENSITIVE_METRICS,APPLICABLE_TO_TEMPORAL_CORRESPONDENCE_CONTROL,GM_RM017,GM_RM017:PV002,temporal_relation_falsification,smoothed_gt,CENTER_TRACKED_CARTESIAN,REPRESENTATION_DEFINED_AXIS,CANDIDATE_LOCAL_REESTIMATED,SOURCE_POSITIVE_GT_CONDITIONED_VIEW_GAP10_DIFF5_RELIABILITY_AND_FINITE_COMMON_VALID_PROJECTED_NO_RESELECTION,7af9116724c7a8702700075845d02acd180c1bd14d4b238413ba2ed3adaafc86,b6d69d2fc2beb967335d5bf40cb3cf27037bcb4351ac93dcc74661fba7b87934,56,0,0,0,0,0,NO_ELIGIBLE_PAIRS,,,,,,,,,,,,,,0.788865,0.994772,2.930570,0.153191,25.000000,231.000000,0.019612,0.032558,0.014899,0.028491,0.008006,0.007411,13.890978,0.193109,0.378797,15.825928,18.001300,71.998700,,,REPRESENTATION_X_Y_AXES_ONLY,185.500000,321.000000,0.111160,3362.000000,0.105498,0.164658,0.097008,0.098555,0.162435,0.071618,2.800635,0.157552,0.171906,0.157007,,,REPRESENTATION_X_Y_AXES_ONLY,CANNY_THIN_EDGE_CONNECTIVITY_PROXY_NOT_MORPHOLOGICAL_SKELETON,TELEA_INPAINT_INVALID_PLUS_ERODE_VALID_6PX,1.000000,1.000000,1.000000,1.000000,PASS:56,46.000000,85.500000,0.010284,PASS,TRACKED_OR_FIXED_CENTER_WITH_GLOBAL_AXES_AND_EQUAL_WINDOW_DIMENSIONS,EQUAL_WINDOW_DIMENSIONS_GRID_DENSITY_MASK_GRAY;ROTATED_ANISOTROPIC_WINDOWS_SAMPLE_DIFFERENT_SOURCE_PIXELS,directly_reviewed_complete,metrics remain separate; no combined score or parameter selection; rotated-window deltas are not pure coordinate-axis attribution
S0MV-GM_RM017-PV002-SEG02|CENTER_PHASE_SHIFT_P8,temporal_counterfactual,TEMPORAL_NEGATIVE,NOT_EVALUATED_DIRECTION_INSENSITIVE_METRICS,APPLICABLE_TO_TEMPORAL_CORRESPONDENCE_CONTROL,GM_RM017,GM_RM017:PV002,temporal_relation_falsification,smoothed_gt,CENTER_TRACKED_RADIAL,REPRESENTATION_DEFINED_AXIS,CANDIDATE_LOCAL_REESTIMATED,SOURCE_POSITIVE_GT_CONDITIONED_VIEW_GAP10_DIFF5_RELIABILITY_AND_FINITE_COMMON_VALID_PROJECTED_NO_RESELECTION,7af9116724c7a8702700075845d02acd180c1bd14d4b238413ba2ed3adaafc86,b6d69d2fc2beb967335d5bf40cb3cf27037bcb4351ac93dcc74661fba7b87934,56,0,0,0,0,0,NO_ELIGIBLE_PAIRS,,,,,,,,,,,,,,0.772758,0.995972,2.572138,0.153061,26.000000,225.000000,0.013474,0.026206,0.021363,0.026071,0.008302,0.006462,178.104280,0.181561,0.372696,2.640119,3.503782,86.496218,,,REPRESENTATION_X_Y_AXES_ONLY,185.000000,322.500000,0.190985,3312.000000,0.154131,0.164062,0.153572,0.096201,0.171418,-0.039787,2.796181,0.227977,0.176969,0.153161,,,REPRESENTATION_X_Y_AXES_ONLY,CANNY_THIN_EDGE_CONNECTIVITY_PROXY_NOT_MORPHOLOGICAL_SKELETON,TELEA_INPAINT_INVALID_PLUS_ERODE_VALID_6PX,1.000000,1.000000,1.000000,1.000000,PASS:56,46.000000,83.500000,0.010345,PASS,AXIS_ORIENTATION_PLUS_ROTATED_ANISOTROPIC_SUPPORT_FOOTPRINT,EQUAL_WINDOW_DIMENSIONS_GRID_DENSITY_MASK_GRAY;ROTATED_ANISOTROPIC_WINDOWS_SAMPLE_DIFFERENT_SOURCE_PIXELS,directly_reviewed_complete,metrics remain separate; no combined score or parameter selection; rotated-window deltas are not pure coordinate-axis attribution
S0MV-GM_RM017-PV002-SEG02|CENTER_PHASE_SHIFT_P8,temporal_counterfactual,TEMPORAL_NEGATIVE,NOT_EVALUATED_DIRECTION_INSENSITIVE_METRICS,APPLICABLE_TO_TEMPORAL_CORRESPONDENCE_CONTROL,GM_RM017,GM_RM017:PV002,temporal_relation_falsification,smoothed_gt,CENTER_TRACKED_BODY,GT_DERIVED_UNSIGNED_BODY,CANDIDATE_LOCAL_REESTIMATED,SOURCE_POSITIVE_GT_CONDITIONED_VIEW_GAP10_DIFF5_RELIABILITY_AND_FINITE_COMMON_VALID_PROJECTED_NO_RESELECTION,7af9116724c7a8702700075845d02acd180c1bd14d4b238413ba2ed3adaafc86,b6d69d2fc2beb967335d5bf40cb3cf27037bcb4351ac93dcc74661fba7b87934,56,0,0,0,0,0,NO_ELIGIBLE_PAIRS,,,,,,,,,,,,,,0.784083,0.995463,2.730040,0.152712,27.000000,222.000000,0.017332,0.029262,0.024401,0.026872,0.006447,0.006912,16.863974,0.198717,0.381007,14.949048,21.814099,68.185901,21.814099,68.185901,BODY_LONG_SHORT_AXES,189.000000,319.000000,0.102585,3348.000000,0.106341,0.164490,0.097753,0.088902,0.159324,0.075298,2.801789,0.179818,0.172581,0.157325,0.172581,0.157325,BODY_LONG_SHORT_AXES,CANNY_THIN_EDGE_CONNECTIVITY_PROXY_NOT_MORPHOLOGICAL_SKELETON,TELEA_INPAINT_INVALID_PLUS_ERODE_VALID_6PX,1.000000,1.000000,1.000000,1.000000,PASS:56,46.000000,85.500000,0.010284,PASS,AXIS_ORIENTATION_PLUS_ROTATED_ANISOTROPIC_SUPPORT_FOOTPRINT,EQUAL_WINDOW_DIMENSIONS_GRID_DENSITY_MASK_GRAY;ROTATED_ANISOTROPIC_WINDOWS_SAMPLE_DIFFERENT_SOURCE_PIXELS,directly_reviewed_complete,metrics remain separate; no combined score or parameter selection; rotated-window deltas are not pure coordinate-axis attribution
S0MV-GM_RM017-PV003-SEG01|TEMPORAL_SHUFFLE,temporal_counterfactual,TEMPORAL_NEGATIVE,NOT_EVALUATED_DIRECTION_INSENSITIVE_METRICS,APPLICABLE_TO_TEMPORAL_CORRESPONDENCE_CONTROL,GM_RM017,GM_RM017:PV003,temporal_relation_falsification,raw_gt,WORLD_FIXED,REPRESENTATION_DEFINED_AXIS,FIXED_REFERENCE,SOURCE_POSITIVE_GT_CONDITIONED_VIEW_GAP10_DIFF5_RELIABILITY_AND_FINITE_COMMON_VALID_PROJECTED_NO_RESELECTION,dea555659746fbdda8c19188f372cb0e24d32061d75e17b0b3e5bc39e425cf75,d6c43bdf9d204ac3d91dd4847a02665c61bb920fd373f5b30bfb4f40e5dbb8ba,67,4,4,6,2,2,SPARSE_PAIR_EVIDENCE,-0.030639,0.994149,3.032669,0.162502,167.000000,2550.000000,0.080970,0.040493,0.094095,0.011993,0.003240,0.016963,1.000000,0.018024,0.983947,5.130823,0.053038,125.500000,1120.500000,0.069349,0.219650,0.056528,0.221804,0.029814,0.018385,171.294333,0.202992,0.335260,4.694434,5.782959,84.217041,,,REPRESENTATION_X_Y_AXES_ONLY,142.000000,215.000000,0.753276,2055.000000,0.812125,0.105286,0.782553,0.167301,0.035224,-0.006558,2.803571,0.152929,0.176829,0.163845,,,REPRESENTATION_X_Y_AXES_ONLY,CANNY_THIN_EDGE_CONNECTIVITY_PROXY_NOT_MORPHOLOGICAL_SKELETON,TELEA_INPAINT_INVALID_PLUS_ERODE_VALID_6PX,1.000000,1.000000,1.000000,1.000000,PASS:67,45.000000,86.330000,0.010803,PASS,TRACKED_OR_FIXED_CENTER_WITH_GLOBAL_AXES_AND_EQUAL_WINDOW_DIMENSIONS,EQUAL_WINDOW_DIMENSIONS_GRID_DENSITY_MASK_GRAY;ROTATED_ANISOTROPIC_WINDOWS_SAMPLE_DIFFERENT_SOURCE_PIXELS,directly_reviewed_complete,metrics remain separate; no combined score or parameter selection; rotated-window deltas are not pure coordinate-axis attribution
S0MV-GM_RM017-PV003-SEG01|TEMPORAL_SHUFFLE,temporal_counterfactual,TEMPORAL_NEGATIVE,NOT_EVALUATED_DIRECTION_INSENSITIVE_METRICS,APPLICABLE_TO_TEMPORAL_CORRESPONDENCE_CONTROL,GM_RM017,GM_RM017:PV003,temporal_relation_falsification,raw_gt,CENTER_TRACKED_CARTESIAN,REPRESENTATION_DEFINED_AXIS,FIXED_REFERENCE,SOURCE_POSITIVE_GT_CONDITIONED_VIEW_GAP10_DIFF5_RELIABILITY_AND_FINITE_COMMON_VALID_PROJECTED_NO_RESELECTION,dea555659746fbdda8c19188f372cb0e24d32061d75e17b0b3e5bc39e425cf75,d6c43bdf9d204ac3d91dd4847a02665c61bb920fd373f5b30bfb4f40e5dbb8ba,67,4,4,6,2,2,SPARSE_PAIR_EVIDENCE,0.186325,0.872480,13.038333,0.160733,159.000000,2749.500000,0.049813,0.021511,0.036892,0.070874,0.005976,0.008777,1.000000,0.032636,0.925804,11.095376,0.052148,135.000000,1117.000000,0.081766,0.249642,0.060531,0.170349,0.012496,0.019222,172.678226,0.186905,0.342454,10.553397,10.890682,79.109318,,,REPRESENTATION_X_Y_AXES_ONLY,143.000000,245.000000,0.755624,2445.000000,0.822836,0.124664,0.795815,0.175793,0.023645,-0.006597,2.807089,0.137706,0.169001,0.162800,,,REPRESENTATION_X_Y_AXES_ONLY,CANNY_THIN_EDGE_CONNECTIVITY_PROXY_NOT_MORPHOLOGICAL_SKELETON,TELEA_INPAINT_INVALID_PLUS_ERODE_VALID_6PX,1.000000,1.000000,1.000000,1.000000,PASS:67,45.000000,81.000000,0.006775,PASS,TRACKED_OR_FIXED_CENTER_WITH_GLOBAL_AXES_AND_EQUAL_WINDOW_DIMENSIONS,EQUAL_WINDOW_DIMENSIONS_GRID_DENSITY_MASK_GRAY;ROTATED_ANISOTROPIC_WINDOWS_SAMPLE_DIFFERENT_SOURCE_PIXELS,directly_reviewed_complete,metrics remain separate; no combined score or parameter selection; rotated-window deltas are not pure coordinate-axis attribution
S0MV-GM_RM017-PV003-SEG01|TEMPORAL_SHUFFLE,temporal_counterfactual,TEMPORAL_NEGATIVE,NOT_EVALUATED_DIRECTION_INSENSITIVE_METRICS,APPLICABLE_TO_TEMPORAL_CORRESPONDENCE_CONTROL,GM_RM017,GM_RM017:PV003,temporal_relation_falsification,raw_gt,CENTER_TRACKED_RADIAL,REPRESENTATION_DEFINED_AXIS,FIXED_REFERENCE,SOURCE_POSITIVE_GT_CONDITIONED_VIEW_GAP10_DIFF5_RELIABILITY_AND_FINITE_COMMON_VALID_PROJECTED_NO_RESELECTION,dea555659746fbdda8c19188f372cb0e24d32061d75e17b0b3e5bc39e425cf75,d6c43bdf9d204ac3d91dd4847a02665c61bb920fd373f5b30bfb4f40e5dbb8ba,67,4,4,6,2,2,SPARSE_PAIR_EVIDENCE,0.150538,0.930510,10.654923,0.160084,220.000000,2887.500000,0.030879,0.064897,0.105151,0.016057,0.008800,0.009634,1.000000,0.013826,0.930855,10.714106,0.059063,127.500000,1176.500000,0.080910,0.240855,0.042562,0.110447,0.014005,0.019762,170.025193,0.167355,0.335354,9.919399,12.878986,77.121014,,,REPRESENTATION_X_Y_AXES_ONLY,139.000000,244.000000,0.779981,2466.000000,0.824239,0.125702,0.801951,0.173892,0.036090,0.006941,2.811881,0.125643,0.166479,0.160695,,,REPRESENTATION_X_Y_AXES_ONLY,CANNY_THIN_EDGE_CONNECTIVITY_PROXY_NOT_MORPHOLOGICAL_SKELETON,TELEA_INPAINT_INVALID_PLUS_ERODE_VALID_6PX,1.000000,1.000000,1.000000,1.000000,PASS:67,45.000000,77.000000,0.004852,PASS,AXIS_ORIENTATION_PLUS_ROTATED_ANISOTROPIC_SUPPORT_FOOTPRINT,EQUAL_WINDOW_DIMENSIONS_GRID_DENSITY_MASK_GRAY;ROTATED_ANISOTROPIC_WINDOWS_SAMPLE_DIFFERENT_SOURCE_PIXELS,directly_reviewed_complete,metrics remain separate; no combined score or parameter selection; rotated-window deltas are not pure coordinate-axis attribution
S0MV-GM_RM017-PV003-SEG01|TEMPORAL_SHUFFLE,temporal_counterfactual,TEMPORAL_NEGATIVE,NOT_EVALUATED_DIRECTION_INSENSITIVE_METRICS,APPLICABLE_TO_TEMPORAL_CORRESPONDENCE_CONTROL,GM_RM017,GM_RM017:PV003,temporal_relation_falsification,raw_gt,CENTER_TRACKED_BODY,GT_DERIVED_UNSIGNED_BODY,FIXED_REFERENCE,SOURCE_POSITIVE_GT_CONDITIONED_VIEW_GAP10_DIFF5_RELIABILITY_AND_FINITE_COMMON_VALID_PROJECTED_NO_RESELECTION,dea555659746fbdda8c19188f372cb0e24d32061d75e17b0b3e5bc39e425cf75,d6c43bdf9d204ac3d91dd4847a02665c61bb920fd373f5b30bfb4f40e5dbb8ba,67,4,4,6,2,2,SPARSE_PAIR_EVIDENCE,0.175830,0.872289,13.080921,0.162930,190.000000,2693.000000,0.040599,0.027653,0.077061,0.055952,0.004631,0.007797,1.000000,0.026154,0.950634,9.038067,0.050124,129.500000,1195.000000,0.075958,0.240162,0.053475,0.101082,0.019106,0.014497,177.739606,0.192232,0.342259,11.767879,10.883969,79.116031,10.883969,79.116031,BODY_LONG_SHORT_AXES,139.000000,245.000000,0.774506,2442.000000,0.821635,0.127258,0.795567,0.181448,0.031484,-0.005593,2.819153,0.104548,0.168470,0.165501,0.168470,0.165501,BODY_LONG_SHORT_AXES,CANNY_THIN_EDGE_CONNECTIVITY_PROXY_NOT_MORPHOLOGICAL_SKELETON,TELEA_INPAINT_INVALID_PLUS_ERODE_VALID_6PX,1.000000,1.000000,1.000000,1.000000,PASS:67,45.000000,81.000000,0.006989,PASS,AXIS_ORIENTATION_PLUS_ROTATED_ANISOTROPIC_SUPPORT_FOOTPRINT,EQUAL_WINDOW_DIMENSIONS_GRID_DENSITY_MASK_GRAY;ROTATED_ANISOTROPIC_WINDOWS_SAMPLE_DIFFERENT_SOURCE_PIXELS,directly_reviewed_complete,metrics remain separate; no combined score or parameter selection; rotated-window deltas are not pure coordinate-axis attribution
S0MV-GM_RM017-PV003-SEG01|TEMPORAL_SHUFFLE,temporal_counterfactual,TEMPORAL_NEGATIVE,NOT_EVALUATED_DIRECTION_INSENSITIVE_METRICS,APPLICABLE_TO_TEMPORAL_CORRESPONDENCE_CONTROL,GM_RM017,GM_RM017:PV003,temporal_relation_falsification,raw_gt,WORLD_FIXED,REPRESENTATION_DEFINED_AXIS,CANDIDATE_LOCAL_REESTIMATED,SOURCE_POSITIVE_GT_CONDITIONED_VIEW_GAP10_DIFF5_RELIABILITY_AND_FINITE_COMMON_VALID_PROJECTED_NO_RESELECTION,dea555659746fbdda8c19188f372cb0e24d32061d75e17b0b3e5bc39e425cf75,d6c43bdf9d204ac3d91dd4847a02665c61bb920fd373f5b30bfb4f40e5dbb8ba,67,4,4,6,2,2,SPARSE_PAIR_EVIDENCE,-0.011333,0.987856,4.466074,0.083497,51.500000,270.000000,0.030142,0.227034,0.030417,0.142124,0.009391,0.020333,1.000000,0.029307,0.986349,4.737341,0.085589,75.500000,623.500000,0.032777,0.139452,0.023562,0.111604,0.013344,0.012040,172.059126,0.219732,0.345116,3.448885,5.672851,84.327149,,,REPRESENTATION_X_Y_AXES_ONLY,206.000000,307.000000,0.255185,2994.000000,0.204537,0.153961,0.203079,0.086259,0.087712,-0.004835,2.768061,0.125189,0.173186,0.159638,,,REPRESENTATION_X_Y_AXES_ONLY,CANNY_THIN_EDGE_CONNECTIVITY_PROXY_NOT_MORPHOLOGICAL_SKELETON,TELEA_INPAINT_INVALID_PLUS_ERODE_VALID_6PX,1.000000,1.000000,1.000000,1.000000,PASS:67,45.000000,86.330000,0.010376,PASS,TRACKED_OR_FIXED_CENTER_WITH_GLOBAL_AXES_AND_EQUAL_WINDOW_DIMENSIONS,EQUAL_WINDOW_DIMENSIONS_GRID_DENSITY_MASK_GRAY;ROTATED_ANISOTROPIC_WINDOWS_SAMPLE_DIFFERENT_SOURCE_PIXELS,directly_reviewed_complete,metrics remain separate; no combined score or parameter selection; rotated-window deltas are not pure coordinate-axis attribution
S0MV-GM_RM017-PV003-SEG01|TEMPORAL_SHUFFLE,temporal_counterfactual,TEMPORAL_NEGATIVE,NOT_EVALUATED_DIRECTION_INSENSITIVE_METRICS,APPLICABLE_TO_TEMPORAL_CORRESPONDENCE_CONTROL,GM_RM017,GM_RM017:PV003,temporal_relation_falsification,raw_gt,CENTER_TRACKED_CARTESIAN,REPRESENTATION_DEFINED_AXIS,CANDIDATE_LOCAL_REESTIMATED,SOURCE_POSITIVE_GT_CONDITIONED_VIEW_GAP10_DIFF5_RELIABILITY_AND_FINITE_COMMON_VALID_PROJECTED_NO_RESELECTION,dea555659746fbdda8c19188f372cb0e24d32061d75e17b0b3e5bc39e425cf75,d6c43bdf9d204ac3d91dd4847a02665c61bb920fd373f5b30bfb4f40e5dbb8ba,67,4,4,6,2,2,SPARSE_PAIR_EVIDENCE,0.202857,0.980349,5.492896,0.118919,70.500000,945.000000,0.053299,0.136908,0.018205,0.044418,0.011393,0.010937,1.000000,0.033532,0.945577,9.487356,0.103217,108.500000,589.000000,0.027584,0.105767,0.026159,0.078281,0.009259,0.008599,172.522991,0.166431,0.344500,9.619975,12.734389,77.265611,,,REPRESENTATION_X_Y_AXES_ONLY,250.000000,357.000000,0.277294,3610.000000,0.209501,0.183014,0.211795,0.079347,0.068256,-0.010338,2.777778,0.103441,0.164198,0.164664,,,REPRESENTATION_X_Y_AXES_ONLY,CANNY_THIN_EDGE_CONNECTIVITY_PROXY_NOT_MORPHOLOGICAL_SKELETON,TELEA_INPAINT_INVALID_PLUS_ERODE_VALID_6PX,1.000000,1.000000,1.000000,1.000000,PASS:67,45.000000,81.000000,0.010315,PASS,TRACKED_OR_FIXED_CENTER_WITH_GLOBAL_AXES_AND_EQUAL_WINDOW_DIMENSIONS,EQUAL_WINDOW_DIMENSIONS_GRID_DENSITY_MASK_GRAY;ROTATED_ANISOTROPIC_WINDOWS_SAMPLE_DIFFERENT_SOURCE_PIXELS,directly_reviewed_complete,metrics remain separate; no combined score or parameter selection; rotated-window deltas are not pure coordinate-axis attribution
S0MV-GM_RM017-PV003-SEG01|TEMPORAL_SHUFFLE,temporal_counterfactual,TEMPORAL_NEGATIVE,NOT_EVALUATED_DIRECTION_INSENSITIVE_METRICS,APPLICABLE_TO_TEMPORAL_CORRESPONDENCE_CONTROL,GM_RM017,GM_RM017:PV003,temporal_relation_falsification,raw_gt,CENTER_TRACKED_RADIAL,REPRESENTATION_DEFINED_AXIS,CANDIDATE_LOCAL_REESTIMATED,SOURCE_POSITIVE_GT_CONDITIONED_VIEW_GAP10_DIFF5_RELIABILITY_AND_FINITE_COMMON_VALID_PROJECTED_NO_RESELECTION,dea555659746fbdda8c19188f372cb0e24d32061d75e17b0b3e5bc39e425cf75,d6c43bdf9d204ac3d91dd4847a02665c61bb920fd373f5b30bfb4f40e5dbb8ba,67,4,4,6,2,2,SPARSE_PAIR_EVIDENCE,0.128332,0.959102,8.220617,0.115154,47.000000,628.500000,0.032615,0.137043,0.026341,0.060800,0.010850,0.017017,1.000000,0.009652,0.961379,7.987501,0.102846,70.000000,448.500000,0.035555,0.140356,0.029165,0.053985,0.006911,0.007130,169.827083,0.142140,0.339348,10.354267,14.457652,75.542348,,,REPRESENTATION_X_Y_AXES_ONLY,265.000000,380.000000,0.296259,3575.000000,0.223595,0.184998,0.229738,0.080738,0.078136,0.017556,2.782800,0.090213,0.166902,0.163379,,,REPRESENTATION_X_Y_AXES_ONLY,CANNY_THIN_EDGE_CONNECTIVITY_PROXY_NOT_MORPHOLOGICAL_SKELETON,TELEA_INPAINT_INVALID_PLUS_ERODE_VALID_6PX,1.000000,1.000000,1.000000,1.000000,PASS:67,44.000000,77.000000,0.010498,PASS,AXIS_ORIENTATION_PLUS_ROTATED_ANISOTROPIC_SUPPORT_FOOTPRINT,EQUAL_WINDOW_DIMENSIONS_GRID_DENSITY_MASK_GRAY;ROTATED_ANISOTROPIC_WINDOWS_SAMPLE_DIFFERENT_SOURCE_PIXELS,directly_reviewed_complete,metrics remain separate; no combined score or parameter selection; rotated-window deltas are not pure coordinate-axis attribution
S0MV-GM_RM017-PV003-SEG01|TEMPORAL_SHUFFLE,temporal_counterfactual,TEMPORAL_NEGATIVE,NOT_EVALUATED_DIRECTION_INSENSITIVE_METRICS,APPLICABLE_TO_TEMPORAL_CORRESPONDENCE_CONTROL,GM_RM017,GM_RM017:PV003,temporal_relation_falsification,raw_gt,CENTER_TRACKED_BODY,GT_DERIVED_UNSIGNED_BODY,CANDIDATE_LOCAL_REESTIMATED,SOURCE_POSITIVE_GT_CONDITIONED_VIEW_GAP10_DIFF5_RELIABILITY_AND_FINITE_COMMON_VALID_PROJECTED_NO_RESELECTION,dea555659746fbdda8c19188f372cb0e24d32061d75e17b0b3e5bc39e425cf75,d6c43bdf9d204ac3d91dd4847a02665c61bb920fd373f5b30bfb4f40e5dbb8ba,67,4,4,6,2,2,SPARSE_PAIR_EVIDENCE,0.179873,0.990354,3.916862,0.125560,103.500000,833.500000,0.022540,0.110966,0.028732,0.016504,0.006578,0.004428,1.000000,0.026197,0.946659,9.374283,0.100945,114.500000,519.500000,0.029886,0.120423,0.040255,0.096977,0.009219,0.010312,177.364131,0.173894,0.343746,9.416541,10.204208,79.795792,10.204208,79.795792,BODY_LONG_SHORT_AXES,256.000000,371.000000,0.289133,3519.000000,0.220138,0.181549,0.221021,0.078744,0.059973,-0.026611,2.784957,0.104272,0.164630,0.166790,0.164630,0.166790,BODY_LONG_SHORT_AXES,CANNY_THIN_EDGE_CONNECTIVITY_PROXY_NOT_MORPHOLOGICAL_SKELETON,TELEA_INPAINT_INVALID_PLUS_ERODE_VALID_6PX,1.000000,1.000000,1.000000,1.000000,PASS:67,45.000000,81.000000,0.010406,PASS,AXIS_ORIENTATION_PLUS_ROTATED_ANISOTROPIC_SUPPORT_FOOTPRINT,EQUAL_WINDOW_DIMENSIONS_GRID_DENSITY_MASK_GRAY;ROTATED_ANISOTROPIC_WINDOWS_SAMPLE_DIFFERENT_SOURCE_PIXELS,directly_reviewed_complete,metrics remain separate; no combined score or parameter selection; rotated-window deltas are not pure coordinate-axis attribution
S0MV-GM_RM017-PV003-SEG01|TEMPORAL_SHUFFLE,temporal_counterfactual,TEMPORAL_NEGATIVE,NOT_EVALUATED_DIRECTION_INSENSITIVE_METRICS,APPLICABLE_TO_TEMPORAL_CORRESPONDENCE_CONTROL,GM_RM017,GM_RM017:PV003,temporal_relation_falsification,smoothed_gt,WORLD_FIXED,REPRESENTATION_DEFINED_AXIS,FIXED_REFERENCE,SOURCE_POSITIVE_GT_CONDITIONED_VIEW_GAP10_DIFF5_RELIABILITY_AND_FINITE_COMMON_VALID_PROJECTED_NO_RESELECTION,7ddc0ea2c9debdb67c200ac1d3fff6fb41d7b648112b792b0937af117df73db0,3b5e1a94ce1fd2acd1b8a4f0c78ee4f7672eb82b97642d7b665b3e54395d5d52,67,1,1,2,1,1,SPARSE_PAIR_EVIDENCE,-0.064893,0.999845,0.503803,0.126319,249.000000,4310.000000,0.075745,0.066571,0.161977,0.011258,0.001613,0.001503,1.000000,0.018181,0.984028,5.121960,0.051829,113.000000,1203.500000,0.074106,0.215835,0.060649,0.229109,0.032098,0.016839,171.303505,0.204080,0.337450,4.693616,5.603940,84.396060,,,REPRESENTATION_X_Y_AXES_ONLY,145.000000,214.000000,0.752425,2061.000000,0.811762,0.104492,0.781610,0.167421,0.036841,-0.006455,2.774942,0.147056,0.175697,0.164410,,,REPRESENTATION_X_Y_AXES_ONLY,CANNY_THIN_EDGE_CONNECTIVITY_PROXY_NOT_MORPHOLOGICAL_SKELETON,TELEA_INPAINT_INVALID_PLUS_ERODE_VALID_6PX,1.000000,1.000000,1.000000,1.000000,PASS:67,45.000000,87.000000,0.010712,PASS,TRACKED_OR_FIXED_CENTER_WITH_GLOBAL_AXES_AND_EQUAL_WINDOW_DIMENSIONS,EQUAL_WINDOW_DIMENSIONS_GRID_DENSITY_MASK_GRAY;ROTATED_ANISOTROPIC_WINDOWS_SAMPLE_DIFFERENT_SOURCE_PIXELS,directly_reviewed_complete,metrics remain separate; no combined score or parameter selection; rotated-window deltas are not pure coordinate-axis attribution
S0MV-GM_RM017-PV003-SEG01|TEMPORAL_SHUFFLE,temporal_counterfactual,TEMPORAL_NEGATIVE,NOT_EVALUATED_DIRECTION_INSENSITIVE_METRICS,APPLICABLE_TO_TEMPORAL_CORRESPONDENCE_CONTROL,GM_RM017,GM_RM017:PV003,temporal_relation_falsification,smoothed_gt,CENTER_TRACKED_CARTESIAN,REPRESENTATION_DEFINED_AXIS,FIXED_REFERENCE,SOURCE_POSITIVE_GT_CONDITIONED_VIEW_GAP10_DIFF5_RELIABILITY_AND_FINITE_COMMON_VALID_PROJECTED_NO_RESELECTION,7ddc0ea2c9debdb67c200ac1d3fff6fb41d7b648112b792b0937af117df73db0,3b5e1a94ce1fd2acd1b8a4f0c78ee4f7672eb82b97642d7b665b3e54395d5d52,67,1,1,2,1,1,SPARSE_PAIR_EVIDENCE,0.190086,0.191674,39.474760,0.115810,303.000000,4908.000000,0.039055,0.037529,0.168824,0.121340,0.009682,0.014599,1.000000,0.032201,0.935817,10.313399,0.053529,133.000000,1152.500000,0.092008,0.245686,0.065843,0.164081,0.016320,0.016535,172.781070,0.183907,0.342454,8.973668,11.127618,78.872382,,,REPRESENTATION_X_Y_AXES_ONLY,133.000000,247.000000,0.767158,2417.000000,0.821841,0.124268,0.796508,0.165103,0.026063,-0.005574,2.824836,0.137706,0.166112,0.162800,,,REPRESENTATION_X_Y_AXES_ONLY,CANNY_THIN_EDGE_CONNECTIVITY_PROXY_NOT_MORPHOLOGICAL_SKELETON,TELEA_INPAINT_INVALID_PLUS_ERODE_VALID_6PX,1.000000,1.000000,1.000000,1.000000,PASS:67,45.000000,81.000000,0.006714,PASS,TRACKED_OR_FIXED_CENTER_WITH_GLOBAL_AXES_AND_EQUAL_WINDOW_DIMENSIONS,EQUAL_WINDOW_DIMENSIONS_GRID_DENSITY_MASK_GRAY;ROTATED_ANISOTROPIC_WINDOWS_SAMPLE_DIFFERENT_SOURCE_PIXELS,directly_reviewed_complete,metrics remain separate; no combined score or parameter selection; rotated-window deltas are not pure coordinate-axis attribution
S0MV-GM_RM017-PV003-SEG01|TEMPORAL_SHUFFLE,temporal_counterfactual,TEMPORAL_NEGATIVE,NOT_EVALUATED_DIRECTION_INSENSITIVE_METRICS,APPLICABLE_TO_TEMPORAL_CORRESPONDENCE_CONTROL,GM_RM017,GM_RM017:PV003,temporal_relation_falsification,smoothed_gt,CENTER_TRACKED_RADIAL,REPRESENTATION_DEFINED_AXIS,FIXED_REFERENCE,SOURCE_POSITIVE_GT_CONDITIONED_VIEW_GAP10_DIFF5_RELIABILITY_AND_FINITE_COMMON_VALID_PROJECTED_NO_RESELECTION,7ddc0ea2c9debdb67c200ac1d3fff6fb41d7b648112b792b0937af117df73db0,3b5e1a94ce1fd2acd1b8a4f0c78ee4f7672eb82b97642d7b665b3e54395d5d52,67,1,1,2,1,1,SPARSE_PAIR_EVIDENCE,0.209016,0.522352,29.254920,0.115073,286.000000,5216.000000,0.015702,0.120813,0.199982,0.016322,0.017634,0.015520,1.000000,0.013849,0.931364,10.675073,0.061278,123.500000,1174.500000,0.094214,0.231169,0.047721,0.129262,0.017920,0.016323,169.930780,0.167651,0.332133,10.179787,12.819355,77.180645,,,REPRESENTATION_X_Y_AXES_ONLY,137.000000,238.000000,0.781283,2466.000000,0.826451,0.126434,0.802010,0.174868,0.033257,0.006665,2.818443,0.145235,0.168522,0.161087,,,REPRESENTATION_X_Y_AXES_ONLY,CANNY_THIN_EDGE_CONNECTIVITY_PROXY_NOT_MORPHOLOGICAL_SKELETON,TELEA_INPAINT_INVALID_PLUS_ERODE_VALID_6PX,1.000000,1.000000,1.000000,1.000000,PASS:67,45.000000,77.000000,0.004761,PASS,AXIS_ORIENTATION_PLUS_ROTATED_ANISOTROPIC_SUPPORT_FOOTPRINT,EQUAL_WINDOW_DIMENSIONS_GRID_DENSITY_MASK_GRAY;ROTATED_ANISOTROPIC_WINDOWS_SAMPLE_DIFFERENT_SOURCE_PIXELS,directly_reviewed_complete,metrics remain separate; no combined score or parameter selection; rotated-window deltas are not pure coordinate-axis attribution
S0MV-GM_RM017-PV003-SEG01|TEMPORAL_SHUFFLE,temporal_counterfactual,TEMPORAL_NEGATIVE,NOT_EVALUATED_DIRECTION_INSENSITIVE_METRICS,APPLICABLE_TO_TEMPORAL_CORRESPONDENCE_CONTROL,GM_RM017,GM_RM017:PV003,temporal_relation_falsification,smoothed_gt,CENTER_TRACKED_BODY,GT_DERIVED_UNSIGNED_BODY,FIXED_REFERENCE,SOURCE_POSITIVE_GT_CONDITIONED_VIEW_GAP10_DIFF5_RELIABILITY_AND_FINITE_COMMON_VALID_PROJECTED_NO_RESELECTION,7ddc0ea2c9debdb67c200ac1d3fff6fb41d7b648112b792b0937af117df73db0,3b5e1a94ce1fd2acd1b8a4f0c78ee4f7672eb82b97642d7b665b3e54395d5d52,67,1,1,2,1,1,SPARSE_PAIR_EVIDENCE,0.183070,0.130414,41.253232,0.116851,281.000000,4938.000000,0.040593,0.040767,0.176403,0.125300,0.005621,0.019138,1.000000,0.037710,0.959015,8.219846,0.053802,118.000000,1225.500000,0.065362,0.251830,0.056674,0.126235,0.020422,0.019772,177.785245,0.192156,0.343515,10.455696,10.132074,79.867926,10.132074,79.867926,BODY_LONG_SHORT_AXES,135.000000,234.000000,0.772300,2445.000000,0.819763,0.126678,0.794843,0.171472,0.024967,-0.004877,2.821047,0.134253,0.169329,0.159967,0.169329,0.159967,BODY_LONG_SHORT_AXES,CANNY_THIN_EDGE_CONNECTIVITY_PROXY_NOT_MORPHOLOGICAL_SKELETON,TELEA_INPAINT_INVALID_PLUS_ERODE_VALID_6PX,1.000000,1.000000,1.000000,1.000000,PASS:67,45.000000,81.000000,0.006989,PASS,AXIS_ORIENTATION_PLUS_ROTATED_ANISOTROPIC_SUPPORT_FOOTPRINT,EQUAL_WINDOW_DIMENSIONS_GRID_DENSITY_MASK_GRAY;ROTATED_ANISOTROPIC_WINDOWS_SAMPLE_DIFFERENT_SOURCE_PIXELS,directly_reviewed_complete,metrics remain separate; no combined score or parameter selection; rotated-window deltas are not pure coordinate-axis attribution
S0MV-GM_RM017-PV003-SEG01|TEMPORAL_SHUFFLE,temporal_counterfactual,TEMPORAL_NEGATIVE,NOT_EVALUATED_DIRECTION_INSENSITIVE_METRICS,APPLICABLE_TO_TEMPORAL_CORRESPONDENCE_CONTROL,GM_RM017,GM_RM017:PV003,temporal_relation_falsification,smoothed_gt,WORLD_FIXED,REPRESENTATION_DEFINED_AXIS,CANDIDATE_LOCAL_REESTIMATED,SOURCE_POSITIVE_GT_CONDITIONED_VIEW_GAP10_DIFF5_RELIABILITY_AND_FINITE_COMMON_VALID_PROJECTED_NO_RESELECTION,7ddc0ea2c9debdb67c200ac1d3fff6fb41d7b648112b792b0937af117df73db0,3b5e1a94ce1fd2acd1b8a4f0c78ee4f7672eb82b97642d7b665b3e54395d5d52,67,1,1,2,1,1,SPARSE_PAIR_EVIDENCE,-0.052521,0.984268,5.088230,0.104993,5.000000,305.000000,0.006372,0.056293,0.029551,0.123365,0.008002,0.004424,1.000000,0.029047,0.985306,4.915197,0.087042,63.000000,624.500000,0.035326,0.136118,0.032935,0.110056,0.013391,0.010131,172.155501,0.221893,0.345270,3.637145,5.534276,84.465724,,,REPRESENTATION_X_Y_AXES_ONLY,206.000000,299.000000,0.250712,2998.000000,0.199945,0.154968,0.195535,0.094516,0.084886,-0.000502,2.775769,0.134436,0.173541,0.157619,,,REPRESENTATION_X_Y_AXES_ONLY,CANNY_THIN_EDGE_CONNECTIVITY_PROXY_NOT_MORPHOLOGICAL_SKELETON,TELEA_INPAINT_INVALID_PLUS_ERODE_VALID_6PX,1.000000,1.000000,1.000000,1.000000,PASS:67,45.000000,87.000000,0.010345,PASS,TRACKED_OR_FIXED_CENTER_WITH_GLOBAL_AXES_AND_EQUAL_WINDOW_DIMENSIONS,EQUAL_WINDOW_DIMENSIONS_GRID_DENSITY_MASK_GRAY;ROTATED_ANISOTROPIC_WINDOWS_SAMPLE_DIFFERENT_SOURCE_PIXELS,directly_reviewed_complete,metrics remain separate; no combined score or parameter selection; rotated-window deltas are not pure coordinate-axis attribution
S0MV-GM_RM017-PV003-SEG01|TEMPORAL_SHUFFLE,temporal_counterfactual,TEMPORAL_NEGATIVE,NOT_EVALUATED_DIRECTION_INSENSITIVE_METRICS,APPLICABLE_TO_TEMPORAL_CORRESPONDENCE_CONTROL,GM_RM017,GM_RM017:PV003,temporal_relation_falsification,smoothed_gt,CENTER_TRACKED_CARTESIAN,REPRESENTATION_DEFINED_AXIS,CANDIDATE_LOCAL_REESTIMATED,SOURCE_POSITIVE_GT_CONDITIONED_VIEW_GAP10_DIFF5_RELIABILITY_AND_FINITE_COMMON_VALID_PROJECTED_NO_RESELECTION,7ddc0ea2c9debdb67c200ac1d3fff6fb41d7b648112b792b0937af117df73db0,3b5e1a94ce1fd2acd1b8a4f0c78ee4f7672eb82b97642d7b665b3e54395d5d52,67,1,1,2,1,1,SPARSE_PAIR_EVIDENCE,0.199322,0.464004,31.177112,0.146353,1.000000,496.000000,0.010278,0.014472,0.026081,0.024150,0.006932,0.008164,1.000000,0.029471,0.943005,9.715873,0.102092,93.000000,599.000000,0.028751,0.097233,0.036089,0.074528,0.009800,0.008877,172.656384,0.165002,0.343796,10.026548,13.561672,76.438328,,,REPRESENTATION_X_Y_AXES_ONLY,247.000000,351.000000,0.276646,3519.000000,0.213807,0.179779,0.216467,0.084733,0.066193,-0.011615,2.778159,0.102808,0.163544,0.165068,,,REPRESENTATION_X_Y_AXES_ONLY,CANNY_THIN_EDGE_CONNECTIVITY_PROXY_NOT_MORPHOLOGICAL_SKELETON,TELEA_INPAINT_INVALID_PLUS_ERODE_VALID_6PX,1.000000,1.000000,1.000000,1.000000,PASS:67,45.000000,81.000000,0.010345,PASS,TRACKED_OR_FIXED_CENTER_WITH_GLOBAL_AXES_AND_EQUAL_WINDOW_DIMENSIONS,EQUAL_WINDOW_DIMENSIONS_GRID_DENSITY_MASK_GRAY;ROTATED_ANISOTROPIC_WINDOWS_SAMPLE_DIFFERENT_SOURCE_PIXELS,directly_reviewed_complete,metrics remain separate; no combined score or parameter selection; rotated-window deltas are not pure coordinate-axis attribution
S0MV-GM_RM017-PV003-SEG01|TEMPORAL_SHUFFLE,temporal_counterfactual,TEMPORAL_NEGATIVE,NOT_EVALUATED_DIRECTION_INSENSITIVE_METRICS,APPLICABLE_TO_TEMPORAL_CORRESPONDENCE_CONTROL,GM_RM017,GM_RM017:PV003,temporal_relation_falsification,smoothed_gt,CENTER_TRACKED_RADIAL,REPRESENTATION_DEFINED_AXIS,CANDIDATE_LOCAL_REESTIMATED,SOURCE_POSITIVE_GT_CONDITIONED_VIEW_GAP10_DIFF5_RELIABILITY_AND_FINITE_COMMON_VALID_PROJECTED_NO_RESELECTION,7ddc0ea2c9debdb67c200ac1d3fff6fb41d7b648112b792b0937af117df73db0,3b5e1a94ce1fd2acd1b8a4f0c78ee4f7672eb82b97642d7b665b3e54395d5d52,67,1,1,2,1,1,SPARSE_PAIR_EVIDENCE,0.211068,0.884181,13.924572,0.142383,48.000000,475.000000,0.000989,0.066059,0.035338,0.004835,0.015320,0.011799,1.000000,0.004067,0.957719,8.352830,0.103743,61.000000,540.500000,0.026890,0.139754,0.025331,0.057665,0.008902,0.007179,169.659809,0.142496,0.337372,9.701742,14.420972,75.579028,,,REPRESENTATION_X_Y_AXES_ONLY,263.000000,388.000000,0.298952,3573.000000,0.233517,0.184479,0.235616,0.076977,0.078136,0.014329,2.787043,0.079512,0.166579,0.162185,,,REPRESENTATION_X_Y_AXES_ONLY,CANNY_THIN_EDGE_CONNECTIVITY_PROXY_NOT_MORPHOLOGICAL_SKELETON,TELEA_INPAINT_INVALID_PLUS_ERODE_VALID_6PX,1.000000,1.000000,1.000000,1.000000,PASS:67,44.000000,77.000000,0.010437,PASS,AXIS_ORIENTATION_PLUS_ROTATED_ANISOTROPIC_SUPPORT_FOOTPRINT,EQUAL_WINDOW_DIMENSIONS_GRID_DENSITY_MASK_GRAY;ROTATED_ANISOTROPIC_WINDOWS_SAMPLE_DIFFERENT_SOURCE_PIXELS,directly_reviewed_complete,metrics remain separate; no combined score or parameter selection; rotated-window deltas are not pure coordinate-axis attribution
S0MV-GM_RM017-PV003-SEG01|TEMPORAL_SHUFFLE,temporal_counterfactual,TEMPORAL_NEGATIVE,NOT_EVALUATED_DIRECTION_INSENSITIVE_METRICS,APPLICABLE_TO_TEMPORAL_CORRESPONDENCE_CONTROL,GM_RM017,GM_RM017:PV003,temporal_relation_falsification,smoothed_gt,CENTER_TRACKED_BODY,GT_DERIVED_UNSIGNED_BODY,CANDIDATE_LOCAL_REESTIMATED,SOURCE_POSITIVE_GT_CONDITIONED_VIEW_GAP10_DIFF5_RELIABILITY_AND_FINITE_COMMON_VALID_PROJECTED_NO_RESELECTION,7ddc0ea2c9debdb67c200ac1d3fff6fb41d7b648112b792b0937af117df73db0,3b5e1a94ce1fd2acd1b8a4f0c78ee4f7672eb82b97642d7b665b3e54395d5d52,67,1,1,2,1,1,SPARSE_PAIR_EVIDENCE,0.196178,0.315308,35.810283,0.130605,63.000000,1448.000000,0.005601,0.029376,0.042319,0.052546,0.001645,0.009313,1.000000,0.029627,0.964466,7.657355,0.103619,114.500000,614.000000,0.026106,0.104036,0.036457,0.092398,0.010609,0.009864,177.487791,0.175236,0.343822,10.467787,10.508169,79.491831,10.508169,79.491831,BODY_LONG_SHORT_AXES,247.000000,362.000000,0.268334,3515.000000,0.218176,0.180908,0.217123,0.080984,0.060231,-0.024677,2.775737,0.094135,0.164060,0.162606,0.164060,0.162606,BODY_LONG_SHORT_AXES,CANNY_THIN_EDGE_CONNECTIVITY_PROXY_NOT_MORPHOLOGICAL_SKELETON,TELEA_INPAINT_INVALID_PLUS_ERODE_VALID_6PX,1.000000,1.000000,1.000000,1.000000,PASS:67,45.000000,81.000000,0.010468,PASS,AXIS_ORIENTATION_PLUS_ROTATED_ANISOTROPIC_SUPPORT_FOOTPRINT,EQUAL_WINDOW_DIMENSIONS_GRID_DENSITY_MASK_GRAY;ROTATED_ANISOTROPIC_WINDOWS_SAMPLE_DIFFERENT_SOURCE_PIXELS,directly_reviewed_complete,metrics remain separate; no combined score or parameter selection; rotated-window deltas are not pure coordinate-axis attribution
S0MV-GM_RM017-PV003-SEG01|TEMPORAL_REVERSE,temporal_counterfactual,TEMPORAL_NEGATIVE,NOT_APPLICABLE_TO_TIME_REVERSAL,APPLICABLE_TO_TEMPORAL_CORRESPONDENCE_CONTROL,GM_RM017,GM_RM017:PV003,temporal_relation_falsification,raw_gt,WORLD_FIXED,REPRESENTATION_DEFINED_AXIS,FIXED_REFERENCE,SOURCE_POSITIVE_GT_CONDITIONED_VIEW_GAP10_DIFF5_RELIABILITY_AND_FINITE_COMMON_VALID_PROJECTED_NO_RESELECTION,dea555659746fbdda8c19188f372cb0e24d32061d75e17b0b3e5bc39e425cf75,d6c43bdf9d204ac3d91dd4847a02665c61bb920fd373f5b30bfb4f40e5dbb8ba,67,4,4,6,2,2,SPARSE_PAIR_EVIDENCE,0.256162,0.919364,9.972477,0.060396,445.000000,5888.500000,0.084356,0.328352,0.128032,0.236427,0.035890,0.028519,1.000000,0.767248,0.997715,1.934938,0.145084,45.500000,437.500000,0.032847,0.053690,0.039678,0.044705,0.009420,0.010103,171.328530,0.181647,0.334994,4.883311,5.706468,84.293532,,,REPRESENTATION_X_Y_AXES_ONLY,158.000000,281.000000,0.711524,2752.000000,0.765322,0.141693,0.736649,0.165517,0.049975,-0.008415,2.793883,0.088712,0.171684,0.161489,,,REPRESENTATION_X_Y_AXES_ONLY,CANNY_THIN_EDGE_CONNECTIVITY_PROXY_NOT_MORPHOLOGICAL_SKELETON,TELEA_INPAINT_INVALID_PLUS_ERODE_VALID_6PX,1.000000,1.000000,1.000000,1.000000,PASS:67,45.000000,86.330000,0.010803,PASS,TRACKED_OR_FIXED_CENTER_WITH_GLOBAL_AXES_AND_EQUAL_WINDOW_DIMENSIONS,EQUAL_WINDOW_DIMENSIONS_GRID_DENSITY_MASK_GRAY;ROTATED_ANISOTROPIC_WINDOWS_SAMPLE_DIFFERENT_SOURCE_PIXELS,directly_reviewed_complete,metrics remain separate; no combined score or parameter selection; rotated-window deltas are not pure coordinate-axis attribution
S0MV-GM_RM017-PV003-SEG01|TEMPORAL_REVERSE,temporal_counterfactual,TEMPORAL_NEGATIVE,NOT_APPLICABLE_TO_TIME_REVERSAL,APPLICABLE_TO_TEMPORAL_CORRESPONDENCE_CONTROL,GM_RM017,GM_RM017:PV003,temporal_relation_falsification,raw_gt,CENTER_TRACKED_CARTESIAN,REPRESENTATION_DEFINED_AXIS,FIXED_REFERENCE,SOURCE_POSITIVE_GT_CONDITIONED_VIEW_GAP10_DIFF5_RELIABILITY_AND_FINITE_COMMON_VALID_PROJECTED_NO_RESELECTION,dea555659746fbdda8c19188f372cb0e24d32061d75e17b0b3e5bc39e425cf75,d6c43bdf9d204ac3d91dd4847a02665c61bb920fd373f5b30bfb4f40e5dbb8ba,67,4,4,6,2,2,SPARSE_PAIR_EVIDENCE,0.013490,0.810739,16.949198,0.087784,368.000000,5085.500000,0.106392,0.333984,0.094064,0.154791,0.012157,0.008657,1.000000,0.454557,0.993220,3.333015,0.112096,51.000000,538.000000,0.036189,0.061404,0.039426,0.085128,0.006009,0.008900,176.005798,0.162470,0.334904,7.351566,10.960667,79.039333,,,REPRESENTATION_X_Y_AXES_ONLY,154.000000,363.000000,0.726037,3710.000000,0.757654,0.183685,0.737701,0.156915,0.029591,-0.006919,2.834245,0.131121,0.164245,0.167663,,,REPRESENTATION_X_Y_AXES_ONLY,CANNY_THIN_EDGE_CONNECTIVITY_PROXY_NOT_MORPHOLOGICAL_SKELETON,TELEA_INPAINT_INVALID_PLUS_ERODE_VALID_6PX,1.000000,1.000000,1.000000,1.000000,PASS:67,45.000000,84.000000,0.008636,PASS,TRACKED_OR_FIXED_CENTER_WITH_GLOBAL_AXES_AND_EQUAL_WINDOW_DIMENSIONS,EQUAL_WINDOW_DIMENSIONS_GRID_DENSITY_MASK_GRAY;ROTATED_ANISOTROPIC_WINDOWS_SAMPLE_DIFFERENT_SOURCE_PIXELS,directly_reviewed_complete,metrics remain separate; no combined score or parameter selection; rotated-window deltas are not pure coordinate-axis attribution
S0MV-GM_RM017-PV003-SEG01|TEMPORAL_REVERSE,temporal_counterfactual,TEMPORAL_NEGATIVE,NOT_APPLICABLE_TO_TIME_REVERSAL,APPLICABLE_TO_TEMPORAL_CORRESPONDENCE_CONTROL,GM_RM017,GM_RM017:PV003,temporal_relation_falsification,raw_gt,CENTER_TRACKED_RADIAL,REPRESENTATION_DEFINED_AXIS,FIXED_REFERENCE,SOURCE_POSITIVE_GT_CONDITIONED_VIEW_GAP10_DIFF5_RELIABILITY_AND_FINITE_COMMON_VALID_PROJECTED_NO_RESELECTION,dea555659746fbdda8c19188f372cb0e24d32061d75e17b0b3e5bc39e425cf75,d6c43bdf9d204ac3d91dd4847a02665c61bb920fd373f5b30bfb4f40e5dbb8ba,67,4,4,6,2,2,SPARSE_PAIR_EVIDENCE,0.033356,0.470492,30.951559,0.088268,393.500000,5241.000000,0.148044,0.278850,0.049172,0.151713,0.012655,0.004851,1.000000,0.462093,0.993410,3.290591,0.113445,45.000000,387.500000,0.037500,0.074301,0.043057,0.085257,0.008587,0.009035,166.527817,0.144824,0.333868,8.124001,15.342546,74.657454,,,REPRESENTATION_X_Y_AXES_ONLY,145.000000,353.000000,0.748679,3464.000000,0.776068,0.173889,0.758075,0.161772,0.011904,0.005945,2.830918,0.138985,0.169323,0.163794,,,REPRESENTATION_X_Y_AXES_ONLY,CANNY_THIN_EDGE_CONNECTIVITY_PROXY_NOT_MORPHOLOGICAL_SKELETON,TELEA_INPAINT_INVALID_PLUS_ERODE_VALID_6PX,1.000000,1.000000,1.000000,1.000000,PASS:67,45.000000,78.000000,0.005157,PASS,AXIS_ORIENTATION_PLUS_ROTATED_ANISOTROPIC_SUPPORT_FOOTPRINT,EQUAL_WINDOW_DIMENSIONS_GRID_DENSITY_MASK_GRAY;ROTATED_ANISOTROPIC_WINDOWS_SAMPLE_DIFFERENT_SOURCE_PIXELS,directly_reviewed_complete,metrics remain separate; no combined score or parameter selection; rotated-window deltas are not pure coordinate-axis attribution
S0MV-GM_RM017-PV003-SEG01|TEMPORAL_REVERSE,temporal_counterfactual,TEMPORAL_NEGATIVE,NOT_APPLICABLE_TO_TIME_REVERSAL,APPLICABLE_TO_TEMPORAL_CORRESPONDENCE_CONTROL,GM_RM017,GM_RM017:PV003,temporal_relation_falsification,raw_gt,CENTER_TRACKED_BODY,GT_DERIVED_UNSIGNED_BODY,FIXED_REFERENCE,SOURCE_POSITIVE_GT_CONDITIONED_VIEW_GAP10_DIFF5_RELIABILITY_AND_FINITE_COMMON_VALID_PROJECTED_NO_RESELECTION,dea555659746fbdda8c19188f372cb0e24d32061d75e17b0b3e5bc39e425cf75,d6c43bdf9d204ac3d91dd4847a02665c61bb920fd373f5b30bfb4f40e5dbb8ba,67,4,4,6,2,2,SPARSE_PAIR_EVIDENCE,0.019725,0.822806,17.045365,0.090114,357.500000,5071.500000,0.089797,0.318161,0.084601,0.126472,0.013961,0.011998,1.000000,0.438200,0.987815,4.476674,0.113893,54.000000,510.000000,0.031773,0.065395,0.045985,0.055950,0.008402,0.008825,1.568898,0.161397,0.332234,10.432170,10.411757,79.588243,10.411757,79.588243,BODY_LONG_SHORT_AXES,149.000000,333.000000,0.719308,3668.000000,0.754618,0.188751,0.734698,0.171767,0.031143,-0.007423,2.836493,0.114278,0.166667,0.167553,0.166667,0.167553,BODY_LONG_SHORT_AXES,CANNY_THIN_EDGE_CONNECTIVITY_PROXY_NOT_MORPHOLOGICAL_SKELETON,TELEA_INPAINT_INVALID_PLUS_ERODE_VALID_6PX,1.000000,1.000000,1.000000,1.000000,PASS:67,45.000000,84.000000,0.008148,PASS,AXIS_ORIENTATION_PLUS_ROTATED_ANISOTROPIC_SUPPORT_FOOTPRINT,EQUAL_WINDOW_DIMENSIONS_GRID_DENSITY_MASK_GRAY;ROTATED_ANISOTROPIC_WINDOWS_SAMPLE_DIFFERENT_SOURCE_PIXELS,directly_reviewed_complete,metrics remain separate; no combined score or parameter selection; rotated-window deltas are not pure coordinate-axis attribution
S0MV-GM_RM017-PV003-SEG01|TEMPORAL_REVERSE,temporal_counterfactual,TEMPORAL_NEGATIVE,NOT_APPLICABLE_TO_TIME_REVERSAL,APPLICABLE_TO_TEMPORAL_CORRESPONDENCE_CONTROL,GM_RM017,GM_RM017:PV003,temporal_relation_falsification,raw_gt,WORLD_FIXED,REPRESENTATION_DEFINED_AXIS,CANDIDATE_LOCAL_REESTIMATED,SOURCE_POSITIVE_GT_CONDITIONED_VIEW_GAP10_DIFF5_RELIABILITY_AND_FINITE_COMMON_VALID_PROJECTED_NO_RESELECTION,dea555659746fbdda8c19188f372cb0e24d32061d75e17b0b3e5bc39e425cf75,d6c43bdf9d204ac3d91dd4847a02665c61bb920fd373f5b30bfb4f40e5dbb8ba,67,4,4,6,2,2,SPARSE_PAIR_EVIDENCE,0.284936,0.996325,1.864436,0.095369,78.000000,604.500000,0.022686,0.118649,0.061114,0.211060,0.005994,0.009454,1.000000,0.812813,0.998486,1.576111,0.130673,34.000000,305.000000,0.017407,0.033735,0.017057,0.037189,0.006838,0.007187,172.059126,0.219732,0.345116,3.448885,5.672851,84.327149,,,REPRESENTATION_X_Y_AXES_ONLY,206.000000,307.000000,0.255185,2994.000000,0.204537,0.153961,0.203079,0.086259,0.087712,-0.004835,2.768061,0.125189,0.173186,0.159638,,,REPRESENTATION_X_Y_AXES_ONLY,CANNY_THIN_EDGE_CONNECTIVITY_PROXY_NOT_MORPHOLOGICAL_SKELETON,TELEA_INPAINT_INVALID_PLUS_ERODE_VALID_6PX,1.000000,1.000000,1.000000,1.000000,PASS:67,45.000000,86.330000,0.010376,PASS,TRACKED_OR_FIXED_CENTER_WITH_GLOBAL_AXES_AND_EQUAL_WINDOW_DIMENSIONS,EQUAL_WINDOW_DIMENSIONS_GRID_DENSITY_MASK_GRAY;ROTATED_ANISOTROPIC_WINDOWS_SAMPLE_DIFFERENT_SOURCE_PIXELS,directly_reviewed_complete,metrics remain separate; no combined score or parameter selection; rotated-window deltas are not pure coordinate-axis attribution
S0MV-GM_RM017-PV003-SEG01|TEMPORAL_REVERSE,temporal_counterfactual,TEMPORAL_NEGATIVE,NOT_APPLICABLE_TO_TIME_REVERSAL,APPLICABLE_TO_TEMPORAL_CORRESPONDENCE_CONTROL,GM_RM017,GM_RM017:PV003,temporal_relation_falsification,raw_gt,CENTER_TRACKED_CARTESIAN,REPRESENTATION_DEFINED_AXIS,CANDIDATE_LOCAL_REESTIMATED,SOURCE_POSITIVE_GT_CONDITIONED_VIEW_GAP10_DIFF5_RELIABILITY_AND_FINITE_COMMON_VALID_PROJECTED_NO_RESELECTION,dea555659746fbdda8c19188f372cb0e24d32061d75e17b0b3e5bc39e425cf75,d6c43bdf9d204ac3d91dd4847a02665c61bb920fd373f5b30bfb4f40e5dbb8ba,67,4,4,6,2,2,SPARSE_PAIR_EVIDENCE,0.013758,0.752480,20.409076,0.131300,96.000000,454.000000,0.059862,0.062330,0.027249,0.057013,0.011371,0.003296,1.000000,0.558307,0.997607,1.982048,0.123281,35.000000,326.000000,0.020717,0.033315,0.027333,0.031250,0.006705,0.007025,174.848079,0.163952,0.347339,6.795105,11.947026,78.052974,,,REPRESENTATION_X_Y_AXES_ONLY,232.000000,369.000000,0.301036,3629.000000,0.223473,0.185913,0.227046,0.079772,0.061873,0.015757,2.778446,0.099102,0.163480,0.167387,,,REPRESENTATION_X_Y_AXES_ONLY,CANNY_THIN_EDGE_CONNECTIVITY_PROXY_NOT_MORPHOLOGICAL_SKELETON,TELEA_INPAINT_INVALID_PLUS_ERODE_VALID_6PX,1.000000,1.000000,1.000000,1.000000,PASS:67,45.000000,84.000000,0.010376,PASS,TRACKED_OR_FIXED_CENTER_WITH_GLOBAL_AXES_AND_EQUAL_WINDOW_DIMENSIONS,EQUAL_WINDOW_DIMENSIONS_GRID_DENSITY_MASK_GRAY;ROTATED_ANISOTROPIC_WINDOWS_SAMPLE_DIFFERENT_SOURCE_PIXELS,directly_reviewed_complete,metrics remain separate; no combined score or parameter selection; rotated-window deltas are not pure coordinate-axis attribution
S0MV-GM_RM017-PV003-SEG01|TEMPORAL_REVERSE,temporal_counterfactual,TEMPORAL_NEGATIVE,NOT_APPLICABLE_TO_TIME_REVERSAL,APPLICABLE_TO_TEMPORAL_CORRESPONDENCE_CONTROL,GM_RM017,GM_RM017:PV003,temporal_relation_falsification,raw_gt,CENTER_TRACKED_RADIAL,REPRESENTATION_DEFINED_AXIS,CANDIDATE_LOCAL_REESTIMATED,SOURCE_POSITIVE_GT_CONDITIONED_VIEW_GAP10_DIFF5_RELIABILITY_AND_FINITE_COMMON_VALID_PROJECTED_NO_RESELECTION,dea555659746fbdda8c19188f372cb0e24d32061d75e17b0b3e5bc39e425cf75,d6c43bdf9d204ac3d91dd4847a02665c61bb920fd373f5b30bfb4f40e5dbb8ba,67,4,4,6,2,2,SPARSE_PAIR_EVIDENCE,0.047410,0.241772,37.752695,0.136529,52.000000,779.500000,0.052711,0.070498,0.005205,0.048434,0.009240,0.006505,1.000000,0.533121,0.988967,4.259267,0.128239,41.500000,303.500000,0.020720,0.032172,0.022814,0.039200,0.005419,0.005871,166.139844,0.145658,0.338174,10.415268,14.067904,75.932096,,,REPRESENTATION_X_Y_AXES_ONLY,261.000000,385.000000,0.296013,3791.000000,0.218608,0.192566,0.219235,0.081016,0.081855,0.006376,2.788950,0.123166,0.164409,0.165204,,,REPRESENTATION_X_Y_AXES_ONLY,CANNY_THIN_EDGE_CONNECTIVITY_PROXY_NOT_MORPHOLOGICAL_SKELETON,TELEA_INPAINT_INVALID_PLUS_ERODE_VALID_6PX,1.000000,1.000000,1.000000,1.000000,PASS:67,45.000000,78.000000,0.010468,PASS,AXIS_ORIENTATION_PLUS_ROTATED_ANISOTROPIC_SUPPORT_FOOTPRINT,EQUAL_WINDOW_DIMENSIONS_GRID_DENSITY_MASK_GRAY;ROTATED_ANISOTROPIC_WINDOWS_SAMPLE_DIFFERENT_SOURCE_PIXELS,directly_reviewed_complete,metrics remain separate; no combined score or parameter selection; rotated-window deltas are not pure coordinate-axis attribution
S0MV-GM_RM017-PV003-SEG01|TEMPORAL_REVERSE,temporal_counterfactual,TEMPORAL_NEGATIVE,NOT_APPLICABLE_TO_TIME_REVERSAL,APPLICABLE_TO_TEMPORAL_CORRESPONDENCE_CONTROL,GM_RM017,GM_RM017:PV003,temporal_relation_falsification,raw_gt,CENTER_TRACKED_BODY,GT_DERIVED_UNSIGNED_BODY,CANDIDATE_LOCAL_REESTIMATED,SOURCE_POSITIVE_GT_CONDITIONED_VIEW_GAP10_DIFF5_RELIABILITY_AND_FINITE_COMMON_VALID_PROJECTED_NO_RESELECTION,dea555659746fbdda8c19188f372cb0e24d32061d75e17b0b3e5bc39e425cf75,d6c43bdf9d204ac3d91dd4847a02665c61bb920fd373f5b30bfb4f40e5dbb8ba,67,4,4,6,2,2,SPARSE_PAIR_EVIDENCE,0.017970,0.720935,21.597596,0.131784,66.000000,592.000000,0.024571,0.081781,0.017036,0.067549,0.009171,0.006710,1.000000,0.506605,0.995506,2.716981,0.124370,36.500000,323.000000,0.015832,0.030658,0.021369,0.034247,0.005188,0.005836,0.412685,0.164163,0.345537,9.480694,9.068009,80.931991,9.068009,80.931991,BODY_LONG_SHORT_AXES,236.000000,370.000000,0.305335,3646.000000,0.232105,0.183838,0.235273,0.090237,0.055427,0.009173,2.778361,0.084065,0.161795,0.168425,0.161795,0.168425,BODY_LONG_SHORT_AXES,CANNY_THIN_EDGE_CONNECTIVITY_PROXY_NOT_MORPHOLOGICAL_SKELETON,TELEA_INPAINT_INVALID_PLUS_ERODE_VALID_6PX,1.000000,1.000000,1.000000,1.000000,PASS:67,45.000000,84.000000,0.010498,PASS,AXIS_ORIENTATION_PLUS_ROTATED_ANISOTROPIC_SUPPORT_FOOTPRINT,EQUAL_WINDOW_DIMENSIONS_GRID_DENSITY_MASK_GRAY;ROTATED_ANISOTROPIC_WINDOWS_SAMPLE_DIFFERENT_SOURCE_PIXELS,directly_reviewed_complete,metrics remain separate; no combined score or parameter selection; rotated-window deltas are not pure coordinate-axis attribution
S0MV-GM_RM017-PV003-SEG01|TEMPORAL_REVERSE,temporal_counterfactual,TEMPORAL_NEGATIVE,NOT_APPLICABLE_TO_TIME_REVERSAL,APPLICABLE_TO_TEMPORAL_CORRESPONDENCE_CONTROL,GM_RM017,GM_RM017:PV003,temporal_relation_falsification,smoothed_gt,WORLD_FIXED,REPRESENTATION_DEFINED_AXIS,FIXED_REFERENCE,SOURCE_POSITIVE_GT_CONDITIONED_VIEW_GAP10_DIFF5_RELIABILITY_AND_FINITE_COMMON_VALID_PROJECTED_NO_RESELECTION,7ddc0ea2c9debdb67c200ac1d3fff6fb41d7b648112b792b0937af117df73db0,3b5e1a94ce1fd2acd1b8a4f0c78ee4f7672eb82b97642d7b665b3e54395d5d52,67,1,1,2,1,1,SPARSE_PAIR_EVIDENCE,0.541288,0.990864,3.875351,0.020611,566.000000,6477.000000,0.216035,0.667653,0.204751,0.537169,0.133232,0.094151,1.000000,0.767084,0.997336,2.091656,0.143171,39.500000,386.500000,0.030967,0.059443,0.038984,0.043154,0.011283,0.009651,171.362907,0.182599,0.334514,4.890159,5.648488,84.351512,,,REPRESENTATION_X_Y_AXES_ONLY,158.000000,284.000000,0.709701,2719.000000,0.767830,0.141083,0.736753,0.192152,0.051838,-0.008178,2.789362,0.085039,0.172362,0.163236,,,REPRESENTATION_X_Y_AXES_ONLY,CANNY_THIN_EDGE_CONNECTIVITY_PROXY_NOT_MORPHOLOGICAL_SKELETON,TELEA_INPAINT_INVALID_PLUS_ERODE_VALID_6PX,1.000000,1.000000,1.000000,1.000000,PASS:67,45.000000,87.000000,0.010712,PASS,TRACKED_OR_FIXED_CENTER_WITH_GLOBAL_AXES_AND_EQUAL_WINDOW_DIMENSIONS,EQUAL_WINDOW_DIMENSIONS_GRID_DENSITY_MASK_GRAY;ROTATED_ANISOTROPIC_WINDOWS_SAMPLE_DIFFERENT_SOURCE_PIXELS,directly_reviewed_complete,metrics remain separate; no combined score or parameter selection; rotated-window deltas are not pure coordinate-axis attribution
S0MV-GM_RM017-PV003-SEG01|TEMPORAL_REVERSE,temporal_counterfactual,TEMPORAL_NEGATIVE,NOT_APPLICABLE_TO_TIME_REVERSAL,APPLICABLE_TO_TEMPORAL_CORRESPONDENCE_CONTROL,GM_RM017,GM_RM017:PV003,temporal_relation_falsification,smoothed_gt,CENTER_TRACKED_CARTESIAN,REPRESENTATION_DEFINED_AXIS,FIXED_REFERENCE,SOURCE_POSITIVE_GT_CONDITIONED_VIEW_GAP10_DIFF5_RELIABILITY_AND_FINITE_COMMON_VALID_PROJECTED_NO_RESELECTION,7ddc0ea2c9debdb67c200ac1d3fff6fb41d7b648112b792b0937af117df73db0,3b5e1a94ce1fd2acd1b8a4f0c78ee4f7672eb82b97642d7b665b3e54395d5d52,67,1,1,2,1,1,SPARSE_PAIR_EVIDENCE,0.058968,0.739545,21.153685,0.005133,552.000000,7353.000000,0.207632,0.330833,0.392228,0.507549,0.044149,0.036468,1.000000,0.470428,0.996048,2.545607,0.114839,54.500000,543.000000,0.041478,0.066394,0.038716,0.063917,0.007004,0.009990,175.901868,0.164161,0.334904,7.294410,10.696596,79.303404,,,REPRESENTATION_X_Y_AXES_ONLY,145.000000,345.000000,0.723194,3628.000000,0.758289,0.184174,0.738349,0.148008,0.029591,-0.006792,2.843074,0.111980,0.164330,0.166802,,,REPRESENTATION_X_Y_AXES_ONLY,CANNY_THIN_EDGE_CONNECTIVITY_PROXY_NOT_MORPHOLOGICAL_SKELETON,TELEA_INPAINT_INVALID_PLUS_ERODE_VALID_6PX,1.000000,1.000000,1.000000,1.000000,PASS:67,45.000000,84.000000,0.008789,PASS,TRACKED_OR_FIXED_CENTER_WITH_GLOBAL_AXES_AND_EQUAL_WINDOW_DIMENSIONS,EQUAL_WINDOW_DIMENSIONS_GRID_DENSITY_MASK_GRAY;ROTATED_ANISOTROPIC_WINDOWS_SAMPLE_DIFFERENT_SOURCE_PIXELS,directly_reviewed_complete,metrics remain separate; no combined score or parameter selection; rotated-window deltas are not pure coordinate-axis attribution
S0MV-GM_RM017-PV003-SEG01|TEMPORAL_REVERSE,temporal_counterfactual,TEMPORAL_NEGATIVE,NOT_APPLICABLE_TO_TIME_REVERSAL,APPLICABLE_TO_TEMPORAL_CORRESPONDENCE_CONTROL,GM_RM017,GM_RM017:PV003,temporal_relation_falsification,smoothed_gt,CENTER_TRACKED_RADIAL,REPRESENTATION_DEFINED_AXIS,FIXED_REFERENCE,SOURCE_POSITIVE_GT_CONDITIONED_VIEW_GAP10_DIFF5_RELIABILITY_AND_FINITE_COMMON_VALID_PROJECTED_NO_RESELECTION,7ddc0ea2c9debdb67c200ac1d3fff6fb41d7b648112b792b0937af117df73db0,3b5e1a94ce1fd2acd1b8a4f0c78ee4f7672eb82b97642d7b665b3e54395d5d52,67,1,1,2,1,1,SPARSE_PAIR_EVIDENCE,0.069559,0.998586,1.523835,0.004949,538.000000,7513.000000,0.110445,0.381808,0.026442,0.838491,0.003315,0.051108,1.000000,0.482842,0.993661,3.226960,0.110092,61.500000,503.000000,0.038442,0.072097,0.042087,0.079543,0.009071,0.009178,166.392621,0.145041,0.333291,8.087770,15.051150,74.948850,,,REPRESENTATION_X_Y_AXES_ONLY,147.000000,336.000000,0.739654,3451.000000,0.775159,0.176239,0.756918,0.164531,0.012936,0.007679,2.852183,0.138985,0.166144,0.163267,,,REPRESENTATION_X_Y_AXES_ONLY,CANNY_THIN_EDGE_CONNECTIVITY_PROXY_NOT_MORPHOLOGICAL_SKELETON,TELEA_INPAINT_INVALID_PLUS_ERODE_VALID_6PX,1.000000,1.000000,1.000000,1.000000,PASS:67,45.000000,77.000000,0.004272,PASS,AXIS_ORIENTATION_PLUS_ROTATED_ANISOTROPIC_SUPPORT_FOOTPRINT,EQUAL_WINDOW_DIMENSIONS_GRID_DENSITY_MASK_GRAY;ROTATED_ANISOTROPIC_WINDOWS_SAMPLE_DIFFERENT_SOURCE_PIXELS,directly_reviewed_complete,metrics remain separate; no combined score or parameter selection; rotated-window deltas are not pure coordinate-axis attribution
S0MV-GM_RM017-PV003-SEG01|TEMPORAL_REVERSE,temporal_counterfactual,TEMPORAL_NEGATIVE,NOT_APPLICABLE_TO_TIME_REVERSAL,APPLICABLE_TO_TEMPORAL_CORRESPONDENCE_CONTROL,GM_RM017,GM_RM017:PV003,temporal_relation_falsification,smoothed_gt,CENTER_TRACKED_BODY,GT_DERIVED_UNSIGNED_BODY,FIXED_REFERENCE,SOURCE_POSITIVE_GT_CONDITIONED_VIEW_GAP10_DIFF5_RELIABILITY_AND_FINITE_COMMON_VALID_PROJECTED_NO_RESELECTION,7ddc0ea2c9debdb67c200ac1d3fff6fb41d7b648112b792b0937af117df73db0,3b5e1a94ce1fd2acd1b8a4f0c78ee4f7672eb82b97642d7b665b3e54395d5d52,67,1,1,2,1,1,SPARSE_PAIR_EVIDENCE,0.057735,0.717661,22.069136,0.005206,546.000000,7423.000000,0.235948,0.347924,0.402218,0.489166,0.037767,0.024478,1.000000,0.460901,0.990574,3.934886,0.116623,56.500000,503.500000,0.038835,0.067805,0.043397,0.052030,0.008628,0.009595,1.486111,0.162763,0.332584,10.426546,8.940435,81.059565,8.940435,81.059565,BODY_LONG_SHORT_AXES,147.000000,372.000000,0.713204,3689.000000,0.756488,0.186340,0.735643,0.159803,0.031143,-0.006099,2.828862,0.094048,0.166591,0.164555,0.166591,0.164555,BODY_LONG_SHORT_AXES,CANNY_THIN_EDGE_CONNECTIVITY_PROXY_NOT_MORPHOLOGICAL_SKELETON,TELEA_INPAINT_INVALID_PLUS_ERODE_VALID_6PX,1.000000,1.000000,1.000000,1.000000,PASS:67,45.000000,83.000000,0.008087,PASS,AXIS_ORIENTATION_PLUS_ROTATED_ANISOTROPIC_SUPPORT_FOOTPRINT,EQUAL_WINDOW_DIMENSIONS_GRID_DENSITY_MASK_GRAY;ROTATED_ANISOTROPIC_WINDOWS_SAMPLE_DIFFERENT_SOURCE_PIXELS,directly_reviewed_complete,metrics remain separate; no combined score or parameter selection; rotated-window deltas are not pure coordinate-axis attribution
S0MV-GM_RM017-PV003-SEG01|TEMPORAL_REVERSE,temporal_counterfactual,TEMPORAL_NEGATIVE,NOT_APPLICABLE_TO_TIME_REVERSAL,APPLICABLE_TO_TEMPORAL_CORRESPONDENCE_CONTROL,GM_RM017,GM_RM017:PV003,temporal_relation_falsification,smoothed_gt,WORLD_FIXED,REPRESENTATION_DEFINED_AXIS,CANDIDATE_LOCAL_REESTIMATED,SOURCE_POSITIVE_GT_CONDITIONED_VIEW_GAP10_DIFF5_RELIABILITY_AND_FINITE_COMMON_VALID_PROJECTED_NO_RESELECTION,7ddc0ea2c9debdb67c200ac1d3fff6fb41d7b648112b792b0937af117df73db0,3b5e1a94ce1fd2acd1b8a4f0c78ee4f7672eb82b97642d7b665b3e54395d5d52,67,1,1,2,1,1,SPARSE_PAIR_EVIDENCE,0.634601,0.993162,3.352132,0.091437,85.000000,838.000000,0.053846,0.217222,0.015336,0.330798,0.004525,0.009663,1.000000,0.812556,0.998455,1.592621,0.131985,32.000000,291.000000,0.020076,0.028756,0.020787,0.033842,0.005506,0.006737,172.155501,0.221893,0.345270,3.637145,5.534276,84.465724,,,REPRESENTATION_X_Y_AXES_ONLY,206.000000,299.000000,0.250712,2998.000000,0.199945,0.154968,0.195535,0.094516,0.084886,-0.000502,2.775769,0.134436,0.173541,0.157619,,,REPRESENTATION_X_Y_AXES_ONLY,CANNY_THIN_EDGE_CONNECTIVITY_PROXY_NOT_MORPHOLOGICAL_SKELETON,TELEA_INPAINT_INVALID_PLUS_ERODE_VALID_6PX,1.000000,1.000000,1.000000,1.000000,PASS:67,45.000000,87.000000,0.010345,PASS,TRACKED_OR_FIXED_CENTER_WITH_GLOBAL_AXES_AND_EQUAL_WINDOW_DIMENSIONS,EQUAL_WINDOW_DIMENSIONS_GRID_DENSITY_MASK_GRAY;ROTATED_ANISOTROPIC_WINDOWS_SAMPLE_DIFFERENT_SOURCE_PIXELS,directly_reviewed_complete,metrics remain separate; no combined score or parameter selection; rotated-window deltas are not pure coordinate-axis attribution
S0MV-GM_RM017-PV003-SEG01|TEMPORAL_REVERSE,temporal_counterfactual,TEMPORAL_NEGATIVE,NOT_APPLICABLE_TO_TIME_REVERSAL,APPLICABLE_TO_TEMPORAL_CORRESPONDENCE_CONTROL,GM_RM017,GM_RM017:PV003,temporal_relation_falsification,smoothed_gt,CENTER_TRACKED_CARTESIAN,REPRESENTATION_DEFINED_AXIS,CANDIDATE_LOCAL_REESTIMATED,SOURCE_POSITIVE_GT_CONDITIONED_VIEW_GAP10_DIFF5_RELIABILITY_AND_FINITE_COMMON_VALID_PROJECTED_NO_RESELECTION,7ddc0ea2c9debdb67c200ac1d3fff6fb41d7b648112b792b0937af117df73db0,3b5e1a94ce1fd2acd1b8a4f0c78ee4f7672eb82b97642d7b665b3e54395d5d52,67,1,1,2,1,1,SPARSE_PAIR_EVIDENCE,0.058275,0.959090,8.222725,0.145188,0.000000,345.000000,0.062774,0.047256,0.008345,0.006668,0.013523,0.001752,1.000000,0.544171,0.997624,1.975201,0.127191,31.500000,345.000000,0.021700,0.030981,0.025922,0.025582,0.005974,0.006343,174.888727,0.162670,0.347339,6.691984,11.803258,78.196742,,,REPRESENTATION_X_Y_AXES_ONLY,241.000000,370.000000,0.301450,3585.000000,0.222513,0.185760,0.226387,0.090987,0.064316,0.024635,2.776002,0.096832,0.163988,0.168066,,,REPRESENTATION_X_Y_AXES_ONLY,CANNY_THIN_EDGE_CONNECTIVITY_PROXY_NOT_MORPHOLOGICAL_SKELETON,TELEA_INPAINT_INVALID_PLUS_ERODE_VALID_6PX,1.000000,1.000000,1.000000,1.000000,PASS:67,45.000000,84.000000,0.010345,PASS,TRACKED_OR_FIXED_CENTER_WITH_GLOBAL_AXES_AND_EQUAL_WINDOW_DIMENSIONS,EQUAL_WINDOW_DIMENSIONS_GRID_DENSITY_MASK_GRAY;ROTATED_ANISOTROPIC_WINDOWS_SAMPLE_DIFFERENT_SOURCE_PIXELS,directly_reviewed_complete,metrics remain separate; no combined score or parameter selection; rotated-window deltas are not pure coordinate-axis attribution
S0MV-GM_RM017-PV003-SEG01|TEMPORAL_REVERSE,temporal_counterfactual,TEMPORAL_NEGATIVE,NOT_APPLICABLE_TO_TIME_REVERSAL,APPLICABLE_TO_TEMPORAL_CORRESPONDENCE_CONTROL,GM_RM017,GM_RM017:PV003,temporal_relation_falsification,smoothed_gt,CENTER_TRACKED_RADIAL,REPRESENTATION_DEFINED_AXIS,CANDIDATE_LOCAL_REESTIMATED,SOURCE_POSITIVE_GT_CONDITIONED_VIEW_GAP10_DIFF5_RELIABILITY_AND_FINITE_COMMON_VALID_PROJECTED_NO_RESELECTION,7ddc0ea2c9debdb67c200ac1d3fff6fb41d7b648112b792b0937af117df73db0,3b5e1a94ce1fd2acd1b8a4f0c78ee4f7672eb82b97642d7b665b3e54395d5d52,67,1,1,2,1,1,SPARSE_PAIR_EVIDENCE,0.088208,0.683283,23.449633,0.148095,15.000000,327.000000,0.003800,0.078978,0.033466,0.022772,0.001545,0.001447,1.000000,0.549411,0.991497,3.738000,0.130457,38.000000,319.500000,0.019195,0.036660,0.022980,0.037611,0.005890,0.006647,166.125694,0.145658,0.338871,10.454723,14.067904,75.932096,,,REPRESENTATION_X_Y_AXES_ONLY,261.000000,387.000000,0.280912,3798.000000,0.219278,0.192749,0.219765,0.081394,0.082460,0.007740,2.784650,0.115289,0.163523,0.164229,,,REPRESENTATION_X_Y_AXES_ONLY,CANNY_THIN_EDGE_CONNECTIVITY_PROXY_NOT_MORPHOLOGICAL_SKELETON,TELEA_INPAINT_INVALID_PLUS_ERODE_VALID_6PX,1.000000,1.000000,1.000000,1.000000,PASS:67,45.000000,77.000000,0.010468,PASS,AXIS_ORIENTATION_PLUS_ROTATED_ANISOTROPIC_SUPPORT_FOOTPRINT,EQUAL_WINDOW_DIMENSIONS_GRID_DENSITY_MASK_GRAY;ROTATED_ANISOTROPIC_WINDOWS_SAMPLE_DIFFERENT_SOURCE_PIXELS,directly_reviewed_complete,metrics remain separate; no combined score or parameter selection; rotated-window deltas are not pure coordinate-axis attribution
S0MV-GM_RM017-PV003-SEG01|TEMPORAL_REVERSE,temporal_counterfactual,TEMPORAL_NEGATIVE,NOT_APPLICABLE_TO_TIME_REVERSAL,APPLICABLE_TO_TEMPORAL_CORRESPONDENCE_CONTROL,GM_RM017,GM_RM017:PV003,temporal_relation_falsification,smoothed_gt,CENTER_TRACKED_BODY,GT_DERIVED_UNSIGNED_BODY,CANDIDATE_LOCAL_REESTIMATED,SOURCE_POSITIVE_GT_CONDITIONED_VIEW_GAP10_DIFF5_RELIABILITY_AND_FINITE_COMMON_VALID_PROJECTED_NO_RESELECTION,7ddc0ea2c9debdb67c200ac1d3fff6fb41d7b648112b792b0937af117df73db0,3b5e1a94ce1fd2acd1b8a4f0c78ee4f7672eb82b97642d7b665b3e54395d5d52,67,1,1,2,1,1,SPARSE_PAIR_EVIDENCE,0.058128,0.956834,8.447945,0.146300,11.000000,236.000000,0.009743,0.047792,0.017295,0.005685,0.010267,0.002028,1.000000,0.520806,0.995778,2.633484,0.124990,41.500000,327.500000,0.020317,0.031378,0.026010,0.028055,0.007048,0.005815,0.244441,0.164163,0.344675,8.453283,8.208842,81.791158,8.208842,81.791158,BODY_LONG_SHORT_AXES,238.000000,371.000000,0.314919,3604.000000,0.231279,0.183716,0.232970,0.086881,0.062882,0.011826,2.774387,0.093401,0.161170,0.167850,0.161170,0.167850,BODY_LONG_SHORT_AXES,CANNY_THIN_EDGE_CONNECTIVITY_PROXY_NOT_MORPHOLOGICAL_SKELETON,TELEA_INPAINT_INVALID_PLUS_ERODE_VALID_6PX,1.000000,1.000000,1.000000,1.000000,PASS:67,45.000000,83.000000,0.010437,PASS,AXIS_ORIENTATION_PLUS_ROTATED_ANISOTROPIC_SUPPORT_FOOTPRINT,EQUAL_WINDOW_DIMENSIONS_GRID_DENSITY_MASK_GRAY;ROTATED_ANISOTROPIC_WINDOWS_SAMPLE_DIFFERENT_SOURCE_PIXELS,directly_reviewed_complete,metrics remain separate; no combined score or parameter selection; rotated-window deltas are not pure coordinate-axis attribution
S0MV-GM_RM017-PV003-SEG01|TRAJECTORY_TIME_SHIFT_P8,temporal_counterfactual,TEMPORAL_NEGATIVE,NOT_EVALUATED_DIRECTION_INSENSITIVE_METRICS,APPLICABLE_TO_TEMPORAL_CORRESPONDENCE_CONTROL,GM_RM017,GM_RM017:PV003,temporal_relation_falsification,raw_gt,WORLD_FIXED,REPRESENTATION_DEFINED_AXIS,FIXED_REFERENCE,SOURCE_POSITIVE_GT_CONDITIONED_VIEW_GAP10_DIFF5_RELIABILITY_AND_FINITE_COMMON_VALID_PROJECTED_NO_RESELECTION,dea555659746fbdda8c19188f372cb0e24d32061d75e17b0b3e5bc39e425cf75,c9a65fe45aaab0f3c420ce94fc14eb8035d31c6f032e84d260baebb4bb85ec57,55,1,1,2,1,1,SPARSE_PAIR_EVIDENCE,0.033885,0.661615,24.288416,0.117475,17.000000,589.000000,0.021424,0.070344,0.050438,0.172456,0.002758,0.007425,1.000000,0.779454,0.997640,1.968486,0.129779,24.500000,374.500000,0.016986,0.036636,0.037699,0.041516,0.008253,0.006542,173.406881,0.230052,0.344483,3.306447,4.219258,85.780742,,,REPRESENTATION_X_Y_AXES_ONLY,188.000000,307.000000,0.260049,2877.000000,0.258223,0.145630,0.253516,0.090146,0.080246,0.022953,2.767822,0.121690,0.173851,0.158469,,,REPRESENTATION_X_Y_AXES_ONLY,CANNY_THIN_EDGE_CONNECTIVITY_PROXY_NOT_MORPHOLOGICAL_SKELETON,TELEA_INPAINT_INVALID_PLUS_ERODE_VALID_6PX,1.000000,1.000000,1.000000,1.000000,PASS:55,46.000000,87.000000,0.010895,PASS,TRACKED_OR_FIXED_CENTER_WITH_GLOBAL_AXES_AND_EQUAL_WINDOW_DIMENSIONS,EQUAL_WINDOW_DIMENSIONS_GRID_DENSITY_MASK_GRAY;ROTATED_ANISOTROPIC_WINDOWS_SAMPLE_DIFFERENT_SOURCE_PIXELS,directly_reviewed_complete,metrics remain separate; no combined score or parameter selection; rotated-window deltas are not pure coordinate-axis attribution
S0MV-GM_RM017-PV003-SEG01|TRAJECTORY_TIME_SHIFT_P8,temporal_counterfactual,TEMPORAL_NEGATIVE,NOT_EVALUATED_DIRECTION_INSENSITIVE_METRICS,APPLICABLE_TO_TEMPORAL_CORRESPONDENCE_CONTROL,GM_RM017,GM_RM017:PV003,temporal_relation_falsification,raw_gt,CENTER_TRACKED_CARTESIAN,REPRESENTATION_DEFINED_AXIS,FIXED_REFERENCE,SOURCE_POSITIVE_GT_CONDITIONED_VIEW_GAP10_DIFF5_RELIABILITY_AND_FINITE_COMMON_VALID_PROJECTED_NO_RESELECTION,dea555659746fbdda8c19188f372cb0e24d32061d75e17b0b3e5bc39e425cf75,c9a65fe45aaab0f3c420ce94fc14eb8035d31c6f032e84d260baebb4bb85ec57,55,1,1,2,1,1,SPARSE_PAIR_EVIDENCE,0.401507,0.900562,12.883999,0.099672,156.000000,120.000000,0.051691,0.024443,0.117263,0.004801,0.002309,0.009996,1.000000,0.796347,0.997791,1.904395,0.127896,28.500000,394.000000,0.020323,0.038986,0.040791,0.029373,0.008872,0.008410,171.502270,0.211317,0.346799,7.828862,4.962143,85.037857,,,REPRESENTATION_X_Y_AXES_ONLY,180.000000,285.000000,0.252229,2802.000000,0.211913,0.143127,0.214475,0.097855,-0.013046,0.019301,2.784091,0.094549,0.172989,0.159097,,,REPRESENTATION_X_Y_AXES_ONLY,CANNY_THIN_EDGE_CONNECTIVITY_PROXY_NOT_MORPHOLOGICAL_SKELETON,TELEA_INPAINT_INVALID_PLUS_ERODE_VALID_6PX,1.000000,1.000000,1.000000,1.000000,PASS:55,46.000000,87.000000,0.011200,PASS,TRACKED_OR_FIXED_CENTER_WITH_GLOBAL_AXES_AND_EQUAL_WINDOW_DIMENSIONS,EQUAL_WINDOW_DIMENSIONS_GRID_DENSITY_MASK_GRAY;ROTATED_ANISOTROPIC_WINDOWS_SAMPLE_DIFFERENT_SOURCE_PIXELS,directly_reviewed_complete,metrics remain separate; no combined score or parameter selection; rotated-window deltas are not pure coordinate-axis attribution
S0MV-GM_RM017-PV003-SEG01|TRAJECTORY_TIME_SHIFT_P8,temporal_counterfactual,TEMPORAL_NEGATIVE,NOT_EVALUATED_DIRECTION_INSENSITIVE_METRICS,APPLICABLE_TO_TEMPORAL_CORRESPONDENCE_CONTROL,GM_RM017,GM_RM017:PV003,temporal_relation_falsification,raw_gt,CENTER_TRACKED_RADIAL,REPRESENTATION_DEFINED_AXIS,FIXED_REFERENCE,SOURCE_POSITIVE_GT_CONDITIONED_VIEW_GAP10_DIFF5_RELIABILITY_AND_FINITE_COMMON_VALID_PROJECTED_NO_RESELECTION,dea555659746fbdda8c19188f372cb0e24d32061d75e17b0b3e5bc39e425cf75,c9a65fe45aaab0f3c420ce94fc14eb8035d31c6f032e84d260baebb4bb85ec57,55,1,1,2,1,1,SPARSE_PAIR_EVIDENCE,0.367775,0.999999,0.048373,0.122876,65.000000,280.000000,0.051228,0.020512,0.074283,0.081067,0.021410,0.001831,1.000000,0.782965,0.996470,2.400866,0.132546,27.000000,339.500000,0.014987,0.040278,0.028421,0.039204,0.007891,0.007680,177.117185,0.197116,0.342761,8.525770,11.184823,78.815177,,,REPRESENTATION_X_Y_AXES_ONLY,182.000000,281.000000,0.225719,2903.000000,0.181385,0.146942,0.182237,0.090183,0.026627,0.065797,2.781604,0.106031,0.173498,0.155432,,,REPRESENTATION_X_Y_AXES_ONLY,CANNY_THIN_EDGE_CONNECTIVITY_PROXY_NOT_MORPHOLOGICAL_SKELETON,TELEA_INPAINT_INVALID_PLUS_ERODE_VALID_6PX,1.000000,1.000000,1.000000,1.000000,PASS:55,46.000000,87.000000,0.011444,PASS,AXIS_ORIENTATION_PLUS_ROTATED_ANISOTROPIC_SUPPORT_FOOTPRINT,EQUAL_WINDOW_DIMENSIONS_GRID_DENSITY_MASK_GRAY;ROTATED_ANISOTROPIC_WINDOWS_SAMPLE_DIFFERENT_SOURCE_PIXELS,directly_reviewed_complete,metrics remain separate; no combined score or parameter selection; rotated-window deltas are not pure coordinate-axis attribution
S0MV-GM_RM017-PV003-SEG01|TRAJECTORY_TIME_SHIFT_P8,temporal_counterfactual,TEMPORAL_NEGATIVE,NOT_EVALUATED_DIRECTION_INSENSITIVE_METRICS,APPLICABLE_TO_TEMPORAL_CORRESPONDENCE_CONTROL,GM_RM017,GM_RM017:PV003,temporal_relation_falsification,raw_gt,CENTER_TRACKED_BODY,GT_DERIVED_UNSIGNED_BODY,FIXED_REFERENCE,SOURCE_POSITIVE_GT_CONDITIONED_VIEW_GAP10_DIFF5_RELIABILITY_AND_FINITE_COMMON_VALID_PROJECTED_NO_RESELECTION,dea555659746fbdda8c19188f372cb0e24d32061d75e17b0b3e5bc39e425cf75,c9a65fe45aaab0f3c420ce94fc14eb8035d31c6f032e84d260baebb4bb85ec57,55,1,1,2,1,1,SPARSE_PAIR_EVIDENCE,0.417743,0.858550,15.422907,0.096169,108.000000,90.000000,0.006887,0.058428,0.063528,0.005017,0.002132,0.004070,1.000000,0.766816,0.997205,2.141723,0.126364,29.000000,467.500000,0.018331,0.037485,0.030646,0.040254,0.006744,0.007588,176.376533,0.211342,0.343021,7.604052,5.439421,84.560579,5.439421,84.560579,BODY_LONG_SHORT_AXES,190.000000,280.000000,0.251599,2888.000000,0.205621,0.147614,0.207826,0.088717,0.009576,-0.021148,2.781130,0.105660,0.173844,0.159698,0.173844,0.159698,BODY_LONG_SHORT_AXES,CANNY_THIN_EDGE_CONNECTIVITY_PROXY_NOT_MORPHOLOGICAL_SKELETON,TELEA_INPAINT_INVALID_PLUS_ERODE_VALID_6PX,1.000000,1.000000,1.000000,1.000000,PASS:55,46.000000,87.000000,0.011566,PASS,AXIS_ORIENTATION_PLUS_ROTATED_ANISOTROPIC_SUPPORT_FOOTPRINT,EQUAL_WINDOW_DIMENSIONS_GRID_DENSITY_MASK_GRAY;ROTATED_ANISOTROPIC_WINDOWS_SAMPLE_DIFFERENT_SOURCE_PIXELS,directly_reviewed_complete,metrics remain separate; no combined score or parameter selection; rotated-window deltas are not pure coordinate-axis attribution
S0MV-GM_RM017-PV003-SEG01|TRAJECTORY_TIME_SHIFT_P8,temporal_counterfactual,TEMPORAL_NEGATIVE,NOT_EVALUATED_DIRECTION_INSENSITIVE_METRICS,APPLICABLE_TO_TEMPORAL_CORRESPONDENCE_CONTROL,GM_RM017,GM_RM017:PV003,temporal_relation_falsification,raw_gt,WORLD_FIXED,REPRESENTATION_DEFINED_AXIS,CANDIDATE_LOCAL_REESTIMATED,SOURCE_POSITIVE_GT_CONDITIONED_VIEW_GAP10_DIFF5_RELIABILITY_AND_FINITE_COMMON_VALID_PROJECTED_NO_RESELECTION,dea555659746fbdda8c19188f372cb0e24d32061d75e17b0b3e5bc39e425cf75,c9a65fe45aaab0f3c420ce94fc14eb8035d31c6f032e84d260baebb4bb85ec57,55,1,1,2,1,1,SPARSE_PAIR_EVIDENCE,0.029529,0.588222,26.984515,0.106297,175.000000,703.000000,0.026654,0.204628,0.100044,0.025763,0.023298,0.012397,1.000000,0.778253,0.997912,1.849820,0.133492,25.500000,268.000000,0.022806,0.030192,0.028167,0.039293,0.008639,0.007285,173.368095,0.226662,0.350653,3.386344,4.416980,85.583020,,,REPRESENTATION_X_Y_AXES_ONLY,215.000000,314.000000,0.190875,3108.000000,0.156040,0.160339,0.152633,0.090377,0.083743,0.019591,2.773131,0.106886,0.173930,0.159264,,,REPRESENTATION_X_Y_AXES_ONLY,CANNY_THIN_EDGE_CONNECTIVITY_PROXY_NOT_MORPHOLOGICAL_SKELETON,TELEA_INPAINT_INVALID_PLUS_ERODE_VALID_6PX,1.000000,1.000000,1.000000,1.000000,PASS:55,45.000000,87.000000,0.010315,PASS,TRACKED_OR_FIXED_CENTER_WITH_GLOBAL_AXES_AND_EQUAL_WINDOW_DIMENSIONS,EQUAL_WINDOW_DIMENSIONS_GRID_DENSITY_MASK_GRAY;ROTATED_ANISOTROPIC_WINDOWS_SAMPLE_DIFFERENT_SOURCE_PIXELS,directly_reviewed_complete,metrics remain separate; no combined score or parameter selection; rotated-window deltas are not pure coordinate-axis attribution
S0MV-GM_RM017-PV003-SEG01|TRAJECTORY_TIME_SHIFT_P8,temporal_counterfactual,TEMPORAL_NEGATIVE,NOT_EVALUATED_DIRECTION_INSENSITIVE_METRICS,APPLICABLE_TO_TEMPORAL_CORRESPONDENCE_CONTROL,GM_RM017,GM_RM017:PV003,temporal_relation_falsification,raw_gt,CENTER_TRACKED_CARTESIAN,REPRESENTATION_DEFINED_AXIS,CANDIDATE_LOCAL_REESTIMATED,SOURCE_POSITIVE_GT_CONDITIONED_VIEW_GAP10_DIFF5_RELIABILITY_AND_FINITE_COMMON_VALID_PROJECTED_NO_RESELECTION,dea555659746fbdda8c19188f372cb0e24d32061d75e17b0b3e5bc39e425cf75,c9a65fe45aaab0f3c420ce94fc14eb8035d31c6f032e84d260baebb4bb85ec57,55,1,1,2,1,1,SPARSE_PAIR_EVIDENCE,0.382889,0.903246,12.705989,0.151402,131.000000,279.000000,0.001923,0.027326,0.071019,0.007765,0.002834,0.010285,1.000000,0.795180,0.997665,1.958166,0.138701,35.000000,282.500000,0.014328,0.031262,0.022179,0.031342,0.007301,0.008423,171.330968,0.210543,0.348366,7.782105,5.005215,84.994785,,,REPRESENTATION_X_Y_AXES_ONLY,242.000000,362.000000,0.260165,3628.000000,0.191076,0.186646,0.192146,0.089696,-0.007513,0.007024,2.783904,0.064191,0.166828,0.163783,,,REPRESENTATION_X_Y_AXES_ONLY,CANNY_THIN_EDGE_CONNECTIVITY_PROXY_NOT_MORPHOLOGICAL_SKELETON,TELEA_INPAINT_INVALID_PLUS_ERODE_VALID_6PX,1.000000,1.000000,1.000000,1.000000,PASS:55,45.000000,87.000000,0.010376,PASS,TRACKED_OR_FIXED_CENTER_WITH_GLOBAL_AXES_AND_EQUAL_WINDOW_DIMENSIONS,EQUAL_WINDOW_DIMENSIONS_GRID_DENSITY_MASK_GRAY;ROTATED_ANISOTROPIC_WINDOWS_SAMPLE_DIFFERENT_SOURCE_PIXELS,directly_reviewed_complete,metrics remain separate; no combined score or parameter selection; rotated-window deltas are not pure coordinate-axis attribution
S0MV-GM_RM017-PV003-SEG01|TRAJECTORY_TIME_SHIFT_P8,temporal_counterfactual,TEMPORAL_NEGATIVE,NOT_EVALUATED_DIRECTION_INSENSITIVE_METRICS,APPLICABLE_TO_TEMPORAL_CORRESPONDENCE_CONTROL,GM_RM017,GM_RM017:PV003,temporal_relation_falsification,raw_gt,CENTER_TRACKED_RADIAL,REPRESENTATION_DEFINED_AXIS,CANDIDATE_LOCAL_REESTIMATED,SOURCE_POSITIVE_GT_CONDITIONED_VIEW_GAP10_DIFF5_RELIABILITY_AND_FINITE_COMMON_VALID_PROJECTED_NO_RESELECTION,dea555659746fbdda8c19188f372cb0e24d32061d75e17b0b3e5bc39e425cf75,c9a65fe45aaab0f3c420ce94fc14eb8035d31c6f032e84d260baebb4bb85ec57,55,1,1,2,1,1,SPARSE_PAIR_EVIDENCE,0.371693,0.999612,0.797642,0.136231,67.000000,319.000000,0.021749,0.027765,0.041542,0.086177,0.008053,0.008960,1.000000,0.782915,0.998270,1.684183,0.139107,20.500000,232.000000,0.018305,0.033497,0.024029,0.029356,0.005160,0.004615,177.041000,0.195391,0.345566,10.468656,11.991788,78.008212,,,REPRESENTATION_X_Y_AXES_ONLY,242.000000,357.000000,0.228452,3666.000000,0.173047,0.187561,0.171914,0.091837,0.023797,0.047970,2.794048,0.087887,0.168957,0.158944,,,REPRESENTATION_X_Y_AXES_ONLY,CANNY_THIN_EDGE_CONNECTIVITY_PROXY_NOT_MORPHOLOGICAL_SKELETON,TELEA_INPAINT_INVALID_PLUS_ERODE_VALID_6PX,1.000000,1.000000,1.000000,1.000000,PASS:55,45.000000,87.000000,0.010437,PASS,AXIS_ORIENTATION_PLUS_ROTATED_ANISOTROPIC_SUPPORT_FOOTPRINT,EQUAL_WINDOW_DIMENSIONS_GRID_DENSITY_MASK_GRAY;ROTATED_ANISOTROPIC_WINDOWS_SAMPLE_DIFFERENT_SOURCE_PIXELS,directly_reviewed_complete,metrics remain separate; no combined score or parameter selection; rotated-window deltas are not pure coordinate-axis attribution
S0MV-GM_RM017-PV003-SEG01|TRAJECTORY_TIME_SHIFT_P8,temporal_counterfactual,TEMPORAL_NEGATIVE,NOT_EVALUATED_DIRECTION_INSENSITIVE_METRICS,APPLICABLE_TO_TEMPORAL_CORRESPONDENCE_CONTROL,GM_RM017,GM_RM017:PV003,temporal_relation_falsification,raw_gt,CENTER_TRACKED_BODY,GT_DERIVED_UNSIGNED_BODY,CANDIDATE_LOCAL_REESTIMATED,SOURCE_POSITIVE_GT_CONDITIONED_VIEW_GAP10_DIFF5_RELIABILITY_AND_FINITE_COMMON_VALID_PROJECTED_NO_RESELECTION,dea555659746fbdda8c19188f372cb0e24d32061d75e17b0b3e5bc39e425cf75,c9a65fe45aaab0f3c420ce94fc14eb8035d31c6f032e84d260baebb4bb85ec57,55,1,1,2,1,1,SPARSE_PAIR_EVIDENCE,0.397042,0.873897,14.542672,0.145364,147.000000,328.000000,0.006946,0.007843,0.074686,0.003086,0.003376,0.007267,1.000000,0.756333,0.998330,1.655543,0.139566,26.500000,271.500000,0.019455,0.029264,0.031216,0.033926,0.006806,0.006225,176.222714,0.205375,0.349495,7.682129,4.969962,85.030038,4.969962,85.030038,BODY_LONG_SHORT_AXES,232.000000,354.000000,0.258295,3639.000000,0.187834,0.185699,0.189425,0.085258,-0.001836,-0.022322,2.780627,0.071995,0.168045,0.162099,0.168045,0.162099,BODY_LONG_SHORT_AXES,CANNY_THIN_EDGE_CONNECTIVITY_PROXY_NOT_MORPHOLOGICAL_SKELETON,TELEA_INPAINT_INVALID_PLUS_ERODE_VALID_6PX,1.000000,1.000000,1.000000,1.000000,PASS:55,45.000000,87.000000,0.010315,PASS,AXIS_ORIENTATION_PLUS_ROTATED_ANISOTROPIC_SUPPORT_FOOTPRINT,EQUAL_WINDOW_DIMENSIONS_GRID_DENSITY_MASK_GRAY;ROTATED_ANISOTROPIC_WINDOWS_SAMPLE_DIFFERENT_SOURCE_PIXELS,directly_reviewed_complete,metrics remain separate; no combined score or parameter selection; rotated-window deltas are not pure coordinate-axis attribution
S0MV-GM_RM017-PV003-SEG01|TRAJECTORY_TIME_SHIFT_P8,temporal_counterfactual,TEMPORAL_NEGATIVE,NOT_EVALUATED_DIRECTION_INSENSITIVE_METRICS,APPLICABLE_TO_TEMPORAL_CORRESPONDENCE_CONTROL,GM_RM017,GM_RM017:PV003,temporal_relation_falsification,smoothed_gt,WORLD_FIXED,REPRESENTATION_DEFINED_AXIS,FIXED_REFERENCE,SOURCE_POSITIVE_GT_CONDITIONED_VIEW_GAP10_DIFF5_RELIABILITY_AND_FINITE_COMMON_VALID_PROJECTED_NO_RESELECTION,7ddc0ea2c9debdb67c200ac1d3fff6fb41d7b648112b792b0937af117df73db0,3b5e1a94ce1fd2acd1b8a4f0c78ee4f7672eb82b97642d7b665b3e54395d5d52,55,1,1,2,1,1,SPARSE_PAIR_EVIDENCE,0.033885,0.661615,24.288416,0.117475,17.000000,589.000000,0.021424,0.070344,0.050438,0.172456,0.002758,0.007425,1.000000,0.779454,0.997640,1.968486,0.129779,24.500000,374.500000,0.016986,0.036636,0.037699,0.041516,0.008253,0.006542,173.406881,0.230052,0.344483,3.306447,4.219258,85.780742,,,REPRESENTATION_X_Y_AXES_ONLY,188.000000,307.000000,0.260049,2877.000000,0.258223,0.145630,0.253516,0.090146,0.080246,0.022953,2.767822,0.121690,0.173851,0.158469,,,REPRESENTATION_X_Y_AXES_ONLY,CANNY_THIN_EDGE_CONNECTIVITY_PROXY_NOT_MORPHOLOGICAL_SKELETON,TELEA_INPAINT_INVALID_PLUS_ERODE_VALID_6PX,1.000000,1.000000,1.000000,1.000000,PASS:55,46.000000,87.000000,0.010895,PASS,TRACKED_OR_FIXED_CENTER_WITH_GLOBAL_AXES_AND_EQUAL_WINDOW_DIMENSIONS,EQUAL_WINDOW_DIMENSIONS_GRID_DENSITY_MASK_GRAY;ROTATED_ANISOTROPIC_WINDOWS_SAMPLE_DIFFERENT_SOURCE_PIXELS,directly_reviewed_complete,metrics remain separate; no combined score or parameter selection; rotated-window deltas are not pure coordinate-axis attribution
S0MV-GM_RM017-PV003-SEG01|TRAJECTORY_TIME_SHIFT_P8,temporal_counterfactual,TEMPORAL_NEGATIVE,NOT_EVALUATED_DIRECTION_INSENSITIVE_METRICS,APPLICABLE_TO_TEMPORAL_CORRESPONDENCE_CONTROL,GM_RM017,GM_RM017:PV003,temporal_relation_falsification,smoothed_gt,CENTER_TRACKED_CARTESIAN,REPRESENTATION_DEFINED_AXIS,FIXED_REFERENCE,SOURCE_POSITIVE_GT_CONDITIONED_VIEW_GAP10_DIFF5_RELIABILITY_AND_FINITE_COMMON_VALID_PROJECTED_NO_RESELECTION,7ddc0ea2c9debdb67c200ac1d3fff6fb41d7b648112b792b0937af117df73db0,3b5e1a94ce1fd2acd1b8a4f0c78ee4f7672eb82b97642d7b665b3e54395d5d52,55,1,1,2,1,1,SPARSE_PAIR_EVIDENCE,0.437443,0.916493,11.790678,0.096836,131.000000,60.000000,0.023861,0.036433,0.113064,0.013907,0.008908,0.003437,1.000000,0.868225,0.997388,2.056069,0.143410,29.000000,472.000000,0.021634,0.045644,0.029057,0.028912,0.008642,0.007065,171.516545,0.209518,0.343845,7.828936,5.059451,84.940549,,,REPRESENTATION_X_Y_AXES_ONLY,178.000000,278.000000,0.272410,2802.000000,0.209217,0.142578,0.215633,0.103796,-0.010352,0.011293,2.786246,0.102694,0.173913,0.158080,,,REPRESENTATION_X_Y_AXES_ONLY,CANNY_THIN_EDGE_CONNECTIVITY_PROXY_NOT_MORPHOLOGICAL_SKELETON,TELEA_INPAINT_INVALID_PLUS_ERODE_VALID_6PX,1.000000,1.000000,1.000000,1.000000,PASS:55,46.000000,87.000000,0.011139,PASS,TRACKED_OR_FIXED_CENTER_WITH_GLOBAL_AXES_AND_EQUAL_WINDOW_DIMENSIONS,EQUAL_WINDOW_DIMENSIONS_GRID_DENSITY_MASK_GRAY;ROTATED_ANISOTROPIC_WINDOWS_SAMPLE_DIFFERENT_SOURCE_PIXELS,directly_reviewed_complete,metrics remain separate; no combined score or parameter selection; rotated-window deltas are not pure coordinate-axis attribution
S0MV-GM_RM017-PV003-SEG01|TRAJECTORY_TIME_SHIFT_P8,temporal_counterfactual,TEMPORAL_NEGATIVE,NOT_EVALUATED_DIRECTION_INSENSITIVE_METRICS,APPLICABLE_TO_TEMPORAL_CORRESPONDENCE_CONTROL,GM_RM017,GM_RM017:PV003,temporal_relation_falsification,smoothed_gt,CENTER_TRACKED_RADIAL,REPRESENTATION_DEFINED_AXIS,FIXED_REFERENCE,SOURCE_POSITIVE_GT_CONDITIONED_VIEW_GAP10_DIFF5_RELIABILITY_AND_FINITE_COMMON_VALID_PROJECTED_NO_RESELECTION,7ddc0ea2c9debdb67c200ac1d3fff6fb41d7b648112b792b0937af117df73db0,3b5e1a94ce1fd2acd1b8a4f0c78ee4f7672eb82b97642d7b665b3e54395d5d52,55,1,1,2,1,1,SPARSE_PAIR_EVIDENCE,0.379529,0.999940,0.313123,0.120384,68.000000,400.000000,0.055704,0.030734,0.112498,0.066249,0.020679,0.000025,1.000000,0.843294,0.996210,2.494735,0.142596,31.000000,313.000000,0.015529,0.036382,0.020198,0.031936,0.008101,0.009997,177.131900,0.196486,0.342936,8.924732,11.506331,78.493669,,,REPRESENTATION_X_Y_AXES_ONLY,190.000000,279.000000,0.221935,2884.000000,0.177193,0.145752,0.181090,0.095986,0.026011,0.059788,2.787784,0.105604,0.172615,0.156205,,,REPRESENTATION_X_Y_AXES_ONLY,CANNY_THIN_EDGE_CONNECTIVITY_PROXY_NOT_MORPHOLOGICAL_SKELETON,TELEA_INPAINT_INVALID_PLUS_ERODE_VALID_6PX,1.000000,1.000000,1.000000,1.000000,PASS:55,46.000000,87.000000,0.011108,PASS,AXIS_ORIENTATION_PLUS_ROTATED_ANISOTROPIC_SUPPORT_FOOTPRINT,EQUAL_WINDOW_DIMENSIONS_GRID_DENSITY_MASK_GRAY;ROTATED_ANISOTROPIC_WINDOWS_SAMPLE_DIFFERENT_SOURCE_PIXELS,directly_reviewed_complete,metrics remain separate; no combined score or parameter selection; rotated-window deltas are not pure coordinate-axis attribution
S0MV-GM_RM017-PV003-SEG01|TRAJECTORY_TIME_SHIFT_P8,temporal_counterfactual,TEMPORAL_NEGATIVE,NOT_EVALUATED_DIRECTION_INSENSITIVE_METRICS,APPLICABLE_TO_TEMPORAL_CORRESPONDENCE_CONTROL,GM_RM017,GM_RM017:PV003,temporal_relation_falsification,smoothed_gt,CENTER_TRACKED_BODY,GT_DERIVED_UNSIGNED_BODY,FIXED_REFERENCE,SOURCE_POSITIVE_GT_CONDITIONED_VIEW_GAP10_DIFF5_RELIABILITY_AND_FINITE_COMMON_VALID_PROJECTED_NO_RESELECTION,7ddc0ea2c9debdb67c200ac1d3fff6fb41d7b648112b792b0937af117df73db0,3b5e1a94ce1fd2acd1b8a4f0c78ee4f7672eb82b97642d7b665b3e54395d5d52,55,1,1,2,1,1,SPARSE_PAIR_EVIDENCE,0.444212,0.850251,15.880503,0.093212,124.000000,40.000000,0.016714,0.035095,0.077601,0.008824,0.005754,0.002515,1.000000,0.865938,0.997307,2.100520,0.143782,33.000000,368.000000,0.014901,0.038003,0.029661,0.032335,0.007493,0.007547,176.420643,0.212053,0.342549,7.842727,4.911291,85.088709,4.911291,85.088709,BODY_LONG_SHORT_AXES,175.000000,291.000000,0.257091,2883.000000,0.196859,0.145416,0.204217,0.092794,-0.003284,-0.026691,2.786249,0.110656,0.174336,0.160193,0.174336,0.160193,BODY_LONG_SHORT_AXES,CANNY_THIN_EDGE_CONNECTIVITY_PROXY_NOT_MORPHOLOGICAL_SKELETON,TELEA_INPAINT_INVALID_PLUS_ERODE_VALID_6PX,1.000000,1.000000,1.000000,1.000000,PASS:55,46.000000,87.000000,0.011627,PASS,AXIS_ORIENTATION_PLUS_ROTATED_ANISOTROPIC_SUPPORT_FOOTPRINT,EQUAL_WINDOW_DIMENSIONS_GRID_DENSITY_MASK_GRAY;ROTATED_ANISOTROPIC_WINDOWS_SAMPLE_DIFFERENT_SOURCE_PIXELS,directly_reviewed_complete,metrics remain separate; no combined score or parameter selection; rotated-window deltas are not pure coordinate-axis attribution
S0MV-GM_RM017-PV003-SEG01|TRAJECTORY_TIME_SHIFT_P8,temporal_counterfactual,TEMPORAL_NEGATIVE,NOT_EVALUATED_DIRECTION_INSENSITIVE_METRICS,APPLICABLE_TO_TEMPORAL_CORRESPONDENCE_CONTROL,GM_RM017,GM_RM017:PV003,temporal_relation_falsification,smoothed_gt,WORLD_FIXED,REPRESENTATION_DEFINED_AXIS,CANDIDATE_LOCAL_REESTIMATED,SOURCE_POSITIVE_GT_CONDITIONED_VIEW_GAP10_DIFF5_RELIABILITY_AND_FINITE_COMMON_VALID_PROJECTED_NO_RESELECTION,7ddc0ea2c9debdb67c200ac1d3fff6fb41d7b648112b792b0937af117df73db0,3b5e1a94ce1fd2acd1b8a4f0c78ee4f7672eb82b97642d7b665b3e54395d5d52,55,1,1,2,1,1,SPARSE_PAIR_EVIDENCE,0.029529,0.588222,26.984515,0.106297,175.000000,703.000000,0.026654,0.204628,0.100044,0.025763,0.023298,0.012397,1.000000,0.778253,0.997912,1.849820,0.133492,25.500000,268.000000,0.022806,0.030192,0.028167,0.039293,0.008639,0.007285,173.368095,0.226662,0.350653,3.386344,4.416980,85.583020,,,REPRESENTATION_X_Y_AXES_ONLY,215.000000,314.000000,0.190875,3108.000000,0.156040,0.160339,0.152633,0.090377,0.083743,0.019591,2.773131,0.106886,0.173930,0.159264,,,REPRESENTATION_X_Y_AXES_ONLY,CANNY_THIN_EDGE_CONNECTIVITY_PROXY_NOT_MORPHOLOGICAL_SKELETON,TELEA_INPAINT_INVALID_PLUS_ERODE_VALID_6PX,1.000000,1.000000,1.000000,1.000000,PASS:55,45.000000,87.000000,0.010315,PASS,TRACKED_OR_FIXED_CENTER_WITH_GLOBAL_AXES_AND_EQUAL_WINDOW_DIMENSIONS,EQUAL_WINDOW_DIMENSIONS_GRID_DENSITY_MASK_GRAY;ROTATED_ANISOTROPIC_WINDOWS_SAMPLE_DIFFERENT_SOURCE_PIXELS,directly_reviewed_complete,metrics remain separate; no combined score or parameter selection; rotated-window deltas are not pure coordinate-axis attribution
S0MV-GM_RM017-PV003-SEG01|TRAJECTORY_TIME_SHIFT_P8,temporal_counterfactual,TEMPORAL_NEGATIVE,NOT_EVALUATED_DIRECTION_INSENSITIVE_METRICS,APPLICABLE_TO_TEMPORAL_CORRESPONDENCE_CONTROL,GM_RM017,GM_RM017:PV003,temporal_relation_falsification,smoothed_gt,CENTER_TRACKED_CARTESIAN,REPRESENTATION_DEFINED_AXIS,CANDIDATE_LOCAL_REESTIMATED,SOURCE_POSITIVE_GT_CONDITIONED_VIEW_GAP10_DIFF5_RELIABILITY_AND_FINITE_COMMON_VALID_PROJECTED_NO_RESELECTION,7ddc0ea2c9debdb67c200ac1d3fff6fb41d7b648112b792b0937af117df73db0,3b5e1a94ce1fd2acd1b8a4f0c78ee4f7672eb82b97642d7b665b3e54395d5d52,55,1,1,2,1,1,SPARSE_PAIR_EVIDENCE,0.416700,0.915936,11.830519,0.144842,125.000000,242.000000,0.001072,0.021041,0.069532,0.007809,0.006884,0.009803,1.000000,0.864708,0.998374,1.633835,0.150939,26.000000,268.500000,0.017797,0.026971,0.022724,0.032582,0.007106,0.005613,171.332878,0.204463,0.348829,7.834014,5.104852,84.895148,,,REPRESENTATION_X_Y_AXES_ONLY,235.000000,355.000000,0.247049,3610.000000,0.182312,0.186646,0.184601,0.089359,-0.008695,0.002261,2.780362,0.069167,0.167365,0.162630,,,REPRESENTATION_X_Y_AXES_ONLY,CANNY_THIN_EDGE_CONNECTIVITY_PROXY_NOT_MORPHOLOGICAL_SKELETON,TELEA_INPAINT_INVALID_PLUS_ERODE_VALID_6PX,1.000000,1.000000,1.000000,1.000000,PASS:55,45.000000,87.000000,0.010376,PASS,TRACKED_OR_FIXED_CENTER_WITH_GLOBAL_AXES_AND_EQUAL_WINDOW_DIMENSIONS,EQUAL_WINDOW_DIMENSIONS_GRID_DENSITY_MASK_GRAY;ROTATED_ANISOTROPIC_WINDOWS_SAMPLE_DIFFERENT_SOURCE_PIXELS,directly_reviewed_complete,metrics remain separate; no combined score or parameter selection; rotated-window deltas are not pure coordinate-axis attribution
S0MV-GM_RM017-PV003-SEG01|TRAJECTORY_TIME_SHIFT_P8,temporal_counterfactual,TEMPORAL_NEGATIVE,NOT_EVALUATED_DIRECTION_INSENSITIVE_METRICS,APPLICABLE_TO_TEMPORAL_CORRESPONDENCE_CONTROL,GM_RM017,GM_RM017:PV003,temporal_relation_falsification,smoothed_gt,CENTER_TRACKED_RADIAL,REPRESENTATION_DEFINED_AXIS,CANDIDATE_LOCAL_REESTIMATED,SOURCE_POSITIVE_GT_CONDITIONED_VIEW_GAP10_DIFF5_RELIABILITY_AND_FINITE_COMMON_VALID_PROJECTED_NO_RESELECTION,7ddc0ea2c9debdb67c200ac1d3fff6fb41d7b648112b792b0937af117df73db0,3b5e1a94ce1fd2acd1b8a4f0c78ee4f7672eb82b97642d7b665b3e54395d5d52,55,1,1,2,1,1,SPARSE_PAIR_EVIDENCE,0.382164,0.999666,0.740222,0.136130,95.000000,176.000000,0.024636,0.021573,0.023796,0.068455,0.014253,0.010434,1.000000,0.841869,0.997964,1.826984,0.147472,32.500000,263.500000,0.012262,0.031245,0.023697,0.024328,0.006038,0.007262,177.037810,0.196816,0.347553,10.436866,11.991788,78.008212,,,REPRESENTATION_X_Y_AXES_ONLY,233.000000,350.000000,0.222118,3661.000000,0.165938,0.183929,0.166373,0.087683,0.023797,0.053836,2.790017,0.088948,0.169627,0.159547,,,REPRESENTATION_X_Y_AXES_ONLY,CANNY_THIN_EDGE_CONNECTIVITY_PROXY_NOT_MORPHOLOGICAL_SKELETON,TELEA_INPAINT_INVALID_PLUS_ERODE_VALID_6PX,1.000000,1.000000,1.000000,1.000000,PASS:55,45.000000,87.000000,0.010345,PASS,AXIS_ORIENTATION_PLUS_ROTATED_ANISOTROPIC_SUPPORT_FOOTPRINT,EQUAL_WINDOW_DIMENSIONS_GRID_DENSITY_MASK_GRAY;ROTATED_ANISOTROPIC_WINDOWS_SAMPLE_DIFFERENT_SOURCE_PIXELS,directly_reviewed_complete,metrics remain separate; no combined score or parameter selection; rotated-window deltas are not pure coordinate-axis attribution
S0MV-GM_RM017-PV003-SEG01|TRAJECTORY_TIME_SHIFT_P8,temporal_counterfactual,TEMPORAL_NEGATIVE,NOT_EVALUATED_DIRECTION_INSENSITIVE_METRICS,APPLICABLE_TO_TEMPORAL_CORRESPONDENCE_CONTROL,GM_RM017,GM_RM017:PV003,temporal_relation_falsification,smoothed_gt,CENTER_TRACKED_BODY,GT_DERIVED_UNSIGNED_BODY,CANDIDATE_LOCAL_REESTIMATED,SOURCE_POSITIVE_GT_CONDITIONED_VIEW_GAP10_DIFF5_RELIABILITY_AND_FINITE_COMMON_VALID_PROJECTED_NO_RESELECTION,7ddc0ea2c9debdb67c200ac1d3fff6fb41d7b648112b792b0937af117df73db0,3b5e1a94ce1fd2acd1b8a4f0c78ee4f7672eb82b97642d7b665b3e54395d5d52,55,1,1,2,1,1,SPARSE_PAIR_EVIDENCE,0.422108,0.863725,15.131291,0.145747,83.000000,258.000000,0.022280,0.016928,0.043838,0.002526,0.002234,0.008753,1.000000,0.864823,0.998022,1.801977,0.153521,35.000000,275.000000,0.014659,0.028245,0.017745,0.025985,0.006597,0.007152,176.291229,0.205264,0.347546,7.730049,4.969962,85.030038,4.969962,85.030038,BODY_LONG_SHORT_AXES,228.000000,359.000000,0.250095,3639.000000,0.176149,0.185547,0.179007,0.089043,-0.006610,-0.025945,2.785253,0.080605,0.168879,0.160457,0.168879,0.160457,BODY_LONG_SHORT_AXES,CANNY_THIN_EDGE_CONNECTIVITY_PROXY_NOT_MORPHOLOGICAL_SKELETON,TELEA_INPAINT_INVALID_PLUS_ERODE_VALID_6PX,1.000000,1.000000,1.000000,1.000000,PASS:55,45.000000,87.000000,0.010345,PASS,AXIS_ORIENTATION_PLUS_ROTATED_ANISOTROPIC_SUPPORT_FOOTPRINT,EQUAL_WINDOW_DIMENSIONS_GRID_DENSITY_MASK_GRAY;ROTATED_ANISOTROPIC_WINDOWS_SAMPLE_DIFFERENT_SOURCE_PIXELS,directly_reviewed_complete,metrics remain separate; no combined score or parameter selection; rotated-window deltas are not pure coordinate-axis attribution
S0MV-GM_RM017-PV003-SEG01|CENTER_PHASE_SHIFT_P8,temporal_counterfactual,TEMPORAL_NEGATIVE,NOT_EVALUATED_DIRECTION_INSENSITIVE_METRICS,APPLICABLE_TO_TEMPORAL_CORRESPONDENCE_CONTROL,GM_RM017,GM_RM017:PV003,temporal_relation_falsification,raw_gt,WORLD_FIXED,REPRESENTATION_DEFINED_AXIS,FIXED_REFERENCE,SOURCE_POSITIVE_GT_CONDITIONED_VIEW_GAP10_DIFF5_RELIABILITY_AND_FINITE_COMMON_VALID_PROJECTED_NO_RESELECTION,dea555659746fbdda8c19188f372cb0e24d32061d75e17b0b3e5bc39e425cf75,c9a65fe45aaab0f3c420ce94fc14eb8035d31c6f032e84d260baebb4bb85ec57,55,1,1,2,1,1,SPARSE_PAIR_EVIDENCE,0.033885,0.661615,24.288416,0.117475,17.000000,589.000000,0.021424,0.070344,0.050438,0.172456,0.002758,0.007425,1.000000,0.779454,0.997640,1.968486,0.129779,24.500000,374.500000,0.016986,0.036636,0.037699,0.041516,0.008253,0.006542,173.406881,0.230052,0.344483,3.306447,4.219258,85.780742,,,REPRESENTATION_X_Y_AXES_ONLY,188.000000,307.000000,0.260049,2877.000000,0.258223,0.145630,0.253516,0.090146,0.080246,0.022953,2.767822,0.121690,0.173851,0.158469,,,REPRESENTATION_X_Y_AXES_ONLY,CANNY_THIN_EDGE_CONNECTIVITY_PROXY_NOT_MORPHOLOGICAL_SKELETON,TELEA_INPAINT_INVALID_PLUS_ERODE_VALID_6PX,1.000000,1.000000,1.000000,1.000000,PASS:55,46.000000,87.000000,0.010895,PASS,TRACKED_OR_FIXED_CENTER_WITH_GLOBAL_AXES_AND_EQUAL_WINDOW_DIMENSIONS,EQUAL_WINDOW_DIMENSIONS_GRID_DENSITY_MASK_GRAY;ROTATED_ANISOTROPIC_WINDOWS_SAMPLE_DIFFERENT_SOURCE_PIXELS,directly_reviewed_complete,metrics remain separate; no combined score or parameter selection; rotated-window deltas are not pure coordinate-axis attribution
S0MV-GM_RM017-PV003-SEG01|CENTER_PHASE_SHIFT_P8,temporal_counterfactual,TEMPORAL_NEGATIVE,NOT_EVALUATED_DIRECTION_INSENSITIVE_METRICS,APPLICABLE_TO_TEMPORAL_CORRESPONDENCE_CONTROL,GM_RM017,GM_RM017:PV003,temporal_relation_falsification,raw_gt,CENTER_TRACKED_CARTESIAN,REPRESENTATION_DEFINED_AXIS,FIXED_REFERENCE,SOURCE_POSITIVE_GT_CONDITIONED_VIEW_GAP10_DIFF5_RELIABILITY_AND_FINITE_COMMON_VALID_PROJECTED_NO_RESELECTION,dea555659746fbdda8c19188f372cb0e24d32061d75e17b0b3e5bc39e425cf75,c9a65fe45aaab0f3c420ce94fc14eb8035d31c6f032e84d260baebb4bb85ec57,55,1,1,2,1,1,SPARSE_PAIR_EVIDENCE,0.401507,0.900562,12.883999,0.099672,156.000000,120.000000,0.051691,0.024443,0.117263,0.004801,0.002309,0.009996,1.000000,0.796347,0.997791,1.904395,0.127896,28.500000,394.000000,0.020323,0.038986,0.040791,0.029373,0.008872,0.008410,171.502270,0.211317,0.346799,7.828862,4.962143,85.037857,,,REPRESENTATION_X_Y_AXES_ONLY,180.000000,285.000000,0.252229,2802.000000,0.211913,0.143127,0.214475,0.097855,-0.013046,0.019301,2.784091,0.094549,0.172989,0.159097,,,REPRESENTATION_X_Y_AXES_ONLY,CANNY_THIN_EDGE_CONNECTIVITY_PROXY_NOT_MORPHOLOGICAL_SKELETON,TELEA_INPAINT_INVALID_PLUS_ERODE_VALID_6PX,1.000000,1.000000,1.000000,1.000000,PASS:55,46.000000,87.000000,0.011200,PASS,TRACKED_OR_FIXED_CENTER_WITH_GLOBAL_AXES_AND_EQUAL_WINDOW_DIMENSIONS,EQUAL_WINDOW_DIMENSIONS_GRID_DENSITY_MASK_GRAY;ROTATED_ANISOTROPIC_WINDOWS_SAMPLE_DIFFERENT_SOURCE_PIXELS,directly_reviewed_complete,metrics remain separate; no combined score or parameter selection; rotated-window deltas are not pure coordinate-axis attribution
S0MV-GM_RM017-PV003-SEG01|CENTER_PHASE_SHIFT_P8,temporal_counterfactual,TEMPORAL_NEGATIVE,NOT_EVALUATED_DIRECTION_INSENSITIVE_METRICS,APPLICABLE_TO_TEMPORAL_CORRESPONDENCE_CONTROL,GM_RM017,GM_RM017:PV003,temporal_relation_falsification,raw_gt,CENTER_TRACKED_RADIAL,REPRESENTATION_DEFINED_AXIS,FIXED_REFERENCE,SOURCE_POSITIVE_GT_CONDITIONED_VIEW_GAP10_DIFF5_RELIABILITY_AND_FINITE_COMMON_VALID_PROJECTED_NO_RESELECTION,dea555659746fbdda8c19188f372cb0e24d32061d75e17b0b3e5bc39e425cf75,c9a65fe45aaab0f3c420ce94fc14eb8035d31c6f032e84d260baebb4bb85ec57,55,1,1,2,1,1,SPARSE_PAIR_EVIDENCE,0.367775,0.999999,0.048373,0.122876,65.000000,280.000000,0.051228,0.020512,0.074283,0.081067,0.021410,0.001831,1.000000,0.782965,0.996470,2.400866,0.132546,27.000000,339.500000,0.014987,0.040278,0.028421,0.039204,0.007891,0.007680,177.117185,0.197116,0.342761,8.525770,11.184823,78.815177,,,REPRESENTATION_X_Y_AXES_ONLY,182.000000,281.000000,0.225719,2903.000000,0.181385,0.146942,0.182237,0.090183,0.026627,0.065797,2.781604,0.106031,0.173498,0.155432,,,REPRESENTATION_X_Y_AXES_ONLY,CANNY_THIN_EDGE_CONNECTIVITY_PROXY_NOT_MORPHOLOGICAL_SKELETON,TELEA_INPAINT_INVALID_PLUS_ERODE_VALID_6PX,1.000000,1.000000,1.000000,1.000000,PASS:55,46.000000,87.000000,0.011444,PASS,AXIS_ORIENTATION_PLUS_ROTATED_ANISOTROPIC_SUPPORT_FOOTPRINT,EQUAL_WINDOW_DIMENSIONS_GRID_DENSITY_MASK_GRAY;ROTATED_ANISOTROPIC_WINDOWS_SAMPLE_DIFFERENT_SOURCE_PIXELS,directly_reviewed_complete,metrics remain separate; no combined score or parameter selection; rotated-window deltas are not pure coordinate-axis attribution
S0MV-GM_RM017-PV003-SEG01|CENTER_PHASE_SHIFT_P8,temporal_counterfactual,TEMPORAL_NEGATIVE,NOT_EVALUATED_DIRECTION_INSENSITIVE_METRICS,APPLICABLE_TO_TEMPORAL_CORRESPONDENCE_CONTROL,GM_RM017,GM_RM017:PV003,temporal_relation_falsification,raw_gt,CENTER_TRACKED_BODY,GT_DERIVED_UNSIGNED_BODY,FIXED_REFERENCE,SOURCE_POSITIVE_GT_CONDITIONED_VIEW_GAP10_DIFF5_RELIABILITY_AND_FINITE_COMMON_VALID_PROJECTED_NO_RESELECTION,dea555659746fbdda8c19188f372cb0e24d32061d75e17b0b3e5bc39e425cf75,c9a65fe45aaab0f3c420ce94fc14eb8035d31c6f032e84d260baebb4bb85ec57,55,1,1,2,1,1,SPARSE_PAIR_EVIDENCE,0.395270,0.905204,12.574639,0.100077,161.000000,223.000000,0.035707,0.027474,0.117730,0.046811,0.003812,0.005892,1.000000,0.763342,0.995493,2.720907,0.127171,36.500000,416.500000,0.022089,0.035599,0.025090,0.044668,0.008567,0.007737,176.147448,0.210912,0.343021,7.958383,5.389682,84.610318,5.389682,84.610318,BODY_LONG_SHORT_AXES,189.000000,287.000000,0.253550,2836.000000,0.206097,0.146942,0.208392,0.089233,-0.000792,-0.019321,2.779406,0.102435,0.172029,0.161085,0.172029,0.161085,BODY_LONG_SHORT_AXES,CANNY_THIN_EDGE_CONNECTIVITY_PROXY_NOT_MORPHOLOGICAL_SKELETON,TELEA_INPAINT_INVALID_PLUS_ERODE_VALID_6PX,1.000000,1.000000,1.000000,1.000000,PASS:55,46.000000,87.000000,0.011566,PASS,AXIS_ORIENTATION_PLUS_ROTATED_ANISOTROPIC_SUPPORT_FOOTPRINT,EQUAL_WINDOW_DIMENSIONS_GRID_DENSITY_MASK_GRAY;ROTATED_ANISOTROPIC_WINDOWS_SAMPLE_DIFFERENT_SOURCE_PIXELS,directly_reviewed_complete,metrics remain separate; no combined score or parameter selection; rotated-window deltas are not pure coordinate-axis attribution
S0MV-GM_RM017-PV003-SEG01|CENTER_PHASE_SHIFT_P8,temporal_counterfactual,TEMPORAL_NEGATIVE,NOT_EVALUATED_DIRECTION_INSENSITIVE_METRICS,APPLICABLE_TO_TEMPORAL_CORRESPONDENCE_CONTROL,GM_RM017,GM_RM017:PV003,temporal_relation_falsification,raw_gt,WORLD_FIXED,REPRESENTATION_DEFINED_AXIS,CANDIDATE_LOCAL_REESTIMATED,SOURCE_POSITIVE_GT_CONDITIONED_VIEW_GAP10_DIFF5_RELIABILITY_AND_FINITE_COMMON_VALID_PROJECTED_NO_RESELECTION,dea555659746fbdda8c19188f372cb0e24d32061d75e17b0b3e5bc39e425cf75,c9a65fe45aaab0f3c420ce94fc14eb8035d31c6f032e84d260baebb4bb85ec57,55,1,1,2,1,1,SPARSE_PAIR_EVIDENCE,0.029529,0.588222,26.984515,0.106297,175.000000,703.000000,0.026654,0.204628,0.100044,0.025763,0.023298,0.012397,1.000000,0.778253,0.997912,1.849820,0.133492,25.500000,268.000000,0.022806,0.030192,0.028167,0.039293,0.008639,0.007285,173.368095,0.226662,0.350653,3.386344,4.416980,85.583020,,,REPRESENTATION_X_Y_AXES_ONLY,215.000000,314.000000,0.190875,3108.000000,0.156040,0.160339,0.152633,0.090377,0.083743,0.019591,2.773131,0.106886,0.173930,0.159264,,,REPRESENTATION_X_Y_AXES_ONLY,CANNY_THIN_EDGE_CONNECTIVITY_PROXY_NOT_MORPHOLOGICAL_SKELETON,TELEA_INPAINT_INVALID_PLUS_ERODE_VALID_6PX,1.000000,1.000000,1.000000,1.000000,PASS:55,45.000000,87.000000,0.010315,PASS,TRACKED_OR_FIXED_CENTER_WITH_GLOBAL_AXES_AND_EQUAL_WINDOW_DIMENSIONS,EQUAL_WINDOW_DIMENSIONS_GRID_DENSITY_MASK_GRAY;ROTATED_ANISOTROPIC_WINDOWS_SAMPLE_DIFFERENT_SOURCE_PIXELS,directly_reviewed_complete,metrics remain separate; no combined score or parameter selection; rotated-window deltas are not pure coordinate-axis attribution
S0MV-GM_RM017-PV003-SEG01|CENTER_PHASE_SHIFT_P8,temporal_counterfactual,TEMPORAL_NEGATIVE,NOT_EVALUATED_DIRECTION_INSENSITIVE_METRICS,APPLICABLE_TO_TEMPORAL_CORRESPONDENCE_CONTROL,GM_RM017,GM_RM017:PV003,temporal_relation_falsification,raw_gt,CENTER_TRACKED_CARTESIAN,REPRESENTATION_DEFINED_AXIS,CANDIDATE_LOCAL_REESTIMATED,SOURCE_POSITIVE_GT_CONDITIONED_VIEW_GAP10_DIFF5_RELIABILITY_AND_FINITE_COMMON_VALID_PROJECTED_NO_RESELECTION,dea555659746fbdda8c19188f372cb0e24d32061d75e17b0b3e5bc39e425cf75,c9a65fe45aaab0f3c420ce94fc14eb8035d31c6f032e84d260baebb4bb85ec57,55,1,1,2,1,1,SPARSE_PAIR_EVIDENCE,0.382889,0.903246,12.705989,0.151402,131.000000,279.000000,0.001923,0.027326,0.071019,0.007765,0.002834,0.010285,1.000000,0.795180,0.997665,1.958166,0.138701,35.000000,282.500000,0.014328,0.031262,0.022179,0.031342,0.007301,0.008423,171.330968,0.210543,0.348366,7.782105,5.005215,84.994785,,,REPRESENTATION_X_Y_AXES_ONLY,242.000000,362.000000,0.260165,3628.000000,0.191076,0.186646,0.192146,0.089696,-0.007513,0.007024,2.783904,0.064191,0.166828,0.163783,,,REPRESENTATION_X_Y_AXES_ONLY,CANNY_THIN_EDGE_CONNECTIVITY_PROXY_NOT_MORPHOLOGICAL_SKELETON,TELEA_INPAINT_INVALID_PLUS_ERODE_VALID_6PX,1.000000,1.000000,1.000000,1.000000,PASS:55,45.000000,87.000000,0.010376,PASS,TRACKED_OR_FIXED_CENTER_WITH_GLOBAL_AXES_AND_EQUAL_WINDOW_DIMENSIONS,EQUAL_WINDOW_DIMENSIONS_GRID_DENSITY_MASK_GRAY;ROTATED_ANISOTROPIC_WINDOWS_SAMPLE_DIFFERENT_SOURCE_PIXELS,directly_reviewed_complete,metrics remain separate; no combined score or parameter selection; rotated-window deltas are not pure coordinate-axis attribution
S0MV-GM_RM017-PV003-SEG01|CENTER_PHASE_SHIFT_P8,temporal_counterfactual,TEMPORAL_NEGATIVE,NOT_EVALUATED_DIRECTION_INSENSITIVE_METRICS,APPLICABLE_TO_TEMPORAL_CORRESPONDENCE_CONTROL,GM_RM017,GM_RM017:PV003,temporal_relation_falsification,raw_gt,CENTER_TRACKED_RADIAL,REPRESENTATION_DEFINED_AXIS,CANDIDATE_LOCAL_REESTIMATED,SOURCE_POSITIVE_GT_CONDITIONED_VIEW_GAP10_DIFF5_RELIABILITY_AND_FINITE_COMMON_VALID_PROJECTED_NO_RESELECTION,dea555659746fbdda8c19188f372cb0e24d32061d75e17b0b3e5bc39e425cf75,c9a65fe45aaab0f3c420ce94fc14eb8035d31c6f032e84d260baebb4bb85ec57,55,1,1,2,1,1,SPARSE_PAIR_EVIDENCE,0.371693,0.999612,0.797642,0.136231,67.000000,319.000000,0.021749,0.027765,0.041542,0.086177,0.008053,0.008960,1.000000,0.782915,0.998270,1.684183,0.139107,20.500000,232.000000,0.018305,0.033497,0.024029,0.029356,0.005160,0.004615,177.041000,0.195391,0.345566,10.468656,11.991788,78.008212,,,REPRESENTATION_X_Y_AXES_ONLY,242.000000,357.000000,0.228452,3666.000000,0.173047,0.187561,0.171914,0.091837,0.023797,0.047970,2.794048,0.087887,0.168957,0.158944,,,REPRESENTATION_X_Y_AXES_ONLY,CANNY_THIN_EDGE_CONNECTIVITY_PROXY_NOT_MORPHOLOGICAL_SKELETON,TELEA_INPAINT_INVALID_PLUS_ERODE_VALID_6PX,1.000000,1.000000,1.000000,1.000000,PASS:55,45.000000,87.000000,0.010437,PASS,AXIS_ORIENTATION_PLUS_ROTATED_ANISOTROPIC_SUPPORT_FOOTPRINT,EQUAL_WINDOW_DIMENSIONS_GRID_DENSITY_MASK_GRAY;ROTATED_ANISOTROPIC_WINDOWS_SAMPLE_DIFFERENT_SOURCE_PIXELS,directly_reviewed_complete,metrics remain separate; no combined score or parameter selection; rotated-window deltas are not pure coordinate-axis attribution
S0MV-GM_RM017-PV003-SEG01|CENTER_PHASE_SHIFT_P8,temporal_counterfactual,TEMPORAL_NEGATIVE,NOT_EVALUATED_DIRECTION_INSENSITIVE_METRICS,APPLICABLE_TO_TEMPORAL_CORRESPONDENCE_CONTROL,GM_RM017,GM_RM017:PV003,temporal_relation_falsification,raw_gt,CENTER_TRACKED_BODY,GT_DERIVED_UNSIGNED_BODY,CANDIDATE_LOCAL_REESTIMATED,SOURCE_POSITIVE_GT_CONDITIONED_VIEW_GAP10_DIFF5_RELIABILITY_AND_FINITE_COMMON_VALID_PROJECTED_NO_RESELECTION,dea555659746fbdda8c19188f372cb0e24d32061d75e17b0b3e5bc39e425cf75,c9a65fe45aaab0f3c420ce94fc14eb8035d31c6f032e84d260baebb4bb85ec57,55,1,1,2,1,1,SPARSE_PAIR_EVIDENCE,0.379892,0.915582,11.855756,0.149317,46.000000,2.000000,0.033193,0.009512,0.007683,0.013876,0.000545,0.008612,1.000000,0.758953,0.996554,2.378655,0.137882,31.000000,286.500000,0.015837,0.029435,0.026125,0.025488,0.006951,0.007062,176.025596,0.204865,0.348813,7.879248,4.969962,85.030038,4.969962,85.030038,BODY_LONG_SHORT_AXES,228.000000,352.000000,0.252687,3650.000000,0.189473,0.186859,0.191443,0.092150,-0.008894,-0.019064,2.777861,0.077674,0.168172,0.162720,0.168172,0.162720,BODY_LONG_SHORT_AXES,CANNY_THIN_EDGE_CONNECTIVITY_PROXY_NOT_MORPHOLOGICAL_SKELETON,TELEA_INPAINT_INVALID_PLUS_ERODE_VALID_6PX,1.000000,1.000000,1.000000,1.000000,PASS:55,45.000000,87.000000,0.010345,PASS,AXIS_ORIENTATION_PLUS_ROTATED_ANISOTROPIC_SUPPORT_FOOTPRINT,EQUAL_WINDOW_DIMENSIONS_GRID_DENSITY_MASK_GRAY;ROTATED_ANISOTROPIC_WINDOWS_SAMPLE_DIFFERENT_SOURCE_PIXELS,directly_reviewed_complete,metrics remain separate; no combined score or parameter selection; rotated-window deltas are not pure coordinate-axis attribution
S0MV-GM_RM017-PV003-SEG01|CENTER_PHASE_SHIFT_P8,temporal_counterfactual,TEMPORAL_NEGATIVE,NOT_EVALUATED_DIRECTION_INSENSITIVE_METRICS,APPLICABLE_TO_TEMPORAL_CORRESPONDENCE_CONTROL,GM_RM017,GM_RM017:PV003,temporal_relation_falsification,smoothed_gt,WORLD_FIXED,REPRESENTATION_DEFINED_AXIS,FIXED_REFERENCE,SOURCE_POSITIVE_GT_CONDITIONED_VIEW_GAP10_DIFF5_RELIABILITY_AND_FINITE_COMMON_VALID_PROJECTED_NO_RESELECTION,7ddc0ea2c9debdb67c200ac1d3fff6fb41d7b648112b792b0937af117df73db0,3b5e1a94ce1fd2acd1b8a4f0c78ee4f7672eb82b97642d7b665b3e54395d5d52,55,1,1,2,1,1,SPARSE_PAIR_EVIDENCE,0.033885,0.661615,24.288416,0.117475,17.000000,589.000000,0.021424,0.070344,0.050438,0.172456,0.002758,0.007425,1.000000,0.779454,0.997640,1.968486,0.129779,24.500000,374.500000,0.016986,0.036636,0.037699,0.041516,0.008253,0.006542,173.406881,0.230052,0.344483,3.306447,4.219258,85.780742,,,REPRESENTATION_X_Y_AXES_ONLY,188.000000,307.000000,0.260049,2877.000000,0.258223,0.145630,0.253516,0.090146,0.080246,0.022953,2.767822,0.121690,0.173851,0.158469,,,REPRESENTATION_X_Y_AXES_ONLY,CANNY_THIN_EDGE_CONNECTIVITY_PROXY_NOT_MORPHOLOGICAL_SKELETON,TELEA_INPAINT_INVALID_PLUS_ERODE_VALID_6PX,1.000000,1.000000,1.000000,1.000000,PASS:55,46.000000,87.000000,0.010895,PASS,TRACKED_OR_FIXED_CENTER_WITH_GLOBAL_AXES_AND_EQUAL_WINDOW_DIMENSIONS,EQUAL_WINDOW_DIMENSIONS_GRID_DENSITY_MASK_GRAY;ROTATED_ANISOTROPIC_WINDOWS_SAMPLE_DIFFERENT_SOURCE_PIXELS,directly_reviewed_complete,metrics remain separate; no combined score or parameter selection; rotated-window deltas are not pure coordinate-axis attribution
S0MV-GM_RM017-PV003-SEG01|CENTER_PHASE_SHIFT_P8,temporal_counterfactual,TEMPORAL_NEGATIVE,NOT_EVALUATED_DIRECTION_INSENSITIVE_METRICS,APPLICABLE_TO_TEMPORAL_CORRESPONDENCE_CONTROL,GM_RM017,GM_RM017:PV003,temporal_relation_falsification,smoothed_gt,CENTER_TRACKED_CARTESIAN,REPRESENTATION_DEFINED_AXIS,FIXED_REFERENCE,SOURCE_POSITIVE_GT_CONDITIONED_VIEW_GAP10_DIFF5_RELIABILITY_AND_FINITE_COMMON_VALID_PROJECTED_NO_RESELECTION,7ddc0ea2c9debdb67c200ac1d3fff6fb41d7b648112b792b0937af117df73db0,3b5e1a94ce1fd2acd1b8a4f0c78ee4f7672eb82b97642d7b665b3e54395d5d52,55,1,1,2,1,1,SPARSE_PAIR_EVIDENCE,0.437443,0.916493,11.790678,0.096836,131.000000,60.000000,0.023861,0.036433,0.113064,0.013907,0.008908,0.003437,1.000000,0.868225,0.997388,2.056069,0.143410,29.000000,472.000000,0.021634,0.045644,0.029057,0.028912,0.008642,0.007065,171.516545,0.209518,0.343845,7.828936,5.059451,84.940549,,,REPRESENTATION_X_Y_AXES_ONLY,178.000000,278.000000,0.272410,2802.000000,0.209217,0.142578,0.215633,0.103796,-0.010352,0.011293,2.786246,0.102694,0.173913,0.158080,,,REPRESENTATION_X_Y_AXES_ONLY,CANNY_THIN_EDGE_CONNECTIVITY_PROXY_NOT_MORPHOLOGICAL_SKELETON,TELEA_INPAINT_INVALID_PLUS_ERODE_VALID_6PX,1.000000,1.000000,1.000000,1.000000,PASS:55,46.000000,87.000000,0.011139,PASS,TRACKED_OR_FIXED_CENTER_WITH_GLOBAL_AXES_AND_EQUAL_WINDOW_DIMENSIONS,EQUAL_WINDOW_DIMENSIONS_GRID_DENSITY_MASK_GRAY;ROTATED_ANISOTROPIC_WINDOWS_SAMPLE_DIFFERENT_SOURCE_PIXELS,directly_reviewed_complete,metrics remain separate; no combined score or parameter selection; rotated-window deltas are not pure coordinate-axis attribution
S0MV-GM_RM017-PV003-SEG01|CENTER_PHASE_SHIFT_P8,temporal_counterfactual,TEMPORAL_NEGATIVE,NOT_EVALUATED_DIRECTION_INSENSITIVE_METRICS,APPLICABLE_TO_TEMPORAL_CORRESPONDENCE_CONTROL,GM_RM017,GM_RM017:PV003,temporal_relation_falsification,smoothed_gt,CENTER_TRACKED_RADIAL,REPRESENTATION_DEFINED_AXIS,FIXED_REFERENCE,SOURCE_POSITIVE_GT_CONDITIONED_VIEW_GAP10_DIFF5_RELIABILITY_AND_FINITE_COMMON_VALID_PROJECTED_NO_RESELECTION,7ddc0ea2c9debdb67c200ac1d3fff6fb41d7b648112b792b0937af117df73db0,3b5e1a94ce1fd2acd1b8a4f0c78ee4f7672eb82b97642d7b665b3e54395d5d52,55,1,1,2,1,1,SPARSE_PAIR_EVIDENCE,0.379529,0.999940,0.313123,0.120384,68.000000,400.000000,0.055704,0.030734,0.112498,0.066249,0.020679,0.000025,1.000000,0.843294,0.996210,2.494735,0.142596,31.000000,313.000000,0.015529,0.036382,0.020198,0.031936,0.008101,0.009997,177.131900,0.196486,0.342936,8.924732,11.506331,78.493669,,,REPRESENTATION_X_Y_AXES_ONLY,190.000000,279.000000,0.221935,2884.000000,0.177193,0.145752,0.181090,0.095986,0.026011,0.059788,2.787784,0.105604,0.172615,0.156205,,,REPRESENTATION_X_Y_AXES_ONLY,CANNY_THIN_EDGE_CONNECTIVITY_PROXY_NOT_MORPHOLOGICAL_SKELETON,TELEA_INPAINT_INVALID_PLUS_ERODE_VALID_6PX,1.000000,1.000000,1.000000,1.000000,PASS:55,46.000000,87.000000,0.011108,PASS,AXIS_ORIENTATION_PLUS_ROTATED_ANISOTROPIC_SUPPORT_FOOTPRINT,EQUAL_WINDOW_DIMENSIONS_GRID_DENSITY_MASK_GRAY;ROTATED_ANISOTROPIC_WINDOWS_SAMPLE_DIFFERENT_SOURCE_PIXELS,directly_reviewed_complete,metrics remain separate; no combined score or parameter selection; rotated-window deltas are not pure coordinate-axis attribution
S0MV-GM_RM017-PV003-SEG01|CENTER_PHASE_SHIFT_P8,temporal_counterfactual,TEMPORAL_NEGATIVE,NOT_EVALUATED_DIRECTION_INSENSITIVE_METRICS,APPLICABLE_TO_TEMPORAL_CORRESPONDENCE_CONTROL,GM_RM017,GM_RM017:PV003,temporal_relation_falsification,smoothed_gt,CENTER_TRACKED_BODY,GT_DERIVED_UNSIGNED_BODY,FIXED_REFERENCE,SOURCE_POSITIVE_GT_CONDITIONED_VIEW_GAP10_DIFF5_RELIABILITY_AND_FINITE_COMMON_VALID_PROJECTED_NO_RESELECTION,7ddc0ea2c9debdb67c200ac1d3fff6fb41d7b648112b792b0937af117df73db0,3b5e1a94ce1fd2acd1b8a4f0c78ee4f7672eb82b97642d7b665b3e54395d5d52,55,1,1,2,1,1,SPARSE_PAIR_EVIDENCE,0.440891,0.883058,13.993264,0.094480,97.000000,41.000000,0.015780,0.042464,0.077388,0.037911,0.006511,0.006916,1.000000,0.860179,0.997105,2.179107,0.140654,35.500000,424.500000,0.015732,0.033157,0.036410,0.035959,0.008257,0.007063,176.205067,0.212053,0.343021,8.114376,5.420001,84.579999,5.420001,84.579999,BODY_LONG_SHORT_AXES,191.000000,279.000000,0.256953,2874.000000,0.205569,0.144745,0.206652,0.099244,-0.001272,-0.023120,2.786249,0.103380,0.173687,0.160212,0.173687,0.160212,BODY_LONG_SHORT_AXES,CANNY_THIN_EDGE_CONNECTIVITY_PROXY_NOT_MORPHOLOGICAL_SKELETON,TELEA_INPAINT_INVALID_PLUS_ERODE_VALID_6PX,1.000000,1.000000,1.000000,1.000000,PASS:55,46.000000,87.000000,0.011627,PASS,AXIS_ORIENTATION_PLUS_ROTATED_ANISOTROPIC_SUPPORT_FOOTPRINT,EQUAL_WINDOW_DIMENSIONS_GRID_DENSITY_MASK_GRAY;ROTATED_ANISOTROPIC_WINDOWS_SAMPLE_DIFFERENT_SOURCE_PIXELS,directly_reviewed_complete,metrics remain separate; no combined score or parameter selection; rotated-window deltas are not pure coordinate-axis attribution
S0MV-GM_RM017-PV003-SEG01|CENTER_PHASE_SHIFT_P8,temporal_counterfactual,TEMPORAL_NEGATIVE,NOT_EVALUATED_DIRECTION_INSENSITIVE_METRICS,APPLICABLE_TO_TEMPORAL_CORRESPONDENCE_CONTROL,GM_RM017,GM_RM017:PV003,temporal_relation_falsification,smoothed_gt,WORLD_FIXED,REPRESENTATION_DEFINED_AXIS,CANDIDATE_LOCAL_REESTIMATED,SOURCE_POSITIVE_GT_CONDITIONED_VIEW_GAP10_DIFF5_RELIABILITY_AND_FINITE_COMMON_VALID_PROJECTED_NO_RESELECTION,7ddc0ea2c9debdb67c200ac1d3fff6fb41d7b648112b792b0937af117df73db0,3b5e1a94ce1fd2acd1b8a4f0c78ee4f7672eb82b97642d7b665b3e54395d5d52,55,1,1,2,1,1,SPARSE_PAIR_EVIDENCE,0.029529,0.588222,26.984515,0.106297,175.000000,703.000000,0.026654,0.204628,0.100044,0.025763,0.023298,0.012397,1.000000,0.778253,0.997912,1.849820,0.133492,25.500000,268.000000,0.022806,0.030192,0.028167,0.039293,0.008639,0.007285,173.368095,0.226662,0.350653,3.386344,4.416980,85.583020,,,REPRESENTATION_X_Y_AXES_ONLY,215.000000,314.000000,0.190875,3108.000000,0.156040,0.160339,0.152633,0.090377,0.083743,0.019591,2.773131,0.106886,0.173930,0.159264,,,REPRESENTATION_X_Y_AXES_ONLY,CANNY_THIN_EDGE_CONNECTIVITY_PROXY_NOT_MORPHOLOGICAL_SKELETON,TELEA_INPAINT_INVALID_PLUS_ERODE_VALID_6PX,1.000000,1.000000,1.000000,1.000000,PASS:55,45.000000,87.000000,0.010315,PASS,TRACKED_OR_FIXED_CENTER_WITH_GLOBAL_AXES_AND_EQUAL_WINDOW_DIMENSIONS,EQUAL_WINDOW_DIMENSIONS_GRID_DENSITY_MASK_GRAY;ROTATED_ANISOTROPIC_WINDOWS_SAMPLE_DIFFERENT_SOURCE_PIXELS,directly_reviewed_complete,metrics remain separate; no combined score or parameter selection; rotated-window deltas are not pure coordinate-axis attribution
S0MV-GM_RM017-PV003-SEG01|CENTER_PHASE_SHIFT_P8,temporal_counterfactual,TEMPORAL_NEGATIVE,NOT_EVALUATED_DIRECTION_INSENSITIVE_METRICS,APPLICABLE_TO_TEMPORAL_CORRESPONDENCE_CONTROL,GM_RM017,GM_RM017:PV003,temporal_relation_falsification,smoothed_gt,CENTER_TRACKED_CARTESIAN,REPRESENTATION_DEFINED_AXIS,CANDIDATE_LOCAL_REESTIMATED,SOURCE_POSITIVE_GT_CONDITIONED_VIEW_GAP10_DIFF5_RELIABILITY_AND_FINITE_COMMON_VALID_PROJECTED_NO_RESELECTION,7ddc0ea2c9debdb67c200ac1d3fff6fb41d7b648112b792b0937af117df73db0,3b5e1a94ce1fd2acd1b8a4f0c78ee4f7672eb82b97642d7b665b3e54395d5d52,55,1,1,2,1,1,SPARSE_PAIR_EVIDENCE,0.416700,0.915936,11.830519,0.144842,125.000000,242.000000,0.001072,0.021041,0.069532,0.007809,0.006884,0.009803,1.000000,0.864708,0.998374,1.633835,0.150939,26.000000,268.500000,0.017797,0.026971,0.022724,0.032582,0.007106,0.005613,171.332878,0.204463,0.348829,7.834014,5.104852,84.895148,,,REPRESENTATION_X_Y_AXES_ONLY,235.000000,355.000000,0.247049,3610.000000,0.182312,0.186646,0.184601,0.089359,-0.008695,0.002261,2.780362,0.069167,0.167365,0.162630,,,REPRESENTATION_X_Y_AXES_ONLY,CANNY_THIN_EDGE_CONNECTIVITY_PROXY_NOT_MORPHOLOGICAL_SKELETON,TELEA_INPAINT_INVALID_PLUS_ERODE_VALID_6PX,1.000000,1.000000,1.000000,1.000000,PASS:55,45.000000,87.000000,0.010376,PASS,TRACKED_OR_FIXED_CENTER_WITH_GLOBAL_AXES_AND_EQUAL_WINDOW_DIMENSIONS,EQUAL_WINDOW_DIMENSIONS_GRID_DENSITY_MASK_GRAY;ROTATED_ANISOTROPIC_WINDOWS_SAMPLE_DIFFERENT_SOURCE_PIXELS,directly_reviewed_complete,metrics remain separate; no combined score or parameter selection; rotated-window deltas are not pure coordinate-axis attribution
S0MV-GM_RM017-PV003-SEG01|CENTER_PHASE_SHIFT_P8,temporal_counterfactual,TEMPORAL_NEGATIVE,NOT_EVALUATED_DIRECTION_INSENSITIVE_METRICS,APPLICABLE_TO_TEMPORAL_CORRESPONDENCE_CONTROL,GM_RM017,GM_RM017:PV003,temporal_relation_falsification,smoothed_gt,CENTER_TRACKED_RADIAL,REPRESENTATION_DEFINED_AXIS,CANDIDATE_LOCAL_REESTIMATED,SOURCE_POSITIVE_GT_CONDITIONED_VIEW_GAP10_DIFF5_RELIABILITY_AND_FINITE_COMMON_VALID_PROJECTED_NO_RESELECTION,7ddc0ea2c9debdb67c200ac1d3fff6fb41d7b648112b792b0937af117df73db0,3b5e1a94ce1fd2acd1b8a4f0c78ee4f7672eb82b97642d7b665b3e54395d5d52,55,1,1,2,1,1,SPARSE_PAIR_EVIDENCE,0.382164,0.999666,0.740222,0.136130,95.000000,176.000000,0.024636,0.021573,0.023796,0.068455,0.014253,0.010434,1.000000,0.841869,0.997964,1.826984,0.147472,32.500000,263.500000,0.012262,0.031245,0.023697,0.024328,0.006038,0.007262,177.037810,0.196816,0.347553,10.436866,11.991788,78.008212,,,REPRESENTATION_X_Y_AXES_ONLY,233.000000,350.000000,0.222118,3661.000000,0.165938,0.183929,0.166373,0.087683,0.023797,0.053836,2.790017,0.088948,0.169627,0.159547,,,REPRESENTATION_X_Y_AXES_ONLY,CANNY_THIN_EDGE_CONNECTIVITY_PROXY_NOT_MORPHOLOGICAL_SKELETON,TELEA_INPAINT_INVALID_PLUS_ERODE_VALID_6PX,1.000000,1.000000,1.000000,1.000000,PASS:55,45.000000,87.000000,0.010345,PASS,AXIS_ORIENTATION_PLUS_ROTATED_ANISOTROPIC_SUPPORT_FOOTPRINT,EQUAL_WINDOW_DIMENSIONS_GRID_DENSITY_MASK_GRAY;ROTATED_ANISOTROPIC_WINDOWS_SAMPLE_DIFFERENT_SOURCE_PIXELS,directly_reviewed_complete,metrics remain separate; no combined score or parameter selection; rotated-window deltas are not pure coordinate-axis attribution
S0MV-GM_RM017-PV003-SEG01|CENTER_PHASE_SHIFT_P8,temporal_counterfactual,TEMPORAL_NEGATIVE,NOT_EVALUATED_DIRECTION_INSENSITIVE_METRICS,APPLICABLE_TO_TEMPORAL_CORRESPONDENCE_CONTROL,GM_RM017,GM_RM017:PV003,temporal_relation_falsification,smoothed_gt,CENTER_TRACKED_BODY,GT_DERIVED_UNSIGNED_BODY,CANDIDATE_LOCAL_REESTIMATED,SOURCE_POSITIVE_GT_CONDITIONED_VIEW_GAP10_DIFF5_RELIABILITY_AND_FINITE_COMMON_VALID_PROJECTED_NO_RESELECTION,7ddc0ea2c9debdb67c200ac1d3fff6fb41d7b648112b792b0937af117df73db0,3b5e1a94ce1fd2acd1b8a4f0c78ee4f7672eb82b97642d7b665b3e54395d5d52,55,1,1,2,1,1,SPARSE_PAIR_EVIDENCE,0.422759,0.885868,13.820716,0.146872,97.000000,329.000000,0.004776,0.012809,0.055623,0.015934,0.001909,0.010991,1.000000,0.859682,0.998132,1.750910,0.149108,30.500000,270.000000,0.016239,0.029493,0.020809,0.021926,0.004816,0.006417,176.065170,0.205264,0.347538,8.009719,4.893578,85.106422,4.893578,85.106422,BODY_LONG_SHORT_AXES,228.000000,357.000000,0.258077,3639.000000,0.171345,0.185577,0.179274,0.092518,-0.004419,-0.022167,2.791094,0.076690,0.167881,0.164842,0.167881,0.164842,BODY_LONG_SHORT_AXES,CANNY_THIN_EDGE_CONNECTIVITY_PROXY_NOT_MORPHOLOGICAL_SKELETON,TELEA_INPAINT_INVALID_PLUS_ERODE_VALID_6PX,1.000000,1.000000,1.000000,1.000000,PASS:55,45.000000,87.000000,0.010406,PASS,AXIS_ORIENTATION_PLUS_ROTATED_ANISOTROPIC_SUPPORT_FOOTPRINT,EQUAL_WINDOW_DIMENSIONS_GRID_DENSITY_MASK_GRAY;ROTATED_ANISOTROPIC_WINDOWS_SAMPLE_DIFFERENT_SOURCE_PIXELS,directly_reviewed_complete,metrics remain separate; no combined score or parameter selection; rotated-window deltas are not pure coordinate-axis attribution
S0MV-GM_RM017-PV004-SEG01|TEMPORAL_SHUFFLE,temporal_counterfactual,TEMPORAL_NEGATIVE,NOT_EVALUATED_DIRECTION_INSENSITIVE_METRICS,APPLICABLE_TO_TEMPORAL_CORRESPONDENCE_CONTROL,GM_RM017,GM_RM017:PV004,temporal_relation_falsification,raw_gt,WORLD_FIXED,REPRESENTATION_DEFINED_AXIS,FIXED_REFERENCE,SOURCE_POSITIVE_GT_CONDITIONED_VIEW_GAP10_DIFF5_RELIABILITY_AND_FINITE_COMMON_VALID_PROJECTED_NO_RESELECTION,d7d699e32cfe5a89f674f94b3439e486b7d5e611002a7e9a1bbb438496c89030,cab0ec7b026c53949910427e44fce37e2837bf490d8df10ec34a8f1def1a236c,58,14,14,19,5,5,PAIR_COUNT_GT4_SHARED_FRAME_REPEATED_EVIDENCE,0.178148,0.908673,12.332068,0.036799,168.000000,686.000000,0.114163,0.394330,0.120067,0.242081,0.039964,0.028362,1.000000,0.144150,0.954133,8.710298,0.068695,172.000000,2133.000000,0.067736,0.181468,0.087424,0.122120,0.018347,0.017239,160.269520,0.140635,0.321075,10.320276,18.369586,71.630414,,,REPRESENTATION_X_Y_AXES_ONLY,207.500000,363.000000,0.742624,2700.000000,0.805819,0.144608,0.778496,0.180845,0.088297,-0.002949,2.826306,0.058282,0.168604,0.159638,,,REPRESENTATION_X_Y_AXES_ONLY,CANNY_THIN_EDGE_CONNECTIVITY_PROXY_NOT_MORPHOLOGICAL_SKELETON,TELEA_INPAINT_INVALID_PLUS_ERODE_VALID_6PX,1.000000,1.000000,1.000000,1.000000,PASS:58,45.000000,64.000000,0.003387,PASS,TRACKED_OR_FIXED_CENTER_WITH_GLOBAL_AXES_AND_EQUAL_WINDOW_DIMENSIONS,EQUAL_WINDOW_DIMENSIONS_GRID_DENSITY_MASK_GRAY;ROTATED_ANISOTROPIC_WINDOWS_SAMPLE_DIFFERENT_SOURCE_PIXELS,directly_reviewed_complete,metrics remain separate; no combined score or parameter selection; rotated-window deltas are not pure coordinate-axis attribution
S0MV-GM_RM017-PV004-SEG01|TEMPORAL_SHUFFLE,temporal_counterfactual,TEMPORAL_NEGATIVE,NOT_EVALUATED_DIRECTION_INSENSITIVE_METRICS,APPLICABLE_TO_TEMPORAL_CORRESPONDENCE_CONTROL,GM_RM017,GM_RM017:PV004,temporal_relation_falsification,raw_gt,CENTER_TRACKED_CARTESIAN,REPRESENTATION_DEFINED_AXIS,FIXED_REFERENCE,SOURCE_POSITIVE_GT_CONDITIONED_VIEW_GAP10_DIFF5_RELIABILITY_AND_FINITE_COMMON_VALID_PROJECTED_NO_RESELECTION,d7d699e32cfe5a89f674f94b3439e486b7d5e611002a7e9a1bbb438496c89030,cab0ec7b026c53949910427e44fce37e2837bf490d8df10ec34a8f1def1a236c,58,14,14,19,5,5,PAIR_COUNT_GT4_SHARED_FRAME_REPEATED_EVIDENCE,0.026841,0.763215,20.038672,0.018182,107.500000,616.000000,0.215936,0.579783,0.134602,0.427350,0.041771,0.042380,1.000000,0.030324,0.949097,9.179944,0.062316,155.000000,1822.000000,0.064589,0.303909,0.087915,0.115620,0.010537,0.016225,158.055902,0.138176,0.324487,15.398842,15.778131,74.221869,,,REPRESENTATION_X_Y_AXES_ONLY,210.000000,389.500000,0.752061,3571.500000,0.808235,0.180054,0.783265,0.192419,0.018922,0.001022,2.838272,0.060545,0.168801,0.162873,,,REPRESENTATION_X_Y_AXES_ONLY,CANNY_THIN_EDGE_CONNECTIVITY_PROXY_NOT_MORPHOLOGICAL_SKELETON,TELEA_INPAINT_INVALID_PLUS_ERODE_VALID_6PX,1.000000,1.000000,1.000000,1.000000,PASS:58,45.000000,64.000000,0.002487,PASS,TRACKED_OR_FIXED_CENTER_WITH_GLOBAL_AXES_AND_EQUAL_WINDOW_DIMENSIONS,EQUAL_WINDOW_DIMENSIONS_GRID_DENSITY_MASK_GRAY;ROTATED_ANISOTROPIC_WINDOWS_SAMPLE_DIFFERENT_SOURCE_PIXELS,directly_reviewed_complete,metrics remain separate; no combined score or parameter selection; rotated-window deltas are not pure coordinate-axis attribution
S0MV-GM_RM017-PV004-SEG01|TEMPORAL_SHUFFLE,temporal_counterfactual,TEMPORAL_NEGATIVE,NOT_EVALUATED_DIRECTION_INSENSITIVE_METRICS,APPLICABLE_TO_TEMPORAL_CORRESPONDENCE_CONTROL,GM_RM017,GM_RM017:PV004,temporal_relation_falsification,raw_gt,CENTER_TRACKED_RADIAL,REPRESENTATION_DEFINED_AXIS,FIXED_REFERENCE,SOURCE_POSITIVE_GT_CONDITIONED_VIEW_GAP10_DIFF5_RELIABILITY_AND_FINITE_COMMON_VALID_PROJECTED_NO_RESELECTION,d7d699e32cfe5a89f674f94b3439e486b7d5e611002a7e9a1bbb438496c89030,cab0ec7b026c53949910427e44fce37e2837bf490d8df10ec34a8f1def1a236c,58,14,14,19,5,5,PAIR_COUNT_GT4_SHARED_FRAME_REPEATED_EVIDENCE,0.007238,0.973265,6.627890,0.016127,108.500000,618.500000,0.151022,0.254702,0.068369,0.343852,0.024606,0.022726,1.000000,0.078819,0.988335,4.379949,0.054192,171.000000,1937.000000,0.070589,0.197344,0.054983,0.138728,0.012934,0.009119,173.015262,0.154594,0.324305,3.985197,6.767284,83.232716,,,REPRESENTATION_X_Y_AXES_ONLY,221.000000,399.000000,0.730352,3620.000000,0.781981,0.181671,0.756687,0.173898,0.027595,0.008142,2.814233,0.075764,0.179464,0.156757,,,REPRESENTATION_X_Y_AXES_ONLY,CANNY_THIN_EDGE_CONNECTIVITY_PROXY_NOT_MORPHOLOGICAL_SKELETON,TELEA_INPAINT_INVALID_PLUS_ERODE_VALID_6PX,1.000000,1.000000,1.000000,1.000000,PASS:58,45.000000,64.500000,0.003754,PASS,AXIS_ORIENTATION_PLUS_ROTATED_ANISOTROPIC_SUPPORT_FOOTPRINT,EQUAL_WINDOW_DIMENSIONS_GRID_DENSITY_MASK_GRAY;ROTATED_ANISOTROPIC_WINDOWS_SAMPLE_DIFFERENT_SOURCE_PIXELS,directly_reviewed_complete,metrics remain separate; no combined score or parameter selection; rotated-window deltas are not pure coordinate-axis attribution
S0MV-GM_RM017-PV004-SEG01|TEMPORAL_SHUFFLE,temporal_counterfactual,TEMPORAL_NEGATIVE,NOT_EVALUATED_DIRECTION_INSENSITIVE_METRICS,APPLICABLE_TO_TEMPORAL_CORRESPONDENCE_CONTROL,GM_RM017,GM_RM017:PV004,temporal_relation_falsification,raw_gt,CENTER_TRACKED_BODY,GT_DERIVED_UNSIGNED_BODY,FIXED_REFERENCE,SOURCE_POSITIVE_GT_CONDITIONED_VIEW_GAP10_DIFF5_RELIABILITY_AND_FINITE_COMMON_VALID_PROJECTED_NO_RESELECTION,d7d699e32cfe5a89f674f94b3439e486b7d5e611002a7e9a1bbb438496c89030,cab0ec7b026c53949910427e44fce37e2837bf490d8df10ec34a8f1def1a236c,58,14,14,19,5,5,PAIR_COUNT_GT4_SHARED_FRAME_REPEATED_EVIDENCE,0.044420,0.851015,15.836879,0.018992,107.500000,626.000000,0.227026,0.562515,0.062503,0.464551,0.030666,0.036897,1.000000,0.044230,0.965537,7.542972,0.067357,158.000000,1654.000000,0.052806,0.281156,0.071670,0.127194,0.010781,0.015288,161.499721,0.137425,0.326609,14.388929,13.881961,76.118039,13.881961,76.118039,BODY_LONG_SHORT_AXES,223.000000,396.500000,0.753212,3595.500000,0.802956,0.180862,0.780084,0.209807,0.022858,0.001298,2.836605,0.072550,0.168903,0.163033,0.168903,0.163033,BODY_LONG_SHORT_AXES,CANNY_THIN_EDGE_CONNECTIVITY_PROXY_NOT_MORPHOLOGICAL_SKELETON,TELEA_INPAINT_INVALID_PLUS_ERODE_VALID_6PX,1.000000,1.000000,1.000000,1.000000,PASS:58,45.000000,63.500000,0.002335,PASS,AXIS_ORIENTATION_PLUS_ROTATED_ANISOTROPIC_SUPPORT_FOOTPRINT,EQUAL_WINDOW_DIMENSIONS_GRID_DENSITY_MASK_GRAY;ROTATED_ANISOTROPIC_WINDOWS_SAMPLE_DIFFERENT_SOURCE_PIXELS,directly_reviewed_complete,metrics remain separate; no combined score or parameter selection; rotated-window deltas are not pure coordinate-axis attribution
S0MV-GM_RM017-PV004-SEG01|TEMPORAL_SHUFFLE,temporal_counterfactual,TEMPORAL_NEGATIVE,NOT_EVALUATED_DIRECTION_INSENSITIVE_METRICS,APPLICABLE_TO_TEMPORAL_CORRESPONDENCE_CONTROL,GM_RM017,GM_RM017:PV004,temporal_relation_falsification,raw_gt,WORLD_FIXED,REPRESENTATION_DEFINED_AXIS,CANDIDATE_LOCAL_REESTIMATED,SOURCE_POSITIVE_GT_CONDITIONED_VIEW_GAP10_DIFF5_RELIABILITY_AND_FINITE_COMMON_VALID_PROJECTED_NO_RESELECTION,d7d699e32cfe5a89f674f94b3439e486b7d5e611002a7e9a1bbb438496c89030,cab0ec7b026c53949910427e44fce37e2837bf490d8df10ec34a8f1def1a236c,58,14,14,19,5,5,PAIR_COUNT_GT4_SHARED_FRAME_REPEATED_EVIDENCE,0.204441,0.906807,12.466084,0.129033,94.500000,664.500000,0.021618,0.094865,0.020295,0.021179,0.009462,0.009540,1.000000,0.179224,0.958825,8.249518,0.128847,42.000000,461.000000,0.026520,0.065122,0.028326,0.020791,0.005520,0.005486,159.504876,0.111491,0.329324,8.117993,18.710287,71.289713,,,REPRESENTATION_X_Y_AXES_ONLY,408.000000,528.000000,0.108650,4193.000000,0.096560,0.222580,0.084242,0.065673,0.058182,-0.029710,2.746438,0.050238,0.165953,0.166665,,,REPRESENTATION_X_Y_AXES_ONLY,CANNY_THIN_EDGE_CONNECTIVITY_PROXY_NOT_MORPHOLOGICAL_SKELETON,TELEA_INPAINT_INVALID_PLUS_ERODE_VALID_6PX,1.000000,1.000000,1.000000,1.000000,PASS:58,44.000000,64.000000,0.010803,PASS,TRACKED_OR_FIXED_CENTER_WITH_GLOBAL_AXES_AND_EQUAL_WINDOW_DIMENSIONS,EQUAL_WINDOW_DIMENSIONS_GRID_DENSITY_MASK_GRAY;ROTATED_ANISOTROPIC_WINDOWS_SAMPLE_DIFFERENT_SOURCE_PIXELS,directly_reviewed_complete,metrics remain separate; no combined score or parameter selection; rotated-window deltas are not pure coordinate-axis attribution
S0MV-GM_RM017-PV004-SEG01|TEMPORAL_SHUFFLE,temporal_counterfactual,TEMPORAL_NEGATIVE,NOT_EVALUATED_DIRECTION_INSENSITIVE_METRICS,APPLICABLE_TO_TEMPORAL_CORRESPONDENCE_CONTROL,GM_RM017,GM_RM017:PV004,temporal_relation_falsification,raw_gt,CENTER_TRACKED_CARTESIAN,REPRESENTATION_DEFINED_AXIS,CANDIDATE_LOCAL_REESTIMATED,SOURCE_POSITIVE_GT_CONDITIONED_VIEW_GAP10_DIFF5_RELIABILITY_AND_FINITE_COMMON_VALID_PROJECTED_NO_RESELECTION,d7d699e32cfe5a89f674f94b3439e486b7d5e611002a7e9a1bbb438496c89030,cab0ec7b026c53949910427e44fce37e2837bf490d8df10ec34a8f1def1a236c,58,14,14,19,5,5,PAIR_COUNT_GT4_SHARED_FRAME_REPEATED_EVIDENCE,0.042498,0.951818,8.928589,0.143509,22.000000,272.000000,0.026277,0.041925,0.026886,0.010549,0.006855,0.005040,1.000000,0.033911,0.984906,4.983829,0.136615,49.000000,471.000000,0.018596,0.050658,0.026062,0.022032,0.005306,0.007803,154.600456,0.114465,0.330252,19.232089,19.644168,70.355832,,,REPRESENTATION_X_Y_AXES_ONLY,423.500000,540.500000,0.150864,4385.000000,0.133321,0.232986,0.127426,0.070412,0.029496,-0.026806,2.761752,0.043477,0.165999,0.169817,,,REPRESENTATION_X_Y_AXES_ONLY,CANNY_THIN_EDGE_CONNECTIVITY_PROXY_NOT_MORPHOLOGICAL_SKELETON,TELEA_INPAINT_INVALID_PLUS_ERODE_VALID_6PX,1.000000,1.000000,1.000000,1.000000,PASS:58,44.500000,64.000000,0.010910,PASS,TRACKED_OR_FIXED_CENTER_WITH_GLOBAL_AXES_AND_EQUAL_WINDOW_DIMENSIONS,EQUAL_WINDOW_DIMENSIONS_GRID_DENSITY_MASK_GRAY;ROTATED_ANISOTROPIC_WINDOWS_SAMPLE_DIFFERENT_SOURCE_PIXELS,directly_reviewed_complete,metrics remain separate; no combined score or parameter selection; rotated-window deltas are not pure coordinate-axis attribution
S0MV-GM_RM017-PV004-SEG01|TEMPORAL_SHUFFLE,temporal_counterfactual,TEMPORAL_NEGATIVE,NOT_EVALUATED_DIRECTION_INSENSITIVE_METRICS,APPLICABLE_TO_TEMPORAL_CORRESPONDENCE_CONTROL,GM_RM017,GM_RM017:PV004,temporal_relation_falsification,raw_gt,CENTER_TRACKED_RADIAL,REPRESENTATION_DEFINED_AXIS,CANDIDATE_LOCAL_REESTIMATED,SOURCE_POSITIVE_GT_CONDITIONED_VIEW_GAP10_DIFF5_RELIABILITY_AND_FINITE_COMMON_VALID_PROJECTED_NO_RESELECTION,d7d699e32cfe5a89f674f94b3439e486b7d5e611002a7e9a1bbb438496c89030,cab0ec7b026c53949910427e44fce37e2837bf490d8df10ec34a8f1def1a236c,58,14,14,19,5,5,PAIR_COUNT_GT4_SHARED_FRAME_REPEATED_EVIDENCE,0.045971,0.970019,7.029589,0.132279,47.500000,535.500000,0.006488,0.074148,0.023455,0.048948,0.010262,0.010399,1.000000,0.119818,0.984325,5.078956,0.131445,56.000000,505.000000,0.022638,0.057519,0.024707,0.048413,0.007417,0.004602,173.427058,0.116181,0.325970,5.115167,7.410502,82.589498,,,REPRESENTATION_X_Y_AXES_ONLY,404.000000,516.000000,0.157595,4243.000000,0.130665,0.220627,0.125155,0.091046,0.063691,0.038109,2.762346,0.081005,0.172914,0.160262,,,REPRESENTATION_X_Y_AXES_ONLY,CANNY_THIN_EDGE_CONNECTIVITY_PROXY_NOT_MORPHOLOGICAL_SKELETON,TELEA_INPAINT_INVALID_PLUS_ERODE_VALID_6PX,1.000000,1.000000,1.000000,1.000000,PASS:58,45.000000,64.500000,0.010742,PASS,AXIS_ORIENTATION_PLUS_ROTATED_ANISOTROPIC_SUPPORT_FOOTPRINT,EQUAL_WINDOW_DIMENSIONS_GRID_DENSITY_MASK_GRAY;ROTATED_ANISOTROPIC_WINDOWS_SAMPLE_DIFFERENT_SOURCE_PIXELS,directly_reviewed_complete,metrics remain separate; no combined score or parameter selection; rotated-window deltas are not pure coordinate-axis attribution
S0MV-GM_RM017-PV004-SEG01|TEMPORAL_SHUFFLE,temporal_counterfactual,TEMPORAL_NEGATIVE,NOT_EVALUATED_DIRECTION_INSENSITIVE_METRICS,APPLICABLE_TO_TEMPORAL_CORRESPONDENCE_CONTROL,GM_RM017,GM_RM017:PV004,temporal_relation_falsification,raw_gt,CENTER_TRACKED_BODY,GT_DERIVED_UNSIGNED_BODY,CANDIDATE_LOCAL_REESTIMATED,SOURCE_POSITIVE_GT_CONDITIONED_VIEW_GAP10_DIFF5_RELIABILITY_AND_FINITE_COMMON_VALID_PROJECTED_NO_RESELECTION,d7d699e32cfe5a89f674f94b3439e486b7d5e611002a7e9a1bbb438496c89030,cab0ec7b026c53949910427e44fce37e2837bf490d8df10ec34a8f1def1a236c,58,14,14,19,5,5,PAIR_COUNT_GT4_SHARED_FRAME_REPEATED_EVIDENCE,0.043362,0.972820,6.591323,0.141777,44.500000,279.000000,0.011560,0.031799,0.037764,0.008128,0.005924,0.003883,1.000000,0.057886,0.983116,5.271807,0.134509,38.000000,407.000000,0.014806,0.056718,0.026049,0.024385,0.004879,0.007479,157.785985,0.112520,0.329989,18.238746,17.363719,72.636281,17.363719,72.636281,BODY_LONG_SHORT_AXES,428.000000,534.500000,0.150100,4347.500000,0.124163,0.228546,0.118912,0.069951,0.038443,-0.034309,2.764972,0.056056,0.167090,0.168769,0.167090,0.168769,BODY_LONG_SHORT_AXES,CANNY_THIN_EDGE_CONNECTIVITY_PROXY_NOT_MORPHOLOGICAL_SKELETON,TELEA_INPAINT_INVALID_PLUS_ERODE_VALID_6PX,1.000000,1.000000,1.000000,1.000000,PASS:58,44.500000,63.500000,0.010773,PASS,AXIS_ORIENTATION_PLUS_ROTATED_ANISOTROPIC_SUPPORT_FOOTPRINT,EQUAL_WINDOW_DIMENSIONS_GRID_DENSITY_MASK_GRAY;ROTATED_ANISOTROPIC_WINDOWS_SAMPLE_DIFFERENT_SOURCE_PIXELS,directly_reviewed_complete,metrics remain separate; no combined score or parameter selection; rotated-window deltas are not pure coordinate-axis attribution
S0MV-GM_RM017-PV004-SEG01|TEMPORAL_SHUFFLE,temporal_counterfactual,TEMPORAL_NEGATIVE,NOT_EVALUATED_DIRECTION_INSENSITIVE_METRICS,APPLICABLE_TO_TEMPORAL_CORRESPONDENCE_CONTROL,GM_RM017,GM_RM017:PV004,temporal_relation_falsification,smoothed_gt,WORLD_FIXED,REPRESENTATION_DEFINED_AXIS,FIXED_REFERENCE,SOURCE_POSITIVE_GT_CONDITIONED_VIEW_GAP10_DIFF5_RELIABILITY_AND_FINITE_COMMON_VALID_PROJECTED_NO_RESELECTION,eb14eb59a5003dab80c0bbc1fd0121984baa56d87fae334f38a6b126ae1f1b26,405eac680a90ab0e46a3a8af558a750d417ca7edd14276b758184cfa2071e799,58,3,3,4,2,1,SPARSE_PAIR_EVIDENCE,0.573218,0.917350,11.729170,0.057088,19.000000,28.000000,0.017103,0.087893,0.121926,0.202314,0.051829,0.030332,1.000000,0.145677,0.954114,8.712060,0.071248,146.000000,1992.000000,0.066482,0.182457,0.086346,0.102101,0.019447,0.021754,160.319847,0.140709,0.319583,10.057375,18.601414,71.398586,,,REPRESENTATION_X_Y_AXES_ONLY,211.500000,357.500000,0.738261,2698.000000,0.806099,0.144104,0.778069,0.183410,0.084923,-0.001814,2.823908,0.055417,0.168090,0.163291,,,REPRESENTATION_X_Y_AXES_ONLY,CANNY_THIN_EDGE_CONNECTIVITY_PROXY_NOT_MORPHOLOGICAL_SKELETON,TELEA_INPAINT_INVALID_PLUS_ERODE_VALID_6PX,1.000000,1.000000,1.000000,1.000000,PASS:58,45.000000,64.000000,0.003296,PASS,TRACKED_OR_FIXED_CENTER_WITH_GLOBAL_AXES_AND_EQUAL_WINDOW_DIMENSIONS,EQUAL_WINDOW_DIMENSIONS_GRID_DENSITY_MASK_GRAY;ROTATED_ANISOTROPIC_WINDOWS_SAMPLE_DIFFERENT_SOURCE_PIXELS,directly_reviewed_complete,metrics remain separate; no combined score or parameter selection; rotated-window deltas are not pure coordinate-axis attribution
S0MV-GM_RM017-PV004-SEG01|TEMPORAL_SHUFFLE,temporal_counterfactual,TEMPORAL_NEGATIVE,NOT_EVALUATED_DIRECTION_INSENSITIVE_METRICS,APPLICABLE_TO_TEMPORAL_CORRESPONDENCE_CONTROL,GM_RM017,GM_RM017:PV004,temporal_relation_falsification,smoothed_gt,CENTER_TRACKED_CARTESIAN,REPRESENTATION_DEFINED_AXIS,FIXED_REFERENCE,SOURCE_POSITIVE_GT_CONDITIONED_VIEW_GAP10_DIFF5_RELIABILITY_AND_FINITE_COMMON_VALID_PROJECTED_NO_RESELECTION,eb14eb59a5003dab80c0bbc1fd0121984baa56d87fae334f38a6b126ae1f1b26,405eac680a90ab0e46a3a8af558a750d417ca7edd14276b758184cfa2071e799,58,3,3,4,2,1,SPARSE_PAIR_EVIDENCE,-0.003164,0.936689,10.248614,0.001368,30.000000,63.000000,0.115248,0.660212,0.123291,0.373128,0.027129,0.058226,1.000000,0.028326,0.957708,8.361408,0.069379,160.000000,1683.000000,0.060666,0.286437,0.086645,0.118408,0.008982,0.017458,159.161897,0.132024,0.324873,14.302945,14.736431,75.263569,,,REPRESENTATION_X_Y_AXES_ONLY,203.500000,402.000000,0.750971,3557.000000,0.811025,0.179550,0.785772,0.196987,0.023757,0.002794,2.828570,0.069085,0.170119,0.163078,,,REPRESENTATION_X_Y_AXES_ONLY,CANNY_THIN_EDGE_CONNECTIVITY_PROXY_NOT_MORPHOLOGICAL_SKELETON,TELEA_INPAINT_INVALID_PLUS_ERODE_VALID_6PX,1.000000,1.000000,1.000000,1.000000,PASS:58,45.000000,63.500000,0.002396,PASS,TRACKED_OR_FIXED_CENTER_WITH_GLOBAL_AXES_AND_EQUAL_WINDOW_DIMENSIONS,EQUAL_WINDOW_DIMENSIONS_GRID_DENSITY_MASK_GRAY;ROTATED_ANISOTROPIC_WINDOWS_SAMPLE_DIFFERENT_SOURCE_PIXELS,directly_reviewed_complete,metrics remain separate; no combined score or parameter selection; rotated-window deltas are not pure coordinate-axis attribution
S0MV-GM_RM017-PV004-SEG01|TEMPORAL_SHUFFLE,temporal_counterfactual,TEMPORAL_NEGATIVE,NOT_EVALUATED_DIRECTION_INSENSITIVE_METRICS,APPLICABLE_TO_TEMPORAL_CORRESPONDENCE_CONTROL,GM_RM017,GM_RM017:PV004,temporal_relation_falsification,smoothed_gt,CENTER_TRACKED_RADIAL,REPRESENTATION_DEFINED_AXIS,FIXED_REFERENCE,SOURCE_POSITIVE_GT_CONDITIONED_VIEW_GAP10_DIFF5_RELIABILITY_AND_FINITE_COMMON_VALID_PROJECTED_NO_RESELECTION,eb14eb59a5003dab80c0bbc1fd0121984baa56d87fae334f38a6b126ae1f1b26,405eac680a90ab0e46a3a8af558a750d417ca7edd14276b758184cfa2071e799,58,3,3,4,2,1,SPARSE_PAIR_EVIDENCE,0.237154,0.938755,10.078283,0.042484,21.000000,68.000000,0.141516,0.216361,0.135087,0.239455,0.037904,0.006140,1.000000,0.076010,0.988276,4.391082,0.061895,171.000000,1818.000000,0.059324,0.192759,0.070961,0.150463,0.014901,0.008695,172.808526,0.156733,0.327173,4.096898,6.628327,83.371673,,,REPRESENTATION_X_Y_AXES_ONLY,215.000000,407.500000,0.728622,3642.000000,0.781877,0.180756,0.757038,0.179497,0.034682,0.005950,2.838368,0.084492,0.177880,0.157586,,,REPRESENTATION_X_Y_AXES_ONLY,CANNY_THIN_EDGE_CONNECTIVITY_PROXY_NOT_MORPHOLOGICAL_SKELETON,TELEA_INPAINT_INVALID_PLUS_ERODE_VALID_6PX,1.000000,1.000000,1.000000,1.000000,PASS:58,45.000000,64.500000,0.003723,PASS,AXIS_ORIENTATION_PLUS_ROTATED_ANISOTROPIC_SUPPORT_FOOTPRINT,EQUAL_WINDOW_DIMENSIONS_GRID_DENSITY_MASK_GRAY;ROTATED_ANISOTROPIC_WINDOWS_SAMPLE_DIFFERENT_SOURCE_PIXELS,directly_reviewed_complete,metrics remain separate; no combined score or parameter selection; rotated-window deltas are not pure coordinate-axis attribution
S0MV-GM_RM017-PV004-SEG01|TEMPORAL_SHUFFLE,temporal_counterfactual,TEMPORAL_NEGATIVE,NOT_EVALUATED_DIRECTION_INSENSITIVE_METRICS,APPLICABLE_TO_TEMPORAL_CORRESPONDENCE_CONTROL,GM_RM017,GM_RM017:PV004,temporal_relation_falsification,smoothed_gt,CENTER_TRACKED_BODY,GT_DERIVED_UNSIGNED_BODY,FIXED_REFERENCE,SOURCE_POSITIVE_GT_CONDITIONED_VIEW_GAP10_DIFF5_RELIABILITY_AND_FINITE_COMMON_VALID_PROJECTED_NO_RESELECTION,eb14eb59a5003dab80c0bbc1fd0121984baa56d87fae334f38a6b126ae1f1b26,405eac680a90ab0e46a3a8af558a750d417ca7edd14276b758184cfa2071e799,58,3,3,4,2,1,SPARSE_PAIR_EVIDENCE,-0.003303,0.910576,12.207475,0.001332,8.000000,62.000000,0.127772,0.576640,0.036171,0.371334,0.009522,0.048999,1.000000,0.039442,0.960635,8.064827,0.066661,151.000000,1704.000000,0.057079,0.287156,0.067895,0.142240,0.013318,0.014380,161.705584,0.144037,0.324728,14.281205,14.882421,75.117579,14.882421,75.117579,BODY_LONG_SHORT_AXES,201.500000,385.500000,0.743695,3649.500000,0.805039,0.181473,0.781535,0.174730,0.027557,-0.001190,2.820635,0.076720,0.171608,0.164248,0.171608,0.164248,BODY_LONG_SHORT_AXES,CANNY_THIN_EDGE_CONNECTIVITY_PROXY_NOT_MORPHOLOGICAL_SKELETON,TELEA_INPAINT_INVALID_PLUS_ERODE_VALID_6PX,1.000000,1.000000,1.000000,1.000000,PASS:58,45.000000,63.500000,0.002365,PASS,AXIS_ORIENTATION_PLUS_ROTATED_ANISOTROPIC_SUPPORT_FOOTPRINT,EQUAL_WINDOW_DIMENSIONS_GRID_DENSITY_MASK_GRAY;ROTATED_ANISOTROPIC_WINDOWS_SAMPLE_DIFFERENT_SOURCE_PIXELS,directly_reviewed_complete,metrics remain separate; no combined score or parameter selection; rotated-window deltas are not pure coordinate-axis attribution
S0MV-GM_RM017-PV004-SEG01|TEMPORAL_SHUFFLE,temporal_counterfactual,TEMPORAL_NEGATIVE,NOT_EVALUATED_DIRECTION_INSENSITIVE_METRICS,APPLICABLE_TO_TEMPORAL_CORRESPONDENCE_CONTROL,GM_RM017,GM_RM017:PV004,temporal_relation_falsification,smoothed_gt,WORLD_FIXED,REPRESENTATION_DEFINED_AXIS,CANDIDATE_LOCAL_REESTIMATED,SOURCE_POSITIVE_GT_CONDITIONED_VIEW_GAP10_DIFF5_RELIABILITY_AND_FINITE_COMMON_VALID_PROJECTED_NO_RESELECTION,eb14eb59a5003dab80c0bbc1fd0121984baa56d87fae334f38a6b126ae1f1b26,405eac680a90ab0e46a3a8af558a750d417ca7edd14276b758184cfa2071e799,58,3,3,4,2,1,SPARSE_PAIR_EVIDENCE,0.388522,0.445460,31.773600,0.129745,68.000000,260.000000,0.037701,0.038423,0.021881,0.034278,0.012423,0.011306,1.000000,0.179085,0.960808,8.046970,0.127936,57.000000,449.000000,0.018386,0.064297,0.033961,0.020106,0.006680,0.006054,159.579557,0.112374,0.328441,7.981236,18.447369,71.552631,,,REPRESENTATION_X_Y_AXES_ONLY,407.500000,522.500000,0.118976,4190.000000,0.096238,0.222366,0.084286,0.070416,0.055722,-0.029904,2.754186,0.047509,0.166203,0.167953,,,REPRESENTATION_X_Y_AXES_ONLY,CANNY_THIN_EDGE_CONNECTIVITY_PROXY_NOT_MORPHOLOGICAL_SKELETON,TELEA_INPAINT_INVALID_PLUS_ERODE_VALID_6PX,1.000000,1.000000,1.000000,1.000000,PASS:58,44.000000,64.000000,0.010757,PASS,TRACKED_OR_FIXED_CENTER_WITH_GLOBAL_AXES_AND_EQUAL_WINDOW_DIMENSIONS,EQUAL_WINDOW_DIMENSIONS_GRID_DENSITY_MASK_GRAY;ROTATED_ANISOTROPIC_WINDOWS_SAMPLE_DIFFERENT_SOURCE_PIXELS,directly_reviewed_complete,metrics remain separate; no combined score or parameter selection; rotated-window deltas are not pure coordinate-axis attribution
S0MV-GM_RM017-PV004-SEG01|TEMPORAL_SHUFFLE,temporal_counterfactual,TEMPORAL_NEGATIVE,NOT_EVALUATED_DIRECTION_INSENSITIVE_METRICS,APPLICABLE_TO_TEMPORAL_CORRESPONDENCE_CONTROL,GM_RM017,GM_RM017:PV004,temporal_relation_falsification,smoothed_gt,CENTER_TRACKED_CARTESIAN,REPRESENTATION_DEFINED_AXIS,CANDIDATE_LOCAL_REESTIMATED,SOURCE_POSITIVE_GT_CONDITIONED_VIEW_GAP10_DIFF5_RELIABILITY_AND_FINITE_COMMON_VALID_PROJECTED_NO_RESELECTION,eb14eb59a5003dab80c0bbc1fd0121984baa56d87fae334f38a6b126ae1f1b26,405eac680a90ab0e46a3a8af558a750d417ca7edd14276b758184cfa2071e799,58,3,3,4,2,1,SPARSE_PAIR_EVIDENCE,-0.019103,0.026279,44.247088,0.136934,46.000000,594.000000,0.053415,0.029624,0.034340,0.015063,0.004594,0.016270,1.000000,0.046161,0.981546,5.512243,0.137620,40.000000,463.000000,0.020904,0.047413,0.023371,0.019661,0.006048,0.006269,154.556864,0.119044,0.330446,19.277249,19.396368,70.603632,,,REPRESENTATION_X_Y_AXES_ONLY,419.000000,544.000000,0.151863,4392.500000,0.125005,0.233185,0.119990,0.072672,0.030323,-0.031560,2.765896,0.044849,0.165752,0.169439,,,REPRESENTATION_X_Y_AXES_ONLY,CANNY_THIN_EDGE_CONNECTIVITY_PROXY_NOT_MORPHOLOGICAL_SKELETON,TELEA_INPAINT_INVALID_PLUS_ERODE_VALID_6PX,1.000000,1.000000,1.000000,1.000000,PASS:58,44.500000,63.500000,0.010803,PASS,TRACKED_OR_FIXED_CENTER_WITH_GLOBAL_AXES_AND_EQUAL_WINDOW_DIMENSIONS,EQUAL_WINDOW_DIMENSIONS_GRID_DENSITY_MASK_GRAY;ROTATED_ANISOTROPIC_WINDOWS_SAMPLE_DIFFERENT_SOURCE_PIXELS,directly_reviewed_complete,metrics remain separate; no combined score or parameter selection; rotated-window deltas are not pure coordinate-axis attribution
S0MV-GM_RM017-PV004-SEG01|TEMPORAL_SHUFFLE,temporal_counterfactual,TEMPORAL_NEGATIVE,NOT_EVALUATED_DIRECTION_INSENSITIVE_METRICS,APPLICABLE_TO_TEMPORAL_CORRESPONDENCE_CONTROL,GM_RM017,GM_RM017:PV004,temporal_relation_falsification,smoothed_gt,CENTER_TRACKED_RADIAL,REPRESENTATION_DEFINED_AXIS,CANDIDATE_LOCAL_REESTIMATED,SOURCE_POSITIVE_GT_CONDITIONED_VIEW_GAP10_DIFF5_RELIABILITY_AND_FINITE_COMMON_VALID_PROJECTED_NO_RESELECTION,eb14eb59a5003dab80c0bbc1fd0121984baa56d87fae334f38a6b126ae1f1b26,405eac680a90ab0e46a3a8af558a750d417ca7edd14276b758184cfa2071e799,58,3,3,4,2,1,SPARSE_PAIR_EVIDENCE,0.217226,0.966685,7.415476,0.137316,51.000000,171.000000,0.016619,0.026695,0.024013,0.084627,0.009803,0.009604,1.000000,0.125211,0.984689,5.019538,0.131349,52.000000,440.000000,0.024175,0.058317,0.030073,0.038586,0.007060,0.005835,173.216169,0.116410,0.325824,4.784487,7.807326,82.192674,,,REPRESENTATION_X_Y_AXES_ONLY,398.000000,513.000000,0.151791,4267.500000,0.120161,0.220993,0.115474,0.090574,0.065658,0.042703,2.759774,0.073141,0.173288,0.160493,,,REPRESENTATION_X_Y_AXES_ONLY,CANNY_THIN_EDGE_CONNECTIVITY_PROXY_NOT_MORPHOLOGICAL_SKELETON,TELEA_INPAINT_INVALID_PLUS_ERODE_VALID_6PX,1.000000,1.000000,1.000000,1.000000,PASS:58,45.000000,64.500000,0.010651,PASS,AXIS_ORIENTATION_PLUS_ROTATED_ANISOTROPIC_SUPPORT_FOOTPRINT,EQUAL_WINDOW_DIMENSIONS_GRID_DENSITY_MASK_GRAY;ROTATED_ANISOTROPIC_WINDOWS_SAMPLE_DIFFERENT_SOURCE_PIXELS,directly_reviewed_complete,metrics remain separate; no combined score or parameter selection; rotated-window deltas are not pure coordinate-axis attribution
S0MV-GM_RM017-PV004-SEG01|TEMPORAL_SHUFFLE,temporal_counterfactual,TEMPORAL_NEGATIVE,NOT_EVALUATED_DIRECTION_INSENSITIVE_METRICS,APPLICABLE_TO_TEMPORAL_CORRESPONDENCE_CONTROL,GM_RM017,GM_RM017:PV004,temporal_relation_falsification,smoothed_gt,CENTER_TRACKED_BODY,GT_DERIVED_UNSIGNED_BODY,CANDIDATE_LOCAL_REESTIMATED,SOURCE_POSITIVE_GT_CONDITIONED_VIEW_GAP10_DIFF5_RELIABILITY_AND_FINITE_COMMON_VALID_PROJECTED_NO_RESELECTION,eb14eb59a5003dab80c0bbc1fd0121984baa56d87fae334f38a6b126ae1f1b26,405eac680a90ab0e46a3a8af558a750d417ca7edd14276b758184cfa2071e799,58,3,3,4,2,1,SPARSE_PAIR_EVIDENCE,-0.005453,0.160100,40.393639,0.139633,39.000000,202.000000,0.007469,0.032603,0.027622,0.008429,0.005024,0.009984,1.000000,0.052043,0.986731,4.672115,0.137614,44.000000,418.000000,0.016694,0.050453,0.028250,0.026060,0.004691,0.007368,157.890734,0.109814,0.329830,18.432299,16.759244,73.240756,16.759244,73.240756,BODY_LONG_SHORT_AXES,421.000000,535.500000,0.141836,4419.000000,0.116862,0.231949,0.110023,0.063187,0.036491,-0.027473,2.766326,0.053552,0.166237,0.168514,0.166237,0.168514,BODY_LONG_SHORT_AXES,CANNY_THIN_EDGE_CONNECTIVITY_PROXY_NOT_MORPHOLOGICAL_SKELETON,TELEA_INPAINT_INVALID_PLUS_ERODE_VALID_6PX,1.000000,1.000000,1.000000,1.000000,PASS:58,44.500000,63.500000,0.010818,PASS,AXIS_ORIENTATION_PLUS_ROTATED_ANISOTROPIC_SUPPORT_FOOTPRINT,EQUAL_WINDOW_DIMENSIONS_GRID_DENSITY_MASK_GRAY;ROTATED_ANISOTROPIC_WINDOWS_SAMPLE_DIFFERENT_SOURCE_PIXELS,directly_reviewed_complete,metrics remain separate; no combined score or parameter selection; rotated-window deltas are not pure coordinate-axis attribution
S0MV-GM_RM017-PV004-SEG01|TEMPORAL_REVERSE,temporal_counterfactual,TEMPORAL_NEGATIVE,NOT_APPLICABLE_TO_TIME_REVERSAL,APPLICABLE_TO_TEMPORAL_CORRESPONDENCE_CONTROL,GM_RM017,GM_RM017:PV004,temporal_relation_falsification,raw_gt,WORLD_FIXED,REPRESENTATION_DEFINED_AXIS,FIXED_REFERENCE,SOURCE_POSITIVE_GT_CONDITIONED_VIEW_GAP10_DIFF5_RELIABILITY_AND_FINITE_COMMON_VALID_PROJECTED_NO_RESELECTION,d7d699e32cfe5a89f674f94b3439e486b7d5e611002a7e9a1bbb438496c89030,cab0ec7b026c53949910427e44fce37e2837bf490d8df10ec34a8f1def1a236c,58,14,14,19,5,5,PAIR_COUNT_GT4_SHARED_FRAME_REPEATED_EVIDENCE,0.384924,0.994754,2.921136,0.047975,62.500000,415.500000,0.125896,0.265689,0.191071,0.265279,0.048934,0.008840,1.000000,0.574700,0.995309,2.775926,0.133178,44.000000,270.000000,0.039061,0.069314,0.038742,0.046954,0.008442,0.006450,160.070444,0.154713,0.323475,10.630210,18.255964,71.744036,,,REPRESENTATION_X_Y_AXES_ONLY,215.000000,332.000000,0.751650,2796.500000,0.839775,0.144577,0.805265,0.229186,0.086998,-0.002054,2.812085,0.119634,0.167110,0.162328,,,REPRESENTATION_X_Y_AXES_ONLY,CANNY_THIN_EDGE_CONNECTIVITY_PROXY_NOT_MORPHOLOGICAL_SKELETON,TELEA_INPAINT_INVALID_PLUS_ERODE_VALID_6PX,1.000000,1.000000,1.000000,1.000000,PASS:58,45.000000,64.000000,0.003387,PASS,TRACKED_OR_FIXED_CENTER_WITH_GLOBAL_AXES_AND_EQUAL_WINDOW_DIMENSIONS,EQUAL_WINDOW_DIMENSIONS_GRID_DENSITY_MASK_GRAY;ROTATED_ANISOTROPIC_WINDOWS_SAMPLE_DIFFERENT_SOURCE_PIXELS,directly_reviewed_complete,metrics remain separate; no combined score or parameter selection; rotated-window deltas are not pure coordinate-axis attribution
S0MV-GM_RM017-PV004-SEG01|TEMPORAL_REVERSE,temporal_counterfactual,TEMPORAL_NEGATIVE,NOT_APPLICABLE_TO_TIME_REVERSAL,APPLICABLE_TO_TEMPORAL_CORRESPONDENCE_CONTROL,GM_RM017,GM_RM017:PV004,temporal_relation_falsification,raw_gt,CENTER_TRACKED_CARTESIAN,REPRESENTATION_DEFINED_AXIS,FIXED_REFERENCE,SOURCE_POSITIVE_GT_CONDITIONED_VIEW_GAP10_DIFF5_RELIABILITY_AND_FINITE_COMMON_VALID_PROJECTED_NO_RESELECTION,d7d699e32cfe5a89f674f94b3439e486b7d5e611002a7e9a1bbb438496c89030,cab0ec7b026c53949910427e44fce37e2837bf490d8df10ec34a8f1def1a236c,58,14,14,19,5,5,PAIR_COUNT_GT4_SHARED_FRAME_REPEATED_EVIDENCE,-0.006588,0.745472,20.899959,0.000000,55.000000,315.500000,0.053358,0.405680,0.156948,0.679318,0.027630,0.042210,1.000000,0.403812,0.975181,6.395858,0.104260,49.000000,282.000000,0.035551,0.060370,0.047220,0.036825,0.006884,0.008484,159.763462,0.134719,0.323127,8.553415,16.057040,73.942960,,,REPRESENTATION_X_Y_AXES_ONLY,226.500000,315.000000,0.779236,2747.500000,0.856444,0.142380,0.827332,0.201800,0.008414,0.003799,2.804758,0.097138,0.167984,0.166530,,,REPRESENTATION_X_Y_AXES_ONLY,CANNY_THIN_EDGE_CONNECTIVITY_PROXY_NOT_MORPHOLOGICAL_SKELETON,TELEA_INPAINT_INVALID_PLUS_ERODE_VALID_6PX,1.000000,1.000000,1.000000,1.000000,PASS:58,45.000000,63.500000,0.002441,PASS,TRACKED_OR_FIXED_CENTER_WITH_GLOBAL_AXES_AND_EQUAL_WINDOW_DIMENSIONS,EQUAL_WINDOW_DIMENSIONS_GRID_DENSITY_MASK_GRAY;ROTATED_ANISOTROPIC_WINDOWS_SAMPLE_DIFFERENT_SOURCE_PIXELS,directly_reviewed_complete,metrics remain separate; no combined score or parameter selection; rotated-window deltas are not pure coordinate-axis attribution
S0MV-GM_RM017-PV004-SEG01|TEMPORAL_REVERSE,temporal_counterfactual,TEMPORAL_NEGATIVE,NOT_APPLICABLE_TO_TIME_REVERSAL,APPLICABLE_TO_TEMPORAL_CORRESPONDENCE_CONTROL,GM_RM017,GM_RM017:PV004,temporal_relation_falsification,raw_gt,CENTER_TRACKED_RADIAL,REPRESENTATION_DEFINED_AXIS,FIXED_REFERENCE,SOURCE_POSITIVE_GT_CONDITIONED_VIEW_GAP10_DIFF5_RELIABILITY_AND_FINITE_COMMON_VALID_PROJECTED_NO_RESELECTION,d7d699e32cfe5a89f674f94b3439e486b7d5e611002a7e9a1bbb438496c89030,cab0ec7b026c53949910427e44fce37e2837bf490d8df10ec34a8f1def1a236c,58,14,14,19,5,5,PAIR_COUNT_GT4_SHARED_FRAME_REPEATED_EVIDENCE,0.006286,0.967337,7.342068,0.010223,43.000000,263.000000,0.084560,0.278250,0.083114,0.384427,0.046129,0.025405,1.000000,0.389734,0.987203,4.588056,0.122093,40.000000,315.000000,0.038209,0.087976,0.043771,0.050281,0.012841,0.007612,171.122923,0.157440,0.319097,3.921910,9.262490,80.737510,,,REPRESENTATION_X_Y_AXES_ONLY,228.500000,368.000000,0.750645,3002.500000,0.827404,0.150833,0.795801,0.223087,0.041890,0.008699,2.807765,0.098622,0.175701,0.157795,,,REPRESENTATION_X_Y_AXES_ONLY,CANNY_THIN_EDGE_CONNECTIVITY_PROXY_NOT_MORPHOLOGICAL_SKELETON,TELEA_INPAINT_INVALID_PLUS_ERODE_VALID_6PX,1.000000,1.000000,1.000000,1.000000,PASS:58,45.000000,63.000000,0.002396,PASS,AXIS_ORIENTATION_PLUS_ROTATED_ANISOTROPIC_SUPPORT_FOOTPRINT,EQUAL_WINDOW_DIMENSIONS_GRID_DENSITY_MASK_GRAY;ROTATED_ANISOTROPIC_WINDOWS_SAMPLE_DIFFERENT_SOURCE_PIXELS,directly_reviewed_complete,metrics remain separate; no combined score or parameter selection; rotated-window deltas are not pure coordinate-axis attribution
S0MV-GM_RM017-PV004-SEG01|TEMPORAL_REVERSE,temporal_counterfactual,TEMPORAL_NEGATIVE,NOT_APPLICABLE_TO_TIME_REVERSAL,APPLICABLE_TO_TEMPORAL_CORRESPONDENCE_CONTROL,GM_RM017,GM_RM017:PV004,temporal_relation_falsification,raw_gt,CENTER_TRACKED_BODY,GT_DERIVED_UNSIGNED_BODY,FIXED_REFERENCE,SOURCE_POSITIVE_GT_CONDITIONED_VIEW_GAP10_DIFF5_RELIABILITY_AND_FINITE_COMMON_VALID_PROJECTED_NO_RESELECTION,d7d699e32cfe5a89f674f94b3439e486b7d5e611002a7e9a1bbb438496c89030,cab0ec7b026c53949910427e44fce37e2837bf490d8df10ec34a8f1def1a236c,58,14,14,19,5,5,PAIR_COUNT_GT4_SHARED_FRAME_REPEATED_EVIDENCE,-0.006035,0.863073,15.059813,0.004465,62.500000,341.500000,0.118442,0.445905,0.128067,0.609996,0.023774,0.048932,1.000000,0.389857,0.982269,5.402828,0.102228,42.000000,201.000000,0.037272,0.055561,0.033585,0.037333,0.006889,0.009119,163.228513,0.123233,0.322214,8.760330,11.758881,78.241119,11.758881,78.241119,BODY_LONG_SHORT_AXES,225.000000,316.000000,0.781900,2733.000000,0.851764,0.142471,0.822804,0.198819,0.005325,0.002833,2.800266,0.111200,0.170236,0.164123,0.170236,0.164123,BODY_LONG_SHORT_AXES,CANNY_THIN_EDGE_CONNECTIVITY_PROXY_NOT_MORPHOLOGICAL_SKELETON,TELEA_INPAINT_INVALID_PLUS_ERODE_VALID_6PX,1.000000,1.000000,1.000000,1.000000,PASS:58,45.000000,63.500000,0.002396,PASS,AXIS_ORIENTATION_PLUS_ROTATED_ANISOTROPIC_SUPPORT_FOOTPRINT,EQUAL_WINDOW_DIMENSIONS_GRID_DENSITY_MASK_GRAY;ROTATED_ANISOTROPIC_WINDOWS_SAMPLE_DIFFERENT_SOURCE_PIXELS,directly_reviewed_complete,metrics remain separate; no combined score or parameter selection; rotated-window deltas are not pure coordinate-axis attribution
S0MV-GM_RM017-PV004-SEG01|TEMPORAL_REVERSE,temporal_counterfactual,TEMPORAL_NEGATIVE,NOT_APPLICABLE_TO_TIME_REVERSAL,APPLICABLE_TO_TEMPORAL_CORRESPONDENCE_CONTROL,GM_RM017,GM_RM017:PV004,temporal_relation_falsification,raw_gt,WORLD_FIXED,REPRESENTATION_DEFINED_AXIS,CANDIDATE_LOCAL_REESTIMATED,SOURCE_POSITIVE_GT_CONDITIONED_VIEW_GAP10_DIFF5_RELIABILITY_AND_FINITE_COMMON_VALID_PROJECTED_NO_RESELECTION,d7d699e32cfe5a89f674f94b3439e486b7d5e611002a7e9a1bbb438496c89030,cab0ec7b026c53949910427e44fce37e2837bf490d8df10ec34a8f1def1a236c,58,14,14,19,5,5,PAIR_COUNT_GT4_SHARED_FRAME_REPEATED_EVIDENCE,0.341486,0.983355,5.206593,0.124122,108.000000,218.500000,0.027647,0.076415,0.047502,0.026496,0.006328,0.006260,1.000000,0.585449,0.991540,3.729122,0.139818,37.000000,363.000000,0.018393,0.018535,0.022866,0.013960,0.005343,0.005551,159.504876,0.111491,0.329324,8.117993,18.710287,71.289713,,,REPRESENTATION_X_Y_AXES_ONLY,408.000000,528.000000,0.108650,4193.000000,0.096560,0.222580,0.084242,0.065673,0.058182,-0.029710,2.746438,0.050238,0.165953,0.166665,,,REPRESENTATION_X_Y_AXES_ONLY,CANNY_THIN_EDGE_CONNECTIVITY_PROXY_NOT_MORPHOLOGICAL_SKELETON,TELEA_INPAINT_INVALID_PLUS_ERODE_VALID_6PX,1.000000,1.000000,1.000000,1.000000,PASS:58,44.000000,64.000000,0.010803,PASS,TRACKED_OR_FIXED_CENTER_WITH_GLOBAL_AXES_AND_EQUAL_WINDOW_DIMENSIONS,EQUAL_WINDOW_DIMENSIONS_GRID_DENSITY_MASK_GRAY;ROTATED_ANISOTROPIC_WINDOWS_SAMPLE_DIFFERENT_SOURCE_PIXELS,directly_reviewed_complete,metrics remain separate; no combined score or parameter selection; rotated-window deltas are not pure coordinate-axis attribution
S0MV-GM_RM017-PV004-SEG01|TEMPORAL_REVERSE,temporal_counterfactual,TEMPORAL_NEGATIVE,NOT_APPLICABLE_TO_TIME_REVERSAL,APPLICABLE_TO_TEMPORAL_CORRESPONDENCE_CONTROL,GM_RM017,GM_RM017:PV004,temporal_relation_falsification,raw_gt,CENTER_TRACKED_CARTESIAN,REPRESENTATION_DEFINED_AXIS,CANDIDATE_LOCAL_REESTIMATED,SOURCE_POSITIVE_GT_CONDITIONED_VIEW_GAP10_DIFF5_RELIABILITY_AND_FINITE_COMMON_VALID_PROJECTED_NO_RESELECTION,d7d699e32cfe5a89f674f94b3439e486b7d5e611002a7e9a1bbb438496c89030,cab0ec7b026c53949910427e44fce37e2837bf490d8df10ec34a8f1def1a236c,58,14,14,19,5,5,PAIR_COUNT_GT4_SHARED_FRAME_REPEATED_EVIDENCE,-0.019491,0.826768,17.074519,0.126503,63.000000,452.000000,0.013954,0.039968,0.035615,0.016011,0.004781,0.008797,1.000000,0.399846,0.991140,3.816312,0.142490,43.000000,322.000000,0.012961,0.024491,0.023078,0.020890,0.005872,0.005359,154.868510,0.116419,0.330297,15.055084,18.281994,71.718006,,,REPRESENTATION_X_Y_AXES_ONLY,397.500000,530.000000,0.109194,4330.500000,0.086858,0.226242,0.085198,0.070199,0.025511,-0.036960,2.756931,0.061400,0.165764,0.169613,,,REPRESENTATION_X_Y_AXES_ONLY,CANNY_THIN_EDGE_CONNECTIVITY_PROXY_NOT_MORPHOLOGICAL_SKELETON,TELEA_INPAINT_INVALID_PLUS_ERODE_VALID_6PX,1.000000,1.000000,1.000000,1.000000,PASS:58,44.000000,63.500000,0.010910,PASS,TRACKED_OR_FIXED_CENTER_WITH_GLOBAL_AXES_AND_EQUAL_WINDOW_DIMENSIONS,EQUAL_WINDOW_DIMENSIONS_GRID_DENSITY_MASK_GRAY;ROTATED_ANISOTROPIC_WINDOWS_SAMPLE_DIFFERENT_SOURCE_PIXELS,directly_reviewed_complete,metrics remain separate; no combined score or parameter selection; rotated-window deltas are not pure coordinate-axis attribution
S0MV-GM_RM017-PV004-SEG01|TEMPORAL_REVERSE,temporal_counterfactual,TEMPORAL_NEGATIVE,NOT_APPLICABLE_TO_TIME_REVERSAL,APPLICABLE_TO_TEMPORAL_CORRESPONDENCE_CONTROL,GM_RM017,GM_RM017:PV004,temporal_relation_falsification,raw_gt,CENTER_TRACKED_RADIAL,REPRESENTATION_DEFINED_AXIS,CANDIDATE_LOCAL_REESTIMATED,SOURCE_POSITIVE_GT_CONDITIONED_VIEW_GAP10_DIFF5_RELIABILITY_AND_FINITE_COMMON_VALID_PROJECTED_NO_RESELECTION,d7d699e32cfe5a89f674f94b3439e486b7d5e611002a7e9a1bbb438496c89030,cab0ec7b026c53949910427e44fce37e2837bf490d8df10ec34a8f1def1a236c,58,14,14,19,5,5,PAIR_COUNT_GT4_SHARED_FRAME_REPEATED_EVIDENCE,0.076226,0.983094,5.275096,0.136137,40.000000,372.000000,0.015690,0.032776,0.018875,0.038114,0.012829,0.012573,1.000000,0.381497,0.992629,3.480561,0.142476,52.000000,376.000000,0.022318,0.027462,0.022135,0.020050,0.005967,0.004755,172.045493,0.124035,0.327792,4.577110,8.370205,81.629795,,,REPRESENTATION_X_Y_AXES_ONLY,411.000000,529.500000,0.090642,4335.500000,0.088609,0.225189,0.079782,0.094513,0.040324,0.054175,2.753175,0.067386,0.172126,0.162283,,,REPRESENTATION_X_Y_AXES_ONLY,CANNY_THIN_EDGE_CONNECTIVITY_PROXY_NOT_MORPHOLOGICAL_SKELETON,TELEA_INPAINT_INVALID_PLUS_ERODE_VALID_6PX,1.000000,1.000000,1.000000,1.000000,PASS:58,44.000000,63.000000,0.010727,PASS,AXIS_ORIENTATION_PLUS_ROTATED_ANISOTROPIC_SUPPORT_FOOTPRINT,EQUAL_WINDOW_DIMENSIONS_GRID_DENSITY_MASK_GRAY;ROTATED_ANISOTROPIC_WINDOWS_SAMPLE_DIFFERENT_SOURCE_PIXELS,directly_reviewed_complete,metrics remain separate; no combined score or parameter selection; rotated-window deltas are not pure coordinate-axis attribution
S0MV-GM_RM017-PV004-SEG01|TEMPORAL_REVERSE,temporal_counterfactual,TEMPORAL_NEGATIVE,NOT_APPLICABLE_TO_TIME_REVERSAL,APPLICABLE_TO_TEMPORAL_CORRESPONDENCE_CONTROL,GM_RM017,GM_RM017:PV004,temporal_relation_falsification,raw_gt,CENTER_TRACKED_BODY,GT_DERIVED_UNSIGNED_BODY,CANDIDATE_LOCAL_REESTIMATED,SOURCE_POSITIVE_GT_CONDITIONED_VIEW_GAP10_DIFF5_RELIABILITY_AND_FINITE_COMMON_VALID_PROJECTED_NO_RESELECTION,d7d699e32cfe5a89f674f94b3439e486b7d5e611002a7e9a1bbb438496c89030,cab0ec7b026c53949910427e44fce37e2837bf490d8df10ec34a8f1def1a236c,58,14,14,19,5,5,PAIR_COUNT_GT4_SHARED_FRAME_REPEATED_EVIDENCE,-0.005312,0.857692,15.106046,0.128673,19.500000,535.000000,0.037469,0.038183,0.029637,0.020921,0.004790,0.006995,1.000000,0.365736,0.982288,5.399922,0.140927,42.000000,327.000000,0.026662,0.025994,0.022220,0.023572,0.004365,0.005310,158.370381,0.114697,0.330848,15.368285,15.084094,74.915906,15.084094,74.915906,BODY_LONG_SHORT_AXES,405.000000,531.500000,0.097693,4284.500000,0.084226,0.224289,0.079201,0.072731,0.026900,-0.042035,2.748121,0.063325,0.167364,0.168827,0.167364,0.168827,BODY_LONG_SHORT_AXES,CANNY_THIN_EDGE_CONNECTIVITY_PROXY_NOT_MORPHOLOGICAL_SKELETON,TELEA_INPAINT_INVALID_PLUS_ERODE_VALID_6PX,1.000000,1.000000,1.000000,1.000000,PASS:58,44.000000,63.500000,0.011047,PASS,AXIS_ORIENTATION_PLUS_ROTATED_ANISOTROPIC_SUPPORT_FOOTPRINT,EQUAL_WINDOW_DIMENSIONS_GRID_DENSITY_MASK_GRAY;ROTATED_ANISOTROPIC_WINDOWS_SAMPLE_DIFFERENT_SOURCE_PIXELS,directly_reviewed_complete,metrics remain separate; no combined score or parameter selection; rotated-window deltas are not pure coordinate-axis attribution
S0MV-GM_RM017-PV004-SEG01|TEMPORAL_REVERSE,temporal_counterfactual,TEMPORAL_NEGATIVE,NOT_APPLICABLE_TO_TIME_REVERSAL,APPLICABLE_TO_TEMPORAL_CORRESPONDENCE_CONTROL,GM_RM017,GM_RM017:PV004,temporal_relation_falsification,smoothed_gt,WORLD_FIXED,REPRESENTATION_DEFINED_AXIS,FIXED_REFERENCE,SOURCE_POSITIVE_GT_CONDITIONED_VIEW_GAP10_DIFF5_RELIABILITY_AND_FINITE_COMMON_VALID_PROJECTED_NO_RESELECTION,eb14eb59a5003dab80c0bbc1fd0121984baa56d87fae334f38a6b126ae1f1b26,405eac680a90ab0e46a3a8af558a750d417ca7edd14276b758184cfa2071e799,58,3,3,4,2,1,SPARSE_PAIR_EVIDENCE,0.303212,0.998349,1.646209,0.074499,2.000000,125.000000,0.065059,0.058408,0.213619,0.264652,0.021614,0.010544,1.000000,0.572248,0.995965,2.574502,0.138515,37.000000,291.000000,0.041078,0.070129,0.046424,0.061707,0.007480,0.008102,160.136095,0.155704,0.321777,10.682445,18.103464,71.896536,,,REPRESENTATION_X_Y_AXES_ONLY,210.500000,330.500000,0.757931,2804.500000,0.839609,0.144150,0.806011,0.256655,0.079074,-0.001807,2.818760,0.120040,0.166294,0.163690,,,REPRESENTATION_X_Y_AXES_ONLY,CANNY_THIN_EDGE_CONNECTIVITY_PROXY_NOT_MORPHOLOGICAL_SKELETON,TELEA_INPAINT_INVALID_PLUS_ERODE_VALID_6PX,1.000000,1.000000,1.000000,1.000000,PASS:58,45.000000,64.000000,0.003296,PASS,TRACKED_OR_FIXED_CENTER_WITH_GLOBAL_AXES_AND_EQUAL_WINDOW_DIMENSIONS,EQUAL_WINDOW_DIMENSIONS_GRID_DENSITY_MASK_GRAY;ROTATED_ANISOTROPIC_WINDOWS_SAMPLE_DIFFERENT_SOURCE_PIXELS,directly_reviewed_complete,metrics remain separate; no combined score or parameter selection; rotated-window deltas are not pure coordinate-axis attribution
S0MV-GM_RM017-PV004-SEG01|TEMPORAL_REVERSE,temporal_counterfactual,TEMPORAL_NEGATIVE,NOT_APPLICABLE_TO_TIME_REVERSAL,APPLICABLE_TO_TEMPORAL_CORRESPONDENCE_CONTROL,GM_RM017,GM_RM017:PV004,temporal_relation_falsification,smoothed_gt,CENTER_TRACKED_CARTESIAN,REPRESENTATION_DEFINED_AXIS,FIXED_REFERENCE,SOURCE_POSITIVE_GT_CONDITIONED_VIEW_GAP10_DIFF5_RELIABILITY_AND_FINITE_COMMON_VALID_PROJECTED_NO_RESELECTION,eb14eb59a5003dab80c0bbc1fd0121984baa56d87fae334f38a6b126ae1f1b26,405eac680a90ab0e46a3a8af558a750d417ca7edd14276b758184cfa2071e799,58,3,3,4,2,1,SPARSE_PAIR_EVIDENCE,-0.004363,0.528519,29.047278,0.000000,8.000000,51.000000,0.054833,0.801171,0.129512,0.023561,0.070827,0.089152,1.000000,0.399986,0.983417,5.224384,0.103013,31.000000,249.000000,0.044984,0.056627,0.037229,0.038294,0.007319,0.009925,160.240704,0.127585,0.324185,8.023515,15.725349,74.274651,,,REPRESENTATION_X_Y_AXES_ONLY,219.000000,320.000000,0.777700,2709.000000,0.858233,0.140350,0.827897,0.188186,0.007669,0.002927,2.798734,0.128467,0.167620,0.167288,,,REPRESENTATION_X_Y_AXES_ONLY,CANNY_THIN_EDGE_CONNECTIVITY_PROXY_NOT_MORPHOLOGICAL_SKELETON,TELEA_INPAINT_INVALID_PLUS_ERODE_VALID_6PX,1.000000,1.000000,1.000000,1.000000,PASS:58,45.000000,63.500000,0.002502,PASS,TRACKED_OR_FIXED_CENTER_WITH_GLOBAL_AXES_AND_EQUAL_WINDOW_DIMENSIONS,EQUAL_WINDOW_DIMENSIONS_GRID_DENSITY_MASK_GRAY;ROTATED_ANISOTROPIC_WINDOWS_SAMPLE_DIFFERENT_SOURCE_PIXELS,directly_reviewed_complete,metrics remain separate; no combined score or parameter selection; rotated-window deltas are not pure coordinate-axis attribution
S0MV-GM_RM017-PV004-SEG01|TEMPORAL_REVERSE,temporal_counterfactual,TEMPORAL_NEGATIVE,NOT_APPLICABLE_TO_TIME_REVERSAL,APPLICABLE_TO_TEMPORAL_CORRESPONDENCE_CONTROL,GM_RM017,GM_RM017:PV004,temporal_relation_falsification,smoothed_gt,CENTER_TRACKED_RADIAL,REPRESENTATION_DEFINED_AXIS,FIXED_REFERENCE,SOURCE_POSITIVE_GT_CONDITIONED_VIEW_GAP10_DIFF5_RELIABILITY_AND_FINITE_COMMON_VALID_PROJECTED_NO_RESELECTION,eb14eb59a5003dab80c0bbc1fd0121984baa56d87fae334f38a6b126ae1f1b26,405eac680a90ab0e46a3a8af558a750d417ca7edd14276b758184cfa2071e799,58,3,3,4,2,1,SPARSE_PAIR_EVIDENCE,-0.006463,0.977428,6.098390,0.009940,15.000000,40.000000,0.060414,0.223123,0.359356,0.269120,0.086478,0.067122,1.000000,0.400659,0.990146,4.024960,0.115675,40.000000,263.000000,0.034579,0.076578,0.048516,0.039841,0.009389,0.006468,171.062851,0.158247,0.319707,3.804289,9.273799,80.726201,,,REPRESENTATION_X_Y_AXES_ONLY,223.000000,340.500000,0.755866,2918.000000,0.823467,0.149857,0.794295,0.206448,0.095849,0.010651,2.813837,0.096987,0.173680,0.157769,,,REPRESENTATION_X_Y_AXES_ONLY,CANNY_THIN_EDGE_CONNECTIVITY_PROXY_NOT_MORPHOLOGICAL_SKELETON,TELEA_INPAINT_INVALID_PLUS_ERODE_VALID_6PX,1.000000,1.000000,1.000000,1.000000,PASS:58,45.000000,63.000000,0.002304,PASS,AXIS_ORIENTATION_PLUS_ROTATED_ANISOTROPIC_SUPPORT_FOOTPRINT,EQUAL_WINDOW_DIMENSIONS_GRID_DENSITY_MASK_GRAY;ROTATED_ANISOTROPIC_WINDOWS_SAMPLE_DIFFERENT_SOURCE_PIXELS,directly_reviewed_complete,metrics remain separate; no combined score or parameter selection; rotated-window deltas are not pure coordinate-axis attribution
S0MV-GM_RM017-PV004-SEG01|TEMPORAL_REVERSE,temporal_counterfactual,TEMPORAL_NEGATIVE,NOT_APPLICABLE_TO_TIME_REVERSAL,APPLICABLE_TO_TEMPORAL_CORRESPONDENCE_CONTROL,GM_RM017,GM_RM017:PV004,temporal_relation_falsification,smoothed_gt,CENTER_TRACKED_BODY,GT_DERIVED_UNSIGNED_BODY,FIXED_REFERENCE,SOURCE_POSITIVE_GT_CONDITIONED_VIEW_GAP10_DIFF5_RELIABILITY_AND_FINITE_COMMON_VALID_PROJECTED_NO_RESELECTION,eb14eb59a5003dab80c0bbc1fd0121984baa56d87fae334f38a6b126ae1f1b26,405eac680a90ab0e46a3a8af558a750d417ca7edd14276b758184cfa2071e799,58,3,3,4,2,1,SPARSE_PAIR_EVIDENCE,-0.004840,0.688397,23.248312,0.000000,9.000000,22.000000,0.060708,0.697414,0.165717,0.019769,0.066780,0.008577,1.000000,0.408467,0.980887,5.610024,0.106694,32.000000,263.000000,0.051096,0.068414,0.027521,0.036586,0.007594,0.007893,163.546483,0.119235,0.322569,8.716063,12.011962,77.988038,12.011962,77.988038,BODY_LONG_SHORT_AXES,225.500000,318.500000,0.788323,2750.500000,0.848518,0.141602,0.821988,0.205210,0.012865,0.003258,2.809182,0.112393,0.170373,0.164348,0.170373,0.164348,BODY_LONG_SHORT_AXES,CANNY_THIN_EDGE_CONNECTIVITY_PROXY_NOT_MORPHOLOGICAL_SKELETON,TELEA_INPAINT_INVALID_PLUS_ERODE_VALID_6PX,1.000000,1.000000,1.000000,1.000000,PASS:58,45.000000,63.000000,0.002228,PASS,AXIS_ORIENTATION_PLUS_ROTATED_ANISOTROPIC_SUPPORT_FOOTPRINT,EQUAL_WINDOW_DIMENSIONS_GRID_DENSITY_MASK_GRAY;ROTATED_ANISOTROPIC_WINDOWS_SAMPLE_DIFFERENT_SOURCE_PIXELS,directly_reviewed_complete,metrics remain separate; no combined score or parameter selection; rotated-window deltas are not pure coordinate-axis attribution
S0MV-GM_RM017-PV004-SEG01|TEMPORAL_REVERSE,temporal_counterfactual,TEMPORAL_NEGATIVE,NOT_APPLICABLE_TO_TIME_REVERSAL,APPLICABLE_TO_TEMPORAL_CORRESPONDENCE_CONTROL,GM_RM017,GM_RM017:PV004,temporal_relation_falsification,smoothed_gt,WORLD_FIXED,REPRESENTATION_DEFINED_AXIS,CANDIDATE_LOCAL_REESTIMATED,SOURCE_POSITIVE_GT_CONDITIONED_VIEW_GAP10_DIFF5_RELIABILITY_AND_FINITE_COMMON_VALID_PROJECTED_NO_RESELECTION,eb14eb59a5003dab80c0bbc1fd0121984baa56d87fae334f38a6b126ae1f1b26,405eac680a90ab0e46a3a8af558a750d417ca7edd14276b758184cfa2071e799,58,3,3,4,2,1,SPARSE_PAIR_EVIDENCE,0.416162,0.984964,4.974144,0.120525,158.000000,429.000000,0.016480,0.102463,0.086700,0.024022,0.004855,0.007135,1.000000,0.583984,0.989436,4.167688,0.139715,45.000000,326.000000,0.019726,0.016899,0.025217,0.016686,0.005334,0.005688,159.579557,0.112374,0.328441,7.981236,18.447369,71.552631,,,REPRESENTATION_X_Y_AXES_ONLY,407.500000,522.500000,0.118976,4190.000000,0.096238,0.222366,0.084286,0.070416,0.055722,-0.029904,2.754186,0.047509,0.166203,0.167953,,,REPRESENTATION_X_Y_AXES_ONLY,CANNY_THIN_EDGE_CONNECTIVITY_PROXY_NOT_MORPHOLOGICAL_SKELETON,TELEA_INPAINT_INVALID_PLUS_ERODE_VALID_6PX,1.000000,1.000000,1.000000,1.000000,PASS:58,44.000000,64.000000,0.010757,PASS,TRACKED_OR_FIXED_CENTER_WITH_GLOBAL_AXES_AND_EQUAL_WINDOW_DIMENSIONS,EQUAL_WINDOW_DIMENSIONS_GRID_DENSITY_MASK_GRAY;ROTATED_ANISOTROPIC_WINDOWS_SAMPLE_DIFFERENT_SOURCE_PIXELS,directly_reviewed_complete,metrics remain separate; no combined score or parameter selection; rotated-window deltas are not pure coordinate-axis attribution
S0MV-GM_RM017-PV004-SEG01|TEMPORAL_REVERSE,temporal_counterfactual,TEMPORAL_NEGATIVE,NOT_APPLICABLE_TO_TIME_REVERSAL,APPLICABLE_TO_TEMPORAL_CORRESPONDENCE_CONTROL,GM_RM017,GM_RM017:PV004,temporal_relation_falsification,smoothed_gt,CENTER_TRACKED_CARTESIAN,REPRESENTATION_DEFINED_AXIS,CANDIDATE_LOCAL_REESTIMATED,SOURCE_POSITIVE_GT_CONDITIONED_VIEW_GAP10_DIFF5_RELIABILITY_AND_FINITE_COMMON_VALID_PROJECTED_NO_RESELECTION,eb14eb59a5003dab80c0bbc1fd0121984baa56d87fae334f38a6b126ae1f1b26,405eac680a90ab0e46a3a8af558a750d417ca7edd14276b758184cfa2071e799,58,3,3,4,2,1,SPARSE_PAIR_EVIDENCE,-0.035866,0.730553,21.533621,0.132563,38.000000,572.000000,0.044208,0.045992,0.047854,0.031506,0.006264,0.002815,1.000000,0.410385,0.988909,4.270567,0.142539,52.000000,410.000000,0.017993,0.021683,0.026909,0.013739,0.005338,0.006745,154.756640,0.114450,0.329979,15.342463,19.052553,70.947447,,,REPRESENTATION_X_Y_AXES_ONLY,411.500000,534.000000,0.110282,4365.500000,0.091810,0.230865,0.086500,0.072199,0.022123,-0.033046,2.758340,0.059824,0.164847,0.170148,,,REPRESENTATION_X_Y_AXES_ONLY,CANNY_THIN_EDGE_CONNECTIVITY_PROXY_NOT_MORPHOLOGICAL_SKELETON,TELEA_INPAINT_INVALID_PLUS_ERODE_VALID_6PX,1.000000,1.000000,1.000000,1.000000,PASS:58,44.000000,63.500000,0.010941,PASS,TRACKED_OR_FIXED_CENTER_WITH_GLOBAL_AXES_AND_EQUAL_WINDOW_DIMENSIONS,EQUAL_WINDOW_DIMENSIONS_GRID_DENSITY_MASK_GRAY;ROTATED_ANISOTROPIC_WINDOWS_SAMPLE_DIFFERENT_SOURCE_PIXELS,directly_reviewed_complete,metrics remain separate; no combined score or parameter selection; rotated-window deltas are not pure coordinate-axis attribution
S0MV-GM_RM017-PV004-SEG01|TEMPORAL_REVERSE,temporal_counterfactual,TEMPORAL_NEGATIVE,NOT_APPLICABLE_TO_TIME_REVERSAL,APPLICABLE_TO_TEMPORAL_CORRESPONDENCE_CONTROL,GM_RM017,GM_RM017:PV004,temporal_relation_falsification,smoothed_gt,CENTER_TRACKED_RADIAL,REPRESENTATION_DEFINED_AXIS,CANDIDATE_LOCAL_REESTIMATED,SOURCE_POSITIVE_GT_CONDITIONED_VIEW_GAP10_DIFF5_RELIABILITY_AND_FINITE_COMMON_VALID_PROJECTED_NO_RESELECTION,eb14eb59a5003dab80c0bbc1fd0121984baa56d87fae334f38a6b126ae1f1b26,405eac680a90ab0e46a3a8af558a750d417ca7edd14276b758184cfa2071e799,58,3,3,4,2,1,SPARSE_PAIR_EVIDENCE,0.157720,0.987168,4.594374,0.126472,42.000000,493.000000,0.042750,0.030285,0.023325,0.006548,0.020300,0.009229,1.000000,0.412913,0.993177,3.348385,0.143133,44.000000,376.000000,0.028123,0.024942,0.025253,0.018358,0.005455,0.006422,171.908634,0.122248,0.327677,3.834903,8.052065,81.947935,,,REPRESENTATION_X_Y_AXES_ONLY,409.500000,523.500000,0.084444,4317.000000,0.094286,0.225266,0.082293,0.081523,0.046063,0.051870,2.763127,0.063035,0.171544,0.162966,,,REPRESENTATION_X_Y_AXES_ONLY,CANNY_THIN_EDGE_CONNECTIVITY_PROXY_NOT_MORPHOLOGICAL_SKELETON,TELEA_INPAINT_INVALID_PLUS_ERODE_VALID_6PX,1.000000,1.000000,1.000000,1.000000,PASS:58,44.500000,63.000000,0.010834,PASS,AXIS_ORIENTATION_PLUS_ROTATED_ANISOTROPIC_SUPPORT_FOOTPRINT,EQUAL_WINDOW_DIMENSIONS_GRID_DENSITY_MASK_GRAY;ROTATED_ANISOTROPIC_WINDOWS_SAMPLE_DIFFERENT_SOURCE_PIXELS,directly_reviewed_complete,metrics remain separate; no combined score or parameter selection; rotated-window deltas are not pure coordinate-axis attribution
S0MV-GM_RM017-PV004-SEG01|TEMPORAL_REVERSE,temporal_counterfactual,TEMPORAL_NEGATIVE,NOT_APPLICABLE_TO_TIME_REVERSAL,APPLICABLE_TO_TEMPORAL_CORRESPONDENCE_CONTROL,GM_RM017,GM_RM017:PV004,temporal_relation_falsification,smoothed_gt,CENTER_TRACKED_BODY,GT_DERIVED_UNSIGNED_BODY,CANDIDATE_LOCAL_REESTIMATED,SOURCE_POSITIVE_GT_CONDITIONED_VIEW_GAP10_DIFF5_RELIABILITY_AND_FINITE_COMMON_VALID_PROJECTED_NO_RESELECTION,eb14eb59a5003dab80c0bbc1fd0121984baa56d87fae334f38a6b126ae1f1b26,405eac680a90ab0e46a3a8af558a750d417ca7edd14276b758184cfa2071e799,58,3,3,4,2,1,SPARSE_PAIR_EVIDENCE,-0.034024,0.667089,24.078601,0.131975,38.000000,418.000000,0.021271,0.042197,0.036492,0.030186,0.001353,0.007189,1.000000,0.416176,0.986393,4.731357,0.142586,44.000000,313.000000,0.017233,0.024036,0.026635,0.016617,0.004456,0.004302,158.501317,0.111597,0.330420,15.956455,14.585878,75.414122,14.585878,75.414122,BODY_LONG_SHORT_AXES,396.500000,523.000000,0.099390,4349.500000,0.084089,0.228043,0.078288,0.069618,0.029987,-0.039902,2.753650,0.064559,0.166624,0.169641,0.166624,0.169641,BODY_LONG_SHORT_AXES,CANNY_THIN_EDGE_CONNECTIVITY_PROXY_NOT_MORPHOLOGICAL_SKELETON,TELEA_INPAINT_INVALID_PLUS_ERODE_VALID_6PX,1.000000,1.000000,1.000000,1.000000,PASS:58,44.000000,63.000000,0.011002,PASS,AXIS_ORIENTATION_PLUS_ROTATED_ANISOTROPIC_SUPPORT_FOOTPRINT,EQUAL_WINDOW_DIMENSIONS_GRID_DENSITY_MASK_GRAY;ROTATED_ANISOTROPIC_WINDOWS_SAMPLE_DIFFERENT_SOURCE_PIXELS,directly_reviewed_complete,metrics remain separate; no combined score or parameter selection; rotated-window deltas are not pure coordinate-axis attribution
S0MV-GM_RM017-PV004-SEG01|TRAJECTORY_TIME_SHIFT_P8,temporal_counterfactual,TEMPORAL_NEGATIVE,NOT_EVALUATED_DIRECTION_INSENSITIVE_METRICS,APPLICABLE_TO_TEMPORAL_CORRESPONDENCE_CONTROL,GM_RM017,GM_RM017:PV004,temporal_relation_falsification,raw_gt,WORLD_FIXED,REPRESENTATION_DEFINED_AXIS,FIXED_REFERENCE,SOURCE_POSITIVE_GT_CONDITIONED_VIEW_GAP10_DIFF5_RELIABILITY_AND_FINITE_COMMON_VALID_PROJECTED_NO_RESELECTION,d7d699e32cfe5a89f674f94b3439e486b7d5e611002a7e9a1bbb438496c89030,cab0ec7b026c53949910427e44fce37e2837bf490d8df10ec34a8f1def1a236c,50,14,14,19,5,5,PAIR_COUNT_GT4_SHARED_FRAME_REPEATED_EVIDENCE,0.148611,0.957654,8.350828,0.142992,88.500000,258.000000,0.010839,0.051397,0.022945,0.008990,0.007565,0.005698,1.000000,0.594129,0.993542,3.257481,0.128615,37.000000,389.000000,0.021551,0.031118,0.023988,0.016166,0.006253,0.005493,163.814955,0.144184,0.326581,6.571059,15.914884,74.085116,,,REPRESENTATION_X_Y_AXES_ONLY,287.000000,375.000000,0.332440,3661.500000,0.313497,0.184021,0.301421,0.079465,0.076577,-0.068913,2.781565,0.069901,0.170014,0.161832,,,REPRESENTATION_X_Y_AXES_ONLY,CANNY_THIN_EDGE_CONNECTIVITY_PROXY_NOT_MORPHOLOGICAL_SKELETON,TELEA_INPAINT_INVALID_PLUS_ERODE_VALID_6PX,1.000000,1.000000,1.000000,1.000000,PASS:50,45.000000,66.000000,0.004074,PASS,TRACKED_OR_FIXED_CENTER_WITH_GLOBAL_AXES_AND_EQUAL_WINDOW_DIMENSIONS,EQUAL_WINDOW_DIMENSIONS_GRID_DENSITY_MASK_GRAY;ROTATED_ANISOTROPIC_WINDOWS_SAMPLE_DIFFERENT_SOURCE_PIXELS,directly_reviewed_complete,metrics remain separate; no combined score or parameter selection; rotated-window deltas are not pure coordinate-axis attribution
S0MV-GM_RM017-PV004-SEG01|TRAJECTORY_TIME_SHIFT_P8,temporal_counterfactual,TEMPORAL_NEGATIVE,NOT_EVALUATED_DIRECTION_INSENSITIVE_METRICS,APPLICABLE_TO_TEMPORAL_CORRESPONDENCE_CONTROL,GM_RM017,GM_RM017:PV004,temporal_relation_falsification,raw_gt,CENTER_TRACKED_CARTESIAN,REPRESENTATION_DEFINED_AXIS,FIXED_REFERENCE,SOURCE_POSITIVE_GT_CONDITIONED_VIEW_GAP10_DIFF5_RELIABILITY_AND_FINITE_COMMON_VALID_PROJECTED_NO_RESELECTION,d7d699e32cfe5a89f674f94b3439e486b7d5e611002a7e9a1bbb438496c89030,cab0ec7b026c53949910427e44fce37e2837bf490d8df10ec34a8f1def1a236c,50,14,14,19,5,5,PAIR_COUNT_GT4_SHARED_FRAME_REPEATED_EVIDENCE,0.172647,0.958878,8.242143,0.128314,52.000000,273.500000,0.016026,0.013003,0.041320,0.012879,0.006045,0.006069,1.000000,0.510505,0.997338,2.090727,0.132992,37.000000,357.000000,0.017591,0.023533,0.027516,0.026081,0.004858,0.005337,158.134701,0.165976,0.328879,13.087082,18.375218,71.624782,,,REPRESENTATION_X_Y_AXES_ONLY,296.000000,396.500000,0.196878,3682.000000,0.139850,0.194748,0.140572,0.058918,0.053929,-0.051480,2.776146,0.095757,0.167221,0.163402,,,REPRESENTATION_X_Y_AXES_ONLY,CANNY_THIN_EDGE_CONNECTIVITY_PROXY_NOT_MORPHOLOGICAL_SKELETON,TELEA_INPAINT_INVALID_PLUS_ERODE_VALID_6PX,1.000000,1.000000,1.000000,1.000000,PASS:50,45.000000,65.000000,0.003357,PASS,TRACKED_OR_FIXED_CENTER_WITH_GLOBAL_AXES_AND_EQUAL_WINDOW_DIMENSIONS,EQUAL_WINDOW_DIMENSIONS_GRID_DENSITY_MASK_GRAY;ROTATED_ANISOTROPIC_WINDOWS_SAMPLE_DIFFERENT_SOURCE_PIXELS,directly_reviewed_complete,metrics remain separate; no combined score or parameter selection; rotated-window deltas are not pure coordinate-axis attribution
S0MV-GM_RM017-PV004-SEG01|TRAJECTORY_TIME_SHIFT_P8,temporal_counterfactual,TEMPORAL_NEGATIVE,NOT_EVALUATED_DIRECTION_INSENSITIVE_METRICS,APPLICABLE_TO_TEMPORAL_CORRESPONDENCE_CONTROL,GM_RM017,GM_RM017:PV004,temporal_relation_falsification,raw_gt,CENTER_TRACKED_RADIAL,REPRESENTATION_DEFINED_AXIS,FIXED_REFERENCE,SOURCE_POSITIVE_GT_CONDITIONED_VIEW_GAP10_DIFF5_RELIABILITY_AND_FINITE_COMMON_VALID_PROJECTED_NO_RESELECTION,d7d699e32cfe5a89f674f94b3439e486b7d5e611002a7e9a1bbb438496c89030,cab0ec7b026c53949910427e44fce37e2837bf490d8df10ec34a8f1def1a236c,50,14,14,19,5,5,PAIR_COUNT_GT4_SHARED_FRAME_REPEATED_EVIDENCE,0.211848,0.996470,2.406987,0.137881,23.500000,253.500000,0.019745,0.047222,0.022598,0.020656,0.010788,0.007418,1.000000,0.493910,0.995376,2.756009,0.141754,31.000000,338.000000,0.017415,0.030968,0.028006,0.026255,0.006708,0.006534,174.546072,0.145780,0.326837,3.106833,5.711827,84.288173,,,REPRESENTATION_X_Y_AXES_ONLY,288.000000,394.500000,0.212872,3887.000000,0.164968,0.198883,0.167053,0.081141,0.099343,0.084014,2.790358,0.105210,0.173774,0.157342,,,REPRESENTATION_X_Y_AXES_ONLY,CANNY_THIN_EDGE_CONNECTIVITY_PROXY_NOT_MORPHOLOGICAL_SKELETON,TELEA_INPAINT_INVALID_PLUS_ERODE_VALID_6PX,1.000000,1.000000,1.000000,1.000000,PASS:50,45.000000,66.000000,0.003983,PASS,AXIS_ORIENTATION_PLUS_ROTATED_ANISOTROPIC_SUPPORT_FOOTPRINT,EQUAL_WINDOW_DIMENSIONS_GRID_DENSITY_MASK_GRAY;ROTATED_ANISOTROPIC_WINDOWS_SAMPLE_DIFFERENT_SOURCE_PIXELS,directly_reviewed_complete,metrics remain separate; no combined score or parameter selection; rotated-window deltas are not pure coordinate-axis attribution
S0MV-GM_RM017-PV004-SEG01|TRAJECTORY_TIME_SHIFT_P8,temporal_counterfactual,TEMPORAL_NEGATIVE,NOT_EVALUATED_DIRECTION_INSENSITIVE_METRICS,APPLICABLE_TO_TEMPORAL_CORRESPONDENCE_CONTROL,GM_RM017,GM_RM017:PV004,temporal_relation_falsification,raw_gt,CENTER_TRACKED_BODY,GT_DERIVED_UNSIGNED_BODY,FIXED_REFERENCE,SOURCE_POSITIVE_GT_CONDITIONED_VIEW_GAP10_DIFF5_RELIABILITY_AND_FINITE_COMMON_VALID_PROJECTED_NO_RESELECTION,d7d699e32cfe5a89f674f94b3439e486b7d5e611002a7e9a1bbb438496c89030,cab0ec7b026c53949910427e44fce37e2837bf490d8df10ec34a8f1def1a236c,50,14,14,19,5,5,PAIR_COUNT_GT4_SHARED_FRAME_REPEATED_EVIDENCE,0.187205,0.943653,9.648862,0.128837,32.500000,285.000000,0.023022,0.021213,0.026961,0.022070,0.006273,0.004600,1.000000,0.465916,0.994525,2.999079,0.134237,38.000000,390.000000,0.015147,0.021244,0.014911,0.027162,0.003833,0.005554,161.376775,0.165948,0.327663,13.601850,14.416219,75.583781,14.416219,75.583781,BODY_LONG_SHORT_AXES,307.000000,404.500000,0.195638,3735.000000,0.139097,0.195969,0.142599,0.058267,0.063185,-0.058217,2.777241,0.094650,0.169218,0.160938,0.169218,0.160938,BODY_LONG_SHORT_AXES,CANNY_THIN_EDGE_CONNECTIVITY_PROXY_NOT_MORPHOLOGICAL_SKELETON,TELEA_INPAINT_INVALID_PLUS_ERODE_VALID_6PX,1.000000,1.000000,1.000000,1.000000,PASS:50,45.000000,65.000000,0.003372,PASS,AXIS_ORIENTATION_PLUS_ROTATED_ANISOTROPIC_SUPPORT_FOOTPRINT,EQUAL_WINDOW_DIMENSIONS_GRID_DENSITY_MASK_GRAY;ROTATED_ANISOTROPIC_WINDOWS_SAMPLE_DIFFERENT_SOURCE_PIXELS,directly_reviewed_complete,metrics remain separate; no combined score or parameter selection; rotated-window deltas are not pure coordinate-axis attribution
S0MV-GM_RM017-PV004-SEG01|TRAJECTORY_TIME_SHIFT_P8,temporal_counterfactual,TEMPORAL_NEGATIVE,NOT_EVALUATED_DIRECTION_INSENSITIVE_METRICS,APPLICABLE_TO_TEMPORAL_CORRESPONDENCE_CONTROL,GM_RM017,GM_RM017:PV004,temporal_relation_falsification,raw_gt,WORLD_FIXED,REPRESENTATION_DEFINED_AXIS,CANDIDATE_LOCAL_REESTIMATED,SOURCE_POSITIVE_GT_CONDITIONED_VIEW_GAP10_DIFF5_RELIABILITY_AND_FINITE_COMMON_VALID_PROJECTED_NO_RESELECTION,d7d699e32cfe5a89f674f94b3439e486b7d5e611002a7e9a1bbb438496c89030,cab0ec7b026c53949910427e44fce37e2837bf490d8df10ec34a8f1def1a236c,50,14,14,19,5,5,PAIR_COUNT_GT4_SHARED_FRAME_REPEATED_EVIDENCE,0.152551,0.954427,8.678524,0.125349,72.500000,275.000000,0.029949,0.096248,0.027582,0.018503,0.008992,0.006039,1.000000,0.586990,0.993774,3.198367,0.141055,48.000000,323.000000,0.016827,0.023742,0.023812,0.010266,0.006501,0.004667,164.101058,0.131964,0.328972,6.214725,16.622218,73.377782,,,REPRESENTATION_X_Y_AXES_ONLY,377.500000,493.500000,0.120665,4181.000000,0.093923,0.215347,0.085540,0.077806,0.075996,-0.039816,2.768333,0.047191,0.168363,0.165483,,,REPRESENTATION_X_Y_AXES_ONLY,CANNY_THIN_EDGE_CONNECTIVITY_PROXY_NOT_MORPHOLOGICAL_SKELETON,TELEA_INPAINT_INVALID_PLUS_ERODE_VALID_6PX,1.000000,1.000000,1.000000,1.000000,PASS:50,44.500000,66.000000,0.010635,PASS,TRACKED_OR_FIXED_CENTER_WITH_GLOBAL_AXES_AND_EQUAL_WINDOW_DIMENSIONS,EQUAL_WINDOW_DIMENSIONS_GRID_DENSITY_MASK_GRAY;ROTATED_ANISOTROPIC_WINDOWS_SAMPLE_DIFFERENT_SOURCE_PIXELS,directly_reviewed_complete,metrics remain separate; no combined score or parameter selection; rotated-window deltas are not pure coordinate-axis attribution
S0MV-GM_RM017-PV004-SEG01|TRAJECTORY_TIME_SHIFT_P8,temporal_counterfactual,TEMPORAL_NEGATIVE,NOT_EVALUATED_DIRECTION_INSENSITIVE_METRICS,APPLICABLE_TO_TEMPORAL_CORRESPONDENCE_CONTROL,GM_RM017,GM_RM017:PV004,temporal_relation_falsification,raw_gt,CENTER_TRACKED_CARTESIAN,REPRESENTATION_DEFINED_AXIS,CANDIDATE_LOCAL_REESTIMATED,SOURCE_POSITIVE_GT_CONDITIONED_VIEW_GAP10_DIFF5_RELIABILITY_AND_FINITE_COMMON_VALID_PROJECTED_NO_RESELECTION,d7d699e32cfe5a89f674f94b3439e486b7d5e611002a7e9a1bbb438496c89030,cab0ec7b026c53949910427e44fce37e2837bf490d8df10ec34a8f1def1a236c,50,14,14,19,5,5,PAIR_COUNT_GT4_SHARED_FRAME_REPEATED_EVIDENCE,0.182086,0.908042,12.211978,0.140809,52.500000,438.500000,0.025991,0.015496,0.020270,0.012377,0.004962,0.006263,1.000000,0.502780,0.994439,3.022719,0.145630,46.000000,422.000000,0.018404,0.019649,0.028033,0.016645,0.004637,0.007097,157.989349,0.133001,0.334164,13.516295,18.310609,71.689391,,,REPRESENTATION_X_Y_AXES_ONLY,392.500000,526.000000,0.149673,4414.000000,0.100332,0.229248,0.096218,0.060499,0.046826,-0.035245,2.763888,0.059278,0.167122,0.166517,,,REPRESENTATION_X_Y_AXES_ONLY,CANNY_THIN_EDGE_CONNECTIVITY_PROXY_NOT_MORPHOLOGICAL_SKELETON,TELEA_INPAINT_INVALID_PLUS_ERODE_VALID_6PX,1.000000,1.000000,1.000000,1.000000,PASS:50,45.000000,65.000000,0.010544,PASS,TRACKED_OR_FIXED_CENTER_WITH_GLOBAL_AXES_AND_EQUAL_WINDOW_DIMENSIONS,EQUAL_WINDOW_DIMENSIONS_GRID_DENSITY_MASK_GRAY;ROTATED_ANISOTROPIC_WINDOWS_SAMPLE_DIFFERENT_SOURCE_PIXELS,directly_reviewed_complete,metrics remain separate; no combined score or parameter selection; rotated-window deltas are not pure coordinate-axis attribution
S0MV-GM_RM017-PV004-SEG01|TRAJECTORY_TIME_SHIFT_P8,temporal_counterfactual,TEMPORAL_NEGATIVE,NOT_EVALUATED_DIRECTION_INSENSITIVE_METRICS,APPLICABLE_TO_TEMPORAL_CORRESPONDENCE_CONTROL,GM_RM017,GM_RM017:PV004,temporal_relation_falsification,raw_gt,CENTER_TRACKED_RADIAL,REPRESENTATION_DEFINED_AXIS,CANDIDATE_LOCAL_REESTIMATED,SOURCE_POSITIVE_GT_CONDITIONED_VIEW_GAP10_DIFF5_RELIABILITY_AND_FINITE_COMMON_VALID_PROJECTED_NO_RESELECTION,d7d699e32cfe5a89f674f94b3439e486b7d5e611002a7e9a1bbb438496c89030,cab0ec7b026c53949910427e44fce37e2837bf490d8df10ec34a8f1def1a236c,50,14,14,19,5,5,PAIR_COUNT_GT4_SHARED_FRAME_REPEATED_EVIDENCE,0.215448,0.988780,4.287119,0.146401,27.000000,132.500000,0.028906,0.037391,0.016765,0.019623,0.008854,0.006145,1.000000,0.491969,0.995340,2.766856,0.148965,42.000000,321.000000,0.020417,0.021475,0.016653,0.021781,0.005911,0.005484,173.231263,0.122055,0.332328,3.209185,6.413466,83.586534,,,REPRESENTATION_X_Y_AXES_ONLY,399.000000,525.000000,0.128419,4380.000000,0.076958,0.230423,0.076446,0.087905,0.084207,0.066482,2.768828,0.077747,0.173578,0.161053,,,REPRESENTATION_X_Y_AXES_ONLY,CANNY_THIN_EDGE_CONNECTIVITY_PROXY_NOT_MORPHOLOGICAL_SKELETON,TELEA_INPAINT_INVALID_PLUS_ERODE_VALID_6PX,1.000000,1.000000,1.000000,1.000000,PASS:50,45.000000,66.000000,0.010834,PASS,AXIS_ORIENTATION_PLUS_ROTATED_ANISOTROPIC_SUPPORT_FOOTPRINT,EQUAL_WINDOW_DIMENSIONS_GRID_DENSITY_MASK_GRAY;ROTATED_ANISOTROPIC_WINDOWS_SAMPLE_DIFFERENT_SOURCE_PIXELS,directly_reviewed_complete,metrics remain separate; no combined score or parameter selection; rotated-window deltas are not pure coordinate-axis attribution
S0MV-GM_RM017-PV004-SEG01|TRAJECTORY_TIME_SHIFT_P8,temporal_counterfactual,TEMPORAL_NEGATIVE,NOT_EVALUATED_DIRECTION_INSENSITIVE_METRICS,APPLICABLE_TO_TEMPORAL_CORRESPONDENCE_CONTROL,GM_RM017,GM_RM017:PV004,temporal_relation_falsification,raw_gt,CENTER_TRACKED_BODY,GT_DERIVED_UNSIGNED_BODY,CANDIDATE_LOCAL_REESTIMATED,SOURCE_POSITIVE_GT_CONDITIONED_VIEW_GAP10_DIFF5_RELIABILITY_AND_FINITE_COMMON_VALID_PROJECTED_NO_RESELECTION,d7d699e32cfe5a89f674f94b3439e486b7d5e611002a7e9a1bbb438496c89030,cab0ec7b026c53949910427e44fce37e2837bf490d8df10ec34a8f1def1a236c,50,14,14,19,5,5,PAIR_COUNT_GT4_SHARED_FRAME_REPEATED_EVIDENCE,0.198910,0.898796,12.997646,0.138246,27.500000,433.500000,0.025550,0.022178,0.027648,0.015264,0.005334,0.004788,1.000000,0.468555,0.995553,2.702854,0.145254,39.000000,408.000000,0.016296,0.022425,0.015977,0.020414,0.004608,0.005185,161.361684,0.135569,0.332906,14.319994,13.804410,76.195590,13.804410,76.195590,BODY_LONG_SHORT_AXES,399.000000,537.500000,0.146009,4363.000000,0.102008,0.227982,0.099007,0.060499,0.052957,-0.038879,2.763104,0.062433,0.169091,0.165499,0.169091,0.165499,BODY_LONG_SHORT_AXES,CANNY_THIN_EDGE_CONNECTIVITY_PROXY_NOT_MORPHOLOGICAL_SKELETON,TELEA_INPAINT_INVALID_PLUS_ERODE_VALID_6PX,1.000000,1.000000,1.000000,1.000000,PASS:50,45.000000,65.000000,0.010681,PASS,AXIS_ORIENTATION_PLUS_ROTATED_ANISOTROPIC_SUPPORT_FOOTPRINT,EQUAL_WINDOW_DIMENSIONS_GRID_DENSITY_MASK_GRAY;ROTATED_ANISOTROPIC_WINDOWS_SAMPLE_DIFFERENT_SOURCE_PIXELS,directly_reviewed_complete,metrics remain separate; no combined score or parameter selection; rotated-window deltas are not pure coordinate-axis attribution
S0MV-GM_RM017-PV004-SEG01|TRAJECTORY_TIME_SHIFT_P8,temporal_counterfactual,TEMPORAL_NEGATIVE,NOT_EVALUATED_DIRECTION_INSENSITIVE_METRICS,APPLICABLE_TO_TEMPORAL_CORRESPONDENCE_CONTROL,GM_RM017,GM_RM017:PV004,temporal_relation_falsification,smoothed_gt,WORLD_FIXED,REPRESENTATION_DEFINED_AXIS,FIXED_REFERENCE,SOURCE_POSITIVE_GT_CONDITIONED_VIEW_GAP10_DIFF5_RELIABILITY_AND_FINITE_COMMON_VALID_PROJECTED_NO_RESELECTION,eb14eb59a5003dab80c0bbc1fd0121984baa56d87fae334f38a6b126ae1f1b26,405eac680a90ab0e46a3a8af558a750d417ca7edd14276b758184cfa2071e799,50,3,3,4,2,1,SPARSE_PAIR_EVIDENCE,0.183142,0.780805,19.332852,0.140461,77.000000,499.000000,0.006603,0.052688,0.021652,0.016654,0.009368,0.008502,1.000000,0.594253,0.993489,3.270856,0.128128,41.000000,381.000000,0.014857,0.030222,0.032475,0.014970,0.007281,0.005799,163.778654,0.143766,0.326449,6.617563,16.012187,73.987813,,,REPRESENTATION_X_Y_AXES_ONLY,284.000000,373.000000,0.337668,3646.500000,0.313737,0.183624,0.301712,0.072671,0.076773,-0.064531,2.788202,0.065025,0.170192,0.160580,,,REPRESENTATION_X_Y_AXES_ONLY,CANNY_THIN_EDGE_CONNECTIVITY_PROXY_NOT_MORPHOLOGICAL_SKELETON,TELEA_INPAINT_INVALID_PLUS_ERODE_VALID_6PX,1.000000,1.000000,1.000000,1.000000,PASS:50,45.000000,66.000000,0.004074,PASS,TRACKED_OR_FIXED_CENTER_WITH_GLOBAL_AXES_AND_EQUAL_WINDOW_DIMENSIONS,EQUAL_WINDOW_DIMENSIONS_GRID_DENSITY_MASK_GRAY;ROTATED_ANISOTROPIC_WINDOWS_SAMPLE_DIFFERENT_SOURCE_PIXELS,directly_reviewed_complete,metrics remain separate; no combined score or parameter selection; rotated-window deltas are not pure coordinate-axis attribution
S0MV-GM_RM017-PV004-SEG01|TRAJECTORY_TIME_SHIFT_P8,temporal_counterfactual,TEMPORAL_NEGATIVE,NOT_EVALUATED_DIRECTION_INSENSITIVE_METRICS,APPLICABLE_TO_TEMPORAL_CORRESPONDENCE_CONTROL,GM_RM017,GM_RM017:PV004,temporal_relation_falsification,smoothed_gt,CENTER_TRACKED_CARTESIAN,REPRESENTATION_DEFINED_AXIS,FIXED_REFERENCE,SOURCE_POSITIVE_GT_CONDITIONED_VIEW_GAP10_DIFF5_RELIABILITY_AND_FINITE_COMMON_VALID_PROJECTED_NO_RESELECTION,eb14eb59a5003dab80c0bbc1fd0121984baa56d87fae334f38a6b126ae1f1b26,405eac680a90ab0e46a3a8af558a750d417ca7edd14276b758184cfa2071e799,50,3,3,4,2,1,SPARSE_PAIR_EVIDENCE,0.363752,0.987332,4.564733,0.125921,26.000000,240.000000,0.018376,0.013788,0.037148,0.025392,0.001793,0.006451,1.000000,0.697362,0.997643,1.967165,0.150097,29.000000,419.000000,0.019227,0.020518,0.026213,0.021803,0.004560,0.006527,158.001082,0.160051,0.329169,13.520575,17.616909,72.383091,,,REPRESENTATION_X_Y_AXES_ONLY,298.500000,406.500000,0.203611,3678.500000,0.140213,0.191101,0.139801,0.050062,0.055144,-0.048571,2.774822,0.098772,0.165723,0.163335,,,REPRESENTATION_X_Y_AXES_ONLY,CANNY_THIN_EDGE_CONNECTIVITY_PROXY_NOT_MORPHOLOGICAL_SKELETON,TELEA_INPAINT_INVALID_PLUS_ERODE_VALID_6PX,1.000000,1.000000,1.000000,1.000000,PASS:50,45.000000,65.000000,0.003296,PASS,TRACKED_OR_FIXED_CENTER_WITH_GLOBAL_AXES_AND_EQUAL_WINDOW_DIMENSIONS,EQUAL_WINDOW_DIMENSIONS_GRID_DENSITY_MASK_GRAY;ROTATED_ANISOTROPIC_WINDOWS_SAMPLE_DIFFERENT_SOURCE_PIXELS,directly_reviewed_complete,metrics remain separate; no combined score or parameter selection; rotated-window deltas are not pure coordinate-axis attribution
S0MV-GM_RM017-PV004-SEG01|TRAJECTORY_TIME_SHIFT_P8,temporal_counterfactual,TEMPORAL_NEGATIVE,NOT_EVALUATED_DIRECTION_INSENSITIVE_METRICS,APPLICABLE_TO_TEMPORAL_CORRESPONDENCE_CONTROL,GM_RM017,GM_RM017:PV004,temporal_relation_falsification,smoothed_gt,CENTER_TRACKED_RADIAL,REPRESENTATION_DEFINED_AXIS,FIXED_REFERENCE,SOURCE_POSITIVE_GT_CONDITIONED_VIEW_GAP10_DIFF5_RELIABILITY_AND_FINITE_COMMON_VALID_PROJECTED_NO_RESELECTION,eb14eb59a5003dab80c0bbc1fd0121984baa56d87fae334f38a6b126ae1f1b26,405eac680a90ab0e46a3a8af558a750d417ca7edd14276b758184cfa2071e799,50,3,3,4,2,1,SPARSE_PAIR_EVIDENCE,0.270394,0.806640,18.115552,0.138233,8.000000,307.000000,0.016094,0.025140,0.025317,0.047575,0.001858,0.001821,1.000000,0.683917,0.994152,3.099635,0.155334,36.000000,329.000000,0.019042,0.033509,0.025672,0.026441,0.006048,0.004967,174.461771,0.147730,0.327341,3.567862,5.513410,84.486590,,,REPRESENTATION_X_Y_AXES_ONLY,287.000000,404.500000,0.207661,3873.000000,0.167077,0.195663,0.165634,0.078136,0.101088,0.084707,2.786025,0.102503,0.172863,0.157435,,,REPRESENTATION_X_Y_AXES_ONLY,CANNY_THIN_EDGE_CONNECTIVITY_PROXY_NOT_MORPHOLOGICAL_SKELETON,TELEA_INPAINT_INVALID_PLUS_ERODE_VALID_6PX,1.000000,1.000000,1.000000,1.000000,PASS:50,45.000000,66.000000,0.004028,PASS,AXIS_ORIENTATION_PLUS_ROTATED_ANISOTROPIC_SUPPORT_FOOTPRINT,EQUAL_WINDOW_DIMENSIONS_GRID_DENSITY_MASK_GRAY;ROTATED_ANISOTROPIC_WINDOWS_SAMPLE_DIFFERENT_SOURCE_PIXELS,directly_reviewed_complete,metrics remain separate; no combined score or parameter selection; rotated-window deltas are not pure coordinate-axis attribution
S0MV-GM_RM017-PV004-SEG01|TRAJECTORY_TIME_SHIFT_P8,temporal_counterfactual,TEMPORAL_NEGATIVE,NOT_EVALUATED_DIRECTION_INSENSITIVE_METRICS,APPLICABLE_TO_TEMPORAL_CORRESPONDENCE_CONTROL,GM_RM017,GM_RM017:PV004,temporal_relation_falsification,smoothed_gt,CENTER_TRACKED_BODY,GT_DERIVED_UNSIGNED_BODY,FIXED_REFERENCE,SOURCE_POSITIVE_GT_CONDITIONED_VIEW_GAP10_DIFF5_RELIABILITY_AND_FINITE_COMMON_VALID_PROJECTED_NO_RESELECTION,eb14eb59a5003dab80c0bbc1fd0121984baa56d87fae334f38a6b126ae1f1b26,405eac680a90ab0e46a3a8af558a750d417ca7edd14276b758184cfa2071e799,50,3,3,4,2,1,SPARSE_PAIR_EVIDENCE,0.369049,0.978305,5.978342,0.130668,28.000000,276.000000,0.016719,0.004919,0.026124,0.021649,0.002603,0.005668,1.000000,0.683250,0.997388,2.070967,0.149114,28.000000,420.000000,0.017702,0.021781,0.025823,0.026372,0.002901,0.006260,161.767602,0.164243,0.326437,12.825402,14.262247,75.737753,14.262247,75.737753,BODY_LONG_SHORT_AXES,296.500000,403.500000,0.186984,3726.500000,0.144760,0.192947,0.143338,0.057878,0.060798,-0.060858,2.780336,0.099886,0.166615,0.164189,0.166615,0.164189,BODY_LONG_SHORT_AXES,CANNY_THIN_EDGE_CONNECTIVITY_PROXY_NOT_MORPHOLOGICAL_SKELETON,TELEA_INPAINT_INVALID_PLUS_ERODE_VALID_6PX,1.000000,1.000000,1.000000,1.000000,PASS:50,45.000000,65.000000,0.003296,PASS,AXIS_ORIENTATION_PLUS_ROTATED_ANISOTROPIC_SUPPORT_FOOTPRINT,EQUAL_WINDOW_DIMENSIONS_GRID_DENSITY_MASK_GRAY;ROTATED_ANISOTROPIC_WINDOWS_SAMPLE_DIFFERENT_SOURCE_PIXELS,directly_reviewed_complete,metrics remain separate; no combined score or parameter selection; rotated-window deltas are not pure coordinate-axis attribution
S0MV-GM_RM017-PV004-SEG01|TRAJECTORY_TIME_SHIFT_P8,temporal_counterfactual,TEMPORAL_NEGATIVE,NOT_EVALUATED_DIRECTION_INSENSITIVE_METRICS,APPLICABLE_TO_TEMPORAL_CORRESPONDENCE_CONTROL,GM_RM017,GM_RM017:PV004,temporal_relation_falsification,smoothed_gt,WORLD_FIXED,REPRESENTATION_DEFINED_AXIS,CANDIDATE_LOCAL_REESTIMATED,SOURCE_POSITIVE_GT_CONDITIONED_VIEW_GAP10_DIFF5_RELIABILITY_AND_FINITE_COMMON_VALID_PROJECTED_NO_RESELECTION,eb14eb59a5003dab80c0bbc1fd0121984baa56d87fae334f38a6b126ae1f1b26,405eac680a90ab0e46a3a8af558a750d417ca7edd14276b758184cfa2071e799,50,3,3,4,2,1,SPARSE_PAIR_EVIDENCE,0.189102,0.782397,19.259719,0.130939,102.000000,400.000000,0.004169,0.105860,0.019043,0.024705,0.008335,0.009998,1.000000,0.587036,0.994191,3.089442,0.141216,46.000000,353.000000,0.016132,0.024113,0.024002,0.010540,0.006144,0.006472,164.093059,0.132239,0.329071,6.267729,16.803575,73.196425,,,REPRESENTATION_X_Y_AXES_ONLY,377.000000,490.000000,0.121427,4183.500000,0.094587,0.215332,0.086926,0.080713,0.078034,-0.039455,2.766274,0.046989,0.168079,0.165195,,,REPRESENTATION_X_Y_AXES_ONLY,CANNY_THIN_EDGE_CONNECTIVITY_PROXY_NOT_MORPHOLOGICAL_SKELETON,TELEA_INPAINT_INVALID_PLUS_ERODE_VALID_6PX,1.000000,1.000000,1.000000,1.000000,PASS:50,44.500000,66.000000,0.010635,PASS,TRACKED_OR_FIXED_CENTER_WITH_GLOBAL_AXES_AND_EQUAL_WINDOW_DIMENSIONS,EQUAL_WINDOW_DIMENSIONS_GRID_DENSITY_MASK_GRAY;ROTATED_ANISOTROPIC_WINDOWS_SAMPLE_DIFFERENT_SOURCE_PIXELS,directly_reviewed_complete,metrics remain separate; no combined score or parameter selection; rotated-window deltas are not pure coordinate-axis attribution
S0MV-GM_RM017-PV004-SEG01|TRAJECTORY_TIME_SHIFT_P8,temporal_counterfactual,TEMPORAL_NEGATIVE,NOT_EVALUATED_DIRECTION_INSENSITIVE_METRICS,APPLICABLE_TO_TEMPORAL_CORRESPONDENCE_CONTROL,GM_RM017,GM_RM017:PV004,temporal_relation_falsification,smoothed_gt,CENTER_TRACKED_CARTESIAN,REPRESENTATION_DEFINED_AXIS,CANDIDATE_LOCAL_REESTIMATED,SOURCE_POSITIVE_GT_CONDITIONED_VIEW_GAP10_DIFF5_RELIABILITY_AND_FINITE_COMMON_VALID_PROJECTED_NO_RESELECTION,eb14eb59a5003dab80c0bbc1fd0121984baa56d87fae334f38a6b126ae1f1b26,405eac680a90ab0e46a3a8af558a750d417ca7edd14276b758184cfa2071e799,50,3,3,4,2,1,SPARSE_PAIR_EVIDENCE,0.346350,0.994480,3.011401,0.143828,51.000000,321.000000,0.005990,0.017171,0.013315,0.004723,0.002885,0.000279,1.000000,0.667857,0.995545,2.705028,0.158074,42.000000,375.000000,0.022187,0.017053,0.021695,0.013416,0.004636,0.006475,157.833489,0.133760,0.335234,13.799800,18.147643,71.852357,,,REPRESENTATION_X_Y_AXES_ONLY,388.000000,531.500000,0.149709,4320.000000,0.101967,0.228867,0.097800,0.050974,0.049053,-0.037096,2.761019,0.059906,0.166539,0.167240,,,REPRESENTATION_X_Y_AXES_ONLY,CANNY_THIN_EDGE_CONNECTIVITY_PROXY_NOT_MORPHOLOGICAL_SKELETON,TELEA_INPAINT_INVALID_PLUS_ERODE_VALID_6PX,1.000000,1.000000,1.000000,1.000000,PASS:50,45.000000,65.000000,0.010712,PASS,TRACKED_OR_FIXED_CENTER_WITH_GLOBAL_AXES_AND_EQUAL_WINDOW_DIMENSIONS,EQUAL_WINDOW_DIMENSIONS_GRID_DENSITY_MASK_GRAY;ROTATED_ANISOTROPIC_WINDOWS_SAMPLE_DIFFERENT_SOURCE_PIXELS,directly_reviewed_complete,metrics remain separate; no combined score or parameter selection; rotated-window deltas are not pure coordinate-axis attribution
S0MV-GM_RM017-PV004-SEG01|TRAJECTORY_TIME_SHIFT_P8,temporal_counterfactual,TEMPORAL_NEGATIVE,NOT_EVALUATED_DIRECTION_INSENSITIVE_METRICS,APPLICABLE_TO_TEMPORAL_CORRESPONDENCE_CONTROL,GM_RM017,GM_RM017:PV004,temporal_relation_falsification,smoothed_gt,CENTER_TRACKED_RADIAL,REPRESENTATION_DEFINED_AXIS,CANDIDATE_LOCAL_REESTIMATED,SOURCE_POSITIVE_GT_CONDITIONED_VIEW_GAP10_DIFF5_RELIABILITY_AND_FINITE_COMMON_VALID_PROJECTED_NO_RESELECTION,eb14eb59a5003dab80c0bbc1fd0121984baa56d87fae334f38a6b126ae1f1b26,405eac680a90ab0e46a3a8af558a750d417ca7edd14276b758184cfa2071e799,50,3,3,4,2,1,SPARSE_PAIR_EVIDENCE,0.267498,0.799625,18.452854,0.142762,21.000000,170.000000,0.014949,0.023852,0.001649,0.051058,0.001780,0.004617,1.000000,0.674099,0.994033,3.131037,0.162522,41.000000,291.000000,0.018989,0.021925,0.014781,0.021314,0.003922,0.005530,173.133966,0.123394,0.331843,3.306482,6.205829,83.794171,,,REPRESENTATION_X_Y_AXES_ONLY,393.000000,529.000000,0.131568,4389.500000,0.074157,0.230881,0.074207,0.089236,0.084937,0.066585,2.769650,0.075983,0.172261,0.160644,,,REPRESENTATION_X_Y_AXES_ONLY,CANNY_THIN_EDGE_CONNECTIVITY_PROXY_NOT_MORPHOLOGICAL_SKELETON,TELEA_INPAINT_INVALID_PLUS_ERODE_VALID_6PX,1.000000,1.000000,1.000000,1.000000,PASS:50,45.000000,66.000000,0.010651,PASS,AXIS_ORIENTATION_PLUS_ROTATED_ANISOTROPIC_SUPPORT_FOOTPRINT,EQUAL_WINDOW_DIMENSIONS_GRID_DENSITY_MASK_GRAY;ROTATED_ANISOTROPIC_WINDOWS_SAMPLE_DIFFERENT_SOURCE_PIXELS,directly_reviewed_complete,metrics remain separate; no combined score or parameter selection; rotated-window deltas are not pure coordinate-axis attribution
S0MV-GM_RM017-PV004-SEG01|TRAJECTORY_TIME_SHIFT_P8,temporal_counterfactual,TEMPORAL_NEGATIVE,NOT_EVALUATED_DIRECTION_INSENSITIVE_METRICS,APPLICABLE_TO_TEMPORAL_CORRESPONDENCE_CONTROL,GM_RM017,GM_RM017:PV004,temporal_relation_falsification,smoothed_gt,CENTER_TRACKED_BODY,GT_DERIVED_UNSIGNED_BODY,CANDIDATE_LOCAL_REESTIMATED,SOURCE_POSITIVE_GT_CONDITIONED_VIEW_GAP10_DIFF5_RELIABILITY_AND_FINITE_COMMON_VALID_PROJECTED_NO_RESELECTION,eb14eb59a5003dab80c0bbc1fd0121984baa56d87fae334f38a6b126ae1f1b26,405eac680a90ab0e46a3a8af558a750d417ca7edd14276b758184cfa2071e799,50,3,3,4,2,1,SPARSE_PAIR_EVIDENCE,0.352227,0.998128,1.753133,0.145405,14.000000,366.000000,0.031685,0.007613,0.023336,0.012134,0.002924,0.004416,1.000000,0.667035,0.994536,2.996209,0.157979,29.000000,412.000000,0.017394,0.017587,0.023509,0.013690,0.003477,0.005848,161.740224,0.129817,0.335373,13.560783,13.741262,76.258738,13.741262,76.258738,BODY_LONG_SHORT_AXES,406.000000,543.500000,0.144773,4412.500000,0.099034,0.229706,0.095642,0.064147,0.050010,-0.039178,2.767529,0.062521,0.168924,0.165498,0.168924,0.165498,BODY_LONG_SHORT_AXES,CANNY_THIN_EDGE_CONNECTIVITY_PROXY_NOT_MORPHOLOGICAL_SKELETON,TELEA_INPAINT_INVALID_PLUS_ERODE_VALID_6PX,1.000000,1.000000,1.000000,1.000000,PASS:50,45.000000,65.000000,0.010635,PASS,AXIS_ORIENTATION_PLUS_ROTATED_ANISOTROPIC_SUPPORT_FOOTPRINT,EQUAL_WINDOW_DIMENSIONS_GRID_DENSITY_MASK_GRAY;ROTATED_ANISOTROPIC_WINDOWS_SAMPLE_DIFFERENT_SOURCE_PIXELS,directly_reviewed_complete,metrics remain separate; no combined score or parameter selection; rotated-window deltas are not pure coordinate-axis attribution
S0MV-GM_RM017-PV004-SEG01|CENTER_PHASE_SHIFT_P8,temporal_counterfactual,TEMPORAL_NEGATIVE,NOT_EVALUATED_DIRECTION_INSENSITIVE_METRICS,APPLICABLE_TO_TEMPORAL_CORRESPONDENCE_CONTROL,GM_RM017,GM_RM017:PV004,temporal_relation_falsification,raw_gt,WORLD_FIXED,REPRESENTATION_DEFINED_AXIS,FIXED_REFERENCE,SOURCE_POSITIVE_GT_CONDITIONED_VIEW_GAP10_DIFF5_RELIABILITY_AND_FINITE_COMMON_VALID_PROJECTED_NO_RESELECTION,d7d699e32cfe5a89f674f94b3439e486b7d5e611002a7e9a1bbb438496c89030,cab0ec7b026c53949910427e44fce37e2837bf490d8df10ec34a8f1def1a236c,50,14,14,19,5,5,PAIR_COUNT_GT4_SHARED_FRAME_REPEATED_EVIDENCE,0.148611,0.957654,8.350828,0.142992,88.500000,258.000000,0.010839,0.051397,0.022945,0.008990,0.007565,0.005698,1.000000,0.594129,0.993542,3.257481,0.128615,37.000000,389.000000,0.021551,0.031118,0.023988,0.016166,0.006253,0.005493,163.814955,0.144184,0.326581,6.571059,15.914884,74.085116,,,REPRESENTATION_X_Y_AXES_ONLY,287.000000,375.000000,0.332440,3661.500000,0.313497,0.184021,0.301421,0.079465,0.076577,-0.068913,2.781565,0.069901,0.170014,0.161832,,,REPRESENTATION_X_Y_AXES_ONLY,CANNY_THIN_EDGE_CONNECTIVITY_PROXY_NOT_MORPHOLOGICAL_SKELETON,TELEA_INPAINT_INVALID_PLUS_ERODE_VALID_6PX,1.000000,1.000000,1.000000,1.000000,PASS:50,45.000000,66.000000,0.004074,PASS,TRACKED_OR_FIXED_CENTER_WITH_GLOBAL_AXES_AND_EQUAL_WINDOW_DIMENSIONS,EQUAL_WINDOW_DIMENSIONS_GRID_DENSITY_MASK_GRAY;ROTATED_ANISOTROPIC_WINDOWS_SAMPLE_DIFFERENT_SOURCE_PIXELS,directly_reviewed_complete,metrics remain separate; no combined score or parameter selection; rotated-window deltas are not pure coordinate-axis attribution
S0MV-GM_RM017-PV004-SEG01|CENTER_PHASE_SHIFT_P8,temporal_counterfactual,TEMPORAL_NEGATIVE,NOT_EVALUATED_DIRECTION_INSENSITIVE_METRICS,APPLICABLE_TO_TEMPORAL_CORRESPONDENCE_CONTROL,GM_RM017,GM_RM017:PV004,temporal_relation_falsification,raw_gt,CENTER_TRACKED_CARTESIAN,REPRESENTATION_DEFINED_AXIS,FIXED_REFERENCE,SOURCE_POSITIVE_GT_CONDITIONED_VIEW_GAP10_DIFF5_RELIABILITY_AND_FINITE_COMMON_VALID_PROJECTED_NO_RESELECTION,d7d699e32cfe5a89f674f94b3439e486b7d5e611002a7e9a1bbb438496c89030,cab0ec7b026c53949910427e44fce37e2837bf490d8df10ec34a8f1def1a236c,50,14,14,19,5,5,PAIR_COUNT_GT4_SHARED_FRAME_REPEATED_EVIDENCE,0.172647,0.958878,8.242143,0.128314,52.000000,273.500000,0.016026,0.013003,0.041320,0.012879,0.006045,0.006069,1.000000,0.510505,0.997338,2.090727,0.132992,37.000000,357.000000,0.017591,0.023533,0.027516,0.026081,0.004858,0.005337,158.134701,0.165976,0.328879,13.087082,18.375218,71.624782,,,REPRESENTATION_X_Y_AXES_ONLY,296.000000,396.500000,0.196878,3682.000000,0.139850,0.194748,0.140572,0.058918,0.053929,-0.051480,2.776146,0.095757,0.167221,0.163402,,,REPRESENTATION_X_Y_AXES_ONLY,CANNY_THIN_EDGE_CONNECTIVITY_PROXY_NOT_MORPHOLOGICAL_SKELETON,TELEA_INPAINT_INVALID_PLUS_ERODE_VALID_6PX,1.000000,1.000000,1.000000,1.000000,PASS:50,45.000000,65.000000,0.003357,PASS,TRACKED_OR_FIXED_CENTER_WITH_GLOBAL_AXES_AND_EQUAL_WINDOW_DIMENSIONS,EQUAL_WINDOW_DIMENSIONS_GRID_DENSITY_MASK_GRAY;ROTATED_ANISOTROPIC_WINDOWS_SAMPLE_DIFFERENT_SOURCE_PIXELS,directly_reviewed_complete,metrics remain separate; no combined score or parameter selection; rotated-window deltas are not pure coordinate-axis attribution
S0MV-GM_RM017-PV004-SEG01|CENTER_PHASE_SHIFT_P8,temporal_counterfactual,TEMPORAL_NEGATIVE,NOT_EVALUATED_DIRECTION_INSENSITIVE_METRICS,APPLICABLE_TO_TEMPORAL_CORRESPONDENCE_CONTROL,GM_RM017,GM_RM017:PV004,temporal_relation_falsification,raw_gt,CENTER_TRACKED_RADIAL,REPRESENTATION_DEFINED_AXIS,FIXED_REFERENCE,SOURCE_POSITIVE_GT_CONDITIONED_VIEW_GAP10_DIFF5_RELIABILITY_AND_FINITE_COMMON_VALID_PROJECTED_NO_RESELECTION,d7d699e32cfe5a89f674f94b3439e486b7d5e611002a7e9a1bbb438496c89030,cab0ec7b026c53949910427e44fce37e2837bf490d8df10ec34a8f1def1a236c,50,14,14,19,5,5,PAIR_COUNT_GT4_SHARED_FRAME_REPEATED_EVIDENCE,0.211848,0.996470,2.406987,0.137881,23.500000,253.500000,0.019745,0.047222,0.022598,0.020656,0.010788,0.007418,1.000000,0.493910,0.995376,2.756009,0.141754,31.000000,338.000000,0.017415,0.030968,0.028006,0.026255,0.006708,0.006534,174.546072,0.145780,0.326837,3.106833,5.711827,84.288173,,,REPRESENTATION_X_Y_AXES_ONLY,288.000000,394.500000,0.212872,3887.000000,0.164968,0.198883,0.167053,0.081141,0.099343,0.084014,2.790358,0.105210,0.173774,0.157342,,,REPRESENTATION_X_Y_AXES_ONLY,CANNY_THIN_EDGE_CONNECTIVITY_PROXY_NOT_MORPHOLOGICAL_SKELETON,TELEA_INPAINT_INVALID_PLUS_ERODE_VALID_6PX,1.000000,1.000000,1.000000,1.000000,PASS:50,45.000000,66.000000,0.003983,PASS,AXIS_ORIENTATION_PLUS_ROTATED_ANISOTROPIC_SUPPORT_FOOTPRINT,EQUAL_WINDOW_DIMENSIONS_GRID_DENSITY_MASK_GRAY;ROTATED_ANISOTROPIC_WINDOWS_SAMPLE_DIFFERENT_SOURCE_PIXELS,directly_reviewed_complete,metrics remain separate; no combined score or parameter selection; rotated-window deltas are not pure coordinate-axis attribution
S0MV-GM_RM017-PV004-SEG01|CENTER_PHASE_SHIFT_P8,temporal_counterfactual,TEMPORAL_NEGATIVE,NOT_EVALUATED_DIRECTION_INSENSITIVE_METRICS,APPLICABLE_TO_TEMPORAL_CORRESPONDENCE_CONTROL,GM_RM017,GM_RM017:PV004,temporal_relation_falsification,raw_gt,CENTER_TRACKED_BODY,GT_DERIVED_UNSIGNED_BODY,FIXED_REFERENCE,SOURCE_POSITIVE_GT_CONDITIONED_VIEW_GAP10_DIFF5_RELIABILITY_AND_FINITE_COMMON_VALID_PROJECTED_NO_RESELECTION,d7d699e32cfe5a89f674f94b3439e486b7d5e611002a7e9a1bbb438496c89030,cab0ec7b026c53949910427e44fce37e2837bf490d8df10ec34a8f1def1a236c,50,14,14,19,5,5,PAIR_COUNT_GT4_SHARED_FRAME_REPEATED_EVIDENCE,0.228966,0.981786,5.328373,0.128999,61.000000,282.500000,0.028160,0.026685,0.035438,0.028635,0.003707,0.004699,1.000000,0.480282,0.993317,3.313854,0.133425,45.000000,359.000000,0.019564,0.025900,0.021336,0.018776,0.003500,0.006778,161.438122,0.167263,0.328104,13.234063,14.444795,75.555205,14.444795,75.555205,BODY_LONG_SHORT_AXES,297.000000,406.500000,0.205981,3711.000000,0.139465,0.196426,0.142557,0.059022,0.060082,-0.058913,2.775057,0.095353,0.171072,0.165250,0.171072,0.165250,BODY_LONG_SHORT_AXES,CANNY_THIN_EDGE_CONNECTIVITY_PROXY_NOT_MORPHOLOGICAL_SKELETON,TELEA_INPAINT_INVALID_PLUS_ERODE_VALID_6PX,1.000000,1.000000,1.000000,1.000000,PASS:50,45.000000,65.000000,0.003296,PASS,AXIS_ORIENTATION_PLUS_ROTATED_ANISOTROPIC_SUPPORT_FOOTPRINT,EQUAL_WINDOW_DIMENSIONS_GRID_DENSITY_MASK_GRAY;ROTATED_ANISOTROPIC_WINDOWS_SAMPLE_DIFFERENT_SOURCE_PIXELS,directly_reviewed_complete,metrics remain separate; no combined score or parameter selection; rotated-window deltas are not pure coordinate-axis attribution
S0MV-GM_RM017-PV004-SEG01|CENTER_PHASE_SHIFT_P8,temporal_counterfactual,TEMPORAL_NEGATIVE,NOT_EVALUATED_DIRECTION_INSENSITIVE_METRICS,APPLICABLE_TO_TEMPORAL_CORRESPONDENCE_CONTROL,GM_RM017,GM_RM017:PV004,temporal_relation_falsification,raw_gt,WORLD_FIXED,REPRESENTATION_DEFINED_AXIS,CANDIDATE_LOCAL_REESTIMATED,SOURCE_POSITIVE_GT_CONDITIONED_VIEW_GAP10_DIFF5_RELIABILITY_AND_FINITE_COMMON_VALID_PROJECTED_NO_RESELECTION,d7d699e32cfe5a89f674f94b3439e486b7d5e611002a7e9a1bbb438496c89030,cab0ec7b026c53949910427e44fce37e2837bf490d8df10ec34a8f1def1a236c,50,14,14,19,5,5,PAIR_COUNT_GT4_SHARED_FRAME_REPEATED_EVIDENCE,0.152551,0.954427,8.678524,0.125349,72.500000,275.000000,0.029949,0.096248,0.027582,0.018503,0.008992,0.006039,1.000000,0.586990,0.993774,3.198367,0.141055,48.000000,323.000000,0.016827,0.023742,0.023812,0.010266,0.006501,0.004667,164.101058,0.131964,0.328972,6.214725,16.622218,73.377782,,,REPRESENTATION_X_Y_AXES_ONLY,377.500000,493.500000,0.120665,4181.000000,0.093923,0.215347,0.085540,0.077806,0.075996,-0.039816,2.768333,0.047191,0.168363,0.165483,,,REPRESENTATION_X_Y_AXES_ONLY,CANNY_THIN_EDGE_CONNECTIVITY_PROXY_NOT_MORPHOLOGICAL_SKELETON,TELEA_INPAINT_INVALID_PLUS_ERODE_VALID_6PX,1.000000,1.000000,1.000000,1.000000,PASS:50,44.500000,66.000000,0.010635,PASS,TRACKED_OR_FIXED_CENTER_WITH_GLOBAL_AXES_AND_EQUAL_WINDOW_DIMENSIONS,EQUAL_WINDOW_DIMENSIONS_GRID_DENSITY_MASK_GRAY;ROTATED_ANISOTROPIC_WINDOWS_SAMPLE_DIFFERENT_SOURCE_PIXELS,directly_reviewed_complete,metrics remain separate; no combined score or parameter selection; rotated-window deltas are not pure coordinate-axis attribution
S0MV-GM_RM017-PV004-SEG01|CENTER_PHASE_SHIFT_P8,temporal_counterfactual,TEMPORAL_NEGATIVE,NOT_EVALUATED_DIRECTION_INSENSITIVE_METRICS,APPLICABLE_TO_TEMPORAL_CORRESPONDENCE_CONTROL,GM_RM017,GM_RM017:PV004,temporal_relation_falsification,raw_gt,CENTER_TRACKED_CARTESIAN,REPRESENTATION_DEFINED_AXIS,CANDIDATE_LOCAL_REESTIMATED,SOURCE_POSITIVE_GT_CONDITIONED_VIEW_GAP10_DIFF5_RELIABILITY_AND_FINITE_COMMON_VALID_PROJECTED_NO_RESELECTION,d7d699e32cfe5a89f674f94b3439e486b7d5e611002a7e9a1bbb438496c89030,cab0ec7b026c53949910427e44fce37e2837bf490d8df10ec34a8f1def1a236c,50,14,14,19,5,5,PAIR_COUNT_GT4_SHARED_FRAME_REPEATED_EVIDENCE,0.182086,0.908042,12.211978,0.140809,52.500000,438.500000,0.025991,0.015496,0.020270,0.012377,0.004962,0.006263,1.000000,0.502780,0.994439,3.022719,0.145630,46.000000,422.000000,0.018404,0.019649,0.028033,0.016645,0.004637,0.007097,157.989349,0.133001,0.334164,13.516295,18.310609,71.689391,,,REPRESENTATION_X_Y_AXES_ONLY,392.500000,526.000000,0.149673,4414.000000,0.100332,0.229248,0.096218,0.060499,0.046826,-0.035245,2.763888,0.059278,0.167122,0.166517,,,REPRESENTATION_X_Y_AXES_ONLY,CANNY_THIN_EDGE_CONNECTIVITY_PROXY_NOT_MORPHOLOGICAL_SKELETON,TELEA_INPAINT_INVALID_PLUS_ERODE_VALID_6PX,1.000000,1.000000,1.000000,1.000000,PASS:50,45.000000,65.000000,0.010544,PASS,TRACKED_OR_FIXED_CENTER_WITH_GLOBAL_AXES_AND_EQUAL_WINDOW_DIMENSIONS,EQUAL_WINDOW_DIMENSIONS_GRID_DENSITY_MASK_GRAY;ROTATED_ANISOTROPIC_WINDOWS_SAMPLE_DIFFERENT_SOURCE_PIXELS,directly_reviewed_complete,metrics remain separate; no combined score or parameter selection; rotated-window deltas are not pure coordinate-axis attribution
S0MV-GM_RM017-PV004-SEG01|CENTER_PHASE_SHIFT_P8,temporal_counterfactual,TEMPORAL_NEGATIVE,NOT_EVALUATED_DIRECTION_INSENSITIVE_METRICS,APPLICABLE_TO_TEMPORAL_CORRESPONDENCE_CONTROL,GM_RM017,GM_RM017:PV004,temporal_relation_falsification,raw_gt,CENTER_TRACKED_RADIAL,REPRESENTATION_DEFINED_AXIS,CANDIDATE_LOCAL_REESTIMATED,SOURCE_POSITIVE_GT_CONDITIONED_VIEW_GAP10_DIFF5_RELIABILITY_AND_FINITE_COMMON_VALID_PROJECTED_NO_RESELECTION,d7d699e32cfe5a89f674f94b3439e486b7d5e611002a7e9a1bbb438496c89030,cab0ec7b026c53949910427e44fce37e2837bf490d8df10ec34a8f1def1a236c,50,14,14,19,5,5,PAIR_COUNT_GT4_SHARED_FRAME_REPEATED_EVIDENCE,0.215448,0.988780,4.287119,0.146401,27.000000,132.500000,0.028906,0.037391,0.016765,0.019623,0.008854,0.006145,1.000000,0.491969,0.995340,2.766856,0.148965,42.000000,321.000000,0.020417,0.021475,0.016653,0.021781,0.005911,0.005484,173.231263,0.122055,0.332328,3.209185,6.413466,83.586534,,,REPRESENTATION_X_Y_AXES_ONLY,399.000000,525.000000,0.128419,4380.000000,0.076958,0.230423,0.076446,0.087905,0.084207,0.066482,2.768828,0.077747,0.173578,0.161053,,,REPRESENTATION_X_Y_AXES_ONLY,CANNY_THIN_EDGE_CONNECTIVITY_PROXY_NOT_MORPHOLOGICAL_SKELETON,TELEA_INPAINT_INVALID_PLUS_ERODE_VALID_6PX,1.000000,1.000000,1.000000,1.000000,PASS:50,45.000000,66.000000,0.010834,PASS,AXIS_ORIENTATION_PLUS_ROTATED_ANISOTROPIC_SUPPORT_FOOTPRINT,EQUAL_WINDOW_DIMENSIONS_GRID_DENSITY_MASK_GRAY;ROTATED_ANISOTROPIC_WINDOWS_SAMPLE_DIFFERENT_SOURCE_PIXELS,directly_reviewed_complete,metrics remain separate; no combined score or parameter selection; rotated-window deltas are not pure coordinate-axis attribution
S0MV-GM_RM017-PV004-SEG01|CENTER_PHASE_SHIFT_P8,temporal_counterfactual,TEMPORAL_NEGATIVE,NOT_EVALUATED_DIRECTION_INSENSITIVE_METRICS,APPLICABLE_TO_TEMPORAL_CORRESPONDENCE_CONTROL,GM_RM017,GM_RM017:PV004,temporal_relation_falsification,raw_gt,CENTER_TRACKED_BODY,GT_DERIVED_UNSIGNED_BODY,CANDIDATE_LOCAL_REESTIMATED,SOURCE_POSITIVE_GT_CONDITIONED_VIEW_GAP10_DIFF5_RELIABILITY_AND_FINITE_COMMON_VALID_PROJECTED_NO_RESELECTION,d7d699e32cfe5a89f674f94b3439e486b7d5e611002a7e9a1bbb438496c89030,cab0ec7b026c53949910427e44fce37e2837bf490d8df10ec34a8f1def1a236c,50,14,14,19,5,5,PAIR_COUNT_GT4_SHARED_FRAME_REPEATED_EVIDENCE,0.225424,0.954318,8.690675,0.140306,31.000000,428.000000,0.014072,0.022970,0.026131,0.013786,0.004390,0.005128,1.000000,0.482822,0.992689,3.466150,0.146748,47.000000,375.000000,0.012380,0.022675,0.027236,0.016553,0.005925,0.004699,161.510865,0.135199,0.335237,13.829690,14.441419,75.558581,14.441419,75.558581,BODY_LONG_SHORT_AXES,389.000000,549.000000,0.158218,4396.000000,0.097032,0.228516,0.093961,0.062870,0.052957,-0.039361,2.757628,0.064376,0.169349,0.165630,0.169349,0.165630,BODY_LONG_SHORT_AXES,CANNY_THIN_EDGE_CONNECTIVITY_PROXY_NOT_MORPHOLOGICAL_SKELETON,TELEA_INPAINT_INVALID_PLUS_ERODE_VALID_6PX,1.000000,1.000000,1.000000,1.000000,PASS:50,45.000000,65.000000,0.010529,PASS,AXIS_ORIENTATION_PLUS_ROTATED_ANISOTROPIC_SUPPORT_FOOTPRINT,EQUAL_WINDOW_DIMENSIONS_GRID_DENSITY_MASK_GRAY;ROTATED_ANISOTROPIC_WINDOWS_SAMPLE_DIFFERENT_SOURCE_PIXELS,directly_reviewed_complete,metrics remain separate; no combined score or parameter selection; rotated-window deltas are not pure coordinate-axis attribution
S0MV-GM_RM017-PV004-SEG01|CENTER_PHASE_SHIFT_P8,temporal_counterfactual,TEMPORAL_NEGATIVE,NOT_EVALUATED_DIRECTION_INSENSITIVE_METRICS,APPLICABLE_TO_TEMPORAL_CORRESPONDENCE_CONTROL,GM_RM017,GM_RM017:PV004,temporal_relation_falsification,smoothed_gt,WORLD_FIXED,REPRESENTATION_DEFINED_AXIS,FIXED_REFERENCE,SOURCE_POSITIVE_GT_CONDITIONED_VIEW_GAP10_DIFF5_RELIABILITY_AND_FINITE_COMMON_VALID_PROJECTED_NO_RESELECTION,eb14eb59a5003dab80c0bbc1fd0121984baa56d87fae334f38a6b126ae1f1b26,405eac680a90ab0e46a3a8af558a750d417ca7edd14276b758184cfa2071e799,50,3,3,4,2,1,SPARSE_PAIR_EVIDENCE,0.183142,0.780805,19.332852,0.140461,77.000000,499.000000,0.006603,0.052688,0.021652,0.016654,0.009368,0.008502,1.000000,0.594253,0.993489,3.270856,0.128128,41.000000,381.000000,0.014857,0.030222,0.032475,0.014970,0.007281,0.005799,163.778654,0.143766,0.326449,6.617563,16.012187,73.987813,,,REPRESENTATION_X_Y_AXES_ONLY,284.000000,373.000000,0.337668,3646.500000,0.313737,0.183624,0.301712,0.072671,0.076773,-0.064531,2.788202,0.065025,0.170192,0.160580,,,REPRESENTATION_X_Y_AXES_ONLY,CANNY_THIN_EDGE_CONNECTIVITY_PROXY_NOT_MORPHOLOGICAL_SKELETON,TELEA_INPAINT_INVALID_PLUS_ERODE_VALID_6PX,1.000000,1.000000,1.000000,1.000000,PASS:50,45.000000,66.000000,0.004074,PASS,TRACKED_OR_FIXED_CENTER_WITH_GLOBAL_AXES_AND_EQUAL_WINDOW_DIMENSIONS,EQUAL_WINDOW_DIMENSIONS_GRID_DENSITY_MASK_GRAY;ROTATED_ANISOTROPIC_WINDOWS_SAMPLE_DIFFERENT_SOURCE_PIXELS,directly_reviewed_complete,metrics remain separate; no combined score or parameter selection; rotated-window deltas are not pure coordinate-axis attribution
S0MV-GM_RM017-PV004-SEG01|CENTER_PHASE_SHIFT_P8,temporal_counterfactual,TEMPORAL_NEGATIVE,NOT_EVALUATED_DIRECTION_INSENSITIVE_METRICS,APPLICABLE_TO_TEMPORAL_CORRESPONDENCE_CONTROL,GM_RM017,GM_RM017:PV004,temporal_relation_falsification,smoothed_gt,CENTER_TRACKED_CARTESIAN,REPRESENTATION_DEFINED_AXIS,FIXED_REFERENCE,SOURCE_POSITIVE_GT_CONDITIONED_VIEW_GAP10_DIFF5_RELIABILITY_AND_FINITE_COMMON_VALID_PROJECTED_NO_RESELECTION,eb14eb59a5003dab80c0bbc1fd0121984baa56d87fae334f38a6b126ae1f1b26,405eac680a90ab0e46a3a8af558a750d417ca7edd14276b758184cfa2071e799,50,3,3,4,2,1,SPARSE_PAIR_EVIDENCE,0.363752,0.987332,4.564733,0.125921,26.000000,240.000000,0.018376,0.013788,0.037148,0.025392,0.001793,0.006451,1.000000,0.697362,0.997643,1.967165,0.150097,29.000000,419.000000,0.019227,0.020518,0.026213,0.021803,0.004560,0.006527,158.001082,0.160051,0.329169,13.520575,17.616909,72.383091,,,REPRESENTATION_X_Y_AXES_ONLY,298.500000,406.500000,0.203611,3678.500000,0.140213,0.191101,0.139801,0.050062,0.055144,-0.048571,2.774822,0.098772,0.165723,0.163335,,,REPRESENTATION_X_Y_AXES_ONLY,CANNY_THIN_EDGE_CONNECTIVITY_PROXY_NOT_MORPHOLOGICAL_SKELETON,TELEA_INPAINT_INVALID_PLUS_ERODE_VALID_6PX,1.000000,1.000000,1.000000,1.000000,PASS:50,45.000000,65.000000,0.003296,PASS,TRACKED_OR_FIXED_CENTER_WITH_GLOBAL_AXES_AND_EQUAL_WINDOW_DIMENSIONS,EQUAL_WINDOW_DIMENSIONS_GRID_DENSITY_MASK_GRAY;ROTATED_ANISOTROPIC_WINDOWS_SAMPLE_DIFFERENT_SOURCE_PIXELS,directly_reviewed_complete,metrics remain separate; no combined score or parameter selection; rotated-window deltas are not pure coordinate-axis attribution
S0MV-GM_RM017-PV004-SEG01|CENTER_PHASE_SHIFT_P8,temporal_counterfactual,TEMPORAL_NEGATIVE,NOT_EVALUATED_DIRECTION_INSENSITIVE_METRICS,APPLICABLE_TO_TEMPORAL_CORRESPONDENCE_CONTROL,GM_RM017,GM_RM017:PV004,temporal_relation_falsification,smoothed_gt,CENTER_TRACKED_RADIAL,REPRESENTATION_DEFINED_AXIS,FIXED_REFERENCE,SOURCE_POSITIVE_GT_CONDITIONED_VIEW_GAP10_DIFF5_RELIABILITY_AND_FINITE_COMMON_VALID_PROJECTED_NO_RESELECTION,eb14eb59a5003dab80c0bbc1fd0121984baa56d87fae334f38a6b126ae1f1b26,405eac680a90ab0e46a3a8af558a750d417ca7edd14276b758184cfa2071e799,50,3,3,4,2,1,SPARSE_PAIR_EVIDENCE,0.270394,0.806640,18.115552,0.138233,8.000000,307.000000,0.016094,0.025140,0.025317,0.047575,0.001858,0.001821,1.000000,0.683917,0.994152,3.099635,0.155334,36.000000,329.000000,0.019042,0.033509,0.025672,0.026441,0.006048,0.004967,174.461771,0.147730,0.327341,3.567862,5.513410,84.486590,,,REPRESENTATION_X_Y_AXES_ONLY,287.000000,404.500000,0.207661,3873.000000,0.167077,0.195663,0.165634,0.078136,0.101088,0.084707,2.786025,0.102503,0.172863,0.157435,,,REPRESENTATION_X_Y_AXES_ONLY,CANNY_THIN_EDGE_CONNECTIVITY_PROXY_NOT_MORPHOLOGICAL_SKELETON,TELEA_INPAINT_INVALID_PLUS_ERODE_VALID_6PX,1.000000,1.000000,1.000000,1.000000,PASS:50,45.000000,66.000000,0.004028,PASS,AXIS_ORIENTATION_PLUS_ROTATED_ANISOTROPIC_SUPPORT_FOOTPRINT,EQUAL_WINDOW_DIMENSIONS_GRID_DENSITY_MASK_GRAY;ROTATED_ANISOTROPIC_WINDOWS_SAMPLE_DIFFERENT_SOURCE_PIXELS,directly_reviewed_complete,metrics remain separate; no combined score or parameter selection; rotated-window deltas are not pure coordinate-axis attribution
S0MV-GM_RM017-PV004-SEG01|CENTER_PHASE_SHIFT_P8,temporal_counterfactual,TEMPORAL_NEGATIVE,NOT_EVALUATED_DIRECTION_INSENSITIVE_METRICS,APPLICABLE_TO_TEMPORAL_CORRESPONDENCE_CONTROL,GM_RM017,GM_RM017:PV004,temporal_relation_falsification,smoothed_gt,CENTER_TRACKED_BODY,GT_DERIVED_UNSIGNED_BODY,FIXED_REFERENCE,SOURCE_POSITIVE_GT_CONDITIONED_VIEW_GAP10_DIFF5_RELIABILITY_AND_FINITE_COMMON_VALID_PROJECTED_NO_RESELECTION,eb14eb59a5003dab80c0bbc1fd0121984baa56d87fae334f38a6b126ae1f1b26,405eac680a90ab0e46a3a8af558a750d417ca7edd14276b758184cfa2071e799,50,3,3,4,2,1,SPARSE_PAIR_EVIDENCE,0.391632,0.977046,6.149939,0.135637,38.000000,255.000000,0.023516,0.011348,0.026317,0.022058,0.001499,0.002560,1.000000,0.673426,0.998215,1.711773,0.150541,41.000000,433.000000,0.015269,0.024734,0.031789,0.026147,0.004749,0.006053,161.771882,0.167404,0.326088,12.866133,12.697673,77.302327,12.697673,77.302327,BODY_LONG_SHORT_AXES,296.500000,402.500000,0.197416,3695.000000,0.146030,0.193314,0.143379,0.061729,0.059682,-0.060443,2.778102,0.103185,0.169603,0.162185,0.169603,0.162185,BODY_LONG_SHORT_AXES,CANNY_THIN_EDGE_CONNECTIVITY_PROXY_NOT_MORPHOLOGICAL_SKELETON,TELEA_INPAINT_INVALID_PLUS_ERODE_VALID_6PX,1.000000,1.000000,1.000000,1.000000,PASS:50,45.000000,65.000000,0.003296,PASS,AXIS_ORIENTATION_PLUS_ROTATED_ANISOTROPIC_SUPPORT_FOOTPRINT,EQUAL_WINDOW_DIMENSIONS_GRID_DENSITY_MASK_GRAY;ROTATED_ANISOTROPIC_WINDOWS_SAMPLE_DIFFERENT_SOURCE_PIXELS,directly_reviewed_complete,metrics remain separate; no combined score or parameter selection; rotated-window deltas are not pure coordinate-axis attribution
S0MV-GM_RM017-PV004-SEG01|CENTER_PHASE_SHIFT_P8,temporal_counterfactual,TEMPORAL_NEGATIVE,NOT_EVALUATED_DIRECTION_INSENSITIVE_METRICS,APPLICABLE_TO_TEMPORAL_CORRESPONDENCE_CONTROL,GM_RM017,GM_RM017:PV004,temporal_relation_falsification,smoothed_gt,WORLD_FIXED,REPRESENTATION_DEFINED_AXIS,CANDIDATE_LOCAL_REESTIMATED,SOURCE_POSITIVE_GT_CONDITIONED_VIEW_GAP10_DIFF5_RELIABILITY_AND_FINITE_COMMON_VALID_PROJECTED_NO_RESELECTION,eb14eb59a5003dab80c0bbc1fd0121984baa56d87fae334f38a6b126ae1f1b26,405eac680a90ab0e46a3a8af558a750d417ca7edd14276b758184cfa2071e799,50,3,3,4,2,1,SPARSE_PAIR_EVIDENCE,0.189102,0.782397,19.259719,0.130939,102.000000,400.000000,0.004169,0.105860,0.019043,0.024705,0.008335,0.009998,1.000000,0.587036,0.994191,3.089442,0.141216,46.000000,353.000000,0.016132,0.024113,0.024002,0.010540,0.006144,0.006472,164.093059,0.132239,0.329071,6.267729,16.803575,73.196425,,,REPRESENTATION_X_Y_AXES_ONLY,377.000000,490.000000,0.121427,4183.500000,0.094587,0.215332,0.086926,0.080713,0.078034,-0.039455,2.766274,0.046989,0.168079,0.165195,,,REPRESENTATION_X_Y_AXES_ONLY,CANNY_THIN_EDGE_CONNECTIVITY_PROXY_NOT_MORPHOLOGICAL_SKELETON,TELEA_INPAINT_INVALID_PLUS_ERODE_VALID_6PX,1.000000,1.000000,1.000000,1.000000,PASS:50,44.500000,66.000000,0.010635,PASS,TRACKED_OR_FIXED_CENTER_WITH_GLOBAL_AXES_AND_EQUAL_WINDOW_DIMENSIONS,EQUAL_WINDOW_DIMENSIONS_GRID_DENSITY_MASK_GRAY;ROTATED_ANISOTROPIC_WINDOWS_SAMPLE_DIFFERENT_SOURCE_PIXELS,directly_reviewed_complete,metrics remain separate; no combined score or parameter selection; rotated-window deltas are not pure coordinate-axis attribution
S0MV-GM_RM017-PV004-SEG01|CENTER_PHASE_SHIFT_P8,temporal_counterfactual,TEMPORAL_NEGATIVE,NOT_EVALUATED_DIRECTION_INSENSITIVE_METRICS,APPLICABLE_TO_TEMPORAL_CORRESPONDENCE_CONTROL,GM_RM017,GM_RM017:PV004,temporal_relation_falsification,smoothed_gt,CENTER_TRACKED_CARTESIAN,REPRESENTATION_DEFINED_AXIS,CANDIDATE_LOCAL_REESTIMATED,SOURCE_POSITIVE_GT_CONDITIONED_VIEW_GAP10_DIFF5_RELIABILITY_AND_FINITE_COMMON_VALID_PROJECTED_NO_RESELECTION,eb14eb59a5003dab80c0bbc1fd0121984baa56d87fae334f38a6b126ae1f1b26,405eac680a90ab0e46a3a8af558a750d417ca7edd14276b758184cfa2071e799,50,3,3,4,2,1,SPARSE_PAIR_EVIDENCE,0.346350,0.994480,3.011401,0.143828,51.000000,321.000000,0.005990,0.017171,0.013315,0.004723,0.002885,0.000279,1.000000,0.667857,0.995545,2.705028,0.158074,42.000000,375.000000,0.022187,0.017053,0.021695,0.013416,0.004636,0.006475,157.833489,0.133760,0.335234,13.799800,18.147643,71.852357,,,REPRESENTATION_X_Y_AXES_ONLY,388.000000,531.500000,0.149709,4320.000000,0.101967,0.228867,0.097800,0.050974,0.049053,-0.037096,2.761019,0.059906,0.166539,0.167240,,,REPRESENTATION_X_Y_AXES_ONLY,CANNY_THIN_EDGE_CONNECTIVITY_PROXY_NOT_MORPHOLOGICAL_SKELETON,TELEA_INPAINT_INVALID_PLUS_ERODE_VALID_6PX,1.000000,1.000000,1.000000,1.000000,PASS:50,45.000000,65.000000,0.010712,PASS,TRACKED_OR_FIXED_CENTER_WITH_GLOBAL_AXES_AND_EQUAL_WINDOW_DIMENSIONS,EQUAL_WINDOW_DIMENSIONS_GRID_DENSITY_MASK_GRAY;ROTATED_ANISOTROPIC_WINDOWS_SAMPLE_DIFFERENT_SOURCE_PIXELS,directly_reviewed_complete,metrics remain separate; no combined score or parameter selection; rotated-window deltas are not pure coordinate-axis attribution
S0MV-GM_RM017-PV004-SEG01|CENTER_PHASE_SHIFT_P8,temporal_counterfactual,TEMPORAL_NEGATIVE,NOT_EVALUATED_DIRECTION_INSENSITIVE_METRICS,APPLICABLE_TO_TEMPORAL_CORRESPONDENCE_CONTROL,GM_RM017,GM_RM017:PV004,temporal_relation_falsification,smoothed_gt,CENTER_TRACKED_RADIAL,REPRESENTATION_DEFINED_AXIS,CANDIDATE_LOCAL_REESTIMATED,SOURCE_POSITIVE_GT_CONDITIONED_VIEW_GAP10_DIFF5_RELIABILITY_AND_FINITE_COMMON_VALID_PROJECTED_NO_RESELECTION,eb14eb59a5003dab80c0bbc1fd0121984baa56d87fae334f38a6b126ae1f1b26,405eac680a90ab0e46a3a8af558a750d417ca7edd14276b758184cfa2071e799,50,3,3,4,2,1,SPARSE_PAIR_EVIDENCE,0.267498,0.799625,18.452854,0.142762,21.000000,170.000000,0.014949,0.023852,0.001649,0.051058,0.001780,0.004617,1.000000,0.674099,0.994033,3.131037,0.162522,41.000000,291.000000,0.018989,0.021925,0.014781,0.021314,0.003922,0.005530,173.133966,0.123394,0.331843,3.306482,6.205829,83.794171,,,REPRESENTATION_X_Y_AXES_ONLY,393.000000,529.000000,0.131568,4389.500000,0.074157,0.230881,0.074207,0.089236,0.084937,0.066585,2.769650,0.075983,0.172261,0.160644,,,REPRESENTATION_X_Y_AXES_ONLY,CANNY_THIN_EDGE_CONNECTIVITY_PROXY_NOT_MORPHOLOGICAL_SKELETON,TELEA_INPAINT_INVALID_PLUS_ERODE_VALID_6PX,1.000000,1.000000,1.000000,1.000000,PASS:50,45.000000,66.000000,0.010651,PASS,AXIS_ORIENTATION_PLUS_ROTATED_ANISOTROPIC_SUPPORT_FOOTPRINT,EQUAL_WINDOW_DIMENSIONS_GRID_DENSITY_MASK_GRAY;ROTATED_ANISOTROPIC_WINDOWS_SAMPLE_DIFFERENT_SOURCE_PIXELS,directly_reviewed_complete,metrics remain separate; no combined score or parameter selection; rotated-window deltas are not pure coordinate-axis attribution
S0MV-GM_RM017-PV004-SEG01|CENTER_PHASE_SHIFT_P8,temporal_counterfactual,TEMPORAL_NEGATIVE,NOT_EVALUATED_DIRECTION_INSENSITIVE_METRICS,APPLICABLE_TO_TEMPORAL_CORRESPONDENCE_CONTROL,GM_RM017,GM_RM017:PV004,temporal_relation_falsification,smoothed_gt,CENTER_TRACKED_BODY,GT_DERIVED_UNSIGNED_BODY,CANDIDATE_LOCAL_REESTIMATED,SOURCE_POSITIVE_GT_CONDITIONED_VIEW_GAP10_DIFF5_RELIABILITY_AND_FINITE_COMMON_VALID_PROJECTED_NO_RESELECTION,eb14eb59a5003dab80c0bbc1fd0121984baa56d87fae334f38a6b126ae1f1b26,405eac680a90ab0e46a3a8af558a750d417ca7edd14276b758184cfa2071e799,50,3,3,4,2,1,SPARSE_PAIR_EVIDENCE,0.361751,0.991949,3.637713,0.149138,51.000000,364.000000,0.020928,0.016446,0.024588,0.017144,0.001656,0.001313,1.000000,0.640381,0.996217,2.492702,0.159767,42.000000,406.000000,0.020208,0.018860,0.023509,0.013690,0.004291,0.004862,161.810424,0.129729,0.335049,13.175648,12.824262,77.175738,12.824262,77.175738,BODY_LONG_SHORT_AXES,405.500000,535.500000,0.149004,4374.500000,0.097571,0.229111,0.094694,0.056871,0.050045,-0.039788,2.766556,0.065889,0.170248,0.163905,0.170248,0.163905,BODY_LONG_SHORT_AXES,CANNY_THIN_EDGE_CONNECTIVITY_PROXY_NOT_MORPHOLOGICAL_SKELETON,TELEA_INPAINT_INVALID_PLUS_ERODE_VALID_6PX,1.000000,1.000000,1.000000,1.000000,PASS:50,45.000000,65.000000,0.010635,PASS,AXIS_ORIENTATION_PLUS_ROTATED_ANISOTROPIC_SUPPORT_FOOTPRINT,EQUAL_WINDOW_DIMENSIONS_GRID_DENSITY_MASK_GRAY;ROTATED_ANISOTROPIC_WINDOWS_SAMPLE_DIFFERENT_SOURCE_PIXELS,directly_reviewed_complete,metrics remain separate; no combined score or parameter selection; rotated-window deltas are not pure coordinate-axis attribution
