scene,atomic_tracklet_id,frame_start,frame_end,frame_count,assigned_canonical_vehicle_ids,p1c_global_vehicle_ids,source_track_ids,detector_sources,split_reason,primary_fragmentation_cause,secondary_causes,identity_purity_necessity,benchmark_evidence,recommended_future_mechanism,notes
GM_RM011,GM_RM011:AT0001,0,4,5,,,YOLO11l:botsort:bs_0001;YOLO11l:bytetrack:bt_0001;YOLO26l:botsort:bs_0002;YOLO26l:bytetrack:bt_0002,YOLO11l,tracker_seed_start,non_vehicle_contamination,,necessary_for_identity_purity,Canonical assignment from all selected observations in GM_RM011:AT0001; P1-D lifecycle context retained.,Build longer identity-pure multi-frame observation entities before global association.,Benchmark attribution; not a runtime split rule.
GM_RM011,GM_RM011:AT0002,0,4,5,,,YOLO11l:botsort:bs_0002;YOLO11l:bytetrack:bt_0002;YOLO26l:botsort:bs_0001;YOLO26l:bytetrack:bt_0001,YOLO11l,tracker_seed_start,non_vehicle_contamination,,necessary_for_identity_purity,Canonical assignment from all selected observations in GM_RM011:AT0002; P1-D lifecycle context retained.,Build longer identity-pure multi-frame observation entities before global association.,Benchmark attribution; not a runtime split rule.
GM_RM011,GM_RM011:AT0037,0,4,5,GM_RM011:PV002,GM_RM011:GV002,YOLO11l:botsort:bs_0001;YOLO11l:bytetrack:bt_0001;YOLO26l:botsort:bs_0002;YOLO26l:bytetrack:bt_0002,YOLO26l,tracker_seed_start,tracker_local_break,,observation_layer_fragmentation_not_intrinsically_required,Canonical assignment from all selected observations in GM_RM011:AT0037; P1-D lifecycle context retained.,Build longer identity-pure multi-frame observation entities before global association.,Benchmark attribution; not a runtime split rule.
GM_RM011,GM_RM011:AT0033,0,13,14,GM_RM011:PV001,GM_RM011:GV001,YOLO11l:botsort:bs_0002;YOLO11l:botsort:bs_0007;YOLO11l:botsort:bs_0015;YOLO11l:bytetrack:bt_0002;YOLO11l:bytetrack:bt_0007;YOLO11l:bytetrack:bt_0015;YOLO26l:botsort:bs_0001;YOLO26l:bytetrack:bt_0001,YOLO26l,tracker_seed_start,tracker_local_break,over_fragmentation,observation_layer_fragmentation_not_intrinsically_required,Canonical assignment from all selected observations in GM_RM011:AT0033; P1-D lifecycle context retained.,Build longer identity-pure multi-frame observation entities before global association.,Benchmark attribution; not a runtime split rule.
GM_RM011,GM_RM011:AT0063,5,5,1,,,,YOLO26l,supplement_singleton,non_vehicle_contamination,,necessary_for_identity_purity,Canonical assignment from all selected observations in GM_RM011:AT0063; P1-D lifecycle context retained.,Build longer identity-pure multi-frame observation entities before global association.,Benchmark attribution; not a runtime split rule.
GM_RM011,GM_RM011:AT0064,5,12,7,,,YOLO26l:botsort:bs_0001;YOLO26l:botsort:bs_0004;YOLO26l:bytetrack:bt_0001;YOLO26l:bytetrack:bt_0004,YOLO11l,local_overlap_fragment_union,non_vehicle_contamination,,necessary_for_identity_purity,Canonical assignment from all selected observations in GM_RM011:AT0064; P1-D lifecycle context retained.,Build longer identity-pure multi-frame observation entities before global association.,Benchmark attribution; not a runtime split rule.
GM_RM011,GM_RM011:AT0065,7,7,1,,,YOLO26l:botsort:bs_0001;YOLO26l:bytetrack:bt_0001,YOLO11l,supplement_singleton,non_vehicle_contamination,,necessary_for_identity_purity,Canonical assignment from all selected observations in GM_RM011:AT0065; P1-D lifecycle context retained.,Build longer identity-pure multi-frame observation entities before global association.,Benchmark attribution; not a runtime split rule.
GM_RM011,GM_RM011:AT0066,7,10,4,,,,YOLO11l,local_high_confidence_continuity,non_vehicle_contamination,,necessary_for_identity_purity,Canonical assignment from all selected observations in GM_RM011:AT0066; P1-D lifecycle context retained.,Build longer identity-pure multi-frame observation entities before global association.,Benchmark attribution; not a runtime split rule.
GM_RM011,GM_RM011:AT0003,8,10,3,,,YOLO11l:botsort:bs_0007;YOLO11l:bytetrack:bt_0007;YOLO26l:botsort:bs_0001;YOLO26l:bytetrack:bt_0001,YOLO11l,tracker_seed_start,non_vehicle_contamination,,necessary_for_identity_purity,Canonical assignment from all selected observations in GM_RM011:AT0003; P1-D lifecycle context retained.,Build longer identity-pure multi-frame observation entities before global association.,Benchmark attribution; not a runtime split rule.
GM_RM011,GM_RM011:AT0067,9,9,1,,,,YOLO26l,supplement_singleton,non_vehicle_contamination,,necessary_for_identity_purity,Canonical assignment from all selected observations in GM_RM011:AT0067; P1-D lifecycle context retained.,Build longer identity-pure multi-frame observation entities before global association.,Benchmark attribution; not a runtime split rule.
GM_RM011,GM_RM011:AT0038,10,11,2,,,YOLO26l:botsort:bs_0004;YOLO26l:bytetrack:bt_0004,YOLO26l,tracker_seed_start,non_vehicle_contamination,,necessary_for_identity_purity,Canonical assignment from all selected observations in GM_RM011:AT0038; P1-D lifecycle context retained.,Build longer identity-pure multi-frame observation entities before global association.,Benchmark attribution; not a runtime split rule.
GM_RM011,GM_RM011:AT0069,13,13,1,,,,YOLO26l,supplement_singleton,non_vehicle_contamination,,necessary_for_identity_purity,Canonical assignment from all selected observations in GM_RM011:AT0069; P1-D lifecycle context retained.,Build longer identity-pure multi-frame observation entities before global association.,Benchmark attribution; not a runtime split rule.
GM_RM011,GM_RM011:AT0004,13,16,4,,,YOLO11l:botsort:bs_0015;YOLO11l:bytetrack:bt_0015;YOLO26l:botsort:bs_0001;YOLO26l:botsort:bs_0004;YOLO26l:bytetrack:bt_0001,YOLO11l,tracker_seed_start,non_vehicle_contamination,,necessary_for_identity_purity,Canonical assignment from all selected observations in GM_RM011:AT0004; P1-D lifecycle context retained.,Build longer identity-pure multi-frame observation entities before global association.,Benchmark attribution; not a runtime split rule.
GM_RM011,GM_RM011:AT0039,14,16,3,GM_RM011:PV001,GM_RM011:GV001,YOLO11l:botsort:bs_0015;YOLO11l:bytetrack:bt_0015;YOLO26l:botsort:bs_0004;YOLO26l:bytetrack:bt_0001,YOLO26l,frame_gap_2,actual_detection_missing,over_fragmentation,observation_layer_fragmentation_not_intrinsically_required,Canonical assignment from all selected observations in GM_RM011:AT0039; P1-D lifecycle context retained.,Build longer identity-pure multi-frame observation entities before global association.,Benchmark attribution; not a runtime split rule.
GM_RM011,GM_RM011:AT0034,17,17,1,,,YOLO26l:botsort:bs_0001;YOLO26l:bytetrack:bt_0004,YOLO26l,frame_gap_3,non_vehicle_contamination,,necessary_for_identity_purity,Canonical assignment from all selected observations in GM_RM011:AT0034; P1-D lifecycle context retained.,Build longer identity-pure multi-frame observation entities before global association.,Benchmark attribution; not a runtime split rule.
GM_RM011,GM_RM011:AT0070,18,18,1,GM_RM011:PV001,GM_RM011:GV001,YOLO11l:botsort:bs_0015;YOLO11l:bytetrack:bt_0015;YOLO26l:bytetrack:bt_0001,YOLO26l,supplement_singleton,detector_source_switch_or_missing_tracker_support,over_fragmentation,observation_layer_fragmentation_not_intrinsically_required,Canonical assignment from all selected observations in GM_RM011:AT0070; P1-D lifecycle context retained.,Build longer identity-pure multi-frame observation entities before global association.,Benchmark attribution; not a runtime split rule.
GM_RM011,GM_RM011:AT0005,18,30,13,,,YOLO11l:botsort:bs_0015;YOLO11l:bytetrack:bt_0015;YOLO26l:botsort:bs_0001;YOLO26l:bytetrack:bt_0001;YOLO26l:bytetrack:bt_0004,YOLO11l,GM011_P1A_E003_subject_switch,non_vehicle_contamination,,necessary_for_identity_purity,Canonical assignment from all selected observations in GM_RM011:AT0005; P1-D lifecycle context retained.,Build longer identity-pure multi-frame observation entities before global association.,Benchmark attribution; not a runtime split rule.
GM_RM011,GM_RM011:AT0071,19,19,1,,,,YOLO11l,supplement_singleton,non_vehicle_contamination,,necessary_for_identity_purity,Canonical assignment from all selected observations in GM_RM011:AT0071; P1-D lifecycle context retained.,Build longer identity-pure multi-frame observation entities before global association.,Benchmark attribution; not a runtime split rule.
GM_RM011,GM_RM011:AT0072,19,19,1,,,,YOLO26l,supplement_singleton,non_vehicle_contamination,,necessary_for_identity_purity,Canonical assignment from all selected observations in GM_RM011:AT0072; P1-D lifecycle context retained.,Build longer identity-pure multi-frame observation entities before global association.,Benchmark attribution; not a runtime split rule.
GM_RM011,GM_RM011:AT0035,19,30,12,GM_RM011:PV001,GM_RM011:GV001,YOLO11l:botsort:bs_0015;YOLO11l:bytetrack:bt_0015;YOLO26l:botsort:bs_0001;YOLO26l:bytetrack:bt_0001;YOLO26l:bytetrack:bt_0004,YOLO26l,GM011_P1A_E003_subject_switch,subject_switch_protection,,necessary_for_identity_purity,Canonical assignment from all selected observations in GM_RM011:AT0035; P1-D lifecycle context retained.,Build longer identity-pure multi-frame observation entities before global association.,Benchmark attribution; not a runtime split rule.
GM_RM011,GM_RM011:AT0007,20,30,11,GM_RM011:PV003,GM_RM011:GV003,YOLO11l:botsort:bs_0016;YOLO11l:bytetrack:bt_0016;YOLO26l:botsort:bs_0009;YOLO26l:botsort:bs_0011;YOLO26l:bytetrack:bt_0009;YOLO26l:bytetrack:bt_0011;YOLO26l:bytetrack:bt_0013,YOLO11l,tracker_seed_start,tracker_local_break,,observation_layer_fragmentation_not_intrinsically_required,Canonical assignment from all selected observations in GM_RM011:AT0007; P1-D lifecycle context retained.,Build longer identity-pure multi-frame observation entities before global association.,Benchmark attribution; not a runtime split rule.
GM_RM011,GM_RM011:AT0040,20,30,10,,,YOLO11l:botsort:bs_0016;YOLO11l:bytetrack:bt_0016;YOLO26l:botsort:bs_0009;YOLO26l:bytetrack:bt_0009;YOLO26l:bytetrack:bt_0011;YOLO26l:bytetrack:bt_0013,YOLO26l,tracker_seed_start,non_vehicle_contamination,,necessary_for_identity_purity,Canonical assignment from all selected observations in GM_RM011:AT0040; P1-D lifecycle context retained.,Build longer identity-pure multi-frame observation entities before global association.,Benchmark attribution; not a runtime split rule.
GM_RM011,GM_RM011:AT0043,29,29,1,,,YOLO11l:botsort:bs_0016;YOLO11l:bytetrack:bt_0016;YOLO26l:botsort:bs_0011;YOLO26l:bytetrack:bt_0013,YOLO26l,tracker_seed_start,non_vehicle_contamination,,necessary_for_identity_purity,Canonical assignment from all selected observations in GM_RM011:AT0043; P1-D lifecycle context retained.,Build longer identity-pure multi-frame observation entities before global association.,Benchmark attribution; not a runtime split rule.
GM_RM011,GM_RM011:AT0006,31,35,5,,,YOLO11l:botsort:bs_0015;YOLO11l:bytetrack:bt_0015;YOLO26l:botsort:bs_0001;YOLO26l:bytetrack:bt_0004,YOLO11l,GM011_P1A_E003_subject_switch,non_vehicle_contamination,,necessary_for_identity_purity,Canonical assignment from all selected observations in GM_RM011:AT0006; P1-D lifecycle context retained.,Build longer identity-pure multi-frame observation entities before global association.,Benchmark attribution; not a runtime split rule.
GM_RM011,GM_RM011:AT0036,31,35,5,GM_RM011:PV001,GM_RM011:GV001,YOLO11l:botsort:bs_0015;YOLO11l:bytetrack:bt_0015;YOLO26l:botsort:bs_0001;YOLO26l:bytetrack:bt_0004,YOLO26l,GM011_P1A_E003_subject_switch,subject_switch_protection,,necessary_for_identity_purity,Canonical assignment from all selected observations in GM_RM011:AT0036; P1-D lifecycle context retained.,Build longer identity-pure multi-frame observation entities before global association.,Benchmark attribution; not a runtime split rule.
GM_RM011,GM_RM011:AT0041,31,58,28,,,YOLO11l:botsort:bs_0016;YOLO11l:botsort:bs_0018;YOLO11l:bytetrack:bt_0016;YOLO11l:bytetrack:bt_0019;YOLO26l:botsort:bs_0009;YOLO26l:botsort:bs_0015;YOLO26l:bytetrack:bt_0013;YOLO26l:bytetrack:bt_0021,YOLO26l,local_overlap_fragment_union,non_vehicle_contamination,,necessary_for_identity_purity,Canonical assignment from all selected observations in GM_RM011:AT0041; P1-D lifecycle context retained.,Build longer identity-pure multi-frame observation entities before global association.,Benchmark attribution; not a runtime split rule.
GM_RM011,GM_RM011:AT0008,31,59,29,GM_RM011:PV003,GM_RM011:GV003,YOLO11l:botsort:bs_0016;YOLO11l:bytetrack:bt_0016;YOLO26l:botsort:bs_0009;YOLO26l:bytetrack:bt_0013,YOLO11l,GM011_P1A_E003_subject_switch,subject_switch_protection,,necessary_for_identity_purity,Canonical assignment from all selected observations in GM_RM011:AT0008; P1-D lifecycle context retained.,Build longer identity-pure multi-frame observation entities before global association.,Benchmark attribution; not a runtime split rule.
GM_RM011,GM_RM011:AT0073,37,38,2,,,,YOLO11l,local_high_confidence_continuity,non_vehicle_contamination,,necessary_for_identity_purity,Canonical assignment from all selected observations in GM_RM011:AT0073; P1-D lifecycle context retained.,Build longer identity-pure multi-frame observation entities before global association.,Benchmark attribution; not a runtime split rule.
GM_RM011,GM_RM011:AT0074,38,39,2,,,YOLO11l:botsort:bs_0018;YOLO11l:bytetrack:bt_0019,YOLO26l,local_high_confidence_continuity,non_vehicle_contamination,,necessary_for_identity_purity,Canonical assignment from all selected observations in GM_RM011:AT0074; P1-D lifecycle context retained.,Build longer identity-pure multi-frame observation entities before global association.,Benchmark attribution; not a runtime split rule.
GM_RM011,GM_RM011:AT0009,39,55,17,GM_RM011:PV004,GM_RM011:GV004,YOLO11l:botsort:bs_0018;YOLO11l:bytetrack:bt_0019;YOLO26l:botsort:bs_0013;YOLO26l:botsort:bs_0015;YOLO26l:bytetrack:bt_0017;YOLO26l:bytetrack:bt_0019;YOLO26l:bytetrack:bt_0021,YOLO11l,tracker_seed_start,tracker_local_break,,observation_layer_fragmentation_not_intrinsically_required,Canonical assignment from all selected observations in GM_RM011:AT0009; P1-D lifecycle context retained.,Build longer identity-pure multi-frame observation entities before global association.,Benchmark attribution; not a runtime split rule.
GM_RM011,GM_RM011:AT0044,40,45,6,,,YOLO11l:botsort:bs_0018;YOLO11l:bytetrack:bt_0019;YOLO26l:botsort:bs_0013;YOLO26l:bytetrack:bt_0017;YOLO26l:bytetrack:bt_0019,YOLO26l,tracker_seed_start,non_vehicle_contamination,,necessary_for_identity_purity,Canonical assignment from all selected observations in GM_RM011:AT0044; P1-D lifecycle context retained.,Build longer identity-pure multi-frame observation entities before global association.,Benchmark attribution; not a runtime split rule.
GM_RM011,GM_RM011:AT0075,51,51,1,,,,YOLO11l,supplement_singleton,non_vehicle_contamination,,necessary_for_identity_purity,Canonical assignment from all selected observations in GM_RM011:AT0075; P1-D lifecycle context retained.,Build longer identity-pure multi-frame observation entities before global association.,Benchmark attribution; not a runtime split rule.
GM_RM011,GM_RM011:AT0077,54,54,1,,,YOLO11l:botsort:bs_0016;YOLO11l:bytetrack:bt_0016,YOLO26l,supplement_singleton,non_vehicle_contamination,,necessary_for_identity_purity,Canonical assignment from all selected observations in GM_RM011:AT0077; P1-D lifecycle context retained.,Build longer identity-pure multi-frame observation entities before global association.,Benchmark attribution; not a runtime split rule.
GM_RM011,GM_RM011:AT0042,55,55,1,,,YOLO11l:botsort:bs_0016;YOLO11l:bytetrack:bt_0016;YOLO26l:botsort:bs_0009;YOLO26l:bytetrack:bt_0013,YOLO26l,frame_gap_3,non_vehicle_contamination,,necessary_for_identity_purity,Canonical assignment from all selected observations in GM_RM011:AT0042; P1-D lifecycle context retained.,Build longer identity-pure multi-frame observation entities before global association.,Benchmark attribution; not a runtime split rule.
GM_RM011,GM_RM011:AT0078,60,60,1,,,,YOLO11l,supplement_singleton,non_vehicle_contamination,,necessary_for_identity_purity,Canonical assignment from all selected observations in GM_RM011:AT0078; P1-D lifecycle context retained.,Build longer identity-pure multi-frame observation entities before global association.,Benchmark attribution; not a runtime split rule.
GM_RM011,GM_RM011:AT0079,76,76,1,,,,YOLO26l,supplement_singleton,non_vehicle_contamination,,necessary_for_identity_purity,Canonical assignment from all selected observations in GM_RM011:AT0079; P1-D lifecycle context retained.,Build longer identity-pure multi-frame observation entities before global association.,Benchmark attribution; not a runtime split rule.
GM_RM011,GM_RM011:AT0080,87,87,1,,,,YOLO11l,supplement_singleton,non_vehicle_contamination,,necessary_for_identity_purity,Canonical assignment from all selected observations in GM_RM011:AT0080; P1-D lifecycle context retained.,Build longer identity-pure multi-frame observation entities before global association.,Benchmark attribution; not a runtime split rule.
GM_RM011,GM_RM011:AT0081,87,87,1,,,,YOLO26l,supplement_singleton,non_vehicle_contamination,,necessary_for_identity_purity,Canonical assignment from all selected observations in GM_RM011:AT0081; P1-D lifecycle context retained.,Build longer identity-pure multi-frame observation entities before global association.,Benchmark attribution; not a runtime split rule.
GM_RM011,GM_RM011:AT0010,88,127,40,,,YOLO11l:botsort:bs_0021;YOLO11l:bytetrack:bt_0023;YOLO26l:botsort:bs_0019;YOLO26l:bytetrack:bt_0025,YOLO11l,tracker_seed_start,non_vehicle_contamination,,necessary_for_identity_purity,Canonical assignment from all selected observations in GM_RM011:AT0010; P1-D lifecycle context retained.,Build longer identity-pure multi-frame observation entities before global association.,Benchmark attribution; not a runtime split rule.
GM_RM011,GM_RM011:AT0046,88,130,43,GM_RM011:PV005,GM_RM011:GV005,YOLO11l:botsort:bs_0021;YOLO11l:bytetrack:bt_0023;YOLO26l:botsort:bs_0019;YOLO26l:bytetrack:bt_0025,YOLO26l,tracker_seed_start,tracker_local_break,,observation_layer_fragmentation_not_intrinsically_required,Canonical assignment from all selected observations in GM_RM011:AT0046; P1-D lifecycle context retained.,Build longer identity-pure multi-frame observation entities before global association.,Benchmark attribution; not a runtime split rule.
GM_RM011,GM_RM011:AT0082,105,105,1,,,,YOLO11l,supplement_singleton,non_vehicle_contamination,,necessary_for_identity_purity,Canonical assignment from all selected observations in GM_RM011:AT0082; P1-D lifecycle context retained.,Build longer identity-pure multi-frame observation entities before global association.,Benchmark attribution; not a runtime split rule.
GM_RM011,GM_RM011:AT0011,106,106,1,,,YOLO11l:botsort:bs_0022;YOLO11l:bytetrack:bt_0024,YOLO11l,tracker_seed_start,non_vehicle_contamination,,necessary_for_identity_purity,Canonical assignment from all selected observations in GM_RM011:AT0011; P1-D lifecycle context retained.,Build longer identity-pure multi-frame observation entities before global association.,Benchmark attribution; not a runtime split rule.
GM_RM011,GM_RM011:AT0083,106,110,4,,,YOLO11l:botsort:bs_0022;YOLO11l:botsort:bs_0024;YOLO11l:bytetrack:bt_0024;YOLO11l:bytetrack:bt_0026,YOLO26l,local_high_confidence_continuity,non_vehicle_contamination,,necessary_for_identity_purity,Canonical assignment from all selected observations in GM_RM011:AT0083; P1-D lifecycle context retained.,Build longer identity-pure multi-frame observation entities before global association.,Benchmark attribution; not a runtime split rule.
GM_RM011,GM_RM011:AT0084,108,109,2,,,,YOLO11l,local_high_confidence_continuity,non_vehicle_contamination,,necessary_for_identity_purity,Canonical assignment from all selected observations in GM_RM011:AT0084; P1-D lifecycle context retained.,Build longer identity-pure multi-frame observation entities before global association.,Benchmark attribution; not a runtime split rule.
GM_RM011,GM_RM011:AT0014,110,134,25,GM_RM011:PV006,GM_RM011:GV006,YOLO11l:botsort:bs_0024;YOLO11l:bytetrack:bt_0026;YOLO26l:botsort:bs_0026;YOLO26l:bytetrack:bt_0032,YOLO11l,tracker_seed_start,tracker_local_break,,observation_layer_fragmentation_not_intrinsically_required,Canonical assignment from all selected observations in GM_RM011:AT0014; P1-D lifecycle context retained.,Build longer identity-pure multi-frame observation entities before global association.,Benchmark attribution; not a runtime split rule.
GM_RM011,GM_RM011:AT0085,114,115,2,,,,YOLO11l,local_high_confidence_continuity,non_vehicle_contamination,,necessary_for_identity_purity,Canonical assignment from all selected observations in GM_RM011:AT0085; P1-D lifecycle context retained.,Build longer identity-pure multi-frame observation entities before global association.,Benchmark attribution; not a runtime split rule.
GM_RM011,GM_RM011:AT0086,115,115,1,,,,YOLO26l,supplement_singleton,non_vehicle_contamination,,necessary_for_identity_purity,Canonical assignment from all selected observations in GM_RM011:AT0086; P1-D lifecycle context retained.,Build longer identity-pure multi-frame observation entities before global association.,Benchmark attribution; not a runtime split rule.
GM_RM011,GM_RM011:AT0012,116,134,19,,,YOLO11l:botsort:bs_0022;YOLO11l:bytetrack:bt_0024;YOLO26l:botsort:bs_0025;YOLO26l:bytetrack:bt_0031,YOLO11l,frame_gap_9,non_vehicle_contamination,,necessary_for_identity_purity,Canonical assignment from all selected observations in GM_RM011:AT0012; P1-D lifecycle context retained.,Build longer identity-pure multi-frame observation entities before global association.,Benchmark attribution; not a runtime split rule.
GM_RM011,GM_RM011:AT0047,116,134,19,GM_RM011:PV007,GM_RM011:GV007,YOLO11l:botsort:bs_0022;YOLO11l:bytetrack:bt_0024;YOLO26l:botsort:bs_0025;YOLO26l:bytetrack:bt_0031,YOLO26l,tracker_seed_start,tracker_local_break,,observation_layer_fragmentation_not_intrinsically_required,Canonical assignment from all selected observations in GM_RM011:AT0047; P1-D lifecycle context retained.,Build longer identity-pure multi-frame observation entities before global association.,Benchmark attribution; not a runtime split rule.
GM_RM011,GM_RM011:AT0087,118,118,1,,,YOLO11l:botsort:bs_0024;YOLO11l:bytetrack:bt_0026,YOLO26l,supplement_singleton,non_vehicle_contamination,,necessary_for_identity_purity,Canonical assignment from all selected observations in GM_RM011:AT0087; P1-D lifecycle context retained.,Build longer identity-pure multi-frame observation entities before global association.,Benchmark attribution; not a runtime split rule.
GM_RM011,GM_RM011:AT0049,119,133,15,,,YOLO11l:botsort:bs_0024;YOLO11l:bytetrack:bt_0026;YOLO26l:botsort:bs_0026;YOLO26l:bytetrack:bt_0032,YOLO26l,tracker_seed_start,non_vehicle_contamination,,necessary_for_identity_purity,Canonical assignment from all selected observations in GM_RM011:AT0049; P1-D lifecycle context retained.,Build longer identity-pure multi-frame observation entities before global association.,Benchmark attribution; not a runtime split rule.
GM_RM011,GM_RM011:AT0088,129,134,4,,,,YOLO26l,local_high_confidence_continuity,non_vehicle_contamination,,necessary_for_identity_purity,Canonical assignment from all selected observations in GM_RM011:AT0088; P1-D lifecycle context retained.,Build longer identity-pure multi-frame observation entities before global association.,Benchmark attribution; not a runtime split rule.
GM_RM011,GM_RM011:AT0089,130,130,1,,,YOLO26l:botsort:bs_0019,YOLO11l,supplement_singleton,non_vehicle_contamination,,necessary_for_identity_purity,Canonical assignment from all selected observations in GM_RM011:AT0089; P1-D lifecycle context retained.,Build longer identity-pure multi-frame observation entities before global association.,Benchmark attribution; not a runtime split rule.
GM_RM011,GM_RM011:AT0090,132,134,2,,,,YOLO11l,local_high_confidence_continuity,non_vehicle_contamination,,necessary_for_identity_purity,Canonical assignment from all selected observations in GM_RM011:AT0090; P1-D lifecycle context retained.,Build longer identity-pure multi-frame observation entities before global association.,Benchmark attribution; not a runtime split rule.
GM_RM011,GM_RM011:AT0015,135,140,6,GM_RM011:PV006,GM_RM011:GV006,YOLO11l:botsort:bs_0024;YOLO11l:bytetrack:bt_0026;YOLO11l:bytetrack:bt_0032,YOLO11l,GM011_P1A_E004_occlusion_subject_switch,subject_switch_protection,,necessary_for_identity_purity,Canonical assignment from all selected observations in GM_RM011:AT0015; P1-D lifecycle context retained.,Build longer identity-pure multi-frame observation entities before global association.,Benchmark attribution; not a runtime split rule.
GM_RM011,GM_RM011:AT0013,135,150,16,,,YOLO11l:botsort:bs_0022;YOLO11l:bytetrack:bt_0024;YOLO26l:botsort:bs_0025;YOLO26l:bytetrack:bt_0031,YOLO11l,GM011_P1A_E004_occlusion_subject_switch,non_vehicle_contamination,,necessary_for_identity_purity,Canonical assignment from all selected observations in GM_RM011:AT0013; P1-D lifecycle context retained.,Build longer identity-pure multi-frame observation entities before global association.,Benchmark attribution; not a runtime split rule.
GM_RM011,GM_RM011:AT0048,135,151,17,GM_RM011:PV007,GM_RM011:GV007,YOLO11l:botsort:bs_0022;YOLO11l:bytetrack:bt_0024;YOLO26l:botsort:bs_0025;YOLO26l:bytetrack:bt_0031,YOLO26l,GM011_P1A_E004_occlusion_subject_switch,subject_switch_protection,,necessary_for_identity_purity,Canonical assignment from all selected observations in GM_RM011:AT0048; P1-D lifecycle context retained.,Build longer identity-pure multi-frame observation entities before global association.,Benchmark attribution; not a runtime split rule.
GM_RM011,GM_RM011:AT0016,135,161,27,,,YOLO11l:botsort:bs_0029;YOLO11l:bytetrack:bt_0031;YOLO26l:botsort:bs_0030;YOLO26l:bytetrack:bt_0039,YOLO11l,tracker_seed_start,non_vehicle_contamination,,necessary_for_identity_purity,Canonical assignment from all selected observations in GM_RM011:AT0016; P1-D lifecycle context retained.,Build longer identity-pure multi-frame observation entities before global association.,Benchmark attribution; not a runtime split rule.
GM_RM011,GM_RM011:AT0050,135,166,31,GM_RM011:PV008,GM_RM011:GV008,YOLO11l:botsort:bs_0029;YOLO11l:bytetrack:bt_0031;YOLO11l:bytetrack:bt_0032;YOLO26l:botsort:bs_0030;YOLO26l:bytetrack:bt_0039;YOLO26l:bytetrack:bt_0049,YOLO26l,tracker_seed_start,tracker_local_break,,observation_layer_fragmentation_not_intrinsically_required,Canonical assignment from all selected observations in GM_RM011:AT0050; P1-D lifecycle context retained.,Build longer identity-pure multi-frame observation entities before global association.,Benchmark attribution; not a runtime split rule.
GM_RM011,GM_RM011:AT0091,143,144,2,,,,YOLO11l,local_high_confidence_continuity,non_vehicle_contamination,,necessary_for_identity_purity,Canonical assignment from all selected observations in GM_RM011:AT0091; P1-D lifecycle context retained.,Build longer identity-pure multi-frame observation entities before global association.,Benchmark attribution; not a runtime split rule.
GM_RM011,GM_RM011:AT0092,143,145,2,,,YOLO11l:botsort:bs_0031;YOLO11l:bytetrack:bt_0034,YOLO26l,local_high_confidence_continuity,non_vehicle_contamination,,necessary_for_identity_purity,Canonical assignment from all selected observations in GM_RM011:AT0092; P1-D lifecycle context retained.,Build longer identity-pure multi-frame observation entities before global association.,Benchmark attribution; not a runtime split rule.
GM_RM011,GM_RM011:AT0018,145,145,1,,,YOLO11l:botsort:bs_0031;YOLO11l:bytetrack:bt_0034,YOLO11l,tracker_seed_start,non_vehicle_contamination,,necessary_for_identity_purity,Canonical assignment from all selected observations in GM_RM011:AT0018; P1-D lifecycle context retained.,Build longer identity-pure multi-frame observation entities before global association.,Benchmark attribution; not a runtime split rule.
GM_RM011,GM_RM011:AT0093,147,147,1,,,,YOLO11l,supplement_singleton,non_vehicle_contamination,,necessary_for_identity_purity,Canonical assignment from all selected observations in GM_RM011:AT0093; P1-D lifecycle context retained.,Build longer identity-pure multi-frame observation entities before global association.,Benchmark attribution; not a runtime split rule.
GM_RM011,GM_RM011:AT0094,147,147,1,,,,YOLO11l,supplement_singleton,non_vehicle_contamination,,necessary_for_identity_purity,Canonical assignment from all selected observations in GM_RM011:AT0094; P1-D lifecycle context retained.,Build longer identity-pure multi-frame observation entities before global association.,Benchmark attribution; not a runtime split rule.
GM_RM011,GM_RM011:AT0095,153,153,1,,,,YOLO26l,supplement_singleton,non_vehicle_contamination,,necessary_for_identity_purity,Canonical assignment from all selected observations in GM_RM011:AT0095; P1-D lifecycle context retained.,Build longer identity-pure multi-frame observation entities before global association.,Benchmark attribution; not a runtime split rule.
GM_RM011,GM_RM011:AT0096,154,154,1,,,,YOLO11l,supplement_singleton,non_vehicle_contamination,,necessary_for_identity_purity,Canonical assignment from all selected observations in GM_RM011:AT0096; P1-D lifecycle context retained.,Build longer identity-pure multi-frame observation entities before global association.,Benchmark attribution; not a runtime split rule.
GM_RM011,GM_RM011:AT0097,154,157,3,,,YOLO11l:botsort:bs_0031;YOLO11l:bytetrack:bt_0034,YOLO26l,local_high_confidence_continuity,non_vehicle_contamination,,necessary_for_identity_purity,Canonical assignment from all selected observations in GM_RM011:AT0097; P1-D lifecycle context retained.,Build longer identity-pure multi-frame observation entities before global association.,Benchmark attribution; not a runtime split rule.
GM_RM011,GM_RM011:AT0019,155,166,12,GM_RM011:PV009,GM_RM011:GV009,YOLO11l:botsort:bs_0031;YOLO11l:bytetrack:bt_0034,YOLO11l,frame_gap_9,actual_detection_missing,,observation_layer_fragmentation_not_intrinsically_required,Canonical assignment from all selected observations in GM_RM011:AT0019; P1-D lifecycle context retained.,Build longer identity-pure multi-frame observation entities before global association.,Benchmark attribution; not a runtime split rule.
GM_RM011,GM_RM011:AT0098,161,161,1,,,YOLO11l:botsort:bs_0031;YOLO11l:bytetrack:bt_0034,YOLO26l,supplement_singleton,non_vehicle_contamination,,necessary_for_identity_purity,Canonical assignment from all selected observations in GM_RM011:AT0098; P1-D lifecycle context retained.,Build longer identity-pure multi-frame observation entities before global association.,Benchmark attribution; not a runtime split rule.
GM_RM011,GM_RM011:AT0099,163,163,1,,,YOLO11l:bytetrack:bt_0032;YOLO26l:botsort:bs_0030,YOLO11l,supplement_singleton,non_vehicle_contamination,,necessary_for_identity_purity,Canonical assignment from all selected observations in GM_RM011:AT0099; P1-D lifecycle context retained.,Build longer identity-pure multi-frame observation entities before global association.,Benchmark attribution; not a runtime split rule.
GM_RM011,GM_RM011:AT0017,164,166,3,,,YOLO11l:botsort:bs_0029;YOLO11l:bytetrack:bt_0032;YOLO26l:botsort:bs_0030;YOLO26l:bytetrack:bt_0049,YOLO11l,frame_gap_2,non_vehicle_contamination,,necessary_for_identity_purity,Canonical assignment from all selected observations in GM_RM011:AT0017; P1-D lifecycle context retained.,Build longer identity-pure multi-frame observation entities before global association.,Benchmark attribution; not a runtime split rule.
GM_RM011,GM_RM011:AT0020,167,167,1,,,YOLO11l:botsort:bs_0031,YOLO11l,GM011_P1A_E004_occlusion_subject_switch,non_vehicle_contamination,,necessary_for_identity_purity,Canonical assignment from all selected observations in GM_RM011:AT0020; P1-D lifecycle context retained.,Build longer identity-pure multi-frame observation entities before global association.,Benchmark attribution; not a runtime split rule.
GM_RM011,GM_RM011:AT0100,188,188,1,,,YOLO11l:botsort:bs_0031,YOLO26l,supplement_singleton,non_vehicle_contamination,,necessary_for_identity_purity,Canonical assignment from all selected observations in GM_RM011:AT0100; P1-D lifecycle context retained.,Build longer identity-pure multi-frame observation entities before global association.,Benchmark attribution; not a runtime split rule.
GM_RM011,GM_RM011:AT0021,188,191,4,GM_RM011:PV009,GM_RM011:GV010,YOLO11l:botsort:bs_0031;YOLO11l:bytetrack:bt_0041;YOLO26l:botsort:bs_0039;YOLO26l:bytetrack:bt_0052,YOLO11l,frame_gap_20,actual_detection_missing,,observation_layer_fragmentation_not_intrinsically_required,Canonical assignment from all selected observations in GM_RM011:AT0021; P1-D lifecycle context retained.,Build longer identity-pure multi-frame observation entities before global association.,Benchmark attribution; not a runtime split rule.
GM_RM011,GM_RM011:AT0051,189,189,1,,,YOLO11l:botsort:bs_0031;YOLO11l:bytetrack:bt_0041;YOLO26l:botsort:bs_0039;YOLO26l:bytetrack:bt_0052,YOLO26l,tracker_seed_start,non_vehicle_contamination,,necessary_for_identity_purity,Canonical assignment from all selected observations in GM_RM011:AT0051; P1-D lifecycle context retained.,Build longer identity-pure multi-frame observation entities before global association.,Benchmark attribution; not a runtime split rule.
GM_RM011,GM_RM011:AT0101,192,192,1,,,,YOLO26l,supplement_singleton,non_vehicle_contamination,,necessary_for_identity_purity,Canonical assignment from all selected observations in GM_RM011:AT0101; P1-D lifecycle context retained.,Build longer identity-pure multi-frame observation entities before global association.,Benchmark attribution; not a runtime split rule.
GM_RM011,GM_RM011:AT0102,194,194,1,,,,YOLO11l,supplement_singleton,non_vehicle_contamination,,necessary_for_identity_purity,Canonical assignment from all selected observations in GM_RM011:AT0102; P1-D lifecycle context retained.,Build longer identity-pure multi-frame observation entities before global association.,Benchmark attribution; not a runtime split rule.
GM_RM011,GM_RM011:AT0103,197,197,1,,,,YOLO11l,supplement_singleton,non_vehicle_contamination,,necessary_for_identity_purity,Canonical assignment from all selected observations in GM_RM011:AT0103; P1-D lifecycle context retained.,Build longer identity-pure multi-frame observation entities before global association.,Benchmark attribution; not a runtime split rule.
GM_RM011,GM_RM011:AT0104,210,210,1,,,,YOLO11l,supplement_singleton,non_vehicle_contamination,,necessary_for_identity_purity,Canonical assignment from all selected observations in GM_RM011:AT0104; P1-D lifecycle context retained.,Build longer identity-pure multi-frame observation entities before global association.,Benchmark attribution; not a runtime split rule.
GM_RM011,GM_RM011:AT0105,210,210,1,,,,YOLO26l,supplement_singleton,non_vehicle_contamination,,necessary_for_identity_purity,Canonical assignment from all selected observations in GM_RM011:AT0105; P1-D lifecycle context retained.,Build longer identity-pure multi-frame observation entities before global association.,Benchmark attribution; not a runtime split rule.
GM_RM011,GM_RM011:AT0022,211,222,12,,,YOLO11l:botsort:bs_0038;YOLO11l:bytetrack:bt_0044;YOLO26l:botsort:bs_0041;YOLO26l:bytetrack:bt_0054,YOLO11l,tracker_seed_start,non_vehicle_contamination,,necessary_for_identity_purity,Canonical assignment from all selected observations in GM_RM011:AT0022; P1-D lifecycle context retained.,Build longer identity-pure multi-frame observation entities before global association.,Benchmark attribution; not a runtime split rule.
GM_RM011,GM_RM011:AT0052,211,239,29,GM_RM011:PV010,GM_RM011:GV011,YOLO11l:botsort:bs_0038;YOLO11l:botsort:bs_0044;YOLO11l:bytetrack:bt_0044;YOLO11l:bytetrack:bt_0051;YOLO26l:botsort:bs_0041;YOLO26l:bytetrack:bt_0054,YOLO26l,tracker_seed_start,tracker_local_break,,observation_layer_fragmentation_not_intrinsically_required,Canonical assignment from all selected observations in GM_RM011:AT0052; P1-D lifecycle context retained.,Build longer identity-pure multi-frame observation entities before global association.,Benchmark attribution; not a runtime split rule.
GM_RM011,GM_RM011:AT0106,216,216,1,,,,YOLO26l,supplement_singleton,non_vehicle_contamination,,necessary_for_identity_purity,Canonical assignment from all selected observations in GM_RM011:AT0106; P1-D lifecycle context retained.,Build longer identity-pure multi-frame observation entities before global association.,Benchmark attribution; not a runtime split rule.
GM_RM011,GM_RM011:AT0107,216,217,2,,,,YOLO11l,local_high_confidence_continuity,non_vehicle_contamination,,necessary_for_identity_purity,Canonical assignment from all selected observations in GM_RM011:AT0107; P1-D lifecycle context retained.,Build longer identity-pure multi-frame observation entities before global association.,Benchmark attribution; not a runtime split rule.
GM_RM011,GM_RM011:AT0108,227,233,6,,,YOLO11l:botsort:bs_0044;YOLO11l:bytetrack:bt_0051;YOLO26l:botsort:bs_0041;YOLO26l:bytetrack:bt_0054,YOLO11l,local_overlap_fragment_union,non_vehicle_contamination,,necessary_for_identity_purity,Canonical assignment from all selected observations in GM_RM011:AT0108; P1-D lifecycle context retained.,Build longer identity-pure multi-frame observation entities before global association.,Benchmark attribution; not a runtime split rule.
GM_RM011,GM_RM011:AT0110,231,232,2,,,YOLO11l:botsort:bs_0044,YOLO26l,local_high_confidence_continuity,non_vehicle_contamination,,necessary_for_identity_purity,Canonical assignment from all selected observations in GM_RM011:AT0110; P1-D lifecycle context retained.,Build longer identity-pure multi-frame observation entities before global association.,Benchmark attribution; not a runtime split rule.
GM_RM011,GM_RM011:AT0111,232,233,2,,,YOLO26l:botsort:bs_0041;YOLO26l:bytetrack:bt_0054,YOLO11l,local_high_confidence_continuity,non_vehicle_contamination,,necessary_for_identity_purity,Canonical assignment from all selected observations in GM_RM011:AT0111; P1-D lifecycle context retained.,Build longer identity-pure multi-frame observation entities before global association.,Benchmark attribution; not a runtime split rule.
GM_RM011,GM_RM011:AT0112,233,234,2,,,,YOLO11l,local_high_confidence_continuity,non_vehicle_contamination,,necessary_for_identity_purity,Canonical assignment from all selected observations in GM_RM011:AT0112; P1-D lifecycle context retained.,Build longer identity-pure multi-frame observation entities before global association.,Benchmark attribution; not a runtime split rule.
GM_RM011,GM_RM011:AT0113,233,234,2,,,,YOLO26l,local_high_confidence_continuity,non_vehicle_contamination,,necessary_for_identity_purity,Canonical assignment from all selected observations in GM_RM011:AT0113; P1-D lifecycle context retained.,Build longer identity-pure multi-frame observation entities before global association.,Benchmark attribution; not a runtime split rule.
GM_RM011,GM_RM011:AT0023,236,245,10,,,YOLO11l:botsort:bs_0038;YOLO11l:bytetrack:bt_0044;YOLO11l:bytetrack:bt_0051;YOLO26l:botsort:bs_0041;YOLO26l:bytetrack:bt_0054,YOLO11l,frame_gap_13,non_vehicle_contamination,,necessary_for_identity_purity,Canonical assignment from all selected observations in GM_RM011:AT0023; P1-D lifecycle context retained.,Build longer identity-pure multi-frame observation entities before global association.,Benchmark attribution; not a runtime split rule.
GM_RM011,GM_RM011:AT0114,237,239,3,,,,YOLO26l,local_high_confidence_continuity,non_vehicle_contamination,,necessary_for_identity_purity,Canonical assignment from all selected observations in GM_RM011:AT0114; P1-D lifecycle context retained.,Build longer identity-pure multi-frame observation entities before global association.,Benchmark attribution; not a runtime split rule.
GM_RM011,GM_RM011:AT0115,239,240,2,,,,YOLO11l,local_high_confidence_continuity,non_vehicle_contamination,,necessary_for_identity_purity,Canonical assignment from all selected observations in GM_RM011:AT0115; P1-D lifecycle context retained.,Build longer identity-pure multi-frame observation entities before global association.,Benchmark attribution; not a runtime split rule.
GM_RM011,GM_RM011:AT0025,241,247,7,,,YOLO11l:botsort:bs_0051;YOLO11l:bytetrack:bt_0060;YOLO26l:botsort:bs_0051;YOLO26l:bytetrack:bt_0065,YOLO11l,tracker_seed_start,non_vehicle_contamination,,necessary_for_identity_purity,Canonical assignment from all selected observations in GM_RM011:AT0025; P1-D lifecycle context retained.,Build longer identity-pure multi-frame observation entities before global association.,Benchmark attribution; not a runtime split rule.
GM_RM011,GM_RM011:AT0116,242,242,1,,,YOLO11l:botsort:bs_0051;YOLO11l:bytetrack:bt_0060,YOLO26l,supplement_singleton,non_vehicle_contamination,,necessary_for_identity_purity,Canonical assignment from all selected observations in GM_RM011:AT0116; P1-D lifecycle context retained.,Build longer identity-pure multi-frame observation entities before global association.,Benchmark attribution; not a runtime split rule.
GM_RM011,GM_RM011:AT0053,242,245,4,GM_RM011:PV010,GM_RM011:GV011,YOLO11l:botsort:bs_0038;YOLO11l:bytetrack:bt_0044;YOLO26l:botsort:bs_0041;YOLO26l:bytetrack:bt_0054,YOLO26l,frame_gap_2,actual_detection_missing,,observation_layer_fragmentation_not_intrinsically_required,Canonical assignment from all selected observations in GM_RM011:AT0053; P1-D lifecycle context retained.,Build longer identity-pure multi-frame observation entities before global association.,Benchmark attribution; not a runtime split rule.
GM_RM011,GM_RM011:AT0054,243,259,17,GM_RM011:PV011,GM_RM011:GV012,YOLO11l:botsort:bs_0051;YOLO11l:botsort:bs_0056;YOLO11l:bytetrack:bt_0060;YOLO11l:bytetrack:bt_0067;YOLO11l:bytetrack:bt_0070;YOLO26l:botsort:bs_0051;YOLO26l:bytetrack:bt_0065,YOLO26l,tracker_seed_start,tracker_local_break,,observation_layer_fragmentation_not_intrinsically_required,Canonical assignment from all selected observations in GM_RM011:AT0054; P1-D lifecycle context retained.,Build longer identity-pure multi-frame observation entities before global association.,Benchmark attribution; not a runtime split rule.
GM_RM011,GM_RM011:AT0117,247,248,2,,,,YOLO11l,local_high_confidence_continuity,non_vehicle_contamination,,necessary_for_identity_purity,Canonical assignment from all selected observations in GM_RM011:AT0117; P1-D lifecycle context retained.,Build longer identity-pure multi-frame observation entities before global association.,Benchmark attribution; not a runtime split rule.
GM_RM011,GM_RM011:AT0118,250,250,1,,,,YOLO11l,supplement_singleton,non_vehicle_contamination,,necessary_for_identity_purity,Canonical assignment from all selected observations in GM_RM011:AT0118; P1-D lifecycle context retained.,Build longer identity-pure multi-frame observation entities before global association.,Benchmark attribution; not a runtime split rule.
GM_RM011,GM_RM011:AT0119,250,250,1,,,YOLO26l:bytetrack:bt_0065,YOLO26l,supplement_singleton,non_vehicle_contamination,,necessary_for_identity_purity,Canonical assignment from all selected observations in GM_RM011:AT0119; P1-D lifecycle context retained.,Build longer identity-pure multi-frame observation entities before global association.,Benchmark attribution; not a runtime split rule.
GM_RM011,GM_RM011:AT0120,250,250,1,,,,YOLO26l,supplement_singleton,non_vehicle_contamination,,necessary_for_identity_purity,Canonical assignment from all selected observations in GM_RM011:AT0120; P1-D lifecycle context retained.,Build longer identity-pure multi-frame observation entities before global association.,Benchmark attribution; not a runtime split rule.
GM_RM011,GM_RM011:AT0026,251,251,1,,,YOLO11l:botsort:bs_0051;YOLO26l:botsort:bs_0051;YOLO26l:bytetrack:bt_0065,YOLO11l,frame_gap_3,non_vehicle_contamination,,necessary_for_identity_purity,Canonical assignment from all selected observations in GM_RM011:AT0026; P1-D lifecycle context retained.,Build longer identity-pure multi-frame observation entities before global association.,Benchmark attribution; not a runtime split rule.
GM_RM011,GM_RM011:AT0056,251,252,2,,,YOLO26l:botsort:bs_0052;YOLO26l:bytetrack:bt_0070,YOLO26l,tracker_seed_start,non_vehicle_contamination,,necessary_for_identity_purity,Canonical assignment from all selected observations in GM_RM011:AT0056; P1-D lifecycle context retained.,Build longer identity-pure multi-frame observation entities before global association.,Benchmark attribution; not a runtime split rule.
GM_RM011,GM_RM011:AT0121,254,270,17,,,YOLO11l:botsort:bs_0051;YOLO11l:botsort:bs_0056;YOLO11l:bytetrack:bt_0060;YOLO11l:bytetrack:bt_0067;YOLO11l:bytetrack:bt_0070;YOLO11l:bytetrack:bt_0075;YOLO26l:botsort:bs_0051;YOLO26l:botsort:bs_0052;YOLO26l:bytetrack:bt_0065;YOLO26l:bytetrack:bt_0070,YOLO11l,local_overlap_fragment_union,non_vehicle_contamination,,necessary_for_identity_purity,Canonical assignment from all selected observations in GM_RM011:AT0121; P1-D lifecycle context retained.,Build longer identity-pure multi-frame observation entities before global association.,Benchmark attribution; not a runtime split rule.
GM_RM011,GM_RM011:AT0122,255,255,1,,,,YOLO11l,supplement_singleton,non_vehicle_contamination,,necessary_for_identity_purity,Canonical assignment from all selected observations in GM_RM011:AT0122; P1-D lifecycle context retained.,Build longer identity-pure multi-frame observation entities before global association.,Benchmark attribution; not a runtime split rule.
GM_RM011,GM_RM011:AT0123,255,255,1,,,,YOLO26l,supplement_singleton,non_vehicle_contamination,,necessary_for_identity_purity,Canonical assignment from all selected observations in GM_RM011:AT0123; P1-D lifecycle context retained.,Build longer identity-pure multi-frame observation entities before global association.,Benchmark attribution; not a runtime split rule.
GM_RM011,GM_RM011:AT0057,260,261,2,GM_RM011:PV011,GM_RM011:GV012,YOLO11l:botsort:bs_0051;YOLO11l:bytetrack:bt_0060;YOLO26l:botsort:bs_0052;YOLO26l:bytetrack:bt_0065;YOLO26l:bytetrack:bt_0070,YOLO26l,frame_gap_7,actual_detection_missing,,observation_layer_fragmentation_not_intrinsically_required,Canonical assignment from all selected observations in GM_RM011:AT0057; P1-D lifecycle context retained.,Build longer identity-pure multi-frame observation entities before global association.,Benchmark attribution; not a runtime split rule.
GM_RM011,GM_RM011:AT0124,260,261,2,,,,YOLO11l,local_high_confidence_continuity,non_vehicle_contamination,,necessary_for_identity_purity,Canonical assignment from all selected observations in GM_RM011:AT0124; P1-D lifecycle context retained.,Build longer identity-pure multi-frame observation entities before global association.,Benchmark attribution; not a runtime split rule.
GM_RM011,GM_RM011:AT0125,261,261,1,,,,YOLO26l,supplement_singleton,non_vehicle_contamination,,necessary_for_identity_purity,Canonical assignment from all selected observations in GM_RM011:AT0125; P1-D lifecycle context retained.,Build longer identity-pure multi-frame observation entities before global association.,Benchmark attribution; not a runtime split rule.
GM_RM011,GM_RM011:AT0126,261,261,1,,,,YOLO26l,supplement_singleton,non_vehicle_contamination,,necessary_for_identity_purity,Canonical assignment from all selected observations in GM_RM011:AT0126; P1-D lifecycle context retained.,Build longer identity-pure multi-frame observation entities before global association.,Benchmark attribution; not a runtime split rule.
GM_RM011,GM_RM011:AT0055,262,266,4,GM_RM011:PV011,GM_RM011:GV012,YOLO11l:botsort:bs_0051;YOLO11l:bytetrack:bt_0060;YOLO26l:botsort:bs_0051;YOLO26l:bytetrack:bt_0065,YOLO26l,frame_gap_2,actual_detection_missing,,observation_layer_fragmentation_not_intrinsically_required,Canonical assignment from all selected observations in GM_RM011:AT0055; P1-D lifecycle context retained.,Build longer identity-pure multi-frame observation entities before global association.,Benchmark attribution; not a runtime split rule.
GM_RM011,GM_RM011:AT0059,262,266,5,GM_RM011:PV012,GM_RM011:GV013,YOLO11l:botsort:bs_0061;YOLO11l:bytetrack:bt_0074;YOLO26l:botsort:bs_0057;YOLO26l:bytetrack:bt_0074,YOLO26l,tracker_seed_start,tracker_local_break,over_fragmentation,observation_layer_fragmentation_not_intrinsically_required,Canonical assignment from all selected observations in GM_RM011:AT0059; P1-D lifecycle context retained.,Build longer identity-pure multi-frame observation entities before global association.,Benchmark attribution; not a runtime split rule.
GM_RM011,GM_RM011:AT0029,262,270,9,,,YOLO11l:botsort:bs_0061;YOLO11l:bytetrack:bt_0074;YOLO26l:botsort:bs_0057;YOLO26l:bytetrack:bt_0074,YOLO11l,tracker_seed_start,non_vehicle_contamination,,necessary_for_identity_purity,Canonical assignment from all selected observations in GM_RM011:AT0029; P1-D lifecycle context retained.,Build longer identity-pure multi-frame observation entities before global association.,Benchmark attribution; not a runtime split rule.
GM_RM011,GM_RM011:AT0127,269,269,1,GM_RM011:PV012,GM_RM011:GV013,YOLO11l:botsort:bs_0061;YOLO11l:bytetrack:bt_0074,YOLO26l,supplement_singleton,detector_source_switch_or_missing_tracker_support,over_fragmentation,observation_layer_fragmentation_not_intrinsically_required,Canonical assignment from all selected observations in GM_RM011:AT0127; P1-D lifecycle context retained.,Build longer identity-pure multi-frame observation entities before global association.,Benchmark attribution; not a runtime split rule.
GM_RM011,GM_RM011:AT0128,270,270,1,,,YOLO11l:botsort:bs_0051;YOLO11l:bytetrack:bt_0075,YOLO26l,supplement_singleton,non_vehicle_contamination,,necessary_for_identity_purity,Canonical assignment from all selected observations in GM_RM011:AT0128; P1-D lifecycle context retained.,Build longer identity-pure multi-frame observation entities before global association.,Benchmark attribution; not a runtime split rule.
GM_RM011,GM_RM011:AT0060,270,279,10,GM_RM011:PV012,GM_RM011:GV013,YOLO11l:botsort:bs_0061;YOLO11l:bytetrack:bt_0067;YOLO26l:botsort:bs_0057;YOLO26l:bytetrack:bt_0074,YOLO26l,frame_gap_3,actual_detection_missing,over_fragmentation,observation_layer_fragmentation_not_intrinsically_required,Canonical assignment from all selected observations in GM_RM011:AT0060; P1-D lifecycle context retained.,Build longer identity-pure multi-frame observation entities before global association.,Benchmark attribution; not a runtime split rule.
GM_RM011,GM_RM011:AT0129,276,277,2,,,YOLO11l:bytetrack:bt_0067;YOLO26l:botsort:bs_0057;YOLO26l:bytetrack:bt_0074,YOLO11l,local_high_confidence_continuity,non_vehicle_contamination,,necessary_for_identity_purity,Canonical assignment from all selected observations in GM_RM011:AT0129; P1-D lifecycle context retained.,Build longer identity-pure multi-frame observation entities before global association.,Benchmark attribution; not a runtime split rule.
GM_RM011,GM_RM011:AT0130,279,279,1,,,YOLO11l:botsort:bs_0061,YOLO26l,supplement_singleton,non_vehicle_contamination,,necessary_for_identity_purity,Canonical assignment from all selected observations in GM_RM011:AT0130; P1-D lifecycle context retained.,Build longer identity-pure multi-frame observation entities before global association.,Benchmark attribution; not a runtime split rule.
GM_RM011,GM_RM011:AT0030,279,292,13,,,YOLO11l:botsort:bs_0061;YOLO11l:bytetrack:bt_0075;YOLO11l:bytetrack:bt_0077;YOLO26l:botsort:bs_0052;YOLO26l:bytetrack:bt_0070;YOLO26l:bytetrack:bt_0074,YOLO11l,frame_gap_8,non_vehicle_contamination,,necessary_for_identity_purity,Canonical assignment from all selected observations in GM_RM011:AT0030; P1-D lifecycle context retained.,Build longer identity-pure multi-frame observation entities before global association.,Benchmark attribution; not a runtime split rule.
GM_RM011,GM_RM011:AT0058,280,292,13,GM_RM011:PV012,GM_RM011:GV013,YOLO11l:botsort:bs_0061;YOLO11l:bytetrack:bt_0075;YOLO11l:bytetrack:bt_0077;YOLO26l:botsort:bs_0052;YOLO26l:bytetrack:bt_0070;YOLO26l:bytetrack:bt_0074,YOLO26l,frame_gap_18,actual_detection_missing,over_fragmentation,observation_layer_fragmentation_not_intrinsically_required,Canonical assignment from all selected observations in GM_RM011:AT0058; P1-D lifecycle context retained.,Build longer identity-pure multi-frame observation entities before global association.,Benchmark attribution; not a runtime split rule.
GM_RM011,GM_RM011:AT0061,282,282,1,,,YOLO26l:botsort:bs_0057;YOLO26l:bytetrack:bt_0074,YOLO26l,frame_gap_2,non_vehicle_contamination,,necessary_for_identity_purity,Canonical assignment from all selected observations in GM_RM011:AT0061; P1-D lifecycle context retained.,Build longer identity-pure multi-frame observation entities before global association.,Benchmark attribution; not a runtime split rule.
GM_RM011,GM_RM011:AT0131,282,282,1,,,,YOLO11l,supplement_singleton,non_vehicle_contamination,,necessary_for_identity_purity,Canonical assignment from all selected observations in GM_RM011:AT0131; P1-D lifecycle context retained.,Build longer identity-pure multi-frame observation entities before global association.,Benchmark attribution; not a runtime split rule.
GM_RM011,GM_RM011:AT0132,282,283,2,,,YOLO11l:botsort:bs_0064;YOLO11l:bytetrack:bt_0078,YOLO26l,local_high_confidence_continuity,non_vehicle_contamination,,necessary_for_identity_purity,Canonical assignment from all selected observations in GM_RM011:AT0132; P1-D lifecycle context retained.,Build longer identity-pure multi-frame observation entities before global association.,Benchmark attribution; not a runtime split rule.
GM_RM011,GM_RM011:AT0031,283,292,10,,,YOLO11l:botsort:bs_0064;YOLO11l:bytetrack:bt_0078;YOLO11l:bytetrack:bt_0079;YOLO11l:bytetrack:bt_0080;YOLO26l:botsort:bs_0062;YOLO26l:bytetrack:bt_0080;YOLO26l:bytetrack:bt_0081,YOLO11l,tracker_seed_start,non_vehicle_contamination,,necessary_for_identity_purity,Canonical assignment from all selected observations in GM_RM011:AT0031; P1-D lifecycle context retained.,Build longer identity-pure multi-frame observation entities before global association.,Benchmark attribution; not a runtime split rule.
GM_RM011,GM_RM011:AT0062,284,315,29,GM_RM011:PV013,GM_RM011:GV014,YOLO11l:botsort:bs_0064;YOLO11l:bytetrack:bt_0079;YOLO11l:bytetrack:bt_0080;YOLO11l:bytetrack:bt_0081;YOLO26l:botsort:bs_0062;YOLO26l:bytetrack:bt_0080;YOLO26l:bytetrack:bt_0081;YOLO26l:bytetrack:bt_0088,YOLO26l,tracker_seed_start,tracker_local_break,,observation_layer_fragmentation_not_intrinsically_required,Canonical assignment from all selected observations in GM_RM011:AT0062; P1-D lifecycle context retained.,Build longer identity-pure multi-frame observation entities before global association.,Benchmark attribution; not a runtime split rule.
GM_RM011,GM_RM011:AT0133,302,316,15,,,YOLO11l:botsort:bs_0064;YOLO11l:bytetrack:bt_0081;YOLO26l:botsort:bs_0062;YOLO26l:bytetrack:bt_0081;YOLO26l:bytetrack:bt_0088,YOLO11l,local_overlap_fragment_union,non_vehicle_contamination,,necessary_for_identity_purity,Canonical assignment from all selected observations in GM_RM011:AT0133; P1-D lifecycle context retained.,Build longer identity-pure multi-frame observation entities before global association.,Benchmark attribution; not a runtime split rule.
GM_RM011,GM_RM011:AT0134,305,305,1,,,,YOLO26l,supplement_singleton,non_vehicle_contamination,,necessary_for_identity_purity,Canonical assignment from all selected observations in GM_RM011:AT0134; P1-D lifecycle context retained.,Build longer identity-pure multi-frame observation entities before global association.,Benchmark attribution; not a runtime split rule.
GM_RM011,GM_RM011:AT0135,305,306,2,,,,YOLO11l,local_high_confidence_continuity,non_vehicle_contamination,,necessary_for_identity_purity,Canonical assignment from all selected observations in GM_RM011:AT0135; P1-D lifecycle context retained.,Build longer identity-pure multi-frame observation entities before global association.,Benchmark attribution; not a runtime split rule.
GM_RM011,GM_RM011:AT0136,316,316,1,,,YOLO11l:botsort:bs_0064,YOLO26l,supplement_singleton,non_vehicle_contamination,,necessary_for_identity_purity,Canonical assignment from all selected observations in GM_RM011:AT0136; P1-D lifecycle context retained.,Build longer identity-pure multi-frame observation entities before global association.,Benchmark attribution; not a runtime split rule.
GM_RM011,GM_RM011:AT0137,341,341,1,,,,YOLO11l,supplement_singleton,non_vehicle_contamination,,necessary_for_identity_purity,Canonical assignment from all selected observations in GM_RM011:AT0137; P1-D lifecycle context retained.,Build longer identity-pure multi-frame observation entities before global association.,Benchmark attribution; not a runtime split rule.
GM_RM011,GM_RM011:AT0138,351,352,2,,,,YOLO11l,local_high_confidence_continuity,non_vehicle_contamination,,necessary_for_identity_purity,Canonical assignment from all selected observations in GM_RM011:AT0138; P1-D lifecycle context retained.,Build longer identity-pure multi-frame observation entities before global association.,Benchmark attribution; not a runtime split rule.
GM_RM017,GM_RM017:AT0001,118,164,47,,,YOLO11l:botsort:bs_0001;YOLO11l:bytetrack:bt_0001;YOLO26l:botsort:bs_0006;YOLO26l:bytetrack:bt_0006,YOLO11l,tracker_seed_start,non_vehicle_contamination,,necessary_for_identity_purity,Canonical assignment from all selected observations in GM_RM017:AT0001; P1-D lifecycle context retained.,Build longer identity-pure multi-frame observation entities before global association.,Benchmark attribution; not a runtime split rule.
GM_RM017,GM_RM017:AT0005,118,164,47,GM_RM017:PV001,GM_RM017:GV001,YOLO11l:botsort:bs_0001;YOLO11l:bytetrack:bt_0001;YOLO26l:botsort:bs_0006;YOLO26l:bytetrack:bt_0006,YOLO26l,tracker_seed_start,tracker_local_break,,observation_layer_fragmentation_not_intrinsically_required,Canonical assignment from all selected observations in GM_RM017:AT0005; P1-D lifecycle context retained.,Build longer identity-pure multi-frame observation entities before global association.,Benchmark attribution; not a runtime split rule.
GM_RM017,GM_RM017:AT0009,120,120,1,,,,YOLO11l,supplement_singleton,non_vehicle_contamination,,necessary_for_identity_purity,Canonical assignment from all selected observations in GM_RM017:AT0009; P1-D lifecycle context retained.,Build longer identity-pure multi-frame observation entities before global association.,Benchmark attribution; not a runtime split rule.
GM_RM017,GM_RM017:AT0010,125,130,4,,,,YOLO11l,local_high_confidence_continuity,non_vehicle_contamination,,necessary_for_identity_purity,Canonical assignment from all selected observations in GM_RM017:AT0010; P1-D lifecycle context retained.,Build longer identity-pure multi-frame observation entities before global association.,Benchmark attribution; not a runtime split rule.
GM_RM017,GM_RM017:AT0011,128,128,1,,,,YOLO26l,supplement_singleton,non_vehicle_contamination,,necessary_for_identity_purity,Canonical assignment from all selected observations in GM_RM017:AT0011; P1-D lifecycle context retained.,Build longer identity-pure multi-frame observation entities before global association.,Benchmark attribution; not a runtime split rule.
GM_RM017,GM_RM017:AT0012,130,130,1,,,,YOLO26l,supplement_singleton,non_vehicle_contamination,,necessary_for_identity_purity,Canonical assignment from all selected observations in GM_RM017:AT0012; P1-D lifecycle context retained.,Build longer identity-pure multi-frame observation entities before global association.,Benchmark attribution; not a runtime split rule.
GM_RM017,GM_RM017:AT0013,142,144,3,,,,YOLO26l,local_high_confidence_continuity,non_vehicle_contamination,,necessary_for_identity_purity,Canonical assignment from all selected observations in GM_RM017:AT0013; P1-D lifecycle context retained.,Build longer identity-pure multi-frame observation entities before global association.,Benchmark attribution; not a runtime split rule.
GM_RM017,GM_RM017:AT0014,143,144,2,,,,YOLO11l,local_high_confidence_continuity,non_vehicle_contamination,,necessary_for_identity_purity,Canonical assignment from all selected observations in GM_RM017:AT0014; P1-D lifecycle context retained.,Build longer identity-pure multi-frame observation entities before global association.,Benchmark attribution; not a runtime split rule.
GM_RM017,GM_RM017:AT0002,145,185,41,,,YOLO11l:botsort:bs_0008;YOLO11l:bytetrack:bt_0008;YOLO11l:bytetrack:bt_0014;YOLO26l:botsort:bs_0011;YOLO26l:bytetrack:bt_0011,YOLO11l,tracker_seed_start,non_vehicle_contamination,,necessary_for_identity_purity,Canonical assignment from all selected observations in GM_RM017:AT0002; P1-D lifecycle context retained.,Build longer identity-pure multi-frame observation entities before global association.,Benchmark attribution; not a runtime split rule.
GM_RM017,GM_RM017:AT0006,145,185,41,GM_RM017:PV002,GM_RM017:GV002,YOLO11l:botsort:bs_0008;YOLO11l:bytetrack:bt_0008;YOLO11l:bytetrack:bt_0014;YOLO26l:botsort:bs_0011;YOLO26l:bytetrack:bt_0011,YOLO26l,tracker_seed_start,tracker_local_break,,observation_layer_fragmentation_not_intrinsically_required,Canonical assignment from all selected observations in GM_RM017:AT0006; P1-D lifecycle context retained.,Build longer identity-pure multi-frame observation entities before global association.,Benchmark attribution; not a runtime split rule.
GM_RM017,GM_RM017:AT0015,149,150,2,,,,YOLO11l,local_high_confidence_continuity,non_vehicle_contamination,,necessary_for_identity_purity,Canonical assignment from all selected observations in GM_RM017:AT0015; P1-D lifecycle context retained.,Build longer identity-pure multi-frame observation entities before global association.,Benchmark attribution; not a runtime split rule.
GM_RM017,GM_RM017:AT0016,149,150,2,,,,YOLO26l,local_high_confidence_continuity,non_vehicle_contamination,,necessary_for_identity_purity,Canonical assignment from all selected observations in GM_RM017:AT0016; P1-D lifecycle context retained.,Build longer identity-pure multi-frame observation entities before global association.,Benchmark attribution; not a runtime split rule.
GM_RM017,GM_RM017:AT0003,151,200,50,,,YOLO11l:botsort:bs_0010;YOLO11l:bytetrack:bt_0010;YOLO11l:bytetrack:bt_0014;YOLO26l:botsort:bs_0013;YOLO26l:bytetrack:bt_0013,YOLO11l,tracker_seed_start,non_vehicle_contamination,,necessary_for_identity_purity,Canonical assignment from all selected observations in GM_RM017:AT0003; P1-D lifecycle context retained.,Build longer identity-pure multi-frame observation entities before global association.,Benchmark attribution; not a runtime split rule.
GM_RM017,GM_RM017:AT0007,151,200,50,GM_RM017:PV003,GM_RM017:GV003,YOLO11l:botsort:bs_0010;YOLO11l:bytetrack:bt_0010;YOLO11l:bytetrack:bt_0014;YOLO26l:botsort:bs_0013;YOLO26l:bytetrack:bt_0013,YOLO26l,tracker_seed_start,tracker_local_break,,observation_layer_fragmentation_not_intrinsically_required,Canonical assignment from all selected observations in GM_RM017:AT0007; P1-D lifecycle context retained.,Build longer identity-pure multi-frame observation entities before global association.,Benchmark attribution; not a runtime split rule.
GM_RM017,GM_RM017:AT0017,152,152,1,,,,YOLO11l,supplement_singleton,non_vehicle_contamination,,necessary_for_identity_purity,Canonical assignment from all selected observations in GM_RM017:AT0017; P1-D lifecycle context retained.,Build longer identity-pure multi-frame observation entities before global association.,Benchmark attribution; not a runtime split rule.
GM_RM017,GM_RM017:AT0018,160,161,2,,,,YOLO26l,local_high_confidence_continuity,non_vehicle_contamination,,necessary_for_identity_purity,Canonical assignment from all selected observations in GM_RM017:AT0018; P1-D lifecycle context retained.,Build longer identity-pure multi-frame observation entities before global association.,Benchmark attribution; not a runtime split rule.
GM_RM017,GM_RM017:AT0019,161,161,1,,,,YOLO11l,supplement_singleton,non_vehicle_contamination,,necessary_for_identity_purity,Canonical assignment from all selected observations in GM_RM017:AT0019; P1-D lifecycle context retained.,Build longer identity-pure multi-frame observation entities before global association.,Benchmark attribution; not a runtime split rule.
GM_RM017,GM_RM017:AT0004,162,214,53,,,YOLO11l:botsort:bs_0012;YOLO11l:bytetrack:bt_0012;YOLO11l:bytetrack:bt_0014;YOLO26l:botsort:bs_0016;YOLO26l:bytetrack:bt_0016,YOLO11l,tracker_seed_start,non_vehicle_contamination,,necessary_for_identity_purity,Canonical assignment from all selected observations in GM_RM017:AT0004; P1-D lifecycle context retained.,Build longer identity-pure multi-frame observation entities before global association.,Benchmark attribution; not a runtime split rule.
GM_RM017,GM_RM017:AT0008,162,214,53,GM_RM017:PV004,GM_RM017:GV004,YOLO11l:botsort:bs_0012;YOLO11l:bytetrack:bt_0012;YOLO11l:bytetrack:bt_0014;YOLO26l:botsort:bs_0016;YOLO26l:bytetrack:bt_0016,YOLO26l,tracker_seed_start,tracker_local_break,,observation_layer_fragmentation_not_intrinsically_required,Canonical assignment from all selected observations in GM_RM017:AT0008; P1-D lifecycle context retained.,Build longer identity-pure multi-frame observation entities before global association.,Benchmark attribution; not a runtime split rule.
GM_RM017,GM_RM017:AT0020,165,166,2,,,,YOLO26l,local_high_confidence_continuity,non_vehicle_contamination,,necessary_for_identity_purity,Canonical assignment from all selected observations in GM_RM017:AT0020; P1-D lifecycle context retained.,Build longer identity-pure multi-frame observation entities before global association.,Benchmark attribution; not a runtime split rule.
GM_RM017,GM_RM017:AT0021,170,170,1,,,,YOLO11l,supplement_singleton,non_vehicle_contamination,,necessary_for_identity_purity,Canonical assignment from all selected observations in GM_RM017:AT0021; P1-D lifecycle context retained.,Build longer identity-pure multi-frame observation entities before global association.,Benchmark attribution; not a runtime split rule.
GM_RM017,GM_RM017:AT0022,170,170,1,,,,YOLO26l,supplement_singleton,non_vehicle_contamination,,necessary_for_identity_purity,Canonical assignment from all selected observations in GM_RM017:AT0022; P1-D lifecycle context retained.,Build longer identity-pure multi-frame observation entities before global association.,Benchmark attribution; not a runtime split rule.
GM_RM017,GM_RM017:AT0023,356,356,1,,,,YOLO11l,supplement_singleton,non_vehicle_contamination,,necessary_for_identity_purity,Canonical assignment from all selected observations in GM_RM017:AT0023; P1-D lifecycle context retained.,Build longer identity-pure multi-frame observation entities before global association.,Benchmark attribution; not a runtime split rule.
GM_RM017,GM_RM017:AT0024,356,356,1,,,,YOLO26l,supplement_singleton,non_vehicle_contamination,,necessary_for_identity_purity,Canonical assignment from all selected observations in GM_RM017:AT0024; P1-D lifecycle context retained.,Build longer identity-pure multi-frame observation entities before global association.,Benchmark attribution; not a runtime split rule.
GM_RM017,GM_RM017:AT0025,367,367,1,,,,YOLO11l,supplement_singleton,non_vehicle_contamination,,necessary_for_identity_purity,Canonical assignment from all selected observations in GM_RM017:AT0025; P1-D lifecycle context retained.,Build longer identity-pure multi-frame observation entities before global association.,Benchmark attribution; not a runtime split rule.
GM_RM017,GM_RM017:AT0026,367,367,1,,,,YOLO26l,supplement_singleton,non_vehicle_contamination,,necessary_for_identity_purity,Canonical assignment from all selected observations in GM_RM017:AT0026; P1-D lifecycle context retained.,Build longer identity-pure multi-frame observation entities before global association.,Benchmark attribution; not a runtime split rule.
GM_RM019,GM_RM019:AT0025,0,0,1,,,YOLO11l:botsort:bs_0001;YOLO11l:bytetrack:bt_0001;YOLO26l:botsort:bs_0001;YOLO26l:bytetrack:bt_0001,YOLO26l,tracker_seed_start,non_vehicle_contamination,,necessary_for_identity_purity,Canonical assignment from all selected observations in GM_RM019:AT0025; P1-D lifecycle context retained.,Build longer identity-pure multi-frame observation entities before global association.,Benchmark attribution; not a runtime split rule.
GM_RM019,GM_RM019:AT0002,0,14,15,GM_RM019:PV001,GM_RM019:GV001,YOLO11l:botsort:bs_0001;YOLO11l:bytetrack:bt_0001;YOLO11l:bytetrack:bt_0007;YOLO26l:botsort:bs_0001;YOLO26l:botsort:bs_0002;YOLO26l:bytetrack:bt_0001;YOLO26l:bytetrack:bt_0002;YOLO26l:bytetrack:bt_0004,YOLO11l,local_overlap_fragment_union,same_frame_multiple_box_competition,,observation_layer_fragmentation_not_intrinsically_required,Canonical assignment from all selected observations in GM_RM019:AT0002; P1-D lifecycle context retained.,Build longer identity-pure multi-frame observation entities before global association.,Benchmark attribution; not a runtime split rule.
GM_RM019,GM_RM019:AT0026,1,14,14,,,YOLO11l:botsort:bs_0001;YOLO11l:bytetrack:bt_0001;YOLO11l:bytetrack:bt_0007;YOLO26l:botsort:bs_0002;YOLO26l:bytetrack:bt_0001;YOLO26l:bytetrack:bt_0002;YOLO26l:bytetrack:bt_0004,YOLO26l,tracker_seed_start,non_vehicle_contamination,,necessary_for_identity_purity,Canonical assignment from all selected observations in GM_RM019:AT0026; P1-D lifecycle context retained.,Build longer identity-pure multi-frame observation entities before global association.,Benchmark attribution; not a runtime split rule.
GM_RM019,GM_RM019:AT0041,3,4,2,,,,YOLO11l,local_high_confidence_continuity,non_vehicle_contamination,,necessary_for_identity_purity,Canonical assignment from all selected observations in GM_RM019:AT0041; P1-D lifecycle context retained.,Build longer identity-pure multi-frame observation entities before global association.,Benchmark attribution; not a runtime split rule.
GM_RM019,GM_RM019:AT0042,4,4,1,,,,YOLO11l,supplement_singleton,non_vehicle_contamination,,necessary_for_identity_purity,Canonical assignment from all selected observations in GM_RM019:AT0042; P1-D lifecycle context retained.,Build longer identity-pure multi-frame observation entities before global association.,Benchmark attribution; not a runtime split rule.
GM_RM019,GM_RM019:AT0043,4,4,1,,,,YOLO11l,supplement_singleton,non_vehicle_contamination,,necessary_for_identity_purity,Canonical assignment from all selected observations in GM_RM019:AT0043; P1-D lifecycle context retained.,Build longer identity-pure multi-frame observation entities before global association.,Benchmark attribution; not a runtime split rule.
GM_RM019,GM_RM019:AT0044,4,4,1,,,,YOLO26l,supplement_singleton,non_vehicle_contamination,,necessary_for_identity_purity,Canonical assignment from all selected observations in GM_RM019:AT0044; P1-D lifecycle context retained.,Build longer identity-pure multi-frame observation entities before global association.,Benchmark attribution; not a runtime split rule.
GM_RM019,GM_RM019:AT0027,5,24,20,,,YOLO11l:botsort:bs_0004;YOLO11l:bytetrack:bt_0004;YOLO26l:botsort:bs_0003;YOLO26l:bytetrack:bt_0003,YOLO26l,tracker_seed_start,non_vehicle_contamination,,necessary_for_identity_purity,Canonical assignment from all selected observations in GM_RM019:AT0027; P1-D lifecycle context retained.,Build longer identity-pure multi-frame observation entities before global association.,Benchmark attribution; not a runtime split rule.
GM_RM019,GM_RM019:AT0003,5,43,39,GM_RM019:PV002,GM_RM019:GV002,YOLO11l:botsort:bs_0004;YOLO11l:bytetrack:bt_0004;YOLO26l:botsort:bs_0003;YOLO26l:botsort:bs_0005;YOLO26l:bytetrack:bt_0003;YOLO26l:bytetrack:bt_0005,YOLO11l,tracker_seed_start,tracker_local_break,,observation_layer_fragmentation_not_intrinsically_required,Canonical assignment from all selected observations in GM_RM019:AT0003; P1-D lifecycle context retained.,Build longer identity-pure multi-frame observation entities before global association.,Benchmark attribution; not a runtime split rule.
GM_RM019,GM_RM019:AT0045,22,28,6,,,,YOLO11l,local_high_confidence_continuity,non_vehicle_contamination,,necessary_for_identity_purity,Canonical assignment from all selected observations in GM_RM019:AT0045; P1-D lifecycle context retained.,Build longer identity-pure multi-frame observation entities before global association.,Benchmark attribution; not a runtime split rule.
GM_RM019,GM_RM019:AT0046,24,25,2,,,YOLO26l:botsort:bs_0003;YOLO26l:bytetrack:bt_0003,YOLO11l,local_high_confidence_continuity,non_vehicle_contamination,,necessary_for_identity_purity,Canonical assignment from all selected observations in GM_RM019:AT0046; P1-D lifecycle context retained.,Build longer identity-pure multi-frame observation entities before global association.,Benchmark attribution; not a runtime split rule.
GM_RM019,GM_RM019:AT0030,25,26,2,,,YOLO11l:botsort:bs_0004;YOLO11l:bytetrack:bt_0004;YOLO26l:botsort:bs_0005;YOLO26l:bytetrack:bt_0003,YOLO26l,tracker_seed_start,non_vehicle_contamination,,necessary_for_identity_purity,Canonical assignment from all selected observations in GM_RM019:AT0030; P1-D lifecycle context retained.,Build longer identity-pure multi-frame observation entities before global association.,Benchmark attribution; not a runtime split rule.
GM_RM019,GM_RM019:AT0028,27,28,2,,,YOLO11l:botsort:bs_0004;YOLO11l:bytetrack:bt_0004;YOLO26l:botsort:bs_0003;YOLO26l:bytetrack:bt_0005,YOLO26l,frame_gap_2,non_vehicle_contamination,,necessary_for_identity_purity,Canonical assignment from all selected observations in GM_RM019:AT0028; P1-D lifecycle context retained.,Build longer identity-pure multi-frame observation entities before global association.,Benchmark attribution; not a runtime split rule.
GM_RM019,GM_RM019:AT0031,29,29,1,,,YOLO11l:botsort:bs_0004;YOLO11l:bytetrack:bt_0004;YOLO26l:botsort:bs_0005;YOLO26l:bytetrack:bt_0003,YOLO26l,frame_gap_2,non_vehicle_contamination,,necessary_for_identity_purity,Canonical assignment from all selected observations in GM_RM019:AT0031; P1-D lifecycle context retained.,Build longer identity-pure multi-frame observation entities before global association.,Benchmark attribution; not a runtime split rule.
GM_RM019,GM_RM019:AT0047,30,30,1,,,YOLO11l:botsort:bs_0004;YOLO11l:bytetrack:bt_0004;YOLO26l:bytetrack:bt_0003,YOLO26l,supplement_singleton,non_vehicle_contamination,,necessary_for_identity_purity,Canonical assignment from all selected observations in GM_RM019:AT0047; P1-D lifecycle context retained.,Build longer identity-pure multi-frame observation entities before global association.,Benchmark attribution; not a runtime split rule.
GM_RM019,GM_RM019:AT0029,31,43,13,,,YOLO11l:botsort:bs_0004;YOLO11l:bytetrack:bt_0004;YOLO26l:botsort:bs_0003;YOLO26l:bytetrack:bt_0003,YOLO26l,frame_gap_2,non_vehicle_contamination,,necessary_for_identity_purity,Canonical assignment from all selected observations in GM_RM019:AT0029; P1-D lifecycle context retained.,Build longer identity-pure multi-frame observation entities before global association.,Benchmark attribution; not a runtime split rule.
GM_RM019,GM_RM019:AT0048,34,34,1,,,,YOLO11l,supplement_singleton,non_vehicle_contamination,,necessary_for_identity_purity,Canonical assignment from all selected observations in GM_RM019:AT0048; P1-D lifecycle context retained.,Build longer identity-pure multi-frame observation entities before global association.,Benchmark attribution; not a runtime split rule.
GM_RM019,GM_RM019:AT0049,34,34,1,,,,YOLO26l,supplement_singleton,non_vehicle_contamination,,necessary_for_identity_purity,Canonical assignment from all selected observations in GM_RM019:AT0049; P1-D lifecycle context retained.,Build longer identity-pure multi-frame observation entities before global association.,Benchmark attribution; not a runtime split rule.
GM_RM019,GM_RM019:AT0050,37,38,2,,,,YOLO26l,local_high_confidence_continuity,non_vehicle_contamination,,necessary_for_identity_purity,Canonical assignment from all selected observations in GM_RM019:AT0050; P1-D lifecycle context retained.,Build longer identity-pure multi-frame observation entities before global association.,Benchmark attribution; not a runtime split rule.
GM_RM019,GM_RM019:AT0051,37,41,5,,,,YOLO11l,local_high_confidence_continuity,non_vehicle_contamination,,necessary_for_identity_purity,Canonical assignment from all selected observations in GM_RM019:AT0051; P1-D lifecycle context retained.,Build longer identity-pure multi-frame observation entities before global association.,Benchmark attribution; not a runtime split rule.
GM_RM019,GM_RM019:AT0052,41,41,1,,,,YOLO11l,supplement_singleton,non_vehicle_contamination,,necessary_for_identity_purity,Canonical assignment from all selected observations in GM_RM019:AT0052; P1-D lifecycle context retained.,Build longer identity-pure multi-frame observation entities before global association.,Benchmark attribution; not a runtime split rule.
GM_RM019,GM_RM019:AT0053,41,41,1,,,,YOLO26l,supplement_singleton,non_vehicle_contamination,,necessary_for_identity_purity,Canonical assignment from all selected observations in GM_RM019:AT0053; P1-D lifecycle context retained.,Build longer identity-pure multi-frame observation entities before global association.,Benchmark attribution; not a runtime split rule.
GM_RM019,GM_RM019:AT0054,41,41,1,,,,YOLO26l,supplement_singleton,non_vehicle_contamination,,necessary_for_identity_purity,Canonical assignment from all selected observations in GM_RM019:AT0054; P1-D lifecycle context retained.,Build longer identity-pure multi-frame observation entities before global association.,Benchmark attribution; not a runtime split rule.
GM_RM019,GM_RM019:AT0055,41,41,1,,,,YOLO26l,supplement_singleton,non_vehicle_contamination,,necessary_for_identity_purity,Canonical assignment from all selected observations in GM_RM019:AT0055; P1-D lifecycle context retained.,Build longer identity-pure multi-frame observation entities before global association.,Benchmark attribution; not a runtime split rule.
GM_RM019,GM_RM019:AT0004,42,42,1,,,YOLO11l:botsort:bs_0020;YOLO11l:bytetrack:bt_0021,YOLO11l,tracker_seed_start,non_vehicle_contamination,,necessary_for_identity_purity,Canonical assignment from all selected observations in GM_RM019:AT0004; P1-D lifecycle context retained.,Build longer identity-pure multi-frame observation entities before global association.,Benchmark attribution; not a runtime split rule.
GM_RM019,GM_RM019:AT0056,42,42,1,,,,YOLO26l,supplement_singleton,non_vehicle_contamination,,necessary_for_identity_purity,Canonical assignment from all selected observations in GM_RM019:AT0056; P1-D lifecycle context retained.,Build longer identity-pure multi-frame observation entities before global association.,Benchmark attribution; not a runtime split rule.
GM_RM019,GM_RM019:AT0057,43,43,1,,,,YOLO26l,supplement_singleton,non_vehicle_contamination,,necessary_for_identity_purity,Canonical assignment from all selected observations in GM_RM019:AT0057; P1-D lifecycle context retained.,Build longer identity-pure multi-frame observation entities before global association.,Benchmark attribution; not a runtime split rule.
GM_RM019,GM_RM019:AT0058,43,44,2,,,YOLO26l:botsort:bs_0014;YOLO26l:bytetrack:bt_0016,YOLO11l,local_high_confidence_continuity,non_vehicle_contamination,,necessary_for_identity_purity,Canonical assignment from all selected observations in GM_RM019:AT0058; P1-D lifecycle context retained.,Build longer identity-pure multi-frame observation entities before global association.,Benchmark attribution; not a runtime split rule.
GM_RM019,GM_RM019:AT0059,44,45,2,,,,YOLO11l,local_high_confidence_continuity,non_vehicle_contamination,,necessary_for_identity_purity,Canonical assignment from all selected observations in GM_RM019:AT0059; P1-D lifecycle context retained.,Build longer identity-pure multi-frame observation entities before global association.,Benchmark attribution; not a runtime split rule.
GM_RM019,GM_RM019:AT0032,44,49,6,,,YOLO11l:botsort:bs_0023;YOLO11l:bytetrack:bt_0026;YOLO11l:bytetrack:bt_0033;YOLO26l:botsort:bs_0014;YOLO26l:bytetrack:bt_0016,YOLO26l,tracker_seed_start,non_vehicle_contamination,,necessary_for_identity_purity,Canonical assignment from all selected observations in GM_RM019:AT0032; P1-D lifecycle context retained.,Build longer identity-pure multi-frame observation entities before global association.,Benchmark attribution; not a runtime split rule.
GM_RM019,GM_RM019:AT0005,45,55,10,,GM_RM019:GV003,YOLO11l:botsort:bs_0023;YOLO11l:bytetrack:bt_0026;YOLO11l:bytetrack:bt_0033;YOLO26l:botsort:bs_0014;YOLO26l:bytetrack:bt_0016,YOLO11l,tracker_seed_start,non_vehicle_contamination,,necessary_for_identity_purity,Canonical assignment from all selected observations in GM_RM019:AT0005; P1-D lifecycle context retained.,Build longer identity-pure multi-frame observation entities before global association.,Benchmark attribution; not a runtime split rule.
GM_RM019,GM_RM019:AT0060,46,50,4,,,,YOLO11l,local_high_confidence_continuity,non_vehicle_contamination,,necessary_for_identity_purity,Canonical assignment from all selected observations in GM_RM019:AT0060; P1-D lifecycle context retained.,Build longer identity-pure multi-frame observation entities before global association.,Benchmark attribution; not a runtime split rule.
GM_RM019,GM_RM019:AT0061,47,49,2,,,,YOLO11l,local_high_confidence_continuity,non_vehicle_contamination,,necessary_for_identity_purity,Canonical assignment from all selected observations in GM_RM019:AT0061; P1-D lifecycle context retained.,Build longer identity-pure multi-frame observation entities before global association.,Benchmark attribution; not a runtime split rule.
GM_RM019,GM_RM019:AT0062,48,54,5,,,,YOLO26l,local_high_confidence_continuity,non_vehicle_contamination,,necessary_for_identity_purity,Canonical assignment from all selected observations in GM_RM019:AT0062; P1-D lifecycle context retained.,Build longer identity-pure multi-frame observation entities before global association.,Benchmark attribution; not a runtime split rule.
GM_RM019,GM_RM019:AT0063,50,50,1,,,,YOLO11l,supplement_singleton,non_vehicle_contamination,,necessary_for_identity_purity,Canonical assignment from all selected observations in GM_RM019:AT0063; P1-D lifecycle context retained.,Build longer identity-pure multi-frame observation entities before global association.,Benchmark attribution; not a runtime split rule.
GM_RM019,GM_RM019:AT0064,50,56,6,,,YOLO11l:botsort:bs_0032;YOLO11l:bytetrack:bt_0039,YOLO26l,local_high_confidence_continuity,non_vehicle_contamination,,necessary_for_identity_purity,Canonical assignment from all selected observations in GM_RM019:AT0064; P1-D lifecycle context retained.,Build longer identity-pure multi-frame observation entities before global association.,Benchmark attribution; not a runtime split rule.
GM_RM019,GM_RM019:AT0065,51,52,2,,,,YOLO11l,local_high_confidence_continuity,non_vehicle_contamination,,necessary_for_identity_purity,Canonical assignment from all selected observations in GM_RM019:AT0065; P1-D lifecycle context retained.,Build longer identity-pure multi-frame observation entities before global association.,Benchmark attribution; not a runtime split rule.
GM_RM019,GM_RM019:AT0006,51,56,6,,GM_RM019:GV004,YOLO11l:botsort:bs_0032;YOLO11l:bytetrack:bt_0039,YOLO11l,tracker_seed_start,non_vehicle_contamination,,necessary_for_identity_purity,Canonical assignment from all selected observations in GM_RM019:AT0006; P1-D lifecycle context retained.,Build longer identity-pure multi-frame observation entities before global association.,Benchmark attribution; not a runtime split rule.
GM_RM019,GM_RM019:AT0066,53,53,1,,,,YOLO26l,supplement_singleton,non_vehicle_contamination,,necessary_for_identity_purity,Canonical assignment from all selected observations in GM_RM019:AT0066; P1-D lifecycle context retained.,Build longer identity-pure multi-frame observation entities before global association.,Benchmark attribution; not a runtime split rule.
GM_RM019,GM_RM019:AT0067,53,54,2,,,,YOLO11l,local_high_confidence_continuity,non_vehicle_contamination,,necessary_for_identity_purity,Canonical assignment from all selected observations in GM_RM019:AT0067; P1-D lifecycle context retained.,Build longer identity-pure multi-frame observation entities before global association.,Benchmark attribution; not a runtime split rule.
GM_RM019,GM_RM019:AT0068,53,56,3,,,YOLO11l:botsort:bs_0023,YOLO26l,local_high_confidence_continuity,non_vehicle_contamination,,necessary_for_identity_purity,Canonical assignment from all selected observations in GM_RM019:AT0068; P1-D lifecycle context retained.,Build longer identity-pure multi-frame observation entities before global association.,Benchmark attribution; not a runtime split rule.
GM_RM019,GM_RM019:AT0069,55,55,1,,,,YOLO11l,supplement_singleton,non_vehicle_contamination,,necessary_for_identity_purity,Canonical assignment from all selected observations in GM_RM019:AT0069; P1-D lifecycle context retained.,Build longer identity-pure multi-frame observation entities before global association.,Benchmark attribution; not a runtime split rule.
GM_RM019,GM_RM019:AT0070,55,55,1,,,,YOLO26l,supplement_singleton,non_vehicle_contamination,,necessary_for_identity_purity,Canonical assignment from all selected observations in GM_RM019:AT0070; P1-D lifecycle context retained.,Build longer identity-pure multi-frame observation entities before global association.,Benchmark attribution; not a runtime split rule.
GM_RM019,GM_RM019:AT0071,57,59,2,,,,YOLO11l,local_high_confidence_continuity,non_vehicle_contamination,,necessary_for_identity_purity,Canonical assignment from all selected observations in GM_RM019:AT0071; P1-D lifecycle context retained.,Build longer identity-pure multi-frame observation entities before global association.,Benchmark attribution; not a runtime split rule.
GM_RM019,GM_RM019:AT0072,59,59,1,,,,YOLO11l,supplement_singleton,non_vehicle_contamination,,necessary_for_identity_purity,Canonical assignment from all selected observations in GM_RM019:AT0072; P1-D lifecycle context retained.,Build longer identity-pure multi-frame observation entities before global association.,Benchmark attribution; not a runtime split rule.
GM_RM019,GM_RM019:AT0073,59,59,1,,,,YOLO11l,supplement_singleton,non_vehicle_contamination,,necessary_for_identity_purity,Canonical assignment from all selected observations in GM_RM019:AT0073; P1-D lifecycle context retained.,Build longer identity-pure multi-frame observation entities before global association.,Benchmark attribution; not a runtime split rule.
GM_RM019,GM_RM019:AT0074,59,59,1,,,,YOLO26l,supplement_singleton,non_vehicle_contamination,,necessary_for_identity_purity,Canonical assignment from all selected observations in GM_RM019:AT0074; P1-D lifecycle context retained.,Build longer identity-pure multi-frame observation entities before global association.,Benchmark attribution; not a runtime split rule.
GM_RM019,GM_RM019:AT0007,60,66,6,,GM_RM019:GV004,YOLO11l:botsort:bs_0032;YOLO11l:bytetrack:bt_0039;YOLO26l:botsort:bs_0033;YOLO26l:bytetrack:bt_0035,YOLO11l,frame_gap_3,non_vehicle_contamination,,necessary_for_identity_purity,Canonical assignment from all selected observations in GM_RM019:AT0007; P1-D lifecycle context retained.,Build longer identity-pure multi-frame observation entities before global association.,Benchmark attribution; not a runtime split rule.
GM_RM019,GM_RM019:AT0010,60,80,21,,GM_RM019:GV003,YOLO11l:botsort:bs_0039;YOLO11l:bytetrack:bt_0050;YOLO26l:botsort:bs_0031;YOLO26l:bytetrack:bt_0033,YOLO11l,tracker_seed_start,non_vehicle_contamination,,necessary_for_identity_purity,Canonical assignment from all selected observations in GM_RM019:AT0010; P1-D lifecycle context retained.,Build longer identity-pure multi-frame observation entities before global association.,Benchmark attribution; not a runtime split rule.
GM_RM019,GM_RM019:AT0033,60,88,27,,,YOLO11l:botsort:bs_0039;YOLO11l:botsort:bs_0059;YOLO11l:bytetrack:bt_0050;YOLO11l:bytetrack:bt_0070;YOLO26l:botsort:bs_0031;YOLO26l:bytetrack:bt_0033,YOLO26l,local_overlap_fragment_union,non_vehicle_contamination,,necessary_for_identity_purity,Canonical assignment from all selected observations in GM_RM019:AT0033; P1-D lifecycle context retained.,Build longer identity-pure multi-frame observation entities before global association.,Benchmark attribution; not a runtime split rule.
GM_RM019,GM_RM019:AT0075,62,62,1,,,YOLO11l:bytetrack:bt_0039,YOLO11l,supplement_singleton,non_vehicle_contamination,,necessary_for_identity_purity,Canonical assignment from all selected observations in GM_RM019:AT0075; P1-D lifecycle context retained.,Build longer identity-pure multi-frame observation entities before global association.,Benchmark attribution; not a runtime split rule.
GM_RM019,GM_RM019:AT0076,62,65,3,,,,YOLO26l,local_high_confidence_continuity,non_vehicle_contamination,,necessary_for_identity_purity,Canonical assignment from all selected observations in GM_RM019:AT0076; P1-D lifecycle context retained.,Build longer identity-pure multi-frame observation entities before global association.,Benchmark attribution; not a runtime split rule.
GM_RM019,GM_RM019:AT0077,63,63,1,,,YOLO11l:botsort:bs_0032;YOLO11l:bytetrack:bt_0039,YOLO26l,supplement_singleton,non_vehicle_contamination,,necessary_for_identity_purity,Canonical assignment from all selected observations in GM_RM019:AT0077; P1-D lifecycle context retained.,Build longer identity-pure multi-frame observation entities before global association.,Benchmark attribution; not a runtime split rule.
GM_RM019,GM_RM019:AT0034,64,64,1,,,YOLO11l:botsort:bs_0032;YOLO11l:bytetrack:bt_0039;YOLO26l:botsort:bs_0033;YOLO26l:bytetrack:bt_0035,YOLO26l,tracker_seed_start,non_vehicle_contamination,,necessary_for_identity_purity,Canonical assignment from all selected observations in GM_RM019:AT0034; P1-D lifecycle context retained.,Build longer identity-pure multi-frame observation entities before global association.,Benchmark attribution; not a runtime split rule.
GM_RM019,GM_RM019:AT0078,68,68,1,,,,YOLO26l,supplement_singleton,non_vehicle_contamination,,necessary_for_identity_purity,Canonical assignment from all selected observations in GM_RM019:AT0078; P1-D lifecycle context retained.,Build longer identity-pure multi-frame observation entities before global association.,Benchmark attribution; not a runtime split rule.
GM_RM019,GM_RM019:AT0079,70,72,2,,,,YOLO11l,local_high_confidence_continuity,non_vehicle_contamination,,necessary_for_identity_purity,Canonical assignment from all selected observations in GM_RM019:AT0079; P1-D lifecycle context retained.,Build longer identity-pure multi-frame observation entities before global association.,Benchmark attribution; not a runtime split rule.
GM_RM019,GM_RM019:AT0011,71,71,1,,,YOLO11l:botsort:bs_0043;YOLO11l:bytetrack:bt_0054,YOLO11l,tracker_seed_start,non_vehicle_contamination,,necessary_for_identity_purity,Canonical assignment from all selected observations in GM_RM019:AT0011; P1-D lifecycle context retained.,Build longer identity-pure multi-frame observation entities before global association.,Benchmark attribution; not a runtime split rule.
GM_RM019,GM_RM019:AT0080,71,71,1,,,YOLO11l:botsort:bs_0043;YOLO11l:bytetrack:bt_0054,YOLO26l,supplement_singleton,non_vehicle_contamination,,necessary_for_identity_purity,Canonical assignment from all selected observations in GM_RM019:AT0080; P1-D lifecycle context retained.,Build longer identity-pure multi-frame observation entities before global association.,Benchmark attribution; not a runtime split rule.
GM_RM019,GM_RM019:AT0008,72,72,1,,GM_RM019:GV004,YOLO11l:botsort:bs_0032;YOLO11l:bytetrack:bt_0039,YOLO11l,frame_gap_5,non_vehicle_contamination,,necessary_for_identity_purity,Canonical assignment from all selected observations in GM_RM019:AT0008; P1-D lifecycle context retained.,Build longer identity-pure multi-frame observation entities before global association.,Benchmark attribution; not a runtime split rule.
GM_RM019,GM_RM019:AT0081,72,72,1,,,,YOLO11l,supplement_singleton,non_vehicle_contamination,,necessary_for_identity_purity,Canonical assignment from all selected observations in GM_RM019:AT0081; P1-D lifecycle context retained.,Build longer identity-pure multi-frame observation entities before global association.,Benchmark attribution; not a runtime split rule.
GM_RM019,GM_RM019:AT0082,72,74,2,,,,YOLO11l,local_high_confidence_continuity,non_vehicle_contamination,,necessary_for_identity_purity,Canonical assignment from all selected observations in GM_RM019:AT0082; P1-D lifecycle context retained.,Build longer identity-pure multi-frame observation entities before global association.,Benchmark attribution; not a runtime split rule.
GM_RM019,GM_RM019:AT0083,74,74,1,,,,YOLO26l,supplement_singleton,non_vehicle_contamination,,necessary_for_identity_purity,Canonical assignment from all selected observations in GM_RM019:AT0083; P1-D lifecycle context retained.,Build longer identity-pure multi-frame observation entities before global association.,Benchmark attribution; not a runtime split rule.
GM_RM019,GM_RM019:AT0084,75,75,1,,,,YOLO11l,supplement_singleton,non_vehicle_contamination,,necessary_for_identity_purity,Canonical assignment from all selected observations in GM_RM019:AT0084; P1-D lifecycle context retained.,Build longer identity-pure multi-frame observation entities before global association.,Benchmark attribution; not a runtime split rule.
GM_RM019,GM_RM019:AT0009,76,82,6,,GM_RM019:GV004,YOLO11l:botsort:bs_0032;YOLO11l:bytetrack:bt_0039,YOLO11l,frame_gap_3,non_vehicle_contamination,,necessary_for_identity_purity,Canonical assignment from all selected observations in GM_RM019:AT0009; P1-D lifecycle context retained.,Build longer identity-pure multi-frame observation entities before global association.,Benchmark attribution; not a runtime split rule.
GM_RM019,GM_RM019:AT0085,77,78,2,,,,YOLO11l,local_overlap_fragment_union,non_vehicle_contamination,,necessary_for_identity_purity,Canonical assignment from all selected observations in GM_RM019:AT0085; P1-D lifecycle context retained.,Build longer identity-pure multi-frame observation entities before global association.,Benchmark attribution; not a runtime split rule.
GM_RM019,GM_RM019:AT0087,77,79,3,,,,YOLO11l,local_high_confidence_continuity,non_vehicle_contamination,,necessary_for_identity_purity,Canonical assignment from all selected observations in GM_RM019:AT0087; P1-D lifecycle context retained.,Build longer identity-pure multi-frame observation entities before global association.,Benchmark attribution; not a runtime split rule.
GM_RM019,GM_RM019:AT0088,77,80,4,,,YOLO11l:botsort:bs_0053;YOLO11l:bytetrack:bt_0064,YOLO26l,local_high_confidence_continuity,non_vehicle_contamination,,necessary_for_identity_purity,Canonical assignment from all selected observations in GM_RM019:AT0088; P1-D lifecycle context retained.,Build longer identity-pure multi-frame observation entities before global association.,Benchmark attribution; not a runtime split rule.
GM_RM019,GM_RM019:AT0089,77,81,4,,,YOLO11l:botsort:bs_0032;YOLO11l:bytetrack:bt_0039,YOLO26l,local_high_confidence_continuity,non_vehicle_contamination,,necessary_for_identity_purity,Canonical assignment from all selected observations in GM_RM019:AT0089; P1-D lifecycle context retained.,Build longer identity-pure multi-frame observation entities before global association.,Benchmark attribution; not a runtime split rule.
GM_RM019,GM_RM019:AT0090,78,78,1,,,,YOLO26l,supplement_singleton,non_vehicle_contamination,,necessary_for_identity_purity,Canonical assignment from all selected observations in GM_RM019:AT0090; P1-D lifecycle context retained.,Build longer identity-pure multi-frame observation entities before global association.,Benchmark attribution; not a runtime split rule.
GM_RM019,GM_RM019:AT0091,78,78,1,,,,YOLO26l,supplement_singleton,non_vehicle_contamination,,necessary_for_identity_purity,Canonical assignment from all selected observations in GM_RM019:AT0091; P1-D lifecycle context retained.,Build longer identity-pure multi-frame observation entities before global association.,Benchmark attribution; not a runtime split rule.
GM_RM019,GM_RM019:AT0012,79,80,2,,,YOLO11l:botsort:bs_0053;YOLO11l:bytetrack:bt_0064,YOLO11l,tracker_seed_start,non_vehicle_contamination,,necessary_for_identity_purity,Canonical assignment from all selected observations in GM_RM019:AT0012; P1-D lifecycle context retained.,Build longer identity-pure multi-frame observation entities before global association.,Benchmark attribution; not a runtime split rule.
GM_RM019,GM_RM019:AT0093,83,83,1,,,YOLO26l:botsort:bs_0050;YOLO26l:bytetrack:bt_0053,YOLO11l,supplement_singleton,non_vehicle_contamination,,necessary_for_identity_purity,Canonical assignment from all selected observations in GM_RM019:AT0093; P1-D lifecycle context retained.,Build longer identity-pure multi-frame observation entities before global association.,Benchmark attribution; not a runtime split rule.
GM_RM019,GM_RM019:AT0094,83,83,1,,,,YOLO11l,supplement_singleton,non_vehicle_contamination,,necessary_for_identity_purity,Canonical assignment from all selected observations in GM_RM019:AT0094; P1-D lifecycle context retained.,Build longer identity-pure multi-frame observation entities before global association.,Benchmark attribution; not a runtime split rule.
GM_RM019,GM_RM019:AT0035,83,100,18,,GM_RM019:GV003,YOLO11l:botsort:bs_0055;YOLO11l:bytetrack:bt_0066;YOLO26l:botsort:bs_0050;YOLO26l:bytetrack:bt_0053,YOLO26l,tracker_seed_start,non_vehicle_contamination,,necessary_for_identity_purity,Canonical assignment from all selected observations in GM_RM019:AT0035; P1-D lifecycle context retained.,Build longer identity-pure multi-frame observation entities before global association.,Benchmark attribution; not a runtime split rule.
GM_RM019,GM_RM019:AT0014,84,84,1,,,YOLO11l:botsort:bs_0056;YOLO11l:bytetrack:bt_0067,YOLO11l,tracker_seed_start,non_vehicle_contamination,,necessary_for_identity_purity,Canonical assignment from all selected observations in GM_RM019:AT0014; P1-D lifecycle context retained.,Build longer identity-pure multi-frame observation entities before global association.,Benchmark attribution; not a runtime split rule.
GM_RM019,GM_RM019:AT0095,84,86,3,,,YOLO11l:botsort:bs_0056;YOLO11l:bytetrack:bt_0067,YOLO26l,local_high_confidence_continuity,non_vehicle_contamination,,necessary_for_identity_purity,Canonical assignment from all selected observations in GM_RM019:AT0095; P1-D lifecycle context retained.,Build longer identity-pure multi-frame observation entities before global association.,Benchmark attribution; not a runtime split rule.
GM_RM019,GM_RM019:AT0013,84,100,17,,,YOLO11l:botsort:bs_0055;YOLO11l:bytetrack:bt_0066;YOLO26l:botsort:bs_0050;YOLO26l:bytetrack:bt_0053,YOLO11l,tracker_seed_start,non_vehicle_contamination,,necessary_for_identity_purity,Canonical assignment from all selected observations in GM_RM019:AT0013; P1-D lifecycle context retained.,Build longer identity-pure multi-frame observation entities before global association.,Benchmark attribution; not a runtime split rule.
GM_RM019,GM_RM019:AT0096,85,85,1,,,,YOLO11l,supplement_singleton,non_vehicle_contamination,,necessary_for_identity_purity,Canonical assignment from all selected observations in GM_RM019:AT0096; P1-D lifecycle context retained.,Build longer identity-pure multi-frame observation entities before global association.,Benchmark attribution; not a runtime split rule.
GM_RM019,GM_RM019:AT0097,85,88,3,,,YOLO11l:botsort:bs_0057;YOLO11l:bytetrack:bt_0068,YOLO26l,local_high_confidence_continuity,non_vehicle_contamination,,necessary_for_identity_purity,Canonical assignment from all selected observations in GM_RM019:AT0097; P1-D lifecycle context retained.,Build longer identity-pure multi-frame observation entities before global association.,Benchmark attribution; not a runtime split rule.
GM_RM019,GM_RM019:AT0036,86,86,1,,,YOLO11l:botsort:bs_0057;YOLO11l:bytetrack:bt_0068;YOLO26l:botsort:bs_0054;YOLO26l:bytetrack:bt_0057,YOLO26l,tracker_seed_start,non_vehicle_contamination,,necessary_for_identity_purity,Canonical assignment from all selected observations in GM_RM019:AT0036; P1-D lifecycle context retained.,Build longer identity-pure multi-frame observation entities before global association.,Benchmark attribution; not a runtime split rule.
GM_RM019,GM_RM019:AT0098,86,86,1,,,,YOLO11l,supplement_singleton,non_vehicle_contamination,,necessary_for_identity_purity,Canonical assignment from all selected observations in GM_RM019:AT0098; P1-D lifecycle context retained.,Build longer identity-pure multi-frame observation entities before global association.,Benchmark attribution; not a runtime split rule.
GM_RM019,GM_RM019:AT0099,86,86,1,,,,YOLO11l,supplement_singleton,non_vehicle_contamination,,necessary_for_identity_purity,Canonical assignment from all selected observations in GM_RM019:AT0099; P1-D lifecycle context retained.,Build longer identity-pure multi-frame observation entities before global association.,Benchmark attribution; not a runtime split rule.
GM_RM019,GM_RM019:AT0016,86,92,7,,GM_RM019:GV004,YOLO11l:botsort:bs_0057;YOLO11l:bytetrack:bt_0068;YOLO26l:botsort:bs_0054;YOLO26l:bytetrack:bt_0057,YOLO11l,tracker_seed_start,non_vehicle_contamination,,necessary_for_identity_purity,Canonical assignment from all selected observations in GM_RM019:AT0016; P1-D lifecycle context retained.,Build longer identity-pure multi-frame observation entities before global association.,Benchmark attribution; not a runtime split rule.
GM_RM019,GM_RM019:AT0015,87,87,1,,,YOLO11l:botsort:bs_0056;YOLO11l:bytetrack:bt_0067,YOLO11l,frame_gap_2,non_vehicle_contamination,,necessary_for_identity_purity,Canonical assignment from all selected observations in GM_RM019:AT0015; P1-D lifecycle context retained.,Build longer identity-pure multi-frame observation entities before global association.,Benchmark attribution; not a runtime split rule.
GM_RM019,GM_RM019:AT0017,87,88,2,,,YOLO11l:botsort:bs_0059;YOLO11l:bytetrack:bt_0070,YOLO11l,tracker_seed_start,non_vehicle_contamination,,necessary_for_identity_purity,Canonical assignment from all selected observations in GM_RM019:AT0017; P1-D lifecycle context retained.,Build longer identity-pure multi-frame observation entities before global association.,Benchmark attribution; not a runtime split rule.
GM_RM019,GM_RM019:AT0100,90,92,2,,,,YOLO11l,local_high_confidence_continuity,non_vehicle_contamination,,necessary_for_identity_purity,Canonical assignment from all selected observations in GM_RM019:AT0100; P1-D lifecycle context retained.,Build longer identity-pure multi-frame observation entities before global association.,Benchmark attribution; not a runtime split rule.
GM_RM019,GM_RM019:AT0101,91,91,1,,,,YOLO26l,supplement_singleton,non_vehicle_contamination,,necessary_for_identity_purity,Canonical assignment from all selected observations in GM_RM019:AT0101; P1-D lifecycle context retained.,Build longer identity-pure multi-frame observation entities before global association.,Benchmark attribution; not a runtime split rule.
GM_RM019,GM_RM019:AT0102,91,92,2,,,,YOLO26l,local_high_confidence_continuity,non_vehicle_contamination,,necessary_for_identity_purity,Canonical assignment from all selected observations in GM_RM019:AT0102; P1-D lifecycle context retained.,Build longer identity-pure multi-frame observation entities before global association.,Benchmark attribution; not a runtime split rule.
GM_RM019,GM_RM019:AT0103,91,93,3,,,,YOLO11l,local_high_confidence_continuity,non_vehicle_contamination,,necessary_for_identity_purity,Canonical assignment from all selected observations in GM_RM019:AT0103; P1-D lifecycle context retained.,Build longer identity-pure multi-frame observation entities before global association.,Benchmark attribution; not a runtime split rule.
GM_RM019,GM_RM019:AT0104,94,94,1,,,,YOLO11l,supplement_singleton,non_vehicle_contamination,,necessary_for_identity_purity,Canonical assignment from all selected observations in GM_RM019:AT0104; P1-D lifecycle context retained.,Build longer identity-pure multi-frame observation entities before global association.,Benchmark attribution; not a runtime split rule.
GM_RM019,GM_RM019:AT0105,97,97,1,,,,YOLO11l,supplement_singleton,non_vehicle_contamination,,necessary_for_identity_purity,Canonical assignment from all selected observations in GM_RM019:AT0105; P1-D lifecycle context retained.,Build longer identity-pure multi-frame observation entities before global association.,Benchmark attribution; not a runtime split rule.
GM_RM019,GM_RM019:AT0106,97,97,1,,,,YOLO11l,supplement_singleton,non_vehicle_contamination,,necessary_for_identity_purity,Canonical assignment from all selected observations in GM_RM019:AT0106; P1-D lifecycle context retained.,Build longer identity-pure multi-frame observation entities before global association.,Benchmark attribution; not a runtime split rule.
GM_RM019,GM_RM019:AT0107,97,98,2,,,YOLO11l:botsort:bs_0066;YOLO11l:bytetrack:bt_0077,YOLO26l,local_high_confidence_continuity,non_vehicle_contamination,,necessary_for_identity_purity,Canonical assignment from all selected observations in GM_RM019:AT0107; P1-D lifecycle context retained.,Build longer identity-pure multi-frame observation entities before global association.,Benchmark attribution; not a runtime split rule.
GM_RM019,GM_RM019:AT0108,97,99,2,,,,YOLO11l,local_high_confidence_continuity,non_vehicle_contamination,,necessary_for_identity_purity,Canonical assignment from all selected observations in GM_RM019:AT0108; P1-D lifecycle context retained.,Build longer identity-pure multi-frame observation entities before global association.,Benchmark attribution; not a runtime split rule.
GM_RM019,GM_RM019:AT0018,98,121,24,GM_RM019:PV003,GM_RM019:GV005,YOLO11l:botsort:bs_0066;YOLO11l:bytetrack:bt_0077;YOLO26l:botsort:bs_0065;YOLO26l:bytetrack:bt_0068,YOLO11l,tracker_seed_start,tracker_local_break,over_fragmentation,observation_layer_fragmentation_not_intrinsically_required,Canonical assignment from all selected observations in GM_RM019:AT0018; P1-D lifecycle context retained.,Build longer identity-pure multi-frame observation entities before global association.,Benchmark attribution; not a runtime split rule.
GM_RM019,GM_RM019:AT0037,99,141,43,,,YOLO11l:botsort:bs_0066;YOLO11l:botsort:bs_0078;YOLO11l:bytetrack:bt_0077;YOLO11l:bytetrack:bt_0090;YOLO26l:botsort:bs_0065;YOLO26l:bytetrack:bt_0068,YOLO26l,tracker_seed_start,non_vehicle_contamination,,necessary_for_identity_purity,Canonical assignment from all selected observations in GM_RM019:AT0037; P1-D lifecycle context retained.,Build longer identity-pure multi-frame observation entities before global association.,Benchmark attribution; not a runtime split rule.
GM_RM019,GM_RM019:AT0109,100,100,1,,,,YOLO11l,supplement_singleton,non_vehicle_contamination,,necessary_for_identity_purity,Canonical assignment from all selected observations in GM_RM019:AT0109; P1-D lifecycle context retained.,Build longer identity-pure multi-frame observation entities before global association.,Benchmark attribution; not a runtime split rule.
GM_RM019,GM_RM019:AT0110,105,106,2,,,,YOLO11l,local_high_confidence_continuity,non_vehicle_contamination,,necessary_for_identity_purity,Canonical assignment from all selected observations in GM_RM019:AT0110; P1-D lifecycle context retained.,Build longer identity-pure multi-frame observation entities before global association.,Benchmark attribution; not a runtime split rule.
GM_RM019,GM_RM019:AT0111,106,106,1,,,,YOLO26l,supplement_singleton,non_vehicle_contamination,,necessary_for_identity_purity,Canonical assignment from all selected observations in GM_RM019:AT0111; P1-D lifecycle context retained.,Build longer identity-pure multi-frame observation entities before global association.,Benchmark attribution; not a runtime split rule.
GM_RM019,GM_RM019:AT0112,117,123,6,,,YOLO26l:botsort:bs_0065;YOLO26l:bytetrack:bt_0068,YOLO11l,local_high_confidence_continuity,non_vehicle_contamination,,necessary_for_identity_purity,Canonical assignment from all selected observations in GM_RM019:AT0112; P1-D lifecycle context retained.,Build longer identity-pure multi-frame observation entities before global association.,Benchmark attribution; not a runtime split rule.
GM_RM019,GM_RM019:AT0020,124,127,4,GM_RM019:PV003,GM_RM019:GV005,YOLO11l:botsort:bs_0078;YOLO11l:bytetrack:bt_0090;YOLO26l:botsort:bs_0065;YOLO26l:bytetrack:bt_0068,YOLO11l,tracker_seed_start,tracker_local_break,over_fragmentation,observation_layer_fragmentation_not_intrinsically_required,Canonical assignment from all selected observations in GM_RM019:AT0020; P1-D lifecycle context retained.,Build longer identity-pure multi-frame observation entities before global association.,Benchmark attribution; not a runtime split rule.
GM_RM019,GM_RM019:AT0019,125,141,17,GM_RM019:PV003,GM_RM019:GV004,YOLO11l:botsort:bs_0066;YOLO11l:bytetrack:bt_0077;YOLO26l:botsort:bs_0065;YOLO26l:bytetrack:bt_0068,YOLO11l,frame_gap_3,actual_detection_missing,over_fragmentation,observation_layer_fragmentation_not_intrinsically_required,Canonical assignment from all selected observations in GM_RM019:AT0019; P1-D lifecycle context retained.,Build longer identity-pure multi-frame observation entities before global association.,Benchmark attribution; not a runtime split rule.
GM_RM019,GM_RM019:AT0113,136,136,1,,,,YOLO26l,supplement_singleton,non_vehicle_contamination,,necessary_for_identity_purity,Canonical assignment from all selected observations in GM_RM019:AT0113; P1-D lifecycle context retained.,Build longer identity-pure multi-frame observation entities before global association.,Benchmark attribution; not a runtime split rule.
GM_RM019,GM_RM019:AT0114,137,137,1,,,YOLO26l:botsort:bs_0070;YOLO26l:bytetrack:bt_0075,YOLO11l,supplement_singleton,non_vehicle_contamination,,necessary_for_identity_purity,Canonical assignment from all selected observations in GM_RM019:AT0114; P1-D lifecycle context retained.,Build longer identity-pure multi-frame observation entities before global association.,Benchmark attribution; not a runtime split rule.
GM_RM019,GM_RM019:AT0038,137,143,7,GM_RM019:PV003,GM_RM019:GV005,YOLO11l:botsort:bs_0079;YOLO11l:bytetrack:bt_0091;YOLO26l:botsort:bs_0070;YOLO26l:bytetrack:bt_0075,YOLO26l,tracker_seed_start,tracker_local_break,over_fragmentation,observation_layer_fragmentation_not_intrinsically_required,Canonical assignment from all selected observations in GM_RM019:AT0038; P1-D lifecycle context retained.,Build longer identity-pure multi-frame observation entities before global association.,Benchmark attribution; not a runtime split rule.
GM_RM019,GM_RM019:AT0021,138,143,6,,,YOLO11l:botsort:bs_0079;YOLO11l:bytetrack:bt_0091;YOLO26l:botsort:bs_0070;YOLO26l:bytetrack:bt_0075,YOLO11l,tracker_seed_start,non_vehicle_contamination,,necessary_for_identity_purity,Canonical assignment from all selected observations in GM_RM019:AT0021; P1-D lifecycle context retained.,Build longer identity-pure multi-frame observation entities before global association.,Benchmark attribution; not a runtime split rule.
GM_RM019,GM_RM019:AT0115,145,148,3,,,,YOLO11l,local_high_confidence_continuity,non_vehicle_contamination,,necessary_for_identity_purity,Canonical assignment from all selected observations in GM_RM019:AT0115; P1-D lifecycle context retained.,Build longer identity-pure multi-frame observation entities before global association.,Benchmark attribution; not a runtime split rule.
GM_RM019,GM_RM019:AT0116,147,148,2,,,,YOLO26l,local_high_confidence_continuity,non_vehicle_contamination,,necessary_for_identity_purity,Canonical assignment from all selected observations in GM_RM019:AT0116; P1-D lifecycle context retained.,Build longer identity-pure multi-frame observation entities before global association.,Benchmark attribution; not a runtime split rule.
GM_RM019,GM_RM019:AT0022,149,173,23,,,YOLO11l:botsort:bs_0082;YOLO11l:bytetrack:bt_0095;YOLO26l:botsort:bs_0072;YOLO26l:botsort:bs_0074;YOLO26l:bytetrack:bt_0078;YOLO26l:bytetrack:bt_0080,YOLO11l,local_overlap_fragment_union,non_vehicle_contamination,,necessary_for_identity_purity,Canonical assignment from all selected observations in GM_RM019:AT0022; P1-D lifecycle context retained.,Build longer identity-pure multi-frame observation entities before global association.,Benchmark attribution; not a runtime split rule.
GM_RM019,GM_RM019:AT0039,149,183,35,GM_RM019:PV004,GM_RM019:GV006,YOLO11l:botsort:bs_0082;YOLO11l:bytetrack:bt_0095;YOLO26l:botsort:bs_0072;YOLO26l:botsort:bs_0074;YOLO26l:bytetrack:bt_0078;YOLO26l:bytetrack:bt_0080,YOLO26l,local_overlap_fragment_union,same_frame_multiple_box_competition,,observation_layer_fragmentation_not_intrinsically_required,Canonical assignment from all selected observations in GM_RM019:AT0039; P1-D lifecycle context retained.,Build longer identity-pure multi-frame observation entities before global association.,Benchmark attribution; not a runtime split rule.
GM_RM019,GM_RM019:AT0118,164,164,1,,,,YOLO11l,supplement_singleton,non_vehicle_contamination,,necessary_for_identity_purity,Canonical assignment from all selected observations in GM_RM019:AT0118; P1-D lifecycle context retained.,Build longer identity-pure multi-frame observation entities before global association.,Benchmark attribution; not a runtime split rule.
GM_RM019,GM_RM019:AT0119,164,167,4,,,,YOLO11l,local_high_confidence_continuity,non_vehicle_contamination,,necessary_for_identity_purity,Canonical assignment from all selected observations in GM_RM019:AT0119; P1-D lifecycle context retained.,Build longer identity-pure multi-frame observation entities before global association.,Benchmark attribution; not a runtime split rule.
GM_RM019,GM_RM019:AT0120,166,166,1,,,,YOLO26l,supplement_singleton,non_vehicle_contamination,,necessary_for_identity_purity,Canonical assignment from all selected observations in GM_RM019:AT0120; P1-D lifecycle context retained.,Build longer identity-pure multi-frame observation entities before global association.,Benchmark attribution; not a runtime split rule.
GM_RM019,GM_RM019:AT0121,166,167,2,,,,YOLO11l,local_high_confidence_continuity,non_vehicle_contamination,,necessary_for_identity_purity,Canonical assignment from all selected observations in GM_RM019:AT0121; P1-D lifecycle context retained.,Build longer identity-pure multi-frame observation entities before global association.,Benchmark attribution; not a runtime split rule.
GM_RM019,GM_RM019:AT0122,168,168,1,,,,YOLO26l,supplement_singleton,non_vehicle_contamination,,necessary_for_identity_purity,Canonical assignment from all selected observations in GM_RM019:AT0122; P1-D lifecycle context retained.,Build longer identity-pure multi-frame observation entities before global association.,Benchmark attribution; not a runtime split rule.
GM_RM019,GM_RM019:AT0123,168,168,1,,,,YOLO26l,supplement_singleton,non_vehicle_contamination,,necessary_for_identity_purity,Canonical assignment from all selected observations in GM_RM019:AT0123; P1-D lifecycle context retained.,Build longer identity-pure multi-frame observation entities before global association.,Benchmark attribution; not a runtime split rule.
GM_RM019,GM_RM019:AT0024,168,169,2,,,YOLO11l:botsort:bs_0094;YOLO11l:bytetrack:bt_0108,YOLO11l,tracker_seed_start,non_vehicle_contamination,,necessary_for_identity_purity,Canonical assignment from all selected observations in GM_RM019:AT0024; P1-D lifecycle context retained.,Build longer identity-pure multi-frame observation entities before global association.,Benchmark attribution; not a runtime split rule.
GM_RM019,GM_RM019:AT0023,171,182,12,,,YOLO11l:botsort:bs_0082;YOLO11l:bytetrack:bt_0095;YOLO26l:botsort:bs_0074;YOLO26l:bytetrack:bt_0078;YOLO26l:bytetrack:bt_0080,YOLO11l,frame_gap_7,non_vehicle_contamination,,necessary_for_identity_purity,Canonical assignment from all selected observations in GM_RM019:AT0023; P1-D lifecycle context retained.,Build longer identity-pure multi-frame observation entities before global association.,Benchmark attribution; not a runtime split rule.
GM_RM019,GM_RM019:AT0124,174,174,1,,,,YOLO11l,supplement_singleton,non_vehicle_contamination,,necessary_for_identity_purity,Canonical assignment from all selected observations in GM_RM019:AT0124; P1-D lifecycle context retained.,Build longer identity-pure multi-frame observation entities before global association.,Benchmark attribution; not a runtime split rule.
GM_RM019,GM_RM019:AT0125,174,174,1,,,,YOLO26l,supplement_singleton,non_vehicle_contamination,,necessary_for_identity_purity,Canonical assignment from all selected observations in GM_RM019:AT0125; P1-D lifecycle context retained.,Build longer identity-pure multi-frame observation entities before global association.,Benchmark attribution; not a runtime split rule.
GM_RM019,GM_RM019:AT0126,181,181,1,,,,YOLO11l,supplement_singleton,non_vehicle_contamination,,necessary_for_identity_purity,Canonical assignment from all selected observations in GM_RM019:AT0126; P1-D lifecycle context retained.,Build longer identity-pure multi-frame observation entities before global association.,Benchmark attribution; not a runtime split rule.
GM_RM019,GM_RM019:AT0127,183,183,1,,,YOLO26l:botsort:bs_0074,YOLO11l,supplement_singleton,non_vehicle_contamination,,necessary_for_identity_purity,Canonical assignment from all selected observations in GM_RM019:AT0127; P1-D lifecycle context retained.,Build longer identity-pure multi-frame observation entities before global association.,Benchmark attribution; not a runtime split rule.
GM_RM019,GM_RM019:AT0128,191,191,1,,,,YOLO26l,supplement_singleton,non_vehicle_contamination,,necessary_for_identity_purity,Canonical assignment from all selected observations in GM_RM019:AT0128; P1-D lifecycle context retained.,Build longer identity-pure multi-frame observation entities before global association.,Benchmark attribution; not a runtime split rule.
GM_RM019,GM_RM019:AT0129,220,220,1,,,,YOLO11l,supplement_singleton,non_vehicle_contamination,,necessary_for_identity_purity,Canonical assignment from all selected observations in GM_RM019:AT0129; P1-D lifecycle context retained.,Build longer identity-pure multi-frame observation entities before global association.,Benchmark attribution; not a runtime split rule.
GM_RM019,GM_RM019:AT0130,220,220,1,,,,YOLO26l,supplement_singleton,non_vehicle_contamination,,necessary_for_identity_purity,Canonical assignment from all selected observations in GM_RM019:AT0130; P1-D lifecycle context retained.,Build longer identity-pure multi-frame observation entities before global association.,Benchmark attribution; not a runtime split rule.
GM_RM019,GM_RM019:AT0131,255,255,1,,,,YOLO11l,supplement_singleton,non_vehicle_contamination,,necessary_for_identity_purity,Canonical assignment from all selected observations in GM_RM019:AT0131; P1-D lifecycle context retained.,Build longer identity-pure multi-frame observation entities before global association.,Benchmark attribution; not a runtime split rule.
GM_RM019,GM_RM019:AT0132,255,255,1,,,,YOLO26l,supplement_singleton,non_vehicle_contamination,,necessary_for_identity_purity,Canonical assignment from all selected observations in GM_RM019:AT0132; P1-D lifecycle context retained.,Build longer identity-pure multi-frame observation entities before global association.,Benchmark attribution; not a runtime split rule.
GM_RM019,GM_RM019:AT0133,256,258,3,,,,YOLO26l,local_high_confidence_continuity,non_vehicle_contamination,,necessary_for_identity_purity,Canonical assignment from all selected observations in GM_RM019:AT0133; P1-D lifecycle context retained.,Build longer identity-pure multi-frame observation entities before global association.,Benchmark attribution; not a runtime split rule.
GM_RM019,GM_RM019:AT0134,257,258,2,,,,YOLO11l,local_high_confidence_continuity,non_vehicle_contamination,,necessary_for_identity_purity,Canonical assignment from all selected observations in GM_RM019:AT0134; P1-D lifecycle context retained.,Build longer identity-pure multi-frame observation entities before global association.,Benchmark attribution; not a runtime split rule.
GM_RM019,GM_RM019:AT0135,263,263,1,,,,YOLO26l,supplement_singleton,non_vehicle_contamination,,necessary_for_identity_purity,Canonical assignment from all selected observations in GM_RM019:AT0135; P1-D lifecycle context retained.,Build longer identity-pure multi-frame observation entities before global association.,Benchmark attribution; not a runtime split rule.
GM_RM019,GM_RM019:AT0136,277,277,1,,,,YOLO26l,supplement_singleton,non_vehicle_contamination,,necessary_for_identity_purity,Canonical assignment from all selected observations in GM_RM019:AT0136; P1-D lifecycle context retained.,Build longer identity-pure multi-frame observation entities before global association.,Benchmark attribution; not a runtime split rule.
GM_RM019,GM_RM019:AT0137,284,284,1,,,,YOLO11l,supplement_singleton,non_vehicle_contamination,,necessary_for_identity_purity,Canonical assignment from all selected observations in GM_RM019:AT0137; P1-D lifecycle context retained.,Build longer identity-pure multi-frame observation entities before global association.,Benchmark attribution; not a runtime split rule.
GM_RM019,GM_RM019:AT0138,284,284,1,,,,YOLO26l,supplement_singleton,non_vehicle_contamination,,necessary_for_identity_purity,Canonical assignment from all selected observations in GM_RM019:AT0138; P1-D lifecycle context retained.,Build longer identity-pure multi-frame observation entities before global association.,Benchmark attribution; not a runtime split rule.
GM_RM019,GM_RM019:AT0139,308,308,1,,,,YOLO11l,supplement_singleton,non_vehicle_contamination,,necessary_for_identity_purity,Canonical assignment from all selected observations in GM_RM019:AT0139; P1-D lifecycle context retained.,Build longer identity-pure multi-frame observation entities before global association.,Benchmark attribution; not a runtime split rule.
GM_RM019,GM_RM019:AT0140,318,318,1,,,,YOLO26l,supplement_singleton,non_vehicle_contamination,,necessary_for_identity_purity,Canonical assignment from all selected observations in GM_RM019:AT0140; P1-D lifecycle context retained.,Build longer identity-pure multi-frame observation entities before global association.,Benchmark attribution; not a runtime split rule.
GM_RM019,GM_RM019:AT0141,318,319,2,,,,YOLO26l,local_high_confidence_continuity,non_vehicle_contamination,,necessary_for_identity_purity,Canonical assignment from all selected observations in GM_RM019:AT0141; P1-D lifecycle context retained.,Build longer identity-pure multi-frame observation entities before global association.,Benchmark attribution; not a runtime split rule.
GM_RM019,GM_RM019:AT0142,350,352,2,,,,YOLO11l,local_high_confidence_continuity,non_vehicle_contamination,,necessary_for_identity_purity,Canonical assignment from all selected observations in GM_RM019:AT0142; P1-D lifecycle context retained.,Build longer identity-pure multi-frame observation entities before global association.,Benchmark attribution; not a runtime split rule.
GM_RM019,GM_RM019:AT0143,357,357,1,,,,YOLO11l,supplement_singleton,non_vehicle_contamination,,necessary_for_identity_purity,Canonical assignment from all selected observations in GM_RM019:AT0143; P1-D lifecycle context retained.,Build longer identity-pure multi-frame observation entities before global association.,Benchmark attribution; not a runtime split rule.
