response_field_id,scene,canonical_vehicle_id,benchmark_role,input_tier,segment_id,sar_frame_index,sar_time_sec,source_gt_ids,source_gt_count,source_gt_quality_distribution,raw_anchor_center_x_px,raw_anchor_center_y_px,raw_anchor_width_px,raw_anchor_height_px,raw_anchor_angle_deg,smoothed_anchor_center_x_px,smoothed_anchor_center_y_px,smoothed_anchor_width_px,smoothed_anchor_height_px,smoothed_anchor_angle_deg,gt_center_spread_px,gt_size_spread_px,crop_expansion,raw_crop_polygon_global_px,smoothed_crop_polygon_global_px,global_roi_x1,global_roi_y1,global_roi_x2,global_roi_y2,radial_unit_x,radial_unit_y,tangential_unit_x,tangential_unit_y,raw_half_extent_radial_px,raw_half_extent_tangential_px,smoothed_half_extent_radial_px,smoothed_half_extent_tangential_px,thread_raw_p05,thread_raw_p50,thread_raw_p95,thread_raw_p99,local_background_median,local_background_mad,raw_min,raw_max,raw_mean,analysis_valid_mask_fraction,coordinate_inverse_error_px,raw_image_path,raw_image_sha256,low_threshold_component_count,multi_threshold_component_count,single_threshold_only_component_count,gt_is_vehicle_response_mask,lineage_status,notes
S1L-FIELD-GM_RM011-GM_RM011_PV001-000000,GM_RM011,GM_RM011:PV001,development,A,S0MV-GM_RM011-PV001-SEG01,0,0.000000000,GM_RM011|000000|GM_RM011|000000.png|000000.png|1|O1:car:0.95,1,usable:1,1140.347000,1244.238000,136.103000,69.358000,168.000000,1146.642000,1244.238000,136.103000,69.358000,172.000000,0.000000,0.000000,1.750000,"1030.168,1329.358;1271.410,1291.220;1250.526,1159.118;1009.284,1197.256","1030.553,1321.473;1274.124,1300.720;1262.731,1167.003;1019.160,1187.756",1005,1155,1280,1334,-0.156151,-0.987733,0.987733,-0.156151,38.211973,69.782226,38.343294,69.843732,0.000000,50.000000,108.000000,144.000000,33.000000,13.000000,0,244,38.733665,1.000000,0.000000,D:\profile\research\data\GM_RM011\GM_RM011_SARframes_gray\000000.png,7eb197d80a6deccc38bc0cc7ec47febe48e028a5febcd2046ba24a246522a75a,7,2,5,false,INDEX_ALIGNED_DISPLAY_DERIVATION_SUPPORTED,all original GT rows retained as anchor evidence; field reconstructed once per unique vehicle/frame
S1L-FIELD-GM_RM011-GM_RM011_PV001-000001,GM_RM011,GM_RM011:PV001,development,A,S0MV-GM_RM011-PV001-SEG01,1,0.020000000,GM_RM011|000001|GM_RM011|000001.png|000000.png|1|O1:car:0.95,1,usable:1,1146.642000,1243.802000,143.942000,75.440000,172.000000,1148.642000,1245.520000,135.022500,67.399000,176.000000,0.000000,0.000000,1.750000,"1023.866,1327.312;1281.723,1305.453;1269.418,1160.292;1011.561,1182.151","1034.084,1312.643;1270.715,1297.741;1263.200,1178.397;1026.569,1193.299",1007,1156,1287,1333,-0.084469,-0.996426,0.996426,-0.084469,41.623395,73.937755,34.165921,67.742827,0.000000,50.000000,108.000000,144.000000,37.000000,18.000000,0,241,42.685685,1.000000,0.000000,D:\profile\research\data\GM_RM011\GM_RM011_SARframes_gray\000001.png,6b98c3324940357e7f09d216ded2f82cedd3d01548ec54e3d4e64e4f5138fec6,13,2,11,false,INDEX_ALIGNED_DISPLAY_DERIVATION_SUPPORTED,all original GT rows retained as anchor evidence; field reconstructed once per unique vehicle/frame
S1L-FIELD-GM_RM011-GM_RM011_PV001-000003,GM_RM011,GM_RM011:PV001,development,A,S0MV-GM_RM011-PV001-SEG01,3,0.060000000,GM_RM011|000003|GM_RM011|000003.png|000001.png|1|O1:car:0.96,1,usable:1,1150.642000,1246.802000,133.942000,65.440000,0.000000,1150.642000,1246.802000,133.942000,65.440000,0.000000,0.000000,0.000000,1.750000,"1033.819,1313.440;1272.423,1303.878;1267.465,1180.164;1028.861,1189.726","1033.819,1313.440;1272.423,1303.878;1267.465,1180.164;1028.861,1189.726",1024,1176,1278,1319,-0.040040,-0.999198,0.999198,-0.040040,35.375277,68.227394,35.375277,68.227394,0.000000,50.000000,108.000000,144.000000,34.000000,8.000000,0,249,39.001980,1.000000,0.000000,D:\profile\research\data\GM_RM011\GM_RM011_SARframes_gray\000003.png,03df665dcc5f67c313c8ac51577b47cc1b97c52fd1b6ea1201656d6123ebe153,5,2,3,false,INDEX_ALIGNED_DISPLAY_DERIVATION_SUPPORTED,all original GT rows retained as anchor evidence; field reconstructed once per unique vehicle/frame
S1L-FIELD-GM_RM011-GM_RM011_PV001-000004,GM_RM011,GM_RM011:PV001,development,A,S0MV-GM_RM011-PV001-SEG01,4,0.080000000,GM_RM011|000004|GM_RM011|000004.png|000002.png|1|O1:car:0.96,1,usable:1,1151.642000,1247.802000,133.942000,65.440000,3.000000,1151.642000,1246.802000,133.942000,65.440000,1.000000,0.000000,0.000000,1.750000,"1032.145,1317.768;1274.927,1310.854;1271.139,1177.836;1028.357,1184.750","1033.762,1312.685;1273.041,1305.952;1269.522,1180.919;1030.243,1187.652",1024,1173,1280,1323,-0.028467,-0.999595,0.999595,-0.028467,38.020646,69.394307,35.737792,68.392501,0.000000,50.000000,108.000000,144.000000,34.000000,12.000000,0,255,38.532362,1.000000,0.000000,D:\profile\research\data\GM_RM011\GM_RM011_SARframes_gray\000004.png,1aaf4a9bc50115b2ae8a6a827611b0ed79130152ba8f7179b8d079646a1697a6,10,4,6,false,INDEX_ALIGNED_DISPLAY_DERIVATION_SUPPORTED,all original GT rows retained as anchor evidence; field reconstructed once per unique vehicle/frame
S1L-FIELD-GM_RM011-GM_RM011_PV001-000005,GM_RM011,GM_RM011:PV001,development,A,S0MV-GM_RM011-PV001-SEG01,5,0.100000000,GM_RM011|000005|GM_RM011|000005.png|000002.png|1|O1:car:0.96,1,usable:1,1151.642000,1246.802000,131.942000,63.440000,1.000000,1151.642000,1246.802000,133.942000,65.440000,1.000000,0.000000,0.000000,1.750000,"1035.537,1310.806;1271.162,1304.176;1267.747,1182.798;1032.122,1189.428","1033.762,1312.685;1273.041,1305.952;1269.522,1180.919;1030.243,1187.652",1026,1176,1279,1318,-0.028128,-0.999604,0.999604,-0.028128,34.693349,67.347939,35.737792,68.392501,0.000000,50.000000,108.000000,144.000000,36.000000,9.000000,0,255,40.502457,1.000000,0.000000,D:\profile\research\data\GM_RM011\GM_RM011_SARframes_gray\000005.png,3d6886153cb9df4474a260f0b49779d39a14c6ab0dd65703dd395de12ba85d3f,9,2,7,false,INDEX_ALIGNED_DISPLAY_DERIVATION_SUPPORTED,all original GT rows retained as anchor evidence; field reconstructed once per unique vehicle/frame
S1L-FIELD-GM_RM011-GM_RM011_PV001-000006,GM_RM011,GM_RM011:PV001,development,A,S0MV-GM_RM011-PV001-SEG01,6,0.120000000,GM_RM011|000006|GM_RM011|000006.png|000003.png|1|O1:car:0.96,1,usable:1,1152.642000,1247.802000,133.942000,63.440000,1.000000,1152.642000,1246.802000,133.942000,65.440000,1.000000,0.000000,0.000000,1.750000,"1034.622,1309.191;1272.612,1305.287;1270.662,1186.413;1032.672,1190.317","1034.589,1309.895;1272.677,1306.036;1270.695,1183.709;1032.607,1187.568",1028,1179,1278,1315,-0.016399,-0.999866,0.999866,-0.016399,33.968635,68.006293,34.955089,68.034185,0.000000,50.000000,108.000000,144.000000,37.000000,8.000000,0,245,40.966673,1.000000,0.000000,D:\profile\research\data\GM_RM011\GM_RM011_SARframes_gray\000006.png,e125904355d29dd8ae6feb6d5882cdcfdaf4b2b539579be2614203912dfc17fc,10,2,8,false,INDEX_ALIGNED_DISPLAY_DERIVATION_SUPPORTED,all original GT rows retained as anchor evidence; field reconstructed once per unique vehicle/frame
S1L-FIELD-GM_RM011-GM_RM011_PV001-000007,GM_RM011,GM_RM011:PV001,development,A,S0MV-GM_RM011-PV001-SEG01,7,0.140000000,GM_RM011|000007|GM_RM011|000007.png|000003.png|1|O1:car:0.96,1,usable:1,1152.642000,1246.802000,135.942000,65.440000,1.000000,1152.642000,1246.802000,135.942000,65.440000,1.000000,0.000000,0.000000,1.750000,"1032.841,1309.982;1274.427,1306.067;1272.443,1183.622;1030.857,1187.537","1032.841,1309.982;1274.427,1306.067;1272.443,1183.622;1030.857,1187.537",1026,1179,1280,1315,-0.016204,-0.999869,0.999869,-0.016204,34.988745,69.033649,34.988745,69.033649,0.000000,50.000000,108.000000,144.000000,38.000000,9.000000,0,255,42.987136,1.000000,0.000000,D:\profile\research\data\GM_RM011\GM_RM011_SARframes_gray\000007.png,78204cef8581b0c5ee081edba67c6dd7e80a892ed8f2131c64f8464bc94ed61f,9,3,6,false,INDEX_ALIGNED_DISPLAY_DERIVATION_SUPPORTED,all original GT rows retained as anchor evidence; field reconstructed once per unique vehicle/frame
S1L-FIELD-GM_RM011-GM_RM011_PV001-000008,GM_RM011,GM_RM011:PV001,development,A,S0MV-GM_RM011-PV001-SEG01,8,0.160000000,GM_RM011|000008|GM_RM011|000008.png|000004.png|1|O1:car:0.86,1,usable:1,1152.642000,1244.802000,137.942000,67.440000,1.000000,1152.642000,1244.802000,135.942000,65.440000,1.000000,0.000000,0.000000,1.750000,"1031.058,1309.728;1276.219,1305.847;1274.226,1179.876;1029.065,1183.757","1032.837,1307.892;1274.384,1304.069;1272.447,1181.712;1030.900,1185.535",1025,1175,1282,1315,-0.015826,-0.999875,0.999875,-0.015826,35.996255,70.054790,34.963502,69.022157,0.000000,50.000000,108.000000,144.000000,41.000000,12.000000,0,250,46.145184,1.000000,0.000000,D:\profile\research\data\GM_RM011\GM_RM011_SARframes_gray\000008.png,e809b55e54015d1460fd096749bdf47528b7839b069d9caee781ed03ffe73160,7,5,2,false,INDEX_ALIGNED_DISPLAY_DERIVATION_SUPPORTED,all original GT rows retained as anchor evidence; field reconstructed once per unique vehicle/frame
S1L-FIELD-GM_RM011-GM_RM011_PV001-000009,GM_RM011,GM_RM011:PV001,development,A,S0MV-GM_RM011-PV001-SEG01,9,0.180000000,GM_RM011|000009|GM_RM011|000009.png|000004.png|1|O1:car:0.86,1,usable:1,1152.642000,1244.802000,137.942000,67.440000,1.000000,1152.642000,1244.802000,135.942000,65.440000,1.000000,0.000000,0.000000,1.750000,"1031.058,1309.728;1276.219,1305.847;1274.226,1179.876;1029.065,1183.757","1032.837,1307.892;1274.384,1304.069;1272.447,1181.712;1030.900,1185.535",1025,1175,1282,1315,-0.015826,-0.999875,0.999875,-0.015826,35.996255,70.054790,34.963502,69.022157,0.000000,50.000000,108.000000,144.000000,40.000000,10.000000,0,255,45.277504,1.000000,0.000000,D:\profile\research\data\GM_RM011\GM_RM011_SARframes_gray\000009.png,39365a4eff7df04aa5924a74cfd5ed57dd49d3883b0649e93f6776af942533bd,10,4,6,false,INDEX_ALIGNED_DISPLAY_DERIVATION_SUPPORTED,all original GT rows retained as anchor evidence; field reconstructed once per unique vehicle/frame
S1L-FIELD-GM_RM011-GM_RM011_PV001-000010,GM_RM011,GM_RM011:PV001,development,A,S0MV-GM_RM011-PV001-SEG01,10,0.200000000,GM_RM011|000010|GM_RM011|000010.png|000005.png|1|O1:car:0.84,1,gold:1,1149.642000,1243.802000,129.942000,63.440000,172.000000,1151.009500,1244.802000,129.942000,63.440000,172.000000,0.000000,0.000000,1.750000,"1034.869,1315.093;1270.979,1303.238;1264.415,1172.511;1028.305,1184.366","1034.537,1316.000;1272.156,1307.718;1267.482,1173.604;1029.863,1181.886",1024,1168,1278,1322,-0.050145,-0.998742,0.998742,-0.050145,37.397678,67.545129,38.341546,67.932390,0.000000,50.000000,108.000000,144.000000,37.000000,11.000000,0,243,41.776366,1.000000,0.000000,D:\profile\research\data\GM_RM011\GM_RM011_SARframes_gray\000010.png,2f93cd7a0f23bc739ef7e2e05eb8bf09018d4b36a119669218b06b0ee804fa28,9,6,3,false,INDEX_ALIGNED_DISPLAY_DERIVATION_SUPPORTED,all original GT rows retained as anchor evidence; field reconstructed once per unique vehicle/frame
S1L-FIELD-GM_RM011-GM_RM011_PV001-000011,GM_RM011,GM_RM011:PV001,development,A,S0MV-GM_RM011-PV001-SEG01,11,0.220000000,GM_RM011|000011|GM_RM011|000011.png|000005.png|1|O1:car:0.84,1,gold:1,1148.642000,1245.802000,129.942000,63.440000,172.000000,1151.009500,1244.802000,129.942000,63.440000,172.000000,0.000000,0.000000,1.750000,"1035.304,1317.131;1270.057,1302.298;1261.980,1174.473;1027.227,1189.306","1034.537,1316.000;1272.156,1307.718;1267.482,1173.604;1029.863,1181.886",1023,1169,1278,1323,-0.063060,-0.998010,0.998010,-0.063060,36.594177,67.205909,38.341546,67.932390,0.000000,50.000000,108.000000,144.000000,45.000000,13.000000,0,251,50.038298,1.000000,0.000000,D:\profile\research\data\GM_RM011\GM_RM011_SARframes_gray\000011.png,b9542c1e7711e0a2098feea35c3d7cefbf92a5f2829e279f8d7d169b7b3172bf,13,5,8,false,INDEX_ALIGNED_DISPLAY_DERIVATION_SUPPORTED,all original GT rows retained as anchor evidence; field reconstructed once per unique vehicle/frame
S1L-FIELD-GM_RM011-GM_RM011_PV001-000012,GM_RM011,GM_RM011:PV001,development,A,S0MV-GM_RM011-PV001-SEG01,12,0.240000000,GM_RM011|000012|GM_RM011|000012.png|000006.png|1|O1:car:0.21;GM_RM011|000012|GM_RM011|000012.png|000006.png|2|O2:car:0.76,2,usable:2,1151.009500,1245.183500,129.137500,63.143500,169.500000,1151.009500,1245.183500,129.942000,63.440000,170.000000,2.118867,0.857399,1.750000,"1033.662,1320.672;1273.350,1312.280;1268.357,1169.695;1028.669,1178.087","1033.245,1320.134;1273.727,1311.715;1268.774,1170.233;1028.292,1178.652",1024,1165,1279,1326,-0.034989,-0.999388,0.999388,-0.034989,40.763553,68.524246,40.448228,68.751287,0.000000,50.000000,108.000000,144.000000,48.000000,21.000000,0,255,54.271543,1.000000,0.000000,D:\profile\research\data\GM_RM011\GM_RM011_SARframes_gray\000012.png,a8da5aa3b483239b3ee76ca5b30c48979acc6f242ee27a9b7030856b5df54f45,15,6,9,false,INDEX_ALIGNED_DISPLAY_DERIVATION_SUPPORTED,all original GT rows retained as anchor evidence; field reconstructed once per unique vehicle/frame
S1L-FIELD-GM_RM011-GM_RM011_PV001-000013,GM_RM011,GM_RM011:PV001,development,A,S0MV-GM_RM011-PV001-SEG01,13,0.260000000,GM_RM011|000013|GM_RM011|000013.png|000006.png|1|O1:car:0.21;GM_RM011|000013|GM_RM011|000013.png|000006.png|2|O2:car:0.76,2,usable:2,1152.009500,1244.183500,131.637500,66.643500,170.000000,1152.009500,1245.802000,131.637500,64.143500,169.500000,2.409688,4.109031,1.750000,"1031.105,1322.017;1276.369,1316.368;1272.914,1166.350;1027.650,1171.999","1031.128,1322.397;1276.352,1316.641;1272.891,1169.207;1027.667,1174.963",1023,1162,1282,1328,-0.023028,-0.999735,0.999735,-0.023028,42.873784,70.093927,42.135644,70.083199,0.000000,50.000000,108.000000,144.000000,46.000000,23.000000,0,249,51.623200,1.000000,0.000000,D:\profile\research\data\GM_RM011\GM_RM011_SARframes_gray\000013.png,a5f624965a1b7c10553480904b00d9b7b16b6e1987303e114182eff9ce8c9401,11,6,5,false,INDEX_ALIGNED_DISPLAY_DERIVATION_SUPPORTED,all original GT rows retained as anchor evidence; field reconstructed once per unique vehicle/frame
S1L-FIELD-GM_RM011-GM_RM011_PV001-000014,GM_RM011,GM_RM011:PV001,development,A,S0MV-GM_RM011-PV001-SEG01,14,0.280000000,GM_RM011|000014|GM_RM011|000014.png|000007.png|1|O1:car:0.76;GM_RM011|000014|GM_RM011|000014.png|000007.png|2|O2:car:0.31,2,usable:2,1152.009500,1247.683500,131.637500,64.143500,168.000000,1152.009500,1247.683500,131.637500,64.143500,169.500000,0.386133,3.761866,1.750000,"1030.322,1327.027;1277.364,1321.097;1273.697,1168.340;1026.655,1174.270","1031.187,1324.287;1276.368,1318.401;1272.832,1171.080;1027.651,1176.966",1022,1164,1283,1333,-0.023999,-0.999712,0.999712,-0.023999,43.657299,70.603684,42.103788,70.071909,0.000000,50.000000,108.000000,144.000000,46.000000,32.000000,0,255,50.853703,1.000000,0.000000,D:\profile\research\data\GM_RM011\GM_RM011_SARframes_gray\000014.png,094f604a0725f7f9ca8892780e64b06862a4858ee6111bfb8c239b8bde0b6bee,10,6,4,false,INDEX_ALIGNED_DISPLAY_DERIVATION_SUPPORTED,all original GT rows retained as anchor evidence; field reconstructed once per unique vehicle/frame
S1L-FIELD-GM_RM011-GM_RM011_PV001-000015,GM_RM011,GM_RM011:PV001,development,A,S0MV-GM_RM011-PV001-SEG01,15,0.300000000,GM_RM011|000015|GM_RM011|000015.png|000007.png|1|O1:car:0.76;GM_RM011|000015|GM_RM011|000015.png|000007.png|2|O2:car:0.31,2,usable:2,1152.009500,1247.683500,131.637500,64.143500,168.000000,1152.009500,1247.683500,131.637500,64.143500,170.000000,0.386133,3.761866,1.750000,"1030.322,1327.027;1277.364,1321.097;1273.697,1168.340;1026.655,1174.270","1031.494,1323.362;1276.018,1317.492;1272.525,1172.005;1028.001,1177.875",1022,1164,1283,1333,-0.023999,-0.999712,0.999712,-0.023999,43.657299,70.603684,41.579491,69.884104,0.000000,50.000000,108.000000,144.000000,40.000000,26.000000,0,244,43.842895,1.000000,0.000000,D:\profile\research\data\GM_RM011\GM_RM011_SARframes_gray\000015.png,b00d3e87ff1a4377abc7b8fa2cb6314eff1aa984b7b8eeecc0b9cc1700a6296c,13,5,8,false,INDEX_ALIGNED_DISPLAY_DERIVATION_SUPPORTED,all original GT rows retained as anchor evidence; field reconstructed once per unique vehicle/frame
S1L-FIELD-GM_RM011-GM_RM011_PV001-000016,GM_RM011,GM_RM011:PV001,development,A,S0MV-GM_RM011-PV001-SEG01,16,0.320000000,GM_RM011|000016|GM_RM011|000016.png|000008.png|1|O1:car:0.36;GM_RM011|000016|GM_RM011|000016.png|000008.png|2|O2:car:0.72,2,usable:2,1155.509500,1249.183500,131.637500,64.143500,170.000000,1155.509500,1248.565000,131.637500,64.143500,170.000000,0.632533,3.761866,1.750000,"1030.288,1324.058;1277.869,1328.649;1280.731,1174.309;1033.150,1169.718","1030.304,1323.443;1277.876,1327.999;1280.715,1173.687;1033.143,1169.131",1026,1165,1286,1334,0.018537,-0.999828,0.999828,0.018537,44.104759,70.749609,44.096622,70.746975,0.000000,50.000000,108.000000,144.000000,41.000000,31.000000,0,253,45.235274,1.000000,0.000000,D:\profile\research\data\GM_RM011\GM_RM011_SARframes_gray\000016.png,10f7e8cc3a566ee563a1bba8494bc8ca36ccadcb571d25293cf7201d48c09049,16,7,9,false,INDEX_ALIGNED_DISPLAY_DERIVATION_SUPPORTED,all original GT rows retained as anchor evidence; field reconstructed once per unique vehicle/frame
S1L-FIELD-GM_RM011-GM_RM011_PV001-000017,GM_RM011,GM_RM011:PV001,development,A,S0MV-GM_RM011-PV001-SEG01,17,0.340000000,GM_RM011|000017|gm_rm011_00013;GM_RM011|000017|GM_RM011|000017.png|000008.png|1|O1:car:0.36;GM_RM011|000017|GM_RM011|000017.png|000008.png|2|O2:car:0.72,3,usable:3,1156.377000,1248.565000,130.160000,64.847000,170.666546,1156.377000,1248.683500,131.637500,64.847000,170.666546,5.038151,5.173000,1.750000,"1031.566,1322.399;1276.703,1329.502;1281.188,1174.731;1036.051,1167.628","1030.286,1322.726;1277.963,1329.913;1282.468,1174.641;1034.791,1167.454",1026,1163,1288,1334,0.028963,-0.999580,0.999580,0.028963,44.238831,70.068668,44.382063,70.794705,0.000000,50.000000,108.000000,144.000000,40.000000,31.000000,0,255,44.328718,1.000000,0.000000,D:\profile\research\data\GM_RM011\GM_RM011_SARframes_gray\000017.png,dd022e9b80945618b7fb0011e5929f0b4904b6e00e410fc3a09f6c682044614f,17,7,10,false,INDEX_ALIGNED_DISPLAY_DERIVATION_SUPPORTED,all original GT rows retained as anchor evidence; field reconstructed once per unique vehicle/frame
S1L-FIELD-GM_RM011-GM_RM011_PV001-000018,GM_RM011,GM_RM011:PV001,development,A,S0MV-GM_RM011-PV001-SEG01,18,0.360000000,GM_RM011|000018|GM_RM011|000018.png|000009.png|1|O1:car:0.66;GM_RM011|000018|GM_RM011|000018.png|000009.png|2|O2:car:0.51,2,usable:2,1165.009500,1248.683500,132.637500,65.143500,173.500000,1165.009500,1249.183500,132.080000,65.143500,172.667089,1.372625,2.711758,1.750000,"1028.521,1314.742;1279.213,1348.435;1301.498,1182.625;1050.806,1148.932","1028.356,1316.506;1278.875,1350.382;1301.663,1181.861;1051.144,1147.985",1024,1143,1307,1334,0.133201,-0.991089,0.991089,0.133201,47.800444,72.270422,48.587098,72.228407,0.000000,50.000000,108.000000,144.000000,43.000000,32.000000,0,250,45.646091,0.989848,0.000000,D:\profile\research\data\GM_RM011\GM_RM011_SARframes_gray\000018.png,8204e4fcca53e2465d7030d131012a45ee63659c1063b4ee83f7183af64baf2c,20,9,11,false,INDEX_ALIGNED_DISPLAY_DERIVATION_SUPPORTED,all original GT rows retained as anchor evidence; field reconstructed once per unique vehicle/frame
S1L-FIELD-GM_RM011-GM_RM011_PV001-000019,GM_RM011,GM_RM011:PV001,development,A,S0MV-GM_RM011-PV001-SEG01,19,0.380000000,GM_RM011|000019|gm_rm011_00014;GM_RM011|000019|GM_RM011|000019.png|000009.png|1|O1:car:0.66;GM_RM011|000019|GM_RM011|000019.png|000009.png|2|O2:car:0.51,3,usable:3,1166.377000,1249.802000,132.080000,65.440000,172.667089,1166.377000,1249.565000,132.080000,65.143500,173.500000,5.438159,3.306608,1.750000,"1027.779,1316.552;1278.638,1354.980;1304.975,1183.052;1054.116,1144.624","1028.485,1314.774;1278.516,1352.963;1304.269,1184.356;1054.238,1146.167",1023,1140,1310,1334,0.151418,-0.988470,0.988470,0.151418,49.695517,72.510278,48.731985,72.265798,0.000000,50.000000,108.000000,144.000000,48.000000,38.000000,0,253,51.605885,0.988919,0.000000,D:\profile\research\data\GM_RM011\GM_RM011_SARframes_gray\000019.png,edecddc6049e1ddce63bd5b4bd99c945e41007de5fe215f637e6e0b044eaef7d,17,7,10,false,INDEX_ALIGNED_DISPLAY_DERIVATION_SUPPORTED,all original GT rows retained as anchor evidence; field reconstructed once per unique vehicle/frame
S1L-FIELD-GM_RM011-GM_RM011_PV001-000020,GM_RM011,GM_RM011:PV001,development,A,S0MV-GM_RM011-PV001-SEG01,20,0.400000000,GM_RM011|000020|GM_RM011|000020.png|000010.png|1|O1:car:0.65;GM_RM011|000020|GM_RM011|000020.png|000010.png|2|O2:car:0.45,2,usable:2,1167.009500,1249.683500,132.637500,65.143500,174.000000,1167.009500,1249.683500,132.637500,65.143500,173.666546,0.643505,2.711758,1.750000,"1028.161,1313.779;1278.770,1354.071;1305.858,1185.588;1055.249,1145.296","1027.931,1314.313;1278.821,1354.650;1306.088,1185.054;1055.198,1144.717",1023,1140,1312,1334,0.158738,-0.987321,0.987321,0.158738,48.756177,72.522332,49.078346,72.603302,0.000000,50.000000,108.000000,144.000000,51.000000,37.000000,0,249,53.594193,0.989584,0.000000,D:\profile\research\data\GM_RM011\GM_RM011_SARframes_gray\000020.png,bfd1ca3ae964522a6b2a5c74b3a5ef6ecca3605fbb406978e653675e9d46c857,15,6,9,false,INDEX_ALIGNED_DISPLAY_DERIVATION_SUPPORTED,all original GT rows retained as anchor evidence; field reconstructed once per unique vehicle/frame
S1L-FIELD-GM_RM011-GM_RM011_PV001-000021,GM_RM011,GM_RM011:PV001,development,A,S0MV-GM_RM011-PV001-SEG01,21,0.420000000,GM_RM011|000021|gm_rm011_00015;GM_RM011|000021|GM_RM011|000021.png|000010.png|1|O1:car:0.65;GM_RM011|000021|GM_RM011|000021.png|000010.png|2|O2:car:0.45,3,usable:3,1169.642000,1249.565000,131.080000,65.440000,173.666546,1168.377000,1249.802000,132.080000,65.143500,173.666546,3.314264,5.080000,1.750000,"1028.603,1312.688;1277.055,1360.647;1310.681,1186.442;1062.229,1138.483","1028.068,1313.557;1278.082,1358.044;1308.686,1186.047;1058.672,1141.560",1024,1134,1316,1334,0.189529,-0.981875,0.981875,0.189529,50.691650,72.296721,49.913993,72.554553,0.000000,50.000000,108.000000,144.000000,55.000000,40.000000,0,248,58.307621,0.989156,0.000000,D:\profile\research\data\GM_RM011\GM_RM011_SARframes_gray\000021.png,6177064c9a336c2903e21f12304204211ae0370f623fee13add89b64f1ae6376,14,8,6,false,INDEX_ALIGNED_DISPLAY_DERIVATION_SUPPORTED,all original GT rows retained as anchor evidence; field reconstructed once per unique vehicle/frame
S1L-FIELD-GM_RM011-GM_RM011_PV001-000022,GM_RM011,GM_RM011:PV001,development,A,S0MV-GM_RM011-PV001-SEG01,22,0.440000000,GM_RM011|000022|GM_RM011|000022.png|000011.png|1|O1:car:0.47;GM_RM011|000022|GM_RM011|000022.png|000011.png|2|O2:car:0.65,2,usable:2,1169.509500,1250.183500,132.637500,65.143500,174.000000,1169.009500,1250.183500,132.637500,65.143500,174.000000,1.195031,2.711758,1.750000,"1027.474,1312.721;1278.099,1361.058;1311.545,1187.646;1060.920,1139.309","1027.581,1313.037;1278.242,1359.822;1310.438,1187.330;1059.777,1140.545",1023,1135,1317,1334,0.189375,-0.981905,0.981905,0.189375,50.459531,72.926726,50.134712,72.854203,0.000000,50.000000,108.000000,144.000000,58.000000,43.000000,0,250,60.835967,0.988946,0.000000,D:\profile\research\data\GM_RM011\GM_RM011_SARframes_gray\000022.png,2d01b9ef7fa846a15aff025d74727026e381dae78c853223e6290cb194c07384,10,7,3,false,INDEX_ALIGNED_DISPLAY_DERIVATION_SUPPORTED,all original GT rows retained as anchor evidence; field reconstructed once per unique vehicle/frame
S1L-FIELD-GM_RM011-GM_RM011_PV001-000023,GM_RM011,GM_RM011:PV001,development,A,S0MV-GM_RM011-PV001-SEG01,23,0.460000000,GM_RM011|000023|gm_rm011_00016;GM_RM011|000023|GM_RM011|000023.png|000011.png|1|O1:car:0.47;GM_RM011|000023|GM_RM011|000023.png|000011.png|2|O2:car:0.65,3,usable:3,1168.377000,1250.461000,129.942000,64.847000,173.666546,1169.509500,1250.183500,131.080000,65.143500,173.666546,1.739000,5.391000,1.750000,"1029.899,1313.706;1276.234,1357.899;1306.855,1187.216;1060.520,1143.023","1028.609,1313.087;1276.911,1360.975;1310.410,1187.280;1062.108,1139.392",1024,1135,1316,1334,0.176582,-0.984286,0.984286,0.176582,49.544943,71.505197,50.541742,72.250874,0.000000,50.000000,108.000000,144.000000,55.000000,40.000000,0,253,58.446333,0.989018,0.000000,D:\profile\research\data\GM_RM011\GM_RM011_SARframes_gray\000023.png,2e2159567205880f35c6ae3ede4196dc99d48e54474ef2ba44daf6e25acb6d8a,15,7,8,false,INDEX_ALIGNED_DISPLAY_DERIVATION_SUPPORTED,all original GT rows retained as anchor evidence; field reconstructed once per unique vehicle/frame
S1L-FIELD-GM_RM011-GM_RM011_PV001-000024,GM_RM011,GM_RM011:PV001,development,A,S0MV-GM_RM011-PV001-SEG01,24,0.480000000,GM_RM011|000024|GM_RM011|000024.png|000012.png|1|O1:car:0.63;GM_RM011|000024|GM_RM011|000024.png|000012.png|2|O2:car:0.39,2,usable:2,1169.009500,1250.183500,132.637500,65.143500,174.000000,1169.009500,1250.183500,130.637500,65.143500,173.666546,0.738646,2.711758,1.750000,"1027.581,1313.037;1278.242,1359.822;1310.438,1187.330;1059.777,1140.545","1029.099,1313.363;1276.710,1359.579;1308.920,1187.004;1061.309,1140.788",1023,1136,1316,1334,0.183478,-0.983024,0.983024,0.183478,50.134712,72.854203,50.158793,71.967769,0.000000,50.000000,108.000000,144.000000,47.000000,36.000000,0,250,50.253719,0.989076,0.000000,D:\profile\research\data\GM_RM011\GM_RM011_SARframes_gray\000024.png,518ec76e992aaa75bc2be19c47f2ab1b8963eb301581abb52067a670f86cbe8a,20,11,9,false,INDEX_ALIGNED_DISPLAY_DERIVATION_SUPPORTED,all original GT rows retained as anchor evidence; field reconstructed once per unique vehicle/frame
S1L-FIELD-GM_RM011-GM_RM011_PV001-000025,GM_RM011,GM_RM011:PV001,development,A,S0MV-GM_RM011-PV001-SEG01,25,0.500000000,GM_RM011|000025|gm_rm011_00017;GM_RM011|000025|GM_RM011|000025.png|000012.png|1|O1:car:0.63;GM_RM011|000025|GM_RM011|000025.png|000012.png|2|O2:car:0.39,3,usable:3,1169.642000,1249.565000,129.942000,65.440000,173.666546,1169.009500,1249.683500,129.942000,65.143500,173.666546,1.918110,5.423516,1.750000,"1029.592,1312.579;1276.177,1360.176;1309.692,1186.551;1063.107,1138.954","1029.816,1312.855;1276.287,1358.573;1308.203,1186.512;1061.732,1140.794",1025,1134,1315,1334,0.189529,-0.981875,0.981875,0.189529,50.522855,71.753312,49.998939,71.621365,0.000000,50.000000,108.000000,144.000000,44.000000,31.000000,0,251,46.219592,0.989145,0.000000,D:\profile\research\data\GM_RM011\GM_RM011_SARframes_gray\000025.png,6c6d06d102539dde81c8fcb4a53b924fc0b19a2e7f2f97f23e989522bd8845a0,22,9,13,false,INDEX_ALIGNED_DISPLAY_DERIVATION_SUPPORTED,all original GT rows retained as anchor evidence; field reconstructed once per unique vehicle/frame
S1L-FIELD-GM_RM011-GM_RM011_PV001-000026,GM_RM011,GM_RM011:PV001,development,A,S0MV-GM_RM011-PV001-SEG01,26,0.520000000,GM_RM011|000026|GM_RM011|000026.png|000012.png|1|O1:car:0.63;GM_RM011|000026|GM_RM011|000026.png|000012.png|2|O2:car:0.39,2,usable:2,1168.509500,1249.683500,130.637500,64.143500,173.000000,1169.614500,1249.565000,129.942000,65.143500,173.000000,0.177760,1.471269,1.750000,"1029.284,1313.474;1276.896,1357.874;1307.735,1185.893;1060.123,1141.493","1029.291,1313.365;1276.184,1360.939;1309.938,1185.765;1063.045,1138.191",1025,1134,1315,1334,0.176499,-0.984301,0.984301,0.176499,49.921212,71.874769,50.970358,71.838421,0.000000,50.000000,108.000000,144.000000,47.000000,34.000000,0,253,50.156627,0.989075,0.000000,D:\profile\research\data\GM_RM011\GM_RM011_SARframes_gray\000026.png,c4fee02c79cacf1f386ce3c592d2dbfdadd346b2a0016b1b7f724756c16041c2,23,9,14,false,INDEX_ALIGNED_DISPLAY_DERIVATION_SUPPORTED,all original GT rows retained as anchor evidence; field reconstructed once per unique vehicle/frame
S1L-FIELD-GM_RM011-GM_RM011_PV001-000027,GM_RM011,GM_RM011:PV001,development,A,S0MV-GM_RM011-PV001-SEG01,27,0.540000000,GM_RM011|000027|gm_rm011_00018;GM_RM011|000027|GM_RM011|000027.png|000013.png|1|O1:car:0.63,2,usable:2,1169.614500,1249.003000,128.371000,65.733500,170.000000,1169.642000,1249.003000,129.942000,64.389500,170.000000,0.202872,2.333277,1.750000,"1028.802,1317.462;1275.204,1364.614;1310.427,1180.544;1064.025,1133.392","1028.061,1316.680;1276.158,1364.240;1311.223,1181.326;1063.126,1133.766",1024,1129,1317,1334,0.187951,-0.982178,0.982178,0.187951,53.545508,71.678027,53.212828,72.175455,0.000000,50.000000,108.000000,144.000000,47.000000,33.000000,0,248,49.661278,0.988054,0.000000,D:\profile\research\data\GM_RM011\GM_RM011_SARframes_gray\000027.png,57dfcd68f8a01c077c12074feaacbda4f8728db0ad16aeebf3b603eb9d85606d,24,9,15,false,INDEX_ALIGNED_DISPLAY_DERIVATION_SUPPORTED,all original GT rows retained as anchor evidence; field reconstructed once per unique vehicle/frame
S1L-FIELD-GM_RM011-GM_RM011_PV001-000028,GM_RM011,GM_RM011:PV001,development,A,S0MV-GM_RM011-PV001-SEG01,28,0.560000000,GM_RM011|000028|GM_RM011|000028.png|000013.png|1|O1:car:0.63,1,usable:1,1172.642000,1248.802000,127.942000,63.440000,167.000000,1170.642000,1248.802000,128.371000,64.143500,167.000000,0.000000,0.000000,1.750000,"1028.872,1317.321;1272.526,1372.850;1316.412,1180.283;1072.758,1124.754","1028.206,1319.476;1274.140,1369.512;1313.078,1178.128;1067.144,1128.092",1024,1120,1322,1334,0.222205,-0.975000,0.975000,0.222205,56.429760,71.400346,55.801352,71.706290,0.000000,50.000000,108.000000,144.000000,52.000000,33.000000,0,253,54.069305,0.987548,0.000000,D:\profile\research\data\GM_RM011\GM_RM011_SARframes_gray\000028.png,c4ef8df91a3f905fe98931f1256d8d5ca1486497d9fc75dffbb92cb63e6f3985,20,8,12,false,INDEX_ALIGNED_DISPLAY_DERIVATION_SUPPORTED,all original GT rows retained as anchor evidence; field reconstructed once per unique vehicle/frame
S1L-FIELD-GM_RM011-GM_RM011_PV001-000029,GM_RM011,GM_RM011:PV001,development,A,S0MV-GM_RM011-PV001-SEG01,29,0.580000000,GM_RM011|000029|gm_rm011_00019;GM_RM011|000029|GM_RM011|000029.png|000014.png|1|O1:car:0.69,2,usable:2,1172.534500,1248.520000,130.331000,64.389500,167.000000,1172.534500,1248.520000,128.371000,64.200000,167.000000,0.935992,2.570773,1.750000,"1026.384,1318.297;1274.520,1374.329;1318.685,1178.743;1070.549,1122.711","1028.158,1317.781;1273.139,1373.101;1316.911,1179.259;1071.930,1123.939",1022,1118,1324,1334,0.220264,-0.975440,0.975440,0.220264,57.288809,72.681042,56.777962,71.757026,0.000000,50.000000,108.000000,144.000000,54.000000,35.000000,0,255,56.259855,0.987439,0.000000,D:\profile\research\data\GM_RM011\GM_RM011_SARframes_gray\000029.png,395be5ab569e4e0825887c52371bfb9c05b012b3b678a10d1913edbb0dd2316d,15,7,8,false,INDEX_ALIGNED_DISPLAY_DERIVATION_SUPPORTED,all original GT rows retained as anchor evidence; field reconstructed once per unique vehicle/frame
S1L-FIELD-GM_RM011-GM_RM011_PV001-000030,GM_RM011,GM_RM011:PV001,development,A,S0MV-GM_RM011-PV001-SEG01,30,0.600000000,GM_RM011|000030|GM_RM011|000030.png|000014.png|1|O1:car:0.69,1,usable:1,1170.642000,1247.802000,127.942000,63.440000,167.000000,1172.642000,1248.520000,127.942000,63.440000,167.000000,0.000000,0.000000,1.750000,"1029.146,1318.047;1274.008,1367.263;1312.138,1177.557;1067.276,1128.341","1028.936,1317.090;1272.630,1372.438;1316.348,1179.950;1072.654,1124.602",1024,1120,1322,1334,0.197054,-0.980393,0.980393,0.197054,55.285796,71.359550,56.397190,71.399826,0.000000,50.000000,108.000000,144.000000,55.000000,38.000000,0,252,57.779694,0.987799,0.000000,D:\profile\research\data\GM_RM011\GM_RM011_SARframes_gray\000030.png,5bf6abdeb1281d47af3f5c98ec1c24eff43c0390dc124c928c7face161f9da2d,17,8,9,false,INDEX_ALIGNED_DISPLAY_DERIVATION_SUPPORTED,all original GT rows retained as anchor evidence; field reconstructed once per unique vehicle/frame
S1L-FIELD-GM_RM011-GM_RM011_PV001-000031,GM_RM011,GM_RM011:PV001,development,A,S0MV-GM_RM011-PV001-SEG01,31,0.620000000,GM_RM011|000031|gm_rm011_00020;GM_RM011|000031|GM_RM011|000031.png|000015.png|1|O1:car:0.56,2,usable:2,1173.007500,1247.760000,129.537500,64.200000,162.500000,1172.642000,1247.802000,127.942000,63.440000,165.000000,1.717660,1.767263,1.750000,"1026.350,1322.695;1272.328,1379.135;1319.665,1172.825;1073.687,1116.385","1028.547,1319.064;1272.292,1373.943;1316.737,1176.540;1072.992,1121.661",1022,1112,1325,1334,0.223637,-0.974673,0.974673,0.223637,60.477505,72.105628,57.812731,71.384664,0.000000,50.000000,108.000000,144.000000,59.000000,36.000000,0,246,61.081704,0.986545,0.000000,D:\profile\research\data\GM_RM011\GM_RM011_SARframes_gray\000031.png,289d5a1b43d747855dd47b0c4af77350e41aef139e5b87ac83144f5a1337ee96,18,10,8,false,INDEX_ALIGNED_DISPLAY_DERIVATION_SUPPORTED,all original GT rows retained as anchor evidence; field reconstructed once per unique vehicle/frame
S1L-FIELD-GM_RM011-GM_RM011_PV001-000032,GM_RM011,GM_RM011:PV001,development,A,S0MV-GM_RM011-PV001-SEG01,32,0.640000000,GM_RM011|000032|GM_RM011|000032.png|000015.png|1|O1:car:0.56,1,usable:1,1172.642000,1248.802000,127.942000,63.440000,165.000000,1173.007500,1247.760000,127.942000,63.440000,162.500000,0.000000,0.000000,1.750000,"1028.326,1319.875;1271.911,1375.389;1316.958,1177.729;1073.373,1122.215","1028.138,1321.792;1271.112,1377.542;1317.877,1173.728;1074.903,1117.978",1024,1113,1323,1334,0.222205,-0.975000,0.975000,0.222205,57.922250,71.380132,59.746034,71.225289,0.000000,50.000000,108.000000,144.000000,54.000000,35.000000,0,255,56.518154,0.986736,0.000000,D:\profile\research\data\GM_RM011\GM_RM011_SARframes_gray\000032.png,16cf219deca91bae2478b4b4e20f84e039ac8e274384001b39f4023d8baf7260,14,8,6,false,INDEX_ALIGNED_DISPLAY_DERIVATION_SUPPORTED,all original GT rows retained as anchor evidence; field reconstructed once per unique vehicle/frame
S1L-FIELD-GM_RM011-GM_RM011_PV001-000033,GM_RM011,GM_RM011:PV001,development,A,S0MV-GM_RM011-PV001-SEG01,33,0.660000000,GM_RM011|000033|GM_RM011|000033.png|000016.png|1|O1:car:0.88,1,usable:1,1175.642000,1246.802000,127.942000,63.440000,162.000000,1175.642000,1247.760000,127.942000,63.440000,162.000000,0.000000,0.000000,1.750000,"1028.600,1319.281;1269.199,1381.419;1322.684,1174.323;1082.085,1112.185","1028.388,1320.011;1268.740,1382.803;1322.896,1175.509;1082.544,1112.717",1024,1108,1328,1334,0.250059,-0.968231,0.968231,0.250059,61.111668,70.998331,61.214762,70.976799,0.000000,50.000000,108.000000,144.000000,46.000000,28.000000,0,251,48.126120,0.987109,0.000000,D:\profile\research\data\GM_RM011\GM_RM011_SARframes_gray\000033.png,32b47f6214443dfa51b2a03e681080626b5e4278365d6927b6c98b256e4a2caa,23,10,13,false,INDEX_ALIGNED_DISPLAY_DERIVATION_SUPPORTED,all original GT rows retained as anchor evidence; field reconstructed once per unique vehicle/frame
S1L-FIELD-GM_RM011-GM_RM011_PV001-000034,GM_RM011,GM_RM011:PV001,development,A,S0MV-GM_RM011-PV001-SEG01,34,0.680000000,GM_RM011|000034|GM_RM011|000034.png|000016.png|1|O1:car:0.88,1,usable:1,1177.642000,1246.802000,127.942000,63.440000,161.000000,1177.642000,1248.701000,127.942000,63.440000,161.000000,0.000000,0.000000,1.750000,"1028.952,1318.550;1266.906,1385.684;1326.332,1175.054;1088.378,1107.920","1028.529,1319.928;1265.856,1388.438;1326.755,1177.474;1089.428,1108.964",1024,1103,1332,1334,0.271531,-0.962430,0.962430,0.271531,62.529104,70.640876,62.736548,70.576617,0.000000,50.000000,108.000000,144.000000,46.000000,28.000000,0,255,49.049199,0.987085,0.000000,D:\profile\research\data\GM_RM011\GM_RM011_SARframes_gray\000034.png,6efc2278fa041fce75c9acc6462e3744ec20c58b785f386cfe4fd52da54fa741,14,7,7,false,INDEX_ALIGNED_DISPLAY_DERIVATION_SUPPORTED,all original GT rows retained as anchor evidence; field reconstructed once per unique vehicle/frame
S1L-FIELD-GM_RM011-GM_RM011_PV001-000035,GM_RM011,GM_RM011:PV001,development,A,S0MV-GM_RM011-PV001-SEG01,35,0.700000000,GM_RM011|000035|gm_rm011_00021;GM_RM011|000035|GM_RM011|000035.png|000017.png|1|O1:car:0.88,2,usable:2,1184.881000,1248.701000,130.664500,64.066500,158.500000,1181.261500,1247.751500,127.942000,63.440000,159.750000,1.177846,2.793655,1.750000,"1028.637,1316.211;1257.653,1402.564;1341.125,1181.191;1112.109,1094.838","1029.848,1316.993;1261.974,1393.375;1332.675,1178.510;1100.549,1102.128",1024,1090,1347,1334,0.352814,-0.935693,0.935693,0.352814,67.596455,69.930040,64.628130,69.819936,0.000000,50.000000,108.000000,144.000000,52.000000,30.000000,0,250,55.267756,0.987534,0.000000,D:\profile\research\data\GM_RM011\GM_RM011_SARframes_gray\000035.png,98eecb99148134f8d28760b0d739d28b8dbacf4ca84ab9b4362a634a7d3a3f04,18,6,12,false,INDEX_ALIGNED_DISPLAY_DERIVATION_SUPPORTED,all original GT rows retained as anchor evidence; field reconstructed once per unique vehicle/frame
S1L-FIELD-GM_RM011-GM_RM011_PV001-000036,GM_RM011,GM_RM011:PV001,development,A,S0MV-GM_RM011-PV001-SEG01,36,0.720000000,GM_RM011|000036|GM_RM011|000036.png|000017.png|1|O1:car:0.88,1,usable:1,1188.642000,1250.802000,127.942000,63.440000,157.000000,1184.881000,1248.701000,127.942000,63.440000,158.500000,0.000000,0.000000,1.750000,"1033.452,1313.590;1248.743,1407.052;1343.832,1188.014;1128.541,1094.552","1031.342,1315.088;1256.364,1399.935;1338.420,1182.314;1113.398,1097.467",1027,1090,1349,1334,0.398216,-0.917292,0.917292,0.398216,68.225264,67.057931,66.450573,68.710695,0.000000,50.000000,108.000000,144.000000,58.000000,33.000000,0,251,62.557362,0.987732,0.000000,D:\profile\research\data\GM_RM011\GM_RM011_SARframes_gray\000036.png,33e0f741a380fd63d342bce68d10a871c3fd6e84671996e9161aa713352b8bfa,13,4,9,false,INDEX_ALIGNED_DISPLAY_DERIVATION_SUPPORTED,all original GT rows retained as anchor evidence; field reconstructed once per unique vehicle/frame
S1L-FIELD-GM_RM011-GM_RM011_PV002-000000,GM_RM011,GM_RM011:PV002,development,A,S0MV-GM_RM011-PV002-SEG01,0,0.000000000,GM_RM011|000000|GM_RM011|000000.png|000000.png|2|O2:car:0.87,1,usable:1,1272.217000,1152.230000,145.119000,70.695000,48.000000,1286.522000,1152.115000,78.740000,143.827000,150.000000,0.000000,0.000000,1.750000,"1106.237,1152.135;1336.972,1305.057;1438.197,1152.325;1207.462,999.403","1104.325,1157.855;1333.729,1328.184;1468.719,1146.375;1239.315,976.046",1100,972,1474,1334,0.552445,-0.833549,0.833549,0.552445,52.351676,79.088825,64.698301,81.635614,0.000000,38.000000,59.000000,75.000000,32.000000,6.000000,0,126,31.875502,1.000000,0.000000,D:\profile\research\data\GM_RM011\GM_RM011_SARframes_gray\000000.png,7eb197d80a6deccc38bc0cc7ec47febe48e028a5febcd2046ba24a246522a75a,24,9,15,false,INDEX_ALIGNED_DISPLAY_DERIVATION_SUPPORTED,all original GT rows retained as anchor evidence; field reconstructed once per unique vehicle/frame
S1L-FIELD-GM_RM011-GM_RM011_PV002-000002,GM_RM011,GM_RM011:PV002,development,A,S0MV-GM_RM011-PV002-SEG01,2,0.040000000,GM_RM011|000002|GM_RM011|000002.png|000001.png|2|O2:car:0.86,1,usable:1,1286.522000,1150.115000,78.740000,147.827000,150.000000,1289.522000,1151.615000,78.740000,145.827000,150.000000,0.000000,0.000000,1.750000,"1100.610,1156.399;1336.195,1329.379;1472.434,1143.831;1236.849,970.851","1106.190,1154.625;1336.346,1328.892;1472.854,1148.605;1242.698,974.338",1096,966,1478,1334,0.591847,-0.806051,0.806051,0.591847,65.769788,83.505884,64.610604,82.482279,0.000000,38.000000,59.000000,75.000000,32.000000,7.000000,0,144,31.910801,1.000000,0.000000,D:\profile\research\data\GM_RM011\GM_RM011_SARframes_gray\000002.png,636ab92cf088801a4e9a18ed91a917f54070e74ba3671d5a6d59e488524d9dbd,20,7,13,false,INDEX_ALIGNED_DISPLAY_DERIVATION_SUPPORTED,all original GT rows retained as anchor evidence; field reconstructed once per unique vehicle/frame
S1L-FIELD-GM_RM011-GM_RM011_PV002-000003,GM_RM011,GM_RM011:PV002,development,A,S0MV-GM_RM011-PV002-SEG01,3,0.060000000,GM_RM011|000003|GM_RM011|000003.png|000001.png|2|O2:car:0.86,1,usable:1,1292.522000,1152.115000,74.740000,143.827000,150.000000,1292.522000,1151.115000,78.740000,147.827000,150.000000,0.000000,0.000000,1.750000,"1114.691,1150.907;1337.827,1324.082;1470.353,1153.323;1247.217,980.148","1108.103,1151.388;1338.993,1329.584;1476.941,1150.842;1246.051,972.646",1104,968,1482,1334,0.613114,-0.789995,0.789995,0.613114,61.757967,80.700613,64.509755,83.330561,0.000000,38.000000,59.000000,75.000000,33.000000,7.000000,0,163,33.123135,1.000000,0.000000,D:\profile\research\data\GM_RM011\GM_RM011_SARframes_gray\000003.png,03df665dcc5f67c313c8ac51577b47cc1b97c52fd1b6ea1201656d6123ebe153,29,14,15,false,INDEX_ALIGNED_DISPLAY_DERIVATION_SUPPORTED,all original GT rows retained as anchor evidence; field reconstructed once per unique vehicle/frame
S1L-FIELD-GM_RM011-GM_RM011_PV002-000004,GM_RM011,GM_RM011:PV002,development,A,S0MV-GM_RM011-PV002-SEG01,4,0.080000000,GM_RM011|000004|GM_RM011|000004.png|000002.png|2|O2:car:0.81,1,usable:1,1294.522000,1151.115000,78.740000,147.827000,150.000000,1294.522000,1150.115000,78.740000,147.827000,150.000000,0.000000,0.000000,1.750000,"1110.589,1149.659;1340.071,1329.324;1478.455,1152.571;1248.973,972.906","1110.398,1149.329;1340.429,1328.426;1478.646,1150.901;1248.615,971.804",1106,967,1484,1334,0.616459,-0.787387,0.787387,0.616459,64.137283,83.270758,64.282173,83.294439,0.000000,38.000000,59.000000,75.000000,34.000000,9.000000,0,160,34.488062,1.000000,0.000000,D:\profile\research\data\GM_RM011\GM_RM011_SARframes_gray\000004.png,1aaf4a9bc50115b2ae8a6a827611b0ed79130152ba8f7179b8d079646a1697a6,50,14,36,false,INDEX_ALIGNED_DISPLAY_DERIVATION_SUPPORTED,all original GT rows retained as anchor evidence; field reconstructed once per unique vehicle/frame
S1L-FIELD-GM_RM011-GM_RM011_PV002-000005,GM_RM011,GM_RM011:PV002,development,A,S0MV-GM_RM011-PV002-SEG01,5,0.100000000,GM_RM011|000005|GM_RM011|000005.png|000002.png|2|O2:car:0.81,1,usable:1,1295.522000,1150.115000,78.740000,147.827000,151.000000,1294.522000,1150.115000,78.740000,147.827000,150.000000,0.000000,0.000000,1.750000,"1110.440,1149.600;1340.166,1329.733;1480.604,1150.630;1250.878,970.497","1110.398,1149.329;1340.429,1328.426;1478.646,1150.901;1248.615,971.804",1106,966,1486,1334,0.617046,-0.786927,0.786927,0.617046,65.027953,83.407882,64.282173,83.294439,0.000000,38.000000,59.000000,75.000000,36.000000,7.000000,0,160,35.250658,1.000000,0.000000,D:\profile\research\data\GM_RM011\GM_RM011_SARframes_gray\000005.png,3d6886153cb9df4474a260f0b49779d39a14c6ab0dd65703dd395de12ba85d3f,45,17,28,false,INDEX_ALIGNED_DISPLAY_DERIVATION_SUPPORTED,all original GT rows retained as anchor evidence; field reconstructed once per unique vehicle/frame
S1L-FIELD-GM_RM011-GM_RM011_PV002-000006,GM_RM011,GM_RM011:PV002,development,A,S0MV-GM_RM011-PV002-SEG01,6,0.120000000,GM_RM011|000006|GM_RM011|000006.png|000003.png|2|O2:car:0.86,1,usable:1,1296.522000,1147.115000,78.740000,147.827000,151.000000,1295.022000,1148.615000,78.740000,147.827000,150.500000,0.000000,0.000000,1.750000,"1111.134,1147.745;1341.776,1326.896;1481.910,1146.485;1251.268,967.334","1110.142,1148.966;1340.832,1327.730;1479.902,1148.264;1249.212,969.500",1106,963,1487,1333,0.613435,-0.789745,0.789745,0.613435,65.268980,83.441391,64.869471,83.384871,0.000000,38.000000,59.000000,75.000000,36.000000,8.000000,0,152,35.902637,1.000000,0.000000,D:\profile\research\data\GM_RM011\GM_RM011_SARframes_gray\000006.png,e125904355d29dd8ae6feb6d5882cdcfdaf4b2b539579be2614203912dfc17fc,52,11,41,false,INDEX_ALIGNED_DISPLAY_DERIVATION_SUPPORTED,all original GT rows retained as anchor evidence; field reconstructed once per unique vehicle/frame
S1L-FIELD-GM_RM011-GM_RM011_PV002-000007,GM_RM011,GM_RM011:PV002,development,A,S0MV-GM_RM011-PV002-SEG01,7,0.140000000,GM_RM011|000007|GM_RM011|000007.png|000003.png|2|O2:car:0.86,1,usable:1,1293.522000,1144.115000,78.740000,147.827000,144.000000,1295.522000,1147.115000,78.740000,147.827000,151.000000,0.000000,0.000000,1.750000,"1115.933,1141.210;1346.434,1313.663;1471.111,1147.020;1240.610,974.567","1109.914,1148.599;1341.230,1327.013;1481.130,1145.631;1249.814,967.217",1105,963,1487,1333,0.599060,-0.800704,0.800704,0.599060,59.463340,82.249269,65.447429,83.465187,0.000000,38.000000,59.000000,75.000000,39.000000,7.000000,0,149,38.272466,1.000000,0.000000,D:\profile\research\data\GM_RM011\GM_RM011_SARframes_gray\000007.png,78204cef8581b0c5ee081edba67c6dd7e80a892ed8f2131c64f8464bc94ed61f,45,7,38,false,INDEX_ALIGNED_DISPLAY_DERIVATION_SUPPORTED,all original GT rows retained as anchor evidence; field reconstructed once per unique vehicle/frame
S1L-FIELD-GM_RM011-GM_RM011_PV003-000058,GM_RM011,GM_RM011:PV003,heldout_validation,C,S0MV-GM_RM011-PV003-SEG01,58,1.160000000,GM_RM011|000058|frameadd_gm_rm011_000028_000058_01,1,usable:1,1094.639000,1202.166000,70.306000,166.516000,153.000000,1094.639000,1202.166000,70.306000,166.516000,153.000000,0.000000,0.000000,1.750000,"1095.847,1364.596;1217.575,1308.334;1093.431,1039.736;971.703,1095.998","1095.847,1364.596;1217.575,1308.334;1093.431,1039.736;971.703,1095.998",967,1035,1223,1334,-0.419546,-0.907734,0.907734,-0.419546,84.542831,38.314674,84.542831,38.314674,0.000000,38.000000,72.000000,91.580000,34.000000,11.000000,0,251,39.028538,0.993230,0.000000,D:\profile\research\data\GM_RM011\GM_RM011_SARframes_gray\000058.png,5e5e07af46d6271ad40e8561d74ebaf06f38925a9b59f9fac9a346986dcf4649,26,17,9,false,INDEX_ALIGNED_DISPLAY_DERIVATION_SUPPORTED,all original GT rows retained as anchor evidence; field reconstructed once per unique vehicle/frame
S1L-FIELD-GM_RM011-GM_RM011_PV003-000073,GM_RM011,GM_RM011:PV003,heldout_validation,C,S0MV-GM_RM011-PV003-SEG02,73,1.460000000,GM_RM011|000073|gm_rm011_00041,1,usable:1,1119.998000,1202.761000,69.777000,169.918000,157.000000,1119.998000,1202.761000,69.777000,169.918000,157.000000,0.000000,0.000000,1.750000,"1081.372,1374.253;1238.718,1332.403;1158.624,1031.269;1001.278,1073.119","1081.372,1374.253;1238.718,1332.403;1158.624,1031.269;1001.278,1073.119",997,1027,1244,1334,-0.257039,-0.966401,0.966401,-0.257039,89.029555,46.519033,89.029555,46.519033,0.000000,59.000000,112.000000,145.850000,52.000000,18.000000,0,251,60.334913,0.989412,0.000000,D:\profile\research\data\GM_RM011\GM_RM011_SARframes_gray\000073.png,e4856a37ac434d2f9b296164cd081edcef8321f24f01d20aab3c2b4a5d830e97,32,19,13,false,INDEX_ALIGNED_DISPLAY_DERIVATION_SUPPORTED,all original GT rows retained as anchor evidence; field reconstructed once per unique vehicle/frame
S1L-FIELD-GM_RM011-GM_RM011_PV005-000244,GM_RM011,GM_RM011:PV005,development,C,S0MV-GM_RM011-PV005-SEG01,244,4.880000000,GM_RM011|000244|gm_rm011_00098,1,usable:1,1192.864000,1203.363000,66.357000,153.260000,2.000000,1192.864000,1203.363000,66.357000,153.260000,2.000000,0.000000,0.000000,1.750000,"1063.833,1315.099;1237.440,1368.127;1321.895,1091.627;1148.288,1038.599","1063.833,1315.099;1237.440,1368.127;1321.895,1091.627;1148.288,1038.599",1059,1034,1327,1334,0.292122,-0.956381,0.956381,0.292122,82.602979,51.864339,82.602979,51.864339,0.000000,62.000000,110.750000,139.150000,60.000000,15.000000,0,252,61.756227,0.992275,0.000000,D:\profile\research\data\GM_RM011\GM_RM011_SARframes_gray\000244.png,0b76a917215965ba6ee4373e9d7265178f7ba353d1f4d9fd6d1babd1fd303b53,29,17,12,false,INDEX_ALIGNED_DISPLAY_DERIVATION_SUPPORTED,all original GT rows retained as anchor evidence; field reconstructed once per unique vehicle/frame
S1L-FIELD-GM_RM011-GM_RM011_PV005-000256,GM_RM011,GM_RM011:PV005,development,B,S0MV-GM_RM011-PV005-SEG02,256,5.120000000,GM_RM011|000256|frameadd_gm_rm011_000123_000256_01,1,usable:1,1243.706000,1203.471000,85.622000,150.934000,178.000000,1243.706000,1203.471000,85.622000,150.934000,178.000000,0.000000,0.000000,1.750000,"1042.936,1245.984;1270.949,1406.877;1444.476,1160.958;1216.463,1000.065","1042.936,1245.984;1270.949,1406.877;1444.476,1160.958;1216.463,1000.065",1038,996,1450,1334,0.576545,-0.817065,0.817065,0.576545,85.993715,79.732254,85.993715,79.732254,0.000000,62.000000,105.000000,138.000000,60.000000,17.000000,0,214,56.018116,0.993892,0.000000,D:\profile\research\data\GM_RM011\GM_RM011_SARframes_gray\000256.png,7719f357b803575fb63eec7f6f0287aa9fdcb822bb6db82b61cd32095a312db4,51,23,28,false,INDEX_ALIGNED_DISPLAY_DERIVATION_SUPPORTED,all original GT rows retained as anchor evidence; field reconstructed once per unique vehicle/frame
S1L-FIELD-GM_RM011-GM_RM011_PV005-000260,GM_RM011,GM_RM011:PV005,development,B,S0MV-GM_RM011-PV005-SEG02,260,5.200000000,GM_RM011|000260|gm_rm011_00114,1,usable:1,1249.237000,1199.025000,78.323000,158.450000,178.000000,1249.237000,1199.025000,78.323000,158.450000,178.000000,0.000000,0.000000,1.750000,"1047.610,1240.107;1273.201,1403.395;1450.864,1157.943;1225.273,994.655","1047.610,1240.107;1273.201,1403.395;1450.864,1157.943;1225.273,994.655",1043,990,1456,1334,0.586342,-0.810063,0.810063,0.586342,86.572233,79.567149,86.572233,79.567149,0.000000,62.000000,105.000000,138.000000,62.000000,18.000000,0,237,58.411421,0.994312,0.000000,D:\profile\research\data\GM_RM011\GM_RM011_SARframes_gray\000260.png,2a4f0cf4e9fbccc71db6630181928f45430af55db6361870f8427759300e97b5,58,22,36,false,INDEX_ALIGNED_DISPLAY_DERIVATION_SUPPORTED,all original GT rows retained as anchor evidence; field reconstructed once per unique vehicle/frame
S1L-FIELD-GM_RM011-GM_RM011_PV006-000244,GM_RM011,GM_RM011:PV006,development,C,S0MV-GM_RM011-PV006-SEG01,244,4.880000000,GM_RM011|000244|frameadd_gm_rm011_000117_000244_01,1,usable:1,1116.657000,1204.626000,78.629000,154.917000,0.000000,1116.657000,1204.626000,78.629000,154.917000,0.000000,0.000000,0.000000,1.750000,"1058.971,1377.673;1259.331,1318.280;1174.343,1031.579;973.983,1090.972","1058.971,1377.673;1259.331,1318.280;1174.343,1031.579;973.983,1090.972",969,1027,1265,1334,-0.284210,-0.958762,0.958762,-0.284210,85.437853,59.707686,85.437853,59.707686,0.000000,66.500000,114.000000,142.000000,65.000000,18.000000,0,252,64.426323,0.991413,0.000000,D:\profile\research\data\GM_RM011\GM_RM011_SARframes_gray\000244.png,0b76a917215965ba6ee4373e9d7265178f7ba353d1f4d9fd6d1babd1fd303b53,34,17,17,false,INDEX_ALIGNED_DISPLAY_DERIVATION_SUPPORTED,all original GT rows retained as anchor evidence; field reconstructed once per unique vehicle/frame
S1L-FIELD-GM_RM011-GM_RM011_PV006-000256,GM_RM011,GM_RM011:PV006,development,B,S0MV-GM_RM011-PV006-SEG02,256,5.120000000,GM_RM011|000256|frameadd_gm_rm011_000123_000256_02,1,usable:1,1154.785000,1204.146000,81.577000,147.347000,179.000000,1168.090000,1201.186000,79.736000,164.112000,178.000000,0.000000,0.000000,1.750000,"1079.565,1334.263;1228.383,1335.187;1230.005,1074.029;1081.187,1073.105","1062.586,1342.690;1240.671,1362.080;1273.594,1059.682;1095.509,1040.292",1058,1036,1279,1334,0.006208,-0.999981,0.999981,0.006208,74.617898,42.520190,86.909996,51.182040,0.000000,64.000000,116.000000,147.000000,69.000000,18.000000,0,250,67.856261,0.989568,0.000000,D:\profile\research\data\GM_RM011\GM_RM011_SARframes_gray\000256.png,7719f357b803575fb63eec7f6f0287aa9fdcb822bb6db82b61cd32095a312db4,40,18,22,false,INDEX_ALIGNED_DISPLAY_DERIVATION_SUPPORTED,all original GT rows retained as anchor evidence; field reconstructed once per unique vehicle/frame
S1L-FIELD-GM_RM011-GM_RM011_PV006-000260,GM_RM011,GM_RM011:PV006,development,B,S0MV-GM_RM011-PV006-SEG02,260,5.200000000,GM_RM011|000260|frameadd_gm_rm011_000125_000260_02,1,usable:1,1168.090000,1201.186000,79.736000,166.407000,178.000000,1168.090000,1201.186000,79.736000,164.112000,178.000000,0.000000,0.000000,1.750000,"1062.085,1344.635;1240.741,1364.087;1274.095,1057.737;1095.439,1038.285","1062.586,1342.690;1240.671,1362.080;1273.594,1059.682;1095.509,1040.292",1058,1034,1280,1334,0.108236,-0.994125,0.994125,0.108236,88.045776,51.345974,86.909996,51.182040,0.000000,64.000000,116.000000,147.000000,74.000000,21.000000,0,255,70.652712,0.989509,0.000000,D:\profile\research\data\GM_RM011\GM_RM011_SARframes_gray\000260.png,2a4f0cf4e9fbccc71db6630181928f45430af55db6361870f8427759300e97b5,40,20,20,false,INDEX_ALIGNED_DISPLAY_DERIVATION_SUPPORTED,all original GT rows retained as anchor evidence; field reconstructed once per unique vehicle/frame
S1L-FIELD-GM_RM011-GM_RM011_PV006-000281,GM_RM011,GM_RM011:PV006,development,B,S0MV-GM_RM011-PV006-SEG02,281,5.620000000,GM_RM011|000281|frameadd_gm_rm011_000135_000281_02,1,usable:1,1232.584000,1192.937000,75.872000,164.112000,178.000000,1168.090000,1201.186000,79.736000,164.112000,178.000000,0.000000,0.000000,1.750000,"1040.113,1263.907;1269.335,1394.757;1425.055,1121.967;1195.833,991.117","1062.586,1342.690;1240.671,1362.080;1273.594,1059.682;1095.509,1040.292",1036,987,1431,1334,0.495756,-0.868462,0.868462,0.495756,89.744697,75.411512,86.909996,51.182040,0.000000,64.000000,116.000000,147.000000,52.000000,13.000000,0,249,50.470803,0.991646,0.000000,D:\profile\research\data\GM_RM011\GM_RM011_SARframes_gray\000281.png,0bd442e2bc3493eb066737ecd3d7a78f283e2c714c81ecc5261f5bcfa6b6c1ef,44,17,27,false,INDEX_ALIGNED_DISPLAY_DERIVATION_SUPPORTED,all original GT rows retained as anchor evidence; field reconstructed once per unique vehicle/frame
S1L-FIELD-GM_RM011-GM_RM011_PV007-000244,GM_RM011,GM_RM011:PV007,development,C,S0MV-GM_RM011-PV007-SEG01,244,4.880000000,GM_RM011|000244|frameadd_gm_rm011_000117_000244_02,1,usable:1,1047.428000,1208.114000,75.056000,136.592000,179.000000,1047.428000,1208.114000,75.056000,136.592000,179.000000,0.000000,0.000000,1.750000,"1039.298,1392.489;1231.155,1225.559;1055.558,1023.739;863.701,1190.669","1039.298,1392.489;1231.155,1225.559;1055.558,1023.739;863.701,1190.669",859,1019,1237,1334,-0.656398,-0.754415,0.754415,-0.656398,76.433584,72.660677,76.433584,72.660677,0.000000,60.000000,102.000000,135.000000,58.000000,20.000000,0,223,53.369884,0.994326,0.000000,D:\profile\research\data\GM_RM011\GM_RM011_SARframes_gray\000244.png,0b76a917215965ba6ee4373e9d7265178f7ba353d1f4d9fd6d1babd1fd303b53,40,19,21,false,INDEX_ALIGNED_DISPLAY_DERIVATION_SUPPORTED,all original GT rows retained as anchor evidence; field reconstructed once per unique vehicle/frame
S1L-FIELD-GM_RM011-GM_RM011_PV007-000256,GM_RM011,GM_RM011:PV007,development,B,S0MV-GM_RM011-PV007-SEG02,256,5.120000000,GM_RM011|000256|gm_rm011_00110,1,usable:1,1082.750000,1207.353000,71.353000,141.553000,176.000000,1096.767000,1203.193000,73.377000,168.352000,177.000000,0.000000,0.000000,1.750000,"1056.536,1382.710;1247.794,1272.142;1108.964,1031.996;917.706,1142.564","1059.379,1395.999;1265.736,1303.301;1134.155,1010.387;927.798,1103.085",913,1006,1271,1334,-0.500492,-0.865741,0.865741,-0.500492,79.253702,63.119437,91.746093,64.634663,0.000000,61.000000,105.000000,135.000000,60.000000,14.000000,0,250,59.390548,0.992579,0.000000,D:\profile\research\data\GM_RM011\GM_RM011_SARframes_gray\000256.png,7719f357b803575fb63eec7f6f0287aa9fdcb822bb6db82b61cd32095a312db4,47,19,28,false,INDEX_ALIGNED_DISPLAY_DERIVATION_SUPPORTED,all original GT rows retained as anchor evidence; field reconstructed once per unique vehicle/frame
S1L-FIELD-GM_RM011-GM_RM011_PV007-000260,GM_RM011,GM_RM011:PV007,development,B,S0MV-GM_RM011-PV007-SEG02,260,5.200000000,GM_RM011|000260|frameadd_gm_rm011_000125_000260_01,1,usable:1,1096.767000,1203.193000,73.377000,169.694000,177.000000,1096.767000,1203.193000,73.377000,168.352000,177.000000,0.000000,0.000000,1.750000,"1059.441,1397.172;1266.572,1304.126;1134.093,1009.214;926.962,1102.260","1059.379,1395.999;1265.736,1303.301;1134.155,1010.387;927.798,1103.085",922,1005,1272,1334,-0.409768,-0.912190,0.912190,-0.409768,92.371706,64.877156,91.746093,64.634663,0.000000,61.000000,105.000000,135.000000,62.000000,15.000000,0,255,62.548351,0.992280,0.000000,D:\profile\research\data\GM_RM011\GM_RM011_SARframes_gray\000260.png,2a4f0cf4e9fbccc71db6630181928f45430af55db6361870f8427759300e97b5,40,19,21,false,INDEX_ALIGNED_DISPLAY_DERIVATION_SUPPORTED,all original GT rows retained as anchor evidence; field reconstructed once per unique vehicle/frame
S1L-FIELD-GM_RM011-GM_RM011_PV007-000281,GM_RM011,GM_RM011:PV007,development,B,S0MV-GM_RM011-PV007-SEG02,281,5.620000000,GM_RM011|000281|frameadd_gm_rm011_000135_000281_01,1,usable:1,1159.970000,1194.189000,77.542000,168.352000,0.000000,1096.767000,1203.193000,73.377000,168.352000,177.000000,0.000000,0.000000,1.750000,"1079.252,1340.934;1227.560,1347.425;1240.688,1047.444;1092.380,1040.953","1059.379,1395.999;1265.736,1303.301;1134.155,1010.387;927.798,1103.085",923,1006,1271,1334,0.043723,-0.999044,0.999044,0.043723,85.790743,42.414374,91.746093,64.634663,0.000000,61.000000,105.000000,135.000000,55.000000,12.000000,0,249,54.847401,0.992179,0.000000,D:\profile\research\data\GM_RM011\GM_RM011_SARframes_gray\000281.png,0bd442e2bc3493eb066737ecd3d7a78f283e2c714c81ecc5261f5bcfa6b6c1ef,67,32,35,false,INDEX_ALIGNED_DISPLAY_DERIVATION_SUPPORTED,all original GT rows retained as anchor evidence; field reconstructed once per unique vehicle/frame
S1L-FIELD-GM_RM011-GM_RM011_PV007-000315,GM_RM011,GM_RM011:PV007,development,C,S0MV-GM_RM011-PV007-SEG03,315,6.300000000,GM_RM011|000315|gm_rm011_00160,1,usable:1,1267.660000,1209.040000,70.111000,142.840000,9.000000,1267.660000,1209.040000,70.111000,142.840000,9.000000,0.000000,0.000000,1.750000,"1085.212,1227.234;1261.749,1392.298;1450.108,1190.846;1273.571,1025.782","1085.212,1227.234;1261.749,1392.298;1450.108,1190.846;1273.571,1025.782",1081,1021,1456,1334,0.682973,-0.730444,0.730444,0.682973,78.798080,69.052611,78.798080,69.052611,0.000000,59.000000,95.000000,123.880000,58.000000,17.000000,0,255,51.190158,0.994280,0.000000,D:\profile\research\data\GM_RM011\GM_RM011_SARframes_gray\000315.png,064f509ccbd72685b6a6036f16dc2969ed89d7cbf96ad76f31a386ab3e21de96,40,20,20,false,INDEX_ALIGNED_DISPLAY_DERIVATION_SUPPORTED,all original GT rows retained as anchor evidence; field reconstructed once per unique vehicle/frame
S1L-FIELD-GM_RM011-GM_RM011_PV008-000281,GM_RM011,GM_RM011:PV008,heldout_validation,C,S0MV-GM_RM011-PV008-SEG01,281,5.620000000,GM_RM011|000281|gm_rm011_00126,1,usable:1,1086.400000,1174.925000,71.708000,157.330000,1.000000,1086.400000,1174.925000,71.708000,157.330000,1.000000,0.000000,0.000000,1.750000,"1041.968,1359.156;1251.350,1268.234;1130.832,990.694;921.450,1081.616","1041.968,1359.156;1251.350,1268.234;1130.832,990.694;921.450,1081.616",917,986,1257,1334,-0.398306,-0.917253,0.917253,-0.398306,86.450580,65.220217,86.450580,65.220217,0.000000,58.000000,93.000000,117.000000,57.000000,12.000000,0,249,56.947442,0.996731,0.000000,D:\profile\research\data\GM_RM011\GM_RM011_SARframes_gray\000281.png,0bd442e2bc3493eb066737ecd3d7a78f283e2c714c81ecc5261f5bcfa6b6c1ef,59,32,27,false,INDEX_ALIGNED_DISPLAY_DERIVATION_SUPPORTED,all original GT rows retained as anchor evidence; field reconstructed once per unique vehicle/frame
S1L-FIELD-GM_RM011-GM_RM011_PV008-000315,GM_RM011,GM_RM011:PV008,heldout_validation,C,S0MV-GM_RM011-PV008-SEG02,315,6.300000000,GM_RM011|000315|frameadd_gm_rm011_000151_000315_01,1,usable:1,1196.194000,1196.731000,73.900000,163.084000,5.000000,1196.194000,1196.731000,73.900000,163.084000,5.000000,0.000000,0.000000,1.750000,"1060.453,1314.690;1239.763,1371.207;1331.935,1078.772;1152.625,1022.255","1060.453,1314.690;1239.763,1371.207;1331.935,1078.772;1152.625,1022.255",1056,1018,1337,1334,0.300610,-0.953747,0.953747,0.300610,87.604694,53.716031,87.604694,53.716031,0.000000,66.000000,103.000000,132.000000,62.000000,13.000000,0,255,62.945818,0.992469,0.000000,D:\profile\research\data\GM_RM011\GM_RM011_SARframes_gray\000315.png,064f509ccbd72685b6a6036f16dc2969ed89d7cbf96ad76f31a386ab3e21de96,52,26,26,false,INDEX_ALIGNED_DISPLAY_DERIVATION_SUPPORTED,all original GT rows retained as anchor evidence; field reconstructed once per unique vehicle/frame
S1L-FIELD-GM_RM011-GM_RM011_PV008-000335,GM_RM011,GM_RM011:PV008,heldout_validation,C,S0MV-GM_RM011-PV008-SEG03,335,6.700000000,GM_RM011|000335|gm_rm011_00173,1,usable:1,1254.000000,1145.258000,80.290000,201.710000,175.000000,1254.000000,1145.258000,80.290000,201.710000,175.000000,0.000000,0.000000,1.750000,"1028.616,1235.063;1302.692,1382.938;1479.384,1055.453;1205.308,907.578","1028.616,1235.063;1302.692,1382.938;1479.384,1055.453;1205.308,907.578",1024,903,1485,1334,0.474838,-0.880073,0.880073,0.474838,106.317321,88.978056,106.317321,88.978056,0.000000,59.000000,98.000000,121.680000,58.000000,13.000000,0,244,58.051919,0.996751,0.000000,D:\profile\research\data\GM_RM011\GM_RM011_SARframes_gray\000335.png,75778870084456c28075ed61dc1e8aae906932c2b384977b158b9e2faef69237,76,31,45,false,INDEX_ALIGNED_DISPLAY_DERIVATION_SUPPORTED,all original GT rows retained as anchor evidence; field reconstructed once per unique vehicle/frame
S1L-FIELD-GM_RM011-GM_RM011_PV010-000442,GM_RM011,GM_RM011:PV010,development,B,S0MV-GM_RM011-PV010-SEG01,442,8.840000000,GM_RM011|000442|gm_rm011_00179,1,usable:1,1053.585000,1245.630000,142.279000,74.900000,179.000000,1053.585000,1245.630000,142.279000,74.900000,179.000000,0.000000,0.000000,1.750000,"1073.184,1434.276;1242.874,1233.742;1033.986,1056.984;864.296,1257.518","1073.184,1434.276;1242.874,1233.742;1033.986,1056.984;864.296,1257.518",860,1052,1248,1334,-0.763373,-0.645958,0.645958,-0.763373,78.182109,75.055746,78.182109,75.055746,0.000000,38.000000,68.000000,95.350000,39.000000,16.000000,0,217,31.529844,0.989873,0.000000,D:\profile\research\data\GM_RM011\GM_RM011_SARframes_gray\000442.png,3511ff100ea6721ac363611e503914de481231b0ffcbd5450c311034d4bf1579,45,11,34,false,INDEX_ALIGNED_DISPLAY_DERIVATION_SUPPORTED,all original GT rows retained as anchor evidence; field reconstructed once per unique vehicle/frame
S1L-FIELD-GM_RM011-GM_RM011_PV010-000444,GM_RM011,GM_RM011:PV010,development,B,S0MV-GM_RM011-PV010-SEG01,444,8.880000000,GM_RM011|000444|gm_rm011_00180,1,usable:1,1054.152000,1250.383000,151.303000,67.833000,177.000000,1054.152000,1250.383000,151.303000,67.833000,177.000000,0.000000,0.000000,1.750000,"1078.981,1440.251;1244.910,1233.715;1029.323,1060.515;863.394,1267.051","1078.981,1440.251;1244.910,1233.715;1029.323,1060.515;863.394,1267.051",859,1056,1250,1334,-0.779578,-0.626306,0.626306,-0.779578,79.012404,75.695310,79.012404,75.695310,0.000000,38.000000,68.000000,95.350000,40.000000,18.000000,0,187,32.108979,0.989186,0.000000,D:\profile\research\data\GM_RM011\GM_RM011_SARframes_gray\000444.png,e7c5be1547d65a828dcb4e9fe8874c475d9a0e4554b284e8eb0b18f7d824a930,45,12,33,false,INDEX_ALIGNED_DISPLAY_DERIVATION_SUPPORTED,all original GT rows retained as anchor evidence; field reconstructed once per unique vehicle/frame
S1L-FIELD-GM_RM011-GM_RM011_PV010-000469,GM_RM011,GM_RM011:PV010,development,C,S0MV-GM_RM011-PV010-SEG02,469,9.380000000,GM_RM011|000469|gm_rm011_00192,1,usable:1,1141.200000,1257.080000,130.720000,75.920000,177.000000,1141.200000,1257.080000,130.720000,75.920000,177.000000,0.000000,0.000000,1.750000,"1035.151,1356.388;1274.571,1314.704;1247.249,1157.772;1007.829,1199.456","1035.151,1356.388;1274.571,1314.704;1247.249,1157.772;1007.829,1199.456",1003,1153,1280,1334,-0.171522,-0.985180,0.985180,-0.171522,45.512342,69.434657,45.512342,69.434657,0.000000,43.000000,78.050000,108.810000,38.000000,15.000000,0,207,38.425208,0.988245,0.000000,D:\profile\research\data\GM_RM011\GM_RM011_SARframes_gray\000469.png,080310141ce4158f7a8227ebcab2f9d0601b4d0af9b88951413ee4b8d11b4dfe,16,6,10,false,INDEX_ALIGNED_DISPLAY_DERIVATION_SUPPORTED,all original GT rows retained as anchor evidence; field reconstructed once per unique vehicle/frame
S1L-FIELD-GM_RM011-GM_RM011_PV010-000506,GM_RM011,GM_RM011:PV010,development,B,S0MV-GM_RM011-PV010-SEG03,506,10.120000000,GM_RM011|000506|gm_rm011_00211,1,usable:1,1269.064000,1259.405000,149.711000,72.746000,3.000000,1269.064000,1259.405000,149.711000,72.746000,3.000000,0.000000,0.000000,1.750000,"1079.876,1227.161;1213.484,1443.097;1458.252,1291.649;1324.644,1075.713","1079.876,1227.161;1213.484,1443.097;1458.252,1291.649;1324.644,1075.713",1075,1071,1464,1334,0.850381,-0.526167,0.526167,0.850381,82.238004,72.550899,82.238004,72.550899,0.000000,34.000000,72.000000,95.000000,47.000000,20.000000,0,221,35.264595,0.987511,0.000000,D:\profile\research\data\GM_RM011\GM_RM011_SARframes_gray\000506.png,7e081ccedccacb38e50109c506028e04ee09c48e6a4ff4def000c612b51240af,28,7,21,false,INDEX_ALIGNED_DISPLAY_DERIVATION_SUPPORTED,all original GT rows retained as anchor evidence; field reconstructed once per unique vehicle/frame
S1L-FIELD-GM_RM011-GM_RM011_PV010-000510,GM_RM011,GM_RM011:PV010,development,B,S0MV-GM_RM011-PV010-SEG03,510,10.200000000,GM_RM011|000510|gm_rm011_00212,1,usable:1,1284.183000,1249.090000,151.244000,75.987000,178.000000,1284.183000,1249.090000,151.244000,75.987000,178.000000,0.000000,0.000000,1.750000,"1093.163,1222.599;1224.584,1432.497;1475.203,1275.581;1343.782,1065.683","1093.163,1222.599;1224.584,1432.497;1475.203,1275.581;1343.782,1065.683",1089,1061,1481,1334,0.847572,-0.530681,0.530681,0.847572,84.482889,70.756070,84.482889,70.756070,0.000000,34.000000,72.000000,95.000000,33.000000,15.000000,0,146,24.444486,0.989223,0.000000,D:\profile\research\data\GM_RM011\GM_RM011_SARframes_gray\000510.png,717bfc23dd11df074c86ffa99491454836d20abcf49a786d19ed9a8295f4a5c1,14,6,8,false,INDEX_ALIGNED_DISPLAY_DERIVATION_SUPPORTED,all original GT rows retained as anchor evidence; field reconstructed once per unique vehicle/frame
S1L-FIELD-GM_RM011-GM_RM011_PV011-000506,GM_RM011,GM_RM011:PV011,development,B,S0MV-GM_RM011-PV011-SEG01,506,10.120000000,GM_RM011|000506|frameadd_gm_rm011_000243_000506_01,1,usable:1,1058.974000,1249.690000,144.761000,71.310000,1.000000,1058.974000,1249.690000,144.761000,71.310000,1.000000,0.000000,0.000000,1.750000,"1080.260,1436.751;1247.036,1240.878;1037.688,1062.629;870.912,1258.502","1080.260,1436.751;1247.036,1240.878;1037.688,1062.629;870.912,1258.502",866,1058,1253,1334,-0.761394,-0.648290,0.648290,-0.761394,78.558041,73.501442,78.558041,73.501442,0.000000,38.000000,74.000000,107.000000,46.000000,20.000000,0,248,38.032460,0.989356,0.000000,D:\profile\research\data\GM_RM011\GM_RM011_SARframes_gray\000506.png,7e081ccedccacb38e50109c506028e04ee09c48e6a4ff4def000c612b51240af,19,8,11,false,INDEX_ALIGNED_DISPLAY_DERIVATION_SUPPORTED,all original GT rows retained as anchor evidence; field reconstructed once per unique vehicle/frame
S1L-FIELD-GM_RM011-GM_RM011_PV011-000510,GM_RM011,GM_RM011:PV011,development,B,S0MV-GM_RM011-PV011-SEG01,510,10.200000000,GM_RM011|000510|frameadd_gm_rm011_000245_000510_01,1,usable:1,1090.811000,1251.093000,137.811000,70.630000,178.000000,1090.811000,1251.093000,137.811000,70.630000,178.000000,0.000000,0.000000,1.750000,"1061.662,1429.307;1271.004,1262.929;1119.960,1072.879;910.618,1239.257","1061.662,1429.307;1271.004,1262.929;1119.960,1072.879;910.618,1239.257",906,1068,1277,1334,-0.622191,-0.782866,0.782866,-0.622191,69.360491,76.401586,69.360491,76.401586,0.000000,38.000000,74.000000,107.000000,34.000000,14.000000,0,253,30.091863,0.989227,0.000000,D:\profile\research\data\GM_RM011\GM_RM011_SARframes_gray\000510.png,717bfc23dd11df074c86ffa99491454836d20abcf49a786d19ed9a8295f4a5c1,19,5,14,false,INDEX_ALIGNED_DISPLAY_DERIVATION_SUPPORTED,all original GT rows retained as anchor evidence; field reconstructed once per unique vehicle/frame
S1L-FIELD-GM_RM017-GM_RM017_PV002-000302,GM_RM017,GM_RM017:PV002,development,C,S0MV-GM_RM017-PV002-SEG01,302,6.040000000,GM_RM017|000302|gm_rm017_00009,1,usable:1,870.138000,1008.476000,137.225000,68.218000,176.000000,870.138000,1008.476000,137.225000,68.218000,176.000000,0.000000,0.000000,1.750000,"850.927,1185.796;1048.466,1011.721;889.349,831.156;691.810,1005.231","850.927,1185.796;1048.466,1011.721;889.349,831.156;691.810,1005.231",687,827,1054,1191,-0.661143,-0.750260,0.750260,-0.661143,68.762744,75.227055,68.762744,75.227055,25.000000,37.000000,50.000000,61.000000,37.000000,4.000000,0,109,36.404242,1.000000,0.000000,D:\profile\research\data\GM_RM017\GM_RM017_SARframes_gray\000302.png,3e68263b30b7336c8c0234984801f90fcc8d34b8d066bbb9b5805d432d9d3d29,30,15,15,false,INDEX_ALIGNED_DISPLAY_DERIVATION_SUPPORTED,all original GT rows retained as anchor evidence; field reconstructed once per unique vehicle/frame
S1L-FIELD-GM_RM017-GM_RM017_PV002-000310,GM_RM017,GM_RM017:PV002,development,A,S0MV-GM_RM017-PV002-SEG02,310,6.200000000,GM_RM017|000310|frameadd_gm_rm017_000149_000310_01,1,usable:1,920.890000,1010.485000,167.826000,66.700000,177.000000,977.076000,1008.910000,159.155000,68.644000,177.000000,0.000000,0.000000,1.750000,"871.618,1205.976;1122.068,1023.596;970.162,814.994;719.712,997.374","899.588,1182.435;1165.117,1036.398;1054.564,835.385;789.035,981.422",715,810,1171,1211,-0.588666,-0.808377,0.808377,-0.588666,73.728726,88.519716,65.545281,86.582493,31.000000,45.000000,68.000000,95.000000,43.000000,5.000000,0,157,43.345017,1.000000,0.000000,D:\profile\research\data\GM_RM017\GM_RM017_SARframes_gray\000310.png,6343b60ebb7272b5d33743a38d5e2a2cccd1a810245723f4bccb5e8adac281b8,29,9,20,false,INDEX_ALIGNED_DISPLAY_DERIVATION_SUPPORTED,all original GT rows retained as anchor evidence; field reconstructed once per unique vehicle/frame
S1L-FIELD-GM_RM017-GM_RM017_PV002-000317,GM_RM017,GM_RM017:PV002,development,A,S0MV-GM_RM017-PV002-SEG02,317,6.340000000,GM_RM017|000317|gm_rm017_00021,1,usable:1,977.076000,1007.111000,149.812000,68.644000,175.000000,979.576000,1008.010500,156.789000,69.390500,178.000000,0.000000,0.000000,1.750000,"902.240,1170.735;1155.219,1032.375;1051.912,843.487;798.933,981.847","902.614,1180.795;1166.297,1038.222;1056.538,835.226;792.855,977.799",788,831,1172,1186,-0.479846,-0.877353,0.877353,-0.479846,61.512041,82.383712,65.933945,85.645629,31.000000,45.000000,68.000000,95.000000,44.000000,5.000000,13,145,45.395440,1.000000,0.000000,D:\profile\research\data\GM_RM017\GM_RM017_SARframes_gray\000317.png,1adfc47b505fe4bd616095f696951a008b1b0cf64f40cb07f1126cdbd0ecb16f,22,8,14,false,INDEX_ALIGNED_DISPLAY_DERIVATION_SUPPORTED,all original GT rows retained as anchor evidence; field reconstructed once per unique vehicle/frame
S1L-FIELD-GM_RM017-GM_RM017_PV002-000319,GM_RM017,GM_RM017:PV002,development,A,S0MV-GM_RM017-PV002-SEG02,319,6.380000000,GM_RM017|000319|frameadd_gm_rm017_000153_000319_01,1,usable:1,982.076000,1008.910000,159.155000,70.137000,179.000000,982.076000,1007.111000,154.423000,70.137000,179.000000,0.000000,0.000000,1.750000,"903.756,1184.685;1171.736,1041.466;1060.396,833.135;792.416,976.354","905.604,1179.126;1167.434,1039.972;1058.548,835.096;796.718,974.250",788,829,1177,1190,-0.471348,-0.881947,0.881947,-0.471348,67.490522,86.814330,66.289578,84.717459,31.000000,45.000000,68.000000,95.000000,52.000000,6.000000,15,202,53.124387,1.000000,0.000000,D:\profile\research\data\GM_RM017\GM_RM017_SARframes_gray\000319.png,43dc25c8025b27a1d09ac257ab89d42ff035e09b71acc32ec3bbee726a57a3a0,30,12,18,false,INDEX_ALIGNED_DISPLAY_DERIVATION_SUPPORTED,all original GT rows retained as anchor evidence; field reconstructed once per unique vehicle/frame
S1L-FIELD-GM_RM017-GM_RM017_PV002-000321,GM_RM017,GM_RM017:PV002,development,A,S0MV-GM_RM017-PV002-SEG02,321,6.420000000,GM_RM017|000321|gm_rm017_00025,1,usable:1,993.833000,1004.750000,154.423000,74.500000,0.000000,993.833000,1007.111000,152.033000,70.137000,0.000000,0.000000,0.000000,1.750000,"911.300,1176.922;1180.567,1044.567;1076.366,832.578;807.099,964.933","913.186,1174.277;1175.668,1044.316;1074.480,839.945;811.998,969.906",803,828,1186,1182,-0.441126,-0.897445,0.897445,-0.441126,67.489852,85.725013,65.156821,83.683977,31.000000,45.000000,68.000000,95.000000,50.000000,5.000000,13,170,50.064472,1.000000,0.000000,D:\profile\research\data\GM_RM017\GM_RM017_SARframes_gray\000321.png,3373eeead4931ed1f29ea4852f9975322a1f9019cc2f94024a70ffd476aa9e00,25,13,12,false,INDEX_ALIGNED_DISPLAY_DERIVATION_SUPPORTED,all original GT rows retained as anchor evidence; field reconstructed once per unique vehicle/frame
S1L-FIELD-GM_RM017-GM_RM017_PV002-000323,GM_RM017,GM_RM017:PV002,development,A,S0MV-GM_RM017-PV002-SEG02,323,6.460000000,GM_RM017|000323|gm_rm017_00027,1,usable:1,1010.317000,1004.063000,152.033000,76.979000,1.000000,1010.317000,1008.267000,152.033000,71.222000,0.000000,0.000000,0.000000,1.750000,"920.996,1171.044;1193.774,1051.016;1099.638,837.082;826.860,957.110","921.391,1169.525;1189.695,1049.926;1099.243,847.009;830.939,966.608",822,833,1199,1177,-0.402754,-0.915308,0.915308,-0.402754,66.779470,85.147919,63.475346,83.929527,31.000000,45.000000,68.000000,95.000000,48.000000,5.000000,10,232,49.571095,1.000000,0.000000,D:\profile\research\data\GM_RM017\GM_RM017_SARframes_gray\000323.png,961d17330726aa13dd82a04bfb68a0f6128f43476f14a59950dcabec58336473,23,11,12,false,INDEX_ALIGNED_DISPLAY_DERIVATION_SUPPORTED,all original GT rows retained as anchor evidence; field reconstructed once per unique vehicle/frame
S1L-FIELD-GM_RM017-GM_RM017_PV002-000325,GM_RM017,GM_RM017:PV002,development,A,S0MV-GM_RM017-PV002-SEG02,325,6.500000000,GM_RM017|000325|gm_rm017_00029,1,usable:1,1021.685000,1008.302000,146.473000,67.871000,0.000000,1021.685000,1008.267000,148.762000,71.937000,0.000000,0.000000,0.000000,1.750000,"930.492,1157.743;1191.577,1050.558;1112.878,858.861;851.793,966.046","929.060,1162.666;1196.076,1053.058;1114.310,853.868;847.294,963.476",843,849,1202,1168,-0.379778,-0.925078,0.925078,-0.379778,59.206627,80.637437,61.519870,82.468029,31.000000,45.000000,68.000000,95.000000,54.000000,6.000000,16,255,55.825892,1.000000,0.000000,D:\profile\research\data\GM_RM017\GM_RM017_SARframes_gray\000325.png,1101855637dfe04c1abaf992722b9ef848f00104cc4bebaab138e5661522bf66,26,9,17,false,INDEX_ALIGNED_DISPLAY_DERIVATION_SUPPORTED,all original GT rows retained as anchor evidence; field reconstructed once per unique vehicle/frame
S1L-FIELD-GM_RM017-GM_RM017_PV002-000327,GM_RM017,GM_RM017:PV002,development,A,S0MV-GM_RM017-PV002-SEG02,327,6.540000000,GM_RM017|000327|gm_rm017_00031,1,usable:1,1031.899000,1008.267000,148.762000,71.222000,1.000000,1031.899000,1008.302000,148.762000,71.222000,0.000000,0.000000,0.000000,1.750000,"934.833,1158.506;1204.143,1056.490;1128.965,858.028;859.655,960.044","934.407,1156.869;1203.358,1054.978;1129.391,859.735;860.440,961.626",855,854,1210,1164,-0.354240,-0.935154,0.935154,-0.354240,60.635313,82.281359,59.652664,82.172835,31.000000,45.000000,68.000000,95.000000,51.000000,6.000000,13,255,52.464566,1.000000,0.000000,D:\profile\research\data\GM_RM017\GM_RM017_SARframes_gray\000327.png,3ce819630fe954061a0386b50c091b8536792db5fe007701357ed2ffb94336ae,21,11,10,false,INDEX_ALIGNED_DISPLAY_DERIVATION_SUPPORTED,all original GT rows retained as anchor evidence; field reconstructed once per unique vehicle/frame
S1L-FIELD-GM_RM017-GM_RM017_PV002-000329,GM_RM017,GM_RM017:PV002,development,A,S0MV-GM_RM017-PV002-SEG02,329,6.580000000,GM_RM017|000329|gm_rm017_00033,1,usable:1,1047.415000,1009.202000,142.137000,71.937000,0.000000,1047.415000,1009.202000,148.762000,68.390000,0.000000,0.000000,0.000000,1.750000,"947.691,1146.463;1209.397,1059.674;1147.139,871.941;885.433,958.730","943.042,1146.823;1213.339,1057.185;1151.788,871.581;881.491,961.219",877,867,1219,1152,-0.314772,-0.949167,0.949167,-0.314772,56.510520,78.777784,55.869796,81.363634,31.000000,45.000000,68.000000,95.000000,43.000000,5.000000,12,213,43.820285,1.000000,0.000000,D:\profile\research\data\GM_RM017\GM_RM017_SARframes_gray\000329.png,660f3b07130b69456bb50996afb8d76440f37e018751a1abdda4000ee30553ee,20,7,13,false,INDEX_ALIGNED_DISPLAY_DERIVATION_SUPPORTED,all original GT rows retained as anchor evidence; field reconstructed once per unique vehicle/frame
S1L-FIELD-GM_RM017-GM_RM017_PV002-000330,GM_RM017,GM_RM017:PV002,development,A,S0MV-GM_RM017-PV002-SEG02,330,6.600000000,GM_RM017|000330|gm17supp_000158_000330_det1,1,usable:1,1050.984000,1010.790000,164.000000,66.194000,179.000000,1050.984000,1009.621000,157.981000,68.390000,179.000000,0.000000,0.000000,1.750000,"934.030,1150.411;1227.442,1055.899;1167.938,871.169;874.526,965.681","938.226,1147.923;1223.166,1056.474;1163.742,871.319;878.802,962.768",870,867,1233,1156,-0.306602,-0.951838,0.951838,-0.306602,55.450670,88.073893,55.559152,85.501556,31.000000,45.000000,68.000000,95.000000,38.000000,5.000000,10,188,39.253939,1.000000,0.000000,D:\profile\research\data\GM_RM017\GM_RM017_SARframes_gray\000330.png,265a200620db98370237ed6fde7ba9f98b10f5780e920f04fd93b6a6f9c7630d,9,6,3,false,INDEX_ALIGNED_DISPLAY_DERIVATION_SUPPORTED,all original GT rows retained as anchor evidence; field reconstructed once per unique vehicle/frame
S1L-FIELD-GM_RM017-GM_RM017_PV002-000331,GM_RM017,GM_RM017:PV002,development,A,S0MV-GM_RM017-PV002-SEG02,331,6.620000000,GM_RM017|000331|gm_rm017_00036,1,usable:1,1060.746000,1009.975000,158.375000,68.390000,178.000000,1060.746000,1009.621000,157.981000,68.390000,179.000000,0.000000,0.000000,1.750000,"943.351,1139.977;1229.552,1056.735;1178.141,879.973;891.940,963.215","943.801,1141.475;1230.137,1058.286;1177.691,877.767;891.355,960.956",887,873,1236,1147,-0.279278,-0.960210,0.960210,-0.279278,52.595983,85.160428,53.709495,85.192809,31.000000,45.000000,68.000000,95.000000,34.000000,4.000000,12,161,36.269382,1.000000,0.000000,D:\profile\research\data\GM_RM017\GM_RM017_SARframes_gray\000331.png,5dd0e713693d7eb45e25920ff5d6b4f63cf7b315332c488e139c8e7da019fcbb,11,5,6,false,INDEX_ALIGNED_DISPLAY_DERIVATION_SUPPORTED,all original GT rows retained as anchor evidence; field reconstructed once per unique vehicle/frame
S1L-FIELD-GM_RM017-GM_RM017_PV002-000332,GM_RM017,GM_RM017:PV002,development,A,S0MV-GM_RM017-PV002-SEG02,332,6.640000000,GM_RM017|000332|gm17supp_000159_000332_det3,1,usable:1,1062.413000,1009.621000,157.981000,66.648000,178.000000,1062.413000,1009.975000,158.132000,66.648000,178.000000,0.000000,0.000000,1.750000,"944.555,1136.707;1229.589,1055.377;1180.271,882.535;895.237,963.865","944.480,1137.197;1229.751,1055.709;1180.346,882.753;895.075,964.241",891,878,1235,1143,-0.274385,-0.961620,0.961620,-0.274385,51.354356,84.688708,51.392486,84.765865,31.000000,45.000000,68.000000,95.000000,33.000000,4.000000,9,135,34.790756,1.000000,0.000000,D:\profile\research\data\GM_RM017\GM_RM017_SARframes_gray\000332.png,2387d9abfd5c9656af13ffe476569cbf4b2c4f7f5e2322b7a0524bf643947410,11,5,6,false,INDEX_ALIGNED_DISPLAY_DERIVATION_SUPPORTED,all original GT rows retained as anchor evidence; field reconstructed once per unique vehicle/frame
S1L-FIELD-GM_RM017-GM_RM017_PV002-000333,GM_RM017,GM_RM017:PV002,development,A,S0MV-GM_RM017-PV002-SEG02,333,6.660000000,GM_RM017|000333|gm_rm017_00038,1,usable:1,1073.125000,1009.103000,155.122000,69.300000,179.000000,1073.125000,1009.621000,157.981000,68.390000,178.000000,0.000000,0.000000,1.750000,"953.505,1131.859;1236.591,1060.647;1192.745,886.347;909.659,957.559","951.272,1130.639;1237.773,1058.451;1194.978,888.603;908.477,960.791",904,882,1243,1137,-0.243957,-0.969786,0.969786,-0.243957,51.351507,83.401705,50.044677,84.415905,31.000000,45.000000,68.000000,95.000000,36.000000,4.000000,12,142,36.654057,1.000000,0.000000,D:\profile\research\data\GM_RM017\GM_RM017_SARframes_gray\000333.png,b0c48574a4d8b87ffb8d60d8de8be59956628924430d271d804f50b4c117aaa3,11,7,4,false,INDEX_ALIGNED_DISPLAY_DERIVATION_SUPPORTED,all original GT rows retained as anchor evidence; field reconstructed once per unique vehicle/frame
S1L-FIELD-GM_RM017-GM_RM017_PV002-000334,GM_RM017,GM_RM017:PV002,development,A,S0MV-GM_RM017-PV002-SEG02,334,6.680000000,GM_RM017|000334|gm17supp_000160_000334_det3,1,usable:1,1077.382000,1010.473000,158.132000,64.442000,178.000000,1077.382000,1009.621000,157.981000,69.300000,178.000000,0.000000,0.000000,1.750000,"953.866,1125.125;1239.422,1056.781;1200.898,895.821;915.342,964.165","954.064,1128.315;1241.015,1059.820;1200.700,890.927;913.749,959.422",909,886,1247,1134,-0.232763,-0.972534,0.972534,-0.232763,47.287497,83.891448,49.610714,84.289119,31.000000,45.000000,68.000000,95.000000,39.000000,5.000000,10,163,39.647408,1.000000,0.000000,D:\profile\research\data\GM_RM017\GM_RM017_SARframes_gray\000334.png,4b9b16cc5ada4fbb68c609f80d2aa101a285c1caed29337608d9e5fe7ef347ab,16,8,8,false,INDEX_ALIGNED_DISPLAY_DERIVATION_SUPPORTED,all original GT rows retained as anchor evidence; field reconstructed once per unique vehicle/frame
S1L-FIELD-GM_RM017-GM_RM017_PV002-000335,GM_RM017,GM_RM017:PV002,development,A,S0MV-GM_RM017-PV002-SEG02,335,6.700000000,GM_RM017|000335|gm_rm017_00039,1,usable:1,1084.338000,1004.145000,153.285000,74.297000,177.000000,1084.338000,1009.103000,155.122000,74.297000,177.000000,0.000000,0.000000,1.750000,"962.601,1117.331;1241.673,1057.780;1206.075,890.959;927.003,950.510","961.411,1123.663;1243.659,1062.506;1207.265,894.543;925.017,955.700",921,886,1249,1129,-0.208691,-0.977982,0.977982,-0.208691,48.736347,81.529872,49.103048,82.513564,31.000000,45.000000,68.000000,95.000000,40.000000,4.000000,9,186,42.213128,1.000000,0.000000,D:\profile\research\data\GM_RM017\GM_RM017_SARframes_gray\000335.png,f8ada829c0a7d4c7859808faa20715cd582d28c8dcf5c680d1a843670ff59fbc,16,11,5,false,INDEX_ALIGNED_DISPLAY_DERIVATION_SUPPORTED,all original GT rows retained as anchor evidence; field reconstructed once per unique vehicle/frame
S1L-FIELD-GM_RM017-GM_RM017_PV002-000336,GM_RM017,GM_RM017:PV002,development,A,S0MV-GM_RM017-PV002-SEG02,336,6.720000000,GM_RM017|000336|gm17supp_000161_000336_det2,1,usable:1,1095.410000,1010.403000,163.960000,74.565000,177.000000,1095.410000,1009.292000,153.285000,74.297000,177.000000,0.000000,0.000000,1.750000,"962.180,1119.268;1258.557,1065.037;1228.640,901.538;932.263,955.769","971.015,1114.921;1249.082,1064.216;1219.805,903.663;941.738,954.368",928,897,1264,1125,-0.179993,-0.983668,0.983668,-0.179993,47.489663,86.084974,46.628556,80.757758,31.000000,45.000000,68.000000,95.000000,40.000000,5.000000,9,185,41.999366,1.000000,0.000000,D:\profile\research\data\GM_RM017\GM_RM017_SARframes_gray\000336.png,7a0adb4c0053a497b8ed600e573ec6a24b25b2f065049d7cdcd1b7ddb0eb33ca,17,10,7,false,INDEX_ALIGNED_DISPLAY_DERIVATION_SUPPORTED,all original GT rows retained as anchor evidence; field reconstructed once per unique vehicle/frame
S1L-FIELD-GM_RM017-GM_RM017_PV002-000337,GM_RM017,GM_RM017:PV002,development,A,S0MV-GM_RM017-PV002-SEG02,337,6.740000000,GM_RM017|000337|gm17supp_000162_000337_det2,1,usable:1,1095.721000,1005.685000,151.119000,75.466000,174.000000,1095.721000,1005.798000,153.285000,74.565000,177.000000,0.000000,0.000000,1.750000,"974.513,1104.101;1243.578,1055.839;1216.929,907.269;947.864,955.531","971.110,1110.938;1249.112,1061.056;1220.332,900.658;942.330,950.540",938,896,1255,1116,-0.176549,-0.984292,0.984292,-0.176549,43.126103,78.102666,46.559978,80.697738,31.000000,45.000000,68.000000,95.000000,43.000000,5.000000,13,178,44.847614,1.000000,0.000000,D:\profile\research\data\GM_RM017\GM_RM017_SARframes_gray\000337.png,974aa0f70caea2efc1b821384bbada9aef515b6a89960e8207b4855c53be0ac8,17,11,6,false,INDEX_ALIGNED_DISPLAY_DERIVATION_SUPPORTED,all original GT rows retained as anchor evidence; field reconstructed once per unique vehicle/frame
S1L-FIELD-GM_RM017-GM_RM017_PV002-000338,GM_RM017,GM_RM017:PV002,development,A,S0MV-GM_RM017-PV002-SEG02,338,6.760000000,GM_RM017|000338|gm_rm017_00043,1,usable:1,1103.718000,1009.292000,148.390000,62.896000,178.000000,1103.718000,1009.292000,151.119000,74.565000,177.000000,0.000000,0.000000,1.750000,"980.696,1099.620;1248.454,1057.718;1226.740,918.964;958.982,960.866","979.283,1108.198;1252.420,1065.455;1228.153,910.386;955.016,953.129",951,906,1258,1114,-0.154610,-0.987976,0.987976,-0.154610,40.126683,77.433403,44.844749,78.988668,31.000000,45.000000,68.000000,95.000000,45.000000,6.000000,11,208,47.390648,1.000000,0.000000,D:\profile\research\data\GM_RM017\GM_RM017_SARframes_gray\000338.png,ea225e5d6847b6bf2ee3e78f0987133f77545b5ae15fbdd2c7f20d1b189acc7c,16,9,7,false,INDEX_ALIGNED_DISPLAY_DERIVATION_SUPPORTED,all original GT rows retained as anchor evidence; field reconstructed once per unique vehicle/frame
S1L-FIELD-GM_RM017-GM_RM017_PV002-000339,GM_RM017,GM_RM017:PV002,development,A,S0MV-GM_RM017-PV002-SEG02,339,6.780000000,GM_RM017|000339|gm17supp_000163_000339_det3,1,usable:1,1111.398000,1005.798000,158.313000,78.952000,175.000000,1111.398000,1008.903000,151.119000,68.755000,177.000000,0.000000,0.000000,1.750000,"980.976,1098.541;1261.326,1061.770;1241.820,913.055;961.470,949.826","985.249,1096.671;1256.044,1060.809;1237.547,921.135;966.752,956.997",957,909,1267,1104,-0.130049,-0.991508,0.991508,-0.130049,42.854036,80.785870,40.255287,78.045430,31.000000,45.000000,68.000000,95.000000,52.000000,6.000000,16,250,55.725429,1.000000,0.000000,D:\profile\research\data\GM_RM017\GM_RM017_SARframes_gray\000339.png,8ae582021a307235ed55d78312bfc5c905c930a455726e9f9840c5b39e7b75cd,18,7,11,false,INDEX_ALIGNED_DISPLAY_DERIVATION_SUPPORTED,all original GT rows retained as anchor evidence; field reconstructed once per unique vehicle/frame
S1L-FIELD-GM_RM017-GM_RM017_PV002-000340,GM_RM017,GM_RM017:PV002,development,A,S0MV-GM_RM017-PV002-SEG02,340,6.800000000,GM_RM017|000340|gm_rm017_00046,1,usable:1,1115.084000,1010.773000,144.738000,65.413000,179.000000,1115.084000,1008.930000,149.050000,68.755000,178.000000,0.000000,0.000000,1.750000,"992.621,1096.221;1254.464,1064.360;1237.547,925.325;975.704,957.186","989.519,1095.716;1257.722,1063.269;1240.649,922.144;972.446,954.591",968,918,1263,1102,-0.120787,-0.992678,0.992678,-0.120787,40.017129,75.364139,40.615303,77.188249,31.000000,45.000000,68.000000,95.000000,55.000000,7.000000,12,255,58.467031,1.000000,0.000000,D:\profile\research\data\GM_RM017\GM_RM017_SARframes_gray\000340.png,5da55b5d6f2448fc56a3529b06529fd2e1347ad0e2657a505092a701d04017f1,27,7,20,false,INDEX_ALIGNED_DISPLAY_DERIVATION_SUPPORTED,all original GT rows retained as anchor evidence; field reconstructed once per unique vehicle/frame
S1L-FIELD-GM_RM017-GM_RM017_PV002-000341,GM_RM017,GM_RM017:PV002,development,A,S0MV-GM_RM017-PV002-SEG02,341,6.820000000,GM_RM017|000341|gm17supp_000164_000341_det2,1,usable:1,1129.371000,1008.903000,169.245000,68.755000,177.000000,1127.160000,1008.930000,158.313000,69.700000,177.000000,0.000000,0.000000,1.750000,"985.177,1083.833;1283.291,1061.010;1273.565,933.973;975.451,956.796","992.729,1085.610;1272.440,1062.271;1261.591,932.250;981.880,955.589",971,928,1289,1091,-0.076336,-0.997082,0.997082,-0.076336,36.402563,85.424699,37.277856,80.195029,31.000000,45.000000,68.000000,95.000000,54.000000,7.000000,16,249,57.704163,1.000000,0.000000,D:\profile\research\data\GM_RM017\GM_RM017_SARframes_gray\000341.png,4dd61956e3be673b20d81281ea8b00c00bb0b74befc89e6d684a7d94e178fb32,23,5,18,false,INDEX_ALIGNED_DISPLAY_DERIVATION_SUPPORTED,all original GT rows retained as anchor evidence; field reconstructed once per unique vehicle/frame
S1L-FIELD-GM_RM017-GM_RM017_PV002-000342,GM_RM017,GM_RM017:PV002,development,A,S0MV-GM_RM017-PV002-SEG02,342,6.840000000,GM_RM017|000342|gm_rm017_00048,1,usable:1,1127.160000,1008.930000,149.050000,69.700000,178.000000,1129.371000,1009.731000,160.347000,69.700000,178.000000,0.000000,0.000000,1.750000,"999.997,1086.992;1265.502,1064.839;1254.323,930.868;988.818,953.021","992.176,1087.242;1276.788,1065.396;1266.566,932.220;981.954,954.066",977,926,1282,1093,-0.083151,-0.996537,0.996537,-0.083151,38.410516,76.122052,38.162077,81.556712,31.000000,45.000000,68.000000,95.000000,54.000000,7.000000,13,255,58.073307,1.000000,0.000000,D:\profile\research\data\GM_RM017\GM_RM017_SARframes_gray\000342.png,8193debe85b8c95eb43ead02c5b72f0dd9f64766337c909dfe8015ae4681976c,24,6,18,false,INDEX_ALIGNED_DISPLAY_DERIVATION_SUPPORTED,all original GT rows retained as anchor evidence; field reconstructed once per unique vehicle/frame
S1L-FIELD-GM_RM017-GM_RM017_PV002-000343,GM_RM017,GM_RM017:PV002,development,A,S0MV-GM_RM017-PV002-SEG02,343,6.860000000,GM_RM017|000343|gm17supp_000165_000343_det2,1,usable:1,1138.871000,1011.290000,162.161000,76.742000,177.000000,1138.871000,1009.731000,162.161000,72.032000,177.000000,0.000000,0.000000,1.750000,"1000.016,1085.805;1284.149,1072.343;1277.726,936.775;993.593,950.237","999.813,1080.130;1283.936,1066.733;1277.929,939.332;993.806,952.729",989,932,1290,1091,-0.047327,-0.998879,0.998879,-0.047327,38.777147,81.271910,36.440716,81.268241,31.000000,45.000000,68.000000,95.000000,54.000000,6.000000,17,242,57.900380,1.000000,0.000000,D:\profile\research\data\GM_RM017\GM_RM017_SARframes_gray\000343.png,57ab7f0998b172b170753daa4672c9e80a3bdc3767770bd09c5c10a07341cd6f,24,8,16,false,INDEX_ALIGNED_DISPLAY_DERIVATION_SUPPORTED,all original GT rows retained as anchor evidence; field reconstructed once per unique vehicle/frame
S1L-FIELD-GM_RM017-GM_RM017_PV002-000344,GM_RM017,GM_RM017:PV002,development,A,S0MV-GM_RM017-PV002-SEG02,344,6.880000000,GM_RM017|000344|gm_rm017_00052,1,usable:1,1140.293000,1009.731000,160.347000,74.382000,178.000000,1140.293000,1010.129000,160.347000,74.382000,177.000000,0.000000,0.000000,1.750000,"1002.440,1081.855;1283.795,1069.836;1278.146,937.607;996.791,949.626","1002.338,1082.521;1283.926,1070.477;1278.248,937.737;996.660,949.781",992,933,1289,1088,-0.042679,-0.999089,0.999089,-0.042679,37.814193,80.460609,37.960197,80.527352,31.000000,45.000000,68.000000,95.000000,52.000000,7.000000,12,252,56.486476,1.000000,0.000000,D:\profile\research\data\GM_RM017\GM_RM017_SARframes_gray\000344.png,70e97ee099ad21023391da841f210e5b222c7fdfced5e4324cc130cb558c377c,20,9,11,false,INDEX_ALIGNED_DISPLAY_DERIVATION_SUPPORTED,all original GT rows retained as anchor evidence; field reconstructed once per unique vehicle/frame
S1L-FIELD-GM_RM017-GM_RM017_PV002-000345,GM_RM017,GM_RM017:PV002,development,A,S0MV-GM_RM017-PV002-SEG02,345,6.900000000,GM_RM017|000345|gm17supp_000166_000345_det2,1,usable:1,1147.065000,1010.129000,162.935000,72.032000,177.000000,1147.065000,1010.950000,160.347000,74.382000,177.000000,0.000000,0.000000,1.750000,"1004.120,1080.616;1292.926,1074.366;1290.010,939.642;1001.204,945.892","1006.369,1083.375;1290.769,1077.204;1287.761,938.525;1003.361,944.696",997,934,1298,1089,-0.021635,-0.999766,0.999766,-0.021635,38.501607,82.535405,39.631884,81.276199,31.000000,45.000000,68.000000,95.000000,54.000000,7.000000,18,237,58.420538,1.000000,0.000000,D:\profile\research\data\GM_RM017\GM_RM017_SARframes_gray\000345.png,e2e3c37156c7fd5fd9fd4fec450e798f67d965e04449cc009e3481d308c47739,17,8,9,false,INDEX_ALIGNED_DISPLAY_DERIVATION_SUPPORTED,all original GT rows retained as anchor evidence; field reconstructed once per unique vehicle/frame
S1L-FIELD-GM_RM017-GM_RM017_PV002-000346,GM_RM017,GM_RM017:PV002,development,A,S0MV-GM_RM017-PV002-SEG02,346,6.920000000,GM_RM017|000346|gm_rm017_00054,1,usable:1,1156.725000,1010.950000,156.760000,76.360000,176.000000,1156.725000,1010.950000,156.760000,74.382000,177.000000,0.000000,0.000000,1.750000,"1014.098,1087.081;1298.034,1089.502;1299.352,934.819;1015.416,932.398","1015.234,1083.056;1296.966,1085.458;1298.216,938.844;1016.484,936.442",1010,928,1305,1095,0.008525,-0.999964,0.999964,0.008525,44.196764,81.127573,41.891293,80.497741,31.000000,45.000000,68.000000,95.000000,54.000000,7.000000,13,235,57.680229,1.000000,0.000000,D:\profile\research\data\GM_RM017\GM_RM017_SARframes_gray\000346.png,c8a02d216175eecde6bf93a8d05fe2eda0a8fa8f1e88aab263d85d8e9c92001c,28,9,19,false,INDEX_ALIGNED_DISPLAY_DERIVATION_SUPPORTED,all original GT rows retained as anchor evidence; field reconstructed once per unique vehicle/frame
S1L-FIELD-GM_RM017-GM_RM017_PV002-000347,GM_RM017,GM_RM017:PV002,development,A,S0MV-GM_RM017-PV002-SEG02,347,6.940000000,GM_RM017|000347|gm17supp_000167_000347_det3,1,usable:1,1160.194000,1011.129000,155.871000,70.484000,174.000000,1160.194000,1010.950000,156.760000,76.360000,176.000000,0.000000,0.000000,1.750000,"1015.735,1086.425;1301.626,1091.968;1304.653,935.833;1018.762,930.290","1016.124,1086.940;1301.212,1092.464;1304.264,934.960;1019.176,929.436",1011,925,1310,1098,0.019385,-0.999812,0.999812,0.019385,44.618414,81.698652,45.009564,81.469235,31.000000,45.000000,68.000000,95.000000,52.000000,6.000000,17,239,55.645499,1.000000,0.000000,D:\profile\research\data\GM_RM017\GM_RM017_SARframes_gray\000347.png,d6b0e0ffae5a8b378210a59af926544d6d4bcfc67d4d48e3fa9e26d7550e02a1,20,9,11,false,INDEX_ALIGNED_DISPLAY_DERIVATION_SUPPORTED,all original GT rows retained as anchor evidence; field reconstructed once per unique vehicle/frame
S1L-FIELD-GM_RM017-GM_RM017_PV002-000348,GM_RM017,GM_RM017:PV002,development,A,S0MV-GM_RM017-PV002-SEG02,348,6.960000000,GM_RM017|000348|gm_rm017_00058,1,usable:1,1164.610000,1011.088000,138.260000,77.023000,178.000000,1164.610000,1010.950000,155.871000,77.023000,176.000000,0.000000,0.000000,1.750000,"1036.891,1082.360;1287.319,1090.676;1292.329,939.816;1041.901,931.500","1019.406,1087.235;1304.436,1096.696;1309.814,934.665;1024.784,925.204",1015,921,1315,1102,0.033189,-0.999449,0.999449,0.033189,43.126441,71.590392,46.320097,81.481876,31.000000,45.000000,68.000000,95.000000,51.000000,6.000000,12,239,53.961738,1.000000,0.000000,D:\profile\research\data\GM_RM017\GM_RM017_SARframes_gray\000348.png,cc6292f913fa29b3b93588410615bc0ba7f2d756c43f88f5963854ac55bc5c03,25,11,14,false,INDEX_ALIGNED_DISPLAY_DERIVATION_SUPPORTED,all original GT rows retained as anchor evidence; field reconstructed once per unique vehicle/frame
S1L-FIELD-GM_RM017-GM_RM017_PV002-000349,GM_RM017,GM_RM017:PV002,development,A,S0MV-GM_RM017-PV002-SEG02,349,6.980000000,GM_RM017|000349|gm17supp_000168_000349_det1,1,usable:1,1175.342000,1006.066000,168.613000,78.790000,176.000000,1175.342000,1009.760000,155.871000,77.023000,176.000000,0.000000,0.000000,1.750000,"1014.391,1083.909;1324.713,1104.316;1336.293,928.223;1025.971,907.816","1025.722,1085.290;1313.639,1104.442;1324.962,934.230;1037.045,915.078",1010,903,1342,1110,0.065620,-0.997845,0.997845,0.065620,50.420991,88.854993,48.739417,82.443733,31.000000,45.000000,68.000000,95.000000,51.000000,6.000000,12,252,53.456475,1.000000,0.000000,D:\profile\research\data\GM_RM017\GM_RM017_SARframes_gray\000349.png,18e5d748568145dedf6c44a2692be6fe07e2dccf20106ac517f7809ccdf9b4aa,25,11,14,false,INDEX_ALIGNED_DISPLAY_DERIVATION_SUPPORTED,all original GT rows retained as anchor evidence; field reconstructed once per unique vehicle/frame
S1L-FIELD-GM_RM017-GM_RM017_PV002-000350,GM_RM017,GM_RM017:PV002,development,A,S0MV-GM_RM017-PV002-SEG02,350,7.000000000,GM_RM017|000350|gm_rm017_00060,1,usable:1,1177.320000,1004.422000,154.427000,83.797000,177.000000,1177.320000,1009.353000,154.427000,77.023000,176.000000,0.000000,0.000000,1.750000,"1028.167,1083.425;1313.717,1103.840;1326.473,925.419;1040.923,905.004","1028.164,1084.626;1314.041,1105.378;1326.476,934.080;1040.599,913.328",1024,901,1332,1111,0.071313,-0.997454,0.997454,0.071313,51.107649,81.794194,49.071166,81.894187,31.000000,45.000000,68.000000,95.000000,50.000000,6.000000,11,253,51.430989,1.000000,0.000000,D:\profile\research\data\GM_RM017\GM_RM017_SARframes_gray\000350.png,0aedba982de4ba28e7eb93c947e231ce126e237fe0db142842067a310717bcb6,16,7,9,false,INDEX_ALIGNED_DISPLAY_DERIVATION_SUPPORTED,all original GT rows retained as anchor evidence; field reconstructed once per unique vehicle/frame
S1L-FIELD-GM_RM017-GM_RM017_PV002-000351,GM_RM017,GM_RM017:PV002,development,A,S0MV-GM_RM017-PV002-SEG02,351,7.020000000,GM_RM017|000351|gm17supp_000168_000351_det1,1,usable:1,1189.747000,1009.760000,160.616000,71.042000,174.000000,1189.747000,1009.353000,157.981000,76.407000,176.000000,0.000000,0.000000,1.750000,"1030.032,1083.325;1329.353,1116.675;1349.462,936.195;1050.141,902.845","1032.640,1083.032;1326.814,1115.767;1346.854,935.674;1052.680,902.939",1026,898,1355,1122,0.110732,-0.993850,0.993850,0.110732,51.884871,86.049324,51.772746,84.568722,31.000000,45.000000,68.000000,95.000000,50.000000,5.000000,15,225,51.751047,1.000000,0.000000,D:\profile\research\data\GM_RM017\GM_RM017_SARframes_gray\000351.png,d3422c416ad770e011955c4bb29b53bdd697ed010bf5c8e25c37625ca8c06ca6,21,9,12,false,INDEX_ALIGNED_DISPLAY_DERIVATION_SUPPORTED,all original GT rows retained as anchor evidence; field reconstructed once per unique vehicle/frame
S1L-FIELD-GM_RM017-GM_RM017_PV002-000352,GM_RM017,GM_RM017:PV002,development,A,S0MV-GM_RM017-PV002-SEG02,352,7.040000000,GM_RM017|000352|gm_rm017_00063,1,usable:1,1190.333000,1009.353000,154.000000,76.407000,176.000000,1190.333000,1009.760000,154.427000,75.187000,177.000000,0.000000,0.000000,1.750000,"1036.470,1082.720;1323.923,1115.231;1344.196,935.986;1056.743,903.475","1037.347,1080.097;1323.716,1112.526;1343.319,939.423;1056.950,906.994",1032,899,1350,1121,0.112383,-0.993665,0.993665,0.112383,51.539199,82.653160,49.774003,82.342666,31.000000,45.000000,68.000000,95.000000,50.000000,6.000000,9,220,51.458325,1.000000,0.000000,D:\profile\research\data\GM_RM017\GM_RM017_SARframes_gray\000352.png,6d4eae38dd9ed3d5561824b5db939cf8895172fb9c6f4763e564ca2cacb3cd6c,28,10,18,false,INDEX_ALIGNED_DISPLAY_DERIVATION_SUPPORTED,all original GT rows retained as anchor evidence; field reconstructed once per unique vehicle/frame
S1L-FIELD-GM_RM017-GM_RM017_PV002-000353,GM_RM017,GM_RM017:PV002,development,A,S0MV-GM_RM017-PV002-SEG02,353,7.060000000,GM_RM017|000353|gm17supp_000169_000353_det1,1,usable:1,1203.171000,1010.061000,157.981000,75.187000,177.000000,1203.171000,1010.061000,155.548000,71.042000,177.000000,0.000000,0.000000,1.750000,"1042.149,1078.941;1336.142,1124.040;1364.193,941.181;1070.200,896.082","1045.542,1075.431;1333.957,1119.674;1360.800,944.691;1072.385,900.448",1038,892,1370,1130,0.151627,-0.988438,0.988438,0.151627,52.856554,84.980492,50.580170,83.368267,31.000000,45.000000,68.000000,95.000000,48.000000,5.000000,17,246,51.028177,1.000000,0.000000,D:\profile\research\data\GM_RM017\GM_RM017_SARframes_gray\000353.png,61a1b59559e42d602c58ec9d152154e715d6081fb678b8a7b8f5499d658986a6,24,11,13,false,INDEX_ALIGNED_DISPLAY_DERIVATION_SUPPORTED,all original GT rows retained as anchor evidence; field reconstructed once per unique vehicle/frame
S1L-FIELD-GM_RM017-GM_RM017_PV002-000354,GM_RM017,GM_RM017:PV002,development,A,S0MV-GM_RM017-PV002-SEG02,354,7.080000000,GM_RM017|000354|gm_rm017_00068,1,usable:1,1206.250000,1010.062000,153.525000,69.400000,178.000000,1206.250000,1010.062000,154.000000,70.826000,177.000000,0.000000,0.000000,1.750000,"1050.715,1071.623;1334.183,1117.831;1361.785,948.501;1078.317,902.293","1048.955,1074.768;1334.853,1121.372;1363.545,945.356;1077.647,898.752",1044,894,1369,1127,0.160884,-0.986973,0.986973,0.160884,49.018623,82.059897,50.954004,82.763213,31.000000,45.000000,68.000000,95.000000,48.000000,5.000000,13,248,49.843615,1.000000,0.000000,D:\profile\research\data\GM_RM017\GM_RM017_SARframes_gray\000354.png,4d328b8b85935a290f65abbc4e364fba48e6813e45067cd248d0eafa14860bd1,16,9,7,false,INDEX_ALIGNED_DISPLAY_DERIVATION_SUPPORTED,all original GT rows retained as anchor evidence; field reconstructed once per unique vehicle/frame
S1L-FIELD-GM_RM017-GM_RM017_PV002-000355,GM_RM017,GM_RM017:PV002,development,A,S0MV-GM_RM017-PV002-SEG02,355,7.100000000,GM_RM017|000355|gm17supp_000170_000355_det3,1,usable:1,1209.187000,1010.258000,155.548000,70.826000,177.000000,1209.187000,1010.062000,155.548000,69.400000,177.000000,0.000000,0.000000,1.750000,"1049.504,1074.616;1338.130,1124.339;1368.870,945.900;1080.244,896.177","1049.994,1073.273;1338.075,1122.872;1368.380,946.851;1080.299,897.252",1045,892,1374,1130,0.169774,-0.985483,0.985483,0.169774,51.733657,83.679276,51.031400,83.519889,31.000000,45.000000,68.000000,95.000000,51.000000,6.000000,15,242,52.602733,1.000000,0.000000,D:\profile\research\data\GM_RM017\GM_RM017_SARframes_gray\000355.png,a906fff681053c65003f3bb2bc1ff2a43f49b0f44b15f372b47a85cdea721e36,22,10,12,false,INDEX_ALIGNED_DISPLAY_DERIVATION_SUPPORTED,all original GT rows retained as anchor evidence; field reconstructed once per unique vehicle/frame
S1L-FIELD-GM_RM017-GM_RM017_PV002-000356,GM_RM017,GM_RM017:PV002,development,A,S0MV-GM_RM017-PV002-SEG02,356,7.120000000,GM_RM017|000356|gm_rm017_00070,1,usable:1,1216.276000,1013.655000,150.438000,68.583000,178.000000,1216.276000,1010.062000,155.548000,69.400000,177.000000,0.000000,0.000000,1.750000,"1060.092,1072.971;1338.405,1127.657;1372.460,954.339;1094.147,899.653","1054.705,1072.226;1342.817,1128.202;1377.847,947.898;1089.735,891.922",1050,887,1383,1134,0.192802,-0.981238,0.981238,0.192802,50.466322,81.038437,52.478472,83.857042,31.000000,45.000000,68.000000,95.000000,47.000000,6.000000,11,202,48.688131,1.000000,0.000000,D:\profile\research\data\GM_RM017\GM_RM017_SARframes_gray\000356.png,e9c3c3af732925fd58c1f23009b7a83523013604b41e5a66572700276377b08d,15,10,5,false,INDEX_ALIGNED_DISPLAY_DERIVATION_SUPPORTED,all original GT rows retained as anchor evidence; field reconstructed once per unique vehicle/frame
S1L-FIELD-GM_RM017-GM_RM017_PV002-000357,GM_RM017,GM_RM017:PV002,development,A,S0MV-GM_RM017-PV002-SEG02,357,7.140000000,GM_RM017|000357|gm17supp_000171_000357_det2,1,usable:1,1224.510000,1008.527000,155.652000,68.023000,177.000000,1224.510000,1010.258000,155.652000,70.826000,177.000000,0.000000,0.000000,1.750000,"1060.836,1068.355;1348.215,1131.270;1388.184,948.699;1100.805,885.784","1059.572,1072.192;1348.200,1135.722;1389.448,948.324;1100.820,884.794",1055,880,1395,1141,0.213861,-0.976864,0.976864,0.213861,53.398433,84.052772,54.823970,84.439000,31.000000,45.000000,68.000000,95.000000,48.000000,5.000000,13,215,50.245739,1.000000,0.000000,D:\profile\research\data\GM_RM017\GM_RM017_SARframes_gray\000357.png,c737ff71e9136fa6c9eb058f1f7f71530d8ec40649fe554c1fde54f365d8cc7a,16,12,4,false,INDEX_ALIGNED_DISPLAY_DERIVATION_SUPPORTED,all original GT rows retained as anchor evidence; field reconstructed once per unique vehicle/frame
S1L-FIELD-GM_RM017-GM_RM017_PV002-000358,GM_RM017,GM_RM017:PV002,development,A,S0MV-GM_RM017-PV002-SEG02,358,7.160000000,GM_RM017|000358|gm_rm017_00073,1,usable:1,1235.385000,1010.033000,163.410000,74.933000,177.000000,1235.385000,1010.033000,155.652000,73.105000,177.000000,0.000000,0.000000,1.750000,"1058.348,1073.427;1360.743,1150.198;1412.422,946.639;1110.027,869.868","1065.963,1071.707;1354.870,1145.055;1404.807,948.359;1115.900,875.011",1054,865,1418,1156,0.246072,-0.969252,0.969252,0.246072,60.004668,89.139270,57.981711,85.163700,31.000000,45.000000,68.000000,95.000000,48.000000,5.000000,13,203,49.950288,1.000000,0.000000,D:\profile\research\data\GM_RM017\GM_RM017_SARframes_gray\000358.png,bc467450fb40498ea90e4bb75d6c6dad0a52d14d56c78189cb2c7c9f06639aca,21,14,7,false,INDEX_ALIGNED_DISPLAY_DERIVATION_SUPPORTED,all original GT rows retained as anchor evidence; field reconstructed once per unique vehicle/frame
S1L-FIELD-GM_RM017-GM_RM017_PV002-000359,GM_RM017,GM_RM017:PV002,development,A,S0MV-GM_RM017-PV002-SEG02,359,7.180000000,GM_RM017|000359|gm17supp_000172_000359_det2,1,usable:1,1236.377000,1012.138000,157.268000,73.105000,177.000000,1236.377000,1008.787000,157.268000,73.105000,177.000000,0.000000,0.000000,1.750000,"1065.053,1073.583;1356.417,1148.951;1407.701,950.693;1116.337,875.325","1065.328,1070.403;1356.784,1145.009;1407.426,947.171;1115.970,872.565",1061,868,1413,1154,0.250429,-0.968135,0.968135,0.250429,58.509638,85.986704,58.347818,85.958127,31.000000,45.000000,68.000000,95.000000,50.000000,5.000000,11,214,51.725949,1.000000,0.000000,D:\profile\research\data\GM_RM017\GM_RM017_SARframes_gray\000359.png,a444fa13736b785b263318d5a67b00cd93c5114d3a0e54bd13aee284bca29be8,18,12,6,false,INDEX_ALIGNED_DISPLAY_DERIVATION_SUPPORTED,all original GT rows retained as anchor evidence; field reconstructed once per unique vehicle/frame
S1L-FIELD-GM_RM017-GM_RM017_PV002-000360,GM_RM017,GM_RM017:PV002,development,A,S0MV-GM_RM017-PV002-SEG02,360,7.200000000,GM_RM017|000360|gm_rm017_00076,1,usable:1,1240.510000,1007.548000,145.640000,77.468000,176.000000,1240.510000,1008.787000,157.268000,74.933000,177.000000,0.000000,0.000000,1.750000,"1075.498,1072.645;1350.908,1146.397;1405.522,942.451;1130.112,868.699","1067.290,1070.919;1359.228,1149.399;1413.730,946.655;1121.792,868.175",1063,864,1419,1155,0.258675,-0.965964,0.965964,0.258675,60.323240,81.461212,59.983371,86.372345,31.000000,45.000000,68.000000,95.000000,46.000000,5.000000,10,190,47.190353,1.000000,0.000000,D:\profile\research\data\GM_RM017\GM_RM017_SARframes_gray\000360.png,211bb7e62c6b7cb69a752633bd7a9aa0aeb8e40b733aa7914d430d22050a7f93,18,8,10,false,INDEX_ALIGNED_DISPLAY_DERIVATION_SUPPORTED,all original GT rows retained as anchor evidence; field reconstructed once per unique vehicle/frame
S1L-FIELD-GM_RM017-GM_RM017_PV002-000361,GM_RM017,GM_RM017:PV002,development,A,S0MV-GM_RM017-PV002-SEG02,361,7.220000000,GM_RM017|000361|gm17supp_000173_000361_det2,1,usable:1,1250.587000,1008.787000,162.497000,71.039000,177.000000,1250.587000,1008.787000,157.268000,73.105000,177.000000,0.000000,0.000000,1.750000,"1071.700,1066.252;1368.265,1155.261;1429.474,951.322;1132.909,862.313","1075.196,1067.467;1364.678,1154.351;1425.978,950.107;1136.496,863.223",1067,858,1435,1161,0.287466,-0.957791,0.957791,0.287466,60.836127,88.467104,60.927018,86.354151,31.000000,45.000000,68.000000,95.000000,43.000000,4.000000,16,182,44.473594,1.000000,0.000000,D:\profile\research\data\GM_RM017\GM_RM017_SARframes_gray\000361.png,a5f8f988a872e05f3b2cf01008c09f0957a59f84264833150ab15ffcd79fd003,12,8,4,false,INDEX_ALIGNED_DISPLAY_DERIVATION_SUPPORTED,all original GT rows retained as anchor evidence; field reconstructed once per unique vehicle/frame
S1L-FIELD-GM_RM017-GM_RM017_PV002-000362,GM_RM017,GM_RM017:PV002,development,A,S0MV-GM_RM017-PV002-SEG02,362,7.240000000,GM_RM017|000362|gm_rm017_00079,1,usable:1,1251.425000,1005.568000,154.520000,77.937000,180.000000,1251.425000,1008.787000,157.710000,77.468000,0.000000,0.000000,0.000000,1.750000,"1078.709,1062.519;1364.338,1148.134;1424.141,948.617;1138.512,863.002","1075.833,1065.190;1366.250,1153.110;1427.017,952.384;1136.600,864.464",1071,859,1433,1159,0.287119,-0.957895,0.957895,0.287119,59.510580,85.195616,59.920741,86.695527,31.000000,45.000000,68.000000,95.000000,44.000000,5.000000,9,176,44.822062,1.000000,0.000000,D:\profile\research\data\GM_RM017\GM_RM017_SARframes_gray\000362.png,a1736ed4b8d3401425fd55a9a4f77f555999018c9fc8f66274323b4bdfc80683,14,8,6,false,INDEX_ALIGNED_DISPLAY_DERIVATION_SUPPORTED,all original GT rows retained as anchor evidence; field reconstructed once per unique vehicle/frame
S1L-FIELD-GM_RM017-GM_RM017_PV002-000363,GM_RM017,GM_RM017:PV002,development,A,S0MV-GM_RM017-PV002-SEG02,363,7.260000000,GM_RM017|000363|gm17supp_000174_000363_det2,1,usable:1,1266.561000,1010.174000,157.710000,71.355000,0.000000,1266.561000,1008.787000,157.710000,75.867000,0.000000,0.000000,0.000000,1.750000,"1089.518,1058.893;1374.241,1158.912;1443.604,961.455;1158.881,861.436","1087.189,1060.698;1374.473,1161.182;1445.933,956.876;1158.649,856.392",1083,852,1451,1167,0.331431,-0.943480,0.943480,0.331431,59.796001,86.222735,61.841019,86.957312,31.000000,45.000000,68.000000,95.000000,44.000000,5.000000,15,210,45.451189,1.000000,0.000000,D:\profile\research\data\GM_RM017\GM_RM017_SARframes_gray\000363.png,793c0e84505708548820e9fe003eb117cacefbee13f32a840a9e09568dc84ac6,16,8,8,false,INDEX_ALIGNED_DISPLAY_DERIVATION_SUPPORTED,all original GT rows retained as anchor evidence; field reconstructed once per unique vehicle/frame
S1L-FIELD-GM_RM017-GM_RM017_PV002-000364,GM_RM017,GM_RM017:PV002,development,A,S0MV-GM_RM017-PV002-SEG02,364,7.280000000,GM_RM017|000364|gm17supp_000175_000364_det2,1,usable:1,1274.344000,1009.831000,158.211000,78.944000,5.000000,1273.867000,1009.831000,157.710000,77.937000,0.000000,0.000000,0.000000,1.750000,"1095.708,1053.557;1380.135,1160.267;1452.980,966.105;1168.553,859.395","1091.149,1061.314;1378.046,1168.523;1456.585,958.348;1169.688,851.139",1087,847,1462,1174,0.351266,-0.936276,0.936276,0.351266,59.250630,86.795924,64.105790,87.506833,31.000000,45.000000,68.000000,95.000000,43.000000,5.000000,9,202,43.957583,1.000000,0.000000,D:\profile\research\data\GM_RM017\GM_RM017_SARframes_gray\000364.png,1d77ab504a097c53084a5d56fb101a775bc01fd4d79f1e11451b4de30452d877,14,7,7,false,INDEX_ALIGNED_DISPLAY_DERIVATION_SUPPORTED,all original GT rows retained as anchor evidence; field reconstructed once per unique vehicle/frame
S1L-FIELD-GM_RM017-GM_RM017_PV002-000365,GM_RM017,GM_RM017:PV002,development,A,S0MV-GM_RM017-PV002-SEG02,365,7.300000000,GM_RM017|000365|gm_rm017_00082,1,usable:1,1273.867000,1008.747000,153.067000,75.867000,176.000000,1274.344000,1009.831000,157.710000,78.944000,0.000000,0.000000,0.000000,1.750000,"1093.439,1065.150;1373.445,1169.432;1454.295,952.344;1174.289,848.062","1090.912,1061.861;1378.286,1169.676;1457.776,957.801;1170.402,849.986",1086,844,1463,1175,0.349009,-0.937119,0.937119,0.349009,66.186909,85.369698,64.655724,87.695174,31.000000,45.000000,68.000000,95.000000,44.000000,4.000000,13,234,45.223704,1.000000,0.000000,D:\profile\research\data\GM_RM017\GM_RM017_SARframes_gray\000365.png,28f43bbaf2b53036f3ab0cde343b3a02df29f2f6492a469f43141c620401c8b7,13,8,5,false,INDEX_ALIGNED_DISPLAY_DERIVATION_SUPPORTED,all original GT rows retained as anchor evidence; field reconstructed once per unique vehicle/frame
S1L-FIELD-GM_RM017-GM_RM017_PV002-000366,GM_RM017,GM_RM017:PV002,development,A,S0MV-GM_RM017-PV002-SEG02,366,7.320000000,GM_RM017|000366|gm17supp_000176_000366_det1,1,usable:1,1285.305000,1009.873000,169.732000,82.377000,0.000000,1285.305000,1008.747000,157.239000,82.377000,178.000000,0.000000,0.000000,1.750000,"1086.243,1061.259;1391.183,1186.101;1484.367,958.487;1179.427,833.645","1095.617,1063.268;1382.723,1180.397;1474.993,954.226;1187.887,837.097",1082,829,1490,1192,0.378876,-0.925447,0.925447,0.378876,70.271559,94.144387,69.790840,88.594094,31.000000,45.000000,68.000000,95.000000,44.000000,5.000000,8,218,44.690110,1.000000,0.000000,D:\profile\research\data\GM_RM017\GM_RM017_SARframes_gray\000366.png,feb866c708733202ecb53f1ebcce645a4c1298e9d1da69a38fb39eddd4b93cb6,17,8,9,false,INDEX_ALIGNED_DISPLAY_DERIVATION_SUPPORTED,all original GT rows retained as anchor evidence; field reconstructed once per unique vehicle/frame
S1L-FIELD-GM_RM017-GM_RM017_PV002-000367,GM_RM017,GM_RM017:PV002,development,A,S0MV-GM_RM017-PV002-SEG02,367,7.340000000,GM_RM017|000367|gm_rm017_00084,1,usable:1,1285.375000,1006.400000,155.625000,85.520000,178.000000,1285.375000,1008.747000,155.625000,82.377000,178.000000,0.000000,0.000000,1.750000,"1095.350,1063.022;1382.377,1179.334;1475.400,949.778;1188.373,833.466","1097.080,1063.199;1381.782,1179.409;1473.670,954.295;1188.968,838.085",1091,829,1481,1185,0.375564,-0.926796,0.926796,0.375564,70.767871,88.485013,69.470197,87.858989,31.000000,45.000000,68.000000,95.000000,44.000000,5.000000,15,227,44.954678,1.000000,0.000000,D:\profile\research\data\GM_RM017\GM_RM017_SARframes_gray\000367.png,bf2edb604b4b2d9925eae51866d6fb429290cba64f822ee2e68ae6a59c90feb1,13,8,5,false,INDEX_ALIGNED_DISPLAY_DERIVATION_SUPPORTED,all original GT rows retained as anchor evidence; field reconstructed once per unique vehicle/frame
S1L-FIELD-GM_RM017-GM_RM017_PV002-000368,GM_RM017,GM_RM017:PV002,development,A,S0MV-GM_RM017-PV002-SEG02,368,7.360000000,GM_RM017|000368|gm17supp_000177_000368_det1,1,usable:1,1293.974000,1006.677000,157.239000,83.458000,177.000000,1293.974000,1008.513000,155.625000,82.377000,178.000000,0.000000,0.000000,1.750000,"1100.851,1061.071;1386.710,1184.596;1487.097,952.283;1201.238,828.758","1103.504,1060.575;1385.866,1183.285;1484.444,956.451;1202.082,833.741",1096,824,1493,1190,0.396670,-0.917961,0.917961,0.396670,72.307133,88.973296,70.665270,87.963901,31.000000,45.000000,68.000000,95.000000,44.000000,5.000000,9,210,44.343858,1.000000,0.000000,D:\profile\research\data\GM_RM017\GM_RM017_SARframes_gray\000368.png,91c3edb065861d68d4f1d3ac3a8a8aca8c50ee29446529851c6d22d8a3e78b2b,16,9,7,false,INDEX_ALIGNED_DISPLAY_DERIVATION_SUPPORTED,all original GT rows retained as anchor evidence; field reconstructed once per unique vehicle/frame
S1L-FIELD-GM_RM017-GM_RM017_PV002-000369,GM_RM017,GM_RM017:PV002,development,A,S0MV-GM_RM017-PV002-SEG02,369,7.380000000,GM_RM017|000369|gm_rm017_00087,1,usable:1,1296.485000,1010.562000,150.803000,70.800000,1.000000,1296.485000,1008.457000,150.803000,73.103000,178.000000,0.000000,0.000000,1.750000,"1119.246,1050.510;1385.398,1169.004;1473.724,970.614;1207.572,852.120","1115.814,1054.417;1384.028,1173.049;1477.156,962.497;1208.942,843.865",1111,839,1483,1179,0.406724,-0.913551,0.913551,0.406724,62.046914,83.239296,65.779479,83.793839,31.000000,45.000000,68.000000,95.000000,45.000000,5.000000,11,189,46.100544,1.000000,0.000000,D:\profile\research\data\GM_RM017\GM_RM017_SARframes_gray\000369.png,68f1bfc620c217e65dd1cd7767ab33f2a8914759db328e7af534e2a80787c20c,13,7,6,false,INDEX_ALIGNED_DISPLAY_DERIVATION_SUPPORTED,all original GT rows retained as anchor evidence; field reconstructed once per unique vehicle/frame
S1L-FIELD-GM_RM017-GM_RM017_PV002-000370,GM_RM017,GM_RM017:PV002,development,A,S0MV-GM_RM017-PV002-SEG02,370,7.400000000,GM_RM017|000370|gm17supp_000178_000370_det1,1,usable:1,1307.319000,1008.513000,146.684000,73.103000,177.000000,1307.319000,1008.513000,150.803000,71.647000,177.000000,0.000000,0.000000,1.750000,"1127.456,1052.909;1386.270,1176.109;1487.182,964.117;1228.368,840.917","1124.887,1052.347;1388.326,1177.749;1489.751,964.679;1226.312,839.277",1120,835,1495,1183,0.429806,-0.902921,0.902921,0.429806,67.081110,81.897313,67.422373,83.361090,31.000000,45.000000,68.000000,95.000000,45.000000,6.000000,10,166,45.846286,1.000000,0.000000,D:\profile\research\data\GM_RM017\GM_RM017_SARframes_gray\000370.png,c41aed626a9e28baac1b37ff8bc5b6223dccf2aa9781890eee3c78b63d825436,11,7,4,false,INDEX_ALIGNED_DISPLAY_DERIVATION_SUPPORTED,all original GT rows retained as anchor evidence; field reconstructed once per unique vehicle/frame
S1L-FIELD-GM_RM017-GM_RM017_PV002-000371,GM_RM017,GM_RM017:PV002,development,A,S0MV-GM_RM017-PV002-SEG02,371,7.420000000,GM_RM017|000371|gm_rm017_00090,1,usable:1,1308.500000,1008.457000,146.250000,71.647000,178.000000,1308.500000,1010.018000,150.803000,71.647000,178.000000,0.000000,0.000000,1.750000,"1130.381,1050.437;1387.264,1173.639;1486.619,966.477;1229.736,843.275","1126.258,1051.946;1389.246,1178.690;1490.742,968.090;1227.754,841.346",1122,837,1496,1184,0.432438,-0.901663,0.901663,0.432438,65.644294,81.399725,66.794885,83.410510,31.000000,45.000000,68.000000,95.000000,46.000000,5.000000,18,174,46.784017,1.000000,0.000000,D:\profile\research\data\GM_RM017\GM_RM017_SARframes_gray\000371.png,ae06552663d66ac338e0e1f0e0e2f896cec968711a6a6f2ec1039a4d4edbf40b,18,9,9,false,INDEX_ALIGNED_DISPLAY_DERIVATION_SUPPORTED,all original GT rows retained as anchor evidence; field reconstructed once per unique vehicle/frame
S1L-FIELD-GM_RM017-GM_RM017_PV002-000372,GM_RM017,GM_RM017:PV002,development,A,S0MV-GM_RM017-PV002-SEG02,372,7.440000000,GM_RM017|000372|gm17supp_000179_000372_det2,1,usable:1,1319.800000,1010.525000,161.000000,66.750000,177.000000,1319.800000,1008.513000,154.050000,73.103000,177.000000,0.000000,0.000000,1.750000,"1129.712,1049.048;1397.991,1188.018;1509.888,972.002;1241.609,833.032","1131.258,1049.959;1395.620,1186.044;1508.342,967.067;1243.980,830.982",1125,826,1515,1194,0.459957,-0.887941,0.887941,0.459957,69.507767,86.324513,70.367585,84.952207,31.000000,45.000000,68.000000,95.000000,48.000000,5.000000,16,172,49.386941,1.000000,0.000000,D:\profile\research\data\GM_RM017\GM_RM017_SARframes_gray\000372.png,413e9d09deb6332e9869c5177ec8ebe135445fce5714b675a904f92d63196e41,24,11,13,false,INDEX_ALIGNED_DISPLAY_DERIVATION_SUPPORTED,all original GT rows retained as anchor evidence; field reconstructed once per unique vehicle/frame
S1L-FIELD-GM_RM017-GM_RM017_PV002-000373,GM_RM017,GM_RM017:PV002,development,A,S0MV-GM_RM017-PV002-SEG02,373,7.460000000,GM_RM017|000373|gm_rm017_00094,1,usable:1,1331.400000,1010.018000,158.053000,78.484000,5.000000,1331.400000,1008.457000,154.050000,77.450000,177.000000,0.000000,0.000000,1.750000,"1138.844,1039.372;1408.802,1188.759;1523.956,980.664;1253.998,831.277","1137.702,1048.695;1400.949,1193.662;1525.098,968.219;1261.851,823.252",1133,819,1531,1199,0.484180,-0.874968,0.874968,0.484180,67.951936,88.152836,73.533136,85.863880,31.000000,45.000000,68.000000,95.000000,44.000000,5.000000,0,170,44.221384,1.000000,0.000000,D:\profile\research\data\GM_RM017\GM_RM017_SARframes_gray\000373.png,887f6eb002632e0dd34690d5bac1e4319973b83096c44865e5a9b0f1f3c1b122,13,8,5,false,INDEX_ALIGNED_DISPLAY_DERIVATION_SUPPORTED,all original GT rows retained as anchor evidence; field reconstructed once per unique vehicle/frame
S1L-FIELD-GM_RM017-GM_RM017_PV002-000374,GM_RM017,GM_RM017:PV002,development,A,S0MV-GM_RM017-PV002-SEG02,374,7.480000000,GM_RM017|000374|gm17supp_000180_000374_det3,1,usable:1,1331.725000,1006.575000,154.050000,77.450000,177.000000,1331.725000,1007.484000,158.053000,77.450000,177.000000,0.000000,0.000000,1.750000,"1138.140,1047.012;1401.670,1191.556;1525.310,966.138;1261.780,821.594","1134.563,1047.964;1403.110,1195.675;1528.887,967.004;1260.340,819.293",1130,815,1534,1201,0.480903,-0.876774,0.876774,0.480903,73.457087,85.876815,74.565638,87.568526,31.000000,45.000000,68.000000,95.000000,43.000000,5.000000,0,160,42.590499,1.000000,0.000000,D:\profile\research\data\GM_RM017\GM_RM017_SARframes_gray\000374.png,c30f6daf7c4fee93c5bf9bfec7b00a01841be2731e229036486352690f6c4d90,16,7,9,false,INDEX_ALIGNED_DISPLAY_DERIVATION_SUPPORTED,all original GT rows retained as anchor evidence; field reconstructed once per unique vehicle/frame
S1L-FIELD-GM_RM017-GM_RM017_PV002-000375,GM_RM017,GM_RM017:PV002,development,A,S0MV-GM_RM017-PV002-SEG02,375,7.500000000,GM_RM017|000375|gm_rm017_00098,1,usable:1,1339.294000,1005.913000,153.610000,83.200000,176.000000,1339.294000,1007.298000,154.050000,77.450000,178.000000,0.000000,0.000000,1.750000,"1140.104,1047.857;1404.502,1198.745;1538.484,963.969;1274.086,813.081","1144.949,1044.197;1405.694,1193.638;1533.639,970.399;1272.894,820.958",1136,809,1544,1204,0.495652,-0.868521,0.868521,0.495652,77.233222,86.978031,73.515242,85.866885,31.000000,45.000000,68.000000,95.000000,40.000000,4.000000,0,140,40.943683,1.000000,0.000000,D:\profile\research\data\GM_RM017\GM_RM017_SARframes_gray\000375.png,d316805a452e2e6a51f25d3d349cc4f8ad76d99862c915974a3e64d025c5630b,14,8,6,false,INDEX_ALIGNED_DISPLAY_DERIVATION_SUPPORTED,all original GT rows retained as anchor evidence; field reconstructed once per unique vehicle/frame
S1L-FIELD-GM_RM017-GM_RM017_PV002-000376,GM_RM017,GM_RM017:PV002,development,A,S0MV-GM_RM017-PV002-SEG02,376,7.520000000,GM_RM017|000376|gm17supp_000180_000376_det3,1,usable:1,1342.226000,1007.484000,159.032000,70.903000,0.000000,1342.226000,1007.298000,154.050000,70.903000,177.000000,0.000000,0.000000,1.750000,"1149.106,1038.086;1410.865,1190.570;1535.346,976.882;1273.587,824.398","1152.136,1042.116;1405.795,1189.796;1532.316,972.480;1278.657,824.800",1145,820,1541,1196,0.503355,-0.864079,0.864079,0.503355,70.657787,86.552864,71.846833,83.862039,31.000000,45.000000,68.000000,95.000000,38.000000,5.000000,0,119,38.961968,1.000000,0.000000,D:\profile\research\data\GM_RM017\GM_RM017_SARframes_gray\000376.png,b600475f6009a095c00ac78dfac8cedbe177bd3aa9bf404a7228abb7bc5762ae,13,5,8,false,INDEX_ALIGNED_DISPLAY_DERIVATION_SUPPORTED,all original GT rows retained as anchor evidence; field reconstructed once per unique vehicle/frame
S1L-FIELD-GM_RM017-GM_RM017_PV002-000377,GM_RM017,GM_RM017:PV002,development,A,S0MV-GM_RM017-PV002-SEG02,377,7.540000000,GM_RM017|000377|gm_rm017_00101,1,usable:1,1348.983000,1007.298000,147.425000,69.502000,178.000000,1348.983000,1007.298000,153.749000,70.903000,177.000000,0.000000,0.000000,1.750000,"1165.318,1038.279;1407.273,1184.202;1532.648,976.317;1290.693,830.394","1158.324,1040.373;1408.684,1191.365;1539.642,974.223;1289.282,823.231",1154,819,1545,1197,0.516445,-0.856320,0.856320,0.516445,69.361777,80.729096,72.450396,83.533634,31.000000,45.000000,68.000000,95.000000,37.000000,4.000000,0,111,37.245393,1.000000,0.000000,D:\profile\research\data\GM_RM017\GM_RM017_SARframes_gray\000377.png,41d35548fb0728294b11ef66bd5138db6f6bc5f7cd43cd23db73eb133ea1e940,11,6,5,false,INDEX_ALIGNED_DISPLAY_DERIVATION_SUPPORTED,all original GT rows retained as anchor evidence; field reconstructed once per unique vehicle/frame
S1L-FIELD-GM_RM017-GM_RM017_PV002-000378,GM_RM017,GM_RM017:PV002,development,A,S0MV-GM_RM017-PV002-SEG02,378,7.560000000,GM_RM017|000378|gm17supp_000181_000378_det3,1,usable:1,1353.751000,1010.026000,158.879000,67.752000,177.000000,1353.751000,1007.484000,153.749000,69.502000,177.000000,0.000000,0.000000,1.750000,"1160.411,1040.604;1411.498,1197.057;1547.091,979.448;1296.004,822.995","1163.656,1038.824;1410.688,1191.540;1543.846,976.144;1296.814,823.428",1156,818,1553,1203,0.528841,-0.848721,0.848721,0.528841,73.256199,84.526030,72.351962,82.978475,31.000000,45.000000,68.000000,95.000000,39.000000,5.000000,0,124,39.789799,1.000000,0.000000,D:\profile\research\data\GM_RM017\GM_RM017_SARframes_gray\000378.png,1cb3e209b3a34309fbddf2e8220e1f08dbb076b089e6e242a74bfb0af6029b1e,10,7,3,false,INDEX_ALIGNED_DISPLAY_DERIVATION_SUPPORTED,all original GT rows retained as anchor evidence; field reconstructed once per unique vehicle/frame
S1L-FIELD-GM_RM017-GM_RM017_PV002-000379,GM_RM017,GM_RM017:PV002,development,A,S0MV-GM_RM017-PV002-SEG02,379,7.580000000,GM_RM017|000379|gm_rm017_00104,1,usable:1,1363.789000,1006.373000,153.749000,79.147000,177.000000,1363.789000,1009.311000,149.600000,69.502000,177.000000,0.000000,0.000000,1.750000,"1164.872,1038.447;1416.043,1200.966;1562.706,974.299;1311.535,811.780","1176.185,1037.672;1413.272,1192.480;1551.393,980.950;1314.306,826.142",1160,807,1568,1206,0.543242,-0.839576,0.839576,0.543242,77.136413,85.475386,72.180300,80.900937,31.000000,45.000000,68.000000,95.000000,38.000000,4.000000,0,124,38.558829,1.000000,0.000000,D:\profile\research\data\GM_RM017\GM_RM017_SARframes_gray\000379.png,e76847ff5c775cfcb51a83d66452e1d91c975663037436a6212c176c7d41a79c,15,7,8,false,INDEX_ALIGNED_DISPLAY_DERIVATION_SUPPORTED,all original GT rows retained as anchor evidence; field reconstructed once per unique vehicle/frame
S1L-FIELD-GM_RM017-GM_RM017_PV002-000380,GM_RM017,GM_RM017:PV002,development,A,S0MV-GM_RM017-PV002-SEG02,380,7.600000000,GM_RM017|000380|gm17supp_000182_000380_det3,1,usable:1,1366.050000,1009.825000,149.600000,67.050000,177.000000,1366.050000,1009.311000,149.800000,71.356000,177.000000,0.000000,0.000000,1.750000,"1180.222,1036.805;1414.033,1191.367;1551.878,982.845;1318.067,828.283","1176.540,1037.680;1414.471,1194.714;1555.560,980.942;1317.629,823.908",1172,819,1561,1200,0.551455,-0.834204,0.834204,0.551455,71.418888,80.080109,73.181033,81.451755,31.000000,45.000000,68.000000,95.000000,40.000000,4.000000,0,119,40.269723,1.000000,0.000000,D:\profile\research\data\GM_RM017\GM_RM017_SARframes_gray\000380.png,0815cd129ea0f951b8e5cf8a6eb61500deb993b4703875001fb55b3d0fafd920,14,7,7,false,INDEX_ALIGNED_DISPLAY_DERIVATION_SUPPORTED,all original GT rows retained as anchor evidence; field reconstructed once per unique vehicle/frame
S1L-FIELD-GM_RM017-GM_RM017_PV002-000381,GM_RM017,GM_RM017:PV002,development,A,S0MV-GM_RM017-PV002-SEG02,381,7.620000000,GM_RM017|000381|gm_rm017_00107,1,usable:1,1375.737000,1009.311000,146.953000,71.356000,176.000000,1375.737000,1008.200000,149.800000,77.800000,177.000000,0.000000,0.000000,1.750000,"1187.687,1036.303;1417.208,1194.706;1563.787,982.319;1334.266,823.916","1180.084,1036.053;1419.722,1200.868;1571.390,980.347;1331.752,815.532",1176,811,1577,1206,0.568008,-0.823023,0.823023,0.568008,73.730628,79.678597,76.469565,83.098224,31.000000,45.000000,68.000000,95.000000,41.000000,4.000000,0,133,41.828268,1.000000,0.000000,D:\profile\research\data\GM_RM017\GM_RM017_SARframes_gray\000381.png,b9d9866c22281feef775bf53a32f63b621b87fb6b5bd688fdde0c4137e3841c9,16,6,10,false,INDEX_ALIGNED_DISPLAY_DERIVATION_SUPPORTED,all original GT rows retained as anchor evidence; field reconstructed once per unique vehicle/frame
S1L-FIELD-GM_RM017-GM_RM017_PV002-000382,GM_RM017,GM_RM017:PV002,development,A,S0MV-GM_RM017-PV002-SEG02,382,7.640000000,GM_RM017|000382|gm17supp_000183_000382_det3,1,usable:1,1378.200000,1008.200000,149.800000,77.800000,177.000000,1378.200000,1008.200000,149.800000,71.356000,177.000000,0.000000,0.000000,1.750000,"1182.334,1035.383;1420.894,1201.280;1574.066,981.017;1335.506,815.120","1187.715,1033.700;1420.598,1195.649;1568.685,982.700;1335.802,820.751",1178,811,1580,1207,0.570930,-0.820999,0.820999,0.570930,76.653131,83.020802,74.107760,81.045244,31.000000,45.000000,68.000000,95.000000,41.000000,4.000000,0,121,41.958213,1.000000,0.000000,D:\profile\research\data\GM_RM017\GM_RM017_SARframes_gray\000382.png,b15c0d2ad8fa3649f5fe010b0fffa02b45846d2bebdbf63b766e7167c5a483ea,17,9,8,false,INDEX_ALIGNED_DISPLAY_DERIVATION_SUPPORTED,all original GT rows retained as anchor evidence; field reconstructed once per unique vehicle/frame
S1L-FIELD-GM_RM017-GM_RM017_PV002-000383,GM_RM017,GM_RM017:PV002,development,A,S0MV-GM_RM017-PV002-SEG02,383,7.660000000,GM_RM017|000383|gm_rm017_00110,1,usable:1,1385.466000,1007.141000,151.993000,79.544000,178.000000,1385.466000,1008.200000,151.413000,71.356000,177.000000,0.000000,0.000000,1.750000,"1185.931,1031.929;1426.391,1204.000;1585.001,982.353;1344.541,810.282","1193.038,1031.974;1424.467,1198.127;1577.894,984.426;1346.465,818.273",1181,806,1591,1210,0.581944,-0.813229,0.813229,0.581944,77.871919,84.481313,75.164003,81.399131,31.000000,45.000000,68.000000,95.000000,40.000000,4.000000,0,115,40.863578,1.000000,0.000000,D:\profile\research\data\GM_RM017\GM_RM017_SARframes_gray\000383.png,209b6f307a16eb21f52f28f244c36c735b474fd4fde3e9786f89761219494c64,16,6,10,false,INDEX_ALIGNED_DISPLAY_DERIVATION_SUPPORTED,all original GT rows retained as anchor evidence; field reconstructed once per unique vehicle/frame
S1L-FIELD-GM_RM017-GM_RM017_PV002-000384,GM_RM017,GM_RM017:PV002,development,A,S0MV-GM_RM017-PV002-SEG02,384,7.680000000,GM_RM017|000384|gm17supp_000184_000384_det3,1,usable:1,1395.297000,1008.126000,151.413000,70.097000,177.000000,1395.297000,1008.126000,151.993000,76.935000,177.000000,0.000000,0.000000,1.750000,"1203.324,1029.261;1429.182,1198.263;1587.270,986.991;1361.412,817.989","1196.996,1030.673;1429.613,1204.732;1593.598,985.579;1360.981,811.520",1192,807,1599,1210,0.599112,-0.800665,0.800665,0.599112,75.391613,80.596669,78.203830,83.008172,31.000000,45.000000,68.000000,95.000000,40.000000,4.000000,0,114,39.537323,1.000000,0.000000,D:\profile\research\data\GM_RM017\GM_RM017_SARframes_gray\000384.png,6564eedb15b0820df4647ece7a73b1fc83a68756e399d64ea0b28b6953a43834,12,5,7,false,INDEX_ALIGNED_DISPLAY_DERIVATION_SUPPORTED,all original GT rows retained as anchor evidence; field reconstructed once per unique vehicle/frame
S1L-FIELD-GM_RM017-GM_RM017_PV002-000385,GM_RM017,GM_RM017:PV002,development,A,S0MV-GM_RM017-PV002-SEG02,385,7.700000000,GM_RM017|000385|gm_rm017_00113,1,usable:1,1400.500000,1008.513000,158.000000,70.449000,176.000000,1397.898500,1007.633500,154.996500,73.692000,177.000000,0.000000,0.000000,1.750000,"1202.106,1030.072;1431.522,1205.649;1598.894,986.954;1369.478,811.377","1199.604,1029.106;1431.507,1204.235;1596.193,986.161;1364.290,811.032",1195,807,1604,1211,0.607758,-0.794122,0.794122,0.607758,78.683228,82.540802,78.077656,83.028870,31.000000,45.000000,68.000000,95.000000,38.000000,5.000000,0,109,38.200703,1.000000,0.000000,D:\profile\research\data\GM_RM017\GM_RM017_SARframes_gray\000385.png,9f9a0ed7ea2c2ae7096cd787cae951f994a2f96757649780c816b673a5ee857a,12,5,7,false,INDEX_ALIGNED_DISPLAY_DERIVATION_SUPPORTED,all original GT rows retained as anchor evidence; field reconstructed once per unique vehicle/frame
S1L-FIELD-GM_RM017-GM_RM017_PV002-000386,GM_RM017,GM_RM017:PV002,development,A,S0MV-GM_RM017-PV002-SEG02,386,7.720000000,GM_RM017|000386|gm17supp_000185_000386_det3,1,usable:1,1407.050000,1006.303000,159.248000,76.935000,177.000000,1400.500000,1008.126000,158.000000,70.449000,177.000000,0.000000,0.000000,1.750000,"1201.833,1026.521;1437.328,1210.278;1612.267,986.085;1376.772,802.328","1202.191,1028.400;1432.968,1204.806;1598.809,987.852;1368.032,811.446",1197,798,1618,1216,0.615180,-0.788386,0.788386,0.615180,81.248626,85.344076,78.022622,82.993653,31.000000,45.000000,68.000000,95.000000,41.000000,5.000000,0,114,41.369199,1.000000,0.000000,D:\profile\research\data\GM_RM017\GM_RM017_SARframes_gray\000386.png,9c95bd885851aef9c1344a460c91429fbb65e59d84e9f4b7f8c509703509bf44,13,6,7,false,INDEX_ALIGNED_DISPLAY_DERIVATION_SUPPORTED,all original GT rows retained as anchor evidence; field reconstructed once per unique vehicle/frame
S1L-FIELD-GM_RM017-GM_RM017_PV003-000315,GM_RM017,GM_RM017:PV003,heldout_validation,A,S0MV-GM_RM017-PV003-SEG01,315,6.300000000,GM_RM017|000315|gm_rm017_00020,1,usable:1,790.875000,940.529000,143.983000,70.213000,177.000000,796.483000,940.529000,151.000000,70.213000,178.000000,0.000000,0.000000,1.750000,"778.523,1126.901;977.653,941.527;803.227,754.157;604.097,939.531","782.555,1133.072;989.508,943.391;810.411,747.986;603.458,937.667",599,743,995,1139,-0.681374,-0.731936,0.731936,-0.681374,73.140546,77.731245,75.732613,80.207950,31.000000,46.000000,66.000000,86.000000,39.000000,5.000000,0,112,39.459828,1.000000,0.000000,D:\profile\research\data\GM_RM017\GM_RM017_SARframes_gray\000315.png,873caac33b12a09bcc6e76dce566f2387ba51c2b0aa9e3cdbb13beda053eb4a2,3,1,2,false,INDEX_ALIGNED_DISPLAY_DERIVATION_SUPPORTED,all original GT rows retained as anchor evidence; field reconstructed once per unique vehicle/frame
S1L-FIELD-GM_RM017-GM_RM017_PV003-000317,GM_RM017,GM_RM017:PV003,heldout_validation,A,S0MV-GM_RM017-PV003-SEG01,317,6.340000000,GM_RM017|000317|frameadd_gm_rm017_000152_000317_01,1,usable:1,796.483000,941.214000,163.847000,68.644000,178.000000,805.141500,940.871500,149.648500,69.428500,178.500000,0.000000,0.000000,1.750000,"781.389,1143.573;999.392,943.412;811.577,738.855;593.574,939.016","788.883,1131.321;996.222,945.725;821.400,750.422;614.061,936.018",589,734,1005,1149,-0.676320,-0.736608,0.736608,-0.676320,79.343348,84.558575,74.890736,79.506384,31.000000,46.000000,66.000000,86.000000,44.000000,4.000000,0,145,43.125976,1.000000,0.000000,D:\profile\research\data\GM_RM017\GM_RM017_SARframes_gray\000317.png,1adfc47b505fe4bd616095f696951a008b1b0cf64f40cb07f1126cdbd0ecb16f,11,3,8,false,INDEX_ALIGNED_DISPLAY_DERIVATION_SUPPORTED,all original GT rows retained as anchor evidence; field reconstructed once per unique vehicle/frame
S1L-FIELD-GM_RM017-GM_RM017_PV003-000319,GM_RM017,GM_RM017:PV003,heldout_validation,A,S0MV-GM_RM017-PV003-SEG01,319,6.380000000,GM_RM017|000319|gm_rm017_00024,1,usable:1,813.800000,939.398000,151.000000,72.822000,179.000000,813.800000,941.214000,151.000000,68.644000,179.000000,0.000000,0.000000,1.750000,"794.294,1133.614;1008.844,947.036;833.306,745.182;618.756,931.760","794.832,1131.868;1005.275,948.008;832.768,750.560;622.325,934.420",614,741,1014,1139,-0.656205,-0.754582,0.754582,-0.656205,76.429614,81.236922,74.911851,79.842298,31.000000,46.000000,66.000000,86.000000,52.000000,6.000000,0,186,51.459492,1.000000,0.000000,D:\profile\research\data\GM_RM017\GM_RM017_SARframes_gray\000319.png,43dc25c8025b27a1d09ac257ab89d42ff035e09b71acc32ec3bbee726a57a3a0,62,18,44,false,INDEX_ALIGNED_DISPLAY_DERIVATION_SUPPORTED,all original GT rows retained as anchor evidence; field reconstructed once per unique vehicle/frame
S1L-FIELD-GM_RM017-GM_RM017_PV003-000321,GM_RM017,GM_RM017:PV003,heldout_validation,A,S0MV-GM_RM017-PV003-SEG01,321,6.420000000,GM_RM017|000321|frameadd_gm_rm017_000154_000321_01,1,usable:1,826.984000,944.068000,148.297000,65.897000,179.000000,826.984000,941.214000,163.729000,68.644000,179.000000,0.000000,0.000000,1.750000,"804.264,1129.291;1013.412,952.346;849.704,758.845;640.556,935.790","800.816,1141.922;1029.195,950.124;853.152,740.506;624.773,932.304",620,736,1035,1147,-0.645885,-0.763435,0.763435,-0.645885,72.417774,78.273458,78.210100,85.209640,31.000000,46.000000,66.000000,86.000000,48.000000,5.000000,0,166,48.515505,1.000000,0.000000,D:\profile\research\data\GM_RM017\GM_RM017_SARframes_gray\000321.png,3373eeead4931ed1f29ea4852f9975322a1f9019cc2f94024a70ffd476aa9e00,31,15,16,false,INDEX_ALIGNED_DISPLAY_DERIVATION_SUPPORTED,all original GT rows retained as anchor evidence; field reconstructed once per unique vehicle/frame
S1L-FIELD-GM_RM017-GM_RM017_PV003-000323,GM_RM017,GM_RM017:PV003,heldout_validation,A,S0MV-GM_RM017-PV003-SEG01,323,6.460000000,GM_RM017|000323|frameadd_gm_rm017_000155_000323_01,1,usable:1,835.794000,943.748000,163.729000,67.703000,179.000000,835.794000,943.748000,163.729000,71.355000,179.000000,0.000000,0.000000,1.750000,"806.744,1143.048;1036.954,953.688;864.844,744.448;634.634,933.808","806.800,1146.243;1040.079,954.359;864.788,741.253;631.509,933.137",627,737,1046,1152,-0.635257,-0.772300,0.772300,-0.635257,77.408633,85.166858,78.838848,86.302031,31.000000,46.000000,66.000000,86.000000,47.000000,5.000000,0,164,47.556456,1.000000,0.000000,D:\profile\research\data\GM_RM017\GM_RM017_SARframes_gray\000323.png,961d17330726aa13dd82a04bfb68a0f6128f43476f14a59950dcabec58336473,27,12,15,false,INDEX_ALIGNED_DISPLAY_DERIVATION_SUPPORTED,all original GT rows retained as anchor evidence; field reconstructed once per unique vehicle/frame
S1L-FIELD-GM_RM017-GM_RM017_PV003-000325,GM_RM017,GM_RM017:PV003,heldout_validation,A,S0MV-GM_RM017-PV003-SEG01,325,6.500000000,GM_RM017|000325|frameadd_gm_rm017_000156_000325_01,1,usable:1,853.094000,939.369000,172.013000,78.939000,178.000000,853.094000,943.748000,165.871000,71.355000,178.000000,0.000000,0.000000,1.750000,"811.825,1152.432;1069.613,954.161;894.363,726.306;636.575,924.577","814.669,1145.487;1058.085,956.150;891.519,742.009;648.103,931.346",632,722,1075,1158,-0.609659,-0.792664,0.792664,-0.609659,82.130172,92.919089,77.512737,88.109480,31.000000,46.000000,66.000000,86.000000,54.000000,6.000000,0,207,53.757859,1.000000,0.000000,D:\profile\research\data\GM_RM017\GM_RM017_SARframes_gray\000325.png,1101855637dfe04c1abaf992722b9ef848f00104cc4bebaab138e5661522bf66,104,25,79,false,INDEX_ALIGNED_DISPLAY_DERIVATION_SUPPORTED,all original GT rows retained as anchor evidence; field reconstructed once per unique vehicle/frame
S1L-FIELD-GM_RM017-GM_RM017_PV003-000327,GM_RM017,GM_RM017:PV003,heldout_validation,A,S0MV-GM_RM017-PV003-SEG01,327,6.540000000,GM_RM017|000327|frameadd_gm_rm017_000157_000327_01,1,usable:1,860.089000,944.645000,166.919000,71.355000,178.000000,860.089000,939.369000,166.919000,76.581000,178.000000,0.000000,0.000000,1.750000,"818.542,1146.398;1065.626,958.240;901.636,742.892;654.552,931.050","816.885,1145.109;1069.722,955.166;903.293,733.629;650.456,923.572",646,729,1075,1152,-0.605848,-0.795581,0.795581,-0.605848,77.337050,88.734397,79.167671,90.352826,31.000000,46.000000,66.000000,86.000000,51.000000,6.000000,0,172,50.493611,1.000000,0.000000,D:\profile\research\data\GM_RM017\GM_RM017_SARframes_gray\000327.png,3ce819630fe954061a0386b50c091b8536792db5fe007701357ed2ffb94336ae,60,20,40,false,INDEX_ALIGNED_DISPLAY_DERIVATION_SUPPORTED,all original GT rows retained as anchor evidence; field reconstructed once per unique vehicle/frame
S1L-FIELD-GM_RM017-GM_RM017_PV003-000329,GM_RM017,GM_RM017:PV003,heldout_validation,A,S0MV-GM_RM017-PV003-SEG01,329,6.580000000,GM_RM017|000329|frameadd_gm_rm017_000158_000329_01,1,usable:1,871.935000,936.581000,165.871000,79.065000,176.000000,871.935000,939.369000,166.919000,76.581000,178.000000,0.000000,0.000000,1.750000,"820.507,1139.386;1080.493,953.271;923.363,733.776;663.377,919.891","823.317,1143.213;1080.698,957.650;920.553,735.525;663.172,921.088",659,729,1086,1149,-0.582089,-0.813125,0.813125,-0.582089,77.125852,91.353291,78.238856,90.656837,31.000000,46.000000,66.000000,86.000000,41.000000,4.000000,0,146,41.994639,1.000000,0.000000,D:\profile\research\data\GM_RM017\GM_RM017_SARframes_gray\000329.png,660f3b07130b69456bb50996afb8d76440f37e018751a1abdda4000ee30553ee,12,9,3,false,INDEX_ALIGNED_DISPLAY_DERIVATION_SUPPORTED,all original GT rows retained as anchor evidence; field reconstructed once per unique vehicle/frame
S1L-FIELD-GM_RM017-GM_RM017_PV003-000330,GM_RM017,GM_RM017:PV003,heldout_validation,A,S0MV-GM_RM017-PV003-SEG01,330,6.600000000,GM_RM017|000330|gm17supp_000158_000330_det3,1,usable:1,881.077000,935.265000,170.490000,76.581000,179.000000,881.077000,941.182000,165.871000,76.151000,178.000000,0.000000,0.000000,1.750000,"826.941,1140.811;1092.466,957.504;935.213,729.719;669.688,913.026","829.149,1142.389;1087.927,961.024;933.005,739.975;674.227,921.340",665,725,1098,1148,-0.568125,-0.822942,0.822942,-0.568125,79.083890,92.186763,77.123686,90.287279,31.000000,46.000000,66.000000,86.000000,38.000000,5.000000,5,125,37.751188,1.000000,0.000000,D:\profile\research\data\GM_RM017\GM_RM017_SARframes_gray\000330.png,265a200620db98370237ed6fde7ba9f98b10f5780e920f04fd93b6a6f9c7630d,7,2,5,false,INDEX_ALIGNED_DISPLAY_DERIVATION_SUPPORTED,all original GT rows retained as anchor evidence; field reconstructed once per unique vehicle/frame
S1L-FIELD-GM_RM017-GM_RM017_PV003-000331,GM_RM017,GM_RM017:PV003,heldout_validation,A,S0MV-GM_RM017-PV003-SEG01,331,6.620000000,GM_RM017|000331|gm_rm017_00035,1,usable:1,890.023000,941.182000,162.955000,76.151000,176.000000,890.023000,939.939000,165.871000,76.581000,176.000000,0.000000,0.000000,1.750000,"832.758,1136.094;1092.284,960.168;947.288,746.270;687.762,922.196","831.290,1137.338;1095.082,959.089;948.756,742.540;684.964,920.789",680,738,1101,1143,-0.561107,-0.827743,0.827743,-0.561107,73.831953,89.581181,74.672082,90.962530,31.000000,46.000000,66.000000,86.000000,34.000000,4.000000,11,111,34.893549,1.000000,0.000000,D:\profile\research\data\GM_RM017\GM_RM017_SARframes_gray\000331.png,5dd0e713693d7eb45e25920ff5d6b4f63cf7b315332c488e139c8e7da019fcbb,4,2,2,false,INDEX_ALIGNED_DISPLAY_DERIVATION_SUPPORTED,all original GT rows retained as anchor evidence; field reconstructed once per unique vehicle/frame
S1L-FIELD-GM_RM017-GM_RM017_PV003-000332,GM_RM017,GM_RM017:PV003,heldout_validation,A,S0MV-GM_RM017-PV003-SEG01,332,6.640000000,GM_RM017|000332|gm17supp_000159_000332_det2,1,usable:1,898.926000,944.358000,156.252000,67.413000,178.000000,898.926000,941.182000,162.955000,76.151000,178.000000,0.000000,0.000000,1.750000,"842.948,1127.100;1088.971,964.626;954.904,761.616;708.881,924.090","839.756,1136.416;1101.541,964.943;958.096,745.948;696.311,917.421",692,741,1107,1142,-0.551074,-0.834456,0.834456,-0.551074,69.509548,84.237482,74.798076,89.412825,31.000000,46.000000,66.000000,86.000000,33.000000,4.000000,8,107,33.431478,1.000000,0.000000,D:\profile\research\data\GM_RM017\GM_RM017_SARframes_gray\000332.png,2387d9abfd5c9656af13ffe476569cbf4b2c4f7f5e2322b7a0524bf643947410,3,2,1,false,INDEX_ALIGNED_DISPLAY_DERIVATION_SUPPORTED,all original GT rows retained as anchor evidence; field reconstructed once per unique vehicle/frame
S1L-FIELD-GM_RM017-GM_RM017_PV003-000333,GM_RM017,GM_RM017:PV003,heldout_validation,A,S0MV-GM_RM017-PV003-SEG01,333,6.660000000,GM_RM017|000333|gm_rm017_00037,1,usable:1,903.311000,939.939000,172.998000,77.879000,176.000000,903.311000,941.182000,162.903000,72.840000,177.000000,0.000000,0.000000,1.750000,"835.550,1140.791;1114.132,962.024;971.072,739.087;692.490,917.854","840.924,1131.314;1102.212,963.109;965.698,751.050;704.410,919.255",688,735,1120,1146,-0.540071,-0.841619,0.841619,-0.540071,75.683007,94.573421,72.057190,88.784999,31.000000,46.000000,66.000000,86.000000,34.000000,4.000000,11,110,35.145456,1.000000,0.000000,D:\profile\research\data\GM_RM017\GM_RM017_SARframes_gray\000333.png,b0c48574a4d8b87ffb8d60d8de8be59956628924430d271d804f50b4c117aaa3,4,3,1,false,INDEX_ALIGNED_DISPLAY_DERIVATION_SUPPORTED,all original GT rows retained as anchor evidence; field reconstructed once per unique vehicle/frame
S1L-FIELD-GM_RM017-GM_RM017_PV003-000334,GM_RM017,GM_RM017:PV003,heldout_validation,A,S0MV-GM_RM017-PV003-SEG01,334,6.680000000,GM_RM017|000334|gm17supp_000160_000334_det2,1,usable:1,907.790000,942.629000,162.903000,64.484000,178.000000,907.790000,942.629000,156.971000,68.439000,177.000000,0.000000,0.000000,1.750000,"844.603,1125.795;1100.427,963.446;970.977,759.463;715.153,921.812","846.018,1123.477;1097.727,963.740;969.562,761.781;717.853,921.518",711,755,1106,1131,-0.535821,-0.844332,0.844332,-0.535821,69.026044,86.568701,68.340969,85.176233,31.000000,46.000000,66.000000,86.000000,38.000000,5.000000,8,122,37.617684,1.000000,0.000000,D:\profile\research\data\GM_RM017\GM_RM017_SARframes_gray\000334.png,4b9b16cc5ada4fbb68c609f80d2aa101a285c1caed29337608d9e5fe7ef347ab,3,2,1,false,INDEX_ALIGNED_DISPLAY_DERIVATION_SUPPORTED,all original GT rows retained as anchor evidence; field reconstructed once per unique vehicle/frame
S1L-FIELD-GM_RM017-GM_RM017_PV003-000338,GM_RM017,GM_RM017:PV003,heldout_validation,A,S0MV-GM_RM017-PV003-SEG01,338,6.760000000,GM_RM017|000338|gm_rm017_00042,1,usable:1,939.900000,941.110000,152.200000,72.840000,177.000000,939.900000,942.629000,162.903000,72.840000,177.000000,0.000000,0.000000,1.750000,"866.080,1113.305;1124.841,971.066;1013.720,768.915;754.959,911.154","861.038,1122.730;1134.315,971.923;1018.762,762.528;745.485,913.335",741,758,1140,1128,-0.481712,-0.876329,0.876329,-0.481712,65.908224,84.365469,68.332047,89.179093,31.000000,46.000000,66.000000,86.000000,45.000000,5.000000,11,189,44.769959,1.000000,0.000000,D:\profile\research\data\GM_RM017\GM_RM017_SARframes_gray\000338.png,ea225e5d6847b6bf2ee3e78f0987133f77545b5ae15fbdd2c7f20d1b189acc7c,20,7,13,false,INDEX_ALIGNED_DISPLAY_DERIVATION_SUPPORTED,all original GT rows retained as anchor evidence; field reconstructed once per unique vehicle/frame
S1L-FIELD-GM_RM017-GM_RM017_PV003-000339,GM_RM017,GM_RM017:PV003,heldout_validation,A,S0MV-GM_RM017-PV003-SEG01,339,6.780000000,GM_RM017|000339|gm17supp_000163_000339_det2,1,usable:1,943.915000,943.403000,156.971000,68.439000,177.000000,943.915000,942.629000,162.903000,72.840000,177.000000,0.000000,0.000000,1.750000,"866.252,1114.276;1129.503,971.442;1021.578,772.530;758.327,915.364","863.208,1121.405;1137.738,972.748;1024.622,763.853;750.092,912.510",746,759,1143,1127,-0.476903,-0.878956,0.878956,-0.476903,64.658544,85.572604,67.872717,89.198573,31.000000,46.000000,66.000000,86.000000,51.000000,6.000000,12,197,51.892310,1.000000,0.000000,D:\profile\research\data\GM_RM017\GM_RM017_SARframes_gray\000339.png,8ae582021a307235ed55d78312bfc5c905c930a455726e9f9840c5b39e7b75cd,40,18,22,false,INDEX_ALIGNED_DISPLAY_DERIVATION_SUPPORTED,all original GT rows retained as anchor evidence; field reconstructed once per unique vehicle/frame
S1L-FIELD-GM_RM017-GM_RM017_PV003-000340,GM_RM017,GM_RM017:PV003,heldout_validation,A,S0MV-GM_RM017-PV003-SEG01,340,6.800000000,GM_RM017|000340|gm_rm017_00045,1,usable:1,950.810000,945.983000,167.553000,76.508000,178.000000,950.810000,941.628000,162.983000,72.840000,177.000000,0.000000,0.000000,1.750000,"866.340,1131.034;1151.278,980.504;1035.280,760.932;750.342,911.462","866.666,1117.903;1143.560,973.260;1034.954,765.353;758.060,909.996",746,756,1157,1137,-0.467114,-0.884197,0.884197,-0.467114,70.951273,92.073235,67.018657,89.256169,31.000000,46.000000,66.000000,86.000000,54.000000,6.000000,13,194,54.264831,1.000000,0.000000,D:\profile\research\data\GM_RM017\GM_RM017_SARframes_gray\000340.png,5da55b5d6f2448fc56a3529b06529fd2e1347ad0e2657a505092a701d04017f1,63,19,44,false,INDEX_ALIGNED_DISPLAY_DERIVATION_SUPPORTED,all original GT rows retained as anchor evidence; field reconstructed once per unique vehicle/frame
S1L-FIELD-GM_RM017-GM_RM017_PV003-000341,GM_RM017,GM_RM017:PV003,heldout_validation,A,S0MV-GM_RM017-PV003-SEG01,341,6.820000000,GM_RM017|000341|gm17supp_000164_000341_det3,1,usable:1,954.206000,941.303000,167.103000,77.161000,177.000000,954.206000,941.628000,162.983000,76.508000,177.000000,0.000000,0.000000,1.750000,"866.390,1122.894;1152.938,975.832;1042.022,759.712;755.474,906.774","868.688,1119.894;1148.920,975.953;1039.724,763.362;759.492,907.303",751,755,1158,1128,-0.456596,-0.889674,0.889674,-0.456596,69.405695,92.023450,68.284334,90.010906,31.000000,46.000000,66.000000,86.000000,52.000000,6.000000,16,206,52.776826,1.000000,0.000000,D:\profile\research\data\GM_RM017\GM_RM017_SARframes_gray\000341.png,4dd61956e3be673b20d81281ea8b00c00bb0b74befc89e6d684a7d94e178fb32,56,18,38,false,INDEX_ALIGNED_DISPLAY_DERIVATION_SUPPORTED,all original GT rows retained as anchor evidence; field reconstructed once per unique vehicle/frame
S1L-FIELD-GM_RM017-GM_RM017_PV003-000342,GM_RM017,GM_RM017:PV003,heldout_validation,A,S0MV-GM_RM017-PV003-SEG01,342,6.840000000,GM_RM017|000342|gm_rm017_00049,1,usable:1,960.692000,941.628000,162.983000,71.403000,177.000000,960.692000,941.303000,162.983000,76.508000,177.000000,0.000000,0.000000,1.750000,"872.012,1113.029;1150.864,974.448;1049.372,770.227;770.520,908.808","872.173,1117.103;1154.249,977.037;1049.211,765.503;767.135,905.569",763,761,1160,1123,-0.445043,-0.895509,0.895509,-0.445043,65.156961,88.968189,67.479243,89.982009,31.000000,46.000000,66.000000,86.000000,53.000000,6.000000,11,197,53.254164,1.000000,0.000000,D:\profile\research\data\GM_RM017\GM_RM017_SARframes_gray\000342.png,8193debe85b8c95eb43ead02c5b72f0dd9f64766337c909dfe8015ae4681976c,52,19,33,false,INDEX_ALIGNED_DISPLAY_DERIVATION_SUPPORTED,all original GT rows retained as anchor evidence; field reconstructed once per unique vehicle/frame
S1L-FIELD-GM_RM017-GM_RM017_PV003-000343,GM_RM017,GM_RM017:PV003,heldout_validation,A,S0MV-GM_RM017-PV003-SEG01,343,6.860000000,GM_RM017|000343|gm17supp_000165_000343_det1,1,usable:1,970.145000,940.871000,162.071000,80.194000,177.000000,970.145000,940.874000,162.983000,77.161000,177.000000,0.000000,0.000000,1.750000,"878.031,1115.518;1163.507,980.845;1062.259,766.224;776.783,900.897","877.354,1113.460;1162.347,979.013;1062.936,768.288;777.943,902.735",772,762,1169,1121,-0.426658,-0.904413,0.904413,-0.426658,67.801263,90.184982,66.570638,90.032585,31.000000,46.000000,66.000000,86.000000,52.000000,6.000000,16,195,53.280696,1.000000,0.000000,D:\profile\research\data\GM_RM017\GM_RM017_SARframes_gray\000343.png,57ab7f0998b172b170753daa4672c9e80a3bdc3767770bd09c5c10a07341cd6f,53,17,36,false,INDEX_ALIGNED_DISPLAY_DERIVATION_SUPPORTED,all original GT rows retained as anchor evidence; field reconstructed once per unique vehicle/frame
S1L-FIELD-GM_RM017-GM_RM017_PV003-000344,GM_RM017,GM_RM017:PV003,heldout_validation,A,S0MV-GM_RM017-PV003-SEG01,344,6.880000000,GM_RM017|000344|gm_rm017_00051,1,usable:1,977.092000,940.874000,152.280000,71.257000,178.000000,977.092000,940.871000,162.071000,79.711000,177.000000,0.000000,0.000000,1.750000,"888.105,1100.364;1155.729,978.882;1066.079,781.384;798.455,902.866","881.927,1112.239;1168.737,982.049;1072.257,769.503;785.447,899.693",781,765,1174,1118,-0.413338,-0.910578,0.910578,-0.413338,61.969468,83.972891,66.691135,89.992846,31.000000,46.000000,66.000000,86.000000,51.000000,6.000000,13,197,51.558745,1.000000,0.000000,D:\profile\research\data\GM_RM017\GM_RM017_SARframes_gray\000344.png,70e97ee099ad21023391da841f210e5b222c7fdfced5e4324cc130cb558c377c,39,17,22,false,INDEX_ALIGNED_DISPLAY_DERIVATION_SUPPORTED,all original GT rows retained as anchor evidence; field reconstructed once per unique vehicle/frame
S1L-FIELD-GM_RM017-GM_RM017_PV003-000345,GM_RM017,GM_RM017:PV003,heldout_validation,A,S0MV-GM_RM017-PV003-SEG01,345,6.900000000,GM_RM017|000345|gm17supp_000166_000345_det3,1,usable:1,980.185000,940.116000,163.126000,81.458000,177.000000,980.185000,940.452000,162.071000,79.711000,177.000000,0.000000,0.000000,1.750000,"882.969,1112.206;1173.116,983.054;1077.401,768.026;787.254,897.178","883.606,1110.427;1171.145,982.326;1076.764,770.477;789.225,898.578",783,764,1179,1118,-0.406659,-0.913580,0.913580,-0.406659,67.248149,90.740856,66.263293,89.938033,31.000000,46.000000,66.000000,86.000000,53.000000,6.000000,13,225,53.575000,1.000000,0.000000,D:\profile\research\data\GM_RM017\GM_RM017_SARframes_gray\000345.png,e2e3c37156c7fd5fd9fd4fec450e798f67d965e04449cc009e3481d308c47739,52,17,35,false,INDEX_ALIGNED_DISPLAY_DERIVATION_SUPPORTED,all original GT rows retained as anchor evidence; field reconstructed once per unique vehicle/frame
S1L-FIELD-GM_RM017-GM_RM017_PV003-000346,GM_RM017,GM_RM017:PV003,heldout_validation,A,S0MV-GM_RM017-PV003-SEG01,346,6.920000000,GM_RM017|000346|gm_rm017_00055,1,usable:1,989.475000,940.156000,160.875000,79.711000,176.000000,989.475000,940.452000,160.875000,77.733000,177.000000,0.000000,0.000000,1.750000,"889.238,1103.373;1176.295,982.413;1089.712,776.939;802.655,897.899","889.634,1103.891;1176.200,983.047;1089.316,777.013;802.750,897.857",798,772,1182,1109,-0.388313,-0.921528,0.921528,-0.388313,63.706166,89.000403,63.886955,88.858169,31.000000,46.000000,66.000000,86.000000,53.000000,6.000000,11,234,53.344815,1.000000,0.000000,D:\profile\research\data\GM_RM017\GM_RM017_SARframes_gray\000346.png,c8a02d216175eecde6bf93a8d05fe2eda0a8fa8f1e88aab263d85d8e9c92001c,49,13,36,false,INDEX_ALIGNED_DISPLAY_DERIVATION_SUPPORTED,all original GT rows retained as anchor evidence; field reconstructed once per unique vehicle/frame
S1L-FIELD-GM_RM017-GM_RM017_PV003-000347,GM_RM017,GM_RM017:PV003,heldout_validation,A,S0MV-GM_RM017-PV003-SEG01,347,6.940000000,GM_RM017|000347|gm17supp_000167_000347_det2,1,usable:1,995.919000,940.452000,167.084000,76.181000,177.000000,995.919000,940.452000,163.126000,77.733000,177.000000,0.000000,0.000000,1.750000,"889.261,1103.153;1185.749,983.021;1102.577,777.751;806.089,897.883","891.941,1102.232;1183.183,984.226;1099.897,778.672;808.655,896.678",802,773,1191,1109,-0.375527,-0.926811,0.926811,-0.375527,63.280026,91.400287,63.367324,89.783063,31.000000,46.000000,66.000000,86.000000,51.000000,6.000000,11,209,51.821888,1.000000,0.000000,D:\profile\research\data\GM_RM017\GM_RM017_SARframes_gray\000347.png,d6b0e0ffae5a8b378210a59af926544d6d4bcfc67d4d48e3fa9e26d7550e02a1,43,13,30,false,INDEX_ALIGNED_DISPLAY_DERIVATION_SUPPORTED,all original GT rows retained as anchor evidence; field reconstructed once per unique vehicle/frame
S1L-FIELD-GM_RM017-GM_RM017_PV003-000348,GM_RM017,GM_RM017:PV003,heldout_validation,A,S0MV-GM_RM017-PV003-SEG01,348,6.960000000,GM_RM017|000348|gm_rm017_00057,1,usable:1,1000.250000,943.500000,158.800000,77.733000,178.000000,1000.250000,940.828000,167.084000,76.181000,177.000000,0.000000,0.000000,1.750000,"898.275,1103.227;1184.028,989.730;1102.225,783.773;816.472,897.270","891.834,1101.476;1189.144,984.199;1108.666,780.180;811.356,897.457",807,776,1195,1109,-0.369134,-0.929376,0.929376,-0.369134,63.316395,87.847993,62.662369,91.315670,31.000000,46.000000,66.000000,86.000000,50.000000,5.000000,13,211,50.546765,1.000000,0.000000,D:\profile\research\data\GM_RM017\GM_RM017_SARframes_gray\000348.png,cc6292f913fa29b3b93588410615bc0ba7f2d756c43f88f5963854ac55bc5c03,47,17,30,false,INDEX_ALIGNED_DISPLAY_DERIVATION_SUPPORTED,all original GT rows retained as anchor evidence; field reconstructed once per unique vehicle/frame
S1L-FIELD-GM_RM017-GM_RM017_PV003-000349,GM_RM017,GM_RM017:PV003,heldout_validation,A,S0MV-GM_RM017-PV003-SEG01,349,6.980000000,GM_RM017|000349|gm17supp_000168_000349_det3,1,usable:1,1006.863000,944.274000,174.694000,74.903000,177.000000,1006.863000,941.494000,171.226000,76.181000,177.000000,0.000000,0.000000,1.750000,"890.999,1105.297;1200.489,987.424;1122.727,783.251;813.237,901.124","892.981,1101.179;1197.910,985.873;1120.745,781.809;815.816,897.115",809,777,1206,1111,-0.355922,-0.934516,0.934516,-0.355922,62.422701,94.622105,62.333205,93.143417,31.000000,46.000000,66.000000,86.000000,51.000000,6.000000,11,225,50.860530,1.000000,0.000000,D:\profile\research\data\GM_RM017\GM_RM017_SARframes_gray\000349.png,18e5d748568145dedf6c44a2692be6fe07e2dccf20106ac517f7809ccdf9b4aa,42,15,27,false,INDEX_ALIGNED_DISPLAY_DERIVATION_SUPPORTED,all original GT rows retained as anchor evidence; field reconstructed once per unique vehicle/frame
S1L-FIELD-GM_RM017-GM_RM017_PV003-000350,GM_RM017,GM_RM017:PV003,heldout_validation,A,S0MV-GM_RM017-PV003-SEG01,350,7.000000000,GM_RM017|000350|gm_rm017_00062,1,usable:1,1018.893000,940.828000,173.750000,74.157000,175.000000,1017.529000,943.500000,171.226000,75.000000,177.000000,0.000000,0.000000,1.750000,"897.386,1088.795;1205.910,981.851;1140.400,792.861;831.876,899.805","899.509,1096.760;1205.571,988.858;1135.549,790.240;829.487,898.142",825,786,1211,1102,-0.327513,-0.944847,0.944847,-0.327513,57.148938,93.295118,60.171294,92.721621,31.000000,46.000000,66.000000,86.000000,48.000000,5.000000,12,213,49.553765,1.000000,0.000000,D:\profile\research\data\GM_RM017\GM_RM017_SARframes_gray\000350.png,0aedba982de4ba28e7eb93c947e231ce126e237fe0db142842067a310717bcb6,36,12,24,false,INDEX_ALIGNED_DISPLAY_DERIVATION_SUPPORTED,all original GT rows retained as anchor evidence; field reconstructed once per unique vehicle/frame
S1L-FIELD-GM_RM017-GM_RM017_PV003-000351,GM_RM017,GM_RM017:PV003,heldout_validation,A,S0MV-GM_RM017-PV003-SEG01,351,7.020000000,GM_RM017|000351|gm17supp_000168_000351_det3,1,usable:1,1017.529000,941.494000,171.226000,76.413000,177.000000,1018.893000,944.266000,171.226000,75.000000,177.000000,0.000000,0.000000,1.750000,"899.290,1095.595;1206.120,987.981;1135.768,787.393;828.938,895.007","900.432,1096.912;1206.667,989.817;1137.354,791.620;831.119,898.715",824,783,1212,1102,-0.330964,-0.943643,0.943643,-0.330964,60.733487,92.901177,59.990815,92.691657,31.000000,46.000000,66.000000,86.000000,50.000000,5.000000,12,206,50.169955,1.000000,0.000000,D:\profile\research\data\GM_RM017\GM_RM017_SARframes_gray\000351.png,d3422c416ad770e011955c4bb29b53bdd697ed010bf5c8e25c37625ca8c06ca6,32,12,20,false,INDEX_ALIGNED_DISPLAY_DERIVATION_SUPPORTED,all original GT rows retained as anchor evidence; field reconstructed once per unique vehicle/frame
S1L-FIELD-GM_RM017-GM_RM017_PV003-000352,GM_RM017,GM_RM017:PV003,heldout_validation,A,S0MV-GM_RM017-PV003-SEG01,352,7.040000000,GM_RM017|000352|gm_rm017_00065,1,usable:1,1027.358000,946.583000,165.109000,75.000000,178.000000,1027.358000,944.266000,165.109000,75.000000,177.000000,0.000000,0.000000,1.750000,"910.591,1094.004;1208.914,995.622;1144.125,799.162;845.802,897.544","910.041,1089.116;1207.659,991.556;1144.675,799.416;847.057,896.976",841,795,1214,1100,-0.313191,-0.949690,0.949690,-0.313191,59.104998,89.750382,57.771330,89.485689,31.000000,46.000000,66.000000,86.000000,50.000000,6.000000,9,210,50.377723,1.000000,0.000000,D:\profile\research\data\GM_RM017\GM_RM017_SARframes_gray\000352.png,6d4eae38dd9ed3d5561824b5db939cf8895172fb9c6f4763e564ca2cacb3cd6c,32,13,19,false,INDEX_ALIGNED_DISPLAY_DERIVATION_SUPPORTED,all original GT rows retained as anchor evidence; field reconstructed once per unique vehicle/frame
S1L-FIELD-GM_RM017-GM_RM017_PV003-000353,GM_RM017,GM_RM017:PV003,heldout_validation,A,S0MV-GM_RM017-PV003-SEG01,353,7.060000000,GM_RM017|000353|gm17supp_000169_000353_det4,1,usable:1,1032.996000,944.266000,163.024000,75.935000,177.000000,1032.996000,944.266000,165.109000,75.000000,177.000000,0.000000,0.000000,1.750000,"915.216,1085.749;1210.442,993.281;1150.776,802.783;855.550,895.251","913.623,1085.893;1211.833,992.490;1152.369,802.639;854.159,896.042",850,798,1217,1091,-0.298893,-0.954287,0.954287,-0.298893,57.035145,88.390728,56.841449,89.284339,31.000000,46.000000,66.000000,86.000000,48.000000,5.000000,18,246,50.154352,1.000000,0.000000,D:\profile\research\data\GM_RM017\GM_RM017_SARframes_gray\000353.png,61a1b59559e42d602c58ec9d152154e715d6081fb678b8a7b8f5499d658986a6,28,13,15,false,INDEX_ALIGNED_DISPLAY_DERIVATION_SUPPORTED,all original GT rows retained as anchor evidence; field reconstructed once per unique vehicle/frame
S1L-FIELD-GM_RM017-GM_RM017_PV003-000354,GM_RM017,GM_RM017:PV003,heldout_validation,A,S0MV-GM_RM017-PV003-SEG01,354,7.080000000,GM_RM017|000354|gm_rm017_00067,1,usable:1,1040.450000,944.803000,164.100000,70.360000,177.000000,1040.450000,944.266000,165.109000,75.000000,177.000000,0.000000,0.000000,1.750000,"919.073,1077.645;1214.438,990.712;1161.827,811.961;866.462,898.894","918.465,1081.507;1217.295,993.676;1162.435,807.025;863.605,894.856",859,803,1223,1087,-0.282350,-0.959311,0.959311,-0.282350,53.237802,87.969275,55.584662,88.991228,31.000000,46.000000,66.000000,86.000000,47.000000,6.000000,11,248,48.888236,1.000000,0.000000,D:\profile\research\data\GM_RM017\GM_RM017_SARframes_gray\000354.png,4d328b8b85935a290f65abbc4e364fba48e6813e45067cd248d0eafa14860bd1,38,12,26,false,INDEX_ALIGNED_DISPLAY_DERIVATION_SUPPORTED,all original GT rows retained as anchor evidence; field reconstructed once per unique vehicle/frame
S1L-FIELD-GM_RM017-GM_RM017_PV003-000355,GM_RM017,GM_RM017:PV003,heldout_validation,A,S0MV-GM_RM017-PV003-SEG01,355,7.100000000,GM_RM017|000355|gm17supp_000170_000355_det2,1,usable:1,1045.658000,942.116000,166.355000,74.645000,177.000000,1045.658000,942.440000,164.974000,75.935000,177.000000,0.000000,0.000000,1.750000,"920.752,1076.049;1221.849,992.078;1170.564,808.183;869.467,892.154","921.906,1076.985;1221.201,993.447;1169.410,807.895;870.115,891.433",865,803,1227,1082,-0.268633,-0.963243,0.963243,-0.268633,54.546573,89.310476,55.041206,88.781229,31.000000,46.000000,66.000000,86.000000,50.000000,5.000000,15,242,51.759324,1.000000,0.000000,D:\profile\research\data\GM_RM017\GM_RM017_SARframes_gray\000355.png,a906fff681053c65003f3bb2bc1ff2a43f49b0f44b15f372b47a85cdea721e36,30,8,22,false,INDEX_ALIGNED_DISPLAY_DERIVATION_SUPPORTED,all original GT rows retained as anchor evidence; field reconstructed once per unique vehicle/frame
S1L-FIELD-GM_RM017-GM_RM017_PV003-000356,GM_RM017,GM_RM017:PV003,heldout_validation,A,S0MV-GM_RM017-PV003-SEG01,356,7.120000000,GM_RM017|000356|gm_rm017_00071,1,usable:1,1052.196000,942.440000,168.582000,78.900000,177.000000,1052.196000,942.440000,164.974000,77.666000,177.000000,0.000000,0.000000,1.750000,"923.674,1076.953;1230.191,996.562;1180.718,807.927;874.201,888.318","926.446,1074.471;1226.559,995.760;1177.946,810.409;877.833,889.120",870,803,1236,1082,-0.253693,-0.967285,0.967285,-0.253693,55.718527,90.538232,54.748598,88.646561,31.000000,46.000000,66.000000,86.000000,47.000000,6.000000,11,202,48.005771,1.000000,0.000000,D:\profile\research\data\GM_RM017\GM_RM017_SARframes_gray\000356.png,e9c3c3af732925fd58c1f23009b7a83523013604b41e5a66572700276377b08d,34,12,22,false,INDEX_ALIGNED_DISPLAY_DERIVATION_SUPPORTED,all original GT rows retained as anchor evidence; field reconstructed once per unique vehicle/frame
S1L-FIELD-GM_RM017-GM_RM017_PV003-000357,GM_RM017,GM_RM017:PV003,heldout_validation,A,S0MV-GM_RM017-PV003-SEG01,357,7.140000000,GM_RM017|000357|gm17supp_000171_000357_det3,1,usable:1,1063.929000,940.219000,164.974000,78.858000,177.000000,1063.929000,942.440000,166.355000,77.666000,177.000000,0.000000,0.000000,1.750000,"934.648,1065.492;1235.027,996.187;1193.210,814.946;892.831,884.251","933.624,1067.479;1235.983,997.318;1194.234,817.401;891.875,887.562",887,810,1241,1073,-0.224819,-0.974400,0.974400,-0.224819,53.143659,88.077237,52.770693,88.683701,31.000000,46.000000,66.000000,86.000000,48.000000,5.000000,16,215,49.815100,1.000000,0.000000,D:\profile\research\data\GM_RM017\GM_RM017_SARframes_gray\000357.png,c737ff71e9136fa6c9eb058f1f7f71530d8ec40649fe554c1fde54f365d8cc7a,33,14,19,false,INDEX_ALIGNED_DISPLAY_DERIVATION_SUPPORTED,all original GT rows retained as anchor evidence; field reconstructed once per unique vehicle/frame
S1L-FIELD-GM_RM017-GM_RM017_PV003-000358,GM_RM017,GM_RM017:PV003,heldout_validation,A,S0MV-GM_RM017-PV003-SEG01,358,7.160000000,GM_RM017|000358|gm_rm017_00074,1,usable:1,1069.646000,943.937000,158.573000,77.666000,175.000000,1069.646000,942.440000,164.974000,78.858000,176.000000,0.000000,0.000000,1.750000,"944.868,1058.211;1230.681,995.859;1194.424,829.663;908.611,892.015","939.268,1061.876;1237.835,996.993;1200.024,823.004;901.457,887.887",897,819,1243,1067,-0.213146,-0.977020,0.977020,-0.213146,48.601458,83.581456,50.871454,87.296135,31.000000,46.000000,66.000000,86.000000,48.000000,5.000000,13,203,50.008423,1.000000,0.000000,D:\profile\research\data\GM_RM017\GM_RM017_SARframes_gray\000358.png,bc467450fb40498ea90e4bb75d6c6dad0a52d14d56c78189cb2c7c9f06639aca,31,10,21,false,INDEX_ALIGNED_DISPLAY_DERIVATION_SUPPORTED,all original GT rows retained as anchor evidence; field reconstructed once per unique vehicle/frame
S1L-FIELD-GM_RM017-GM_RM017_PV003-000359,GM_RM017,GM_RM017:PV003,heldout_validation,A,S0MV-GM_RM017-PV003-SEG01,359,7.180000000,GM_RM017|000359|gm17supp_000172_000359_det3,1,usable:1,1072.523000,943.806000,170.644000,70.165000,174.000000,1072.523000,942.248000,164.974000,77.666000,176.000000,0.000000,0.000000,1.750000,"936.767,1050.485;1239.777,986.657;1208.279,837.127;905.269,900.955","941.358,1058.695;1239.429,996.160;1203.688,825.801;905.617,888.336",901,821,1245,1064,-0.206124,-0.978526,0.978526,-0.206124,43.660457,88.474180,49.733714,87.017303,31.000000,46.000000,66.000000,86.000000,50.000000,5.000000,11,214,51.939760,1.000000,0.000000,D:\profile\research\data\GM_RM017\GM_RM017_SARframes_gray\000359.png,a444fa13736b785b263318d5a67b00cd93c5114d3a0e54bd13aee284bca29be8,28,14,14,false,INDEX_ALIGNED_DISPLAY_DERIVATION_SUPPORTED,all original GT rows retained as anchor evidence; field reconstructed once per unique vehicle/frame
S1L-FIELD-GM_RM017-GM_RM017_PV003-000360,GM_RM017,GM_RM017:PV003,heldout_validation,A,S0MV-GM_RM017-PV003-SEG01,360,7.200000000,GM_RM017|000360|gm_rm017_00077,1,usable:1,1081.560000,941.827000,156.385000,80.898000,176.000000,1081.560000,942.314000,158.573000,77.666000,175.000000,0.000000,0.000000,1.750000,"955.717,1052.698;1238.889,999.935;1207.403,830.956;924.231,883.719","954.197,1048.574;1238.670,995.502;1208.923,836.054;924.450,889.126",920,826,1244,1058,-0.183177,-0.983080,0.983080,-0.183177,49.110684,82.298938,46.342500,82.680160,31.000000,46.000000,66.000000,86.000000,46.000000,5.000000,10,176,47.646319,1.000000,0.000000,D:\profile\research\data\GM_RM017\GM_RM017_SARframes_gray\000360.png,211bb7e62c6b7cb69a752633bd7a9aa0aeb8e40b733aa7914d430d22050a7f93,16,8,8,false,INDEX_ALIGNED_DISPLAY_DERIVATION_SUPPORTED,all original GT rows retained as anchor evidence; field reconstructed once per unique vehicle/frame
S1L-FIELD-GM_RM017-GM_RM017_PV003-000361,GM_RM017,GM_RM017:PV003,heldout_validation,A,S0MV-GM_RM017-PV003-SEG01,361,7.220000000,GM_RM017|000361|gm17supp_000173_000361_det3,1,usable:1,1090.856000,942.248000,176.842000,72.626000,177.000000,1090.856000,942.248000,170.644000,76.535000,175.000000,0.000000,0.000000,1.750000,"945.051,1046.983;1262.331,995.395;1236.661,837.513;919.381,889.101","951.487,1043.743;1255.201,994.360;1230.225,840.753;926.511,890.136",915,833,1268,1052,-0.160487,-0.987038,0.987038,-0.160487,45.701573,91.841879,44.464118,87.915141,31.000000,46.000000,66.000000,86.000000,43.000000,4.000000,15,199,44.942484,1.000000,0.000000,D:\profile\research\data\GM_RM017\GM_RM017_SARframes_gray\000361.png,a5f8f988a872e05f3b2cf01008c09f0957a59f84264833150ab15ffcd79fd003,12,5,7,false,INDEX_ALIGNED_DISPLAY_DERIVATION_SUPPORTED,all original GT rows retained as anchor evidence; field reconstructed once per unique vehicle/frame
S1L-FIELD-GM_RM017-GM_RM017_PV003-000362,GM_RM017,GM_RM017:PV003,heldout_validation,A,S0MV-GM_RM017-PV003-SEG01,362,7.240000000,GM_RM017|000362|gm_rm017_00080,1,usable:1,1092.105000,942.314000,154.000000,82.580000,174.000000,1092.105000,941.827000,176.842000,78.669000,175.000000,0.000000,0.000000,1.750000,"967.909,1042.454;1241.281,998.877;1216.301,842.174;942.929,885.751","947.390,1045.450;1261.845,995.387;1236.820,838.204;922.365,888.267",918,834,1267,1051,-0.157418,-0.987532,0.987532,-0.157418,45.337702,79.092468,45.475076,90.975892,31.000000,46.000000,66.000000,86.000000,44.000000,5.000000,9,190,45.372094,1.000000,0.000000,D:\profile\research\data\GM_RM017\GM_RM017_SARframes_gray\000362.png,a1736ed4b8d3401425fd55a9a4f77f555999018c9fc8f66274323b4bdfc80683,13,6,7,false,INDEX_ALIGNED_DISPLAY_DERIVATION_SUPPORTED,all original GT rows retained as anchor evidence; field reconstructed once per unique vehicle/frame
S1L-FIELD-GM_RM017-GM_RM017_PV003-000363,GM_RM017,GM_RM017:PV003,heldout_validation,A,S0MV-GM_RM017-PV003-SEG01,363,7.260000000,GM_RM017|000363|gm17supp_000174_000363_det3,1,usable:1,1107.710000,939.297000,177.535000,76.535000,175.000000,1107.710000,942.046000,176.842000,76.535000,175.000000,0.000000,0.000000,1.750000,"959.907,1028.953;1272.353,991.992;1255.513,849.641;943.067,886.602","960.545,1031.865;1271.858,994.777;1254.875,852.227;943.562,889.315",939,845,1278,1037,-0.117478,-0.993075,0.993075,-0.117478,40.955268,89.892640,41.016629,89.575590,31.000000,46.000000,66.000000,86.000000,44.000000,5.000000,13,210,46.395896,1.000000,0.000000,D:\profile\research\data\GM_RM017\GM_RM017_SARframes_gray\000363.png,793c0e84505708548820e9fe003eb117cacefbee13f32a840a9e09568dc84ac6,11,4,7,false,INDEX_ALIGNED_DISPLAY_DERIVATION_SUPPORTED,all original GT rows retained as anchor evidence; field reconstructed once per unique vehicle/frame
S1L-FIELD-GM_RM017-GM_RM017_PV003-000364,GM_RM017,GM_RM017:PV003,heldout_validation,A,S0MV-GM_RM017-PV003-SEG01,364,7.280000000,GM_RM017|000364|gm17supp_000175_000364_det3,1,usable:1,1112.883000,941.254000,179.718000,78.669000,174.000000,1112.883000,941.987000,177.535000,78.669000,175.000000,0.000000,0.000000,1.750000,"963.703,1026.305;1276.538,993.268;1262.063,856.203;949.228,889.240","964.723,1029.706;1276.119,996.759;1261.043,854.268;949.647,887.215",945,850,1282,1035,-0.105021,-0.994470,0.994470,-0.105021,39.379053,89.878494,40.938719,89.466637,31.000000,46.000000,66.000000,86.000000,43.000000,5.000000,9,202,45.319438,1.000000,0.000000,D:\profile\research\data\GM_RM017\GM_RM017_SARframes_gray\000364.png,1d77ab504a097c53084a5d56fb101a775bc01fd4d79f1e11451b4de30452d877,15,6,9,false,INDEX_ALIGNED_DISPLAY_DERIVATION_SUPPORTED,all original GT rows retained as anchor evidence; field reconstructed once per unique vehicle/frame
S1L-FIELD-GM_RM017-GM_RM017_PV003-000365,GM_RM017,GM_RM017:PV003,heldout_validation,A,S0MV-GM_RM017-PV003-SEG01,365,7.300000000,GM_RM017|000365|gm_rm017_00083,1,usable:1,1113.739000,942.046000,158.507000,72.069000,176.000000,1113.739000,941.987000,177.535000,76.535000,176.000000,0.000000,0.000000,1.750000,"980.738,1023.851;1260.687,994.843;1246.740,860.241;966.791,889.249","964.516,1029.954;1277.827,997.495;1262.962,854.020;949.651,886.479",945,850,1283,1035,-0.103066,-0.994675,0.994675,-0.103066,38.663797,80.413785,41.212224,89.996588,31.000000,46.000000,66.000000,86.000000,44.000000,4.000000,15,234,46.761873,1.000000,0.000000,D:\profile\research\data\GM_RM017\GM_RM017_SARframes_gray\000365.png,28f43bbaf2b53036f3ab0cde343b3a02df29f2f6492a469f43141c620401c8b7,15,6,9,false,INDEX_ALIGNED_DISPLAY_DERIVATION_SUPPORTED,all original GT rows retained as anchor evidence; field reconstructed once per unique vehicle/frame
S1L-FIELD-GM_RM017-GM_RM017_PV003-000366,GM_RM017,GM_RM017:PV003,heldout_validation,A,S0MV-GM_RM017-PV003-SEG01,366,7.320000000,GM_RM017|000366|gm17supp_000176_000366_det2,1,usable:1,1129.813000,941.987000,182.942000,84.323000,176.000000,1129.813000,942.046000,173.768000,78.669000,176.000000,0.000000,0.000000,1.750000,"974.148,1026.826;1294.796,1006.869;1285.478,857.148;964.830,877.105","981.888,1021.385;1286.436,1002.428;1277.738,862.707;973.190,881.664",960,853,1300,1032,-0.062119,-0.998069,0.998069,-0.062119,42.860346,91.791026,39.997598,87.182237,31.000000,46.000000,66.000000,86.000000,44.000000,5.000000,12,218,46.109075,1.000000,0.000000,D:\profile\research\data\GM_RM017\GM_RM017_SARframes_gray\000366.png,feb866c708733202ecb53f1ebcce645a4c1298e9d1da69a38fb39eddd4b93cb6,10,5,5,false,INDEX_ALIGNED_DISPLAY_DERIVATION_SUPPORTED,all original GT rows retained as anchor evidence; field reconstructed once per unique vehicle/frame
S1L-FIELD-GM_RM017-GM_RM017_PV003-000367,GM_RM017,GM_RM017:PV003,heldout_validation,A,S0MV-GM_RM017-PV003-SEG01,367,7.340000000,GM_RM017|000367|gm_rm017_00085,1,usable:1,1132.548000,943.400000,163.953000,76.067000,176.000000,1132.548000,942.273000,163.953000,77.058000,176.000000,0.000000,0.000000,1.750000,"992.159,1019.910;1280.530,1003.934;1272.937,866.890;984.566,882.866","992.172,1019.650;1280.592,1003.718;1272.924,864.896;984.504,880.828",980,860,1286,1025,-0.055318,-0.998469,0.998469,-0.055318,39.215438,82.518194,39.723890,82.531329,31.000000,46.000000,66.000000,86.000000,44.000000,4.000000,16,227,47.125169,1.000000,0.000000,D:\profile\research\data\GM_RM017\GM_RM017_SARframes_gray\000367.png,bf2edb604b4b2d9925eae51866d6fb429290cba64f822ee2e68ae6a59c90feb1,13,4,9,false,INDEX_ALIGNED_DISPLAY_DERIVATION_SUPPORTED,all original GT rows retained as anchor evidence; field reconstructed once per unique vehicle/frame
S1L-FIELD-GM_RM017-GM_RM017_PV003-000368,GM_RM017,GM_RM017:PV003,heldout_validation,A,S0MV-GM_RM017-PV003-SEG01,368,7.360000000,GM_RM017|000368|gm17supp_000177_000368_det3,1,usable:1,1139.548000,942.787000,173.768000,81.323000,174.000000,1135.602000,942.787000,165.845000,77.058000,176.000000,0.000000,0.000000,1.750000,"986.184,1029.805;1298.964,1018.149;1292.912,855.769;980.132,867.425","992.526,1020.314;1285.374,1006.421;1278.678,865.260;985.830,879.153",976,851,1304,1035,-0.037240,-0.999306,0.999306,-0.037240,46.426714,89.427752,40.377293,83.764960,31.000000,46.000000,66.000000,86.000000,44.000000,5.000000,11,199,45.952400,1.000000,0.000000,D:\profile\research\data\GM_RM017\GM_RM017_SARframes_gray\000368.png,91c3edb065861d68d4f1d3ac3a8a8aca8c50ee29446529851c6d22d8a3e78b2b,12,7,5,false,INDEX_ALIGNED_DISPLAY_DERIVATION_SUPPORTED,all original GT rows retained as anchor evidence; field reconstructed once per unique vehicle/frame
S1L-FIELD-GM_RM017-GM_RM017_PV003-000369,GM_RM017,GM_RM017:PV003,heldout_validation,A,S0MV-GM_RM017-PV003-SEG01,369,7.380000000,GM_RM017|000369|gm_rm017_00089,1,usable:1,1135.602000,942.273000,162.832000,77.058000,174.000000,1139.548000,943.400000,163.953000,76.067000,175.000000,0.000000,0.000000,1.750000,"993.228,1024.588;1285.121,1010.759;1277.976,859.958;986.083,873.787","995.793,1022.457;1288.796,1011.520;1283.303,864.343;990.300,875.280",982,855,1294,1030,-0.047325,-0.998880,0.998880,-0.047325,43.134519,83.491500,42.079876,83.773561,31.000000,46.000000,66.000000,86.000000,45.000000,5.000000,11,201,48.398844,1.000000,0.000000,D:\profile\research\data\GM_RM017\GM_RM017_SARframes_gray\000369.png,68f1bfc620c217e65dd1cd7767ab33f2a8914759db328e7af534e2a80787c20c,12,6,6,false,INDEX_ALIGNED_DISPLAY_DERIVATION_SUPPORTED,all original GT rows retained as anchor evidence; field reconstructed once per unique vehicle/frame
S1L-FIELD-GM_RM017-GM_RM017_PV003-000370,GM_RM017,GM_RM017:PV003,heldout_validation,A,S0MV-GM_RM017-PV003-SEG01,370,7.400000000,GM_RM017|000370|gm17supp_000178_000370_det2,1,usable:1,1150.939000,943.927000,165.845000,70.300000,177.000000,1150.939000,942.787000,165.845000,75.242000,175.000000,0.000000,0.000000,1.750000,"1003.777,1012.993;1299.176,1010.655;1298.101,874.861;1002.702,877.199","1001.675,1021.103;1301.421,1018.737;1300.203,864.471;1000.457,866.837",996,860,1307,1027,-0.007916,-0.999969,0.999969,-0.007916,38.799464,84.402309,44.077523,85.644464,31.000000,46.000000,66.000000,86.000000,45.000000,6.000000,10,209,48.402589,1.000000,0.000000,D:\profile\research\data\GM_RM017\GM_RM017_SARframes_gray\000370.png,c41aed626a9e28baac1b37ff8bc5b6223dccf2aa9781890eee3c78b63d825436,16,8,8,false,INDEX_ALIGNED_DISPLAY_DERIVATION_SUPPORTED,all original GT rows retained as anchor evidence; field reconstructed once per unique vehicle/frame
S1L-FIELD-GM_RM017-GM_RM017_PV003-000371,GM_RM017,GM_RM017:PV003,heldout_validation,A,S0MV-GM_RM017-PV003-SEG01,371,7.420000000,GM_RM017|000371|gm_rm017_00091,1,usable:1,1152.908000,943.743000,146.453000,74.638000,175.000000,1152.908000,943.364000,165.845000,74.638000,175.000000,0.000000,0.000000,1.750000,"1019.925,1020.003;1286.320,1019.251;1285.891,867.483;1019.496,868.235","1003.021,1021.102;1303.231,1020.256;1302.795,865.626;1002.585,866.472",998,861,1309,1027,-0.002823,-0.999996,0.999996,-0.002823,43.362196,76.113251,44.180235,85.774739,31.000000,46.000000,66.000000,86.000000,46.000000,5.000000,18,210,49.540593,1.000000,0.000000,D:\profile\research\data\GM_RM017\GM_RM017_SARframes_gray\000371.png,ae06552663d66ac338e0e1f0e0e2f896cec968711a6a6f2ec1039a4d4edbf40b,21,10,11,false,INDEX_ALIGNED_DISPLAY_DERIVATION_SUPPORTED,all original GT rows retained as anchor evidence; field reconstructed once per unique vehicle/frame
S1L-FIELD-GM_RM017-GM_RM017_PV003-000372,GM_RM017,GM_RM017:PV003,heldout_validation,A,S0MV-GM_RM017-PV003-SEG01,372,7.440000000,GM_RM017|000372|gm17supp_000179_000372_det1,1,usable:1,1167.105000,941.444000,173.242000,75.242000,177.000000,1167.105000,943.743000,171.513000,73.526000,176.000000,0.000000,0.000000,1.750000,"1007.865,1014.743;1321.053,1025.290;1326.345,868.145;1013.157,857.598","1008.576,1017.939;1320.249,1028.497;1325.634,869.547;1013.961,858.989",1003,853,1332,1034,0.033656,-0.999433,0.999433,0.033656,44.924109,89.532964,45.440572,89.100660,31.000000,46.000000,66.000000,86.000000,50.000000,5.000000,13,231,52.378533,1.000000,0.000000,D:\profile\research\data\GM_RM017\GM_RM017_SARframes_gray\000372.png,413e9d09deb6332e9869c5177ec8ebe135445fce5714b675a904f92d63196e41,21,8,13,false,INDEX_ALIGNED_DISPLAY_DERIVATION_SUPPORTED,all original GT rows retained as anchor evidence; field reconstructed once per unique vehicle/frame
S1L-FIELD-GM_RM017-GM_RM017_PV003-000373,GM_RM017,GM_RM017:PV003,heldout_validation,A,S0MV-GM_RM017-PV003-SEG01,373,7.460000000,GM_RM017|000373|gm_rm017_00093,1,usable:1,1172.077000,943.364000,171.513000,69.417000,175.000000,1172.077000,943.743000,171.513000,73.608000,176.000000,0.000000,0.000000,1.750000,"1011.666,1016.196;1325.005,1030.824;1332.488,870.532;1019.149,855.904","1011.904,1017.763;1324.649,1032.377;1332.250,869.723;1019.505,855.109",1007,851,1338,1038,0.046631,-0.998912,0.998912,0.046631,45.847530,89.622816,46.523162,89.453341,31.000000,46.000000,66.000000,86.000000,44.000000,5.000000,16,217,46.876807,1.000000,0.000000,D:\profile\research\data\GM_RM017\GM_RM017_SARframes_gray\000373.png,887f6eb002632e0dd34690d5bac1e4319973b83096c44865e5a9b0f1f3c1b122,10,8,2,false,INDEX_ALIGNED_DISPLAY_DERIVATION_SUPPORTED,all original GT rows retained as anchor evidence; field reconstructed once per unique vehicle/frame
S1L-FIELD-GM_RM017-GM_RM017_PV003-000374,GM_RM017,GM_RM017:PV003,heldout_validation,A,S0MV-GM_RM017-PV003-SEG01,374,7.480000000,GM_RM017|000374|gm17supp_000180_000374_det1,1,usable:1,1179.700000,944.002000,175.232000,73.526000,176.000000,1179.700000,944.002000,171.513000,73.526000,176.000000,0.000000,0.000000,1.750000,"1013.802,1017.717;1334.381,1039.029;1345.598,870.287;1025.019,848.975","1017.048,1017.490;1331.193,1038.374;1342.352,870.514;1028.207,849.630",1009,844,1351,1045,0.066331,-0.997798,0.997798,0.066331,48.318399,91.796139,48.065943,89.953846,31.000000,46.000000,66.000000,86.000000,43.000000,5.000000,13,223,45.075888,1.000000,0.000000,D:\profile\research\data\GM_RM017\GM_RM017_SARframes_gray\000374.png,c30f6daf7c4fee93c5bf9bfec7b00a01841be2731e229036486352690f6c4d90,12,5,7,false,INDEX_ALIGNED_DISPLAY_DERIVATION_SUPPORTED,all original GT rows retained as anchor evidence; field reconstructed once per unique vehicle/frame
S1L-FIELD-GM_RM017-GM_RM017_PV003-000375,GM_RM017,GM_RM017:PV003,heldout_validation,A,S0MV-GM_RM017-PV003-SEG01,375,7.500000000,GM_RM017|000375|gm_rm017_00096,1,usable:1,1182.299000,946.874000,164.543000,73.608000,176.000000,1180.035000,945.429000,166.123000,72.297000,176.000000,0.000000,0.000000,1.750000,"1024.805,1019.813;1327.389,1042.128;1339.793,873.935;1037.209,851.620","1022.167,1017.507;1326.768,1038.096;1337.903,873.351;1033.302,852.762",1018,847,1345,1048,0.073548,-0.997292,0.997292,0.073548,48.185718,86.687310,47.177139,87.227539,31.000000,46.000000,66.000000,86.000000,40.000000,4.000000,15,213,43.358292,1.000000,0.000000,D:\profile\research\data\GM_RM017\GM_RM017_SARframes_gray\000375.png,d316805a452e2e6a51f25d3d349cc4f8ad76d99862c915974a3e64d025c5630b,10,5,5,false,INDEX_ALIGNED_DISPLAY_DERIVATION_SUPPORTED,all original GT rows retained as anchor evidence; field reconstructed once per unique vehicle/frame
S1L-FIELD-GM_RM017-GM_RM017_PV003-000376,GM_RM017,GM_RM017:PV003,heldout_validation,A,S0MV-GM_RM017-PV003-SEG01,376,7.520000000,GM_RM017|000376|gm17supp_000180_000376_det1,1,usable:1,1180.035000,945.461000,166.123000,72.297000,177.000000,1182.299000,945.429000,166.123000,73.526000,176.000000,0.000000,0.000000,1.750000,"1023.094,1015.221;1326.160,1035.708;1336.976,875.701;1033.910,855.214","1023.476,1018.402;1328.751,1040.831;1341.122,872.456;1035.847,850.027",1019,846,1347,1046,0.067445,-0.997723,0.997723,0.067445,45.820764,86.787835,48.236884,87.456652,31.000000,46.000000,66.000000,86.000000,39.000000,5.000000,8,165,41.053434,1.000000,0.000000,D:\profile\research\data\GM_RM017\GM_RM017_SARframes_gray\000376.png,b600475f6009a095c00ac78dfac8cedbe177bd3aa9bf404a7228abb7bc5762ae,15,7,8,false,INDEX_ALIGNED_DISPLAY_DERIVATION_SUPPORTED,all original GT rows retained as anchor evidence; field reconstructed once per unique vehicle/frame
S1L-FIELD-GM_RM017-GM_RM017_PV003-000378,GM_RM017,GM_RM017:PV003,heldout_validation,A,S0MV-GM_RM017-PV003-SEG01,378,7.560000000,GM_RM017|000378|gm17supp_000181_000378_det2,1,usable:1,1195.374000,945.429000,162.935000,66.155000,177.000000,1195.374000,945.429000,164.543000,73.516000,176.000000,0.000000,0.000000,1.750000,"1037.764,1008.735;1335.944,1040.764;1352.984,882.123;1054.804,850.094","1033.736,1017.225;1338.076,1049.916;1357.012,873.633;1052.672,840.942",1029,836,1363,1055,0.106803,-0.994280,0.994280,0.106803,45.586663,85.684378,50.656430,87.454421,31.000000,46.000000,66.000000,86.000000,40.000000,4.000000,10,171,41.848607,1.000000,0.000000,D:\profile\research\data\GM_RM017\GM_RM017_SARframes_gray\000378.png,1cb3e209b3a34309fbddf2e8220e1f08dbb076b089e6e242a74bfb0af6029b1e,14,8,6,false,INDEX_ALIGNED_DISPLAY_DERIVATION_SUPPORTED,all original GT rows retained as anchor evidence; field reconstructed once per unique vehicle/frame
S1L-FIELD-GM_RM017-GM_RM017_PV003-000379,GM_RM017,GM_RM017:PV003,heldout_validation,A,S0MV-GM_RM017-PV003-SEG01,379,7.580000000,GM_RM017|000379|gm_rm017_00103,1,usable:1,1211.993000,942.720000,178.408000,77.873000,175.000000,1209.306000,943.178000,165.233000,72.533000,176.000000,0.000000,0.000000,1.750000,"1030.947,1019.500;1362.665,1069.096;1393.039,865.940;1061.321,816.344","1043.114,1012.808;1349.377,1056.528;1375.498,873.548;1069.235,829.828",1026,812,1399,1075,0.147869,-0.989007,0.989007,0.147869,58.689668,95.829860,52.809832,88.390868,31.000000,46.000000,66.000000,86.000000,39.000000,4.000000,11,161,40.230312,1.000000,0.000000,D:\profile\research\data\GM_RM017\GM_RM017_SARframes_gray\000379.png,e76847ff5c775cfcb51a83d66452e1d91c975663037436a6212c176c7d41a79c,15,9,6,false,INDEX_ALIGNED_DISPLAY_DERIVATION_SUPPORTED,all original GT rows retained as anchor evidence; field reconstructed once per unique vehicle/frame
S1L-FIELD-GM_RM017-GM_RM017_PV003-000380,GM_RM017,GM_RM017:PV003,heldout_validation,A,S0MV-GM_RM017-PV003-SEG01,380,7.600000000,GM_RM017|000380|gm17supp_000182_000380_det2,1,usable:1,1209.306000,943.000000,163.258000,73.516000,174.000000,1211.993000,943.000000,163.258000,72.533000,176.000000,0.000000,0.000000,1.750000,"1042.890,1017.472;1348.252,1061.044;1375.722,868.528;1070.360,824.956","1046.726,1012.208;1349.766,1057.549;1377.260,873.792;1074.220,828.451",1038,820,1383,1067,0.141258,-0.989973,0.989973,0.141258,55.561850,88.130149,53.086537,87.546542,31.000000,46.000000,66.000000,86.000000,40.000000,4.000000,9,164,42.196618,1.000000,0.000000,D:\profile\research\data\GM_RM017\GM_RM017_SARframes_gray\000380.png,0815cd129ea0f951b8e5cf8a6eb61500deb993b4703875001fb55b3d0fafd920,13,7,6,false,INDEX_ALIGNED_DISPLAY_DERIVATION_SUPPORTED,all original GT rows retained as anchor evidence; field reconstructed once per unique vehicle/frame
S1L-FIELD-GM_RM017-GM_RM017_PV003-000381,GM_RM017,GM_RM017:PV003,heldout_validation,A,S0MV-GM_RM017-PV003-SEG01,381,7.620000000,GM_RM017|000381|gm_rm017_00106,1,usable:1,1220.120000,943.178000,165.233000,72.533000,176.000000,1217.126000,942.720000,163.258000,73.516000,176.000000,0.000000,0.000000,1.750000,"1050.718,1011.523;1357.265,1063.840;1389.522,874.833;1082.975,822.516","1050.020,1012.120;1353.602,1061.527;1384.232,873.320;1080.650,823.913",1046,818,1395,1069,0.168234,-0.985747,0.985747,0.168234,54.782924,88.851218,54.481007,87.879051,31.000000,46.000000,66.000000,86.000000,43.000000,4.000000,12,175,44.028009,1.000000,0.000000,D:\profile\research\data\GM_RM017\GM_RM017_SARframes_gray\000381.png,b9d9866c22281feef775bf53a32f63b621b87fb6b5bd688fdde0c4137e3841c9,11,6,5,false,INDEX_ALIGNED_DISPLAY_DERIVATION_SUPPORTED,all original GT rows retained as anchor evidence; field reconstructed once per unique vehicle/frame
S1L-FIELD-GM_RM017-GM_RM017_PV003-000382,GM_RM017,GM_RM017:PV003,heldout_validation,A,S0MV-GM_RM017-PV003-SEG01,382,7.640000000,GM_RM017|000382|gm17supp_000183_000382_det2,1,usable:1,1217.126000,941.929000,152.226000,70.116000,177.000000,1220.120000,941.929000,163.258000,73.032000,176.000000,0.000000,0.000000,1.750000,"1061.675,1006.002;1344.309,1051.906;1372.577,877.856;1089.943,831.952","1052.331,1010.581;1355.769,1062.202;1387.909,873.277;1084.471,821.656",1048,817,1393,1068,0.160314,-0.987066,0.987066,0.160314,50.380215,81.810690,54.754008,87.942190,31.000000,46.000000,66.000000,86.000000,43.000000,5.000000,12,176,44.157766,1.000000,0.000000,D:\profile\research\data\GM_RM017\GM_RM017_SARframes_gray\000382.png,b15c0d2ad8fa3649f5fe010b0fffa02b45846d2bebdbf63b766e7167c5a483ea,13,7,6,false,INDEX_ALIGNED_DISPLAY_DERIVATION_SUPPORTED,all original GT rows retained as anchor evidence; field reconstructed once per unique vehicle/frame
S1L-FIELD-GM_RM017-GM_RM017_PV003-000384,GM_RM017,GM_RM017:PV003,heldout_validation,A,S0MV-GM_RM017-PV003-SEG01,384,7.680000000,GM_RM017|000384|gm17supp_000184_000384_det2,1,usable:1,1231.552000,941.773000,151.387000,77.506000,177.000000,1231.552000,941.773000,165.233000,73.032000,177.000000,0.000000,0.000000,1.750000,"1070.010,1009.887;1354.602,1066.649;1393.094,873.659;1108.502,816.897","1059.600,1006.989;1365.327,1067.966;1403.504,876.557;1097.777,815.580",1055,811,1409,1073,0.195599,-0.980684,0.980684,0.195599,56.225871,82.913442,55.765564,89.070846,31.000000,46.000000,66.000000,86.000000,40.000000,4.000000,10,132,41.888842,1.000000,0.000000,D:\profile\research\data\GM_RM017\GM_RM017_SARframes_gray\000384.png,6564eedb15b0820df4647ece7a73b1fc83a68756e399d64ea0b28b6953a43834,18,10,8,false,INDEX_ALIGNED_DISPLAY_DERIVATION_SUPPORTED,all original GT rows retained as anchor evidence; field reconstructed once per unique vehicle/frame
S1L-FIELD-GM_RM017-GM_RM017_PV003-000386,GM_RM017,GM_RM017:PV003,heldout_validation,A,S0MV-GM_RM017-PV003-SEG01,386,7.720000000,GM_RM017|000386|gm17supp_000185_000386_det2,1,usable:1,1254.202000,941.113000,179.823000,73.032000,176.000000,1254.202000,941.473000,173.387000,73.197000,177.000000,0.000000,0.000000,1.750000,"1062.572,1005.770;1390.837,1090.222;1445.832,876.456;1117.567,792.004","1068.870,1003.799;1386.382,1085.560;1439.534,879.147;1122.022,797.386",1058,788,1451,1096,0.249153,-0.968464,0.968464,0.249153,63.064994,96.844155,60.899026,93.677211,31.000000,46.000000,66.000000,86.000000,43.000000,5.000000,6,150,43.979643,1.000000,0.000000,D:\profile\research\data\GM_RM017\GM_RM017_SARframes_gray\000386.png,9c95bd885851aef9c1344a460c91429fbb65e59d84e9f4b7f8c509703509bf44,9,8,1,false,INDEX_ALIGNED_DISPLAY_DERIVATION_SUPPORTED,all original GT rows retained as anchor evidence; field reconstructed once per unique vehicle/frame
S1L-FIELD-GM_RM017-GM_RM017_PV003-000387,GM_RM017,GM_RM017:PV003,heldout_validation,A,S0MV-GM_RM017-PV003-SEG01,387,7.740000000,GM_RM017|000387|gm17supp_000186_000387_det1,1,usable:1,1256.961000,941.473000,173.387000,73.197000,177.000000,1256.961000,941.473000,179.823000,73.298000,177.000000,0.000000,0.000000,1.750000,"1070.910,1003.345;1388.066,1087.263;1443.012,879.601;1125.856,795.683","1065.238,1003.714;1392.813,1090.389;1448.684,879.232;1121.109,792.557",1061,788,1454,1096,0.255792,-0.966732,0.966732,0.255792,61.373868,93.734476,62.406791,96.813589,31.000000,46.000000,66.000000,86.000000,39.000000,5.000000,9,153,40.260270,1.000000,0.000000,D:\profile\research\data\GM_RM017\GM_RM017_SARframes_gray\000387.png,3c4b204db577348a6d806c081d38772078ab58c060db4cf04399066e78405c71,15,8,7,false,INDEX_ALIGNED_DISPLAY_DERIVATION_SUPPORTED,all original GT rows retained as anchor evidence; field reconstructed once per unique vehicle/frame
S1L-FIELD-GM_RM017-GM_RM017_PV003-000388,GM_RM017,GM_RM017:PV003,heldout_validation,A,S0MV-GM_RM017-PV003-SEG01,388,7.760000000,GM_RM017|000388|gm_rm017_00114,1,usable:1,1271.364000,937.657000,193.223000,82.873000,178.000000,1271.364000,941.331000,179.823000,73.298000,177.000000,0.000000,0.000000,1.750000,"1060.536,1002.768;1411.948,1107.728;1482.192,872.546;1130.780,767.586","1076.035,1001.084;1401.112,1099.095;1466.693,881.578;1141.616,783.567",1056,763,1488,1113,0.286187,-0.958174,0.958174,0.286187,70.128093,104.786293,64.911045,97.008929,31.000000,46.000000,66.000000,86.000000,51.000000,6.000000,8,227,51.730265,1.000000,0.000000,D:\profile\research\data\GM_RM017\GM_RM017_SARframes_gray\000388.png,31a0c66c709e4fdb69fcb0472c6216919b2e9e487dbbefaf08afd7c675f6df2f,55,17,38,false,INDEX_ALIGNED_DISPLAY_DERIVATION_SUPPORTED,all original GT rows retained as anchor evidence; field reconstructed once per unique vehicle/frame
S1L-FIELD-GM_RM017-GM_RM017_PV003-000389,GM_RM017,GM_RM017:PV003,heldout_validation,A,S0MV-GM_RM017-PV003-SEG01,389,7.780000000,GM_RM017|000389|gm17supp_000187_000389_det1,1,usable:1,1273.609000,942.560000,183.540000,73.298000,176.000000,1273.609000,941.473000,173.387000,73.298000,177.000000,0.000000,0.000000,1.750000,"1073.685,1004.121;1404.181,1105.992;1473.533,880.999;1143.037,779.128","1083.351,1000.518;1397.854,1097.189;1463.867,882.428;1149.364,785.757",1069,775,1479,1111,0.294563,-0.955632,0.955632,0.294563,67.268357,98.811368,64.193410,94.007101,31.000000,46.000000,66.000000,86.000000,43.000000,4.000000,15,188,44.736587,1.000000,0.000000,D:\profile\research\data\GM_RM017\GM_RM017_SARframes_gray\000389.png,872256237faf416c8cfe25b4c548ab414e09357a42bd0490542508e0766cb879,14,9,5,false,INDEX_ALIGNED_DISPLAY_DERIVATION_SUPPORTED,all original GT rows retained as anchor evidence; field reconstructed once per unique vehicle/frame
S1L-FIELD-GM_RM017-GM_RM017_PV003-000390,GM_RM017,GM_RM017:PV003,heldout_validation,A,S0MV-GM_RM017-PV003-SEG01,390,7.800000000,GM_RM017|000390|frameadd_gm_rm017_000187_000390_01,1,usable:1,1280.156000,941.331000,171.584000,80.610000,0.000000,1278.800000,941.331000,176.039000,76.458000,176.000000,0.000000,0.000000,1.750000,"1088.648,998.457;1401.752,1099.929;1471.664,884.205;1158.560,782.733","1082.540,1003.660;1402.235,1106.154;1475.060,879.002;1155.365,776.508",1078,772,1481,1112,0.308298,-0.951290,0.951290,0.308298,64.791248,94.039004,68.154297,95.920716,31.000000,46.000000,66.000000,86.000000,38.000000,5.000000,6,160,39.360855,1.000000,0.000000,D:\profile\research\data\GM_RM017\GM_RM017_SARframes_gray\000390.png,47c859410c75c71b5df2b441208b35bae00ff9f5d6af98df438ce7cdc5a199b1,17,5,12,false,INDEX_ALIGNED_DISPLAY_DERIVATION_SUPPORTED,all original GT rows retained as anchor evidence; field reconstructed once per unique vehicle/frame
S1L-FIELD-GM_RM017-GM_RM017_PV003-000391,GM_RM017,GM_RM017:PV003,heldout_validation,A,S0MV-GM_RM017-PV003-SEG01,391,7.820000000,GM_RM017|000391|gm17supp_000188_000391_det1,1,usable:1,1278.800000,942.039000,166.387000,72.781000,176.000000,1280.156000,941.331000,176.039000,73.298000,176.000000,0.000000,0.000000,1.750000,"1092.962,1001.255;1395.400,1098.393;1464.638,882.823;1162.200,785.685","1085.346,1001.269;1402.776,1104.143;1474.966,881.393;1157.536,778.519",1081,774,1480,1110,0.305799,-0.952096,0.952096,0.305799,64.690441,90.758597,66.901769,95.338412,31.000000,46.000000,66.000000,86.000000,51.000000,6.000000,12,223,52.625229,1.000000,0.000000,D:\profile\research\data\GM_RM017\GM_RM017_SARframes_gray\000391.png,5075309e335d2e84f9f9e901a181fe1925f4c5ea5578ea2d65ce4afcc169330c,57,17,40,false,INDEX_ALIGNED_DISPLAY_DERIVATION_SUPPORTED,all original GT rows retained as anchor evidence; field reconstructed once per unique vehicle/frame
S1L-FIELD-GM_RM017-GM_RM017_PV003-000392,GM_RM017,GM_RM017:PV003,heldout_validation,A,S0MV-GM_RM017-PV003-SEG01,392,7.840000000,GM_RM017|000392|frameadd_gm_rm017_000188_000392_01,1,usable:1,1292.232000,939.103000,176.039000,76.458000,175.000000,1292.232000,941.331000,171.584000,73.453000,176.000000,0.000000,0.000000,1.750000,"1092.399,1000.737;1409.062,1112.547;1492.065,877.469;1175.402,765.659","1098.546,998.732;1406.338,1108.031;1485.918,883.930;1178.126,774.631",1088,761,1498,1118,0.332941,-0.942948,0.942948,0.332941,71.228948,95.949276,67.946088,93.320591,31.000000,46.000000,66.000000,86.000000,46.000000,6.000000,11,188,47.845990,1.000000,0.000000,D:\profile\research\data\GM_RM017\GM_RM017_SARframes_gray\000392.png,9f74950d9d42d04234b2961d1bb1376b90729d2f3cccaf12ae5178459727781b,26,12,14,false,INDEX_ALIGNED_DISPLAY_DERIVATION_SUPPORTED,all original GT rows retained as anchor evidence; field reconstructed once per unique vehicle/frame
S1L-FIELD-GM_RM017-GM_RM017_PV003-000393,GM_RM017,GM_RM017:PV003,heldout_validation,A,S0MV-GM_RM017-PV003-SEG01,393,7.860000000,GM_RM017|000393|gm17supp_000189_000393_det1,1,usable:1,1301.839000,940.877000,187.400000,70.497000,176.000000,1294.910000,941.458000,171.213000,73.117000,176.000000,0.000000,0.000000,1.750000,"1094.230,995.514;1420.976,1119.463;1509.448,886.240;1182.702,762.291","1101.173,998.076;1407.481,1108.991;1488.647,884.840;1182.339,773.925",1090,758,1515,1125,0.354682,-0.934987,0.934987,0.354682,71.268521,99.847223,68.112636,93.077314,31.000000,46.000000,66.000000,86.000000,41.000000,4.000000,11,170,42.667396,1.000000,0.000000,D:\profile\research\data\GM_RM017\GM_RM017_SARframes_gray\000393.png,b33c8c00887cba313434c10058c4fc4fe6ee6764e4aa62b36ef9ffa6215d44fa,16,9,7,false,INDEX_ALIGNED_DISPLAY_DERIVATION_SUPPORTED,all original GT rows retained as anchor evidence; field reconstructed once per unique vehicle/frame
S1L-FIELD-GM_RM017-GM_RM017_PV003-000394,GM_RM017,GM_RM017:PV003,heldout_validation,A,S0MV-GM_RM017-PV003-SEG01,394,7.880000000,GM_RM017|000394|gm_rm017_00120,1,usable:1,1297.588000,942.347000,159.875000,73.453000,177.000000,1297.588000,940.877000,176.039000,73.453000,176.000000,0.000000,0.000000,1.750000,"1113.573,996.218;1402.270,1102.987;1481.603,888.476;1192.906,781.707","1098.920,997.502;1412.028,1112.862;1496.256,884.252;1183.148,768.892",1094,764,1502,1118,0.346869,-0.937913,0.937913,0.346869,65.346090,87.945218,69.609370,95.338182,31.000000,46.000000,66.000000,86.000000,45.000000,5.000000,9,190,46.516072,1.000000,0.000000,D:\profile\research\data\GM_RM017\GM_RM017_SARframes_gray\000394.png,032303e8c2a686f451089b1a047e8f5d8215ec1e88d12ad881c7afebec634ed6,21,10,11,false,INDEX_ALIGNED_DISPLAY_DERIVATION_SUPPORTED,all original GT rows retained as anchor evidence; field reconstructed once per unique vehicle/frame
S1L-FIELD-GM_RM017-GM_RM017_PV004-000337,GM_RM017,GM_RM017:PV004,heldout_validation,A,S0MV-GM_RM017-PV004-SEG01,337,6.740000000,GM_RM017|000337|gm17supp_000162_000337_det4,1,usable:1,765.375000,877.975000,145.750000,73.150000,179.000000,769.558000,879.920000,153.910000,74.640000,179.000000,0.000000,0.000000,1.750000,"745.002,1067.679;955.978,886.535;785.748,688.271;574.772,869.415","747.151,1077.817;968.513,888.989;791.965,682.023;570.603,870.851",566,678,974,1083,-0.651430,-0.758709,0.758709,-0.651430,74.662141,79.449173,77.724693,83.131141,32.000000,45.000000,61.000000,73.000000,41.000000,4.000000,11,126,41.853277,1.000000,0.000000,D:\profile\research\data\GM_RM017\GM_RM017_SARframes_gray\000337.png,974aa0f70caea2efc1b821384bbada9aef515b6a89960e8207b4855c53be0ac8,11,6,5,false,INDEX_ALIGNED_DISPLAY_DERIVATION_SUPPORTED,all original GT rows retained as anchor evidence; field reconstructed once per unique vehicle/frame
S1L-FIELD-GM_RM017-GM_RM017_PV004-000338,GM_RM017,GM_RM017:PV004,heldout_validation,A,S0MV-GM_RM017-PV004-SEG01,338,6.760000000,GM_RM017|000338|gm_rm017_00044,1,usable:1,769.558000,879.920000,157.087000,74.640000,0.000000,774.066000,879.950500,149.830000,73.895000,179.000000,0.000000,0.000000,1.750000,"747.890,1080.963;971.503,890.215;791.226,678.877;567.613,869.625","750.780,1073.407;968.674,889.704;797.352,686.494;579.458,870.197",563,674,977,1086,-0.648984,-0.760802,0.760802,-0.648984,79.366658,83.976153,75.940500,81.428497,32.000000,45.000000,61.000000,73.000000,44.000000,5.000000,9,129,43.914159,1.000000,0.000000,D:\profile\research\data\GM_RM017\GM_RM017_SARframes_gray\000338.png,ea225e5d6847b6bf2ee3e78f0987133f77545b5ae15fbdd2c7f20d1b189acc7c,27,9,18,false,INDEX_ALIGNED_DISPLAY_DERIVATION_SUPPORTED,all original GT rows retained as anchor evidence; field reconstructed once per unique vehicle/frame
S1L-FIELD-GM_RM017-GM_RM017_PV004-000339,GM_RM017,GM_RM017:PV004,heldout_validation,A,S0MV-GM_RM017-PV004-SEG01,339,6.780000000,GM_RM017|000339|gm17supp_000163_000339_det5,1,usable:1,778.574000,879.981000,153.910000,76.535000,179.000000,778.574000,879.981000,147.368000,73.150000,179.000000,0.000000,0.000000,1.750000,"753.118,1078.952;978.871,890.870;804.030,681.010;578.277,869.092","754.199,1070.380;970.244,890.384;802.949,689.582;586.904,869.578",574,677,984,1084,-0.640094,-0.768297,0.768297,-0.640094,78.042850,83.952956,74.674289,80.343197,32.000000,45.000000,61.000000,73.000000,51.000000,6.000000,17,138,50.900677,1.000000,0.000000,D:\profile\research\data\GM_RM017\GM_RM017_SARframes_gray\000339.png,8ae582021a307235ed55d78312bfc5c905c930a455726e9f9840c5b39e7b75cd,218,49,169,false,INDEX_ALIGNED_DISPLAY_DERIVATION_SUPPORTED,all original GT rows retained as anchor evidence; field reconstructed once per unique vehicle/frame
S1L-FIELD-GM_RM017-GM_RM017_PV004-000340,GM_RM017,GM_RM017:PV004,heldout_validation,A,S0MV-GM_RM017-PV004-SEG01,340,6.800000000,GM_RM017|000340|frameadd_gm_rm017_000163_000340_01,1,usable:1,779.348000,882.884000,143.471000,68.826000,178.000000,779.348000,880.110000,147.368000,74.206000,178.000000,0.000000,0.000000,1.750000,"755.018,1065.793;963.681,891.182;803.678,699.975;595.015,874.586","753.699,1070.890;971.607,889.666;804.997,689.330;587.089,870.554",583,685,977,1076,-0.641755,-0.766909,0.766909,-0.641755,71.234910,77.738010,74.446774,80.976628,32.000000,45.000000,61.000000,73.000000,53.000000,6.000000,13,137,52.986284,1.000000,0.000000,D:\profile\research\data\GM_RM017\GM_RM017_SARframes_gray\000340.png,5da55b5d6f2448fc56a3529b06529fd2e1347ad0e2657a505092a701d04017f1,305,46,259,false,INDEX_ALIGNED_DISPLAY_DERIVATION_SUPPORTED,all original GT rows retained as anchor evidence; field reconstructed once per unique vehicle/frame
S1L-FIELD-GM_RM017-GM_RM017_PV004-000341,GM_RM017,GM_RM017:PV004,heldout_validation,A,S0MV-GM_RM017-PV004-SEG01,341,6.820000000,GM_RM017|000341|gm17supp_000164_000341_det4,1,usable:1,781.406000,884.729000,147.368000,72.116000,178.000000,781.406000,880.480000,144.242000,74.206000,178.000000,0.000000,0.000000,1.750000,"756.288,1073.812;971.943,893.598;806.524,695.646;590.869,875.860","755.782,1068.462;970.866,890.423;807.030,692.498;591.946,870.537",586,688,977,1079,-0.641235,-0.767345,0.767345,-0.641235,73.705697,80.297432,73.410734,79.774675,32.000000,45.000000,61.000000,73.000000,52.000000,6.000000,13,139,51.391185,1.000000,0.000000,D:\profile\research\data\GM_RM017\GM_RM017_SARframes_gray\000341.png,4dd61956e3be673b20d81281ea8b00c00bb0b74befc89e6d684a7d94e178fb32,230,31,199,false,INDEX_ALIGNED_DISPLAY_DERIVATION_SUPPORTED,all original GT rows retained as anchor evidence; field reconstructed once per unique vehicle/frame
S1L-FIELD-GM_RM017-GM_RM017_PV004-000342,GM_RM017,GM_RM017:PV004,heldout_validation,A,S0MV-GM_RM017-PV004-SEG01,342,6.840000000,GM_RM017|000342|frameadd_gm_rm017_000164_000342_01,1,usable:1,794.761000,880.110000,139.497000,74.206000,175.000000,794.653000,882.758000,143.471000,74.206000,178.000000,0.000000,0.000000,1.750000,"762.986,1060.971;978.158,889.385;826.536,699.249;611.364,870.835","765.459,1069.180;982.972,894.648;823.847,696.336;606.334,870.868",602,692,988,1075,-0.623474,-0.781844,0.781844,-0.623474,69.482640,78.631448,72.645961,79.679489,32.000000,45.000000,61.000000,73.000000,52.000000,6.000000,11,145,51.834667,1.000000,0.000000,D:\profile\research\data\GM_RM017\GM_RM017_SARframes_gray\000342.png,8193debe85b8c95eb43ead02c5b72f0dd9f64766337c909dfe8015ae4681976c,239,32,207,false,INDEX_ALIGNED_DISPLAY_DERIVATION_SUPPORTED,all original GT rows retained as anchor evidence; field reconstructed once per unique vehicle/frame
S1L-FIELD-GM_RM017-GM_RM017_PV004-000343,GM_RM017,GM_RM017:PV004,heldout_validation,A,S0MV-GM_RM017-PV004-SEG01,343,6.860000000,GM_RM017|000343|gm17supp_000165_000343_det4,1,usable:1,794.653000,880.480000,144.242000,78.266000,178.000000,794.761000,880.480000,144.242000,75.177000,177.000000,0.000000,0.000000,1.750000,"764.810,1070.947;987.000,893.565;824.496,690.013;602.306,867.395","763.810,1067.605;984.090,891.800;825.712,693.355;605.432,869.160",598,686,992,1076,-0.623902,-0.781503,0.781503,-0.623902,74.417983,81.231748,72.542191,80.524130,32.000000,45.000000,61.000000,73.000000,52.000000,6.000000,15,133,51.635643,1.000000,0.000000,D:\profile\research\data\GM_RM017\GM_RM017_SARframes_gray\000343.png,57ab7f0998b172b170753daa4672c9e80a3bdc3767770bd09c5c10a07341cd6f,252,44,208,false,INDEX_ALIGNED_DISPLAY_DERIVATION_SUPPORTED,all original GT rows retained as anchor evidence; field reconstructed once per unique vehicle/frame
S1L-FIELD-GM_RM017-GM_RM017_PV004-000344,GM_RM017,GM_RM017:PV004,heldout_validation,A,S0MV-GM_RM017-PV004-SEG01,344,6.880000000,GM_RM017|000344|frameadd_gm_rm017_000165_000344_01,1,usable:1,808.173000,882.758000,140.331000,75.177000,177.000000,808.169000,880.480000,144.242000,75.177000,177.000000,0.000000,0.000000,1.750000,"774.388,1065.458;993.478,896.275;841.958,700.058;622.868,869.241","772.758,1066.252;996.793,894.124;843.580,694.708;619.545,866.836",615,690,1002,1072,-0.611190,-0.791484,0.791484,-0.611190,70.831492,79.088376,71.850985,80.721082,32.000000,45.000000,61.000000,73.000000,50.000000,5.000000,12,133,49.840639,1.000000,0.000000,D:\profile\research\data\GM_RM017\GM_RM017_SARframes_gray\000344.png,70e97ee099ad21023391da841f210e5b222c7fdfced5e4324cc130cb558c377c,131,32,99,false,INDEX_ALIGNED_DISPLAY_DERIVATION_SUPPORTED,all original GT rows retained as anchor evidence; field reconstructed once per unique vehicle/frame
S1L-FIELD-GM_RM017-GM_RM017_PV004-000345,GM_RM017,GM_RM017:PV004,heldout_validation,A,S0MV-GM_RM017-PV004-SEG01,345,6.900000000,GM_RM017|000345|gm17supp_000166_000345_det4,1,usable:1,808.169000,878.984000,152.435000,79.516000,177.000000,808.173000,880.480000,148.249000,75.661000,177.000000,0.000000,0.000000,1.750000,"770.344,1075.236;1007.496,893.634;845.994,682.732;608.842,864.334","771.704,1070.011;1000.701,894.072;844.642,690.949;615.645,866.888",604,678,1013,1081,-0.607980,-0.793953,0.793953,-0.607980,75.895948,85.342206,73.185979,82.508744,32.000000,45.000000,61.000000,73.000000,52.000000,6.000000,16,131,51.748546,1.000000,0.000000,D:\profile\research\data\GM_RM017\GM_RM017_SARframes_gray\000345.png,e2e3c37156c7fd5fd9fd4fec450e798f67d965e04449cc009e3481d308c47739,282,36,246,false,INDEX_ALIGNED_DISPLAY_DERIVATION_SUPPORTED,all original GT rows retained as anchor evidence; field reconstructed once per unique vehicle/frame
S1L-FIELD-GM_RM017-GM_RM017_PV004-000346,GM_RM017,GM_RM017:PV004,heldout_validation,A,S0MV-GM_RM017-PV004-SEG01,346,6.920000000,GM_RM017|000346|gm_rm017_00056,1,usable:1,820.217000,882.154000,148.249000,74.082000,176.000000,820.217000,879.967000,148.249000,75.177000,177.000000,0.000000,0.000000,1.750000,"778.932,1068.179;1010.264,895.996;861.502,696.129;630.170,868.312","779.410,1067.594;1011.591,895.617;861.024,692.340;628.843,864.317",624,688,1017,1074,-0.597075,-0.802185,0.802185,-0.597075,71.186359,82.393635,72.276107,82.553288,32.000000,45.000000,61.000000,73.000000,52.000000,6.000000,12,139,51.497789,1.000000,0.000000,D:\profile\research\data\GM_RM017\GM_RM017_SARframes_gray\000346.png,c8a02d216175eecde6bf93a8d05fe2eda0a8fa8f1e88aab263d85d8e9c92001c,228,29,199,false,INDEX_ALIGNED_DISPLAY_DERIVATION_SUPPORTED,all original GT rows retained as anchor evidence; field reconstructed once per unique vehicle/frame
S1L-FIELD-GM_RM017-GM_RM017_PV004-000347,GM_RM017,GM_RM017:PV004,heldout_validation,A,S0MV-GM_RM017-PV004-SEG01,347,6.940000000,GM_RM017|000347|gm17supp_000167_000347_det4,1,usable:1,820.952000,879.960000,155.968000,75.661000,177.000000,820.952000,879.960000,152.435000,75.661000,177.000000,0.000000,0.000000,1.750000,"777.591,1074.260;1019.421,895.533;864.313,685.660;622.483,864.387","778.651,1071.356;1016.334,895.695;863.253,688.564;625.570,864.225",618,681,1025,1080,-0.594352,-0.804205,0.804205,-0.594352,74.562751,85.916495,73.588618,84.442839,32.000000,45.000000,61.000000,73.000000,50.000000,5.000000,12,143,49.996639,1.000000,0.000000,D:\profile\research\data\GM_RM017\GM_RM017_SARframes_gray\000347.png,d6b0e0ffae5a8b378210a59af926544d6d4bcfc67d4d48e3fa9e26d7550e02a1,154,34,120,false,INDEX_ALIGNED_DISPLAY_DERIVATION_SUPPORTED,all original GT rows retained as anchor evidence; field reconstructed once per unique vehicle/frame
S1L-FIELD-GM_RM017-GM_RM017_PV004-000348,GM_RM017,GM_RM017:PV004,heldout_validation,A,S0MV-GM_RM017-PV004-SEG01,348,6.960000000,GM_RM017|000348|gm_rm017_00059,1,usable:1,835.175000,879.967000,145.410000,73.547000,176.000000,835.175000,879.960000,154.444000,75.661000,176.000000,0.000000,0.000000,1.750000,"789.050,1060.897;1021.141,896.692;881.300,699.037;649.209,863.242","786.033,1069.987;1030.724,896.870;884.317,689.933;639.626,863.050",635,685,1036,1075,-0.577567,-0.816343,0.816343,-0.577567,69.177742,81.230219,72.426068,85.639518,32.000000,45.000000,61.000000,73.000000,48.000000,5.000000,9,150,48.831758,1.000000,0.000000,D:\profile\research\data\GM_RM017\GM_RM017_SARframes_gray\000348.png,cc6292f913fa29b3b93588410615bc0ba7f2d756c43f88f5963854ac55bc5c03,89,27,62,false,INDEX_ALIGNED_DISPLAY_DERIVATION_SUPPORTED,all original GT rows retained as anchor evidence; field reconstructed once per unique vehicle/frame
S1L-FIELD-GM_RM017-GM_RM017_PV004-000349,GM_RM017,GM_RM017:PV004,heldout_validation,A,S0MV-GM_RM017-PV004-SEG01,349,6.980000000,GM_RM017|000349|gm17supp_000168_000349_det2,1,usable:1,840.448000,876.056000,154.444000,78.952000,178.000000,836.549000,879.960000,155.968000,75.661000,177.000000,0.000000,0.000000,1.750000,"790.484,1069.674;1039.188,898.114;890.412,682.438;641.708,853.998","787.404,1071.996;1033.920,898.339;885.694,687.924;639.178,861.581",635,678,1045,1077,-0.567823,-0.823151,0.823151,-0.567823,74.860519,86.324590,73.537814,86.154690,32.000000,45.000000,61.000000,73.000000,50.000000,5.000000,11,163,49.218636,1.000000,0.000000,D:\profile\research\data\GM_RM017\GM_RM017_SARframes_gray\000349.png,18e5d748568145dedf6c44a2692be6fe07e2dccf20106ac517f7809ccdf9b4aa,109,25,84,false,INDEX_ALIGNED_DISPLAY_DERIVATION_SUPPORTED,all original GT rows retained as anchor evidence; field reconstructed once per unique vehicle/frame
S1L-FIELD-GM_RM017-GM_RM017_PV004-000350,GM_RM017,GM_RM017:PV004,heldout_validation,A,S0MV-GM_RM017-PV004-SEG01,350,7.000000000,GM_RM017|000350|gm_rm017_00061,1,usable:1,836.549000,876.523000,170.069000,79.007000,176.000000,840.448000,876.523000,158.658000,78.146000,177.000000,0.000000,0.000000,1.750000,"780.645,1081.342;1048.110,894.354;892.453,671.704;624.988,858.692","788.120,1071.878;1041.672,896.794;892.776,681.168;639.224,856.252",620,667,1054,1087,-0.572974,-0.819573,0.819573,-0.572974,77.618483,93.241871,74.868280,88.036563,32.000000,45.000000,61.000000,73.000000,48.000000,5.000000,10,152,47.735956,1.000000,0.000000,D:\profile\research\data\GM_RM017\GM_RM017_SARframes_gray\000350.png,0aedba982de4ba28e7eb93c947e231ce126e237fe0db142842067a310717bcb6,88,24,64,false,INDEX_ALIGNED_DISPLAY_DERIVATION_SUPPORTED,all original GT rows retained as anchor evidence; field reconstructed once per unique vehicle/frame
S1L-FIELD-GM_RM017-GM_RM017_PV004-000351,GM_RM017,GM_RM017:PV004,heldout_validation,A,S0MV-GM_RM017-PV004-SEG01,351,7.020000000,GM_RM017|000351|gm17supp_000168_000351_det2,1,usable:1,846.387000,883.116000,158.658000,65.852000,177.000000,846.387000,876.523000,158.658000,78.146000,177.000000,0.000000,0.000000,1.750000,"792.962,1067.492;1037.666,899.276;899.812,698.740;655.108,866.956","791.803,1070.862;1047.110,897.905;900.971,682.184;645.664,855.141",641,678,1053,1076,-0.566488,-0.824070,0.824070,-0.566488,69.528388,84.841525,74.446005,88.107280,32.000000,45.000000,61.000000,73.000000,48.000000,5.000000,12,149,48.434996,1.000000,0.000000,D:\profile\research\data\GM_RM017\GM_RM017_SARframes_gray\000351.png,d3422c416ad770e011955c4bb29b53bdd697ed010bf5c8e25c37625ca8c06ca6,81,18,63,false,INDEX_ALIGNED_DISPLAY_DERIVATION_SUPPORTED,all original GT rows retained as anchor evidence; field reconstructed once per unique vehicle/frame
S1L-FIELD-GM_RM017-GM_RM017_PV004-000352,GM_RM017,GM_RM017:PV004,heldout_validation,A,S0MV-GM_RM017-PV004-SEG01,352,7.040000000,GM_RM017|000352|gm_rm017_00064,1,usable:1,862.477000,876.478000,168.105000,78.146000,177.000000,862.477000,877.859000,158.658000,76.129000,177.000000,0.000000,0.000000,1.750000,"797.901,1075.112;1069.962,900.462;927.053,677.844;654.992,852.494","801.980,1067.583;1060.229,901.295;922.974,688.135;664.725,854.423",650,673,1075,1081,-0.540217,-0.841526,0.841526,-0.540217,75.583082,92.369976,72.436130,87.758511,32.000000,45.000000,61.000000,73.000000,48.000000,5.000000,9,126,48.563971,1.000000,0.000000,D:\profile\research\data\GM_RM017\GM_RM017_SARframes_gray\000352.png,6d4eae38dd9ed3d5561824b5db939cf8895172fb9c6f4763e564ca2cacb3cd6c,94,25,69,false,INDEX_ALIGNED_DISPLAY_DERIVATION_SUPPORTED,all original GT rows retained as anchor evidence; field reconstructed once per unique vehicle/frame
S1L-FIELD-GM_RM017-GM_RM017_PV004-000353,GM_RM017,GM_RM017:PV004,heldout_validation,A,S0MV-GM_RM017-PV004-SEG01,353,7.060000000,GM_RM017|000353|gm17supp_000169_000353_det2,1,usable:1,863.548000,880.694000,156.742000,76.129000,1.000000,863.548000,878.290000,156.742000,76.129000,177.000000,0.000000,0.000000,1.750000,"808.117,1073.253;1061.853,909.445;918.979,688.135;665.243,851.943","803.522,1066.369;1059.549,901.960;923.574,690.211;667.547,854.620",661,684,1067,1079,-0.542377,-0.840135,0.840135,-0.542377,75.263467,86.290664,71.899354,86.934272,32.000000,45.000000,61.000000,73.000000,48.000000,5.000000,16,122,48.237922,1.000000,0.000000,D:\profile\research\data\GM_RM017\GM_RM017_SARframes_gray\000353.png,61a1b59559e42d602c58ec9d152154e715d6081fb678b8a7b8f5499d658986a6,76,26,50,false,INDEX_ALIGNED_DISPLAY_DERIVATION_SUPPORTED,all original GT rows retained as anchor evidence; field reconstructed once per unique vehicle/frame
S1L-FIELD-GM_RM017-GM_RM017_PV004-000354,GM_RM017,GM_RM017:PV004,heldout_validation,A,S0MV-GM_RM017-PV004-SEG01,354,7.080000000,GM_RM017|000354|gm_rm017_00066,1,usable:1,871.054000,877.859000,151.388000,75.438000,178.000000,871.054000,878.290000,156.742000,76.129000,178.000000,0.000000,0.000000,1.750000,"811.185,1060.795;1061.724,904.217;930.923,694.923;680.384,851.501","809.111,1066.022;1066.966,904.718;932.997,690.558;675.142,851.862",671,686,1072,1072,-0.529976,-0.848013,0.848013,-0.529976,70.515765,84.412115,72.174494,86.900455,32.000000,45.000000,61.000000,73.000000,47.000000,5.000000,11,121,47.183370,1.000000,0.000000,D:\profile\research\data\GM_RM017\GM_RM017_SARframes_gray\000354.png,4d328b8b85935a290f65abbc4e364fba48e6813e45067cd248d0eafa14860bd1,65,20,45,false,INDEX_ALIGNED_DISPLAY_DERIVATION_SUPPORTED,all original GT rows retained as anchor evidence; field reconstructed once per unique vehicle/frame
S1L-FIELD-GM_RM017-GM_RM017_PV004-000355,GM_RM017,GM_RM017:PV004,heldout_validation,A,S0MV-GM_RM017-PV004-SEG01,355,7.100000000,GM_RM017|000355|gm17supp_000170_000355_det1,1,usable:1,876.155000,878.290000,149.290000,77.832000,177.000000,876.155000,878.766000,156.742000,75.438000,178.000000,0.000000,0.000000,1.750000,"814.648,1059.568;1065.657,905.378;937.662,697.012;686.653,851.202","812.338,1064.892;1071.051,905.802;939.972,692.640;681.259,851.730",677,688,1077,1070,-0.523415,-0.852078,0.852078,-0.523415,69.868040,84.166868,71.497251,86.775418,32.000000,45.000000,61.000000,73.000000,50.000000,5.000000,12,149,50.033098,1.000000,0.000000,D:\profile\research\data\GM_RM017\GM_RM017_SARframes_gray\000355.png,a906fff681053c65003f3bb2bc1ff2a43f49b0f44b15f372b47a85cdea721e36,120,28,92,false,INDEX_ALIGNED_DISPLAY_DERIVATION_SUPPORTED,all original GT rows retained as anchor evidence; field reconstructed once per unique vehicle/frame
S1L-FIELD-GM_RM017-GM_RM017_PV004-000356,GM_RM017,GM_RM017:PV004,heldout_validation,A,S0MV-GM_RM017-PV004-SEG01,356,7.120000000,GM_RM017|000356|gm_rm017_00069,1,usable:1,890.673000,881.570000,162.667000,73.198000,179.000000,887.982000,878.290000,155.717000,75.438000,178.000000,0.000000,0.000000,1.750000,"820.146,1068.596;1088.328,911.325;961.200,694.544;693.018,851.815","819.952,1060.954;1080.685,907.608;956.012,695.626;695.279,848.972",689,690,1094,1074,-0.505866,-0.862612,0.862612,-0.505866,71.802181,88.827069,70.264766,86.424041,32.000000,45.000000,61.000000,73.000000,46.000000,5.000000,11,160,46.533803,1.000000,0.000000,D:\profile\research\data\GM_RM017\GM_RM017_SARframes_gray\000356.png,e9c3c3af732925fd58c1f23009b7a83523013604b41e5a66572700276377b08d,59,23,36,false,INDEX_ALIGNED_DISPLAY_DERIVATION_SUPPORTED,all original GT rows retained as anchor evidence; field reconstructed once per unique vehicle/frame
S1L-FIELD-GM_RM017-GM_RM017_PV004-000357,GM_RM017,GM_RM017:PV004,heldout_validation,A,S0MV-GM_RM017-PV004-SEG01,357,7.140000000,GM_RM017|000357|gm17supp_000171_000357_det1,1,usable:1,887.982000,878.766000,162.681000,71.577000,177.000000,890.673000,878.766000,162.667000,73.300000,177.000000,0.000000,0.000000,1.750000,"815.775,1061.993;1083.231,904.528;960.189,695.539;692.733,853.004","817.485,1062.814;1086.885,905.809;963.861,694.718;694.461,851.723",688,690,1092,1068,-0.507351,-0.861740,0.861740,-0.507351,69.291543,88.676409,69.806975,89.089346,32.000000,45.000000,61.000000,73.000000,48.000000,5.000000,13,144,48.164460,1.000000,0.000000,D:\profile\research\data\GM_RM017\GM_RM017_SARframes_gray\000357.png,c737ff71e9136fa6c9eb058f1f7f71530d8ec40649fe554c1fde54f365d8cc7a,67,24,43,false,INDEX_ALIGNED_DISPLAY_DERIVATION_SUPPORTED,all original GT rows retained as anchor evidence; field reconstructed once per unique vehicle/frame
S1L-FIELD-GM_RM017-GM_RM017_PV004-000358,GM_RM017,GM_RM017:PV004,heldout_validation,A,S0MV-GM_RM017-PV004-SEG01,358,7.160000000,GM_RM017|000358|gm_rm017_00072,1,usable:1,908.924000,877.190000,155.717000,79.180000,179.000000,905.889000,878.766000,162.667000,73.300000,177.000000,0.000000,0.000000,1.750000,"833.516,1059.132;1102.447,913.771;984.332,695.248;715.401,840.609","826.681,1058.755;1100.272,908.521;985.097,698.777;711.506,849.011",707,691,1108,1065,-0.475501,-0.879715,0.879715,-0.475501,70.971954,87.343397,68.367657,89.178505,32.000000,45.000000,61.000000,73.000000,48.000000,5.000000,12,138,48.450001,1.000000,0.000000,D:\profile\research\data\GM_RM017\GM_RM017_SARframes_gray\000358.png,bc467450fb40498ea90e4bb75d6c6dad0a52d14d56c78189cb2c7c9f06639aca,73,22,51,false,INDEX_ALIGNED_DISPLAY_DERIVATION_SUPPORTED,all original GT rows retained as anchor evidence; field reconstructed once per unique vehicle/frame
S1L-FIELD-GM_RM017-GM_RM017_PV004-000359,GM_RM017,GM_RM017:PV004,heldout_validation,A,S0MV-GM_RM017-PV004-SEG01,359,7.180000000,GM_RM017|000359|gm17supp_000172_000359_det1,1,usable:1,905.889000,880.037000,165.403000,73.300000,177.000000,908.924000,878.766000,162.681000,73.800000,177.000000,0.000000,0.000000,1.750000,"825.573,1062.176;1102.751,909.543;986.205,697.898;709.027,850.531","828.536,1058.341;1103.285,909.317;989.312,699.191;714.563,848.215",705,693,1109,1068,-0.482368,-0.875968,0.875968,-0.482368,69.032017,90.406820,68.298813,89.303293,32.000000,45.000000,61.000000,73.000000,50.000000,5.000000,13,145,49.951290,1.000000,0.000000,D:\profile\research\data\GM_RM017\GM_RM017_SARframes_gray\000359.png,a444fa13736b785b263318d5a67b00cd93c5114d3a0e54bd13aee284bca29be8,101,28,73,false,INDEX_ALIGNED_DISPLAY_DERIVATION_SUPPORTED,all original GT rows retained as anchor evidence; field reconstructed once per unique vehicle/frame
S1L-FIELD-GM_RM017-GM_RM017_PV004-000360,GM_RM017,GM_RM017:PV004,heldout_validation,A,S0MV-GM_RM017-PV004-SEG01,360,7.200000000,GM_RM017|000360|gm_rm017_00075,1,usable:1,917.747000,877.469000,158.800000,78.669000,177.000000,917.747000,880.037000,158.800000,75.400000,177.000000,0.000000,0.000000,1.750000,"835.943,1055.813;1110.804,912.507;999.551,699.125;724.690,842.431","836.306,1055.922;1108.736,913.073;999.188,704.152;726.758,847.001",720,695,1116,1061,-0.462315,-0.886716,0.886716,-0.462315,68.755230,88.564510,67.400189,87.888564,32.000000,45.000000,61.000000,73.000000,46.000000,5.000000,11,139,45.853205,1.000000,0.000000,D:\profile\research\data\GM_RM017\GM_RM017_SARframes_gray\000360.png,211bb7e62c6b7cb69a752633bd7a9aa0aeb8e40b733aa7914d430d22050a7f93,40,14,26,false,INDEX_ALIGNED_DISPLAY_DERIVATION_SUPPORTED,all original GT rows retained as anchor evidence; field reconstructed once per unique vehicle/frame
S1L-FIELD-GM_RM017-GM_RM017_PV004-000361,GM_RM017,GM_RM017:PV004,heldout_validation,A,S0MV-GM_RM017-PV004-SEG01,361,7.220000000,GM_RM017|000361|gm17supp_000173_000361_det1,1,usable:1,925.484000,882.000000,166.226000,73.800000,177.000000,925.484000,880.037000,164.044000,75.400000,177.000000,0.000000,0.000000,1.750000,"837.308,1059.502;1120.908,915.036;1013.660,704.498;730.060,848.964","838.190,1057.134;1119.943,914.235;1012.778,702.940;731.025,845.839",726,698,1126,1065,-0.453900,-0.891052,0.891052,-0.453900,67.508780,90.936073,67.690749,90.262642,32.000000,45.000000,61.000000,73.000000,43.000000,4.000000,10,135,43.228444,1.000000,0.000000,D:\profile\research\data\GM_RM017\GM_RM017_SARframes_gray\000361.png,a5f8f988a872e05f3b2cf01008c09f0957a59f84264833150ab15ffcd79fd003,26,10,16,false,INDEX_ALIGNED_DISPLAY_DERIVATION_SUPPORTED,all original GT rows retained as anchor evidence; field reconstructed once per unique vehicle/frame
S1L-FIELD-GM_RM017-GM_RM017_PV004-000362,GM_RM017,GM_RM017:PV004,heldout_validation,A,S0MV-GM_RM017-PV004-SEG01,362,7.240000000,GM_RM017|000362|gm_rm017_00078,1,usable:1,933.436000,882.062000,141.706000,75.400000,178.000000,933.436000,878.634000,164.044000,78.669000,177.000000,0.000000,0.000000,1.750000,"856.653,1043.494;1108.166,919.815;1010.219,720.630;758.706,844.309","842.917,1055.747;1128.749,916.259;1023.955,701.521;738.123,841.009",734,697,1134,1061,-0.441274,-0.897373,0.897373,-0.441274,63.418529,80.079152,68.269628,90.871835,32.000000,45.000000,61.000000,73.000000,44.000000,5.000000,13,139,43.722247,1.000000,0.000000,D:\profile\research\data\GM_RM017\GM_RM017_SARframes_gray\000362.png,a1736ed4b8d3401425fd55a9a4f77f555999018c9fc8f66274323b4bdfc80683,27,10,17,false,INDEX_ALIGNED_DISPLAY_DERIVATION_SUPPORTED,all original GT rows retained as anchor evidence; field reconstructed once per unique vehicle/frame
S1L-FIELD-GM_RM017-GM_RM017_PV004-000363,GM_RM017,GM_RM017:PV004,heldout_validation,A,S0MV-GM_RM017-PV004-SEG01,363,7.260000000,GM_RM017|000363|gm17supp_000174_000363_det1,1,usable:1,939.425000,877.429000,164.044000,78.745000,177.000000,939.425000,878.634000,165.112000,78.745000,177.000000,0.000000,0.000000,1.750000,"846.381,1052.360;1133.708,916.311;1032.469,702.498;745.142,838.547","845.972,1054.456;1134.737,917.362;1032.878,702.812;744.113,839.906",740,698,1140,1060,-0.427948,-0.903803,0.903803,-0.427948,67.591344,90.831166,67.857611,91.330199,32.000000,45.000000,61.000000,73.000000,44.000000,5.000000,12,152,44.338602,1.000000,0.000000,D:\profile\research\data\GM_RM017\GM_RM017_SARframes_gray\000363.png,793c0e84505708548820e9fe003eb117cacefbee13f32a840a9e09568dc84ac6,31,14,17,false,INDEX_ALIGNED_DISPLAY_DERIVATION_SUPPORTED,all original GT rows retained as anchor evidence; field reconstructed once per unique vehicle/frame
S1L-FIELD-GM_RM017-GM_RM017_PV004-000364,GM_RM017,GM_RM017:PV004,heldout_validation,A,S0MV-GM_RM017-PV004-SEG01,364,7.280000000,GM_RM017|000364|gm17supp_000175_000364_det1,1,usable:1,948.521000,878.634000,181.081000,80.584000,177.000000,948.521000,878.160000,165.112000,78.973000,177.000000,0.000000,0.000000,1.750000,"841.939,1062.825;1157.382,919.414;1055.103,694.443;739.660,837.854","851.508,1050.831;1142.378,918.730;1045.534,705.489;754.664,837.590",735,690,1163,1068,-0.413870,-0.910336,0.910336,-0.413870,70.608692,99.003639,66.914756,91.274823,32.000000,45.000000,61.000000,73.000000,43.000000,5.000000,5,136,42.751672,1.000000,0.000000,D:\profile\research\data\GM_RM017\GM_RM017_SARframes_gray\000364.png,1d77ab504a097c53084a5d56fb101a775bc01fd4d79f1e11451b4de30452d877,29,14,15,false,INDEX_ALIGNED_DISPLAY_DERIVATION_SUPPORTED,all original GT rows retained as anchor evidence; field reconstructed once per unique vehicle/frame
S1L-FIELD-GM_RM017-GM_RM017_PV004-000365,GM_RM017,GM_RM017:PV004,heldout_validation,A,S0MV-GM_RM017-PV004-SEG01,365,7.300000000,GM_RM017|000365|gm_rm017_00081,1,usable:1,954.519000,878.160000,165.112000,78.973000,0.000000,954.519000,878.160000,167.542000,78.973000,177.000000,0.000000,0.000000,1.750000,"857.073,1053.923;1150.008,924.768;1051.965,702.397;759.030,831.552","853.727,1050.075;1149.425,919.702;1055.311,706.245;759.613,836.618",755,698,1156,1059,-0.403429,-0.915011,0.915011,-0.403429,69.436080,91.469625,66.652543,92.332320,32.000000,45.000000,61.000000,73.000000,44.000000,4.000000,15,128,43.991511,1.000000,0.000000,D:\profile\research\data\GM_RM017\GM_RM017_SARframes_gray\000365.png,28f43bbaf2b53036f3ab0cde343b3a02df29f2f6492a469f43141c620401c8b7,29,14,15,false,INDEX_ALIGNED_DISPLAY_DERIVATION_SUPPORTED,all original GT rows retained as anchor evidence; field reconstructed once per unique vehicle/frame
S1L-FIELD-GM_RM017-GM_RM017_PV004-000366,GM_RM017,GM_RM017:PV004,heldout_validation,A,S0MV-GM_RM017-PV004-SEG01,366,7.320000000,GM_RM017|000366|gm17supp_000176_000366_det3,1,usable:1,963.924000,877.103000,181.926000,79.510000,177.000000,963.924000,878.369000,174.077000,78.973000,177.000000,0.000000,0.000000,1.750000,"850.165,1054.083;1169.875,920.081;1077.683,700.123;757.973,834.125","855.411,1050.465;1162.801,921.267;1072.437,706.273;765.047,835.471",753,696,1175,1060,-0.386553,-0.922267,0.922267,-0.386553,68.142090,99.044945,66.632202,95.268021,32.000000,45.000000,61.000000,73.000000,44.000000,5.000000,11,131,43.537751,1.000000,0.000000,D:\profile\research\data\GM_RM017\GM_RM017_SARframes_gray\000366.png,feb866c708733202ecb53f1ebcce645a4c1298e9d1da69a38fb39eddd4b93cb6,37,14,23,false,INDEX_ALIGNED_DISPLAY_DERIVATION_SUPPORTED,all original GT rows retained as anchor evidence; field reconstructed once per unique vehicle/frame
S1L-FIELD-GM_RM017-GM_RM017_PV004-000367,GM_RM017,GM_RM017:PV004,heldout_validation,A,S0MV-GM_RM017-PV004-SEG01,367,7.340000000,GM_RM017|000367|gm_rm017_00086,1,usable:1,968.249000,878.722000,167.542000,77.111000,178.000000,968.249000,878.369000,167.542000,77.111000,178.000000,0.000000,0.000000,1.750000,"862.851,1045.555;1160.509,923.199;1073.647,711.889;775.989,834.245","862.797,1045.143;1160.481,922.871;1073.701,711.595;776.017,833.867",771,707,1166,1051,-0.380196,-0.924906,0.924906,-0.380196,65.276063,91.949854,65.258143,91.947886,32.000000,45.000000,61.000000,73.000000,44.000000,5.000000,10,136,44.065826,1.000000,0.000000,D:\profile\research\data\GM_RM017\GM_RM017_SARframes_gray\000367.png,bf2edb604b4b2d9925eae51866d6fb429290cba64f822ee2e68ae6a59c90feb1,34,16,18,false,INDEX_ALIGNED_DISPLAY_DERIVATION_SUPPORTED,all original GT rows retained as anchor evidence; field reconstructed once per unique vehicle/frame
S1L-FIELD-GM_RM017-GM_RM017_PV004-000368,GM_RM017,GM_RM017:PV004,heldout_validation,A,S0MV-GM_RM017-PV004-SEG01,368,7.360000000,GM_RM017|000368|gm17supp_000177_000368_det2,1,usable:1,977.177000,878.369000,174.077000,74.023000,177.000000,977.177000,878.369000,170.045000,77.111000,177.000000,0.000000,0.000000,1.750000,"863.393,1040.369;1170.668,920.223;1090.961,716.369;783.686,836.515","866.248,1040.813;1168.872,922.487;1088.106,715.925;785.482,834.251",779,711,1176,1046,-0.364155,-0.931338,0.931338,-0.364155,62.537929,94.265420,63.368590,92.838275,32.000000,45.000000,61.000000,73.000000,44.000000,5.000000,11,157,43.779685,1.000000,0.000000,D:\profile\research\data\GM_RM017\GM_RM017_SARframes_gray\000368.png,91c3edb065861d68d4f1d3ac3a8a8aca8c50ee29446529851c6d22d8a3e78b2b,28,16,12,false,INDEX_ALIGNED_DISPLAY_DERIVATION_SUPPORTED,all original GT rows retained as anchor evidence; field reconstructed once per unique vehicle/frame
S1L-FIELD-GM_RM017-GM_RM017_PV004-000369,GM_RM017,GM_RM017:PV004,heldout_validation,A,S0MV-GM_RM017-PV004-SEG01,369,7.380000000,GM_RM017|000369|gm_rm017_00088,1,usable:1,980.082000,879.107000,163.673000,75.987000,179.000000,980.082000,878.369000,167.542000,77.111000,177.000000,0.000000,0.000000,1.750000,"873.378,1039.795;1167.012,926.685;1086.786,718.419;793.152,831.529","869.799,1038.148;1169.007,923.079;1090.365,718.590;791.157,833.659",787,714,1175,1045,-0.359459,-0.933161,0.933161,-0.359459,63.766691,89.904673,62.597290,91.591995,32.000000,45.000000,61.000000,73.000000,45.000000,5.000000,15,154,45.854108,1.000000,0.000000,D:\profile\research\data\GM_RM017\GM_RM017_SARframes_gray\000369.png,68f1bfc620c217e65dd1cd7767ab33f2a8914759db328e7af534e2a80787c20c,47,19,28,false,INDEX_ALIGNED_DISPLAY_DERIVATION_SUPPORTED,all original GT rows retained as anchor evidence; field reconstructed once per unique vehicle/frame
S1L-FIELD-GM_RM017-GM_RM017_PV004-000370,GM_RM017,GM_RM017:PV004,heldout_validation,A,S0MV-GM_RM017-PV004-SEG01,370,7.400000000,GM_RM017|000370|gm17supp_000178_000370_det3,1,usable:1,991.806000,876.892000,170.045000,77.894000,177.000000,991.806000,878.306000,170.045000,75.987000,177.000000,0.000000,0.000000,1.750000,"875.525,1033.130;1180.782,924.005;1108.087,720.654;802.830,829.779","875.612,1033.115;1179.899,923.997;1108.000,723.497;803.713,832.615",798,716,1186,1039,-0.336622,-0.941640,0.941640,-0.336622,61.701206,92.621848,60.857620,92.360173,32.000000,45.000000,61.000000,73.000000,45.000000,6.000000,11,170,45.860717,1.000000,0.000000,D:\profile\research\data\GM_RM017\GM_RM017_SARframes_gray\000370.png,c41aed626a9e28baac1b37ff8bc5b6223dccf2aa9781890eee3c78b63d825436,50,16,34,false,INDEX_ALIGNED_DISPLAY_DERIVATION_SUPPORTED,all original GT rows retained as anchor evidence; field reconstructed once per unique vehicle/frame
S1L-FIELD-GM_RM017-GM_RM017_PV004-000371,GM_RM017,GM_RM017:PV004,heldout_validation,A,S0MV-GM_RM017-PV004-SEG01,371,7.420000000,GM_RM017|000371|gm_rm017_00092,1,usable:1,998.500000,878.306000,162.000000,78.610000,176.000000,998.500000,878.306000,163.673000,77.894000,177.000000,0.000000,0.000000,1.750000,"885.708,1026.077;1178.315,925.478;1111.292,730.535;818.685,831.134","884.676,1028.404;1180.559,926.679;1112.324,728.208;816.441,829.933",812,724,1186,1034,-0.325125,-0.945671,0.945671,-0.325125,58.898116,88.404891,59.963579,89.394583,32.000000,45.000000,61.000000,73.000000,46.000000,5.000000,18,182,46.765983,1.000000,0.000000,D:\profile\research\data\GM_RM017\GM_RM017_SARframes_gray\000371.png,ae06552663d66ac338e0e1f0e0e2f896cec968711a6a6f2ec1039a4d4edbf40b,56,21,35,false,INDEX_ALIGNED_DISPLAY_DERIVATION_SUPPORTED,all original GT rows retained as anchor evidence; field reconstructed once per unique vehicle/frame
S1L-FIELD-GM_RM017-GM_RM017_PV004-000372,GM_RM017,GM_RM017:PV004,heldout_validation,A,S0MV-GM_RM017-PV004-SEG01,372,7.440000000,GM_RM017|000372|gm17supp_000179_000372_det3,1,usable:1,1010.409000,876.567000,194.666000,70.198000,177.000000,1006.150000,876.892000,168.381000,78.610000,177.000000,0.000000,0.000000,1.750000,"869.331,1028.420;1213.149,919.686;1151.487,724.714;807.669,833.448","886.324,1026.037;1190.843,926.804;1125.976,727.747;821.457,826.980",803,720,1219,1034,-0.301536,-0.953455,0.953455,-0.301536,58.425703,103.029198,59.817028,91.508565,32.000000,45.000000,61.000000,73.000000,50.000000,5.000000,10,185,49.637383,1.000000,0.000000,D:\profile\research\data\GM_RM017\GM_RM017_SARframes_gray\000372.png,413e9d09deb6332e9869c5177ec8ebe135445fce5714b675a904f92d63196e41,74,29,45,false,INDEX_ALIGNED_DISPLAY_DERIVATION_SUPPORTED,all original GT rows retained as anchor evidence; field reconstructed once per unique vehicle/frame
S1L-FIELD-GM_RM017-GM_RM017_PV004-000373,GM_RM017,GM_RM017:PV004,heldout_validation,A,S0MV-GM_RM017-PV004-SEG01,373,7.460000000,GM_RM017|000373|gm_rm017_00095,1,usable:1,1006.150000,878.520000,158.900000,80.440000,178.000000,1010.409000,878.306000,168.381000,78.610000,178.000000,0.000000,0.000000,1.750000,"893.639,1027.053;1184.685,931.868;1118.661,729.987;827.615,825.172","889.563,1027.779;1195.343,930.703;1131.255,728.833;825.475,825.909",821,724,1201,1033,-0.310843,-0.950461,0.950461,-0.310843,60.686614,87.490400,60.513880,91.662591,32.000000,45.000000,61.000000,73.000000,44.000000,5.000000,10,170,44.693291,1.000000,0.000000,D:\profile\research\data\GM_RM017\GM_RM017_SARframes_gray\000373.png,887f6eb002632e0dd34690d5bac1e4319973b83096c44865e5a9b0f1f3c1b122,43,16,27,false,INDEX_ALIGNED_DISPLAY_DERIVATION_SUPPORTED,all original GT rows retained as anchor evidence; field reconstructed once per unique vehicle/frame
S1L-FIELD-GM_RM017-GM_RM017_PV004-000374,GM_RM017,GM_RM017:PV004,heldout_validation,A,S0MV-GM_RM017-PV004-SEG01,374,7.480000000,GM_RM017|000374|gm17supp_000180_000374_det2,1,usable:1,1015.806000,875.966000,168.381000,82.565000,0.000000,1015.806000,878.520000,169.640000,79.274000,178.000000,0.000000,0.000000,1.750000,"893.396,1030.204;1203.345,935.989;1138.216,721.728;828.267,815.943","892.340,1026.491;1200.903,932.167;1139.272,730.549;830.709,824.873",824,717,1209,1036,-0.290829,-0.956775,0.956775,-0.290829,63.983136,92.557599,60.236418,92.187978,32.000000,45.000000,61.000000,73.000000,43.000000,5.000000,11,168,43.234050,1.000000,0.000000,D:\profile\research\data\GM_RM017\GM_RM017_SARframes_gray\000374.png,c30f6daf7c4fee93c5bf9bfec7b00a01841be2731e229036486352690f6c4d90,31,13,18,false,INDEX_ALIGNED_DISPLAY_DERIVATION_SUPPORTED,all original GT rows retained as anchor evidence; field reconstructed once per unique vehicle/frame
S1L-FIELD-GM_RM017-GM_RM017_PV004-000375,GM_RM017,GM_RM017:PV004,heldout_validation,A,S0MV-GM_RM017-PV004-SEG01,375,7.500000000,GM_RM017|000375|gm_rm017_00097,1,usable:1,1033.680000,879.549000,169.640000,76.002000,179.000000,1032.906000,878.520000,168.381000,80.000000,178.000000,0.000000,0.000000,1.750000,"904.856,1017.714;1214.204,935.194;1162.504,741.384;853.156,823.904","905.250,1017.624;1213.002,935.190;1160.562,739.416;852.810,821.850",848,735,1220,1023,-0.257742,-0.966214,0.966214,-0.257742,57.310580,91.475567,57.907443,91.029015,32.000000,45.000000,61.000000,73.000000,40.000000,4.000000,10,142,41.529768,1.000000,0.000000,D:\profile\research\data\GM_RM017\GM_RM017_SARframes_gray\000375.png,d316805a452e2e6a51f25d3d349cc4f8ad76d99862c915974a3e64d025c5630b,20,9,11,false,INDEX_ALIGNED_DISPLAY_DERIVATION_SUPPORTED,all original GT rows retained as anchor evidence; field reconstructed once per unique vehicle/frame
S1L-FIELD-GM_RM017-GM_RM017_PV004-000376,GM_RM017,GM_RM017:PV004,heldout_validation,A,S0MV-GM_RM017-PV004-SEG01,376,7.520000000,GM_RM017|000376|gm17supp_000180_000376_det2,1,usable:1,1032.906000,878.682000,181.542000,79.274000,177.000000,1033.680000,878.682000,168.381000,79.274000,178.000000,0.000000,0.000000,1.750000,"895.001,1020.069;1223.029,932.173;1170.811,737.295;842.783,825.191","905.793,1016.759;1213.293,934.889;1161.567,740.605;854.067,822.475",838,733,1229,1026,-0.258825,-0.965924,0.965924,-0.258825,57.643693,97.028551,57.443309,90.917642,32.000000,45.000000,61.000000,73.000000,39.000000,5.000000,8,118,39.244230,1.000000,0.000000,D:\profile\research\data\GM_RM017\GM_RM017_SARframes_gray\000376.png,b600475f6009a095c00ac78dfac8cedbe177bd3aa9bf404a7228abb7bc5762ae,12,7,5,false,INDEX_ALIGNED_DISPLAY_DERIVATION_SUPPORTED,all original GT rows retained as anchor evidence; field reconstructed once per unique vehicle/frame
S1L-FIELD-GM_RM017-GM_RM017_PV004-000377,GM_RM017,GM_RM017:PV004,heldout_validation,A,S0MV-GM_RM017-PV004-SEG01,377,7.540000000,GM_RM017|000377|gm_rm017_00099,1,usable:1,1039.600000,874.500000,162.680000,80.000000,178.000000,1039.600000,878.682000,169.640000,79.274000,178.000000,0.000000,0.000000,1.750000,"914.280,1007.217;1212.721,932.361;1164.920,741.783;866.479,816.639","909.079,1014.030;1218.799,935.626;1170.121,743.334;860.401,821.738",856,737,1224,1020,-0.243286,-0.969955,0.969955,-0.243286,56.137568,87.910118,56.673677,91.282763,32.000000,45.000000,61.000000,73.000000,37.000000,4.000000,12,109,37.698517,1.000000,0.000000,D:\profile\research\data\GM_RM017\GM_RM017_SARframes_gray\000377.png,41d35548fb0728294b11ef66bd5138db6f6bc5f7cd43cd23db73eb133ea1e940,11,7,4,false,INDEX_ALIGNED_DISPLAY_DERIVATION_SUPPORTED,all original GT rows retained as anchor evidence; field reconstructed once per unique vehicle/frame
S1L-FIELD-GM_RM017-GM_RM017_PV004-000378,GM_RM017,GM_RM017:PV004,heldout_validation,A,S0MV-GM_RM017-PV004-SEG01,378,7.560000000,GM_RM017|000378|gm17supp_000181_000378_det1,1,usable:1,1040.745000,879.052000,160.342000,74.161000,177.000000,1040.745000,878.682000,175.518000,79.274000,178.000000,0.000000,0.000000,1.750000,"917.153,1003.503;1208.441,930.443;1164.337,754.601;873.049,827.661","905.293,1015.662;1224.788,935.593;1176.197,741.702;856.702,821.771",852,737,1230,1021,-0.243280,-0.969956,0.969956,-0.243280,51.796778,85.802766,57.110532,94.106983,32.000000,45.000000,61.000000,73.000000,40.000000,4.000000,11,112,40.438797,1.000000,0.000000,D:\profile\research\data\GM_RM017\GM_RM017_SARframes_gray\000378.png,1cb3e209b3a34309fbddf2e8220e1f08dbb076b089e6e242a74bfb0af6029b1e,12,7,5,false,INDEX_ALIGNED_DISPLAY_DERIVATION_SUPPORTED,all original GT rows retained as anchor evidence; field reconstructed once per unique vehicle/frame
S1L-FIELD-GM_RM017-GM_RM017_PV004-000379,GM_RM017,GM_RM017:PV004,heldout_validation,A,S0MV-GM_RM017-PV004-SEG01,379,7.580000000,GM_RM017|000379|gm_rm017_00102,1,usable:1,1044.930000,873.058000,175.518000,90.351000,179.000000,1044.930000,879.052000,162.680000,78.980000,178.000000,0.000000,0.000000,1.750000,"908.059,1018.984;1232.913,941.545;1181.801,727.132;856.947,804.571","918.501,1008.633;1216.568,936.636;1171.359,749.471;873.292,821.468",852,723,1238,1024,-0.231885,-0.972743,0.972743,-0.231885,62.977338,95.416124,55.013422,87.611246,32.000000,45.000000,61.000000,73.000000,39.000000,4.000000,12,161,39.601515,1.000000,0.000000,D:\profile\research\data\GM_RM017\GM_RM017_SARframes_gray\000379.png,e76847ff5c775cfcb51a83d66452e1d91c975663037436a6212c176c7d41a79c,13,8,5,false,INDEX_ALIGNED_DISPLAY_DERIVATION_SUPPORTED,all original GT rows retained as anchor evidence; field reconstructed once per unique vehicle/frame
S1L-FIELD-GM_RM017-GM_RM017_PV004-000380,GM_RM017,GM_RM017:PV004,heldout_validation,A,S0MV-GM_RM017-PV004-SEG01,380,7.600000000,GM_RM017|000380|gm17supp_000182_000380_det1,1,usable:1,1059.061000,882.835000,176.839000,72.232000,0.000000,1059.061000,879.732000,160.342000,74.161000,178.000000,0.000000,0.000000,1.750000,"917.641,1008.831;1239.444,940.600;1200.481,756.839;878.678,825.070","931.043,996.645;1223.354,935.093;1187.079,762.819;894.768,824.371",874,752,1245,1014,-0.207418,-0.978253,0.978253,-0.207418,53.670365,93.987660,50.300725,85.348939,32.000000,45.000000,61.000000,73.000000,40.000000,4.000000,10,123,41.018980,1.000000,0.000000,D:\profile\research\data\GM_RM017\GM_RM017_SARframes_gray\000380.png,0815cd129ea0f951b8e5cf8a6eb61500deb993b4703875001fb55b3d0fafd920,8,4,4,false,INDEX_ALIGNED_DISPLAY_DERIVATION_SUPPORTED,all original GT rows retained as anchor evidence; field reconstructed once per unique vehicle/frame
S1L-FIELD-GM_RM017-GM_RM017_PV004-000381,GM_RM017,GM_RM017:PV004,heldout_validation,A,S0MV-GM_RM017-PV004-SEG01,381,7.620000000,GM_RM017|000381|gm_rm017_00105,1,usable:1,1069.311000,879.732000,159.785000,78.980000,178.000000,1069.311000,879.732000,167.530000,74.240000,178.000000,0.000000,0.000000,1.750000,"939.749,994.953;1231.852,940.086;1198.873,764.511;906.770,819.378","933.207,993.045;1237.256,935.934;1205.415,766.419;901.366,823.530",897,760,1243,1000,-0.184607,-0.982812,0.982812,-0.184607,51.041494,84.917511,49.280036,88.390150,32.000000,45.000000,61.000000,73.000000,43.000000,4.000000,15,137,42.963614,1.000000,0.000000,D:\profile\research\data\GM_RM017\GM_RM017_SARframes_gray\000381.png,b9d9866c22281feef775bf53a32f63b621b87fb6b5bd688fdde0c4137e3841c9,18,4,14,false,INDEX_ALIGNED_DISPLAY_DERIVATION_SUPPORTED,all original GT rows retained as anchor evidence; field reconstructed once per unique vehicle/frame
S1L-FIELD-GM_RM017-GM_RM017_PV004-000382,GM_RM017,GM_RM017:PV004,heldout_validation,A,S0MV-GM_RM017-PV004-SEG01,382,7.640000000,GM_RM017|000382|gm17supp_000183_000382_det1,1,usable:1,1072.845000,883.926000,147.368000,64.277000,177.000000,1072.845000,879.732000,167.530000,74.240000,178.000000,0.000000,0.000000,1.750000,"952.874,979.071;1218.617,930.789;1192.816,788.781;927.073,837.063","936.024,990.942;1239.857,936.252;1209.666,768.522;905.833,823.212",901,764,1245,996,-0.178761,-0.983893,0.983893,-0.178761,41.237769,77.169488,48.693026,88.204749,32.000000,45.000000,61.000000,73.000000,43.000000,5.000000,11,137,43.122214,1.000000,0.000000,D:\profile\research\data\GM_RM017\GM_RM017_SARframes_gray\000382.png,b15c0d2ad8fa3649f5fe010b0fffa02b45846d2bebdbf63b766e7167c5a483ea,24,9,15,false,INDEX_ALIGNED_DISPLAY_DERIVATION_SUPPORTED,all original GT rows retained as anchor evidence; field reconstructed once per unique vehicle/frame
S1L-FIELD-GM_RM017-GM_RM017_PV004-000383,GM_RM017,GM_RM017:PV004,heldout_validation,A,S0MV-GM_RM017-PV004-SEG01,383,7.660000000,GM_RM017|000383|gm_rm017_00108,1,usable:1,1077.215000,878.493000,167.530000,74.240000,177.000000,1077.215000,878.493000,167.530000,77.147000,178.000000,0.000000,0.000000,1.750000,"939.902,984.453;1241.811,933.177;1214.528,772.533;912.619,823.809","939.597,989.494;1243.764,937.835;1214.833,767.492;910.666,819.151",906,763,1249,995,-0.167440,-0.985882,0.985882,-0.167440,46.555529,87.494816,49.366211,88.149286,32.000000,45.000000,61.000000,73.000000,41.000000,4.000000,12,140,42.220688,1.000000,0.000000,D:\profile\research\data\GM_RM017\GM_RM017_SARframes_gray\000383.png,209b6f307a16eb21f52f28f244c36c735b474fd4fde3e9786f89761219494c64,19,10,9,false,INDEX_ALIGNED_DISPLAY_DERIVATION_SUPPORTED,all original GT rows retained as anchor evidence; field reconstructed once per unique vehicle/frame
S1L-FIELD-GM_RM017-GM_RM017_PV004-000384,GM_RM017,GM_RM017:PV004,heldout_validation,A,S0MV-GM_RM017-PV004-SEG01,384,7.680000000,GM_RM017|000384|gm17supp_000184_000384_det1,1,usable:1,1083.290000,877.510000,172.465000,83.794000,0.000000,1083.290000,878.493000,167.530000,74.240000,177.000000,0.000000,0.000000,1.750000,"939.559,996.811;1256.537,947.343;1227.021,758.209;910.043,807.677","944.950,980.756;1246.248,933.632;1221.630,776.230;920.332,823.354",906,754,1262,1002,-0.154195,-0.988040,0.988040,-0.154195,54.692549,91.661468,45.518712,87.131506,32.000000,45.000000,61.000000,73.000000,40.000000,4.000000,11,132,41.172319,1.000000,0.000000,D:\profile\research\data\GM_RM017\GM_RM017_SARframes_gray\000384.png,6564eedb15b0820df4647ece7a73b1fc83a68756e399d64ea0b28b6953a43834,22,8,14,false,INDEX_ALIGNED_DISPLAY_DERIVATION_SUPPORTED,all original GT rows retained as anchor evidence; field reconstructed once per unique vehicle/frame
S1L-FIELD-GM_RM017-GM_RM017_PV004-000385,GM_RM017,GM_RM017:PV004,heldout_validation,A,S0MV-GM_RM017-PV004-SEG01,385,7.700000000,GM_RM017|000385|gm_rm017_00111,1,usable:1,1087.786000,875.247000,174.595000,77.147000,178.000000,1087.786000,877.510000,167.530000,74.240000,178.000000,0.000000,0.000000,1.750000,"942.269,981.082;1257.419,935.255;1233.303,769.412;918.153,815.239","948.216,979.452;1250.691,935.248;1227.356,775.568;924.881,819.772",914,765,1263,987,-0.143899,-0.989592,0.989592,-0.143899,47.881945,90.989800,46.107503,87.339464,32.000000,45.000000,61.000000,73.000000,39.000000,5.000000,10,136,40.021549,1.000000,0.000000,D:\profile\research\data\GM_RM017\GM_RM017_SARframes_gray\000385.png,9f9a0ed7ea2c2ae7096cd787cae951f994a2f96757649780c816b673a5ee857a,9,4,5,false,INDEX_ALIGNED_DISPLAY_DERIVATION_SUPPORTED,all original GT rows retained as anchor evidence; field reconstructed once per unique vehicle/frame
S1L-FIELD-GM_RM017-GM_RM017_PV004-000386,GM_RM017,GM_RM017:PV004,heldout_validation,A,S0MV-GM_RM017-PV004-SEG01,386,7.720000000,GM_RM017|000386|gm17supp_000185_000386_det1,1,usable:1,1099.594000,880.177000,163.865000,73.142000,177.000000,1099.594000,877.510000,166.594000,77.026000,178.000000,0.000000,0.000000,1.750000,"962.089,970.893;1254.744,935.544;1237.099,789.461;944.444,824.810","959.202,974.413;1258.936,938.422;1239.986,780.607;940.252,816.598",936,776,1264,980,-0.119917,-0.992784,0.992784,-0.119917,42.041406,84.223329,45.413710,86.253313,32.000000,45.000000,61.000000,73.000000,43.000000,5.000000,12,150,43.693421,1.000000,0.000000,D:\profile\research\data\GM_RM017\GM_RM017_SARframes_gray\000386.png,9c95bd885851aef9c1344a460c91429fbb65e59d84e9f4b7f8c509703509bf44,22,6,16,false,INDEX_ALIGNED_DISPLAY_DERIVATION_SUPPORTED,all original GT rows retained as anchor evidence; field reconstructed once per unique vehicle/frame
S1L-FIELD-GM_RM017-GM_RM017_PV004-000387,GM_RM017,GM_RM017:PV004,heldout_validation,A,S0MV-GM_RM017-PV004-SEG01,387,7.740000000,GM_RM017|000387|gm17supp_000186_000387_det2,1,usable:1,1101.277000,876.735000,161.774000,72.935000,178.000000,1101.277000,880.177000,166.594000,73.142000,178.000000,0.000000,0.000000,1.750000,"964.673,968.135;1255.196,934.386;1237.881,785.335;947.358,819.084","960.593,972.831;1259.556,937.837;1241.961,787.523;942.998,822.517",938,781,1265,978,-0.115389,-0.993320,0.993320,-0.115389,42.872420,83.564731,43.240004,86.001098,32.000000,45.000000,61.000000,73.000000,39.000000,5.000000,6,153,40.020596,1.000000,0.000000,D:\profile\research\data\GM_RM017\GM_RM017_SARframes_gray\000387.png,3c4b204db577348a6d806c081d38772078ab58c060db4cf04399066e78405c71,6,4,2,false,INDEX_ALIGNED_DISPLAY_DERIVATION_SUPPORTED,all original GT rows retained as anchor evidence; field reconstructed once per unique vehicle/frame
S1L-FIELD-GM_RM017-GM_RM017_PV004-000388,GM_RM017,GM_RM017:PV004,heldout_validation,A,S0MV-GM_RM017-PV004-SEG01,388,7.760000000,GM_RM017|000388|frameadd_gm_rm017_000186_000388_01,1,usable:1,1108.532000,883.232000,166.594000,77.026000,178.000000,1108.532000,880.177000,166.594000,73.142000,177.000000,0.000000,0.000000,1.750000,"967.159,974.915;1265.460,944.597;1249.905,791.549;951.604,821.867","967.723,965.706;1263.593,935.840;1249.341,794.648;953.471,824.514",947,787,1271,980,-0.101114,-0.994875,0.994875,-0.101114,43.953392,85.668118,40.545490,84.963816,32.000000,45.000000,61.000000,73.000000,51.000000,6.000000,12,227,51.631775,1.000000,0.000000,D:\profile\research\data\GM_RM017\GM_RM017_SARframes_gray\000388.png,31a0c66c709e4fdb69fcb0472c6216919b2e9e487dbbefaf08afd7c675f6df2f,57,18,39,false,INDEX_ALIGNED_DISPLAY_DERIVATION_SUPPORTED,all original GT rows retained as anchor evidence; field reconstructed once per unique vehicle/frame
S1L-FIELD-GM_RM017-GM_RM017_PV004-000389,GM_RM017,GM_RM017:PV004,heldout_validation,A,S0MV-GM_RM017-PV004-SEG01,389,7.780000000,GM_RM017|000389|gm17supp_000187_000389_det2,1,usable:1,1117.543000,881.889000,175.634000,70.503000,176.000000,1117.543000,879.450000,171.390000,73.800000,178.000000,0.000000,0.000000,1.750000,"968.821,957.598;1276.536,932.596;1266.265,806.180;958.550,831.182","971.026,962.885;1275.556,938.276;1264.060,796.015;959.530,820.624",954,792,1282,968,-0.080981,-0.996716,0.996716,-0.080981,36.237854,88.208266,40.778646,87.292176,32.000000,45.000000,61.000000,73.000000,43.000000,4.000000,15,188,44.763189,1.000000,0.000000,D:\profile\research\data\GM_RM017\GM_RM017_SARframes_gray\000389.png,872256237faf416c8cfe25b4c548ab414e09357a42bd0490542508e0766cb879,15,6,9,false,INDEX_ALIGNED_DISPLAY_DERIVATION_SUPPORTED,all original GT rows retained as anchor evidence; field reconstructed once per unique vehicle/frame
S1L-FIELD-GM_RM017-GM_RM017_PV004-000390,GM_RM017,GM_RM017:PV004,heldout_validation,A,S0MV-GM_RM017-PV004-SEG01,390,7.800000000,GM_RM017|000390|gm_rm017_00117,1,usable:1,1123.475000,875.142000,171.390000,84.406000,176.000000,1123.475000,879.450000,171.390000,77.026000,177.000000,0.000000,0.000000,1.750000,"978.600,959.307;1278.286,939.222;1268.350,790.977;968.664,811.062","977.549,959.152;1278.807,938.768;1269.401,799.748;968.143,820.132",964,786,1284,965,-0.066870,-0.997762,0.997762,-0.066870,42.450780,85.816743,39.810859,86.270356,32.000000,45.000000,61.000000,73.000000,38.000000,5.000000,10,160,39.738371,1.000000,0.000000,D:\profile\research\data\GM_RM017\GM_RM017_SARframes_gray\000390.png,47c859410c75c71b5df2b441208b35bae00ff9f5d6af98df438ce7cdc5a199b1,6,3,3,false,INDEX_ALIGNED_DISPLAY_DERIVATION_SUPPORTED,all original GT rows retained as anchor evidence; field reconstructed once per unique vehicle/frame
S1L-FIELD-GM_RM017-GM_RM017_PV004-000391,GM_RM017,GM_RM017:PV004,heldout_validation,A,S0MV-GM_RM017-PV004-SEG01,391,7.820000000,GM_RM017|000391|gm17supp_000188_000391_det2,1,usable:1,1129.025000,879.450000,176.950000,73.800000,178.000000,1129.025000,879.450000,171.390000,73.800000,177.000000,0.000000,0.000000,1.750000,"976.891,955.695;1288.645,938.437;1281.159,803.205;969.405,820.463","982.693,952.666;1282.545,936.067;1275.357,806.234;975.505,822.833",965,799,1294,961,-0.055274,-0.998471,0.998471,-0.055274,38.696717,89.209151,37.151983,85.803221,32.000000,45.000000,61.000000,73.000000,51.000000,6.000000,12,223,52.975132,1.000000,0.000000,D:\profile\research\data\GM_RM017\GM_RM017_SARframes_gray\000391.png,5075309e335d2e84f9f9e901a181fe1925f4c5ea5578ea2d65ce4afcc169330c,54,11,43,false,INDEX_ALIGNED_DISPLAY_DERIVATION_SUPPORTED,all original GT rows retained as anchor evidence; field reconstructed once per unique vehicle/frame
S1L-FIELD-GM_RM017-GM_RM017_PV004-000392,GM_RM017,GM_RM017:PV004,heldout_validation,A,S0MV-GM_RM017-PV004-SEG01,392,7.840000000,GM_RM017|000392|gm_rm017_00119,1,usable:1,1139.167000,873.380000,167.759000,90.716000,177.000000,1139.167000,879.450000,170.326000,79.473000,177.000000,0.000000,0.000000,1.750000,"993.571,960.433;1290.099,950.813;1284.763,786.327;988.235,795.947","991.266,956.783;1291.828,946.901;1287.068,802.117;986.506,811.999",982,782,1297,966,-0.032425,-0.999474,0.999474,-0.032425,47.020546,84.766781,41.389013,85.921302,32.000000,45.000000,61.000000,73.000000,47.000000,5.000000,13,188,48.533099,1.000000,0.000000,D:\profile\research\data\GM_RM017\GM_RM017_SARframes_gray\000392.png,9f74950d9d42d04234b2961d1bb1376b90729d2f3cccaf12ae5178459727781b,38,16,22,false,INDEX_ALIGNED_DISPLAY_DERIVATION_SUPPORTED,all original GT rows retained as anchor evidence; field reconstructed once per unique vehicle/frame
S1L-FIELD-GM_RM017-GM_RM017_PV004-000393,GM_RM017,GM_RM017:PV004,heldout_validation,A,S0MV-GM_RM017-PV004-SEG01,393,7.860000000,GM_RM017|000393|gm17supp_000189_000393_det2,1,usable:1,1142.563000,885.465000,170.326000,71.142000,178.000000,1140.865000,880.438500,169.042500,76.636500,177.500000,0.000000,0.000000,1.750000,"994.644,952.907;1293.751,945.222;1290.482,818.023;991.375,825.708","994.080,953.940;1291.686,945.256;1287.650,806.937;990.044,815.621",986,802,1299,959,-0.025685,-0.999670,0.999670,-0.025685,36.354623,85.487324,39.536683,85.066559,32.000000,45.000000,61.000000,73.000000,41.000000,4.000000,13,170,43.447085,1.000000,0.000000,D:\profile\research\data\GM_RM017\GM_RM017_SARframes_gray\000393.png,b33c8c00887cba313434c10058c4fc4fe6ee6764e4aa62b36ef9ffa6215d44fa,9,6,3,false,INDEX_ALIGNED_DISPLAY_DERIVATION_SUPPORTED,all original GT rows retained as anchor evidence; field reconstructed once per unique vehicle/frame
S1L-FIELD-GM_RM017-GM_RM017_PV004-000394,GM_RM017,GM_RM017:PV004,heldout_validation,A,S0MV-GM_RM017-PV004-SEG01,394,7.880000000,GM_RM017|000394|gm_rm017_00121,1,usable:1,1144.066000,881.427000,163.808000,79.473000,177.000000,1142.563000,881.427000,167.759000,79.473000,177.000000,0.000000,0.000000,1.750000,"1000.365,958.465;1291.033,952.037;1287.767,804.389;997.099,810.817","995.875,958.648;1292.991,951.083;1289.251,804.206;992.135,811.771",988,800,1298,964,-0.022111,-0.999756,0.999756,-0.022111,42.195322,83.068249,41.978466,84.917983,32.000000,45.000000,61.000000,73.000000,45.000000,5.000000,12,190,47.375045,1.000000,0.000000,D:\profile\research\data\GM_RM017\GM_RM017_SARframes_gray\000394.png,032303e8c2a686f451089b1a047e8f5d8215ec1e88d12ad881c7afebec634ed6,18,7,11,false,INDEX_ALIGNED_DISPLAY_DERIVATION_SUPPORTED,all original GT rows retained as anchor evidence; field reconstructed once per unique vehicle/frame
S1L-FIELD-GM_RM017-GM_RM017_PV004-000429,GM_RM017,GM_RM017:PV004,heldout_validation,C,S0MV-GM_RM017-PV004-SEG02,429,8.580000000,GM_RM017|000429|gm_rm017_00149,1,usable:1,1376.312000,871.432000,198.122000,86.017000,177.000000,1376.312000,871.432000,198.122000,86.017000,177.000000,0.000000,0.000000,1.750000,"1141.790,924.030;1480.503,1088.023;1610.834,818.834;1272.121,654.841","1141.790,924.030;1480.503,1088.023;1610.834,818.834;1272.121,654.841",1137,650,1616,1094,0.435774,-0.900056,0.900056,0.435774,85.451460,107.521183,85.451460,107.521183,43.000000,59.000000,78.000000,95.000000,59.000000,7.000000,18,249,60.104737,1.000000,0.000000,D:\profile\research\data\GM_RM017\GM_RM017_SARframes_gray\000429.png,9ee1d9bd1a3ebbbec378ff0415d97eb421cf0abaca3b3bc03bb2e04748404cf3,44,20,24,false,INDEX_ALIGNED_DISPLAY_DERIVATION_SUPPORTED,all original GT rows retained as anchor evidence; field reconstructed once per unique vehicle/frame
S1L-FIELD-GM_RM017-GM_RM017_PV004-000438,GM_RM017,GM_RM017:PV004,heldout_validation,B,S0MV-GM_RM017-PV004-SEG03,438,8.760000000,GM_RM017|000438|gm_rm017_00153,1,usable:1,1425.531000,873.194000,179.847000,79.380000,176.000000,1425.531000,873.194000,179.847000,79.380000,176.000000,0.000000,0.000000,1.750000,"1205.400,913.097;1495.911,1085.553;1645.662,833.291;1355.151,660.835","1205.400,913.097;1495.911,1085.553;1645.662,833.291;1355.151,660.835",1201,656,1651,1091,0.510464,-0.859899,0.859899,0.510464,83.817828,96.526532,83.817828,96.526532,36.000000,52.000000,73.000000,86.000000,60.000000,7.000000,16,246,60.309850,1.000000,0.000000,D:\profile\research\data\GM_RM017\GM_RM017_SARframes_gray\000438.png,55baff14bdbf0f8624e9efde8606959ebd6ca497f0bd4e969ff6e655907be877,198,21,177,false,INDEX_ALIGNED_DISPLAY_DERIVATION_SUPPORTED,all original GT rows retained as anchor evidence; field reconstructed once per unique vehicle/frame
S1L-FIELD-GM_RM017-GM_RM017_PV004-000446,GM_RM017,GM_RM017:PV004,heldout_validation,B,S0MV-GM_RM017-PV004-SEG03,446,8.920000000,GM_RM017|000446|gm_rm017_00157,1,usable:1,1473.541000,869.331000,180.842000,76.979000,178.000000,1473.541000,869.331000,180.842000,76.979000,178.000000,0.000000,0.000000,1.750000,"1251.553,896.311;1526.300,1086.640;1695.529,842.351;1420.782,652.022","1251.553,896.311;1526.300,1086.640;1695.529,842.351;1420.782,652.022",1247,648,1701,1092,0.569452,-0.822025,0.822025,0.569452,84.908236,95.494842,84.908236,95.494842,36.000000,52.000000,73.000000,86.000000,46.000000,5.000000,5,167,46.360590,1.000000,0.000000,D:\profile\research\data\GM_RM017\GM_RM017_SARframes_gray\000446.png,6a088afbd78bb5cdf9bffed3795a5074a0cb56acefdef9778ddb08bdeaf8d56c,16,6,10,false,INDEX_ALIGNED_DISPLAY_DERIVATION_SUPPORTED,all original GT rows retained as anchor evidence; field reconstructed once per unique vehicle/frame
S1L-FIELD-GM_RM019-GM_RM019_PV001-000000,GM_RM019,GM_RM019:PV001,development,A,S0MV-GM_RM019-PV001-SEG01,0,0.000000000,GM_RM019|000000|gm_rm019_00001,1,usable:1,1177.387000,1198.050000,145.813000,64.500000,1.000000,1186.840000,1195.994000,146.206000,65.033000,5.000000,0.000000,0.000000,1.750000,"1031.434,1249.182;1297.028,1296.043;1323.340,1146.918;1057.746,1100.057","1037.692,1237.446;1300.140,1301.476;1335.988,1154.542;1073.540,1090.512",1027,1086,1341,1307,0.173755,-0.984789,0.984789,0.173755,43.265458,77.056122,43.212627,77.184335,0.000000,39.000000,69.000000,91.000000,36.000000,5.000000,0,189,37.075324,1.000000,0.000000,D:\profile\research\data\GM_RM019\GM_RM019_SARframes_gray\000000.png,010845ddc079e3fc944412a7ff847e4d412fd533f281655d4a115165ba7a7490,25,11,14,false,INDEX_ALIGNED_DISPLAY_DERIVATION_SUPPORTED,all original GT rows retained as anchor evidence; field reconstructed once per unique vehicle/frame
S1L-FIELD-GM_RM019-GM_RM019_PV001-000004,GM_RM019,GM_RM019:PV001,development,A,S0MV-GM_RM019-PV001-SEG01,4,0.080000000,GM_RM019|000004|gm_rm019_00003,1,usable:1,1186.840000,1195.994000,149.373000,65.033000,6.000000,1186.840000,1195.994000,146.206000,65.033000,5.000000,0.000000,0.000000,1.750000,"1036.072,1235.305;1302.564,1300.321;1337.608,1156.683;1071.116,1091.667","1037.692,1237.446;1300.140,1301.476;1335.988,1154.542;1073.540,1090.512",1032,1086,1343,1307,0.237019,-0.971505,0.971505,0.237019,42.243270,78.373965,43.212627,77.184335,0.000000,39.000000,69.000000,91.000000,37.000000,6.000000,0,203,38.344886,1.000000,0.000000,D:\profile\research\data\GM_RM019\GM_RM019_SARframes_gray\000004.png,579d6524c67fef1dbf8994329de194a352ea0b2dce455b45e7bbd2bc489e8933,23,13,10,false,INDEX_ALIGNED_DISPLAY_DERIVATION_SUPPORTED,all original GT rows retained as anchor evidence; field reconstructed once per unique vehicle/frame
S1L-FIELD-GM_RM019-GM_RM019_PV001-000008,GM_RM019,GM_RM019:PV001,development,A,S0MV-GM_RM019-PV001-SEG01,8,0.160000000,GM_RM019|000008|frameadd_gm_rm019_000004_000008_01,1,usable:1,1196.732000,1195.077000,146.206000,70.677000,5.000000,1186.840000,1195.994000,146.206000,65.033000,5.000000,0.000000,0.000000,1.750000,"1038.366,1237.483;1302.132,1320.652;1355.098,1152.671;1091.332,1069.502","1037.692,1237.446;1300.140,1301.476;1335.988,1154.542;1073.540,1090.512",1033,1065,1361,1326,0.300717,-0.953713,0.953713,0.300717,50.323950,79.019089,43.212627,77.184335,0.000000,39.000000,69.000000,91.000000,47.000000,10.000000,0,206,47.713339,1.000000,0.000000,D:\profile\research\data\GM_RM019\GM_RM019_SARframes_gray\000008.png,16f2a0051505b655e82ffd62a227f662807b15f4207ffabe7a0776457548a1e9,29,14,15,false,INDEX_ALIGNED_DISPLAY_DERIVATION_SUPPORTED,all original GT rows retained as anchor evidence; field reconstructed once per unique vehicle/frame
S1L-FIELD-GM_RM019-GM_RM019_PV001-000027,GM_RM019,GM_RM019:PV001,development,C,S0MV-GM_RM019-PV001-SEG02,27,0.540000000,GM_RM019|000027|gm_rm019_00024,1,usable:1,1296.876000,1186.528000,179.453000,75.617000,171.000000,1296.876000,1186.528000,179.453000,75.617000,171.000000,0.000000,0.000000,1.750000,"1076.353,1201.286;1283.956,1407.166;1517.399,1171.770;1309.796,965.890","1076.353,1201.286;1283.956,1407.166;1517.399,1171.770;1309.796,965.890",1072,961,1523,1334,0.704153,-0.710048,0.710048,0.704153,94.720457,83.536850,94.720457,83.536850,0.000000,37.000000,59.000000,79.000000,37.000000,10.000000,0,140,31.096399,0.995067,0.000000,D:\profile\research\data\GM_RM019\GM_RM019_SARframes_gray\000027.png,d9e65757bbe12901cdf99cd6be6f112b57dbdc270eba7d0ae68e0986c8e77e66,35,11,24,false,INDEX_ALIGNED_DISPLAY_DERIVATION_SUPPORTED,all original GT rows retained as anchor evidence; field reconstructed once per unique vehicle/frame
S1L-FIELD-GM_RM019-GM_RM019_PV002-000027,GM_RM019,GM_RM019:PV002,heldout_validation,B,S0MV-GM_RM019-PV002-SEG01,27,0.540000000,GM_RM019|000027|frameadd_gm_rm019_000013_000027_01,1,usable:1,1063.710000,1203.789000,182.277000,72.100000,177.000000,1063.710000,1203.789000,182.277000,72.100000,177.000000,0.000000,0.000000,1.750000,"1007.012,1414.567;1281.437,1219.175;1120.408,993.011;845.983,1188.403","1007.012,1414.567;1281.437,1219.175;1120.408,993.011;845.983,1188.403",841,989,1287,1334,-0.580007,-0.814611,0.814611,-0.580007,79.323876,96.250852,79.323876,96.250852,0.000000,39.000000,66.000000,83.000000,37.000000,10.000000,0,140,34.265009,0.993926,0.000000,D:\profile\research\data\GM_RM019\GM_RM019_SARframes_gray\000027.png,d9e65757bbe12901cdf99cd6be6f112b57dbdc270eba7d0ae68e0986c8e77e66,35,15,20,false,INDEX_ALIGNED_DISPLAY_DERIVATION_SUPPORTED,all original GT rows retained as anchor evidence; field reconstructed once per unique vehicle/frame
S1L-FIELD-GM_RM019-GM_RM019_PV002-000031,GM_RM019,GM_RM019:PV002,heldout_validation,B,S0MV-GM_RM019-PV002-SEG01,31,0.620000000,GM_RM019|000031|gm_rm019_00026,1,usable:1,1072.055000,1205.403000,163.923000,68.652000,176.000000,1072.055000,1205.403000,163.923000,68.652000,176.000000,0.000000,0.000000,1.750000,"1009.820,1392.452;1268.379,1223.217;1134.290,1018.354;875.731,1187.589","1009.820,1392.452;1268.379,1223.217;1134.290,1018.354;875.731,1187.589",871,1014,1274,1334,-0.547649,-0.836708,0.836708,-0.547649,69.955333,88.291345,69.955333,88.291345,0.000000,39.000000,66.000000,83.000000,37.000000,10.000000,0,186,35.539650,0.994509,0.000000,D:\profile\research\data\GM_RM019\GM_RM019_SARframes_gray\000031.png,a416c55d1ad352b4a1f7a54522db8a0934a46a1889c092e10bd22820c9da296e,40,14,26,false,INDEX_ALIGNED_DISPLAY_DERIVATION_SUPPORTED,all original GT rows retained as anchor evidence; field reconstructed once per unique vehicle/frame
S1L-FIELD-GM_RM019-GM_RM019_PV002-000077,GM_RM019,GM_RM019:PV002,heldout_validation,B,S0MV-GM_RM019-PV002-SEG02,77,1.540000000,GM_RM019|000077|gm_rm019_00049,1,usable:1,1269.168000,1206.581000,169.290000,74.106000,2.000000,1269.168000,1206.581000,169.290000,74.106000,2.000000,0.000000,0.000000,1.750000,"1056.671,1208.458;1283.002,1418.636;1481.665,1204.704;1255.334,994.526","1056.671,1208.458;1283.002,1418.636;1481.665,1204.704;1255.334,994.526",1052,990,1487,1334,0.680475,-0.732771,0.732771,0.680475,83.413785,88.248533,83.413785,88.248533,0.000000,37.000000,58.000000,74.000000,34.000000,10.000000,0,189,29.479184,0.993688,0.000000,D:\profile\research\data\GM_RM019\GM_RM019_SARframes_gray\000077.png,8f2ee433e3dabd718c1a70b8be058b884be94266f96f5d58f4369ae5879f6dda,38,11,27,false,INDEX_ALIGNED_DISPLAY_DERIVATION_SUPPORTED,all original GT rows retained as anchor evidence; field reconstructed once per unique vehicle/frame
S1L-FIELD-GM_RM019-GM_RM019_PV002-000081,GM_RM019,GM_RM019:PV002,heldout_validation,B,S0MV-GM_RM019-PV002-SEG02,81,1.620000000,GM_RM019|000081|gm_rm019_00051,1,usable:1,1278.822000,1213.793000,152.545000,73.469000,12.000000,1278.822000,1213.793000,152.545000,73.469000,12.000000,0.000000,0.000000,1.750000,"1084.634,1195.211;1284.495,1408.786;1473.010,1232.375;1273.149,1018.800","1084.634,1195.211;1284.495,1408.786;1473.010,1232.375;1273.149,1018.800",1080,1014,1479,1334,0.730160,-0.683276,0.683276,0.730160,73.766806,83.572484,73.766806,83.572484,0.000000,37.000000,58.000000,74.000000,37.000000,11.000000,0,223,30.603758,0.993365,0.000000,D:\profile\research\data\GM_RM019\GM_RM019_SARframes_gray\000081.png,d5417eef5246d590f44732b23642707c4550285d4a0137f182e3d4c79f06d3bf,38,14,24,false,INDEX_ALIGNED_DISPLAY_DERIVATION_SUPPORTED,all original GT rows retained as anchor evidence; field reconstructed once per unique vehicle/frame
S1L-FIELD-GM_RM019-GM_RM019_PV002-000088,GM_RM019,GM_RM019:PV002,heldout_validation,C,S0MV-GM_RM019-PV002-SEG03,88,1.760000000,GM_RM019|000088|gm_rm019_00057,1,usable:1,1302.806000,1202.648000,147.538000,77.980000,4.000000,1302.806000,1202.648000,147.538000,77.980000,4.000000,0.000000,0.000000,1.750000,"1106.014,1188.149;1287.652,1399.391;1499.598,1217.147;1317.960,1005.905","1106.014,1188.149;1287.652,1399.391;1499.598,1217.147;1317.960,1005.905",1102,1001,1505,1334,0.758238,-0.651977,0.651977,0.758238,79.864309,79.598828,79.864309,79.598828,0.000000,45.000000,72.000000,94.000000,44.000000,16.000000,0,244,36.020792,0.994435,0.000000,D:\profile\research\data\GM_RM019\GM_RM019_SARframes_gray\000088.png,cc6d2945f5c565afcd3dd1f3897eb9bb46d8258f7f2e50e577bfd0506d3c1e23,31,10,21,false,INDEX_ALIGNED_DISPLAY_DERIVATION_SUPPORTED,all original GT rows retained as anchor evidence; field reconstructed once per unique vehicle/frame
S1L-FIELD-GM_RM019-GM_RM019_PV004-000315,GM_RM019,GM_RM019:PV004,heldout_validation,B,S0MV-GM_RM019-PV004-SEG01,315,6.300000000,GM_RM019|000315|gm_rm019_00194,1,usable:1,1033.125000,1226.800000,144.410000,74.613000,2.000000,1033.125000,1226.800000,144.410000,74.613000,2.000000,0.000000,0.000000,1.750000,"1054.290,1416.212;1223.560,1219.097;1011.960,1037.388;842.690,1234.503","1054.290,1416.212;1223.560,1219.097;1011.960,1037.388;842.690,1234.503",838,1033,1229,1334,-0.758658,-0.651489,0.651489,-0.758658,79.689474,74.234302,79.689474,74.234302,0.000000,33.000000,55.000000,72.000000,31.000000,9.000000,0,149,25.264721,0.992206,0.000000,D:\profile\research\data\GM_RM019\GM_RM019_SARframes_gray\000315.png,5958cb8537c2a843c5bd778db02a1e38adda97ab8beea530c94db2911320b17a,32,11,21,false,INDEX_ALIGNED_DISPLAY_DERIVATION_SUPPORTED,all original GT rows retained as anchor evidence; field reconstructed once per unique vehicle/frame
S1L-FIELD-GM_RM019-GM_RM019_PV004-000317,GM_RM019,GM_RM019:PV004,heldout_validation,B,S0MV-GM_RM019-PV004-SEG01,317,6.340000000,GM_RM019|000317|gm_rm019_00195,1,usable:1,1042.235000,1227.500000,144.471000,74.533000,2.000000,1042.235000,1227.500000,144.471000,74.533000,2.000000,0.000000,0.000000,1.750000,"1054.530,1418.246;1233.352,1224.395;1029.940,1036.754;851.118,1230.605","1054.530,1418.246;1233.352,1224.395;1029.940,1036.754;851.118,1230.605",847,1032,1239,1334,-0.735025,-0.678040,0.678040,-0.735025,79.068753,75.352648,79.068753,75.352648,0.000000,33.000000,55.000000,72.000000,36.000000,10.000000,0,157,30.108168,0.992090,0.000000,D:\profile\research\data\GM_RM019\GM_RM019_SARframes_gray\000317.png,8400e4b2a9bd424f6d7f43b26fa02b06e74981ec21cf99ecfb65490d32a1214f,37,12,25,false,INDEX_ALIGNED_DISPLAY_DERIVATION_SUPPORTED,all original GT rows retained as anchor evidence; field reconstructed once per unique vehicle/frame
S1L-FIELD-GM_RM019-GM_RM019_PV004-000350,GM_RM019,GM_RM019:PV004,heldout_validation,B,S0MV-GM_RM019-PV004-SEG02,350,7.000000000,GM_RM019|000350|gm_rm019_00216,1,gold:1,1165.960000,1230.925000,146.120000,69.099000,176.000000,1165.960000,1230.925000,146.120000,69.099000,176.000000,0.000000,0.000000,1.750000,"1020.050,1297.448;1291.991,1330.079;1311.870,1164.402;1039.929,1131.771","1020.050,1297.448;1291.991,1330.079;1311.870,1164.402;1039.929,1131.771",1016,1127,1317,1334,0.119135,-0.992878,0.992878,0.119135,47.675778,78.254793,47.675778,78.254793,0.000000,36.000000,62.000000,85.000000,34.000000,10.000000,0,186,36.509500,1.000000,0.000000,D:\profile\research\data\GM_RM019\GM_RM019_SARframes_gray\000350.png,9d1a6141cc8925aa61f4e72cbe0d13a6711f508ad3bbffd04efac899785cad7b,23,10,13,false,INDEX_ALIGNED_DISPLAY_DERIVATION_SUPPORTED,all original GT rows retained as anchor evidence; field reconstructed once per unique vehicle/frame
S1L-FIELD-GM_RM019-GM_RM019_PV004-000354,GM_RM019,GM_RM019:PV004,heldout_validation,B,S0MV-GM_RM019-PV004-SEG02,354,7.080000000,GM_RM019|000354|gm_rm019_00220,1,usable:1,1180.720000,1231.275000,141.000000,79.006000,176.000000,1180.720000,1231.275000,141.000000,79.006000,176.000000,0.000000,0.000000,1.750000,"1018.874,1297.116;1287.687,1369.431;1342.566,1165.434;1073.753,1093.119","1018.874,1297.116;1287.687,1369.431;1342.566,1165.434;1073.753,1093.119",1014,1089,1348,1334,0.259780,-0.965668,0.965668,0.259780,60.356873,79.534280,60.356873,79.534280,0.000000,36.000000,62.000000,85.000000,30.000000,9.000000,0,135,29.902281,0.992063,0.000000,D:\profile\research\data\GM_RM019\GM_RM019_SARframes_gray\000354.png,68be2cd19d67f2a66769d0ec9814c16f7ee0b64487ca98c96361cd76eca4ff83,25,14,11,false,INDEX_ALIGNED_DISPLAY_DERIVATION_SUPPORTED,all original GT rows retained as anchor evidence; field reconstructed once per unique vehicle/frame
