case_id,scene,sar_frame,object_hypothesis_id,optical_state,support_available,gt_quality_label,gt_vehicle_morphology_supported,support_gt_area_coverage,support_gt_energy_coverage,support_morphology_coverage,vehicle_scale_morphology_inside_support,main_gt_structure_outside_support,support_miss_vehicle_structure,support_failure_type,if_support_miss_do_not_search_inside_support,recommended_next_action,not_allowed_conclusion
PAIR_GM_RM017_o165_s343_oty1t_obj_GM_RM017_bytetrack_bt_0010,GM_RM017,343,oty1t_obj_GM_RM017_bytetrack_bt_0010,eligibility=weak_vehicle_layer;tier=high_resolvable_vehicle;spatial=loose_spatial_prior_generated,yes,good,yes,0.8269,0.8516,0.9914,yes,no,no,none,no,preserve layer separation; support quality is not association success,not final box; not annotation proposal; not selector success; not GT-guided runtime prediction logic
PAIR_GM_RM017_o165_s344_oty1t_obj_GM_RM017_bytetrack_bt_0010,GM_RM017,344,oty1t_obj_GM_RM017_bytetrack_bt_0010,eligibility=weak_vehicle_layer;tier=high_resolvable_vehicle;spatial=loose_spatial_prior_generated,yes,good,yes,0.876,0.8982,0.9976,yes,no,no,none,no,preserve layer separation; support quality is not association success,not final box; not annotation proposal; not selector success; not GT-guided runtime prediction logic
PAIR_GM_RM017_o166_s345_oty1t_obj_GM_RM017_bytetrack_bt_0010,GM_RM017,345,oty1t_obj_GM_RM017_bytetrack_bt_0010,eligibility=weak_vehicle_layer;tier=high_resolvable_vehicle;spatial=loose_spatial_prior_generated,yes,good,yes,0.8572,0.8796,0.998,yes,no,no,support_too_broad;support_ok_but_not_exclusive,no,preserve layer separation; support quality is not association success,not final box; not annotation proposal; not selector success; not GT-guided runtime prediction logic
PAIR_GM_RM017_o166_s346_oty1t_obj_GM_RM017_bytetrack_bt_0010,GM_RM017,346,oty1t_obj_GM_RM017_bytetrack_bt_0010,eligibility=weak_vehicle_layer;tier=high_resolvable_vehicle;spatial=loose_spatial_prior_generated,yes,good,yes,0.8973,0.9149,0.998,yes,no,no,none,no,preserve layer separation; support quality is not association success,not final box; not annotation proposal; not selector success; not GT-guided runtime prediction logic
PAIR_GM_RM017_o167_s347_oty1t_obj_GM_RM017_bytetrack_bt_0010,GM_RM017,347,oty1t_obj_GM_RM017_bytetrack_bt_0010,eligibility=weak_vehicle_layer;tier=high_resolvable_vehicle;spatial=loose_spatial_prior_generated,yes,good,yes,0.9167,0.9312,1,yes,no,no,none,no,preserve layer separation; support quality is not association success,not final box; not annotation proposal; not selector success; not GT-guided runtime prediction logic
PAIR_GM_RM017_o167_s348_oty1t_obj_GM_RM017_bytetrack_bt_0010,GM_RM017,348,oty1t_obj_GM_RM017_bytetrack_bt_0010,eligibility=weak_vehicle_layer;tier=high_resolvable_vehicle;spatial=loose_spatial_prior_generated,yes,good,yes,0.943,0.9539,1,yes,no,no,none,no,preserve layer separation; support quality is not association success,not final box; not annotation proposal; not selector success; not GT-guided runtime prediction logic
PAIR_GM_RM017_o168_s349_oty1t_obj_GM_RM017_bytetrack_bt_0010,GM_RM017,349,oty1t_obj_GM_RM017_bytetrack_bt_0010,eligibility=weak_vehicle_layer;tier=high_resolvable_vehicle;spatial=loose_spatial_prior_generated,yes,good,yes,0.9572,0.9663,1,yes,no,no,none,no,preserve layer separation; support quality is not association success,not final box; not annotation proposal; not selector success; not GT-guided runtime prediction logic
PAIR_GM_RM017_o168_s350_oty1t_obj_GM_RM017_bytetrack_bt_0010,GM_RM017,350,oty1t_obj_GM_RM017_bytetrack_bt_0010,eligibility=weak_vehicle_layer;tier=high_resolvable_vehicle;spatial=loose_spatial_prior_generated,yes,good,yes,0.9743,0.9801,1,yes,no,no,none,no,preserve layer separation; support quality is not association success,not final box; not annotation proposal; not selector success; not GT-guided runtime prediction logic
PAIR_GM_RM017_o168_s351_oty1t_obj_GM_RM017_bytetrack_bt_0010,GM_RM017,351,oty1t_obj_GM_RM017_bytetrack_bt_0010,eligibility=weak_vehicle_layer;tier=high_resolvable_vehicle;spatial=loose_spatial_prior_generated,yes,good,yes,0.9665,0.9744,1,yes,no,no,none,no,preserve layer separation; support quality is not association success,not final box; not annotation proposal; not selector success; not GT-guided runtime prediction logic
PAIR_GM_RM017_o169_s352_oty1t_obj_GM_RM017_bytetrack_bt_0010,GM_RM017,352,oty1t_obj_GM_RM017_bytetrack_bt_0010,eligibility=weak_vehicle_layer;tier=high_resolvable_vehicle;spatial=loose_spatial_prior_generated,yes,good,uncertain,0.9935,0.9951,1,yes,no,no,none,no,preserve layer separation; support quality is not association success,not final box; not annotation proposal; not selector success; not GT-guided runtime prediction logic
PAIR_GM_RM017_o169_s353_oty1t_obj_GM_RM017_bytetrack_bt_0010,GM_RM017,353,oty1t_obj_GM_RM017_bytetrack_bt_0010,eligibility=weak_vehicle_layer;tier=high_resolvable_vehicle;spatial=loose_spatial_prior_generated,yes,good,yes,0.9953,0.9965,1,yes,no,no,none,no,preserve layer separation; support quality is not association success,not final box; not annotation proposal; not selector success; not GT-guided runtime prediction logic
PAIR_GM_RM017_o171_s356_oty1t_obj_GM_RM017_bytetrack_bt_0010,GM_RM017,356,oty1t_obj_GM_RM017_bytetrack_bt_0010,eligibility=weak_vehicle_layer;tier=high_resolvable_vehicle;spatial=loose_spatial_prior_generated,yes,good,yes,0.9992,0.9994,1,yes,no,no,none,no,preserve layer separation; support quality is not association success,not final box; not annotation proposal; not selector success; not GT-guided runtime prediction logic
PAIR_GM_RM017_o171_s357_oty1t_obj_GM_RM017_bytetrack_bt_0010,GM_RM017,357,oty1t_obj_GM_RM017_bytetrack_bt_0010,eligibility=weak_vehicle_layer;tier=high_resolvable_vehicle;spatial=loose_spatial_prior_generated,yes,good,yes,1,1,1,yes,no,no,none,no,preserve layer separation; support quality is not association success,not final box; not annotation proposal; not selector success; not GT-guided runtime prediction logic
PAIR_GM_RM017_o172_s358_oty1t_obj_GM_RM017_bytetrack_bt_0010,GM_RM017,358,oty1t_obj_GM_RM017_bytetrack_bt_0010,eligibility=weak_vehicle_layer;tier=high_resolvable_vehicle;spatial=loose_spatial_prior_generated,yes,good,yes,1,1,1,yes,no,no,none,no,preserve layer separation; support quality is not association success,not final box; not annotation proposal; not selector success; not GT-guided runtime prediction logic
PAIR_GM_RM017_o172_s359_oty1t_obj_GM_RM017_bytetrack_bt_0010,GM_RM017,359,oty1t_obj_GM_RM017_bytetrack_bt_0010,eligibility=weak_vehicle_layer;tier=high_resolvable_vehicle;spatial=loose_spatial_prior_generated,yes,good,yes,1,1,1,yes,no,no,none,no,preserve layer separation; support quality is not association success,not final box; not annotation proposal; not selector success; not GT-guided runtime prediction logic
PAIR_GM_RM017_o173_s360_oty1t_obj_GM_RM017_bytetrack_bt_0010,GM_RM017,360,oty1t_obj_GM_RM017_bytetrack_bt_0010,eligibility=weak_vehicle_layer;tier=high_resolvable_vehicle;spatial=loose_spatial_prior_generated,yes,good,yes,1,1,1,yes,no,no,none,no,preserve layer separation; support quality is not association success,not final box; not annotation proposal; not selector success; not GT-guided runtime prediction logic
PAIR_GM_RM017_o173_s361_oty1t_obj_GM_RM017_bytetrack_bt_0010,GM_RM017,361,oty1t_obj_GM_RM017_bytetrack_bt_0010,eligibility=weak_vehicle_layer;tier=high_resolvable_vehicle;spatial=loose_spatial_prior_generated,yes,good,yes,0.9826,0.9853,0.998,yes,no,no,none,no,preserve layer separation; support quality is not association success,not final box; not annotation proposal; not selector success; not GT-guided runtime prediction logic
PAIR_GM_RM017_o174_s362_oty1t_obj_GM_RM017_bytetrack_bt_0010,GM_RM017,362,oty1t_obj_GM_RM017_bytetrack_bt_0010,eligibility=weak_vehicle_layer;tier=high_resolvable_vehicle;spatial=loose_spatial_prior_generated,yes,good,yes,1,1,1,yes,no,no,none,no,preserve layer separation; support quality is not association success,not final box; not annotation proposal; not selector success; not GT-guided runtime prediction logic
PAIR_GM_RM017_o174_s363_oty1t_obj_GM_RM017_bytetrack_bt_0010,GM_RM017,363,oty1t_obj_GM_RM017_bytetrack_bt_0010,eligibility=weak_vehicle_layer;tier=high_resolvable_vehicle;spatial=loose_spatial_prior_generated,yes,good,yes,0.965,0.9707,0.9985,yes,no,no,none,no,preserve layer separation; support quality is not association success,not final box; not annotation proposal; not selector success; not GT-guided runtime prediction logic
PAIR_GM_RM017_o175_s364_oty1t_obj_GM_RM017_bytetrack_bt_0010,GM_RM017,364,oty1t_obj_GM_RM017_bytetrack_bt_0010,eligibility=weak_vehicle_layer;tier=high_resolvable_vehicle;spatial=loose_spatial_prior_generated,yes,good,yes,0.9897,0.9915,1,yes,no,no,none,no,preserve layer separation; support quality is not association success,not final box; not annotation proposal; not selector success; not GT-guided runtime prediction logic
PAIR_GM_RM017_o175_s365_oty1t_obj_GM_RM017_bytetrack_bt_0010,GM_RM017,365,oty1t_obj_GM_RM017_bytetrack_bt_0010,eligibility=weak_vehicle_layer;tier=high_resolvable_vehicle;spatial=loose_spatial_prior_generated,yes,good,yes,1,1,1,yes,no,no,none,no,preserve layer separation; support quality is not association success,not final box; not annotation proposal; not selector success; not GT-guided runtime prediction logic
PAIR_GM_RM017_o176_s366_oty1t_obj_GM_RM017_bytetrack_bt_0010,GM_RM017,366,oty1t_obj_GM_RM017_bytetrack_bt_0010,eligibility=weak_vehicle_layer;tier=high_resolvable_vehicle;spatial=loose_spatial_prior_generated,yes,review_too_large,yes,0.9655,0.9682,0.9862,yes,no,no,none,no,preserve layer separation; support quality is not association success,not final box; not annotation proposal; not selector success; not GT-guided runtime prediction logic
PAIR_GM_RM017_o176_s367_oty1t_obj_GM_RM017_bytetrack_bt_0010,GM_RM017,367,oty1t_obj_GM_RM017_bytetrack_bt_0010,eligibility=weak_vehicle_layer;tier=high_resolvable_vehicle;spatial=loose_spatial_prior_generated,yes,good,yes,0.9881,0.9879,0.9973,yes,no,no,none,no,preserve layer separation; support quality is not association success,not final box; not annotation proposal; not selector success; not GT-guided runtime prediction logic
PAIR_GM_RM017_o177_s368_oty1t_obj_GM_RM017_bytetrack_bt_0010,GM_RM017,368,oty1t_obj_GM_RM017_bytetrack_bt_0010,eligibility=weak_vehicle_layer;tier=high_resolvable_vehicle;spatial=loose_spatial_prior_generated,yes,good,yes,0.9881,0.9886,0.9963,yes,no,no,none,no,preserve layer separation; support quality is not association success,not final box; not annotation proposal; not selector success; not GT-guided runtime prediction logic
PAIR_GM_RM017_o177_s369_oty1t_obj_GM_RM017_bytetrack_bt_0010,GM_RM017,369,oty1t_obj_GM_RM017_bytetrack_bt_0010,eligibility=weak_vehicle_layer;tier=high_resolvable_vehicle;spatial=loose_spatial_prior_generated,yes,good,yes,1,1,1,yes,no,no,none,no,preserve layer separation; support quality is not association success,not final box; not annotation proposal; not selector success; not GT-guided runtime prediction logic
PAIR_GM_RM017_o178_s370_oty1t_obj_GM_RM017_bytetrack_bt_0010,GM_RM017,370,oty1t_obj_GM_RM017_bytetrack_bt_0010,eligibility=weak_vehicle_layer;tier=high_resolvable_vehicle;spatial=loose_spatial_prior_generated,yes,good,yes,0.9985,0.9984,0.9994,yes,no,no,none,no,preserve layer separation; support quality is not association success,not final box; not annotation proposal; not selector success; not GT-guided runtime prediction logic
PAIR_GM_RM017_o178_s371_oty1t_obj_GM_RM017_bytetrack_bt_0010,GM_RM017,371,oty1t_obj_GM_RM017_bytetrack_bt_0010,eligibility=weak_vehicle_layer;tier=high_resolvable_vehicle;spatial=loose_spatial_prior_generated,yes,good,yes,1,1,1,yes,no,no,none,no,preserve layer separation; support quality is not association success,not final box; not annotation proposal; not selector success; not GT-guided runtime prediction logic
PAIR_GM_RM017_o179_s372_oty1t_obj_GM_RM017_bytetrack_bt_0010,GM_RM017,372,oty1t_obj_GM_RM017_bytetrack_bt_0010,eligibility=weak_vehicle_layer;tier=high_resolvable_vehicle;spatial=loose_spatial_prior_generated,yes,good,yes,0.9866,0.9877,1,yes,no,no,none,no,preserve layer separation; support quality is not association success,not final box; not annotation proposal; not selector success; not GT-guided runtime prediction logic
PAIR_GM_RM017_o179_s373_oty1t_obj_GM_RM017_bytetrack_bt_0010,GM_RM017,373,oty1t_obj_GM_RM017_bytetrack_bt_0010,eligibility=weak_vehicle_layer;tier=high_resolvable_vehicle;spatial=loose_spatial_prior_generated,yes,good,yes,0.9746,0.9766,0.9889,yes,no,no,support_contains_neighbor_structure;support_ok_but_not_exclusive,no,preserve layer separation; support quality is not association success,not final box; not annotation proposal; not selector success; not GT-guided runtime prediction logic
PAIR_GM_RM017_o180_s374_oty1t_obj_GM_RM017_bytetrack_bt_0010,GM_RM017,374,oty1t_obj_GM_RM017_bytetrack_bt_0010,eligibility=weak_vehicle_layer;tier=high_resolvable_vehicle;spatial=loose_spatial_prior_generated,yes,good,yes,0.9878,0.9885,0.9964,yes,no,no,none,no,preserve layer separation; support quality is not association success,not final box; not annotation proposal; not selector success; not GT-guided runtime prediction logic
PAIR_GM_RM017_o180_s375_oty1t_obj_GM_RM017_bytetrack_bt_0010,GM_RM017,375,oty1t_obj_GM_RM017_bytetrack_bt_0010,eligibility=weak_vehicle_layer;tier=high_resolvable_vehicle;spatial=loose_spatial_prior_generated,yes,good,yes,0.9912,0.9909,0.9923,yes,no,no,support_contains_neighbor_structure;support_ok_but_not_exclusive,no,preserve layer separation; support quality is not association success,not final box; not annotation proposal; not selector success; not GT-guided runtime prediction logic
PAIR_GM_RM017_o180_s376_oty1t_obj_GM_RM017_bytetrack_bt_0010,GM_RM017,376,oty1t_obj_GM_RM017_bytetrack_bt_0010,eligibility=weak_vehicle_layer;tier=high_resolvable_vehicle;spatial=loose_spatial_prior_generated,yes,good,yes,0.995,0.9956,0.9989,yes,no,no,support_contains_neighbor_structure;support_ok_but_not_exclusive,no,preserve layer separation; support quality is not association success,not final box; not annotation proposal; not selector success; not GT-guided runtime prediction logic
PAIR_GM_RM017_o181_s377_oty1t_obj_GM_RM017_bytetrack_bt_0010,GM_RM017,377,oty1t_obj_GM_RM017_bytetrack_bt_0010,eligibility=weak_vehicle_layer;tier=high_resolvable_vehicle;spatial=loose_spatial_prior_generated,yes,good,yes,0.9608,0.9612,0.9808,yes,no,no,support_contains_neighbor_structure;support_ok_but_not_exclusive,no,preserve layer separation; support quality is not association success,not final box; not annotation proposal; not selector success; not GT-guided runtime prediction logic
PAIR_GM_RM017_o181_s378_oty1t_obj_GM_RM017_bytetrack_bt_0010,GM_RM017,378,oty1t_obj_GM_RM017_bytetrack_bt_0010,eligibility=weak_vehicle_layer;tier=high_resolvable_vehicle;spatial=loose_spatial_prior_generated,yes,good,yes,0.9968,0.9967,0.9982,yes,no,no,support_contains_neighbor_structure;support_ok_but_not_exclusive,no,preserve layer separation; support quality is not association success,not final box; not annotation proposal; not selector success; not GT-guided runtime prediction logic
PAIR_GM_RM017_o182_s379_oty1t_obj_GM_RM017_bytetrack_bt_0010,GM_RM017,379,oty1t_obj_GM_RM017_bytetrack_bt_0010,eligibility=weak_vehicle_layer;tier=high_resolvable_vehicle;spatial=loose_spatial_prior_generated,yes,good,yes,0.977,0.9765,0.9879,yes,no,no,support_contains_neighbor_structure;support_ok_but_not_exclusive,no,preserve layer separation; support quality is not association success,not final box; not annotation proposal; not selector success; not GT-guided runtime prediction logic
PAIR_GM_RM017_o182_s380_oty1t_obj_GM_RM017_bytetrack_bt_0010,GM_RM017,380,oty1t_obj_GM_RM017_bytetrack_bt_0010,eligibility=weak_vehicle_layer;tier=high_resolvable_vehicle;spatial=loose_spatial_prior_generated,yes,good,yes,0.9971,0.9966,0.9945,yes,no,no,support_contains_neighbor_structure;support_ok_but_not_exclusive,no,preserve layer separation; support quality is not association success,not final box; not annotation proposal; not selector success; not GT-guided runtime prediction logic
PAIR_GM_RM017_o184_s383_oty1t_obj_GM_RM017_bytetrack_bt_0010,GM_RM017,383,oty1t_obj_GM_RM017_bytetrack_bt_0010,eligibility=weak_vehicle_layer;tier=high_resolvable_vehicle;spatial=loose_spatial_prior_generated,yes,good,yes,0.9623,0.9657,0.992,yes,no,no,support_contains_neighbor_structure;support_ok_but_not_exclusive,no,preserve layer separation; support quality is not association success,not final box; not annotation proposal; not selector success; not GT-guided runtime prediction logic
PAIR_GM_RM017_o184_s384_oty1t_obj_GM_RM017_bytetrack_bt_0010,GM_RM017,384,oty1t_obj_GM_RM017_bytetrack_bt_0010,eligibility=weak_vehicle_layer;tier=high_resolvable_vehicle;spatial=loose_spatial_prior_generated,yes,good,yes,0.9998,0.9999,1,yes,no,no,support_contains_neighbor_structure;support_ok_but_not_exclusive,no,preserve layer separation; support quality is not association success,not final box; not annotation proposal; not selector success; not GT-guided runtime prediction logic
PAIR_GM_RM017_o186_s387_oty1t_obj_GM_RM017_bytetrack_bt_0010,GM_RM017,387,oty1t_obj_GM_RM017_bytetrack_bt_0010,eligibility=weak_vehicle_layer;tier=high_resolvable_vehicle;spatial=loose_spatial_prior_generated,yes,good,yes,0.9833,0.9858,0.9974,yes,no,no,support_contains_neighbor_structure;support_ok_but_not_exclusive,no,preserve layer separation; support quality is not association success,not final box; not annotation proposal; not selector success; not GT-guided runtime prediction logic
PAIR_GM_RM017_o186_s388_oty1t_obj_GM_RM017_bytetrack_bt_0010,GM_RM017,388,oty1t_obj_GM_RM017_bytetrack_bt_0010,eligibility=weak_vehicle_layer;tier=high_resolvable_vehicle;spatial=loose_spatial_prior_generated,yes,review_too_large,yes,0.9047,0.9175,0.9919,yes,no,no,none,no,preserve layer separation; support quality is not association success,not final box; not annotation proposal; not selector success; not GT-guided runtime prediction logic
PAIR_GM_RM017_o187_s389_oty1t_obj_GM_RM017_bytetrack_bt_0010,GM_RM017,389,oty1t_obj_GM_RM017_bytetrack_bt_0010,eligibility=weak_vehicle_layer;tier=high_resolvable_vehicle;spatial=loose_spatial_prior_generated,yes,review_extreme_aspect,yes,0.9554,0.9635,0.999,yes,no,no,support_contains_neighbor_structure;support_ok_but_not_exclusive,no,preserve layer separation; support quality is not association success,not final box; not annotation proposal; not selector success; not GT-guided runtime prediction logic
PAIR_GM_RM017_o187_s390_oty1t_obj_GM_RM017_bytetrack_bt_0010,GM_RM017,390,oty1t_obj_GM_RM017_bytetrack_bt_0010,eligibility=weak_vehicle_layer;tier=high_resolvable_vehicle;spatial=loose_spatial_prior_generated,yes,review_multi_structure,uncertain,0.9508,0.9586,0.9862,yes,no,no,none,no,preserve layer separation; support quality is not association success,not final box; not annotation proposal; not selector success; not GT-guided runtime prediction logic
PAIR_GM_RM017_o188_s391_oty1t_obj_GM_RM017_bytetrack_bt_0010,GM_RM017,391,oty1t_obj_GM_RM017_bytetrack_bt_0010,eligibility=weak_vehicle_layer;tier=high_resolvable_vehicle;spatial=loose_spatial_prior_generated,yes,good,yes,0.9576,0.9621,0.9844,yes,no,no,support_contains_neighbor_structure;support_ok_but_not_exclusive,no,preserve layer separation; support quality is not association success,not final box; not annotation proposal; not selector success; not GT-guided runtime prediction logic
PAIR_GM_RM017_o188_s392_oty1t_obj_GM_RM017_bytetrack_bt_0010,GM_RM017,392,oty1t_obj_GM_RM017_bytetrack_bt_0010,eligibility=weak_vehicle_layer;tier=high_resolvable_vehicle;spatial=loose_spatial_prior_generated,yes,review_multi_structure,yes,0.8892,0.9016,0.9681,yes,no,no,support_contains_neighbor_structure;support_ok_but_not_exclusive,no,preserve layer separation; support quality is not association success,not final box; not annotation proposal; not selector success; not GT-guided runtime prediction logic
PAIR_GM_RM017_o189_s393_oty1t_obj_GM_RM017_bytetrack_bt_0010,GM_RM017,393,oty1t_obj_GM_RM017_bytetrack_bt_0010,eligibility=weak_vehicle_layer;tier=high_resolvable_vehicle;spatial=loose_spatial_prior_generated,yes,review_extreme_aspect,yes,0.8825,0.8975,0.9758,yes,no,no,support_contains_neighbor_structure;support_ok_but_not_exclusive,no,preserve layer separation; support quality is not association success,not final box; not annotation proposal; not selector success; not GT-guided runtime prediction logic
PAIR_GM_RM017_o189_s394_oty1t_obj_GM_RM017_bytetrack_bt_0010,GM_RM017,394,oty1t_obj_GM_RM017_bytetrack_bt_0010,eligibility=weak_vehicle_layer;tier=high_resolvable_vehicle;spatial=loose_spatial_prior_generated,yes,good,yes,0.9284,0.9404,0.9945,yes,no,no,support_contains_neighbor_structure;support_ok_but_not_exclusive,no,preserve layer separation; support quality is not association success,not final box; not annotation proposal; not selector success; not GT-guided runtime prediction logic
PAIR_GM_RM017_o169_s352_oty1t_obj_GM_RM017_bytetrack_bt_0012,GM_RM017,352,oty1t_obj_GM_RM017_bytetrack_bt_0012,eligibility=weak_vehicle_layer;tier=high_resolvable_vehicle;spatial=loose_spatial_prior_generated,yes,good,yes,0.625,0.6487,0.813,no,yes,yes,reconstruction_uncertain,yes,review support construction / range-azimuth mapping / motion-drift compatibility; do not search only inside support,not final box; not annotation proposal; not selector success; not GT-guided runtime prediction logic
PAIR_GM_RM017_o169_s353_oty1t_obj_GM_RM017_bytetrack_bt_0012,GM_RM017,353,oty1t_obj_GM_RM017_bytetrack_bt_0012,eligibility=weak_vehicle_layer;tier=high_resolvable_vehicle;spatial=loose_spatial_prior_generated,yes,good,uncertain,0.6707,0.6928,0.8597,uncertain,uncertain,uncertain,support_too_narrow;support_too_broad,no,preserve layer separation; support quality is not association success,not final box; not annotation proposal; not selector success; not GT-guided runtime prediction logic
PAIR_GM_RM017_o171_s356_oty1t_obj_GM_RM017_bytetrack_bt_0012,GM_RM017,356,oty1t_obj_GM_RM017_bytetrack_bt_0012,eligibility=weak_vehicle_layer;tier=high_resolvable_vehicle;spatial=loose_spatial_prior_generated,yes,good,yes,0.8284,0.8401,0.9285,yes,no,no,support_too_broad;support_contains_neighbor_structure;support_ok_but_not_exclusive,no,preserve layer separation; support quality is not association success,not final box; not annotation proposal; not selector success; not GT-guided runtime prediction logic
PAIR_GM_RM017_o171_s357_oty1t_obj_GM_RM017_bytetrack_bt_0012,GM_RM017,357,oty1t_obj_GM_RM017_bytetrack_bt_0012,eligibility=weak_vehicle_layer;tier=high_resolvable_vehicle;spatial=loose_spatial_prior_generated,yes,review_multi_structure,yes,0.8062,0.8201,0.9269,yes,no,no,support_too_broad;support_ok_but_not_exclusive,no,preserve layer separation; support quality is not association success,not final box; not annotation proposal; not selector success; not GT-guided runtime prediction logic
PAIR_GM_RM017_o172_s358_oty1t_obj_GM_RM017_bytetrack_bt_0012,GM_RM017,358,oty1t_obj_GM_RM017_bytetrack_bt_0012,eligibility=weak_vehicle_layer;tier=high_resolvable_vehicle;spatial=loose_spatial_prior_generated,yes,review_multi_structure,yes,0.8753,0.8843,0.9551,yes,no,no,support_too_broad;support_contains_neighbor_structure;support_ok_but_not_exclusive,no,preserve layer separation; support quality is not association success,not final box; not annotation proposal; not selector success; not GT-guided runtime prediction logic
PAIR_GM_RM017_o172_s359_oty1t_obj_GM_RM017_bytetrack_bt_0012,GM_RM017,359,oty1t_obj_GM_RM017_bytetrack_bt_0012,eligibility=weak_vehicle_layer;tier=high_resolvable_vehicle;spatial=loose_spatial_prior_generated,yes,review_multi_structure,uncertain,0.8864,0.8947,0.9651,yes,no,no,support_too_broad;support_ok_but_not_exclusive,no,preserve layer separation; support quality is not association success,not final box; not annotation proposal; not selector success; not GT-guided runtime prediction logic
PAIR_GM_RM017_o173_s360_oty1t_obj_GM_RM017_bytetrack_bt_0012,GM_RM017,360,oty1t_obj_GM_RM017_bytetrack_bt_0012,eligibility=weak_vehicle_layer;tier=high_resolvable_vehicle;spatial=loose_spatial_prior_generated,yes,review_multi_structure,yes,0.9107,0.9182,0.9673,yes,no,no,support_too_broad;support_contains_neighbor_structure;support_ok_but_not_exclusive,no,preserve layer separation; support quality is not association success,not final box; not annotation proposal; not selector success; not GT-guided runtime prediction logic
PAIR_GM_RM017_o173_s361_oty1t_obj_GM_RM017_bytetrack_bt_0012,GM_RM017,361,oty1t_obj_GM_RM017_bytetrack_bt_0012,eligibility=weak_vehicle_layer;tier=high_resolvable_vehicle;spatial=loose_spatial_prior_generated,yes,review_multi_structure,yes,0.9525,0.9565,0.9838,yes,no,no,support_too_broad;support_contains_neighbor_structure;support_ok_but_not_exclusive,no,preserve layer separation; support quality is not association success,not final box; not annotation proposal; not selector success; not GT-guided runtime prediction logic
PAIR_GM_RM017_o174_s362_oty1t_obj_GM_RM017_bytetrack_bt_0012,GM_RM017,362,oty1t_obj_GM_RM017_bytetrack_bt_0012,eligibility=weak_vehicle_layer;tier=high_resolvable_vehicle;spatial=loose_spatial_prior_generated,yes,good,yes,0.9802,0.9822,0.997,yes,no,no,support_too_broad;support_ok_but_not_exclusive,no,preserve layer separation; support quality is not association success,not final box; not annotation proposal; not selector success; not GT-guided runtime prediction logic
PAIR_GM_RM017_o174_s363_oty1t_obj_GM_RM017_bytetrack_bt_0012,GM_RM017,363,oty1t_obj_GM_RM017_bytetrack_bt_0012,eligibility=weak_vehicle_layer;tier=high_resolvable_vehicle;spatial=loose_spatial_prior_generated,yes,good,yes,0.9611,0.966,0.9935,yes,no,no,support_too_broad;support_contains_neighbor_structure;support_ok_but_not_exclusive,no,preserve layer separation; support quality is not association success,not final box; not annotation proposal; not selector success; not GT-guided runtime prediction logic
PAIR_GM_RM017_o175_s364_oty1t_obj_GM_RM017_bytetrack_bt_0012,GM_RM017,364,oty1t_obj_GM_RM017_bytetrack_bt_0012,eligibility=weak_vehicle_layer;tier=high_resolvable_vehicle;spatial=loose_spatial_prior_generated,yes,good,yes,0.9195,0.9281,0.9792,yes,no,no,support_too_broad;support_ok_but_not_exclusive,no,preserve layer separation; support quality is not association success,not final box; not annotation proposal; not selector success; not GT-guided runtime prediction logic
PAIR_GM_RM017_o175_s365_oty1t_obj_GM_RM017_bytetrack_bt_0012,GM_RM017,365,oty1t_obj_GM_RM017_bytetrack_bt_0012,eligibility=weak_vehicle_layer;tier=high_resolvable_vehicle;spatial=loose_spatial_prior_generated,yes,good,yes,0.9381,0.9448,0.9959,yes,no,no,support_too_broad;support_ok_but_not_exclusive,no,preserve layer separation; support quality is not association success,not final box; not annotation proposal; not selector success; not GT-guided runtime prediction logic
PAIR_GM_RM017_o176_s366_oty1t_obj_GM_RM017_bytetrack_bt_0012,GM_RM017,366,oty1t_obj_GM_RM017_bytetrack_bt_0012,eligibility=weak_vehicle_layer;tier=high_resolvable_vehicle;spatial=loose_spatial_prior_generated,yes,review_multi_structure,yes,0.9865,0.9876,0.9978,yes,no,no,support_too_broad;support_contains_neighbor_structure;support_ok_but_not_exclusive,no,preserve layer separation; support quality is not association success,not final box; not annotation proposal; not selector success; not GT-guided runtime prediction logic
PAIR_GM_RM017_o176_s367_oty1t_obj_GM_RM017_bytetrack_bt_0012,GM_RM017,367,oty1t_obj_GM_RM017_bytetrack_bt_0012,eligibility=weak_vehicle_layer;tier=high_resolvable_vehicle;spatial=loose_spatial_prior_generated,yes,review_multi_structure,yes,0.9984,0.9985,1,yes,no,no,support_too_broad;support_ok_but_not_exclusive,no,preserve layer separation; support quality is not association success,not final box; not annotation proposal; not selector success; not GT-guided runtime prediction logic
PAIR_GM_RM017_o177_s368_oty1t_obj_GM_RM017_bytetrack_bt_0012,GM_RM017,368,oty1t_obj_GM_RM017_bytetrack_bt_0012,eligibility=weak_vehicle_layer;tier=high_resolvable_vehicle;spatial=loose_spatial_prior_generated,yes,good,yes,0.9641,0.9685,0.999,yes,no,no,support_too_broad;support_ok_but_not_exclusive,no,preserve layer separation; support quality is not association success,not final box; not annotation proposal; not selector success; not GT-guided runtime prediction logic
PAIR_GM_RM017_o177_s369_oty1t_obj_GM_RM017_bytetrack_bt_0012,GM_RM017,369,oty1t_obj_GM_RM017_bytetrack_bt_0012,eligibility=weak_vehicle_layer;tier=high_resolvable_vehicle;spatial=loose_spatial_prior_generated,yes,good,uncertain,0.969,0.9738,0.9985,yes,no,no,none,no,preserve layer separation; support quality is not association success,not final box; not annotation proposal; not selector success; not GT-guided runtime prediction logic
PAIR_GM_RM017_o178_s370_oty1t_obj_GM_RM017_bytetrack_bt_0012,GM_RM017,370,oty1t_obj_GM_RM017_bytetrack_bt_0012,eligibility=weak_vehicle_layer;tier=high_resolvable_vehicle;spatial=loose_spatial_prior_generated,yes,good,yes,0.9695,0.9747,0.999,yes,no,no,support_too_broad;support_ok_but_not_exclusive,no,preserve layer separation; support quality is not association success,not final box; not annotation proposal; not selector success; not GT-guided runtime prediction logic
PAIR_GM_RM017_o178_s371_oty1t_obj_GM_RM017_bytetrack_bt_0012,GM_RM017,371,oty1t_obj_GM_RM017_bytetrack_bt_0012,eligibility=weak_vehicle_layer;tier=high_resolvable_vehicle;spatial=loose_spatial_prior_generated,yes,good,yes,0.9876,0.9899,1,yes,no,no,none,no,preserve layer separation; support quality is not association success,not final box; not annotation proposal; not selector success; not GT-guided runtime prediction logic
PAIR_GM_RM017_o179_s372_oty1t_obj_GM_RM017_bytetrack_bt_0012,GM_RM017,372,oty1t_obj_GM_RM017_bytetrack_bt_0012,eligibility=weak_vehicle_layer;tier=high_resolvable_vehicle;spatial=loose_spatial_prior_generated,yes,review_extreme_aspect,yes,0.9946,0.9952,1,yes,no,no,none,no,preserve layer separation; support quality is not association success,not final box; not annotation proposal; not selector success; not GT-guided runtime prediction logic
PAIR_GM_RM017_o179_s373_oty1t_obj_GM_RM017_bytetrack_bt_0012,GM_RM017,373,oty1t_obj_GM_RM017_bytetrack_bt_0012,eligibility=weak_vehicle_layer;tier=high_resolvable_vehicle;spatial=loose_spatial_prior_generated,yes,good,yes,0.9958,0.9967,1,yes,no,no,none,no,preserve layer separation; support quality is not association success,not final box; not annotation proposal; not selector success; not GT-guided runtime prediction logic
PAIR_GM_RM017_o180_s374_oty1t_obj_GM_RM017_bytetrack_bt_0012,GM_RM017,374,oty1t_obj_GM_RM017_bytetrack_bt_0012,eligibility=weak_vehicle_layer;tier=high_resolvable_vehicle;spatial=loose_spatial_prior_generated,yes,good,yes,0.9764,0.9802,0.9982,yes,no,no,support_too_broad;support_ok_but_not_exclusive,no,preserve layer separation; support quality is not association success,not final box; not annotation proposal; not selector success; not GT-guided runtime prediction logic
PAIR_GM_RM017_o180_s375_oty1t_obj_GM_RM017_bytetrack_bt_0012,GM_RM017,375,oty1t_obj_GM_RM017_bytetrack_bt_0012,eligibility=weak_vehicle_layer;tier=high_resolvable_vehicle;spatial=loose_spatial_prior_generated,yes,good,yes,0.9998,0.9998,1,yes,no,no,support_too_broad;support_ok_but_not_exclusive,no,preserve layer separation; support quality is not association success,not final box; not annotation proposal; not selector success; not GT-guided runtime prediction logic
PAIR_GM_RM017_o180_s376_oty1t_obj_GM_RM017_bytetrack_bt_0012,GM_RM017,376,oty1t_obj_GM_RM017_bytetrack_bt_0012,eligibility=weak_vehicle_layer;tier=high_resolvable_vehicle;spatial=loose_spatial_prior_generated,yes,good,yes,0.9984,0.9987,1,yes,no,no,support_too_broad;support_ok_but_not_exclusive,no,preserve layer separation; support quality is not association success,not final box; not annotation proposal; not selector success; not GT-guided runtime prediction logic
PAIR_GM_RM017_o181_s377_oty1t_obj_GM_RM017_bytetrack_bt_0012,GM_RM017,377,oty1t_obj_GM_RM017_bytetrack_bt_0012,eligibility=weak_vehicle_layer;tier=high_resolvable_vehicle;spatial=loose_spatial_prior_generated,yes,review_low_energy,yes,0.9985,0.9989,1,yes,no,no,none,no,preserve layer separation; support quality is not association success,not final box; not annotation proposal; not selector success; not GT-guided runtime prediction logic
PAIR_GM_RM017_o181_s378_oty1t_obj_GM_RM017_bytetrack_bt_0012,GM_RM017,378,oty1t_obj_GM_RM017_bytetrack_bt_0012,eligibility=weak_vehicle_layer;tier=high_resolvable_vehicle;spatial=loose_spatial_prior_generated,yes,good,yes,1,1,1,yes,no,no,support_too_broad;support_ok_but_not_exclusive,no,preserve layer separation; support quality is not association success,not final box; not annotation proposal; not selector success; not GT-guided runtime prediction logic
PAIR_GM_RM017_o182_s379_oty1t_obj_GM_RM017_bytetrack_bt_0012,GM_RM017,379,oty1t_obj_GM_RM017_bytetrack_bt_0012,eligibility=weak_vehicle_layer;tier=high_resolvable_vehicle;spatial=loose_spatial_prior_generated,yes,review_too_large,yes,0.9878,0.9895,0.9976,yes,no,no,none,no,preserve layer separation; support quality is not association success,not final box; not annotation proposal; not selector success; not GT-guided runtime prediction logic
PAIR_GM_RM017_o182_s380_oty1t_obj_GM_RM017_bytetrack_bt_0012,GM_RM017,380,oty1t_obj_GM_RM017_bytetrack_bt_0012,eligibility=weak_vehicle_layer;tier=high_resolvable_vehicle;spatial=loose_spatial_prior_generated,yes,good,yes,1,1,1,yes,no,no,none,no,preserve layer separation; support quality is not association success,not final box; not annotation proposal; not selector success; not GT-guided runtime prediction logic
PAIR_GM_RM017_o183_s381_oty1t_obj_GM_RM017_bytetrack_bt_0012,GM_RM017,381,oty1t_obj_GM_RM017_bytetrack_bt_0012,eligibility=weak_vehicle_layer;tier=high_resolvable_vehicle;spatial=loose_spatial_prior_generated,yes,good,yes,1,1,1,yes,no,no,none,no,preserve layer separation; support quality is not association success,not final box; not annotation proposal; not selector success; not GT-guided runtime prediction logic
PAIR_GM_RM017_o183_s382_oty1t_obj_GM_RM017_bytetrack_bt_0012,GM_RM017,382,oty1t_obj_GM_RM017_bytetrack_bt_0012,eligibility=weak_vehicle_layer;tier=high_resolvable_vehicle;spatial=loose_spatial_prior_generated,yes,good,yes,1,1,1,yes,no,no,support_too_broad;support_ok_but_not_exclusive,no,preserve layer separation; support quality is not association success,not final box; not annotation proposal; not selector success; not GT-guided runtime prediction logic
PAIR_GM_RM017_o184_s383_oty1t_obj_GM_RM017_bytetrack_bt_0012,GM_RM017,383,oty1t_obj_GM_RM017_bytetrack_bt_0012,eligibility=weak_vehicle_layer;tier=high_resolvable_vehicle;spatial=loose_spatial_prior_generated,yes,good,yes,1,1,1,yes,no,no,none,no,preserve layer separation; support quality is not association success,not final box; not annotation proposal; not selector success; not GT-guided runtime prediction logic
PAIR_GM_RM017_o184_s384_oty1t_obj_GM_RM017_bytetrack_bt_0012,GM_RM017,384,oty1t_obj_GM_RM017_bytetrack_bt_0012,eligibility=weak_vehicle_layer;tier=high_resolvable_vehicle;spatial=loose_spatial_prior_generated,yes,good,uncertain,1,1,1,yes,no,no,support_too_broad;support_ok_but_not_exclusive,no,preserve layer separation; support quality is not association success,not final box; not annotation proposal; not selector success; not GT-guided runtime prediction logic
PAIR_GM_RM017_o185_s385_oty1t_obj_GM_RM017_bytetrack_bt_0012,GM_RM017,385,oty1t_obj_GM_RM017_bytetrack_bt_0012,eligibility=weak_vehicle_layer;tier=high_resolvable_vehicle;spatial=loose_spatial_prior_generated,yes,good,yes,1,1,1,yes,no,no,none,no,preserve layer separation; support quality is not association success,not final box; not annotation proposal; not selector success; not GT-guided runtime prediction logic
PAIR_GM_RM017_o185_s386_oty1t_obj_GM_RM017_bytetrack_bt_0012,GM_RM017,386,oty1t_obj_GM_RM017_bytetrack_bt_0012,eligibility=weak_vehicle_layer;tier=high_resolvable_vehicle;spatial=loose_spatial_prior_generated,yes,good,yes,1,1,1,yes,no,no,none,no,preserve layer separation; support quality is not association success,not final box; not annotation proposal; not selector success; not GT-guided runtime prediction logic
PAIR_GM_RM017_o186_s387_oty1t_obj_GM_RM017_bytetrack_bt_0012,GM_RM017,387,oty1t_obj_GM_RM017_bytetrack_bt_0012,eligibility=weak_vehicle_layer;tier=high_resolvable_vehicle;spatial=loose_spatial_prior_generated,yes,good,yes,0.9548,0.9163,0.7829,no,yes,yes,too_narrow,yes,review support construction / range-azimuth mapping / motion-drift compatibility; do not search only inside support,not final box; not annotation proposal; not selector success; not GT-guided runtime prediction logic
PAIR_GM_RM017_o186_s388_oty1t_obj_GM_RM017_bytetrack_bt_0012,GM_RM017,388,oty1t_obj_GM_RM017_bytetrack_bt_0012,eligibility=weak_vehicle_layer;tier=high_resolvable_vehicle;spatial=loose_spatial_prior_generated,yes,good,yes,1,1,1,yes,no,no,none,no,preserve layer separation; support quality is not association success,not final box; not annotation proposal; not selector success; not GT-guided runtime prediction logic
PAIR_GM_RM017_o187_s389_oty1t_obj_GM_RM017_bytetrack_bt_0012,GM_RM017,389,oty1t_obj_GM_RM017_bytetrack_bt_0012,eligibility=weak_vehicle_layer;tier=high_resolvable_vehicle;spatial=loose_spatial_prior_generated,yes,review_extreme_aspect,yes,1,1,1,yes,no,no,none,no,preserve layer separation; support quality is not association success,not final box; not annotation proposal; not selector success; not GT-guided runtime prediction logic
PAIR_GM_RM017_o187_s390_oty1t_obj_GM_RM017_bytetrack_bt_0012,GM_RM017,390,oty1t_obj_GM_RM017_bytetrack_bt_0012,eligibility=weak_vehicle_layer;tier=high_resolvable_vehicle;spatial=loose_spatial_prior_generated,yes,good,yes,1,1,1,yes,no,no,none,no,preserve layer separation; support quality is not association success,not final box; not annotation proposal; not selector success; not GT-guided runtime prediction logic
PAIR_GM_RM017_o188_s391_oty1t_obj_GM_RM017_bytetrack_bt_0012,GM_RM017,391,oty1t_obj_GM_RM017_bytetrack_bt_0012,eligibility=weak_vehicle_layer;tier=high_resolvable_vehicle;spatial=loose_spatial_prior_generated,yes,good,yes,1,1,1,yes,no,no,none,no,preserve layer separation; support quality is not association success,not final box; not annotation proposal; not selector success; not GT-guided runtime prediction logic
PAIR_GM_RM017_o188_s392_oty1t_obj_GM_RM017_bytetrack_bt_0012,GM_RM017,392,oty1t_obj_GM_RM017_bytetrack_bt_0012,eligibility=weak_vehicle_layer;tier=high_resolvable_vehicle;spatial=loose_spatial_prior_generated,yes,good,yes,1,1,1,yes,no,no,none,no,preserve layer separation; support quality is not association success,not final box; not annotation proposal; not selector success; not GT-guided runtime prediction logic
PAIR_GM_RM017_o189_s393_oty1t_obj_GM_RM017_bytetrack_bt_0012,GM_RM017,393,oty1t_obj_GM_RM017_bytetrack_bt_0012,eligibility=weak_vehicle_layer;tier=high_resolvable_vehicle;spatial=loose_spatial_prior_generated,yes,good,yes,1,1,1,yes,no,no,none,no,preserve layer separation; support quality is not association success,not final box; not annotation proposal; not selector success; not GT-guided runtime prediction logic
PAIR_GM_RM017_o189_s394_oty1t_obj_GM_RM017_bytetrack_bt_0012,GM_RM017,394,oty1t_obj_GM_RM017_bytetrack_bt_0012,eligibility=weak_vehicle_layer;tier=high_resolvable_vehicle;spatial=loose_spatial_prior_generated,yes,good,yes,1,1,1,yes,no,no,none,no,preserve layer separation; support quality is not association success,not final box; not annotation proposal; not selector success; not GT-guided runtime prediction logic
PAIR_GM_RM017_o206_s429_oty1t_obj_GM_RM017_bytetrack_bt_0012,GM_RM017,429,oty1t_obj_GM_RM017_bytetrack_bt_0012,eligibility=weak_vehicle_layer;tier=high_resolvable_vehicle;spatial=loose_spatial_prior_generated,yes,review_too_large,uncertain,0.6127,0.6356,0.8364,uncertain,uncertain,uncertain,support_too_narrow,no,preserve layer separation; support quality is not association success,not final box; not annotation proposal; not selector success; not GT-guided runtime prediction logic
PAIR_GM_RM017_o210_s438_oty1t_obj_GM_RM017_bytetrack_bt_0012,GM_RM017,438,oty1t_obj_GM_RM017_bytetrack_bt_0012,eligibility=weak_vehicle_layer;tier=high_resolvable_vehicle;spatial=loose_spatial_prior_generated,yes,good,yes,0.3973,0.4179,0.586,no,yes,yes,support_miss,yes,review support construction / range-azimuth mapping / motion-drift compatibility; do not search only inside support,not final box; not annotation proposal; not selector success; not GT-guided runtime prediction logic
PAIR_GM_RM017_o184_s383_oty1t_obj_GM_RM017_bytetrack_bt_0014,GM_RM017,383,oty1t_obj_GM_RM017_bytetrack_bt_0014,eligibility=weak_vehicle_layer;tier=medium_resolvable_vehicle;spatial=loose_spatial_prior_generated,yes,review_multi_structure,uncertain,0.0111,0.0097,0.0011,uncertain,uncertain,uncertain,support_too_narrow;support_contains_neighbor_structure,no,preserve layer separation; support quality is not association success,not final box; not annotation proposal; not selector success; not GT-guided runtime prediction logic
PAIR_GM_RM017_o184_s384_oty1t_obj_GM_RM017_bytetrack_bt_0014,GM_RM017,384,oty1t_obj_GM_RM017_bytetrack_bt_0014,eligibility=weak_vehicle_layer;tier=medium_resolvable_vehicle;spatial=loose_spatial_prior_generated,yes,review_multi_structure,uncertain,0.0025,0.0022,0.0006,uncertain,uncertain,uncertain,support_too_narrow;support_contains_neighbor_structure,no,preserve layer separation; support quality is not association success,not final box; not annotation proposal; not selector success; not GT-guided runtime prediction logic
PAIR_GM_RM017_o212_s442_oty1t_obj_GM_RM017_bytetrack_bt_0014,GM_RM017,442,oty1t_obj_GM_RM017_bytetrack_bt_0014,eligibility=weak_vehicle_layer;tier=medium_resolvable_vehicle;spatial=loose_spatial_prior_generated,yes,review_multi_structure,uncertain,0.5292,0.5474,0.666,uncertain,uncertain,uncertain,support_too_narrow,no,preserve layer separation; support quality is not association success,not final box; not annotation proposal; not selector success; not GT-guided runtime prediction logic
PAIR_GM_RM019_o13_s27_oty1t_obj_GM_RM019_bytetrack_bt_0005,GM_RM019,27,oty1t_obj_GM_RM019_bytetrack_bt_0005,eligibility=weak_vehicle_layer;tier=high_resolvable_vehicle;spatial=loose_spatial_prior_generated,yes,review_extreme_aspect,yes,0,0,0,no,yes,yes,support_miss,yes,review support construction / range-azimuth mapping / motion-drift compatibility; do not search only inside support,not final box; not annotation proposal; not selector success; not GT-guided runtime prediction logic
PAIR_GM_RM019_o15_s31_oty1t_obj_GM_RM019_bytetrack_bt_0005,GM_RM019,31,oty1t_obj_GM_RM019_bytetrack_bt_0005,eligibility=weak_vehicle_layer;tier=high_resolvable_vehicle;spatial=loose_spatial_prior_generated,yes,good,yes,0,0,0,no,yes,yes,support_miss,yes,review support construction / range-azimuth mapping / motion-drift compatibility; do not search only inside support,not final box; not annotation proposal; not selector success; not GT-guided runtime prediction logic
PAIR_GM_RM019_o37_s77_oty1t_obj_GM_RM019_bytetrack_bt_0005,GM_RM019,77,oty1t_obj_GM_RM019_bytetrack_bt_0005,eligibility=weak_vehicle_layer;tier=high_resolvable_vehicle;spatial=loose_spatial_prior_generated,yes,good,uncertain,0,0,0,uncertain,uncertain,uncertain,support_too_narrow;support_too_broad;support_contains_neighbor_structure,no,preserve layer separation; support quality is not association success,not final box; not annotation proposal; not selector success; not GT-guided runtime prediction logic
PAIR_GM_RM019_o39_s81_oty1t_obj_GM_RM019_bytetrack_bt_0005,GM_RM019,81,oty1t_obj_GM_RM019_bytetrack_bt_0005,eligibility=weak_vehicle_layer;tier=high_resolvable_vehicle;spatial=loose_spatial_prior_generated,yes,good,yes,0,0,0,no,yes,yes,support_miss,yes,review support construction / range-azimuth mapping / motion-drift compatibility; do not search only inside support,not final box; not annotation proposal; not selector success; not GT-guided runtime prediction logic
PAIR_GM_RM019_o13_s27_oty1t_obj_GM_RM019_bytetrack_bt_0009,GM_RM019,27,oty1t_obj_GM_RM019_bytetrack_bt_0009,eligibility=blocked_vehicle_or_noise;tier=blocked_noise_or_short_track;spatial=blocked_no_spatial_prior,yes,review_low_energy,yes,0,0,0,no,yes,yes,support_miss,yes,review support construction / range-azimuth mapping / motion-drift compatibility; do not search only inside support,not final box; not annotation proposal; not selector success; not GT-guided runtime prediction logic
PAIR_GM_RM019_o102_s212_oty1t_obj_GM_RM019_bytetrack_bt_0080,GM_RM019,212,oty1t_obj_GM_RM019_bytetrack_bt_0080,eligibility=weak_vehicle_layer;tier=high_resolvable_vehicle;spatial=loose_spatial_prior_generated,yes,good,uncertain,0.0008,0.0007,0,uncertain,uncertain,uncertain,support_too_narrow;support_too_broad;support_contains_neighbor_structure,no,preserve layer separation; support quality is not association success,not final box; not annotation proposal; not selector success; not GT-guided runtime prediction logic
PAIR_GM_RM019_o114_s238_oty1t_obj_GM_RM019_bytetrack_bt_0080,GM_RM019,238,oty1t_obj_GM_RM019_bytetrack_bt_0080,eligibility=weak_vehicle_layer;tier=high_resolvable_vehicle;spatial=loose_spatial_prior_generated,yes,good,uncertain,0,0,0,uncertain,uncertain,uncertain,azimuth_aligned_range_misaligned;support_too_narrow;support_too_broad;support_contains_neighbor_structure,no,preserve layer separation; support quality is not association success,not final box; not annotation proposal; not selector success; not GT-guided runtime prediction logic
PAIR_GM_RM019_o129_s269_oty1t_obj_GM_RM019_bytetrack_bt_0080,GM_RM019,269,oty1t_obj_GM_RM019_bytetrack_bt_0080,eligibility=weak_vehicle_layer;tier=high_resolvable_vehicle;spatial=loose_spatial_prior_generated,yes,review_multi_structure,yes,0,0,0,uncertain,uncertain,uncertain,azimuth_aligned_range_misaligned;support_too_narrow;support_too_broad;support_contains_neighbor_structure,no,preserve layer separation; support quality is not association success,not final box; not annotation proposal; not selector success; not GT-guided runtime prediction logic
PAIR_GM_RM019_o131_s273_oty1t_obj_GM_RM019_bytetrack_bt_0080,GM_RM019,273,oty1t_obj_GM_RM019_bytetrack_bt_0080,eligibility=weak_vehicle_layer;tier=high_resolvable_vehicle;spatial=loose_spatial_prior_generated,yes,review_low_energy,yes,0,0,0,no,yes,yes,support_miss,yes,review support construction / range-azimuth mapping / motion-drift compatibility; do not search only inside support,not final box; not annotation proposal; not selector success; not GT-guided runtime prediction logic
PAIR_GM_RM019_o138_s288_oty1t_obj_GM_RM019_bytetrack_bt_0080,GM_RM019,288,oty1t_obj_GM_RM019_bytetrack_bt_0080,eligibility=weak_vehicle_layer;tier=high_resolvable_vehicle;spatial=loose_spatial_prior_generated,yes,review_low_energy,uncertain,0,0,0,uncertain,uncertain,uncertain,support_too_narrow;support_too_broad;support_contains_neighbor_structure,no,preserve layer separation; support quality is not association success,not final box; not annotation proposal; not selector success; not GT-guided runtime prediction logic
PAIR_GM_RM019_o139_s290_oty1t_obj_GM_RM019_bytetrack_bt_0080,GM_RM019,290,oty1t_obj_GM_RM019_bytetrack_bt_0080,eligibility=weak_vehicle_layer;tier=high_resolvable_vehicle;spatial=loose_spatial_prior_generated,yes,review_low_energy,yes,0,0,0,no,yes,yes,support_miss,yes,review support construction / range-azimuth mapping / motion-drift compatibility; do not search only inside support,not final box; not annotation proposal; not selector success; not GT-guided runtime prediction logic
PAIR_GM_RM017_o151_s315_oty1t_obj_GM_RM017_bytetrack_bt_0008,GM_RM017,315,oty1t_obj_GM_RM017_bytetrack_bt_0008,eligibility=review_only_vehicle;tier=high_resolvable_vehicle;spatial=review_only_spatial_context_generated,yes,review_multi_structure,uncertain,1,1,1,yes,no,no,support_too_broad;optical_truncation_induced_shift;near_field_truncation_issue;state_compensation_missing;temporal_compensation_needed;support_contains_neighbor_structure;support_ok_but_not_exclusive,no,preserve layer separation; support quality is not association success,not final box; not annotation proposal; not selector success; not GT-guided runtime prediction logic
PAIR_GM_RM017_o153_s319_oty1t_obj_GM_RM017_bytetrack_bt_0008,GM_RM017,319,oty1t_obj_GM_RM017_bytetrack_bt_0008,eligibility=review_only_vehicle;tier=high_resolvable_vehicle;spatial=review_only_spatial_context_generated,yes,review_multi_structure,uncertain,1,1,1,yes,no,no,support_too_broad;optical_truncation_induced_shift;near_field_truncation_issue;state_compensation_missing;temporal_compensation_needed;support_contains_neighbor_structure;support_ok_but_not_exclusive,no,preserve layer separation; support quality is not association success,not final box; not annotation proposal; not selector success; not GT-guided runtime prediction logic
PAIR_GM_RM017_o154_s321_oty1t_obj_GM_RM017_bytetrack_bt_0008,GM_RM017,321,oty1t_obj_GM_RM017_bytetrack_bt_0008,eligibility=review_only_vehicle;tier=high_resolvable_vehicle;spatial=review_only_spatial_context_generated,yes,review_multi_structure,uncertain,1,1,1,yes,no,no,support_too_broad;optical_truncation_induced_shift;near_field_truncation_issue;state_compensation_missing;temporal_compensation_needed;support_contains_neighbor_structure;support_ok_but_not_exclusive,no,preserve layer separation; support quality is not association success,not final box; not annotation proposal; not selector success; not GT-guided runtime prediction logic
PAIR_GM_RM017_o155_s323_oty1t_obj_GM_RM017_bytetrack_bt_0008,GM_RM017,323,oty1t_obj_GM_RM017_bytetrack_bt_0008,eligibility=review_only_vehicle;tier=high_resolvable_vehicle;spatial=review_only_spatial_context_generated,yes,review_multi_structure,uncertain,1,1,1,yes,no,no,support_too_broad;optical_truncation_induced_shift;near_field_truncation_issue;state_compensation_missing;temporal_compensation_needed;support_contains_neighbor_structure;support_ok_but_not_exclusive,no,preserve layer separation; support quality is not association success,not final box; not annotation proposal; not selector success; not GT-guided runtime prediction logic
PAIR_GM_RM017_o174_s362_oty1t_obj_GM_RM017_bytetrack_bt_0008,GM_RM017,362,oty1t_obj_GM_RM017_bytetrack_bt_0008,eligibility=review_only_vehicle;tier=high_resolvable_vehicle;spatial=review_only_spatial_context_generated,yes,good,yes,1,1,1,yes,no,no,support_too_broad;optical_truncation_induced_shift;near_field_truncation_issue;state_compensation_missing;temporal_compensation_needed;support_contains_neighbor_structure;support_ok_but_not_exclusive,no,preserve layer separation; support quality is not association success,not final box; not annotation proposal; not selector success; not GT-guided runtime prediction logic
PAIR_GM_RM017_o174_s363_oty1t_obj_GM_RM017_bytetrack_bt_0008,GM_RM017,363,oty1t_obj_GM_RM017_bytetrack_bt_0008,eligibility=review_only_vehicle;tier=high_resolvable_vehicle;spatial=review_only_spatial_context_generated,yes,good,uncertain,1,1,1,yes,no,no,support_too_broad;optical_truncation_induced_shift;near_field_truncation_issue;state_compensation_missing;temporal_compensation_needed;support_contains_neighbor_structure;support_ok_but_not_exclusive,no,preserve layer separation; support quality is not association success,not final box; not annotation proposal; not selector success; not GT-guided runtime prediction logic
PAIR_GM_RM017_o175_s364_oty1t_obj_GM_RM017_bytetrack_bt_0008,GM_RM017,364,oty1t_obj_GM_RM017_bytetrack_bt_0008,eligibility=review_only_vehicle;tier=high_resolvable_vehicle;spatial=review_only_spatial_context_generated,yes,review_multi_structure,uncertain,1,1,1,yes,no,no,support_too_broad;optical_truncation_induced_shift;near_field_truncation_issue;state_compensation_missing;temporal_compensation_needed;support_contains_neighbor_structure;support_ok_but_not_exclusive,no,preserve layer separation; support quality is not association success,not final box; not annotation proposal; not selector success; not GT-guided runtime prediction logic
PAIR_GM_RM017_o175_s365_oty1t_obj_GM_RM017_bytetrack_bt_0008,GM_RM017,365,oty1t_obj_GM_RM017_bytetrack_bt_0008,eligibility=review_only_vehicle;tier=high_resolvable_vehicle;spatial=review_only_spatial_context_generated,yes,review_multi_structure,uncertain,1,1,1,yes,no,no,support_too_broad;optical_truncation_induced_shift;near_field_truncation_issue;state_compensation_missing;temporal_compensation_needed;support_contains_neighbor_structure;support_ok_but_not_exclusive,no,preserve layer separation; support quality is not association success,not final box; not annotation proposal; not selector success; not GT-guided runtime prediction logic
PAIR_GM_RM017_o176_s366_oty1t_obj_GM_RM017_bytetrack_bt_0008,GM_RM017,366,oty1t_obj_GM_RM017_bytetrack_bt_0008,eligibility=review_only_vehicle;tier=high_resolvable_vehicle;spatial=review_only_spatial_context_generated,yes,review_multi_structure,uncertain,1,1,1,yes,no,no,support_too_broad;optical_truncation_induced_shift;near_field_truncation_issue;state_compensation_missing;temporal_compensation_needed;support_contains_neighbor_structure;support_ok_but_not_exclusive,no,preserve layer separation; support quality is not association success,not final box; not annotation proposal; not selector success; not GT-guided runtime prediction logic
PAIR_GM_RM017_o176_s367_oty1t_obj_GM_RM017_bytetrack_bt_0008,GM_RM017,367,oty1t_obj_GM_RM017_bytetrack_bt_0008,eligibility=review_only_vehicle;tier=high_resolvable_vehicle;spatial=review_only_spatial_context_generated,yes,review_multi_structure,uncertain,1,1,1,yes,no,no,support_too_broad;optical_truncation_induced_shift;near_field_truncation_issue;state_compensation_missing;temporal_compensation_needed;support_contains_neighbor_structure;support_ok_but_not_exclusive,no,preserve layer separation; support quality is not association success,not final box; not annotation proposal; not selector success; not GT-guided runtime prediction logic
PAIR_GM_RM017_o177_s368_oty1t_obj_GM_RM017_bytetrack_bt_0008,GM_RM017,368,oty1t_obj_GM_RM017_bytetrack_bt_0008,eligibility=review_only_vehicle;tier=high_resolvable_vehicle;spatial=review_only_spatial_context_generated,yes,review_multi_structure,uncertain,1,1,1,yes,no,no,support_too_broad;optical_truncation_induced_shift;near_field_truncation_issue;state_compensation_missing;temporal_compensation_needed;support_contains_neighbor_structure;support_ok_but_not_exclusive,no,preserve layer separation; support quality is not association success,not final box; not annotation proposal; not selector success; not GT-guided runtime prediction logic
PAIR_GM_RM017_o177_s369_oty1t_obj_GM_RM017_bytetrack_bt_0008,GM_RM017,369,oty1t_obj_GM_RM017_bytetrack_bt_0008,eligibility=review_only_vehicle;tier=high_resolvable_vehicle;spatial=review_only_spatial_context_generated,yes,review_multi_structure,uncertain,1,1,1,yes,no,no,support_too_broad;optical_truncation_induced_shift;near_field_truncation_issue;state_compensation_missing;temporal_compensation_needed;support_contains_neighbor_structure;support_ok_but_not_exclusive,no,preserve layer separation; support quality is not association success,not final box; not annotation proposal; not selector success; not GT-guided runtime prediction logic
PAIR_GM_RM017_o178_s370_oty1t_obj_GM_RM017_bytetrack_bt_0008,GM_RM017,370,oty1t_obj_GM_RM017_bytetrack_bt_0008,eligibility=review_only_vehicle;tier=high_resolvable_vehicle;spatial=review_only_spatial_context_generated,yes,review_multi_structure,uncertain,1,1,1,yes,no,no,support_too_broad;optical_truncation_induced_shift;near_field_truncation_issue;state_compensation_missing;temporal_compensation_needed;support_contains_neighbor_structure;support_ok_but_not_exclusive,no,preserve layer separation; support quality is not association success,not final box; not annotation proposal; not selector success; not GT-guided runtime prediction logic
PAIR_GM_RM017_o178_s371_oty1t_obj_GM_RM017_bytetrack_bt_0008,GM_RM017,371,oty1t_obj_GM_RM017_bytetrack_bt_0008,eligibility=review_only_vehicle;tier=high_resolvable_vehicle;spatial=review_only_spatial_context_generated,yes,review_multi_structure,uncertain,1,1,1,yes,no,no,support_too_broad;optical_truncation_induced_shift;near_field_truncation_issue;state_compensation_missing;temporal_compensation_needed;support_contains_neighbor_structure;support_ok_but_not_exclusive,no,preserve layer separation; support quality is not association success,not final box; not annotation proposal; not selector success; not GT-guided runtime prediction logic
PAIR_GM_RM017_o179_s372_oty1t_obj_GM_RM017_bytetrack_bt_0008,GM_RM017,372,oty1t_obj_GM_RM017_bytetrack_bt_0008,eligibility=review_only_vehicle;tier=high_resolvable_vehicle;spatial=review_only_spatial_context_generated,yes,review_multi_structure,uncertain,1,1,1,yes,no,no,support_too_broad;optical_truncation_induced_shift;near_field_truncation_issue;state_compensation_missing;temporal_compensation_needed;support_contains_neighbor_structure;support_ok_but_not_exclusive,no,preserve layer separation; support quality is not association success,not final box; not annotation proposal; not selector success; not GT-guided runtime prediction logic
PAIR_GM_RM017_o179_s373_oty1t_obj_GM_RM017_bytetrack_bt_0008,GM_RM017,373,oty1t_obj_GM_RM017_bytetrack_bt_0008,eligibility=review_only_vehicle;tier=high_resolvable_vehicle;spatial=review_only_spatial_context_generated,yes,review_multi_structure,uncertain,0.996,0.9968,1,yes,no,no,support_too_broad;optical_truncation_induced_shift;near_field_truncation_issue;state_compensation_missing;temporal_compensation_needed;support_contains_neighbor_structure;support_ok_but_not_exclusive,no,preserve layer separation; support quality is not association success,not final box; not annotation proposal; not selector success; not GT-guided runtime prediction logic
PAIR_GM_RM017_o180_s374_oty1t_obj_GM_RM017_bytetrack_bt_0008,GM_RM017,374,oty1t_obj_GM_RM017_bytetrack_bt_0008,eligibility=review_only_vehicle;tier=high_resolvable_vehicle;spatial=review_only_spatial_context_generated,yes,review_multi_structure,uncertain,1,1,1,yes,no,no,support_too_broad;optical_truncation_induced_shift;near_field_truncation_issue;state_compensation_missing;temporal_compensation_needed;support_contains_neighbor_structure;support_ok_but_not_exclusive,no,preserve layer separation; support quality is not association success,not final box; not annotation proposal; not selector success; not GT-guided runtime prediction logic
PAIR_GM_RM017_o180_s375_oty1t_obj_GM_RM017_bytetrack_bt_0008,GM_RM017,375,oty1t_obj_GM_RM017_bytetrack_bt_0008,eligibility=review_only_vehicle;tier=high_resolvable_vehicle;spatial=review_only_spatial_context_generated,yes,review_multi_structure,uncertain,0.9965,0.9969,1,yes,no,no,support_too_broad;optical_truncation_induced_shift;near_field_truncation_issue;state_compensation_missing;temporal_compensation_needed;support_contains_neighbor_structure;support_ok_but_not_exclusive,no,preserve layer separation; support quality is not association success,not final box; not annotation proposal; not selector success; not GT-guided runtime prediction logic
PAIR_GM_RM017_o180_s376_oty1t_obj_GM_RM017_bytetrack_bt_0008,GM_RM017,376,oty1t_obj_GM_RM017_bytetrack_bt_0008,eligibility=review_only_vehicle;tier=high_resolvable_vehicle;spatial=review_only_spatial_context_generated,yes,review_multi_structure,uncertain,0.9914,0.993,0.9994,yes,no,no,support_too_broad;optical_truncation_induced_shift;near_field_truncation_issue;state_compensation_missing;temporal_compensation_needed;support_contains_neighbor_structure;support_ok_but_not_exclusive,no,preserve layer separation; support quality is not association success,not final box; not annotation proposal; not selector success; not GT-guided runtime prediction logic
PAIR_GM_RM017_o181_s377_oty1t_obj_GM_RM017_bytetrack_bt_0008,GM_RM017,377,oty1t_obj_GM_RM017_bytetrack_bt_0008,eligibility=review_only_vehicle;tier=high_resolvable_vehicle;spatial=review_only_spatial_context_generated,yes,review_low_energy,uncertain,0.9921,0.9935,1,yes,no,no,support_too_broad;optical_truncation_induced_shift;near_field_truncation_issue;state_compensation_missing;temporal_compensation_needed;support_contains_neighbor_structure;support_ok_but_not_exclusive,no,preserve layer separation; support quality is not association success,not final box; not annotation proposal; not selector success; not GT-guided runtime prediction logic
PAIR_GM_RM017_o181_s378_oty1t_obj_GM_RM017_bytetrack_bt_0008,GM_RM017,378,oty1t_obj_GM_RM017_bytetrack_bt_0008,eligibility=review_only_vehicle;tier=high_resolvable_vehicle;spatial=review_only_spatial_context_generated,yes,good,uncertain,0.9728,0.9756,0.9964,yes,no,no,support_too_broad;optical_truncation_induced_shift;near_field_truncation_issue;state_compensation_missing;temporal_compensation_needed;support_contains_neighbor_structure;support_ok_but_not_exclusive,no,preserve layer separation; support quality is not association success,not final box; not annotation proposal; not selector success; not GT-guided runtime prediction logic
PAIR_GM_RM017_o182_s379_oty1t_obj_GM_RM017_bytetrack_bt_0008,GM_RM017,379,oty1t_obj_GM_RM017_bytetrack_bt_0008,eligibility=review_only_vehicle;tier=high_resolvable_vehicle;spatial=review_only_spatial_context_generated,yes,review_multi_structure,uncertain,0.9515,0.955,0.9809,yes,no,no,support_too_broad;optical_truncation_induced_shift;near_field_truncation_issue;state_compensation_missing;temporal_compensation_needed;support_contains_neighbor_structure;support_ok_but_not_exclusive,no,preserve layer separation; support quality is not association success,not final box; not annotation proposal; not selector success; not GT-guided runtime prediction logic
PAIR_GM_RM017_o182_s380_oty1t_obj_GM_RM017_bytetrack_bt_0008,GM_RM017,380,oty1t_obj_GM_RM017_bytetrack_bt_0008,eligibility=review_only_vehicle;tier=high_resolvable_vehicle;spatial=review_only_spatial_context_generated,yes,review_multi_structure,yes,0.9493,0.947,0.9438,yes,no,no,support_too_broad;optical_truncation_induced_shift;near_field_truncation_issue;state_compensation_missing;temporal_compensation_needed;support_contains_neighbor_structure;support_ok_but_not_exclusive,no,preserve layer separation; support quality is not association success,not final box; not annotation proposal; not selector success; not GT-guided runtime prediction logic
PAIR_GM_RM017_o151_s315_oty1t_obj_GM_RM017_bytetrack_bt_0010,GM_RM017,315,oty1t_obj_GM_RM017_bytetrack_bt_0010,eligibility=weak_vehicle_layer;tier=high_resolvable_vehicle;spatial=loose_spatial_prior_generated,yes,review_multi_structure,yes,1,1,1,yes,no,no,support_too_broad;optical_truncation_induced_shift;state_compensation_missing;temporal_compensation_needed;support_contains_neighbor_structure;support_ok_but_not_exclusive,no,preserve layer separation; support quality is not association success,not final box; not annotation proposal; not selector success; not GT-guided runtime prediction logic
PAIR_GM_RM017_o153_s319_oty1t_obj_GM_RM017_bytetrack_bt_0010,GM_RM017,319,oty1t_obj_GM_RM017_bytetrack_bt_0010,eligibility=weak_vehicle_layer;tier=high_resolvable_vehicle;spatial=loose_spatial_prior_generated,yes,good,uncertain,1,1,1,yes,no,no,support_too_broad;optical_truncation_induced_shift;state_compensation_missing;temporal_compensation_needed;support_contains_neighbor_structure;support_ok_but_not_exclusive,no,preserve layer separation; support quality is not association success,not final box; not annotation proposal; not selector success; not GT-guided runtime prediction logic
PAIR_GM_RM017_o154_s321_oty1t_obj_GM_RM017_bytetrack_bt_0010,GM_RM017,321,oty1t_obj_GM_RM017_bytetrack_bt_0010,eligibility=weak_vehicle_layer;tier=high_resolvable_vehicle;spatial=loose_spatial_prior_generated,yes,review_multi_structure,uncertain,0.9994,0.9995,1,yes,no,no,support_too_broad;optical_truncation_induced_shift;state_compensation_missing;temporal_compensation_needed;support_contains_neighbor_structure;support_ok_but_not_exclusive,no,preserve layer separation; support quality is not association success,not final box; not annotation proposal; not selector success; not GT-guided runtime prediction logic
PAIR_GM_RM017_o155_s323_oty1t_obj_GM_RM017_bytetrack_bt_0010,GM_RM017,323,oty1t_obj_GM_RM017_bytetrack_bt_0010,eligibility=weak_vehicle_layer;tier=high_resolvable_vehicle;spatial=loose_spatial_prior_generated,yes,review_multi_structure,uncertain,0.9995,0.9996,1,yes,no,no,support_too_broad;optical_truncation_induced_shift;state_compensation_missing;temporal_compensation_needed;support_contains_neighbor_structure;support_ok_but_not_exclusive,no,preserve layer separation; support quality is not association success,not final box; not annotation proposal; not selector success; not GT-guided runtime prediction logic
PAIR_GM_RM017_o156_s325_oty1t_obj_GM_RM017_bytetrack_bt_0010,GM_RM017,325,oty1t_obj_GM_RM017_bytetrack_bt_0010,eligibility=weak_vehicle_layer;tier=high_resolvable_vehicle;spatial=loose_spatial_prior_generated,yes,review_multi_structure,yes,1,1,1,yes,no,no,support_too_broad;optical_truncation_induced_shift;state_compensation_missing;temporal_compensation_needed;support_contains_neighbor_structure;support_ok_but_not_exclusive,no,preserve layer separation; support quality is not association success,not final box; not annotation proposal; not selector success; not GT-guided runtime prediction logic
PAIR_GM_RM017_o157_s327_oty1t_obj_GM_RM017_bytetrack_bt_0010,GM_RM017,327,oty1t_obj_GM_RM017_bytetrack_bt_0010,eligibility=weak_vehicle_layer;tier=high_resolvable_vehicle;spatial=loose_spatial_prior_generated,yes,review_multi_structure,uncertain,1,1,1,yes,no,no,support_too_broad;optical_truncation_induced_shift;state_compensation_missing;temporal_compensation_needed;support_contains_neighbor_structure;support_ok_but_not_exclusive,no,preserve layer separation; support quality is not association success,not final box; not annotation proposal; not selector success; not GT-guided runtime prediction logic
PAIR_GM_RM017_o158_s329_oty1t_obj_GM_RM017_bytetrack_bt_0010,GM_RM017,329,oty1t_obj_GM_RM017_bytetrack_bt_0010,eligibility=weak_vehicle_layer;tier=high_resolvable_vehicle;spatial=loose_spatial_prior_generated,yes,review_multi_structure,yes,1,1,1,yes,no,no,support_too_broad;optical_truncation_induced_shift;state_compensation_missing;temporal_compensation_needed;support_contains_neighbor_structure;support_ok_but_not_exclusive,no,preserve layer separation; support quality is not association success,not final box; not annotation proposal; not selector success; not GT-guided runtime prediction logic
PAIR_GM_RM017_o158_s330_oty1t_obj_GM_RM017_bytetrack_bt_0010,GM_RM017,330,oty1t_obj_GM_RM017_bytetrack_bt_0010,eligibility=weak_vehicle_layer;tier=high_resolvable_vehicle;spatial=loose_spatial_prior_generated,yes,review_low_energy,yes,1,1,1,yes,no,no,support_too_broad;optical_truncation_induced_shift;state_compensation_missing;temporal_compensation_needed;support_contains_neighbor_structure;support_ok_but_not_exclusive,no,preserve layer separation; support quality is not association success,not final box; not annotation proposal; not selector success; not GT-guided runtime prediction logic
PAIR_GM_RM017_o159_s331_oty1t_obj_GM_RM017_bytetrack_bt_0010,GM_RM017,331,oty1t_obj_GM_RM017_bytetrack_bt_0010,eligibility=weak_vehicle_layer;tier=high_resolvable_vehicle;spatial=loose_spatial_prior_generated,yes,review_low_energy,yes,1,1,1,yes,no,no,support_too_broad;optical_truncation_induced_shift;state_compensation_missing;temporal_compensation_needed;support_contains_neighbor_structure;support_ok_but_not_exclusive,no,preserve layer separation; support quality is not association success,not final box; not annotation proposal; not selector success; not GT-guided runtime prediction logic
PAIR_GM_RM017_o159_s332_oty1t_obj_GM_RM017_bytetrack_bt_0010,GM_RM017,332,oty1t_obj_GM_RM017_bytetrack_bt_0010,eligibility=weak_vehicle_layer;tier=high_resolvable_vehicle;spatial=loose_spatial_prior_generated,yes,review_low_energy,yes,1,1,1,yes,no,no,support_too_broad;optical_truncation_induced_shift;state_compensation_missing;temporal_compensation_needed;support_contains_neighbor_structure;support_ok_but_not_exclusive,no,preserve layer separation; support quality is not association success,not final box; not annotation proposal; not selector success; not GT-guided runtime prediction logic
PAIR_GM_RM017_o160_s333_oty1t_obj_GM_RM017_bytetrack_bt_0010,GM_RM017,333,oty1t_obj_GM_RM017_bytetrack_bt_0010,eligibility=weak_vehicle_layer;tier=high_resolvable_vehicle;spatial=loose_spatial_prior_generated,yes,review_low_energy,yes,1,1,1,yes,no,no,support_too_broad;optical_truncation_induced_shift;state_compensation_missing;temporal_compensation_needed;support_contains_neighbor_structure;support_ok_but_not_exclusive,no,preserve layer separation; support quality is not association success,not final box; not annotation proposal; not selector success; not GT-guided runtime prediction logic
PAIR_GM_RM017_o160_s334_oty1t_obj_GM_RM017_bytetrack_bt_0010,GM_RM017,334,oty1t_obj_GM_RM017_bytetrack_bt_0010,eligibility=weak_vehicle_layer;tier=high_resolvable_vehicle;spatial=loose_spatial_prior_generated,yes,review_extreme_aspect,yes,1,1,1,yes,no,no,support_too_broad;optical_truncation_induced_shift;state_compensation_missing;temporal_compensation_needed;support_contains_neighbor_structure;support_ok_but_not_exclusive,no,preserve layer separation; support quality is not association success,not final box; not annotation proposal; not selector success; not GT-guided runtime prediction logic
PAIR_GM_RM017_o162_s337_oty1t_obj_GM_RM017_bytetrack_bt_0010,GM_RM017,337,oty1t_obj_GM_RM017_bytetrack_bt_0010,eligibility=weak_vehicle_layer;tier=high_resolvable_vehicle;spatial=loose_spatial_prior_generated,yes,review_multi_structure,yes,1,1,1,yes,no,no,support_too_broad;optical_truncation_induced_shift;near_field_truncation_issue;state_compensation_missing;temporal_compensation_needed;support_contains_neighbor_structure;support_ok_but_not_exclusive,no,preserve layer separation; support quality is not association success,not final box; not annotation proposal; not selector success; not GT-guided runtime prediction logic
PAIR_GM_RM017_o162_s338_oty1t_obj_GM_RM017_bytetrack_bt_0010,GM_RM017,338,oty1t_obj_GM_RM017_bytetrack_bt_0010,eligibility=weak_vehicle_layer;tier=high_resolvable_vehicle;spatial=loose_spatial_prior_generated,yes,good,yes,1,1,1,yes,no,no,support_too_broad;optical_truncation_induced_shift;near_field_truncation_issue;state_compensation_missing;temporal_compensation_needed;support_contains_neighbor_structure;support_ok_but_not_exclusive,no,preserve layer separation; support quality is not association success,not final box; not annotation proposal; not selector success; not GT-guided runtime prediction logic
PAIR_GM_RM017_o163_s339_oty1t_obj_GM_RM017_bytetrack_bt_0010,GM_RM017,339,oty1t_obj_GM_RM017_bytetrack_bt_0010,eligibility=weak_vehicle_layer;tier=high_resolvable_vehicle;spatial=loose_spatial_prior_generated,yes,good,yes,1,1,1,yes,no,no,support_too_broad;optical_truncation_induced_shift;near_field_truncation_issue;state_compensation_missing;temporal_compensation_needed;support_contains_neighbor_structure;support_ok_but_not_exclusive,no,preserve layer separation; support quality is not association success,not final box; not annotation proposal; not selector success; not GT-guided runtime prediction logic
PAIR_GM_RM017_o163_s340_oty1t_obj_GM_RM017_bytetrack_bt_0010,GM_RM017,340,oty1t_obj_GM_RM017_bytetrack_bt_0010,eligibility=weak_vehicle_layer;tier=high_resolvable_vehicle;spatial=loose_spatial_prior_generated,yes,review_multi_structure,uncertain,1,1,1,yes,no,no,support_too_broad;optical_truncation_induced_shift;near_field_truncation_issue;state_compensation_missing;temporal_compensation_needed;support_contains_neighbor_structure;support_ok_but_not_exclusive,no,preserve layer separation; support quality is not association success,not final box; not annotation proposal; not selector success; not GT-guided runtime prediction logic
PAIR_GM_RM017_o164_s341_oty1t_obj_GM_RM017_bytetrack_bt_0010,GM_RM017,341,oty1t_obj_GM_RM017_bytetrack_bt_0010,eligibility=weak_vehicle_layer;tier=high_resolvable_vehicle;spatial=loose_spatial_prior_generated,yes,review_multi_structure,yes,1,1,1,yes,no,no,support_too_broad;optical_truncation_induced_shift;near_field_truncation_issue;state_compensation_missing;temporal_compensation_needed;support_contains_neighbor_structure;support_ok_but_not_exclusive,no,preserve layer separation; support quality is not association success,not final box; not annotation proposal; not selector success; not GT-guided runtime prediction logic
PAIR_GM_RM017_o164_s342_oty1t_obj_GM_RM017_bytetrack_bt_0010,GM_RM017,342,oty1t_obj_GM_RM017_bytetrack_bt_0010,eligibility=weak_vehicle_layer;tier=high_resolvable_vehicle;spatial=loose_spatial_prior_generated,yes,good,yes,1,1,1,yes,no,no,support_too_broad;optical_truncation_induced_shift;near_field_truncation_issue;state_compensation_missing;temporal_compensation_needed;support_contains_neighbor_structure;support_ok_but_not_exclusive,no,preserve layer separation; support quality is not association success,not final box; not annotation proposal; not selector success; not GT-guided runtime prediction logic
PAIR_GM_RM017_o162_s337_oty1t_obj_GM_RM017_bytetrack_bt_0012,GM_RM017,337,oty1t_obj_GM_RM017_bytetrack_bt_0012,eligibility=weak_vehicle_layer;tier=high_resolvable_vehicle;spatial=loose_spatial_prior_generated,yes,review_multi_structure,uncertain,1,1,1,yes,no,no,support_too_broad;optical_truncation_induced_shift;state_compensation_missing;temporal_compensation_needed;support_contains_neighbor_structure;support_ok_but_not_exclusive,no,preserve layer separation; support quality is not association success,not final box; not annotation proposal; not selector success; not GT-guided runtime prediction logic
PAIR_GM_RM017_o162_s338_oty1t_obj_GM_RM017_bytetrack_bt_0012,GM_RM017,338,oty1t_obj_GM_RM017_bytetrack_bt_0012,eligibility=weak_vehicle_layer;tier=high_resolvable_vehicle;spatial=loose_spatial_prior_generated,yes,review_multi_structure,uncertain,1,1,1,yes,no,no,support_too_broad;optical_truncation_induced_shift;state_compensation_missing;temporal_compensation_needed;support_contains_neighbor_structure;support_ok_but_not_exclusive,no,preserve layer separation; support quality is not association success,not final box; not annotation proposal; not selector success; not GT-guided runtime prediction logic
PAIR_GM_RM017_o163_s339_oty1t_obj_GM_RM017_bytetrack_bt_0012,GM_RM017,339,oty1t_obj_GM_RM017_bytetrack_bt_0012,eligibility=weak_vehicle_layer;tier=high_resolvable_vehicle;spatial=loose_spatial_prior_generated,yes,review_multi_structure,uncertain,1,1,1,yes,no,no,support_too_broad;optical_truncation_induced_shift;state_compensation_missing;temporal_compensation_needed;support_contains_neighbor_structure;support_ok_but_not_exclusive,no,preserve layer separation; support quality is not association success,not final box; not annotation proposal; not selector success; not GT-guided runtime prediction logic
PAIR_GM_RM017_o163_s340_oty1t_obj_GM_RM017_bytetrack_bt_0012,GM_RM017,340,oty1t_obj_GM_RM017_bytetrack_bt_0012,eligibility=weak_vehicle_layer;tier=high_resolvable_vehicle;spatial=loose_spatial_prior_generated,yes,review_multi_structure,uncertain,0.9721,0.9733,0.9867,yes,no,no,support_too_broad;optical_truncation_induced_shift;state_compensation_missing;temporal_compensation_needed;support_contains_neighbor_structure;support_ok_but_not_exclusive,no,preserve layer separation; support quality is not association success,not final box; not annotation proposal; not selector success; not GT-guided runtime prediction logic
PAIR_GM_RM017_o164_s341_oty1t_obj_GM_RM017_bytetrack_bt_0012,GM_RM017,341,oty1t_obj_GM_RM017_bytetrack_bt_0012,eligibility=weak_vehicle_layer;tier=high_resolvable_vehicle;spatial=loose_spatial_prior_generated,yes,review_multi_structure,uncertain,1,1,1,yes,no,no,support_too_broad;optical_truncation_induced_shift;state_compensation_missing;temporal_compensation_needed;support_contains_neighbor_structure;support_ok_but_not_exclusive,no,preserve layer separation; support quality is not association success,not final box; not annotation proposal; not selector success; not GT-guided runtime prediction logic
PAIR_GM_RM017_o164_s342_oty1t_obj_GM_RM017_bytetrack_bt_0012,GM_RM017,342,oty1t_obj_GM_RM017_bytetrack_bt_0012,eligibility=weak_vehicle_layer;tier=high_resolvable_vehicle;spatial=loose_spatial_prior_generated,yes,good,uncertain,1,1,1,yes,no,no,support_too_broad;optical_truncation_induced_shift;state_compensation_missing;temporal_compensation_needed;support_contains_neighbor_structure;support_ok_but_not_exclusive,no,preserve layer separation; support quality is not association success,not final box; not annotation proposal; not selector success; not GT-guided runtime prediction logic
PAIR_GM_RM017_o165_s343_oty1t_obj_GM_RM017_bytetrack_bt_0012,GM_RM017,343,oty1t_obj_GM_RM017_bytetrack_bt_0012,eligibility=weak_vehicle_layer;tier=high_resolvable_vehicle;spatial=loose_spatial_prior_generated,yes,good,uncertain,1,1,1,yes,no,no,support_too_broad;optical_truncation_induced_shift;state_compensation_missing;temporal_compensation_needed;support_contains_neighbor_structure;support_ok_but_not_exclusive,no,preserve layer separation; support quality is not association success,not final box; not annotation proposal; not selector success; not GT-guided runtime prediction logic
PAIR_GM_RM017_o165_s344_oty1t_obj_GM_RM017_bytetrack_bt_0012,GM_RM017,344,oty1t_obj_GM_RM017_bytetrack_bt_0012,eligibility=weak_vehicle_layer;tier=high_resolvable_vehicle;spatial=loose_spatial_prior_generated,yes,good,uncertain,1,1,1,yes,no,no,support_too_broad;optical_truncation_induced_shift;state_compensation_missing;temporal_compensation_needed;support_contains_neighbor_structure;support_ok_but_not_exclusive,no,preserve layer separation; support quality is not association success,not final box; not annotation proposal; not selector success; not GT-guided runtime prediction logic
PAIR_GM_RM017_o166_s345_oty1t_obj_GM_RM017_bytetrack_bt_0012,GM_RM017,345,oty1t_obj_GM_RM017_bytetrack_bt_0012,eligibility=weak_vehicle_layer;tier=high_resolvable_vehicle;spatial=loose_spatial_prior_generated,yes,review_multi_structure,uncertain,1,1,1,yes,no,no,support_too_broad;optical_truncation_induced_shift;state_compensation_missing;temporal_compensation_needed;support_contains_neighbor_structure;support_ok_but_not_exclusive,no,preserve layer separation; support quality is not association success,not final box; not annotation proposal; not selector success; not GT-guided runtime prediction logic
PAIR_GM_RM017_o166_s346_oty1t_obj_GM_RM017_bytetrack_bt_0012,GM_RM017,346,oty1t_obj_GM_RM017_bytetrack_bt_0012,eligibility=weak_vehicle_layer;tier=high_resolvable_vehicle;spatial=loose_spatial_prior_generated,yes,review_multi_structure,uncertain,1,1,1,yes,no,no,support_too_broad;optical_truncation_induced_shift;state_compensation_missing;temporal_compensation_needed;support_contains_neighbor_structure;support_ok_but_not_exclusive,no,preserve layer separation; support quality is not association success,not final box; not annotation proposal; not selector success; not GT-guided runtime prediction logic
PAIR_GM_RM017_o167_s347_oty1t_obj_GM_RM017_bytetrack_bt_0012,GM_RM017,347,oty1t_obj_GM_RM017_bytetrack_bt_0012,eligibility=weak_vehicle_layer;tier=high_resolvable_vehicle;spatial=loose_spatial_prior_generated,yes,review_multi_structure,uncertain,1,1,1,yes,no,no,support_too_broad;optical_truncation_induced_shift;state_compensation_missing;temporal_compensation_needed;support_contains_neighbor_structure;support_ok_but_not_exclusive,no,preserve layer separation; support quality is not association success,not final box; not annotation proposal; not selector success; not GT-guided runtime prediction logic
PAIR_GM_RM017_o167_s348_oty1t_obj_GM_RM017_bytetrack_bt_0012,GM_RM017,348,oty1t_obj_GM_RM017_bytetrack_bt_0012,eligibility=weak_vehicle_layer;tier=high_resolvable_vehicle;spatial=loose_spatial_prior_generated,yes,review_multi_structure,yes,1,1,1,yes,no,no,support_too_broad;optical_truncation_induced_shift;state_compensation_missing;temporal_compensation_needed;support_contains_neighbor_structure;support_ok_but_not_exclusive,no,preserve layer separation; support quality is not association success,not final box; not annotation proposal; not selector success; not GT-guided runtime prediction logic
PAIR_GM_RM017_o168_s349_oty1t_obj_GM_RM017_bytetrack_bt_0012,GM_RM017,349,oty1t_obj_GM_RM017_bytetrack_bt_0012,eligibility=weak_vehicle_layer;tier=high_resolvable_vehicle;spatial=loose_spatial_prior_generated,yes,review_multi_structure,yes,1,1,1,yes,no,no,support_too_broad;optical_truncation_induced_shift;state_compensation_missing;temporal_compensation_needed;support_contains_neighbor_structure;support_ok_but_not_exclusive,no,preserve layer separation; support quality is not association success,not final box; not annotation proposal; not selector success; not GT-guided runtime prediction logic
PAIR_GM_RM017_o168_s350_oty1t_obj_GM_RM017_bytetrack_bt_0012,GM_RM017,350,oty1t_obj_GM_RM017_bytetrack_bt_0012,eligibility=weak_vehicle_layer;tier=high_resolvable_vehicle;spatial=loose_spatial_prior_generated,yes,review_multi_structure,yes,1,1,1,yes,no,no,support_too_broad;optical_truncation_induced_shift;state_compensation_missing;temporal_compensation_needed;support_contains_neighbor_structure;support_ok_but_not_exclusive,no,preserve layer separation; support quality is not association success,not final box; not annotation proposal; not selector success; not GT-guided runtime prediction logic
PAIR_GM_RM017_o168_s351_oty1t_obj_GM_RM017_bytetrack_bt_0012,GM_RM017,351,oty1t_obj_GM_RM017_bytetrack_bt_0012,eligibility=weak_vehicle_layer;tier=high_resolvable_vehicle;spatial=loose_spatial_prior_generated,yes,good,yes,1,1,1,yes,no,no,support_too_broad;optical_truncation_induced_shift;state_compensation_missing;temporal_compensation_needed;support_contains_neighbor_structure;support_ok_but_not_exclusive,no,preserve layer separation; support quality is not association success,not final box; not annotation proposal; not selector success; not GT-guided runtime prediction logic
PAIR_GM_RM019_o151_s315_oty1t_obj_GM_RM019_bytetrack_bt_0098,GM_RM019,315,oty1t_obj_GM_RM019_bytetrack_bt_0098,eligibility=weak_vehicle_layer;tier=high_resolvable_vehicle;spatial=loose_spatial_prior_generated,yes,good,uncertain,0.0598,0.0388,0,uncertain,uncertain,uncertain,support_too_narrow;support_too_broad;optical_truncation_induced_shift;near_field_truncation_issue;state_compensation_missing;temporal_compensation_needed;support_contains_neighbor_structure,no,preserve layer separation; support quality is not association success,not final box; not annotation proposal; not selector success; not GT-guided runtime prediction logic
PAIR_GM_RM019_o152_s317_oty1t_obj_GM_RM019_bytetrack_bt_0098,GM_RM019,317,oty1t_obj_GM_RM019_bytetrack_bt_0098,eligibility=weak_vehicle_layer;tier=high_resolvable_vehicle;spatial=loose_spatial_prior_generated,yes,good,uncertain,0.0577,0.0394,0.0012,uncertain,uncertain,uncertain,support_too_narrow;support_too_broad;optical_truncation_induced_shift;near_field_truncation_issue;state_compensation_missing;temporal_compensation_needed;support_contains_neighbor_structure,no,preserve layer separation; support quality is not association success,not final box; not annotation proposal; not selector success; not GT-guided runtime prediction logic
PAIR_GM_RM017_o149_s310_oty1t_obj_GM_RM017_bytetrack_bt_0008,GM_RM017,310,oty1t_obj_GM_RM017_bytetrack_bt_0008,eligibility=review_only_vehicle;tier=high_resolvable_vehicle;spatial=review_only_spatial_context_generated,yes,review_extreme_aspect,uncertain,1,1,1,yes,no,no,support_too_broad;optical_truncation_induced_shift;near_field_truncation_issue;state_compensation_missing;temporal_compensation_needed;support_contains_neighbor_structure;support_ok_but_not_exclusive,no,preserve layer separation; support quality is not association success,not final box; not annotation proposal; not selector success; not GT-guided runtime prediction logic
PAIR_GM_RM017_o152_s317_oty1t_obj_GM_RM017_bytetrack_bt_0008,GM_RM017,317,oty1t_obj_GM_RM017_bytetrack_bt_0008,eligibility=review_only_vehicle;tier=high_resolvable_vehicle;spatial=review_only_spatial_context_generated,yes,review_multi_structure,uncertain,1,1,1,yes,no,no,support_too_broad;optical_truncation_induced_shift;near_field_truncation_issue;state_compensation_missing;temporal_compensation_needed;support_contains_neighbor_structure;support_ok_but_not_exclusive,no,preserve layer separation; support quality is not association success,not final box; not annotation proposal; not selector success; not GT-guided runtime prediction logic
PAIR_GM_RM017_o170_s354_oty1t_obj_GM_RM017_bytetrack_bt_0008,GM_RM017,354,oty1t_obj_GM_RM017_bytetrack_bt_0008,eligibility=review_only_vehicle;tier=high_resolvable_vehicle;spatial=review_only_spatial_context_generated,yes,good,yes,1,1,1,yes,no,no,support_too_broad;state_compensation_missing;temporal_compensation_needed;support_contains_neighbor_structure;support_ok_but_not_exclusive,no,preserve layer separation; support quality is not association success,not final box; not annotation proposal; not selector success; not GT-guided runtime prediction logic
PAIR_GM_RM017_o170_s355_oty1t_obj_GM_RM017_bytetrack_bt_0008,GM_RM017,355,oty1t_obj_GM_RM017_bytetrack_bt_0008,eligibility=review_only_vehicle;tier=high_resolvable_vehicle;spatial=review_only_spatial_context_generated,yes,good,yes,1,1,1,yes,no,no,support_too_broad;state_compensation_missing;temporal_compensation_needed;support_contains_neighbor_structure;support_ok_but_not_exclusive,no,preserve layer separation; support quality is not association success,not final box; not annotation proposal; not selector success; not GT-guided runtime prediction logic
PAIR_GM_RM017_o152_s317_oty1t_obj_GM_RM017_bytetrack_bt_0010,GM_RM017,317,oty1t_obj_GM_RM017_bytetrack_bt_0010,eligibility=weak_vehicle_layer;tier=high_resolvable_vehicle;spatial=loose_spatial_prior_generated,yes,review_multi_structure,yes,1,1,1,yes,no,no,support_too_broad;optical_truncation_induced_shift;state_compensation_missing;temporal_compensation_needed;support_contains_neighbor_structure;support_ok_but_not_exclusive,no,preserve layer separation; support quality is not association success,not final box; not annotation proposal; not selector success; not GT-guided runtime prediction logic
PAIR_GM_RM017_o161_s335_oty1t_obj_GM_RM017_bytetrack_bt_0010,GM_RM017,335,oty1t_obj_GM_RM017_bytetrack_bt_0010,eligibility=weak_vehicle_layer;tier=high_resolvable_vehicle;spatial=loose_spatial_prior_generated,yes,review_low_energy,uncertain,1,1,1,yes,no,no,support_too_broad;optical_truncation_induced_shift;state_compensation_missing;temporal_compensation_needed;support_contains_neighbor_structure;support_ok_but_not_exclusive,no,preserve layer separation; support quality is not association success,not final box; not annotation proposal; not selector success; not GT-guided runtime prediction logic
PAIR_GM_RM017_o161_s335_oty1t_obj_GM_RM017_bytetrack_bt_0010,GM_RM017,335,oty1t_obj_GM_RM017_bytetrack_bt_0010,eligibility=weak_vehicle_layer;tier=high_resolvable_vehicle;spatial=loose_spatial_prior_generated,yes,review_low_energy,uncertain,1,1,1,yes,no,no,support_too_broad;optical_truncation_induced_shift;state_compensation_missing;temporal_compensation_needed;support_contains_neighbor_structure;support_ok_but_not_exclusive,no,preserve layer separation; support quality is not association success,not final box; not annotation proposal; not selector success; not GT-guided runtime prediction logic
PAIR_GM_RM017_o161_s336_oty1t_obj_GM_RM017_bytetrack_bt_0010,GM_RM017,336,oty1t_obj_GM_RM017_bytetrack_bt_0010,eligibility=weak_vehicle_layer;tier=high_resolvable_vehicle;spatial=loose_spatial_prior_generated,yes,review_low_energy,uncertain,1,1,1,yes,no,no,support_too_broad;optical_truncation_induced_shift;state_compensation_missing;temporal_compensation_needed;support_contains_neighbor_structure;support_ok_but_not_exclusive,no,preserve layer separation; support quality is not association success,not final box; not annotation proposal; not selector success; not GT-guided runtime prediction logic
PAIR_GM_RM017_o161_s336_oty1t_obj_GM_RM017_bytetrack_bt_0010,GM_RM017,336,oty1t_obj_GM_RM017_bytetrack_bt_0010,eligibility=weak_vehicle_layer;tier=high_resolvable_vehicle;spatial=loose_spatial_prior_generated,yes,review_low_energy,uncertain,1,1,1,yes,no,no,support_too_broad;optical_truncation_induced_shift;state_compensation_missing;temporal_compensation_needed;support_contains_neighbor_structure;support_ok_but_not_exclusive,no,preserve layer separation; support quality is not association success,not final box; not annotation proposal; not selector success; not GT-guided runtime prediction logic
PAIR_GM_RM017_o170_s354_oty1t_obj_GM_RM017_bytetrack_bt_0010,GM_RM017,354,oty1t_obj_GM_RM017_bytetrack_bt_0010,eligibility=weak_vehicle_layer;tier=high_resolvable_vehicle;spatial=loose_spatial_prior_generated,yes,good,yes,1,1,1,yes,no,no,support_too_broad;state_compensation_missing;temporal_compensation_needed;support_contains_neighbor_structure;support_ok_but_not_exclusive,no,preserve layer separation; support quality is not association success,not final box; not annotation proposal; not selector success; not GT-guided runtime prediction logic
PAIR_GM_RM017_o170_s355_oty1t_obj_GM_RM017_bytetrack_bt_0010,GM_RM017,355,oty1t_obj_GM_RM017_bytetrack_bt_0010,eligibility=weak_vehicle_layer;tier=high_resolvable_vehicle;spatial=loose_spatial_prior_generated,yes,good,yes,1,1,1,yes,no,no,support_too_broad;state_compensation_missing;temporal_compensation_needed;support_contains_neighbor_structure;support_ok_but_not_exclusive,no,preserve layer separation; support quality is not association success,not final box; not annotation proposal; not selector success; not GT-guided runtime prediction logic
PAIR_GM_RM017_o183_s381_oty1t_obj_GM_RM017_bytetrack_bt_0010,GM_RM017,381,oty1t_obj_GM_RM017_bytetrack_bt_0010,eligibility=weak_vehicle_layer;tier=high_resolvable_vehicle;spatial=loose_spatial_prior_generated,yes,good,yes,1,1,1,yes,no,no,support_too_broad;state_compensation_missing;temporal_compensation_needed;support_contains_neighbor_structure;support_ok_but_not_exclusive,no,preserve layer separation; support quality is not association success,not final box; not annotation proposal; not selector success; not GT-guided runtime prediction logic
PAIR_GM_RM017_o183_s382_oty1t_obj_GM_RM017_bytetrack_bt_0010,GM_RM017,382,oty1t_obj_GM_RM017_bytetrack_bt_0010,eligibility=weak_vehicle_layer;tier=high_resolvable_vehicle;spatial=loose_spatial_prior_generated,yes,good,yes,1,1,1,yes,no,no,support_too_broad;state_compensation_missing;temporal_compensation_needed;support_contains_neighbor_structure;support_ok_but_not_exclusive,no,preserve layer separation; support quality is not association success,not final box; not annotation proposal; not selector success; not GT-guided runtime prediction logic
PAIR_GM_RM017_o185_s385_oty1t_obj_GM_RM017_bytetrack_bt_0010,GM_RM017,385,oty1t_obj_GM_RM017_bytetrack_bt_0010,eligibility=weak_vehicle_layer;tier=high_resolvable_vehicle;spatial=loose_spatial_prior_generated,yes,good,yes,1,1,1,yes,no,no,support_too_broad;state_compensation_missing;temporal_compensation_needed;support_contains_neighbor_structure;support_ok_but_not_exclusive,no,preserve layer separation; support quality is not association success,not final box; not annotation proposal; not selector success; not GT-guided runtime prediction logic
PAIR_GM_RM017_o185_s386_oty1t_obj_GM_RM017_bytetrack_bt_0010,GM_RM017,386,oty1t_obj_GM_RM017_bytetrack_bt_0010,eligibility=weak_vehicle_layer;tier=high_resolvable_vehicle;spatial=loose_spatial_prior_generated,yes,good,yes,1,1,1,yes,no,no,support_too_broad;state_compensation_missing;temporal_compensation_needed;support_contains_neighbor_structure;support_ok_but_not_exclusive,no,preserve layer separation; support quality is not association success,not final box; not annotation proposal; not selector success; not GT-guided runtime prediction logic
PAIR_GM_RM017_o170_s354_oty1t_obj_GM_RM017_bytetrack_bt_0012,GM_RM017,354,oty1t_obj_GM_RM017_bytetrack_bt_0012,eligibility=weak_vehicle_layer;tier=high_resolvable_vehicle;spatial=loose_spatial_prior_generated,yes,good,yes,1,1,1,yes,no,no,support_too_broad;state_compensation_missing;temporal_compensation_needed;support_contains_neighbor_structure;support_ok_but_not_exclusive,no,preserve layer separation; support quality is not association success,not final box; not annotation proposal; not selector success; not GT-guided runtime prediction logic
PAIR_GM_RM017_o170_s355_oty1t_obj_GM_RM017_bytetrack_bt_0012,GM_RM017,355,oty1t_obj_GM_RM017_bytetrack_bt_0012,eligibility=weak_vehicle_layer;tier=high_resolvable_vehicle;spatial=loose_spatial_prior_generated,yes,good,yes,1,1,1,yes,no,no,support_too_broad;state_compensation_missing;temporal_compensation_needed;support_contains_neighbor_structure;support_ok_but_not_exclusive,no,preserve layer separation; support quality is not association success,not final box; not annotation proposal; not selector success; not GT-guided runtime prediction logic
PAIR_GM_RM017_o145_s302_oty1t_obj_GM_RM017_bytetrack_bt_0008,GM_RM017,302,oty1t_obj_GM_RM017_bytetrack_bt_0008,eligibility=review_only_vehicle;tier=high_resolvable_vehicle;spatial=review_only_spatial_context_generated,yes,review_low_energy,uncertain,1,1,1,yes,no,no,support_too_broad;state_compensation_missing;temporal_compensation_needed;support_contains_neighbor_structure;support_ok_but_not_exclusive,no,preserve layer separation; support quality is not association success,not final box; not annotation proposal; not selector success; not GT-guided runtime prediction logic
PAIR_GM_RM017_o156_s325_oty1t_obj_GM_RM017_bytetrack_bt_0008,GM_RM017,325,oty1t_obj_GM_RM017_bytetrack_bt_0008,eligibility=review_only_vehicle;tier=high_resolvable_vehicle;spatial=review_only_spatial_context_generated,yes,good,uncertain,1,1,1,yes,no,no,support_too_broad;state_compensation_missing;temporal_compensation_needed;support_contains_neighbor_structure;support_ok_but_not_exclusive,no,preserve layer separation; support quality is not association success,not final box; not annotation proposal; not selector success; not GT-guided runtime prediction logic
PAIR_GM_RM017_o157_s327_oty1t_obj_GM_RM017_bytetrack_bt_0008,GM_RM017,327,oty1t_obj_GM_RM017_bytetrack_bt_0008,eligibility=review_only_vehicle;tier=high_resolvable_vehicle;spatial=review_only_spatial_context_generated,yes,good,uncertain,1,1,1,yes,no,no,support_too_broad;state_compensation_missing;temporal_compensation_needed;support_contains_neighbor_structure;support_ok_but_not_exclusive,no,preserve layer separation; support quality is not association success,not final box; not annotation proposal; not selector success; not GT-guided runtime prediction logic
PAIR_GM_RM017_o158_s329_oty1t_obj_GM_RM017_bytetrack_bt_0008,GM_RM017,329,oty1t_obj_GM_RM017_bytetrack_bt_0008,eligibility=review_only_vehicle;tier=high_resolvable_vehicle;spatial=review_only_spatial_context_generated,yes,good,uncertain,1,1,1,yes,no,no,support_too_broad;state_compensation_missing;temporal_compensation_needed;support_contains_neighbor_structure;support_ok_but_not_exclusive,no,preserve layer separation; support quality is not association success,not final box; not annotation proposal; not selector success; not GT-guided runtime prediction logic
PAIR_GM_RM017_o158_s330_oty1t_obj_GM_RM017_bytetrack_bt_0008,GM_RM017,330,oty1t_obj_GM_RM017_bytetrack_bt_0008,eligibility=review_only_vehicle;tier=high_resolvable_vehicle;spatial=review_only_spatial_context_generated,yes,good,yes,1,1,1,yes,no,no,support_too_broad;state_compensation_missing;temporal_compensation_needed;support_contains_neighbor_structure;support_ok_but_not_exclusive,no,preserve layer separation; support quality is not association success,not final box; not annotation proposal; not selector success; not GT-guided runtime prediction logic
PAIR_GM_RM017_o159_s331_oty1t_obj_GM_RM017_bytetrack_bt_0008,GM_RM017,331,oty1t_obj_GM_RM017_bytetrack_bt_0008,eligibility=review_only_vehicle;tier=high_resolvable_vehicle;spatial=review_only_spatial_context_generated,yes,review_low_energy,yes,1,1,1,yes,no,no,support_too_broad;state_compensation_missing;temporal_compensation_needed;support_contains_neighbor_structure;support_ok_but_not_exclusive,no,preserve layer separation; support quality is not association success,not final box; not annotation proposal; not selector success; not GT-guided runtime prediction logic
PAIR_GM_RM017_o159_s332_oty1t_obj_GM_RM017_bytetrack_bt_0008,GM_RM017,332,oty1t_obj_GM_RM017_bytetrack_bt_0008,eligibility=review_only_vehicle;tier=high_resolvable_vehicle;spatial=review_only_spatial_context_generated,yes,review_low_energy,yes,1,1,1,yes,no,no,support_too_broad;state_compensation_missing;temporal_compensation_needed;support_contains_neighbor_structure;support_ok_but_not_exclusive,no,preserve layer separation; support quality is not association success,not final box; not annotation proposal; not selector success; not GT-guided runtime prediction logic
PAIR_GM_RM017_o160_s333_oty1t_obj_GM_RM017_bytetrack_bt_0008,GM_RM017,333,oty1t_obj_GM_RM017_bytetrack_bt_0008,eligibility=review_only_vehicle;tier=high_resolvable_vehicle;spatial=review_only_spatial_context_generated,yes,review_low_energy,yes,1,1,1,yes,no,no,support_too_broad;state_compensation_missing;temporal_compensation_needed;support_contains_neighbor_structure;support_ok_but_not_exclusive,no,preserve layer separation; support quality is not association success,not final box; not annotation proposal; not selector success; not GT-guided runtime prediction logic
PAIR_GM_RM017_o160_s334_oty1t_obj_GM_RM017_bytetrack_bt_0008,GM_RM017,334,oty1t_obj_GM_RM017_bytetrack_bt_0008,eligibility=review_only_vehicle;tier=high_resolvable_vehicle;spatial=review_only_spatial_context_generated,yes,good,yes,1,1,1,yes,no,no,support_too_broad;state_compensation_missing;temporal_compensation_needed;support_contains_neighbor_structure;support_ok_but_not_exclusive,no,preserve layer separation; support quality is not association success,not final box; not annotation proposal; not selector success; not GT-guided runtime prediction logic
PAIR_GM_RM017_o161_s335_oty1t_obj_GM_RM017_bytetrack_bt_0008,GM_RM017,335,oty1t_obj_GM_RM017_bytetrack_bt_0008,eligibility=review_only_vehicle;tier=high_resolvable_vehicle;spatial=review_only_spatial_context_generated,yes,good,yes,1,1,1,yes,no,no,support_too_broad;state_compensation_missing;temporal_compensation_needed;support_contains_neighbor_structure;support_ok_but_not_exclusive,no,preserve layer separation; support quality is not association success,not final box; not annotation proposal; not selector success; not GT-guided runtime prediction logic
PAIR_GM_RM017_o161_s336_oty1t_obj_GM_RM017_bytetrack_bt_0008,GM_RM017,336,oty1t_obj_GM_RM017_bytetrack_bt_0008,eligibility=review_only_vehicle;tier=high_resolvable_vehicle;spatial=review_only_spatial_context_generated,yes,good,yes,1,1,1,yes,no,no,support_too_broad;state_compensation_missing;temporal_compensation_needed;support_contains_neighbor_structure;support_ok_but_not_exclusive,no,preserve layer separation; support quality is not association success,not final box; not annotation proposal; not selector success; not GT-guided runtime prediction logic
PAIR_GM_RM017_o162_s337_oty1t_obj_GM_RM017_bytetrack_bt_0008,GM_RM017,337,oty1t_obj_GM_RM017_bytetrack_bt_0008,eligibility=review_only_vehicle;tier=high_resolvable_vehicle;spatial=review_only_spatial_context_generated,yes,good,yes,1,1,1,yes,no,no,support_too_broad;state_compensation_missing;temporal_compensation_needed;support_contains_neighbor_structure;support_ok_but_not_exclusive,no,preserve layer separation; support quality is not association success,not final box; not annotation proposal; not selector success; not GT-guided runtime prediction logic
PAIR_GM_RM017_o162_s338_oty1t_obj_GM_RM017_bytetrack_bt_0008,GM_RM017,338,oty1t_obj_GM_RM017_bytetrack_bt_0008,eligibility=review_only_vehicle;tier=high_resolvable_vehicle;spatial=review_only_spatial_context_generated,yes,review_too_small,uncertain,1,1,1,yes,no,no,support_too_broad;state_compensation_missing;temporal_compensation_needed;support_contains_neighbor_structure;support_ok_but_not_exclusive,no,preserve layer separation; support quality is not association success,not final box; not annotation proposal; not selector success; not GT-guided runtime prediction logic
PAIR_GM_RM017_o163_s339_oty1t_obj_GM_RM017_bytetrack_bt_0008,GM_RM017,339,oty1t_obj_GM_RM017_bytetrack_bt_0008,eligibility=review_only_vehicle;tier=high_resolvable_vehicle;spatial=review_only_spatial_context_generated,yes,good,yes,1,1,1,yes,no,no,support_too_broad;state_compensation_missing;temporal_compensation_needed;support_contains_neighbor_structure;support_ok_but_not_exclusive,no,preserve layer separation; support quality is not association success,not final box; not annotation proposal; not selector success; not GT-guided runtime prediction logic
PAIR_GM_RM017_o163_s340_oty1t_obj_GM_RM017_bytetrack_bt_0008,GM_RM017,340,oty1t_obj_GM_RM017_bytetrack_bt_0008,eligibility=review_only_vehicle;tier=high_resolvable_vehicle;spatial=review_only_spatial_context_generated,yes,good,yes,1,1,1,yes,no,no,support_too_broad;state_compensation_missing;temporal_compensation_needed;support_contains_neighbor_structure;support_ok_but_not_exclusive,no,preserve layer separation; support quality is not association success,not final box; not annotation proposal; not selector success; not GT-guided runtime prediction logic
PAIR_GM_RM017_o164_s341_oty1t_obj_GM_RM017_bytetrack_bt_0008,GM_RM017,341,oty1t_obj_GM_RM017_bytetrack_bt_0008,eligibility=review_only_vehicle;tier=high_resolvable_vehicle;spatial=review_only_spatial_context_generated,yes,good,yes,1,1,1,yes,no,no,support_too_broad;state_compensation_missing;temporal_compensation_needed;support_contains_neighbor_structure;support_ok_but_not_exclusive,no,preserve layer separation; support quality is not association success,not final box; not annotation proposal; not selector success; not GT-guided runtime prediction logic
PAIR_GM_RM017_o164_s342_oty1t_obj_GM_RM017_bytetrack_bt_0008,GM_RM017,342,oty1t_obj_GM_RM017_bytetrack_bt_0008,eligibility=review_only_vehicle;tier=high_resolvable_vehicle;spatial=review_only_spatial_context_generated,yes,good,yes,1,1,1,yes,no,no,support_too_broad;state_compensation_missing;temporal_compensation_needed;support_contains_neighbor_structure;support_ok_but_not_exclusive,no,preserve layer separation; support quality is not association success,not final box; not annotation proposal; not selector success; not GT-guided runtime prediction logic
PAIR_GM_RM017_o165_s343_oty1t_obj_GM_RM017_bytetrack_bt_0008,GM_RM017,343,oty1t_obj_GM_RM017_bytetrack_bt_0008,eligibility=review_only_vehicle;tier=high_resolvable_vehicle;spatial=review_only_spatial_context_generated,yes,good,yes,1,1,1,yes,no,no,support_too_broad;state_compensation_missing;temporal_compensation_needed;support_contains_neighbor_structure;support_ok_but_not_exclusive,no,preserve layer separation; support quality is not association success,not final box; not annotation proposal; not selector success; not GT-guided runtime prediction logic
PAIR_GM_RM017_o165_s344_oty1t_obj_GM_RM017_bytetrack_bt_0008,GM_RM017,344,oty1t_obj_GM_RM017_bytetrack_bt_0008,eligibility=review_only_vehicle;tier=high_resolvable_vehicle;spatial=review_only_spatial_context_generated,yes,good,yes,1,1,1,yes,no,no,support_too_broad;state_compensation_missing;temporal_compensation_needed;support_contains_neighbor_structure;support_ok_but_not_exclusive,no,preserve layer separation; support quality is not association success,not final box; not annotation proposal; not selector success; not GT-guided runtime prediction logic
PAIR_GM_RM017_o166_s345_oty1t_obj_GM_RM017_bytetrack_bt_0008,GM_RM017,345,oty1t_obj_GM_RM017_bytetrack_bt_0008,eligibility=review_only_vehicle;tier=high_resolvable_vehicle;spatial=review_only_spatial_context_generated,yes,good,yes,1,1,1,yes,no,no,support_too_broad;state_compensation_missing;temporal_compensation_needed;support_contains_neighbor_structure;support_ok_but_not_exclusive,no,preserve layer separation; support quality is not association success,not final box; not annotation proposal; not selector success; not GT-guided runtime prediction logic
PAIR_GM_RM017_o166_s346_oty1t_obj_GM_RM017_bytetrack_bt_0008,GM_RM017,346,oty1t_obj_GM_RM017_bytetrack_bt_0008,eligibility=review_only_vehicle;tier=high_resolvable_vehicle;spatial=review_only_spatial_context_generated,yes,good,yes,1,1,1,yes,no,no,support_too_broad;state_compensation_missing;temporal_compensation_needed;support_contains_neighbor_structure;support_ok_but_not_exclusive,no,preserve layer separation; support quality is not association success,not final box; not annotation proposal; not selector success; not GT-guided runtime prediction logic
PAIR_GM_RM017_o167_s347_oty1t_obj_GM_RM017_bytetrack_bt_0008,GM_RM017,347,oty1t_obj_GM_RM017_bytetrack_bt_0008,eligibility=review_only_vehicle;tier=high_resolvable_vehicle;spatial=review_only_spatial_context_generated,yes,good,yes,1,1,1,yes,no,no,support_too_broad;state_compensation_missing;temporal_compensation_needed;support_contains_neighbor_structure;support_ok_but_not_exclusive,no,preserve layer separation; support quality is not association success,not final box; not annotation proposal; not selector success; not GT-guided runtime prediction logic
PAIR_GM_RM017_o167_s348_oty1t_obj_GM_RM017_bytetrack_bt_0008,GM_RM017,348,oty1t_obj_GM_RM017_bytetrack_bt_0008,eligibility=review_only_vehicle;tier=high_resolvable_vehicle;spatial=review_only_spatial_context_generated,yes,good,yes,1,1,1,yes,no,no,support_too_broad;state_compensation_missing;temporal_compensation_needed;support_contains_neighbor_structure;support_ok_but_not_exclusive,no,preserve layer separation; support quality is not association success,not final box; not annotation proposal; not selector success; not GT-guided runtime prediction logic
PAIR_GM_RM017_o168_s349_oty1t_obj_GM_RM017_bytetrack_bt_0008,GM_RM017,349,oty1t_obj_GM_RM017_bytetrack_bt_0008,eligibility=review_only_vehicle;tier=high_resolvable_vehicle;spatial=review_only_spatial_context_generated,yes,good,yes,1,1,1,yes,no,no,support_too_broad;state_compensation_missing;temporal_compensation_needed;support_contains_neighbor_structure;support_ok_but_not_exclusive,no,preserve layer separation; support quality is not association success,not final box; not annotation proposal; not selector success; not GT-guided runtime prediction logic
PAIR_GM_RM017_o168_s350_oty1t_obj_GM_RM017_bytetrack_bt_0008,GM_RM017,350,oty1t_obj_GM_RM017_bytetrack_bt_0008,eligibility=review_only_vehicle;tier=high_resolvable_vehicle;spatial=review_only_spatial_context_generated,yes,good,yes,1,1,1,yes,no,no,support_too_broad;state_compensation_missing;temporal_compensation_needed;support_contains_neighbor_structure;support_ok_but_not_exclusive,no,preserve layer separation; support quality is not association success,not final box; not annotation proposal; not selector success; not GT-guided runtime prediction logic
PAIR_GM_RM017_o168_s351_oty1t_obj_GM_RM017_bytetrack_bt_0008,GM_RM017,351,oty1t_obj_GM_RM017_bytetrack_bt_0008,eligibility=review_only_vehicle;tier=high_resolvable_vehicle;spatial=review_only_spatial_context_generated,yes,good,yes,1,1,1,yes,no,no,support_too_broad;state_compensation_missing;temporal_compensation_needed;support_contains_neighbor_structure;support_ok_but_not_exclusive,no,preserve layer separation; support quality is not association success,not final box; not annotation proposal; not selector success; not GT-guided runtime prediction logic
PAIR_GM_RM017_o169_s352_oty1t_obj_GM_RM017_bytetrack_bt_0008,GM_RM017,352,oty1t_obj_GM_RM017_bytetrack_bt_0008,eligibility=review_only_vehicle;tier=high_resolvable_vehicle;spatial=review_only_spatial_context_generated,yes,good,yes,1,1,1,yes,no,no,support_too_broad;state_compensation_missing;temporal_compensation_needed;support_contains_neighbor_structure;support_ok_but_not_exclusive,no,preserve layer separation; support quality is not association success,not final box; not annotation proposal; not selector success; not GT-guided runtime prediction logic
PAIR_GM_RM017_o169_s353_oty1t_obj_GM_RM017_bytetrack_bt_0008,GM_RM017,353,oty1t_obj_GM_RM017_bytetrack_bt_0008,eligibility=review_only_vehicle;tier=high_resolvable_vehicle;spatial=review_only_spatial_context_generated,yes,good,uncertain,1,1,1,yes,no,no,support_too_broad;state_compensation_missing;temporal_compensation_needed;support_contains_neighbor_structure;support_ok_but_not_exclusive,no,preserve layer separation; support quality is not association success,not final box; not annotation proposal; not selector success; not GT-guided runtime prediction logic
PAIR_GM_RM017_o171_s356_oty1t_obj_GM_RM017_bytetrack_bt_0008,GM_RM017,356,oty1t_obj_GM_RM017_bytetrack_bt_0008,eligibility=review_only_vehicle;tier=high_resolvable_vehicle;spatial=review_only_spatial_context_generated,yes,good,uncertain,1,1,1,yes,no,no,support_too_broad;state_compensation_missing;temporal_compensation_needed;support_contains_neighbor_structure;support_ok_but_not_exclusive,no,preserve layer separation; support quality is not association success,not final box; not annotation proposal; not selector success; not GT-guided runtime prediction logic
PAIR_GM_RM017_o171_s357_oty1t_obj_GM_RM017_bytetrack_bt_0008,GM_RM017,357,oty1t_obj_GM_RM017_bytetrack_bt_0008,eligibility=review_only_vehicle;tier=high_resolvable_vehicle;spatial=review_only_spatial_context_generated,yes,good,yes,1,1,1,yes,no,no,support_too_broad;state_compensation_missing;temporal_compensation_needed;support_contains_neighbor_structure;support_ok_but_not_exclusive,no,preserve layer separation; support quality is not association success,not final box; not annotation proposal; not selector success; not GT-guided runtime prediction logic
PAIR_GM_RM017_o172_s358_oty1t_obj_GM_RM017_bytetrack_bt_0008,GM_RM017,358,oty1t_obj_GM_RM017_bytetrack_bt_0008,eligibility=review_only_vehicle;tier=high_resolvable_vehicle;spatial=review_only_spatial_context_generated,yes,good,uncertain,1,1,1,yes,no,no,support_too_broad;state_compensation_missing;temporal_compensation_needed;support_contains_neighbor_structure;support_ok_but_not_exclusive,no,preserve layer separation; support quality is not association success,not final box; not annotation proposal; not selector success; not GT-guided runtime prediction logic
PAIR_GM_RM017_o172_s359_oty1t_obj_GM_RM017_bytetrack_bt_0008,GM_RM017,359,oty1t_obj_GM_RM017_bytetrack_bt_0008,eligibility=review_only_vehicle;tier=high_resolvable_vehicle;spatial=review_only_spatial_context_generated,yes,good,uncertain,1,1,1,yes,no,no,support_too_broad;state_compensation_missing;temporal_compensation_needed;support_contains_neighbor_structure;support_ok_but_not_exclusive,no,preserve layer separation; support quality is not association success,not final box; not annotation proposal; not selector success; not GT-guided runtime prediction logic
PAIR_GM_RM017_o173_s360_oty1t_obj_GM_RM017_bytetrack_bt_0008,GM_RM017,360,oty1t_obj_GM_RM017_bytetrack_bt_0008,eligibility=review_only_vehicle;tier=high_resolvable_vehicle;spatial=review_only_spatial_context_generated,yes,good,yes,1,1,1,yes,no,no,support_too_broad;state_compensation_missing;temporal_compensation_needed;support_contains_neighbor_structure;support_ok_but_not_exclusive,no,preserve layer separation; support quality is not association success,not final box; not annotation proposal; not selector success; not GT-guided runtime prediction logic
PAIR_GM_RM017_o173_s361_oty1t_obj_GM_RM017_bytetrack_bt_0008,GM_RM017,361,oty1t_obj_GM_RM017_bytetrack_bt_0008,eligibility=review_only_vehicle;tier=high_resolvable_vehicle;spatial=review_only_spatial_context_generated,yes,good,yes,1,1,1,yes,no,no,support_too_broad;state_compensation_missing;temporal_compensation_needed;support_contains_neighbor_structure;support_ok_but_not_exclusive,no,preserve layer separation; support quality is not association success,not final box; not annotation proposal; not selector success; not GT-guided runtime prediction logic
PAIR_GM_RM019_o0_s0_oty1t_obj_GM_RM019_bytetrack_bt_0001,GM_RM019,0,oty1t_obj_GM_RM019_bytetrack_bt_0001,eligibility=review_only_vehicle;tier=high_resolvable_vehicle;spatial=review_only_spatial_context_generated,yes,review_low_energy,yes,0.0219,0.0199,0.0095,no,yes,yes,support_miss,yes,review support construction / range-azimuth mapping / motion-drift compatibility; do not search only inside support,not final box; not annotation proposal; not selector success; not GT-guided runtime prediction logic
PAIR_GM_RM019_o2_s4_oty1t_obj_GM_RM019_bytetrack_bt_0001,GM_RM019,4,oty1t_obj_GM_RM019_bytetrack_bt_0001,eligibility=review_only_vehicle;tier=high_resolvable_vehicle;spatial=review_only_spatial_context_generated,yes,review_low_energy,yes,0.038,0.0397,0.0459,no,yes,yes,support_miss,yes,review support construction / range-azimuth mapping / motion-drift compatibility; do not search only inside support,not final box; not annotation proposal; not selector success; not GT-guided runtime prediction logic
PAIR_GM_RM019_o4_s8_oty1t_obj_GM_RM019_bytetrack_bt_0001,GM_RM019,8,oty1t_obj_GM_RM019_bytetrack_bt_0001,eligibility=review_only_vehicle;tier=high_resolvable_vehicle;spatial=review_only_spatial_context_generated,yes,review_multi_structure,yes,0.0843,0.0787,0.0444,uncertain,uncertain,uncertain,azimuth_aligned_range_misaligned;support_too_narrow;support_too_broad;state_compensation_missing;temporal_compensation_needed;support_contains_neighbor_structure,no,preserve layer separation; support quality is not association success,not final box; not annotation proposal; not selector success; not GT-guided runtime prediction logic
