case_id,failure_mode,why_not_vehicle_shell,what_evidence_would_be_needed,manual_review_needed,not_allowed_conclusion
GTREF_GM_RM011_s0_2,single_part_no_shell,A single part cannot close a vehicle-scale shell.,Additional endpoint/edge/far-side relation at GT scale.,yes,not revised GT; not final box; not selector; not identity truth; not GT-guided runtime prediction logic
GTREF_GM_RM011_s0_2,background_line_not_vehicle_shell,Background clutter can mimic a ridge or line.,Moving vehicle-like drift rather than background-stable response.,yes,not revised GT; not final box; not selector; not identity truth; not GT-guided runtime prediction logic
GTREF_GM_RM011_s0_2,gt_too_loose_for_structure,GT may include background or neighboring structures.,Manual GT quality review before strong morphology conclusion.,yes,not revised GT; not final box; not selector; not identity truth; not GT-guided runtime prediction logic
GTREF_GM_RM011_s1_4,parts_too_scattered,Parts exist but do not form a stable shell relation.,Temporal drift consistency or clearer shell completion.,yes,not revised GT; not final box; not selector; not identity truth; not GT-guided runtime prediction logic
GTREF_GM_RM011_s1_4,background_line_not_vehicle_shell,Background clutter can mimic a ridge or line.,Moving vehicle-like drift rather than background-stable response.,yes,not revised GT; not final box; not selector; not identity truth; not GT-guided runtime prediction logic
GTREF_GM_RM011_s1_4,gt_too_loose_for_structure,GT may include background or neighboring structures.,Manual GT quality review before strong morphology conclusion.,yes,not revised GT; not final box; not selector; not identity truth; not GT-guided runtime prediction logic
GTREF_GM_RM011_s1_4,range_spread_without_core,Range spread alone can be environment or motion artifact.,A body core plus edge/endpoints.,yes,not revised GT; not final box; not selector; not identity truth; not GT-guided runtime prediction logic
GTREF_GM_RM011_s2_336,parts_too_scattered,Parts exist but do not form a stable shell relation.,Temporal drift consistency or clearer shell completion.,yes,not revised GT; not final box; not selector; not identity truth; not GT-guided runtime prediction logic
GTREF_GM_RM011_s2_336,background_line_not_vehicle_shell,Background clutter can mimic a ridge or line.,Moving vehicle-like drift rather than background-stable response.,yes,not revised GT; not final box; not selector; not identity truth; not GT-guided runtime prediction logic
GTREF_GM_RM011_s2_336,gt_too_loose_for_structure,GT may include background or neighboring structures.,Manual GT quality review before strong morphology conclusion.,yes,not revised GT; not final box; not selector; not identity truth; not GT-guided runtime prediction logic
GTREF_GM_RM011_s2_5,parts_too_scattered,Parts exist but do not form a stable shell relation.,Temporal drift consistency or clearer shell completion.,yes,not revised GT; not final box; not selector; not identity truth; not GT-guided runtime prediction logic
GTREF_GM_RM011_s2_5,background_line_not_vehicle_shell,Background clutter can mimic a ridge or line.,Moving vehicle-like drift rather than background-stable response.,yes,not revised GT; not final box; not selector; not identity truth; not GT-guided runtime prediction logic
GTREF_GM_RM011_s2_5,gt_too_loose_for_structure,GT may include background or neighboring structures.,Manual GT quality review before strong morphology conclusion.,yes,not revised GT; not final box; not selector; not identity truth; not GT-guided runtime prediction logic
GTREF_GM_RM011_s2_5,range_spread_without_core,Range spread alone can be environment or motion artifact.,A body core plus edge/endpoints.,yes,not revised GT; not final box; not selector; not identity truth; not GT-guided runtime prediction logic
GTREF_GM_RM011_s3_6,parts_too_scattered,Parts exist but do not form a stable shell relation.,Temporal drift consistency or clearer shell completion.,yes,not revised GT; not final box; not selector; not identity truth; not GT-guided runtime prediction logic
GTREF_GM_RM011_s3_7,parts_too_scattered,Parts exist but do not form a stable shell relation.,Temporal drift consistency or clearer shell completion.,yes,not revised GT; not final box; not selector; not identity truth; not GT-guided runtime prediction logic
GTREF_GM_RM011_s3_7,background_line_not_vehicle_shell,Background clutter can mimic a ridge or line.,Moving vehicle-like drift rather than background-stable response.,yes,not revised GT; not final box; not selector; not identity truth; not GT-guided runtime prediction logic
GTREF_GM_RM011_s3_7,gt_too_loose_for_structure,GT may include background or neighboring structures.,Manual GT quality review before strong morphology conclusion.,yes,not revised GT; not final box; not selector; not identity truth; not GT-guided runtime prediction logic
GTREF_GM_RM011_s3_7,range_spread_without_core,Range spread alone can be environment or motion artifact.,A body core plus edge/endpoints.,yes,not revised GT; not final box; not selector; not identity truth; not GT-guided runtime prediction logic
GTREF_GM_RM011_s4_9,background_line_not_vehicle_shell,Background clutter can mimic a ridge or line.,Moving vehicle-like drift rather than background-stable response.,yes,not revised GT; not final box; not selector; not identity truth; not GT-guided runtime prediction logic
GTREF_GM_RM011_s4_9,gt_too_loose_for_structure,GT may include background or neighboring structures.,Manual GT quality review before strong morphology conclusion.,yes,not revised GT; not final box; not selector; not identity truth; not GT-guided runtime prediction logic
GTREF_GM_RM011_s5_10,parts_too_scattered,Parts exist but do not form a stable shell relation.,Temporal drift consistency or clearer shell completion.,yes,not revised GT; not final box; not selector; not identity truth; not GT-guided runtime prediction logic
GTREF_GM_RM011_s5_10,gt_too_small_for_structure,GT may only cover a local high-energy part.,Check whether vehicle-scale body extends outside GT.,yes,not revised GT; not final box; not selector; not identity truth; not GT-guided runtime prediction logic
GTREF_GM_RM011_s5_11,background_line_not_vehicle_shell,Background clutter can mimic a ridge or line.,Moving vehicle-like drift rather than background-stable response.,yes,not revised GT; not final box; not selector; not identity truth; not GT-guided runtime prediction logic
GTREF_GM_RM011_s5_11,gt_too_loose_for_structure,GT may include background or neighboring structures.,Manual GT quality review before strong morphology conclusion.,yes,not revised GT; not final box; not selector; not identity truth; not GT-guided runtime prediction logic
GTREF_GM_RM011_s6_12,parts_too_scattered,Parts exist but do not form a stable shell relation.,Temporal drift consistency or clearer shell completion.,yes,not revised GT; not final box; not selector; not identity truth; not GT-guided runtime prediction logic
GTREF_GM_RM011_s6_12,gt_too_small_for_structure,GT may only cover a local high-energy part.,Check whether vehicle-scale body extends outside GT.,yes,not revised GT; not final box; not selector; not identity truth; not GT-guided runtime prediction logic
GTREF_GM_RM011_s6_13,parts_too_scattered,Parts exist but do not form a stable shell relation.,Temporal drift consistency or clearer shell completion.,yes,not revised GT; not final box; not selector; not identity truth; not GT-guided runtime prediction logic
GTREF_GM_RM011_s6_13,background_line_not_vehicle_shell,Background clutter can mimic a ridge or line.,Moving vehicle-like drift rather than background-stable response.,yes,not revised GT; not final box; not selector; not identity truth; not GT-guided runtime prediction logic
GTREF_GM_RM011_s6_13,gt_too_loose_for_structure,GT may include background or neighboring structures.,Manual GT quality review before strong morphology conclusion.,yes,not revised GT; not final box; not selector; not identity truth; not GT-guided runtime prediction logic
GTREF_GM_RM011_s6_13,range_spread_without_core,Range spread alone can be environment or motion artifact.,A body core plus edge/endpoints.,yes,not revised GT; not final box; not selector; not identity truth; not GT-guided runtime prediction logic
GTREF_GM_RM011_s7_15,background_line_not_vehicle_shell,Background clutter can mimic a ridge or line.,Moving vehicle-like drift rather than background-stable response.,yes,not revised GT; not final box; not selector; not identity truth; not GT-guided runtime prediction logic
GTREF_GM_RM011_s7_15,gt_too_loose_for_structure,GT may include background or neighboring structures.,Manual GT quality review before strong morphology conclusion.,yes,not revised GT; not final box; not selector; not identity truth; not GT-guided runtime prediction logic
GTREF_GM_RM011_s9_17,single_part_no_shell,A single part cannot close a vehicle-scale shell.,Additional endpoint/edge/far-side relation at GT scale.,yes,not revised GT; not final box; not selector; not identity truth; not GT-guided runtime prediction logic
GTREF_GM_RM011_s9_17,near_field_spread_unresolved,Weak boundary or spread is not enough to assert a shell.,Persistent ridge/hotspot drift or clearer part relation.,yes,not revised GT; not final box; not selector; not identity truth; not GT-guided runtime prediction logic
GTREF_GM_RM011_s10_18,parts_too_scattered,Parts exist but do not form a stable shell relation.,Temporal drift consistency or clearer shell completion.,yes,not revised GT; not final box; not selector; not identity truth; not GT-guided runtime prediction logic
GTREF_GM_RM011_s10_18,gt_too_small_for_structure,GT may only cover a local high-energy part.,Check whether vehicle-scale body extends outside GT.,yes,not revised GT; not final box; not selector; not identity truth; not GT-guided runtime prediction logic
GTREF_GM_RM011_s10_18,range_spread_without_core,Range spread alone can be environment or motion artifact.,A body core plus edge/endpoints.,yes,not revised GT; not final box; not selector; not identity truth; not GT-guided runtime prediction logic
GTREF_GM_RM011_s11_19,parts_too_scattered,Parts exist but do not form a stable shell relation.,Temporal drift consistency or clearer shell completion.,yes,not revised GT; not final box; not selector; not identity truth; not GT-guided runtime prediction logic
GTREF_GM_RM011_s11_19,gt_too_small_for_structure,GT may only cover a local high-energy part.,Check whether vehicle-scale body extends outside GT.,yes,not revised GT; not final box; not selector; not identity truth; not GT-guided runtime prediction logic
GTREF_GM_RM011_s11_19,range_spread_without_core,Range spread alone can be environment or motion artifact.,A body core plus edge/endpoints.,yes,not revised GT; not final box; not selector; not identity truth; not GT-guided runtime prediction logic
GTREF_GM_RM011_s12_20,parts_too_scattered,Parts exist but do not form a stable shell relation.,Temporal drift consistency or clearer shell completion.,yes,not revised GT; not final box; not selector; not identity truth; not GT-guided runtime prediction logic
GTREF_GM_RM011_s12_20,gt_too_small_for_structure,GT may only cover a local high-energy part.,Check whether vehicle-scale body extends outside GT.,yes,not revised GT; not final box; not selector; not identity truth; not GT-guided runtime prediction logic
GTREF_GM_RM011_s12_20,range_spread_without_core,Range spread alone can be environment or motion artifact.,A body core plus edge/endpoints.,yes,not revised GT; not final box; not selector; not identity truth; not GT-guided runtime prediction logic
GTREF_GM_RM011_s12_21,parts_too_scattered,Parts exist but do not form a stable shell relation.,Temporal drift consistency or clearer shell completion.,yes,not revised GT; not final box; not selector; not identity truth; not GT-guided runtime prediction logic
GTREF_GM_RM011_s12_21,gt_too_small_for_structure,GT may only cover a local high-energy part.,Check whether vehicle-scale body extends outside GT.,yes,not revised GT; not final box; not selector; not identity truth; not GT-guided runtime prediction logic
GTREF_GM_RM011_s12_21,range_spread_without_core,Range spread alone can be environment or motion artifact.,A body core plus edge/endpoints.,yes,not revised GT; not final box; not selector; not identity truth; not GT-guided runtime prediction logic
GTREF_GM_RM011_s13_22,parts_too_scattered,Parts exist but do not form a stable shell relation.,Temporal drift consistency or clearer shell completion.,yes,not revised GT; not final box; not selector; not identity truth; not GT-guided runtime prediction logic
GTREF_GM_RM011_s13_22,gt_too_small_for_structure,GT may only cover a local high-energy part.,Check whether vehicle-scale body extends outside GT.,yes,not revised GT; not final box; not selector; not identity truth; not GT-guided runtime prediction logic
GTREF_GM_RM011_s13_22,range_spread_without_core,Range spread alone can be environment or motion artifact.,A body core plus edge/endpoints.,yes,not revised GT; not final box; not selector; not identity truth; not GT-guided runtime prediction logic
GTREF_GM_RM011_s14_24,parts_too_scattered,Parts exist but do not form a stable shell relation.,Temporal drift consistency or clearer shell completion.,yes,not revised GT; not final box; not selector; not identity truth; not GT-guided runtime prediction logic
GTREF_GM_RM011_s14_24,gt_too_small_for_structure,GT may only cover a local high-energy part.,Check whether vehicle-scale body extends outside GT.,yes,not revised GT; not final box; not selector; not identity truth; not GT-guided runtime prediction logic
GTREF_GM_RM011_s14_24,range_spread_without_core,Range spread alone can be environment or motion artifact.,A body core plus edge/endpoints.,yes,not revised GT; not final box; not selector; not identity truth; not GT-guided runtime prediction logic
GTREF_GM_RM011_s15_26,parts_too_scattered,Parts exist but do not form a stable shell relation.,Temporal drift consistency or clearer shell completion.,yes,not revised GT; not final box; not selector; not identity truth; not GT-guided runtime prediction logic
GTREF_GM_RM011_s15_26,gt_too_small_for_structure,GT may only cover a local high-energy part.,Check whether vehicle-scale body extends outside GT.,yes,not revised GT; not final box; not selector; not identity truth; not GT-guided runtime prediction logic
GTREF_GM_RM011_s15_26,range_spread_without_core,Range spread alone can be environment or motion artifact.,A body core plus edge/endpoints.,yes,not revised GT; not final box; not selector; not identity truth; not GT-guided runtime prediction logic
GTREF_GM_RM011_s15_27,background_line_not_vehicle_shell,Background clutter can mimic a ridge or line.,Moving vehicle-like drift rather than background-stable response.,yes,not revised GT; not final box; not selector; not identity truth; not GT-guided runtime prediction logic
GTREF_GM_RM011_s15_27,gt_too_loose_for_structure,GT may include background or neighboring structures.,Manual GT quality review before strong morphology conclusion.,yes,not revised GT; not final box; not selector; not identity truth; not GT-guided runtime prediction logic
GTREF_GM_RM011_s16_28,parts_too_scattered,Parts exist but do not form a stable shell relation.,Temporal drift consistency or clearer shell completion.,yes,not revised GT; not final box; not selector; not identity truth; not GT-guided runtime prediction logic
GTREF_GM_RM011_s16_28,gt_too_small_for_structure,GT may only cover a local high-energy part.,Check whether vehicle-scale body extends outside GT.,yes,not revised GT; not final box; not selector; not identity truth; not GT-guided runtime prediction logic
GTREF_GM_RM011_s17_30,background_line_not_vehicle_shell,Background clutter can mimic a ridge or line.,Moving vehicle-like drift rather than background-stable response.,yes,not revised GT; not final box; not selector; not identity truth; not GT-guided runtime prediction logic
GTREF_GM_RM011_s17_30,gt_too_loose_for_structure,GT may include background or neighboring structures.,Manual GT quality review before strong morphology conclusion.,yes,not revised GT; not final box; not selector; not identity truth; not GT-guided runtime prediction logic
GTREF_GM_RM011_s17_31,parts_too_scattered,Parts exist but do not form a stable shell relation.,Temporal drift consistency or clearer shell completion.,yes,not revised GT; not final box; not selector; not identity truth; not GT-guided runtime prediction logic
GTREF_GM_RM011_s17_31,gt_too_small_for_structure,GT may only cover a local high-energy part.,Check whether vehicle-scale body extends outside GT.,yes,not revised GT; not final box; not selector; not identity truth; not GT-guided runtime prediction logic
GTREF_GM_RM011_s17_32,background_line_not_vehicle_shell,Background clutter can mimic a ridge or line.,Moving vehicle-like drift rather than background-stable response.,yes,not revised GT; not final box; not selector; not identity truth; not GT-guided runtime prediction logic
GTREF_GM_RM011_s17_32,gt_too_loose_for_structure,GT may include background or neighboring structures.,Manual GT quality review before strong morphology conclusion.,yes,not revised GT; not final box; not selector; not identity truth; not GT-guided runtime prediction logic
GTREF_GM_RM011_s18_33,parts_too_scattered,Parts exist but do not form a stable shell relation.,Temporal drift consistency or clearer shell completion.,yes,not revised GT; not final box; not selector; not identity truth; not GT-guided runtime prediction logic
GTREF_GM_RM011_s18_33,gt_too_small_for_structure,GT may only cover a local high-energy part.,Check whether vehicle-scale body extends outside GT.,yes,not revised GT; not final box; not selector; not identity truth; not GT-guided runtime prediction logic
GTREF_GM_RM011_s18_34,background_line_not_vehicle_shell,Background clutter can mimic a ridge or line.,Moving vehicle-like drift rather than background-stable response.,yes,not revised GT; not final box; not selector; not identity truth; not GT-guided runtime prediction logic
GTREF_GM_RM011_s18_34,gt_too_loose_for_structure,GT may include background or neighboring structures.,Manual GT quality review before strong morphology conclusion.,yes,not revised GT; not final box; not selector; not identity truth; not GT-guided runtime prediction logic
GTREF_GM_RM011_s19_36,parts_too_scattered,Parts exist but do not form a stable shell relation.,Temporal drift consistency or clearer shell completion.,yes,not revised GT; not final box; not selector; not identity truth; not GT-guided runtime prediction logic
GTREF_GM_RM011_s19_36,gt_too_small_for_structure,GT may only cover a local high-energy part.,Check whether vehicle-scale body extends outside GT.,yes,not revised GT; not final box; not selector; not identity truth; not GT-guided runtime prediction logic
GTREF_GM_RM011_s20_38,parts_too_scattered,Parts exist but do not form a stable shell relation.,Temporal drift consistency or clearer shell completion.,yes,not revised GT; not final box; not selector; not identity truth; not GT-guided runtime prediction logic
GTREF_GM_RM011_s20_38,gt_too_small_for_structure,GT may only cover a local high-energy part.,Check whether vehicle-scale body extends outside GT.,yes,not revised GT; not final box; not selector; not identity truth; not GT-guided runtime prediction logic
GTREF_GM_RM011_s21_41,parts_too_scattered,Parts exist but do not form a stable shell relation.,Temporal drift consistency or clearer shell completion.,yes,not revised GT; not final box; not selector; not identity truth; not GT-guided runtime prediction logic
GTREF_GM_RM011_s21_41,gt_too_small_for_structure,GT may only cover a local high-energy part.,Check whether vehicle-scale body extends outside GT.,yes,not revised GT; not final box; not selector; not identity truth; not GT-guided runtime prediction logic
GTREF_GM_RM011_s22_43,parts_too_scattered,Parts exist but do not form a stable shell relation.,Temporal drift consistency or clearer shell completion.,yes,not revised GT; not final box; not selector; not identity truth; not GT-guided runtime prediction logic
GTREF_GM_RM011_s22_43,gt_too_small_for_structure,GT may only cover a local high-energy part.,Check whether vehicle-scale body extends outside GT.,yes,not revised GT; not final box; not selector; not identity truth; not GT-guided runtime prediction logic
GTREF_GM_RM011_s23_45,parts_too_scattered,Parts exist but do not form a stable shell relation.,Temporal drift consistency or clearer shell completion.,yes,not revised GT; not final box; not selector; not identity truth; not GT-guided runtime prediction logic
GTREF_GM_RM011_s23_45,gt_too_small_for_structure,GT may only cover a local high-energy part.,Check whether vehicle-scale body extends outside GT.,yes,not revised GT; not final box; not selector; not identity truth; not GT-guided runtime prediction logic
GTREF_GM_RM011_s23_45,range_spread_without_core,Range spread alone can be environment or motion artifact.,A body core plus edge/endpoints.,yes,not revised GT; not final box; not selector; not identity truth; not GT-guided runtime prediction logic
GTREF_GM_RM011_s23_46,parts_too_scattered,Parts exist but do not form a stable shell relation.,Temporal drift consistency or clearer shell completion.,yes,not revised GT; not final box; not selector; not identity truth; not GT-guided runtime prediction logic
GTREF_GM_RM011_s23_46,gt_too_small_for_structure,GT may only cover a local high-energy part.,Check whether vehicle-scale body extends outside GT.,yes,not revised GT; not final box; not selector; not identity truth; not GT-guided runtime prediction logic
GTREF_GM_RM011_s24_48,parts_too_scattered,Parts exist but do not form a stable shell relation.,Temporal drift consistency or clearer shell completion.,yes,not revised GT; not final box; not selector; not identity truth; not GT-guided runtime prediction logic
GTREF_GM_RM011_s24_48,gt_too_small_for_structure,GT may only cover a local high-energy part.,Check whether vehicle-scale body extends outside GT.,yes,not revised GT; not final box; not selector; not identity truth; not GT-guided runtime prediction logic
GTREF_GM_RM011_s24_49,background_line_not_vehicle_shell,Background clutter can mimic a ridge or line.,Moving vehicle-like drift rather than background-stable response.,yes,not revised GT; not final box; not selector; not identity truth; not GT-guided runtime prediction logic
GTREF_GM_RM011_s24_49,gt_too_loose_for_structure,GT may include background or neighboring structures.,Manual GT quality review before strong morphology conclusion.,yes,not revised GT; not final box; not selector; not identity truth; not GT-guided runtime prediction logic
GTREF_GM_RM011_s25_50,parts_too_scattered,Parts exist but do not form a stable shell relation.,Temporal drift consistency or clearer shell completion.,yes,not revised GT; not final box; not selector; not identity truth; not GT-guided runtime prediction logic
GTREF_GM_RM011_s25_50,gt_too_small_for_structure,GT may only cover a local high-energy part.,Check whether vehicle-scale body extends outside GT.,yes,not revised GT; not final box; not selector; not identity truth; not GT-guided runtime prediction logic
GTREF_GM_RM011_s25_51,parts_too_scattered,Parts exist but do not form a stable shell relation.,Temporal drift consistency or clearer shell completion.,yes,not revised GT; not final box; not selector; not identity truth; not GT-guided runtime prediction logic
GTREF_GM_RM011_s25_51,gt_too_small_for_structure,GT may only cover a local high-energy part.,Check whether vehicle-scale body extends outside GT.,yes,not revised GT; not final box; not selector; not identity truth; not GT-guided runtime prediction logic
GTREF_GM_RM011_s25_52,background_line_not_vehicle_shell,Background clutter can mimic a ridge or line.,Moving vehicle-like drift rather than background-stable response.,yes,not revised GT; not final box; not selector; not identity truth; not GT-guided runtime prediction logic
GTREF_GM_RM011_s25_52,gt_too_loose_for_structure,GT may include background or neighboring structures.,Manual GT quality review before strong morphology conclusion.,yes,not revised GT; not final box; not selector; not identity truth; not GT-guided runtime prediction logic
GTREF_GM_RM011_s26_53,parts_too_scattered,Parts exist but do not form a stable shell relation.,Temporal drift consistency or clearer shell completion.,yes,not revised GT; not final box; not selector; not identity truth; not GT-guided runtime prediction logic
GTREF_GM_RM011_s26_53,gt_too_small_for_structure,GT may only cover a local high-energy part.,Check whether vehicle-scale body extends outside GT.,yes,not revised GT; not final box; not selector; not identity truth; not GT-guided runtime prediction logic
GTREF_GM_RM011_s26_54,parts_too_scattered,Parts exist but do not form a stable shell relation.,Temporal drift consistency or clearer shell completion.,yes,not revised GT; not final box; not selector; not identity truth; not GT-guided runtime prediction logic
GTREF_GM_RM011_s26_54,gt_too_small_for_structure,GT may only cover a local high-energy part.,Check whether vehicle-scale body extends outside GT.,yes,not revised GT; not final box; not selector; not identity truth; not GT-guided runtime prediction logic
GTREF_GM_RM011_s27_55,parts_too_scattered,Parts exist but do not form a stable shell relation.,Temporal drift consistency or clearer shell completion.,yes,not revised GT; not final box; not selector; not identity truth; not GT-guided runtime prediction logic
GTREF_GM_RM011_s27_55,gt_too_small_for_structure,GT may only cover a local high-energy part.,Check whether vehicle-scale body extends outside GT.,yes,not revised GT; not final box; not selector; not identity truth; not GT-guided runtime prediction logic
GTREF_GM_RM011_s27_56,parts_too_scattered,Parts exist but do not form a stable shell relation.,Temporal drift consistency or clearer shell completion.,yes,not revised GT; not final box; not selector; not identity truth; not GT-guided runtime prediction logic
GTREF_GM_RM011_s27_56,gt_too_small_for_structure,GT may only cover a local high-energy part.,Check whether vehicle-scale body extends outside GT.,yes,not revised GT; not final box; not selector; not identity truth; not GT-guided runtime prediction logic
GTREF_GM_RM011_s28_57,parts_too_scattered,Parts exist but do not form a stable shell relation.,Temporal drift consistency or clearer shell completion.,yes,not revised GT; not final box; not selector; not identity truth; not GT-guided runtime prediction logic
GTREF_GM_RM011_s28_57,gt_too_small_for_structure,GT may only cover a local high-energy part.,Check whether vehicle-scale body extends outside GT.,yes,not revised GT; not final box; not selector; not identity truth; not GT-guided runtime prediction logic
GTREF_GM_RM011_s29_58,background_line_not_vehicle_shell,Background clutter can mimic a ridge or line.,Moving vehicle-like drift rather than background-stable response.,yes,not revised GT; not final box; not selector; not identity truth; not GT-guided runtime prediction logic
GTREF_GM_RM011_s29_58,gt_too_loose_for_structure,GT may include background or neighboring structures.,Manual GT quality review before strong morphology conclusion.,yes,not revised GT; not final box; not selector; not identity truth; not GT-guided runtime prediction logic
GTREF_GM_RM011_s29_59,parts_too_scattered,Parts exist but do not form a stable shell relation.,Temporal drift consistency or clearer shell completion.,yes,not revised GT; not final box; not selector; not identity truth; not GT-guided runtime prediction logic
GTREF_GM_RM011_s29_59,gt_too_small_for_structure,GT may only cover a local high-energy part.,Check whether vehicle-scale body extends outside GT.,yes,not revised GT; not final box; not selector; not identity truth; not GT-guided runtime prediction logic
GTREF_GM_RM011_s30_60,parts_too_scattered,Parts exist but do not form a stable shell relation.,Temporal drift consistency or clearer shell completion.,yes,not revised GT; not final box; not selector; not identity truth; not GT-guided runtime prediction logic
GTREF_GM_RM011_s30_60,gt_too_small_for_structure,GT may only cover a local high-energy part.,Check whether vehicle-scale body extends outside GT.,yes,not revised GT; not final box; not selector; not identity truth; not GT-guided runtime prediction logic
GTREF_GM_RM011_s31_61,background_line_not_vehicle_shell,Background clutter can mimic a ridge or line.,Moving vehicle-like drift rather than background-stable response.,yes,not revised GT; not final box; not selector; not identity truth; not GT-guided runtime prediction logic
GTREF_GM_RM011_s31_61,gt_too_loose_for_structure,GT may include background or neighboring structures.,Manual GT quality review before strong morphology conclusion.,yes,not revised GT; not final box; not selector; not identity truth; not GT-guided runtime prediction logic
GTREF_GM_RM011_s31_62,parts_too_scattered,Parts exist but do not form a stable shell relation.,Temporal drift consistency or clearer shell completion.,yes,not revised GT; not final box; not selector; not identity truth; not GT-guided runtime prediction logic
GTREF_GM_RM011_s31_62,gt_too_small_for_structure,GT may only cover a local high-energy part.,Check whether vehicle-scale body extends outside GT.,yes,not revised GT; not final box; not selector; not identity truth; not GT-guided runtime prediction logic
GTREF_GM_RM011_s32_63,parts_too_scattered,Parts exist but do not form a stable shell relation.,Temporal drift consistency or clearer shell completion.,yes,not revised GT; not final box; not selector; not identity truth; not GT-guided runtime prediction logic
GTREF_GM_RM011_s32_63,gt_too_small_for_structure,GT may only cover a local high-energy part.,Check whether vehicle-scale body extends outside GT.,yes,not revised GT; not final box; not selector; not identity truth; not GT-guided runtime prediction logic
GTREF_GM_RM011_s33_64,single_part_no_shell,A single part cannot close a vehicle-scale shell.,Additional endpoint/edge/far-side relation at GT scale.,yes,not revised GT; not final box; not selector; not identity truth; not GT-guided runtime prediction logic
GTREF_GM_RM011_s33_64,gt_too_small_for_structure,GT may only cover a local high-energy part.,Check whether vehicle-scale body extends outside GT.,yes,not revised GT; not final box; not selector; not identity truth; not GT-guided runtime prediction logic
GTREF_GM_RM011_s34_65,single_part_no_shell,A single part cannot close a vehicle-scale shell.,Additional endpoint/edge/far-side relation at GT scale.,yes,not revised GT; not final box; not selector; not identity truth; not GT-guided runtime prediction logic
GTREF_GM_RM011_s34_65,gt_too_small_for_structure,GT may only cover a local high-energy part.,Check whether vehicle-scale body extends outside GT.,yes,not revised GT; not final box; not selector; not identity truth; not GT-guided runtime prediction logic
GTREF_GM_RM011_s35_66,parts_too_scattered,Parts exist but do not form a stable shell relation.,Temporal drift consistency or clearer shell completion.,yes,not revised GT; not final box; not selector; not identity truth; not GT-guided runtime prediction logic
GTREF_GM_RM011_s35_67,parts_too_scattered,Parts exist but do not form a stable shell relation.,Temporal drift consistency or clearer shell completion.,yes,not revised GT; not final box; not selector; not identity truth; not GT-guided runtime prediction logic
GTREF_GM_RM011_s35_67,gt_too_small_for_structure,GT may only cover a local high-energy part.,Check whether vehicle-scale body extends outside GT.,yes,not revised GT; not final box; not selector; not identity truth; not GT-guided runtime prediction logic
GTREF_GM_RM011_s36_68,parts_too_scattered,Parts exist but do not form a stable shell relation.,Temporal drift consistency or clearer shell completion.,yes,not revised GT; not final box; not selector; not identity truth; not GT-guided runtime prediction logic
GTREF_GM_RM011_s36_68,gt_too_small_for_structure,GT may only cover a local high-energy part.,Check whether vehicle-scale body extends outside GT.,yes,not revised GT; not final box; not selector; not identity truth; not GT-guided runtime prediction logic
GTREF_GM_RM011_s36_68,range_spread_without_core,Range spread alone can be environment or motion artifact.,A body core plus edge/endpoints.,yes,not revised GT; not final box; not selector; not identity truth; not GT-guided runtime prediction logic
GTREF_GM_RM011_s58_70,parts_too_scattered,Parts exist but do not form a stable shell relation.,Temporal drift consistency or clearer shell completion.,yes,not revised GT; not final box; not selector; not identity truth; not GT-guided runtime prediction logic
GTREF_GM_RM011_s58_70,background_line_not_vehicle_shell,Background clutter can mimic a ridge or line.,Moving vehicle-like drift rather than background-stable response.,yes,not revised GT; not final box; not selector; not identity truth; not GT-guided runtime prediction logic
GTREF_GM_RM011_s58_70,gt_too_loose_for_structure,GT may include background or neighboring structures.,Manual GT quality review before strong morphology conclusion.,yes,not revised GT; not final box; not selector; not identity truth; not GT-guided runtime prediction logic
GTREF_GM_RM011_s58_70,range_spread_without_core,Range spread alone can be environment or motion artifact.,A body core plus edge/endpoints.,yes,not revised GT; not final box; not selector; not identity truth; not GT-guided runtime prediction logic
GTREF_GM_RM011_s73_71,single_part_no_shell,A single part cannot close a vehicle-scale shell.,Additional endpoint/edge/far-side relation at GT scale.,yes,not revised GT; not final box; not selector; not identity truth; not GT-guided runtime prediction logic
GTREF_GM_RM011_s73_71,near_field_spread_unresolved,Weak boundary or spread is not enough to assert a shell.,Persistent ridge/hotspot drift or clearer part relation.,yes,not revised GT; not final box; not selector; not identity truth; not GT-guided runtime prediction logic
GTREF_GM_RM011_s256_75,parts_too_scattered,Parts exist but do not form a stable shell relation.,Temporal drift consistency or clearer shell completion.,yes,not revised GT; not final box; not selector; not identity truth; not GT-guided runtime prediction logic
GTREF_GM_RM011_s256_75,range_spread_without_core,Range spread alone can be environment or motion artifact.,A body core plus edge/endpoints.,yes,not revised GT; not final box; not selector; not identity truth; not GT-guided runtime prediction logic
GTREF_GM_RM011_s256_76,parts_too_scattered,Parts exist but do not form a stable shell relation.,Temporal drift consistency or clearer shell completion.,yes,not revised GT; not final box; not selector; not identity truth; not GT-guided runtime prediction logic
GTREF_GM_RM011_s256_76,range_spread_without_core,Range spread alone can be environment or motion artifact.,A body core plus edge/endpoints.,yes,not revised GT; not final box; not selector; not identity truth; not GT-guided runtime prediction logic
GTREF_GM_RM011_s260_79,single_part_no_shell,A single part cannot close a vehicle-scale shell.,Additional endpoint/edge/far-side relation at GT scale.,yes,not revised GT; not final box; not selector; not identity truth; not GT-guided runtime prediction logic
GTREF_GM_RM011_s260_79,near_field_spread_unresolved,Weak boundary or spread is not enough to assert a shell.,Persistent ridge/hotspot drift or clearer part relation.,yes,not revised GT; not final box; not selector; not identity truth; not GT-guided runtime prediction logic
GTREF_GM_RM011_s281_83,single_part_no_shell,A single part cannot close a vehicle-scale shell.,Additional endpoint/edge/far-side relation at GT scale.,yes,not revised GT; not final box; not selector; not identity truth; not GT-guided runtime prediction logic
GTREF_GM_RM011_s315_84,single_part_no_shell,A single part cannot close a vehicle-scale shell.,Additional endpoint/edge/far-side relation at GT scale.,yes,not revised GT; not final box; not selector; not identity truth; not GT-guided runtime prediction logic
GTREF_GM_RM011_s315_85,single_part_no_shell,A single part cannot close a vehicle-scale shell.,Additional endpoint/edge/far-side relation at GT scale.,yes,not revised GT; not final box; not selector; not identity truth; not GT-guided runtime prediction logic
GTREF_GM_RM011_s315_85,near_field_spread_unresolved,Weak boundary or spread is not enough to assert a shell.,Persistent ridge/hotspot drift or clearer part relation.,yes,not revised GT; not final box; not selector; not identity truth; not GT-guided runtime prediction logic
GTREF_GM_RM011_s335_86,background_line_not_vehicle_shell,Background clutter can mimic a ridge or line.,Moving vehicle-like drift rather than background-stable response.,yes,not revised GT; not final box; not selector; not identity truth; not GT-guided runtime prediction logic
GTREF_GM_RM011_s335_86,gt_too_loose_for_structure,GT may include background or neighboring structures.,Manual GT quality review before strong morphology conclusion.,yes,not revised GT; not final box; not selector; not identity truth; not GT-guided runtime prediction logic
GTREF_GM_RM011_s335_87,single_part_no_shell,A single part cannot close a vehicle-scale shell.,Additional endpoint/edge/far-side relation at GT scale.,yes,not revised GT; not final box; not selector; not identity truth; not GT-guided runtime prediction logic
GTREF_GM_RM011_s442_88,single_part_no_shell,A single part cannot close a vehicle-scale shell.,Additional endpoint/edge/far-side relation at GT scale.,yes,not revised GT; not final box; not selector; not identity truth; not GT-guided runtime prediction logic
GTREF_GM_RM011_s469_90,parts_too_scattered,Parts exist but do not form a stable shell relation.,Temporal drift consistency or clearer shell completion.,yes,not revised GT; not final box; not selector; not identity truth; not GT-guided runtime prediction logic
GTREF_GM_RM011_s469_90,range_spread_without_core,Range spread alone can be environment or motion artifact.,A body core plus edge/endpoints.,yes,not revised GT; not final box; not selector; not identity truth; not GT-guided runtime prediction logic
GTREF_GM_RM011_s506_92,single_part_no_shell,A single part cannot close a vehicle-scale shell.,Additional endpoint/edge/far-side relation at GT scale.,yes,not revised GT; not final box; not selector; not identity truth; not GT-guided runtime prediction logic
GTREF_GM_RM011_s510_94,single_part_no_shell,A single part cannot close a vehicle-scale shell.,Additional endpoint/edge/far-side relation at GT scale.,yes,not revised GT; not final box; not selector; not identity truth; not GT-guided runtime prediction logic
GTREF_PAIRED_GM_RM017_s302_95,parts_too_scattered,Parts exist but do not form a stable shell relation.,Temporal drift consistency or clearer shell completion.,yes,not revised GT; not final box; not selector; not identity truth; not GT-guided runtime prediction logic
GTREF_PAIRED_GM_RM017_s302_95,gt_boundary_affected,GT quality or boundary effects weaken shell interpretation.,Manual review and temporal context.,yes,not revised GT; not final box; not selector; not identity truth; not GT-guided runtime prediction logic
GTREF_PAIRED_GM_RM017_s302_95,range_spread_without_core,Range spread alone can be environment or motion artifact.,A body core plus edge/endpoints.,yes,not revised GT; not final box; not selector; not identity truth; not GT-guided runtime prediction logic
GTREF_GM_RM017_s302_96,only_atoms_no_vehicle_scale,Only local scattering atoms are available; atoms are not vehicles.,GT-scale part composition or temporal persistence.,yes,not revised GT; not final box; not selector; not identity truth; not GT-guided runtime prediction logic
GTREF_GM_RM017_s302_96,parts_too_small_baby_car,Component scale is too small relative to GT vehicle scale.,Vehicle-scale span or multiple parts matching GT dimensions.,yes,not revised GT; not final box; not selector; not identity truth; not GT-guided runtime prediction logic
GTREF_GM_RM017_s302_96,gt_boundary_affected,GT quality or boundary effects weaken shell interpretation.,Manual review and temporal context.,yes,not revised GT; not final box; not selector; not identity truth; not GT-guided runtime prediction logic
GTREF_GM_RM017_s310_97,background_line_not_vehicle_shell,Background clutter can mimic a ridge or line.,Moving vehicle-like drift rather than background-stable response.,yes,not revised GT; not final box; not selector; not identity truth; not GT-guided runtime prediction logic
GTREF_GM_RM017_s310_97,gt_too_loose_for_structure,GT may include background or neighboring structures.,Manual GT quality review before strong morphology conclusion.,yes,not revised GT; not final box; not selector; not identity truth; not GT-guided runtime prediction logic
GTREF_PAIRED_GM_RM017_s310_98,parts_too_scattered,Parts exist but do not form a stable shell relation.,Temporal drift consistency or clearer shell completion.,yes,not revised GT; not final box; not selector; not identity truth; not GT-guided runtime prediction logic
GTREF_PAIRED_GM_RM017_s310_98,gt_boundary_affected,GT quality or boundary effects weaken shell interpretation.,Manual review and temporal context.,yes,not revised GT; not final box; not selector; not identity truth; not GT-guided runtime prediction logic
GTREF_PAIRED_GM_RM017_s310_98,range_spread_without_core,Range spread alone can be environment or motion artifact.,A body core plus edge/endpoints.,yes,not revised GT; not final box; not selector; not identity truth; not GT-guided runtime prediction logic
GTREF_PAIRED_GM_RM017_s315_99,background_line_not_vehicle_shell,Background clutter can mimic a ridge or line.,Moving vehicle-like drift rather than background-stable response.,yes,not revised GT; not final box; not selector; not identity truth; not GT-guided runtime prediction logic
GTREF_PAIRED_GM_RM017_s315_99,gt_too_loose_for_structure,GT may include background or neighboring structures.,Manual GT quality review before strong morphology conclusion.,yes,not revised GT; not final box; not selector; not identity truth; not GT-guided runtime prediction logic
GTREF_PAIRED_GM_RM017_s315_100,parts_too_scattered,Parts exist but do not form a stable shell relation.,Temporal drift consistency or clearer shell completion.,yes,not revised GT; not final box; not selector; not identity truth; not GT-guided runtime prediction logic
GTREF_PAIRED_GM_RM017_s315_100,background_line_not_vehicle_shell,Background clutter can mimic a ridge or line.,Moving vehicle-like drift rather than background-stable response.,yes,not revised GT; not final box; not selector; not identity truth; not GT-guided runtime prediction logic
GTREF_PAIRED_GM_RM017_s315_100,gt_too_loose_for_structure,GT may include background or neighboring structures.,Manual GT quality review before strong morphology conclusion.,yes,not revised GT; not final box; not selector; not identity truth; not GT-guided runtime prediction logic
GTREF_PAIRED_GM_RM017_s315_100,range_spread_without_core,Range spread alone can be environment or motion artifact.,A body core plus edge/endpoints.,yes,not revised GT; not final box; not selector; not identity truth; not GT-guided runtime prediction logic
GTREF_PAIRED_GM_RM017_s317_101,parts_too_scattered,Parts exist but do not form a stable shell relation.,Temporal drift consistency or clearer shell completion.,yes,not revised GT; not final box; not selector; not identity truth; not GT-guided runtime prediction logic
GTREF_PAIRED_GM_RM017_s317_101,background_line_not_vehicle_shell,Background clutter can mimic a ridge or line.,Moving vehicle-like drift rather than background-stable response.,yes,not revised GT; not final box; not selector; not identity truth; not GT-guided runtime prediction logic
GTREF_PAIRED_GM_RM017_s317_101,gt_too_loose_for_structure,GT may include background or neighboring structures.,Manual GT quality review before strong morphology conclusion.,yes,not revised GT; not final box; not selector; not identity truth; not GT-guided runtime prediction logic
GTREF_PAIRED_GM_RM017_s317_101,range_spread_without_core,Range spread alone can be environment or motion artifact.,A body core plus edge/endpoints.,yes,not revised GT; not final box; not selector; not identity truth; not GT-guided runtime prediction logic
GTREF_PAIRED_GM_RM017_s317_102,single_part_no_shell,A single part cannot close a vehicle-scale shell.,Additional endpoint/edge/far-side relation at GT scale.,yes,not revised GT; not final box; not selector; not identity truth; not GT-guided runtime prediction logic
GTREF_PAIRED_GM_RM017_s317_102,background_line_not_vehicle_shell,Background clutter can mimic a ridge or line.,Moving vehicle-like drift rather than background-stable response.,yes,not revised GT; not final box; not selector; not identity truth; not GT-guided runtime prediction logic
GTREF_PAIRED_GM_RM017_s317_102,gt_too_loose_for_structure,GT may include background or neighboring structures.,Manual GT quality review before strong morphology conclusion.,yes,not revised GT; not final box; not selector; not identity truth; not GT-guided runtime prediction logic
GTREF_PAIRED_GM_RM017_s319_103,single_part_no_shell,A single part cannot close a vehicle-scale shell.,Additional endpoint/edge/far-side relation at GT scale.,yes,not revised GT; not final box; not selector; not identity truth; not GT-guided runtime prediction logic
GTREF_PAIRED_GM_RM017_s319_104,single_part_no_shell,A single part cannot close a vehicle-scale shell.,Additional endpoint/edge/far-side relation at GT scale.,yes,not revised GT; not final box; not selector; not identity truth; not GT-guided runtime prediction logic
GTREF_PAIRED_GM_RM017_s319_104,background_line_not_vehicle_shell,Background clutter can mimic a ridge or line.,Moving vehicle-like drift rather than background-stable response.,yes,not revised GT; not final box; not selector; not identity truth; not GT-guided runtime prediction logic
GTREF_PAIRED_GM_RM017_s319_104,gt_too_loose_for_structure,GT may include background or neighboring structures.,Manual GT quality review before strong morphology conclusion.,yes,not revised GT; not final box; not selector; not identity truth; not GT-guided runtime prediction logic
GTREF_PAIRED_GM_RM017_s321_105,parts_too_scattered,Parts exist but do not form a stable shell relation.,Temporal drift consistency or clearer shell completion.,yes,not revised GT; not final box; not selector; not identity truth; not GT-guided runtime prediction logic
GTREF_PAIRED_GM_RM017_s321_105,background_line_not_vehicle_shell,Background clutter can mimic a ridge or line.,Moving vehicle-like drift rather than background-stable response.,yes,not revised GT; not final box; not selector; not identity truth; not GT-guided runtime prediction logic
GTREF_PAIRED_GM_RM017_s321_105,gt_too_loose_for_structure,GT may include background or neighboring structures.,Manual GT quality review before strong morphology conclusion.,yes,not revised GT; not final box; not selector; not identity truth; not GT-guided runtime prediction logic
GTREF_PAIRED_GM_RM017_s321_105,range_spread_without_core,Range spread alone can be environment or motion artifact.,A body core plus edge/endpoints.,yes,not revised GT; not final box; not selector; not identity truth; not GT-guided runtime prediction logic
GTREF_PAIRED_GM_RM017_s321_106,parts_too_scattered,Parts exist but do not form a stable shell relation.,Temporal drift consistency or clearer shell completion.,yes,not revised GT; not final box; not selector; not identity truth; not GT-guided runtime prediction logic
GTREF_PAIRED_GM_RM017_s321_106,background_line_not_vehicle_shell,Background clutter can mimic a ridge or line.,Moving vehicle-like drift rather than background-stable response.,yes,not revised GT; not final box; not selector; not identity truth; not GT-guided runtime prediction logic
GTREF_PAIRED_GM_RM017_s321_106,gt_too_loose_for_structure,GT may include background or neighboring structures.,Manual GT quality review before strong morphology conclusion.,yes,not revised GT; not final box; not selector; not identity truth; not GT-guided runtime prediction logic
GTREF_PAIRED_GM_RM017_s321_106,range_spread_without_core,Range spread alone can be environment or motion artifact.,A body core plus edge/endpoints.,yes,not revised GT; not final box; not selector; not identity truth; not GT-guided runtime prediction logic
GTREF_PAIRED_GM_RM017_s323_107,parts_too_scattered,Parts exist but do not form a stable shell relation.,Temporal drift consistency or clearer shell completion.,yes,not revised GT; not final box; not selector; not identity truth; not GT-guided runtime prediction logic
GTREF_PAIRED_GM_RM017_s323_107,background_line_not_vehicle_shell,Background clutter can mimic a ridge or line.,Moving vehicle-like drift rather than background-stable response.,yes,not revised GT; not final box; not selector; not identity truth; not GT-guided runtime prediction logic
GTREF_PAIRED_GM_RM017_s323_107,gt_too_loose_for_structure,GT may include background or neighboring structures.,Manual GT quality review before strong morphology conclusion.,yes,not revised GT; not final box; not selector; not identity truth; not GT-guided runtime prediction logic
GTREF_PAIRED_GM_RM017_s323_107,range_spread_without_core,Range spread alone can be environment or motion artifact.,A body core plus edge/endpoints.,yes,not revised GT; not final box; not selector; not identity truth; not GT-guided runtime prediction logic
GTREF_PAIRED_GM_RM017_s323_108,single_part_no_shell,A single part cannot close a vehicle-scale shell.,Additional endpoint/edge/far-side relation at GT scale.,yes,not revised GT; not final box; not selector; not identity truth; not GT-guided runtime prediction logic
GTREF_PAIRED_GM_RM017_s323_108,background_line_not_vehicle_shell,Background clutter can mimic a ridge or line.,Moving vehicle-like drift rather than background-stable response.,yes,not revised GT; not final box; not selector; not identity truth; not GT-guided runtime prediction logic
GTREF_PAIRED_GM_RM017_s323_108,gt_too_loose_for_structure,GT may include background or neighboring structures.,Manual GT quality review before strong morphology conclusion.,yes,not revised GT; not final box; not selector; not identity truth; not GT-guided runtime prediction logic
GTREF_PAIRED_GM_RM017_s325_109,parts_too_scattered,Parts exist but do not form a stable shell relation.,Temporal drift consistency or clearer shell completion.,yes,not revised GT; not final box; not selector; not identity truth; not GT-guided runtime prediction logic
GTREF_PAIRED_GM_RM017_s325_109,range_spread_without_core,Range spread alone can be environment or motion artifact.,A body core plus edge/endpoints.,yes,not revised GT; not final box; not selector; not identity truth; not GT-guided runtime prediction logic
GTREF_PAIRED_GM_RM017_s325_110,single_part_no_shell,A single part cannot close a vehicle-scale shell.,Additional endpoint/edge/far-side relation at GT scale.,yes,not revised GT; not final box; not selector; not identity truth; not GT-guided runtime prediction logic
GTREF_PAIRED_GM_RM017_s325_110,background_line_not_vehicle_shell,Background clutter can mimic a ridge or line.,Moving vehicle-like drift rather than background-stable response.,yes,not revised GT; not final box; not selector; not identity truth; not GT-guided runtime prediction logic
GTREF_PAIRED_GM_RM017_s325_110,gt_too_loose_for_structure,GT may include background or neighboring structures.,Manual GT quality review before strong morphology conclusion.,yes,not revised GT; not final box; not selector; not identity truth; not GT-guided runtime prediction logic
GTREF_PAIRED_GM_RM017_s327_111,single_part_no_shell,A single part cannot close a vehicle-scale shell.,Additional endpoint/edge/far-side relation at GT scale.,yes,not revised GT; not final box; not selector; not identity truth; not GT-guided runtime prediction logic
GTREF_PAIRED_GM_RM017_s327_112,single_part_no_shell,A single part cannot close a vehicle-scale shell.,Additional endpoint/edge/far-side relation at GT scale.,yes,not revised GT; not final box; not selector; not identity truth; not GT-guided runtime prediction logic
GTREF_PAIRED_GM_RM017_s327_112,background_line_not_vehicle_shell,Background clutter can mimic a ridge or line.,Moving vehicle-like drift rather than background-stable response.,yes,not revised GT; not final box; not selector; not identity truth; not GT-guided runtime prediction logic
GTREF_PAIRED_GM_RM017_s327_112,gt_too_loose_for_structure,GT may include background or neighboring structures.,Manual GT quality review before strong morphology conclusion.,yes,not revised GT; not final box; not selector; not identity truth; not GT-guided runtime prediction logic
GTREF_PAIRED_GM_RM017_s329_113,parts_too_scattered,Parts exist but do not form a stable shell relation.,Temporal drift consistency or clearer shell completion.,yes,not revised GT; not final box; not selector; not identity truth; not GT-guided runtime prediction logic
GTREF_PAIRED_GM_RM017_s329_113,range_spread_without_core,Range spread alone can be environment or motion artifact.,A body core plus edge/endpoints.,yes,not revised GT; not final box; not selector; not identity truth; not GT-guided runtime prediction logic
GTREF_PAIRED_GM_RM017_s329_114,single_part_no_shell,A single part cannot close a vehicle-scale shell.,Additional endpoint/edge/far-side relation at GT scale.,yes,not revised GT; not final box; not selector; not identity truth; not GT-guided runtime prediction logic
GTREF_PAIRED_GM_RM017_s329_114,background_line_not_vehicle_shell,Background clutter can mimic a ridge or line.,Moving vehicle-like drift rather than background-stable response.,yes,not revised GT; not final box; not selector; not identity truth; not GT-guided runtime prediction logic
GTREF_PAIRED_GM_RM017_s329_114,gt_too_loose_for_structure,GT may include background or neighboring structures.,Manual GT quality review before strong morphology conclusion.,yes,not revised GT; not final box; not selector; not identity truth; not GT-guided runtime prediction logic
GTREF_PAIRED_GM_RM017_s330_116,single_part_no_shell,A single part cannot close a vehicle-scale shell.,Additional endpoint/edge/far-side relation at GT scale.,yes,not revised GT; not final box; not selector; not identity truth; not GT-guided runtime prediction logic
GTREF_PAIRED_GM_RM017_s330_116,gt_boundary_affected,GT quality or boundary effects weaken shell interpretation.,Manual review and temporal context.,yes,not revised GT; not final box; not selector; not identity truth; not GT-guided runtime prediction logic
GTREF_PAIRED_GM_RM017_s331_117,gt_boundary_affected,GT quality or boundary effects weaken shell interpretation.,Manual review and temporal context.,yes,not revised GT; not final box; not selector; not identity truth; not GT-guided runtime prediction logic
GTREF_PAIRED_GM_RM017_s331_118,gt_boundary_affected,GT quality or boundary effects weaken shell interpretation.,Manual review and temporal context.,yes,not revised GT; not final box; not selector; not identity truth; not GT-guided runtime prediction logic
GTREF_PAIRED_GM_RM017_s332_119,gt_boundary_affected,GT quality or boundary effects weaken shell interpretation.,Manual review and temporal context.,yes,not revised GT; not final box; not selector; not identity truth; not GT-guided runtime prediction logic
GTREF_PAIRED_GM_RM017_s332_120,gt_boundary_affected,GT quality or boundary effects weaken shell interpretation.,Manual review and temporal context.,yes,not revised GT; not final box; not selector; not identity truth; not GT-guided runtime prediction logic
GTREF_PAIRED_GM_RM017_s333_121,gt_boundary_affected,GT quality or boundary effects weaken shell interpretation.,Manual review and temporal context.,yes,not revised GT; not final box; not selector; not identity truth; not GT-guided runtime prediction logic
GTREF_PAIRED_GM_RM017_s333_122,gt_boundary_affected,GT quality or boundary effects weaken shell interpretation.,Manual review and temporal context.,yes,not revised GT; not final box; not selector; not identity truth; not GT-guided runtime prediction logic
GTREF_PAIRED_GM_RM017_s334_123,gt_boundary_affected,GT quality or boundary effects weaken shell interpretation.,Manual review and temporal context.,yes,not revised GT; not final box; not selector; not identity truth; not GT-guided runtime prediction logic
GTREF_PAIRED_GM_RM017_s335_126,background_line_not_vehicle_shell,Background clutter can mimic a ridge or line.,Moving vehicle-like drift rather than background-stable response.,yes,not revised GT; not final box; not selector; not identity truth; not GT-guided runtime prediction logic
GTREF_PAIRED_GM_RM017_s335_126,gt_too_loose_for_structure,GT may include background or neighboring structures.,Manual GT quality review before strong morphology conclusion.,yes,not revised GT; not final box; not selector; not identity truth; not GT-guided runtime prediction logic
GTREF_PAIRED_GM_RM017_s335_127,single_part_no_shell,A single part cannot close a vehicle-scale shell.,Additional endpoint/edge/far-side relation at GT scale.,yes,not revised GT; not final box; not selector; not identity truth; not GT-guided runtime prediction logic
GTREF_PAIRED_GM_RM017_s335_127,gt_boundary_affected,GT quality or boundary effects weaken shell interpretation.,Manual review and temporal context.,yes,not revised GT; not final box; not selector; not identity truth; not GT-guided runtime prediction logic
GTREF_PAIRED_GM_RM017_s336_128,single_part_no_shell,A single part cannot close a vehicle-scale shell.,Additional endpoint/edge/far-side relation at GT scale.,yes,not revised GT; not final box; not selector; not identity truth; not GT-guided runtime prediction logic
GTREF_PAIRED_GM_RM017_s336_129,single_part_no_shell,A single part cannot close a vehicle-scale shell.,Additional endpoint/edge/far-side relation at GT scale.,yes,not revised GT; not final box; not selector; not identity truth; not GT-guided runtime prediction logic
GTREF_PAIRED_GM_RM017_s336_129,background_line_not_vehicle_shell,Background clutter can mimic a ridge or line.,Moving vehicle-like drift rather than background-stable response.,yes,not revised GT; not final box; not selector; not identity truth; not GT-guided runtime prediction logic
GTREF_PAIRED_GM_RM017_s336_129,gt_too_loose_for_structure,GT may include background or neighboring structures.,Manual GT quality review before strong morphology conclusion.,yes,not revised GT; not final box; not selector; not identity truth; not GT-guided runtime prediction logic
GTREF_PAIRED_GM_RM017_s336_130,single_part_no_shell,A single part cannot close a vehicle-scale shell.,Additional endpoint/edge/far-side relation at GT scale.,yes,not revised GT; not final box; not selector; not identity truth; not GT-guided runtime prediction logic
GTREF_PAIRED_GM_RM017_s336_130,gt_boundary_affected,GT quality or boundary effects weaken shell interpretation.,Manual review and temporal context.,yes,not revised GT; not final box; not selector; not identity truth; not GT-guided runtime prediction logic
GTREF_PAIRED_GM_RM017_s337_334,background_line_not_vehicle_shell,Background clutter can mimic a ridge or line.,Moving vehicle-like drift rather than background-stable response.,yes,not revised GT; not final box; not selector; not identity truth; not GT-guided runtime prediction logic
GTREF_PAIRED_GM_RM017_s337_334,gt_too_loose_for_structure,GT may include background or neighboring structures.,Manual GT quality review before strong morphology conclusion.,yes,not revised GT; not final box; not selector; not identity truth; not GT-guided runtime prediction logic
GTREF_PAIRED_GM_RM017_s337_335,single_part_no_shell,A single part cannot close a vehicle-scale shell.,Additional endpoint/edge/far-side relation at GT scale.,yes,not revised GT; not final box; not selector; not identity truth; not GT-guided runtime prediction logic
GTREF_PAIRED_GM_RM017_s337_135,single_part_no_shell,A single part cannot close a vehicle-scale shell.,Additional endpoint/edge/far-side relation at GT scale.,yes,not revised GT; not final box; not selector; not identity truth; not GT-guided runtime prediction logic
GTREF_PAIRED_GM_RM017_s337_135,background_line_not_vehicle_shell,Background clutter can mimic a ridge or line.,Moving vehicle-like drift rather than background-stable response.,yes,not revised GT; not final box; not selector; not identity truth; not GT-guided runtime prediction logic
GTREF_PAIRED_GM_RM017_s337_135,gt_too_loose_for_structure,GT may include background or neighboring structures.,Manual GT quality review before strong morphology conclusion.,yes,not revised GT; not final box; not selector; not identity truth; not GT-guided runtime prediction logic
GTREF_PAIRED_GM_RM017_s338_131,single_part_no_shell,A single part cannot close a vehicle-scale shell.,Additional endpoint/edge/far-side relation at GT scale.,yes,not revised GT; not final box; not selector; not identity truth; not GT-guided runtime prediction logic
GTREF_PAIRED_GM_RM017_s338_132,single_part_no_shell,A single part cannot close a vehicle-scale shell.,Additional endpoint/edge/far-side relation at GT scale.,yes,not revised GT; not final box; not selector; not identity truth; not GT-guided runtime prediction logic
GTREF_PAIRED_GM_RM017_s338_132,gt_too_small_for_structure,GT may only cover a local high-energy part.,Check whether vehicle-scale body extends outside GT.,yes,not revised GT; not final box; not selector; not identity truth; not GT-guided runtime prediction logic
GTREF_PAIRED_GM_RM017_s338_133,single_part_no_shell,A single part cannot close a vehicle-scale shell.,Additional endpoint/edge/far-side relation at GT scale.,yes,not revised GT; not final box; not selector; not identity truth; not GT-guided runtime prediction logic
GTREF_PAIRED_GM_RM017_s338_133,background_line_not_vehicle_shell,Background clutter can mimic a ridge or line.,Moving vehicle-like drift rather than background-stable response.,yes,not revised GT; not final box; not selector; not identity truth; not GT-guided runtime prediction logic
GTREF_PAIRED_GM_RM017_s338_133,gt_too_loose_for_structure,GT may include background or neighboring structures.,Manual GT quality review before strong morphology conclusion.,yes,not revised GT; not final box; not selector; not identity truth; not GT-guided runtime prediction logic
GTREF_PAIRED_GM_RM017_s339_134,single_part_no_shell,A single part cannot close a vehicle-scale shell.,Additional endpoint/edge/far-side relation at GT scale.,yes,not revised GT; not final box; not selector; not identity truth; not GT-guided runtime prediction logic
GTREF_PAIRED_GM_RM017_s339_136,single_part_no_shell,A single part cannot close a vehicle-scale shell.,Additional endpoint/edge/far-side relation at GT scale.,yes,not revised GT; not final box; not selector; not identity truth; not GT-guided runtime prediction logic
GTREF_PAIRED_GM_RM017_s339_137,single_part_no_shell,A single part cannot close a vehicle-scale shell.,Additional endpoint/edge/far-side relation at GT scale.,yes,not revised GT; not final box; not selector; not identity truth; not GT-guided runtime prediction logic
GTREF_PAIRED_GM_RM017_s339_137,background_line_not_vehicle_shell,Background clutter can mimic a ridge or line.,Moving vehicle-like drift rather than background-stable response.,yes,not revised GT; not final box; not selector; not identity truth; not GT-guided runtime prediction logic
GTREF_PAIRED_GM_RM017_s339_137,gt_too_loose_for_structure,GT may include background or neighboring structures.,Manual GT quality review before strong morphology conclusion.,yes,not revised GT; not final box; not selector; not identity truth; not GT-guided runtime prediction logic
GTREF_PAIRED_GM_RM017_s340_138,parts_too_scattered,Parts exist but do not form a stable shell relation.,Temporal drift consistency or clearer shell completion.,yes,not revised GT; not final box; not selector; not identity truth; not GT-guided runtime prediction logic
GTREF_PAIRED_GM_RM017_s340_138,background_line_not_vehicle_shell,Background clutter can mimic a ridge or line.,Moving vehicle-like drift rather than background-stable response.,yes,not revised GT; not final box; not selector; not identity truth; not GT-guided runtime prediction logic
GTREF_PAIRED_GM_RM017_s340_138,gt_too_loose_for_structure,GT may include background or neighboring structures.,Manual GT quality review before strong morphology conclusion.,yes,not revised GT; not final box; not selector; not identity truth; not GT-guided runtime prediction logic
GTREF_PAIRED_GM_RM017_s340_138,range_spread_without_core,Range spread alone can be environment or motion artifact.,A body core plus edge/endpoints.,yes,not revised GT; not final box; not selector; not identity truth; not GT-guided runtime prediction logic
GTREF_PAIRED_GM_RM017_s340_139,single_part_no_shell,A single part cannot close a vehicle-scale shell.,Additional endpoint/edge/far-side relation at GT scale.,yes,not revised GT; not final box; not selector; not identity truth; not GT-guided runtime prediction logic
GTREF_PAIRED_GM_RM017_s340_140,only_atoms_no_vehicle_scale,Only local scattering atoms are available; atoms are not vehicles.,GT-scale part composition or temporal persistence.,yes,not revised GT; not final box; not selector; not identity truth; not GT-guided runtime prediction logic
GTREF_PAIRED_GM_RM017_s340_140,parts_too_small_baby_car,Component scale is too small relative to GT vehicle scale.,Vehicle-scale span or multiple parts matching GT dimensions.,yes,not revised GT; not final box; not selector; not identity truth; not GT-guided runtime prediction logic
GTREF_PAIRED_GM_RM017_s340_140,background_line_not_vehicle_shell,Background clutter can mimic a ridge or line.,Moving vehicle-like drift rather than background-stable response.,yes,not revised GT; not final box; not selector; not identity truth; not GT-guided runtime prediction logic
GTREF_PAIRED_GM_RM017_s340_140,gt_too_loose_for_structure,GT may include background or neighboring structures.,Manual GT quality review before strong morphology conclusion.,yes,not revised GT; not final box; not selector; not identity truth; not GT-guided runtime prediction logic
GTREF_PAIRED_GM_RM017_s341_142,background_line_not_vehicle_shell,Background clutter can mimic a ridge or line.,Moving vehicle-like drift rather than background-stable response.,yes,not revised GT; not final box; not selector; not identity truth; not GT-guided runtime prediction logic
GTREF_PAIRED_GM_RM017_s341_142,gt_too_loose_for_structure,GT may include background or neighboring structures.,Manual GT quality review before strong morphology conclusion.,yes,not revised GT; not final box; not selector; not identity truth; not GT-guided runtime prediction logic
GTREF_PAIRED_GM_RM017_s341_143,single_part_no_shell,A single part cannot close a vehicle-scale shell.,Additional endpoint/edge/far-side relation at GT scale.,yes,not revised GT; not final box; not selector; not identity truth; not GT-guided runtime prediction logic
GTREF_PAIRED_GM_RM017_s341_143,background_line_not_vehicle_shell,Background clutter can mimic a ridge or line.,Moving vehicle-like drift rather than background-stable response.,yes,not revised GT; not final box; not selector; not identity truth; not GT-guided runtime prediction logic
GTREF_PAIRED_GM_RM017_s341_143,gt_too_loose_for_structure,GT may include background or neighboring structures.,Manual GT quality review before strong morphology conclusion.,yes,not revised GT; not final box; not selector; not identity truth; not GT-guided runtime prediction logic
GTREF_PAIRED_GM_RM017_s342_144,single_part_no_shell,A single part cannot close a vehicle-scale shell.,Additional endpoint/edge/far-side relation at GT scale.,yes,not revised GT; not final box; not selector; not identity truth; not GT-guided runtime prediction logic
GTREF_PAIRED_GM_RM017_s342_146,single_part_no_shell,A single part cannot close a vehicle-scale shell.,Additional endpoint/edge/far-side relation at GT scale.,yes,not revised GT; not final box; not selector; not identity truth; not GT-guided runtime prediction logic
GTREF_PAIRED_GM_RM017_s343_147,single_part_no_shell,A single part cannot close a vehicle-scale shell.,Additional endpoint/edge/far-side relation at GT scale.,yes,not revised GT; not final box; not selector; not identity truth; not GT-guided runtime prediction logic
GTREF_PAIRED_GM_RM017_s343_148,single_part_no_shell,A single part cannot close a vehicle-scale shell.,Additional endpoint/edge/far-side relation at GT scale.,yes,not revised GT; not final box; not selector; not identity truth; not GT-guided runtime prediction logic
GTREF_PAIRED_GM_RM017_s343_149,single_part_no_shell,A single part cannot close a vehicle-scale shell.,Additional endpoint/edge/far-side relation at GT scale.,yes,not revised GT; not final box; not selector; not identity truth; not GT-guided runtime prediction logic
GTREF_PAIRED_GM_RM017_s344_151,single_part_no_shell,A single part cannot close a vehicle-scale shell.,Additional endpoint/edge/far-side relation at GT scale.,yes,not revised GT; not final box; not selector; not identity truth; not GT-guided runtime prediction logic
GTREF_PAIRED_GM_RM017_s344_152,single_part_no_shell,A single part cannot close a vehicle-scale shell.,Additional endpoint/edge/far-side relation at GT scale.,yes,not revised GT; not final box; not selector; not identity truth; not GT-guided runtime prediction logic
GTREF_PAIRED_GM_RM017_s345_153,single_part_no_shell,A single part cannot close a vehicle-scale shell.,Additional endpoint/edge/far-side relation at GT scale.,yes,not revised GT; not final box; not selector; not identity truth; not GT-guided runtime prediction logic
GTREF_PAIRED_GM_RM017_s345_154,single_part_no_shell,A single part cannot close a vehicle-scale shell.,Additional endpoint/edge/far-side relation at GT scale.,yes,not revised GT; not final box; not selector; not identity truth; not GT-guided runtime prediction logic
GTREF_PAIRED_GM_RM017_s345_155,single_part_no_shell,A single part cannot close a vehicle-scale shell.,Additional endpoint/edge/far-side relation at GT scale.,yes,not revised GT; not final box; not selector; not identity truth; not GT-guided runtime prediction logic
GTREF_PAIRED_GM_RM017_s345_155,background_line_not_vehicle_shell,Background clutter can mimic a ridge or line.,Moving vehicle-like drift rather than background-stable response.,yes,not revised GT; not final box; not selector; not identity truth; not GT-guided runtime prediction logic
GTREF_PAIRED_GM_RM017_s345_155,gt_too_loose_for_structure,GT may include background or neighboring structures.,Manual GT quality review before strong morphology conclusion.,yes,not revised GT; not final box; not selector; not identity truth; not GT-guided runtime prediction logic
GTREF_PAIRED_GM_RM017_s346_156,single_part_no_shell,A single part cannot close a vehicle-scale shell.,Additional endpoint/edge/far-side relation at GT scale.,yes,not revised GT; not final box; not selector; not identity truth; not GT-guided runtime prediction logic
GTREF_PAIRED_GM_RM017_s346_158,single_part_no_shell,A single part cannot close a vehicle-scale shell.,Additional endpoint/edge/far-side relation at GT scale.,yes,not revised GT; not final box; not selector; not identity truth; not GT-guided runtime prediction logic
GTREF_PAIRED_GM_RM017_s346_158,background_line_not_vehicle_shell,Background clutter can mimic a ridge or line.,Moving vehicle-like drift rather than background-stable response.,yes,not revised GT; not final box; not selector; not identity truth; not GT-guided runtime prediction logic
GTREF_PAIRED_GM_RM017_s346_158,gt_too_loose_for_structure,GT may include background or neighboring structures.,Manual GT quality review before strong morphology conclusion.,yes,not revised GT; not final box; not selector; not identity truth; not GT-guided runtime prediction logic
GTREF_PAIRED_GM_RM017_s347_159,single_part_no_shell,A single part cannot close a vehicle-scale shell.,Additional endpoint/edge/far-side relation at GT scale.,yes,not revised GT; not final box; not selector; not identity truth; not GT-guided runtime prediction logic
GTREF_PAIRED_GM_RM017_s347_161,single_part_no_shell,A single part cannot close a vehicle-scale shell.,Additional endpoint/edge/far-side relation at GT scale.,yes,not revised GT; not final box; not selector; not identity truth; not GT-guided runtime prediction logic
GTREF_PAIRED_GM_RM017_s347_161,background_line_not_vehicle_shell,Background clutter can mimic a ridge or line.,Moving vehicle-like drift rather than background-stable response.,yes,not revised GT; not final box; not selector; not identity truth; not GT-guided runtime prediction logic
GTREF_PAIRED_GM_RM017_s347_161,gt_too_loose_for_structure,GT may include background or neighboring structures.,Manual GT quality review before strong morphology conclusion.,yes,not revised GT; not final box; not selector; not identity truth; not GT-guided runtime prediction logic
GTREF_PAIRED_GM_RM017_s348_164,background_line_not_vehicle_shell,Background clutter can mimic a ridge or line.,Moving vehicle-like drift rather than background-stable response.,yes,not revised GT; not final box; not selector; not identity truth; not GT-guided runtime prediction logic
GTREF_PAIRED_GM_RM017_s348_164,gt_too_loose_for_structure,GT may include background or neighboring structures.,Manual GT quality review before strong morphology conclusion.,yes,not revised GT; not final box; not selector; not identity truth; not GT-guided runtime prediction logic
GTREF_PAIRED_GM_RM017_s349_166,background_line_not_vehicle_shell,Background clutter can mimic a ridge or line.,Moving vehicle-like drift rather than background-stable response.,yes,not revised GT; not final box; not selector; not identity truth; not GT-guided runtime prediction logic
GTREF_PAIRED_GM_RM017_s349_166,gt_too_loose_for_structure,GT may include background or neighboring structures.,Manual GT quality review before strong morphology conclusion.,yes,not revised GT; not final box; not selector; not identity truth; not GT-guided runtime prediction logic
GTREF_PAIRED_GM_RM017_s349_167,single_part_no_shell,A single part cannot close a vehicle-scale shell.,Additional endpoint/edge/far-side relation at GT scale.,yes,not revised GT; not final box; not selector; not identity truth; not GT-guided runtime prediction logic
GTREF_PAIRED_GM_RM017_s350_169,single_part_no_shell,A single part cannot close a vehicle-scale shell.,Additional endpoint/edge/far-side relation at GT scale.,yes,not revised GT; not final box; not selector; not identity truth; not GT-guided runtime prediction logic
GTREF_PAIRED_GM_RM017_s350_169,background_line_not_vehicle_shell,Background clutter can mimic a ridge or line.,Moving vehicle-like drift rather than background-stable response.,yes,not revised GT; not final box; not selector; not identity truth; not GT-guided runtime prediction logic
GTREF_PAIRED_GM_RM017_s350_169,gt_too_loose_for_structure,GT may include background or neighboring structures.,Manual GT quality review before strong morphology conclusion.,yes,not revised GT; not final box; not selector; not identity truth; not GT-guided runtime prediction logic
GTREF_PAIRED_GM_RM017_s350_170,single_part_no_shell,A single part cannot close a vehicle-scale shell.,Additional endpoint/edge/far-side relation at GT scale.,yes,not revised GT; not final box; not selector; not identity truth; not GT-guided runtime prediction logic
GTREF_PAIRED_GM_RM017_s351_173,single_part_no_shell,A single part cannot close a vehicle-scale shell.,Additional endpoint/edge/far-side relation at GT scale.,yes,not revised GT; not final box; not selector; not identity truth; not GT-guided runtime prediction logic
GTREF_PAIRED_GM_RM017_s352_175,only_atoms_no_vehicle_scale,Only local scattering atoms are available; atoms are not vehicles.,GT-scale part composition or temporal persistence.,yes,not revised GT; not final box; not selector; not identity truth; not GT-guided runtime prediction logic
GTREF_PAIRED_GM_RM017_s352_175,parts_too_small_baby_car,Component scale is too small relative to GT vehicle scale.,Vehicle-scale span or multiple parts matching GT dimensions.,yes,not revised GT; not final box; not selector; not identity truth; not GT-guided runtime prediction logic
GTREF_PAIRED_GM_RM017_s352_176,parts_too_scattered,Parts exist but do not form a stable shell relation.,Temporal drift consistency or clearer shell completion.,yes,not revised GT; not final box; not selector; not identity truth; not GT-guided runtime prediction logic
GTREF_PAIRED_GM_RM017_s352_176,range_spread_without_core,Range spread alone can be environment or motion artifact.,A body core plus edge/endpoints.,yes,not revised GT; not final box; not selector; not identity truth; not GT-guided runtime prediction logic
GTREF_PAIRED_GM_RM017_s353_177,parts_too_scattered,Parts exist but do not form a stable shell relation.,Temporal drift consistency or clearer shell completion.,yes,not revised GT; not final box; not selector; not identity truth; not GT-guided runtime prediction logic
GTREF_PAIRED_GM_RM017_s353_177,range_spread_without_core,Range spread alone can be environment or motion artifact.,A body core plus edge/endpoints.,yes,not revised GT; not final box; not selector; not identity truth; not GT-guided runtime prediction logic
GTREF_PAIRED_GM_RM017_s353_178,parts_too_scattered,Parts exist but do not form a stable shell relation.,Temporal drift consistency or clearer shell completion.,yes,not revised GT; not final box; not selector; not identity truth; not GT-guided runtime prediction logic
GTREF_PAIRED_GM_RM017_s353_178,range_spread_without_core,Range spread alone can be environment or motion artifact.,A body core plus edge/endpoints.,yes,not revised GT; not final box; not selector; not identity truth; not GT-guided runtime prediction logic
GTREF_PAIRED_GM_RM017_s353_179,single_part_no_shell,A single part cannot close a vehicle-scale shell.,Additional endpoint/edge/far-side relation at GT scale.,yes,not revised GT; not final box; not selector; not identity truth; not GT-guided runtime prediction logic
GTREF_PAIRED_GM_RM017_s355_184,single_part_no_shell,A single part cannot close a vehicle-scale shell.,Additional endpoint/edge/far-side relation at GT scale.,yes,not revised GT; not final box; not selector; not identity truth; not GT-guided runtime prediction logic
GTREF_PAIRED_GM_RM017_s356_187,parts_too_scattered,Parts exist but do not form a stable shell relation.,Temporal drift consistency or clearer shell completion.,yes,not revised GT; not final box; not selector; not identity truth; not GT-guided runtime prediction logic
GTREF_PAIRED_GM_RM017_s356_188,single_part_no_shell,A single part cannot close a vehicle-scale shell.,Additional endpoint/edge/far-side relation at GT scale.,yes,not revised GT; not final box; not selector; not identity truth; not GT-guided runtime prediction logic
GTREF_PAIRED_GM_RM017_s357_189,background_line_not_vehicle_shell,Background clutter can mimic a ridge or line.,Moving vehicle-like drift rather than background-stable response.,yes,not revised GT; not final box; not selector; not identity truth; not GT-guided runtime prediction logic
GTREF_PAIRED_GM_RM017_s357_189,gt_too_loose_for_structure,GT may include background or neighboring structures.,Manual GT quality review before strong morphology conclusion.,yes,not revised GT; not final box; not selector; not identity truth; not GT-guided runtime prediction logic
GTREF_PAIRED_GM_RM017_s358_192,background_line_not_vehicle_shell,Background clutter can mimic a ridge or line.,Moving vehicle-like drift rather than background-stable response.,yes,not revised GT; not final box; not selector; not identity truth; not GT-guided runtime prediction logic
GTREF_PAIRED_GM_RM017_s358_192,gt_too_loose_for_structure,GT may include background or neighboring structures.,Manual GT quality review before strong morphology conclusion.,yes,not revised GT; not final box; not selector; not identity truth; not GT-guided runtime prediction logic
GTREF_PAIRED_GM_RM017_s358_193,parts_too_scattered,Parts exist but do not form a stable shell relation.,Temporal drift consistency or clearer shell completion.,yes,not revised GT; not final box; not selector; not identity truth; not GT-guided runtime prediction logic
GTREF_PAIRED_GM_RM017_s358_193,range_spread_without_core,Range spread alone can be environment or motion artifact.,A body core plus edge/endpoints.,yes,not revised GT; not final box; not selector; not identity truth; not GT-guided runtime prediction logic
GTREF_PAIRED_GM_RM017_s359_195,parts_too_scattered,Parts exist but do not form a stable shell relation.,Temporal drift consistency or clearer shell completion.,yes,not revised GT; not final box; not selector; not identity truth; not GT-guided runtime prediction logic
GTREF_PAIRED_GM_RM017_s359_195,background_line_not_vehicle_shell,Background clutter can mimic a ridge or line.,Moving vehicle-like drift rather than background-stable response.,yes,not revised GT; not final box; not selector; not identity truth; not GT-guided runtime prediction logic
GTREF_PAIRED_GM_RM017_s359_195,gt_too_loose_for_structure,GT may include background or neighboring structures.,Manual GT quality review before strong morphology conclusion.,yes,not revised GT; not final box; not selector; not identity truth; not GT-guided runtime prediction logic
GTREF_PAIRED_GM_RM017_s359_195,range_spread_without_core,Range spread alone can be environment or motion artifact.,A body core plus edge/endpoints.,yes,not revised GT; not final box; not selector; not identity truth; not GT-guided runtime prediction logic
GTREF_PAIRED_GM_RM017_s359_196,parts_too_scattered,Parts exist but do not form a stable shell relation.,Temporal drift consistency or clearer shell completion.,yes,not revised GT; not final box; not selector; not identity truth; not GT-guided runtime prediction logic
GTREF_PAIRED_GM_RM017_s359_196,range_spread_without_core,Range spread alone can be environment or motion artifact.,A body core plus edge/endpoints.,yes,not revised GT; not final box; not selector; not identity truth; not GT-guided runtime prediction logic
GTREF_PAIRED_GM_RM017_s359_197,single_part_no_shell,A single part cannot close a vehicle-scale shell.,Additional endpoint/edge/far-side relation at GT scale.,yes,not revised GT; not final box; not selector; not identity truth; not GT-guided runtime prediction logic
GTREF_PAIRED_GM_RM017_s360_198,single_part_no_shell,A single part cannot close a vehicle-scale shell.,Additional endpoint/edge/far-side relation at GT scale.,yes,not revised GT; not final box; not selector; not identity truth; not GT-guided runtime prediction logic
GTREF_PAIRED_GM_RM017_s360_198,background_line_not_vehicle_shell,Background clutter can mimic a ridge or line.,Moving vehicle-like drift rather than background-stable response.,yes,not revised GT; not final box; not selector; not identity truth; not GT-guided runtime prediction logic
GTREF_PAIRED_GM_RM017_s360_198,gt_too_loose_for_structure,GT may include background or neighboring structures.,Manual GT quality review before strong morphology conclusion.,yes,not revised GT; not final box; not selector; not identity truth; not GT-guided runtime prediction logic
GTREF_PAIRED_GM_RM017_s361_201,background_line_not_vehicle_shell,Background clutter can mimic a ridge or line.,Moving vehicle-like drift rather than background-stable response.,yes,not revised GT; not final box; not selector; not identity truth; not GT-guided runtime prediction logic
GTREF_PAIRED_GM_RM017_s361_201,gt_too_loose_for_structure,GT may include background or neighboring structures.,Manual GT quality review before strong morphology conclusion.,yes,not revised GT; not final box; not selector; not identity truth; not GT-guided runtime prediction logic
GTREF_PAIRED_GM_RM017_s361_203,single_part_no_shell,A single part cannot close a vehicle-scale shell.,Additional endpoint/edge/far-side relation at GT scale.,yes,not revised GT; not final box; not selector; not identity truth; not GT-guided runtime prediction logic
GTREF_PAIRED_GM_RM017_s362_206,single_part_no_shell,A single part cannot close a vehicle-scale shell.,Additional endpoint/edge/far-side relation at GT scale.,yes,not revised GT; not final box; not selector; not identity truth; not GT-guided runtime prediction logic
GTREF_PAIRED_GM_RM017_s363_208,parts_too_scattered,Parts exist but do not form a stable shell relation.,Temporal drift consistency or clearer shell completion.,yes,not revised GT; not final box; not selector; not identity truth; not GT-guided runtime prediction logic
GTREF_PAIRED_GM_RM017_s363_208,range_spread_without_core,Range spread alone can be environment or motion artifact.,A body core plus edge/endpoints.,yes,not revised GT; not final box; not selector; not identity truth; not GT-guided runtime prediction logic
GTREF_PAIRED_GM_RM017_s363_209,single_part_no_shell,A single part cannot close a vehicle-scale shell.,Additional endpoint/edge/far-side relation at GT scale.,yes,not revised GT; not final box; not selector; not identity truth; not GT-guided runtime prediction logic
GTREF_PAIRED_GM_RM017_s364_211,parts_too_scattered,Parts exist but do not form a stable shell relation.,Temporal drift consistency or clearer shell completion.,yes,not revised GT; not final box; not selector; not identity truth; not GT-guided runtime prediction logic
GTREF_PAIRED_GM_RM017_s364_211,background_line_not_vehicle_shell,Background clutter can mimic a ridge or line.,Moving vehicle-like drift rather than background-stable response.,yes,not revised GT; not final box; not selector; not identity truth; not GT-guided runtime prediction logic
GTREF_PAIRED_GM_RM017_s364_211,gt_too_loose_for_structure,GT may include background or neighboring structures.,Manual GT quality review before strong morphology conclusion.,yes,not revised GT; not final box; not selector; not identity truth; not GT-guided runtime prediction logic
GTREF_PAIRED_GM_RM017_s364_211,range_spread_without_core,Range spread alone can be environment or motion artifact.,A body core plus edge/endpoints.,yes,not revised GT; not final box; not selector; not identity truth; not GT-guided runtime prediction logic
GTREF_PAIRED_GM_RM017_s364_212,single_part_no_shell,A single part cannot close a vehicle-scale shell.,Additional endpoint/edge/far-side relation at GT scale.,yes,not revised GT; not final box; not selector; not identity truth; not GT-guided runtime prediction logic
GTREF_PAIRED_GM_RM017_s365_214,parts_too_scattered,Parts exist but do not form a stable shell relation.,Temporal drift consistency or clearer shell completion.,yes,not revised GT; not final box; not selector; not identity truth; not GT-guided runtime prediction logic
GTREF_PAIRED_GM_RM017_s365_214,background_line_not_vehicle_shell,Background clutter can mimic a ridge or line.,Moving vehicle-like drift rather than background-stable response.,yes,not revised GT; not final box; not selector; not identity truth; not GT-guided runtime prediction logic
GTREF_PAIRED_GM_RM017_s365_214,gt_too_loose_for_structure,GT may include background or neighboring structures.,Manual GT quality review before strong morphology conclusion.,yes,not revised GT; not final box; not selector; not identity truth; not GT-guided runtime prediction logic
GTREF_PAIRED_GM_RM017_s365_214,range_spread_without_core,Range spread alone can be environment or motion artifact.,A body core plus edge/endpoints.,yes,not revised GT; not final box; not selector; not identity truth; not GT-guided runtime prediction logic
GTREF_PAIRED_GM_RM017_s365_215,single_part_no_shell,A single part cannot close a vehicle-scale shell.,Additional endpoint/edge/far-side relation at GT scale.,yes,not revised GT; not final box; not selector; not identity truth; not GT-guided runtime prediction logic
GTREF_PAIRED_GM_RM017_s366_216,parts_too_scattered,Parts exist but do not form a stable shell relation.,Temporal drift consistency or clearer shell completion.,yes,not revised GT; not final box; not selector; not identity truth; not GT-guided runtime prediction logic
GTREF_PAIRED_GM_RM017_s366_216,background_line_not_vehicle_shell,Background clutter can mimic a ridge or line.,Moving vehicle-like drift rather than background-stable response.,yes,not revised GT; not final box; not selector; not identity truth; not GT-guided runtime prediction logic
GTREF_PAIRED_GM_RM017_s366_216,gt_too_loose_for_structure,GT may include background or neighboring structures.,Manual GT quality review before strong morphology conclusion.,yes,not revised GT; not final box; not selector; not identity truth; not GT-guided runtime prediction logic
GTREF_PAIRED_GM_RM017_s366_216,range_spread_without_core,Range spread alone can be environment or motion artifact.,A body core plus edge/endpoints.,yes,not revised GT; not final box; not selector; not identity truth; not GT-guided runtime prediction logic
GTREF_PAIRED_GM_RM017_s366_217,single_part_no_shell,A single part cannot close a vehicle-scale shell.,Additional endpoint/edge/far-side relation at GT scale.,yes,not revised GT; not final box; not selector; not identity truth; not GT-guided runtime prediction logic
GTREF_PAIRED_GM_RM017_s366_217,background_line_not_vehicle_shell,Background clutter can mimic a ridge or line.,Moving vehicle-like drift rather than background-stable response.,yes,not revised GT; not final box; not selector; not identity truth; not GT-guided runtime prediction logic
GTREF_PAIRED_GM_RM017_s366_217,gt_too_loose_for_structure,GT may include background or neighboring structures.,Manual GT quality review before strong morphology conclusion.,yes,not revised GT; not final box; not selector; not identity truth; not GT-guided runtime prediction logic
GTREF_PAIRED_GM_RM017_s366_218,background_line_not_vehicle_shell,Background clutter can mimic a ridge or line.,Moving vehicle-like drift rather than background-stable response.,yes,not revised GT; not final box; not selector; not identity truth; not GT-guided runtime prediction logic
GTREF_PAIRED_GM_RM017_s366_218,gt_too_loose_for_structure,GT may include background or neighboring structures.,Manual GT quality review before strong morphology conclusion.,yes,not revised GT; not final box; not selector; not identity truth; not GT-guided runtime prediction logic
GTREF_PAIRED_GM_RM017_s367_219,parts_too_scattered,Parts exist but do not form a stable shell relation.,Temporal drift consistency or clearer shell completion.,yes,not revised GT; not final box; not selector; not identity truth; not GT-guided runtime prediction logic
GTREF_PAIRED_GM_RM017_s367_219,background_line_not_vehicle_shell,Background clutter can mimic a ridge or line.,Moving vehicle-like drift rather than background-stable response.,yes,not revised GT; not final box; not selector; not identity truth; not GT-guided runtime prediction logic
GTREF_PAIRED_GM_RM017_s367_219,gt_too_loose_for_structure,GT may include background or neighboring structures.,Manual GT quality review before strong morphology conclusion.,yes,not revised GT; not final box; not selector; not identity truth; not GT-guided runtime prediction logic
GTREF_PAIRED_GM_RM017_s367_219,range_spread_without_core,Range spread alone can be environment or motion artifact.,A body core plus edge/endpoints.,yes,not revised GT; not final box; not selector; not identity truth; not GT-guided runtime prediction logic
GTREF_PAIRED_GM_RM017_s367_220,single_part_no_shell,A single part cannot close a vehicle-scale shell.,Additional endpoint/edge/far-side relation at GT scale.,yes,not revised GT; not final box; not selector; not identity truth; not GT-guided runtime prediction logic
GTREF_PAIRED_GM_RM017_s367_221,background_line_not_vehicle_shell,Background clutter can mimic a ridge or line.,Moving vehicle-like drift rather than background-stable response.,yes,not revised GT; not final box; not selector; not identity truth; not GT-guided runtime prediction logic
GTREF_PAIRED_GM_RM017_s367_221,gt_too_loose_for_structure,GT may include background or neighboring structures.,Manual GT quality review before strong morphology conclusion.,yes,not revised GT; not final box; not selector; not identity truth; not GT-guided runtime prediction logic
GTREF_PAIRED_GM_RM017_s368_222,parts_too_scattered,Parts exist but do not form a stable shell relation.,Temporal drift consistency or clearer shell completion.,yes,not revised GT; not final box; not selector; not identity truth; not GT-guided runtime prediction logic
GTREF_PAIRED_GM_RM017_s368_222,background_line_not_vehicle_shell,Background clutter can mimic a ridge or line.,Moving vehicle-like drift rather than background-stable response.,yes,not revised GT; not final box; not selector; not identity truth; not GT-guided runtime prediction logic
GTREF_PAIRED_GM_RM017_s368_222,gt_too_loose_for_structure,GT may include background or neighboring structures.,Manual GT quality review before strong morphology conclusion.,yes,not revised GT; not final box; not selector; not identity truth; not GT-guided runtime prediction logic
GTREF_PAIRED_GM_RM017_s368_222,range_spread_without_core,Range spread alone can be environment or motion artifact.,A body core plus edge/endpoints.,yes,not revised GT; not final box; not selector; not identity truth; not GT-guided runtime prediction logic
GTREF_PAIRED_GM_RM017_s368_224,single_part_no_shell,A single part cannot close a vehicle-scale shell.,Additional endpoint/edge/far-side relation at GT scale.,yes,not revised GT; not final box; not selector; not identity truth; not GT-guided runtime prediction logic
GTREF_PAIRED_GM_RM017_s369_225,parts_too_scattered,Parts exist but do not form a stable shell relation.,Temporal drift consistency or clearer shell completion.,yes,not revised GT; not final box; not selector; not identity truth; not GT-guided runtime prediction logic
GTREF_PAIRED_GM_RM017_s369_225,background_line_not_vehicle_shell,Background clutter can mimic a ridge or line.,Moving vehicle-like drift rather than background-stable response.,yes,not revised GT; not final box; not selector; not identity truth; not GT-guided runtime prediction logic
GTREF_PAIRED_GM_RM017_s369_225,gt_too_loose_for_structure,GT may include background or neighboring structures.,Manual GT quality review before strong morphology conclusion.,yes,not revised GT; not final box; not selector; not identity truth; not GT-guided runtime prediction logic
GTREF_PAIRED_GM_RM017_s369_225,range_spread_without_core,Range spread alone can be environment or motion artifact.,A body core plus edge/endpoints.,yes,not revised GT; not final box; not selector; not identity truth; not GT-guided runtime prediction logic
GTREF_PAIRED_GM_RM017_s369_226,parts_too_scattered,Parts exist but do not form a stable shell relation.,Temporal drift consistency or clearer shell completion.,yes,not revised GT; not final box; not selector; not identity truth; not GT-guided runtime prediction logic
GTREF_PAIRED_GM_RM017_s369_226,range_spread_without_core,Range spread alone can be environment or motion artifact.,A body core plus edge/endpoints.,yes,not revised GT; not final box; not selector; not identity truth; not GT-guided runtime prediction logic
GTREF_PAIRED_GM_RM017_s369_227,single_part_no_shell,A single part cannot close a vehicle-scale shell.,Additional endpoint/edge/far-side relation at GT scale.,yes,not revised GT; not final box; not selector; not identity truth; not GT-guided runtime prediction logic
GTREF_PAIRED_GM_RM017_s370_228,parts_too_scattered,Parts exist but do not form a stable shell relation.,Temporal drift consistency or clearer shell completion.,yes,not revised GT; not final box; not selector; not identity truth; not GT-guided runtime prediction logic
GTREF_PAIRED_GM_RM017_s370_228,background_line_not_vehicle_shell,Background clutter can mimic a ridge or line.,Moving vehicle-like drift rather than background-stable response.,yes,not revised GT; not final box; not selector; not identity truth; not GT-guided runtime prediction logic
GTREF_PAIRED_GM_RM017_s370_228,gt_too_loose_for_structure,GT may include background or neighboring structures.,Manual GT quality review before strong morphology conclusion.,yes,not revised GT; not final box; not selector; not identity truth; not GT-guided runtime prediction logic
GTREF_PAIRED_GM_RM017_s370_228,range_spread_without_core,Range spread alone can be environment or motion artifact.,A body core plus edge/endpoints.,yes,not revised GT; not final box; not selector; not identity truth; not GT-guided runtime prediction logic
GTREF_PAIRED_GM_RM017_s370_229,single_part_no_shell,A single part cannot close a vehicle-scale shell.,Additional endpoint/edge/far-side relation at GT scale.,yes,not revised GT; not final box; not selector; not identity truth; not GT-guided runtime prediction logic
GTREF_PAIRED_GM_RM017_s370_230,single_part_no_shell,A single part cannot close a vehicle-scale shell.,Additional endpoint/edge/far-side relation at GT scale.,yes,not revised GT; not final box; not selector; not identity truth; not GT-guided runtime prediction logic
GTREF_PAIRED_GM_RM017_s371_231,parts_too_scattered,Parts exist but do not form a stable shell relation.,Temporal drift consistency or clearer shell completion.,yes,not revised GT; not final box; not selector; not identity truth; not GT-guided runtime prediction logic
GTREF_PAIRED_GM_RM017_s371_231,background_line_not_vehicle_shell,Background clutter can mimic a ridge or line.,Moving vehicle-like drift rather than background-stable response.,yes,not revised GT; not final box; not selector; not identity truth; not GT-guided runtime prediction logic
GTREF_PAIRED_GM_RM017_s371_231,gt_too_loose_for_structure,GT may include background or neighboring structures.,Manual GT quality review before strong morphology conclusion.,yes,not revised GT; not final box; not selector; not identity truth; not GT-guided runtime prediction logic
GTREF_PAIRED_GM_RM017_s371_231,range_spread_without_core,Range spread alone can be environment or motion artifact.,A body core plus edge/endpoints.,yes,not revised GT; not final box; not selector; not identity truth; not GT-guided runtime prediction logic
GTREF_PAIRED_GM_RM017_s371_232,single_part_no_shell,A single part cannot close a vehicle-scale shell.,Additional endpoint/edge/far-side relation at GT scale.,yes,not revised GT; not final box; not selector; not identity truth; not GT-guided runtime prediction logic
GTREF_PAIRED_GM_RM017_s372_234,single_part_no_shell,A single part cannot close a vehicle-scale shell.,Additional endpoint/edge/far-side relation at GT scale.,yes,not revised GT; not final box; not selector; not identity truth; not GT-guided runtime prediction logic
GTREF_PAIRED_GM_RM017_s372_235,parts_too_scattered,Parts exist but do not form a stable shell relation.,Temporal drift consistency or clearer shell completion.,yes,not revised GT; not final box; not selector; not identity truth; not GT-guided runtime prediction logic
GTREF_PAIRED_GM_RM017_s372_235,background_line_not_vehicle_shell,Background clutter can mimic a ridge or line.,Moving vehicle-like drift rather than background-stable response.,yes,not revised GT; not final box; not selector; not identity truth; not GT-guided runtime prediction logic
GTREF_PAIRED_GM_RM017_s372_235,gt_too_loose_for_structure,GT may include background or neighboring structures.,Manual GT quality review before strong morphology conclusion.,yes,not revised GT; not final box; not selector; not identity truth; not GT-guided runtime prediction logic
GTREF_PAIRED_GM_RM017_s372_235,range_spread_without_core,Range spread alone can be environment or motion artifact.,A body core plus edge/endpoints.,yes,not revised GT; not final box; not selector; not identity truth; not GT-guided runtime prediction logic
GTREF_PAIRED_GM_RM017_s372_236,gt_boundary_affected,GT quality or boundary effects weaken shell interpretation.,Manual review and temporal context.,yes,not revised GT; not final box; not selector; not identity truth; not GT-guided runtime prediction logic
GTREF_PAIRED_GM_RM017_s373_238,parts_too_scattered,Parts exist but do not form a stable shell relation.,Temporal drift consistency or clearer shell completion.,yes,not revised GT; not final box; not selector; not identity truth; not GT-guided runtime prediction logic
GTREF_PAIRED_GM_RM017_s373_238,background_line_not_vehicle_shell,Background clutter can mimic a ridge or line.,Moving vehicle-like drift rather than background-stable response.,yes,not revised GT; not final box; not selector; not identity truth; not GT-guided runtime prediction logic
GTREF_PAIRED_GM_RM017_s373_238,gt_too_loose_for_structure,GT may include background or neighboring structures.,Manual GT quality review before strong morphology conclusion.,yes,not revised GT; not final box; not selector; not identity truth; not GT-guided runtime prediction logic
GTREF_PAIRED_GM_RM017_s373_238,range_spread_without_core,Range spread alone can be environment or motion artifact.,A body core plus edge/endpoints.,yes,not revised GT; not final box; not selector; not identity truth; not GT-guided runtime prediction logic
GTREF_PAIRED_GM_RM017_s374_240,single_part_no_shell,A single part cannot close a vehicle-scale shell.,Additional endpoint/edge/far-side relation at GT scale.,yes,not revised GT; not final box; not selector; not identity truth; not GT-guided runtime prediction logic
GTREF_PAIRED_GM_RM017_s374_242,parts_too_scattered,Parts exist but do not form a stable shell relation.,Temporal drift consistency or clearer shell completion.,yes,not revised GT; not final box; not selector; not identity truth; not GT-guided runtime prediction logic
GTREF_PAIRED_GM_RM017_s374_242,background_line_not_vehicle_shell,Background clutter can mimic a ridge or line.,Moving vehicle-like drift rather than background-stable response.,yes,not revised GT; not final box; not selector; not identity truth; not GT-guided runtime prediction logic
GTREF_PAIRED_GM_RM017_s374_242,gt_too_loose_for_structure,GT may include background or neighboring structures.,Manual GT quality review before strong morphology conclusion.,yes,not revised GT; not final box; not selector; not identity truth; not GT-guided runtime prediction logic
GTREF_PAIRED_GM_RM017_s374_242,range_spread_without_core,Range spread alone can be environment or motion artifact.,A body core plus edge/endpoints.,yes,not revised GT; not final box; not selector; not identity truth; not GT-guided runtime prediction logic
GTREF_PAIRED_GM_RM017_s375_243,single_part_no_shell,A single part cannot close a vehicle-scale shell.,Additional endpoint/edge/far-side relation at GT scale.,yes,not revised GT; not final box; not selector; not identity truth; not GT-guided runtime prediction logic
GTREF_PAIRED_GM_RM017_s375_244,single_part_no_shell,A single part cannot close a vehicle-scale shell.,Additional endpoint/edge/far-side relation at GT scale.,yes,not revised GT; not final box; not selector; not identity truth; not GT-guided runtime prediction logic
GTREF_PAIRED_GM_RM017_s375_245,parts_too_scattered,Parts exist but do not form a stable shell relation.,Temporal drift consistency or clearer shell completion.,yes,not revised GT; not final box; not selector; not identity truth; not GT-guided runtime prediction logic
GTREF_PAIRED_GM_RM017_s375_245,background_line_not_vehicle_shell,Background clutter can mimic a ridge or line.,Moving vehicle-like drift rather than background-stable response.,yes,not revised GT; not final box; not selector; not identity truth; not GT-guided runtime prediction logic
GTREF_PAIRED_GM_RM017_s375_245,gt_too_loose_for_structure,GT may include background or neighboring structures.,Manual GT quality review before strong morphology conclusion.,yes,not revised GT; not final box; not selector; not identity truth; not GT-guided runtime prediction logic
GTREF_PAIRED_GM_RM017_s375_245,range_spread_without_core,Range spread alone can be environment or motion artifact.,A body core plus edge/endpoints.,yes,not revised GT; not final box; not selector; not identity truth; not GT-guided runtime prediction logic
GTREF_PAIRED_GM_RM017_s376_246,single_part_no_shell,A single part cannot close a vehicle-scale shell.,Additional endpoint/edge/far-side relation at GT scale.,yes,not revised GT; not final box; not selector; not identity truth; not GT-guided runtime prediction logic
GTREF_PAIRED_GM_RM017_s376_247,single_part_no_shell,A single part cannot close a vehicle-scale shell.,Additional endpoint/edge/far-side relation at GT scale.,yes,not revised GT; not final box; not selector; not identity truth; not GT-guided runtime prediction logic
GTREF_PAIRED_GM_RM017_s376_248,parts_too_scattered,Parts exist but do not form a stable shell relation.,Temporal drift consistency or clearer shell completion.,yes,not revised GT; not final box; not selector; not identity truth; not GT-guided runtime prediction logic
GTREF_PAIRED_GM_RM017_s376_248,background_line_not_vehicle_shell,Background clutter can mimic a ridge or line.,Moving vehicle-like drift rather than background-stable response.,yes,not revised GT; not final box; not selector; not identity truth; not GT-guided runtime prediction logic
GTREF_PAIRED_GM_RM017_s376_248,gt_too_loose_for_structure,GT may include background or neighboring structures.,Manual GT quality review before strong morphology conclusion.,yes,not revised GT; not final box; not selector; not identity truth; not GT-guided runtime prediction logic
GTREF_PAIRED_GM_RM017_s376_248,range_spread_without_core,Range spread alone can be environment or motion artifact.,A body core plus edge/endpoints.,yes,not revised GT; not final box; not selector; not identity truth; not GT-guided runtime prediction logic
GTREF_PAIRED_GM_RM017_s377_249,gt_boundary_affected,GT quality or boundary effects weaken shell interpretation.,Manual review and temporal context.,yes,not revised GT; not final box; not selector; not identity truth; not GT-guided runtime prediction logic
GTREF_PAIRED_GM_RM017_s377_250,single_part_no_shell,A single part cannot close a vehicle-scale shell.,Additional endpoint/edge/far-side relation at GT scale.,yes,not revised GT; not final box; not selector; not identity truth; not GT-guided runtime prediction logic
GTREF_PAIRED_GM_RM017_s377_251,parts_too_scattered,Parts exist but do not form a stable shell relation.,Temporal drift consistency or clearer shell completion.,yes,not revised GT; not final box; not selector; not identity truth; not GT-guided runtime prediction logic
GTREF_PAIRED_GM_RM017_s377_251,gt_boundary_affected,GT quality or boundary effects weaken shell interpretation.,Manual review and temporal context.,yes,not revised GT; not final box; not selector; not identity truth; not GT-guided runtime prediction logic
GTREF_PAIRED_GM_RM017_s377_251,range_spread_without_core,Range spread alone can be environment or motion artifact.,A body core plus edge/endpoints.,yes,not revised GT; not final box; not selector; not identity truth; not GT-guided runtime prediction logic
GTREF_PAIRED_GM_RM017_s378_252,single_part_no_shell,A single part cannot close a vehicle-scale shell.,Additional endpoint/edge/far-side relation at GT scale.,yes,not revised GT; not final box; not selector; not identity truth; not GT-guided runtime prediction logic
GTREF_PAIRED_GM_RM017_s378_254,parts_too_scattered,Parts exist but do not form a stable shell relation.,Temporal drift consistency or clearer shell completion.,yes,not revised GT; not final box; not selector; not identity truth; not GT-guided runtime prediction logic
GTREF_PAIRED_GM_RM017_s378_254,range_spread_without_core,Range spread alone can be environment or motion artifact.,A body core plus edge/endpoints.,yes,not revised GT; not final box; not selector; not identity truth; not GT-guided runtime prediction logic
GTREF_PAIRED_GM_RM017_s379_255,single_part_no_shell,A single part cannot close a vehicle-scale shell.,Additional endpoint/edge/far-side relation at GT scale.,yes,not revised GT; not final box; not selector; not identity truth; not GT-guided runtime prediction logic
GTREF_PAIRED_GM_RM017_s379_255,background_line_not_vehicle_shell,Background clutter can mimic a ridge or line.,Moving vehicle-like drift rather than background-stable response.,yes,not revised GT; not final box; not selector; not identity truth; not GT-guided runtime prediction logic
GTREF_PAIRED_GM_RM017_s379_255,gt_too_loose_for_structure,GT may include background or neighboring structures.,Manual GT quality review before strong morphology conclusion.,yes,not revised GT; not final box; not selector; not identity truth; not GT-guided runtime prediction logic
GTREF_PAIRED_GM_RM017_s379_256,single_part_no_shell,A single part cannot close a vehicle-scale shell.,Additional endpoint/edge/far-side relation at GT scale.,yes,not revised GT; not final box; not selector; not identity truth; not GT-guided runtime prediction logic
GTREF_PAIRED_GM_RM017_s379_257,parts_too_scattered,Parts exist but do not form a stable shell relation.,Temporal drift consistency or clearer shell completion.,yes,not revised GT; not final box; not selector; not identity truth; not GT-guided runtime prediction logic
GTREF_PAIRED_GM_RM017_s379_257,background_line_not_vehicle_shell,Background clutter can mimic a ridge or line.,Moving vehicle-like drift rather than background-stable response.,yes,not revised GT; not final box; not selector; not identity truth; not GT-guided runtime prediction logic
GTREF_PAIRED_GM_RM017_s379_257,gt_too_loose_for_structure,GT may include background or neighboring structures.,Manual GT quality review before strong morphology conclusion.,yes,not revised GT; not final box; not selector; not identity truth; not GT-guided runtime prediction logic
GTREF_PAIRED_GM_RM017_s379_257,range_spread_without_core,Range spread alone can be environment or motion artifact.,A body core plus edge/endpoints.,yes,not revised GT; not final box; not selector; not identity truth; not GT-guided runtime prediction logic
GTREF_PAIRED_GM_RM017_s380_258,single_part_no_shell,A single part cannot close a vehicle-scale shell.,Additional endpoint/edge/far-side relation at GT scale.,yes,not revised GT; not final box; not selector; not identity truth; not GT-guided runtime prediction logic
GTREF_PAIRED_GM_RM017_s380_259,single_part_no_shell,A single part cannot close a vehicle-scale shell.,Additional endpoint/edge/far-side relation at GT scale.,yes,not revised GT; not final box; not selector; not identity truth; not GT-guided runtime prediction logic
GTREF_PAIRED_GM_RM017_s380_260,background_line_not_vehicle_shell,Background clutter can mimic a ridge or line.,Moving vehicle-like drift rather than background-stable response.,yes,not revised GT; not final box; not selector; not identity truth; not GT-guided runtime prediction logic
GTREF_PAIRED_GM_RM017_s380_260,gt_too_loose_for_structure,GT may include background or neighboring structures.,Manual GT quality review before strong morphology conclusion.,yes,not revised GT; not final box; not selector; not identity truth; not GT-guided runtime prediction logic
GTREF_PAIRED_GM_RM017_s381_261,single_part_no_shell,A single part cannot close a vehicle-scale shell.,Additional endpoint/edge/far-side relation at GT scale.,yes,not revised GT; not final box; not selector; not identity truth; not GT-guided runtime prediction logic
GTREF_PAIRED_GM_RM017_s381_262,single_part_no_shell,A single part cannot close a vehicle-scale shell.,Additional endpoint/edge/far-side relation at GT scale.,yes,not revised GT; not final box; not selector; not identity truth; not GT-guided runtime prediction logic
GTREF_GM_RM017_s381_263,parts_too_scattered,Parts exist but do not form a stable shell relation.,Temporal drift consistency or clearer shell completion.,yes,not revised GT; not final box; not selector; not identity truth; not GT-guided runtime prediction logic
GTREF_GM_RM017_s381_263,background_line_not_vehicle_shell,Background clutter can mimic a ridge or line.,Moving vehicle-like drift rather than background-stable response.,yes,not revised GT; not final box; not selector; not identity truth; not GT-guided runtime prediction logic
GTREF_GM_RM017_s381_263,gt_too_loose_for_structure,GT may include background or neighboring structures.,Manual GT quality review before strong morphology conclusion.,yes,not revised GT; not final box; not selector; not identity truth; not GT-guided runtime prediction logic
GTREF_GM_RM017_s381_263,range_spread_without_core,Range spread alone can be environment or motion artifact.,A body core plus edge/endpoints.,yes,not revised GT; not final box; not selector; not identity truth; not GT-guided runtime prediction logic
GTREF_GM_RM017_s382_266,parts_too_scattered,Parts exist but do not form a stable shell relation.,Temporal drift consistency or clearer shell completion.,yes,not revised GT; not final box; not selector; not identity truth; not GT-guided runtime prediction logic
GTREF_GM_RM017_s382_266,background_line_not_vehicle_shell,Background clutter can mimic a ridge or line.,Moving vehicle-like drift rather than background-stable response.,yes,not revised GT; not final box; not selector; not identity truth; not GT-guided runtime prediction logic
GTREF_GM_RM017_s382_266,gt_too_loose_for_structure,GT may include background or neighboring structures.,Manual GT quality review before strong morphology conclusion.,yes,not revised GT; not final box; not selector; not identity truth; not GT-guided runtime prediction logic
GTREF_GM_RM017_s382_266,range_spread_without_core,Range spread alone can be environment or motion artifact.,A body core plus edge/endpoints.,yes,not revised GT; not final box; not selector; not identity truth; not GT-guided runtime prediction logic
GTREF_PAIRED_GM_RM017_s383_267,single_part_no_shell,A single part cannot close a vehicle-scale shell.,Additional endpoint/edge/far-side relation at GT scale.,yes,not revised GT; not final box; not selector; not identity truth; not GT-guided runtime prediction logic
GTREF_PAIRED_GM_RM017_s383_268,single_part_no_shell,A single part cannot close a vehicle-scale shell.,Additional endpoint/edge/far-side relation at GT scale.,yes,not revised GT; not final box; not selector; not identity truth; not GT-guided runtime prediction logic
GTREF_PAIRED_GM_RM017_s383_269,parts_too_scattered,Parts exist but do not form a stable shell relation.,Temporal drift consistency or clearer shell completion.,yes,not revised GT; not final box; not selector; not identity truth; not GT-guided runtime prediction logic
GTREF_PAIRED_GM_RM017_s383_269,background_line_not_vehicle_shell,Background clutter can mimic a ridge or line.,Moving vehicle-like drift rather than background-stable response.,yes,not revised GT; not final box; not selector; not identity truth; not GT-guided runtime prediction logic
GTREF_PAIRED_GM_RM017_s383_269,gt_too_loose_for_structure,GT may include background or neighboring structures.,Manual GT quality review before strong morphology conclusion.,yes,not revised GT; not final box; not selector; not identity truth; not GT-guided runtime prediction logic
GTREF_PAIRED_GM_RM017_s383_269,range_spread_without_core,Range spread alone can be environment or motion artifact.,A body core plus edge/endpoints.,yes,not revised GT; not final box; not selector; not identity truth; not GT-guided runtime prediction logic
GTREF_PAIRED_GM_RM017_s384_270,single_part_no_shell,A single part cannot close a vehicle-scale shell.,Additional endpoint/edge/far-side relation at GT scale.,yes,not revised GT; not final box; not selector; not identity truth; not GT-guided runtime prediction logic
GTREF_PAIRED_GM_RM017_s384_271,single_part_no_shell,A single part cannot close a vehicle-scale shell.,Additional endpoint/edge/far-side relation at GT scale.,yes,not revised GT; not final box; not selector; not identity truth; not GT-guided runtime prediction logic
GTREF_PAIRED_GM_RM017_s384_272,parts_too_scattered,Parts exist but do not form a stable shell relation.,Temporal drift consistency or clearer shell completion.,yes,not revised GT; not final box; not selector; not identity truth; not GT-guided runtime prediction logic
GTREF_PAIRED_GM_RM017_s384_272,background_line_not_vehicle_shell,Background clutter can mimic a ridge or line.,Moving vehicle-like drift rather than background-stable response.,yes,not revised GT; not final box; not selector; not identity truth; not GT-guided runtime prediction logic
GTREF_PAIRED_GM_RM017_s384_272,gt_too_loose_for_structure,GT may include background or neighboring structures.,Manual GT quality review before strong morphology conclusion.,yes,not revised GT; not final box; not selector; not identity truth; not GT-guided runtime prediction logic
GTREF_PAIRED_GM_RM017_s384_272,range_spread_without_core,Range spread alone can be environment or motion artifact.,A body core plus edge/endpoints.,yes,not revised GT; not final box; not selector; not identity truth; not GT-guided runtime prediction logic
GTREF_PAIRED_GM_RM017_s385_273,single_part_no_shell,A single part cannot close a vehicle-scale shell.,Additional endpoint/edge/far-side relation at GT scale.,yes,not revised GT; not final box; not selector; not identity truth; not GT-guided runtime prediction logic
GTREF_PAIRED_GM_RM017_s385_274,single_part_no_shell,A single part cannot close a vehicle-scale shell.,Additional endpoint/edge/far-side relation at GT scale.,yes,not revised GT; not final box; not selector; not identity truth; not GT-guided runtime prediction logic
GTREF_GM_RM017_s385_275,single_part_no_shell,A single part cannot close a vehicle-scale shell.,Additional endpoint/edge/far-side relation at GT scale.,yes,not revised GT; not final box; not selector; not identity truth; not GT-guided runtime prediction logic
GTREF_GM_RM017_s385_275,background_line_not_vehicle_shell,Background clutter can mimic a ridge or line.,Moving vehicle-like drift rather than background-stable response.,yes,not revised GT; not final box; not selector; not identity truth; not GT-guided runtime prediction logic
GTREF_GM_RM017_s385_275,gt_too_loose_for_structure,GT may include background or neighboring structures.,Manual GT quality review before strong morphology conclusion.,yes,not revised GT; not final box; not selector; not identity truth; not GT-guided runtime prediction logic
GTREF_PAIRED_GM_RM017_s386_277,single_part_no_shell,A single part cannot close a vehicle-scale shell.,Additional endpoint/edge/far-side relation at GT scale.,yes,not revised GT; not final box; not selector; not identity truth; not GT-guided runtime prediction logic
GTREF_GM_RM017_s386_278,single_part_no_shell,A single part cannot close a vehicle-scale shell.,Additional endpoint/edge/far-side relation at GT scale.,yes,not revised GT; not final box; not selector; not identity truth; not GT-guided runtime prediction logic
GTREF_GM_RM017_s386_278,background_line_not_vehicle_shell,Background clutter can mimic a ridge or line.,Moving vehicle-like drift rather than background-stable response.,yes,not revised GT; not final box; not selector; not identity truth; not GT-guided runtime prediction logic
GTREF_GM_RM017_s386_278,gt_too_loose_for_structure,GT may include background or neighboring structures.,Manual GT quality review before strong morphology conclusion.,yes,not revised GT; not final box; not selector; not identity truth; not GT-guided runtime prediction logic
GTREF_PAIRED_GM_RM017_s387_279,single_part_no_shell,A single part cannot close a vehicle-scale shell.,Additional endpoint/edge/far-side relation at GT scale.,yes,not revised GT; not final box; not selector; not identity truth; not GT-guided runtime prediction logic
GTREF_GM_RM017_s387_281,single_part_no_shell,A single part cannot close a vehicle-scale shell.,Additional endpoint/edge/far-side relation at GT scale.,yes,not revised GT; not final box; not selector; not identity truth; not GT-guided runtime prediction logic
GTREF_GM_RM017_s387_281,gt_boundary_affected,GT quality or boundary effects weaken shell interpretation.,Manual review and temporal context.,yes,not revised GT; not final box; not selector; not identity truth; not GT-guided runtime prediction logic
GTREF_PAIRED_GM_RM017_s388_282,single_part_no_shell,A single part cannot close a vehicle-scale shell.,Additional endpoint/edge/far-side relation at GT scale.,yes,not revised GT; not final box; not selector; not identity truth; not GT-guided runtime prediction logic
GTREF_PAIRED_GM_RM017_s388_282,background_line_not_vehicle_shell,Background clutter can mimic a ridge or line.,Moving vehicle-like drift rather than background-stable response.,yes,not revised GT; not final box; not selector; not identity truth; not GT-guided runtime prediction logic
GTREF_PAIRED_GM_RM017_s388_282,gt_too_loose_for_structure,GT may include background or neighboring structures.,Manual GT quality review before strong morphology conclusion.,yes,not revised GT; not final box; not selector; not identity truth; not GT-guided runtime prediction logic
GTREF_GM_RM017_s388_284,single_part_no_shell,A single part cannot close a vehicle-scale shell.,Additional endpoint/edge/far-side relation at GT scale.,yes,not revised GT; not final box; not selector; not identity truth; not GT-guided runtime prediction logic
GTREF_GM_RM017_s388_284,background_line_not_vehicle_shell,Background clutter can mimic a ridge or line.,Moving vehicle-like drift rather than background-stable response.,yes,not revised GT; not final box; not selector; not identity truth; not GT-guided runtime prediction logic
GTREF_GM_RM017_s388_284,gt_too_loose_for_structure,GT may include background or neighboring structures.,Manual GT quality review before strong morphology conclusion.,yes,not revised GT; not final box; not selector; not identity truth; not GT-guided runtime prediction logic
GTREF_PAIRED_GM_RM017_s389_285,single_part_no_shell,A single part cannot close a vehicle-scale shell.,Additional endpoint/edge/far-side relation at GT scale.,yes,not revised GT; not final box; not selector; not identity truth; not GT-guided runtime prediction logic
GTREF_PAIRED_GM_RM017_s389_285,gt_boundary_affected,GT quality or boundary effects weaken shell interpretation.,Manual review and temporal context.,yes,not revised GT; not final box; not selector; not identity truth; not GT-guided runtime prediction logic
GTREF_PAIRED_GM_RM017_s389_286,single_part_no_shell,A single part cannot close a vehicle-scale shell.,Additional endpoint/edge/far-side relation at GT scale.,yes,not revised GT; not final box; not selector; not identity truth; not GT-guided runtime prediction logic
GTREF_PAIRED_GM_RM017_s389_286,gt_boundary_affected,GT quality or boundary effects weaken shell interpretation.,Manual review and temporal context.,yes,not revised GT; not final box; not selector; not identity truth; not GT-guided runtime prediction logic
GTREF_GM_RM017_s389_287,single_part_no_shell,A single part cannot close a vehicle-scale shell.,Additional endpoint/edge/far-side relation at GT scale.,yes,not revised GT; not final box; not selector; not identity truth; not GT-guided runtime prediction logic
GTREF_GM_RM017_s389_287,background_line_not_vehicle_shell,Background clutter can mimic a ridge or line.,Moving vehicle-like drift rather than background-stable response.,yes,not revised GT; not final box; not selector; not identity truth; not GT-guided runtime prediction logic
GTREF_GM_RM017_s389_287,gt_too_loose_for_structure,GT may include background or neighboring structures.,Manual GT quality review before strong morphology conclusion.,yes,not revised GT; not final box; not selector; not identity truth; not GT-guided runtime prediction logic
GTREF_PAIRED_GM_RM017_s390_288,single_part_no_shell,A single part cannot close a vehicle-scale shell.,Additional endpoint/edge/far-side relation at GT scale.,yes,not revised GT; not final box; not selector; not identity truth; not GT-guided runtime prediction logic
GTREF_PAIRED_GM_RM017_s390_289,parts_too_scattered,Parts exist but do not form a stable shell relation.,Temporal drift consistency or clearer shell completion.,yes,not revised GT; not final box; not selector; not identity truth; not GT-guided runtime prediction logic
GTREF_PAIRED_GM_RM017_s390_289,background_line_not_vehicle_shell,Background clutter can mimic a ridge or line.,Moving vehicle-like drift rather than background-stable response.,yes,not revised GT; not final box; not selector; not identity truth; not GT-guided runtime prediction logic
GTREF_PAIRED_GM_RM017_s390_289,gt_too_loose_for_structure,GT may include background or neighboring structures.,Manual GT quality review before strong morphology conclusion.,yes,not revised GT; not final box; not selector; not identity truth; not GT-guided runtime prediction logic
GTREF_PAIRED_GM_RM017_s390_289,range_spread_without_core,Range spread alone can be environment or motion artifact.,A body core plus edge/endpoints.,yes,not revised GT; not final box; not selector; not identity truth; not GT-guided runtime prediction logic
GTREF_GM_RM017_s390_290,single_part_no_shell,A single part cannot close a vehicle-scale shell.,Additional endpoint/edge/far-side relation at GT scale.,yes,not revised GT; not final box; not selector; not identity truth; not GT-guided runtime prediction logic
GTREF_GM_RM017_s390_290,gt_boundary_affected,GT quality or boundary effects weaken shell interpretation.,Manual review and temporal context.,yes,not revised GT; not final box; not selector; not identity truth; not GT-guided runtime prediction logic
GTREF_PAIRED_GM_RM017_s391_292,single_part_no_shell,A single part cannot close a vehicle-scale shell.,Additional endpoint/edge/far-side relation at GT scale.,yes,not revised GT; not final box; not selector; not identity truth; not GT-guided runtime prediction logic
GTREF_GM_RM017_s391_293,single_part_no_shell,A single part cannot close a vehicle-scale shell.,Additional endpoint/edge/far-side relation at GT scale.,yes,not revised GT; not final box; not selector; not identity truth; not GT-guided runtime prediction logic
GTREF_GM_RM017_s391_293,background_line_not_vehicle_shell,Background clutter can mimic a ridge or line.,Moving vehicle-like drift rather than background-stable response.,yes,not revised GT; not final box; not selector; not identity truth; not GT-guided runtime prediction logic
GTREF_GM_RM017_s391_293,gt_too_loose_for_structure,GT may include background or neighboring structures.,Manual GT quality review before strong morphology conclusion.,yes,not revised GT; not final box; not selector; not identity truth; not GT-guided runtime prediction logic
GTREF_PAIRED_GM_RM017_s392_294,single_part_no_shell,A single part cannot close a vehicle-scale shell.,Additional endpoint/edge/far-side relation at GT scale.,yes,not revised GT; not final box; not selector; not identity truth; not GT-guided runtime prediction logic
GTREF_PAIRED_GM_RM017_s392_295,single_part_no_shell,A single part cannot close a vehicle-scale shell.,Additional endpoint/edge/far-side relation at GT scale.,yes,not revised GT; not final box; not selector; not identity truth; not GT-guided runtime prediction logic
GTREF_PAIRED_GM_RM017_s392_295,background_line_not_vehicle_shell,Background clutter can mimic a ridge or line.,Moving vehicle-like drift rather than background-stable response.,yes,not revised GT; not final box; not selector; not identity truth; not GT-guided runtime prediction logic
GTREF_PAIRED_GM_RM017_s392_295,gt_too_loose_for_structure,GT may include background or neighboring structures.,Manual GT quality review before strong morphology conclusion.,yes,not revised GT; not final box; not selector; not identity truth; not GT-guided runtime prediction logic
GTREF_GM_RM017_s392_296,single_part_no_shell,A single part cannot close a vehicle-scale shell.,Additional endpoint/edge/far-side relation at GT scale.,yes,not revised GT; not final box; not selector; not identity truth; not GT-guided runtime prediction logic
GTREF_GM_RM017_s392_296,background_line_not_vehicle_shell,Background clutter can mimic a ridge or line.,Moving vehicle-like drift rather than background-stable response.,yes,not revised GT; not final box; not selector; not identity truth; not GT-guided runtime prediction logic
GTREF_GM_RM017_s392_296,gt_too_loose_for_structure,GT may include background or neighboring structures.,Manual GT quality review before strong morphology conclusion.,yes,not revised GT; not final box; not selector; not identity truth; not GT-guided runtime prediction logic
GTREF_PAIRED_GM_RM017_s393_297,single_part_no_shell,A single part cannot close a vehicle-scale shell.,Additional endpoint/edge/far-side relation at GT scale.,yes,not revised GT; not final box; not selector; not identity truth; not GT-guided runtime prediction logic
GTREF_PAIRED_GM_RM017_s393_297,gt_boundary_affected,GT quality or boundary effects weaken shell interpretation.,Manual review and temporal context.,yes,not revised GT; not final box; not selector; not identity truth; not GT-guided runtime prediction logic
GTREF_PAIRED_GM_RM017_s393_298,single_part_no_shell,A single part cannot close a vehicle-scale shell.,Additional endpoint/edge/far-side relation at GT scale.,yes,not revised GT; not final box; not selector; not identity truth; not GT-guided runtime prediction logic
GTREF_GM_RM017_s393_299,single_part_no_shell,A single part cannot close a vehicle-scale shell.,Additional endpoint/edge/far-side relation at GT scale.,yes,not revised GT; not final box; not selector; not identity truth; not GT-guided runtime prediction logic
GTREF_GM_RM017_s393_299,background_line_not_vehicle_shell,Background clutter can mimic a ridge or line.,Moving vehicle-like drift rather than background-stable response.,yes,not revised GT; not final box; not selector; not identity truth; not GT-guided runtime prediction logic
GTREF_GM_RM017_s393_299,gt_too_loose_for_structure,GT may include background or neighboring structures.,Manual GT quality review before strong morphology conclusion.,yes,not revised GT; not final box; not selector; not identity truth; not GT-guided runtime prediction logic
GTREF_PAIRED_GM_RM017_s394_300,single_part_no_shell,A single part cannot close a vehicle-scale shell.,Additional endpoint/edge/far-side relation at GT scale.,yes,not revised GT; not final box; not selector; not identity truth; not GT-guided runtime prediction logic
GTREF_PAIRED_GM_RM017_s394_301,single_part_no_shell,A single part cannot close a vehicle-scale shell.,Additional endpoint/edge/far-side relation at GT scale.,yes,not revised GT; not final box; not selector; not identity truth; not GT-guided runtime prediction logic
GTREF_GM_RM017_s394_302,single_part_no_shell,A single part cannot close a vehicle-scale shell.,Additional endpoint/edge/far-side relation at GT scale.,yes,not revised GT; not final box; not selector; not identity truth; not GT-guided runtime prediction logic
GTREF_GM_RM017_s394_302,background_line_not_vehicle_shell,Background clutter can mimic a ridge or line.,Moving vehicle-like drift rather than background-stable response.,yes,not revised GT; not final box; not selector; not identity truth; not GT-guided runtime prediction logic
GTREF_GM_RM017_s394_302,gt_too_loose_for_structure,GT may include background or neighboring structures.,Manual GT quality review before strong morphology conclusion.,yes,not revised GT; not final box; not selector; not identity truth; not GT-guided runtime prediction logic
GTREF_PAIRED_GM_RM017_s429_303,parts_too_scattered,Parts exist but do not form a stable shell relation.,Temporal drift consistency or clearer shell completion.,yes,not revised GT; not final box; not selector; not identity truth; not GT-guided runtime prediction logic
GTREF_PAIRED_GM_RM017_s429_303,background_line_not_vehicle_shell,Background clutter can mimic a ridge or line.,Moving vehicle-like drift rather than background-stable response.,yes,not revised GT; not final box; not selector; not identity truth; not GT-guided runtime prediction logic
GTREF_PAIRED_GM_RM017_s429_303,gt_too_loose_for_structure,GT may include background or neighboring structures.,Manual GT quality review before strong morphology conclusion.,yes,not revised GT; not final box; not selector; not identity truth; not GT-guided runtime prediction logic
GTREF_PAIRED_GM_RM017_s429_303,range_spread_without_core,Range spread alone can be environment or motion artifact.,A body core plus edge/endpoints.,yes,not revised GT; not final box; not selector; not identity truth; not GT-guided runtime prediction logic
GTREF_GM_RM017_s429_304,single_part_no_shell,A single part cannot close a vehicle-scale shell.,Additional endpoint/edge/far-side relation at GT scale.,yes,not revised GT; not final box; not selector; not identity truth; not GT-guided runtime prediction logic
GTREF_GM_RM017_s429_304,background_line_not_vehicle_shell,Background clutter can mimic a ridge or line.,Moving vehicle-like drift rather than background-stable response.,yes,not revised GT; not final box; not selector; not identity truth; not GT-guided runtime prediction logic
GTREF_GM_RM017_s429_304,gt_too_loose_for_structure,GT may include background or neighboring structures.,Manual GT quality review before strong morphology conclusion.,yes,not revised GT; not final box; not selector; not identity truth; not GT-guided runtime prediction logic
GTREF_GM_RM017_s438_306,single_part_no_shell,A single part cannot close a vehicle-scale shell.,Additional endpoint/edge/far-side relation at GT scale.,yes,not revised GT; not final box; not selector; not identity truth; not GT-guided runtime prediction logic
GTREF_GM_RM017_s438_306,background_line_not_vehicle_shell,Background clutter can mimic a ridge or line.,Moving vehicle-like drift rather than background-stable response.,yes,not revised GT; not final box; not selector; not identity truth; not GT-guided runtime prediction logic
GTREF_GM_RM017_s438_306,gt_too_loose_for_structure,GT may include background or neighboring structures.,Manual GT quality review before strong morphology conclusion.,yes,not revised GT; not final box; not selector; not identity truth; not GT-guided runtime prediction logic
GTREF_GM_RM017_s438_306,near_field_spread_unresolved,Weak boundary or spread is not enough to assert a shell.,Persistent ridge/hotspot drift or clearer part relation.,yes,not revised GT; not final box; not selector; not identity truth; not GT-guided runtime prediction logic
GTREF_PAIRED_GM_RM017_s442_307,single_part_no_shell,A single part cannot close a vehicle-scale shell.,Additional endpoint/edge/far-side relation at GT scale.,yes,not revised GT; not final box; not selector; not identity truth; not GT-guided runtime prediction logic
GTREF_PAIRED_GM_RM017_s442_307,background_line_not_vehicle_shell,Background clutter can mimic a ridge or line.,Moving vehicle-like drift rather than background-stable response.,yes,not revised GT; not final box; not selector; not identity truth; not GT-guided runtime prediction logic
GTREF_PAIRED_GM_RM017_s442_307,gt_too_loose_for_structure,GT may include background or neighboring structures.,Manual GT quality review before strong morphology conclusion.,yes,not revised GT; not final box; not selector; not identity truth; not GT-guided runtime prediction logic
GTREF_GM_RM017_s446_308,single_part_no_shell,A single part cannot close a vehicle-scale shell.,Additional endpoint/edge/far-side relation at GT scale.,yes,not revised GT; not final box; not selector; not identity truth; not GT-guided runtime prediction logic
GTREF_GM_RM017_s446_308,background_line_not_vehicle_shell,Background clutter can mimic a ridge or line.,Moving vehicle-like drift rather than background-stable response.,yes,not revised GT; not final box; not selector; not identity truth; not GT-guided runtime prediction logic
GTREF_GM_RM017_s446_308,gt_too_loose_for_structure,GT may include background or neighboring structures.,Manual GT quality review before strong morphology conclusion.,yes,not revised GT; not final box; not selector; not identity truth; not GT-guided runtime prediction logic
GTREF_PAIRED_GM_RM019_s0_309,gt_boundary_affected,GT quality or boundary effects weaken shell interpretation.,Manual review and temporal context.,yes,not revised GT; not final box; not selector; not identity truth; not GT-guided runtime prediction logic
GTREF_GM_RM019_s0_310,single_part_no_shell,A single part cannot close a vehicle-scale shell.,Additional endpoint/edge/far-side relation at GT scale.,yes,not revised GT; not final box; not selector; not identity truth; not GT-guided runtime prediction logic
GTREF_PAIRED_GM_RM019_s4_311,single_part_no_shell,A single part cannot close a vehicle-scale shell.,Additional endpoint/edge/far-side relation at GT scale.,yes,not revised GT; not final box; not selector; not identity truth; not GT-guided runtime prediction logic
GTREF_PAIRED_GM_RM019_s4_311,gt_boundary_affected,GT quality or boundary effects weaken shell interpretation.,Manual review and temporal context.,yes,not revised GT; not final box; not selector; not identity truth; not GT-guided runtime prediction logic
GTREF_PAIRED_GM_RM019_s8_314,single_part_no_shell,A single part cannot close a vehicle-scale shell.,Additional endpoint/edge/far-side relation at GT scale.,yes,not revised GT; not final box; not selector; not identity truth; not GT-guided runtime prediction logic
GTREF_PAIRED_GM_RM019_s8_314,background_line_not_vehicle_shell,Background clutter can mimic a ridge or line.,Moving vehicle-like drift rather than background-stable response.,yes,not revised GT; not final box; not selector; not identity truth; not GT-guided runtime prediction logic
GTREF_PAIRED_GM_RM019_s8_314,gt_too_loose_for_structure,GT may include background or neighboring structures.,Manual GT quality review before strong morphology conclusion.,yes,not revised GT; not final box; not selector; not identity truth; not GT-guided runtime prediction logic
GTREF_PAIRED_GM_RM019_s27_315,gt_boundary_affected,GT quality or boundary effects weaken shell interpretation.,Manual review and temporal context.,yes,not revised GT; not final box; not selector; not identity truth; not GT-guided runtime prediction logic
GTREF_PAIRED_GM_RM019_s27_316,gt_boundary_affected,GT quality or boundary effects weaken shell interpretation.,Manual review and temporal context.,yes,not revised GT; not final box; not selector; not identity truth; not GT-guided runtime prediction logic
GTREF_GM_RM019_s31_318,gt_boundary_affected,GT quality or boundary effects weaken shell interpretation.,Manual review and temporal context.,yes,not revised GT; not final box; not selector; not identity truth; not GT-guided runtime prediction logic
GTREF_PAIRED_GM_RM019_s77_319,parts_too_scattered,Parts exist but do not form a stable shell relation.,Temporal drift consistency or clearer shell completion.,yes,not revised GT; not final box; not selector; not identity truth; not GT-guided runtime prediction logic
GTREF_PAIRED_GM_RM019_s77_319,range_spread_without_core,Range spread alone can be environment or motion artifact.,A body core plus edge/endpoints.,yes,not revised GT; not final box; not selector; not identity truth; not GT-guided runtime prediction logic
GTREF_PAIRED_GM_RM019_s81_320,single_part_no_shell,A single part cannot close a vehicle-scale shell.,Additional endpoint/edge/far-side relation at GT scale.,yes,not revised GT; not final box; not selector; not identity truth; not GT-guided runtime prediction logic
GTREF_GM_RM019_s88_321,parts_too_scattered,Parts exist but do not form a stable shell relation.,Temporal drift consistency or clearer shell completion.,yes,not revised GT; not final box; not selector; not identity truth; not GT-guided runtime prediction logic
GTREF_GM_RM019_s88_321,range_spread_without_core,Range spread alone can be environment or motion artifact.,A body core plus edge/endpoints.,yes,not revised GT; not final box; not selector; not identity truth; not GT-guided runtime prediction logic
GTREF_GM_RM019_s202_322,single_part_no_shell,A single part cannot close a vehicle-scale shell.,Additional endpoint/edge/far-side relation at GT scale.,yes,not revised GT; not final box; not selector; not identity truth; not GT-guided runtime prediction logic
GTREF_PAIRED_GM_RM019_s212_323,single_part_no_shell,A single part cannot close a vehicle-scale shell.,Additional endpoint/edge/far-side relation at GT scale.,yes,not revised GT; not final box; not selector; not identity truth; not GT-guided runtime prediction logic
GTREF_PAIRED_GM_RM019_s238_324,single_part_no_shell,A single part cannot close a vehicle-scale shell.,Additional endpoint/edge/far-side relation at GT scale.,yes,not revised GT; not final box; not selector; not identity truth; not GT-guided runtime prediction logic
GTREF_PAIRED_GM_RM019_s269_325,background_line_not_vehicle_shell,Background clutter can mimic a ridge or line.,Moving vehicle-like drift rather than background-stable response.,yes,not revised GT; not final box; not selector; not identity truth; not GT-guided runtime prediction logic
GTREF_PAIRED_GM_RM019_s269_325,gt_too_loose_for_structure,GT may include background or neighboring structures.,Manual GT quality review before strong morphology conclusion.,yes,not revised GT; not final box; not selector; not identity truth; not GT-guided runtime prediction logic
GTREF_PAIRED_GM_RM019_s273_326,gt_boundary_affected,GT quality or boundary effects weaken shell interpretation.,Manual review and temporal context.,yes,not revised GT; not final box; not selector; not identity truth; not GT-guided runtime prediction logic
GTREF_PAIRED_GM_RM019_s288_327,parts_too_scattered,Parts exist but do not form a stable shell relation.,Temporal drift consistency or clearer shell completion.,yes,not revised GT; not final box; not selector; not identity truth; not GT-guided runtime prediction logic
GTREF_PAIRED_GM_RM019_s288_327,gt_boundary_affected,GT quality or boundary effects weaken shell interpretation.,Manual review and temporal context.,yes,not revised GT; not final box; not selector; not identity truth; not GT-guided runtime prediction logic
GTREF_PAIRED_GM_RM019_s288_327,range_spread_without_core,Range spread alone can be environment or motion artifact.,A body core plus edge/endpoints.,yes,not revised GT; not final box; not selector; not identity truth; not GT-guided runtime prediction logic
GTREF_PAIRED_GM_RM019_s290_328,gt_boundary_affected,GT quality or boundary effects weaken shell interpretation.,Manual review and temporal context.,yes,not revised GT; not final box; not selector; not identity truth; not GT-guided runtime prediction logic
GTREF_PAIRED_GM_RM019_s315_330,single_part_no_shell,A single part cannot close a vehicle-scale shell.,Additional endpoint/edge/far-side relation at GT scale.,yes,not revised GT; not final box; not selector; not identity truth; not GT-guided runtime prediction logic
GTREF_PAIRED_GM_RM019_s317_331,single_part_no_shell,A single part cannot close a vehicle-scale shell.,Additional endpoint/edge/far-side relation at GT scale.,yes,not revised GT; not final box; not selector; not identity truth; not GT-guided runtime prediction logic
GTREF_GM_RM019_s350_332,parts_too_scattered,Parts exist but do not form a stable shell relation.,Temporal drift consistency or clearer shell completion.,yes,not revised GT; not final box; not selector; not identity truth; not GT-guided runtime prediction logic
GTREF_GM_RM019_s350_332,background_line_not_vehicle_shell,Background clutter can mimic a ridge or line.,Moving vehicle-like drift rather than background-stable response.,yes,not revised GT; not final box; not selector; not identity truth; not GT-guided runtime prediction logic
GTREF_GM_RM019_s350_332,gt_too_loose_for_structure,GT may include background or neighboring structures.,Manual GT quality review before strong morphology conclusion.,yes,not revised GT; not final box; not selector; not identity truth; not GT-guided runtime prediction logic
GTREF_GM_RM019_s354_333,parts_too_scattered,Parts exist but do not form a stable shell relation.,Temporal drift consistency or clearer shell completion.,yes,not revised GT; not final box; not selector; not identity truth; not GT-guided runtime prediction logic
GTREF_GM_RM019_s354_333,background_line_not_vehicle_shell,Background clutter can mimic a ridge or line.,Moving vehicle-like drift rather than background-stable response.,yes,not revised GT; not final box; not selector; not identity truth; not GT-guided runtime prediction logic
GTREF_GM_RM019_s354_333,gt_too_loose_for_structure,GT may include background or neighboring structures.,Manual GT quality review before strong morphology conclusion.,yes,not revised GT; not final box; not selector; not identity truth; not GT-guided runtime prediction logic
GTREF_GM_RM011_s250_frameadd_gm_rm011_000120_000250_01,background_line_not_vehicle_shell,Background clutter can mimic a ridge or line.,Moving vehicle-like drift rather than background-stable response.,yes,not revised GT; not final box; not selector; not identity truth; not GT-guided runtime prediction logic
GTREF_GM_RM011_s250_frameadd_gm_rm011_000120_000250_01,gt_too_loose_for_structure,GT may include background or neighboring structures.,Manual GT quality review before strong morphology conclusion.,yes,not revised GT; not final box; not selector; not identity truth; not GT-guided runtime prediction logic
GTREF_GM_RM011_s250_frameadd_gm_rm011_000120_000250_02,parts_too_scattered,Parts exist but do not form a stable shell relation.,Temporal drift consistency or clearer shell completion.,yes,not revised GT; not final box; not selector; not identity truth; not GT-guided runtime prediction logic
GTREF_GM_RM011_s250_frameadd_gm_rm011_000120_000250_02,background_line_not_vehicle_shell,Background clutter can mimic a ridge or line.,Moving vehicle-like drift rather than background-stable response.,yes,not revised GT; not final box; not selector; not identity truth; not GT-guided runtime prediction logic
GTREF_GM_RM011_s250_frameadd_gm_rm011_000120_000250_02,gt_too_loose_for_structure,GT may include background or neighboring structures.,Manual GT quality review before strong morphology conclusion.,yes,not revised GT; not final box; not selector; not identity truth; not GT-guided runtime prediction logic
GTREF_GM_RM011_s250_frameadd_gm_rm011_000120_000250_02,range_spread_without_core,Range spread alone can be environment or motion artifact.,A body core plus edge/endpoints.,yes,not revised GT; not final box; not selector; not identity truth; not GT-guided runtime prediction logic
GTREF_GM_RM011_s250_frameadd_gm_rm011_000120_000250_03,background_line_not_vehicle_shell,Background clutter can mimic a ridge or line.,Moving vehicle-like drift rather than background-stable response.,yes,not revised GT; not final box; not selector; not identity truth; not GT-guided runtime prediction logic
GTREF_GM_RM011_s250_frameadd_gm_rm011_000120_000250_03,gt_too_loose_for_structure,GT may include background or neighboring structures.,Manual GT quality review before strong morphology conclusion.,yes,not revised GT; not final box; not selector; not identity truth; not GT-guided runtime prediction logic
GTREF_GM_RM011_s251_frameadd_gm_rm011_000120_000251_01,parts_too_scattered,Parts exist but do not form a stable shell relation.,Temporal drift consistency or clearer shell completion.,yes,not revised GT; not final box; not selector; not identity truth; not GT-guided runtime prediction logic
GTREF_GM_RM011_s251_frameadd_gm_rm011_000120_000251_01,background_line_not_vehicle_shell,Background clutter can mimic a ridge or line.,Moving vehicle-like drift rather than background-stable response.,yes,not revised GT; not final box; not selector; not identity truth; not GT-guided runtime prediction logic
GTREF_GM_RM011_s251_frameadd_gm_rm011_000120_000251_01,gt_too_loose_for_structure,GT may include background or neighboring structures.,Manual GT quality review before strong morphology conclusion.,yes,not revised GT; not final box; not selector; not identity truth; not GT-guided runtime prediction logic
GTREF_GM_RM011_s251_frameadd_gm_rm011_000120_000251_01,range_spread_without_core,Range spread alone can be environment or motion artifact.,A body core plus edge/endpoints.,yes,not revised GT; not final box; not selector; not identity truth; not GT-guided runtime prediction logic
GTREF_GM_RM011_s251_frameadd_gm_rm011_000120_000251_02,background_line_not_vehicle_shell,Background clutter can mimic a ridge or line.,Moving vehicle-like drift rather than background-stable response.,yes,not revised GT; not final box; not selector; not identity truth; not GT-guided runtime prediction logic
GTREF_GM_RM011_s251_frameadd_gm_rm011_000120_000251_02,gt_too_loose_for_structure,GT may include background or neighboring structures.,Manual GT quality review before strong morphology conclusion.,yes,not revised GT; not final box; not selector; not identity truth; not GT-guided runtime prediction logic
GTREF_GM_RM011_s251_frameadd_gm_rm011_000120_000251_03,parts_too_scattered,Parts exist but do not form a stable shell relation.,Temporal drift consistency or clearer shell completion.,yes,not revised GT; not final box; not selector; not identity truth; not GT-guided runtime prediction logic
GTREF_GM_RM011_s251_frameadd_gm_rm011_000120_000251_03,background_line_not_vehicle_shell,Background clutter can mimic a ridge or line.,Moving vehicle-like drift rather than background-stable response.,yes,not revised GT; not final box; not selector; not identity truth; not GT-guided runtime prediction logic
GTREF_GM_RM011_s251_frameadd_gm_rm011_000120_000251_03,gt_too_loose_for_structure,GT may include background or neighboring structures.,Manual GT quality review before strong morphology conclusion.,yes,not revised GT; not final box; not selector; not identity truth; not GT-guided runtime prediction logic
GTREF_GM_RM011_s251_frameadd_gm_rm011_000120_000251_03,range_spread_without_core,Range spread alone can be environment or motion artifact.,A body core plus edge/endpoints.,yes,not revised GT; not final box; not selector; not identity truth; not GT-guided runtime prediction logic
GTREF_GM_RM011_s252_frameadd_gm_rm011_000121_000252_01,parts_too_scattered,Parts exist but do not form a stable shell relation.,Temporal drift consistency or clearer shell completion.,yes,not revised GT; not final box; not selector; not identity truth; not GT-guided runtime prediction logic
GTREF_GM_RM011_s252_frameadd_gm_rm011_000121_000252_01,background_line_not_vehicle_shell,Background clutter can mimic a ridge or line.,Moving vehicle-like drift rather than background-stable response.,yes,not revised GT; not final box; not selector; not identity truth; not GT-guided runtime prediction logic
GTREF_GM_RM011_s252_frameadd_gm_rm011_000121_000252_01,gt_too_loose_for_structure,GT may include background or neighboring structures.,Manual GT quality review before strong morphology conclusion.,yes,not revised GT; not final box; not selector; not identity truth; not GT-guided runtime prediction logic
GTREF_GM_RM011_s252_frameadd_gm_rm011_000121_000252_01,range_spread_without_core,Range spread alone can be environment or motion artifact.,A body core plus edge/endpoints.,yes,not revised GT; not final box; not selector; not identity truth; not GT-guided runtime prediction logic
GTREF_GM_RM011_s252_frameadd_gm_rm011_000121_000252_02,background_line_not_vehicle_shell,Background clutter can mimic a ridge or line.,Moving vehicle-like drift rather than background-stable response.,yes,not revised GT; not final box; not selector; not identity truth; not GT-guided runtime prediction logic
GTREF_GM_RM011_s252_frameadd_gm_rm011_000121_000252_02,gt_too_loose_for_structure,GT may include background or neighboring structures.,Manual GT quality review before strong morphology conclusion.,yes,not revised GT; not final box; not selector; not identity truth; not GT-guided runtime prediction logic
GTREF_GM_RM011_s252_frameadd_gm_rm011_000121_000252_03,parts_too_scattered,Parts exist but do not form a stable shell relation.,Temporal drift consistency or clearer shell completion.,yes,not revised GT; not final box; not selector; not identity truth; not GT-guided runtime prediction logic
GTREF_GM_RM011_s252_frameadd_gm_rm011_000121_000252_03,background_line_not_vehicle_shell,Background clutter can mimic a ridge or line.,Moving vehicle-like drift rather than background-stable response.,yes,not revised GT; not final box; not selector; not identity truth; not GT-guided runtime prediction logic
GTREF_GM_RM011_s252_frameadd_gm_rm011_000121_000252_03,gt_too_loose_for_structure,GT may include background or neighboring structures.,Manual GT quality review before strong morphology conclusion.,yes,not revised GT; not final box; not selector; not identity truth; not GT-guided runtime prediction logic
GTREF_GM_RM011_s252_frameadd_gm_rm011_000121_000252_03,range_spread_without_core,Range spread alone can be environment or motion artifact.,A body core plus edge/endpoints.,yes,not revised GT; not final box; not selector; not identity truth; not GT-guided runtime prediction logic
GTREF_GM_RM011_s253_frameadd_gm_rm011_000121_000253_01,parts_too_scattered,Parts exist but do not form a stable shell relation.,Temporal drift consistency or clearer shell completion.,yes,not revised GT; not final box; not selector; not identity truth; not GT-guided runtime prediction logic
GTREF_GM_RM011_s253_frameadd_gm_rm011_000121_000253_01,background_line_not_vehicle_shell,Background clutter can mimic a ridge or line.,Moving vehicle-like drift rather than background-stable response.,yes,not revised GT; not final box; not selector; not identity truth; not GT-guided runtime prediction logic
GTREF_GM_RM011_s253_frameadd_gm_rm011_000121_000253_01,gt_too_loose_for_structure,GT may include background or neighboring structures.,Manual GT quality review before strong morphology conclusion.,yes,not revised GT; not final box; not selector; not identity truth; not GT-guided runtime prediction logic
GTREF_GM_RM011_s253_frameadd_gm_rm011_000121_000253_01,range_spread_without_core,Range spread alone can be environment or motion artifact.,A body core plus edge/endpoints.,yes,not revised GT; not final box; not selector; not identity truth; not GT-guided runtime prediction logic
GTREF_GM_RM011_s253_frameadd_gm_rm011_000121_000253_02,single_part_no_shell,A single part cannot close a vehicle-scale shell.,Additional endpoint/edge/far-side relation at GT scale.,yes,not revised GT; not final box; not selector; not identity truth; not GT-guided runtime prediction logic
GTREF_GM_RM011_s253_frameadd_gm_rm011_000121_000253_02,near_field_spread_unresolved,Weak boundary or spread is not enough to assert a shell.,Persistent ridge/hotspot drift or clearer part relation.,yes,not revised GT; not final box; not selector; not identity truth; not GT-guided runtime prediction logic
GTREF_GM_RM011_s253_frameadd_gm_rm011_000121_000253_03,parts_too_scattered,Parts exist but do not form a stable shell relation.,Temporal drift consistency or clearer shell completion.,yes,not revised GT; not final box; not selector; not identity truth; not GT-guided runtime prediction logic
GTREF_GM_RM011_s253_frameadd_gm_rm011_000121_000253_03,range_spread_without_core,Range spread alone can be environment or motion artifact.,A body core plus edge/endpoints.,yes,not revised GT; not final box; not selector; not identity truth; not GT-guided runtime prediction logic
GTREF_GM_RM011_s254_frameadd_gm_rm011_000122_000254_01,parts_too_scattered,Parts exist but do not form a stable shell relation.,Temporal drift consistency or clearer shell completion.,yes,not revised GT; not final box; not selector; not identity truth; not GT-guided runtime prediction logic
GTREF_GM_RM011_s254_frameadd_gm_rm011_000122_000254_01,background_line_not_vehicle_shell,Background clutter can mimic a ridge or line.,Moving vehicle-like drift rather than background-stable response.,yes,not revised GT; not final box; not selector; not identity truth; not GT-guided runtime prediction logic
GTREF_GM_RM011_s254_frameadd_gm_rm011_000122_000254_01,gt_too_loose_for_structure,GT may include background or neighboring structures.,Manual GT quality review before strong morphology conclusion.,yes,not revised GT; not final box; not selector; not identity truth; not GT-guided runtime prediction logic
GTREF_GM_RM011_s254_frameadd_gm_rm011_000122_000254_01,range_spread_without_core,Range spread alone can be environment or motion artifact.,A body core plus edge/endpoints.,yes,not revised GT; not final box; not selector; not identity truth; not GT-guided runtime prediction logic
GTREF_GM_RM011_s254_frameadd_gm_rm011_000122_000254_02,parts_too_scattered,Parts exist but do not form a stable shell relation.,Temporal drift consistency or clearer shell completion.,yes,not revised GT; not final box; not selector; not identity truth; not GT-guided runtime prediction logic
GTREF_GM_RM011_s254_frameadd_gm_rm011_000122_000254_02,range_spread_without_core,Range spread alone can be environment or motion artifact.,A body core plus edge/endpoints.,yes,not revised GT; not final box; not selector; not identity truth; not GT-guided runtime prediction logic
GTREF_GM_RM011_s254_frameadd_gm_rm011_000122_000254_03,single_part_no_shell,A single part cannot close a vehicle-scale shell.,Additional endpoint/edge/far-side relation at GT scale.,yes,not revised GT; not final box; not selector; not identity truth; not GT-guided runtime prediction logic
GTREF_GM_RM011_s255_frameadd_gm_rm011_000122_000255_01,single_part_no_shell,A single part cannot close a vehicle-scale shell.,Additional endpoint/edge/far-side relation at GT scale.,yes,not revised GT; not final box; not selector; not identity truth; not GT-guided runtime prediction logic
GTREF_GM_RM011_s255_frameadd_gm_rm011_000122_000255_03,single_part_no_shell,A single part cannot close a vehicle-scale shell.,Additional endpoint/edge/far-side relation at GT scale.,yes,not revised GT; not final box; not selector; not identity truth; not GT-guided runtime prediction logic
GTREF_GM_RM011_s257_frameadd_gm_rm011_000123_000257_03,parts_too_scattered,Parts exist but do not form a stable shell relation.,Temporal drift consistency or clearer shell completion.,yes,not revised GT; not final box; not selector; not identity truth; not GT-guided runtime prediction logic
GTREF_GM_RM011_s257_frameadd_gm_rm011_000123_000257_03,range_spread_without_core,Range spread alone can be environment or motion artifact.,A body core plus edge/endpoints.,yes,not revised GT; not final box; not selector; not identity truth; not GT-guided runtime prediction logic
GTREF_GM_RM011_s258_frameadd_gm_rm011_000124_000258_02,single_part_no_shell,A single part cannot close a vehicle-scale shell.,Additional endpoint/edge/far-side relation at GT scale.,yes,not revised GT; not final box; not selector; not identity truth; not GT-guided runtime prediction logic
GTREF_GM_RM011_s258_frameadd_gm_rm011_000124_000258_02,near_field_spread_unresolved,Weak boundary or spread is not enough to assert a shell.,Persistent ridge/hotspot drift or clearer part relation.,yes,not revised GT; not final box; not selector; not identity truth; not GT-guided runtime prediction logic
GTREF_GM_RM011_s261_frameadd_gm_rm011_000125_000261_02,single_part_no_shell,A single part cannot close a vehicle-scale shell.,Additional endpoint/edge/far-side relation at GT scale.,yes,not revised GT; not final box; not selector; not identity truth; not GT-guided runtime prediction logic
GTREF_GM_RM011_s261_frameadd_gm_rm011_000125_000261_02,background_line_not_vehicle_shell,Background clutter can mimic a ridge or line.,Moving vehicle-like drift rather than background-stable response.,yes,not revised GT; not final box; not selector; not identity truth; not GT-guided runtime prediction logic
GTREF_GM_RM011_s261_frameadd_gm_rm011_000125_000261_02,gt_too_loose_for_structure,GT may include background or neighboring structures.,Manual GT quality review before strong morphology conclusion.,yes,not revised GT; not final box; not selector; not identity truth; not GT-guided runtime prediction logic
GTREF_GM_RM011_s261_frameadd_gm_rm011_000125_000261_02,near_field_spread_unresolved,Weak boundary or spread is not enough to assert a shell.,Persistent ridge/hotspot drift or clearer part relation.,yes,not revised GT; not final box; not selector; not identity truth; not GT-guided runtime prediction logic
GTREF_GM_RM011_s262_frameadd_gm_rm011_000126_000262_01,single_part_no_shell,A single part cannot close a vehicle-scale shell.,Additional endpoint/edge/far-side relation at GT scale.,yes,not revised GT; not final box; not selector; not identity truth; not GT-guided runtime prediction logic
GTREF_GM_RM011_s263_frameadd_gm_rm011_000126_000263_01,single_part_no_shell,A single part cannot close a vehicle-scale shell.,Additional endpoint/edge/far-side relation at GT scale.,yes,not revised GT; not final box; not selector; not identity truth; not GT-guided runtime prediction logic
GTREF_GM_RM011_s263_frameadd_gm_rm011_000126_000263_01,background_line_not_vehicle_shell,Background clutter can mimic a ridge or line.,Moving vehicle-like drift rather than background-stable response.,yes,not revised GT; not final box; not selector; not identity truth; not GT-guided runtime prediction logic
GTREF_GM_RM011_s263_frameadd_gm_rm011_000126_000263_01,gt_too_loose_for_structure,GT may include background or neighboring structures.,Manual GT quality review before strong morphology conclusion.,yes,not revised GT; not final box; not selector; not identity truth; not GT-guided runtime prediction logic
GTREF_GM_RM011_s264_frameadd_gm_rm011_000127_000264_01,single_part_no_shell,A single part cannot close a vehicle-scale shell.,Additional endpoint/edge/far-side relation at GT scale.,yes,not revised GT; not final box; not selector; not identity truth; not GT-guided runtime prediction logic
GTREF_GM_RM011_s264_frameadd_gm_rm011_000127_000264_01,background_line_not_vehicle_shell,Background clutter can mimic a ridge or line.,Moving vehicle-like drift rather than background-stable response.,yes,not revised GT; not final box; not selector; not identity truth; not GT-guided runtime prediction logic
GTREF_GM_RM011_s264_frameadd_gm_rm011_000127_000264_01,gt_too_loose_for_structure,GT may include background or neighboring structures.,Manual GT quality review before strong morphology conclusion.,yes,not revised GT; not final box; not selector; not identity truth; not GT-guided runtime prediction logic
GTREF_GM_RM011_s264_frameadd_gm_rm011_000127_000264_02,background_line_not_vehicle_shell,Background clutter can mimic a ridge or line.,Moving vehicle-like drift rather than background-stable response.,yes,not revised GT; not final box; not selector; not identity truth; not GT-guided runtime prediction logic
GTREF_GM_RM011_s264_frameadd_gm_rm011_000127_000264_02,gt_too_loose_for_structure,GT may include background or neighboring structures.,Manual GT quality review before strong morphology conclusion.,yes,not revised GT; not final box; not selector; not identity truth; not GT-guided runtime prediction logic
GTREF_GM_RM011_s264_frameadd_gm_rm011_000127_000264_03,parts_too_scattered,Parts exist but do not form a stable shell relation.,Temporal drift consistency or clearer shell completion.,yes,not revised GT; not final box; not selector; not identity truth; not GT-guided runtime prediction logic
GTREF_GM_RM011_s264_frameadd_gm_rm011_000127_000264_03,range_spread_without_core,Range spread alone can be environment or motion artifact.,A body core plus edge/endpoints.,yes,not revised GT; not final box; not selector; not identity truth; not GT-guided runtime prediction logic
GTREF_GM_RM011_s265_frameadd_gm_rm011_000127_000265_01,single_part_no_shell,A single part cannot close a vehicle-scale shell.,Additional endpoint/edge/far-side relation at GT scale.,yes,not revised GT; not final box; not selector; not identity truth; not GT-guided runtime prediction logic
GTREF_GM_RM011_s265_frameadd_gm_rm011_000127_000265_01,gt_boundary_affected,GT quality or boundary effects weaken shell interpretation.,Manual review and temporal context.,yes,not revised GT; not final box; not selector; not identity truth; not GT-guided runtime prediction logic
GTREF_GM_RM011_s265_frameadd_gm_rm011_000127_000265_02,background_line_not_vehicle_shell,Background clutter can mimic a ridge or line.,Moving vehicle-like drift rather than background-stable response.,yes,not revised GT; not final box; not selector; not identity truth; not GT-guided runtime prediction logic
GTREF_GM_RM011_s265_frameadd_gm_rm011_000127_000265_02,gt_too_loose_for_structure,GT may include background or neighboring structures.,Manual GT quality review before strong morphology conclusion.,yes,not revised GT; not final box; not selector; not identity truth; not GT-guided runtime prediction logic
GTREF_GM_RM011_s266_frameadd_gm_rm011_000128_000266_01,parts_too_scattered,Parts exist but do not form a stable shell relation.,Temporal drift consistency or clearer shell completion.,yes,not revised GT; not final box; not selector; not identity truth; not GT-guided runtime prediction logic
GTREF_GM_RM011_s266_frameadd_gm_rm011_000128_000266_01,gt_boundary_affected,GT quality or boundary effects weaken shell interpretation.,Manual review and temporal context.,yes,not revised GT; not final box; not selector; not identity truth; not GT-guided runtime prediction logic
GTREF_GM_RM011_s266_frameadd_gm_rm011_000128_000266_01,range_spread_without_core,Range spread alone can be environment or motion artifact.,A body core plus edge/endpoints.,yes,not revised GT; not final box; not selector; not identity truth; not GT-guided runtime prediction logic
GTREF_GM_RM011_s266_frameadd_gm_rm011_000128_000266_02,background_line_not_vehicle_shell,Background clutter can mimic a ridge or line.,Moving vehicle-like drift rather than background-stable response.,yes,not revised GT; not final box; not selector; not identity truth; not GT-guided runtime prediction logic
GTREF_GM_RM011_s266_frameadd_gm_rm011_000128_000266_02,gt_too_loose_for_structure,GT may include background or neighboring structures.,Manual GT quality review before strong morphology conclusion.,yes,not revised GT; not final box; not selector; not identity truth; not GT-guided runtime prediction logic
GTREF_GM_RM011_s266_frameadd_gm_rm011_000128_000266_03,single_part_no_shell,A single part cannot close a vehicle-scale shell.,Additional endpoint/edge/far-side relation at GT scale.,yes,not revised GT; not final box; not selector; not identity truth; not GT-guided runtime prediction logic
GTREF_GM_RM011_s267_frameadd_gm_rm011_000128_000267_02,background_line_not_vehicle_shell,Background clutter can mimic a ridge or line.,Moving vehicle-like drift rather than background-stable response.,yes,not revised GT; not final box; not selector; not identity truth; not GT-guided runtime prediction logic
GTREF_GM_RM011_s267_frameadd_gm_rm011_000128_000267_02,gt_too_loose_for_structure,GT may include background or neighboring structures.,Manual GT quality review before strong morphology conclusion.,yes,not revised GT; not final box; not selector; not identity truth; not GT-guided runtime prediction logic
GTREF_GM_RM011_s267_frameadd_gm_rm011_000128_000267_03,single_part_no_shell,A single part cannot close a vehicle-scale shell.,Additional endpoint/edge/far-side relation at GT scale.,yes,not revised GT; not final box; not selector; not identity truth; not GT-guided runtime prediction logic
GTREF_GM_RM011_s268_frameadd_gm_rm011_000129_000268_02,background_line_not_vehicle_shell,Background clutter can mimic a ridge or line.,Moving vehicle-like drift rather than background-stable response.,yes,not revised GT; not final box; not selector; not identity truth; not GT-guided runtime prediction logic
GTREF_GM_RM011_s268_frameadd_gm_rm011_000129_000268_02,gt_too_loose_for_structure,GT may include background or neighboring structures.,Manual GT quality review before strong morphology conclusion.,yes,not revised GT; not final box; not selector; not identity truth; not GT-guided runtime prediction logic
GTREF_GM_RM011_s268_frameadd_gm_rm011_000129_000268_03,single_part_no_shell,A single part cannot close a vehicle-scale shell.,Additional endpoint/edge/far-side relation at GT scale.,yes,not revised GT; not final box; not selector; not identity truth; not GT-guided runtime prediction logic
GTREF_GM_RM011_s269_frameadd_gm_rm011_000129_000269_01,background_line_not_vehicle_shell,Background clutter can mimic a ridge or line.,Moving vehicle-like drift rather than background-stable response.,yes,not revised GT; not final box; not selector; not identity truth; not GT-guided runtime prediction logic
GTREF_GM_RM011_s269_frameadd_gm_rm011_000129_000269_01,gt_too_loose_for_structure,GT may include background or neighboring structures.,Manual GT quality review before strong morphology conclusion.,yes,not revised GT; not final box; not selector; not identity truth; not GT-guided runtime prediction logic
GTREF_GM_RM011_s269_frameadd_gm_rm011_000129_000269_02,gt_boundary_affected,GT quality or boundary effects weaken shell interpretation.,Manual review and temporal context.,yes,not revised GT; not final box; not selector; not identity truth; not GT-guided runtime prediction logic
GTREF_GM_RM011_s270_frameadd_gm_rm011_000130_000270_03,parts_too_scattered,Parts exist but do not form a stable shell relation.,Temporal drift consistency or clearer shell completion.,yes,not revised GT; not final box; not selector; not identity truth; not GT-guided runtime prediction logic
GTREF_GM_RM011_s270_frameadd_gm_rm011_000130_000270_03,range_spread_without_core,Range spread alone can be environment or motion artifact.,A body core plus edge/endpoints.,yes,not revised GT; not final box; not selector; not identity truth; not GT-guided runtime prediction logic
GTREF_GM_RM011_s271_frameadd_gm_rm011_000130_000271_01,parts_too_scattered,Parts exist but do not form a stable shell relation.,Temporal drift consistency or clearer shell completion.,yes,not revised GT; not final box; not selector; not identity truth; not GT-guided runtime prediction logic
GTREF_GM_RM011_s271_frameadd_gm_rm011_000130_000271_01,range_spread_without_core,Range spread alone can be environment or motion artifact.,A body core plus edge/endpoints.,yes,not revised GT; not final box; not selector; not identity truth; not GT-guided runtime prediction logic
GTREF_GM_RM011_s271_frameadd_gm_rm011_000130_000271_02,single_part_no_shell,A single part cannot close a vehicle-scale shell.,Additional endpoint/edge/far-side relation at GT scale.,yes,not revised GT; not final box; not selector; not identity truth; not GT-guided runtime prediction logic
GTREF_GM_RM011_s271_frameadd_gm_rm011_000130_000271_02,near_field_spread_unresolved,Weak boundary or spread is not enough to assert a shell.,Persistent ridge/hotspot drift or clearer part relation.,yes,not revised GT; not final box; not selector; not identity truth; not GT-guided runtime prediction logic
GTREF_GM_RM011_s271_frameadd_gm_rm011_000130_000271_03,background_line_not_vehicle_shell,Background clutter can mimic a ridge or line.,Moving vehicle-like drift rather than background-stable response.,yes,not revised GT; not final box; not selector; not identity truth; not GT-guided runtime prediction logic
GTREF_GM_RM011_s271_frameadd_gm_rm011_000130_000271_03,gt_too_loose_for_structure,GT may include background or neighboring structures.,Manual GT quality review before strong morphology conclusion.,yes,not revised GT; not final box; not selector; not identity truth; not GT-guided runtime prediction logic
GTREF_GM_RM011_s271_frameadd_gm_rm011_000130_000271_04,single_part_no_shell,A single part cannot close a vehicle-scale shell.,Additional endpoint/edge/far-side relation at GT scale.,yes,not revised GT; not final box; not selector; not identity truth; not GT-guided runtime prediction logic
GTREF_GM_RM011_s272_frameadd_gm_rm011_000131_000272_01,background_line_not_vehicle_shell,Background clutter can mimic a ridge or line.,Moving vehicle-like drift rather than background-stable response.,yes,not revised GT; not final box; not selector; not identity truth; not GT-guided runtime prediction logic
GTREF_GM_RM011_s272_frameadd_gm_rm011_000131_000272_01,gt_too_loose_for_structure,GT may include background or neighboring structures.,Manual GT quality review before strong morphology conclusion.,yes,not revised GT; not final box; not selector; not identity truth; not GT-guided runtime prediction logic
GTREF_GM_RM011_s272_frameadd_gm_rm011_000131_000272_02,single_part_no_shell,A single part cannot close a vehicle-scale shell.,Additional endpoint/edge/far-side relation at GT scale.,yes,not revised GT; not final box; not selector; not identity truth; not GT-guided runtime prediction logic
GTREF_GM_RM011_s272_frameadd_gm_rm011_000131_000272_02,gt_boundary_affected,GT quality or boundary effects weaken shell interpretation.,Manual review and temporal context.,yes,not revised GT; not final box; not selector; not identity truth; not GT-guided runtime prediction logic
GTREF_GM_RM011_s272_frameadd_gm_rm011_000131_000272_02,near_field_spread_unresolved,Weak boundary or spread is not enough to assert a shell.,Persistent ridge/hotspot drift or clearer part relation.,yes,not revised GT; not final box; not selector; not identity truth; not GT-guided runtime prediction logic
GTREF_GM_RM011_s272_frameadd_gm_rm011_000131_000272_03,background_line_not_vehicle_shell,Background clutter can mimic a ridge or line.,Moving vehicle-like drift rather than background-stable response.,yes,not revised GT; not final box; not selector; not identity truth; not GT-guided runtime prediction logic
GTREF_GM_RM011_s272_frameadd_gm_rm011_000131_000272_03,gt_too_loose_for_structure,GT may include background or neighboring structures.,Manual GT quality review before strong morphology conclusion.,yes,not revised GT; not final box; not selector; not identity truth; not GT-guided runtime prediction logic
GTREF_GM_RM011_s272_frameadd_gm_rm011_000131_000272_04,single_part_no_shell,A single part cannot close a vehicle-scale shell.,Additional endpoint/edge/far-side relation at GT scale.,yes,not revised GT; not final box; not selector; not identity truth; not GT-guided runtime prediction logic
GTREF_GM_RM011_s272_frameadd_gm_rm011_000131_000272_04,gt_boundary_affected,GT quality or boundary effects weaken shell interpretation.,Manual review and temporal context.,yes,not revised GT; not final box; not selector; not identity truth; not GT-guided runtime prediction logic
GTREF_GM_RM011_s273_frameadd_gm_rm011_000131_000273_01,gt_boundary_affected,GT quality or boundary effects weaken shell interpretation.,Manual review and temporal context.,yes,not revised GT; not final box; not selector; not identity truth; not GT-guided runtime prediction logic
GTREF_GM_RM011_s273_frameadd_gm_rm011_000131_000273_02,single_part_no_shell,A single part cannot close a vehicle-scale shell.,Additional endpoint/edge/far-side relation at GT scale.,yes,not revised GT; not final box; not selector; not identity truth; not GT-guided runtime prediction logic
GTREF_GM_RM011_s273_frameadd_gm_rm011_000131_000273_02,near_field_spread_unresolved,Weak boundary or spread is not enough to assert a shell.,Persistent ridge/hotspot drift or clearer part relation.,yes,not revised GT; not final box; not selector; not identity truth; not GT-guided runtime prediction logic
GTREF_GM_RM011_s273_frameadd_gm_rm011_000131_000273_03,background_line_not_vehicle_shell,Background clutter can mimic a ridge or line.,Moving vehicle-like drift rather than background-stable response.,yes,not revised GT; not final box; not selector; not identity truth; not GT-guided runtime prediction logic
GTREF_GM_RM011_s273_frameadd_gm_rm011_000131_000273_03,gt_too_loose_for_structure,GT may include background or neighboring structures.,Manual GT quality review before strong morphology conclusion.,yes,not revised GT; not final box; not selector; not identity truth; not GT-guided runtime prediction logic
GTREF_GM_RM011_s273_frameadd_gm_rm011_000131_000273_04,single_part_no_shell,A single part cannot close a vehicle-scale shell.,Additional endpoint/edge/far-side relation at GT scale.,yes,not revised GT; not final box; not selector; not identity truth; not GT-guided runtime prediction logic
GTREF_GM_RM011_s274_frameadd_gm_rm011_000132_000274_01,single_part_no_shell,A single part cannot close a vehicle-scale shell.,Additional endpoint/edge/far-side relation at GT scale.,yes,not revised GT; not final box; not selector; not identity truth; not GT-guided runtime prediction logic
GTREF_GM_RM011_s274_frameadd_gm_rm011_000132_000274_01,gt_boundary_affected,GT quality or boundary effects weaken shell interpretation.,Manual review and temporal context.,yes,not revised GT; not final box; not selector; not identity truth; not GT-guided runtime prediction logic
GTREF_GM_RM011_s274_frameadd_gm_rm011_000132_000274_01,near_field_spread_unresolved,Weak boundary or spread is not enough to assert a shell.,Persistent ridge/hotspot drift or clearer part relation.,yes,not revised GT; not final box; not selector; not identity truth; not GT-guided runtime prediction logic
GTREF_GM_RM011_s274_frameadd_gm_rm011_000132_000274_02,background_line_not_vehicle_shell,Background clutter can mimic a ridge or line.,Moving vehicle-like drift rather than background-stable response.,yes,not revised GT; not final box; not selector; not identity truth; not GT-guided runtime prediction logic
GTREF_GM_RM011_s274_frameadd_gm_rm011_000132_000274_02,gt_too_loose_for_structure,GT may include background or neighboring structures.,Manual GT quality review before strong morphology conclusion.,yes,not revised GT; not final box; not selector; not identity truth; not GT-guided runtime prediction logic
GTREF_GM_RM011_s274_frameadd_gm_rm011_000132_000274_03,single_part_no_shell,A single part cannot close a vehicle-scale shell.,Additional endpoint/edge/far-side relation at GT scale.,yes,not revised GT; not final box; not selector; not identity truth; not GT-guided runtime prediction logic
GTREF_GM_RM011_s274_saronly_gm_rm011_000274_01,single_part_no_shell,A single part cannot close a vehicle-scale shell.,Additional endpoint/edge/far-side relation at GT scale.,yes,not revised GT; not final box; not selector; not identity truth; not GT-guided runtime prediction logic
GTREF_GM_RM011_s275_frameadd_gm_rm011_000132_000275_01,background_line_not_vehicle_shell,Background clutter can mimic a ridge or line.,Moving vehicle-like drift rather than background-stable response.,yes,not revised GT; not final box; not selector; not identity truth; not GT-guided runtime prediction logic
GTREF_GM_RM011_s275_frameadd_gm_rm011_000132_000275_01,gt_too_loose_for_structure,GT may include background or neighboring structures.,Manual GT quality review before strong morphology conclusion.,yes,not revised GT; not final box; not selector; not identity truth; not GT-guided runtime prediction logic
GTREF_GM_RM011_s275_frameadd_gm_rm011_000132_000275_02,gt_boundary_affected,GT quality or boundary effects weaken shell interpretation.,Manual review and temporal context.,yes,not revised GT; not final box; not selector; not identity truth; not GT-guided runtime prediction logic
GTREF_GM_RM011_s275_saronly_gm_rm011_000275_02,single_part_no_shell,A single part cannot close a vehicle-scale shell.,Additional endpoint/edge/far-side relation at GT scale.,yes,not revised GT; not final box; not selector; not identity truth; not GT-guided runtime prediction logic
GTREF_GM_RM011_s276_frameadd_gm_rm011_000132_000276_01,parts_too_scattered,Parts exist but do not form a stable shell relation.,Temporal drift consistency or clearer shell completion.,yes,not revised GT; not final box; not selector; not identity truth; not GT-guided runtime prediction logic
GTREF_GM_RM011_s276_frameadd_gm_rm011_000132_000276_01,background_line_not_vehicle_shell,Background clutter can mimic a ridge or line.,Moving vehicle-like drift rather than background-stable response.,yes,not revised GT; not final box; not selector; not identity truth; not GT-guided runtime prediction logic
GTREF_GM_RM011_s276_frameadd_gm_rm011_000132_000276_01,gt_too_loose_for_structure,GT may include background or neighboring structures.,Manual GT quality review before strong morphology conclusion.,yes,not revised GT; not final box; not selector; not identity truth; not GT-guided runtime prediction logic
GTREF_GM_RM011_s276_frameadd_gm_rm011_000132_000276_01,range_spread_without_core,Range spread alone can be environment or motion artifact.,A body core plus edge/endpoints.,yes,not revised GT; not final box; not selector; not identity truth; not GT-guided runtime prediction logic
GTREF_GM_RM011_s276_frameadd_gm_rm011_000132_000276_02,single_part_no_shell,A single part cannot close a vehicle-scale shell.,Additional endpoint/edge/far-side relation at GT scale.,yes,not revised GT; not final box; not selector; not identity truth; not GT-guided runtime prediction logic
GTREF_GM_RM011_s276_frameadd_gm_rm011_000132_000276_02,gt_boundary_affected,GT quality or boundary effects weaken shell interpretation.,Manual review and temporal context.,yes,not revised GT; not final box; not selector; not identity truth; not GT-guided runtime prediction logic
GTREF_GM_RM011_s276_frameadd_gm_rm011_000132_000276_02,near_field_spread_unresolved,Weak boundary or spread is not enough to assert a shell.,Persistent ridge/hotspot drift or clearer part relation.,yes,not revised GT; not final box; not selector; not identity truth; not GT-guided runtime prediction logic
GTREF_GM_RM011_s276_frameadd_gm_rm011_000132_000276_03,single_part_no_shell,A single part cannot close a vehicle-scale shell.,Additional endpoint/edge/far-side relation at GT scale.,yes,not revised GT; not final box; not selector; not identity truth; not GT-guided runtime prediction logic
GTREF_GM_RM011_s276_frameadd_gm_rm011_000132_000276_03,gt_boundary_affected,GT quality or boundary effects weaken shell interpretation.,Manual review and temporal context.,yes,not revised GT; not final box; not selector; not identity truth; not GT-guided runtime prediction logic
GTREF_GM_RM011_s276_saronly_gm_rm011_000276_01,gt_boundary_affected,GT quality or boundary effects weaken shell interpretation.,Manual review and temporal context.,yes,not revised GT; not final box; not selector; not identity truth; not GT-guided runtime prediction logic
GTREF_GM_RM011_s277_frameadd_gm_rm011_000133_000277_02,gt_boundary_affected,GT quality or boundary effects weaken shell interpretation.,Manual review and temporal context.,yes,not revised GT; not final box; not selector; not identity truth; not GT-guided runtime prediction logic
GTREF_GM_RM011_s277_frameadd_gm_rm011_000133_000277_03,parts_too_scattered,Parts exist but do not form a stable shell relation.,Temporal drift consistency or clearer shell completion.,yes,not revised GT; not final box; not selector; not identity truth; not GT-guided runtime prediction logic
GTREF_GM_RM011_s277_frameadd_gm_rm011_000133_000277_03,background_line_not_vehicle_shell,Background clutter can mimic a ridge or line.,Moving vehicle-like drift rather than background-stable response.,yes,not revised GT; not final box; not selector; not identity truth; not GT-guided runtime prediction logic
GTREF_GM_RM011_s277_frameadd_gm_rm011_000133_000277_03,gt_too_loose_for_structure,GT may include background or neighboring structures.,Manual GT quality review before strong morphology conclusion.,yes,not revised GT; not final box; not selector; not identity truth; not GT-guided runtime prediction logic
GTREF_GM_RM011_s277_frameadd_gm_rm011_000133_000277_03,range_spread_without_core,Range spread alone can be environment or motion artifact.,A body core plus edge/endpoints.,yes,not revised GT; not final box; not selector; not identity truth; not GT-guided runtime prediction logic
GTREF_GM_RM011_s278_frameadd_gm_rm011_000133_000278_01,parts_too_scattered,Parts exist but do not form a stable shell relation.,Temporal drift consistency or clearer shell completion.,yes,not revised GT; not final box; not selector; not identity truth; not GT-guided runtime prediction logic
GTREF_GM_RM011_s278_frameadd_gm_rm011_000133_000278_01,background_line_not_vehicle_shell,Background clutter can mimic a ridge or line.,Moving vehicle-like drift rather than background-stable response.,yes,not revised GT; not final box; not selector; not identity truth; not GT-guided runtime prediction logic
GTREF_GM_RM011_s278_frameadd_gm_rm011_000133_000278_01,gt_too_loose_for_structure,GT may include background or neighboring structures.,Manual GT quality review before strong morphology conclusion.,yes,not revised GT; not final box; not selector; not identity truth; not GT-guided runtime prediction logic
GTREF_GM_RM011_s278_frameadd_gm_rm011_000133_000278_01,range_spread_without_core,Range spread alone can be environment or motion artifact.,A body core plus edge/endpoints.,yes,not revised GT; not final box; not selector; not identity truth; not GT-guided runtime prediction logic
GTREF_GM_RM011_s278_frameadd_gm_rm011_000133_000278_03,single_part_no_shell,A single part cannot close a vehicle-scale shell.,Additional endpoint/edge/far-side relation at GT scale.,yes,not revised GT; not final box; not selector; not identity truth; not GT-guided runtime prediction logic
GTREF_GM_RM011_s278_saronly_gm_rm011_000278_01,gt_too_small_for_structure,GT may only cover a local high-energy part.,Check whether vehicle-scale body extends outside GT.,yes,not revised GT; not final box; not selector; not identity truth; not GT-guided runtime prediction logic
GTREF_GM_RM011_s279_frameadd_gm_rm011_000134_000279_01,parts_too_scattered,Parts exist but do not form a stable shell relation.,Temporal drift consistency or clearer shell completion.,yes,not revised GT; not final box; not selector; not identity truth; not GT-guided runtime prediction logic
GTREF_GM_RM011_s279_frameadd_gm_rm011_000134_000279_01,gt_boundary_affected,GT quality or boundary effects weaken shell interpretation.,Manual review and temporal context.,yes,not revised GT; not final box; not selector; not identity truth; not GT-guided runtime prediction logic
GTREF_GM_RM011_s279_frameadd_gm_rm011_000134_000279_01,range_spread_without_core,Range spread alone can be environment or motion artifact.,A body core plus edge/endpoints.,yes,not revised GT; not final box; not selector; not identity truth; not GT-guided runtime prediction logic
GTREF_GM_RM011_s279_frameadd_gm_rm011_000134_000279_02,single_part_no_shell,A single part cannot close a vehicle-scale shell.,Additional endpoint/edge/far-side relation at GT scale.,yes,not revised GT; not final box; not selector; not identity truth; not GT-guided runtime prediction logic
GTREF_GM_RM011_s279_frameadd_gm_rm011_000134_000279_02,near_field_spread_unresolved,Weak boundary or spread is not enough to assert a shell.,Persistent ridge/hotspot drift or clearer part relation.,yes,not revised GT; not final box; not selector; not identity truth; not GT-guided runtime prediction logic
GTREF_GM_RM011_s279_frameadd_gm_rm011_000134_000279_03,single_part_no_shell,A single part cannot close a vehicle-scale shell.,Additional endpoint/edge/far-side relation at GT scale.,yes,not revised GT; not final box; not selector; not identity truth; not GT-guided runtime prediction logic
GTREF_GM_RM011_s280_frameadd_gm_rm011_000134_000280_01,single_part_no_shell,A single part cannot close a vehicle-scale shell.,Additional endpoint/edge/far-side relation at GT scale.,yes,not revised GT; not final box; not selector; not identity truth; not GT-guided runtime prediction logic
GTREF_GM_RM011_s280_frameadd_gm_rm011_000134_000280_01,background_line_not_vehicle_shell,Background clutter can mimic a ridge or line.,Moving vehicle-like drift rather than background-stable response.,yes,not revised GT; not final box; not selector; not identity truth; not GT-guided runtime prediction logic
GTREF_GM_RM011_s280_frameadd_gm_rm011_000134_000280_01,gt_too_loose_for_structure,GT may include background or neighboring structures.,Manual GT quality review before strong morphology conclusion.,yes,not revised GT; not final box; not selector; not identity truth; not GT-guided runtime prediction logic
GTREF_GM_RM011_s280_frameadd_gm_rm011_000134_000280_02,background_line_not_vehicle_shell,Background clutter can mimic a ridge or line.,Moving vehicle-like drift rather than background-stable response.,yes,not revised GT; not final box; not selector; not identity truth; not GT-guided runtime prediction logic
GTREF_GM_RM011_s280_frameadd_gm_rm011_000134_000280_02,gt_too_loose_for_structure,GT may include background or neighboring structures.,Manual GT quality review before strong morphology conclusion.,yes,not revised GT; not final box; not selector; not identity truth; not GT-guided runtime prediction logic
GTREF_GM_RM011_s280_frameadd_gm_rm011_000134_000280_03,single_part_no_shell,A single part cannot close a vehicle-scale shell.,Additional endpoint/edge/far-side relation at GT scale.,yes,not revised GT; not final box; not selector; not identity truth; not GT-guided runtime prediction logic
GTREF_GM_RM011_s282_frameadd_gm_rm011_000135_000282_01,background_line_not_vehicle_shell,Background clutter can mimic a ridge or line.,Moving vehicle-like drift rather than background-stable response.,yes,not revised GT; not final box; not selector; not identity truth; not GT-guided runtime prediction logic
GTREF_GM_RM011_s282_frameadd_gm_rm011_000135_000282_01,gt_too_loose_for_structure,GT may include background or neighboring structures.,Manual GT quality review before strong morphology conclusion.,yes,not revised GT; not final box; not selector; not identity truth; not GT-guided runtime prediction logic
GTREF_GM_RM011_s282_frameadd_gm_rm011_000135_000282_03,single_part_no_shell,A single part cannot close a vehicle-scale shell.,Additional endpoint/edge/far-side relation at GT scale.,yes,not revised GT; not final box; not selector; not identity truth; not GT-guided runtime prediction logic
GTREF_GM_RM011_s282_frameadd_gm_rm011_000135_000282_03,gt_boundary_affected,GT quality or boundary effects weaken shell interpretation.,Manual review and temporal context.,yes,not revised GT; not final box; not selector; not identity truth; not GT-guided runtime prediction logic
GTREF_GM_RM011_s283_frameadd_gm_rm011_000136_000283_03,single_part_no_shell,A single part cannot close a vehicle-scale shell.,Additional endpoint/edge/far-side relation at GT scale.,yes,not revised GT; not final box; not selector; not identity truth; not GT-guided runtime prediction logic
GTREF_GM_RM011_s284_frameadd_gm_rm011_000136_000284_02,background_line_not_vehicle_shell,Background clutter can mimic a ridge or line.,Moving vehicle-like drift rather than background-stable response.,yes,not revised GT; not final box; not selector; not identity truth; not GT-guided runtime prediction logic
GTREF_GM_RM011_s284_frameadd_gm_rm011_000136_000284_02,gt_too_loose_for_structure,GT may include background or neighboring structures.,Manual GT quality review before strong morphology conclusion.,yes,not revised GT; not final box; not selector; not identity truth; not GT-guided runtime prediction logic
GTREF_GM_RM011_s284_frameadd_gm_rm011_000136_000284_03,single_part_no_shell,A single part cannot close a vehicle-scale shell.,Additional endpoint/edge/far-side relation at GT scale.,yes,not revised GT; not final box; not selector; not identity truth; not GT-guided runtime prediction logic
PAIR_GM_RM017_o169_s352_oty1t_obj_GM_RM017_bytetrack_bt_0012,support_miss_structure,GT-anchored vehicle-scale structure is outside support.,Support construction or motion-drift compatibility review; do not search only inside support.,yes,not revised GT; not final box; not selector; not identity truth; not GT-guided runtime prediction logic
PAIR_GM_RM017_o186_s387_oty1t_obj_GM_RM017_bytetrack_bt_0012,support_miss_structure,GT-anchored vehicle-scale structure is outside support.,Support construction or motion-drift compatibility review; do not search only inside support.,yes,not revised GT; not final box; not selector; not identity truth; not GT-guided runtime prediction logic
PAIR_GM_RM017_o210_s438_oty1t_obj_GM_RM017_bytetrack_bt_0012,support_miss_structure,GT-anchored vehicle-scale structure is outside support.,Support construction or motion-drift compatibility review; do not search only inside support.,yes,not revised GT; not final box; not selector; not identity truth; not GT-guided runtime prediction logic
PAIR_GM_RM019_o13_s27_oty1t_obj_GM_RM019_bytetrack_bt_0005,support_miss_structure,GT-anchored vehicle-scale structure is outside support.,Support construction or motion-drift compatibility review; do not search only inside support.,yes,not revised GT; not final box; not selector; not identity truth; not GT-guided runtime prediction logic
PAIR_GM_RM019_o15_s31_oty1t_obj_GM_RM019_bytetrack_bt_0005,support_miss_structure,GT-anchored vehicle-scale structure is outside support.,Support construction or motion-drift compatibility review; do not search only inside support.,yes,not revised GT; not final box; not selector; not identity truth; not GT-guided runtime prediction logic
PAIR_GM_RM019_o39_s81_oty1t_obj_GM_RM019_bytetrack_bt_0005,support_miss_structure,GT-anchored vehicle-scale structure is outside support.,Support construction or motion-drift compatibility review; do not search only inside support.,yes,not revised GT; not final box; not selector; not identity truth; not GT-guided runtime prediction logic
PAIR_GM_RM019_o13_s27_oty1t_obj_GM_RM019_bytetrack_bt_0009,support_miss_structure,GT-anchored vehicle-scale structure is outside support.,Support construction or motion-drift compatibility review; do not search only inside support.,yes,not revised GT; not final box; not selector; not identity truth; not GT-guided runtime prediction logic
PAIR_GM_RM019_o131_s273_oty1t_obj_GM_RM019_bytetrack_bt_0080,support_miss_structure,GT-anchored vehicle-scale structure is outside support.,Support construction or motion-drift compatibility review; do not search only inside support.,yes,not revised GT; not final box; not selector; not identity truth; not GT-guided runtime prediction logic
PAIR_GM_RM019_o139_s290_oty1t_obj_GM_RM019_bytetrack_bt_0080,support_miss_structure,GT-anchored vehicle-scale structure is outside support.,Support construction or motion-drift compatibility review; do not search only inside support.,yes,not revised GT; not final box; not selector; not identity truth; not GT-guided runtime prediction logic
PAIR_GM_RM019_o0_s0_oty1t_obj_GM_RM019_bytetrack_bt_0001,support_miss_structure,GT-anchored vehicle-scale structure is outside support.,Support construction or motion-drift compatibility review; do not search only inside support.,yes,not revised GT; not final box; not selector; not identity truth; not GT-guided runtime prediction logic
PAIR_GM_RM019_o2_s4_oty1t_obj_GM_RM019_bytetrack_bt_0001,support_miss_structure,GT-anchored vehicle-scale structure is outside support.,Support construction or motion-drift compatibility review; do not search only inside support.,yes,not revised GT; not final box; not selector; not identity truth; not GT-guided runtime prediction logic
GTREF_GM_RM011_s0_336,temporal_not_available,This reference-pool row is not part of the paired temporal object-stream probe.,Object-stream recovery or paired temporal review before temporal drift claims.,no,not revised GT; not final box; not selector; not identity truth; not GT-guided runtime prediction logic
GTREF_GM_RM011_s0_2,temporal_not_available,This reference-pool row is not part of the paired temporal object-stream probe.,Object-stream recovery or paired temporal review before temporal drift claims.,no,not revised GT; not final box; not selector; not identity truth; not GT-guided runtime prediction logic
GTREF_GM_RM011_s1_3,temporal_not_available,This reference-pool row is not part of the paired temporal object-stream probe.,Object-stream recovery or paired temporal review before temporal drift claims.,no,not revised GT; not final box; not selector; not identity truth; not GT-guided runtime prediction logic
GTREF_GM_RM011_s1_4,temporal_not_available,This reference-pool row is not part of the paired temporal object-stream probe.,Object-stream recovery or paired temporal review before temporal drift claims.,no,not revised GT; not final box; not selector; not identity truth; not GT-guided runtime prediction logic
GTREF_GM_RM011_s2_336,temporal_not_available,This reference-pool row is not part of the paired temporal object-stream probe.,Object-stream recovery or paired temporal review before temporal drift claims.,no,not revised GT; not final box; not selector; not identity truth; not GT-guided runtime prediction logic
GTREF_GM_RM011_s2_5,temporal_not_available,This reference-pool row is not part of the paired temporal object-stream probe.,Object-stream recovery or paired temporal review before temporal drift claims.,no,not revised GT; not final box; not selector; not identity truth; not GT-guided runtime prediction logic
GTREF_GM_RM011_s3_6,temporal_not_available,This reference-pool row is not part of the paired temporal object-stream probe.,Object-stream recovery or paired temporal review before temporal drift claims.,no,not revised GT; not final box; not selector; not identity truth; not GT-guided runtime prediction logic
GTREF_GM_RM011_s3_7,temporal_not_available,This reference-pool row is not part of the paired temporal object-stream probe.,Object-stream recovery or paired temporal review before temporal drift claims.,no,not revised GT; not final box; not selector; not identity truth; not GT-guided runtime prediction logic
GTREF_GM_RM011_s4_8,temporal_not_available,This reference-pool row is not part of the paired temporal object-stream probe.,Object-stream recovery or paired temporal review before temporal drift claims.,no,not revised GT; not final box; not selector; not identity truth; not GT-guided runtime prediction logic
GTREF_GM_RM011_s4_9,temporal_not_available,This reference-pool row is not part of the paired temporal object-stream probe.,Object-stream recovery or paired temporal review before temporal drift claims.,no,not revised GT; not final box; not selector; not identity truth; not GT-guided runtime prediction logic
GTREF_GM_RM011_s5_10,temporal_not_available,This reference-pool row is not part of the paired temporal object-stream probe.,Object-stream recovery or paired temporal review before temporal drift claims.,no,not revised GT; not final box; not selector; not identity truth; not GT-guided runtime prediction logic
GTREF_GM_RM011_s5_11,temporal_not_available,This reference-pool row is not part of the paired temporal object-stream probe.,Object-stream recovery or paired temporal review before temporal drift claims.,no,not revised GT; not final box; not selector; not identity truth; not GT-guided runtime prediction logic
GTREF_GM_RM011_s6_12,temporal_not_available,This reference-pool row is not part of the paired temporal object-stream probe.,Object-stream recovery or paired temporal review before temporal drift claims.,no,not revised GT; not final box; not selector; not identity truth; not GT-guided runtime prediction logic
GTREF_GM_RM011_s6_13,temporal_not_available,This reference-pool row is not part of the paired temporal object-stream probe.,Object-stream recovery or paired temporal review before temporal drift claims.,no,not revised GT; not final box; not selector; not identity truth; not GT-guided runtime prediction logic
GTREF_GM_RM011_s7_14,temporal_not_available,This reference-pool row is not part of the paired temporal object-stream probe.,Object-stream recovery or paired temporal review before temporal drift claims.,no,not revised GT; not final box; not selector; not identity truth; not GT-guided runtime prediction logic
GTREF_GM_RM011_s7_15,temporal_not_available,This reference-pool row is not part of the paired temporal object-stream probe.,Object-stream recovery or paired temporal review before temporal drift claims.,no,not revised GT; not final box; not selector; not identity truth; not GT-guided runtime prediction logic
GTREF_GM_RM011_s8_16,temporal_not_available,This reference-pool row is not part of the paired temporal object-stream probe.,Object-stream recovery or paired temporal review before temporal drift claims.,no,not revised GT; not final box; not selector; not identity truth; not GT-guided runtime prediction logic
GTREF_GM_RM011_s9_17,temporal_not_available,This reference-pool row is not part of the paired temporal object-stream probe.,Object-stream recovery or paired temporal review before temporal drift claims.,no,not revised GT; not final box; not selector; not identity truth; not GT-guided runtime prediction logic
GTREF_GM_RM011_s10_18,temporal_not_available,This reference-pool row is not part of the paired temporal object-stream probe.,Object-stream recovery or paired temporal review before temporal drift claims.,no,not revised GT; not final box; not selector; not identity truth; not GT-guided runtime prediction logic
GTREF_GM_RM011_s11_19,temporal_not_available,This reference-pool row is not part of the paired temporal object-stream probe.,Object-stream recovery or paired temporal review before temporal drift claims.,no,not revised GT; not final box; not selector; not identity truth; not GT-guided runtime prediction logic
GTREF_GM_RM011_s12_20,temporal_not_available,This reference-pool row is not part of the paired temporal object-stream probe.,Object-stream recovery or paired temporal review before temporal drift claims.,no,not revised GT; not final box; not selector; not identity truth; not GT-guided runtime prediction logic
GTREF_GM_RM011_s12_21,temporal_not_available,This reference-pool row is not part of the paired temporal object-stream probe.,Object-stream recovery or paired temporal review before temporal drift claims.,no,not revised GT; not final box; not selector; not identity truth; not GT-guided runtime prediction logic
GTREF_GM_RM011_s13_22,temporal_not_available,This reference-pool row is not part of the paired temporal object-stream probe.,Object-stream recovery or paired temporal review before temporal drift claims.,no,not revised GT; not final box; not selector; not identity truth; not GT-guided runtime prediction logic
GTREF_GM_RM011_s13_23,temporal_not_available,This reference-pool row is not part of the paired temporal object-stream probe.,Object-stream recovery or paired temporal review before temporal drift claims.,no,not revised GT; not final box; not selector; not identity truth; not GT-guided runtime prediction logic
GTREF_GM_RM011_s14_24,temporal_not_available,This reference-pool row is not part of the paired temporal object-stream probe.,Object-stream recovery or paired temporal review before temporal drift claims.,no,not revised GT; not final box; not selector; not identity truth; not GT-guided runtime prediction logic
GTREF_GM_RM011_s14_25,temporal_not_available,This reference-pool row is not part of the paired temporal object-stream probe.,Object-stream recovery or paired temporal review before temporal drift claims.,no,not revised GT; not final box; not selector; not identity truth; not GT-guided runtime prediction logic
GTREF_GM_RM011_s15_26,temporal_not_available,This reference-pool row is not part of the paired temporal object-stream probe.,Object-stream recovery or paired temporal review before temporal drift claims.,no,not revised GT; not final box; not selector; not identity truth; not GT-guided runtime prediction logic
GTREF_GM_RM011_s15_27,temporal_not_available,This reference-pool row is not part of the paired temporal object-stream probe.,Object-stream recovery or paired temporal review before temporal drift claims.,no,not revised GT; not final box; not selector; not identity truth; not GT-guided runtime prediction logic
GTREF_GM_RM011_s16_28,temporal_not_available,This reference-pool row is not part of the paired temporal object-stream probe.,Object-stream recovery or paired temporal review before temporal drift claims.,no,not revised GT; not final box; not selector; not identity truth; not GT-guided runtime prediction logic
GTREF_GM_RM011_s16_29,temporal_not_available,This reference-pool row is not part of the paired temporal object-stream probe.,Object-stream recovery or paired temporal review before temporal drift claims.,no,not revised GT; not final box; not selector; not identity truth; not GT-guided runtime prediction logic
GTREF_GM_RM011_s17_30,temporal_not_available,This reference-pool row is not part of the paired temporal object-stream probe.,Object-stream recovery or paired temporal review before temporal drift claims.,no,not revised GT; not final box; not selector; not identity truth; not GT-guided runtime prediction logic
GTREF_GM_RM011_s17_31,temporal_not_available,This reference-pool row is not part of the paired temporal object-stream probe.,Object-stream recovery or paired temporal review before temporal drift claims.,no,not revised GT; not final box; not selector; not identity truth; not GT-guided runtime prediction logic
GTREF_GM_RM011_s17_32,temporal_not_available,This reference-pool row is not part of the paired temporal object-stream probe.,Object-stream recovery or paired temporal review before temporal drift claims.,no,not revised GT; not final box; not selector; not identity truth; not GT-guided runtime prediction logic
GTREF_GM_RM011_s18_33,temporal_not_available,This reference-pool row is not part of the paired temporal object-stream probe.,Object-stream recovery or paired temporal review before temporal drift claims.,no,not revised GT; not final box; not selector; not identity truth; not GT-guided runtime prediction logic
GTREF_GM_RM011_s18_34,temporal_not_available,This reference-pool row is not part of the paired temporal object-stream probe.,Object-stream recovery or paired temporal review before temporal drift claims.,no,not revised GT; not final box; not selector; not identity truth; not GT-guided runtime prediction logic
GTREF_GM_RM011_s19_35,temporal_not_available,This reference-pool row is not part of the paired temporal object-stream probe.,Object-stream recovery or paired temporal review before temporal drift claims.,no,not revised GT; not final box; not selector; not identity truth; not GT-guided runtime prediction logic
GTREF_GM_RM011_s19_36,temporal_not_available,This reference-pool row is not part of the paired temporal object-stream probe.,Object-stream recovery or paired temporal review before temporal drift claims.,no,not revised GT; not final box; not selector; not identity truth; not GT-guided runtime prediction logic
GTREF_GM_RM011_s19_37,temporal_not_available,This reference-pool row is not part of the paired temporal object-stream probe.,Object-stream recovery or paired temporal review before temporal drift claims.,no,not revised GT; not final box; not selector; not identity truth; not GT-guided runtime prediction logic
GTREF_GM_RM011_s20_38,temporal_not_available,This reference-pool row is not part of the paired temporal object-stream probe.,Object-stream recovery or paired temporal review before temporal drift claims.,no,not revised GT; not final box; not selector; not identity truth; not GT-guided runtime prediction logic
GTREF_GM_RM011_s20_39,temporal_not_available,This reference-pool row is not part of the paired temporal object-stream probe.,Object-stream recovery or paired temporal review before temporal drift claims.,no,not revised GT; not final box; not selector; not identity truth; not GT-guided runtime prediction logic
GTREF_GM_RM011_s21_40,temporal_not_available,This reference-pool row is not part of the paired temporal object-stream probe.,Object-stream recovery or paired temporal review before temporal drift claims.,no,not revised GT; not final box; not selector; not identity truth; not GT-guided runtime prediction logic
GTREF_GM_RM011_s21_41,temporal_not_available,This reference-pool row is not part of the paired temporal object-stream probe.,Object-stream recovery or paired temporal review before temporal drift claims.,no,not revised GT; not final box; not selector; not identity truth; not GT-guided runtime prediction logic
GTREF_GM_RM011_s21_42,temporal_not_available,This reference-pool row is not part of the paired temporal object-stream probe.,Object-stream recovery or paired temporal review before temporal drift claims.,no,not revised GT; not final box; not selector; not identity truth; not GT-guided runtime prediction logic
GTREF_GM_RM011_s22_43,temporal_not_available,This reference-pool row is not part of the paired temporal object-stream probe.,Object-stream recovery or paired temporal review before temporal drift claims.,no,not revised GT; not final box; not selector; not identity truth; not GT-guided runtime prediction logic
GTREF_GM_RM011_s22_44,temporal_not_available,This reference-pool row is not part of the paired temporal object-stream probe.,Object-stream recovery or paired temporal review before temporal drift claims.,no,not revised GT; not final box; not selector; not identity truth; not GT-guided runtime prediction logic
GTREF_GM_RM011_s23_45,temporal_not_available,This reference-pool row is not part of the paired temporal object-stream probe.,Object-stream recovery or paired temporal review before temporal drift claims.,no,not revised GT; not final box; not selector; not identity truth; not GT-guided runtime prediction logic
GTREF_GM_RM011_s23_46,temporal_not_available,This reference-pool row is not part of the paired temporal object-stream probe.,Object-stream recovery or paired temporal review before temporal drift claims.,no,not revised GT; not final box; not selector; not identity truth; not GT-guided runtime prediction logic
GTREF_GM_RM011_s23_47,temporal_not_available,This reference-pool row is not part of the paired temporal object-stream probe.,Object-stream recovery or paired temporal review before temporal drift claims.,no,not revised GT; not final box; not selector; not identity truth; not GT-guided runtime prediction logic
GTREF_GM_RM011_s24_48,temporal_not_available,This reference-pool row is not part of the paired temporal object-stream probe.,Object-stream recovery or paired temporal review before temporal drift claims.,no,not revised GT; not final box; not selector; not identity truth; not GT-guided runtime prediction logic
GTREF_GM_RM011_s24_49,temporal_not_available,This reference-pool row is not part of the paired temporal object-stream probe.,Object-stream recovery or paired temporal review before temporal drift claims.,no,not revised GT; not final box; not selector; not identity truth; not GT-guided runtime prediction logic
GTREF_GM_RM011_s25_50,temporal_not_available,This reference-pool row is not part of the paired temporal object-stream probe.,Object-stream recovery or paired temporal review before temporal drift claims.,no,not revised GT; not final box; not selector; not identity truth; not GT-guided runtime prediction logic
GTREF_GM_RM011_s25_51,temporal_not_available,This reference-pool row is not part of the paired temporal object-stream probe.,Object-stream recovery or paired temporal review before temporal drift claims.,no,not revised GT; not final box; not selector; not identity truth; not GT-guided runtime prediction logic
GTREF_GM_RM011_s25_52,temporal_not_available,This reference-pool row is not part of the paired temporal object-stream probe.,Object-stream recovery or paired temporal review before temporal drift claims.,no,not revised GT; not final box; not selector; not identity truth; not GT-guided runtime prediction logic
GTREF_GM_RM011_s26_53,temporal_not_available,This reference-pool row is not part of the paired temporal object-stream probe.,Object-stream recovery or paired temporal review before temporal drift claims.,no,not revised GT; not final box; not selector; not identity truth; not GT-guided runtime prediction logic
GTREF_GM_RM011_s26_54,temporal_not_available,This reference-pool row is not part of the paired temporal object-stream probe.,Object-stream recovery or paired temporal review before temporal drift claims.,no,not revised GT; not final box; not selector; not identity truth; not GT-guided runtime prediction logic
GTREF_GM_RM011_s27_55,temporal_not_available,This reference-pool row is not part of the paired temporal object-stream probe.,Object-stream recovery or paired temporal review before temporal drift claims.,no,not revised GT; not final box; not selector; not identity truth; not GT-guided runtime prediction logic
GTREF_GM_RM011_s27_56,temporal_not_available,This reference-pool row is not part of the paired temporal object-stream probe.,Object-stream recovery or paired temporal review before temporal drift claims.,no,not revised GT; not final box; not selector; not identity truth; not GT-guided runtime prediction logic
GTREF_GM_RM011_s28_57,temporal_not_available,This reference-pool row is not part of the paired temporal object-stream probe.,Object-stream recovery or paired temporal review before temporal drift claims.,no,not revised GT; not final box; not selector; not identity truth; not GT-guided runtime prediction logic
GTREF_GM_RM011_s29_58,temporal_not_available,This reference-pool row is not part of the paired temporal object-stream probe.,Object-stream recovery or paired temporal review before temporal drift claims.,no,not revised GT; not final box; not selector; not identity truth; not GT-guided runtime prediction logic
GTREF_GM_RM011_s29_59,temporal_not_available,This reference-pool row is not part of the paired temporal object-stream probe.,Object-stream recovery or paired temporal review before temporal drift claims.,no,not revised GT; not final box; not selector; not identity truth; not GT-guided runtime prediction logic
GTREF_GM_RM011_s30_60,temporal_not_available,This reference-pool row is not part of the paired temporal object-stream probe.,Object-stream recovery or paired temporal review before temporal drift claims.,no,not revised GT; not final box; not selector; not identity truth; not GT-guided runtime prediction logic
GTREF_GM_RM011_s31_61,temporal_not_available,This reference-pool row is not part of the paired temporal object-stream probe.,Object-stream recovery or paired temporal review before temporal drift claims.,no,not revised GT; not final box; not selector; not identity truth; not GT-guided runtime prediction logic
GTREF_GM_RM011_s31_62,temporal_not_available,This reference-pool row is not part of the paired temporal object-stream probe.,Object-stream recovery or paired temporal review before temporal drift claims.,no,not revised GT; not final box; not selector; not identity truth; not GT-guided runtime prediction logic
GTREF_GM_RM011_s32_63,temporal_not_available,This reference-pool row is not part of the paired temporal object-stream probe.,Object-stream recovery or paired temporal review before temporal drift claims.,no,not revised GT; not final box; not selector; not identity truth; not GT-guided runtime prediction logic
GTREF_GM_RM011_s33_64,temporal_not_available,This reference-pool row is not part of the paired temporal object-stream probe.,Object-stream recovery or paired temporal review before temporal drift claims.,no,not revised GT; not final box; not selector; not identity truth; not GT-guided runtime prediction logic
GTREF_GM_RM011_s34_65,temporal_not_available,This reference-pool row is not part of the paired temporal object-stream probe.,Object-stream recovery or paired temporal review before temporal drift claims.,no,not revised GT; not final box; not selector; not identity truth; not GT-guided runtime prediction logic
GTREF_GM_RM011_s35_66,temporal_not_available,This reference-pool row is not part of the paired temporal object-stream probe.,Object-stream recovery or paired temporal review before temporal drift claims.,no,not revised GT; not final box; not selector; not identity truth; not GT-guided runtime prediction logic
GTREF_GM_RM011_s35_67,temporal_not_available,This reference-pool row is not part of the paired temporal object-stream probe.,Object-stream recovery or paired temporal review before temporal drift claims.,no,not revised GT; not final box; not selector; not identity truth; not GT-guided runtime prediction logic
GTREF_GM_RM011_s36_68,temporal_not_available,This reference-pool row is not part of the paired temporal object-stream probe.,Object-stream recovery or paired temporal review before temporal drift claims.,no,not revised GT; not final box; not selector; not identity truth; not GT-guided runtime prediction logic
GTREF_GM_RM011_s58_69,temporal_not_available,This reference-pool row is not part of the paired temporal object-stream probe.,Object-stream recovery or paired temporal review before temporal drift claims.,no,not revised GT; not final box; not selector; not identity truth; not GT-guided runtime prediction logic
GTREF_GM_RM011_s58_70,temporal_not_available,This reference-pool row is not part of the paired temporal object-stream probe.,Object-stream recovery or paired temporal review before temporal drift claims.,no,not revised GT; not final box; not selector; not identity truth; not GT-guided runtime prediction logic
GTREF_GM_RM011_s73_71,temporal_not_available,This reference-pool row is not part of the paired temporal object-stream probe.,Object-stream recovery or paired temporal review before temporal drift claims.,no,not revised GT; not final box; not selector; not identity truth; not GT-guided runtime prediction logic
GTREF_GM_RM011_s244_72,temporal_not_available,This reference-pool row is not part of the paired temporal object-stream probe.,Object-stream recovery or paired temporal review before temporal drift claims.,no,not revised GT; not final box; not selector; not identity truth; not GT-guided runtime prediction logic
GTREF_GM_RM011_s244_73,temporal_not_available,This reference-pool row is not part of the paired temporal object-stream probe.,Object-stream recovery or paired temporal review before temporal drift claims.,no,not revised GT; not final box; not selector; not identity truth; not GT-guided runtime prediction logic
GTREF_GM_RM011_s244_74,temporal_not_available,This reference-pool row is not part of the paired temporal object-stream probe.,Object-stream recovery or paired temporal review before temporal drift claims.,no,not revised GT; not final box; not selector; not identity truth; not GT-guided runtime prediction logic
GTREF_GM_RM011_s256_75,temporal_not_available,This reference-pool row is not part of the paired temporal object-stream probe.,Object-stream recovery or paired temporal review before temporal drift claims.,no,not revised GT; not final box; not selector; not identity truth; not GT-guided runtime prediction logic
GTREF_GM_RM011_s256_76,temporal_not_available,This reference-pool row is not part of the paired temporal object-stream probe.,Object-stream recovery or paired temporal review before temporal drift claims.,no,not revised GT; not final box; not selector; not identity truth; not GT-guided runtime prediction logic
GTREF_GM_RM011_s256_77,temporal_not_available,This reference-pool row is not part of the paired temporal object-stream probe.,Object-stream recovery or paired temporal review before temporal drift claims.,no,not revised GT; not final box; not selector; not identity truth; not GT-guided runtime prediction logic
GTREF_GM_RM011_s260_78,temporal_not_available,This reference-pool row is not part of the paired temporal object-stream probe.,Object-stream recovery or paired temporal review before temporal drift claims.,no,not revised GT; not final box; not selector; not identity truth; not GT-guided runtime prediction logic
GTREF_GM_RM011_s260_79,temporal_not_available,This reference-pool row is not part of the paired temporal object-stream probe.,Object-stream recovery or paired temporal review before temporal drift claims.,no,not revised GT; not final box; not selector; not identity truth; not GT-guided runtime prediction logic
GTREF_GM_RM011_s260_80,temporal_not_available,This reference-pool row is not part of the paired temporal object-stream probe.,Object-stream recovery or paired temporal review before temporal drift claims.,no,not revised GT; not final box; not selector; not identity truth; not GT-guided runtime prediction logic
GTREF_GM_RM011_s281_81,temporal_not_available,This reference-pool row is not part of the paired temporal object-stream probe.,Object-stream recovery or paired temporal review before temporal drift claims.,no,not revised GT; not final box; not selector; not identity truth; not GT-guided runtime prediction logic
GTREF_GM_RM011_s281_82,temporal_not_available,This reference-pool row is not part of the paired temporal object-stream probe.,Object-stream recovery or paired temporal review before temporal drift claims.,no,not revised GT; not final box; not selector; not identity truth; not GT-guided runtime prediction logic
GTREF_GM_RM011_s281_83,temporal_not_available,This reference-pool row is not part of the paired temporal object-stream probe.,Object-stream recovery or paired temporal review before temporal drift claims.,no,not revised GT; not final box; not selector; not identity truth; not GT-guided runtime prediction logic
GTREF_GM_RM011_s315_84,temporal_not_available,This reference-pool row is not part of the paired temporal object-stream probe.,Object-stream recovery or paired temporal review before temporal drift claims.,no,not revised GT; not final box; not selector; not identity truth; not GT-guided runtime prediction logic
GTREF_GM_RM011_s315_85,temporal_not_available,This reference-pool row is not part of the paired temporal object-stream probe.,Object-stream recovery or paired temporal review before temporal drift claims.,no,not revised GT; not final box; not selector; not identity truth; not GT-guided runtime prediction logic
GTREF_GM_RM011_s335_86,temporal_not_available,This reference-pool row is not part of the paired temporal object-stream probe.,Object-stream recovery or paired temporal review before temporal drift claims.,no,not revised GT; not final box; not selector; not identity truth; not GT-guided runtime prediction logic
GTREF_GM_RM011_s335_87,temporal_not_available,This reference-pool row is not part of the paired temporal object-stream probe.,Object-stream recovery or paired temporal review before temporal drift claims.,no,not revised GT; not final box; not selector; not identity truth; not GT-guided runtime prediction logic
GTREF_GM_RM011_s442_88,temporal_not_available,This reference-pool row is not part of the paired temporal object-stream probe.,Object-stream recovery or paired temporal review before temporal drift claims.,no,not revised GT; not final box; not selector; not identity truth; not GT-guided runtime prediction logic
GTREF_GM_RM011_s444_89,temporal_not_available,This reference-pool row is not part of the paired temporal object-stream probe.,Object-stream recovery or paired temporal review before temporal drift claims.,no,not revised GT; not final box; not selector; not identity truth; not GT-guided runtime prediction logic
GTREF_GM_RM011_s469_90,temporal_not_available,This reference-pool row is not part of the paired temporal object-stream probe.,Object-stream recovery or paired temporal review before temporal drift claims.,no,not revised GT; not final box; not selector; not identity truth; not GT-guided runtime prediction logic
GTREF_GM_RM011_s506_91,temporal_not_available,This reference-pool row is not part of the paired temporal object-stream probe.,Object-stream recovery or paired temporal review before temporal drift claims.,no,not revised GT; not final box; not selector; not identity truth; not GT-guided runtime prediction logic
GTREF_GM_RM011_s506_92,temporal_not_available,This reference-pool row is not part of the paired temporal object-stream probe.,Object-stream recovery or paired temporal review before temporal drift claims.,no,not revised GT; not final box; not selector; not identity truth; not GT-guided runtime prediction logic
GTREF_GM_RM011_s510_93,temporal_not_available,This reference-pool row is not part of the paired temporal object-stream probe.,Object-stream recovery or paired temporal review before temporal drift claims.,no,not revised GT; not final box; not selector; not identity truth; not GT-guided runtime prediction logic
GTREF_GM_RM011_s510_94,temporal_not_available,This reference-pool row is not part of the paired temporal object-stream probe.,Object-stream recovery or paired temporal review before temporal drift claims.,no,not revised GT; not final box; not selector; not identity truth; not GT-guided runtime prediction logic
GTREF_GM_RM017_s302_96,temporal_not_available,This reference-pool row is not part of the paired temporal object-stream probe.,Object-stream recovery or paired temporal review before temporal drift claims.,no,not revised GT; not final box; not selector; not identity truth; not GT-guided runtime prediction logic
GTREF_GM_RM017_s310_97,temporal_not_available,This reference-pool row is not part of the paired temporal object-stream probe.,Object-stream recovery or paired temporal review before temporal drift claims.,no,not revised GT; not final box; not selector; not identity truth; not GT-guided runtime prediction logic
GTREF_GM_RM017_s381_263,temporal_not_available,This reference-pool row is not part of the paired temporal object-stream probe.,Object-stream recovery or paired temporal review before temporal drift claims.,no,not revised GT; not final box; not selector; not identity truth; not GT-guided runtime prediction logic
GTREF_GM_RM017_s382_266,temporal_not_available,This reference-pool row is not part of the paired temporal object-stream probe.,Object-stream recovery or paired temporal review before temporal drift claims.,no,not revised GT; not final box; not selector; not identity truth; not GT-guided runtime prediction logic
GTREF_GM_RM017_s385_275,temporal_not_available,This reference-pool row is not part of the paired temporal object-stream probe.,Object-stream recovery or paired temporal review before temporal drift claims.,no,not revised GT; not final box; not selector; not identity truth; not GT-guided runtime prediction logic
GTREF_GM_RM017_s386_278,temporal_not_available,This reference-pool row is not part of the paired temporal object-stream probe.,Object-stream recovery or paired temporal review before temporal drift claims.,no,not revised GT; not final box; not selector; not identity truth; not GT-guided runtime prediction logic
GTREF_GM_RM017_s387_281,temporal_not_available,This reference-pool row is not part of the paired temporal object-stream probe.,Object-stream recovery or paired temporal review before temporal drift claims.,no,not revised GT; not final box; not selector; not identity truth; not GT-guided runtime prediction logic
GTREF_GM_RM017_s388_284,temporal_not_available,This reference-pool row is not part of the paired temporal object-stream probe.,Object-stream recovery or paired temporal review before temporal drift claims.,no,not revised GT; not final box; not selector; not identity truth; not GT-guided runtime prediction logic
GTREF_GM_RM017_s389_287,temporal_not_available,This reference-pool row is not part of the paired temporal object-stream probe.,Object-stream recovery or paired temporal review before temporal drift claims.,no,not revised GT; not final box; not selector; not identity truth; not GT-guided runtime prediction logic
GTREF_GM_RM017_s390_290,temporal_not_available,This reference-pool row is not part of the paired temporal object-stream probe.,Object-stream recovery or paired temporal review before temporal drift claims.,no,not revised GT; not final box; not selector; not identity truth; not GT-guided runtime prediction logic
GTREF_GM_RM017_s391_293,temporal_not_available,This reference-pool row is not part of the paired temporal object-stream probe.,Object-stream recovery or paired temporal review before temporal drift claims.,no,not revised GT; not final box; not selector; not identity truth; not GT-guided runtime prediction logic
GTREF_GM_RM017_s392_296,temporal_not_available,This reference-pool row is not part of the paired temporal object-stream probe.,Object-stream recovery or paired temporal review before temporal drift claims.,no,not revised GT; not final box; not selector; not identity truth; not GT-guided runtime prediction logic
GTREF_GM_RM017_s393_299,temporal_not_available,This reference-pool row is not part of the paired temporal object-stream probe.,Object-stream recovery or paired temporal review before temporal drift claims.,no,not revised GT; not final box; not selector; not identity truth; not GT-guided runtime prediction logic
GTREF_GM_RM017_s394_302,temporal_not_available,This reference-pool row is not part of the paired temporal object-stream probe.,Object-stream recovery or paired temporal review before temporal drift claims.,no,not revised GT; not final box; not selector; not identity truth; not GT-guided runtime prediction logic
GTREF_GM_RM017_s429_304,temporal_not_available,This reference-pool row is not part of the paired temporal object-stream probe.,Object-stream recovery or paired temporal review before temporal drift claims.,no,not revised GT; not final box; not selector; not identity truth; not GT-guided runtime prediction logic
GTREF_GM_RM017_s438_306,temporal_not_available,This reference-pool row is not part of the paired temporal object-stream probe.,Object-stream recovery or paired temporal review before temporal drift claims.,no,not revised GT; not final box; not selector; not identity truth; not GT-guided runtime prediction logic
GTREF_GM_RM017_s446_308,temporal_not_available,This reference-pool row is not part of the paired temporal object-stream probe.,Object-stream recovery or paired temporal review before temporal drift claims.,no,not revised GT; not final box; not selector; not identity truth; not GT-guided runtime prediction logic
GTREF_GM_RM019_s0_310,temporal_not_available,This reference-pool row is not part of the paired temporal object-stream probe.,Object-stream recovery or paired temporal review before temporal drift claims.,no,not revised GT; not final box; not selector; not identity truth; not GT-guided runtime prediction logic
GTREF_GM_RM019_s4_312,temporal_not_available,This reference-pool row is not part of the paired temporal object-stream probe.,Object-stream recovery or paired temporal review before temporal drift claims.,no,not revised GT; not final box; not selector; not identity truth; not GT-guided runtime prediction logic
GTREF_GM_RM019_s8_313,temporal_not_available,This reference-pool row is not part of the paired temporal object-stream probe.,Object-stream recovery or paired temporal review before temporal drift claims.,no,not revised GT; not final box; not selector; not identity truth; not GT-guided runtime prediction logic
GTREF_GM_RM019_s31_318,temporal_not_available,This reference-pool row is not part of the paired temporal object-stream probe.,Object-stream recovery or paired temporal review before temporal drift claims.,no,not revised GT; not final box; not selector; not identity truth; not GT-guided runtime prediction logic
GTREF_GM_RM019_s88_321,temporal_not_available,This reference-pool row is not part of the paired temporal object-stream probe.,Object-stream recovery or paired temporal review before temporal drift claims.,no,not revised GT; not final box; not selector; not identity truth; not GT-guided runtime prediction logic
GTREF_GM_RM019_s202_322,temporal_not_available,This reference-pool row is not part of the paired temporal object-stream probe.,Object-stream recovery or paired temporal review before temporal drift claims.,no,not revised GT; not final box; not selector; not identity truth; not GT-guided runtime prediction logic
GTREF_GM_RM019_s306_329,temporal_not_available,This reference-pool row is not part of the paired temporal object-stream probe.,Object-stream recovery or paired temporal review before temporal drift claims.,no,not revised GT; not final box; not selector; not identity truth; not GT-guided runtime prediction logic
GTREF_GM_RM019_s350_332,temporal_not_available,This reference-pool row is not part of the paired temporal object-stream probe.,Object-stream recovery or paired temporal review before temporal drift claims.,no,not revised GT; not final box; not selector; not identity truth; not GT-guided runtime prediction logic
GTREF_GM_RM019_s354_333,temporal_not_available,This reference-pool row is not part of the paired temporal object-stream probe.,Object-stream recovery or paired temporal review before temporal drift claims.,no,not revised GT; not final box; not selector; not identity truth; not GT-guided runtime prediction logic
GTREF_GM_RM011_s250_frameadd_gm_rm011_000120_000250_01,temporal_not_available,This reference-pool row is not part of the paired temporal object-stream probe.,Object-stream recovery or paired temporal review before temporal drift claims.,no,not revised GT; not final box; not selector; not identity truth; not GT-guided runtime prediction logic
GTREF_GM_RM011_s250_frameadd_gm_rm011_000120_000250_02,temporal_not_available,This reference-pool row is not part of the paired temporal object-stream probe.,Object-stream recovery or paired temporal review before temporal drift claims.,no,not revised GT; not final box; not selector; not identity truth; not GT-guided runtime prediction logic
GTREF_GM_RM011_s250_frameadd_gm_rm011_000120_000250_03,temporal_not_available,This reference-pool row is not part of the paired temporal object-stream probe.,Object-stream recovery or paired temporal review before temporal drift claims.,no,not revised GT; not final box; not selector; not identity truth; not GT-guided runtime prediction logic
GTREF_GM_RM011_s251_frameadd_gm_rm011_000120_000251_01,temporal_not_available,This reference-pool row is not part of the paired temporal object-stream probe.,Object-stream recovery or paired temporal review before temporal drift claims.,no,not revised GT; not final box; not selector; not identity truth; not GT-guided runtime prediction logic
GTREF_GM_RM011_s251_frameadd_gm_rm011_000120_000251_02,temporal_not_available,This reference-pool row is not part of the paired temporal object-stream probe.,Object-stream recovery or paired temporal review before temporal drift claims.,no,not revised GT; not final box; not selector; not identity truth; not GT-guided runtime prediction logic
GTREF_GM_RM011_s251_frameadd_gm_rm011_000120_000251_03,temporal_not_available,This reference-pool row is not part of the paired temporal object-stream probe.,Object-stream recovery or paired temporal review before temporal drift claims.,no,not revised GT; not final box; not selector; not identity truth; not GT-guided runtime prediction logic
GTREF_GM_RM011_s252_frameadd_gm_rm011_000121_000252_01,temporal_not_available,This reference-pool row is not part of the paired temporal object-stream probe.,Object-stream recovery or paired temporal review before temporal drift claims.,no,not revised GT; not final box; not selector; not identity truth; not GT-guided runtime prediction logic
GTREF_GM_RM011_s252_frameadd_gm_rm011_000121_000252_02,temporal_not_available,This reference-pool row is not part of the paired temporal object-stream probe.,Object-stream recovery or paired temporal review before temporal drift claims.,no,not revised GT; not final box; not selector; not identity truth; not GT-guided runtime prediction logic
GTREF_GM_RM011_s252_frameadd_gm_rm011_000121_000252_03,temporal_not_available,This reference-pool row is not part of the paired temporal object-stream probe.,Object-stream recovery or paired temporal review before temporal drift claims.,no,not revised GT; not final box; not selector; not identity truth; not GT-guided runtime prediction logic
GTREF_GM_RM011_s253_frameadd_gm_rm011_000121_000253_01,temporal_not_available,This reference-pool row is not part of the paired temporal object-stream probe.,Object-stream recovery or paired temporal review before temporal drift claims.,no,not revised GT; not final box; not selector; not identity truth; not GT-guided runtime prediction logic
GTREF_GM_RM011_s253_frameadd_gm_rm011_000121_000253_02,temporal_not_available,This reference-pool row is not part of the paired temporal object-stream probe.,Object-stream recovery or paired temporal review before temporal drift claims.,no,not revised GT; not final box; not selector; not identity truth; not GT-guided runtime prediction logic
GTREF_GM_RM011_s253_frameadd_gm_rm011_000121_000253_03,temporal_not_available,This reference-pool row is not part of the paired temporal object-stream probe.,Object-stream recovery or paired temporal review before temporal drift claims.,no,not revised GT; not final box; not selector; not identity truth; not GT-guided runtime prediction logic
GTREF_GM_RM011_s254_frameadd_gm_rm011_000122_000254_01,temporal_not_available,This reference-pool row is not part of the paired temporal object-stream probe.,Object-stream recovery or paired temporal review before temporal drift claims.,no,not revised GT; not final box; not selector; not identity truth; not GT-guided runtime prediction logic
GTREF_GM_RM011_s254_frameadd_gm_rm011_000122_000254_02,temporal_not_available,This reference-pool row is not part of the paired temporal object-stream probe.,Object-stream recovery or paired temporal review before temporal drift claims.,no,not revised GT; not final box; not selector; not identity truth; not GT-guided runtime prediction logic
GTREF_GM_RM011_s254_frameadd_gm_rm011_000122_000254_03,temporal_not_available,This reference-pool row is not part of the paired temporal object-stream probe.,Object-stream recovery or paired temporal review before temporal drift claims.,no,not revised GT; not final box; not selector; not identity truth; not GT-guided runtime prediction logic
GTREF_GM_RM011_s255_frameadd_gm_rm011_000122_000255_01,temporal_not_available,This reference-pool row is not part of the paired temporal object-stream probe.,Object-stream recovery or paired temporal review before temporal drift claims.,no,not revised GT; not final box; not selector; not identity truth; not GT-guided runtime prediction logic
GTREF_GM_RM011_s255_frameadd_gm_rm011_000122_000255_02,temporal_not_available,This reference-pool row is not part of the paired temporal object-stream probe.,Object-stream recovery or paired temporal review before temporal drift claims.,no,not revised GT; not final box; not selector; not identity truth; not GT-guided runtime prediction logic
GTREF_GM_RM011_s255_frameadd_gm_rm011_000122_000255_03,temporal_not_available,This reference-pool row is not part of the paired temporal object-stream probe.,Object-stream recovery or paired temporal review before temporal drift claims.,no,not revised GT; not final box; not selector; not identity truth; not GT-guided runtime prediction logic
GTREF_GM_RM011_s257_frameadd_gm_rm011_000123_000257_01,temporal_not_available,This reference-pool row is not part of the paired temporal object-stream probe.,Object-stream recovery or paired temporal review before temporal drift claims.,no,not revised GT; not final box; not selector; not identity truth; not GT-guided runtime prediction logic
GTREF_GM_RM011_s257_frameadd_gm_rm011_000123_000257_02,temporal_not_available,This reference-pool row is not part of the paired temporal object-stream probe.,Object-stream recovery or paired temporal review before temporal drift claims.,no,not revised GT; not final box; not selector; not identity truth; not GT-guided runtime prediction logic
GTREF_GM_RM011_s257_frameadd_gm_rm011_000123_000257_03,temporal_not_available,This reference-pool row is not part of the paired temporal object-stream probe.,Object-stream recovery or paired temporal review before temporal drift claims.,no,not revised GT; not final box; not selector; not identity truth; not GT-guided runtime prediction logic
GTREF_GM_RM011_s258_frameadd_gm_rm011_000124_000258_01,temporal_not_available,This reference-pool row is not part of the paired temporal object-stream probe.,Object-stream recovery or paired temporal review before temporal drift claims.,no,not revised GT; not final box; not selector; not identity truth; not GT-guided runtime prediction logic
GTREF_GM_RM011_s258_frameadd_gm_rm011_000124_000258_02,temporal_not_available,This reference-pool row is not part of the paired temporal object-stream probe.,Object-stream recovery or paired temporal review before temporal drift claims.,no,not revised GT; not final box; not selector; not identity truth; not GT-guided runtime prediction logic
GTREF_GM_RM011_s258_frameadd_gm_rm011_000124_000258_03,temporal_not_available,This reference-pool row is not part of the paired temporal object-stream probe.,Object-stream recovery or paired temporal review before temporal drift claims.,no,not revised GT; not final box; not selector; not identity truth; not GT-guided runtime prediction logic
GTREF_GM_RM011_s259_frameadd_gm_rm011_000124_000259_01,temporal_not_available,This reference-pool row is not part of the paired temporal object-stream probe.,Object-stream recovery or paired temporal review before temporal drift claims.,no,not revised GT; not final box; not selector; not identity truth; not GT-guided runtime prediction logic
GTREF_GM_RM011_s259_frameadd_gm_rm011_000124_000259_02,temporal_not_available,This reference-pool row is not part of the paired temporal object-stream probe.,Object-stream recovery or paired temporal review before temporal drift claims.,no,not revised GT; not final box; not selector; not identity truth; not GT-guided runtime prediction logic
GTREF_GM_RM011_s259_frameadd_gm_rm011_000124_000259_03,temporal_not_available,This reference-pool row is not part of the paired temporal object-stream probe.,Object-stream recovery or paired temporal review before temporal drift claims.,no,not revised GT; not final box; not selector; not identity truth; not GT-guided runtime prediction logic
GTREF_GM_RM011_s261_frameadd_gm_rm011_000125_000261_01,temporal_not_available,This reference-pool row is not part of the paired temporal object-stream probe.,Object-stream recovery or paired temporal review before temporal drift claims.,no,not revised GT; not final box; not selector; not identity truth; not GT-guided runtime prediction logic
GTREF_GM_RM011_s261_frameadd_gm_rm011_000125_000261_02,temporal_not_available,This reference-pool row is not part of the paired temporal object-stream probe.,Object-stream recovery or paired temporal review before temporal drift claims.,no,not revised GT; not final box; not selector; not identity truth; not GT-guided runtime prediction logic
GTREF_GM_RM011_s261_frameadd_gm_rm011_000125_000261_03,temporal_not_available,This reference-pool row is not part of the paired temporal object-stream probe.,Object-stream recovery or paired temporal review before temporal drift claims.,no,not revised GT; not final box; not selector; not identity truth; not GT-guided runtime prediction logic
GTREF_GM_RM011_s262_frameadd_gm_rm011_000126_000262_01,temporal_not_available,This reference-pool row is not part of the paired temporal object-stream probe.,Object-stream recovery or paired temporal review before temporal drift claims.,no,not revised GT; not final box; not selector; not identity truth; not GT-guided runtime prediction logic
GTREF_GM_RM011_s262_frameadd_gm_rm011_000126_000262_02,temporal_not_available,This reference-pool row is not part of the paired temporal object-stream probe.,Object-stream recovery or paired temporal review before temporal drift claims.,no,not revised GT; not final box; not selector; not identity truth; not GT-guided runtime prediction logic
GTREF_GM_RM011_s262_frameadd_gm_rm011_000126_000262_03,temporal_not_available,This reference-pool row is not part of the paired temporal object-stream probe.,Object-stream recovery or paired temporal review before temporal drift claims.,no,not revised GT; not final box; not selector; not identity truth; not GT-guided runtime prediction logic
GTREF_GM_RM011_s263_frameadd_gm_rm011_000126_000263_01,temporal_not_available,This reference-pool row is not part of the paired temporal object-stream probe.,Object-stream recovery or paired temporal review before temporal drift claims.,no,not revised GT; not final box; not selector; not identity truth; not GT-guided runtime prediction logic
GTREF_GM_RM011_s263_frameadd_gm_rm011_000126_000263_02,temporal_not_available,This reference-pool row is not part of the paired temporal object-stream probe.,Object-stream recovery or paired temporal review before temporal drift claims.,no,not revised GT; not final box; not selector; not identity truth; not GT-guided runtime prediction logic
GTREF_GM_RM011_s263_frameadd_gm_rm011_000126_000263_03,temporal_not_available,This reference-pool row is not part of the paired temporal object-stream probe.,Object-stream recovery or paired temporal review before temporal drift claims.,no,not revised GT; not final box; not selector; not identity truth; not GT-guided runtime prediction logic
GTREF_GM_RM011_s264_frameadd_gm_rm011_000127_000264_01,temporal_not_available,This reference-pool row is not part of the paired temporal object-stream probe.,Object-stream recovery or paired temporal review before temporal drift claims.,no,not revised GT; not final box; not selector; not identity truth; not GT-guided runtime prediction logic
GTREF_GM_RM011_s264_frameadd_gm_rm011_000127_000264_02,temporal_not_available,This reference-pool row is not part of the paired temporal object-stream probe.,Object-stream recovery or paired temporal review before temporal drift claims.,no,not revised GT; not final box; not selector; not identity truth; not GT-guided runtime prediction logic
GTREF_GM_RM011_s264_frameadd_gm_rm011_000127_000264_03,temporal_not_available,This reference-pool row is not part of the paired temporal object-stream probe.,Object-stream recovery or paired temporal review before temporal drift claims.,no,not revised GT; not final box; not selector; not identity truth; not GT-guided runtime prediction logic
GTREF_GM_RM011_s265_frameadd_gm_rm011_000127_000265_01,temporal_not_available,This reference-pool row is not part of the paired temporal object-stream probe.,Object-stream recovery or paired temporal review before temporal drift claims.,no,not revised GT; not final box; not selector; not identity truth; not GT-guided runtime prediction logic
GTREF_GM_RM011_s265_frameadd_gm_rm011_000127_000265_02,temporal_not_available,This reference-pool row is not part of the paired temporal object-stream probe.,Object-stream recovery or paired temporal review before temporal drift claims.,no,not revised GT; not final box; not selector; not identity truth; not GT-guided runtime prediction logic
GTREF_GM_RM011_s265_frameadd_gm_rm011_000127_000265_03,temporal_not_available,This reference-pool row is not part of the paired temporal object-stream probe.,Object-stream recovery or paired temporal review before temporal drift claims.,no,not revised GT; not final box; not selector; not identity truth; not GT-guided runtime prediction logic
GTREF_GM_RM011_s266_frameadd_gm_rm011_000128_000266_01,temporal_not_available,This reference-pool row is not part of the paired temporal object-stream probe.,Object-stream recovery or paired temporal review before temporal drift claims.,no,not revised GT; not final box; not selector; not identity truth; not GT-guided runtime prediction logic
GTREF_GM_RM011_s266_frameadd_gm_rm011_000128_000266_02,temporal_not_available,This reference-pool row is not part of the paired temporal object-stream probe.,Object-stream recovery or paired temporal review before temporal drift claims.,no,not revised GT; not final box; not selector; not identity truth; not GT-guided runtime prediction logic
GTREF_GM_RM011_s266_frameadd_gm_rm011_000128_000266_03,temporal_not_available,This reference-pool row is not part of the paired temporal object-stream probe.,Object-stream recovery or paired temporal review before temporal drift claims.,no,not revised GT; not final box; not selector; not identity truth; not GT-guided runtime prediction logic
GTREF_GM_RM011_s267_frameadd_gm_rm011_000128_000267_01,temporal_not_available,This reference-pool row is not part of the paired temporal object-stream probe.,Object-stream recovery or paired temporal review before temporal drift claims.,no,not revised GT; not final box; not selector; not identity truth; not GT-guided runtime prediction logic
GTREF_GM_RM011_s267_frameadd_gm_rm011_000128_000267_02,temporal_not_available,This reference-pool row is not part of the paired temporal object-stream probe.,Object-stream recovery or paired temporal review before temporal drift claims.,no,not revised GT; not final box; not selector; not identity truth; not GT-guided runtime prediction logic
GTREF_GM_RM011_s267_frameadd_gm_rm011_000128_000267_03,temporal_not_available,This reference-pool row is not part of the paired temporal object-stream probe.,Object-stream recovery or paired temporal review before temporal drift claims.,no,not revised GT; not final box; not selector; not identity truth; not GT-guided runtime prediction logic
GTREF_GM_RM011_s268_frameadd_gm_rm011_000129_000268_01,temporal_not_available,This reference-pool row is not part of the paired temporal object-stream probe.,Object-stream recovery or paired temporal review before temporal drift claims.,no,not revised GT; not final box; not selector; not identity truth; not GT-guided runtime prediction logic
GTREF_GM_RM011_s268_frameadd_gm_rm011_000129_000268_02,temporal_not_available,This reference-pool row is not part of the paired temporal object-stream probe.,Object-stream recovery or paired temporal review before temporal drift claims.,no,not revised GT; not final box; not selector; not identity truth; not GT-guided runtime prediction logic
GTREF_GM_RM011_s268_frameadd_gm_rm011_000129_000268_03,temporal_not_available,This reference-pool row is not part of the paired temporal object-stream probe.,Object-stream recovery or paired temporal review before temporal drift claims.,no,not revised GT; not final box; not selector; not identity truth; not GT-guided runtime prediction logic
GTREF_GM_RM011_s269_frameadd_gm_rm011_000129_000269_01,temporal_not_available,This reference-pool row is not part of the paired temporal object-stream probe.,Object-stream recovery or paired temporal review before temporal drift claims.,no,not revised GT; not final box; not selector; not identity truth; not GT-guided runtime prediction logic
GTREF_GM_RM011_s269_frameadd_gm_rm011_000129_000269_02,temporal_not_available,This reference-pool row is not part of the paired temporal object-stream probe.,Object-stream recovery or paired temporal review before temporal drift claims.,no,not revised GT; not final box; not selector; not identity truth; not GT-guided runtime prediction logic
GTREF_GM_RM011_s269_frameadd_gm_rm011_000129_000269_03,temporal_not_available,This reference-pool row is not part of the paired temporal object-stream probe.,Object-stream recovery or paired temporal review before temporal drift claims.,no,not revised GT; not final box; not selector; not identity truth; not GT-guided runtime prediction logic
GTREF_GM_RM011_s269_saronly_gm_rm011_000269_01,temporal_not_available,This reference-pool row is not part of the paired temporal object-stream probe.,Object-stream recovery or paired temporal review before temporal drift claims.,no,not revised GT; not final box; not selector; not identity truth; not GT-guided runtime prediction logic
GTREF_GM_RM011_s270_frameadd_gm_rm011_000130_000270_01,temporal_not_available,This reference-pool row is not part of the paired temporal object-stream probe.,Object-stream recovery or paired temporal review before temporal drift claims.,no,not revised GT; not final box; not selector; not identity truth; not GT-guided runtime prediction logic
GTREF_GM_RM011_s270_frameadd_gm_rm011_000130_000270_02,temporal_not_available,This reference-pool row is not part of the paired temporal object-stream probe.,Object-stream recovery or paired temporal review before temporal drift claims.,no,not revised GT; not final box; not selector; not identity truth; not GT-guided runtime prediction logic
GTREF_GM_RM011_s270_frameadd_gm_rm011_000130_000270_03,temporal_not_available,This reference-pool row is not part of the paired temporal object-stream probe.,Object-stream recovery or paired temporal review before temporal drift claims.,no,not revised GT; not final box; not selector; not identity truth; not GT-guided runtime prediction logic
GTREF_GM_RM011_s270_frameadd_gm_rm011_000130_000270_04,temporal_not_available,This reference-pool row is not part of the paired temporal object-stream probe.,Object-stream recovery or paired temporal review before temporal drift claims.,no,not revised GT; not final box; not selector; not identity truth; not GT-guided runtime prediction logic
GTREF_GM_RM011_s271_frameadd_gm_rm011_000130_000271_01,temporal_not_available,This reference-pool row is not part of the paired temporal object-stream probe.,Object-stream recovery or paired temporal review before temporal drift claims.,no,not revised GT; not final box; not selector; not identity truth; not GT-guided runtime prediction logic
GTREF_GM_RM011_s271_frameadd_gm_rm011_000130_000271_02,temporal_not_available,This reference-pool row is not part of the paired temporal object-stream probe.,Object-stream recovery or paired temporal review before temporal drift claims.,no,not revised GT; not final box; not selector; not identity truth; not GT-guided runtime prediction logic
GTREF_GM_RM011_s271_frameadd_gm_rm011_000130_000271_03,temporal_not_available,This reference-pool row is not part of the paired temporal object-stream probe.,Object-stream recovery or paired temporal review before temporal drift claims.,no,not revised GT; not final box; not selector; not identity truth; not GT-guided runtime prediction logic
GTREF_GM_RM011_s271_frameadd_gm_rm011_000130_000271_04,temporal_not_available,This reference-pool row is not part of the paired temporal object-stream probe.,Object-stream recovery or paired temporal review before temporal drift claims.,no,not revised GT; not final box; not selector; not identity truth; not GT-guided runtime prediction logic
GTREF_GM_RM011_s272_frameadd_gm_rm011_000131_000272_01,temporal_not_available,This reference-pool row is not part of the paired temporal object-stream probe.,Object-stream recovery or paired temporal review before temporal drift claims.,no,not revised GT; not final box; not selector; not identity truth; not GT-guided runtime prediction logic
GTREF_GM_RM011_s272_frameadd_gm_rm011_000131_000272_02,temporal_not_available,This reference-pool row is not part of the paired temporal object-stream probe.,Object-stream recovery or paired temporal review before temporal drift claims.,no,not revised GT; not final box; not selector; not identity truth; not GT-guided runtime prediction logic
GTREF_GM_RM011_s272_frameadd_gm_rm011_000131_000272_03,temporal_not_available,This reference-pool row is not part of the paired temporal object-stream probe.,Object-stream recovery or paired temporal review before temporal drift claims.,no,not revised GT; not final box; not selector; not identity truth; not GT-guided runtime prediction logic
GTREF_GM_RM011_s272_frameadd_gm_rm011_000131_000272_04,temporal_not_available,This reference-pool row is not part of the paired temporal object-stream probe.,Object-stream recovery or paired temporal review before temporal drift claims.,no,not revised GT; not final box; not selector; not identity truth; not GT-guided runtime prediction logic
GTREF_GM_RM011_s273_frameadd_gm_rm011_000131_000273_01,temporal_not_available,This reference-pool row is not part of the paired temporal object-stream probe.,Object-stream recovery or paired temporal review before temporal drift claims.,no,not revised GT; not final box; not selector; not identity truth; not GT-guided runtime prediction logic
GTREF_GM_RM011_s273_frameadd_gm_rm011_000131_000273_02,temporal_not_available,This reference-pool row is not part of the paired temporal object-stream probe.,Object-stream recovery or paired temporal review before temporal drift claims.,no,not revised GT; not final box; not selector; not identity truth; not GT-guided runtime prediction logic
GTREF_GM_RM011_s273_frameadd_gm_rm011_000131_000273_03,temporal_not_available,This reference-pool row is not part of the paired temporal object-stream probe.,Object-stream recovery or paired temporal review before temporal drift claims.,no,not revised GT; not final box; not selector; not identity truth; not GT-guided runtime prediction logic
GTREF_GM_RM011_s273_frameadd_gm_rm011_000131_000273_04,temporal_not_available,This reference-pool row is not part of the paired temporal object-stream probe.,Object-stream recovery or paired temporal review before temporal drift claims.,no,not revised GT; not final box; not selector; not identity truth; not GT-guided runtime prediction logic
GTREF_GM_RM011_s274_frameadd_gm_rm011_000132_000274_01,temporal_not_available,This reference-pool row is not part of the paired temporal object-stream probe.,Object-stream recovery or paired temporal review before temporal drift claims.,no,not revised GT; not final box; not selector; not identity truth; not GT-guided runtime prediction logic
GTREF_GM_RM011_s274_frameadd_gm_rm011_000132_000274_02,temporal_not_available,This reference-pool row is not part of the paired temporal object-stream probe.,Object-stream recovery or paired temporal review before temporal drift claims.,no,not revised GT; not final box; not selector; not identity truth; not GT-guided runtime prediction logic
GTREF_GM_RM011_s274_frameadd_gm_rm011_000132_000274_03,temporal_not_available,This reference-pool row is not part of the paired temporal object-stream probe.,Object-stream recovery or paired temporal review before temporal drift claims.,no,not revised GT; not final box; not selector; not identity truth; not GT-guided runtime prediction logic
GTREF_GM_RM011_s274_saronly_gm_rm011_000274_01,temporal_not_available,This reference-pool row is not part of the paired temporal object-stream probe.,Object-stream recovery or paired temporal review before temporal drift claims.,no,not revised GT; not final box; not selector; not identity truth; not GT-guided runtime prediction logic
GTREF_GM_RM011_s275_frameadd_gm_rm011_000132_000275_01,temporal_not_available,This reference-pool row is not part of the paired temporal object-stream probe.,Object-stream recovery or paired temporal review before temporal drift claims.,no,not revised GT; not final box; not selector; not identity truth; not GT-guided runtime prediction logic
GTREF_GM_RM011_s275_frameadd_gm_rm011_000132_000275_02,temporal_not_available,This reference-pool row is not part of the paired temporal object-stream probe.,Object-stream recovery or paired temporal review before temporal drift claims.,no,not revised GT; not final box; not selector; not identity truth; not GT-guided runtime prediction logic
GTREF_GM_RM011_s275_frameadd_gm_rm011_000132_000275_03,temporal_not_available,This reference-pool row is not part of the paired temporal object-stream probe.,Object-stream recovery or paired temporal review before temporal drift claims.,no,not revised GT; not final box; not selector; not identity truth; not GT-guided runtime prediction logic
GTREF_GM_RM011_s275_saronly_gm_rm011_000275_02,temporal_not_available,This reference-pool row is not part of the paired temporal object-stream probe.,Object-stream recovery or paired temporal review before temporal drift claims.,no,not revised GT; not final box; not selector; not identity truth; not GT-guided runtime prediction logic
GTREF_GM_RM011_s276_frameadd_gm_rm011_000132_000276_01,temporal_not_available,This reference-pool row is not part of the paired temporal object-stream probe.,Object-stream recovery or paired temporal review before temporal drift claims.,no,not revised GT; not final box; not selector; not identity truth; not GT-guided runtime prediction logic
GTREF_GM_RM011_s276_frameadd_gm_rm011_000132_000276_02,temporal_not_available,This reference-pool row is not part of the paired temporal object-stream probe.,Object-stream recovery or paired temporal review before temporal drift claims.,no,not revised GT; not final box; not selector; not identity truth; not GT-guided runtime prediction logic
GTREF_GM_RM011_s276_frameadd_gm_rm011_000132_000276_03,temporal_not_available,This reference-pool row is not part of the paired temporal object-stream probe.,Object-stream recovery or paired temporal review before temporal drift claims.,no,not revised GT; not final box; not selector; not identity truth; not GT-guided runtime prediction logic
GTREF_GM_RM011_s276_saronly_gm_rm011_000276_01,temporal_not_available,This reference-pool row is not part of the paired temporal object-stream probe.,Object-stream recovery or paired temporal review before temporal drift claims.,no,not revised GT; not final box; not selector; not identity truth; not GT-guided runtime prediction logic
GTREF_GM_RM011_s277_frameadd_gm_rm011_000133_000277_01,temporal_not_available,This reference-pool row is not part of the paired temporal object-stream probe.,Object-stream recovery or paired temporal review before temporal drift claims.,no,not revised GT; not final box; not selector; not identity truth; not GT-guided runtime prediction logic
GTREF_GM_RM011_s277_frameadd_gm_rm011_000133_000277_02,temporal_not_available,This reference-pool row is not part of the paired temporal object-stream probe.,Object-stream recovery or paired temporal review before temporal drift claims.,no,not revised GT; not final box; not selector; not identity truth; not GT-guided runtime prediction logic
GTREF_GM_RM011_s277_frameadd_gm_rm011_000133_000277_03,temporal_not_available,This reference-pool row is not part of the paired temporal object-stream probe.,Object-stream recovery or paired temporal review before temporal drift claims.,no,not revised GT; not final box; not selector; not identity truth; not GT-guided runtime prediction logic
GTREF_GM_RM011_s277_saronly_gm_rm011_000277_01,temporal_not_available,This reference-pool row is not part of the paired temporal object-stream probe.,Object-stream recovery or paired temporal review before temporal drift claims.,no,not revised GT; not final box; not selector; not identity truth; not GT-guided runtime prediction logic
GTREF_GM_RM011_s278_frameadd_gm_rm011_000133_000278_01,temporal_not_available,This reference-pool row is not part of the paired temporal object-stream probe.,Object-stream recovery or paired temporal review before temporal drift claims.,no,not revised GT; not final box; not selector; not identity truth; not GT-guided runtime prediction logic
GTREF_GM_RM011_s278_frameadd_gm_rm011_000133_000278_02,temporal_not_available,This reference-pool row is not part of the paired temporal object-stream probe.,Object-stream recovery or paired temporal review before temporal drift claims.,no,not revised GT; not final box; not selector; not identity truth; not GT-guided runtime prediction logic
GTREF_GM_RM011_s278_frameadd_gm_rm011_000133_000278_03,temporal_not_available,This reference-pool row is not part of the paired temporal object-stream probe.,Object-stream recovery or paired temporal review before temporal drift claims.,no,not revised GT; not final box; not selector; not identity truth; not GT-guided runtime prediction logic
GTREF_GM_RM011_s278_saronly_gm_rm011_000278_01,temporal_not_available,This reference-pool row is not part of the paired temporal object-stream probe.,Object-stream recovery or paired temporal review before temporal drift claims.,no,not revised GT; not final box; not selector; not identity truth; not GT-guided runtime prediction logic
GTREF_GM_RM011_s279_frameadd_gm_rm011_000134_000279_01,temporal_not_available,This reference-pool row is not part of the paired temporal object-stream probe.,Object-stream recovery or paired temporal review before temporal drift claims.,no,not revised GT; not final box; not selector; not identity truth; not GT-guided runtime prediction logic
GTREF_GM_RM011_s279_frameadd_gm_rm011_000134_000279_02,temporal_not_available,This reference-pool row is not part of the paired temporal object-stream probe.,Object-stream recovery or paired temporal review before temporal drift claims.,no,not revised GT; not final box; not selector; not identity truth; not GT-guided runtime prediction logic
GTREF_GM_RM011_s279_frameadd_gm_rm011_000134_000279_03,temporal_not_available,This reference-pool row is not part of the paired temporal object-stream probe.,Object-stream recovery or paired temporal review before temporal drift claims.,no,not revised GT; not final box; not selector; not identity truth; not GT-guided runtime prediction logic
GTREF_GM_RM011_s280_frameadd_gm_rm011_000134_000280_01,temporal_not_available,This reference-pool row is not part of the paired temporal object-stream probe.,Object-stream recovery or paired temporal review before temporal drift claims.,no,not revised GT; not final box; not selector; not identity truth; not GT-guided runtime prediction logic
GTREF_GM_RM011_s280_frameadd_gm_rm011_000134_000280_02,temporal_not_available,This reference-pool row is not part of the paired temporal object-stream probe.,Object-stream recovery or paired temporal review before temporal drift claims.,no,not revised GT; not final box; not selector; not identity truth; not GT-guided runtime prediction logic
GTREF_GM_RM011_s280_frameadd_gm_rm011_000134_000280_03,temporal_not_available,This reference-pool row is not part of the paired temporal object-stream probe.,Object-stream recovery or paired temporal review before temporal drift claims.,no,not revised GT; not final box; not selector; not identity truth; not GT-guided runtime prediction logic
GTREF_GM_RM011_s282_frameadd_gm_rm011_000135_000282_01,temporal_not_available,This reference-pool row is not part of the paired temporal object-stream probe.,Object-stream recovery or paired temporal review before temporal drift claims.,no,not revised GT; not final box; not selector; not identity truth; not GT-guided runtime prediction logic
GTREF_GM_RM011_s282_frameadd_gm_rm011_000135_000282_02,temporal_not_available,This reference-pool row is not part of the paired temporal object-stream probe.,Object-stream recovery or paired temporal review before temporal drift claims.,no,not revised GT; not final box; not selector; not identity truth; not GT-guided runtime prediction logic
GTREF_GM_RM011_s282_frameadd_gm_rm011_000135_000282_03,temporal_not_available,This reference-pool row is not part of the paired temporal object-stream probe.,Object-stream recovery or paired temporal review before temporal drift claims.,no,not revised GT; not final box; not selector; not identity truth; not GT-guided runtime prediction logic
GTREF_GM_RM011_s283_frameadd_gm_rm011_000136_000283_01,temporal_not_available,This reference-pool row is not part of the paired temporal object-stream probe.,Object-stream recovery or paired temporal review before temporal drift claims.,no,not revised GT; not final box; not selector; not identity truth; not GT-guided runtime prediction logic
GTREF_GM_RM011_s283_frameadd_gm_rm011_000136_000283_02,temporal_not_available,This reference-pool row is not part of the paired temporal object-stream probe.,Object-stream recovery or paired temporal review before temporal drift claims.,no,not revised GT; not final box; not selector; not identity truth; not GT-guided runtime prediction logic
GTREF_GM_RM011_s283_frameadd_gm_rm011_000136_000283_03,temporal_not_available,This reference-pool row is not part of the paired temporal object-stream probe.,Object-stream recovery or paired temporal review before temporal drift claims.,no,not revised GT; not final box; not selector; not identity truth; not GT-guided runtime prediction logic
GTREF_GM_RM011_s284_frameadd_gm_rm011_000136_000284_01,temporal_not_available,This reference-pool row is not part of the paired temporal object-stream probe.,Object-stream recovery or paired temporal review before temporal drift claims.,no,not revised GT; not final box; not selector; not identity truth; not GT-guided runtime prediction logic
GTREF_GM_RM011_s284_frameadd_gm_rm011_000136_000284_02,temporal_not_available,This reference-pool row is not part of the paired temporal object-stream probe.,Object-stream recovery or paired temporal review before temporal drift claims.,no,not revised GT; not final box; not selector; not identity truth; not GT-guided runtime prediction logic
GTREF_GM_RM011_s284_frameadd_gm_rm011_000136_000284_03,temporal_not_available,This reference-pool row is not part of the paired temporal object-stream probe.,Object-stream recovery or paired temporal review before temporal drift claims.,no,not revised GT; not final box; not selector; not identity truth; not GT-guided runtime prediction logic
