gt_id,scene,sar_frame,pool_type,gt_quality_label,gt_quality_confidence,gt_area_px,gt_energy_inside,gt_energy_nearby_context,energy_center_offset_from_gt_center,dominant_energy_inside_gt,vehicle_scale_structure_inside_gt,gt_contains_most_vehicle_structure,gt_contains_too_much_background,needs_manual_gt_review,review_reason,not_allowed_conclusion
336,GM_RM011,0,gm011_waiting_object_stream,good,medium,9439.832,800058,7760322,5.018,yes,yes,yes,no,no,No fixed GT quality review trigger fired.,do not revise GT; do not output final box; do not use as selector; posthoc review candidate only
2,GM_RM011,0,gm011_waiting_object_stream,review_multi_structure,medium,10259.188,592633,11232248,12.25,no,uncertain,uncertain,yes,yes,Many internal components and competitive nearby context suggest possible multi-structure confusion.,do not revise GT; do not output final box; do not use as selector; posthoc review candidate only
3,GM_RM011,1,gm011_waiting_object_stream,good,medium,10858.984,1061529,8945827,5.319,yes,yes,yes,no,no,No fixed GT quality review trigger fired.,do not revise GT; do not output final box; do not use as selector; posthoc review candidate only
4,GM_RM011,1,gm011_waiting_object_stream,review_multi_structure,medium,12097.032,859619,13263259,11.062,no,uncertain,uncertain,yes,yes,Many internal components and competitive nearby context suggest possible multi-structure confusion.,do not revise GT; do not output final box; do not use as selector; posthoc review candidate only
336,GM_RM011,2,gm011_waiting_object_stream,review_multi_structure,medium,10858.984,848333,8142575,4.149,yes,uncertain,uncertain,yes,yes,Many internal components and competitive nearby context suggest possible multi-structure confusion.,do not revise GT; do not output final box; do not use as selector; posthoc review candidate only
5,GM_RM011,2,gm011_waiting_object_stream,review_multi_structure,medium,11639.898,685394,11602260,9.586,no,uncertain,uncertain,yes,yes,Many internal components and competitive nearby context suggest possible multi-structure confusion.,do not revise GT; do not output final box; do not use as selector; posthoc review candidate only
6,GM_RM011,3,gm011_waiting_object_stream,good,medium,8765.164,744476,6899207,1.299,yes,uncertain,uncertain,no,no,No fixed GT quality review trigger fired.,do not revise GT; do not output final box; do not use as selector; posthoc review candidate only
7,GM_RM011,3,gm011_waiting_object_stream,review_multi_structure,medium,10749.63,683448,11518989,8.242,no,uncertain,uncertain,yes,yes,Many internal components and competitive nearby context suggest possible multi-structure confusion.,do not revise GT; do not output final box; do not use as selector; posthoc review candidate only
8,GM_RM011,4,gm011_waiting_object_stream,good,medium,8765.164,773126,7197159,1.263,yes,yes,yes,no,no,No fixed GT quality review trigger fired.,do not revise GT; do not output final box; do not use as selector; posthoc review candidate only
9,GM_RM011,4,gm011_waiting_object_stream,review_multi_structure,medium,11639.898,786081,12452658,7.044,no,yes,uncertain,yes,yes,Many internal components and competitive nearby context suggest possible multi-structure confusion.,do not revise GT; do not output final box; do not use as selector; posthoc review candidate only
10,GM_RM011,5,gm011_waiting_object_stream,review_too_small,medium,8370.4,749564,7026159,2.326,yes,uncertain,uncertain,no,yes,GT scale is in the lower tail; may only box a local scatterer.,do not revise GT; do not output final box; do not use as selector; posthoc review candidate only
11,GM_RM011,5,gm011_waiting_object_stream,review_multi_structure,medium,11639.898,806621,12563524,7.018,yes,yes,uncertain,yes,yes,Many internal components and competitive nearby context suggest possible multi-structure confusion.,do not revise GT; do not output final box; do not use as selector; posthoc review candidate only
12,GM_RM011,6,gm011_waiting_object_stream,review_too_small,medium,8497.28,755615,7220078,2.725,yes,uncertain,uncertain,no,yes,GT scale is in the lower tail; may only box a local scatterer.,do not revise GT; do not output final box; do not use as selector; posthoc review candidate only
13,GM_RM011,6,gm011_waiting_object_stream,review_multi_structure,medium,11639.898,830167,12726702,6.868,yes,uncertain,uncertain,yes,yes,Many internal components and competitive nearby context suggest possible multi-structure confusion.,do not revise GT; do not output final box; do not use as selector; posthoc review candidate only
14,GM_RM011,7,gm011_waiting_object_stream,good,medium,8896.044,822780,7734733,2.516,yes,yes,yes,no,no,No fixed GT quality review trigger fired.,do not revise GT; do not output final box; do not use as selector; posthoc review candidate only
15,GM_RM011,7,gm011_waiting_object_stream,review_multi_structure,medium,11639.898,897711,13393221,6.748,no,yes,uncertain,yes,yes,Many internal components and competitive nearby context suggest possible multi-structure confusion.,do not revise GT; do not output final box; do not use as selector; posthoc review candidate only
16,GM_RM011,8,gm011_waiting_object_stream,good,medium,9302.808,921890,8347353,1.875,yes,yes,yes,no,no,No fixed GT quality review trigger fired.,do not revise GT; do not output final box; do not use as selector; posthoc review candidate only
17,GM_RM011,9,gm011_waiting_object_stream,good,medium,9302.808,894325,8200258,2.282,yes,uncertain,uncertain,no,no,No fixed GT quality review trigger fired.,do not revise GT; do not output final box; do not use as selector; posthoc review candidate only
18,GM_RM011,10,gm011_waiting_object_stream,review_too_small,medium,8243.52,732304,7466580,2.525,yes,uncertain,uncertain,no,yes,GT scale is in the lower tail; may only box a local scatterer.,do not revise GT; do not output final box; do not use as selector; posthoc review candidate only
19,GM_RM011,11,gm011_waiting_object_stream,review_too_small,medium,8243.52,923795,8434952,1.366,yes,uncertain,uncertain,no,yes,GT scale is in the lower tail; may only box a local scatterer.,do not revise GT; do not output final box; do not use as selector; posthoc review candidate only
20,GM_RM011,12,gm011_waiting_object_stream,review_too_small,medium,8243.52,1038079,9211940,1.411,yes,uncertain,uncertain,no,yes,GT scale is in the lower tail; may only box a local scatterer.,do not revise GT; do not output final box; do not use as selector; posthoc review candidate only
21,GM_RM011,12,gm011_waiting_object_stream,review_too_small,medium,8065.344,1014673,8988951,2.976,yes,uncertain,uncertain,no,yes,GT scale is in the lower tail; may only box a local scatterer.,do not revise GT; do not output final box; do not use as selector; posthoc review candidate only
22,GM_RM011,13,gm011_waiting_object_stream,review_too_small,medium,8756.35,1030333,8734379,3.582,yes,uncertain,uncertain,no,yes,GT scale is in the lower tail; may only box a local scatterer.,do not revise GT; do not output final box; do not use as selector; posthoc review candidate only
23,GM_RM011,13,gm011_waiting_object_stream,good,medium,8775.939,1027736,9533402,3.446,yes,yes,yes,no,no,No fixed GT quality review trigger fired.,do not revise GT; do not output final box; do not use as selector; posthoc review candidate only
24,GM_RM011,14,gm011_waiting_object_stream,review_too_small,medium,8116.64,1003062,8834490,2.821,yes,uncertain,uncertain,no,yes,GT scale is in the lower tail; may only box a local scatterer.,do not revise GT; do not output final box; do not use as selector; posthoc review candidate only
25,GM_RM011,14,gm011_waiting_object_stream,good,medium,8775.939,1059343,9611280,3.529,yes,yes,yes,no,no,No fixed GT quality review trigger fired.,do not revise GT; do not output final box; do not use as selector; posthoc review candidate only
26,GM_RM011,15,gm011_waiting_object_stream,review_too_small,medium,8116.64,845525,7891233,1.598,yes,uncertain,uncertain,no,yes,GT scale is in the lower tail; may only box a local scatterer.,do not revise GT; do not output final box; do not use as selector; posthoc review candidate only
27,GM_RM011,15,gm011_waiting_object_stream,review_multi_structure,medium,8775.939,889656,8607403,2.236,yes,yes,uncertain,yes,yes,Many internal components and competitive nearby context suggest possible multi-structure confusion.,do not revise GT; do not output final box; do not use as selector; posthoc review candidate only
28,GM_RM011,16,gm011_waiting_object_stream,review_too_small,medium,8116.64,917849,7996991,1.995,yes,uncertain,uncertain,no,yes,GT scale is in the lower tail; may only box a local scatterer.,do not revise GT; do not output final box; do not use as selector; posthoc review candidate only
29,GM_RM011,16,gm011_waiting_object_stream,good,medium,8775.939,968797,8751300,2.194,yes,yes,yes,no,no,No fixed GT quality review trigger fired.,do not revise GT; do not output final box; do not use as selector; posthoc review candidate only
30,GM_RM011,17,gm011_waiting_object_stream,review_multi_structure,medium,8763.282,936106,8105553,1.94,yes,yes,uncertain,yes,yes,Many internal components and competitive nearby context suggest possible multi-structure confusion.,do not revise GT; do not output final box; do not use as selector; posthoc review candidate only
31,GM_RM011,17,gm011_waiting_object_stream,review_too_small,medium,8116.64,889539,7840971,0.986,yes,uncertain,uncertain,no,yes,GT scale is in the lower tail; may only box a local scatterer.,do not revise GT; do not output final box; do not use as selector; posthoc review candidate only
32,GM_RM011,17,gm011_waiting_object_stream,review_multi_structure,medium,8775.939,937584,8578499,1.208,yes,yes,uncertain,yes,yes,Many internal components and competitive nearby context suggest possible multi-structure confusion.,do not revise GT; do not output final box; do not use as selector; posthoc review candidate only
33,GM_RM011,18,gm011_waiting_object_stream,review_too_small,medium,8503.404,937245,8026239,3.642,yes,uncertain,uncertain,no,yes,GT scale is in the lower tail; may only box a local scatterer.,do not revise GT; do not output final box; do not use as selector; posthoc review candidate only
34,GM_RM011,18,gm011_waiting_object_stream,review_multi_structure,medium,8775.939,952039,8622493,5.109,yes,yes,uncertain,yes,yes,Many internal components and competitive nearby context suggest possible multi-structure confusion.,do not revise GT; do not output final box; do not use as selector; posthoc review candidate only
35,GM_RM011,19,gm011_waiting_object_stream,good,medium,8796.528,1113708,9114576,1.223,yes,yes,yes,no,no,No fixed GT quality review trigger fired.,do not revise GT; do not output final box; do not use as selector; posthoc review candidate only
36,GM_RM011,19,gm011_waiting_object_stream,review_too_small,medium,8503.404,1081507,8622046,3.875,yes,uncertain,uncertain,no,yes,GT scale is in the lower tail; may only box a local scatterer.,do not revise GT; do not output final box; do not use as selector; posthoc review candidate only
37,GM_RM011,19,gm011_waiting_object_stream,good,medium,8775.939,1104816,9322050,3.806,yes,yes,yes,no,no,No fixed GT quality review trigger fired.,do not revise GT; do not output final box; do not use as selector; posthoc review candidate only
38,GM_RM011,20,gm011_waiting_object_stream,review_too_small,medium,8503.404,1119674,8837168,3.961,yes,uncertain,uncertain,no,yes,GT scale is in the lower tail; may only box a local scatterer.,do not revise GT; do not output final box; do not use as selector; posthoc review candidate only
39,GM_RM011,20,gm011_waiting_object_stream,good,medium,8775.939,1145697,9549873,3.233,yes,yes,yes,no,no,No fixed GT quality review trigger fired.,do not revise GT; do not output final box; do not use as selector; posthoc review candidate only
40,GM_RM011,21,gm011_waiting_object_stream,good,medium,9243.762,1258206,9691886,5.864,yes,yes,yes,no,no,No fixed GT quality review trigger fired.,do not revise GT; do not output final box; do not use as selector; posthoc review candidate only
41,GM_RM011,21,gm011_waiting_object_stream,review_too_small,medium,8503.404,1181715,9309750,4.57,yes,uncertain,uncertain,no,yes,GT scale is in the lower tail; may only box a local scatterer.,do not revise GT; do not output final box; do not use as selector; posthoc review candidate only
42,GM_RM011,21,gm011_waiting_object_stream,good,medium,8775.939,1212798,10056896,3.627,yes,yes,yes,no,no,No fixed GT quality review trigger fired.,do not revise GT; do not output final box; do not use as selector; posthoc review candidate only
43,GM_RM011,22,gm011_waiting_object_stream,review_too_small,medium,8503.404,1225066,9614267,4.263,yes,uncertain,uncertain,no,yes,GT scale is in the lower tail; may only box a local scatterer.,do not revise GT; do not output final box; do not use as selector; posthoc review candidate only
44,GM_RM011,22,gm011_waiting_object_stream,good,medium,8775.939,1254876,10342302,3.316,yes,yes,yes,no,no,No fixed GT quality review trigger fired.,do not revise GT; do not output final box; do not use as selector; posthoc review candidate only
45,GM_RM011,23,gm011_waiting_object_stream,review_too_small,medium,8266.563,1149839,9315515,2.785,yes,uncertain,uncertain,no,yes,GT scale is in the lower tail; may only box a local scatterer.,do not revise GT; do not output final box; do not use as selector; posthoc review candidate only
46,GM_RM011,23,gm011_waiting_object_stream,review_too_small,medium,8503.404,1176996,9408986,3.837,yes,uncertain,uncertain,no,yes,GT scale is in the lower tail; may only box a local scatterer.,do not revise GT; do not output final box; do not use as selector; posthoc review candidate only
47,GM_RM011,23,gm011_waiting_object_stream,good,medium,8775.939,1201053,10093607,3.429,yes,yes,yes,no,no,No fixed GT quality review trigger fired.,do not revise GT; do not output final box; do not use as selector; posthoc review candidate only
48,GM_RM011,24,gm011_waiting_object_stream,review_too_small,medium,8503.404,977184,8552549,4.334,yes,uncertain,uncertain,no,yes,GT scale is in the lower tail; may only box a local scatterer.,do not revise GT; do not output final box; do not use as selector; posthoc review candidate only
49,GM_RM011,24,gm011_waiting_object_stream,review_multi_structure,medium,8775.939,998563,9200945,3.526,yes,yes,uncertain,yes,yes,Many internal components and competitive nearby context suggest possible multi-structure confusion.,do not revise GT; do not output final box; do not use as selector; posthoc review candidate only
50,GM_RM011,25,gm011_waiting_object_stream,review_too_small,medium,8665.441,880311,8054481,5.304,yes,uncertain,uncertain,no,yes,GT scale is in the lower tail; may only box a local scatterer.,do not revise GT; do not output final box; do not use as selector; posthoc review candidate only
51,GM_RM011,25,gm011_waiting_object_stream,review_too_small,medium,8503.404,865023,8048280,4.599,yes,uncertain,uncertain,no,yes,GT scale is in the lower tail; may only box a local scatterer.,do not revise GT; do not output final box; do not use as selector; posthoc review candidate only
52,GM_RM011,25,gm011_waiting_object_stream,review_multi_structure,medium,8775.939,884330,8686914,3.749,yes,yes,uncertain,yes,yes,Many internal components and competitive nearby context suggest possible multi-structure confusion.,do not revise GT; do not output final box; do not use as selector; posthoc review candidate only
53,GM_RM011,26,gm011_waiting_object_stream,review_too_small,medium,8503.404,960562,8464459,3.872,yes,uncertain,uncertain,no,yes,GT scale is in the lower tail; may only box a local scatterer.,do not revise GT; do not output final box; do not use as selector; posthoc review candidate only
54,GM_RM011,26,gm011_waiting_object_stream,review_too_small,medium,8253.885,937446,8847234,3.566,yes,uncertain,uncertain,no,yes,GT scale is in the lower tail; may only box a local scatterer.,do not revise GT; do not output final box; do not use as selector; posthoc review candidate only
55,GM_RM011,27,gm011_waiting_object_stream,review_too_small,medium,8761.878,967153,8630214,4.677,yes,uncertain,uncertain,no,yes,GT scale is in the lower tail; may only box a local scatterer.,do not revise GT; do not output final box; do not use as selector; posthoc review candidate only
56,GM_RM011,27,gm011_waiting_object_stream,review_too_small,medium,8116.64,912228,8521003,4.712,yes,uncertain,uncertain,no,yes,GT scale is in the lower tail; may only box a local scatterer.,do not revise GT; do not output final box; do not use as selector; posthoc review candidate only
57,GM_RM011,28,gm011_waiting_object_stream,review_too_small,medium,8116.64,1000605,9182194,5.393,yes,uncertain,uncertain,no,yes,GT scale is in the lower tail; may only box a local scatterer.,do not revise GT; do not output final box; do not use as selector; posthoc review candidate only
58,GM_RM011,29,gm011_waiting_object_stream,review_multi_structure,medium,8671.792,1095003,10000492,5.919,yes,yes,uncertain,yes,yes,Many internal components and competitive nearby context suggest possible multi-structure confusion.,do not revise GT; do not output final box; do not use as selector; posthoc review candidate only
59,GM_RM011,29,gm011_waiting_object_stream,review_too_small,medium,8116.64,1040729,9425809,5.18,yes,uncertain,uncertain,no,yes,GT scale is in the lower tail; may only box a local scatterer.,do not revise GT; do not output final box; do not use as selector; posthoc review candidate only
60,GM_RM011,30,gm011_waiting_object_stream,review_too_small,medium,8116.64,1048915,9553785,4.861,yes,uncertain,uncertain,no,yes,GT scale is in the lower tail; may only box a local scatterer.,do not revise GT; do not output final box; do not use as selector; posthoc review candidate only
61,GM_RM011,31,gm011_waiting_object_stream,review_multi_structure,medium,8518.4,1142367,10745446,6.081,yes,yes,uncertain,yes,yes,Many internal components and competitive nearby context suggest possible multi-structure confusion.,do not revise GT; do not output final box; do not use as selector; posthoc review candidate only
62,GM_RM011,31,gm011_waiting_object_stream,review_too_small,medium,8116.64,1102229,9892842,5.559,yes,uncertain,uncertain,no,yes,GT scale is in the lower tail; may only box a local scatterer.,do not revise GT; do not output final box; do not use as selector; posthoc review candidate only
63,GM_RM011,32,gm011_waiting_object_stream,review_too_small,medium,8116.64,993180,9443733,5.8,yes,uncertain,uncertain,no,yes,GT scale is in the lower tail; may only box a local scatterer.,do not revise GT; do not output final box; do not use as selector; posthoc review candidate only
64,GM_RM011,33,gm011_waiting_object_stream,review_too_small,medium,8116.64,809679,8668225,8.019,yes,uncertain,uncertain,no,yes,GT scale is in the lower tail; may only box a local scatterer.,do not revise GT; do not output final box; do not use as selector; posthoc review candidate only
65,GM_RM011,34,gm011_waiting_object_stream,review_too_small,medium,8116.64,828556,8805140,7.588,yes,uncertain,uncertain,no,yes,GT scale is in the lower tail; may only box a local scatterer.,do not revise GT; do not output final box; do not use as selector; posthoc review candidate only
66,GM_RM011,35,gm011_waiting_object_stream,good,medium,8629.205,1023048,10045843,5.859,yes,uncertain,uncertain,no,no,No fixed GT quality review trigger fired.,do not revise GT; do not output final box; do not use as selector; posthoc review candidate only
67,GM_RM011,35,gm011_waiting_object_stream,review_too_small,medium,8116.64,976818,9640143,6.251,yes,uncertain,uncertain,no,yes,GT scale is in the lower tail; may only box a local scatterer.,do not revise GT; do not output final box; do not use as selector; posthoc review candidate only
68,GM_RM011,36,gm011_waiting_object_stream,review_too_small,medium,8116.64,1130956,10232868,5.454,yes,uncertain,uncertain,no,yes,GT scale is in the lower tail; may only box a local scatterer.,do not revise GT; do not output final box; do not use as selector; posthoc review candidate only
69,GM_RM011,58,gm011_waiting_object_stream,good,medium,9497.396,684292,7978023,12.035,yes,yes,yes,no,no,No fixed GT quality review trigger fired.,do not revise GT; do not output final box; do not use as selector; posthoc review candidate only
70,GM_RM011,58,gm011_waiting_object_stream,review_multi_structure,medium,11707.074,768881,10385782,3.77,yes,uncertain,uncertain,yes,yes,Many internal components and competitive nearby context suggest possible multi-structure confusion.,do not revise GT; do not output final box; do not use as selector; posthoc review candidate only
71,GM_RM011,73,gm011_waiting_object_stream,good,medium,11856.368,1428400,14020428,5.113,yes,uncertain,uncertain,no,no,No fixed GT quality review trigger fired.,do not revise GT; do not output final box; do not use as selector; posthoc review candidate only
72,GM_RM011,244,gm011_waiting_object_stream,good,medium,10169.874,1288497,11489902,3.545,yes,yes,yes,no,no,No fixed GT quality review trigger fired.,do not revise GT; do not output final box; do not use as selector; posthoc review candidate only
73,GM_RM011,244,gm011_waiting_object_stream,good,medium,12180.969,1501521,11760865,3.339,yes,yes,yes,no,no,No fixed GT quality review trigger fired.,do not revise GT; do not output final box; do not use as selector; posthoc review candidate only
74,GM_RM011,244,gm011_waiting_object_stream,good,medium,10252.049,1298495,10483862,9.817,yes,yes,yes,no,no,No fixed GT quality review trigger fired.,do not revise GT; do not output final box; do not use as selector; posthoc review candidate only
75,GM_RM011,256,gm011_waiting_object_stream,good,medium,10100.231,1229095,10748920,2.892,yes,uncertain,uncertain,no,no,No fixed GT quality review trigger fired.,do not revise GT; do not output final box; do not use as selector; posthoc review candidate only
76,GM_RM011,256,gm011_waiting_object_stream,good,medium,12923.271,1562270,12286965,3.855,yes,uncertain,uncertain,no,no,No fixed GT quality review trigger fired.,do not revise GT; do not output final box; do not use as selector; posthoc review candidate only
77,GM_RM011,256,gm011_waiting_object_stream,good,medium,12020.126,1515176,11062454,6.782,yes,yes,yes,no,no,No fixed GT quality review trigger fired.,do not revise GT; do not output final box; do not use as selector; posthoc review candidate only
78,GM_RM011,260,gm011_waiting_object_stream,good,medium,12410.279,1590844,13514164,2.843,yes,yes,yes,no,no,No fixed GT quality review trigger fired.,do not revise GT; do not output final box; do not use as selector; posthoc review candidate only
79,GM_RM011,260,gm011_waiting_object_stream,good,medium,12451.637,1617645,14199657,1.172,yes,uncertain,uncertain,no,no,No fixed GT quality review trigger fired.,do not revise GT; do not output final box; do not use as selector; posthoc review candidate only
80,GM_RM011,260,gm011_waiting_object_stream,good,medium,13268.629,1692967,13747967,6.051,yes,yes,yes,no,no,No fixed GT quality review trigger fired.,do not revise GT; do not output final box; do not use as selector; posthoc review candidate only
81,GM_RM011,281,gm011_waiting_object_stream,good,medium,11281.82,1172388,12092896,3.734,yes,yes,yes,no,no,No fixed GT quality review trigger fired.,do not revise GT; do not output final box; do not use as selector; posthoc review candidate only
82,GM_RM011,281,gm011_waiting_object_stream,good,medium,13054.351,1384349,11623292,7.713,yes,yes,yes,no,no,No fixed GT quality review trigger fired.,do not revise GT; do not output final box; do not use as selector; posthoc review candidate only
83,GM_RM011,281,gm011_waiting_object_stream,good,medium,12451.506,1142108,12012999,5.333,yes,uncertain,uncertain,no,no,No fixed GT quality review trigger fired.,do not revise GT; do not output final box; do not use as selector; posthoc review candidate only
84,GM_RM011,315,gm011_waiting_object_stream,good,medium,10014.655,1256635,11862156,6.374,yes,yes,yes,no,no,No fixed GT quality review trigger fired.,do not revise GT; do not output final box; do not use as selector; posthoc review candidate only
85,GM_RM011,315,gm011_waiting_object_stream,good,medium,12051.908,1529513,14187893,3.141,yes,uncertain,uncertain,no,no,No fixed GT quality review trigger fired.,do not revise GT; do not output final box; do not use as selector; posthoc review candidate only
86,GM_RM011,335,gm011_waiting_object_stream,review_too_large,medium,16195.296,1812292,19750170,6.99,yes,yes,uncertain,yes,yes,GT scale is in the upper tail; may include background or neighboring structure.,do not revise GT; do not output final box; do not use as selector; posthoc review candidate only
87,GM_RM011,335,gm011_waiting_object_stream,good,medium,9203.805,1212272,10091536,7.907,yes,yes,yes,no,no,No fixed GT quality review trigger fired.,do not revise GT; do not output final box; do not use as selector; posthoc review candidate only
88,GM_RM011,442,gm011_waiting_object_stream,good,medium,10656.697,1024455,8720509,20.485,yes,uncertain,uncertain,no,no,No fixed GT quality review trigger fired.,do not revise GT; do not output final box; do not use as selector; posthoc review candidate only
89,GM_RM011,444,gm011_waiting_object_stream,good,medium,10263.336,1108247,9695279,22.049,yes,yes,yes,no,no,No fixed GT quality review trigger fired.,do not revise GT; do not output final box; do not use as selector; posthoc review candidate only
90,GM_RM011,469,gm011_waiting_object_stream,good,medium,9924.262,980624,7285108,2.529,yes,uncertain,uncertain,no,no,No fixed GT quality review trigger fired.,do not revise GT; do not output final box; do not use as selector; posthoc review candidate only
91,GM_RM011,506,gm011_waiting_object_stream,good,medium,10890.876,1686213,10127769,19.198,yes,yes,yes,no,no,No fixed GT quality review trigger fired.,do not revise GT; do not output final box; do not use as selector; posthoc review candidate only
92,GM_RM011,506,gm011_waiting_object_stream,good,medium,10322.907,1174180,9774355,15.07,yes,uncertain,uncertain,no,no,No fixed GT quality review trigger fired.,do not revise GT; do not output final box; do not use as selector; posthoc review candidate only
93,GM_RM011,510,gm011_waiting_object_stream,good,medium,11492.578,1458994,9213280,25.793,yes,uncertain,uncertain,no,no,No fixed GT quality review trigger fired.,do not revise GT; do not output final box; do not use as selector; posthoc review candidate only
94,GM_RM011,510,gm011_waiting_object_stream,good,medium,9733.591,661588,7249251,15.359,yes,uncertain,uncertain,no,no,No fixed GT quality review trigger fired.,do not revise GT; do not output final box; do not use as selector; posthoc review candidate only
95,GM_RM017,302,paired_215,review_low_energy,low,9361.215,424504,4415301,8.758,no,uncertain,uncertain,no,yes,GT crop is in the lower tail of display-grayscale energy mean; weak target or edge case.,do not revise GT; do not output final box; do not use as selector; posthoc review candidate only
96,GM_RM017,302,sar_only,review_low_energy,low,11890.17,482837,8943282,2.228,no,uncertain,uncertain,no,yes,GT crop is in the lower tail of display-grayscale energy mean; weak target or edge case.,do not revise GT; do not output final box; do not use as selector; posthoc review candidate only
97,GM_RM017,310,dropout_special,review_multi_structure,medium,10494.65,603055,6864663,3.077,no,yes,uncertain,yes,yes,Many internal components and competitive nearby context suggest possible multi-structure confusion.,do not revise GT; do not output final box; do not use as selector; posthoc review candidate only
98,GM_RM017,310,paired_215,review_extreme_aspect,medium,11193.994,720201,7934112,8.618,no,uncertain,uncertain,no,yes,GT aspect ratio is unusually high for this 442-row pool.,do not revise GT; do not output final box; do not use as selector; posthoc review candidate only
99,GM_RM017,315,paired_215,review_multi_structure,medium,10109.478,526403,5038389,4.579,no,yes,uncertain,yes,yes,Many internal components and competitive nearby context suggest possible multi-structure confusion.,do not revise GT; do not output final box; do not use as selector; posthoc review candidate only
100,GM_RM017,315,paired_215,review_multi_structure,medium,10253.25,596425,5608706,10.498,no,uncertain,uncertain,yes,yes,Many internal components and competitive nearby context suggest possible multi-structure confusion.,do not revise GT; do not output final box; do not use as selector; posthoc review candidate only
101,GM_RM017,317,paired_215,review_multi_structure,medium,10283.695,705677,6023713,7.6,no,uncertain,uncertain,yes,yes,Many internal components and competitive nearby context suggest possible multi-structure confusion.,do not revise GT; do not output final box; do not use as selector; posthoc review candidate only
102,GM_RM017,317,paired_215,review_multi_structure,medium,11247.113,688992,7694009,5.778,yes,yes,uncertain,yes,yes,Many internal components and competitive nearby context suggest possible multi-structure confusion.,do not revise GT; do not output final box; do not use as selector; posthoc review candidate only
103,GM_RM017,319,paired_215,good,medium,10996.122,897769,7760269,4.993,yes,uncertain,uncertain,no,no,No fixed GT quality review trigger fired.,do not revise GT; do not output final box; do not use as selector; posthoc review candidate only
104,GM_RM017,319,paired_215,review_multi_structure,medium,11162.654,977907,8250761,8.245,yes,uncertain,uncertain,yes,yes,Many internal components and competitive nearby context suggest possible multi-structure confusion.,do not revise GT; do not output final box; do not use as selector; posthoc review candidate only
105,GM_RM017,321,paired_215,review_multi_structure,medium,11504.514,926677,7014089,8.345,yes,uncertain,uncertain,yes,yes,Many internal components and competitive nearby context suggest possible multi-structure confusion.,do not revise GT; do not output final box; do not use as selector; posthoc review candidate only
106,GM_RM017,321,paired_215,review_multi_structure,medium,9772.327,742449,6627882,5.576,yes,uncertain,uncertain,yes,yes,Many internal components and competitive nearby context suggest possible multi-structure confusion.,do not revise GT; do not output final box; do not use as selector; posthoc review candidate only
107,GM_RM017,323,paired_215,review_multi_structure,medium,11703.348,914858,6765231,8.413,yes,uncertain,uncertain,yes,yes,Many internal components and competitive nearby context suggest possible multi-structure confusion.,do not revise GT; do not output final box; do not use as selector; posthoc review candidate only
108,GM_RM017,323,paired_215,review_multi_structure,medium,11084.944,811163,7983349,6.948,yes,uncertain,uncertain,yes,yes,Many internal components and competitive nearby context suggest possible multi-structure confusion.,do not revise GT; do not output final box; do not use as selector; posthoc review candidate only
109,GM_RM017,325,paired_215,good,medium,9941.269,954423,7380264,7.538,yes,uncertain,uncertain,no,no,No fixed GT quality review trigger fired.,do not revise GT; do not output final box; do not use as selector; posthoc review candidate only
110,GM_RM017,325,paired_215,review_multi_structure,medium,13578.534,1182519,10886008,5.873,yes,yes,uncertain,yes,yes,Many internal components and competitive nearby context suggest possible multi-structure confusion.,do not revise GT; do not output final box; do not use as selector; posthoc review candidate only
111,GM_RM017,327,paired_215,good,medium,10595.127,936681,7011233,9.936,yes,uncertain,uncertain,no,no,No fixed GT quality review trigger fired.,do not revise GT; do not output final box; do not use as selector; posthoc review candidate only
112,GM_RM017,327,paired_215,review_multi_structure,medium,11910.505,955535,9060450,7.128,yes,uncertain,uncertain,yes,yes,Many internal components and competitive nearby context suggest possible multi-structure confusion.,do not revise GT; do not output final box; do not use as selector; posthoc review candidate only
113,GM_RM017,329,paired_215,good,medium,10224.909,686007,4682888,11.312,yes,uncertain,uncertain,no,no,No fixed GT quality review trigger fired.,do not revise GT; do not output final box; do not use as selector; posthoc review candidate only
114,GM_RM017,329,paired_215,review_multi_structure,medium,13114.591,763302,6844558,8.518,yes,yes,uncertain,yes,yes,Many internal components and competitive nearby context suggest possible multi-structure confusion.,do not revise GT; do not output final box; do not use as selector; posthoc review candidate only
115,GM_RM017,330,paired_215,good,medium,10855.816,612668,5021417,12.339,yes,yes,yes,no,no,No fixed GT quality review trigger fired.,do not revise GT; do not output final box; do not use as selector; posthoc review candidate only
116,GM_RM017,330,paired_215,review_low_energy,low,13056.295,627208,5724820,10.46,no,yes,uncertain,no,yes,GT crop is in the lower tail of display-grayscale energy mean; weak target or edge case.,do not revise GT; do not output final box; do not use as selector; posthoc review candidate only
117,GM_RM017,331,paired_215,review_low_energy,low,12409.186,532046,4688198,11.166,no,yes,uncertain,no,yes,GT crop is in the lower tail of display-grayscale energy mean; weak target or edge case.,do not revise GT; do not output final box; do not use as selector; posthoc review candidate only
118,GM_RM017,331,paired_215,review_low_energy,low,10831.266,525055,4133917,11.368,yes,yes,uncertain,no,yes,GT crop is in the lower tail of display-grayscale energy mean; weak target or edge case.,do not revise GT; do not output final box; do not use as selector; posthoc review candidate only
119,GM_RM017,332,paired_215,review_low_energy,low,10533.416,435147,3742128,12.663,no,yes,uncertain,no,yes,GT crop is in the lower tail of display-grayscale energy mean; weak target or edge case.,do not revise GT; do not output final box; do not use as selector; posthoc review candidate only
120,GM_RM017,332,paired_215,review_low_energy,low,10529.118,475469,3879118,12.188,yes,yes,uncertain,no,yes,GT crop is in the lower tail of display-grayscale energy mean; weak target or edge case.,do not revise GT; do not output final box; do not use as selector; posthoc review candidate only
121,GM_RM017,333,paired_215,review_low_energy,low,13472.911,586828,5408784,10.087,no,yes,uncertain,no,yes,GT crop is in the lower tail of display-grayscale energy mean; weak target or edge case.,do not revise GT; do not output final box; do not use as selector; posthoc review candidate only
122,GM_RM017,333,paired_215,review_low_energy,low,10749.955,518125,4037006,8.887,yes,yes,uncertain,no,yes,GT crop is in the lower tail of display-grayscale energy mean; weak target or edge case.,do not revise GT; do not output final box; do not use as selector; posthoc review candidate only
123,GM_RM017,334,paired_215,review_extreme_aspect,medium,10504.637,536358,4942354,10.233,no,yes,uncertain,no,yes,GT aspect ratio is unusually high for this 442-row pool.,do not revise GT; do not output final box; do not use as selector; posthoc review candidate only
124,GM_RM017,334,paired_215,good,medium,10190.342,562701,4804202,7.657,yes,yes,yes,no,no,No fixed GT quality review trigger fired.,do not revise GT; do not output final box; do not use as selector; posthoc review candidate only
125,GM_RM017,335,paired_215,good,medium,11388.616,675513,5231996,7.769,yes,yes,yes,no,no,No fixed GT quality review trigger fired.,do not revise GT; do not output final box; do not use as selector; posthoc review candidate only
126,GM_RM017,335,paired_215,review_multi_structure,medium,12940.793,723344,6186365,7.525,no,yes,uncertain,yes,yes,Many internal components and competitive nearby context suggest possible multi-structure confusion.,do not revise GT; do not output final box; do not use as selector; posthoc review candidate only
127,GM_RM017,335,paired_215,review_low_energy,low,10006.053,494635,4505960,2.297,no,uncertain,uncertain,no,yes,GT crop is in the lower tail of display-grayscale energy mean; weak target or edge case.,do not revise GT; do not output final box; do not use as selector; posthoc review candidate only
128,GM_RM017,336,paired_215,good,medium,12225.677,733315,5744994,6.576,yes,yes,yes,no,no,No fixed GT quality review trigger fired.,do not revise GT; do not output final box; do not use as selector; posthoc review candidate only
129,GM_RM017,336,paired_215,review_multi_structure,medium,12596.941,702895,5928838,10.136,yes,yes,uncertain,yes,yes,Many internal components and competitive nearby context suggest possible multi-structure confusion.,do not revise GT; do not output final box; do not use as selector; posthoc review candidate only
130,GM_RM017,336,paired_215,review_low_energy,low,10396.837,494378,4955236,1.593,no,uncertain,uncertain,no,yes,GT crop is in the lower tail of display-grayscale energy mean; weak target or edge case.,do not revise GT; do not output final box; do not use as selector; posthoc review candidate only
334,GM_RM017,337,paired_215,review_multi_structure,medium,12645.971,789905,6329159,8.991,yes,yes,uncertain,yes,yes,Many internal components and competitive nearby context suggest possible multi-structure confusion.,do not revise GT; do not output final box; do not use as selector; posthoc review candidate only
335,GM_RM017,337,paired_215,good,medium,11404.346,774792,5814775,8.538,yes,yes,yes,no,no,No fixed GT quality review trigger fired.,do not revise GT; do not output final box; do not use as selector; posthoc review candidate only
135,GM_RM017,337,paired_215,review_multi_structure,medium,10661.613,580817,4866611,2.59,no,uncertain,uncertain,yes,yes,Many internal components and competitive nearby context suggest possible multi-structure confusion.,do not revise GT; do not output final box; do not use as selector; posthoc review candidate only
131,GM_RM017,338,paired_215,good,medium,11086.248,765697,6066851,7.737,yes,yes,yes,no,no,No fixed GT quality review trigger fired.,do not revise GT; do not output final box; do not use as selector; posthoc review candidate only
132,GM_RM017,338,paired_215,review_too_small,medium,9333.137,727819,5669442,7.593,yes,uncertain,uncertain,no,yes,GT scale is in the lower tail; may only box a local scatterer.,do not revise GT; do not output final box; do not use as selector; posthoc review candidate only
133,GM_RM017,338,paired_215,review_multi_structure,medium,11724.974,693853,6149573,1.736,no,uncertain,uncertain,yes,yes,Many internal components and competitive nearby context suggest possible multi-structure confusion.,do not revise GT; do not output final box; do not use as selector; posthoc review candidate only
134,GM_RM017,339,paired_215,good,medium,10742.938,944088,8049127,7.397,yes,yes,yes,no,no,No fixed GT quality review trigger fired.,do not revise GT; do not output final box; do not use as selector; posthoc review candidate only
136,GM_RM017,339,paired_215,good,medium,12499.128,1177824,8762404,6.781,yes,yes,yes,no,no,No fixed GT quality review trigger fired.,do not revise GT; do not output final box; do not use as selector; posthoc review candidate only
137,GM_RM017,339,paired_215,review_multi_structure,medium,11779.502,892667,7588781,1.812,no,uncertain,uncertain,yes,yes,Many internal components and competitive nearby context suggest possible multi-structure confusion.,do not revise GT; do not output final box; do not use as selector; posthoc review candidate only
138,GM_RM017,340,paired_215,review_multi_structure,medium,12819.145,1175588,9817775,5.322,yes,uncertain,uncertain,yes,yes,Many internal components and competitive nearby context suggest possible multi-structure confusion.,do not revise GT; do not output final box; do not use as selector; posthoc review candidate only
139,GM_RM017,340,paired_215,good,medium,9467.747,990708,7317685,6.757,yes,yes,yes,no,no,No fixed GT quality review trigger fired.,do not revise GT; do not output final box; do not use as selector; posthoc review candidate only
140,GM_RM017,340,paired_215,review_multi_structure,medium,9874.535,800068,7015901,1.869,no,uncertain,uncertain,yes,yes,Many internal components and competitive nearby context suggest possible multi-structure confusion.,do not revise GT; do not output final box; do not use as selector; posthoc review candidate only
141,GM_RM017,341,paired_215,good,medium,11636.44,1141618,9632109,5.282,yes,yes,yes,no,no,No fixed GT quality review trigger fired.,do not revise GT; do not output final box; do not use as selector; posthoc review candidate only
142,GM_RM017,341,paired_215,review_multi_structure,medium,12893.835,1135870,9526712,7.462,yes,yes,uncertain,yes,yes,Many internal components and competitive nearby context suggest possible multi-structure confusion.,do not revise GT; do not output final box; do not use as selector; posthoc review candidate only
143,GM_RM017,341,paired_215,review_multi_structure,medium,10627.591,822277,7142613,1.747,no,uncertain,uncertain,yes,yes,Many internal components and competitive nearby context suggest possible multi-structure confusion.,do not revise GT; do not output final box; do not use as selector; posthoc review candidate only
144,GM_RM017,342,paired_215,good,medium,10388.785,1061900,7627073,6.449,yes,yes,yes,no,no,No fixed GT quality review trigger fired.,do not revise GT; do not output final box; do not use as selector; posthoc review candidate only
145,GM_RM017,342,paired_215,good,medium,11637.475,1055607,9107685,7.514,yes,yes,yes,no,no,No fixed GT quality review trigger fired.,do not revise GT; do not output final box; do not use as selector; posthoc review candidate only
146,GM_RM017,342,paired_215,good,medium,10351.514,811409,6830844,2.021,yes,uncertain,uncertain,no,no,No fixed GT quality review trigger fired.,do not revise GT; do not output final box; do not use as selector; posthoc review candidate only
147,GM_RM017,343,paired_215,good,medium,12997.122,1158162,9135929,6.866,yes,yes,yes,no,no,No fixed GT quality review trigger fired.,do not revise GT; do not output final box; do not use as selector; posthoc review candidate only
148,GM_RM017,343,paired_215,good,medium,12444.559,1248270,9078692,5.145,yes,yes,yes,no,no,No fixed GT quality review trigger fired.,do not revise GT; do not output final box; do not use as selector; posthoc review candidate only
149,GM_RM017,343,paired_215,good,medium,11289.244,884535,7018156,1.852,yes,uncertain,uncertain,no,no,No fixed GT quality review trigger fired.,do not revise GT; do not output final box; do not use as selector; posthoc review candidate only
150,GM_RM017,344,paired_215,good,medium,10851.016,953628,7469469,8.134,yes,yes,yes,no,no,No fixed GT quality review trigger fired.,do not revise GT; do not output final box; do not use as selector; posthoc review candidate only
151,GM_RM017,344,paired_215,good,medium,11926.931,1180852,8290759,6.225,yes,yes,yes,no,no,No fixed GT quality review trigger fired.,do not revise GT; do not output final box; do not use as selector; posthoc review candidate only
152,GM_RM017,344,paired_215,good,medium,10549.664,787339,6337523,1.844,yes,uncertain,uncertain,no,no,No fixed GT quality review trigger fired.,do not revise GT; do not output final box; do not use as selector; posthoc review candidate only
153,GM_RM017,345,paired_215,good,medium,11736.534,1219983,9142776,4.761,yes,yes,yes,no,no,No fixed GT quality review trigger fired.,do not revise GT; do not output final box; do not use as selector; posthoc review candidate only
154,GM_RM017,345,paired_215,good,medium,13287.918,1206266,9320229,8.963,yes,yes,yes,no,no,No fixed GT quality review trigger fired.,do not revise GT; do not output final box; do not use as selector; posthoc review candidate only
155,GM_RM017,345,paired_215,review_multi_structure,medium,12121.021,956340,7913131,2.138,no,uncertain,uncertain,yes,yes,Many internal components and competitive nearby context suggest possible multi-structure confusion.,do not revise GT; do not output final box; do not use as selector; posthoc review candidate only
156,GM_RM017,346,paired_215,good,medium,11970.194,1242369,8677231,4.2,yes,yes,yes,no,no,No fixed GT quality review trigger fired.,do not revise GT; do not output final box; do not use as selector; posthoc review candidate only
157,GM_RM017,346,paired_215,good,medium,12823.507,1159077,9144718,8.492,yes,yes,yes,no,no,No fixed GT quality review trigger fired.,do not revise GT; do not output final box; do not use as selector; posthoc review candidate only
158,GM_RM017,346,paired_215,review_multi_structure,medium,10982.582,860141,7429226,1.98,yes,uncertain,uncertain,yes,yes,Many internal components and competitive nearby context suggest possible multi-structure confusion.,do not revise GT; do not output final box; do not use as selector; posthoc review candidate only
159,GM_RM017,347,paired_215,good,medium,12728.626,1111587,9112333,8.365,yes,yes,yes,no,no,No fixed GT quality review trigger fired.,do not revise GT; do not output final box; do not use as selector; posthoc review candidate only
160,GM_RM017,347,paired_215,good,medium,10986.412,1103793,8298807,4.745,yes,yes,yes,no,no,No fixed GT quality review trigger fired.,do not revise GT; do not output final box; do not use as selector; posthoc review candidate only
161,GM_RM017,347,paired_215,review_multi_structure,medium,11800.695,872656,7743549,2.893,yes,uncertain,uncertain,yes,yes,Many internal components and competitive nearby context suggest possible multi-structure confusion.,do not revise GT; do not output final box; do not use as selector; posthoc review candidate only
162,GM_RM017,348,paired_215,good,medium,12344,1050555,7925699,8.273,yes,yes,yes,no,no,No fixed GT quality review trigger fired.,do not revise GT; do not output final box; do not use as selector; posthoc review candidate only
163,GM_RM017,348,paired_215,good,medium,10649.2,1029742,6120937,5.314,yes,yes,yes,no,no,No fixed GT quality review trigger fired.,do not revise GT; do not output final box; do not use as selector; posthoc review candidate only
164,GM_RM017,348,paired_215,review_multi_structure,medium,10694.469,770298,6608597,2.729,yes,yes,uncertain,yes,yes,Many internal components and competitive nearby context suggest possible multi-structure confusion.,do not revise GT; do not output final box; do not use as selector; posthoc review candidate only
165,GM_RM017,349,paired_215,good,medium,13285.018,1222145,9203944,6.086,yes,yes,yes,no,no,No fixed GT quality review trigger fired.,do not revise GT; do not output final box; do not use as selector; posthoc review candidate only
166,GM_RM017,349,paired_215,review_multi_structure,medium,12193.663,886196,7414941,2.915,yes,yes,uncertain,yes,yes,Many internal components and competitive nearby context suggest possible multi-structure confusion.,do not revise GT; do not output final box; do not use as selector; posthoc review candidate only
167,GM_RM017,349,paired_215,good,medium,13085.105,1111304,9529716,7.897,yes,yes,yes,no,no,No fixed GT quality review trigger fired.,do not revise GT; do not output final box; do not use as selector; posthoc review candidate only
168,GM_RM017,350,paired_215,good,medium,12940.519,1121258,7455110,6.825,yes,yes,yes,no,no,No fixed GT quality review trigger fired.,do not revise GT; do not output final box; do not use as selector; posthoc review candidate only
169,GM_RM017,350,paired_215,review_multi_structure,medium,13436.641,922224,8659278,3.297,no,yes,uncertain,yes,yes,Many internal components and competitive nearby context suggest possible multi-structure confusion.,do not revise GT; do not output final box; do not use as selector; posthoc review candidate only
170,GM_RM017,350,paired_215,good,medium,12884.779,1051592,9248768,7.692,yes,yes,yes,no,no,No fixed GT quality review trigger fired.,do not revise GT; do not output final box; do not use as selector; posthoc review candidate only
171,GM_RM017,351,paired_215,good,medium,11410.482,1000307,8160096,6.776,yes,yes,yes,no,no,No fixed GT quality review trigger fired.,do not revise GT; do not output final box; do not use as selector; posthoc review candidate only
172,GM_RM017,351,paired_215,good,medium,10447.947,754117,7360626,3.229,yes,yes,yes,no,no,No fixed GT quality review trigger fired.,do not revise GT; do not output final box; do not use as selector; posthoc review candidate only
173,GM_RM017,351,paired_215,good,medium,13083.892,1085960,8874996,10.032,yes,yes,yes,no,no,No fixed GT quality review trigger fired.,do not revise GT; do not output final box; do not use as selector; posthoc review candidate only
174,GM_RM017,352,paired_215,good,medium,11766.678,1006073,7467247,4.93,yes,yes,yes,no,no,No fixed GT quality review trigger fired.,do not revise GT; do not output final box; do not use as selector; posthoc review candidate only
175,GM_RM017,352,paired_215,good,medium,13136.733,948137,8565022,3.184,yes,yes,yes,no,no,No fixed GT quality review trigger fired.,do not revise GT; do not output final box; do not use as selector; posthoc review candidate only
176,GM_RM017,352,paired_215,good,medium,12383.175,1060566,8216958,9.378,yes,uncertain,uncertain,no,no,No fixed GT quality review trigger fired.,do not revise GT; do not output final box; do not use as selector; posthoc review candidate only
177,GM_RM017,353,paired_215,good,medium,11878.117,1003217,7629175,5.655,yes,uncertain,uncertain,no,no,No fixed GT quality review trigger fired.,do not revise GT; do not output final box; do not use as selector; posthoc review candidate only
178,GM_RM017,353,paired_215,good,medium,11932.612,859207,7109948,3.547,yes,uncertain,uncertain,no,no,No fixed GT quality review trigger fired.,do not revise GT; do not output final box; do not use as selector; posthoc review candidate only
179,GM_RM017,353,paired_215,good,medium,12379.227,1046476,8042344,9.789,yes,yes,yes,no,no,No fixed GT quality review trigger fired.,do not revise GT; do not output final box; do not use as selector; posthoc review candidate only
180,GM_RM017,354,paired_215,good,medium,11420.408,791558,6532571,3.812,yes,yes,yes,no,no,No fixed GT quality review trigger fired.,do not revise GT; do not output final box; do not use as selector; posthoc review candidate only
181,GM_RM017,354,paired_215,good,medium,11546.076,953721,7768063,8.473,yes,yes,yes,no,no,No fixed GT quality review trigger fired.,do not revise GT; do not output final box; do not use as selector; posthoc review candidate only
182,GM_RM017,354,paired_215,good,medium,10654.635,896381,6755378,5.521,yes,yes,yes,no,no,No fixed GT quality review trigger fired.,do not revise GT; do not output final box; do not use as selector; posthoc review candidate only
183,GM_RM017,355,paired_215,good,medium,11619.539,883486,7134392,3.412,yes,yes,yes,no,no,No fixed GT quality review trigger fired.,do not revise GT; do not output final box; do not use as selector; posthoc review candidate only
184,GM_RM017,355,paired_215,good,medium,12417.569,1100446,8790122,8.084,yes,yes,yes,no,no,No fixed GT quality review trigger fired.,do not revise GT; do not output final box; do not use as selector; posthoc review candidate only
185,GM_RM017,355,paired_215,good,medium,11016.843,992959,7711959,5.06,yes,yes,yes,no,no,No fixed GT quality review trigger fired.,do not revise GT; do not output final box; do not use as selector; posthoc review candidate only
186,GM_RM017,356,paired_215,good,medium,11906.899,802904,7192763,2.865,yes,yes,yes,no,no,No fixed GT quality review trigger fired.,do not revise GT; do not output final box; do not use as selector; posthoc review candidate only
187,GM_RM017,356,paired_215,good,medium,10317.489,839874,6271948,4.294,yes,uncertain,uncertain,no,no,No fixed GT quality review trigger fired.,do not revise GT; do not output final box; do not use as selector; posthoc review candidate only
188,GM_RM017,356,paired_215,good,medium,13301.12,1045475,8083182,8.621,yes,yes,yes,no,no,No fixed GT quality review trigger fired.,do not revise GT; do not output final box; do not use as selector; posthoc review candidate only
189,GM_RM017,357,paired_215,review_multi_structure,medium,11644.218,830320,7788043,3.159,yes,yes,uncertain,yes,yes,Many internal components and competitive nearby context suggest possible multi-structure confusion.,do not revise GT; do not output final box; do not use as selector; posthoc review candidate only
190,GM_RM017,357,paired_215,good,medium,10587.916,898818,7156218,6.211,yes,yes,yes,no,no,No fixed GT quality review trigger fired.,do not revise GT; do not output final box; do not use as selector; posthoc review candidate only
191,GM_RM017,357,paired_215,good,medium,13009.52,1090922,8179175,7.411,yes,yes,yes,no,no,No fixed GT quality review trigger fired.,do not revise GT; do not output final box; do not use as selector; posthoc review candidate only
192,GM_RM017,358,paired_215,review_multi_structure,medium,12329.672,880589,7172694,3.324,yes,yes,uncertain,yes,yes,Many internal components and competitive nearby context suggest possible multi-structure confusion.,do not revise GT; do not output final box; do not use as selector; posthoc review candidate only
193,GM_RM017,358,paired_215,good,medium,12244.802,1011455,7996255,5.271,yes,uncertain,uncertain,no,no,No fixed GT quality review trigger fired.,do not revise GT; do not output final box; do not use as selector; posthoc review candidate only
194,GM_RM017,358,paired_215,good,medium,12315.731,1053125,7820648,7.21,yes,yes,yes,no,no,No fixed GT quality review trigger fired.,do not revise GT; do not output final box; do not use as selector; posthoc review candidate only
195,GM_RM017,359,paired_215,review_multi_structure,medium,12124.04,910674,8598252,3.198,yes,uncertain,uncertain,yes,yes,Many internal components and competitive nearby context suggest possible multi-structure confusion.,do not revise GT; do not output final box; do not use as selector; posthoc review candidate only
196,GM_RM017,359,paired_215,good,medium,11497.077,1024494,7770093,4.29,yes,uncertain,uncertain,no,no,No fixed GT quality review trigger fired.,do not revise GT; do not output final box; do not use as selector; posthoc review candidate only
197,GM_RM017,359,paired_215,good,medium,11973.236,1092190,9420107,7.548,yes,yes,yes,no,no,No fixed GT quality review trigger fired.,do not revise GT; do not output final box; do not use as selector; posthoc review candidate only
198,GM_RM017,360,paired_215,review_multi_structure,medium,12492.637,815417,7034589,3.31,yes,yes,uncertain,yes,yes,Many internal components and competitive nearby context suggest possible multi-structure confusion.,do not revise GT; do not output final box; do not use as selector; posthoc review candidate only
199,GM_RM017,360,paired_215,good,medium,11282.44,876258,5978557,5.9,yes,yes,yes,no,no,No fixed GT quality review trigger fired.,do not revise GT; do not output final box; do not use as selector; posthoc review candidate only
200,GM_RM017,360,paired_215,good,medium,12651.234,1010587,6960353,7.83,yes,yes,yes,no,no,No fixed GT quality review trigger fired.,do not revise GT; do not output final box; do not use as selector; posthoc review candidate only
201,GM_RM017,361,paired_215,review_multi_structure,medium,12267.479,727418,6818583,3.182,yes,yes,uncertain,yes,yes,Many internal components and competitive nearby context suggest possible multi-structure confusion.,do not revise GT; do not output final box; do not use as selector; posthoc review candidate only
202,GM_RM017,361,paired_215,good,medium,11543.624,802700,6456547,6.119,yes,yes,yes,no,no,No fixed GT quality review trigger fired.,do not revise GT; do not output final box; do not use as selector; posthoc review candidate only
203,GM_RM017,361,paired_215,good,medium,12843.327,936319,7632603,7.225,yes,yes,yes,no,no,No fixed GT quality review trigger fired.,do not revise GT; do not output final box; do not use as selector; posthoc review candidate only
204,GM_RM017,362,paired_215,good,medium,10684.632,659136,5078439,4.593,yes,yes,yes,no,no,No fixed GT quality review trigger fired.,do not revise GT; do not output final box; do not use as selector; posthoc review candidate only
205,GM_RM017,362,paired_215,good,medium,12042.825,853108,5762820,6.434,yes,yes,yes,no,no,No fixed GT quality review trigger fired.,do not revise GT; do not output final box; do not use as selector; posthoc review candidate only
206,GM_RM017,362,paired_215,good,medium,12717.32,950979,6382226,8.028,yes,yes,yes,no,no,No fixed GT quality review trigger fired.,do not revise GT; do not output final box; do not use as selector; posthoc review candidate only
207,GM_RM017,363,paired_215,good,medium,12917.645,804685,7062743,4.634,yes,yes,yes,no,no,No fixed GT quality review trigger fired.,do not revise GT; do not output final box; do not use as selector; posthoc review candidate only
208,GM_RM017,363,paired_215,good,medium,11253.397,817110,6034324,6.987,yes,uncertain,uncertain,no,no,No fixed GT quality review trigger fired.,do not revise GT; do not output final box; do not use as selector; posthoc review candidate only
209,GM_RM017,363,paired_215,good,medium,13587.641,1034558,8205699,8.903,yes,yes,yes,no,no,No fixed GT quality review trigger fired.,do not revise GT; do not output final box; do not use as selector; posthoc review candidate only
210,GM_RM017,364,paired_215,good,medium,14592.231,856189,8080077,3.91,yes,yes,yes,no,no,No fixed GT quality review trigger fired.,do not revise GT; do not output final box; do not use as selector; posthoc review candidate only
211,GM_RM017,364,paired_215,review_multi_structure,medium,12489.809,845485,6340866,6.454,yes,uncertain,uncertain,yes,yes,Many internal components and competitive nearby context suggest possible multi-structure confusion.,do not revise GT; do not output final box; do not use as selector; posthoc review candidate only
212,GM_RM017,364,paired_215,good,medium,14138.235,1051330,8077233,8.66,yes,yes,yes,no,no,No fixed GT quality review trigger fired.,do not revise GT; do not output final box; do not use as selector; posthoc review candidate only
213,GM_RM017,365,paired_215,good,medium,13039.39,812213,6774083,4.896,yes,yes,yes,no,no,No fixed GT quality review trigger fired.,do not revise GT; do not output final box; do not use as selector; posthoc review candidate only
214,GM_RM017,365,paired_215,review_multi_structure,medium,11612.734,825022,6079624,6.344,yes,uncertain,uncertain,yes,yes,Many internal components and competitive nearby context suggest possible multi-structure confusion.,do not revise GT; do not output final box; do not use as selector; posthoc review candidate only
215,GM_RM017,365,paired_215,good,medium,11423.441,923796,6450875,9.623,yes,yes,yes,no,no,No fixed GT quality review trigger fired.,do not revise GT; do not output final box; do not use as selector; posthoc review candidate only
216,GM_RM017,366,paired_215,review_multi_structure,medium,13982.013,954071,7105108,6.83,yes,uncertain,uncertain,yes,yes,Many internal components and competitive nearby context suggest possible multi-structure confusion.,do not revise GT; do not output final box; do not use as selector; posthoc review candidate only
217,GM_RM017,366,paired_215,review_too_large,medium,15426.218,1182067,8454768,8.049,yes,yes,uncertain,yes,yes,GT scale is in the upper tail; may include background or neighboring structure.,do not revise GT; do not output final box; do not use as selector; posthoc review candidate only
218,GM_RM017,366,paired_215,review_multi_structure,medium,14464.936,883374,8366245,4.051,yes,yes,uncertain,yes,yes,Many internal components and competitive nearby context suggest possible multi-structure confusion.,do not revise GT; do not output final box; do not use as selector; posthoc review candidate only
219,GM_RM017,367,paired_215,review_multi_structure,medium,13309.05,914937,6208694,6.644,yes,uncertain,uncertain,yes,yes,Many internal components and competitive nearby context suggest possible multi-structure confusion.,do not revise GT; do not output final box; do not use as selector; posthoc review candidate only
220,GM_RM017,367,paired_215,good,medium,12471.413,1007401,6895337,8.239,yes,yes,yes,no,no,No fixed GT quality review trigger fired.,do not revise GT; do not output final box; do not use as selector; posthoc review candidate only
221,GM_RM017,367,paired_215,review_multi_structure,medium,12919.331,810558,7172626,5.3,yes,yes,uncertain,yes,yes,Many internal components and competitive nearby context suggest possible multi-structure confusion.,do not revise GT; do not output final box; do not use as selector; posthoc review candidate only
222,GM_RM017,368,paired_215,review_multi_structure,medium,13122.852,884836,6373055,6.858,yes,uncertain,uncertain,yes,yes,Many internal components and competitive nearby context suggest possible multi-structure confusion.,do not revise GT; do not output final box; do not use as selector; posthoc review candidate only
223,GM_RM017,368,paired_215,good,medium,12885.702,807822,7669109,5.714,yes,yes,yes,no,no,No fixed GT quality review trigger fired.,do not revise GT; do not output final box; do not use as selector; posthoc review candidate only
224,GM_RM017,368,paired_215,good,medium,14131.335,1091844,7829952,7.828,yes,yes,yes,no,no,No fixed GT quality review trigger fired.,do not revise GT; do not output final box; do not use as selector; posthoc review candidate only
225,GM_RM017,369,paired_215,review_multi_structure,medium,10676.852,787557,5892933,6.608,yes,uncertain,uncertain,yes,yes,Many internal components and competitive nearby context suggest possible multi-structure confusion.,do not revise GT; do not output final box; do not use as selector; posthoc review candidate only
226,GM_RM017,369,paired_215,good,medium,12437.02,846316,7168093,6.539,yes,uncertain,uncertain,no,no,No fixed GT quality review trigger fired.,do not revise GT; do not output final box; do not use as selector; posthoc review candidate only
227,GM_RM017,369,paired_215,good,medium,12547.508,1036423,7451647,8.182,yes,yes,yes,no,no,No fixed GT quality review trigger fired.,do not revise GT; do not output final box; do not use as selector; posthoc review candidate only
228,GM_RM017,370,paired_215,review_multi_structure,medium,10723.04,784915,5794746,7.917,yes,uncertain,uncertain,yes,yes,Many internal components and competitive nearby context suggest possible multi-structure confusion.,do not revise GT; do not output final box; do not use as selector; posthoc review candidate only
229,GM_RM017,370,paired_215,good,medium,11658.904,989112,7324498,7.637,yes,yes,yes,no,no,No fixed GT quality review trigger fired.,do not revise GT; do not output final box; do not use as selector; posthoc review candidate only
230,GM_RM017,370,paired_215,good,medium,13245.485,902199,7995601,6.18,yes,yes,yes,no,no,No fixed GT quality review trigger fired.,do not revise GT; do not output final box; do not use as selector; posthoc review candidate only
231,GM_RM017,371,paired_215,review_multi_structure,medium,10478.374,795779,5835569,6.917,yes,uncertain,uncertain,yes,yes,Many internal components and competitive nearby context suggest possible multi-structure confusion.,do not revise GT; do not output final box; do not use as selector; posthoc review candidate only
232,GM_RM017,371,paired_215,good,medium,10930.959,952061,6302344,8.524,yes,yes,yes,no,no,No fixed GT quality review trigger fired.,do not revise GT; do not output final box; do not use as selector; posthoc review candidate only
233,GM_RM017,371,paired_215,good,medium,12734.82,905265,7627068,6.94,yes,yes,yes,no,no,No fixed GT quality review trigger fired.,do not revise GT; do not output final box; do not use as selector; posthoc review candidate only
234,GM_RM017,372,paired_215,good,medium,13035.075,1199253,9103396,8.261,yes,yes,yes,no,no,No fixed GT quality review trigger fired.,do not revise GT; do not output final box; do not use as selector; posthoc review candidate only
235,GM_RM017,372,paired_215,review_multi_structure,medium,10746.75,880145,7805545,7.117,yes,uncertain,uncertain,yes,yes,Many internal components and competitive nearby context suggest possible multi-structure confusion.,do not revise GT; do not output final box; do not use as selector; posthoc review candidate only
236,GM_RM017,372,paired_215,review_extreme_aspect,medium,13665.164,1059830,11440982,5.919,yes,yes,uncertain,no,yes,GT aspect ratio is unusually high for this 442-row pool.,do not revise GT; do not output final box; do not use as selector; posthoc review candidate only
237,GM_RM017,373,paired_215,good,medium,11905.918,944957,7585018,9.036,yes,yes,yes,no,no,No fixed GT quality review trigger fired.,do not revise GT; do not output final box; do not use as selector; posthoc review candidate only
238,GM_RM017,373,paired_215,review_multi_structure,medium,12404.632,838032,6818118,8.431,yes,uncertain,uncertain,yes,yes,Many internal components and competitive nearby context suggest possible multi-structure confusion.,do not revise GT; do not output final box; do not use as selector; posthoc review candidate only
239,GM_RM017,373,paired_215,good,medium,12781.916,847225,6641315,7.22,yes,yes,yes,no,no,No fixed GT quality review trigger fired.,do not revise GT; do not output final box; do not use as selector; posthoc review candidate only
240,GM_RM017,374,paired_215,good,medium,12884.108,950082,7378071,9.246,yes,yes,yes,no,no,No fixed GT quality review trigger fired.,do not revise GT; do not output final box; do not use as selector; posthoc review candidate only
241,GM_RM017,374,paired_215,good,medium,13902.377,852024,6839598,7.766,yes,yes,yes,no,no,No fixed GT quality review trigger fired.,do not revise GT; do not output final box; do not use as selector; posthoc review candidate only
242,GM_RM017,374,paired_215,review_multi_structure,medium,11931.173,754460,5816597,7.661,yes,uncertain,uncertain,yes,yes,Many internal components and competitive nearby context suggest possible multi-structure confusion.,do not revise GT; do not output final box; do not use as selector; posthoc review candidate only
243,GM_RM017,375,paired_215,good,medium,12111.681,846792,6128923,8.049,yes,yes,yes,no,no,No fixed GT quality review trigger fired.,do not revise GT; do not output final box; do not use as selector; posthoc review candidate only
244,GM_RM017,375,paired_215,good,medium,12892.979,757533,6415565,6.232,yes,yes,yes,no,no,No fixed GT quality review trigger fired.,do not revise GT; do not output final box; do not use as selector; posthoc review candidate only
245,GM_RM017,375,paired_215,review_multi_structure,medium,12780.352,750071,5622815,8.933,no,uncertain,uncertain,yes,yes,Many internal components and competitive nearby context suggest possible multi-structure confusion.,do not revise GT; do not output final box; do not use as selector; posthoc review candidate only
246,GM_RM017,376,paired_215,good,medium,12010.195,761266,5653019,8.555,yes,yes,yes,no,no,No fixed GT quality review trigger fired.,do not revise GT; do not output final box; do not use as selector; posthoc review candidate only
247,GM_RM017,376,paired_215,good,medium,14391.561,763291,6907253,6.936,yes,yes,yes,no,no,No fixed GT quality review trigger fired.,do not revise GT; do not output final box; do not use as selector; posthoc review candidate only
248,GM_RM017,376,paired_215,review_multi_structure,medium,11275.846,621633,5063485,8.357,no,uncertain,uncertain,yes,yes,Many internal components and competitive nearby context suggest possible multi-structure confusion.,do not revise GT; do not output final box; do not use as selector; posthoc review candidate only
249,GM_RM017,377,paired_215,review_low_energy,low,13014.4,645314,5176360,8.944,yes,yes,uncertain,no,yes,GT crop is in the lower tail of display-grayscale energy mean; weak target or edge case.,do not revise GT; do not output final box; do not use as selector; posthoc review candidate only
250,GM_RM017,377,paired_215,good,medium,12389.736,717950,5771088,9.017,yes,yes,yes,no,no,No fixed GT quality review trigger fired.,do not revise GT; do not output final box; do not use as selector; posthoc review candidate only
251,GM_RM017,377,paired_215,review_low_energy,low,10246.332,533737,4085772,9.863,no,uncertain,uncertain,no,yes,GT crop is in the lower tail of display-grayscale energy mean; weak target or edge case.,do not revise GT; do not output final box; do not use as selector; posthoc review candidate only
252,GM_RM017,378,paired_215,good,medium,11891.123,674149,5661542,8.151,yes,yes,yes,no,no,No fixed GT quality review trigger fired.,do not revise GT; do not output final box; do not use as selector; posthoc review candidate only
253,GM_RM017,378,paired_215,good,medium,10778.965,711942,5583806,7.297,yes,yes,yes,no,no,No fixed GT quality review trigger fired.,do not revise GT; do not output final box; do not use as selector; posthoc review candidate only
254,GM_RM017,378,paired_215,good,medium,10764.37,620355,5622262,7.56,no,uncertain,uncertain,no,no,No fixed GT quality review trigger fired.,do not revise GT; do not output final box; do not use as selector; posthoc review candidate only
255,GM_RM017,379,paired_215,review_too_large,medium,15858.227,825886,6482432,9.108,yes,yes,uncertain,yes,yes,GT scale is in the upper tail; may include background or neighboring structure.,do not revise GT; do not output final box; do not use as selector; posthoc review candidate only
256,GM_RM017,379,paired_215,good,medium,13893.166,844226,6623232,7.99,yes,yes,yes,no,no,No fixed GT quality review trigger fired.,do not revise GT; do not output final box; do not use as selector; posthoc review candidate only
257,GM_RM017,379,paired_215,review_multi_structure,medium,12168.772,646836,5206648,8.717,no,uncertain,uncertain,yes,yes,Many internal components and competitive nearby context suggest possible multi-structure confusion.,do not revise GT; do not output final box; do not use as selector; posthoc review candidate only
258,GM_RM017,380,paired_215,good,medium,12773.435,741294,6673833,6.76,yes,yes,yes,no,no,No fixed GT quality review trigger fired.,do not revise GT; do not output final box; do not use as selector; posthoc review candidate only
259,GM_RM017,380,paired_215,good,medium,12002.075,795183,6062759,7.827,yes,yes,yes,no,no,No fixed GT quality review trigger fired.,do not revise GT; do not output final box; do not use as selector; posthoc review candidate only
260,GM_RM017,380,paired_215,review_multi_structure,medium,10030.68,588617,5034594,8.422,no,yes,uncertain,yes,yes,Many internal components and competitive nearby context suggest possible multi-structure confusion.,do not revise GT; do not output final box; do not use as selector; posthoc review candidate only
261,GM_RM017,381,paired_215,good,medium,12619.819,792991,6193225,7.128,yes,yes,yes,no,no,No fixed GT quality review trigger fired.,do not revise GT; do not output final box; do not use as selector; posthoc review candidate only
262,GM_RM017,381,paired_215,good,medium,11984.845,849625,6467116,7.6,yes,yes,yes,no,no,No fixed GT quality review trigger fired.,do not revise GT; do not output final box; do not use as selector; posthoc review candidate only
263,GM_RM017,381,dropout_special,review_multi_structure,medium,10485.978,651311,5400246,8.652,no,uncertain,uncertain,yes,yes,Many internal components and competitive nearby context suggest possible multi-structure confusion.,do not revise GT; do not output final box; do not use as selector; posthoc review candidate only
264,GM_RM017,382,paired_215,good,medium,9472.373,622887,5289640,7.413,yes,yes,yes,no,no,No fixed GT quality review trigger fired.,do not revise GT; do not output final box; do not use as selector; posthoc review candidate only
265,GM_RM017,382,paired_215,good,medium,10673.478,753213,5595200,7.299,yes,yes,yes,no,no,No fixed GT quality review trigger fired.,do not revise GT; do not output final box; do not use as selector; posthoc review candidate only
266,GM_RM017,382,dropout_special,review_multi_structure,medium,11654.44,719380,5748133,7.407,no,uncertain,uncertain,yes,yes,Many internal components and competitive nearby context suggest possible multi-structure confusion.,do not revise GT; do not output final box; do not use as selector; posthoc review candidate only
267,GM_RM017,383,paired_215,good,medium,12437.427,758904,6583997,9.751,yes,yes,yes,no,no,No fixed GT quality review trigger fired.,do not revise GT; do not output final box; do not use as selector; posthoc review candidate only
268,GM_RM017,383,paired_215,good,medium,15221.545,995259,7307060,6.739,yes,yes,yes,no,no,No fixed GT quality review trigger fired.,do not revise GT; do not output final box; do not use as selector; posthoc review candidate only
269,GM_RM017,383,paired_215,review_multi_structure,medium,12090.131,707325,5750122,7.685,no,uncertain,uncertain,yes,yes,Many internal components and competitive nearby context suggest possible multi-structure confusion.,do not revise GT; do not output final box; do not use as selector; posthoc review candidate only
270,GM_RM017,384,paired_215,good,medium,14451.532,833592,6517401,8.474,yes,uncertain,uncertain,no,no,No fixed GT quality review trigger fired.,do not revise GT; do not output final box; do not use as selector; posthoc review candidate only
271,GM_RM017,384,paired_215,good,medium,11733.401,748361,5169208,6.712,yes,yes,yes,no,no,No fixed GT quality review trigger fired.,do not revise GT; do not output final box; do not use as selector; posthoc review candidate only
272,GM_RM017,384,paired_215,review_multi_structure,medium,10613.597,593966,5558805,8.509,no,uncertain,uncertain,yes,yes,Many internal components and competitive nearby context suggest possible multi-structure confusion.,do not revise GT; do not output final box; do not use as selector; posthoc review candidate only
273,GM_RM017,385,paired_215,good,medium,13469.48,756285,6401094,10.271,yes,yes,yes,no,no,No fixed GT quality review trigger fired.,do not revise GT; do not output final box; do not use as selector; posthoc review candidate only
274,GM_RM017,385,paired_215,good,medium,13173.779,803083,6688828,7.871,yes,yes,yes,no,no,No fixed GT quality review trigger fired.,do not revise GT; do not output final box; do not use as selector; posthoc review candidate only
275,GM_RM017,385,dropout_special,review_multi_structure,medium,11130.942,584146,6094077,9.498,no,uncertain,uncertain,yes,yes,Many internal components and competitive nearby context suggest possible multi-structure confusion.,do not revise GT; do not output final box; do not use as selector; posthoc review candidate only
276,GM_RM017,386,paired_215,good,medium,11985.414,798267,6590029,7.292,yes,yes,yes,no,no,No fixed GT quality review trigger fired.,do not revise GT; do not output final box; do not use as selector; posthoc review candidate only
277,GM_RM017,386,paired_215,good,medium,13132.833,922125,7706912,6.097,yes,yes,yes,no,no,No fixed GT quality review trigger fired.,do not revise GT; do not output final box; do not use as selector; posthoc review candidate only
278,GM_RM017,386,dropout_special,review_multi_structure,medium,12251.745,740723,7144625,7.43,no,uncertain,uncertain,yes,yes,Many internal components and competitive nearby context suggest possible multi-structure confusion.,do not revise GT; do not output final box; do not use as selector; posthoc review candidate only
279,GM_RM017,387,paired_215,good,medium,12691.408,769862,6064685,6.171,yes,yes,yes,no,no,No fixed GT quality review trigger fired.,do not revise GT; do not output final box; do not use as selector; posthoc review candidate only
280,GM_RM017,387,paired_215,good,medium,11798.987,684260,5479561,9.944,yes,yes,yes,no,no,No fixed GT quality review trigger fired.,do not revise GT; do not output final box; do not use as selector; posthoc review candidate only
281,GM_RM017,387,sar_only,review_low_energy,low,13034.164,674101,7687187,9.583,no,uncertain,uncertain,no,yes,GT crop is in the lower tail of display-grayscale energy mean; weak target or edge case.,do not revise GT; do not output final box; do not use as selector; posthoc review candidate only
282,GM_RM017,388,paired_215,review_too_large,medium,16012.97,1405532,11440089,4.903,yes,yes,uncertain,yes,yes,GT scale is in the upper tail; may include background or neighboring structure.,do not revise GT; do not output final box; do not use as selector; posthoc review candidate only
283,GM_RM017,388,paired_215,good,medium,12832.069,1108965,8828670,6.817,yes,yes,yes,no,no,No fixed GT quality review trigger fired.,do not revise GT; do not output final box; do not use as selector; posthoc review candidate only
284,GM_RM017,388,sar_only,review_multi_structure,medium,12412.906,974405,8027736,7.31,no,uncertain,uncertain,yes,yes,Many internal components and competitive nearby context suggest possible multi-structure confusion.,do not revise GT; do not output final box; do not use as selector; posthoc review candidate only
285,GM_RM017,389,paired_215,review_extreme_aspect,medium,13453.115,950109,8236915,4.673,yes,yes,uncertain,no,yes,GT aspect ratio is unusually high for this 442-row pool.,do not revise GT; do not output final box; do not use as selector; posthoc review candidate only
286,GM_RM017,389,paired_215,review_extreme_aspect,medium,12382.724,870644,7799515,7.675,yes,yes,uncertain,no,yes,GT aspect ratio is unusually high for this 442-row pool.,do not revise GT; do not output final box; do not use as selector; posthoc review candidate only
287,GM_RM017,389,sar_only,review_multi_structure,medium,11564.25,716681,7329571,9.03,no,yes,uncertain,yes,yes,Many internal components and competitive nearby context suggest possible multi-structure confusion.,do not revise GT; do not output final box; do not use as selector; posthoc review candidate only
288,GM_RM017,390,paired_215,good,medium,14466.344,832116,6163514,11.991,yes,yes,yes,no,no,No fixed GT quality review trigger fired.,do not revise GT; do not output final box; do not use as selector; posthoc review candidate only
289,GM_RM017,390,paired_215,review_multi_structure,medium,13831.386,792748,5607623,5.945,yes,uncertain,uncertain,yes,yes,Many internal components and competitive nearby context suggest possible multi-structure confusion.,do not revise GT; do not output final box; do not use as selector; posthoc review candidate only
290,GM_RM017,390,sar_only,review_low_energy,low,13812.448,666025,7226558,10.859,no,yes,uncertain,no,yes,GT crop is in the lower tail of display-grayscale energy mean; weak target or edge case.,do not revise GT; do not output final box; do not use as selector; posthoc review candidate only
291,GM_RM017,391,paired_215,good,medium,12109.812,1091330,9004330,4.616,yes,yes,yes,no,no,No fixed GT quality review trigger fired.,do not revise GT; do not output final box; do not use as selector; posthoc review candidate only
292,GM_RM017,391,paired_215,good,medium,13058.91,1180517,10123511,7.834,yes,yes,yes,no,no,No fixed GT quality review trigger fired.,do not revise GT; do not output final box; do not use as selector; posthoc review candidate only
293,GM_RM017,391,sar_only,review_multi_structure,medium,13074.153,1032366,11299629,7.313,no,yes,uncertain,yes,yes,Many internal components and competitive nearby context suggest possible multi-structure confusion.,do not revise GT; do not output final box; do not use as selector; posthoc review candidate only
294,GM_RM017,392,paired_215,good,medium,15218.425,1189392,8359427,8.37,yes,yes,yes,no,no,No fixed GT quality review trigger fired.,do not revise GT; do not output final box; do not use as selector; posthoc review candidate only
295,GM_RM017,392,paired_215,review_multi_structure,medium,13459.59,1045034,8753999,5.429,yes,yes,uncertain,yes,yes,Many internal components and competitive nearby context suggest possible multi-structure confusion.,do not revise GT; do not output final box; do not use as selector; posthoc review candidate only
296,GM_RM017,392,sar_only,review_multi_structure,medium,15304.842,1019133,14070579,7.826,no,uncertain,uncertain,yes,yes,Many internal components and competitive nearby context suggest possible multi-structure confusion.,do not revise GT; do not output final box; do not use as selector; posthoc review candidate only
297,GM_RM017,393,paired_215,review_extreme_aspect,medium,13211.138,858878,7847955,6.754,yes,yes,uncertain,no,yes,GT aspect ratio is unusually high for this 442-row pool.,do not revise GT; do not output final box; do not use as selector; posthoc review candidate only
298,GM_RM017,393,paired_215,good,medium,12117.332,850129,6604357,7.114,yes,yes,yes,no,no,No fixed GT quality review trigger fired.,do not revise GT; do not output final box; do not use as selector; posthoc review candidate only
299,GM_RM017,393,sar_only,review_multi_structure,medium,10375.319,579124,6716652,8.519,no,yes,uncertain,yes,yes,Many internal components and competitive nearby context suggest possible multi-structure confusion.,do not revise GT; do not output final box; do not use as selector; posthoc review candidate only
300,GM_RM017,394,paired_215,good,medium,11743.298,876676,6835501,6.19,yes,yes,yes,no,no,No fixed GT quality review trigger fired.,do not revise GT; do not output final box; do not use as selector; posthoc review candidate only
301,GM_RM017,394,paired_215,good,medium,13018.313,1036893,7386396,8.157,yes,yes,yes,no,no,No fixed GT quality review trigger fired.,do not revise GT; do not output final box; do not use as selector; posthoc review candidate only
302,GM_RM017,394,sar_only,review_multi_structure,medium,10694.347,693687,6448197,6.177,no,yes,uncertain,yes,yes,Many internal components and competitive nearby context suggest possible multi-structure confusion.,do not revise GT; do not output final box; do not use as selector; posthoc review candidate only
303,GM_RM017,429,paired_215,review_too_large,medium,17041.86,1727342,15700621,4.08,yes,uncertain,uncertain,yes,yes,GT scale is in the upper tail; may include background or neighboring structure.,do not revise GT; do not output final box; do not use as selector; posthoc review candidate only
304,GM_RM017,429,sar_only,review_multi_structure,medium,13514.101,1332979,13589944,5.633,no,uncertain,uncertain,yes,yes,Many internal components and competitive nearby context suggest possible multi-structure confusion.,do not revise GT; do not output final box; do not use as selector; posthoc review candidate only
305,GM_RM017,438,paired_215,good,medium,14276.255,1453684,13224164,3.464,yes,yes,yes,no,no,No fixed GT quality review trigger fired.,do not revise GT; do not output final box; do not use as selector; posthoc review candidate only
306,GM_RM017,438,sar_only,review_too_large,medium,15785.83,1527956,19901656,3.526,no,uncertain,uncertain,yes,yes,GT scale is in the upper tail; may include background or neighboring structure.,do not revise GT; do not output final box; do not use as selector; posthoc review candidate only
307,GM_RM017,442,paired_215,review_multi_structure,medium,12952.528,748044,6168225,4.688,yes,uncertain,uncertain,yes,yes,Many internal components and competitive nearby context suggest possible multi-structure confusion.,do not revise GT; do not output final box; do not use as selector; posthoc review candidate only
308,GM_RM017,446,dropout_special,review_multi_structure,medium,13921.036,939533,8746571,4.086,no,uncertain,uncertain,yes,yes,Many internal components and competitive nearby context suggest possible multi-structure confusion.,do not revise GT; do not output final box; do not use as selector; posthoc review candidate only
309,GM_RM019,0,paired_215,review_low_energy,low,9404.938,410007,8034649,8.084,no,yes,uncertain,no,yes,GT crop is in the lower tail of display-grayscale energy mean; weak target or edge case.,do not revise GT; do not output final box; do not use as selector; posthoc review candidate only
310,GM_RM019,0,sar_only,good,medium,10238.519,935260,10652550,17.496,yes,yes,yes,no,no,No fixed GT quality review trigger fired.,do not revise GT; do not output final box; do not use as selector; posthoc review candidate only
311,GM_RM019,4,paired_215,review_low_energy,low,9714.174,432105,8922668,5.452,no,yes,uncertain,no,yes,GT crop is in the lower tail of display-grayscale energy mean; weak target or edge case.,do not revise GT; do not output final box; do not use as selector; posthoc review candidate only
312,GM_RM019,4,sar_only,good,medium,10066.488,634920,11924593,4.965,yes,yes,yes,no,no,No fixed GT quality review trigger fired.,do not revise GT; do not output final box; do not use as selector; posthoc review candidate only
313,GM_RM019,8,dropout_special,good,medium,9758.834,880836,12236427,3.292,yes,yes,yes,no,no,No fixed GT quality review trigger fired.,do not revise GT; do not output final box; do not use as selector; posthoc review candidate only
314,GM_RM019,8,paired_215,review_multi_structure,medium,10333.401,677219,10363272,6.256,yes,yes,uncertain,yes,yes,Many internal components and competitive nearby context suggest possible multi-structure confusion.,do not revise GT; do not output final box; do not use as selector; posthoc review candidate only
315,GM_RM019,27,paired_215,review_low_energy,low,13569.698,634583,15044781,4.227,yes,yes,uncertain,no,yes,GT crop is in the lower tail of display-grayscale energy mean; weak target or edge case.,do not revise GT; do not output final box; do not use as selector; posthoc review candidate only
316,GM_RM019,27,paired_215,review_extreme_aspect,medium,13142.172,830639,12783746,15.336,yes,yes,uncertain,no,yes,GT aspect ratio is unusually high for this 442-row pool.,do not revise GT; do not output final box; do not use as selector; posthoc review candidate only
317,GM_RM019,31,paired_215,good,medium,11253.642,744655,10680588,20.389,yes,yes,yes,no,no,No fixed GT quality review trigger fired.,do not revise GT; do not output final box; do not use as selector; posthoc review candidate only
318,GM_RM019,31,sar_only,review_low_energy,low,10894.63,514720,10561990,9.849,yes,yes,uncertain,no,yes,GT crop is in the lower tail of display-grayscale energy mean; weak target or edge case.,do not revise GT; do not output final box; do not use as selector; posthoc review candidate only
319,GM_RM019,77,paired_215,good,medium,12545.405,721430,11240922,11.641,yes,uncertain,uncertain,no,no,No fixed GT quality review trigger fired.,do not revise GT; do not output final box; do not use as selector; posthoc review candidate only
320,GM_RM019,81,paired_215,good,medium,11207.329,879166,10715216,20.709,yes,yes,yes,no,no,No fixed GT quality review trigger fired.,do not revise GT; do not output final box; do not use as selector; posthoc review candidate only
321,GM_RM019,88,dropout_special,good,medium,11505.013,1087927,11901009,11.952,yes,uncertain,uncertain,no,no,No fixed GT quality review trigger fired.,do not revise GT; do not output final box; do not use as selector; posthoc review candidate only
322,GM_RM019,202,dropout_special,good,medium,10513.563,1151668,12811132,9.741,yes,uncertain,uncertain,no,no,No fixed GT quality review trigger fired.,do not revise GT; do not output final box; do not use as selector; posthoc review candidate only
323,GM_RM019,212,paired_215,good,medium,13003.846,1437295,13379834,8.725,yes,uncertain,uncertain,no,no,No fixed GT quality review trigger fired.,do not revise GT; do not output final box; do not use as selector; posthoc review candidate only
324,GM_RM019,238,paired_215,good,medium,9942.844,860929,8716665,5.499,yes,uncertain,uncertain,no,no,No fixed GT quality review trigger fired.,do not revise GT; do not output final box; do not use as selector; posthoc review candidate only
325,GM_RM019,269,paired_215,review_multi_structure,medium,10334.017,658929,8773255,10.366,yes,yes,uncertain,yes,yes,Many internal components and competitive nearby context suggest possible multi-structure confusion.,do not revise GT; do not output final box; do not use as selector; posthoc review candidate only
326,GM_RM019,273,paired_215,review_low_energy,low,10245.151,376084,7694493,11.675,no,yes,uncertain,no,yes,GT crop is in the lower tail of display-grayscale energy mean; weak target or edge case.,do not revise GT; do not output final box; do not use as selector; posthoc review candidate only
327,GM_RM019,288,paired_215,review_low_energy,low,10618.56,453017,8730007,6.056,yes,uncertain,uncertain,no,yes,GT crop is in the lower tail of display-grayscale energy mean; weak target or edge case.,do not revise GT; do not output final box; do not use as selector; posthoc review candidate only
328,GM_RM019,290,paired_215,review_low_energy,low,11156.781,398334,8624028,17.389,yes,yes,uncertain,no,yes,GT crop is in the lower tail of display-grayscale energy mean; weak target or edge case.,do not revise GT; do not output final box; do not use as selector; posthoc review candidate only
329,GM_RM019,306,dropout_special,good,medium,9281.233,756525,8069860,30.001,yes,uncertain,uncertain,no,no,No fixed GT quality review trigger fired.,do not revise GT; do not output final box; do not use as selector; posthoc review candidate only
330,GM_RM019,315,paired_215,good,medium,10774.863,826464,8501805,24.334,yes,uncertain,uncertain,no,no,No fixed GT quality review trigger fired.,do not revise GT; do not output final box; do not use as selector; posthoc review candidate only
331,GM_RM019,317,paired_215,good,medium,10767.857,899941,8802947,15.656,yes,uncertain,uncertain,no,no,No fixed GT quality review trigger fired.,do not revise GT; do not output final box; do not use as selector; posthoc review candidate only
332,GM_RM019,350,dropout_special,review_multi_structure,medium,10096.746,706573,7676187,5.985,yes,uncertain,uncertain,yes,yes,Many internal components and competitive nearby context suggest possible multi-structure confusion.,do not revise GT; do not output final box; do not use as selector; posthoc review candidate only
333,GM_RM019,354,dropout_special,review_multi_structure,medium,11139.846,582946,6824748,9.281,no,uncertain,uncertain,yes,yes,Many internal components and competitive nearby context suggest possible multi-structure confusion.,do not revise GT; do not output final box; do not use as selector; posthoc review candidate only
frameadd_gm_rm011_000120_000250_01,GM_RM011,250,gm011_waiting_object_stream,review_too_large,medium,16575.078,1900973,17034208,1.272,yes,yes,uncertain,yes,yes,GT scale is in the upper tail; may include background or neighboring structure.,do not revise GT; do not output final box; do not use as selector; posthoc review candidate only
frameadd_gm_rm011_000120_000250_02,GM_RM011,250,gm011_waiting_object_stream,review_too_large,medium,15627.384,1769262,16225595,3.14,yes,uncertain,uncertain,yes,yes,GT scale is in the upper tail; may include background or neighboring structure.,do not revise GT; do not output final box; do not use as selector; posthoc review candidate only
frameadd_gm_rm011_000120_000250_03,GM_RM011,250,gm011_waiting_object_stream,review_too_large,medium,16646.537,1885032,17086644,3.007,yes,yes,uncertain,yes,yes,GT scale is in the upper tail; may include background or neighboring structure.,do not revise GT; do not output final box; do not use as selector; posthoc review candidate only
frameadd_gm_rm011_000120_000251_01,GM_RM011,251,gm011_waiting_object_stream,review_too_large,medium,16382.357,1880226,16794412,4.252,yes,uncertain,uncertain,yes,yes,GT scale is in the upper tail; may include background or neighboring structure.,do not revise GT; do not output final box; do not use as selector; posthoc review candidate only
frameadd_gm_rm011_000120_000251_02,GM_RM011,251,gm011_waiting_object_stream,review_too_large,medium,17399.333,2000088,16911372,1.144,yes,yes,uncertain,yes,yes,GT scale is in the upper tail; may include background or neighboring structure.,do not revise GT; do not output final box; do not use as selector; posthoc review candidate only
frameadd_gm_rm011_000120_000251_03,GM_RM011,251,gm011_waiting_object_stream,review_too_large,medium,16235.618,1869650,16735321,4.638,yes,uncertain,uncertain,yes,yes,GT scale is in the upper tail; may include background or neighboring structure.,do not revise GT; do not output final box; do not use as selector; posthoc review candidate only
frameadd_gm_rm011_000121_000252_01,GM_RM011,252,gm011_waiting_object_stream,review_too_large,medium,17456.434,1921367,16618439,4.806,yes,uncertain,uncertain,yes,yes,GT scale is in the upper tail; may include background or neighboring structure.,do not revise GT; do not output final box; do not use as selector; posthoc review candidate only
frameadd_gm_rm011_000121_000252_02,GM_RM011,252,gm011_waiting_object_stream,review_too_large,medium,16117.798,1794041,15058255,4.199,yes,yes,uncertain,yes,yes,GT scale is in the upper tail; may include background or neighboring structure.,do not revise GT; do not output final box; do not use as selector; posthoc review candidate only
frameadd_gm_rm011_000121_000252_03,GM_RM011,252,gm011_waiting_object_stream,review_too_large,medium,17062.554,1887621,17038276,6.359,yes,uncertain,uncertain,yes,yes,GT scale is in the upper tail; may include background or neighboring structure.,do not revise GT; do not output final box; do not use as selector; posthoc review candidate only
frameadd_gm_rm011_000121_000253_01,GM_RM011,253,gm011_waiting_object_stream,review_too_large,medium,15703.73,1710513,14543709,3.732,yes,uncertain,uncertain,yes,yes,GT scale is in the upper tail; may include background or neighboring structure.,do not revise GT; do not output final box; do not use as selector; posthoc review candidate only
frameadd_gm_rm011_000121_000253_02,GM_RM011,253,gm011_waiting_object_stream,good,medium,14077.339,1543117,13700089,10.705,yes,uncertain,uncertain,no,no,No fixed GT quality review trigger fired.,do not revise GT; do not output final box; do not use as selector; posthoc review candidate only
frameadd_gm_rm011_000121_000253_03,GM_RM011,253,gm011_waiting_object_stream,good,medium,14981.805,1580999,14225431,3.723,yes,uncertain,uncertain,no,no,No fixed GT quality review trigger fired.,do not revise GT; do not output final box; do not use as selector; posthoc review candidate only
frameadd_gm_rm011_000122_000254_01,GM_RM011,254,gm011_waiting_object_stream,review_too_large,medium,15321.489,1633873,14075534,2.086,yes,uncertain,uncertain,yes,yes,GT scale is in the upper tail; may include background or neighboring structure.,do not revise GT; do not output final box; do not use as selector; posthoc review candidate only
frameadd_gm_rm011_000122_000254_02,GM_RM011,254,gm011_waiting_object_stream,good,medium,15117.808,1587183,13511104,9.245,yes,uncertain,uncertain,no,no,No fixed GT quality review trigger fired.,do not revise GT; do not output final box; do not use as selector; posthoc review candidate only
frameadd_gm_rm011_000122_000254_03,GM_RM011,254,gm011_waiting_object_stream,good,medium,14973.225,1537962,13651479,5.817,yes,uncertain,uncertain,no,no,No fixed GT quality review trigger fired.,do not revise GT; do not output final box; do not use as selector; posthoc review candidate only
frameadd_gm_rm011_000122_000255_01,GM_RM011,255,gm011_waiting_object_stream,good,medium,12255.477,1340551,11973071,5.109,yes,uncertain,uncertain,no,no,No fixed GT quality review trigger fired.,do not revise GT; do not output final box; do not use as selector; posthoc review candidate only
frameadd_gm_rm011_000122_000255_02,GM_RM011,255,gm011_waiting_object_stream,good,medium,12077.184,1369786,11444767,7.882,yes,yes,yes,no,no,No fixed GT quality review trigger fired.,do not revise GT; do not output final box; do not use as selector; posthoc review candidate only
frameadd_gm_rm011_000122_000255_03,GM_RM011,255,gm011_waiting_object_stream,good,medium,11924.281,1305078,10887782,3.405,yes,uncertain,uncertain,no,no,No fixed GT quality review trigger fired.,do not revise GT; do not output final box; do not use as selector; posthoc review candidate only
frameadd_gm_rm011_000123_000257_01,GM_RM011,257,gm011_waiting_object_stream,good,medium,13198.183,1695461,14820909,1.663,yes,yes,yes,no,no,No fixed GT quality review trigger fired.,do not revise GT; do not output final box; do not use as selector; posthoc review candidate only
frameadd_gm_rm011_000123_000257_02,GM_RM011,257,gm011_waiting_object_stream,good,medium,12586.754,1651831,12865370,8.267,yes,yes,yes,no,no,No fixed GT quality review trigger fired.,do not revise GT; do not output final box; do not use as selector; posthoc review candidate only
frameadd_gm_rm011_000123_000257_03,GM_RM011,257,gm011_waiting_object_stream,good,medium,13058.113,1634763,13064892,3.77,yes,uncertain,uncertain,no,no,No fixed GT quality review trigger fired.,do not revise GT; do not output final box; do not use as selector; posthoc review candidate only
frameadd_gm_rm011_000124_000258_01,GM_RM011,258,gm011_waiting_object_stream,good,medium,13911.701,1575558,12860390,3.716,yes,yes,yes,no,no,No fixed GT quality review trigger fired.,do not revise GT; do not output final box; do not use as selector; posthoc review candidate only
frameadd_gm_rm011_000124_000258_02,GM_RM011,258,gm011_waiting_object_stream,good,medium,13733.321,1592884,12312948,8.419,yes,uncertain,uncertain,no,no,No fixed GT quality review trigger fired.,do not revise GT; do not output final box; do not use as selector; posthoc review candidate only
frameadd_gm_rm011_000124_000258_03,GM_RM011,258,gm011_waiting_object_stream,good,medium,12909.535,1462575,12657807,2.754,yes,yes,yes,no,no,No fixed GT quality review trigger fired.,do not revise GT; do not output final box; do not use as selector; posthoc review candidate only
frameadd_gm_rm011_000124_000259_01,GM_RM011,259,gm011_waiting_object_stream,good,medium,13588.998,1458959,11947799,2.007,yes,yes,yes,no,no,No fixed GT quality review trigger fired.,do not revise GT; do not output final box; do not use as selector; posthoc review candidate only
frameadd_gm_rm011_000124_000259_02,GM_RM011,259,gm011_waiting_object_stream,good,medium,12748.066,1410155,11490278,6.827,yes,yes,yes,no,no,No fixed GT quality review trigger fired.,do not revise GT; do not output final box; do not use as selector; posthoc review candidate only
frameadd_gm_rm011_000124_000259_03,GM_RM011,259,gm011_waiting_object_stream,good,medium,12909.457,1448400,12252177,5.781,yes,yes,yes,no,no,No fixed GT quality review trigger fired.,do not revise GT; do not output final box; do not use as selector; posthoc review candidate only
frameadd_gm_rm011_000125_000261_01,GM_RM011,261,gm011_waiting_object_stream,good,medium,14140.888,1681518,15211047,3.297,yes,yes,yes,no,no,No fixed GT quality review trigger fired.,do not revise GT; do not output final box; do not use as selector; posthoc review candidate only
frameadd_gm_rm011_000125_000261_02,GM_RM011,261,gm011_waiting_object_stream,review_too_large,medium,15669.668,1778656,14680394,7.476,yes,uncertain,uncertain,yes,yes,GT scale is in the upper tail; may include background or neighboring structure.,do not revise GT; do not output final box; do not use as selector; posthoc review candidate only
frameadd_gm_rm011_000125_000261_03,GM_RM011,261,gm011_waiting_object_stream,good,medium,12688.699,1510387,14202089,7.595,yes,yes,yes,no,no,No fixed GT quality review trigger fired.,do not revise GT; do not output final box; do not use as selector; posthoc review candidate only
frameadd_gm_rm011_000126_000262_01,GM_RM011,262,gm011_waiting_object_stream,good,medium,13928.77,1629109,13144127,3.004,yes,uncertain,uncertain,no,no,No fixed GT quality review trigger fired.,do not revise GT; do not output final box; do not use as selector; posthoc review candidate only
frameadd_gm_rm011_000126_000262_02,GM_RM011,262,gm011_waiting_object_stream,good,medium,13911.701,1609270,12434744,6.35,yes,yes,yes,no,no,No fixed GT quality review trigger fired.,do not revise GT; do not output final box; do not use as selector; posthoc review candidate only
frameadd_gm_rm011_000126_000262_03,GM_RM011,262,gm011_waiting_object_stream,good,medium,12098.334,1454969,12297561,8.113,yes,yes,yes,no,no,No fixed GT quality review trigger fired.,do not revise GT; do not output final box; do not use as selector; posthoc review candidate only
frameadd_gm_rm011_000126_000263_01,GM_RM011,263,gm011_waiting_object_stream,review_too_large,medium,16230.289,1886434,15427618,3.655,yes,uncertain,uncertain,yes,yes,GT scale is in the upper tail; may include background or neighboring structure.,do not revise GT; do not output final box; do not use as selector; posthoc review candidate only
frameadd_gm_rm011_000126_000263_02,GM_RM011,263,gm011_waiting_object_stream,good,medium,13911.701,1601443,12336821,5.38,yes,yes,yes,no,no,No fixed GT quality review trigger fired.,do not revise GT; do not output final box; do not use as selector; posthoc review candidate only
frameadd_gm_rm011_000126_000263_03,GM_RM011,263,gm011_waiting_object_stream,good,medium,13580.424,1571416,13440729,7.64,yes,yes,yes,no,no,No fixed GT quality review trigger fired.,do not revise GT; do not output final box; do not use as selector; posthoc review candidate only
frameadd_gm_rm011_000127_000264_01,GM_RM011,264,gm011_waiting_object_stream,review_too_large,medium,16191.979,1789376,15529014,5.583,yes,uncertain,uncertain,yes,yes,GT scale is in the upper tail; may include background or neighboring structure.,do not revise GT; do not output final box; do not use as selector; posthoc review candidate only
frameadd_gm_rm011_000127_000264_02,GM_RM011,264,gm011_waiting_object_stream,review_too_large,medium,16191.979,1763983,14912130,3.761,yes,yes,uncertain,yes,yes,GT scale is in the upper tail; may include background or neighboring structure.,do not revise GT; do not output final box; do not use as selector; posthoc review candidate only
frameadd_gm_rm011_000127_000264_03,GM_RM011,264,gm011_waiting_object_stream,good,medium,13419.111,1361248,12969655,7.691,yes,uncertain,uncertain,no,no,No fixed GT quality review trigger fired.,do not revise GT; do not output final box; do not use as selector; posthoc review candidate only
frameadd_gm_rm011_000127_000265_01,GM_RM011,265,gm011_waiting_object_stream,review_extreme_aspect,medium,15083.67,1712355,15881389,5.014,yes,uncertain,uncertain,no,yes,GT aspect ratio is unusually high for this 442-row pool.,do not revise GT; do not output final box; do not use as selector; posthoc review candidate only
frameadd_gm_rm011_000127_000265_02,GM_RM011,265,gm011_waiting_object_stream,review_too_large,medium,16799.405,1793459,14732484,4.477,yes,yes,uncertain,yes,yes,GT scale is in the upper tail; may include background or neighboring structure.,do not revise GT; do not output final box; do not use as selector; posthoc review candidate only
frameadd_gm_rm011_000127_000265_03,GM_RM011,265,gm011_waiting_object_stream,good,medium,14039.036,1523001,14328928,12.099,yes,yes,yes,no,no,No fixed GT quality review trigger fired.,do not revise GT; do not output final box; do not use as selector; posthoc review candidate only
frameadd_gm_rm011_000128_000266_01,GM_RM011,266,gm011_waiting_object_stream,review_extreme_aspect,medium,14612.241,1759417,15670816,3.833,yes,uncertain,uncertain,no,yes,GT aspect ratio is unusually high for this 442-row pool.,do not revise GT; do not output final box; do not use as selector; posthoc review candidate only
frameadd_gm_rm011_000128_000266_02,GM_RM011,266,gm011_waiting_object_stream,review_too_large,medium,15495.621,1834304,14964936,4.876,yes,yes,uncertain,yes,yes,GT scale is in the upper tail; may include background or neighboring structure.,do not revise GT; do not output final box; do not use as selector; posthoc review candidate only
frameadd_gm_rm011_000128_000266_03,GM_RM011,266,gm011_waiting_object_stream,good,medium,13393.551,1572017,14174044,13.892,yes,yes,yes,no,no,No fixed GT quality review trigger fired.,do not revise GT; do not output final box; do not use as selector; posthoc review candidate only
frameadd_gm_rm011_000128_000267_01,GM_RM011,267,gm011_waiting_object_stream,good,medium,14077.339,1742134,14111191,1.148,yes,yes,yes,no,no,No fixed GT quality review trigger fired.,do not revise GT; do not output final box; do not use as selector; posthoc review candidate only
frameadd_gm_rm011_000128_000267_02,GM_RM011,267,gm011_waiting_object_stream,review_multi_structure,medium,11924.361,1447171,13389515,8.976,yes,yes,uncertain,yes,yes,Many internal components and competitive nearby context suggest possible multi-structure confusion.,do not revise GT; do not output final box; do not use as selector; posthoc review candidate only
frameadd_gm_rm011_000128_000267_03,GM_RM011,267,gm011_waiting_object_stream,good,medium,12918.031,1627263,13800845,13.371,yes,yes,yes,no,no,No fixed GT quality review trigger fired.,do not revise GT; do not output final box; do not use as selector; posthoc review candidate only
frameadd_gm_rm011_000129_000268_01,GM_RM011,268,gm011_waiting_object_stream,good,medium,12918.031,1582694,12355609,2.816,yes,yes,yes,no,no,No fixed GT quality review trigger fired.,do not revise GT; do not output final box; do not use as selector; posthoc review candidate only
frameadd_gm_rm011_000129_000268_02,GM_RM011,268,gm011_waiting_object_stream,review_multi_structure,medium,12909.535,1492579,13128980,7.59,yes,yes,uncertain,yes,yes,Many internal components and competitive nearby context suggest possible multi-structure confusion.,do not revise GT; do not output final box; do not use as selector; posthoc review candidate only
frameadd_gm_rm011_000129_000268_03,GM_RM011,268,gm011_waiting_object_stream,good,medium,14373.88,1809992,16006740,18.062,yes,yes,yes,no,no,No fixed GT quality review trigger fired.,do not revise GT; do not output final box; do not use as selector; posthoc review candidate only
frameadd_gm_rm011_000129_000269_01,GM_RM011,269,gm011_waiting_object_stream,review_multi_structure,medium,15117.808,1813858,15004518,2.553,yes,yes,uncertain,yes,yes,Many internal components and competitive nearby context suggest possible multi-structure confusion.,do not revise GT; do not output final box; do not use as selector; posthoc review candidate only
frameadd_gm_rm011_000129_000269_02,GM_RM011,269,gm011_waiting_object_stream,review_extreme_aspect,medium,13522.856,1530347,14824789,6.027,yes,yes,uncertain,no,yes,GT aspect ratio is unusually high for this 442-row pool.,do not revise GT; do not output final box; do not use as selector; posthoc review candidate only
frameadd_gm_rm011_000129_000269_03,GM_RM011,269,gm011_waiting_object_stream,good,medium,14834.808,1677788,15903357,16.388,yes,yes,yes,no,no,No fixed GT quality review trigger fired.,do not revise GT; do not output final box; do not use as selector; posthoc review candidate only
saronly_gm_rm011_000269_01,GM_RM011,269,sar_only,good,medium,13041.04,1381390,15804134,6.197,yes,yes,yes,no,no,No fixed GT quality review trigger fired.,do not revise GT; do not output final box; do not use as selector; posthoc review candidate only
frameadd_gm_rm011_000130_000270_01,GM_RM011,270,gm011_waiting_object_stream,good,medium,14206.432,1500291,16271315,5.929,yes,yes,yes,no,no,No fixed GT quality review trigger fired.,do not revise GT; do not output final box; do not use as selector; posthoc review candidate only
frameadd_gm_rm011_000130_000270_02,GM_RM011,270,gm011_waiting_object_stream,good,medium,14523.129,1788904,14805416,1.42,yes,yes,yes,no,no,No fixed GT quality review trigger fired.,do not revise GT; do not output final box; do not use as selector; posthoc review candidate only
frameadd_gm_rm011_000130_000270_03,GM_RM011,270,gm011_waiting_object_stream,good,medium,13669.535,1504681,14084553,4.311,yes,uncertain,uncertain,no,no,No fixed GT quality review trigger fired.,do not revise GT; do not output final box; do not use as selector; posthoc review candidate only
frameadd_gm_rm011_000130_000270_04,GM_RM011,270,gm011_waiting_object_stream,good,medium,13080.233,1495885,13602915,15.045,yes,yes,yes,no,no,No fixed GT quality review trigger fired.,do not revise GT; do not output final box; do not use as selector; posthoc review candidate only
frameadd_gm_rm011_000130_000271_01,GM_RM011,271,gm011_waiting_object_stream,good,medium,12777.573,1305098,14680232,5.313,yes,uncertain,uncertain,no,no,No fixed GT quality review trigger fired.,do not revise GT; do not output final box; do not use as selector; posthoc review candidate only
frameadd_gm_rm011_000130_000271_02,GM_RM011,271,gm011_waiting_object_stream,good,medium,13462.844,1564163,13606883,2.206,yes,uncertain,uncertain,no,no,No fixed GT quality review trigger fired.,do not revise GT; do not output final box; do not use as selector; posthoc review candidate only
frameadd_gm_rm011_000130_000271_03,GM_RM011,271,gm011_waiting_object_stream,review_multi_structure,medium,12514.027,1352890,12455990,5.055,yes,yes,uncertain,yes,yes,Many internal components and competitive nearby context suggest possible multi-structure confusion.,do not revise GT; do not output final box; do not use as selector; posthoc review candidate only
frameadd_gm_rm011_000130_000271_04,GM_RM011,271,gm011_waiting_object_stream,good,medium,13722.045,1496611,14200221,20.803,yes,yes,yes,no,no,No fixed GT quality review trigger fired.,do not revise GT; do not output final box; do not use as selector; posthoc review candidate only
frameadd_gm_rm011_000131_000272_01,GM_RM011,272,gm011_waiting_object_stream,review_multi_structure,medium,15042.715,1466166,16877558,5.719,yes,yes,uncertain,yes,yes,Many internal components and competitive nearby context suggest possible multi-structure confusion.,do not revise GT; do not output final box; do not use as selector; posthoc review candidate only
frameadd_gm_rm011_000131_000272_02,GM_RM011,272,gm011_waiting_object_stream,review_extreme_aspect,medium,11976.097,1318654,12491192,2.728,yes,uncertain,uncertain,no,yes,GT aspect ratio is unusually high for this 442-row pool.,do not revise GT; do not output final box; do not use as selector; posthoc review candidate only
frameadd_gm_rm011_000131_000272_03,GM_RM011,272,gm011_waiting_object_stream,review_multi_structure,medium,13606.009,1373715,13942206,4.645,yes,yes,uncertain,yes,yes,Many internal components and competitive nearby context suggest possible multi-structure confusion.,do not revise GT; do not output final box; do not use as selector; posthoc review candidate only
frameadd_gm_rm011_000131_000272_04,GM_RM011,272,gm011_waiting_object_stream,review_extreme_aspect,medium,14288.718,1475592,15447946,22.123,yes,yes,uncertain,no,yes,GT aspect ratio is unusually high for this 442-row pool.,do not revise GT; do not output final box; do not use as selector; posthoc review candidate only
frameadd_gm_rm011_000131_000273_01,GM_RM011,273,gm011_waiting_object_stream,review_extreme_aspect,medium,15257.562,1665882,19240038,5.442,yes,yes,uncertain,no,yes,GT aspect ratio is unusually high for this 442-row pool.,do not revise GT; do not output final box; do not use as selector; posthoc review candidate only
frameadd_gm_rm011_000131_000273_02,GM_RM011,273,gm011_waiting_object_stream,good,medium,13837.523,1712861,14557498,2.977,yes,uncertain,uncertain,no,no,No fixed GT quality review trigger fired.,do not revise GT; do not output final box; do not use as selector; posthoc review candidate only
frameadd_gm_rm011_000131_000273_03,GM_RM011,273,gm011_waiting_object_stream,review_multi_structure,medium,12835.095,1412789,14244639,6.744,yes,yes,uncertain,yes,yes,Many internal components and competitive nearby context suggest possible multi-structure confusion.,do not revise GT; do not output final box; do not use as selector; posthoc review candidate only
frameadd_gm_rm011_000131_000273_04,GM_RM011,273,gm011_waiting_object_stream,good,medium,14945.409,1717827,15817309,22.183,yes,yes,yes,no,no,No fixed GT quality review trigger fired.,do not revise GT; do not output final box; do not use as selector; posthoc review candidate only
frameadd_gm_rm011_000132_000274_01,GM_RM011,274,gm011_waiting_object_stream,review_extreme_aspect,medium,13711.609,1566543,17981666,5.869,yes,uncertain,uncertain,no,yes,GT aspect ratio is unusually high for this 442-row pool.,do not revise GT; do not output final box; do not use as selector; posthoc review candidate only
frameadd_gm_rm011_000132_000274_02,GM_RM011,274,gm011_waiting_object_stream,review_multi_structure,medium,13147.317,1658848,13897679,5.2,yes,yes,uncertain,yes,yes,Many internal components and competitive nearby context suggest possible multi-structure confusion.,do not revise GT; do not output final box; do not use as selector; posthoc review candidate only
frameadd_gm_rm011_000132_000274_03,GM_RM011,274,gm011_waiting_object_stream,good,medium,12893.051,1511521,13733020,4.232,yes,yes,yes,no,no,No fixed GT quality review trigger fired.,do not revise GT; do not output final box; do not use as selector; posthoc review candidate only
saronly_gm_rm011_000274_01,GM_RM011,274,sar_only,good,medium,14905.371,1772574,16012781,20.654,yes,yes,yes,no,no,No fixed GT quality review trigger fired.,do not revise GT; do not output final box; do not use as selector; posthoc review candidate only
frameadd_gm_rm011_000132_000275_01,GM_RM011,275,gm011_waiting_object_stream,review_multi_structure,medium,13512.392,1476466,16173620,5.957,yes,yes,uncertain,yes,yes,Many internal components and competitive nearby context suggest possible multi-structure confusion.,do not revise GT; do not output final box; do not use as selector; posthoc review candidate only
frameadd_gm_rm011_000132_000275_02,GM_RM011,275,gm011_waiting_object_stream,review_extreme_aspect,medium,13444.388,1653063,14798774,4.024,yes,yes,uncertain,no,yes,GT aspect ratio is unusually high for this 442-row pool.,do not revise GT; do not output final box; do not use as selector; posthoc review candidate only
frameadd_gm_rm011_000132_000275_03,GM_RM011,275,gm011_waiting_object_stream,good,medium,13826.678,1565925,14570290,4.57,yes,yes,yes,no,no,No fixed GT quality review trigger fired.,do not revise GT; do not output final box; do not use as selector; posthoc review candidate only
saronly_gm_rm011_000275_02,GM_RM011,275,sar_only,good,medium,14947.922,1719509,15769802,24.805,yes,yes,yes,no,no,No fixed GT quality review trigger fired.,do not revise GT; do not output final box; do not use as selector; posthoc review candidate only
frameadd_gm_rm011_000132_000276_01,GM_RM011,276,gm011_waiting_object_stream,review_multi_structure,medium,15287.612,1601505,17385100,4.833,yes,uncertain,uncertain,yes,yes,Many internal components and competitive nearby context suggest possible multi-structure confusion.,do not revise GT; do not output final box; do not use as selector; posthoc review candidate only
frameadd_gm_rm011_000132_000276_02,GM_RM011,276,gm011_waiting_object_stream,review_extreme_aspect,medium,14016.654,1680340,15220257,3.155,yes,uncertain,uncertain,no,yes,GT aspect ratio is unusually high for this 442-row pool.,do not revise GT; do not output final box; do not use as selector; posthoc review candidate only
frameadd_gm_rm011_000132_000276_03,GM_RM011,276,gm011_waiting_object_stream,review_extreme_aspect,medium,12922.039,1380367,13899981,4.768,yes,yes,uncertain,no,yes,GT aspect ratio is unusually high for this 442-row pool.,do not revise GT; do not output final box; do not use as selector; posthoc review candidate only
saronly_gm_rm011_000276_01,GM_RM011,276,sar_only,review_extreme_aspect,medium,12191.893,1243052,14929343,16.298,yes,yes,uncertain,no,yes,GT aspect ratio is unusually high for this 442-row pool.,do not revise GT; do not output final box; do not use as selector; posthoc review candidate only
frameadd_gm_rm011_000133_000277_01,GM_RM011,277,gm011_waiting_object_stream,good,medium,14071.665,1555661,16796892,4.445,yes,yes,yes,no,no,No fixed GT quality review trigger fired.,do not revise GT; do not output final box; do not use as selector; posthoc review candidate only
frameadd_gm_rm011_000133_000277_02,GM_RM011,277,gm011_waiting_object_stream,review_extreme_aspect,medium,14707.071,1784830,15763617,4.681,yes,yes,uncertain,no,yes,GT aspect ratio is unusually high for this 442-row pool.,do not revise GT; do not output final box; do not use as selector; posthoc review candidate only
frameadd_gm_rm011_000133_000277_03,GM_RM011,277,gm011_waiting_object_stream,review_too_large,medium,15330.005,1743711,16319000,5.729,yes,uncertain,uncertain,yes,yes,GT scale is in the upper tail; may include background or neighboring structure.,do not revise GT; do not output final box; do not use as selector; posthoc review candidate only
saronly_gm_rm011_000277_01,GM_RM011,277,sar_only,good,medium,13669.535,1627616,15003997,27.14,yes,yes,yes,no,no,No fixed GT quality review trigger fired.,do not revise GT; do not output final box; do not use as selector; posthoc review candidate only
frameadd_gm_rm011_000133_000278_01,GM_RM011,278,gm011_waiting_object_stream,review_multi_structure,medium,11588.796,1196129,12778248,4.447,yes,uncertain,uncertain,yes,yes,Many internal components and competitive nearby context suggest possible multi-structure confusion.,do not revise GT; do not output final box; do not use as selector; posthoc review candidate only
frameadd_gm_rm011_000133_000278_02,GM_RM011,278,gm011_waiting_object_stream,good,medium,12128.078,1342762,12487081,9.014,yes,yes,yes,no,no,No fixed GT quality review trigger fired.,do not revise GT; do not output final box; do not use as selector; posthoc review candidate only
frameadd_gm_rm011_000133_000278_03,GM_RM011,278,gm011_waiting_object_stream,good,medium,13580.504,1323556,12638525,5.313,yes,uncertain,uncertain,no,no,No fixed GT quality review trigger fired.,do not revise GT; do not output final box; do not use as selector; posthoc review candidate only
saronly_gm_rm011_000278_01,GM_RM011,278,sar_only,review_too_small,medium,9346.639,1266831,9601761,26.619,yes,uncertain,uncertain,no,yes,GT scale is in the lower tail; may only box a local scatterer.,do not revise GT; do not output final box; do not use as selector; posthoc review candidate only
frameadd_gm_rm011_000134_000279_01,GM_RM011,279,gm011_waiting_object_stream,review_extreme_aspect,medium,11631.336,1230742,13943918,5.111,yes,uncertain,uncertain,no,yes,GT aspect ratio is unusually high for this 442-row pool.,do not revise GT; do not output final box; do not use as selector; posthoc review candidate only
frameadd_gm_rm011_000134_000279_02,GM_RM011,279,gm011_waiting_object_stream,good,medium,11714.657,1287485,11676791,7.942,yes,uncertain,uncertain,no,no,No fixed GT quality review trigger fired.,do not revise GT; do not output final box; do not use as selector; posthoc review candidate only
frameadd_gm_rm011_000134_000279_03,GM_RM011,279,gm011_waiting_object_stream,good,medium,11406.139,1114816,11545318,4.421,yes,uncertain,uncertain,no,no,No fixed GT quality review trigger fired.,do not revise GT; do not output final box; do not use as selector; posthoc review candidate only
frameadd_gm_rm011_000134_000280_01,GM_RM011,280,gm011_waiting_object_stream,review_multi_structure,medium,15147.666,1332208,15281830,6.407,yes,uncertain,uncertain,yes,yes,Many internal components and competitive nearby context suggest possible multi-structure confusion.,do not revise GT; do not output final box; do not use as selector; posthoc review candidate only
frameadd_gm_rm011_000134_000280_02,GM_RM011,280,gm011_waiting_object_stream,review_multi_structure,medium,12413.358,1135521,10286759,8.095,yes,yes,uncertain,yes,yes,Many internal components and competitive nearby context suggest possible multi-structure confusion.,do not revise GT; do not output final box; do not use as selector; posthoc review candidate only
frameadd_gm_rm011_000134_000280_03,GM_RM011,280,gm011_waiting_object_stream,good,medium,11177.228,902554,9984986,7.223,yes,uncertain,uncertain,no,no,No fixed GT quality review trigger fired.,do not revise GT; do not output final box; do not use as selector; posthoc review candidate only
frameadd_gm_rm011_000135_000282_01,GM_RM011,282,gm011_waiting_object_stream,review_multi_structure,medium,11646.279,1313739,14424457,3.589,yes,yes,uncertain,yes,yes,Many internal components and competitive nearby context suggest possible multi-structure confusion.,do not revise GT; do not output final box; do not use as selector; posthoc review candidate only
frameadd_gm_rm011_000135_000282_02,GM_RM011,282,gm011_waiting_object_stream,good,medium,14140.888,1610011,15025526,5.657,yes,yes,yes,no,no,No fixed GT quality review trigger fired.,do not revise GT; do not output final box; do not use as selector; posthoc review candidate only
frameadd_gm_rm011_000135_000282_03,GM_RM011,282,gm011_waiting_object_stream,review_extreme_aspect,medium,13826.341,1405639,15180519,4.707,yes,uncertain,uncertain,no,yes,GT aspect ratio is unusually high for this 442-row pool.,do not revise GT; do not output final box; do not use as selector; posthoc review candidate only
frameadd_gm_rm011_000136_000283_01,GM_RM011,283,gm011_waiting_object_stream,good,medium,11983.676,1440497,15641592,4.805,yes,yes,yes,no,no,No fixed GT quality review trigger fired.,do not revise GT; do not output final box; do not use as selector; posthoc review candidate only
frameadd_gm_rm011_000136_000283_02,GM_RM011,283,gm011_waiting_object_stream,good,medium,11551.41,1356065,13398426,3.069,yes,yes,yes,no,no,No fixed GT quality review trigger fired.,do not revise GT; do not output final box; do not use as selector; posthoc review candidate only
frameadd_gm_rm011_000136_000283_03,GM_RM011,283,gm011_waiting_object_stream,good,medium,12413.358,1320399,13868846,5.211,yes,uncertain,uncertain,no,no,No fixed GT quality review trigger fired.,do not revise GT; do not output final box; do not use as selector; posthoc review candidate only
frameadd_gm_rm011_000136_000284_01,GM_RM011,284,gm011_waiting_object_stream,good,medium,13519.977,1516120,16059740,3.3,yes,yes,yes,no,no,No fixed GT quality review trigger fired.,do not revise GT; do not output final box; do not use as selector; posthoc review candidate only
frameadd_gm_rm011_000136_000284_02,GM_RM011,284,gm011_waiting_object_stream,review_multi_structure,medium,11324.288,1252336,12556276,5.408,yes,yes,uncertain,yes,yes,Many internal components and competitive nearby context suggest possible multi-structure confusion.,do not revise GT; do not output final box; do not use as selector; posthoc review candidate only
frameadd_gm_rm011_000136_000284_03,GM_RM011,284,gm011_waiting_object_stream,good,medium,12960.187,1303803,14025381,5.329,yes,uncertain,uncertain,no,no,No fixed GT quality review trigger fired.,do not revise GT; do not output final box; do not use as selector; posthoc review candidate only
