probe_id,relationship_type,sample_pool,scene,object_hypothesis_id,state_condition,sar_frame,inverse_optical_time,bracket_optical_frames,tracklet_state_mode,interpolated_bbox,support_region_mode,support_azimuth_center_deg,support_azimuth_start_deg,support_azimuth_end_deg,support_azimuth_width_deg,range_prior_mode,support_area_px,local_peak_x,local_peak_y,peak_to_background_ratio,scatter_centroid_x,scatter_centroid_y,centroid_residual_px,gt_inside_support_posthoc,gt_center_to_peak_distance_posthoc_px,single_frame_gt_inside_support_posthoc,tracklet_vs_single_support_note,notes,provenance_labels
T0001,optical_tracklet_to_sar_single_frame,paired_optical_object_sar_gt,GM_RM017,oty1t_obj_GM_RM017_bytetrack_bt_0008,ambiguous_or_review_only,302,144.96,145-145,exact_or_nearest_tracklet_frame,"0.132,324.965,76.365,410.683",coarse_optical_azimuth_sector_broad_range,-37.0662,-52.402,-21.7304,30.6716,broad_unknown_range_prior,475392,1139,1302,2.1756,734.1396,748.603,53.491,true,398.049,true,tracklet_and_single_support_same_posthoc_containment_state,Tracklet interpolation uses optical object rows only; SAR GT validates support after extraction.,runtime_safe_optical_evidence;runtime_safe_temporal_evidence;SAR_image_observation;SAR_GT_posthoc_evidence
T0002,optical_tracklet_to_sar_single_frame,paired_optical_object_sar_gt,GM_RM017,oty1t_obj_GM_RM017_bytetrack_bt_0008,duplicate_or_handoff,310,148.8,148-149,linear_tracklet_interpolation,"0.198,319.093,162.237,407.694",coarse_optical_azimuth_sector_broad_range,-33.3057,-55.3962,-11.2153,44.1809,broad_unknown_range_prior,684776,1144,1299,1.9042,783.6976,731.7979,42.1294,true,364.718,true,tracklet_and_single_support_same_posthoc_containment_state,Tracklet interpolation uses optical object rows only; SAR GT validates support after extraction.,runtime_safe_optical_evidence;runtime_safe_temporal_evidence;SAR_image_observation;SAR_GT_posthoc_evidence
T0003,optical_tracklet_to_sar_single_frame,paired_optical_object_sar_gt,GM_RM017,oty1t_obj_GM_RM017_bytetrack_bt_0010,edge_or_truncated,315,151.2,151-152,linear_tracklet_interpolation,"0.08,308.409,52.7,352.373",coarse_optical_azimuth_sector_broad_range,-38.104,-52.4066,-23.8015,28.6051,broad_unknown_range_prior,443361,1133,1314,2.0982,660.9753,704.85,130.3012,true,506.488,true,tracklet_and_single_support_same_posthoc_containment_state,Tracklet interpolation uses optical object rows only; SAR GT validates support after extraction.,runtime_safe_optical_evidence;runtime_safe_temporal_evidence;SAR_image_observation;SAR_GT_posthoc_evidence
T0004,optical_tracklet_to_sar_single_frame,paired_optical_object_sar_gt,GM_RM017,oty1t_obj_GM_RM017_bytetrack_bt_0008,edge_or_truncated,315,151.2,151-152,linear_tracklet_interpolation,"0.433,316.09,220.065,406.945",coarse_optical_azimuth_sector_broad_range,-30.7651,-52.3757,-9.1545,43.2212,broad_unknown_range_prior,669901,1144,1299,1.9677,805.138,709.0079,49.6667,true,344.062,true,tracklet_and_single_support_same_posthoc_containment_state,Tracklet interpolation uses optical object rows only; SAR GT validates support after extraction.,runtime_safe_optical_evidence;runtime_safe_temporal_evidence;SAR_image_observation;SAR_GT_posthoc_evidence
T0005,optical_tracklet_to_sar_single_frame,paired_optical_object_sar_gt,GM_RM017,oty1t_obj_GM_RM017_bytetrack_bt_0008,duplicate_or_handoff,317,152.16,152-153,linear_tracklet_interpolation,"0.476,314.787,243.705,406.397",coarse_optical_azimuth_sector_broad_range,-29.7287,-55.3719,-4.0856,51.2863,broad_unknown_range_prior,794913,1150,1298,1.8203,817.0813,701.5387,50.8291,true,338.407,true,tracklet_and_single_support_same_posthoc_containment_state,Tracklet interpolation uses optical object rows only; SAR GT validates support after extraction.,runtime_safe_optical_evidence;runtime_safe_temporal_evidence;SAR_image_observation;SAR_GT_posthoc_evidence
T0006,optical_tracklet_to_sar_single_frame,paired_optical_object_sar_gt,GM_RM017,oty1t_obj_GM_RM017_bytetrack_bt_0010,duplicate_or_handoff,317,152.16,152-153,linear_tracklet_interpolation,"0.105,306.897,68.638,356.43",coarse_optical_azimuth_sector_broad_range,-37.4055,-55.4043,-19.4067,35.9976,broad_unknown_range_prior,557941,1132,1314,1.9466,688.109,712.3473,107.9084,true,501.539,true,tracklet_and_single_support_same_posthoc_containment_state,Tracklet interpolation uses optical object rows only; SAR GT validates support after extraction.,runtime_safe_optical_evidence;runtime_safe_temporal_evidence;SAR_image_observation;SAR_GT_posthoc_evidence
T0007,optical_tracklet_to_sar_single_frame,paired_optical_object_sar_gt,GM_RM017,oty1t_obj_GM_RM017_bytetrack_bt_0010,edge_or_truncated,319,153.12,153-154,linear_tracklet_interpolation,"0.222,307.607,86.609,371.076",coarse_optical_azimuth_sector_broad_range,-36.614,-52.3941,-20.8339,31.5602,broad_unknown_range_prior,489162,1133,1314,1.8167,674.2977,690.5412,133.5524,true,492.154,true,tracklet_and_single_support_same_posthoc_containment_state,Tracklet interpolation uses optical object rows only; SAR GT validates support after extraction.,runtime_safe_optical_evidence;runtime_safe_temporal_evidence;SAR_image_observation;SAR_GT_posthoc_evidence
T0008,optical_tracklet_to_sar_single_frame,paired_optical_object_sar_gt,GM_RM017,oty1t_obj_GM_RM017_bytetrack_bt_0008,edge_or_truncated,319,153.12,153-154,linear_tracklet_interpolation,"3.803,314.274,265.155,406.976",coarse_optical_azimuth_sector_broad_range,-28.6446,-52.0808,-5.2084,46.8724,broad_unknown_range_prior,726494,1150,1298,1.7234,815.9699,686.0441,62.5875,true,334.322,true,tracklet_and_single_support_same_posthoc_containment_state,Tracklet interpolation uses optical object rows only; SAR GT validates support after extraction.,runtime_safe_optical_evidence;runtime_safe_temporal_evidence;SAR_image_observation;SAR_GT_posthoc_evidence
T0009,optical_tracklet_to_sar_single_frame,paired_optical_object_sar_gt,GM_RM017,oty1t_obj_GM_RM017_bytetrack_bt_0008,edge_or_truncated,321,154.08,154-155,linear_tracklet_interpolation,"24.951,315.566,285.347,408.221",coarse_optical_azimuth_sector_broad_range,-26.8356,-50.2299,-3.4413,46.7886,broad_unknown_range_prior,725191,1150,1298,1.7753,842.6296,683.245,53.8134,true,332.24,true,tracklet_and_single_support_same_posthoc_containment_state,Tracklet interpolation uses optical object rows only; SAR GT validates support after extraction.,runtime_safe_optical_evidence;runtime_safe_temporal_evidence;SAR_image_observation;SAR_GT_posthoc_evidence
T0010,optical_tracklet_to_sar_single_frame,paired_optical_object_sar_gt,GM_RM017,oty1t_obj_GM_RM017_bytetrack_bt_0010,edge_or_truncated,321,154.08,154-155,linear_tracklet_interpolation,"0.173,309.207,103.091,390.775",coarse_optical_azimuth_sector_broad_range,-35.895,-52.3985,-19.3915,33.0069,broad_unknown_range_prior,511586,1135,1308,1.8689,691.2969,696.2727,118.8336,true,476.781,true,tracklet_and_single_support_same_posthoc_containment_state,Tracklet interpolation uses optical object rows only; SAR GT validates support after extraction.,runtime_safe_optical_evidence;runtime_safe_temporal_evidence;SAR_image_observation;SAR_GT_posthoc_evidence
T0011,optical_tracklet_to_sar_single_frame,paired_optical_object_sar_gt,GM_RM017,oty1t_obj_GM_RM017_bytetrack_bt_0008,edge_or_truncated,323,155.04,155-156,linear_tracklet_interpolation,"46.098,317.541,308.78,411.466",coarse_optical_azimuth_sector_broad_range,-24.8849,-48.3793,-1.3906,46.9887,broad_unknown_range_prior,728263,1150,1298,1.7907,867.7492,684.6405,41.8878,true,325.439,true,tracklet_and_single_support_same_posthoc_containment_state,Tracklet interpolation uses optical object rows only; SAR GT validates support after extraction.,runtime_safe_optical_evidence;runtime_safe_temporal_evidence;SAR_image_observation;SAR_GT_posthoc_evidence
T0012,optical_tracklet_to_sar_single_frame,paired_optical_object_sar_gt,GM_RM017,oty1t_obj_GM_RM017_bytetrack_bt_0010,edge_or_truncated,323,155.04,155-156,linear_tracklet_interpolation,"0.219,310.689,119.474,394.16",coarse_optical_azimuth_sector_broad_range,-35.176,-52.3944,-17.9577,34.4366,broad_unknown_range_prior,533744,1134,1306,1.879,706.1566,701.0789,106.2644,true,469.205,true,tracklet_and_single_support_same_posthoc_containment_state,Tracklet interpolation uses optical object rows only; SAR GT validates support after extraction.,runtime_safe_optical_evidence;runtime_safe_temporal_evidence;SAR_image_observation;SAR_GT_posthoc_evidence
T0013,optical_tracklet_to_sar_single_frame,paired_optical_object_sar_gt,GM_RM017,oty1t_obj_GM_RM017_bytetrack_bt_0008,ambiguous_or_review_only,325,156,156-156,exact_or_nearest_tracklet_frame,"66.939,316.966,331.323,411.459",coarse_optical_azimuth_sector_broad_range,-22.9865,-46.5554,0.5823,47.1376,broad_unknown_range_prior,730523,1150,1298,1.6917,898.8941,684.613,32.9467,true,316.843,true,tracklet_and_single_support_same_posthoc_containment_state,Tracklet interpolation uses optical object rows only; SAR GT validates support after extraction.,runtime_safe_optical_evidence;runtime_safe_temporal_evidence;SAR_image_observation;SAR_GT_posthoc_evidence
T0014,optical_tracklet_to_sar_single_frame,paired_optical_object_sar_gt,GM_RM017,oty1t_obj_GM_RM017_bytetrack_bt_0010,edge_or_truncated,325,156,156-156,exact_or_nearest_tracklet_frame,"0.317,310.171,136.573,394.804",coarse_optical_azimuth_sector_broad_range,-34.4235,-52.3858,-16.4613,35.9245,broad_unknown_range_prior,556810,1144,1299,1.7555,721.0107,695.3086,102.4803,true,462.559,true,tracklet_and_single_support_same_posthoc_containment_state,Tracklet interpolation uses optical object rows only; SAR GT validates support after extraction.,runtime_safe_optical_evidence;runtime_safe_temporal_evidence;SAR_image_observation;SAR_GT_posthoc_evidence
T0015,optical_tracklet_to_sar_single_frame,paired_optical_object_sar_gt,GM_RM017,oty1t_obj_GM_RM017_bytetrack_bt_0008,ambiguous_or_review_only,327,156.96,156-157,linear_tracklet_interpolation,"90.146,313.553,353.746,409.018",coarse_optical_azimuth_sector_broad_range,-20.9898,-44.5244,2.5447,47.0691,broad_unknown_range_prior,729414,1150,1298,1.7489,925.282,681.0871,29.138,true,312.879,true,tracklet_and_single_support_same_posthoc_containment_state,Tracklet interpolation uses optical object rows only; SAR GT validates support after extraction.,runtime_safe_optical_evidence;runtime_safe_temporal_evidence;SAR_image_observation;SAR_GT_posthoc_evidence
T0016,optical_tracklet_to_sar_single_frame,paired_optical_object_sar_gt,GM_RM017,oty1t_obj_GM_RM017_bytetrack_bt_0010,edge_or_truncated,327,156.96,156-157,linear_tracklet_interpolation,"0.114,307.724,154.478,393.03",coarse_optical_azimuth_sector_broad_range,-33.649,-52.4036,-14.8944,37.5092,broad_unknown_range_prior,581365,1146,1301,1.81,725.2874,691.8399,102.9776,true,456.874,true,tracklet_and_single_support_same_posthoc_containment_state,Tracklet interpolation uses optical object rows only; SAR GT validates support after extraction.,runtime_safe_optical_evidence;runtime_safe_temporal_evidence;SAR_image_observation;SAR_GT_posthoc_evidence
T0017,optical_tracklet_to_sar_single_frame,paired_optical_object_sar_gt,GM_RM017,oty1t_obj_GM_RM017_bytetrack_bt_0008,ambiguous_or_review_only,329,157.92,157-158,linear_tracklet_interpolation,"109.395,313.703,375.214,409.403",coarse_optical_azimuth_sector_broad_range,-19.2081,-42.8398,4.4235,47.2632,broad_unknown_range_prior,732406,1079,1,1.9015,950.6619,687.934,20.7949,true,1008.697,true,tracklet_and_single_support_same_posthoc_containment_state,Tracklet interpolation uses optical object rows only; SAR GT validates support after extraction.,runtime_safe_optical_evidence;runtime_safe_temporal_evidence;SAR_image_observation;SAR_GT_posthoc_evidence
T0018,optical_tracklet_to_sar_single_frame,paired_optical_object_sar_gt,GM_RM017,oty1t_obj_GM_RM017_bytetrack_bt_0010,edge_or_truncated,329,157.92,157-158,linear_tracklet_interpolation,"0.294,308.525,170.735,393.548",coarse_optical_azimuth_sector_broad_range,-32.9297,-52.3878,-13.4716,38.9162,broad_unknown_range_prior,603176,790,49,1.9729,744.191,700.2927,85.4774,true,891.355,true,tracklet_and_single_support_same_posthoc_containment_state,Tracklet interpolation uses optical object rows only; SAR GT validates support after extraction.,runtime_safe_optical_evidence;runtime_safe_temporal_evidence;SAR_image_observation;SAR_GT_posthoc_evidence
T0019,optical_tracklet_to_sar_single_frame,paired_optical_object_sar_gt,GM_RM017,oty1t_obj_GM_RM017_bytetrack_bt_0008,ambiguous_or_review_only,330,158.4,158-159,linear_tracklet_interpolation,"120.074,313.044,385.943,409.325",coarse_optical_azimuth_sector_broad_range,-18.2714,-41.9052,5.3624,47.2676,broad_unknown_range_prior,732475,1244,1,1.9818,958.5427,685.7203,18.1134,true,1028.072,true,tracklet_and_single_support_same_posthoc_containment_state,Tracklet interpolation uses optical object rows only; SAR GT validates support after extraction.,runtime_safe_optical_evidence;runtime_safe_temporal_evidence;SAR_image_observation;SAR_GT_posthoc_evidence
T0020,optical_tracklet_to_sar_single_frame,paired_optical_object_sar_gt,GM_RM017,oty1t_obj_GM_RM017_bytetrack_bt_0010,edge_or_truncated,330,158.4,158-159,linear_tracklet_interpolation,"0.23,308.176,178.792,395.43",coarse_optical_azimuth_sector_broad_range,-32.5799,-52.3934,-12.7665,39.6269,broad_unknown_range_prior,614191,1146,1300,2.0571,751.4289,696.7465,84.5616,true,450.795,true,tracklet_and_single_support_same_posthoc_containment_state,Tracklet interpolation uses optical object rows only; SAR GT validates support after extraction.,runtime_safe_optical_evidence;runtime_safe_temporal_evidence;SAR_image_observation;SAR_GT_posthoc_evidence
T0021,optical_tracklet_to_sar_single_frame,paired_optical_object_sar_gt,GM_RM017,oty1t_obj_GM_RM017_bytetrack_bt_0010,edge_or_truncated,331,158.88,158-159,linear_tracklet_interpolation,"0.134,307.663,186.843,397.627",coarse_optical_azimuth_sector_broad_range,-32.2319,-52.4018,-12.0619,40.3399,broad_unknown_range_prior,625242,1133,1314,2.1102,768.9766,709.8015,64.3603,true,445.007,true,tracklet_and_single_support_same_posthoc_containment_state,Tracklet interpolation uses optical object rows only; SAR GT validates support after extraction.,runtime_safe_optical_evidence;runtime_safe_temporal_evidence;SAR_image_observation;SAR_GT_posthoc_evidence
T0022,optical_tracklet_to_sar_single_frame,paired_optical_object_sar_gt,GM_RM017,oty1t_obj_GM_RM017_bytetrack_bt_0008,ambiguous_or_review_only,331,158.88,158-159,linear_tracklet_interpolation,"130.981,312.223,396.674,409.182",coarse_optical_azimuth_sector_broad_range,-17.3246,-40.9507,6.3015,47.2522,broad_unknown_range_prior,732238,1242,1,2.0283,977.7967,693.4422,22.2496,true,1025.126,true,tracklet_and_single_support_same_posthoc_containment_state,Tracklet interpolation uses optical object rows only; SAR GT validates support after extraction.,runtime_safe_optical_evidence;runtime_safe_temporal_evidence;SAR_image_observation;SAR_GT_posthoc_evidence
T0023,optical_tracklet_to_sar_single_frame,paired_optical_object_sar_gt,GM_RM017,oty1t_obj_GM_RM017_bytetrack_bt_0010,edge_or_truncated,332,159.36,159-160,linear_tracklet_interpolation,"0.162,307.146,194.667,397.865",coarse_optical_azimuth_sector_broad_range,-31.8883,-52.3994,-11.3772,41.0222,broad_unknown_range_prior,635815,1133,1314,2.127,765.5891,691.2625,82.068,true,437.522,true,tracklet_and_single_support_same_posthoc_containment_state,Tracklet interpolation uses optical object rows only; SAR GT validates support after extraction.,runtime_safe_optical_evidence;runtime_safe_temporal_evidence;SAR_image_observation;SAR_GT_posthoc_evidence
T0024,optical_tracklet_to_sar_single_frame,paired_optical_object_sar_gt,GM_RM017,oty1t_obj_GM_RM017_bytetrack_bt_0008,ambiguous_or_review_only,332,159.36,159-160,linear_tracklet_interpolation,"141.728,311.657,407.878,408.884",coarse_optical_azimuth_sector_broad_range,-16.3641,-40.0102,7.2821,47.2922,broad_unknown_range_prior,732855,1242,1,2.0496,981.8269,680.1023,19.1405,true,1024.484,true,tracklet_and_single_support_same_posthoc_containment_state,Tracklet interpolation uses optical object rows only; SAR GT validates support after extraction.,runtime_safe_optical_evidence;runtime_safe_temporal_evidence;SAR_image_observation;SAR_GT_posthoc_evidence
T0025,optical_tracklet_to_sar_single_frame,paired_optical_object_sar_gt,GM_RM017,oty1t_obj_GM_RM017_bytetrack_bt_0010,edge_or_truncated,333,159.84,159-160,linear_tracklet_interpolation,"0.231,306.627,202.415,397.45",coarse_optical_azimuth_sector_broad_range,-31.5462,-52.3933,-10.6992,41.6941,broad_unknown_range_prior,646232,1133,1314,2.089,775.4408,695.5669,73.5266,true,438.952,true,tracklet_and_single_support_same_posthoc_containment_state,Tracklet interpolation uses optical object rows only; SAR GT validates support after extraction.,runtime_safe_optical_evidence;runtime_safe_temporal_evidence;SAR_image_observation;SAR_GT_posthoc_evidence
T0026,optical_tracklet_to_sar_single_frame,paired_optical_object_sar_gt,GM_RM017,oty1t_obj_GM_RM017_bytetrack_bt_0008,ambiguous_or_review_only,333,159.84,159-160,linear_tracklet_interpolation,"152.422,311.176,419.24,408.533",coarse_optical_azimuth_sector_broad_range,-15.399,-39.0743,8.2764,47.3507,broad_unknown_range_prior,733764,1325,9,2.0298,997.3477,682.2827,21.1269,true,1031.333,true,tracklet_and_single_support_same_posthoc_containment_state,Tracklet interpolation uses optical object rows only; SAR GT validates support after extraction.,runtime_safe_optical_evidence;runtime_safe_temporal_evidence;SAR_image_observation;SAR_GT_posthoc_evidence
T0027,optical_tracklet_to_sar_single_frame,paired_optical_object_sar_gt,GM_RM017,oty1t_obj_GM_RM017_bytetrack_bt_0010,edge_or_truncated,334,160.32,160-161,linear_tracklet_interpolation,"1.635,305.77,210.778,396.811",coarse_optical_azimuth_sector_broad_range,-31.1188,-52.2704,-9.9673,42.3032,broad_unknown_range_prior,655671,1133,1314,2.0279,775.5872,691.4153,76.6896,true,434.322,true,tracklet_and_single_support_same_posthoc_containment_state,Tracklet interpolation uses optical object rows only; SAR GT validates support after extraction.,runtime_safe_optical_evidence;runtime_safe_temporal_evidence;SAR_image_observation;SAR_GT_posthoc_evidence
T0028,optical_tracklet_to_sar_single_frame,paired_optical_object_sar_gt,GM_RM017,oty1t_obj_GM_RM017_bytetrack_bt_0008,ambiguous_or_review_only,334,160.32,160-161,linear_tracklet_interpolation,"163.241,310.343,430.519,408.101",coarse_optical_azimuth_sector_broad_range,-14.432,-38.1274,9.2635,47.3909,broad_unknown_range_prior,734385,1325,9,1.9796,1011.5719,680.9462,24.04,true,1031.631,true,tracklet_and_single_support_same_posthoc_containment_state,Tracklet interpolation uses optical object rows only; SAR GT validates support after extraction.,runtime_safe_optical_evidence;runtime_safe_temporal_evidence;SAR_image_observation;SAR_GT_posthoc_evidence
T0029,optical_tracklet_to_sar_single_frame,paired_optical_object_sar_gt,GM_RM017,oty1t_obj_GM_RM017_bytetrack_bt_0008,ambiguous_or_review_only,335,160.8,160-161,linear_tracklet_interpolation,"174.124,309.335,441.756,407.628",coarse_optical_azimuth_sector_broad_range,-13.464,-37.175,10.2469,47.422,broad_unknown_range_prior,734867,1325,9,1.9345,1032.3023,681.3521,33.4738,true,1023.832,true,tracklet_and_single_support_same_posthoc_containment_state,Tracklet interpolation uses optical object rows only; SAR GT validates support after extraction.,runtime_safe_optical_evidence;runtime_safe_temporal_evidence;SAR_image_observation;SAR_GT_posthoc_evidence
T0030,optical_tracklet_to_sar_single_frame,paired_optical_object_sar_gt,GM_RM017,oty1t_obj_GM_RM017_bytetrack_bt_0010,duplicate_or_handoff,335,160.8,160-161,linear_tracklet_interpolation,"3.707,304.743,219.448,396.062",coarse_optical_azimuth_sector_broad_range,-30.6488,-55.0891,-6.2084,48.8807,broad_unknown_range_prior,757618,267,336,1.915,789.7552,684.3151,77.0372,true,890.494,true,tracklet_and_single_support_same_posthoc_containment_state,Tracklet interpolation uses optical object rows only; SAR GT validates support after extraction.,runtime_safe_optical_evidence;runtime_safe_temporal_evidence;SAR_image_observation;SAR_GT_posthoc_evidence
T0031,optical_tracklet_to_sar_single_frame,paired_optical_object_sar_gt,GM_RM017,oty1t_obj_GM_RM017_bytetrack_bt_0010,duplicate_or_handoff,335,160.8,160-161,linear_tracklet_interpolation,"3.707,304.743,219.448,396.062",coarse_optical_azimuth_sector_broad_range,-30.6488,-55.0891,-6.2084,48.8807,broad_unknown_range_prior,757618,267,336,1.915,789.7552,684.3151,77.0372,true,732.424,true,tracklet_and_single_support_same_posthoc_containment_state,Tracklet interpolation uses optical object rows only; SAR GT validates support after extraction.,runtime_safe_optical_evidence;runtime_safe_temporal_evidence;SAR_image_observation;SAR_GT_posthoc_evidence
T0032,optical_tracklet_to_sar_single_frame,paired_optical_object_sar_gt,GM_RM017,oty1t_obj_GM_RM017_bytetrack_bt_0008,ambiguous_or_review_only,336,161.28,161-162,linear_tracklet_interpolation,"184.651,308.536,453.318,407.064",coarse_optical_azimuth_sector_broad_range,-12.4975,-36.2537,11.2587,47.5124,broad_unknown_range_prior,736264,1325,9,1.9457,1038.1351,689.6571,29.9196,true,1027.385,true,tracklet_and_single_support_same_posthoc_containment_state,Tracklet interpolation uses optical object rows only; SAR GT validates support after extraction.,runtime_safe_optical_evidence;runtime_safe_temporal_evidence;SAR_image_observation;SAR_GT_posthoc_evidence
T0033,optical_tracklet_to_sar_single_frame,paired_optical_object_sar_gt,GM_RM017,oty1t_obj_GM_RM017_bytetrack_bt_0010,duplicate_or_handoff,336,161.28,161-162,linear_tracklet_interpolation,"9.18,303.771,227.435,395.463",coarse_optical_azimuth_sector_broad_range,-30.0598,-54.6102,-5.5095,49.1007,broad_unknown_range_prior,761028,1132,1314,1.9247,807.1995,696.9454,58.3974,true,428.54,true,tracklet_and_single_support_same_posthoc_containment_state,Tracklet interpolation uses optical object rows only; SAR GT validates support after extraction.,runtime_safe_optical_evidence;runtime_safe_temporal_evidence;SAR_image_observation;SAR_GT_posthoc_evidence
T0034,optical_tracklet_to_sar_single_frame,paired_optical_object_sar_gt,GM_RM017,oty1t_obj_GM_RM017_bytetrack_bt_0010,duplicate_or_handoff,336,161.28,161-162,linear_tracklet_interpolation,"9.18,303.771,227.435,395.463",coarse_optical_azimuth_sector_broad_range,-30.0598,-54.6102,-5.5095,49.1007,broad_unknown_range_prior,761028,1132,1314,1.9247,807.1995,696.9454,58.3974,true,571.896,true,tracklet_and_single_support_same_posthoc_containment_state,Tracklet interpolation uses optical object rows only; SAR GT validates support after extraction.,runtime_safe_optical_evidence;runtime_safe_temporal_evidence;SAR_image_observation;SAR_GT_posthoc_evidence
T0035,optical_tracklet_to_sar_single_frame,paired_optical_object_sar_gt,GM_RM017,oty1t_obj_GM_RM017_bytetrack_bt_0010,edge_or_truncated,337,161.76,161-162,linear_tracklet_interpolation,"17.082,302.839,234.934,394.97",coarse_optical_azimuth_sector_broad_range,-29.3859,-50.9186,-7.8532,43.0654,broad_unknown_range_prior,667479,1135,1308,1.9301,803.9372,692.631,61.8293,true,419.425,true,tracklet_and_single_support_same_posthoc_containment_state,Tracklet interpolation uses optical object rows only; SAR GT validates support after extraction.,runtime_safe_optical_evidence;runtime_safe_temporal_evidence;SAR_image_observation;SAR_GT_posthoc_evidence
T0036,optical_tracklet_to_sar_single_frame,paired_optical_object_sar_gt,GM_RM017,oty1t_obj_GM_RM017_bytetrack_bt_0008,ambiguous_or_review_only,337,161.76,161-162,linear_tracklet_interpolation,"194.924,307.886,465.109,406.436",coarse_optical_azimuth_sector_broad_range,-11.532,-35.3547,12.2907,47.6454,broad_unknown_range_prior,738328,1325,9,1.8937,1045.9823,681.206,25.4385,true,1022.717,true,tracklet_and_single_support_same_posthoc_containment_state,Tracklet interpolation uses optical object rows only; SAR GT validates support after extraction.,runtime_safe_optical_evidence;runtime_safe_temporal_evidence;SAR_image_observation;SAR_GT_posthoc_evidence
T0037,optical_tracklet_to_sar_single_frame,paired_optical_object_sar_gt,GM_RM017,oty1t_obj_GM_RM017_bytetrack_bt_0012,edge_or_truncated,337,161.76,162-162,exact_or_nearest_tracklet_frame,"0.077,327.238,65.191,377.291",coarse_optical_azimuth_sector_broad_range,-37.5576,-52.4069,-22.7084,29.6985,broad_unknown_range_prior,460306,1135,1308,2.043,674.1335,689.9802,134.3813,true,567.049,true,tracklet_and_single_support_same_posthoc_containment_state,Tracklet interpolation uses optical object rows only; SAR GT validates support after extraction.,runtime_safe_optical_evidence;runtime_safe_temporal_evidence;SAR_image_observation;SAR_GT_posthoc_evidence
T0038,optical_tracklet_to_sar_single_frame,paired_optical_object_sar_gt,GM_RM017,oty1t_obj_GM_RM017_bytetrack_bt_0010,edge_or_truncated,338,162.24,162-163,linear_tracklet_interpolation,"24.847,301.961,242.548,394.381",coarse_optical_azimuth_sector_broad_range,-28.7129,-50.239,-7.1868,43.0522,broad_unknown_range_prior,667281,1135,1308,1.8855,807.3147,682.182,69.2946,true,415.539,true,tracklet_and_single_support_same_posthoc_containment_state,Tracklet interpolation uses optical object rows only; SAR GT validates support after extraction.,runtime_safe_optical_evidence;runtime_safe_temporal_evidence;SAR_image_observation;SAR_GT_posthoc_evidence
T0039,optical_tracklet_to_sar_single_frame,paired_optical_object_sar_gt,GM_RM017,oty1t_obj_GM_RM017_bytetrack_bt_0008,ambiguous_or_review_only,338,162.24,162-163,linear_tracklet_interpolation,"204.915,307.189,476.559,405.605",coarse_optical_azimuth_sector_broad_range,-10.5938,-34.4803,13.2927,47.773,broad_unknown_range_prior,740308,1242,1,1.8426,1045.6721,672.6574,14.4813,true,1017.73,true,tracklet_and_single_support_same_posthoc_containment_state,Tracklet interpolation uses optical object rows only; SAR GT validates support after extraction.,runtime_safe_optical_evidence;runtime_safe_temporal_evidence;SAR_image_observation;SAR_GT_posthoc_evidence
T0040,optical_tracklet_to_sar_single_frame,paired_optical_object_sar_gt,GM_RM017,oty1t_obj_GM_RM017_bytetrack_bt_0012,edge_or_truncated,338,162.24,162-163,linear_tracklet_interpolation,"0.086,326.484,69.641,378.189",coarse_optical_azimuth_sector_broad_range,-37.3625,-52.406,-22.3189,30.0871,broad_unknown_range_prior,466332,1135,1308,1.9863,670.0176,679.219,145.471,true,562.85,true,tracklet_and_single_support_same_posthoc_containment_state,Tracklet interpolation uses optical object rows only; SAR GT validates support after extraction.,runtime_safe_optical_evidence;runtime_safe_temporal_evidence;SAR_image_observation;SAR_GT_posthoc_evidence
T0041,optical_tracklet_to_sar_single_frame,paired_optical_object_sar_gt,GM_RM017,oty1t_obj_GM_RM017_bytetrack_bt_0010,edge_or_truncated,339,162.72,162-163,linear_tracklet_interpolation,"32.476,301.138,250.279,393.695",coarse_optical_azimuth_sector_broad_range,-28.0409,-49.5714,-6.5103,43.0611,broad_unknown_range_prior,667419,1139,1303,1.7572,815.2465,676.1114,71.0911,true,409.107,true,tracklet_and_single_support_same_posthoc_containment_state,Tracklet interpolation uses optical object rows only; SAR GT validates support after extraction.,runtime_safe_optical_evidence;runtime_safe_temporal_evidence;SAR_image_observation;SAR_GT_posthoc_evidence
T0042,optical_tracklet_to_sar_single_frame,paired_optical_object_sar_gt,GM_RM017,oty1t_obj_GM_RM017_bytetrack_bt_0008,ambiguous_or_review_only,339,162.72,162-163,linear_tracklet_interpolation,"214.625,306.445,487.665,404.572",coarse_optical_azimuth_sector_broad_range,-9.6829,-33.6306,14.2647,47.8952,broad_unknown_range_prior,742212,1139,1303,1.7284,1051.8868,673.2626,9.9757,true,298.481,true,tracklet_and_single_support_same_posthoc_containment_state,Tracklet interpolation uses optical object rows only; SAR GT validates support after extraction.,runtime_safe_optical_evidence;runtime_safe_temporal_evidence;SAR_image_observation;SAR_GT_posthoc_evidence
T0043,optical_tracklet_to_sar_single_frame,paired_optical_object_sar_gt,GM_RM017,oty1t_obj_GM_RM017_bytetrack_bt_0012,edge_or_truncated,339,162.72,162-163,linear_tracklet_interpolation,"0.106,324.974,78.541,379.985",coarse_optical_azimuth_sector_broad_range,-36.9721,-52.4043,-21.54,30.8643,broad_unknown_range_prior,478379,1139,1303,1.8318,672.3714,675.3722,147.0875,true,555.745,true,tracklet_and_single_support_same_posthoc_containment_state,Tracklet interpolation uses optical object rows only; SAR GT validates support after extraction.,runtime_safe_optical_evidence;runtime_safe_temporal_evidence;SAR_image_observation;SAR_GT_posthoc_evidence
T0044,optical_tracklet_to_sar_single_frame,paired_optical_object_sar_gt,GM_RM017,oty1t_obj_GM_RM017_bytetrack_bt_0010,edge_or_truncated,340,163.2,163-164,linear_tracklet_interpolation,"40.321,300.579,258.125,393.246",coarse_optical_azimuth_sector_broad_range,-27.3542,-48.8848,-5.8236,43.0612,broad_unknown_range_prior,667420,714,73,1.7217,821.6417,674.5962,69.2975,true,904.532,true,tracklet_and_single_support_same_posthoc_containment_state,Tracklet interpolation uses optical object rows only; SAR GT validates support after extraction.,runtime_safe_optical_evidence;runtime_safe_temporal_evidence;SAR_image_observation;SAR_GT_posthoc_evidence
T0045,optical_tracklet_to_sar_single_frame,paired_optical_object_sar_gt,GM_RM017,oty1t_obj_GM_RM017_bytetrack_bt_0008,ambiguous_or_review_only,340,163.2,163-164,linear_tracklet_interpolation,"224.892,306.007,499.355,404.16",coarse_optical_azimuth_sector_broad_range,-8.7222,-32.732,15.2877,48.0197,broad_unknown_range_prior,744135,1325,9,1.6942,1059.0674,676.927,7.8806,true,1023.53,true,tracklet_and_single_support_same_posthoc_containment_state,Tracklet interpolation uses optical object rows only; SAR GT validates support after extraction.,runtime_safe_optical_evidence;runtime_safe_temporal_evidence;SAR_image_observation;SAR_GT_posthoc_evidence
T0046,optical_tracklet_to_sar_single_frame,paired_optical_object_sar_gt,GM_RM017,oty1t_obj_GM_RM017_bytetrack_bt_0012,edge_or_truncated,340,163.2,163-164,linear_tracklet_interpolation,"0.121,323.987,87.181,381.236",coarse_optical_azimuth_sector_broad_range,-36.5934,-52.403,-20.7839,31.6191,broad_unknown_range_prior,490077,1139,1303,1.7866,677.1736,674.3246,145.059,true,553.034,true,tracklet_and_single_support_same_posthoc_containment_state,Tracklet interpolation uses optical object rows only; SAR GT validates support after extraction.,runtime_safe_optical_evidence;runtime_safe_temporal_evidence;SAR_image_observation;SAR_GT_posthoc_evidence
T0047,optical_tracklet_to_sar_single_frame,paired_optical_object_sar_gt,GM_RM017,oty1t_obj_GM_RM017_bytetrack_bt_0008,ambiguous_or_review_only,341,163.68,163-164,linear_tracklet_interpolation,"235.939,305.997,511.859,404.614",coarse_optical_azimuth_sector_broad_range,-7.6916,-31.7652,16.382,48.1472,broad_unknown_range_prior,746104,596,121,1.7193,1074.7407,689.8893,22.0093,true,1035.788,true,tracklet_and_single_support_same_posthoc_containment_state,Tracklet interpolation uses optical object rows only; SAR GT validates support after extraction.,runtime_safe_optical_evidence;runtime_safe_temporal_evidence;SAR_image_observation;SAR_GT_posthoc_evidence
T0048,optical_tracklet_to_sar_single_frame,paired_optical_object_sar_gt,GM_RM017,oty1t_obj_GM_RM017_bytetrack_bt_0010,edge_or_truncated,341,163.68,163-164,linear_tracklet_interpolation,"48.469,300.39,266.134,393.129",coarse_optical_azimuth_sector_broad_range,-26.6473,-48.1718,-5.1228,43.049,broad_unknown_range_prior,667231,596,121,1.7495,839.3972,683.2516,54.1169,true,895.103,true,tracklet_and_single_support_same_posthoc_containment_state,Tracklet interpolation uses optical object rows only; SAR GT validates support after extraction.,runtime_safe_optical_evidence;runtime_safe_temporal_evidence;SAR_image_observation;SAR_GT_posthoc_evidence
T0049,optical_tracklet_to_sar_single_frame,paired_optical_object_sar_gt,GM_RM017,oty1t_obj_GM_RM017_bytetrack_bt_0012,edge_or_truncated,341,163.68,163-164,linear_tracklet_interpolation,"0.13,323.732,95.455,381.725",coarse_optical_azimuth_sector_broad_range,-36.231,-52.4022,-20.0598,32.3423,broad_unknown_range_prior,501285,596,121,1.8134,686.7802,677.1398,137.2227,true,785.912,true,tracklet_and_single_support_same_posthoc_containment_state,Tracklet interpolation uses optical object rows only; SAR GT validates support after extraction.,runtime_safe_optical_evidence;runtime_safe_temporal_evidence;SAR_image_observation;SAR_GT_posthoc_evidence
T0050,optical_tracklet_to_sar_single_frame,paired_optical_object_sar_gt,GM_RM017,oty1t_obj_GM_RM017_bytetrack_bt_0008,ambiguous_or_review_only,342,164.16,164-165,linear_tracklet_interpolation,"247.148,305.958,524.37,405.033",coarse_optical_azimuth_sector_broad_range,-6.6537,-30.7843,17.4769,48.2612,broad_unknown_range_prior,747863,1139,1303,1.7111,1087.0243,690.2877,23.8558,true,294.308,true,tracklet_and_single_support_same_posthoc_containment_state,Tracklet interpolation uses optical object rows only; SAR GT validates support after extraction.,runtime_safe_optical_evidence;runtime_safe_temporal_evidence;SAR_image_observation;SAR_GT_posthoc_evidence
T0051,optical_tracklet_to_sar_single_frame,paired_optical_object_sar_gt,GM_RM017,oty1t_obj_GM_RM017_bytetrack_bt_0010,edge_or_truncated,342,164.16,164-165,linear_tracklet_interpolation,"56.634,300.258,274.341,393.094",coarse_optical_azimuth_sector_broad_range,-25.9308,-47.4572,-4.4045,43.0527,broad_unknown_range_prior,667287,1139,1303,1.7417,850.5445,688.7562,44.2579,true,402.968,true,tracklet_and_single_support_same_posthoc_containment_state,Tracklet interpolation uses optical object rows only; SAR GT validates support after extraction.,runtime_safe_optical_evidence;runtime_safe_temporal_evidence;SAR_image_observation;SAR_GT_posthoc_evidence
T0052,optical_tracklet_to_sar_single_frame,paired_optical_object_sar_gt,GM_RM017,oty1t_obj_GM_RM017_bytetrack_bt_0012,edge_or_truncated,342,164.16,164-165,linear_tracklet_interpolation,"0.133,323.591,103.386,382.189",coarse_optical_azimuth_sector_broad_range,-35.8838,-52.4019,-19.3657,33.0362,broad_unknown_range_prior,512039,1139,1303,1.8003,692.1752,675.3357,135.6077,true,545.286,true,tracklet_and_single_support_same_posthoc_containment_state,Tracklet interpolation uses optical object rows only; SAR GT validates support after extraction.,runtime_safe_optical_evidence;runtime_safe_temporal_evidence;SAR_image_observation;SAR_GT_posthoc_evidence
T0053,optical_tracklet_to_sar_single_frame,paired_optical_object_sar_gt,GM_RM017,oty1t_obj_GM_RM017_bytetrack_bt_0010,complete,343,164.64,164-165,linear_tracklet_interpolation,"64.834,300.236,282.947,393.221",coarse_optical_azimuth_sector_broad_range,-25.1955,-39.7396,-10.6513,29.0883,broad_unknown_range_prior,450846,1139,1303,1.8264,847.9548,662.2999,69.0706,true,399.562,true,tracklet_and_single_support_same_posthoc_containment_state,Tracklet interpolation uses optical object rows only; SAR GT validates support after extraction.,runtime_safe_optical_evidence;runtime_safe_temporal_evidence;SAR_image_observation;SAR_GT_posthoc_evidence
T0054,optical_tracklet_to_sar_single_frame,paired_optical_object_sar_gt,GM_RM017,oty1t_obj_GM_RM017_bytetrack_bt_0008,ambiguous_or_review_only,343,164.64,164-165,linear_tracklet_interpolation,"258.68,305.86,536.893,405.379",coarse_optical_azimuth_sector_broad_range,-5.6011,-29.775,18.5728,48.3479,broad_unknown_range_prior,749215,1139,1303,1.7116,1098.7449,680.4756,16.3045,true,291.71,true,tracklet_and_single_support_same_posthoc_containment_state,Tracklet interpolation uses optical object rows only; SAR GT validates support after extraction.,runtime_safe_optical_evidence;runtime_safe_temporal_evidence;SAR_image_observation;SAR_GT_posthoc_evidence
T0055,optical_tracklet_to_sar_single_frame,paired_optical_object_sar_gt,GM_RM017,oty1t_obj_GM_RM017_bytetrack_bt_0012,edge_or_truncated,343,164.64,164-165,linear_tracklet_interpolation,"0.124,323.678,110.632,382.599",coarse_optical_azimuth_sector_broad_range,-35.5671,-52.4027,-18.7315,33.6712,broad_unknown_range_prior,521883,1139,1303,1.7977,689.3617,664.6061,145.9571,true,545.067,true,tracklet_and_single_support_same_posthoc_containment_state,Tracklet interpolation uses optical object rows only; SAR GT validates support after extraction.,runtime_safe_optical_evidence;runtime_safe_temporal_evidence;SAR_image_observation;SAR_GT_posthoc_evidence
T0056,optical_tracklet_to_sar_single_frame,paired_optical_object_sar_gt,GM_RM017,oty1t_obj_GM_RM017_bytetrack_bt_0010,complete,344,165.12,165-166,linear_tracklet_interpolation,"72.883,300.115,291.506,393.175",coarse_optical_azimuth_sector_broad_range,-24.4687,-39.0351,-9.9023,29.1329,broad_unknown_range_prior,451529,714,73,1.8648,860.3392,666.0786,60.6464,true,906.875,true,tracklet_and_single_support_same_posthoc_containment_state,Tracklet interpolation uses optical object rows only; SAR GT validates support after extraction.,runtime_safe_optical_evidence;runtime_safe_temporal_evidence;SAR_image_observation;SAR_GT_posthoc_evidence
T0057,optical_tracklet_to_sar_single_frame,paired_optical_object_sar_gt,GM_RM017,oty1t_obj_GM_RM017_bytetrack_bt_0008,ambiguous_or_review_only,344,165.12,165-166,linear_tracklet_interpolation,"270.166,305.691,549.481,405.526",coarse_optical_azimuth_sector_broad_range,-4.5477,-28.7699,19.6745,48.4444,broad_unknown_range_prior,750713,714,73,1.7419,1112.6858,695.8613,31.6819,true,1029.17,true,tracklet_and_single_support_same_posthoc_containment_state,Tracklet interpolation uses optical object rows only; SAR GT validates support after extraction.,runtime_safe_optical_evidence;runtime_safe_temporal_evidence;SAR_image_observation;SAR_GT_posthoc_evidence
T0058,optical_tracklet_to_sar_single_frame,paired_optical_object_sar_gt,GM_RM017,oty1t_obj_GM_RM017_bytetrack_bt_0012,edge_or_truncated,344,165.12,165-166,linear_tracklet_interpolation,"0.113,323.622,117.99,383.108",coarse_optical_azimuth_sector_broad_range,-35.2457,-52.4037,-18.0876,34.3161,broad_unknown_range_prior,531871,714,73,1.8302,697.7175,668.9603,137.6211,true,815.216,true,tracklet_and_single_support_same_posthoc_containment_state,Tracklet interpolation uses optical object rows only; SAR GT validates support after extraction.,runtime_safe_optical_evidence;runtime_safe_temporal_evidence;SAR_image_observation;SAR_GT_posthoc_evidence
T0059,optical_tracklet_to_sar_single_frame,paired_optical_object_sar_gt,GM_RM017,oty1t_obj_GM_RM017_bytetrack_bt_0008,ambiguous_or_review_only,345,165.6,165-166,linear_tracklet_interpolation,"281.512,305.312,562.264,405.078",coarse_optical_azimuth_sector_broad_range,-3.4918,-27.7769,20.7932,48.5701,broad_unknown_range_prior,752662,1325,9,1.712,1120.8085,696.2868,31.6746,true,1016.819,true,tracklet_and_single_support_same_posthoc_containment_state,Tracklet interpolation uses optical object rows only; SAR GT validates support after extraction.,runtime_safe_optical_evidence;runtime_safe_temporal_evidence;SAR_image_observation;SAR_GT_posthoc_evidence
T0060,optical_tracklet_to_sar_single_frame,paired_optical_object_sar_gt,GM_RM017,oty1t_obj_GM_RM017_bytetrack_bt_0010,complete,345,165.6,165-166,linear_tracklet_interpolation,"80.483,299.691,299.925,392.611",coarse_optical_azimuth_sector_broad_range,-23.7678,-38.3701,-9.1655,29.2045,broad_unknown_range_prior,452644,1139,1303,1.8282,866.7452,660.0399,63.5383,true,396.115,true,tracklet_and_single_support_same_posthoc_containment_state,Tracklet interpolation uses optical object rows only; SAR GT validates support after extraction.,runtime_safe_optical_evidence;runtime_safe_temporal_evidence;SAR_image_observation;SAR_GT_posthoc_evidence
T0061,optical_tracklet_to_sar_single_frame,paired_optical_object_sar_gt,GM_RM017,oty1t_obj_GM_RM017_bytetrack_bt_0012,edge_or_truncated,345,165.6,165-166,linear_tracklet_interpolation,"0.095,323.135,125.681,383.913",coarse_optical_azimuth_sector_broad_range,-34.9099,-52.4053,-17.4145,34.9908,broad_unknown_range_prior,542336,1139,1303,1.7918,702.1317,663.2389,139.9823,true,537.809,true,tracklet_and_single_support_same_posthoc_containment_state,Tracklet interpolation uses optical object rows only; SAR GT validates support after extraction.,runtime_safe_optical_evidence;runtime_safe_temporal_evidence;SAR_image_observation;SAR_GT_posthoc_evidence
T0062,optical_tracklet_to_sar_single_frame,paired_optical_object_sar_gt,GM_RM017,oty1t_obj_GM_RM017_bytetrack_bt_0008,ambiguous_or_review_only,346,166.08,166-167,linear_tracklet_interpolation,"292.933,304.801,575.076,404.57",coarse_optical_azimuth_sector_broad_range,-2.4315,-26.7774,21.9144,48.6918,broad_unknown_range_prior,754550,1291,5,1.7092,1133.0591,695.3113,31.3306,true,1014.872,true,tracklet_and_single_support_same_posthoc_containment_state,Tracklet interpolation uses optical object rows only; SAR GT validates support after extraction.,runtime_safe_optical_evidence;runtime_safe_temporal_evidence;SAR_image_observation;SAR_GT_posthoc_evidence
T0063,optical_tracklet_to_sar_single_frame,paired_optical_object_sar_gt,GM_RM017,oty1t_obj_GM_RM017_bytetrack_bt_0010,complete,346,166.08,166-167,linear_tracklet_interpolation,"88.362,299.158,308.393,392.038",coarse_optical_azimuth_sector_broad_range,-23.0525,-37.6805,-8.4245,29.2561,broad_unknown_range_prior,453444,1139,1303,1.8341,875.1172,657.8581,62.2487,true,392.446,true,tracklet_and_single_support_same_posthoc_containment_state,Tracklet interpolation uses optical object rows only; SAR GT validates support after extraction.,runtime_safe_optical_evidence;runtime_safe_temporal_evidence;SAR_image_observation;SAR_GT_posthoc_evidence
T0064,optical_tracklet_to_sar_single_frame,paired_optical_object_sar_gt,GM_RM017,oty1t_obj_GM_RM017_bytetrack_bt_0012,edge_or_truncated,346,166.08,166-167,linear_tracklet_interpolation,"0.078,322.545,133.372,384.614",coarse_optical_azimuth_sector_broad_range,-34.5741,-52.4067,-16.7415,35.6652,broad_unknown_range_prior,552790,1139,1303,1.7932,710.2297,662.6682,136.1319,true,527.953,true,tracklet_and_single_support_same_posthoc_containment_state,Tracklet interpolation uses optical object rows only; SAR GT validates support after extraction.,runtime_safe_optical_evidence;runtime_safe_temporal_evidence;SAR_image_observation;SAR_GT_posthoc_evidence
T0065,optical_tracklet_to_sar_single_frame,paired_optical_object_sar_gt,GM_RM017,oty1t_obj_GM_RM017_bytetrack_bt_0010,complete,347,166.56,166-167,linear_tracklet_interpolation,"97.638,298.077,317.108,391.416",coarse_optical_azimuth_sector_broad_range,-22.2652,-36.8687,-7.6618,29.207,broad_unknown_range_prior,452624,1139,1303,1.8645,888.2258,662.4862,53.1377,true,389.76,true,tracklet_and_single_support_same_posthoc_containment_state,Tracklet interpolation uses optical object rows only; SAR GT validates support after extraction.,runtime_safe_optical_evidence;runtime_safe_temporal_evidence;SAR_image_observation;SAR_GT_posthoc_evidence
T0066,optical_tracklet_to_sar_single_frame,paired_optical_object_sar_gt,GM_RM017,oty1t_obj_GM_RM017_bytetrack_bt_0008,ambiguous_or_review_only,347,166.56,166-167,linear_tracklet_interpolation,"304.725,303.631,588.029,403.762",coarse_optical_azimuth_sector_broad_range,-1.3487,-25.7454,23.0481,48.7935,broad_unknown_range_prior,756130,1242,1,1.739,1144.8949,701.2334,37.3822,true,1013.436,true,tracklet_and_single_support_same_posthoc_containment_state,Tracklet interpolation uses optical object rows only; SAR GT validates support after extraction.,runtime_safe_optical_evidence;runtime_safe_temporal_evidence;SAR_image_observation;SAR_GT_posthoc_evidence
T0067,optical_tracklet_to_sar_single_frame,paired_optical_object_sar_gt,GM_RM017,oty1t_obj_GM_RM017_bytetrack_bt_0012,edge_or_truncated,347,166.56,166-167,linear_tracklet_interpolation,"0.069,321.438,141.058,384.791",coarse_optical_azimuth_sector_broad_range,-34.2381,-52.4075,-16.0688,36.3387,broad_unknown_range_prior,563228,313,297,1.8171,716.2101,664.9012,130.9125,true,773.213,true,tracklet_and_single_support_same_posthoc_containment_state,Tracklet interpolation uses optical object rows only; SAR GT validates support after extraction.,runtime_safe_optical_evidence;runtime_safe_temporal_evidence;SAR_image_observation;SAR_GT_posthoc_evidence
T0068,optical_tracklet_to_sar_single_frame,paired_optical_object_sar_gt,GM_RM017,oty1t_obj_GM_RM017_bytetrack_bt_0010,complete,348,167.04,167-168,linear_tracklet_interpolation,"106.799,297.072,325.814,390.845",coarse_optical_azimuth_sector_broad_range,-21.4834,-36.067,-6.8998,29.1672,broad_unknown_range_prior,452069,1139,1303,1.8903,895.2642,660.8124,51.8594,true,385.346,true,tracklet_and_single_support_same_posthoc_containment_state,Tracklet interpolation uses optical object rows only; SAR GT validates support after extraction.,runtime_safe_optical_evidence;runtime_safe_temporal_evidence;SAR_image_observation;SAR_GT_posthoc_evidence
T0069,optical_tracklet_to_sar_single_frame,paired_optical_object_sar_gt,GM_RM017,oty1t_obj_GM_RM017_bytetrack_bt_0008,ambiguous_or_review_only,348,167.04,167-168,linear_tracklet_interpolation,"316.433,302.516,600.995,403.012",coarse_optical_azimuth_sector_broad_range,-0.269,-24.7208,24.1828,48.9035,broad_unknown_range_prior,757834,1571,65,1.7584,1155.1051,687.9068,24.0254,true,1029.677,true,tracklet_and_single_support_same_posthoc_containment_state,Tracklet interpolation uses optical object rows only; SAR GT validates support after extraction.,runtime_safe_optical_evidence;runtime_safe_temporal_evidence;SAR_image_observation;SAR_GT_posthoc_evidence
T0070,optical_tracklet_to_sar_single_frame,paired_optical_object_sar_gt,GM_RM017,oty1t_obj_GM_RM017_bytetrack_bt_0012,edge_or_truncated,348,167.04,167-168,linear_tracklet_interpolation,"0.059,320.411,148.664,384.969",coarse_optical_azimuth_sector_broad_range,-33.9058,-52.4084,-15.4032,37.0052,broad_unknown_range_prior,573558,1139,1303,1.836,723.8345,660.8624,130.519,true,520.833,true,tracklet_and_single_support_same_posthoc_containment_state,Tracklet interpolation uses optical object rows only; SAR GT validates support after extraction.,runtime_safe_optical_evidence;runtime_safe_temporal_evidence;SAR_image_observation;SAR_GT_posthoc_evidence
T0071,optical_tracklet_to_sar_single_frame,paired_optical_object_sar_gt,GM_RM017,oty1t_obj_GM_RM017_bytetrack_bt_0008,ambiguous_or_review_only,349,167.52,167-168,linear_tracklet_interpolation,"327.215,301.999,614.09,402.893",coarse_optical_azimuth_sector_broad_range,0.7758,-23.7772,25.3288,49.106,broad_unknown_range_prior,760971,1519,49,1.7522,1169.8631,676.861,14.2933,true,1016.895,true,tracklet_and_single_support_same_posthoc_containment_state,Tracklet interpolation uses optical object rows only; SAR GT validates support after extraction.,runtime_safe_optical_evidence;runtime_safe_temporal_evidence;SAR_image_observation;SAR_GT_posthoc_evidence
T0072,optical_tracklet_to_sar_single_frame,paired_optical_object_sar_gt,GM_RM017,oty1t_obj_GM_RM017_bytetrack_bt_0012,edge_or_truncated,349,167.52,167-168,linear_tracklet_interpolation,"0.029,320.275,155.375,385.165",coarse_optical_azimuth_sector_broad_range,-33.6134,-52.411,-14.8159,37.5951,broad_unknown_range_prior,582700,1139,1303,1.8268,724.5754,660.6013,130.0231,true,520.975,true,tracklet_and_single_support_same_posthoc_containment_state,Tracklet interpolation uses optical object rows only; SAR GT validates support after extraction.,runtime_safe_optical_evidence;runtime_safe_temporal_evidence;SAR_image_observation;SAR_GT_posthoc_evidence
T0073,optical_tracklet_to_sar_single_frame,paired_optical_object_sar_gt,GM_RM017,oty1t_obj_GM_RM017_bytetrack_bt_0010,complete,349,167.52,167-168,linear_tracklet_interpolation,"114.688,296.896,334.423,390.839",coarse_optical_azimuth_sector_broad_range,-20.7615,-35.3766,-6.1464,29.2303,broad_unknown_range_prior,453045,1139,1303,1.8841,900.4554,655.2468,55.0735,true,382.289,true,tracklet_and_single_support_same_posthoc_containment_state,Tracklet interpolation uses optical object rows only; SAR GT validates support after extraction.,runtime_safe_optical_evidence;runtime_safe_temporal_evidence;SAR_image_observation;SAR_GT_posthoc_evidence
T0074,optical_tracklet_to_sar_single_frame,paired_optical_object_sar_gt,GM_RM017,oty1t_obj_GM_RM017_bytetrack_bt_0008,ambiguous_or_review_only,350,168,168-168,exact_or_nearest_tracklet_frame,"337.997,301.482,627.185,402.774",coarse_optical_azimuth_sector_broad_range,1.8206,-22.8337,26.4748,49.3085,broad_unknown_range_prior,764097,1244,1,1.775,1179.6455,674.0448,10.464,true,1005.635,true,tracklet_and_single_support_same_posthoc_containment_state,Tracklet interpolation uses optical object rows only; SAR GT validates support after extraction.,runtime_safe_optical_evidence;runtime_safe_temporal_evidence;SAR_image_observation;SAR_GT_posthoc_evidence
T0075,optical_tracklet_to_sar_single_frame,paired_optical_object_sar_gt,GM_RM017,oty1t_obj_GM_RM017_bytetrack_bt_0012,edge_or_truncated,350,168,168-168,exact_or_nearest_tracklet_frame,"0,320.139,162.086,385.36",coarse_optical_azimuth_sector_broad_range,-33.321,-52.4136,-14.2285,38.185,broad_unknown_range_prior,591845,796,47,1.8516,728.8014,661.8469,126.6145,true,830.513,true,tracklet_and_single_support_same_posthoc_containment_state,Tracklet interpolation uses optical object rows only; SAR GT validates support after extraction.,runtime_safe_optical_evidence;runtime_safe_temporal_evidence;SAR_image_observation;SAR_GT_posthoc_evidence
T0076,optical_tracklet_to_sar_single_frame,paired_optical_object_sar_gt,GM_RM017,oty1t_obj_GM_RM017_bytetrack_bt_0010,complete,350,168,168-168,exact_or_nearest_tracklet_frame,"122.577,296.72,343.033,390.832",coarse_optical_azimuth_sector_broad_range,-20.0395,-34.6862,-5.3929,29.2933,broad_unknown_range_prior,454024,796,47,1.9155,914.7366,653.8725,51.8843,true,921.2,true,tracklet_and_single_support_same_posthoc_containment_state,Tracklet interpolation uses optical object rows only; SAR GT validates support after extraction.,runtime_safe_optical_evidence;runtime_safe_temporal_evidence;SAR_image_observation;SAR_GT_posthoc_evidence
T0077,optical_tracklet_to_sar_single_frame,paired_optical_object_sar_gt,GM_RM017,oty1t_obj_GM_RM017_bytetrack_bt_0008,ambiguous_or_review_only,351,168.48,168-169,linear_tracklet_interpolation,"349.872,299.886,641.229,401.351",coarse_optical_azimuth_sector_broad_range,2.9548,-21.7943,27.7039,49.4982,broad_unknown_range_prior,767038,796,47,1.7637,1189.1739,668.3169,3.2863,true,1040.165,true,tracklet_and_single_support_same_posthoc_containment_state,Tracklet interpolation uses optical object rows only; SAR GT validates support after extraction.,runtime_safe_optical_evidence;runtime_safe_temporal_evidence;SAR_image_observation;SAR_GT_posthoc_evidence
T0078,optical_tracklet_to_sar_single_frame,paired_optical_object_sar_gt,GM_RM017,oty1t_obj_GM_RM017_bytetrack_bt_0012,edge_or_truncated,351,168.48,168-169,linear_tracklet_interpolation,"5.664,318.993,170.012,384.302",coarse_optical_azimuth_sector_broad_range,-32.7264,-51.9179,-13.5349,38.383,broad_unknown_range_prior,594913,796,47,1.8398,732.8733,657.9375,127.5536,true,837.633,true,tracklet_and_single_support_same_posthoc_containment_state,Tracklet interpolation uses optical object rows only; SAR GT validates support after extraction.,runtime_safe_optical_evidence;runtime_safe_temporal_evidence;SAR_image_observation;SAR_GT_posthoc_evidence
T0079,optical_tracklet_to_sar_single_frame,paired_optical_object_sar_gt,GM_RM017,oty1t_obj_GM_RM017_bytetrack_bt_0010,complete,351,168.48,168-169,linear_tracklet_interpolation,"131.328,295.3,352.2,389.687",coarse_optical_azimuth_sector_broad_range,-19.2555,-33.9204,-4.5906,29.3298,broad_unknown_range_prior,454590,796,47,1.9033,924.46,653.8477,48.6744,true,921.518,true,tracklet_and_single_support_same_posthoc_containment_state,Tracklet interpolation uses optical object rows only; SAR GT validates support after extraction.,runtime_safe_optical_evidence;runtime_safe_temporal_evidence;SAR_image_observation;SAR_GT_posthoc_evidence
T0080,optical_tracklet_to_sar_single_frame,paired_optical_object_sar_gt,GM_RM017,oty1t_obj_GM_RM017_bytetrack_bt_0008,ambiguous_or_review_only,352,168.96,168-169,linear_tracklet_interpolation,"361.748,298.29,655.273,399.927",coarse_optical_azimuth_sector_broad_range,4.089,-20.755,28.933,49.688,broad_unknown_range_prior,769989,796,47,1.7596,1203.0484,663.3532,3.0127,true,1040.01,true,tracklet_and_single_support_same_posthoc_containment_state,Tracklet interpolation uses optical object rows only; SAR GT validates support after extraction.,runtime_safe_optical_evidence;runtime_safe_temporal_evidence;SAR_image_observation;SAR_GT_posthoc_evidence
T0081,optical_tracklet_to_sar_single_frame,paired_optical_object_sar_gt,GM_RM017,oty1t_obj_GM_RM017_bytetrack_bt_0012,complete,352,168.96,168-169,linear_tracklet_interpolation,"11.328,317.847,177.938,383.243",coarse_optical_azimuth_sector_broad_range,-32.1317,-44.4222,-19.8412,24.5809,broad_unknown_range_prior,380980,1137,1303,1.9213,726.197,657.7317,131.0618,true,507.232,true,tracklet_and_single_support_same_posthoc_containment_state,Tracklet interpolation uses optical object rows only; SAR GT validates support after extraction.,runtime_safe_optical_evidence;runtime_safe_temporal_evidence;SAR_image_observation;SAR_GT_posthoc_evidence
T0082,optical_tracklet_to_sar_single_frame,paired_optical_object_sar_gt,GM_RM017,oty1t_obj_GM_RM017_bytetrack_bt_0010,complete,352,168.96,168-169,linear_tracklet_interpolation,"140.079,293.88,361.367,388.543",coarse_optical_azimuth_sector_broad_range,-18.4714,-33.1545,-3.7883,29.3662,broad_unknown_range_prior,455150,796,47,1.9001,935.8283,657.2773,41.8994,true,928.857,true,tracklet_and_single_support_same_posthoc_containment_state,Tracklet interpolation uses optical object rows only; SAR GT validates support after extraction.,runtime_safe_optical_evidence;runtime_safe_temporal_evidence;SAR_image_observation;SAR_GT_posthoc_evidence
T0083,optical_tracklet_to_sar_single_frame,paired_optical_object_sar_gt,GM_RM017,oty1t_obj_GM_RM017_bytetrack_bt_0008,ambiguous_or_review_only,353,169.44,169-170,linear_tracklet_interpolation,"373.893,297.335,669.658,399.48",coarse_optical_azimuth_sector_broad_range,5.2499,-19.6921,30.1919,49.884,broad_unknown_range_prior,773030,796,47,1.7656,1216.1925,668.9697,2.2797,true,1045.598,true,tracklet_and_single_support_same_posthoc_containment_state,Tracklet interpolation uses optical object rows only; SAR GT validates support after extraction.,runtime_safe_optical_evidence;runtime_safe_temporal_evidence;SAR_image_observation;SAR_GT_posthoc_evidence
T0084,optical_tracklet_to_sar_single_frame,paired_optical_object_sar_gt,GM_RM017,oty1t_obj_GM_RM017_bytetrack_bt_0012,complete,353,169.44,169-170,linear_tracklet_interpolation,"18.259,317.72,185.584,383.06",coarse_optical_azimuth_sector_broad_range,-31.4939,-43.8156,-19.1721,24.6435,broad_unknown_range_prior,381955,333,281,1.9308,734.9978,658.8233,125.5215,true,800.696,true,tracklet_and_single_support_same_posthoc_containment_state,Tracklet interpolation uses optical object rows only; SAR GT validates support after extraction.,runtime_safe_optical_evidence;runtime_safe_temporal_evidence;SAR_image_observation;SAR_GT_posthoc_evidence
T0085,optical_tracklet_to_sar_single_frame,paired_optical_object_sar_gt,GM_RM017,oty1t_obj_GM_RM017_bytetrack_bt_0010,complete,353,169.44,169-170,linear_tracklet_interpolation,"149.454,293.052,370.477,388.369",coarse_optical_azimuth_sector_broad_range,-17.6626,-32.334,-2.9911,29.3429,broad_unknown_range_prior,454788,796,47,1.9098,944.0668,654.5305,41.8561,true,928.037,true,tracklet_and_single_support_same_posthoc_containment_state,Tracklet interpolation uses optical object rows only; SAR GT validates support after extraction.,runtime_safe_optical_evidence;runtime_safe_temporal_evidence;SAR_image_observation;SAR_GT_posthoc_evidence
T0086,optical_tracklet_to_sar_single_frame,paired_optical_object_sar_gt,GM_RM017,oty1t_obj_GM_RM017_bytetrack_bt_0012,duplicate_or_handoff,354,169.92,169-170,linear_tracklet_interpolation,"25.305,317.686,193.204,382.957",coarse_optical_azimuth_sector_broad_range,-30.8521,-53.1989,-8.5052,44.6937,broad_unknown_range_prior,692724,796,47,1.8199,772.3364,656.38,109.6935,true,834.242,true,tracklet_and_single_support_same_posthoc_containment_state,Tracklet interpolation uses optical object rows only; SAR GT validates support after extraction.,runtime_safe_optical_evidence;runtime_safe_temporal_evidence;SAR_image_observation;SAR_GT_posthoc_evidence
T0087,optical_tracklet_to_sar_single_frame,paired_optical_object_sar_gt,GM_RM017,oty1t_obj_GM_RM017_bytetrack_bt_0010,duplicate_or_handoff,354,169.92,169-170,linear_tracklet_interpolation,"158.885,292.278,379.581,388.283",coarse_optical_azimuth_sector_broad_range,-16.8515,-41.5086,7.8056,49.3142,broad_unknown_range_prior,764196,796,47,1.788,953.9555,671.8466,22.1128,true,930.487,true,tracklet_and_single_support_same_posthoc_containment_state,Tracklet interpolation uses optical object rows only; SAR GT validates support after extraction.,runtime_safe_optical_evidence;runtime_safe_temporal_evidence;SAR_image_observation;SAR_GT_posthoc_evidence
T0088,optical_tracklet_to_sar_single_frame,paired_optical_object_sar_gt,GM_RM017,oty1t_obj_GM_RM017_bytetrack_bt_0008,duplicate_or_handoff,354,169.92,169-170,linear_tracklet_interpolation,"386.062,296.437,684.074,399.122",coarse_optical_azimuth_sector_broad_range,6.4132,-21.6272,34.4535,56.0806,broad_unknown_range_prior,869071,796,47,1.7341,1229.998,683.1795,14.8428,true,1046.802,true,tracklet_and_single_support_same_posthoc_containment_state,Tracklet interpolation uses optical object rows only; SAR GT validates support after extraction.,runtime_safe_optical_evidence;runtime_safe_temporal_evidence;SAR_image_observation;SAR_GT_posthoc_evidence
T0089,optical_tracklet_to_sar_single_frame,paired_optical_object_sar_gt,GM_RM017,oty1t_obj_GM_RM017_bytetrack_bt_0012,duplicate_or_handoff,355,170.4,170-171,linear_tracklet_interpolation,"32.75,317.465,200.538,382.759",coarse_optical_azimuth_sector_broad_range,-30.2054,-52.5474,-7.8634,44.6841,broad_unknown_range_prior,692574,796,47,1.769,774.1877,653.8413,110.2881,true,835.145,true,tracklet_and_single_support_same_posthoc_containment_state,Tracklet interpolation uses optical object rows only; SAR GT validates support after extraction.,runtime_safe_optical_evidence;runtime_safe_temporal_evidence;SAR_image_observation;SAR_GT_posthoc_evidence
T0090,optical_tracklet_to_sar_single_frame,paired_optical_object_sar_gt,GM_RM017,oty1t_obj_GM_RM017_bytetrack_bt_0010,duplicate_or_handoff,355,170.4,170-171,linear_tracklet_interpolation,"167.91,291.375,389.318,388.07",coarse_optical_azimuth_sector_broad_range,-16.0305,-40.7188,8.6577,49.3766,broad_unknown_range_prior,765164,1017,5,1.7397,958.1077,667.4974,25.5887,true,937.554,true,tracklet_and_single_support_same_posthoc_containment_state,Tracklet interpolation uses optical object rows only; SAR GT validates support after extraction.,runtime_safe_optical_evidence;runtime_safe_temporal_evidence;SAR_image_observation;SAR_GT_posthoc_evidence
T0091,optical_tracklet_to_sar_single_frame,paired_optical_object_sar_gt,GM_RM017,oty1t_obj_GM_RM017_bytetrack_bt_0008,duplicate_or_handoff,355,170.4,170-171,linear_tracklet_interpolation,"397.338,295.439,698.498,398.696",coarse_optical_azimuth_sector_broad_range,7.5377,-20.6404,35.7158,56.3561,broad_unknown_range_prior,873341,1017,5,1.6888,1244.7888,682.2791,12.7275,true,1023.464,true,tracklet_and_single_support_same_posthoc_containment_state,Tracklet interpolation uses optical object rows only; SAR GT validates support after extraction.,runtime_safe_optical_evidence;runtime_safe_temporal_evidence;SAR_image_observation;SAR_GT_posthoc_evidence
T0092,optical_tracklet_to_sar_single_frame,paired_optical_object_sar_gt,GM_RM017,oty1t_obj_GM_RM017_bytetrack_bt_0012,complete,356,170.88,170-171,linear_tracklet_interpolation,"40.274,317.207,207.816,382.542",coarse_optical_azimuth_sector_broad_range,-29.5577,-41.889,-17.2265,24.6625,broad_unknown_range_prior,382250,1143,1299,1.9787,758.332,649.2661,121.7656,true,487.767,true,tracklet_and_single_support_same_posthoc_containment_state,Tracklet interpolation uses optical object rows only; SAR GT validates support after extraction.,runtime_safe_optical_evidence;runtime_safe_temporal_evidence;SAR_image_observation;SAR_GT_posthoc_evidence
T0093,optical_tracklet_to_sar_single_frame,paired_optical_object_sar_gt,GM_RM017,oty1t_obj_GM_RM017_bytetrack_bt_0008,ambiguous_or_review_only,356,170.88,170-171,linear_tracklet_interpolation,"408.435,294.42,712.923,398.255",coarse_optical_azimuth_sector_broad_range,8.6545,-16.6692,33.9782,50.6474,broad_unknown_range_prior,784859,796,47,1.789,1258.0465,664.0442,8.6601,true,1054.065,true,tracklet_and_single_support_same_posthoc_containment_state,Tracklet interpolation uses optical object rows only; SAR GT validates support after extraction.,runtime_safe_optical_evidence;runtime_safe_temporal_evidence;SAR_image_observation;SAR_GT_posthoc_evidence
T0094,optical_tracklet_to_sar_single_frame,paired_optical_object_sar_gt,GM_RM017,oty1t_obj_GM_RM017_bytetrack_bt_0010,complete,356,170.88,170-171,linear_tracklet_interpolation,"176.854,290.446,399.181,387.832",coarse_optical_azimuth_sector_broad_range,-15.2076,-29.9361,-0.4791,29.4571,broad_unknown_range_prior,456501,796,47,1.9469,975.0443,647.6341,40.1664,true,931.37,true,tracklet_and_single_support_same_posthoc_containment_state,Tracklet interpolation uses optical object rows only; SAR GT validates support after extraction.,runtime_safe_optical_evidence;runtime_safe_temporal_evidence;SAR_image_observation;SAR_GT_posthoc_evidence
T0095,optical_tracklet_to_sar_single_frame,paired_optical_object_sar_gt,GM_RM017,oty1t_obj_GM_RM017_bytetrack_bt_0012,complete,357,171.36,171-172,linear_tracklet_interpolation,"47.375,317.517,214.931,382.709",coarse_optical_azimuth_sector_broad_range,-28.9356,-41.2675,-16.6038,24.6637,broad_unknown_range_prior,382269,1143,1299,1.9424,772.6644,657.2689,107.7196,true,491.56,true,tracklet_and_single_support_same_posthoc_containment_state,Tracklet interpolation uses optical object rows only; SAR GT validates support after extraction.,runtime_safe_optical_evidence;runtime_safe_temporal_evidence;SAR_image_observation;SAR_GT_posthoc_evidence
T0096,optical_tracklet_to_sar_single_frame,paired_optical_object_sar_gt,GM_RM017,oty1t_obj_GM_RM017_bytetrack_bt_0008,ambiguous_or_review_only,357,171.36,171-172,linear_tracklet_interpolation,"420.533,294.281,727.122,398.337",coarse_optical_azimuth_sector_broad_range,9.8052,-15.6105,35.2208,50.8313,broad_unknown_range_prior,787710,796,47,1.7611,1269.0484,681.3266,7.5088,true,1052.689,true,tracklet_and_single_support_same_posthoc_containment_state,Tracklet interpolation uses optical object rows only; SAR GT validates support after extraction.,runtime_safe_optical_evidence;runtime_safe_temporal_evidence;SAR_image_observation;SAR_GT_posthoc_evidence
T0097,optical_tracklet_to_sar_single_frame,paired_optical_object_sar_gt,GM_RM017,oty1t_obj_GM_RM017_bytetrack_bt_0010,complete,357,171.36,171-172,linear_tracklet_interpolation,"185.577,290.601,408.54,388.048",coarse_optical_azimuth_sector_broad_range,-14.4164,-29.1727,0.34,29.5127,broad_unknown_range_prior,457352,796,47,1.9125,991.8946,658.6231,26.8779,true,932.537,true,tracklet_and_single_support_same_posthoc_containment_state,Tracklet interpolation uses optical object rows only; SAR GT validates support after extraction.,runtime_safe_optical_evidence;runtime_safe_temporal_evidence;SAR_image_observation;SAR_GT_posthoc_evidence
T0098,optical_tracklet_to_sar_single_frame,paired_optical_object_sar_gt,GM_RM017,oty1t_obj_GM_RM017_bytetrack_bt_0012,complete,358,171.84,171-172,linear_tracklet_interpolation,"54.335,318.016,221.993,383.003",coarse_optical_azimuth_sector_broad_range,-28.3221,-40.6584,-15.9857,24.6726,broad_unknown_range_prior,382408,1144,1299,1.9414,779.9514,648.3514,111.8288,true,482.892,true,tracklet_and_single_support_same_posthoc_containment_state,Tracklet interpolation uses optical object rows only; SAR GT validates support after extraction.,runtime_safe_optical_evidence;runtime_safe_temporal_evidence;SAR_image_observation;SAR_GT_posthoc_evidence
T0099,optical_tracklet_to_sar_single_frame,paired_optical_object_sar_gt,GM_RM017,oty1t_obj_GM_RM017_bytetrack_bt_0008,ambiguous_or_review_only,358,171.84,171-172,linear_tracklet_interpolation,"432.964,294.434,741.245,398.593",coarse_optical_azimuth_sector_broad_range,10.9671,-14.5225,36.4568,50.9794,broad_unknown_range_prior,790003,1838,187,1.759,1280.6603,676.2401,0.2109,true,1020.063,true,tracklet_and_single_support_same_posthoc_containment_state,Tracklet interpolation uses optical object rows only; SAR GT validates support after extraction.,runtime_safe_optical_evidence;runtime_safe_temporal_evidence;SAR_image_observation;SAR_GT_posthoc_evidence
T0100,optical_tracklet_to_sar_single_frame,paired_optical_object_sar_gt,GM_RM017,oty1t_obj_GM_RM017_bytetrack_bt_0010,complete,358,171.84,171-172,linear_tracklet_interpolation,"194.226,291.117,417.731,388.414",coarse_optical_azimuth_sector_broad_range,-13.6357,-28.4158,1.1444,29.5601,broad_unknown_range_prior,458057,796,47,1.9115,998.4055,647.3399,35.723,true,937.752,true,tracklet_and_single_support_same_posthoc_containment_state,Tracklet interpolation uses optical object rows only; SAR GT validates support after extraction.,runtime_safe_optical_evidence;runtime_safe_temporal_evidence;SAR_image_observation;SAR_GT_posthoc_evidence
T0101,optical_tracklet_to_sar_single_frame,paired_optical_object_sar_gt,GM_RM017,oty1t_obj_GM_RM017_bytetrack_bt_0012,complete,359,172.32,172-173,linear_tracklet_interpolation,"61.784,317.759,229.966,382.923",coarse_optical_azimuth_sector_broad_range,-27.6473,-40.0065,-15.288,24.7186,broad_unknown_range_prior,383118,796,47,1.903,791.3537,653.9314,101.5938,true,840.254,true,tracklet_and_single_support_same_posthoc_containment_state,Tracklet interpolation uses optical object rows only; SAR GT validates support after extraction.,runtime_safe_optical_evidence;runtime_safe_temporal_evidence;SAR_image_observation;SAR_GT_posthoc_evidence
T0102,optical_tracklet_to_sar_single_frame,paired_optical_object_sar_gt,GM_RM017,oty1t_obj_GM_RM017_bytetrack_bt_0008,ambiguous_or_review_only,359,172.32,172-173,linear_tracklet_interpolation,"445.386,293.831,756.268,398.288",coarse_optical_azimuth_sector_broad_range,12.1681,-13.4354,37.7716,51.207,broad_unknown_range_prior,793533,1638,89,1.7296,1293.8458,691.7262,12.5204,true,1006.72,true,tracklet_and_single_support_same_posthoc_containment_state,Tracklet interpolation uses optical object rows only; SAR GT validates support after extraction.,runtime_safe_optical_evidence;runtime_safe_temporal_evidence;SAR_image_observation;SAR_GT_posthoc_evidence
T0103,optical_tracklet_to_sar_single_frame,paired_optical_object_sar_gt,GM_RM017,oty1t_obj_GM_RM017_bytetrack_bt_0010,complete,359,172.32,172-173,linear_tracklet_interpolation,"203.233,290.839,427.43,388.289",coarse_optical_azimuth_sector_broad_range,-12.8172,-27.6276,1.9932,29.6208,broad_unknown_range_prior,458969,796,47,1.8748,1009.3409,661.877,19.2387,true,938.47,true,tracklet_and_single_support_same_posthoc_containment_state,Tracklet interpolation uses optical object rows only; SAR GT validates support after extraction.,runtime_safe_optical_evidence;runtime_safe_temporal_evidence;SAR_image_observation;SAR_GT_posthoc_evidence
T0104,optical_tracklet_to_sar_single_frame,paired_optical_object_sar_gt,GM_RM017,oty1t_obj_GM_RM017_bytetrack_bt_0012,complete,360,172.8,172-173,linear_tracklet_interpolation,"69.476,317.125,238.395,382.655",coarse_optical_azimuth_sector_broad_range,-26.9418,-39.3334,-14.5503,24.7831,broad_unknown_range_prior,384116,796,47,1.9997,806.8079,657.5722,91.0547,true,839.346,true,tracklet_and_single_support_same_posthoc_containment_state,Tracklet interpolation uses optical object rows only; SAR GT validates support after extraction.,runtime_safe_optical_evidence;runtime_safe_temporal_evidence;SAR_image_observation;SAR_GT_posthoc_evidence
T0105,optical_tracklet_to_sar_single_frame,paired_optical_object_sar_gt,GM_RM017,oty1t_obj_GM_RM017_bytetrack_bt_0008,ambiguous_or_review_only,360,172.8,172-173,linear_tracklet_interpolation,"457.803,292.849,771.742,397.701",coarse_optical_azimuth_sector_broad_range,13.3885,-12.3487,39.1257,51.4745,broad_unknown_range_prior,797676,1838,187,1.7975,1308.3533,698.5044,16.1447,true,1015.034,true,tracklet_and_single_support_same_posthoc_containment_state,Tracklet interpolation uses optical object rows only; SAR GT validates support after extraction.,runtime_safe_optical_evidence;runtime_safe_temporal_evidence;SAR_image_observation;SAR_GT_posthoc_evidence
T0106,optical_tracklet_to_sar_single_frame,paired_optical_object_sar_gt,GM_RM017,oty1t_obj_GM_RM017_bytetrack_bt_0010,complete,360,172.8,172-173,linear_tracklet_interpolation,"212.418,290.164,437.384,387.92",coarse_optical_azimuth_sector_broad_range,-11.9797,-26.8237,2.8643,29.688,broad_unknown_range_prior,460002,796,47,1.9663,1018.9531,665.9562,13.2157,true,939.287,true,tracklet_and_single_support_same_posthoc_containment_state,Tracklet interpolation uses optical object rows only; SAR GT validates support after extraction.,runtime_safe_optical_evidence;runtime_safe_temporal_evidence;SAR_image_observation;SAR_GT_posthoc_evidence
T0107,optical_tracklet_to_sar_single_frame,paired_optical_object_sar_gt,GM_RM017,oty1t_obj_GM_RM017_bytetrack_bt_0012,complete,361,173.28,173-174,linear_tracklet_interpolation,"77.271,316.693,247.019,382.585",coarse_optical_azimuth_sector_broad_range,-26.2233,-38.6511,-13.7956,24.8556,broad_unknown_range_prior,385251,796,47,2.0643,816.4612,654.4834,89.4197,true,844.98,true,tracklet_and_single_support_same_posthoc_containment_state,Tracklet interpolation uses optical object rows only; SAR GT validates support after extraction.,runtime_safe_optical_evidence;runtime_safe_temporal_evidence;SAR_image_observation;SAR_GT_posthoc_evidence
T0108,optical_tracklet_to_sar_single_frame,paired_optical_object_sar_gt,GM_RM017,oty1t_obj_GM_RM017_bytetrack_bt_0008,ambiguous_or_review_only,361,173.28,173-174,linear_tracklet_interpolation,"470.43,291.774,784.202,396.993",coarse_optical_azimuth_sector_broad_range,14.4863,-11.2437,40.2162,51.4599,broad_unknown_range_prior,797454,934,17,1.8436,1321.5825,683.4972,2.135,true,1041.09,true,tracklet_and_single_support_same_posthoc_containment_state,Tracklet interpolation uses optical object rows only; SAR GT validates support after extraction.,runtime_safe_optical_evidence;runtime_safe_temporal_evidence;SAR_image_observation;SAR_GT_posthoc_evidence
T0109,optical_tracklet_to_sar_single_frame,paired_optical_object_sar_gt,GM_RM017,oty1t_obj_GM_RM017_bytetrack_bt_0010,complete,361,173.28,173-174,linear_tracklet_interpolation,"222.094,289.34,447.686,387.653",coarse_optical_azimuth_sector_broad_range,-11.1055,-25.9769,3.7659,29.7428,broad_unknown_range_prior,460859,934,17,2.028,1027.459,665.648,11.2267,true,938.45,true,tracklet_and_single_support_same_posthoc_containment_state,Tracklet interpolation uses optical object rows only; SAR GT validates support after extraction.,runtime_safe_optical_evidence;runtime_safe_temporal_evidence;SAR_image_observation;SAR_GT_posthoc_evidence
T0110,optical_tracklet_to_sar_single_frame,paired_optical_object_sar_gt,GM_RM017,oty1t_obj_GM_RM017_bytetrack_bt_0012,complete,362,173.76,173-174,linear_tracklet_interpolation,"85.141,316.407,255.783,382.657",coarse_optical_azimuth_sector_broad_range,-25.4955,-37.9624,-13.0286,24.9338,broad_unknown_range_prior,386453,796,47,2.0586,831.7922,667.0661,71.4504,true,846.296,true,tracklet_and_single_support_same_posthoc_containment_state,Tracklet interpolation uses optical object rows only; SAR GT validates support after extraction.,runtime_safe_optical_evidence;runtime_safe_temporal_evidence;SAR_image_observation;SAR_GT_posthoc_evidence
T0111,optical_tracklet_to_sar_single_frame,paired_optical_object_sar_gt,GM_RM017,oty1t_obj_GM_RM017_bytetrack_bt_0008,edge_or_truncated,362,173.76,173-174,linear_tracklet_interpolation,"483.207,290.632,794.511,396.197",coarse_optical_azimuth_sector_broad_range,15.4964,-10.1255,41.1184,51.2439,broad_unknown_range_prior,794115,1838,187,1.8413,1335.6737,689.0973,3.6924,true,1007.037,true,tracklet_and_single_support_same_posthoc_containment_state,Tracklet interpolation uses optical object rows only; SAR GT validates support after extraction.,runtime_safe_optical_evidence;runtime_safe_temporal_evidence;SAR_image_observation;SAR_GT_posthoc_evidence
T0112,optical_tracklet_to_sar_single_frame,paired_optical_object_sar_gt,GM_RM017,oty1t_obj_GM_RM017_bytetrack_bt_0010,complete,362,173.76,173-174,linear_tracklet_interpolation,"232.121,288.411,458.238,387.459",coarse_optical_azimuth_sector_broad_range,-10.205,-25.0994,4.6894,29.7888,broad_unknown_range_prior,461567,796,47,2.0224,1036.952,670.4351,4.4719,true,943.009,true,tracklet_and_single_support_same_posthoc_containment_state,Tracklet interpolation uses optical object rows only; SAR GT validates support after extraction.,runtime_safe_optical_evidence;runtime_safe_temporal_evidence;SAR_image_observation;SAR_GT_posthoc_evidence
T0113,optical_tracklet_to_sar_single_frame,paired_optical_object_sar_gt,GM_RM017,oty1t_obj_GM_RM017_bytetrack_bt_0012,complete,363,174.24,174-175,linear_tracklet_interpolation,"92.897,316.582,265.038,383.166",coarse_optical_azimuth_sector_broad_range,-24.7511,-37.2836,-12.2187,25.0649,broad_unknown_range_prior,388486,796,47,2.045,841.2387,667.894,66.7467,true,842.724,true,tracklet_and_single_support_same_posthoc_containment_state,Tracklet interpolation uses optical object rows only; SAR GT validates support after extraction.,runtime_safe_optical_evidence;runtime_safe_temporal_evidence;SAR_image_observation;SAR_GT_posthoc_evidence
T0114,optical_tracklet_to_sar_single_frame,paired_optical_object_sar_gt,GM_RM017,oty1t_obj_GM_RM017_bytetrack_bt_0008,edge_or_truncated,363,174.24,174-175,linear_tracklet_interpolation,"495.649,290.172,799.679,396.154",coarse_optical_azimuth_sector_broad_range,16.267,-9.0366,41.5707,50.6073,broad_unknown_range_prior,784238,1050,2,1.8377,1339.2699,689.9383,1.7006,true,1031.171,true,tracklet_and_single_support_same_posthoc_containment_state,Tracklet interpolation uses optical object rows only; SAR GT validates support after extraction.,runtime_safe_optical_evidence;runtime_safe_temporal_evidence;SAR_image_observation;SAR_GT_posthoc_evidence
T0115,optical_tracklet_to_sar_single_frame,paired_optical_object_sar_gt,GM_RM017,oty1t_obj_GM_RM017_bytetrack_bt_0010,complete,363,174.24,174-175,linear_tracklet_interpolation,"241.85,288.268,468.652,387.779",coarse_optical_azimuth_sector_broad_range,-9.3236,-24.2479,5.6007,29.8486,broad_unknown_range_prior,462497,1050,2,2.0101,1048.1189,665.2348,8.0889,true,939.072,true,tracklet_and_single_support_same_posthoc_containment_state,Tracklet interpolation uses optical object rows only; SAR GT validates support after extraction.,runtime_safe_optical_evidence;runtime_safe_temporal_evidence;SAR_image_observation;SAR_GT_posthoc_evidence
T0116,optical_tracklet_to_sar_single_frame,paired_optical_object_sar_gt,GM_RM017,oty1t_obj_GM_RM017_bytetrack_bt_0012,complete,364,174.72,174-175,linear_tracklet_interpolation,"100.541,317.216,274.784,384.111",coarse_optical_azimuth_sector_broad_range,-23.9902,-36.6147,-11.3658,25.2489,broad_unknown_range_prior,391338,796,47,2.0819,851.0018,666.1778,64.2178,true,845.504,true,tracklet_and_single_support_same_posthoc_containment_state,Tracklet interpolation uses optical object rows only; SAR GT validates support after extraction.,runtime_safe_optical_evidence;runtime_safe_temporal_evidence;SAR_image_observation;SAR_GT_posthoc_evidence
T0117,optical_tracklet_to_sar_single_frame,paired_optical_object_sar_gt,GM_RM017,oty1t_obj_GM_RM017_bytetrack_bt_0008,edge_or_truncated,364,174.72,174-175,linear_tracklet_interpolation,"507.755,290.394,799.707,396.863",coarse_optical_azimuth_sector_broad_range,16.798,-7.9772,41.5731,49.5503,broad_unknown_range_prior,767855,1290,5,1.875,1340.4945,694.4599,6.3338,true,1004.953,true,tracklet_and_single_support_same_posthoc_containment_state,Tracklet interpolation uses optical object rows only; SAR GT validates support after extraction.,runtime_safe_optical_evidence;runtime_safe_temporal_evidence;SAR_image_observation;SAR_GT_posthoc_evidence
T0118,optical_tracklet_to_sar_single_frame,paired_optical_object_sar_gt,GM_RM017,oty1t_obj_GM_RM017_bytetrack_bt_0010,complete,364,174.72,174-175,linear_tracklet_interpolation,"251.282,288.912,478.927,388.614",coarse_optical_azimuth_sector_broad_range,-8.4613,-23.4225,6.4999,29.9225,broad_unknown_range_prior,463639,1290,5,2.0462,1061.5676,683.5261,13.2699,true,952.86,true,tracklet_and_single_support_same_posthoc_containment_state,Tracklet interpolation uses optical object rows only; SAR GT validates support after extraction.,runtime_safe_optical_evidence;runtime_safe_temporal_evidence;SAR_image_observation;SAR_GT_posthoc_evidence
T0119,optical_tracklet_to_sar_single_frame,paired_optical_object_sar_gt,GM_RM017,oty1t_obj_GM_RM017_bytetrack_bt_0012,complete,365,175.2,175-176,linear_tracklet_interpolation,"107.77,316.751,283.75,383.86",coarse_optical_azimuth_sector_broad_range,-23.2815,-35.982,-10.581,25.401,broad_unknown_range_prior,393694,796,47,2.0535,863.2231,672.6211,53.4465,true,846.141,true,tracklet_and_single_support_same_posthoc_containment_state,Tracklet interpolation uses optical object rows only; SAR GT validates support after extraction.,runtime_safe_optical_evidence;runtime_safe_temporal_evidence;SAR_image_observation;SAR_GT_posthoc_evidence
T0120,optical_tracklet_to_sar_single_frame,paired_optical_object_sar_gt,GM_RM017,oty1t_obj_GM_RM017_bytetrack_bt_0008,edge_or_truncated,365,175.2,175-176,linear_tracklet_interpolation,"519.676,290.12,799.737,396.75",coarse_optical_azimuth_sector_broad_range,17.3209,-6.9339,41.5758,48.5097,broad_unknown_range_prior,751725,1838,187,1.8644,1349.0044,690.0846,5.5371,true,996.752,true,tracklet_and_single_support_same_posthoc_containment_state,Tracklet interpolation uses optical object rows only; SAR GT validates support after extraction.,runtime_safe_optical_evidence;runtime_safe_temporal_evidence;SAR_image_observation;SAR_GT_posthoc_evidence
T0121,optical_tracklet_to_sar_single_frame,paired_optical_object_sar_gt,GM_RM017,oty1t_obj_GM_RM017_bytetrack_bt_0010,complete,365,175.2,175-176,linear_tracklet_interpolation,"260.403,288.594,488.989,388.432",coarse_optical_azimuth_sector_broad_range,-7.6219,-22.6243,7.3805,30.0048,broad_unknown_range_prior,464922,796,47,2.0198,1072.3109,694.3213,25.0929,true,949.771,true,tracklet_and_single_support_same_posthoc_containment_state,Tracklet interpolation uses optical object rows only; SAR GT validates support after extraction.,runtime_safe_optical_evidence;runtime_safe_temporal_evidence;SAR_image_observation;SAR_GT_posthoc_evidence
T0122,optical_tracklet_to_sar_single_frame,paired_optical_object_sar_gt,GM_RM017,oty1t_obj_GM_RM017_bytetrack_bt_0008,edge_or_truncated,366,175.68,175-176,linear_tracklet_interpolation,"531.335,289.153,799.771,395.484",coarse_optical_azimuth_sector_broad_range,17.8326,-5.9135,41.5787,47.4922,broad_unknown_range_prior,735958,1712,121,1.8796,1355.8727,688.0962,8.4563,true,985.984,true,tracklet_and_single_support_same_posthoc_containment_state,Tracklet interpolation uses optical object rows only; SAR GT validates support after extraction.,runtime_safe_optical_evidence;runtime_safe_temporal_evidence;SAR_image_observation;SAR_GT_posthoc_evidence
T0123,optical_tracklet_to_sar_single_frame,paired_optical_object_sar_gt,GM_RM017,oty1t_obj_GM_RM017_bytetrack_bt_0010,complete,366,175.68,175-176,linear_tracklet_interpolation,"269.09,286.929,498.752,386.827",coarse_optical_azimuth_sector_broad_range,-6.8145,-21.864,8.235,30.099,broad_unknown_range_prior,466372,796,47,2.027,1077.8327,680.868,12.2582,true,955.214,true,tracklet_and_single_support_same_posthoc_containment_state,Tracklet interpolation uses optical object rows only; SAR GT validates support after extraction.,runtime_safe_optical_evidence;runtime_safe_temporal_evidence;SAR_image_observation;SAR_GT_posthoc_evidence
T0124,optical_tracklet_to_sar_single_frame,paired_optical_object_sar_gt,GM_RM017,oty1t_obj_GM_RM017_bytetrack_bt_0012,complete,366,175.68,175-176,linear_tracklet_interpolation,"114.418,314.748,291.626,381.933",coarse_optical_azimuth_sector_broad_range,-22.646,-35.4002,-9.8918,25.5085,broad_unknown_range_prior,395361,796,47,2.0611,866.9124,661.8357,61.8436,true,846.918,true,tracklet_and_single_support_same_posthoc_containment_state,Tracklet interpolation uses optical object rows only; SAR GT validates support after extraction.,runtime_safe_optical_evidence;runtime_safe_temporal_evidence;SAR_image_observation;SAR_GT_posthoc_evidence
T0125,optical_tracklet_to_sar_single_frame,paired_optical_object_sar_gt,GM_RM017,oty1t_obj_GM_RM017_bytetrack_bt_0008,edge_or_truncated,367,176.16,176-177,linear_tracklet_interpolation,"542.696,287.962,799.729,394.222",coarse_optical_azimuth_sector_broad_range,18.3279,-4.9193,41.5751,46.4943,broad_unknown_range_prior,720492,1838,187,1.8812,1363.7785,690.278,7.778,true,988.337,true,tracklet_and_single_support_same_posthoc_containment_state,Tracklet interpolation uses optical object rows only; SAR GT validates support after extraction.,runtime_safe_optical_evidence;runtime_safe_temporal_evidence;SAR_image_observation;SAR_GT_posthoc_evidence
T0126,optical_tracklet_to_sar_single_frame,paired_optical_object_sar_gt,GM_RM017,oty1t_obj_GM_RM017_bytetrack_bt_0010,complete,367,176.16,176-177,linear_tracklet_interpolation,"277.901,285.213,508.481,385.197",coarse_optical_azimuth_sector_broad_range,-6.0033,-21.0929,9.0864,30.1793,broad_unknown_range_prior,467623,796,47,2.0178,1085.1369,685.3665,17.4818,true,957.495,true,tracklet_and_single_support_same_posthoc_containment_state,Tracklet interpolation uses optical object rows only; SAR GT validates support after extraction.,runtime_safe_optical_evidence;runtime_safe_temporal_evidence;SAR_image_observation;SAR_GT_posthoc_evidence
T0127,optical_tracklet_to_sar_single_frame,paired_optical_object_sar_gt,GM_RM017,oty1t_obj_GM_RM017_bytetrack_bt_0012,complete,367,176.16,176-177,linear_tracklet_interpolation,"121.008,312.902,299.507,380.109",coarse_optical_azimuth_sector_broad_range,-22.0128,-34.8235,-9.2021,25.6214,broad_unknown_range_prior,397117,796,47,2.0515,874.5152,661.5045,59.3104,true,849.371,true,tracklet_and_single_support_same_posthoc_containment_state,Tracklet interpolation uses optical object rows only; SAR GT validates support after extraction.,runtime_safe_optical_evidence;runtime_safe_temporal_evidence;SAR_image_observation;SAR_GT_posthoc_evidence
T0128,optical_tracklet_to_sar_single_frame,paired_optical_object_sar_gt,GM_RM017,oty1t_obj_GM_RM017_bytetrack_bt_0008,edge_or_truncated,368,176.64,176-177,linear_tracklet_interpolation,"553.458,286.326,799.539,392.964",coarse_optical_azimuth_sector_broad_range,18.7905,-3.9775,41.5584,45.5359,broad_unknown_range_prior,705635,1378,17,1.8936,1376.0596,675.1754,25.6851,true,993.238,true,tracklet_and_single_support_same_posthoc_containment_state,Tracklet interpolation uses optical object rows only; SAR GT validates support after extraction.,runtime_safe_optical_evidence;runtime_safe_temporal_evidence;SAR_image_observation;SAR_GT_posthoc_evidence
T0129,optical_tracklet_to_sar_single_frame,paired_optical_object_sar_gt,GM_RM017,oty1t_obj_GM_RM017_bytetrack_bt_0012,complete,368,176.64,176-177,linear_tracklet_interpolation,"127.483,311.37,307.396,378.49",coarse_optical_azimuth_sector_broad_range,-21.3843,-34.2569,-8.5117,25.7452,broad_unknown_range_prior,399026,796,47,2.056,884.1218,656.6777,59.8401,true,850.882,true,tracklet_and_single_support_same_posthoc_containment_state,Tracklet interpolation uses optical object rows only; SAR GT validates support after extraction.,runtime_safe_optical_evidence;runtime_safe_temporal_evidence;SAR_image_observation;SAR_GT_posthoc_evidence
T0130,optical_tracklet_to_sar_single_frame,paired_optical_object_sar_gt,GM_RM017,oty1t_obj_GM_RM017_bytetrack_bt_0010,complete,368,176.64,176-177,linear_tracklet_interpolation,"286.959,283.395,518.139,383.517",coarse_optical_azimuth_sector_broad_range,-5.1843,-20.3002,9.9316,30.2318,broad_unknown_range_prior,468431,1378,17,2.0227,1091.8715,675.556,8.7917,true,956.003,true,tracklet_and_single_support_same_posthoc_containment_state,Tracklet interpolation uses optical object rows only; SAR GT validates support after extraction.,runtime_safe_optical_evidence;runtime_safe_temporal_evidence;SAR_image_observation;SAR_GT_posthoc_evidence
T0131,optical_tracklet_to_sar_single_frame,paired_optical_object_sar_gt,GM_RM017,oty1t_obj_GM_RM017_bytetrack_bt_0008,edge_or_truncated,369,177.12,177-178,linear_tracklet_interpolation,"564.612,284.79,799.399,391.896",coarse_optical_azimuth_sector_broad_range,19.2724,-3.0014,41.5462,44.5476,broad_unknown_range_prior,690318,1378,17,1.8651,1387.1585,661.3761,42.3342,true,996.9,true,tracklet_and_single_support_same_posthoc_containment_state,Tracklet interpolation uses optical object rows only; SAR GT validates support after extraction.,runtime_safe_optical_evidence;runtime_safe_temporal_evidence;SAR_image_observation;SAR_GT_posthoc_evidence
T0132,optical_tracklet_to_sar_single_frame,paired_optical_object_sar_gt,GM_RM017,oty1t_obj_GM_RM017_bytetrack_bt_0012,complete,369,177.12,177-178,linear_tracklet_interpolation,"134.196,310.041,315.576,377.114",coarse_optical_azimuth_sector_broad_range,-20.7326,-33.6694,-7.7958,25.8735,broad_unknown_range_prior,401009,796,47,2.01,892.8082,657.6347,55.8277,true,852.225,true,tracklet_and_single_support_same_posthoc_containment_state,Tracklet interpolation uses optical object rows only; SAR GT validates support after extraction.,runtime_safe_optical_evidence;runtime_safe_temporal_evidence;SAR_image_observation;SAR_GT_posthoc_evidence
T0133,optical_tracklet_to_sar_single_frame,paired_optical_object_sar_gt,GM_RM017,oty1t_obj_GM_RM017_bytetrack_bt_0010,complete,369,177.12,177-178,linear_tracklet_interpolation,"296.051,281.934,527.923,382.141",coarse_optical_azimuth_sector_broad_range,-4.3583,-19.5045,10.7878,30.2924,broad_unknown_range_prior,469371,1378,17,1.9789,1098.8424,673.8636,8.9165,true,956.497,true,tracklet_and_single_support_same_posthoc_containment_state,Tracklet interpolation uses optical object rows only; SAR GT validates support after extraction.,runtime_safe_optical_evidence;runtime_safe_temporal_evidence;SAR_image_observation;SAR_GT_posthoc_evidence
T0134,optical_tracklet_to_sar_single_frame,paired_optical_object_sar_gt,GM_RM017,oty1t_obj_GM_RM017_bytetrack_bt_0008,edge_or_truncated,370,177.6,177-178,linear_tracklet_interpolation,"576.94,283.55,799.413,391.396",coarse_optical_azimuth_sector_broad_range,19.8125,-1.9224,41.5474,43.4698,broad_unknown_range_prior,673624,1290,5,1.8738,1395.613,654.7437,51.4237,true,1003.662,true,tracklet_and_single_support_same_posthoc_containment_state,Tracklet interpolation uses optical object rows only; SAR GT validates support after extraction.,runtime_safe_optical_evidence;runtime_safe_temporal_evidence;SAR_image_observation;SAR_GT_posthoc_evidence
T0135,optical_tracklet_to_sar_single_frame,paired_optical_object_sar_gt,GM_RM017,oty1t_obj_GM_RM017_bytetrack_bt_0010,complete,370,177.6,177-178,linear_tracklet_interpolation,"305.244,281.551,538.082,381.676",coarse_optical_azimuth_sector_broad_range,-3.5115,-18.7,11.6769,30.377,broad_unknown_range_prior,470682,1290,5,1.9789,1107.0262,677.0989,13.1324,true,949.169,true,tracklet_and_single_support_same_posthoc_containment_state,Tracklet interpolation uses optical object rows only; SAR GT validates support after extraction.,runtime_safe_optical_evidence;runtime_safe_temporal_evidence;SAR_image_observation;SAR_GT_posthoc_evidence
T0136,optical_tracklet_to_sar_single_frame,paired_optical_object_sar_gt,GM_RM017,oty1t_obj_GM_RM017_bytetrack_bt_0012,complete,370,177.6,177-178,linear_tracklet_interpolation,"141.623,309.324,324.627,376.465",coarse_optical_azimuth_sector_broad_range,-20.0115,-33.0193,-7.0037,26.0156,broad_unknown_range_prior,403220,796,47,2.0095,904.7585,659.2648,49.9444,true,852.679,true,tracklet_and_single_support_same_posthoc_containment_state,Tracklet interpolation uses optical object rows only; SAR GT validates support after extraction.,runtime_safe_optical_evidence;runtime_safe_temporal_evidence;SAR_image_observation;SAR_GT_posthoc_evidence
T0137,optical_tracklet_to_sar_single_frame,paired_optical_object_sar_gt,GM_RM017,oty1t_obj_GM_RM017_bytetrack_bt_0008,edge_or_truncated,371,178.08,178-179,linear_tracklet_interpolation,"589.324,282.724,799.438,391.157",coarse_optical_azimuth_sector_broad_range,20.3555,-0.8386,41.5496,42.3882,broad_unknown_range_prior,656895,1807,169,1.8663,1402.6592,664.9846,44.2229,true,976.315,true,tracklet_and_single_support_same_posthoc_containment_state,Tracklet interpolation uses optical object rows only; SAR GT validates support after extraction.,runtime_safe_optical_evidence;runtime_safe_temporal_evidence;SAR_image_observation;SAR_GT_posthoc_evidence
T0138,optical_tracklet_to_sar_single_frame,paired_optical_object_sar_gt,GM_RM017,oty1t_obj_GM_RM017_bytetrack_bt_0010,complete,371,178.08,178-179,linear_tracklet_interpolation,"314.53,281.312,548.341,381.424",coarse_optical_azimuth_sector_broad_range,-2.6563,-17.8873,12.5747,30.462,broad_unknown_range_prior,472003,1079,1,1.9597,1115.565,687.9261,24.1706,true,945.636,true,tracklet_and_single_support_same_posthoc_containment_state,Tracklet interpolation uses optical object rows only; SAR GT validates support after extraction.,runtime_safe_optical_evidence;runtime_safe_temporal_evidence;SAR_image_observation;SAR_GT_posthoc_evidence
T0139,optical_tracklet_to_sar_single_frame,paired_optical_object_sar_gt,GM_RM017,oty1t_obj_GM_RM017_bytetrack_bt_0012,complete,371,178.08,178-179,linear_tracklet_interpolation,"149.067,308.825,333.58,376.08",coarse_optical_azimuth_sector_broad_range,-19.294,-32.3679,-6.2202,26.1477,broad_unknown_range_prior,405268,796,47,1.9893,915.9639,662.9193,42.6747,true,855.614,true,tracklet_and_single_support_same_posthoc_containment_state,Tracklet interpolation uses optical object rows only; SAR GT validates support after extraction.,runtime_safe_optical_evidence;runtime_safe_temporal_evidence;SAR_image_observation;SAR_GT_posthoc_evidence
T0140,optical_tracklet_to_sar_single_frame,paired_optical_object_sar_gt,GM_RM017,oty1t_obj_GM_RM017_bytetrack_bt_0010,complete,372,178.56,178-179,linear_tracklet_interpolation,"324.282,281.792,559.092,382.234",coarse_optical_azimuth_sector_broad_range,-1.7591,-17.0339,13.5156,30.5495,broad_unknown_range_prior,473357,1241,1,1.8983,1124.7114,690.1249,27.0441,true,943.343,true,tracklet_and_single_support_same_posthoc_containment_state,Tracklet interpolation uses optical object rows only; SAR GT validates support after extraction.,runtime_safe_optical_evidence;runtime_safe_temporal_evidence;SAR_image_observation;SAR_GT_posthoc_evidence
T0141,optical_tracklet_to_sar_single_frame,paired_optical_object_sar_gt,GM_RM017,oty1t_obj_GM_RM017_bytetrack_bt_0008,edge_or_truncated,372,178.56,178-179,linear_tracklet_interpolation,"601.981,283.964,799.523,392.224",coarse_optical_azimuth_sector_broad_range,20.913,0.269,41.557,41.288,broad_unknown_range_prior,639856,1241,1,1.8211,1411.668,659.4073,52.6132,true,1012.596,true,tracklet_and_single_support_same_posthoc_containment_state,Tracklet interpolation uses optical object rows only; SAR GT validates support after extraction.,runtime_safe_optical_evidence;runtime_safe_temporal_evidence;SAR_image_observation;SAR_GT_posthoc_evidence
T0142,optical_tracklet_to_sar_single_frame,paired_optical_object_sar_gt,GM_RM017,oty1t_obj_GM_RM017_bytetrack_bt_0012,complete,372,178.56,178-179,linear_tracklet_interpolation,"156.593,309.414,342.041,377.014",coarse_optical_azimuth_sector_broad_range,-18.5945,-31.7093,-5.4797,26.2296,broad_unknown_range_prior,406536,796,47,1.925,926.4003,663.5046,38.6137,true,856.827,true,tracklet_and_single_support_same_posthoc_containment_state,Tracklet interpolation uses optical object rows only; SAR GT validates support after extraction.,runtime_safe_optical_evidence;runtime_safe_temporal_evidence;SAR_image_observation;SAR_GT_posthoc_evidence
T0143,optical_tracklet_to_sar_single_frame,paired_optical_object_sar_gt,GM_RM017,oty1t_obj_GM_RM017_bytetrack_bt_0010,complete,373,179.04,179-180,linear_tracklet_interpolation,"334.027,282.235,569.895,383.043",coarse_optical_azimuth_sector_broad_range,-0.86,-16.181,14.461,30.6421,broad_unknown_range_prior,474794,1081,0,2.0079,1137.2771,691.7755,28.2613,true,947.75,true,tracklet_and_single_support_same_posthoc_containment_state,Tracklet interpolation uses optical object rows only; SAR GT validates support after extraction.,runtime_safe_optical_evidence;runtime_safe_temporal_evidence;SAR_image_observation;SAR_GT_posthoc_evidence
T0144,optical_tracklet_to_sar_single_frame,paired_optical_object_sar_gt,GM_RM017,oty1t_obj_GM_RM017_bytetrack_bt_0008,edge_or_truncated,373,179.04,179-180,linear_tracklet_interpolation,"614.68,285.206,799.595,393.245",coarse_optical_azimuth_sector_broad_range,21.4719,1.3804,41.5633,40.1829,broad_unknown_range_prior,622776,1242,1,1.9273,1415.8943,659.7548,53.8333,true,1012.971,true,tracklet_and_single_support_same_posthoc_containment_state,Tracklet interpolation uses optical object rows only; SAR GT validates support after extraction.,runtime_safe_optical_evidence;runtime_safe_temporal_evidence;SAR_image_observation;SAR_GT_posthoc_evidence
T0145,optical_tracklet_to_sar_single_frame,paired_optical_object_sar_gt,GM_RM017,oty1t_obj_GM_RM017_bytetrack_bt_0012,complete,373,179.04,179-180,linear_tracklet_interpolation,"164.141,309.987,350.527,377.945",coarse_optical_azimuth_sector_broad_range,-17.8929,-31.0487,-4.737,26.3117,broad_unknown_range_prior,407811,796,47,2.0403,936.8051,666.6819,32.3005,true,857.665,true,tracklet_and_single_support_same_posthoc_containment_state,Tracklet interpolation uses optical object rows only; SAR GT validates support after extraction.,runtime_safe_optical_evidence;runtime_safe_temporal_evidence;SAR_image_observation;SAR_GT_posthoc_evidence
T0146,optical_tracklet_to_sar_single_frame,paired_optical_object_sar_gt,GM_RM017,oty1t_obj_GM_RM017_bytetrack_bt_0010,complete,374,179.52,179-180,linear_tracklet_interpolation,"343.698,282.259,581.26,383.852",coarse_optical_azimuth_sector_broad_range,0.0605,-15.3347,15.4556,30.7903,broad_unknown_range_prior,477090,1291,5,2.0407,1146.4618,683.6083,21.0394,true,945.575,true,tracklet_and_single_support_same_posthoc_containment_state,Tracklet interpolation uses optical object rows only; SAR GT validates support after extraction.,runtime_safe_optical_evidence;runtime_safe_temporal_evidence;SAR_image_observation;SAR_GT_posthoc_evidence
T0147,optical_tracklet_to_sar_single_frame,paired_optical_object_sar_gt,GM_RM017,oty1t_obj_GM_RM017_bytetrack_bt_0012,complete,374,179.52,179-180,linear_tracklet_interpolation,"171.935,310.383,359.295,378.853",coarse_optical_azimuth_sector_broad_range,-17.1682,-30.3666,-3.9697,26.397,broad_unknown_range_prior,409130,796,47,2.0752,946.4947,662.6583,33.099,true,857.613,true,tracklet_and_single_support_same_posthoc_containment_state,Tracklet interpolation uses optical object rows only; SAR GT validates support after extraction.,runtime_safe_optical_evidence;runtime_safe_temporal_evidence;SAR_image_observation;SAR_GT_posthoc_evidence
T0148,optical_tracklet_to_sar_single_frame,paired_optical_object_sar_gt,GM_RM017,oty1t_obj_GM_RM017_bytetrack_bt_0008,edge_or_truncated,374,179.52,179-180,linear_tracklet_interpolation,"627.844,286.484,799.519,393.754",coarse_optical_azimuth_sector_broad_range,22.0446,2.5324,41.5567,39.0243,broad_unknown_range_prior,604844,1291,5,1.9673,1428.7148,647.5168,69.9245,true,1002.403,true,tracklet_and_single_support_same_posthoc_containment_state,Tracklet interpolation uses optical object rows only; SAR GT validates support after extraction.,runtime_safe_optical_evidence;runtime_safe_temporal_evidence;SAR_image_observation;SAR_GT_posthoc_evidence
T0149,optical_tracklet_to_sar_single_frame,paired_optical_object_sar_gt,GM_RM017,oty1t_obj_GM_RM017_bytetrack_bt_0010,complete,375,180,180-180,exact_or_nearest_tracklet_frame,"353.37,282.282,592.625,384.661",coarse_optical_azimuth_sector_broad_range,0.981,-14.4883,16.4502,30.9385,broad_unknown_range_prior,479387,1291,5,2.078,1155.1512,686.6272,24.5272,true,948.126,true,tracklet_and_single_support_same_posthoc_containment_state,Tracklet interpolation uses optical object rows only; SAR GT validates support after extraction.,runtime_safe_optical_evidence;runtime_safe_temporal_evidence;SAR_image_observation;SAR_GT_posthoc_evidence
T0150,optical_tracklet_to_sar_single_frame,paired_optical_object_sar_gt,GM_RM017,oty1t_obj_GM_RM017_bytetrack_bt_0012,complete,375,180,180-180,exact_or_nearest_tracklet_frame,"179.728,310.778,368.063,379.76",coarse_optical_azimuth_sector_broad_range,-16.4434,-29.6845,-3.2023,26.4822,broad_unknown_range_prior,410452,796,47,2.1152,957.531,663.2807,29.2936,true,865.812,true,tracklet_and_single_support_same_posthoc_containment_state,Tracklet interpolation uses optical object rows only; SAR GT validates support after extraction.,runtime_safe_optical_evidence;runtime_safe_temporal_evidence;SAR_image_observation;SAR_GT_posthoc_evidence
T0151,optical_tracklet_to_sar_single_frame,paired_optical_object_sar_gt,GM_RM017,oty1t_obj_GM_RM017_bytetrack_bt_0008,edge_or_truncated,375,180,180-180,exact_or_nearest_tracklet_frame,"641.007,287.761,799.443,394.264",coarse_optical_azimuth_sector_broad_range,22.6172,3.6845,41.55,37.8656,broad_unknown_range_prior,586886,1291,5,2.0126,1436.3392,651.6908,68.929,true,1002.077,true,tracklet_and_single_support_same_posthoc_containment_state,Tracklet interpolation uses optical object rows only; SAR GT validates support after extraction.,runtime_safe_optical_evidence;runtime_safe_temporal_evidence;SAR_image_observation;SAR_GT_posthoc_evidence
T0152,optical_tracklet_to_sar_single_frame,paired_optical_object_sar_gt,GM_RM017,oty1t_obj_GM_RM017_bytetrack_bt_0010,complete,376,180.48,180-181,linear_tracklet_interpolation,"363.587,282.45,603.634,384.721",coarse_optical_azimuth_sector_broad_range,1.9098,-13.5941,17.4137,31.0078,broad_unknown_range_prior,480462,1291,5,2.1253,1166.1762,680.7213,18.9702,true,946.985,true,tracklet_and_single_support_same_posthoc_containment_state,Tracklet interpolation uses optical object rows only; SAR GT validates support after extraction.,runtime_safe_optical_evidence;runtime_safe_temporal_evidence;SAR_image_observation;SAR_GT_posthoc_evidence
T0153,optical_tracklet_to_sar_single_frame,paired_optical_object_sar_gt,GM_RM017,oty1t_obj_GM_RM017_bytetrack_bt_0012,complete,376,180.48,180-181,linear_tracklet_interpolation,"187.283,311.035,376.062,379.951",coarse_optical_azimuth_sector_broad_range,-15.7628,-29.0234,-2.5023,26.5211,broad_unknown_range_prior,411051,796,47,2.1657,967.994,662.9175,26.8582,true,864.766,true,tracklet_and_single_support_same_posthoc_containment_state,Tracklet interpolation uses optical object rows only; SAR GT validates support after extraction.,runtime_safe_optical_evidence;runtime_safe_temporal_evidence;SAR_image_observation;SAR_GT_posthoc_evidence
T0154,optical_tracklet_to_sar_single_frame,paired_optical_object_sar_gt,GM_RM017,oty1t_obj_GM_RM017_bytetrack_bt_0008,edge_or_truncated,376,180.48,180-181,linear_tracklet_interpolation,"653.738,289.042,799.594,393.674",coarse_optical_azimuth_sector_broad_range,23.1809,4.7986,41.5632,36.7646,broad_unknown_range_prior,569823,1291,5,2.0674,1442.8671,650.0002,73.0492,true,1003.792,true,tracklet_and_single_support_same_posthoc_containment_state,Tracklet interpolation uses optical object rows only; SAR GT validates support after extraction.,runtime_safe_optical_evidence;runtime_safe_temporal_evidence;SAR_image_observation;SAR_GT_posthoc_evidence
T0155,optical_tracklet_to_sar_single_frame,paired_optical_object_sar_gt,GM_RM017,oty1t_obj_GM_RM017_bytetrack_bt_0012,complete,377,180.96,180-181,linear_tracklet_interpolation,"194.838,311.292,384.061,380.141",coarse_optical_azimuth_sector_broad_range,-15.0822,-28.3622,-1.8023,26.5599,broad_unknown_range_prior,411643,796,47,2.2068,982.4577,675.7666,11.5848,true,862.611,true,tracklet_and_single_support_same_posthoc_containment_state,Tracklet interpolation uses optical object rows only; SAR GT validates support after extraction.,runtime_safe_optical_evidence;runtime_safe_temporal_evidence;SAR_image_observation;SAR_GT_posthoc_evidence
T0156,optical_tracklet_to_sar_single_frame,paired_optical_object_sar_gt,GM_RM017,oty1t_obj_GM_RM017_bytetrack_bt_0010,complete,377,180.96,180-181,linear_tracklet_interpolation,"373.804,282.618,614.644,384.78",coarse_optical_azimuth_sector_broad_range,2.8387,-12.6999,18.3773,31.0772,broad_unknown_range_prior,481536,1291,5,2.1637,1172.2097,681.8042,22.3355,true,943.268,true,tracklet_and_single_support_same_posthoc_containment_state,Tracklet interpolation uses optical object rows only; SAR GT validates support after extraction.,runtime_safe_optical_evidence;runtime_safe_temporal_evidence;SAR_image_observation;SAR_GT_posthoc_evidence
T0157,optical_tracklet_to_sar_single_frame,paired_optical_object_sar_gt,GM_RM017,oty1t_obj_GM_RM017_bytetrack_bt_0008,edge_or_truncated,377,180.96,180-181,linear_tracklet_interpolation,"666.468,290.323,799.745,393.084",coarse_optical_azimuth_sector_broad_range,23.7446,5.9127,41.5764,35.6637,broad_unknown_range_prior,552763,1712,121,2.1144,1451.0584,648.8644,77.3335,true,957.761,true,tracklet_and_single_support_same_posthoc_containment_state,Tracklet interpolation uses optical object rows only; SAR GT validates support after extraction.,runtime_safe_optical_evidence;runtime_safe_temporal_evidence;SAR_image_observation;SAR_GT_posthoc_evidence
T0158,optical_tracklet_to_sar_single_frame,paired_optical_object_sar_gt,GM_RM017,oty1t_obj_GM_RM017_bytetrack_bt_0012,complete,378,181.44,181-182,linear_tracklet_interpolation,"202.703,312.043,392.924,381.085",coarse_optical_azimuth_sector_broad_range,-14.3503,-27.6739,-1.0267,26.6472,broad_unknown_range_prior,412975,796,47,2.1376,993.5314,681.5194,5.8615,true,867.301,true,tracklet_and_single_support_same_posthoc_containment_state,Tracklet interpolation uses optical object rows only; SAR GT validates support after extraction.,runtime_safe_optical_evidence;runtime_safe_temporal_evidence;SAR_image_observation;SAR_GT_posthoc_evidence
T0159,optical_tracklet_to_sar_single_frame,paired_optical_object_sar_gt,GM_RM017,oty1t_obj_GM_RM017_bytetrack_bt_0010,complete,378,181.44,181-182,linear_tracklet_interpolation,"384.094,282.557,625.96,385.437",coarse_optical_azimuth_sector_broad_range,3.7841,-11.7994,19.3676,31.167,broad_unknown_range_prior,482931,1291,5,2.0977,1183.8598,681.9564,21.5284,true,945.278,true,tracklet_and_single_support_same_posthoc_containment_state,Tracklet interpolation uses optical object rows only; SAR GT validates support after extraction.,runtime_safe_optical_evidence;runtime_safe_temporal_evidence;SAR_image_observation;SAR_GT_posthoc_evidence
T0160,optical_tracklet_to_sar_single_frame,paired_optical_object_sar_gt,GM_RM017,oty1t_obj_GM_RM017_bytetrack_bt_0008,edge_or_truncated,378,181.44,181-182,linear_tracklet_interpolation,"679.952,294.122,799.75,393.242",coarse_optical_azimuth_sector_broad_range,24.3348,7.0928,41.5769,34.4842,broad_unknown_range_prior,534480,1712,121,2.0641,1462.8922,647.3219,83.5056,true,958.493,true,tracklet_and_single_support_same_posthoc_containment_state,Tracklet interpolation uses optical object rows only; SAR GT validates support after extraction.,runtime_safe_optical_evidence;runtime_safe_temporal_evidence;SAR_image_observation;SAR_GT_posthoc_evidence
T0161,optical_tracklet_to_sar_single_frame,paired_optical_object_sar_gt,GM_RM017,oty1t_obj_GM_RM017_bytetrack_bt_0012,complete,379,181.92,181-182,linear_tracklet_interpolation,"210.597,312.838,401.865,382.096",coarse_optical_azimuth_sector_broad_range,-13.6136,-26.9831,-0.2442,26.7389,broad_unknown_range_prior,414347,796,47,2.1653,1007.0656,683.7043,9.9337,true,862.75,true,tracklet_and_single_support_same_posthoc_containment_state,Tracklet interpolation uses optical object rows only; SAR GT validates support after extraction.,runtime_safe_optical_evidence;runtime_safe_temporal_evidence;SAR_image_observation;SAR_GT_posthoc_evidence
T0162,optical_tracklet_to_sar_single_frame,paired_optical_object_sar_gt,GM_RM017,oty1t_obj_GM_RM017_bytetrack_bt_0010,complete,379,181.92,181-182,linear_tracklet_interpolation,"394.391,282.475,637.304,386.148",coarse_optical_azimuth_sector_broad_range,4.731,-10.8983,20.3603,31.2586,broad_unknown_range_prior,484349,1291,5,2.1239,1193.5961,680.0869,20.4958,true,941.042,true,tracklet_and_single_support_same_posthoc_containment_state,Tracklet interpolation uses optical object rows only; SAR GT validates support after extraction.,runtime_safe_optical_evidence;runtime_safe_temporal_evidence;SAR_image_observation;SAR_GT_posthoc_evidence
T0163,optical_tracklet_to_sar_single_frame,paired_optical_object_sar_gt,GM_RM017,oty1t_obj_GM_RM017_bytetrack_bt_0008,edge_or_truncated,379,181.92,181-182,linear_tracklet_interpolation,"693.505,298.15,799.743,393.469",coarse_optical_azimuth_sector_broad_range,24.9275,8.2788,41.5763,33.2974,broad_unknown_range_prior,516092,1712,121,2.101,1468.843,646.7965,86.4907,true,951.386,true,tracklet_and_single_support_same_posthoc_containment_state,Tracklet interpolation uses optical object rows only; SAR GT validates support after extraction.,runtime_safe_optical_evidence;runtime_safe_temporal_evidence;SAR_image_observation;SAR_GT_posthoc_evidence
T0164,optical_tracklet_to_sar_single_frame,paired_optical_object_sar_gt,GM_RM017,oty1t_obj_GM_RM017_bytetrack_bt_0012,complete,380,182.4,182-183,linear_tracklet_interpolation,"218.421,312.659,411.077,382.057",coarse_optical_azimuth_sector_broad_range,-12.8681,-26.2983,0.562,26.8604,broad_unknown_range_prior,416231,796,47,2.1234,1019.6032,700.4453,23.9756,true,876.254,true,tracklet_and_single_support_same_posthoc_containment_state,Tracklet interpolation uses optical object rows only; SAR GT validates support after extraction.,runtime_safe_optical_evidence;runtime_safe_temporal_evidence;SAR_image_observation;SAR_GT_posthoc_evidence
T0165,optical_tracklet_to_sar_single_frame,paired_optical_object_sar_gt,GM_RM017,oty1t_obj_GM_RM017_bytetrack_bt_0010,complete,380,182.4,182-183,linear_tracklet_interpolation,"404.184,282.283,648.74,386.091",coarse_optical_azimuth_sector_broad_range,5.66,-10.0412,21.3612,31.4024,broad_unknown_range_prior,486579,1291,5,2.0837,1206.2222,677.3276,16.696,true,941.551,true,tracklet_and_single_support_same_posthoc_containment_state,Tracklet interpolation uses optical object rows only; SAR GT validates support after extraction.,runtime_safe_optical_evidence;runtime_safe_temporal_evidence;SAR_image_observation;SAR_GT_posthoc_evidence
T0166,optical_tracklet_to_sar_single_frame,paired_optical_object_sar_gt,GM_RM017,oty1t_obj_GM_RM017_bytetrack_bt_0008,edge_or_truncated,380,182.4,182-182,exact_or_nearest_tracklet_frame,"695.764,298.821,799.742,393.506",coarse_optical_azimuth_sector_broad_range,25.0263,8.4765,41.5761,33.0997,broad_unknown_range_prior,513027,1519,49,2.0648,1469.6634,638.2252,94.806,true,972.923,true,tracklet_and_single_support_same_posthoc_containment_state,Tracklet interpolation uses optical object rows only; SAR GT validates support after extraction.,runtime_safe_optical_evidence;runtime_safe_temporal_evidence;SAR_image_observation;SAR_GT_posthoc_evidence
T0167,optical_tracklet_to_sar_single_frame,paired_optical_object_sar_gt,GM_RM017,oty1t_obj_GM_RM017_bytetrack_bt_0012,complete,381,182.88,182-183,linear_tracklet_interpolation,"226.232,312.286,420.344,381.807",coarse_optical_azimuth_sector_broad_range,-12.1209,-25.6148,1.373,26.9878,broad_unknown_range_prior,418176,796,47,2.0799,1030.0891,698.7665,25.3528,true,876.437,true,tracklet_and_single_support_same_posthoc_containment_state,Tracklet interpolation uses optical object rows only; SAR GT validates support after extraction.,runtime_safe_optical_evidence;runtime_safe_temporal_evidence;SAR_image_observation;SAR_GT_posthoc_evidence
T0168,optical_tracklet_to_sar_single_frame,paired_optical_object_sar_gt,GM_RM017,oty1t_obj_GM_RM017_bytetrack_bt_0010,duplicate_or_handoff,381,182.88,182-183,linear_tracklet_interpolation,"413.876,282.068,660.195,385.88",coarse_optical_azimuth_sector_broad_range,6.5853,-19.193,32.3636,51.5566,broad_unknown_range_prior,798947,1291,5,1.8641,1212.8437,651.0068,24.9007,true,940.852,true,tracklet_and_single_support_same_posthoc_containment_state,Tracklet interpolation uses optical object rows only; SAR GT validates support after extraction.,runtime_safe_optical_evidence;runtime_safe_temporal_evidence;SAR_image_observation;SAR_GT_posthoc_evidence
T0169,optical_tracklet_to_sar_single_frame,paired_optical_object_sar_gt,GM_RM017,oty1t_obj_GM_RM017_bytetrack_bt_0012,complete,382,183.36,183-184,linear_tracklet_interpolation,"234.109,311.945,429.601,381.978",coarse_optical_azimuth_sector_broad_range,-11.3711,-24.9254,2.1832,27.1085,broad_unknown_range_prior,420033,796,47,2.0729,1032.8235,686.947,14.021,true,881.526,true,tracklet_and_single_support_same_posthoc_containment_state,Tracklet interpolation uses optical object rows only; SAR GT validates support after extraction.,runtime_safe_optical_evidence;runtime_safe_temporal_evidence;SAR_image_observation;SAR_GT_posthoc_evidence
T0170,optical_tracklet_to_sar_single_frame,paired_optical_object_sar_gt,GM_RM017,oty1t_obj_GM_RM017_bytetrack_bt_0010,duplicate_or_handoff,382,183.36,183-184,linear_tracklet_interpolation,"424.022,281.362,671.453,385.584",coarse_optical_azimuth_sector_broad_range,7.5219,-18.3051,33.3489,51.654,broad_unknown_range_prior,800463,1291,5,1.8588,1224.3772,659.3152,19.9448,true,939.837,true,tracklet_and_single_support_same_posthoc_containment_state,Tracklet interpolation uses optical object rows only; SAR GT validates support after extraction.,runtime_safe_optical_evidence;runtime_safe_temporal_evidence;SAR_image_observation;SAR_GT_posthoc_evidence
T0171,optical_tracklet_to_sar_single_frame,paired_optical_object_sar_gt,GM_RM017,oty1t_obj_GM_RM017_bytetrack_bt_0012,complete,383,183.84,183-184,linear_tracklet_interpolation,"242.009,311.616,438.856,382.289",coarse_optical_azimuth_sector_broad_range,-10.6205,-24.2341,2.9931,27.2271,broad_unknown_range_prior,421865,796,47,2.0977,1043.667,698.0171,25.5988,true,877.76,true,tracklet_and_single_support_same_posthoc_containment_state,Tracklet interpolation uses optical object rows only; SAR GT validates support after extraction.,runtime_safe_optical_evidence;runtime_safe_temporal_evidence;SAR_image_observation;SAR_GT_posthoc_evidence
T0172,optical_tracklet_to_sar_single_frame,paired_optical_object_sar_gt,GM_RM017,oty1t_obj_GM_RM017_bytetrack_bt_0010,complete,383,183.84,183-184,linear_tracklet_interpolation,"434.318,280.494,682.645,385.261",coarse_optical_azimuth_sector_broad_range,8.4622,-7.404,24.3284,31.7324,broad_unknown_range_prior,491693,1291,5,2.0589,1234.9361,664.0302,18.6823,true,938.296,true,tracklet_and_single_support_same_posthoc_containment_state,Tracklet interpolation uses optical object rows only; SAR GT validates support after extraction.,runtime_safe_optical_evidence;runtime_safe_temporal_evidence;SAR_image_observation;SAR_GT_posthoc_evidence
T0173,optical_tracklet_to_sar_single_frame,paired_optical_object_sar_gt,GM_RM017,oty1t_obj_GM_RM017_bytetrack_bt_0014,complete,383,183.84,184-184,exact_or_nearest_tracklet_frame,"751.277,320.074,799.701,378.897",coarse_optical_azimuth_sector_broad_range,27.4537,20.3348,34.5726,14.2378,broad_unknown_range_prior,220672,1170,1303,2.1979,1506.3467,656.7696,94.0606,false,366.003,false,tracklet_and_single_support_same_posthoc_containment_state,Tracklet interpolation uses optical object rows only; SAR GT validates support after extraction.,runtime_safe_optical_evidence;runtime_safe_temporal_evidence;SAR_image_observation;SAR_GT_posthoc_evidence
T0174,optical_tracklet_to_sar_single_frame,paired_optical_object_sar_gt,GM_RM017,oty1t_obj_GM_RM017_bytetrack_bt_0012,complete,384,184.32,184-185,linear_tracklet_interpolation,"250.253,310.877,448.217,381.704",coarse_optical_azimuth_sector_broad_range,-9.8501,-23.5125,3.8123,27.3248,broad_unknown_range_prior,423397,796,47,2.1186,1048.9259,688.2983,16.7903,true,878.796,true,tracklet_and_single_support_same_posthoc_containment_state,Tracklet interpolation uses optical object rows only; SAR GT validates support after extraction.,runtime_safe_optical_evidence;runtime_safe_temporal_evidence;SAR_image_observation;SAR_GT_posthoc_evidence
T0175,optical_tracklet_to_sar_single_frame,paired_optical_object_sar_gt,GM_RM017,oty1t_obj_GM_RM017_bytetrack_bt_0010,complete,384,184.32,184-185,linear_tracklet_interpolation,"444.097,279.063,693.776,384.189",coarse_optical_azimuth_sector_broad_range,9.3771,-6.5483,25.3025,31.8508,broad_unknown_range_prior,493525,1291,5,2.0783,1246.2304,663.606,18.9247,true,938.657,true,tracklet_and_single_support_same_posthoc_containment_state,Tracklet interpolation uses optical object rows only; SAR GT validates support after extraction.,runtime_safe_optical_evidence;runtime_safe_temporal_evidence;SAR_image_observation;SAR_GT_posthoc_evidence
T0176,optical_tracklet_to_sar_single_frame,paired_optical_object_sar_gt,GM_RM017,oty1t_obj_GM_RM017_bytetrack_bt_0014,complete,384,184.32,184-198,linear_tracklet_interpolation,"750.953,319.55,799.701,378.638",coarse_optical_azimuth_sector_broad_range,27.4395,20.3064,34.5726,14.2662,broad_unknown_range_prior,221112,1170,1303,2.2229,1511.9687,647.427,104.9604,false,371.092,false,tracklet_and_single_support_same_posthoc_containment_state,Tracklet interpolation uses optical object rows only; SAR GT validates support after extraction.,runtime_safe_optical_evidence;runtime_safe_temporal_evidence;SAR_image_observation;SAR_GT_posthoc_evidence
T0177,optical_tracklet_to_sar_single_frame,paired_optical_object_sar_gt,GM_RM017,oty1t_obj_GM_RM017_bytetrack_bt_0012,complete,385,184.8,184-185,linear_tracklet_interpolation,"258.671,309.933,457.631,380.671",coarse_optical_azimuth_sector_broad_range,-9.0698,-22.7759,4.6362,27.4121,broad_unknown_range_prior,424733,796,47,2.1521,1060.8619,704.714,34.2667,true,878.141,true,tracklet_and_single_support_same_posthoc_containment_state,Tracklet interpolation uses optical object rows only; SAR GT validates support after extraction.,runtime_safe_optical_evidence;runtime_safe_temporal_evidence;SAR_image_observation;SAR_GT_posthoc_evidence
T0178,optical_tracklet_to_sar_single_frame,paired_optical_object_sar_gt,GM_RM017,oty1t_obj_GM_RM017_bytetrack_bt_0010,duplicate_or_handoff,385,184.8,184-185,linear_tracklet_interpolation,"453.616,277.351,704.875,382.744",coarse_optical_azimuth_sector_broad_range,10.2793,-15.7152,36.2738,51.989,broad_unknown_range_prior,805652,1291,5,1.9136,1255.5165,670.4946,17.9521,true,937.147,true,tracklet_and_single_support_same_posthoc_containment_state,Tracklet interpolation uses optical object rows only; SAR GT validates support after extraction.,runtime_safe_optical_evidence;runtime_safe_temporal_evidence;SAR_image_observation;SAR_GT_posthoc_evidence
T0179,optical_tracklet_to_sar_single_frame,paired_optical_object_sar_gt,GM_RM017,oty1t_obj_GM_RM017_bytetrack_bt_0012,complete,386,185.28,185-186,linear_tracklet_interpolation,"266.541,310.065,467.185,380.842",coarse_optical_azimuth_sector_broad_range,-8.3074,-22.0871,5.4723,27.5594,broad_unknown_range_prior,427010,796,47,2.0613,1066.4506,687.8595,18.7699,true,886.766,true,tracklet_and_single_support_same_posthoc_containment_state,Tracklet interpolation uses optical object rows only; SAR GT validates support after extraction.,runtime_safe_optical_evidence;runtime_safe_temporal_evidence;SAR_image_observation;SAR_GT_posthoc_evidence
T0180,optical_tracklet_to_sar_single_frame,paired_optical_object_sar_gt,GM_RM017,oty1t_obj_GM_RM017_bytetrack_bt_0010,duplicate_or_handoff,386,185.28,185-186,linear_tracklet_interpolation,"463.522,277.167,716.398,382.777",coarse_optical_azimuth_sector_broad_range,11.217,-14.8482,37.2823,52.1305,broad_unknown_range_prior,807847,1291,5,1.849,1271.7889,668.3517,14.6443,true,936.836,true,tracklet_and_single_support_same_posthoc_containment_state,Tracklet interpolation uses optical object rows only; SAR GT validates support after extraction.,runtime_safe_optical_evidence;runtime_safe_temporal_evidence;SAR_image_observation;SAR_GT_posthoc_evidence
T0181,optical_tracklet_to_sar_single_frame,paired_optical_object_sar_gt,GM_RM017,oty1t_obj_GM_RM017_bytetrack_bt_0010,complete,387,185.76,185-186,linear_tracklet_interpolation,"473.704,278.075,728.224,383.866",coarse_optical_azimuth_sector_broad_range,12.1801,-3.9571,28.3173,32.2744,broad_unknown_range_prior,500091,1291,5,2.107,1269.5558,675.0731,25.38,true,937.091,true,tracklet_and_single_support_same_posthoc_containment_state,Tracklet interpolation uses optical object rows only; SAR GT validates support after extraction.,runtime_safe_optical_evidence;runtime_safe_temporal_evidence;SAR_image_observation;SAR_GT_posthoc_evidence
T0182,optical_tracklet_to_sar_single_frame,paired_optical_object_sar_gt,GM_RM017,oty1t_obj_GM_RM017_bytetrack_bt_0012,complete,387,185.76,185-186,linear_tracklet_interpolation,"274.022,310.965,476.838,381.873",coarse_optical_azimuth_sector_broad_range,-7.5577,-21.4324,6.3171,27.7496,broad_unknown_range_prior,429964,1291,5,2.1501,1074.5952,701.7246,32.7389,true,892.142,true,tracklet_and_single_support_same_posthoc_containment_state,Tracklet interpolation uses optical object rows only; SAR GT validates support after extraction.,runtime_safe_optical_evidence;runtime_safe_temporal_evidence;SAR_image_observation;SAR_GT_posthoc_evidence
T0183,optical_tracklet_to_sar_single_frame,paired_optical_object_sar_gt,GM_RM017,oty1t_obj_GM_RM017_bytetrack_bt_0010,complete,388,186.24,186-187,linear_tracklet_interpolation,"483.929,278.305,740.234,384.41",coarse_optical_azimuth_sector_broad_range,13.153,-3.0623,29.3684,32.4307,broad_unknown_range_prior,502512,1244,1,1.8587,1283.9595,668.306,25.4917,true,937.057,true,tracklet_and_single_support_same_posthoc_containment_state,Tracklet interpolation uses optical object rows only; SAR GT validates support after extraction.,runtime_safe_optical_evidence;runtime_safe_temporal_evidence;SAR_image_observation;SAR_GT_posthoc_evidence
T0184,optical_tracklet_to_sar_single_frame,paired_optical_object_sar_gt,GM_RM017,oty1t_obj_GM_RM017_bytetrack_bt_0012,complete,388,186.24,186-187,linear_tracklet_interpolation,"281.975,311.406,486.55,382.429",coarse_optical_azimuth_sector_broad_range,-6.7847,-20.7364,7.167,27.9035,broad_unknown_range_prior,432347,1244,1,1.8888,1080.754,694.6814,26.3405,true,892.572,true,tracklet_and_single_support_same_posthoc_containment_state,Tracklet interpolation uses optical object rows only; SAR GT validates support after extraction.,runtime_safe_optical_evidence;runtime_safe_temporal_evidence;SAR_image_observation;SAR_GT_posthoc_evidence
T0185,optical_tracklet_to_sar_single_frame,paired_optical_object_sar_gt,GM_RM017,oty1t_obj_GM_RM017_bytetrack_bt_0010,complete,389,186.72,186-187,linear_tracklet_interpolation,"494.195,277.857,752.429,384.41",coarse_optical_azimuth_sector_broad_range,14.1358,-2.1639,30.4355,32.5994,broad_unknown_range_prior,505136,1570,65,2.0043,1294.2225,676.3969,23.9039,true,926.261,true,tracklet_and_single_support_same_posthoc_containment_state,Tracklet interpolation uses optical object rows only; SAR GT validates support after extraction.,runtime_safe_optical_evidence;runtime_safe_temporal_evidence;SAR_image_observation;SAR_GT_posthoc_evidence
T0186,optical_tracklet_to_sar_single_frame,paired_optical_object_sar_gt,GM_RM017,oty1t_obj_GM_RM017_bytetrack_bt_0012,complete,389,186.72,186-187,linear_tracklet_interpolation,"290.4,311.39,496.32,382.51",coarse_optical_azimuth_sector_broad_range,-5.9885,-19.9991,8.0221,28.0211,broad_unknown_range_prior,434172,796,47,2.0429,1088.8226,700.508,32.9094,true,894.667,true,tracklet_and_single_support_same_posthoc_containment_state,Tracklet interpolation uses optical object rows only; SAR GT validates support after extraction.,runtime_safe_optical_evidence;runtime_safe_temporal_evidence;SAR_image_observation;SAR_GT_posthoc_evidence
T0187,optical_tracklet_to_sar_single_frame,paired_optical_object_sar_gt,GM_RM017,oty1t_obj_GM_RM017_bytetrack_bt_0012,complete,390,187.2,187-188,linear_tracklet_interpolation,"298.425,311.382,505.952,382.679",coarse_optical_azimuth_sector_broad_range,-5.2158,-19.2967,8.8651,28.1618,broad_unknown_range_prior,436352,796,47,2.1721,1095.9654,708.4038,41.4727,true,890.539,true,tracklet_and_single_support_same_posthoc_containment_state,Tracklet interpolation uses optical object rows only; SAR GT validates support after extraction.,runtime_safe_optical_evidence;runtime_safe_temporal_evidence;SAR_image_observation;SAR_GT_posthoc_evidence
T0188,optical_tracklet_to_sar_single_frame,paired_optical_object_sar_gt,GM_RM017,oty1t_obj_GM_RM017_bytetrack_bt_0010,complete,390,187.2,187-188,linear_tracklet_interpolation,"504.471,277.503,764.743,384.354",coarse_optical_azimuth_sector_broad_range,15.1243,-1.2646,31.5133,32.7779,broad_unknown_range_prior,507924,1606,77,2.1259,1307.3634,678.4621,22.3335,true,923.711,true,tracklet_and_single_support_same_posthoc_containment_state,Tracklet interpolation uses optical object rows only; SAR GT validates support after extraction.,runtime_safe_optical_evidence;runtime_safe_temporal_evidence;SAR_image_observation;SAR_GT_posthoc_evidence
T0189,optical_tracklet_to_sar_single_frame,paired_optical_object_sar_gt,GM_RM017,oty1t_obj_GM_RM017_bytetrack_bt_0010,complete,391,187.68,187-188,linear_tracklet_interpolation,"514.759,277.281,777.226,384.221",coarse_optical_azimuth_sector_broad_range,16.1207,-0.3643,32.6057,32.97,broad_unknown_range_prior,510946,1571,65,1.8391,1321.5143,672.1917,25.2961,true,924.434,true,tracklet_and_single_support_same_posthoc_containment_state,Tracklet interpolation uses optical object rows only; SAR GT validates support after extraction.,runtime_safe_optical_evidence;runtime_safe_temporal_evidence;SAR_image_observation;SAR_GT_posthoc_evidence
T0190,optical_tracklet_to_sar_single_frame,paired_optical_object_sar_gt,GM_RM017,oty1t_obj_GM_RM017_bytetrack_bt_0012,complete,391,187.68,187-188,linear_tracklet_interpolation,"305.891,311.388,515.393,382.971",coarse_optical_azimuth_sector_broad_range,-4.476,-18.6434,9.6913,28.3347,broad_unknown_range_prior,439026,796,47,1.8701,1100.5414,688.7133,22.4781,true,896.593,true,tracklet_and_single_support_same_posthoc_containment_state,Tracklet interpolation uses optical object rows only; SAR GT validates support after extraction.,runtime_safe_optical_evidence;runtime_safe_temporal_evidence;SAR_image_observation;SAR_GT_posthoc_evidence
T0191,optical_tracklet_to_sar_single_frame,paired_optical_object_sar_gt,GM_RM017,oty1t_obj_GM_RM017_bytetrack_bt_0012,complete,392,188.16,188-189,linear_tracklet_interpolation,"313.688,311.013,524.842,382.811",coarse_optical_azimuth_sector_broad_range,-3.7214,-17.961,10.5182,28.4792,broad_unknown_range_prior,441271,796,47,1.9668,1107.4909,700.1133,34.6121,true,894.8,true,tracklet_and_single_support_same_posthoc_containment_state,Tracklet interpolation uses optical object rows only; SAR GT validates support after extraction.,runtime_safe_optical_evidence;runtime_safe_temporal_evidence;SAR_image_observation;SAR_GT_posthoc_evidence
T0192,optical_tracklet_to_sar_single_frame,paired_optical_object_sar_gt,GM_RM017,oty1t_obj_GM_RM017_bytetrack_bt_0010,complete,392,188.16,188-189,linear_tracklet_interpolation,"524.852,276.68,787.841,383.846",coarse_optical_azimuth_sector_broad_range,17.0269,0.5191,33.5346,33.0155,broad_unknown_range_prior,511663,1838,187,1.9308,1337.7898,667.8945,27.9619,true,929.259,true,tracklet_and_single_support_same_posthoc_containment_state,Tracklet interpolation uses optical object rows only; SAR GT validates support after extraction.,runtime_safe_optical_evidence;runtime_safe_temporal_evidence;SAR_image_observation;SAR_GT_posthoc_evidence
T0193,optical_tracklet_to_sar_single_frame,paired_optical_object_sar_gt,GM_RM017,oty1t_obj_GM_RM017_bytetrack_bt_0010,complete,393,188.64,188-189,linear_tracklet_interpolation,"534.557,275.321,794.717,382.987",coarse_optical_azimuth_sector_broad_range,17.7524,1.3684,34.1364,32.768,broad_unknown_range_prior,507856,1807,169,2.0455,1348.4775,671.001,26.4489,true,922.487,true,tracklet_and_single_support_same_posthoc_containment_state,Tracklet interpolation uses optical object rows only; SAR GT validates support after extraction.,runtime_safe_optical_evidence;runtime_safe_temporal_evidence;SAR_image_observation;SAR_GT_posthoc_evidence
T0194,optical_tracklet_to_sar_single_frame,paired_optical_object_sar_gt,GM_RM017,oty1t_obj_GM_RM017_bytetrack_bt_0012,complete,393,188.64,188-189,linear_tracklet_interpolation,"322.146,309.879,534.307,381.746",coarse_optical_azimuth_sector_broad_range,-2.9371,-17.2208,11.3465,28.5673,broad_unknown_range_prior,442630,796,47,2.0855,1113.6699,705.4936,40.8395,true,907.265,true,tracklet_and_single_support_same_posthoc_containment_state,Tracklet interpolation uses optical object rows only; SAR GT validates support after extraction.,runtime_safe_optical_evidence;runtime_safe_temporal_evidence;SAR_image_observation;SAR_GT_posthoc_evidence
T0195,optical_tracklet_to_sar_single_frame,paired_optical_object_sar_gt,GM_RM017,oty1t_obj_GM_RM017_bytetrack_bt_0010,complete,394,189.12,189-190,linear_tracklet_interpolation,"544.383,274.182,799.826,382.255",coarse_optical_azimuth_sector_broad_range,18.4059,2.2283,34.5836,32.3552,broad_unknown_range_prior,501474,1838,187,1.9606,1359.1424,659.2766,39.4137,true,928.76,true,tracklet_and_single_support_same_posthoc_containment_state,Tracklet interpolation uses optical object rows only; SAR GT validates support after extraction.,runtime_safe_optical_evidence;runtime_safe_temporal_evidence;SAR_image_observation;SAR_GT_posthoc_evidence
T0196,optical_tracklet_to_sar_single_frame,paired_optical_object_sar_gt,GM_RM017,oty1t_obj_GM_RM017_bytetrack_bt_0012,complete,394,189.12,189-190,linear_tracklet_interpolation,"330.448,309.055,543.707,380.862",coarse_optical_azimuth_sector_broad_range,-2.1625,-16.4942,12.1692,28.6634,broad_unknown_range_prior,444127,954,13,1.9928,1120.7652,705.14,41.2173,true,888.983,true,tracklet_and_single_support_same_posthoc_containment_state,Tracklet interpolation uses optical object rows only; SAR GT validates support after extraction.,runtime_safe_optical_evidence;runtime_safe_temporal_evidence;SAR_image_observation;SAR_GT_posthoc_evidence
T0197,optical_tracklet_to_sar_single_frame,paired_optical_object_sar_gt,GM_RM017,oty1t_obj_GM_RM017_bytetrack_bt_0012,complete,429,205.92,205-206,linear_tracklet_interpolation,"628.67,288.825,799.542,365.157",coarse_optical_azimuth_sector_broad_range,22.0817,9.6048,34.5587,24.9539,broad_unknown_range_prior,386764,1546,57,1.7278,1424.0891,615.0439,100.0209,true,831.922,true,tracklet_and_single_support_same_posthoc_containment_state,Tracklet interpolation uses optical object rows only; SAR GT validates support after extraction.,runtime_safe_optical_evidence;runtime_safe_temporal_evidence;SAR_image_observation;SAR_GT_posthoc_evidence
T0198,optical_tracklet_to_sar_single_frame,paired_optical_object_sar_gt,GM_RM017,oty1t_obj_GM_RM017_bytetrack_bt_0012,complete,438,210.24,210-210,exact_or_nearest_tracklet_frame,"703.212,292.021,799.742,363.314",coarse_optical_azimuth_sector_broad_range,25.3522,16.1283,34.5762,18.4479,broad_unknown_range_prior,285927,1888,219,1.7413,1481.3549,607.0594,128.4386,true,801.154,true,tracklet_and_single_support_same_posthoc_containment_state,Tracklet interpolation uses optical object rows only; SAR GT validates support after extraction.,runtime_safe_optical_evidence;runtime_safe_temporal_evidence;SAR_image_observation;SAR_GT_posthoc_evidence
T0199,optical_tracklet_to_sar_single_frame,paired_optical_object_sar_gt,GM_RM017,oty1t_obj_GM_RM017_bytetrack_bt_0014,complete,442,212.16,212-213,linear_tracklet_interpolation,"745.189,310.824,799.702,356.667",coarse_optical_azimuth_sector_broad_range,27.1873,19.802,34.5727,14.7707,broad_unknown_range_prior,228933,1606,77,2.1694,1514.2473,609.4911,139.9779,true,812.772,true,tracklet_and_single_support_same_posthoc_containment_state,Tracklet interpolation uses optical object rows only; SAR GT validates support after extraction.,runtime_safe_optical_evidence;runtime_safe_temporal_evidence;SAR_image_observation;SAR_GT_posthoc_evidence
T0200,optical_tracklet_to_sar_single_frame,paired_optical_object_sar_gt,GM_RM019,oty1t_obj_GM_RM019_bytetrack_bt_0001,ambiguous_or_review_only,0,0,0-0,exact_or_nearest_tracklet_frame,"225.894,342.176,795.307,596.276",coarse_optical_azimuth_sector_broad_range,4.2719,-32.6444,41.1881,73.8324,broad_unknown_range_prior,1144214,1048,3,1.7434,1125.2315,772.0172,131.7779,true,1202.034,true,tracklet_and_single_support_same_posthoc_containment_state,Tracklet interpolation uses optical object rows only; SAR GT validates support after extraction.,runtime_safe_optical_evidence;runtime_safe_temporal_evidence;SAR_image_observation;SAR_GT_posthoc_evidence
T0201,optical_tracklet_to_sar_single_frame,paired_optical_object_sar_gt,GM_RM019,oty1t_obj_GM_RM019_bytetrack_bt_0001,ambiguous_or_review_only,4,1.92,1-2,linear_tracklet_interpolation,"242.448,358.754,797.639,594.248",coarse_optical_azimuth_sector_broad_range,5.0983,-31.1956,41.3922,72.5878,broad_unknown_range_prior,1124918,1048,3,1.7583,1131.8559,778.1894,137.8682,true,1201.046,true,tracklet_and_single_support_same_posthoc_containment_state,Tracklet interpolation uses optical object rows only; SAR GT validates support after extraction.,runtime_safe_optical_evidence;runtime_safe_temporal_evidence;SAR_image_observation;SAR_GT_posthoc_evidence
T0202,optical_tracklet_to_sar_single_frame,paired_optical_object_sar_gt,GM_RM019,oty1t_obj_GM_RM019_bytetrack_bt_0001,ambiguous_or_review_only,8,3.84,3-4,linear_tracklet_interpolation,"279.643,373.323,798.722,595.088",coarse_optical_azimuth_sector_broad_range,6.7732,-27.9405,41.4869,69.4273,broad_unknown_range_prior,1075933,1064,1,1.6895,1119.6896,764.7469,148.0974,true,1201.432,true,tracklet_and_single_support_same_posthoc_containment_state,Tracklet interpolation uses optical object rows only; SAR GT validates support after extraction.,runtime_safe_optical_evidence;runtime_safe_temporal_evidence;SAR_image_observation;SAR_GT_posthoc_evidence
T0203,optical_tracklet_to_sar_single_frame,paired_optical_object_sar_gt,GM_RM019,oty1t_obj_GM_RM019_bytetrack_bt_0009,complete,27,12.96,13-13,exact_or_nearest_tracklet_frame,"665.995,441.419,799.574,585.907",coarse_optical_azimuth_sector_broad_range,23.7164,12.8713,34.5615,21.6902,broad_unknown_range_prior,336180,1704,117,2.2745,1383.9328,796.8101,85.2613,false,1144.395,false,tracklet_and_single_support_same_posthoc_containment_state,Tracklet interpolation uses optical object rows only; SAR GT validates support after extraction.,runtime_safe_optical_evidence;runtime_safe_temporal_evidence;SAR_image_observation;SAR_GT_posthoc_evidence
T0204,optical_tracklet_to_sar_single_frame,paired_optical_object_sar_gt,GM_RM019,oty1t_obj_GM_RM019_bytetrack_bt_0005,complete,27,12.96,12-13,linear_tracklet_interpolation,"0.836,317.469,351.65,594.313",coarse_optical_azimuth_sector_broad_range,-24.9896,-45.3404,-4.6388,40.7016,broad_unknown_range_prior,630844,1142,1299,2.084,967.4569,787.7815,112.9451,true,123.266,true,tracklet_and_single_support_same_posthoc_containment_state,Tracklet interpolation uses optical object rows only; SAR GT validates support after extraction.,runtime_safe_optical_evidence;runtime_safe_temporal_evidence;SAR_image_observation;SAR_GT_posthoc_evidence
T0205,optical_tracklet_to_sar_single_frame,paired_optical_object_sar_gt,GM_RM019,oty1t_obj_GM_RM019_bytetrack_bt_0005,complete,31,14.88,14-15,linear_tracklet_interpolation,"0.845,354.8,448.577,595.346",coarse_optical_azimuth_sector_broad_range,-20.7479,-45.3396,3.8438,49.1834,broad_unknown_range_prior,762171,313,297,2.0073,1033.9106,798.8383,147.6422,true,1183.791,true,tracklet_and_single_support_same_posthoc_containment_state,Tracklet interpolation uses optical object rows only; SAR GT validates support after extraction.,runtime_safe_optical_evidence;runtime_safe_temporal_evidence;SAR_image_observation;SAR_GT_posthoc_evidence
T0206,optical_tracklet_to_sar_single_frame,paired_optical_object_sar_gt,GM_RM019,oty1t_obj_GM_RM019_bytetrack_bt_0005,complete,77,36.96,36-37,linear_tracklet_interpolation,"550.467,338.524,799.489,595.099",coarse_optical_azimuth_sector_broad_range,18.6574,2.7608,34.5541,31.7933,broad_unknown_range_prior,492770,1474,37,2.1998,1312.8529,699.6362,54.3197,false,1187.382,false,tracklet_and_single_support_same_posthoc_containment_state,Tracklet interpolation uses optical object rows only; SAR GT validates support after extraction.,runtime_safe_optical_evidence;runtime_safe_temporal_evidence;SAR_image_observation;SAR_GT_posthoc_evidence
T0207,optical_tracklet_to_sar_single_frame,paired_optical_object_sar_gt,GM_RM019,oty1t_obj_GM_RM019_bytetrack_bt_0005,complete,81,38.88,38-39,linear_tracklet_interpolation,"623.583,374.611,799.445,594.606",coarse_optical_azimuth_sector_broad_range,21.8549,9.1596,34.5502,25.3906,broad_unknown_range_prior,393534,1490,41,2.1717,1350.5473,749.1849,63.4439,false,1191.654,false,tracklet_and_single_support_same_posthoc_containment_state,Tracklet interpolation uses optical object rows only; SAR GT validates support after extraction.,runtime_safe_optical_evidence;runtime_safe_temporal_evidence;SAR_image_observation;SAR_GT_posthoc_evidence
T0208,optical_tracklet_to_sar_single_frame,paired_optical_object_sar_gt,GM_RM019,oty1t_obj_GM_RM019_bytetrack_bt_0080,complete,212,101.76,101-102,linear_tracklet_interpolation,"0.354,299.913,153.953,537.773",coarse_optical_azimuth_sector_broad_range,-33.6614,-45.3826,-21.9403,23.4423,broad_unknown_range_prior,363338,523,157,2.1033,915.7668,964.8183,229.8942,false,1155.901,false,tracklet_and_single_support_same_posthoc_containment_state,Tracklet interpolation uses optical object rows only; SAR GT validates support after extraction.,runtime_safe_optical_evidence;runtime_safe_temporal_evidence;SAR_image_observation;SAR_GT_posthoc_evidence
T0209,optical_tracklet_to_sar_single_frame,paired_optical_object_sar_gt,GM_RM019,oty1t_obj_GM_RM019_bytetrack_bt_0080,complete,238,114.24,114-115,linear_tracklet_interpolation,"1.002,283.802,507.071,594.268",coarse_optical_azimuth_sector_broad_range,-18.1815,-45.3259,8.9629,54.2888,broad_unknown_range_prior,841301,1064,1,1.9118,1008.9338,891.1061,203.5352,true,1207.494,true,tracklet_and_single_support_same_posthoc_containment_state,Tracklet interpolation uses optical object rows only; SAR GT validates support after extraction.,runtime_safe_optical_evidence;runtime_safe_temporal_evidence;SAR_image_observation;SAR_GT_posthoc_evidence
T0210,optical_tracklet_to_sar_single_frame,paired_optical_object_sar_gt,GM_RM019,oty1t_obj_GM_RM019_bytetrack_bt_0080,complete,269,129.12,129-130,linear_tracklet_interpolation,"292.026,256.423,798.747,594.293",coarse_optical_azimuth_sector_broad_range,7.3162,-19.8568,34.4891,54.3459,broad_unknown_range_prior,842183,1017,5,1.96,1165.726,821.2453,168.2901,true,1221.304,true,tracklet_and_single_support_same_posthoc_containment_state,Tracklet interpolation uses optical object rows only; SAR GT validates support after extraction.,runtime_safe_optical_evidence;runtime_safe_temporal_evidence;SAR_image_observation;SAR_GT_posthoc_evidence
T0211,optical_tracklet_to_sar_single_frame,paired_optical_object_sar_gt,GM_RM019,oty1t_obj_GM_RM019_bytetrack_bt_0080,complete,273,131.04,131-132,linear_tracklet_interpolation,"371.625,258.794,798.886,594.318",coarse_optical_azimuth_sector_broad_range,10.8053,-12.8907,34.5013,47.392,broad_unknown_range_prior,734402,1017,5,2.1538,1198.7125,783.0512,133.7153,true,1224.819,true,tracklet_and_single_support_same_posthoc_containment_state,Tracklet interpolation uses optical object rows only; SAR GT validates support after extraction.,runtime_safe_optical_evidence;runtime_safe_temporal_evidence;SAR_image_observation;SAR_GT_posthoc_evidence
T0212,optical_tracklet_to_sar_single_frame,paired_optical_object_sar_gt,GM_RM019,oty1t_obj_GM_RM019_bytetrack_bt_0080,complete,288,138.24,138-139,linear_tracklet_interpolation,"650.789,368.492,799.572,595.398",coarse_optical_azimuth_sector_broad_range,23.0509,11.5405,34.5613,23.0208,broad_unknown_range_prior,356805,1421,25,2.4066,1364.8566,817.2259,111.6235,false,1196.57,false,tracklet_and_single_support_same_posthoc_containment_state,Tracklet interpolation uses optical object rows only; SAR GT validates support after extraction.,runtime_safe_optical_evidence;runtime_safe_temporal_evidence;SAR_image_observation;SAR_GT_posthoc_evidence
T0213,optical_tracklet_to_sar_single_frame,paired_optical_object_sar_gt,GM_RM019,oty1t_obj_GM_RM019_bytetrack_bt_0080,complete,290,139.2,139-140,linear_tracklet_interpolation,"688.058,394.752,799.66,594.783",coarse_optical_azimuth_sector_broad_range,24.6856,14.8021,34.569,19.7669,broad_unknown_range_prior,306371,1522,50,2.5078,1395.9941,800.1916,83.3639,false,1184.911,false,tracklet_and_single_support_same_posthoc_containment_state,Tracklet interpolation uses optical object rows only; SAR GT validates support after extraction.,runtime_safe_optical_evidence;runtime_safe_temporal_evidence;SAR_image_observation;SAR_GT_posthoc_evidence
T0214,optical_tracklet_to_sar_single_frame,paired_optical_object_sar_gt,GM_RM019,oty1t_obj_GM_RM019_bytetrack_bt_0098,edge_or_truncated,315,151.2,151-152,linear_tracklet_interpolation,"0.36,299.027,163.078,577.924",coarse_optical_azimuth_sector_broad_range,-33.2619,-52.3821,-14.1417,38.2403,broad_unknown_range_prior,592701,645,99,2.2092,882.7565,822.8219,106.3941,true,1192.717,true,tracklet_and_single_support_same_posthoc_containment_state,Tracklet interpolation uses optical object rows only; SAR GT validates support after extraction.,runtime_safe_optical_evidence;runtime_safe_temporal_evidence;SAR_image_observation;SAR_GT_posthoc_evidence
T0215,optical_tracklet_to_sar_single_frame,paired_optical_object_sar_gt,GM_RM019,oty1t_obj_GM_RM019_bytetrack_bt_0098,edge_or_truncated,317,152.16,152-153,linear_tracklet_interpolation,"0.41,296.487,195.049,589.034",coarse_optical_azimuth_sector_broad_range,-31.8607,-52.3776,-11.3438,41.0339,broad_unknown_range_prior,636000,645,99,2.085,890.3194,812.177,100.0652,true,1196.373,true,tracklet_and_single_support_same_posthoc_containment_state,Tracklet interpolation uses optical object rows only; SAR GT validates support after extraction.,runtime_safe_optical_evidence;runtime_safe_temporal_evidence;SAR_image_observation;SAR_GT_posthoc_evidence
